date,strategy_id,valuation_basis_date,cash,pending_sale_proceeds,invested_market_value,equity,drawdown,exposure,cash_ratio,open_positions,valuation_is_execution_support_only,valuation_valid,mdd_type,coverage_pct
2014-01-02,PATTERN_B_ET_REALISTIC_PORTFOLIO_V02_P1,2014-01-02,200000000.0,0.0,0.0,200000000.0,0.0,0.0,1.0,0,False,True,OBSERVED_BELOW_90_COVERAGE,21.69295140006437
2014-01-03,PATTERN_B_ET_REALISTIC_PORTFOLIO_V02_P1,2014-01-03,200000000.0,0.0,0.0,200000000.0,0.0,0.0,1.0,0,False,True,OBSERVED_BELOW_90_COVERAGE,21.69295140006437
2014-01-06,PATTERN_B_ET_REALISTIC_PORTFOLIO_V02_P1,2014-01-06,200000000.0,0.0,0.0,200000000.0,0.0,0.0,1.0,0,False,True,OBSERVED_BELOW_90_COVERAGE,21.69295140006437
2014-01-07,PATTERN_B_ET_REALISTIC_PORTFOLIO_V02_P1,2014-01-07,200000000.0,0.0,0.0,200000000.0,0.0,0.0,1.0,0,False,True,OBSERVED_BELOW_90_COVERAGE,21.69295140006437
2014-01-08,PATTERN_B_ET_REALISTIC_PORTFOLIO_V02_P1,2014-01-08,200000000.0,0.0,0.0,200000000.0,0.0,0.0,1.0,0,False,True,OBSERVED_BELOW_90_COVERAGE,21.69295140006437
2014-01-09,PATTERN_B_ET_REALISTIC_PORTFOLIO_V02_P1,2014-01-09,200000000.0,0.0,0.0,200000000.0,0.0,0.0,1.0,0,False,True,OBSERVED_BELOW_90_COVERAGE,21.69295140006437
2014-01-10,PATTERN_B_ET_REALISTIC_PORTFOLIO_V02_P1,2014-01-10,200000000.0,0.0,0.0,200000000.0,0.0,0.0,1.0,0,False,True,OBSERVED_BELOW_90_COVERAGE,21.69295140006437
2014-01-13,PATTERN_B_ET_REALISTIC_PORTFOLIO_V02_P1,2014-01-13,200000000.0,0.0,0.0,200000000.0,0.0,0.0,1.0,0,False,True,OBSERVED_BELOW_90_COVERAGE,21.69295140006437
2014-01-14,PATTERN_B_ET_REALISTIC_PORTFOLIO_V02_P1,2014-01-14,200000000.0,0.0,0.0,200000000.0,0.0,0.0,1.0,0,False,True,OBSERVED_BELOW_90_COVERAGE,21.69295140006437
2014-01-15,PATTERN_B_ET_REALISTIC_PORTFOLIO_V02_P1,2014-01-15,200000000.0,0.0,0.0,200000000.0,0.0,0.0,1.0,0,False,True,OBSERVED_BELOW_90_COVERAGE,21.69295140006437
2014-01-16,PATTERN_B_ET_REALISTIC_PORTFOLIO_V02_P1,2014-01-16,200000000.0,0.0,0.0,200000000.0,0.0,0.0,1.0,0,False,True,OBSERVED_BELOW_90_COVERAGE,21.69295140006437
2014-01-17,PATTERN_B_ET_REALISTIC_PORTFOLIO_V02_P1,2014-01-17,200000000.0,0.0,0.0,200000000.0,0.0,0.0,1.0,0,False,True,OBSERVED_BELOW_90_COVERAGE,21.69295140006437
2014-01-20,PATTERN_B_ET_REALISTIC_PORTFOLIO_V02_P1,2014-01-20,200000000.0,0.0,0.0,200000000.0,0.0,0.0,1.0,0,False,True,OBSERVED_BELOW_90_COVERAGE,21.69295140006437
2014-01-21,PATTERN_B_ET_REALISTIC_PORTFOLIO_V02_P1,2014-01-21,200000000.0,0.0,0.0,200000000.0,0.0,0.0,1.0,0,False,True,OBSERVED_BELOW_90_COVERAGE,21.69295140006437
2014-01-22,PATTERN_B_ET_REALISTIC_PORTFOLIO_V02_P1,2014-01-22,200000000.0,0.0,0.0,200000000.0,0.0,0.0,1.0,0,False,True,OBSERVED_BELOW_90_COVERAGE,21.69295140006437
2014-01-23,PATTERN_B_ET_REALISTIC_PORTFOLIO_V02_P1,2014-01-23,200000000.0,0.0,0.0,200000000.0,0.0,0.0,1.0,0,False,True,OBSERVED_BELOW_90_COVERAGE,21.69295140006437
2014-01-24,PATTERN_B_ET_REALISTIC_PORTFOLIO_V02_P1,2014-01-24,200000000.0,0.0,0.0,200000000.0,0.0,0.0,1.0,0,False,True,OBSERVED_BELOW_90_COVERAGE,21.69295140006437
2014-01-27,PATTERN_B_ET_REALISTIC_PORTFOLIO_V02_P1,2014-01-27,200000000.0,0.0,0.0,200000000.0,0.0,0.0,1.0,0,False,True,OBSERVED_BELOW_90_COVERAGE,21.69295140006437
2014-01-28,PATTERN_B_ET_REALISTIC_PORTFOLIO_V02_P1,2014-01-28,200000000.0,0.0,0.0,200000000.0,0.0,0.0,1.0,0,False,True,OBSERVED_BELOW_90_COVERAGE,21.69295140006437
2014-01-29,PATTERN_B_ET_REALISTIC_PORTFOLIO_V02_P1,2014-01-29,200000000.0,0.0,0.0,200000000.0,0.0,0.0,1.0,0,False,True,OBSERVED_BELOW_90_COVERAGE,21.69295140006437
2014-02-03,PATTERN_B_ET_REALISTIC_PORTFOLIO_V02_P1,2014-02-03,190002250.29846042,0.0,10083083.0,200085333.29846042,0.0,0.0503939136056485,0.9496060863943515,2,False,True,OBSERVED_BELOW_90_COVERAGE,21.69295140006437
2014-02-04,PATTERN_B_ET_REALISTIC_PORTFOLIO_V02_P1,2014-02-04,190002250.29846042,0.0,9832801.0,199835051.29846042,-0.001250876292999803,0.04920458616298688,0.9507954138370132,2,False,True,OBSERVED_BELOW_90_COVERAGE,21.69295140006437
2014-02-05,PATTERN_B_ET_REALISTIC_PORTFOLIO_V02_P1,2014-02-05,190002250.29846042,0.0,9862092.0,199864342.29846042,-0.001104483753791019,0.04934392942025041,0.9506560705797495,2,False,True,OBSERVED_BELOW_90_COVERAGE,21.69295140006437
2014-02-06,PATTERN_B_ET_REALISTIC_PORTFOLIO_V02_P1,2014-02-06,190002250.29846042,0.0,9879438.0,199881688.29846042,-0.0010177907427938448,0.04942642862435786,0.9505735713756421,2,False,True,OBSERVED_BELOW_90_COVERAGE,21.69295140006437
2014-02-07,PATTERN_B_ET_REALISTIC_PORTFOLIO_V02_P1,2014-02-07,190002250.29846042,0.0,10083083.0,200085333.29846042,0.0,0.0503939136056485,0.9496060863943515,2,False,True,OBSERVED_BELOW_90_COVERAGE,21.69295140006437
2014-02-10,PATTERN_B_ET_REALISTIC_PORTFOLIO_V02_P1,2014-02-10,190002250.29846042,0.0,,,,,,2,False,False,OBSERVED_BELOW_90_COVERAGE,21.69295140006437
2014-02-11,PATTERN_B_ET_REALISTIC_PORTFOLIO_V02_P1,2014-02-11,190002250.29846042,0.0,11118241.0,201120491.29846042,0.0,0.055281492841525844,0.9447185071584742,2,False,True,OBSERVED_BELOW_90_COVERAGE,21.69295140006437
2014-02-12,PATTERN_B_ET_REALISTIC_PORTFOLIO_V02_P1,2014-02-12,190002250.29846042,0.0,11118241.0,201120491.29846042,0.0,0.055281492841525844,0.9447185071584742,2,False,True,OBSERVED_BELOW_90_COVERAGE,21.69295140006437
2014-02-13,PATTERN_B_ET_REALISTIC_PORTFOLIO_V02_P1,2014-02-13,190002250.29846042,0.0,11173029.0,201175279.29846042,0.0,0.055538777124916394,0.9444612228750836,2,False,True,OBSERVED_BELOW_90_COVERAGE,21.69295140006437
2014-02-14,PATTERN_B_ET_REALISTIC_PORTFOLIO_V02_P1,2014-02-14,190002250.29846042,0.0,10797299.0,200799549.29846042,-0.0018676748023427336,0.053771530054339545,0.9462284699456605,2,False,True,OBSERVED_BELOW_90_COVERAGE,21.69295140006437
2014-02-17,PATTERN_B_ET_REALISTIC_PORTFOLIO_V02_P1,2014-02-17,190002250.29846042,0.0,10982472.0,200984722.29846042,-0.000947218766960356,0.054643317533813004,0.945356682466187,2,False,True,OBSERVED_BELOW_90_COVERAGE,21.69295140006437
2014-02-18,PATTERN_B_ET_REALISTIC_PORTFOLIO_V02_P1,2014-02-18,190002250.29846042,0.0,11059427.0,201061677.29846042,-0.0005646916479805641,0.05500514642371724,0.9449948535762828,2,False,True,OBSERVED_BELOW_90_COVERAGE,21.69295140006437
2014-02-19,PATTERN_B_ET_REALISTIC_PORTFOLIO_V02_P1,2014-02-19,190002250.29846042,0.0,10928943.0,200931193.29846042,-0.001213300167153597,0.05439147013757241,0.9456085298624276,2,False,True,OBSERVED_BELOW_90_COVERAGE,21.69295140006437
2014-02-20,PATTERN_B_ET_REALISTIC_PORTFOLIO_V02_P1,2014-02-20,190002250.29846042,0.0,10666153.0,200668403.29846042,-0.002519573984276713,0.053153126375037205,0.9468468736249628,2,False,True,OBSERVED_BELOW_90_COVERAGE,21.69295140006437
2014-02-21,PATTERN_B_ET_REALISTIC_PORTFOLIO_V02_P1,2014-02-21,190002250.29846042,0.0,10771836.0,200774086.29846042,-0.0019942460196851197,0.053651525446302584,0.9463484745536974,2,False,True,OBSERVED_BELOW_90_COVERAGE,21.69295140006437
2014-02-24,PATTERN_B_ET_REALISTIC_PORTFOLIO_V02_P1,2014-02-24,190002250.29846042,0.0,10904490.0,200906740.29846042,-0.0013348508869303055,0.05427637710810822,0.9457236228918918,2,False,True,OBSERVED_BELOW_90_COVERAGE,21.69295140006437
2014-02-25,PATTERN_B_ET_REALISTIC_PORTFOLIO_V02_P1,2014-02-25,190002250.29846042,0.0,10732074.0,200734324.29846042,-0.002191894558504881,0.05346407017089459,0.9465359298291054,2,False,True,OBSERVED_BELOW_90_COVERAGE,21.69295140006437
2014-02-26,PATTERN_B_ET_REALISTIC_PORTFOLIO_V02_P1,2014-02-26,190002250.29846042,0.0,10969152.0,200971402.29846042,-0.0010134296853517855,0.05458066110177125,0.9454193388982287,2,False,True,OBSERVED_BELOW_90_COVERAGE,21.69295140006437
2014-02-27,PATTERN_B_ET_REALISTIC_PORTFOLIO_V02_P1,2014-02-27,190002250.29846042,0.0,11035769.0,201038019.29846042,-0.0006822905899703802,0.054893940153759334,0.9451060598462406,2,False,True,OBSERVED_BELOW_90_COVERAGE,21.69295140006437
2014-02-28,PATTERN_B_ET_REALISTIC_PORTFOLIO_V02_P1,2014-02-28,190002250.29846042,0.0,11226326.0,201228576.29846042,0.0,0.055788925243645385,0.9442110747563546,2,False,True,OBSERVED_BELOW_90_COVERAGE,21.69295140006437
2014-03-03,PATTERN_B_ET_REALISTIC_PORTFOLIO_V02_P1,2014-03-03,185009434.40839842,11218348.732239451,4867380.0,201095163.14063787,-0.0006629931010626589,0.024204361377881328,0.9757956386221187,1,False,True,OBSERVED_BELOW_90_COVERAGE,21.69295140006437
2014-03-04,PATTERN_B_ET_REALISTIC_PORTFOLIO_V02_P1,2014-03-04,196227783.14063787,0.0,4867380.0,201095163.14063787,-0.0006629931010626589,0.024204361377881328,0.9757956386221187,1,False,True,OBSERVED_BELOW_90_COVERAGE,21.69295140006437
2014-03-05,PATTERN_B_ET_REALISTIC_PORTFOLIO_V02_P1,2014-03-05,196227783.14063787,0.0,4901400.0,201129183.14063787,-0.000493931625670907,0.02436941235212365,0.9756305876478764,1,False,True,OBSERVED_BELOW_90_COVERAGE,21.69295140006437
2014-03-06,PATTERN_B_ET_REALISTIC_PORTFOLIO_V02_P1,2014-03-06,196227783.14063787,0.0,4847220.0,201075003.14063787,-0.0007631776790726352,0.02410652703861807,0.975893472961382,1,False,True,OBSERVED_BELOW_90_COVERAGE,21.69295140006437
2014-03-07,PATTERN_B_ET_REALISTIC_PORTFOLIO_V02_P1,2014-03-07,196227783.14063787,0.0,4901400.0,201129183.14063787,-0.000493931625670907,0.02436941235212365,0.9756305876478764,1,False,True,OBSERVED_BELOW_90_COVERAGE,21.69295140006437
2014-03-10,PATTERN_B_ET_REALISTIC_PORTFOLIO_V02_P1,2014-03-10,196227783.14063787,0.0,4960620.0,201188403.14063787,-0.00019963942776679566,0.02465659015411713,0.9753434098458829,1,False,True,OBSERVED_BELOW_90_COVERAGE,21.69295140006437
2014-03-11,PATTERN_B_ET_REALISTIC_PORTFOLIO_V02_P1,2014-03-11,196227783.14063787,0.0,4934160.0,201161943.14063787,-0.0003311316864048619,0.024528297564467214,0.9754717024355328,1,False,True,OBSERVED_BELOW_90_COVERAGE,21.69295140006437
2014-03-12,PATTERN_B_ET_REALISTIC_PORTFOLIO_V02_P1,2014-03-12,196227783.14063787,0.0,4867380.0,201095163.14063787,-0.0006629931010626589,0.024204361377881328,0.9757956386221187,1,False,True,OBSERVED_BELOW_90_COVERAGE,21.69295140006437
2014-03-13,PATTERN_B_ET_REALISTIC_PORTFOLIO_V02_P1,2014-03-13,196227783.14063787,0.0,4873680.0,201101463.14063787,-0.000631685420434569,0.024234930586216823,0.9757650694137832,1,False,True,OBSERVED_BELOW_90_COVERAGE,21.69295140006437
2014-03-14,PATTERN_B_ET_REALISTIC_PORTFOLIO_V02_P1,2014-03-14,196227783.14063787,0.0,4820760.0,201048543.14063787,-0.0008946699377107015,0.023978089692635936,0.9760219103073641,1,False,True,OBSERVED_BELOW_90_COVERAGE,21.69295140006437
2014-03-17,PATTERN_B_ET_REALISTIC_PORTFOLIO_V02_P1,2014-03-17,196227783.14063787,0.0,4701060.0,200928843.14063787,-0.001489515869644631,0.023396640952685652,0.9766033590473143,1,False,True,OBSERVED_BELOW_90_COVERAGE,21.69295140006437
2014-03-18,PATTERN_B_ET_REALISTIC_PORTFOLIO_V02_P1,2014-03-18,196227783.14063787,0.0,4788000.0,201015783.14063787,-0.0010574698769767465,0.023819025178983797,0.9761809748210162,1,False,True,OBSERVED_BELOW_90_COVERAGE,21.69295140006437
2014-03-19,PATTERN_B_ET_REALISTIC_PORTFOLIO_V02_P1,2014-03-19,196227783.14063787,0.0,4814460.0,201042243.14063787,-0.0009259776183387913,0.023947504389075454,0.9760524956109246,1,False,True,OBSERVED_BELOW_90_COVERAGE,21.69295140006437
2014-03-20,PATTERN_B_ET_REALISTIC_PORTFOLIO_V02_P1,2014-03-20,196227783.14063787,0.0,4800600.0,201028383.14063787,-0.0009948545157205668,0.02388020997334261,0.9761197900266574,1,False,True,OBSERVED_BELOW_90_COVERAGE,21.69295140006437
2014-03-21,PATTERN_B_ET_REALISTIC_PORTFOLIO_V02_P1,2014-03-21,196227783.14063787,0.0,4827060.0,201054843.14063787,-0.0008633622570826116,0.024008673079431723,0.9759913269205682,1,False,True,OBSERVED_BELOW_90_COVERAGE,21.69295140006437
2014-03-24,PATTERN_B_ET_REALISTIC_PORTFOLIO_V02_P1,2014-03-24,196227783.14063787,0.0,4800600.0,201028383.14063787,-0.0009948545157205668,0.02388020997334261,0.9761197900266574,1,False,True,OBSERVED_BELOW_90_COVERAGE,21.69295140006437
2014-03-25,PATTERN_B_ET_REALISTIC_PORTFOLIO_V02_P1,2014-03-25,196227783.14063787,0.0,4753980.0,200981763.14063787,-0.0012265313523684984,0.023653787914445657,0.9763462120855544,1,False,True,OBSERVED_BELOW_90_COVERAGE,21.69295140006437
2014-03-26,PATTERN_B_ET_REALISTIC_PORTFOLIO_V02_P1,2014-03-26,196227783.14063787,0.0,4721220.0,200949003.14063787,-0.0013893312916346545,0.023494617670214404,0.9765053823297856,1,False,True,OBSERVED_BELOW_90_COVERAGE,21.69295140006437
2014-03-27,PATTERN_B_ET_REALISTIC_PORTFOLIO_V02_P1,2014-03-27,196227783.14063787,0.0,4721220.0,200949003.14063787,-0.0013893312916346545,0.023494617670214404,0.9765053823297856,1,False,True,OBSERVED_BELOW_90_COVERAGE,21.69295140006437
2014-03-28,PATTERN_B_ET_REALISTIC_PORTFOLIO_V02_P1,2014-03-28,196227783.14063787,0.0,4760280.0,200988063.14063787,-0.0011952236717404086,0.023684391628119115,0.9763156083718809,1,False,True,OBSERVED_BELOW_90_COVERAGE,21.69295140006437
2014-03-31,PATTERN_B_ET_REALISTIC_PORTFOLIO_V02_P1,2014-03-31,196227783.14063787,0.0,4780440.0,201008223.14063787,-0.0010950390937305432,0.023782310620473007,0.976217689379527,1,False,True,OBSERVED_BELOW_90_COVERAGE,21.69295140006437
2014-04-01,PATTERN_B_ET_REALISTIC_PORTFOLIO_V02_P1,2014-04-01,196227783.14063787,0.0,4767840.0,200995623.14063787,-0.001157654454986723,0.023721113552129008,0.976278886447871,1,False,True,OBSERVED_BELOW_90_COVERAGE,21.69295140006437
2014-04-02,PATTERN_B_ET_REALISTIC_PORTFOLIO_V02_P1,2014-04-02,196227783.14063787,0.0,4767840.0,200995623.14063787,-0.001157654454986723,0.023721113552129008,0.976278886447871,1,False,True,OBSERVED_BELOW_90_COVERAGE,21.69295140006437
2014-04-03,PATTERN_B_ET_REALISTIC_PORTFOLIO_V02_P1,2014-04-03,196227783.14063787,0.0,4788000.0,201015783.14063787,-0.0010574698769767465,0.023819025178983797,0.9761809748210162,1,False,True,OBSERVED_BELOW_90_COVERAGE,21.69295140006437
2014-04-04,PATTERN_B_ET_REALISTIC_PORTFOLIO_V02_P1,2014-04-04,196227783.14063787,0.0,4788000.0,201015783.14063787,-0.0010574698769767465,0.023819025178983797,0.9761809748210162,1,False,True,OBSERVED_BELOW_90_COVERAGE,21.69295140006437
2014-04-07,PATTERN_B_ET_REALISTIC_PORTFOLIO_V02_P1,2014-04-07,196227783.14063787,0.0,4774140.0,201001923.14063787,-0.001126346774358633,0.023751713045350367,0.9762482869546496,1,False,True,OBSERVED_BELOW_90_COVERAGE,21.69295140006437
2014-04-08,PATTERN_B_ET_REALISTIC_PORTFOLIO_V02_P1,2014-04-08,196227783.14063787,0.0,4800600.0,201028383.14063787,-0.0009948545157205668,0.02388020997334261,0.9761197900266574,1,False,True,OBSERVED_BELOW_90_COVERAGE,21.69295140006437
2014-04-09,PATTERN_B_ET_REALISTIC_PORTFOLIO_V02_P1,2014-04-09,196227783.14063787,0.0,4693500.0,200921283.14063787,-0.0015270850863983165,0.023359894614622356,0.9766401053853776,1,False,True,OBSERVED_BELOW_90_COVERAGE,21.69295140006437
2014-04-10,PATTERN_B_ET_REALISTIC_PORTFOLIO_V02_P1,2014-04-10,196227783.14063787,0.0,4654440.0,200882223.14063787,-0.0017211927062925625,0.023169994473534978,0.976830005526465,1,False,True,OBSERVED_BELOW_90_COVERAGE,21.69295140006437
2014-04-11,PATTERN_B_ET_REALISTIC_PORTFOLIO_V02_P1,2014-04-11,196227783.14063787,0.0,4654440.0,200882223.14063787,-0.0017211927062925625,0.023169994473534978,0.976830005526465,1,False,True,OBSERVED_BELOW_90_COVERAGE,21.69295140006437
2014-04-14,PATTERN_B_ET_REALISTIC_PORTFOLIO_V02_P1,2014-04-14,196227783.14063787,0.0,4239900.0,200467683.14063787,-0.003781238091621786,0.021150042408708356,0.9788499575912917,1,False,True,OBSERVED_BELOW_90_COVERAGE,21.69295140006437
2014-04-15,PATTERN_B_ET_REALISTIC_PORTFOLIO_V02_P1,2014-04-15,196227783.14063787,0.0,4112640.0,200340423.14063787,-0.004413653240309401,0.020528258528799,0.979471741471201,1,False,True,OBSERVED_BELOW_90_COVERAGE,21.69295140006437
2014-04-16,PATTERN_B_ET_REALISTIC_PORTFOLIO_V02_P1,2014-04-16,196227783.14063787,0.0,3499020.0,199726803.14063787,-0.007463021333486641,0.017519030720860036,0.98248096927914,1,False,True,OBSERVED_BELOW_90_COVERAGE,21.69295140006437
2014-04-17,PATTERN_B_ET_REALISTIC_PORTFOLIO_V02_P1,2014-04-17,196227783.14063787,0.0,3084480.0,199312263.14063787,-0.009523066718815754,0.015475615756886682,0.9845243842431133,1,False,True,OBSERVED_BELOW_90_COVERAGE,21.69295140006437
2014-04-18,PATTERN_B_ET_REALISTIC_PORTFOLIO_V02_P1,2014-04-18,196227783.14063787,0.0,2637180.0,198864963.14063787,-0.011745912043411022,0.01326115952428975,0.9867388404757103,1,False,True,OBSERVED_BELOW_90_COVERAGE,21.69295140006437
2014-04-21,PATTERN_B_ET_REALISTIC_PORTFOLIO_V02_P1,2014-04-21,196227783.14063787,0.0,2724120.0,198951903.14063787,-0.011313866050743249,0.013692354569105763,0.9863076454308942,1,False,True,OBSERVED_BELOW_90_COVERAGE,21.69295140006437
2014-04-22,PATTERN_B_ET_REALISTIC_PORTFOLIO_V02_P1,2014-04-22,196227783.14063787,0.0,2750580.0,198978363.14063787,-0.011182373792105182,0.013823513052300519,0.9861764869476994,1,False,True,OBSERVED_BELOW_90_COVERAGE,21.69295140006437
2014-04-23,PATTERN_B_ET_REALISTIC_PORTFOLIO_V02_P1,2014-04-23,196227783.14063787,0.0,3157560.0,199385343.14063787,-0.009159897623529756,0.015836469974489512,0.9841635300255105,1,False,True,OBSERVED_BELOW_90_COVERAGE,21.69295140006437
2014-04-24,PATTERN_B_ET_REALISTIC_PORTFOLIO_V02_P1,2014-04-24,196227783.14063787,0.0,3337740.0,199565523.14063787,-0.008264497957566008,0.0167250331994862,0.9832749668005138,1,False,True,OBSERVED_BELOW_90_COVERAGE,21.69295140006437
2014-04-25,PATTERN_B_ET_REALISTIC_PORTFOLIO_V02_P1,2014-04-25,196227783.14063787,0.0,3090780.0,199318563.14063787,-0.009491759038187664,0.01550673430160725,0.9844932656983928,1,False,True,OBSERVED_BELOW_90_COVERAGE,21.69295140006437
2014-04-28,PATTERN_B_ET_REALISTIC_PORTFOLIO_V02_P1,2014-04-28,196227783.14063787,0.0,3331440.0,199559223.14063787,-0.008295805638194098,0.016693991625995618,0.9833060083740044,1,False,True,OBSERVED_BELOW_90_COVERAGE,21.69295140006437
2014-04-29,PATTERN_B_ET_REALISTIC_PORTFOLIO_V02_P1,2014-04-29,196227783.14063787,0.0,3231900.0,199459683.14063787,-0.008790466992118162,0.016203274511978474,0.9837967254880216,1,False,True,OBSERVED_BELOW_90_COVERAGE,21.69295140006437
2014-04-30,PATTERN_B_ET_REALISTIC_PORTFOLIO_V02_P1,2014-04-30,196227783.14063787,0.0,3218040.0,199445823.14063787,-0.008859343889500049,0.016134907963105453,0.9838650920368945,1,False,True,OBSERVED_BELOW_90_COVERAGE,21.69295140006437
2014-05-02,PATTERN_B_ET_REALISTIC_PORTFOLIO_V02_P1,2014-05-02,196227783.14063787,0.0,3258360.0,199486143.14063787,-0.008658974733480096,0.016333766088719524,0.9836662339112805,1,False,True,OBSERVED_BELOW_90_COVERAGE,21.69295140006437
2014-05-07,PATTERN_B_ET_REALISTIC_PORTFOLIO_V02_P1,2014-05-07,196227783.14063787,0.0,3064320.0,199292103.14063787,-0.00962325129682573,0.015376023192637736,0.9846239768073622,1,False,True,OBSERVED_BELOW_90_COVERAGE,21.69295140006437
2014-05-08,PATTERN_B_ET_REALISTIC_PORTFOLIO_V02_P1,2014-05-08,196227783.14063787,0.0,2918160.0,199145943.14063787,-0.010349589487397726,0.014653374073200078,0.9853466259267999,1,False,True,OBSERVED_BELOW_90_COVERAGE,21.69295140006437
2014-05-09,PATTERN_B_ET_REALISTIC_PORTFOLIO_V02_P1,2014-05-09,196227783.14063787,0.0,2890440.0,199118223.14063787,-0.010487343282161388,0.014516200247319767,0.9854837997526802,1,False,True,OBSERVED_BELOW_90_COVERAGE,21.69295140006437
2014-05-12,PATTERN_B_ET_REALISTIC_PORTFOLIO_V02_P1,2014-05-12,196227783.14063787,0.0,2904300.0,199132083.14063787,-0.010418466384779501,0.01458479193404925,0.9854152080659507,1,False,True,OBSERVED_BELOW_90_COVERAGE,21.69295140006437
2014-05-13,PATTERN_B_ET_REALISTIC_PORTFOLIO_V02_P1,2014-05-13,196227783.14063787,0.0,2898000.0,199125783.14063787,-0.010449774065407591,0.014553615078330718,0.9854463849216692,1,False,True,OBSERVED_BELOW_90_COVERAGE,21.69295140006437
2014-05-14,PATTERN_B_ET_REALISTIC_PORTFOLIO_V02_P1,2014-05-14,196227783.14063787,0.0,2997540.0,199225323.14063787,-0.009955112711483638,0.015045978858239651,0.9849540211417603,1,False,True,OBSERVED_BELOW_90_COVERAGE,21.69295140006437
2014-05-15,PATTERN_B_ET_REALISTIC_PORTFOLIO_V02_P1,2014-05-15,196227783.14063787,0.0,3252060.0,199479843.14063787,-0.008690282414108297,0.01630269980565015,0.9836973001943499,1,False,True,OBSERVED_BELOW_90_COVERAGE,21.69295140006437
2014-05-16,PATTERN_B_ET_REALISTIC_PORTFOLIO_V02_P1,2014-05-16,196227783.14063787,0.0,3144960.0,199372743.14063787,-0.009222512984785936,0.01577427260345984,0.9842257273965401,1,False,True,OBSERVED_BELOW_90_COVERAGE,21.69295140006437
2014-05-19,PATTERN_B_ET_REALISTIC_PORTFOLIO_V02_P1,2014-05-19,196227783.14063787,0.0,3090780.0,199318563.14063787,-0.009491759038187664,0.01550673430160725,0.9844932656983928,1,False,True,OBSERVED_BELOW_90_COVERAGE,21.69295140006437
2014-05-20,PATTERN_B_ET_REALISTIC_PORTFOLIO_V02_P1,2014-05-20,196227783.14063787,0.0,3104640.0,199332423.14063787,-0.009422882140805888,0.01557518817603265,0.9844248118239673,1,False,True,OBSERVED_BELOW_90_COVERAGE,21.69295140006437
2014-05-21,PATTERN_B_ET_REALISTIC_PORTFOLIO_V02_P1,2014-05-21,196227783.14063787,0.0,3157560.0,199385343.14063787,-0.009159897623529756,0.015836469974489512,0.9841635300255105,1,False,True,OBSERVED_BELOW_90_COVERAGE,21.69295140006437
2014-05-22,PATTERN_B_ET_REALISTIC_PORTFOLIO_V02_P1,2014-05-22,196227783.14063787,0.0,2910600.0,199138383.14063787,-0.010387158704151411,0.014615966817127573,0.9853840331828724,1,False,True,OBSERVED_BELOW_90_COVERAGE,21.69295140006437
2014-05-23,PATTERN_B_ET_REALISTIC_PORTFOLIO_V02_P1,2014-05-23,196227783.14063787,0.0,2991240.0,199219023.14063787,-0.009986420392111728,0.01501483117848814,0.9849851688215119,1,False,True,OBSERVED_BELOW_90_COVERAGE,21.69295140006437
2014-05-26,PATTERN_B_ET_REALISTIC_PORTFOLIO_V02_P1,2014-05-26,196227783.14063787,0.0,2937060.0,199164843.14063787,-0.010255666445513345,0.01474687978905007,0.9852531202109499,1,False,True,OBSERVED_BELOW_90_COVERAGE,21.69295140006437
2014-05-27,PATTERN_B_ET_REALISTIC_PORTFOLIO_V02_P1,2014-05-27,196227783.14063787,0.0,2843820.0,199071603.14063787,-0.01071902011880932,0.014285412661246968,0.9857145873387531,1,False,True,OBSERVED_BELOW_90_COVERAGE,21.69295140006437
2014-05-28,PATTERN_B_ET_REALISTIC_PORTFOLIO_V02_P1,2014-05-28,196227783.14063787,0.0,3264660.0,199492443.14063787,-0.008627667052852006,0.016364830409633536,0.9836351695903665,1,False,True,OBSERVED_BELOW_90_COVERAGE,21.69295140006437
2014-05-29,PATTERN_B_ET_REALISTIC_PORTFOLIO_V02_P1,2014-05-29,196227783.14063787,0.0,3725820.0,199953603.14063787,-0.006335944830874962,0.01863342266145329,0.9813665773385467,1,False,True,OBSERVED_BELOW_90_COVERAGE,21.69295140006437
2014-05-30,PATTERN_B_ET_REALISTIC_PORTFOLIO_V02_P1,2014-05-30,196227783.14063787,0.0,4272660.0,200500443.14063787,-0.0036184381523556297,0.021309977838817093,0.978690022161183,1,False,True,OBSERVED_BELOW_90_COVERAGE,21.69295140006437
2014-06-02,PATTERN_B_ET_REALISTIC_PORTFOLIO_V02_P1,2014-06-02,191233329.3689305,0.0,8880690.0,200114019.3689305,-0.005538760697073375,0.0443781501566242,0.9556218498433758,2,False,True,OBSERVED_BELOW_90_COVERAGE,21.69295140006437
2014-06-03,PATTERN_B_ET_REALISTIC_PORTFOLIO_V02_P1,2014-06-03,191233329.3689305,0.0,8675220.0,199908549.3689305,-0.0065598383381298975,0.043395942931834866,0.9566040570681651,2,False,True,OBSERVED_BELOW_90_COVERAGE,21.69295140006437
2014-06-05,PATTERN_B_ET_REALISTIC_PORTFOLIO_V02_P1,2014-06-05,191233329.3689305,0.0,8564070.0,199797399.3689305,-0.007112195274925681,0.04286377113541027,0.9571362288645897,2,False,True,OBSERVED_BELOW_90_COVERAGE,21.69295140006437
2014-06-09,PATTERN_B_ET_REALISTIC_PORTFOLIO_V02_P1,2014-06-09,191233329.3689305,0.0,8401620.0,199634949.3689305,-0.00791948618255034,0.042084915625037134,0.9579150843749629,2,False,True,OBSERVED_BELOW_90_COVERAGE,21.69295140006437
2014-06-10,PATTERN_B_ET_REALISTIC_PORTFOLIO_V02_P1,2014-06-10,191233329.3689305,0.0,8804190.0,200037519.3689305,-0.005918925390414609,0.04401269335760146,0.9559873066423985,2,False,True,OBSERVED_BELOW_90_COVERAGE,21.69295140006437
2014-06-11,PATTERN_B_ET_REALISTIC_PORTFOLIO_V02_P1,2014-06-11,191233329.3689305,0.0,8859210.0,200092539.3689305,-0.005645504979595817,0.04427556383631773,0.9557244361636823,2,False,True,OBSERVED_BELOW_90_COVERAGE,21.69295140006437
2014-06-12,PATTERN_B_ET_REALISTIC_PORTFOLIO_V02_P1,2014-06-12,191233329.3689305,0.0,8951460.0,200184789.3689305,-0.005187071084684303,0.04471598480693211,0.9552840151930679,2,False,True,OBSERVED_BELOW_90_COVERAGE,21.69295140006437
2014-06-13,PATTERN_B_ET_REALISTIC_PORTFOLIO_V02_P1,2014-06-13,191233329.3689305,0.0,8878530.0,200111859.3689305,-0.005549494759003015,0.04436783520976312,0.9556321647902368,2,False,True,OBSERVED_BELOW_90_COVERAGE,21.69295140006437
2014-06-16,PATTERN_B_ET_REALISTIC_PORTFOLIO_V02_P1,2014-06-16,191233329.3689305,0.0,8874960.0,200108289.3689305,-0.005567235778025537,0.04435078640664227,0.9556492135933577,2,False,True,OBSERVED_BELOW_90_COVERAGE,21.69295140006437
2014-06-17,PATTERN_B_ET_REALISTIC_PORTFOLIO_V02_P1,2014-06-17,191233329.3689305,0.0,8744280.0,199977609.3689305,-0.006216646524768499,0.043726295296730125,0.9562737047032699,2,False,True,OBSERVED_BELOW_90_COVERAGE,21.69295140006437
2014-06-18,PATTERN_B_ET_REALISTIC_PORTFOLIO_V02_P1,2014-06-18,191233329.3689305,0.0,8824920.0,200058249.3689305,-0.005815908212728815,0.04411175259124571,0.9558882474087543,2,False,True,OBSERVED_BELOW_90_COVERAGE,21.69295140006437
2014-06-19,PATTERN_B_ET_REALISTIC_PORTFOLIO_V02_P1,2014-06-19,191233329.3689305,0.0,8741700.0,199975029.3689305,-0.006229467765406671,0.04371395782556725,0.9562860421744327,2,False,True,OBSERVED_BELOW_90_COVERAGE,21.69295140006437
2014-06-20,PATTERN_B_ET_REALISTIC_PORTFOLIO_V02_P1,2014-06-20,191233329.3689305,0.0,8715090.0,199948419.3689305,-0.0063617054450120225,0.0435866911451775,0.9564133088548225,2,False,True,OBSERVED_BELOW_90_COVERAGE,21.69295140006437
2014-06-23,PATTERN_B_ET_REALISTIC_PORTFOLIO_V02_P1,2014-06-23,191233329.3689305,0.0,8571930.0,199805259.3689305,-0.007073135216237314,0.042901423251188585,0.9570985767488114,2,False,True,OBSERVED_BELOW_90_COVERAGE,21.69295140006437
2014-06-24,PATTERN_B_ET_REALISTIC_PORTFOLIO_V02_P1,2014-06-24,191233329.3689305,0.0,8560500.0,199793829.3689305,-0.0071299362939483135,0.04284666862354671,0.9571533313764533,2,False,True,OBSERVED_BELOW_90_COVERAGE,21.69295140006437
2014-06-25,PATTERN_B_ET_REALISTIC_PORTFOLIO_V02_P1,2014-06-25,191233329.3689305,0.0,,,,,,2,False,False,OBSERVED_BELOW_90_COVERAGE,21.69295140006437
2014-06-26,PATTERN_B_ET_REALISTIC_PORTFOLIO_V02_P1,2014-06-26,191233329.3689305,0.0,,,,,,2,False,False,OBSERVED_BELOW_90_COVERAGE,21.69295140006437
2014-06-27,PATTERN_B_ET_REALISTIC_PORTFOLIO_V02_P1,2014-06-27,191233329.3689305,0.0,8604420.0,199837749.3689305,-0.006911677034712405,0.04305703015157036,0.9569429698484296,2,False,True,OBSERVED_BELOW_90_COVERAGE,21.69295140006437
2014-06-30,PATTERN_B_ET_REALISTIC_PORTFOLIO_V02_P1,2014-06-30,191233329.3689305,0.0,8451540.0,199684869.3689305,-0.007671410084621022,0.04232438855637701,0.957675611443623,2,False,True,OBSERVED_BELOW_90_COVERAGE,21.69295140006437
2014-07-01,PATTERN_B_ET_REALISTIC_PORTFOLIO_V02_P1,2014-07-01,176244310.55431065,5020001.1068669995,18739645.0,200003956.66117764,-0.006085714364278183,0.09369637137602446,0.9063036286239755,4,False,True,OBSERVED_BELOW_90_COVERAGE,21.69295140006437
2014-07-02,PATTERN_B_ET_REALISTIC_PORTFOLIO_V02_P1,2014-07-02,181264311.66117764,0.0,18761484.0,200025795.66117764,-0.005977186040907245,0.09379532243821169,0.9062046775617884,4,False,True,OBSERVED_BELOW_90_COVERAGE,21.69295140006437
2014-07-03,PATTERN_B_ET_REALISTIC_PORTFOLIO_V02_P1,2014-07-03,181264311.66117764,0.0,19231825.0,200496136.66117764,-0.0036398390862559804,0.09592117494263862,0.9040788250573614,4,False,True,OBSERVED_BELOW_90_COVERAGE,21.69295140006437
2014-07-04,PATTERN_B_ET_REALISTIC_PORTFOLIO_V02_P1,2014-07-04,181264311.66117764,0.0,19219040.0,200483351.66117764,-0.0037033738000386007,0.0958635210392966,0.9041364789607034,4,False,True,OBSERVED_BELOW_90_COVERAGE,21.69295140006437
2014-07-07,PATTERN_B_ET_REALISTIC_PORTFOLIO_V02_P1,2014-07-07,181264311.66117764,0.0,19203519.0,200467830.66117764,-0.0037805049922654543,0.09579351927271057,0.9042064807272894,4,False,True,OBSERVED_BELOW_90_COVERAGE,21.69295140006437
2014-07-08,PATTERN_B_ET_REALISTIC_PORTFOLIO_V02_P1,2014-07-08,181264311.66117764,0.0,19665554.0,200929865.66117764,-0.0014844344813121912,0.09787272755739293,0.902127272442607,4,False,True,OBSERVED_BELOW_90_COVERAGE,21.69295140006437
2014-07-09,PATTERN_B_ET_REALISTIC_PORTFOLIO_V02_P1,2014-07-09,181264311.66117764,0.0,,,,,,4,False,False,OBSERVED_BELOW_90_COVERAGE,21.69295140006437
2014-07-10,PATTERN_B_ET_REALISTIC_PORTFOLIO_V02_P1,2014-07-10,181264311.66117764,0.0,20017356.0,201281667.66117764,0.0,0.09944947412546137,0.9005505258745387,4,False,True,OBSERVED_BELOW_90_COVERAGE,21.69295140006437
2014-07-11,PATTERN_B_ET_REALISTIC_PORTFOLIO_V02_P1,2014-07-11,181264311.66117764,0.0,19714190.0,200978501.66117764,-0.0015061779024522215,0.09809103877804522,0.9019089612219547,4,False,True,OBSERVED_BELOW_90_COVERAGE,21.69295140006437
2014-07-14,PATTERN_B_ET_REALISTIC_PORTFOLIO_V02_P1,2014-07-14,181264311.66117764,0.0,19604975.0,200869286.66117764,-0.002048775751869125,0.09760066023965767,0.9023993397603424,4,False,True,OBSERVED_BELOW_90_COVERAGE,21.69295140006437
2014-07-15,PATTERN_B_ET_REALISTIC_PORTFOLIO_V02_P1,2014-07-15,181264311.66117764,0.0,19931111.0,201195422.66117764,-0.00042847916058197377,0.09906344158517418,0.9009365584148258,4,False,True,OBSERVED_BELOW_90_COVERAGE,21.69295140006437
2014-07-16,PATTERN_B_ET_REALISTIC_PORTFOLIO_V02_P1,2014-07-16,181264311.66117764,0.0,20112161.0,201376472.66117764,0.0,0.09987343970335281,0.9001265602966472,4,False,True,OBSERVED_BELOW_90_COVERAGE,21.69295140006437
2014-07-17,PATTERN_B_ET_REALISTIC_PORTFOLIO_V02_P1,2014-07-17,181264311.66117764,0.0,19912482.0,201176793.66117764,-0.0009915706505395638,0.09898001473040992,0.90101998526959,4,False,True,OBSERVED_BELOW_90_COVERAGE,21.69295140006437
2014-07-18,PATTERN_B_ET_REALISTIC_PORTFOLIO_V02_P1,2014-07-18,181264311.66117764,0.0,19444424.0,200708735.66117764,-0.0033158640191472966,0.0968788126533003,0.9031211873466997,4,False,True,OBSERVED_BELOW_90_COVERAGE,21.69295140006437
2014-07-21,PATTERN_B_ET_REALISTIC_PORTFOLIO_V02_P1,2014-07-21,181264311.66117764,0.0,20166092.0,201430403.66117764,0.0,0.10011443969462033,0.8998855603053797,4,False,True,OBSERVED_BELOW_90_COVERAGE,21.69295140006437
2014-07-22,PATTERN_B_ET_REALISTIC_PORTFOLIO_V02_P1,2014-07-22,181264311.66117764,0.0,19940125.0,201204436.66117764,-0.0011218117816022,0.09910380372764138,0.9008961962723586,4,False,True,OBSERVED_BELOW_90_COVERAGE,21.69295140006437
2014-07-23,PATTERN_B_ET_REALISTIC_PORTFOLIO_V02_P1,2014-07-23,181264311.66117764,0.0,20413591.0,201677902.66117764,0.0,0.10121877870921331,0.8987812212907867,4,False,True,OBSERVED_BELOW_90_COVERAGE,21.69295140006437
2014-07-24,PATTERN_B_ET_REALISTIC_PORTFOLIO_V02_P1,2014-07-24,181264311.66117764,0.0,20425989.0,201690300.66117764,0.0,0.10127402722411478,0.8987259727758852,4,False,True,OBSERVED_BELOW_90_COVERAGE,21.69295140006437
2014-07-25,PATTERN_B_ET_REALISTIC_PORTFOLIO_V02_P1,2014-07-25,181264311.66117764,0.0,20649123.0,201913434.66117764,0.0,0.10226720690800202,0.8977327930919979,4,False,True,OBSERVED_BELOW_90_COVERAGE,21.69295140006437
2014-07-28,PATTERN_B_ET_REALISTIC_PORTFOLIO_V02_P1,2014-07-28,181264311.66117764,0.0,20425952.0,201690263.66117764,-0.0011052805890529038,0.10127386235318651,0.8987261376468135,4,False,True,OBSERVED_BELOW_90_COVERAGE,21.69295140006437
2014-07-29,PATTERN_B_ET_REALISTIC_PORTFOLIO_V02_P1,2014-07-29,181264311.66117764,0.0,19872708.0,201137019.66117764,-0.0038452864778555362,0.09880184181647055,0.9011981581835294,4,False,True,OBSERVED_BELOW_90_COVERAGE,21.69295140006437
2014-07-30,PATTERN_B_ET_REALISTIC_PORTFOLIO_V02_P1,2014-07-30,181264311.66117764,0.0,19446973.0,200711284.66117764,-0.005953789068158244,0.09689028214247443,0.9031097178575256,4,False,True,OBSERVED_BELOW_90_COVERAGE,21.69295140006437
2014-07-31,PATTERN_B_ET_REALISTIC_PORTFOLIO_V02_P1,2014-07-31,181264311.66117764,0.0,18969134.0,200233445.66117764,-0.008320342838103456,0.09473509251845152,0.9052649074815484,4,False,True,OBSERVED_BELOW_90_COVERAGE,21.69295140006437
2014-08-01,PATTERN_B_ET_REALISTIC_PORTFOLIO_V02_P1,2014-08-01,171279938.32679218,5116110.4683,24002329.0,200398377.79509217,-0.007503497073524712,0.11977307034162941,0.8802269296583706,5,False,True,OBSERVED_BELOW_90_COVERAGE,21.69295140006437
2014-08-04,PATTERN_B_ET_REALISTIC_PORTFOLIO_V02_P1,2014-08-04,176396048.79509217,0.0,24066137.0,200462185.79509217,-0.0071874804592411135,0.1200532504649024,0.8799467495350975,5,False,True,OBSERVED_BELOW_90_COVERAGE,21.69295140006437
2014-08-05,PATTERN_B_ET_REALISTIC_PORTFOLIO_V02_P1,2014-08-05,176396048.79509217,0.0,24555682.0,200951730.79509217,-0.004762951349419953,0.12219691715439418,0.8778030828456058,5,False,True,OBSERVED_BELOW_90_COVERAGE,21.69295140006437
2014-08-06,PATTERN_B_ET_REALISTIC_PORTFOLIO_V02_P1,2014-08-06,176396048.79509217,0.0,24301173.0,200697221.79509217,-0.00602343706413766,0.12108375383895952,0.8789162461610405,5,False,True,OBSERVED_BELOW_90_COVERAGE,21.69295140006437
2014-08-07,PATTERN_B_ET_REALISTIC_PORTFOLIO_V02_P1,2014-08-07,176396048.79509217,0.0,24308785.0,200704833.79509217,-0.005985737740104136,0.12111708791636698,0.878882912083633,5,False,True,OBSERVED_BELOW_90_COVERAGE,21.69295140006437
2014-08-08,PATTERN_B_ET_REALISTIC_PORTFOLIO_V02_P1,2014-08-08,176396048.79509217,0.0,,,,,,5,False,False,OBSERVED_BELOW_90_COVERAGE,21.69295140006437
2014-08-11,PATTERN_B_ET_REALISTIC_PORTFOLIO_V02_P1,2014-08-11,176396048.79509217,0.0,24163318.0,200559366.79509217,-0.006706180142780904,0.12047962848171145,0.8795203715182885,5,False,True,OBSERVED_BELOW_90_COVERAGE,21.69295140006437
2014-08-12,PATTERN_B_ET_REALISTIC_PORTFOLIO_V02_P1,2014-08-12,176396048.79509217,0.0,24176593.0,200572641.79509217,-0.006640434146125029,0.12053783997470177,0.8794621600252982,5,False,True,OBSERVED_BELOW_90_COVERAGE,21.69295140006437
2014-08-13,PATTERN_B_ET_REALISTIC_PORTFOLIO_V02_P1,2014-08-13,176396048.79509217,0.0,24163189.0,200559237.79509217,-0.006706819030432021,0.12047906277290056,0.8795209372270995,5,False,True,OBSERVED_BELOW_90_COVERAGE,21.69295140006437
2014-08-14,PATTERN_B_ET_REALISTIC_PORTFOLIO_V02_P1,2014-08-14,176396048.79509217,0.0,24476067.0,200872115.79509217,-0.005157253987744137,0.12184900280020854,0.8781509971997915,5,False,True,OBSERVED_BELOW_90_COVERAGE,21.69295140006437
2014-08-18,PATTERN_B_ET_REALISTIC_PORTFOLIO_V02_P1,2014-08-18,176396048.79509217,0.0,24666119.0,201062167.79509217,-0.004215999136035431,0.1226790662335736,0.8773209337664264,5,False,True,OBSERVED_BELOW_90_COVERAGE,21.69295140006437
2014-08-19,PATTERN_B_ET_REALISTIC_PORTFOLIO_V02_P1,2014-08-19,176396048.79509217,0.0,24408423.0,200804471.79509217,-0.005492268842567927,0.12155318445750152,0.8784468155424985,5,False,True,OBSERVED_BELOW_90_COVERAGE,21.69295140006437
2014-08-20,PATTERN_B_ET_REALISTIC_PORTFOLIO_V02_P1,2014-08-20,176396048.79509217,0.0,24974909.0,201370957.79509217,-0.0026866803934852967,0.12402438401973322,0.8759756159802667,5,False,True,OBSERVED_BELOW_90_COVERAGE,21.69295140006437
2014-08-21,PATTERN_B_ET_REALISTIC_PORTFOLIO_V02_P1,2014-08-21,176396048.79509217,0.0,25296088.0,201692136.79509217,-0.0010960036733406175,0.12541930688006642,0.8745806931199336,5,False,True,OBSERVED_BELOW_90_COVERAGE,21.69295140006437
2014-08-22,PATTERN_B_ET_REALISTIC_PORTFOLIO_V02_P1,2014-08-22,176396048.79509217,0.0,,,,,,5,False,False,OBSERVED_BELOW_90_COVERAGE,21.69295140006437
2014-08-25,PATTERN_B_ET_REALISTIC_PORTFOLIO_V02_P1,2014-08-25,176396048.79509217,0.0,25737038.0,202133086.79509217,0.0,0.12732719025901157,0.8726728097409884,5,False,True,OBSERVED_BELOW_90_COVERAGE,21.69295140006437
2014-08-26,PATTERN_B_ET_REALISTIC_PORTFOLIO_V02_P1,2014-08-26,176396048.79509217,0.0,25662960.0,202059008.79509217,-0.0003664813177027826,0.1270072547273791,0.8729927452726209,5,False,True,OBSERVED_BELOW_90_COVERAGE,21.69295140006437
2014-08-27,PATTERN_B_ET_REALISTIC_PORTFOLIO_V02_P1,2014-08-27,176396048.79509217,0.0,,,,,,5,False,False,OBSERVED_BELOW_90_COVERAGE,21.69295140006437
2014-08-28,PATTERN_B_ET_REALISTIC_PORTFOLIO_V02_P1,2014-08-28,176396048.79509217,0.0,25573677.0,201969725.79509217,-0.0008081853524831706,0.1266213384175493,0.8733786615824507,5,False,True,OBSERVED_BELOW_90_COVERAGE,21.69295140006437
2014-08-29,PATTERN_B_ET_REALISTIC_PORTFOLIO_V02_P1,2014-08-29,176396048.79509217,0.0,25424638.0,201820686.79509217,-0.0015455163969108066,0.1259763724112858,0.8740236275887142,5,False,True,OBSERVED_BELOW_90_COVERAGE,21.69295140006437
2014-09-01,PATTERN_B_ET_REALISTIC_PORTFOLIO_V02_P1,2014-09-01,176396048.79509217,0.0,25051337.0,201447385.79509217,-0.0033923243882141296,0.12435672421920464,0.8756432757807954,5,False,True,OBSERVED_BELOW_90_COVERAGE,21.69295140006437
2014-09-02,PATTERN_B_ET_REALISTIC_PORTFOLIO_V02_P1,2014-09-02,176396048.79509217,0.0,24998991.0,201395039.79509217,-0.003651292382172877,0.12412912962223414,0.8758708703777659,5,False,True,OBSERVED_BELOW_90_COVERAGE,21.69295140006437
2014-09-03,PATTERN_B_ET_REALISTIC_PORTFOLIO_V02_P1,2014-09-03,176396048.79509217,0.0,24889420.0,201285468.79509217,-0.00419336593251185,0.12365234385268682,0.8763476561473131,5,False,True,OBSERVED_BELOW_90_COVERAGE,21.69295140006437
2014-09-04,PATTERN_B_ET_REALISTIC_PORTFOLIO_V02_P1,2014-09-04,176396048.79509217,0.0,25022993.0,201419041.79509217,-0.003532548833649618,0.12423350233915033,0.8757664976608497,5,False,True,OBSERVED_BELOW_90_COVERAGE,21.69295140006437
2014-09-05,PATTERN_B_ET_REALISTIC_PORTFOLIO_V02_P1,2014-09-05,176396048.79509217,0.0,24891361.0,201287409.79509217,-0.0041837633482404435,0.12366079441003819,0.8763392055899618,5,False,True,OBSERVED_BELOW_90_COVERAGE,21.69295140006437
2014-09-11,PATTERN_B_ET_REALISTIC_PORTFOLIO_V02_P1,2014-09-11,176396048.79509217,0.0,,,,,,5,False,False,OBSERVED_BELOW_90_COVERAGE,21.69295140006437
2014-09-12,PATTERN_B_ET_REALISTIC_PORTFOLIO_V02_P1,2014-09-12,176396048.79509217,0.0,,,,,,5,False,False,OBSERVED_BELOW_90_COVERAGE,21.69295140006437
2014-09-15,PATTERN_B_ET_REALISTIC_PORTFOLIO_V02_P1,2014-09-15,176396048.79509217,0.0,26609613.0,203005661.79509217,0.0,0.1310781815871665,0.8689218184128334,5,False,True,OBSERVED_BELOW_90_COVERAGE,21.69295140006437
2014-09-16,PATTERN_B_ET_REALISTIC_PORTFOLIO_V02_P1,2014-09-16,176396048.79509217,0.0,26783518.0,203179566.79509217,0.0,0.13182190720492745,0.8681780927950725,5,False,True,OBSERVED_BELOW_90_COVERAGE,21.69295140006437
2014-09-17,PATTERN_B_ET_REALISTIC_PORTFOLIO_V02_P1,2014-09-17,176396048.79509217,0.0,26758096.0,203154144.79509217,-0.000125120849507665,0.1317132664312071,0.8682867335687929,5,False,True,OBSERVED_BELOW_90_COVERAGE,21.69295140006437
2014-09-18,PATTERN_B_ET_REALISTIC_PORTFOLIO_V02_P1,2014-09-18,176396048.79509217,0.0,26106217.0,202502265.79509217,-0.003333509420674452,0.1289181476439199,0.8710818523560802,5,False,True,OBSERVED_BELOW_90_COVERAGE,21.69295140006437
2014-09-19,PATTERN_B_ET_REALISTIC_PORTFOLIO_V02_P1,2014-09-19,176396048.79509217,0.0,26164376.0,202560424.79509217,-0.0030472650855900563,0.1291682520238965,0.8708317479761035,5,False,True,OBSERVED_BELOW_90_COVERAGE,21.69295140006437
2014-09-22,PATTERN_B_ET_REALISTIC_PORTFOLIO_V02_P1,2014-09-22,176396048.79509217,0.0,,,,,,5,False,False,OBSERVED_BELOW_90_COVERAGE,21.69295140006437
2014-09-23,PATTERN_B_ET_REALISTIC_PORTFOLIO_V02_P1,2014-09-23,176396048.79509217,0.0,26318765.0,202714813.79509217,-0.0022874002899548884,0.12983148348794818,0.8701685165120518,5,False,True,OBSERVED_BELOW_90_COVERAGE,21.69295140006437
2014-09-24,PATTERN_B_ET_REALISTIC_PORTFOLIO_V02_P1,2014-09-24,176396048.79509217,0.0,26375478.0,202771526.79509217,-0.0020082728122533533,0.13007486019796732,0.8699251398020327,5,False,True,OBSERVED_BELOW_90_COVERAGE,21.69295140006437
2014-09-25,PATTERN_B_ET_REALISTIC_PORTFOLIO_V02_P1,2014-09-25,176396048.79509217,0.0,26253771.0,202649819.79509217,-0.002607284818823552,0.1295524023981186,0.8704475976018814,5,False,True,OBSERVED_BELOW_90_COVERAGE,21.69295140006437
2014-09-26,PATTERN_B_ET_REALISTIC_PORTFOLIO_V02_P1,2014-09-26,176396048.79509217,0.0,25845194.0,202241242.79509217,-0.004618200613383028,0.12779388438680614,0.8722061156131938,5,False,True,OBSERVED_BELOW_90_COVERAGE,21.69295140006437
2014-09-29,PATTERN_B_ET_REALISTIC_PORTFOLIO_V02_P1,2014-09-29,176396048.79509217,0.0,,,,,,5,False,False,OBSERVED_BELOW_90_COVERAGE,21.69295140006437
2014-09-30,PATTERN_B_ET_REALISTIC_PORTFOLIO_V02_P1,2014-09-30,176396048.79509217,0.0,25744229.0,202140277.79509217,-0.005115125582722202,0.1273582349881635,0.8726417650118364,5,False,True,OBSERVED_BELOW_90_COVERAGE,21.69295140006437
2014-10-01,PATTERN_B_ET_REALISTIC_PORTFOLIO_V02_P1,2014-10-01,171397015.76259866,13072469.317427699,17580783.0,202050268.08002636,-0.005558131326289906,0.08701192612640708,0.9129880738735929,4,False,True,OBSERVED_BELOW_90_COVERAGE,21.69295140006437
2014-10-02,PATTERN_B_ET_REALISTIC_PORTFOLIO_V02_P1,2014-10-02,184469485.08002636,0.0,17628813.0,202098298.08002636,-0.005321739445169116,0.08722890379323921,0.9127710962067608,4,False,True,OBSERVED_BELOW_90_COVERAGE,21.69295140006437
2014-10-06,PATTERN_B_ET_REALISTIC_PORTFOLIO_V02_P1,2014-10-06,184469485.08002636,0.0,17625965.0,202095450.08002636,-0.00533575660272545,0.08721604070265025,0.9127839592973498,4,False,True,OBSERVED_BELOW_90_COVERAGE,21.69295140006437
2014-10-07,PATTERN_B_ET_REALISTIC_PORTFOLIO_V02_P1,2014-10-07,184469485.08002636,0.0,17649895.0,202119380.08002636,-0.005217979011319596,0.08732411010271142,0.9126758898972885,4,False,True,OBSERVED_BELOW_90_COVERAGE,21.69295140006437
2014-10-08,PATTERN_B_ET_REALISTIC_PORTFOLIO_V02_P1,2014-10-08,184469485.08002636,0.0,17800568.0,202270053.08002636,-0.0044764034563724575,0.08800397156645508,0.9119960284335449,4,False,True,OBSERVED_BELOW_90_COVERAGE,21.69295140006437
2014-10-10,PATTERN_B_ET_REALISTIC_PORTFOLIO_V02_P1,2014-10-10,184469485.08002636,0.0,17598868.0,202068353.08002636,-0.0054691213914560555,0.0870936380276738,0.9129063619723262,4,False,True,OBSERVED_BELOW_90_COVERAGE,21.69295140006437
2014-10-13,PATTERN_B_ET_REALISTIC_PORTFOLIO_V02_P1,2014-10-13,184469485.08002636,0.0,16976335.0,201445820.08002636,-0.008533076147437146,0.08427246091905001,0.91572753908095,4,False,True,OBSERVED_BELOW_90_COVERAGE,21.69295140006437
2014-10-14,PATTERN_B_ET_REALISTIC_PORTFOLIO_V02_P1,2014-10-14,184469485.08002636,0.0,16906114.0,201375599.08002636,-0.008878686688436166,0.08395314068454508,0.9160468593154549,4,False,True,OBSERVED_BELOW_90_COVERAGE,21.69295140006437
2014-10-15,PATTERN_B_ET_REALISTIC_PORTFOLIO_V02_P1,2014-10-15,184469485.08002636,0.0,16948869.0,201418354.08002636,-0.008668257063674134,0.08414758961472783,0.9158524103852722,4,False,True,OBSERVED_BELOW_90_COVERAGE,21.69295140006437
2014-10-16,PATTERN_B_ET_REALISTIC_PORTFOLIO_V02_P1,2014-10-16,184469485.08002636,0.0,16815125.0,201284610.08002636,-0.009326512232289974,0.08353904947484397,0.916460950525156,4,False,True,OBSERVED_BELOW_90_COVERAGE,21.69295140006437
2014-10-17,PATTERN_B_ET_REALISTIC_PORTFOLIO_V02_P1,2014-10-17,184469485.08002636,0.0,17275013.0,201744498.08002636,-0.007063056279242308,0.08562817407366168,0.9143718259263384,4,False,True,OBSERVED_BELOW_90_COVERAGE,21.69295140006437
2014-10-20,PATTERN_B_ET_REALISTIC_PORTFOLIO_V02_P1,2014-10-20,184469485.08002636,0.0,17509769.0,201979254.08002636,-0.005907644818813562,0.08669092813394806,0.9133090718660519,4,False,True,OBSERVED_BELOW_90_COVERAGE,21.69295140006437
2014-10-21,PATTERN_B_ET_REALISTIC_PORTFOLIO_V02_P1,2014-10-21,184469485.08002636,0.0,17253164.0,201722649.08002636,-0.00717059169899259,0.08552913655796486,0.9144708634420351,4,False,True,OBSERVED_BELOW_90_COVERAGE,21.69295140006437
2014-10-22,PATTERN_B_ET_REALISTIC_PORTFOLIO_V02_P1,2014-10-22,184469485.08002636,0.0,17020647.0,201490132.08002636,-0.008314983350513838,0.08447384903812494,0.9155261509618751,4,False,True,OBSERVED_BELOW_90_COVERAGE,21.69295140006437
2014-10-23,PATTERN_B_ET_REALISTIC_PORTFOLIO_V02_P1,2014-10-23,184469485.08002636,0.0,17145743.0,201615228.08002636,-0.007699291517062057,0.0850419046382469,0.9149580953617531,4,False,True,OBSERVED_BELOW_90_COVERAGE,21.69295140006437
2014-10-24,PATTERN_B_ET_REALISTIC_PORTFOLIO_V02_P1,2014-10-24,184469485.08002636,0.0,16891133.0,201360618.08002636,-0.008952419496495057,0.08388498784448005,0.9161150121555199,4,False,True,OBSERVED_BELOW_90_COVERAGE,21.69295140006437
2014-10-27,PATTERN_B_ET_REALISTIC_PORTFOLIO_V02_P1,2014-10-27,184469485.08002636,0.0,16781818.0,201251303.08002636,-0.00949044111807995,0.08338737560037965,0.9166126243996203,4,False,True,OBSERVED_BELOW_90_COVERAGE,21.69295140006437
2014-10-28,PATTERN_B_ET_REALISTIC_PORTFOLIO_V02_P1,2014-10-28,184469485.08002636,0.0,16637995.0,201107480.08002636,-0.010198302652921432,0.08273185558975366,0.9172681444102464,4,False,True,OBSERVED_BELOW_90_COVERAGE,21.69295140006437
2014-10-29,PATTERN_B_ET_REALISTIC_PORTFOLIO_V02_P1,2014-10-29,184469485.08002636,0.0,16701750.0,201171235.08002636,-0.009884516178200298,0.08302255535368169,0.9169774446463184,4,False,True,OBSERVED_BELOW_90_COVERAGE,21.69295140006437
2014-10-30,PATTERN_B_ET_REALISTIC_PORTFOLIO_V02_P1,2014-10-30,184469485.08002636,0.0,16627925.0,201097410.08002636,-0.01024786472335415,0.08268592317217287,0.9173140768278272,4,False,True,OBSERVED_BELOW_90_COVERAGE,21.69295140006437
2014-10-31,PATTERN_B_ET_REALISTIC_PORTFOLIO_V02_P1,2014-10-31,184469485.08002636,0.0,16588373.0,201057858.08002636,-0.010442529967620073,0.08250546961162487,0.9174945303883751,4,False,True,OBSERVED_BELOW_90_COVERAGE,21.69295140006437
2014-11-03,PATTERN_B_ET_REALISTIC_PORTFOLIO_V02_P1,2014-11-03,179471308.03091112,0.0,21502680.0,200973988.03091112,-0.01085531778107085,0.10699235364077438,0.8930076463592256,5,False,True,OBSERVED_BELOW_90_COVERAGE,21.69295140006437
2014-11-04,PATTERN_B_ET_REALISTIC_PORTFOLIO_V02_P1,2014-11-04,179471308.03091112,0.0,21499893.0,200971201.03091112,-0.010869034711586956,0.10697996971562672,0.8930200302843733,5,False,True,OBSERVED_BELOW_90_COVERAGE,21.69295140006437
2014-11-05,PATTERN_B_ET_REALISTIC_PORTFOLIO_V02_P1,2014-11-05,179471308.03091112,0.0,21504843.0,200976151.03091112,-0.010844672025525082,0.10700196460968371,0.8929980353903163,5,False,True,OBSERVED_BELOW_90_COVERAGE,21.69295140006437
2014-11-06,PATTERN_B_ET_REALISTIC_PORTFOLIO_V02_P1,2014-11-06,179471308.03091112,0.0,21192018.0,200663326.03091112,-0.01238431995830902,0.1056098212821185,0.8943901787178815,5,False,True,OBSERVED_BELOW_90_COVERAGE,21.69295140006437
2014-11-07,PATTERN_B_ET_REALISTIC_PORTFOLIO_V02_P1,2014-11-07,179471308.03091112,0.0,21605727.0,201077035.03091112,-0.010348145718321433,0.10744999794073251,0.8925500020592675,5,False,True,OBSERVED_BELOW_90_COVERAGE,21.69295140006437
2014-11-10,PATTERN_B_ET_REALISTIC_PORTFOLIO_V02_P1,2014-11-10,179471308.03091112,0.0,21716708.0,201188016.03091112,-0.00980192445330652,0.10794235376655527,0.8920576462334447,5,False,True,OBSERVED_BELOW_90_COVERAGE,21.69295140006437
2014-11-11,PATTERN_B_ET_REALISTIC_PORTFOLIO_V02_P1,2014-11-11,179471308.03091112,0.0,21922649.0,201393957.03091112,-0.008788333356286038,0.10885455215836086,0.8911454478416392,5,False,True,OBSERVED_BELOW_90_COVERAGE,21.69295140006437
2014-11-12,PATTERN_B_ET_REALISTIC_PORTFOLIO_V02_P1,2014-11-12,179471308.03091112,0.0,21831604.0,201302912.03091112,-0.009236434518406389,0.1084515061394027,0.8915484938605973,5,False,True,OBSERVED_BELOW_90_COVERAGE,21.69295140006437
2014-11-13,PATTERN_B_ET_REALISTIC_PORTFOLIO_V02_P1,2014-11-13,179471308.03091112,0.0,22381490.0,201852798.03091112,-0.00653003048047196,0.11088025639640907,0.8891197436035909,5,False,True,OBSERVED_BELOW_90_COVERAGE,21.69295140006437
2014-11-14,PATTERN_B_ET_REALISTIC_PORTFOLIO_V02_P1,2014-11-14,179471308.03091112,0.0,22339097.0,201810405.03091112,-0.006738678430010858,0.11069348479122441,0.8893065152087756,5,False,True,OBSERVED_BELOW_90_COVERAGE,21.69295140006437
2014-11-17,PATTERN_B_ET_REALISTIC_PORTFOLIO_V02_P1,2014-11-17,179471308.03091112,0.0,22175025.0,201646333.03091112,-0.007546200576986739,0.10996988969098044,0.8900301103090196,5,False,True,OBSERVED_BELOW_90_COVERAGE,21.69295140006437
2014-11-18,PATTERN_B_ET_REALISTIC_PORTFOLIO_V02_P1,2014-11-18,179471308.03091112,0.0,22091480.0,201562788.03091112,-0.007957388578407443,0.10960098446649841,0.8903990155335016,5,False,True,OBSERVED_BELOW_90_COVERAGE,21.69295140006437
2014-11-19,PATTERN_B_ET_REALISTIC_PORTFOLIO_V02_P1,2014-11-19,179471308.03091112,0.0,22128536.0,201599844.03091112,-0.007775008034022424,0.10976464841216371,0.8902353515878363,5,False,True,OBSERVED_BELOW_90_COVERAGE,21.69295140006437
2014-11-20,PATTERN_B_ET_REALISTIC_PORTFOLIO_V02_P1,2014-11-20,179471308.03091112,0.0,23209391.0,202680699.03091112,-0.0024553047929477545,0.11451209272008828,0.8854879072799118,5,False,True,OBSERVED_BELOW_90_COVERAGE,21.69295140006437
2014-11-21,PATTERN_B_ET_REALISTIC_PORTFOLIO_V02_P1,2014-11-21,179471308.03091112,0.0,23350001.0,202821309.03091112,-0.001763256856150086,0.11512597523192855,0.8848740247680714,5,False,True,OBSERVED_BELOW_90_COVERAGE,21.69295140006437
2014-11-24,PATTERN_B_ET_REALISTIC_PORTFOLIO_V02_P1,2014-11-24,179471308.03091112,0.0,23617157.0,203088465.03091112,-0.0004483805414986497,0.11628999705328093,0.8837100029467191,5,False,True,OBSERVED_BELOW_90_COVERAGE,21.69295140006437
2014-11-25,PATTERN_B_ET_REALISTIC_PORTFOLIO_V02_P1,2014-11-25,179471308.03091112,0.0,24147510.0,203618818.03091112,0.0,0.11859174035837,0.8814082596416299,5,False,True,OBSERVED_BELOW_90_COVERAGE,21.69295140006437
2014-11-26,PATTERN_B_ET_REALISTIC_PORTFOLIO_V02_P1,2014-11-26,179471308.03091112,0.0,23475811.0,202947119.03091112,-0.003298806104934937,0.11567452207303505,0.8843254779269649,5,False,True,OBSERVED_BELOW_90_COVERAGE,21.69295140006437
2014-11-27,PATTERN_B_ET_REALISTIC_PORTFOLIO_V02_P1,2014-11-27,179471308.03091112,0.0,23734537.0,203205845.03091112,-0.002028167160548544,0.11680046406337163,0.8831995359366284,5,False,True,OBSERVED_BELOW_90_COVERAGE,21.69295140006437
2014-11-28,PATTERN_B_ET_REALISTIC_PORTFOLIO_V02_P1,2014-11-28,179471308.03091112,0.0,23840104.0,203311412.03091112,-0.0015097131147934206,0.1172590547764008,0.8827409452235992,5,False,True,OBSERVED_BELOW_90_COVERAGE,21.69295140006437
2014-12-01,PATTERN_B_ET_REALISTIC_PORTFOLIO_V02_P1,2014-12-01,179471308.03091112,0.0,23330066.0,202801374.03091112,-0.004014579830612264,0.11503899375180769,0.8849610062481923,5,False,True,OBSERVED_BELOW_90_COVERAGE,21.69295140006437
2014-12-02,PATTERN_B_ET_REALISTIC_PORTFOLIO_V02_P1,2014-12-02,179471308.03091112,0.0,23104097.0,202575405.03091112,-0.005124344645992429,0.11405183663078215,0.8859481633692179,5,False,True,OBSERVED_BELOW_90_COVERAGE,21.69295140006437
2014-12-03,PATTERN_B_ET_REALISTIC_PORTFOLIO_V02_P1,2014-12-03,179471308.03091112,0.0,,,,,,5,False,False,OBSERVED_BELOW_90_COVERAGE,21.69295140006437
2014-12-04,PATTERN_B_ET_REALISTIC_PORTFOLIO_V02_P1,2014-12-04,179471308.03091112,0.0,22446123.0,201917431.03091112,-0.008355745389611813,0.11116486023717174,0.8888351397628282,5,False,True,OBSERVED_BELOW_90_COVERAGE,21.69295140006437
2014-12-05,PATTERN_B_ET_REALISTIC_PORTFOLIO_V02_P1,2014-12-05,179471308.03091112,0.0,22373033.0,201844341.03091112,-0.008714700424842903,0.11084300350324768,0.8891569964967523,5,False,True,OBSERVED_BELOW_90_COVERAGE,21.69295140006437
2014-12-08,PATTERN_B_ET_REALISTIC_PORTFOLIO_V02_P1,2014-12-08,179471308.03091112,0.0,,,,,,5,False,False,OBSERVED_BELOW_90_COVERAGE,21.69295140006437
2014-12-09,PATTERN_B_ET_REALISTIC_PORTFOLIO_V02_P1,2014-12-09,179471308.03091112,0.0,22554722.0,202026030.03091112,-0.007822400775149396,0.11164265315983787,0.8883573468401621,5,False,True,OBSERVED_BELOW_90_COVERAGE,21.69295140006437
2014-12-10,PATTERN_B_ET_REALISTIC_PORTFOLIO_V02_P1,2014-12-10,179471308.03091112,0.0,,,,,,5,False,False,OBSERVED_BELOW_90_COVERAGE,21.69295140006437
2014-12-11,PATTERN_B_ET_REALISTIC_PORTFOLIO_V02_P1,2014-12-11,179471308.03091112,0.0,23182839.0,202654147.03091112,-0.004737631861970404,0.11439607498613828,0.8856039250138618,5,False,True,OBSERVED_BELOW_90_COVERAGE,21.69295140006437
2014-12-12,PATTERN_B_ET_REALISTIC_PORTFOLIO_V02_P1,2014-12-12,179471308.03091112,0.0,22655494.0,202126802.03091112,-0.00732749563340207,0.11208555111130344,0.8879144488886965,5,False,True,OBSERVED_BELOW_90_COVERAGE,21.69295140006437
2014-12-15,PATTERN_B_ET_REALISTIC_PORTFOLIO_V02_P1,2014-12-15,179471308.03091112,0.0,22380468.0,201851776.03091112,-0.008678186118002862,0.11087575467541443,0.8891242453245856,5,False,True,OBSERVED_BELOW_90_COVERAGE,21.69295140006437
2014-12-16,PATTERN_B_ET_REALISTIC_PORTFOLIO_V02_P1,2014-12-16,179471308.03091112,0.0,22834309.0,202305617.03091112,-0.00644931059270093,0.1128703658114992,0.8871296341885008,5,False,True,OBSERVED_BELOW_90_COVERAGE,21.69295140006437
2014-12-17,PATTERN_B_ET_REALISTIC_PORTFOLIO_V02_P1,2014-12-17,179471308.03091112,0.0,22283148.0,201754456.03091112,-0.009156138013319493,0.11044686912186942,0.8895531308781306,5,False,True,OBSERVED_BELOW_90_COVERAGE,21.69295140006437
2014-12-18,PATTERN_B_ET_REALISTIC_PORTFOLIO_V02_P1,2014-12-18,179471308.03091112,0.0,21889615.0,201360923.03091112,-0.011088832662103143,0.10870835647013648,0.8912916435298636,5,False,True,OBSERVED_BELOW_90_COVERAGE,21.69295140006437
2014-12-19,PATTERN_B_ET_REALISTIC_PORTFOLIO_V02_P1,2014-12-19,179471308.03091112,0.0,21915329.0,201386637.03091112,-0.010962547674061907,0.10882216081018417,0.8911778391898159,5,False,True,OBSERVED_BELOW_90_COVERAGE,21.69295140006437
2014-12-22,PATTERN_B_ET_REALISTIC_PORTFOLIO_V02_P1,2014-12-22,179471308.03091112,0.0,22065494.0,201536802.03091112,-0.010225066720915388,0.10948617710335436,0.8905138228966456,5,False,True,OBSERVED_BELOW_90_COVERAGE,21.69295140006437
2014-12-23,PATTERN_B_ET_REALISTIC_PORTFOLIO_V02_P1,2014-12-23,179471308.03091112,0.0,22243874.0,201715182.03091112,-0.0093490180249991,0.110273672888892,0.889726327111108,5,False,True,OBSERVED_BELOW_90_COVERAGE,21.69295140006437
2014-12-24,PATTERN_B_ET_REALISTIC_PORTFOLIO_V02_P1,2014-12-24,179471308.03091112,0.0,22380685.0,201851993.03091112,-0.008677120401179184,0.11087671052409513,0.8891232894759049,5,False,True,OBSERVED_BELOW_90_COVERAGE,21.69295140006437
2014-12-26,PATTERN_B_ET_REALISTIC_PORTFOLIO_V02_P1,2014-12-26,179471308.03091112,0.0,22458195.0,201929503.03091112,-0.008296458138478902,0.1112179976819045,0.8887820023180955,5,False,True,OBSERVED_BELOW_90_COVERAGE,21.69295140006437
2014-12-29,PATTERN_B_ET_REALISTIC_PORTFOLIO_V02_P1,2014-12-29,179471308.03091112,0.0,22512122.0,201983430.03091112,-0.008031615229942668,0.11145529114222287,0.8885447088577771,5,False,True,OBSERVED_BELOW_90_COVERAGE,21.69295140006437
2014-12-30,PATTERN_B_ET_REALISTIC_PORTFOLIO_V02_P1,2014-12-30,179471308.03091112,0.0,22297380.0,201768688.03091112,-0.009086242705323655,0.11050961483470628,0.8894903851652937,5,False,True,OBSERVED_BELOW_90_COVERAGE,21.69295140006437
2015-01-02,PATTERN_B_ET_REALISTIC_PORTFOLIO_V02_P1,2015-01-02,179471308.03091112,9497323.93068855,13042550.0,202011181.96159968,-0.007895321684204037,0.06456350521467301,0.935436494785327,3,False,True,OBSERVED_BELOW_90_COVERAGE,21.69295140006437
2015-01-05,PATTERN_B_ET_REALISTIC_PORTFOLIO_V02_P1,2015-01-05,188968631.96159968,0.0,13099350.0,202067981.96159968,-0.0076163690778129345,0.06482645035020618,0.9351735496497938,3,False,True,OBSERVED_BELOW_90_COVERAGE,21.69295140006437
2015-01-06,PATTERN_B_ET_REALISTIC_PORTFOLIO_V02_P1,2015-01-06,188968631.96159968,0.0,12942894.0,201911525.96159968,-0.00838474599657213,0.06410180864296737,0.9358981913570327,3,False,True,OBSERVED_BELOW_90_COVERAGE,21.69295140006437
2015-01-07,PATTERN_B_ET_REALISTIC_PORTFOLIO_V02_P1,2015-01-07,188968631.96159968,0.0,12896583.0,201865214.96159968,-0.008612185682392193,0.06388709913420837,0.9361129008657917,3,False,True,OBSERVED_BELOW_90_COVERAGE,21.69295140006437
2015-01-08,PATTERN_B_ET_REALISTIC_PORTFOLIO_V02_P1,2015-01-08,188968631.96159968,0.0,12897282.0,201865913.96159968,-0.008608752797324093,0.06389034060724788,0.9361096593927521,3,False,True,OBSERVED_BELOW_90_COVERAGE,21.69295140006437
2015-01-09,PATTERN_B_ET_REALISTIC_PORTFOLIO_V02_P1,2015-01-09,188968631.96159968,0.0,12923532.0,201892163.96159968,-0.008479835439616945,0.06401205349633125,0.9359879465036688,3,False,True,OBSERVED_BELOW_90_COVERAGE,21.69295140006437
2015-01-12,PATTERN_B_ET_REALISTIC_PORTFOLIO_V02_P1,2015-01-12,188968631.96159968,0.0,12882835.0,201851466.96159968,-0.008679703999868726,0.06382334096413,0.93617665903587,3,False,True,OBSERVED_BELOW_90_COVERAGE,21.69295140006437
2015-01-13,PATTERN_B_ET_REALISTIC_PORTFOLIO_V02_P1,2015-01-13,188968631.96159968,0.0,12974455.0,201943086.96159968,-0.008229745587939985,0.0642480769964022,0.9357519230035978,3,False,True,OBSERVED_BELOW_90_COVERAGE,21.69295140006437
2015-01-14,PATTERN_B_ET_REALISTIC_PORTFOLIO_V02_P1,2015-01-14,188968631.96159968,0.0,12988492.0,201957123.96159968,-0.008160807951744342,0.06431311629526693,0.9356868837047331,3,False,True,OBSERVED_BELOW_90_COVERAGE,21.69295140006437
2015-01-15,PATTERN_B_ET_REALISTIC_PORTFOLIO_V02_P1,2015-01-15,188968631.96159968,0.0,13009153.0,201977784.96159968,-0.008059338941169503,0.0644088309141192,0.9355911690858808,3,False,True,OBSERVED_BELOW_90_COVERAGE,21.69295140006437
2015-01-16,PATTERN_B_ET_REALISTIC_PORTFOLIO_V02_P1,2015-01-16,188968631.96159968,0.0,13179695.0,202148326.96159968,-0.007221783740480214,0.06519814038581496,0.934801859614185,3,False,True,OBSERVED_BELOW_90_COVERAGE,21.69295140006437
2015-01-19,PATTERN_B_ET_REALISTIC_PORTFOLIO_V02_P1,2015-01-19,188968631.96159968,0.0,13649600.0,202618231.96159968,-0.0049140157033989995,0.06736609962417835,0.9326339003758216,3,False,True,OBSERVED_BELOW_90_COVERAGE,21.69295140006437
2015-01-20,PATTERN_B_ET_REALISTIC_PORTFOLIO_V02_P1,2015-01-20,188968631.96159968,0.0,13553484.0,202522115.96159968,-0.0053860545892421285,0.06692347616282009,0.9330765238371799,3,False,True,OBSERVED_BELOW_90_COVERAGE,21.69295140006437
2015-01-21,PATTERN_B_ET_REALISTIC_PORTFOLIO_V02_P1,2015-01-21,188968631.96159968,0.0,13513607.0,202482238.96159968,-0.005581896016795929,0.06673971539085374,0.9332602846091462,3,False,True,OBSERVED_BELOW_90_COVERAGE,21.69295140006437
2015-01-22,PATTERN_B_ET_REALISTIC_PORTFOLIO_V02_P1,2015-01-22,188968631.96159968,0.0,13425189.0,202393820.96159968,-0.006016128966653156,0.06633201021758056,0.9336679897824195,3,False,True,OBSERVED_BELOW_90_COVERAGE,21.69295140006437
2015-01-23,PATTERN_B_ET_REALISTIC_PORTFOLIO_V02_P1,2015-01-23,188968631.96159968,0.0,13583007.0,202551638.96159968,-0.005241063078705421,0.06705947712709007,0.93294052287291,3,False,True,OBSERVED_BELOW_90_COVERAGE,21.69295140006437
2015-01-26,PATTERN_B_ET_REALISTIC_PORTFOLIO_V02_P1,2015-01-26,188968631.96159968,0.0,13616518.0,202585149.96159968,-0.005076485952072107,0.06721380122176296,0.9327861987782371,3,False,True,OBSERVED_BELOW_90_COVERAGE,21.69295140006437
2015-01-27,PATTERN_B_ET_REALISTIC_PORTFOLIO_V02_P1,2015-01-27,188968631.96159968,0.0,13642075.0,202610706.96159968,-0.004950972012608412,0.06733146142462032,0.9326685385753797,3,False,True,OBSERVED_BELOW_90_COVERAGE,21.69295140006437
2015-01-28,PATTERN_B_ET_REALISTIC_PORTFOLIO_V02_P1,2015-01-28,188968631.96159968,0.0,13975238.0,202943869.96159968,-0.0033147627308639516,0.06886257763116642,0.9311374223688336,3,False,True,OBSERVED_BELOW_90_COVERAGE,21.69295140006437
2015-01-29,PATTERN_B_ET_REALISTIC_PORTFOLIO_V02_P1,2015-01-29,188968631.96159968,0.0,13893054.0,202861685.96159968,-0.0037183796499422606,0.06848535214594371,0.9315146478540562,3,False,True,OBSERVED_BELOW_90_COVERAGE,21.69295140006437
2015-01-30,PATTERN_B_ET_REALISTIC_PORTFOLIO_V02_P1,2015-01-30,188968631.96159968,0.0,13784463.0,202753094.96159968,-0.004251684975305259,0.0679864492456241,0.9320135507543759,3,False,True,OBSERVED_BELOW_90_COVERAGE,21.69295140006437
2015-02-02,PATTERN_B_ET_REALISTIC_PORTFOLIO_V02_P1,2015-02-02,178986163.81594968,0.0,23960388.0,202946551.81594968,-0.003301591775566548,0.11806255285248429,0.8819374471475158,5,False,True,OBSERVED_BELOW_90_COVERAGE,21.69295140006437
2015-02-03,PATTERN_B_ET_REALISTIC_PORTFOLIO_V02_P1,2015-02-03,178986163.81594968,0.0,23716850.0,202703013.81594968,-0.004497640364567901,0.11700294708757725,0.8829970529124227,5,False,True,OBSERVED_BELOW_90_COVERAGE,21.69295140006437
2015-02-04,PATTERN_B_ET_REALISTIC_PORTFOLIO_V02_P1,2015-02-04,178986163.81594968,0.0,23441220.0,202427383.81594968,-0.00585129717618027,0.11580063703887584,0.8841993629611241,5,False,True,OBSERVED_BELOW_90_COVERAGE,21.69295140006437
2015-02-05,PATTERN_B_ET_REALISTIC_PORTFOLIO_V02_P1,2015-02-05,178986163.81594968,0.0,23609302.0,202595465.81594968,-0.0050258233735847035,0.11653420724355282,0.8834657927564472,5,False,True,OBSERVED_BELOW_90_COVERAGE,21.69295140006437
2015-02-06,PATTERN_B_ET_REALISTIC_PORTFOLIO_V02_P1,2015-02-06,178986163.81594968,0.0,23387733.0,202373896.81594968,-0.006113979184244389,0.11556694498633949,0.8844330550136605,5,False,True,OBSERVED_BELOW_90_COVERAGE,21.69295140006437
2015-02-09,PATTERN_B_ET_REALISTIC_PORTFOLIO_V02_P1,2015-02-09,178986163.81594968,0.0,23267117.0,202253280.81594968,-0.006706340937280841,0.11503950346878702,0.884960496531213,5,False,True,OBSERVED_BELOW_90_COVERAGE,21.69295140006437
2015-02-10,PATTERN_B_ET_REALISTIC_PORTFOLIO_V02_P1,2015-02-10,178986163.81594968,0.0,23079022.0,202065185.81594968,-0.0076301013333923695,0.11421572650828353,0.8857842734917165,5,False,True,OBSERVED_BELOW_90_COVERAGE,21.69295140006437
2015-02-11,PATTERN_B_ET_REALISTIC_PORTFOLIO_V02_P1,2015-02-11,178986163.81594968,0.0,23255698.0,202241861.81594968,-0.006762421215667835,0.11498953674172492,0.885010463258275,5,False,True,OBSERVED_BELOW_90_COVERAGE,21.69295140006437
2015-02-12,PATTERN_B_ET_REALISTIC_PORTFOLIO_V02_P1,2015-02-12,178986163.81594968,0.0,23507995.0,202494158.81594968,-0.005523355973860444,0.11609221291843193,0.883907787081568,5,False,True,OBSERVED_BELOW_90_COVERAGE,21.69295140006437
2015-02-13,PATTERN_B_ET_REALISTIC_PORTFOLIO_V02_P1,2015-02-13,178986163.81594968,0.0,24295643.0,203281806.81594968,-0.0016551083943050493,0.11951705556216918,0.8804829444378308,5,False,True,OBSERVED_BELOW_90_COVERAGE,21.69295140006437
2015-02-16,PATTERN_B_ET_REALISTIC_PORTFOLIO_V02_P1,2015-02-16,178986163.81594968,0.0,25869538.0,204855701.81594968,0.0,0.12628175721094742,0.8737182427890525,5,False,True,OBSERVED_BELOW_90_COVERAGE,21.69295140006437
2015-02-17,PATTERN_B_ET_REALISTIC_PORTFOLIO_V02_P1,2015-02-17,178986163.81594968,0.0,25654808.0,204640971.81594968,-0.0010482012367559745,0.12536496368417105,0.874635036315829,5,False,True,OBSERVED_BELOW_90_COVERAGE,21.69295140006437
2015-02-23,PATTERN_B_ET_REALISTIC_PORTFOLIO_V02_P1,2015-02-23,178986163.81594968,0.0,26109807.0,205095970.81594968,0.0,0.12730531417133778,0.8726946858286622,5,False,True,OBSERVED_BELOW_90_COVERAGE,21.69295140006437
2015-02-24,PATTERN_B_ET_REALISTIC_PORTFOLIO_V02_P1,2015-02-24,178986163.81594968,0.0,26171168.0,205157331.81594968,0.0,0.12756633052470492,0.8724336694752951,5,False,True,OBSERVED_BELOW_90_COVERAGE,21.69295140006437
2015-02-25,PATTERN_B_ET_REALISTIC_PORTFOLIO_V02_P1,2015-02-25,178986163.81594968,0.0,26351597.0,205337760.81594968,0.0,0.12833293250733224,0.8716670674926678,5,False,True,OBSERVED_BELOW_90_COVERAGE,21.69295140006437
2015-02-26,PATTERN_B_ET_REALISTIC_PORTFOLIO_V02_P1,2015-02-26,178986163.81594968,0.0,27110909.0,206097072.81594968,0.0,0.13154436707701705,0.8684556329229829,5,False,True,OBSERVED_BELOW_90_COVERAGE,21.69295140006437
2015-02-27,PATTERN_B_ET_REALISTIC_PORTFOLIO_V02_P1,2015-02-27,178986163.81594968,0.0,26602350.0,205588513.81594968,-0.0024675702233488694,0.12939609079433004,0.87060390920567,5,False,True,OBSERVED_BELOW_90_COVERAGE,21.69295140006437
2015-03-02,PATTERN_B_ET_REALISTIC_PORTFOLIO_V02_P1,2015-03-02,178986163.81594968,16540139.426877,10125649.0,205651952.24282667,-0.0021597617425673787,0.049236824107772074,0.9507631758922279,2,False,True,OBSERVED_BELOW_90_COVERAGE,21.69295140006437
2015-03-03,PATTERN_B_ET_REALISTIC_PORTFOLIO_V02_P1,2015-03-03,195526303.24282667,0.0,10265742.0,205792045.24282667,-0.001480018949106654,0.049884056440990324,0.9501159435590096,2,False,True,OBSERVED_BELOW_90_COVERAGE,21.69295140006437
2015-03-04,PATTERN_B_ET_REALISTIC_PORTFOLIO_V02_P1,2015-03-04,195526303.24282667,0.0,10379468.0,205905771.24282667,-0.0009282110148834954,0.050408825053084076,0.9495911749469159,2,False,True,OBSERVED_BELOW_90_COVERAGE,21.69295140006437
2015-03-05,PATTERN_B_ET_REALISTIC_PORTFOLIO_V02_P1,2015-03-05,195526303.24282667,0.0,10314698.0,205841001.24282667,-0.0012424803983105415,0.05011002636851707,0.949889973631483,2,False,True,OBSERVED_BELOW_90_COVERAGE,21.69295140006437
2015-03-06,PATTERN_B_ET_REALISTIC_PORTFOLIO_V02_P1,2015-03-06,195526303.24282667,0.0,11375839.0,206902142.24282667,0.0,0.05498173618061899,0.945018263819381,2,False,True,OBSERVED_BELOW_90_COVERAGE,21.69295140006437
2015-03-09,PATTERN_B_ET_REALISTIC_PORTFOLIO_V02_P1,2015-03-09,195526303.24282667,0.0,10798999.0,206325302.24282667,-0.0027879846663114716,0.052339673722084416,0.9476603262779156,2,False,True,OBSERVED_BELOW_90_COVERAGE,21.69295140006437
2015-03-10,PATTERN_B_ET_REALISTIC_PORTFOLIO_V02_P1,2015-03-10,195526303.24282667,0.0,10901858.0,206428161.24282667,-0.0022908462660754525,0.0528118737984391,0.9471881262015609,2,False,True,OBSERVED_BELOW_90_COVERAGE,21.69295140006437
2015-03-11,PATTERN_B_ET_REALISTIC_PORTFOLIO_V02_P1,2015-03-11,195526303.24282667,0.0,10878435.0,206404738.24282667,-0.0024040543737640085,0.05270438601657473,0.9472956139834253,2,False,True,OBSERVED_BELOW_90_COVERAGE,21.69295140006437
2015-03-12,PATTERN_B_ET_REALISTIC_PORTFOLIO_V02_P1,2015-03-12,195526303.24282667,0.0,10863117.0,206389420.24282667,-0.0024780893732760934,0.052634078758586764,0.9473659212414133,2,False,True,OBSERVED_BELOW_90_COVERAGE,21.69295140006437
2015-03-13,PATTERN_B_ET_REALISTIC_PORTFOLIO_V02_P1,2015-03-13,195526303.24282667,0.0,11362962.0,206889265.24282667,-6.223715163322652e-05,0.05492291727491637,0.9450770827250836,2,False,True,OBSERVED_BELOW_90_COVERAGE,21.69295140006437
2015-03-16,PATTERN_B_ET_REALISTIC_PORTFOLIO_V02_P1,2015-03-16,195526303.24282667,0.0,11513363.0,207039666.24282667,0.0,0.055609454984807315,0.9443905450151927,2,False,True,OBSERVED_BELOW_90_COVERAGE,21.69295140006437
2015-03-17,PATTERN_B_ET_REALISTIC_PORTFOLIO_V02_P1,2015-03-17,195526303.24282667,0.0,11380737.0,206907040.24282667,-0.000640582562785097,0.05500410709390814,0.9449958929060919,2,False,True,OBSERVED_BELOW_90_COVERAGE,21.69295140006437
2015-03-18,PATTERN_B_ET_REALISTIC_PORTFOLIO_V02_P1,2015-03-18,195526303.24282667,0.0,12116824.0,207643127.24282667,0.0,0.05835408164427264,0.9416459183557273,2,False,True,OBSERVED_BELOW_90_COVERAGE,21.69295140006437
2015-03-19,PATTERN_B_ET_REALISTIC_PORTFOLIO_V02_P1,2015-03-19,195526303.24282667,0.0,11134208.0,206660511.24282667,-0.004732234642425115,0.053876804683393405,0.9461231953166066,2,False,True,OBSERVED_BELOW_90_COVERAGE,21.69295140006437
2015-03-20,PATTERN_B_ET_REALISTIC_PORTFOLIO_V02_P1,2015-03-20,195526303.24282667,0.0,11007323.0,206533626.24282667,-0.00534330711896136,0.05329554901175472,0.9467044509882453,2,False,True,OBSERVED_BELOW_90_COVERAGE,21.69295140006437
2015-03-23,PATTERN_B_ET_REALISTIC_PORTFOLIO_V02_P1,2015-03-23,195526303.24282667,0.0,11245272.0,206771575.24282667,-0.0041973553932308505,0.054384999421675205,0.9456150005783248,2,False,True,OBSERVED_BELOW_90_COVERAGE,21.69295140006437
2015-03-24,PATTERN_B_ET_REALISTIC_PORTFOLIO_V02_P1,2015-03-24,195526303.24282667,0.0,11439582.0,206965885.24282667,-0.003261567136811583,0.05527279042426868,0.9447272095757313,2,False,True,OBSERVED_BELOW_90_COVERAGE,21.69295140006437
2015-03-25,PATTERN_B_ET_REALISTIC_PORTFOLIO_V02_P1,2015-03-25,195526303.24282667,0.0,11473369.0,206999672.24282667,-0.0030988504582071252,0.05542699114296591,0.9445730088570341,2,False,True,OBSERVED_BELOW_90_COVERAGE,21.69295140006437
2015-03-26,PATTERN_B_ET_REALISTIC_PORTFOLIO_V02_P1,2015-03-26,195526303.24282667,0.0,12278374.0,207804677.24282667,0.0,0.05908612916182013,0.9409138708381799,2,False,True,OBSERVED_BELOW_90_COVERAGE,21.69295140006437
2015-03-27,PATTERN_B_ET_REALISTIC_PORTFOLIO_V02_P1,2015-03-27,195526303.24282667,0.0,12549889.0,208076192.24282667,0.0,0.06031391128762186,0.9396860887123781,2,False,True,OBSERVED_BELOW_90_COVERAGE,21.69295140006437
2015-03-30,PATTERN_B_ET_REALISTIC_PORTFOLIO_V02_P1,2015-03-30,195526303.24282667,0.0,13191930.0,208718233.24282667,0.0,0.06320449246354182,0.9367955075364582,2,False,True,OBSERVED_BELOW_90_COVERAGE,21.69295140006437
2015-03-31,PATTERN_B_ET_REALISTIC_PORTFOLIO_V02_P1,2015-03-31,195526303.24282667,0.0,13783939.0,209310242.24282667,0.0,0.06585410657548649,0.9341458934245135,2,False,True,OBSERVED_BELOW_90_COVERAGE,21.69295140006437
2015-04-01,PATTERN_B_ET_REALISTIC_PORTFOLIO_V02_P1,2015-04-01,185575236.17163143,5384824.1322034495,18214405.0,209174465.3038349,-0.000648687505861556,0.08707757408889653,0.9129224259111035,3,False,True,OBSERVED_BELOW_90_COVERAGE,21.69295140006437
2015-04-02,PATTERN_B_ET_REALISTIC_PORTFOLIO_V02_P1,2015-04-02,190960060.3038349,0.0,17656755.0,208616815.3038349,-0.003312914511786391,0.08463725694539172,0.9153627430546083,3,False,True,OBSERVED_BELOW_90_COVERAGE,21.69295140006437
2015-04-03,PATTERN_B_ET_REALISTIC_PORTFOLIO_V02_P1,2015-04-03,190960060.3038349,0.0,17604110.0,208564170.3038349,-0.0035644311095213155,0.08440620445186942,0.9155937955481306,3,False,True,OBSERVED_BELOW_90_COVERAGE,21.69295140006437
2015-04-06,PATTERN_B_ET_REALISTIC_PORTFOLIO_V02_P1,2015-04-06,190960060.3038349,0.0,17189025.0,208149085.3038349,-0.0055475399892026545,0.08258035328336517,0.9174196467166348,3,False,True,OBSERVED_BELOW_90_COVERAGE,21.69295140006437
2015-04-07,PATTERN_B_ET_REALISTIC_PORTFOLIO_V02_P1,2015-04-07,190960060.3038349,0.0,17244605.0,208204665.3038349,-0.005282001144068071,0.08282525742079216,0.9171747425792078,3,False,True,OBSERVED_BELOW_90_COVERAGE,21.69295140006437
2015-04-08,PATTERN_B_ET_REALISTIC_PORTFOLIO_V02_P1,2015-04-08,190960060.3038349,0.0,17479570.0,208439630.3038349,-0.004159433048583239,0.08385914892729691,0.916140851072703,3,False,True,OBSERVED_BELOW_90_COVERAGE,21.69295140006437
2015-04-09,PATTERN_B_ET_REALISTIC_PORTFOLIO_V02_P1,2015-04-09,190960060.3038349,0.0,17905335.0,208865395.3038349,-0.002125299432197414,0.08572667087313936,0.9142733291268607,3,False,True,OBSERVED_BELOW_90_COVERAGE,21.69295140006437
2015-04-10,PATTERN_B_ET_REALISTIC_PORTFOLIO_V02_P1,2015-04-10,190960060.3038349,0.0,17680885.0,208640945.3038349,-0.0031976310944942243,0.08474312160660546,0.9152568783933945,3,False,True,OBSERVED_BELOW_90_COVERAGE,21.69295140006437
2015-04-13,PATTERN_B_ET_REALISTIC_PORTFOLIO_V02_P1,2015-04-13,190960060.3038349,0.0,17529955.0,208490015.3038349,-0.003918713820225794,0.08408054925054034,0.9159194507494597,3,False,True,OBSERVED_BELOW_90_COVERAGE,21.69295140006437
2015-04-14,PATTERN_B_ET_REALISTIC_PORTFOLIO_V02_P1,2015-04-14,190960060.3038349,0.0,17307255.0,208267315.3038349,-0.004982684687650618,0.08310115763844639,0.9168988423615536,3,False,True,OBSERVED_BELOW_90_COVERAGE,21.69295140006437
2015-04-15,PATTERN_B_ET_REALISTIC_PORTFOLIO_V02_P1,2015-04-15,190960060.3038349,0.0,18327465.0,209287525.3038349,-0.00010853238115993147,0.08757074734097482,0.9124292526590252,3,False,True,OBSERVED_BELOW_90_COVERAGE,21.69295140006437
2015-04-16,PATTERN_B_ET_REALISTIC_PORTFOLIO_V02_P1,2015-04-16,190960060.3038349,0.0,19474605.0,210434665.3038349,0.0,0.09254466212532855,0.9074553378746715,3,False,True,OBSERVED_BELOW_90_COVERAGE,21.69295140006437
2015-04-17,PATTERN_B_ET_REALISTIC_PORTFOLIO_V02_P1,2015-04-17,190960060.3038349,0.0,20464585.0,211424645.3038349,0.0,0.09679375349354699,0.903206246506453,3,False,True,OBSERVED_BELOW_90_COVERAGE,21.69295140006437
2015-04-20,PATTERN_B_ET_REALISTIC_PORTFOLIO_V02_P1,2015-04-20,190960060.3038349,0.0,19377685.0,210337745.3038349,-0.005140838706093276,0.0921265223795603,0.9078734776204397,3,False,True,OBSERVED_BELOW_90_COVERAGE,21.69295140006437
2015-04-21,PATTERN_B_ET_REALISTIC_PORTFOLIO_V02_P1,2015-04-21,190960060.3038349,0.0,20614635.0,211574695.3038349,0.0,0.09743431259771428,0.9025656874022857,3,False,True,OBSERVED_BELOW_90_COVERAGE,21.69295140006437
2015-04-22,PATTERN_B_ET_REALISTIC_PORTFOLIO_V02_P1,2015-04-22,190960060.3038349,0.0,18683990.0,209644050.3038349,-0.009125122440693856,0.08912244336493926,0.9108775566350608,3,False,True,OBSERVED_BELOW_90_COVERAGE,21.69295140006437
2015-04-23,PATTERN_B_ET_REALISTIC_PORTFOLIO_V02_P1,2015-04-23,190960060.3038349,0.0,,,,,,3,False,False,OBSERVED_BELOW_90_COVERAGE,21.69295140006437
2015-04-24,PATTERN_B_ET_REALISTIC_PORTFOLIO_V02_P1,2015-04-24,190960060.3038349,0.0,17107735.0,208067795.3038349,-0.01657523360704294,0.08222192663222154,0.9177780733677785,3,False,True,OBSERVED_BELOW_90_COVERAGE,21.69295140006437
2015-04-27,PATTERN_B_ET_REALISTIC_PORTFOLIO_V02_P1,2015-04-27,190960060.3038349,0.0,16850410.0,207810470.3038349,-0.01779147073611209,0.08108547165772449,0.9189145283422755,3,False,True,OBSERVED_BELOW_90_COVERAGE,21.69295140006437
2015-04-28,PATTERN_B_ET_REALISTIC_PORTFOLIO_V02_P1,2015-04-28,190960060.3038349,0.0,,,,,,3,False,False,OBSERVED_BELOW_90_COVERAGE,21.69295140006437
2015-04-29,PATTERN_B_ET_REALISTIC_PORTFOLIO_V02_P1,2015-04-29,190960060.3038349,0.0,,,,,,3,False,False,OBSERVED_BELOW_90_COVERAGE,21.69295140006437
2015-04-30,PATTERN_B_ET_REALISTIC_PORTFOLIO_V02_P1,2015-04-30,190960060.3038349,0.0,,,,,,3,False,False,OBSERVED_BELOW_90_COVERAGE,21.69295140006437
2015-05-04,PATTERN_B_ET_REALISTIC_PORTFOLIO_V02_P1,2015-05-04,190960060.3038349,6802469.176545,,,,,,2,False,False,OBSERVED_BELOW_90_COVERAGE,21.69295140006437
2015-05-06,PATTERN_B_ET_REALISTIC_PORTFOLIO_V02_P1,2015-05-06,197762529.48037988,0.0,,,,,,2,False,False,OBSERVED_BELOW_90_COVERAGE,21.69295140006437
2015-05-07,PATTERN_B_ET_REALISTIC_PORTFOLIO_V02_P1,2015-05-07,197762529.48037988,0.0,,,,,,2,False,False,OBSERVED_BELOW_90_COVERAGE,21.69295140006437
2015-05-08,PATTERN_B_ET_REALISTIC_PORTFOLIO_V02_P1,2015-05-08,197762529.48037988,0.0,,,,,,2,False,False,OBSERVED_BELOW_90_COVERAGE,21.69295140006437
2015-05-11,PATTERN_B_ET_REALISTIC_PORTFOLIO_V02_P1,2015-05-11,197762529.48037988,0.0,,,,,,2,False,False,OBSERVED_BELOW_90_COVERAGE,21.69295140006437
2015-05-12,PATTERN_B_ET_REALISTIC_PORTFOLIO_V02_P1,2015-05-12,197762529.48037988,0.0,,,,,,2,False,False,OBSERVED_BELOW_90_COVERAGE,21.69295140006437
2015-05-13,PATTERN_B_ET_REALISTIC_PORTFOLIO_V02_P1,2015-05-13,197762529.48037988,0.0,,,,,,2,False,False,OBSERVED_BELOW_90_COVERAGE,21.69295140006437
2015-05-14,PATTERN_B_ET_REALISTIC_PORTFOLIO_V02_P1,2015-05-14,197762529.48037988,0.0,8895450.0,206657979.48037988,-0.023238676139385572,0.04304430935774505,0.9569556906422549,2,False,True,OBSERVED_BELOW_90_COVERAGE,21.69295140006437
2015-05-15,PATTERN_B_ET_REALISTIC_PORTFOLIO_V02_P1,2015-05-15,197762529.48037988,0.0,8836785.0,206599314.48037988,-0.0235159540998513,0.042772576580060256,0.9572274234199397,2,False,True,OBSERVED_BELOW_90_COVERAGE,21.69295140006437
2015-05-18,PATTERN_B_ET_REALISTIC_PORTFOLIO_V02_P1,2015-05-18,197762529.48037988,0.0,8446790.0,206209319.48037988,-0.02535925109451287,0.040962212674406716,0.9590377873255933,2,False,True,OBSERVED_BELOW_90_COVERAGE,21.69295140006437
2015-05-19,PATTERN_B_ET_REALISTIC_PORTFOLIO_V02_P1,2015-05-19,197762529.48037988,0.0,8231860.0,205994389.48037988,-0.026375109818503217,0.03996157381162098,0.960038426188379,2,False,True,OBSERVED_BELOW_90_COVERAGE,21.69295140006437
2015-05-20,PATTERN_B_ET_REALISTIC_PORTFOLIO_V02_P1,2015-05-20,197762529.48037988,0.0,,,,,,2,False,False,OBSERVED_BELOW_90_COVERAGE,21.69295140006437
2015-05-21,PATTERN_B_ET_REALISTIC_PORTFOLIO_V02_P1,2015-05-21,197762529.48037988,0.0,8937405.0,206699934.48037988,-0.02304037737809117,0.0432385478131264,0.9567614521868736,2,False,True,OBSERVED_BELOW_90_COVERAGE,21.69295140006437
2015-05-22,PATTERN_B_ET_REALISTIC_PORTFOLIO_V02_P1,2015-05-22,197762529.48037988,0.0,9327805.0,207090334.48037988,-0.021195166165855372,0.04504220355529791,0.9549577964447021,2,False,True,OBSERVED_BELOW_90_COVERAGE,21.69295140006437
2015-05-26,PATTERN_B_ET_REALISTIC_PORTFOLIO_V02_P1,2015-05-26,197762529.48037988,0.0,9319565.0,207082094.48037988,-0.02123411222217919,0.04500420484631996,0.95499579515368,2,False,True,OBSERVED_BELOW_90_COVERAGE,21.69295140006437
2015-05-27,PATTERN_B_ET_REALISTIC_PORTFOLIO_V02_P1,2015-05-27,197762529.48037988,0.0,9423100.0,207185629.48037988,-0.02074475786034824,0.045481436254208696,0.9545185637457912,2,False,True,OBSERVED_BELOW_90_COVERAGE,21.69295140006437
2015-05-28,PATTERN_B_ET_REALISTIC_PORTFOLIO_V02_P1,2015-05-28,197762529.48037988,0.0,9369800.0,207132329.48037988,-0.020996678346035136,0.04523581627023382,0.9547641837297662,2,False,True,OBSERVED_BELOW_90_COVERAGE,21.69295140006437
2015-05-29,PATTERN_B_ET_REALISTIC_PORTFOLIO_V02_P1,2015-05-29,197762529.48037988,0.0,9208045.0,206970574.48037988,-0.021761207392231863,0.04448963348107676,0.9555103665189233,2,False,True,OBSERVED_BELOW_90_COVERAGE,21.69295140006437
2015-06-01,PATTERN_B_ET_REALISTIC_PORTFOLIO_V02_P1,2015-06-01,197762529.48037988,0.0,8520370.0,206282899.48037988,-0.02501147793622316,0.0413042962914645,0.9586957037085355,2,False,True,OBSERVED_BELOW_90_COVERAGE,21.69295140006437
2015-06-02,PATTERN_B_ET_REALISTIC_PORTFOLIO_V02_P1,2015-06-02,197762529.48037988,0.0,7996810.0,205759339.48037988,-0.02748606498099304,0.038864870096273485,0.9611351299037265,2,False,True,OBSERVED_BELOW_90_COVERAGE,21.69295140006437
2015-06-03,PATTERN_B_ET_REALISTIC_PORTFOLIO_V02_P1,2015-06-03,197762529.48037988,0.0,7880500.0,205643029.48037988,-0.028035799909515435,0.038321260000460496,0.9616787399995395,2,False,True,OBSERVED_BELOW_90_COVERAGE,21.69295140006437
2015-06-04,PATTERN_B_ET_REALISTIC_PORTFOLIO_V02_P1,2015-06-04,197762529.48037988,0.0,7907010.0,205669539.48037988,-0.02791050137151241,0.03844521663235552,0.9615547833676444,2,False,True,OBSERVED_BELOW_90_COVERAGE,21.69295140006437
2015-06-05,PATTERN_B_ET_REALISTIC_PORTFOLIO_V02_P1,2015-06-05,197762529.48037988,0.0,8057980.0,205820509.48037988,-0.02719694723034638,0.039150520132048054,0.960849479867952,2,False,True,OBSERVED_BELOW_90_COVERAGE,21.69295140006437
2015-06-08,PATTERN_B_ET_REALISTIC_PORTFOLIO_V02_P1,2015-06-08,197762529.48037988,0.0,8049705.0,205812234.48037988,-0.027236058712880262,0.03911188768890889,0.9608881123110911,2,False,True,OBSERVED_BELOW_90_COVERAGE,21.69295140006437
2015-06-09,PATTERN_B_ET_REALISTIC_PORTFOLIO_V02_P1,2015-06-09,197762529.48037988,0.0,8215590.0,205978119.48037988,-0.02645200937389025,0.03988574136284686,0.9601142586371532,2,False,True,OBSERVED_BELOW_90_COVERAGE,21.69295140006437
2015-06-10,PATTERN_B_ET_REALISTIC_PORTFOLIO_V02_P1,2015-06-10,197762529.48037988,0.0,8214650.0,205977179.48037988,-0.02645645224924753,0.03988135977355917,0.9601186402264408,2,False,True,OBSERVED_BELOW_90_COVERAGE,21.69295140006437
2015-06-11,PATTERN_B_ET_REALISTIC_PORTFOLIO_V02_P1,2015-06-11,197762529.48037988,0.0,8205595.0,205968124.48037988,-0.026499250373035466,0.03983914996896352,0.9601608500310365,2,False,True,OBSERVED_BELOW_90_COVERAGE,21.69295140006437
2015-06-12,PATTERN_B_ET_REALISTIC_PORTFOLIO_V02_P1,2015-06-12,197762529.48037988,0.0,8147785.0,205910314.48037988,-0.026772487207511242,0.03956958164315931,0.9604304183568407,2,False,True,OBSERVED_BELOW_90_COVERAGE,21.69295140006437
2015-06-15,PATTERN_B_ET_REALISTIC_PORTFOLIO_V02_P1,2015-06-15,197762529.48037988,0.0,8067160.0,205829689.48037988,-0.02715355829866517,0.039193373999473376,0.9608066260005266,2,False,True,OBSERVED_BELOW_90_COVERAGE,21.69295140006437
2015-06-16,PATTERN_B_ET_REALISTIC_PORTFOLIO_V02_P1,2015-06-16,197762529.48037988,0.0,7939625.0,205702154.48037988,-0.027756347776002555,0.038597675459725395,0.9614023245402746,2,False,True,OBSERVED_BELOW_90_COVERAGE,21.69295140006437
2015-06-17,PATTERN_B_ET_REALISTIC_PORTFOLIO_V02_P1,2015-06-17,197762529.48037988,0.0,8758695.0,206521224.48037988,-0.02388504360692989,0.04241062884474667,0.9575893711552533,2,False,True,OBSERVED_BELOW_90_COVERAGE,21.69295140006437
2015-06-18,PATTERN_B_ET_REALISTIC_PORTFOLIO_V02_P1,2015-06-18,197762529.48037988,0.0,8546270.0,206308799.48037988,-0.024889062540739304,0.04142465091903536,0.9585753490809646,2,False,True,OBSERVED_BELOW_90_COVERAGE,21.69295140006437
2015-06-19,PATTERN_B_ET_REALISTIC_PORTFOLIO_V02_P1,2015-06-19,197762529.48037988,0.0,8759600.0,206522129.48037988,-0.023880766157782674,0.04241482509423855,0.9575851749057614,2,False,True,OBSERVED_BELOW_90_COVERAGE,21.69295140006437
2015-06-22,PATTERN_B_ET_REALISTIC_PORTFOLIO_V02_P1,2015-06-22,197762529.48037988,0.0,8727560.0,206490089.48037988,-0.02403220203698364,0.04226624155165214,0.9577337584483478,2,False,True,OBSERVED_BELOW_90_COVERAGE,21.69295140006437
2015-06-23,PATTERN_B_ET_REALISTIC_PORTFOLIO_V02_P1,2015-06-23,197762529.48037988,0.0,8773365.0,206535894.48037988,-0.023815706392576685,0.042478645283778683,0.9575213547162214,2,False,True,OBSERVED_BELOW_90_COVERAGE,21.69295140006437
2015-06-24,PATTERN_B_ET_REALISTIC_PORTFOLIO_V02_P1,2015-06-24,197762529.48037988,0.0,9377255.0,207139784.48037988,-0.02096144256328092,0.045270178413689556,0.9547298215863105,2,False,True,OBSERVED_BELOW_90_COVERAGE,21.69295140006437
2015-06-25,PATTERN_B_ET_REALISTIC_PORTFOLIO_V02_P1,2015-06-25,197762529.48037988,0.0,9616350.0,207378879.48037988,-0.01983136885736525,0.04637092274823388,0.9536290772517662,2,False,True,OBSERVED_BELOW_90_COVERAGE,21.69295140006437
2015-06-26,PATTERN_B_ET_REALISTIC_PORTFOLIO_V02_P1,2015-06-26,197762529.48037988,0.0,9334115.0,207096644.48037988,-0.02116534218340349,0.045071300036849726,0.9549286999631503,2,False,True,OBSERVED_BELOW_90_COVERAGE,21.69295140006437
2015-06-29,PATTERN_B_ET_REALISTIC_PORTFOLIO_V02_P1,2015-06-29,197762529.48037988,0.0,8789380.0,206551909.48037988,-0.023740012085291973,0.04255288669134716,0.9574471133086528,2,False,True,OBSERVED_BELOW_90_COVERAGE,21.69295140006437
2015-06-30,PATTERN_B_ET_REALISTIC_PORTFOLIO_V02_P1,2015-06-30,197762529.48037988,0.0,9189650.0,206952179.48037988,-0.021848150681804235,0.04440470268577783,0.9555952973142222,2,False,True,OBSERVED_BELOW_90_COVERAGE,21.69295140006437
2015-07-01,PATTERN_B_ET_REALISTIC_PORTFOLIO_V02_P1,2015-07-01,187765845.0025999,0.0,19425585.0,207191430.0025999,-0.020717341905847175,0.09375670122917845,0.9062432987708215,4,False,True,OBSERVED_BELOW_90_COVERAGE,21.69295140006437
2015-07-02,PATTERN_B_ET_REALISTIC_PORTFOLIO_V02_P1,2015-07-02,187765845.0025999,0.0,19258595.0,207024440.0025999,-0.021506613986613687,0.09302570749500949,0.9069742925049905,4,False,True,OBSERVED_BELOW_90_COVERAGE,21.69295140006437
2015-07-03,PATTERN_B_ET_REALISTIC_PORTFOLIO_V02_P1,2015-07-03,187765845.0025999,0.0,19073325.0,206839170.0025999,-0.02238228581369084,0.0922133123999688,0.9077866876000312,4,False,True,OBSERVED_BELOW_90_COVERAGE,21.69295140006437
2015-07-06,PATTERN_B_ET_REALISTIC_PORTFOLIO_V02_P1,2015-07-06,187765845.0025999,0.0,18547020.0,206312865.0025999,-0.024869846999796774,0.08989754468179324,0.9101024553182068,4,False,True,OBSERVED_BELOW_90_COVERAGE,21.69295140006437
2015-07-07,PATTERN_B_ET_REALISTIC_PORTFOLIO_V02_P1,2015-07-07,187765845.0025999,0.0,18546830.0,206312675.0025999,-0.024870745027794516,0.08989670653907365,0.9101032934609263,4,False,True,OBSERVED_BELOW_90_COVERAGE,21.69295140006437
2015-07-08,PATTERN_B_ET_REALISTIC_PORTFOLIO_V02_P1,2015-07-08,187765845.0025999,0.0,18753560.0,206519405.0025999,-0.023893643301602152,0.09080773789641661,0.9091922621035834,4,False,True,OBSERVED_BELOW_90_COVERAGE,21.69295140006437
2015-07-09,PATTERN_B_ET_REALISTIC_PORTFOLIO_V02_P1,2015-07-09,187765845.0025999,0.0,18449015.0,206214860.0025999,-0.025333064020429896,0.08946501236510017,0.9105349876348998,4,False,True,OBSERVED_BELOW_90_COVERAGE,21.69295140006437
2015-07-10,PATTERN_B_ET_REALISTIC_PORTFOLIO_V02_P1,2015-07-10,187765845.0025999,0.0,18826290.0,206592135.0025999,-0.02354988763698662,0.09112781568263999,0.90887218431736,4,False,True,OBSERVED_BELOW_90_COVERAGE,21.69295140006437
2015-07-13,PATTERN_B_ET_REALISTIC_PORTFOLIO_V02_P1,2015-07-13,187765845.0025999,0.0,19157175.0,206923020.0025999,-0.02198597187889073,0.0925811685899389,0.9074188314100611,4,False,True,OBSERVED_BELOW_90_COVERAGE,21.69295140006437
2015-07-14,PATTERN_B_ET_REALISTIC_PORTFOLIO_V02_P1,2015-07-14,187765845.0025999,0.0,19134610.0,206900455.0025999,-0.022092624519782333,0.09248220357833217,0.9075177964216679,4,False,True,OBSERVED_BELOW_90_COVERAGE,21.69295140006437
2015-07-15,PATTERN_B_ET_REALISTIC_PORTFOLIO_V02_P1,2015-07-15,187765845.0025999,0.0,19269125.0,207034970.0025999,-0.02145684432968531,0.09307183708992747,0.9069281629100725,4,False,True,OBSERVED_BELOW_90_COVERAGE,21.69295140006437
2015-07-16,PATTERN_B_ET_REALISTIC_PORTFOLIO_V02_P1,2015-07-16,187765845.0025999,0.0,20095870.0,207861715.0025999,-0.017549264555966393,0.09667903490428069,0.9033209650957194,4,False,True,OBSERVED_BELOW_90_COVERAGE,21.69295140006437
2015-07-17,PATTERN_B_ET_REALISTIC_PORTFOLIO_V02_P1,2015-07-17,187765845.0025999,0.0,19883485.0,207649330.0025999,-0.018553094431249972,0.09575511271695915,0.9042448872830409,4,False,True,OBSERVED_BELOW_90_COVERAGE,21.69295140006437
2015-07-20,PATTERN_B_ET_REALISTIC_PORTFOLIO_V02_P1,2015-07-20,187765845.0025999,0.0,20976060.0,208741905.0025999,-0.013389078959404443,0.10048801652806005,0.89951198347194,4,False,True,OBSERVED_BELOW_90_COVERAGE,21.69295140006437
2015-07-21,PATTERN_B_ET_REALISTIC_PORTFOLIO_V02_P1,2015-07-21,187765845.0025999,0.0,20557220.0,208323065.0025999,-0.015368710783515205,0.09867951971493624,0.9013204802850637,4,False,True,OBSERVED_BELOW_90_COVERAGE,21.69295140006437
2015-07-22,PATTERN_B_ET_REALISTIC_PORTFOLIO_V02_P1,2015-07-22,187765845.0025999,0.0,20785490.0,208551335.0025999,-0.014289801041155958,0.09966606063557866,0.9003339393644213,4,False,True,OBSERVED_BELOW_90_COVERAGE,21.69295140006437
2015-07-23,PATTERN_B_ET_REALISTIC_PORTFOLIO_V02_P1,2015-07-23,187765845.0025999,0.0,21273640.0,209039485.0025999,-0.01198257805638936,0.10176852473462328,0.8982314752653767,4,False,True,OBSERVED_BELOW_90_COVERAGE,21.69295140006437
2015-07-24,PATTERN_B_ET_REALISTIC_PORTFOLIO_V02_P1,2015-07-24,187765845.0025999,0.0,20929990.0,208695835.0025999,-0.01360682711654515,0.10028944755768249,0.8997105524423175,4,False,True,OBSERVED_BELOW_90_COVERAGE,21.69295140006437
2015-07-27,PATTERN_B_ET_REALISTIC_PORTFOLIO_V02_P1,2015-07-27,187765845.0025999,0.0,20366780.0,208132625.0025999,-0.016268818425057674,0.09785481732979434,0.9021451826702056,4,False,True,OBSERVED_BELOW_90_COVERAGE,21.69295140006437
2015-07-28,PATTERN_B_ET_REALISTIC_PORTFOLIO_V02_P1,2015-07-28,187765845.0025999,0.0,19752545.0,207518390.0025999,-0.019171977515599736,0.09518455207633661,0.9048154479236634,4,False,True,OBSERVED_BELOW_90_COVERAGE,21.69295140006437
2015-07-29,PATTERN_B_ET_REALISTIC_PORTFOLIO_V02_P1,2015-07-29,187765845.0025999,0.0,19572955.0,207338800.0025999,-0.02002080303200704,0.0944008309093839,0.9055991690906161,4,False,True,OBSERVED_BELOW_90_COVERAGE,21.69295140006437
2015-07-30,PATTERN_B_ET_REALISTIC_PORTFOLIO_V02_P1,2015-07-30,187765845.0025999,0.0,19130750.0,206896595.0025999,-0.022110868667526318,0.09246527232485194,0.9075347276751481,4,False,True,OBSERVED_BELOW_90_COVERAGE,21.69295140006437
2015-07-31,PATTERN_B_ET_REALISTIC_PORTFOLIO_V02_P1,2015-07-31,187765845.0025999,0.0,19244640.0,207010485.0025999,-0.02157257177981753,0.09296456650376092,0.907035433496239,4,False,True,OBSERVED_BELOW_90_COVERAGE,21.69295140006437
2015-08-03,PATTERN_B_ET_REALISTIC_PORTFOLIO_V02_P1,2015-08-03,187765845.0025999,10569232.97721,8711250.0,207046327.97980988,-0.021403161268988113,0.04207391691027468,0.9579260830897254,2,False,True,OBSERVED_BELOW_90_COVERAGE,21.69295140006437
2015-08-04,PATTERN_B_ET_REALISTIC_PORTFOLIO_V02_P1,2015-08-04,198335077.97980988,0.0,8860505.0,207195582.97980988,-0.020697713012117647,0.042763966647220514,0.9572360333527795,2,False,True,OBSERVED_BELOW_90_COVERAGE,21.69295140006437
2015-08-05,PATTERN_B_ET_REALISTIC_PORTFOLIO_V02_P1,2015-08-05,198335077.97980988,0.0,8979525.0,207314602.97980988,-0.020135169368469263,0.043313519023425985,0.956686480976574,2,False,True,OBSERVED_BELOW_90_COVERAGE,21.69295140006437
2015-08-06,PATTERN_B_ET_REALISTIC_PORTFOLIO_V02_P1,2015-08-06,198335077.97980988,0.0,8922900.0,207257977.97980988,-0.02040280534411698,0.04305214248915054,0.9569478575108494,2,False,True,OBSERVED_BELOW_90_COVERAGE,21.69295140006437
2015-08-07,PATTERN_B_ET_REALISTIC_PORTFOLIO_V02_P1,2015-08-07,198335077.97980988,0.0,8934040.0,207269117.97980988,-0.02035015254466943,0.04310357513496182,0.9568964248650382,2,False,True,OBSERVED_BELOW_90_COVERAGE,21.69295140006437
2015-08-10,PATTERN_B_ET_REALISTIC_PORTFOLIO_V02_P1,2015-08-10,198335077.97980988,0.0,8995210.0,207330287.97980988,-0.02006103479402277,0.0433858944954341,0.9566141055045659,2,False,True,OBSERVED_BELOW_90_COVERAGE,21.69295140006437
2015-08-11,PATTERN_B_ET_REALISTIC_PORTFOLIO_V02_P1,2015-08-11,198335077.97980988,0.0,8743370.0,207078447.97980988,-0.021251347272735588,0.04222250111152309,0.9577774988884769,2,False,True,OBSERVED_BELOW_90_COVERAGE,21.69295140006437
2015-08-12,PATTERN_B_ET_REALISTIC_PORTFOLIO_V02_P1,2015-08-12,198335077.97980988,0.0,8366160.0,206701237.97980988,-0.023034216436074284,0.04047464873344004,0.9595253512665599,2,False,True,OBSERVED_BELOW_90_COVERAGE,21.69295140006437
2015-08-13,PATTERN_B_ET_REALISTIC_PORTFOLIO_V02_P1,2015-08-13,198335077.97980988,0.0,8559255.0,206894332.97980988,-0.022121560034878973,0.041370176150911146,0.9586298238490889,2,False,True,OBSERVED_BELOW_90_COVERAGE,21.69295140006437
2015-08-17,PATTERN_B_ET_REALISTIC_PORTFOLIO_V02_P1,2015-08-17,198335077.97980988,0.0,8354160.0,206689237.97980988,-0.023090933993827445,0.04041894044244366,0.9595810595575563,2,False,True,OBSERVED_BELOW_90_COVERAGE,21.69295140006437
2015-08-18,PATTERN_B_ET_REALISTIC_PORTFOLIO_V02_P1,2015-08-18,198335077.97980988,0.0,7906320.0,206241397.97980988,-0.025207633249174966,0.03833527156741826,0.9616647284325818,2,False,True,OBSERVED_BELOW_90_COVERAGE,21.69295140006437
2015-08-19,PATTERN_B_ET_REALISTIC_PORTFOLIO_V02_P1,2015-08-19,198335077.97980988,0.0,7367975.0,205703052.97980988,-0.027752101051559785,0.03581850095692639,0.9641814990430736,2,False,True,OBSERVED_BELOW_90_COVERAGE,21.69295140006437
2015-08-20,PATTERN_B_ET_REALISTIC_PORTFOLIO_V02_P1,2015-08-20,198335077.97980988,0.0,7324795.0,205659872.97980988,-0.027956189730208192,0.03561606303588009,0.96438393696412,2,False,True,OBSERVED_BELOW_90_COVERAGE,21.69295140006437
2015-08-21,PATTERN_B_ET_REALISTIC_PORTFOLIO_V02_P1,2015-08-21,198335077.97980988,0.0,6672800.0,205007877.97980988,-0.031037820069146904,0.03254899307165732,0.9674510069283427,2,False,True,OBSERVED_BELOW_90_COVERAGE,21.69295140006437
2015-08-24,PATTERN_B_ET_REALISTIC_PORTFOLIO_V02_P1,2015-08-24,198335077.97980988,0.0,6805785.0,205140862.97980988,-0.03040927136766336,0.033176154673141986,0.9668238453268581,2,False,True,OBSERVED_BELOW_90_COVERAGE,21.69295140006437
2015-08-25,PATTERN_B_ET_REALISTIC_PORTFOLIO_V02_P1,2015-08-25,198335077.97980988,0.0,7256170.0,205591247.97980988,-0.02828054326360907,0.03529415805050511,0.9647058419494949,2,False,True,OBSERVED_BELOW_90_COVERAGE,21.69295140006437
2015-08-26,PATTERN_B_ET_REALISTIC_PORTFOLIO_V02_P1,2015-08-26,198335077.97980988,0.0,7716710.0,206051787.97980988,-0.026103817926306117,0.03745034234187828,0.9625496576581217,2,False,True,OBSERVED_BELOW_90_COVERAGE,21.69295140006437
2015-08-27,PATTERN_B_ET_REALISTIC_PORTFOLIO_V02_P1,2015-08-27,198335077.97980988,0.0,7805415.0,206140492.97980988,-0.025684557012931708,0.03786454028110086,0.9621354597188991,2,False,True,OBSERVED_BELOW_90_COVERAGE,21.69295140006437
2015-08-28,PATTERN_B_ET_REALISTIC_PORTFOLIO_V02_P1,2015-08-28,198335077.97980988,0.0,8091955.0,206427032.97980988,-0.02433023626304942,0.03920007415303719,0.9607999258469628,2,False,True,OBSERVED_BELOW_90_COVERAGE,21.69295140006437
2015-08-31,PATTERN_B_ET_REALISTIC_PORTFOLIO_V02_P1,2015-08-31,198335077.97980988,0.0,8177050.0,206512127.97980988,-0.023928037881632447,0.039595979567841395,0.9604040204321586,2,False,True,OBSERVED_BELOW_90_COVERAGE,21.69295140006437
2015-09-01,PATTERN_B_ET_REALISTIC_PORTFOLIO_V02_P1,2015-09-01,148406754.89056537,0.0,56885987.0,205292741.89056537,-0.029691421293308373,0.2770969225513292,0.7229030774486709,12,False,True,OBSERVED_BELOW_90_COVERAGE,21.69295140006437
2015-09-02,PATTERN_B_ET_REALISTIC_PORTFOLIO_V02_P1,2015-09-02,148406754.89056537,0.0,56554717.0,204961471.89056537,-0.03125715673971552,0.2759285268511154,0.7240714731488846,12,False,True,OBSERVED_BELOW_90_COVERAGE,21.69295140006437
2015-09-03,PATTERN_B_ET_REALISTIC_PORTFOLIO_V02_P1,2015-09-03,148406754.89056537,0.0,57076803.0,205483557.89056537,-0.02878953650162297,0.27776822430920467,0.7222317756907953,12,False,True,OBSERVED_BELOW_90_COVERAGE,21.69295140006437
2015-09-04,PATTERN_B_ET_REALISTIC_PORTFOLIO_V02_P1,2015-09-04,148406754.89056537,0.0,55397638.0,203804392.89056537,-0.03672604799033674,0.27181768368332604,0.728182316316674,12,False,True,OBSERVED_BELOW_90_COVERAGE,21.69295140006437
2015-09-07,PATTERN_B_ET_REALISTIC_PORTFOLIO_V02_P1,2015-09-07,148406754.89056537,0.0,55509097.0,203915851.89056537,-0.0361992411345361,0.27221570312145144,0.7277842968785486,12,False,True,OBSERVED_BELOW_90_COVERAGE,21.69295140006437
2015-09-08,PATTERN_B_ET_REALISTIC_PORTFOLIO_V02_P1,2015-09-08,148406754.89056537,0.0,54296699.0,202703453.89056537,-0.041929595599936254,0.2678627224048854,0.7321372775951146,12,False,True,OBSERVED_BELOW_90_COVERAGE,21.69295140006437
2015-09-09,PATTERN_B_ET_REALISTIC_PORTFOLIO_V02_P1,2015-09-09,148406754.89056537,0.0,55877554.0,204284308.89056537,-0.03445774270311508,0.2735283698658103,0.7264716301341897,12,False,True,OBSERVED_BELOW_90_COVERAGE,21.69295140006437
2015-09-10,PATTERN_B_ET_REALISTIC_PORTFOLIO_V02_P1,2015-09-10,148406754.89056537,0.0,,,,,,12,False,False,OBSERVED_BELOW_90_COVERAGE,21.69295140006437
2015-09-11,PATTERN_B_ET_REALISTIC_PORTFOLIO_V02_P1,2015-09-11,148406754.89056537,0.0,57554682.0,205961436.89056537,-0.02653085901982999,0.27944397198287585,0.7205560280171242,12,False,True,OBSERVED_BELOW_90_COVERAGE,21.69295140006437
2015-09-14,PATTERN_B_ET_REALISTIC_PORTFOLIO_V02_P1,2015-09-14,148406754.89056537,0.0,58028068.0,206434822.89056537,-0.024293417536952244,0.28109631498926746,0.7189036850107325,12,False,True,OBSERVED_BELOW_90_COVERAGE,21.69295140006437
2015-09-15,PATTERN_B_ET_REALISTIC_PORTFOLIO_V02_P1,2015-09-15,148406754.89056537,0.0,,,,,,12,False,False,OBSERVED_BELOW_90_COVERAGE,21.69295140006437
2015-09-16,PATTERN_B_ET_REALISTIC_PORTFOLIO_V02_P1,2015-09-16,148406754.89056537,0.0,59443550.0,207850304.89056537,-0.017603194029990443,0.2859921231835452,0.7140078768164548,12,False,True,OBSERVED_BELOW_90_COVERAGE,21.69295140006437
2015-09-17,PATTERN_B_ET_REALISTIC_PORTFOLIO_V02_P1,2015-09-17,148406754.89056537,0.0,59248249.0,207655003.89056537,-0.018526277008886094,0.2853205937248878,0.7146794062751122,12,False,True,OBSERVED_BELOW_90_COVERAGE,21.69295140006437
2015-09-18,PATTERN_B_ET_REALISTIC_PORTFOLIO_V02_P1,2015-09-18,148406754.89056537,0.0,,,,,,12,False,False,OBSERVED_BELOW_90_COVERAGE,21.69295140006437
2015-09-21,PATTERN_B_ET_REALISTIC_PORTFOLIO_V02_P1,2015-09-21,148406754.89056537,0.0,,,,,,12,False,False,OBSERVED_BELOW_90_COVERAGE,21.69295140006437
2015-09-22,PATTERN_B_ET_REALISTIC_PORTFOLIO_V02_P1,2015-09-22,148406754.89056537,0.0,61806269.0,210213023.89056537,-0.006435889751910451,0.29401731565488387,0.7059826843451161,12,False,True,OBSERVED_BELOW_90_COVERAGE,21.69295140006437
2015-09-23,PATTERN_B_ET_REALISTIC_PORTFOLIO_V02_P1,2015-09-23,148406754.89056537,0.0,60594932.0,209001686.89056537,-0.012161229439912491,0.2899255642454594,0.7100744357545405,12,False,True,OBSERVED_BELOW_90_COVERAGE,21.69295140006437
2015-09-24,PATTERN_B_ET_REALISTIC_PORTFOLIO_V02_P1,2015-09-24,148406754.89056537,0.0,61965725.0,210372479.89056537,-0.005682226844486604,0.29455242925421726,0.7054475707457827,12,False,True,OBSERVED_BELOW_90_COVERAGE,21.69295140006437
2015-09-25,PATTERN_B_ET_REALISTIC_PORTFOLIO_V02_P1,2015-09-25,148406754.89056537,0.0,61970493.0,210377247.89056537,-0.005659691068205963,0.29456841755167357,0.7054315824483264,12,False,True,OBSERVED_BELOW_90_COVERAGE,21.69295140006437
2015-09-30,PATTERN_B_ET_REALISTIC_PORTFOLIO_V02_P1,2015-09-30,148406754.89056537,0.0,62788210.0,211194964.89056537,-0.001794781803770018,0.2972997487536452,0.7027002512463548,12,False,True,OBSERVED_BELOW_90_COVERAGE,21.69295140006437
2015-10-01,PATTERN_B_ET_REALISTIC_PORTFOLIO_V02_P1,2015-10-01,138416477.7737454,39601314.00973529,34550411.0,212568202.78348067,0.0,0.16253800214509326,0.8374619978549067,7,False,True,OBSERVED_BELOW_90_COVERAGE,21.69295140006437
2015-10-02,PATTERN_B_ET_REALISTIC_PORTFOLIO_V02_P1,2015-10-02,178017791.78348067,0.0,34024530.0,212042321.78348067,-0.002473940095996663,0.1604610330325609,0.8395389669674391,7,False,True,OBSERVED_BELOW_90_COVERAGE,21.69295140006437
2015-10-05,PATTERN_B_ET_REALISTIC_PORTFOLIO_V02_P1,2015-10-05,178017791.78348067,0.0,34015399.0,212033190.78348067,-0.002516895720969914,0.1604248791159073,0.8395751208840927,7,False,True,OBSERVED_BELOW_90_COVERAGE,21.69295140006437
2015-10-06,PATTERN_B_ET_REALISTIC_PORTFOLIO_V02_P1,2015-10-06,178017791.78348067,0.0,34104048.0,212121839.78348067,-0.002099857806365568,0.1607757505536019,0.8392242494463981,7,False,True,OBSERVED_BELOW_90_COVERAGE,21.69295140006437
2015-10-07,PATTERN_B_ET_REALISTIC_PORTFOLIO_V02_P1,2015-10-07,178017791.78348067,0.0,34233135.0,212250926.78348067,-0.001492584478042458,0.1612861508723661,0.8387138491276339,7,False,True,OBSERVED_BELOW_90_COVERAGE,21.69295140006437
2015-10-08,PATTERN_B_ET_REALISTIC_PORTFOLIO_V02_P1,2015-10-08,178017791.78348067,0.0,33856537.0,211874328.78348067,-0.0032642417394231904,0.15979537112586578,0.8402046288741343,7,False,True,OBSERVED_BELOW_90_COVERAGE,21.69295140006437
2015-10-12,PATTERN_B_ET_REALISTIC_PORTFOLIO_V02_P1,2015-10-12,178017791.78348067,0.0,34858205.0,212875996.78348067,0.0,0.16374887505731703,0.8362511249426829,7,False,True,OBSERVED_BELOW_90_COVERAGE,21.69295140006437
2015-10-13,PATTERN_B_ET_REALISTIC_PORTFOLIO_V02_P1,2015-10-13,178017791.78348067,0.0,,,,,,7,False,False,OBSERVED_BELOW_90_COVERAGE,21.69295140006437
2015-10-14,PATTERN_B_ET_REALISTIC_PORTFOLIO_V02_P1,2015-10-14,178017791.78348067,0.0,38849651.0,216867442.78348067,0.0,0.17914007977115906,0.8208599202288409,7,False,True,OBSERVED_BELOW_90_COVERAGE,21.69295140006437
2015-10-15,PATTERN_B_ET_REALISTIC_PORTFOLIO_V02_P1,2015-10-15,178017791.78348067,0.0,39001404.0,217019195.78348067,0.0,0.1797140748734115,0.8202859251265885,7,False,True,OBSERVED_BELOW_90_COVERAGE,21.69295140006437
2015-10-16,PATTERN_B_ET_REALISTIC_PORTFOLIO_V02_P1,2015-10-16,178017791.78348067,0.0,37680856.0,215698647.78348067,-0.006084936381929529,0.1746921289827659,0.8253078710172341,7,False,True,OBSERVED_BELOW_90_COVERAGE,21.69295140006437
2015-10-19,PATTERN_B_ET_REALISTIC_PORTFOLIO_V02_P1,2015-10-19,178017791.78348067,0.0,36956843.0,214974634.78348067,-0.009421106702652504,0.17191257488225248,0.8280874251177475,7,False,True,OBSERVED_BELOW_90_COVERAGE,21.69295140006437
2015-10-20,PATTERN_B_ET_REALISTIC_PORTFOLIO_V02_P1,2015-10-20,178017791.78348067,0.0,36857877.0,214875668.78348067,-0.009877130878959584,0.17153117990822783,0.8284688200917721,7,False,True,OBSERVED_BELOW_90_COVERAGE,21.69295140006437
2015-10-21,PATTERN_B_ET_REALISTIC_PORTFOLIO_V02_P1,2015-10-21,178017791.78348067,0.0,36596609.0,214614400.78348067,-0.011081024382742832,0.17052261575364386,0.8294773842463561,7,False,True,OBSERVED_BELOW_90_COVERAGE,21.69295140006437
2015-10-22,PATTERN_B_ET_REALISTIC_PORTFOLIO_V02_P1,2015-10-22,178017791.78348067,0.0,36084666.0,214102457.78348067,-0.013440000039950495,0.16853924225611647,0.8314607577438835,7,False,True,OBSERVED_BELOW_90_COVERAGE,21.69295140006437
2015-10-23,PATTERN_B_ET_REALISTIC_PORTFOLIO_V02_P1,2015-10-23,178017791.78348067,0.0,35804977.0,213822768.78348067,-0.014728775436017472,0.1674516572940673,0.8325483427059327,7,False,True,OBSERVED_BELOW_90_COVERAGE,21.69295140006437
2015-10-26,PATTERN_B_ET_REALISTIC_PORTFOLIO_V02_P1,2015-10-26,178017791.78348067,0.0,37446262.0,215464053.78348067,-0.007165919099394125,0.17379354626656038,0.8262064537334396,7,False,True,OBSERVED_BELOW_90_COVERAGE,21.69295140006437
2015-10-27,PATTERN_B_ET_REALISTIC_PORTFOLIO_V02_P1,2015-10-27,178017791.78348067,0.0,37723996.0,215741787.78348067,-0.005886152123033672,0.17485715858561418,0.8251428414143859,7,False,True,OBSERVED_BELOW_90_COVERAGE,21.69295140006437
2015-10-28,PATTERN_B_ET_REALISTIC_PORTFOLIO_V02_P1,2015-10-28,178017791.78348067,0.0,36996473.0,215014264.78348067,-0.009238496128242568,0.17206520245182544,0.8279347975481746,7,False,True,OBSERVED_BELOW_90_COVERAGE,21.69295140006437
2015-10-29,PATTERN_B_ET_REALISTIC_PORTFOLIO_V02_P1,2015-10-29,178017791.78348067,0.0,36858484.0,214876275.78348067,-0.009874333891357612,0.1715335202344084,0.8284664797655916,7,False,True,OBSERVED_BELOW_90_COVERAGE,21.69295140006437
2015-10-30,PATTERN_B_ET_REALISTIC_PORTFOLIO_V02_P1,2015-10-30,178017791.78348067,0.0,36010987.0,214028778.78348067,-0.013779504569648937,0.16825301347175387,0.8317469865282462,7,False,True,OBSERVED_BELOW_90_COVERAGE,21.69295140006437
2015-11-02,PATTERN_B_ET_REALISTIC_PORTFOLIO_V02_P1,2015-11-02,178017791.78348067,11494762.53194925,23897658.0,213410212.31542993,-0.01662978915308222,0.11197991764648162,0.8880200823535184,5,False,True,OBSERVED_BELOW_90_COVERAGE,21.69295140006437
2015-11-03,PATTERN_B_ET_REALISTIC_PORTFOLIO_V02_P1,2015-11-03,189512554.31542993,0.0,24110534.0,213623088.31542993,-0.015648880532388665,0.11286483212151233,0.8871351678784877,5,False,True,OBSERVED_BELOW_90_COVERAGE,21.69295140006437
2015-11-04,PATTERN_B_ET_REALISTIC_PORTFOLIO_V02_P1,2015-11-04,189512554.31542993,0.0,24168810.0,213681364.31542993,-0.015380351291048422,0.11310677502190944,0.8868932249780905,5,False,True,OBSERVED_BELOW_90_COVERAGE,21.69295140006437
2015-11-05,PATTERN_B_ET_REALISTIC_PORTFOLIO_V02_P1,2015-11-05,189512554.31542993,0.0,24752648.0,214265202.31542993,-0.012690091575117579,0.11552341552671001,0.88447658447329,5,False,True,OBSERVED_BELOW_90_COVERAGE,21.69295140006437
2015-11-06,PATTERN_B_ET_REALISTIC_PORTFOLIO_V02_P1,2015-11-06,189512554.31542993,0.0,24634928.0,214147482.31542993,-0.013232532070185377,0.11503720582488018,0.8849627941751198,5,False,True,OBSERVED_BELOW_90_COVERAGE,21.69295140006437
2015-11-09,PATTERN_B_ET_REALISTIC_PORTFOLIO_V02_P1,2015-11-09,189512554.31542993,0.0,23787096.0,213299650.31542993,-0.01713924639072817,0.11151962023764865,0.8884803797623514,5,False,True,OBSERVED_BELOW_90_COVERAGE,21.69295140006437
2015-11-10,PATTERN_B_ET_REALISTIC_PORTFOLIO_V02_P1,2015-11-10,189512554.31542993,0.0,22809320.0,212321874.31542993,-0.021644728020913218,0.10742802678029295,0.892571973219707,5,False,True,OBSERVED_BELOW_90_COVERAGE,21.69295140006437
2015-11-11,PATTERN_B_ET_REALISTIC_PORTFOLIO_V02_P1,2015-11-11,189512554.31542993,0.0,23557948.0,213070502.31542993,-0.018195134553859238,0.11056409847443253,0.8894359015255675,5,False,True,OBSERVED_BELOW_90_COVERAGE,21.69295140006437
2015-11-12,PATTERN_B_ET_REALISTIC_PORTFOLIO_V02_P1,2015-11-12,189512554.31542993,0.0,23470244.0,212982798.31542993,-0.01859926470319173,0.11019783844346107,0.8898021615565389,5,False,True,OBSERVED_BELOW_90_COVERAGE,21.69295140006437
2015-11-13,PATTERN_B_ET_REALISTIC_PORTFOLIO_V02_P1,2015-11-13,189512554.31542993,0.0,23120314.0,212632868.31542993,-0.02021170271235806,0.1087334906553685,0.8912665093446315,5,False,True,OBSERVED_BELOW_90_COVERAGE,21.69295140006437
2015-11-16,PATTERN_B_ET_REALISTIC_PORTFOLIO_V02_P1,2015-11-16,189512554.31542993,0.0,22515672.0,212028226.31542993,-0.02299782491605129,0.10619186129729685,0.8938081387027031,5,False,True,OBSERVED_BELOW_90_COVERAGE,21.69295140006437
2015-11-17,PATTERN_B_ET_REALISTIC_PORTFOLIO_V02_P1,2015-11-17,189512554.31542993,0.0,23139292.0,212651846.31542993,-0.02012425422683828,0.10881303125709575,0.8911869687429043,5,False,True,OBSERVED_BELOW_90_COVERAGE,21.69295140006437
2015-11-18,PATTERN_B_ET_REALISTIC_PORTFOLIO_V02_P1,2015-11-18,189512554.31542993,0.0,22823710.0,212336264.31542993,-0.021578420522407993,0.10748851626255845,0.8925114837374415,5,False,True,OBSERVED_BELOW_90_COVERAGE,21.69295140006437
2015-11-19,PATTERN_B_ET_REALISTIC_PORTFOLIO_V02_P1,2015-11-19,189512554.31542993,0.0,22989636.0,212502190.31542993,-0.020813852211291728,0.10818540724627396,0.8918145927537261,5,False,True,OBSERVED_BELOW_90_COVERAGE,21.69295140006437
2015-11-20,PATTERN_B_ET_REALISTIC_PORTFOLIO_V02_P1,2015-11-20,189512554.31542993,0.0,23125346.0,212637900.31542993,-0.02018851582337422,0.10875458215913321,0.8912454178408667,5,False,True,OBSERVED_BELOW_90_COVERAGE,21.69295140006437
2015-11-23,PATTERN_B_ET_REALISTIC_PORTFOLIO_V02_P1,2015-11-23,189512554.31542993,0.0,23173696.0,212686250.31542993,-0.01996572447155187,0.10895718912544483,0.8910428108745552,5,False,True,OBSERVED_BELOW_90_COVERAGE,21.69295140006437
2015-11-24,PATTERN_B_ET_REALISTIC_PORTFOLIO_V02_P1,2015-11-24,189512554.31542993,0.0,23246870.0,212759424.31542993,-0.019628546924948975,0.109263644018584,0.890736355981416,5,False,True,OBSERVED_BELOW_90_COVERAGE,21.69295140006437
2015-11-25,PATTERN_B_ET_REALISTIC_PORTFOLIO_V02_P1,2015-11-25,189512554.31542993,0.0,23582368.0,213094922.31542993,-0.018082609945555106,0.11066602499844001,0.88933397500156,5,False,True,OBSERVED_BELOW_90_COVERAGE,21.69295140006437
2015-11-26,PATTERN_B_ET_REALISTIC_PORTFOLIO_V02_P1,2015-11-26,189512554.31542993,0.0,23813120.0,213325674.31542993,-0.017019330731166127,0.11162800762926073,0.8883719923707393,5,False,True,OBSERVED_BELOW_90_COVERAGE,21.69295140006437
2015-11-27,PATTERN_B_ET_REALISTIC_PORTFOLIO_V02_P1,2015-11-27,189512554.31542993,0.0,23672556.0,213185110.31542993,-0.017667033804124932,0.11104225789959697,0.888957742100403,5,False,True,OBSERVED_BELOW_90_COVERAGE,21.69295140006437
2015-11-30,PATTERN_B_ET_REALISTIC_PORTFOLIO_V02_P1,2015-11-30,189512554.31542993,0.0,23257594.0,212770148.31542993,-0.019579131941351413,0.10930853874069221,0.8906914612593078,5,False,True,OBSERVED_BELOW_90_COVERAGE,21.69295140006437
2015-12-01,PATTERN_B_ET_REALISTIC_PORTFOLIO_V02_P1,2015-12-01,149582907.99276382,5444732.16765,57667377.0,212695017.16041383,-0.019925327837732154,0.27112707091068083,0.7288729290893191,12,False,True,OBSERVED_BELOW_90_COVERAGE,21.69295140006437
2015-12-02,PATTERN_B_ET_REALISTIC_PORTFOLIO_V02_P1,2015-12-02,155027640.16041383,0.0,57340961.0,212368601.16041383,-0.02142941598450454,0.2700067744792799,0.7299932255207201,12,False,True,OBSERVED_BELOW_90_COVERAGE,21.69295140006437
2015-12-03,PATTERN_B_ET_REALISTIC_PORTFOLIO_V02_P1,2015-12-03,155027640.16041383,0.0,57340079.0,212367719.16041383,-0.02143348014111901,0.2700037426907037,0.7299962573092963,12,False,True,OBSERVED_BELOW_90_COVERAGE,21.69295140006437
2015-12-04,PATTERN_B_ET_REALISTIC_PORTFOLIO_V02_P1,2015-12-04,155027640.16041383,0.0,58514704.0,213542344.16041383,-0.01602094050028502,0.27401920790025386,0.7259807920997461,12,False,True,OBSERVED_BELOW_90_COVERAGE,21.69295140006437
2015-12-07,PATTERN_B_ET_REALISTIC_PORTFOLIO_V02_P1,2015-12-07,155027640.16041383,0.0,58072030.0,213099670.16041383,-0.018060732410866254,0.27251112099932134,0.7274888790006787,12,False,True,OBSERVED_BELOW_90_COVERAGE,21.69295140006437
2015-12-08,PATTERN_B_ET_REALISTIC_PORTFOLIO_V02_P1,2015-12-08,155027640.16041383,0.0,56732550.0,211760190.16041383,-0.024232905315499043,0.2679094212987985,0.7320905787012014,12,False,True,OBSERVED_BELOW_90_COVERAGE,21.69295140006437
2015-12-09,PATTERN_B_ET_REALISTIC_PORTFOLIO_V02_P1,2015-12-09,155027640.16041383,0.0,55837447.0,210865087.16041383,-0.028357439077448143,0.2648017637814179,0.735198236218582,12,False,True,OBSERVED_BELOW_90_COVERAGE,21.69295140006437
2015-12-10,PATTERN_B_ET_REALISTIC_PORTFOLIO_V02_P1,2015-12-10,155027640.16041383,0.0,,,,,,12,False,False,OBSERVED_BELOW_90_COVERAGE,21.69295140006437
2015-12-11,PATTERN_B_ET_REALISTIC_PORTFOLIO_V02_P1,2015-12-11,155027640.16041383,0.0,54951816.0,209979456.16041383,-0.032438326930721684,0.2617009159125527,0.7382990840874474,12,False,True,OBSERVED_BELOW_90_COVERAGE,21.69295140006437
2015-12-14,PATTERN_B_ET_REALISTIC_PORTFOLIO_V02_P1,2015-12-14,155027640.16041383,0.0,52975910.0,208003550.16041383,-0.04154307912956101,0.2546875279731745,0.7453124720268255,12,False,True,OBSERVED_BELOW_90_COVERAGE,21.69295140006437
2015-12-15,PATTERN_B_ET_REALISTIC_PORTFOLIO_V02_P1,2015-12-15,155027640.16041383,0.0,53792743.0,208820383.16041383,-0.037779204707987124,0.25760293217485825,0.7423970678251417,12,False,True,OBSERVED_BELOW_90_COVERAGE,21.69295140006437
2015-12-16,PATTERN_B_ET_REALISTIC_PORTFOLIO_V02_P1,2015-12-16,155027640.16041383,0.0,54996460.0,210024100.16041383,-0.032232612409299644,0.2618578532558615,0.7381421467441385,12,False,True,OBSERVED_BELOW_90_COVERAGE,21.69295140006437
2015-12-17,PATTERN_B_ET_REALISTIC_PORTFOLIO_V02_P1,2015-12-17,155027640.16041383,0.0,55615556.0,210643196.16041383,-0.02937988780231293,0.26402730785401857,0.7359726921459815,12,False,True,OBSERVED_BELOW_90_COVERAGE,21.69295140006437
2015-12-18,PATTERN_B_ET_REALISTIC_PORTFOLIO_V02_P1,2015-12-18,155027640.16041383,0.0,57166067.0,212193707.16041383,-0.022235307829088113,0.2694051004857731,0.7305948995142268,12,False,True,OBSERVED_BELOW_90_COVERAGE,21.69295140006437
2015-12-21,PATTERN_B_ET_REALISTIC_PORTFOLIO_V02_P1,2015-12-21,155027640.16041383,0.0,57338868.0,212366508.16041383,-0.02143906029266096,0.26999957995583906,0.730000420044161,12,False,True,OBSERVED_BELOW_90_COVERAGE,21.69295140006437
2015-12-22,PATTERN_B_ET_REALISTIC_PORTFOLIO_V02_P1,2015-12-22,155027640.16041383,0.0,56480272.0,211507912.16041383,-0.025395373912294072,0.26703621355386314,0.7329637864461368,12,False,True,OBSERVED_BELOW_90_COVERAGE,21.69295140006437
2015-12-23,PATTERN_B_ET_REALISTIC_PORTFOLIO_V02_P1,2015-12-23,155027640.16041383,0.0,56495653.0,211523293.16041383,-0.025324499997456895,0.2670895113057603,0.7329104886942397,12,False,True,OBSERVED_BELOW_90_COVERAGE,21.69295140006437
2015-12-24,PATTERN_B_ET_REALISTIC_PORTFOLIO_V02_P1,2015-12-24,155027640.16041383,0.0,56154507.0,211182147.16041383,-0.026896462324422443,0.26590555951372663,0.7340944404862734,12,False,True,OBSERVED_BELOW_90_COVERAGE,21.69295140006437
2015-12-28,PATTERN_B_ET_REALISTIC_PORTFOLIO_V02_P1,2015-12-28,155027640.16041383,0.0,55353823.0,210381463.16041383,-0.03058592397369897,0.26311169324739053,0.7368883067526094,12,False,True,OBSERVED_BELOW_90_COVERAGE,21.69295140006437
2015-12-29,PATTERN_B_ET_REALISTIC_PORTFOLIO_V02_P1,2015-12-29,155027640.16041383,0.0,55711342.0,210738982.16041383,-0.028938516707676776,0.264361825367424,0.735638174632576,12,False,True,OBSERVED_BELOW_90_COVERAGE,21.69295140006437
2015-12-30,PATTERN_B_ET_REALISTIC_PORTFOLIO_V02_P1,2015-12-30,155027640.16041383,0.0,56630988.0,211658628.16041383,-0.02470089156728361,0.2675581359106229,0.7324418640893771,12,False,True,OBSERVED_BELOW_90_COVERAGE,21.69295140006437
2016-01-04,PATTERN_B_ET_REALISTIC_PORTFOLIO_V02_P1,2016-01-04,155027640.16041383,0.0,56183485.0,211211125.16041383,-0.02676293496572324,0.2660062766927117,0.7339937233072883,12,False,True,OBSERVED_BELOW_90_COVERAGE,21.69295140006437
2016-01-05,PATTERN_B_ET_REALISTIC_PORTFOLIO_V02_P1,2016-01-05,155027640.16041383,0.0,56107866.0,211135506.16041383,-0.027111378796818464,0.26574339399537605,0.734256606004624,12,False,True,OBSERVED_BELOW_90_COVERAGE,21.69295140006437
2016-01-06,PATTERN_B_ET_REALISTIC_PORTFOLIO_V02_P1,2016-01-06,155027640.16041383,0.0,55989912.0,211017552.16041383,-0.027654897537518597,0.26533296129526196,0.734667038704738,12,False,True,OBSERVED_BELOW_90_COVERAGE,21.69295140006437
2016-01-07,PATTERN_B_ET_REALISTIC_PORTFOLIO_V02_P1,2016-01-07,155027640.16041383,0.0,54730411.0,209758051.16041383,-0.033458536222349955,0.2609216223035204,0.7390783776964797,12,False,True,OBSERVED_BELOW_90_COVERAGE,21.69295140006437
2016-01-08,PATTERN_B_ET_REALISTIC_PORTFOLIO_V02_P1,2016-01-08,155027640.16041383,0.0,54513913.0,209541553.16041383,-0.03445613461090913,0.26015800769724684,0.7398419923027532,12,False,True,OBSERVED_BELOW_90_COVERAGE,21.69295140006437
2016-01-11,PATTERN_B_ET_REALISTIC_PORTFOLIO_V02_P1,2016-01-11,155027640.16041383,0.0,54510924.0,209538564.16041383,-0.034469907586102355,0.2601474540899724,0.7398525459100276,12,False,True,OBSERVED_BELOW_90_COVERAGE,21.69295140006437
2016-01-12,PATTERN_B_ET_REALISTIC_PORTFOLIO_V02_P1,2016-01-12,155027640.16041383,0.0,53996358.0,209023998.16041383,-0.036840969731745,0.25832611793484556,0.7416738820651545,12,False,True,OBSERVED_BELOW_90_COVERAGE,21.69295140006437
2016-01-13,PATTERN_B_ET_REALISTIC_PORTFOLIO_V02_P1,2016-01-13,155027640.16041383,0.0,55239915.0,210267555.16041383,-0.031110799202310857,0.26271249959537163,0.7372875004046284,12,False,True,OBSERVED_BELOW_90_COVERAGE,21.69295140006437
2016-01-14,PATTERN_B_ET_REALISTIC_PORTFOLIO_V02_P1,2016-01-14,155027640.16041383,0.0,54588280.0,209615920.16041383,-0.034113459854735906,0.260420486946912,0.739579513053088,12,False,True,OBSERVED_BELOW_90_COVERAGE,21.69295140006437
2016-01-15,PATTERN_B_ET_REALISTIC_PORTFOLIO_V02_P1,2016-01-15,155027640.16041383,0.0,53971706.0,208999346.16041383,-0.03695456336990677,0.25823863562986915,0.7417613643701308,12,False,True,OBSERVED_BELOW_90_COVERAGE,21.69295140006437
2016-01-18,PATTERN_B_ET_REALISTIC_PORTFOLIO_V02_P1,2016-01-18,155027640.16041383,0.0,54020117.0,209047757.16041383,-0.036731490936958044,0.2584104117345177,0.7415895882654824,12,False,True,OBSERVED_BELOW_90_COVERAGE,21.69295140006437
2016-01-19,PATTERN_B_ET_REALISTIC_PORTFOLIO_V02_P1,2016-01-19,155027640.16041383,0.0,53299779.0,208327419.16041383,-0.04005072727178749,0.2558462021696661,0.744153797830334,12,False,True,OBSERVED_BELOW_90_COVERAGE,21.69295140006437
2016-01-20,PATTERN_B_ET_REALISTIC_PORTFOLIO_V02_P1,2016-01-20,155027640.16041383,0.0,51965770.0,206993410.16041383,-0.04619769042490385,0.25105035933138187,0.7489496406686181,12,False,True,OBSERVED_BELOW_90_COVERAGE,21.69295140006437
2016-01-21,PATTERN_B_ET_REALISTIC_PORTFOLIO_V02_P1,2016-01-21,155027640.16041383,0.0,52037767.0,207065407.16041383,-0.04586593636167424,0.25131077041606603,0.7486892295839339,12,False,True,OBSERVED_BELOW_90_COVERAGE,21.69295140006437
2016-01-22,PATTERN_B_ET_REALISTIC_PORTFOLIO_V02_P1,2016-01-22,155027640.16041383,0.0,,,,,,12,False,False,OBSERVED_BELOW_90_COVERAGE,21.69295140006437
2016-01-25,PATTERN_B_ET_REALISTIC_PORTFOLIO_V02_P1,2016-01-25,155027640.16041383,0.0,53613220.0,208640860.16041383,-0.038606426462965415,0.25696414383443106,0.7430358561655689,12,False,True,OBSERVED_BELOW_90_COVERAGE,21.69295140006437
2016-01-26,PATTERN_B_ET_REALISTIC_PORTFOLIO_V02_P1,2016-01-26,155027640.16041383,0.0,53023564.0,208051204.16041383,-0.041323494867312016,0.2548582413352302,0.7451417586647698,12,False,True,OBSERVED_BELOW_90_COVERAGE,21.69295140006437
2016-01-27,PATTERN_B_ET_REALISTIC_PORTFOLIO_V02_P1,2016-01-27,155027640.16041383,0.0,52623424.0,207651064.16041383,-0.04316729489871207,0.25342236608692525,0.7465776339130747,12,False,True,OBSERVED_BELOW_90_COVERAGE,21.69295140006437
2016-01-28,PATTERN_B_ET_REALISTIC_PORTFOLIO_V02_P1,2016-01-28,155027640.16041383,0.0,,,,,,12,False,False,OBSERVED_BELOW_90_COVERAGE,21.69295140006437
2016-01-29,PATTERN_B_ET_REALISTIC_PORTFOLIO_V02_P1,2016-01-29,155027640.16041383,0.0,53079780.0,208107420.16041383,-0.041064457873846716,0.2550595262729456,0.7449404737270544,12,False,True,OBSERVED_BELOW_90_COVERAGE,21.69295140006437
2016-02-01,PATTERN_B_ET_REALISTIC_PORTFOLIO_V02_P1,2016-02-01,120066118.3616603,4899959.29584,83031662.0,207997739.6575003,-0.04156985327224716,0.3991950207570725,0.6008049792429274,18,False,True,OBSERVED_BELOW_90_COVERAGE,21.69295140006437
2016-02-02,PATTERN_B_ET_REALISTIC_PORTFOLIO_V02_P1,2016-02-02,124966077.6575003,0.0,83408849.0,208374926.6575003,-0.039831818078455816,0.4002825596051518,0.5997174403948482,18,False,True,OBSERVED_BELOW_90_COVERAGE,21.69295140006437
2016-02-03,PATTERN_B_ET_REALISTIC_PORTFOLIO_V02_P1,2016-02-03,124966077.6575003,0.0,82502490.0,207468567.6575003,-0.04400821822005552,0.3976625998411447,0.6023374001588553,18,False,True,OBSERVED_BELOW_90_COVERAGE,21.69295140006437
2016-02-04,PATTERN_B_ET_REALISTIC_PORTFOLIO_V02_P1,2016-02-04,124966077.6575003,0.0,82837643.0,207803720.6575003,-0.04246387096178639,0.39863407035205134,0.6013659296479487,18,False,True,OBSERVED_BELOW_90_COVERAGE,21.69295140006437
2016-02-05,PATTERN_B_ET_REALISTIC_PORTFOLIO_V02_P1,2016-02-05,124966077.6575003,0.0,82843317.0,207809394.6575003,-0.0424377258091444,0.3986504899672013,0.6013495100327987,18,False,True,OBSERVED_BELOW_90_COVERAGE,21.69295140006437
2016-02-11,PATTERN_B_ET_REALISTIC_PORTFOLIO_V02_P1,2016-02-11,124966077.6575003,0.0,79152241.0,204118318.6575003,-0.059445788099093066,0.38777627368572076,0.6122237263142792,18,False,True,OBSERVED_BELOW_90_COVERAGE,21.69295140006437
2016-02-12,PATTERN_B_ET_REALISTIC_PORTFOLIO_V02_P1,2016-02-12,124966077.6575003,0.0,74650514.0,199616591.6575003,-0.0801892388512162,0.3739694851021424,0.6260305148978575,18,False,True,OBSERVED_BELOW_90_COVERAGE,21.69295140006437
2016-02-15,PATTERN_B_ET_REALISTIC_PORTFOLIO_V02_P1,2016-02-15,124966077.6575003,0.0,,,,,,18,False,False,OBSERVED_BELOW_90_COVERAGE,21.69295140006437
2016-02-16,PATTERN_B_ET_REALISTIC_PORTFOLIO_V02_P1,2016-02-16,124966077.6575003,0.0,78150920.0,203116997.6575003,-0.06405976243617895,0.3847581487580845,0.6152418512419155,18,False,True,OBSERVED_BELOW_90_COVERAGE,21.69295140006437
2016-02-17,PATTERN_B_ET_REALISTIC_PORTFOLIO_V02_P1,2016-02-17,124966077.6575003,0.0,77433280.0,202399357.6575003,-0.06736656669102459,0.3825767082276635,0.6174232917723365,18,False,True,OBSERVED_BELOW_90_COVERAGE,21.69295140006437
2016-02-18,PATTERN_B_ET_REALISTIC_PORTFOLIO_V02_P1,2016-02-18,124966077.6575003,0.0,78140884.0,203106961.6575003,-0.06410600719330173,0.38472774818900174,0.6152722518109983,18,False,True,OBSERVED_BELOW_90_COVERAGE,21.69295140006437
2016-02-19,PATTERN_B_ET_REALISTIC_PORTFOLIO_V02_P1,2016-02-19,124966077.6575003,0.0,79222600.0,204188677.6575003,-0.05912158175529014,0.38798723273425334,0.6120127672657467,18,False,True,OBSERVED_BELOW_90_COVERAGE,21.69295140006437
2016-02-22,PATTERN_B_ET_REALISTIC_PORTFOLIO_V02_P1,2016-02-22,124966077.6575003,0.0,,,,,,18,False,False,OBSERVED_BELOW_90_COVERAGE,21.69295140006437
2016-02-23,PATTERN_B_ET_REALISTIC_PORTFOLIO_V02_P1,2016-02-23,124966077.6575003,0.0,78949667.0,203915744.6575003,-0.06037922626463721,0.3871680783286497,0.6128319216713504,18,False,True,OBSERVED_BELOW_90_COVERAGE,21.69295140006437
2016-02-24,PATTERN_B_ET_REALISTIC_PORTFOLIO_V02_P1,2016-02-24,124966077.6575003,0.0,80219926.0,205186003.6575003,-0.054526015928039406,0.3909619787415148,0.6090380212584853,18,False,True,OBSERVED_BELOW_90_COVERAGE,21.69295140006437
2016-02-25,PATTERN_B_ET_REALISTIC_PORTFOLIO_V02_P1,2016-02-25,124966077.6575003,0.0,80135906.0,205101983.6575003,-0.05491317062049261,0.3907124863980785,0.6092875136019216,18,False,True,OBSERVED_BELOW_90_COVERAGE,21.69295140006437
2016-02-26,PATTERN_B_ET_REALISTIC_PORTFOLIO_V02_P1,2016-02-26,124966077.6575003,0.0,81299266.0,206265343.6575003,-0.04955253883029531,0.39414893727855654,0.6058510627214434,18,False,True,OBSERVED_BELOW_90_COVERAGE,21.69295140006437
2016-02-29,PATTERN_B_ET_REALISTIC_PORTFOLIO_V02_P1,2016-02-29,124966077.6575003,0.0,82051355.0,207017432.6575003,-0.046086997465233925,0.39634997858247883,0.6036500214175211,18,False,True,OBSERVED_BELOW_90_COVERAGE,21.69295140006437
2016-03-02,PATTERN_B_ET_REALISTIC_PORTFOLIO_V02_P1,2016-03-02,65059663.4510615,31321497.516533103,110810181.0,207191341.96759462,-0.04528564296077875,0.5348205187904573,0.46517948120954267,24,False,True,OBSERVED_BELOW_90_COVERAGE,21.69295140006437
2016-03-03,PATTERN_B_ET_REALISTIC_PORTFOLIO_V02_P1,2016-03-03,91394007.58278102,0.0,116465576.0,207859583.58278102,-0.042206460896842324,0.5603089065826837,0.4396910934173162,25,False,True,OBSERVED_BELOW_90_COVERAGE,21.69295140006437
2016-03-04,PATTERN_B_ET_REALISTIC_PORTFOLIO_V02_P1,2016-03-04,91394007.58278102,0.0,,,,,,25,False,False,OBSERVED_BELOW_90_COVERAGE,21.69295140006437
2016-03-07,PATTERN_B_ET_REALISTIC_PORTFOLIO_V02_P1,2016-03-07,91394007.58278102,0.0,122682586.0,214076593.58278102,-0.013559179362343077,0.5730779995458029,0.42692200045419715,25,False,True,OBSERVED_BELOW_90_COVERAGE,21.69295140006437
2016-03-08,PATTERN_B_ET_REALISTIC_PORTFOLIO_V02_P1,2016-03-08,91394007.58278102,0.0,,,,,,25,False,False,OBSERVED_BELOW_90_COVERAGE,21.69295140006437
2016-03-09,PATTERN_B_ET_REALISTIC_PORTFOLIO_V02_P1,2016-03-09,91394007.58278102,0.0,123537185.0,214931192.58278102,-0.009621283468319808,0.5747755061305003,0.4252244938694997,25,False,True,OBSERVED_BELOW_90_COVERAGE,21.69295140006437
2016-03-10,PATTERN_B_ET_REALISTIC_PORTFOLIO_V02_P1,2016-03-10,91394007.58278102,0.0,123778467.0,215172474.58278102,-0.008509483200472845,0.5752523283473232,0.4247476716526768,25,False,True,OBSERVED_BELOW_90_COVERAGE,21.69295140006437
2016-03-11,PATTERN_B_ET_REALISTIC_PORTFOLIO_V02_P1,2016-03-11,91394007.58278102,0.0,126542749.0,217936756.58278102,0.0,0.5806397735938318,0.4193602264061682,25,False,True,OBSERVED_BELOW_90_COVERAGE,21.69295140006437
2016-03-14,PATTERN_B_ET_REALISTIC_PORTFOLIO_V02_P1,2016-03-14,91394007.58278102,0.0,126867645.0,218261652.58278102,0.0,0.581264017287152,0.41873598271284795,25,False,True,OBSERVED_BELOW_90_COVERAGE,21.69295140006437
2016-03-15,PATTERN_B_ET_REALISTIC_PORTFOLIO_V02_P1,2016-03-15,91394007.58278102,0.0,,,,,,25,False,False,OBSERVED_BELOW_90_COVERAGE,21.69295140006437
2016-03-16,PATTERN_B_ET_REALISTIC_PORTFOLIO_V02_P1,2016-03-16,91394007.58278102,0.0,,,,,,25,False,False,OBSERVED_BELOW_90_COVERAGE,21.69295140006437
2016-03-17,PATTERN_B_ET_REALISTIC_PORTFOLIO_V02_P1,2016-03-17,91394007.58278102,0.0,,,,,,25,False,False,OBSERVED_BELOW_90_COVERAGE,21.69295140006437
2016-03-18,PATTERN_B_ET_REALISTIC_PORTFOLIO_V02_P1,2016-03-18,91394007.58278102,0.0,,,,,,25,False,False,OBSERVED_BELOW_90_COVERAGE,21.69295140006437
2016-03-21,PATTERN_B_ET_REALISTIC_PORTFOLIO_V02_P1,2016-03-21,91394007.58278102,0.0,,,,,,25,False,False,OBSERVED_BELOW_90_COVERAGE,21.69295140006437
2016-03-22,PATTERN_B_ET_REALISTIC_PORTFOLIO_V02_P1,2016-03-22,91394007.58278102,0.0,,,,,,25,False,False,OBSERVED_BELOW_90_COVERAGE,21.69295140006437
2016-03-23,PATTERN_B_ET_REALISTIC_PORTFOLIO_V02_P1,2016-03-23,91394007.58278102,0.0,,,,,,25,False,False,OBSERVED_BELOW_90_COVERAGE,21.69295140006437
2016-03-24,PATTERN_B_ET_REALISTIC_PORTFOLIO_V02_P1,2016-03-24,91394007.58278102,0.0,,,,,,25,False,False,OBSERVED_BELOW_90_COVERAGE,21.69295140006437
2016-03-25,PATTERN_B_ET_REALISTIC_PORTFOLIO_V02_P1,2016-03-25,91394007.58278102,0.0,,,,,,25,False,False,OBSERVED_BELOW_90_COVERAGE,21.69295140006437
2016-03-28,PATTERN_B_ET_REALISTIC_PORTFOLIO_V02_P1,2016-03-28,91394007.58278102,0.0,,,,,,25,False,False,OBSERVED_BELOW_90_COVERAGE,21.69295140006437
2016-03-29,PATTERN_B_ET_REALISTIC_PORTFOLIO_V02_P1,2016-03-29,91394007.58278102,0.0,,,,,,25,False,False,OBSERVED_BELOW_90_COVERAGE,21.69295140006437
2016-03-30,PATTERN_B_ET_REALISTIC_PORTFOLIO_V02_P1,2016-03-30,91394007.58278102,0.0,,,,,,25,False,False,OBSERVED_BELOW_90_COVERAGE,21.69295140006437
2016-03-31,PATTERN_B_ET_REALISTIC_PORTFOLIO_V02_P1,2016-03-31,91394007.58278102,0.0,,,,,,25,False,False,OBSERVED_BELOW_90_COVERAGE,21.69295140006437
2016-04-01,PATTERN_B_ET_REALISTIC_PORTFOLIO_V02_P1,2016-04-01,86441918.48082101,44670257.77510214,87595895.0,218708071.25592315,0.0,0.40051514558646034,0.5994848544135397,18,False,True,OBSERVED_BELOW_90_COVERAGE,21.69295140006437
2016-04-04,PATTERN_B_ET_REALISTIC_PORTFOLIO_V02_P1,2016-04-04,131112176.25592315,0.0,86381270.0,217493446.25592315,-0.0055536359176187045,0.3971672318730731,0.6028327681269269,18,False,True,OBSERVED_BELOW_90_COVERAGE,21.69295140006437
2016-04-05,PATTERN_B_ET_REALISTIC_PORTFOLIO_V02_P1,2016-04-05,131112176.25592315,0.0,,,,,,18,False,False,OBSERVED_BELOW_90_COVERAGE,21.69295140006437
2016-04-06,PATTERN_B_ET_REALISTIC_PORTFOLIO_V02_P1,2016-04-06,131112176.25592315,0.0,89055570.0,220167746.25592315,0.0,0.4044896289962552,0.5955103710037448,18,False,True,OBSERVED_BELOW_90_COVERAGE,21.69295140006437
2016-04-07,PATTERN_B_ET_REALISTIC_PORTFOLIO_V02_P1,2016-04-07,131112176.25592315,0.0,91245515.0,222357691.25592315,0.0,0.41035466092774253,0.5896453390722575,18,False,True,OBSERVED_BELOW_90_COVERAGE,21.69295140006437
2016-04-08,PATTERN_B_ET_REALISTIC_PORTFOLIO_V02_P1,2016-04-08,131112176.25592315,0.0,,,,,,18,False,False,OBSERVED_BELOW_90_COVERAGE,21.69295140006437
2016-04-11,PATTERN_B_ET_REALISTIC_PORTFOLIO_V02_P1,2016-04-11,131112176.25592315,0.0,,,,,,18,False,False,OBSERVED_BELOW_90_COVERAGE,21.69295140006437
2016-04-12,PATTERN_B_ET_REALISTIC_PORTFOLIO_V02_P1,2016-04-12,131112176.25592315,0.0,,,,,,18,False,False,OBSERVED_BELOW_90_COVERAGE,21.69295140006437
2016-04-14,PATTERN_B_ET_REALISTIC_PORTFOLIO_V02_P1,2016-04-14,131112176.25592315,0.0,,,,,,18,False,False,OBSERVED_BELOW_90_COVERAGE,21.69295140006437
2016-04-15,PATTERN_B_ET_REALISTIC_PORTFOLIO_V02_P1,2016-04-15,131112176.25592315,0.0,101761811.0,232873987.25592315,0.0,0.4369823018840061,0.5630176981159939,18,False,True,OBSERVED_BELOW_90_COVERAGE,21.69295140006437
2016-04-18,PATTERN_B_ET_REALISTIC_PORTFOLIO_V02_P1,2016-04-18,131112176.25592315,0.0,,,,,,18,False,False,OBSERVED_BELOW_90_COVERAGE,21.69295140006437
2016-04-19,PATTERN_B_ET_REALISTIC_PORTFOLIO_V02_P1,2016-04-19,131112176.25592315,0.0,,,,,,18,False,False,OBSERVED_BELOW_90_COVERAGE,21.69295140006437
2016-04-20,PATTERN_B_ET_REALISTIC_PORTFOLIO_V02_P1,2016-04-20,131112176.25592315,0.0,105203812.0,236315988.25592315,0.0,0.4451827943442719,0.5548172056557281,18,False,True,OBSERVED_BELOW_90_COVERAGE,21.69295140006437
2016-04-21,PATTERN_B_ET_REALISTIC_PORTFOLIO_V02_P1,2016-04-21,131112176.25592315,0.0,,,,,,18,False,False,OBSERVED_BELOW_90_COVERAGE,21.69295140006437
2016-04-22,PATTERN_B_ET_REALISTIC_PORTFOLIO_V02_P1,2016-04-22,131112176.25592315,0.0,105728795.0,236840971.25592315,0.0,0.44641260521496795,0.553587394785032,18,False,True,OBSERVED_BELOW_90_COVERAGE,21.69295140006437
2016-04-25,PATTERN_B_ET_REALISTIC_PORTFOLIO_V02_P1,2016-04-25,131112176.25592315,0.0,105286595.0,236398771.25592315,-0.0018670756062817429,0.4453770822946355,0.5546229177053645,18,False,True,OBSERVED_BELOW_90_COVERAGE,21.69295140006437
2016-04-26,PATTERN_B_ET_REALISTIC_PORTFOLIO_V02_P1,2016-04-26,131112176.25592315,0.0,105906603.0,237018779.25592315,0.0,0.44682789833140774,0.5531721016685923,18,False,True,OBSERVED_BELOW_90_COVERAGE,21.69295140006437
2016-04-27,PATTERN_B_ET_REALISTIC_PORTFOLIO_V02_P1,2016-04-27,131112176.25592315,0.0,109528039.0,240640215.25592315,0.0,0.4551526804591489,0.5448473195408511,18,False,True,OBSERVED_BELOW_90_COVERAGE,21.69295140006437
2016-04-28,PATTERN_B_ET_REALISTIC_PORTFOLIO_V02_P1,2016-04-28,131112176.25592315,0.0,,,,,,18,False,False,OBSERVED_BELOW_90_COVERAGE,21.69295140006437
2016-04-29,PATTERN_B_ET_REALISTIC_PORTFOLIO_V02_P1,2016-04-29,131112176.25592315,0.0,107109555.0,238221731.25592315,-0.010050207100371522,0.44962126013991355,0.5503787398600865,18,False,True,OBSERVED_BELOW_90_COVERAGE,21.69295140006437
2016-05-02,PATTERN_B_ET_REALISTIC_PORTFOLIO_V02_P1,2016-05-02,131112176.25592315,41377775.99346135,64137150.0,236627102.2493845,-0.016676817722551807,0.2710473542139099,0.7289526457860901,13,False,True,OBSERVED_BELOW_90_COVERAGE,21.69295140006437
2016-05-03,PATTERN_B_ET_REALISTIC_PORTFOLIO_V02_P1,2016-05-03,172489952.2493845,0.0,63106326.0,235596278.2493845,-0.020960490752447103,0.2678579070472429,0.7321420929527571,13,False,True,OBSERVED_BELOW_90_COVERAGE,21.69295140006437
2016-05-04,PATTERN_B_ET_REALISTIC_PORTFOLIO_V02_P1,2016-05-04,172489952.2493845,0.0,62069221.0,234559173.2493845,-0.02527026498904772,0.2646207357407748,0.7353792642592252,13,False,True,OBSERVED_BELOW_90_COVERAGE,21.69295140006437
2016-05-09,PATTERN_B_ET_REALISTIC_PORTFOLIO_V02_P1,2016-05-09,172489952.2493845,0.0,61895570.0,234385522.2493845,-0.025991885852856056,0.26407590966366756,0.7359240903363324,13,False,True,OBSERVED_BELOW_90_COVERAGE,21.69295140006437
2016-05-10,PATTERN_B_ET_REALISTIC_PORTFOLIO_V02_P1,2016-05-10,172489952.2493845,0.0,,,,,,13,False,False,OBSERVED_BELOW_90_COVERAGE,21.69295140006437
2016-05-11,PATTERN_B_ET_REALISTIC_PORTFOLIO_V02_P1,2016-05-11,172489952.2493845,0.0,,,,,,13,False,False,OBSERVED_BELOW_90_COVERAGE,21.69295140006437
2016-05-12,PATTERN_B_ET_REALISTIC_PORTFOLIO_V02_P1,2016-05-12,172489952.2493845,0.0,63753102.0,236243054.2493845,-0.018272760443894365,0.2698623339533213,0.7301376660466787,13,False,True,OBSERVED_BELOW_90_COVERAGE,21.69295140006437
2016-05-13,PATTERN_B_ET_REALISTIC_PORTFOLIO_V02_P1,2016-05-13,172489952.2493845,0.0,64737222.0,237227174.2493845,-0.014183169687198238,0.2728912579464659,0.727108742053534,13,False,True,OBSERVED_BELOW_90_COVERAGE,21.69295140006437
2016-05-16,PATTERN_B_ET_REALISTIC_PORTFOLIO_V02_P1,2016-05-16,172489952.2493845,0.0,64398741.0,236888693.2493845,-0.015589755031381047,0.2718523206686114,0.7281476793313886,13,False,True,OBSERVED_BELOW_90_COVERAGE,21.69295140006437
2016-05-17,PATTERN_B_ET_REALISTIC_PORTFOLIO_V02_P1,2016-05-17,172489952.2493845,0.0,63618252.0,236108204.2493845,-0.01883314059422203,0.2694453257236437,0.7305546742763563,13,False,True,OBSERVED_BELOW_90_COVERAGE,21.69295140006437
2016-05-18,PATTERN_B_ET_REALISTIC_PORTFOLIO_V02_P1,2016-05-18,172489952.2493845,0.0,62840983.0,235330935.2493845,-0.022063145184989974,0.2670323939069305,0.7329676060930694,13,False,True,OBSERVED_BELOW_90_COVERAGE,21.69295140006437
2016-05-19,PATTERN_B_ET_REALISTIC_PORTFOLIO_V02_P1,2016-05-19,172489952.2493845,0.0,62630638.0,235120590.2493845,-0.022937250952291932,0.2663766620080776,0.7336233379919224,13,False,True,OBSERVED_BELOW_90_COVERAGE,21.69295140006437
2016-05-20,PATTERN_B_ET_REALISTIC_PORTFOLIO_V02_P1,2016-05-20,172489952.2493845,0.0,,,,,,13,False,False,OBSERVED_BELOW_90_COVERAGE,21.69295140006437
2016-05-23,PATTERN_B_ET_REALISTIC_PORTFOLIO_V02_P1,2016-05-23,172489952.2493845,0.0,62682314.0,235172266.2493845,-0.02272250712842594,0.2665378660489226,0.7334621339510774,13,False,True,OBSERVED_BELOW_90_COVERAGE,21.69295140006437
2016-05-24,PATTERN_B_ET_REALISTIC_PORTFOLIO_V02_P1,2016-05-24,172489952.2493845,0.0,61185573.0,233675525.2493845,-0.028942336172412597,0.26183988646094275,0.7381601135390572,13,False,True,OBSERVED_BELOW_90_COVERAGE,21.69295140006437
2016-05-25,PATTERN_B_ET_REALISTIC_PORTFOLIO_V02_P1,2016-05-25,172489952.2493845,0.0,61562419.0,234052371.2493845,-0.027376321948234694,0.2630283926258743,0.7369716073741257,13,False,True,OBSERVED_BELOW_90_COVERAGE,21.69295140006437
2016-05-26,PATTERN_B_ET_REALISTIC_PORTFOLIO_V02_P1,2016-05-26,172489952.2493845,0.0,61971348.0,234461300.2493845,-0.025676984206348563,0.2643137606678981,0.735686239332102,13,False,True,OBSERVED_BELOW_90_COVERAGE,21.69295140006437
2016-05-27,PATTERN_B_ET_REALISTIC_PORTFOLIO_V02_P1,2016-05-27,172489952.2493845,0.0,64151849.0,236641801.2493845,-0.016615734831712636,0.2710926330906081,0.7289073669093918,13,False,True,OBSERVED_BELOW_90_COVERAGE,21.69295140006437
2016-05-30,PATTERN_B_ET_REALISTIC_PORTFOLIO_V02_P1,2016-05-30,172489952.2493845,0.0,62591595.0,235081547.2493845,-0.023099497316468764,0.2662548197949377,0.7337451802050623,13,False,True,OBSERVED_BELOW_90_COVERAGE,21.69295140006437
2016-05-31,PATTERN_B_ET_REALISTIC_PORTFOLIO_V02_P1,2016-05-31,172489952.2493845,0.0,63468067.0,235958019.2493845,-0.019457246585152466,0.2689803347303084,0.7310196652696915,13,False,True,OBSERVED_BELOW_90_COVERAGE,21.69295140006437
2016-06-01,PATTERN_B_ET_REALISTIC_PORTFOLIO_V02_P1,2016-06-01,152507985.39288285,14767729.7782095,,,,,,15,False,False,OBSERVED_BELOW_90_COVERAGE,21.69295140006437
2016-06-02,PATTERN_B_ET_REALISTIC_PORTFOLIO_V02_P1,2016-06-02,167275715.17109236,5894869.9808484,63794009.0,236964594.15194076,-0.015274342653298079,0.26921325199787244,0.7307867480021275,14,False,True,OBSERVED_BELOW_90_COVERAGE,21.69295140006437
2016-06-03,PATTERN_B_ET_REALISTIC_PORTFOLIO_V02_P1,2016-06-03,173170585.15194076,0.0,63705618.0,236876203.15194076,-0.01564165864786704,0.268940556933602,0.731059443066398,14,False,True,OBSERVED_BELOW_90_COVERAGE,21.69295140006437
2016-06-07,PATTERN_B_ET_REALISTIC_PORTFOLIO_V02_P1,2016-06-07,173170585.15194076,0.0,64830774.0,238001359.15194076,-0.010965981314369877,0.2723966545023461,0.7276033454976539,14,False,True,OBSERVED_BELOW_90_COVERAGE,21.69295140006437
2016-06-08,PATTERN_B_ET_REALISTIC_PORTFOLIO_V02_P1,2016-06-08,173170585.15194076,0.0,64841974.0,238012559.15194076,-0.010919438802811321,0.27243089285303906,0.7275691071469609,14,False,True,OBSERVED_BELOW_90_COVERAGE,21.69295140006437
2016-06-09,PATTERN_B_ET_REALISTIC_PORTFOLIO_V02_P1,2016-06-09,173170585.15194076,0.0,64241984.0,237412569.15194076,-0.013412746080491034,0.2705921772780531,0.7294078227219469,14,False,True,OBSERVED_BELOW_90_COVERAGE,21.69295140006437
2016-06-10,PATTERN_B_ET_REALISTIC_PORTFOLIO_V02_P1,2016-06-10,173170585.15194076,0.0,65063133.0,238233718.15194076,-0.010000394578366989,0.27310631553214487,0.7268936844678552,14,False,True,OBSERVED_BELOW_90_COVERAGE,21.69295140006437
2016-06-13,PATTERN_B_ET_REALISTIC_PORTFOLIO_V02_P1,2016-06-13,173170585.15194076,0.0,64214132.0,237384717.15194076,-0.013528487333341777,0.27050659693015966,0.7294934030698403,14,False,True,OBSERVED_BELOW_90_COVERAGE,21.69295140006437
2016-06-14,PATTERN_B_ET_REALISTIC_PORTFOLIO_V02_P1,2016-06-14,173170585.15194076,0.0,63510019.0,236680604.15194076,-0.016454486212004515,0.2683363904176481,0.7316636095823519,14,False,True,OBSERVED_BELOW_90_COVERAGE,21.69295140006437
2016-06-15,PATTERN_B_ET_REALISTIC_PORTFOLIO_V02_P1,2016-06-15,173170585.15194076,0.0,63669300.0,236839885.15194076,-0.01579258105275838,0.26882845327827276,0.7311715467217272,14,False,True,OBSERVED_BELOW_90_COVERAGE,21.69295140006437
2016-06-16,PATTERN_B_ET_REALISTIC_PORTFOLIO_V02_P1,2016-06-16,173170585.15194076,0.0,62125050.0,235295635.15194076,-0.02220983761296247,0.26402975966759057,0.7359702403324094,14,False,True,OBSERVED_BELOW_90_COVERAGE,21.69295140006437
2016-06-17,PATTERN_B_ET_REALISTIC_PORTFOLIO_V02_P1,2016-06-17,173170585.15194076,0.0,62324658.0,235495243.15194076,-0.021380350323035868,0.26465357501844883,0.7353464249815512,14,False,True,OBSERVED_BELOW_90_COVERAGE,21.69295140006437
2016-06-20,PATTERN_B_ET_REALISTIC_PORTFOLIO_V02_P1,2016-06-20,173170585.15194076,0.0,,,,,,14,False,False,OBSERVED_BELOW_90_COVERAGE,21.69295140006437
2016-06-21,PATTERN_B_ET_REALISTIC_PORTFOLIO_V02_P1,2016-06-21,173170585.15194076,0.0,63016738.0,236187323.15194076,-0.01850435555522878,0.26680829927295013,0.7331917007270499,14,False,True,OBSERVED_BELOW_90_COVERAGE,21.69295140006437
2016-06-22,PATTERN_B_ET_REALISTIC_PORTFOLIO_V02_P1,2016-06-22,173170585.15194076,0.0,63173804.0,236344389.15194076,-0.017851655008759626,0.2672955521672525,0.7327044478327476,14,False,True,OBSERVED_BELOW_90_COVERAGE,21.69295140006437
2016-06-23,PATTERN_B_ET_REALISTIC_PORTFOLIO_V02_P1,2016-06-23,173170585.15194076,0.0,62358352.0,235528937.15194076,-0.021240332163709574,0.26475877127476843,0.7352412287252316,14,False,True,OBSERVED_BELOW_90_COVERAGE,21.69295140006437
2016-06-24,PATTERN_B_ET_REALISTIC_PORTFOLIO_V02_P1,2016-06-24,173170585.15194076,0.0,58646201.0,231816786.15194076,-0.036666477773046324,0.25298513525919236,0.7470148647408077,14,False,True,OBSERVED_BELOW_90_COVERAGE,21.69295140006437
2016-06-27,PATTERN_B_ET_REALISTIC_PORTFOLIO_V02_P1,2016-06-27,173170585.15194076,0.0,58133378.0,231303963.15194076,-0.03879755548777741,0.2513289318861039,0.7486710681138962,14,False,True,OBSERVED_BELOW_90_COVERAGE,21.69295140006437
2016-06-28,PATTERN_B_ET_REALISTIC_PORTFOLIO_V02_P1,2016-06-28,173170585.15194076,0.0,59257117.0,232427702.15194076,-0.03412776661310868,0.25494859886048743,0.7450514011395125,14,False,True,OBSERVED_BELOW_90_COVERAGE,21.69295140006437
2016-06-29,PATTERN_B_ET_REALISTIC_PORTFOLIO_V02_P1,2016-06-29,173170585.15194076,0.0,60400280.0,233570865.15194076,-0.029377259725537064,0.25859509472942555,0.7414049052705745,14,False,True,OBSERVED_BELOW_90_COVERAGE,21.69295140006437
2016-06-30,PATTERN_B_ET_REALISTIC_PORTFOLIO_V02_P1,2016-06-30,173170585.15194076,0.0,60703819.0,233874404.15194076,-0.028115878706253983,0.2595573432677253,0.7404426567322747,14,False,True,OBSERVED_BELOW_90_COVERAGE,21.69295140006437
2016-07-01,PATTERN_B_ET_REALISTIC_PORTFOLIO_V02_P1,2016-07-01,123304670.75959678,15751996.7160195,96203998.0,235260665.47561628,-0.0223551569490813,0.4089251290924837,0.5910748709075163,21,False,True,OBSERVED_BELOW_90_COVERAGE,21.69295140006437
2016-07-04,PATTERN_B_ET_REALISTIC_PORTFOLIO_V02_P1,2016-07-04,139056667.47561628,0.0,97002871.0,236059538.47561628,-0.01903537517798215,0.4109254454465516,0.5890745545534484,21,False,True,OBSERVED_BELOW_90_COVERAGE,21.69295140006437
2016-07-05,PATTERN_B_ET_REALISTIC_PORTFOLIO_V02_P1,2016-07-05,139056667.47561628,0.0,,,,,,21,False,False,OBSERVED_BELOW_90_COVERAGE,21.69295140006437
2016-07-06,PATTERN_B_ET_REALISTIC_PORTFOLIO_V02_P1,2016-07-06,139056667.47561628,0.0,95816197.0,234872864.47561628,-0.023966695567377405,0.4079491992994675,0.5920508007005325,21,False,True,OBSERVED_BELOW_90_COVERAGE,21.69295140006437
2016-07-07,PATTERN_B_ET_REALISTIC_PORTFOLIO_V02_P1,2016-07-07,139056667.47561628,0.0,96483396.0,235540063.47561628,-0.02119409582011389,0.40962626304967525,0.5903737369503247,21,False,True,OBSERVED_BELOW_90_COVERAGE,21.69295140006437
2016-07-08,PATTERN_B_ET_REALISTIC_PORTFOLIO_V02_P1,2016-07-08,139056667.47561628,0.0,96078729.0,235135396.47561628,-0.02287572247411951,0.40861023240268907,0.591389767597311,21,False,True,OBSERVED_BELOW_90_COVERAGE,21.69295140006437
2016-07-11,PATTERN_B_ET_REALISTIC_PORTFOLIO_V02_P1,2016-07-11,139056667.47561628,0.0,,,,,,21,False,False,OBSERVED_BELOW_90_COVERAGE,21.69295140006437
2016-07-12,PATTERN_B_ET_REALISTIC_PORTFOLIO_V02_P1,2016-07-12,139056667.47561628,0.0,98979817.0,238036484.47561628,-0.010820015173015785,0.41581784077364486,0.5841821592263551,21,False,True,OBSERVED_BELOW_90_COVERAGE,21.69295140006437
2016-07-13,PATTERN_B_ET_REALISTIC_PORTFOLIO_V02_P1,2016-07-13,139056667.47561628,0.0,100222758.0,239279425.47561628,-0.0056548726855968345,0.41885238482492587,0.5811476151750741,21,False,True,OBSERVED_BELOW_90_COVERAGE,21.69295140006437
2016-07-14,PATTERN_B_ET_REALISTIC_PORTFOLIO_V02_P1,2016-07-14,139056667.47561628,0.0,99503862.0,238560529.47561628,-0.00864230352393558,0.41710111148194146,0.5828988885180586,21,False,True,OBSERVED_BELOW_90_COVERAGE,21.69295140006437
2016-07-15,PATTERN_B_ET_REALISTIC_PORTFOLIO_V02_P1,2016-07-15,139056667.47561628,0.0,99090023.0,238146690.47561628,-0.01036204517044248,0.41608817994531727,0.5839118200546827,21,False,True,OBSERVED_BELOW_90_COVERAGE,21.69295140006437
2016-07-18,PATTERN_B_ET_REALISTIC_PORTFOLIO_V02_P1,2016-07-18,139056667.47561628,0.0,,,,,,21,False,False,OBSERVED_BELOW_90_COVERAGE,21.69295140006437
2016-07-19,PATTERN_B_ET_REALISTIC_PORTFOLIO_V02_P1,2016-07-19,139056667.47561628,0.0,100103016.0,239159683.47561628,-0.006152470312297154,0.4185614169798234,0.5814385830201766,21,False,True,OBSERVED_BELOW_90_COVERAGE,21.69295140006437
2016-07-20,PATTERN_B_ET_REALISTIC_PORTFOLIO_V02_P1,2016-07-20,139056667.47561628,0.0,100374221.0,239430888.47561628,-0.005025455861651151,0.4192200164275051,0.5807799835724949,21,False,True,OBSERVED_BELOW_90_COVERAGE,21.69295140006437
2016-07-21,PATTERN_B_ET_REALISTIC_PORTFOLIO_V02_P1,2016-07-21,139056667.47561628,0.0,100137927.0,239194594.47561628,-0.006007394810420341,0.4186462792753795,0.5813537207246204,21,False,True,OBSERVED_BELOW_90_COVERAGE,21.69295140006437
2016-07-22,PATTERN_B_ET_REALISTIC_PORTFOLIO_V02_P1,2016-07-22,139056667.47561628,0.0,,,,,,21,False,False,OBSERVED_BELOW_90_COVERAGE,21.69295140006437
2016-07-25,PATTERN_B_ET_REALISTIC_PORTFOLIO_V02_P1,2016-07-25,139056667.47561628,0.0,100179249.0,239235916.47561628,-0.005835677876257717,0.41874669353926464,0.5812533064607354,21,False,True,OBSERVED_BELOW_90_COVERAGE,21.69295140006437
2016-07-26,PATTERN_B_ET_REALISTIC_PORTFOLIO_V02_P1,2016-07-26,139056667.47561628,0.0,100136470.0,239193137.47561628,-0.006013449492504375,0.4186427380685538,0.5813572619314462,21,False,True,OBSERVED_BELOW_90_COVERAGE,21.69295140006437
2016-07-27,PATTERN_B_ET_REALISTIC_PORTFOLIO_V02_P1,2016-07-27,139056667.47561628,0.0,100351475.0,239408142.47561628,-0.005119978715928952,0.41916483692788686,0.5808351630721131,21,False,True,OBSERVED_BELOW_90_COVERAGE,21.69295140006437
2016-07-28,PATTERN_B_ET_REALISTIC_PORTFOLIO_V02_P1,2016-07-28,139056667.47561628,0.0,,,,,,21,False,False,OBSERVED_BELOW_90_COVERAGE,21.69295140006437
2016-07-29,PATTERN_B_ET_REALISTIC_PORTFOLIO_V02_P1,2016-07-29,139056667.47561628,0.0,101059170.0,240115837.47561628,-0.002179094544730198,0.42087673625552724,0.5791232637444728,21,False,True,OBSERVED_BELOW_90_COVERAGE,21.69295140006437
2016-08-01,PATTERN_B_ET_REALISTIC_PORTFOLIO_V02_P1,2016-08-01,139056667.47561628,0.0,100476273.0,239532940.47561628,-0.004601370469724975,0.4194674552923471,0.5805325447076529,21,False,True,OBSERVED_BELOW_90_COVERAGE,21.69295140006437
2016-08-02,PATTERN_B_ET_REALISTIC_PORTFOLIO_V02_P1,2016-08-02,139056667.47561628,0.0,101347030.0,240403697.47561628,-0.0009828688860477053,0.4215701799273676,0.5784298200726324,21,False,True,OBSERVED_BELOW_90_COVERAGE,21.69295140006437
2016-08-03,PATTERN_B_ET_REALISTIC_PORTFOLIO_V02_P1,2016-08-03,139056667.47561628,0.0,101224089.0,240280756.47561628,-0.0014937602176119391,0.4212742230577763,0.5787257769422237,21,False,True,OBSERVED_BELOW_90_COVERAGE,21.69295140006437
2016-08-04,PATTERN_B_ET_REALISTIC_PORTFOLIO_V02_P1,2016-08-04,139056667.47561628,0.0,101546550.0,240603217.47561628,-0.00015374728728334563,0.4220498423313526,0.5779501576686473,21,False,True,OBSERVED_BELOW_90_COVERAGE,21.69295140006437
2016-08-05,PATTERN_B_ET_REALISTIC_PORTFOLIO_V02_P1,2016-08-05,139056667.47561628,0.0,101727839.0,240784506.47561628,0.0,0.42248498663389605,0.577515013366104,21,False,True,OBSERVED_BELOW_90_COVERAGE,21.69295140006437
2016-08-08,PATTERN_B_ET_REALISTIC_PORTFOLIO_V02_P1,2016-08-08,139056667.47561628,0.0,101719769.0,240776436.47561628,-3.3515445483245365e-05,0.42246563031221407,0.5775343696877859,21,False,True,OBSERVED_BELOW_90_COVERAGE,21.69295140006437
2016-08-09,PATTERN_B_ET_REALISTIC_PORTFOLIO_V02_P1,2016-08-09,139056667.47561628,0.0,102721854.0,241778521.47561628,0.0,0.4248593025264225,0.5751406974735774,21,False,True,OBSERVED_BELOW_90_COVERAGE,21.69295140006437
2016-08-10,PATTERN_B_ET_REALISTIC_PORTFOLIO_V02_P1,2016-08-10,139056667.47561628,0.0,,,,,,21,False,False,OBSERVED_BELOW_90_COVERAGE,21.69295140006437
2016-08-11,PATTERN_B_ET_REALISTIC_PORTFOLIO_V02_P1,2016-08-11,139056667.47561628,0.0,102820281.0,241876948.47561628,0.0,0.4250933445622056,0.5749066554377944,21,False,True,OBSERVED_BELOW_90_COVERAGE,21.69295140006437
2016-08-12,PATTERN_B_ET_REALISTIC_PORTFOLIO_V02_P1,2016-08-12,139056667.47561628,0.0,103020431.0,242077098.47561628,0.0,0.4255686789404283,0.5744313210595716,21,False,True,OBSERVED_BELOW_90_COVERAGE,21.69295140006437
2016-08-16,PATTERN_B_ET_REALISTIC_PORTFOLIO_V02_P1,2016-08-16,139056667.47561628,0.0,103018341.0,242075008.47561628,-8.633613064468193e-06,0.42556371947985216,0.5744362805201478,21,False,True,OBSERVED_BELOW_90_COVERAGE,21.69295140006437
2016-08-17,PATTERN_B_ET_REALISTIC_PORTFOLIO_V02_P1,2016-08-17,139056667.47561628,0.0,102118257.0,241174924.47561628,-0.0037268044176053117,0.42341987759313904,0.576580122406861,21,False,True,OBSERVED_BELOW_90_COVERAGE,21.69295140006437
2016-08-18,PATTERN_B_ET_REALISTIC_PORTFOLIO_V02_P1,2016-08-18,139056667.47561628,0.0,102156361.0,241213028.47561628,-0.003569400019419966,0.42351095894609514,0.5764890410539049,21,False,True,OBSERVED_BELOW_90_COVERAGE,21.69295140006437
2016-08-19,PATTERN_B_ET_REALISTIC_PORTFOLIO_V02_P1,2016-08-19,139056667.47561628,0.0,102222083.0,241278750.47561628,-0.0032979080013239015,0.42366798898989905,0.5763320110101009,21,False,True,OBSERVED_BELOW_90_COVERAGE,21.69295140006437
2016-08-22,PATTERN_B_ET_REALISTIC_PORTFOLIO_V02_P1,2016-08-22,139056667.47561628,0.0,101028363.0,240085030.47561628,-0.008229064263180041,0.42080242487363545,0.5791975751263645,21,False,True,OBSERVED_BELOW_90_COVERAGE,21.69295140006437
2016-08-23,PATTERN_B_ET_REALISTIC_PORTFOLIO_V02_P1,2016-08-23,139056667.47561628,0.0,100882117.0,239938784.47561628,-0.00883319410826211,0.42044939595937697,0.579550604040623,21,False,True,OBSERVED_BELOW_90_COVERAGE,21.69295140006437
2016-08-24,PATTERN_B_ET_REALISTIC_PORTFOLIO_V02_P1,2016-08-24,139056667.47561628,0.0,101757970.0,240814637.47561628,-0.005215119513369282,0.422557245966012,0.577442754033988,21,False,True,OBSERVED_BELOW_90_COVERAGE,21.69295140006437
2016-08-25,PATTERN_B_ET_REALISTIC_PORTFOLIO_V02_P1,2016-08-25,139056667.47561628,0.0,101319088.0,240375755.47561628,-0.0070281039004248536,0.4215029415072512,0.5784970584927488,21,False,True,OBSERVED_BELOW_90_COVERAGE,21.69295140006437
2016-08-26,PATTERN_B_ET_REALISTIC_PORTFOLIO_V02_P1,2016-08-26,139056667.47561628,0.0,100280922.0,239337589.47561628,-0.011316679757197079,0.4189936157530183,0.5810063842469817,21,False,True,OBSERVED_BELOW_90_COVERAGE,21.69295140006437
2016-08-29,PATTERN_B_ET_REALISTIC_PORTFOLIO_V02_P1,2016-08-29,139056667.47561628,0.0,96904523.0,235961190.47561628,-0.025264298186455814,0.41067992073049786,0.5893200792695021,21,False,True,OBSERVED_BELOW_90_COVERAGE,21.69295140006437
2016-08-30,PATTERN_B_ET_REALISTIC_PORTFOLIO_V02_P1,2016-08-30,139056667.47561628,0.0,97351757.0,236408424.47561628,-0.023416812394465247,0.41179478783777895,0.588205212162221,21,False,True,OBSERVED_BELOW_90_COVERAGE,21.69295140006437
2016-08-31,PATTERN_B_ET_REALISTIC_PORTFOLIO_V02_P1,2016-08-31,139056667.47561628,0.0,95742341.0,234799008.47561628,-0.030065173640261178,0.40776296979100224,0.5922370302089978,21,False,True,OBSERVED_BELOW_90_COVERAGE,21.69295140006437
2016-09-01,PATTERN_B_ET_REALISTIC_PORTFOLIO_V02_P1,2016-09-01,79406435.57876071,34905605.585668206,122143367.0,236455408.16442892,-0.023222726753533096,0.5165598365805303,0.48344016341946966,27,False,True,OBSERVED_BELOW_90_COVERAGE,21.69295140006437
2016-09-02,PATTERN_B_ET_REALISTIC_PORTFOLIO_V02_P1,2016-09-02,114312041.16442892,0.0,124026270.0,238338311.16442892,-0.015444613863644596,0.5203790754161828,0.4796209245838172,27,False,True,OBSERVED_BELOW_90_COVERAGE,21.69295140006437
2016-09-05,PATTERN_B_ET_REALISTIC_PORTFOLIO_V02_P1,2016-09-05,114312041.16442892,0.0,124873094.0,239185135.16442892,-0.011946455610209905,0.5220771513002069,0.47792284869979307,27,False,True,OBSERVED_BELOW_90_COVERAGE,21.69295140006437
2016-09-06,PATTERN_B_ET_REALISTIC_PORTFOLIO_V02_P1,2016-09-06,114312041.16442892,0.0,126025050.0,240337091.16442892,-0.007187822896690177,0.5243678759254798,0.47563212407452016,27,False,True,OBSERVED_BELOW_90_COVERAGE,21.69295140006437
2016-09-07,PATTERN_B_ET_REALISTIC_PORTFOLIO_V02_P1,2016-09-07,114312041.16442892,0.0,125090667.0,239402708.16442892,-0.011047679966540658,0.5225114952086674,0.4774885047913326,27,False,True,OBSERVED_BELOW_90_COVERAGE,21.69295140006437
2016-09-08,PATTERN_B_ET_REALISTIC_PORTFOLIO_V02_P1,2016-09-08,114312041.16442892,0.0,123417485.0,237729526.16442892,-0.017959453160024008,0.519150847567149,0.480849152432851,27,False,True,OBSERVED_BELOW_90_COVERAGE,21.69295140006437
2016-09-09,PATTERN_B_ET_REALISTIC_PORTFOLIO_V02_P1,2016-09-09,114312041.16442892,0.0,122865022.0,237177063.16442892,-0.020241631042520636,0.5180307925257543,0.4819692074742457,27,False,True,OBSERVED_BELOW_90_COVERAGE,21.69295140006437
2016-09-12,PATTERN_B_ET_REALISTIC_PORTFOLIO_V02_P1,2016-09-12,114312041.16442892,0.0,120292578.0,234604619.16442892,-0.030868179428133913,0.512745991227435,0.487254008772565,27,False,True,OBSERVED_BELOW_90_COVERAGE,21.69295140006437
2016-09-13,PATTERN_B_ET_REALISTIC_PORTFOLIO_V02_P1,2016-09-13,114312041.16442892,0.0,,,,,,27,False,False,OBSERVED_BELOW_90_COVERAGE,21.69295140006437
2016-09-19,PATTERN_B_ET_REALISTIC_PORTFOLIO_V02_P1,2016-09-19,114312041.16442892,0.0,,,,,,27,False,False,OBSERVED_BELOW_90_COVERAGE,21.69295140006437
2016-09-20,PATTERN_B_ET_REALISTIC_PORTFOLIO_V02_P1,2016-09-20,114312041.16442892,0.0,,,,,,27,False,False,OBSERVED_BELOW_90_COVERAGE,21.69295140006437
2016-09-21,PATTERN_B_ET_REALISTIC_PORTFOLIO_V02_P1,2016-09-21,114312041.16442892,0.0,,,,,,27,False,False,OBSERVED_BELOW_90_COVERAGE,21.69295140006437
2016-09-22,PATTERN_B_ET_REALISTIC_PORTFOLIO_V02_P1,2016-09-22,114312041.16442892,0.0,,,,,,27,False,False,OBSERVED_BELOW_90_COVERAGE,21.69295140006437
2016-09-23,PATTERN_B_ET_REALISTIC_PORTFOLIO_V02_P1,2016-09-23,114312041.16442892,0.0,,,,,,27,False,False,OBSERVED_BELOW_90_COVERAGE,21.69295140006437
2016-09-26,PATTERN_B_ET_REALISTIC_PORTFOLIO_V02_P1,2016-09-26,114312041.16442892,0.0,,,,,,27,False,False,OBSERVED_BELOW_90_COVERAGE,21.69295140006437
2016-09-27,PATTERN_B_ET_REALISTIC_PORTFOLIO_V02_P1,2016-09-27,114312041.16442892,0.0,,,,,,27,False,False,OBSERVED_BELOW_90_COVERAGE,21.69295140006437
2016-09-28,PATTERN_B_ET_REALISTIC_PORTFOLIO_V02_P1,2016-09-28,114312041.16442892,0.0,,,,,,27,False,False,OBSERVED_BELOW_90_COVERAGE,21.69295140006437
2016-09-29,PATTERN_B_ET_REALISTIC_PORTFOLIO_V02_P1,2016-09-29,114312041.16442892,0.0,,,,,,27,False,False,OBSERVED_BELOW_90_COVERAGE,21.69295140006437
2016-09-30,PATTERN_B_ET_REALISTIC_PORTFOLIO_V02_P1,2016-09-30,114312041.16442892,0.0,,,,,,27,False,False,OBSERVED_BELOW_90_COVERAGE,21.69295140006437
2016-10-04,PATTERN_B_ET_REALISTIC_PORTFOLIO_V02_P1,2016-10-04,99535985.00741678,38230328.2524507,,,,,,23,False,False,OBSERVED_BELOW_90_COVERAGE,21.69295140006437
2016-10-05,PATTERN_B_ET_REALISTIC_PORTFOLIO_V02_P1,2016-10-05,137766313.2598675,0.0,,,,,,23,False,False,OBSERVED_BELOW_90_COVERAGE,21.69295140006437
2016-10-06,PATTERN_B_ET_REALISTIC_PORTFOLIO_V02_P1,2016-10-06,137766313.2598675,0.0,108066428.0,245832741.2598675,0.0,0.4395933082231874,0.5604066917768127,23,False,True,OBSERVED_BELOW_90_COVERAGE,21.69295140006437
2016-10-07,PATTERN_B_ET_REALISTIC_PORTFOLIO_V02_P1,2016-10-07,137766313.2598675,0.0,106544551.0,244310864.2598675,-0.00619070101159247,0.43610238669808465,0.5638976133019153,23,False,True,OBSERVED_BELOW_90_COVERAGE,21.69295140006437
2016-10-10,PATTERN_B_ET_REALISTIC_PORTFOLIO_V02_P1,2016-10-10,137766313.2598675,0.0,107308374.0,245074687.2598675,-0.003083616918214571,0.43785988344938476,0.5621401165506152,23,False,True,OBSERVED_BELOW_90_COVERAGE,21.69295140006437
2016-10-11,PATTERN_B_ET_REALISTIC_PORTFOLIO_V02_P1,2016-10-11,137766313.2598675,0.0,105498776.0,243265089.2598675,-0.010444711257097228,0.4336782409715236,0.5663217590284765,23,False,True,OBSERVED_BELOW_90_COVERAGE,21.69295140006437
2016-10-12,PATTERN_B_ET_REALISTIC_PORTFOLIO_V02_P1,2016-10-12,137766313.2598675,0.0,106931543.0,244697856.2598675,-0.004616492474451617,0.4369941961667184,0.5630058038332816,23,False,True,OBSERVED_BELOW_90_COVERAGE,21.69295140006437
2016-10-13,PATTERN_B_ET_REALISTIC_PORTFOLIO_V02_P1,2016-10-13,137766313.2598675,0.0,106048415.0,243814728.2598675,-0.008208886211242161,0.4349549174361992,0.5650450825638008,23,False,True,OBSERVED_BELOW_90_COVERAGE,21.69295140006437
2016-10-14,PATTERN_B_ET_REALISTIC_PORTFOLIO_V02_P1,2016-10-14,137766313.2598675,0.0,107136899.0,244903212.2598675,-0.003781144021891669,0.437466287238065,0.562533712761935,23,False,True,OBSERVED_BELOW_90_COVERAGE,21.69295140006437
2016-10-17,PATTERN_B_ET_REALISTIC_PORTFOLIO_V02_P1,2016-10-17,137766313.2598675,0.0,106830454.0,244596767.2598675,-0.005027702956350577,0.43676151241402095,0.563238487585979,23,False,True,OBSERVED_BELOW_90_COVERAGE,21.69295140006437
2016-10-18,PATTERN_B_ET_REALISTIC_PORTFOLIO_V02_P1,2016-10-18,137766313.2598675,0.0,,,,,,23,False,False,OBSERVED_BELOW_90_COVERAGE,21.69295140006437
2016-10-19,PATTERN_B_ET_REALISTIC_PORTFOLIO_V02_P1,2016-10-19,137766313.2598675,0.0,104522117.0,242288430.2598675,-0.014417570994960882,0.4313954111960458,0.5686045888039543,23,False,True,OBSERVED_BELOW_90_COVERAGE,21.69295140006437
2016-10-20,PATTERN_B_ET_REALISTIC_PORTFOLIO_V02_P1,2016-10-20,137766313.2598675,0.0,103146854.0,240913167.2598675,-0.020011874637966054,0.42814950786288014,0.5718504921371198,23,False,True,OBSERVED_BELOW_90_COVERAGE,21.69295140006437
2016-10-21,PATTERN_B_ET_REALISTIC_PORTFOLIO_V02_P1,2016-10-21,137766313.2598675,0.0,102261657.0,240027970.2598675,-0.023612684666213024,0.4260405855587826,0.5739594144412175,23,False,True,OBSERVED_BELOW_90_COVERAGE,21.69295140006437
2016-10-24,PATTERN_B_ET_REALISTIC_PORTFOLIO_V02_P1,2016-10-24,137766313.2598675,0.0,101987999.0,239754312.2598675,-0.02472587243199864,0.42538546247066517,0.5746145375293348,23,False,True,OBSERVED_BELOW_90_COVERAGE,21.69295140006437
2016-10-25,PATTERN_B_ET_REALISTIC_PORTFOLIO_V02_P1,2016-10-25,137766313.2598675,0.0,100584123.0,238350436.2598675,-0.030436568219733284,0.42200100229871473,0.5779989977012853,23,False,True,OBSERVED_BELOW_90_COVERAGE,21.69295140006437
2016-10-26,PATTERN_B_ET_REALISTIC_PORTFOLIO_V02_P1,2016-10-26,137766313.2598675,0.0,99562138.0,237328451.2598675,-0.03459380535081047,0.41951202003582144,0.5804879799641786,23,False,True,OBSERVED_BELOW_90_COVERAGE,21.69295140006437
2016-10-27,PATTERN_B_ET_REALISTIC_PORTFOLIO_V02_P1,2016-10-27,137766313.2598675,0.0,101704067.0,239470380.2598675,-0.025880852840811874,0.42470416128137933,0.5752958387186207,23,False,True,OBSERVED_BELOW_90_COVERAGE,21.69295140006437
2016-10-28,PATTERN_B_ET_REALISTIC_PORTFOLIO_V02_P1,2016-10-28,137766313.2598675,0.0,100187440.0,237953753.2598675,-0.032050197868766395,0.42103744373632995,0.57896255626367,23,False,True,OBSERVED_BELOW_90_COVERAGE,21.69295140006437
2016-10-31,PATTERN_B_ET_REALISTIC_PORTFOLIO_V02_P1,2016-10-31,137766313.2598675,0.0,96985853.0,234752166.2598675,-0.04507363398062114,0.4131414612491284,0.5868585387508716,23,False,True,OBSERVED_BELOW_90_COVERAGE,21.69295140006437
2016-11-01,PATTERN_B_ET_REALISTIC_PORTFOLIO_V02_P1,2016-11-01,52867387.940008864,22799218.1402196,161652587.0,237319193.08022845,-0.03463146583326526,0.6811610342251228,0.3188389657748773,36,False,True,OBSERVED_BELOW_90_COVERAGE,21.69295140006437
2016-11-02,PATTERN_B_ET_REALISTIC_PORTFOLIO_V02_P1,2016-11-02,75666606.08022846,0.0,154019971.0,229686577.08022845,-0.06567947010187336,0.6705658334844772,0.3294341665155229,36,False,True,OBSERVED_BELOW_90_COVERAGE,21.69295140006437
2016-11-03,PATTERN_B_ET_REALISTIC_PORTFOLIO_V02_P1,2016-11-03,75666606.08022846,0.0,155822406.0,231489012.08022845,-0.05834751346028566,0.6731308955001102,0.3268691044998899,36,False,True,OBSERVED_BELOW_90_COVERAGE,21.69295140006437
2016-11-04,PATTERN_B_ET_REALISTIC_PORTFOLIO_V02_P1,2016-11-04,75666606.08022846,0.0,,,,,,36,False,False,OBSERVED_BELOW_90_COVERAGE,21.69295140006437
2016-11-07,PATTERN_B_ET_REALISTIC_PORTFOLIO_V02_P1,2016-11-07,75666606.08022846,0.0,,,,,,36,False,False,OBSERVED_BELOW_90_COVERAGE,21.69295140006437
2016-11-08,PATTERN_B_ET_REALISTIC_PORTFOLIO_V02_P1,2016-11-08,75666606.08022846,0.0,161713066.0,237379672.08022845,-0.034385448969563304,0.6812422672205267,0.31875773277947334,36,False,True,OBSERVED_BELOW_90_COVERAGE,21.69295140006437
2016-11-09,PATTERN_B_ET_REALISTIC_PORTFOLIO_V02_P1,2016-11-09,75666606.08022846,0.0,153917736.0,229584342.08022845,-0.06609534228991498,0.6704191348825231,0.329580865117477,36,False,True,OBSERVED_BELOW_90_COVERAGE,21.69295140006437
2016-11-10,PATTERN_B_ET_REALISTIC_PORTFOLIO_V02_P1,2016-11-10,75666606.08022846,0.0,,,,,,36,False,False,OBSERVED_BELOW_90_COVERAGE,21.69295140006437
2016-11-11,PATTERN_B_ET_REALISTIC_PORTFOLIO_V02_P1,2016-11-11,75666606.08022846,0.0,,,,,,36,False,False,OBSERVED_BELOW_90_COVERAGE,21.69295140006437
2016-11-14,PATTERN_B_ET_REALISTIC_PORTFOLIO_V02_P1,2016-11-14,75666606.08022846,0.0,,,,,,36,False,False,OBSERVED_BELOW_90_COVERAGE,21.69295140006437
2016-11-15,PATTERN_B_ET_REALISTIC_PORTFOLIO_V02_P1,2016-11-15,75666606.08022846,0.0,,,,,,36,False,False,OBSERVED_BELOW_90_COVERAGE,21.69295140006437
2016-11-16,PATTERN_B_ET_REALISTIC_PORTFOLIO_V02_P1,2016-11-16,75666606.08022846,0.0,,,,,,36,False,False,OBSERVED_BELOW_90_COVERAGE,21.69295140006437
2016-11-17,PATTERN_B_ET_REALISTIC_PORTFOLIO_V02_P1,2016-11-17,75666606.08022846,0.0,167496893.0,243163499.08022845,-0.010857960440742942,0.6888241600139859,0.3111758399860141,36,False,True,OBSERVED_BELOW_90_COVERAGE,21.69295140006437
2016-11-18,PATTERN_B_ET_REALISTIC_PORTFOLIO_V02_P1,2016-11-18,75666606.08022846,0.0,164956597.0,240623203.08022845,-0.02119139278576443,0.6855390290229004,0.31446097097709963,36,False,True,OBSERVED_BELOW_90_COVERAGE,21.69295140006437
2016-11-21,PATTERN_B_ET_REALISTIC_PORTFOLIO_V02_P1,2016-11-21,75666606.08022846,0.0,161688212.0,237354818.08022845,-0.03448655023000824,0.6812088893234418,0.3187911106765583,36,False,True,OBSERVED_BELOW_90_COVERAGE,21.69295140006437
2016-11-22,PATTERN_B_ET_REALISTIC_PORTFOLIO_V02_P1,2016-11-22,75666606.08022846,0.0,,,,,,36,False,False,OBSERVED_BELOW_90_COVERAGE,21.69295140006437
2016-11-23,PATTERN_B_ET_REALISTIC_PORTFOLIO_V02_P1,2016-11-23,75666606.08022846,0.0,157415127.0,233081733.08022845,-0.05186863277158049,0.6753644951911206,0.3246355048088795,36,False,True,OBSERVED_BELOW_90_COVERAGE,21.69295140006437
2016-11-24,PATTERN_B_ET_REALISTIC_PORTFOLIO_V02_P1,2016-11-24,75666606.08022846,0.0,156871961.0,232538567.08022845,-0.05407812690656166,0.6746062082075073,0.3253937917924927,36,False,True,OBSERVED_BELOW_90_COVERAGE,21.69295140006437
2016-11-25,PATTERN_B_ET_REALISTIC_PORTFOLIO_V02_P1,2016-11-25,75666606.08022846,0.0,158969939.0,234636545.08022845,-0.04554395855596649,0.6775156825874843,0.3224843174125158,36,False,True,OBSERVED_BELOW_90_COVERAGE,21.69295140006437
2016-11-28,PATTERN_B_ET_REALISTIC_PORTFOLIO_V02_P1,2016-11-28,75666606.08022846,0.0,159129794.0,234796400.08022845,-0.044893699362741235,0.6777352376170434,0.3222647623829567,36,False,True,OBSERVED_BELOW_90_COVERAGE,21.69295140006437
2016-11-29,PATTERN_B_ET_REALISTIC_PORTFOLIO_V02_P1,2016-11-29,75666606.08022846,0.0,,,,,,36,False,False,OBSERVED_BELOW_90_COVERAGE,21.69295140006437
2016-11-30,PATTERN_B_ET_REALISTIC_PORTFOLIO_V02_P1,2016-11-30,75666606.08022846,0.0,,,,,,36,False,False,OBSERVED_BELOW_90_COVERAGE,21.69295140006437
2016-12-01,PATTERN_B_ET_REALISTIC_PORTFOLIO_V02_P1,2016-12-01,35687975.48302315,36290009.8958679,164597580.0,236575565.37889105,-0.03765639936134779,0.695750551145831,0.3042494488541691,38,False,True,OBSERVED_BELOW_90_COVERAGE,21.69295140006437
2016-12-02,PATTERN_B_ET_REALISTIC_PORTFOLIO_V02_P1,2016-12-02,71977985.37889105,0.0,164136968.0,236114953.37889105,-0.03953007980618761,0.6951570226753544,0.30484297732464566,38,False,True,OBSERVED_BELOW_90_COVERAGE,21.69295140006437
2016-12-05,PATTERN_B_ET_REALISTIC_PORTFOLIO_V02_P1,2016-12-05,71977985.37889105,0.0,158488875.0,230466860.37889105,-0.0625054287001312,0.6876861807352339,0.31231381926476603,38,False,True,OBSERVED_BELOW_90_COVERAGE,21.69295140006437
2016-12-06,PATTERN_B_ET_REALISTIC_PORTFOLIO_V02_P1,2016-12-06,71977985.37889105,0.0,161365997.0,233343982.37889105,-0.0508018533941933,0.6915369976757438,0.3084630023242561,38,False,True,OBSERVED_BELOW_90_COVERAGE,21.69295140006437
2016-12-07,PATTERN_B_ET_REALISTIC_PORTFOLIO_V02_P1,2016-12-07,71977985.37889105,0.0,,,,,,38,False,False,OBSERVED_BELOW_90_COVERAGE,21.69295140006437
2016-12-08,PATTERN_B_ET_REALISTIC_PORTFOLIO_V02_P1,2016-12-08,71977985.37889105,0.0,,,,,,38,False,False,OBSERVED_BELOW_90_COVERAGE,21.69295140006437
2016-12-09,PATTERN_B_ET_REALISTIC_PORTFOLIO_V02_P1,2016-12-09,71977985.37889105,0.0,165840737.0,237818722.37889105,-0.0325994773515742,0.6973409634914435,0.3026590365085565,38,False,True,OBSERVED_BELOW_90_COVERAGE,21.69295140006437
2016-12-12,PATTERN_B_ET_REALISTIC_PORTFOLIO_V02_P1,2016-12-12,71977985.37889105,0.0,,,,,,38,False,False,OBSERVED_BELOW_90_COVERAGE,21.69295140006437
2016-12-13,PATTERN_B_ET_REALISTIC_PORTFOLIO_V02_P1,2016-12-13,71977985.37889105,0.0,,,,,,38,False,False,OBSERVED_BELOW_90_COVERAGE,21.69295140006437
2016-12-14,PATTERN_B_ET_REALISTIC_PORTFOLIO_V02_P1,2016-12-14,71977985.37889105,0.0,,,,,,38,False,False,OBSERVED_BELOW_90_COVERAGE,21.69295140006437
2016-12-15,PATTERN_B_ET_REALISTIC_PORTFOLIO_V02_P1,2016-12-15,71977985.37889105,0.0,,,,,,38,False,False,OBSERVED_BELOW_90_COVERAGE,21.69295140006437
2016-12-16,PATTERN_B_ET_REALISTIC_PORTFOLIO_V02_P1,2016-12-16,71977985.37889105,0.0,178579765.0,250557750.37889105,0.0,0.7127289606086955,0.2872710393913045,38,False,True,OBSERVED_BELOW_90_COVERAGE,21.69295140006437
2016-12-19,PATTERN_B_ET_REALISTIC_PORTFOLIO_V02_P1,2016-12-19,71977985.37889105,0.0,178475894.0,250453879.37889105,-0.00041455911797949607,0.7126098203893201,0.28739017961067986,38,False,True,OBSERVED_BELOW_90_COVERAGE,21.69295140006437
2016-12-20,PATTERN_B_ET_REALISTIC_PORTFOLIO_V02_P1,2016-12-20,71977985.37889105,0.0,180479806.0,252457791.37889105,0.0,0.7148910121341202,0.28510898786587974,38,False,True,OBSERVED_BELOW_90_COVERAGE,21.69295140006437
2016-12-21,PATTERN_B_ET_REALISTIC_PORTFOLIO_V02_P1,2016-12-21,71977985.37889105,0.0,,,,,,38,False,False,OBSERVED_BELOW_90_COVERAGE,21.69295140006437
2016-12-22,PATTERN_B_ET_REALISTIC_PORTFOLIO_V02_P1,2016-12-22,71977985.37889105,0.0,,,,,,38,False,False,OBSERVED_BELOW_90_COVERAGE,21.69295140006437
2016-12-23,PATTERN_B_ET_REALISTIC_PORTFOLIO_V02_P1,2016-12-23,71977985.37889105,0.0,,,,,,38,False,False,OBSERVED_BELOW_90_COVERAGE,21.69295140006437
2016-12-26,PATTERN_B_ET_REALISTIC_PORTFOLIO_V02_P1,2016-12-26,71977985.37889105,0.0,,,,,,38,False,False,OBSERVED_BELOW_90_COVERAGE,21.69295140006437
2016-12-27,PATTERN_B_ET_REALISTIC_PORTFOLIO_V02_P1,2016-12-27,71977985.37889105,0.0,,,,,,38,False,False,OBSERVED_BELOW_90_COVERAGE,21.69295140006437
2016-12-28,PATTERN_B_ET_REALISTIC_PORTFOLIO_V02_P1,2016-12-28,71977985.37889105,0.0,,,,,,38,False,False,OBSERVED_BELOW_90_COVERAGE,21.69295140006437
2016-12-29,PATTERN_B_ET_REALISTIC_PORTFOLIO_V02_P1,2016-12-29,71977985.37889105,0.0,,,,,,38,False,False,OBSERVED_BELOW_90_COVERAGE,21.69295140006437
2017-01-02,PATTERN_B_ET_REALISTIC_PORTFOLIO_V02_P1,2017-01-02,71977985.37889105,19435847.9634333,,,,,,35,False,False,OBSERVED_BELOW_90_COVERAGE,21.69295140006437
2017-01-03,PATTERN_B_ET_REALISTIC_PORTFOLIO_V02_P1,2017-01-03,91413833.34232435,0.0,,,,,,35,False,False,OBSERVED_BELOW_90_COVERAGE,21.69295140006437
2017-01-04,PATTERN_B_ET_REALISTIC_PORTFOLIO_V02_P1,2017-01-04,91413833.34232435,0.0,,,,,,35,False,False,OBSERVED_BELOW_90_COVERAGE,21.69295140006437
2017-01-05,PATTERN_B_ET_REALISTIC_PORTFOLIO_V02_P1,2017-01-05,91413833.34232435,0.0,,,,,,35,False,False,OBSERVED_BELOW_90_COVERAGE,21.69295140006437
2017-01-06,PATTERN_B_ET_REALISTIC_PORTFOLIO_V02_P1,2017-01-06,91413833.34232435,0.0,,,,,,35,False,False,OBSERVED_BELOW_90_COVERAGE,21.69295140006437
2017-01-09,PATTERN_B_ET_REALISTIC_PORTFOLIO_V02_P1,2017-01-09,91413833.34232435,0.0,,,,,,35,False,False,OBSERVED_BELOW_90_COVERAGE,21.69295140006437
2017-01-10,PATTERN_B_ET_REALISTIC_PORTFOLIO_V02_P1,2017-01-10,91413833.34232435,0.0,,,,,,35,False,False,OBSERVED_BELOW_90_COVERAGE,21.69295140006437
2017-01-11,PATTERN_B_ET_REALISTIC_PORTFOLIO_V02_P1,2017-01-11,91413833.34232435,0.0,172762537.0,264176370.34232435,0.0,0.6539666540808752,0.3460333459191248,35,False,True,OBSERVED_BELOW_90_COVERAGE,21.69295140006437
2017-01-12,PATTERN_B_ET_REALISTIC_PORTFOLIO_V02_P1,2017-01-12,91413833.34232435,0.0,170972026.0,262385859.34232435,-0.006777710654741087,0.6516053358536354,0.34839466414636455,35,False,True,OBSERVED_BELOW_90_COVERAGE,21.69295140006437
2017-01-13,PATTERN_B_ET_REALISTIC_PORTFOLIO_V02_P1,2017-01-13,91413833.34232435,0.0,170336349.0,261750182.34232435,-0.009183970530203367,0.6507592372074426,0.3492407627925574,35,False,True,OBSERVED_BELOW_90_COVERAGE,21.69295140006437
2017-01-16,PATTERN_B_ET_REALISTIC_PORTFOLIO_V02_P1,2017-01-16,91413833.34232435,0.0,170076378.0,261490211.34232435,-0.010168051731951788,0.6504120254709961,0.349587974529004,35,False,True,OBSERVED_BELOW_90_COVERAGE,21.69295140006437
2017-01-17,PATTERN_B_ET_REALISTIC_PORTFOLIO_V02_P1,2017-01-17,91413833.34232435,0.0,170242250.0,261656083.34232435,-0.009540168171491503,0.6506336402554503,0.3493663597445496,35,False,True,OBSERVED_BELOW_90_COVERAGE,21.69295140006437
2017-01-18,PATTERN_B_ET_REALISTIC_PORTFOLIO_V02_P1,2017-01-18,91413833.34232435,0.0,,,,,,35,False,False,OBSERVED_BELOW_90_COVERAGE,21.69295140006437
2017-01-19,PATTERN_B_ET_REALISTIC_PORTFOLIO_V02_P1,2017-01-19,91413833.34232435,0.0,169415836.0,260829669.34232435,-0.012668434332954503,0.6495267061725681,0.3504732938274319,35,False,True,OBSERVED_BELOW_90_COVERAGE,21.69295140006437
2017-01-20,PATTERN_B_ET_REALISTIC_PORTFOLIO_V02_P1,2017-01-20,91413833.34232435,0.0,168376842.0,259790675.34232435,-0.01660139017852713,0.6481250405855831,0.35187495941441693,35,False,True,OBSERVED_BELOW_90_COVERAGE,21.69295140006437
2017-01-23,PATTERN_B_ET_REALISTIC_PORTFOLIO_V02_P1,2017-01-23,91413833.34232435,0.0,163421159.0,254834992.34232435,-0.03536038438220379,0.6412822567964821,0.35871774320351785,35,False,True,OBSERVED_BELOW_90_COVERAGE,21.69295140006437
2017-01-24,PATTERN_B_ET_REALISTIC_PORTFOLIO_V02_P1,2017-01-24,91413833.34232435,0.0,162538190.0,253952023.34232435,-0.03870273100789112,0.640035026540822,0.35996497345917805,35,False,True,OBSERVED_BELOW_90_COVERAGE,21.69295140006437
2017-01-25,PATTERN_B_ET_REALISTIC_PORTFOLIO_V02_P1,2017-01-25,91413833.34232435,0.0,162384536.0,253798369.34232435,-0.03928436516313705,0.6398170974100115,0.36018290258998853,35,False,True,OBSERVED_BELOW_90_COVERAGE,21.69295140006437
2017-01-26,PATTERN_B_ET_REALISTIC_PORTFOLIO_V02_P1,2017-01-26,91413833.34232435,0.0,,,,,,35,False,False,OBSERVED_BELOW_90_COVERAGE,21.69295140006437
2017-01-31,PATTERN_B_ET_REALISTIC_PORTFOLIO_V02_P1,2017-01-31,91413833.34232435,0.0,166975695.0,258389528.34232435,-0.02190522185046795,0.6462169580602516,0.3537830419397484,35,False,True,OBSERVED_BELOW_90_COVERAGE,21.69295140006437
2017-02-01,PATTERN_B_ET_REALISTIC_PORTFOLIO_V02_P1,2017-02-01,71439994.82389054,63238039.03407555,,,,,,28,False,False,OBSERVED_BELOW_90_COVERAGE,21.69295140006437
2017-02-02,PATTERN_B_ET_REALISTIC_PORTFOLIO_V02_P1,2017-02-02,134678033.8579661,0.0,121766039.0,256444072.8579661,-0.029269451595305807,0.4748249302195463,0.5251750697804537,28,False,True,OBSERVED_BELOW_90_COVERAGE,21.69295140006437
2017-02-03,PATTERN_B_ET_REALISTIC_PORTFOLIO_V02_P1,2017-02-03,134678033.8579661,0.0,119683165.0,254361198.8579661,-0.037153858506116855,0.470524457100198,0.529475542899802,28,False,True,OBSERVED_BELOW_90_COVERAGE,21.69295140006437
2017-02-06,PATTERN_B_ET_REALISTIC_PORTFOLIO_V02_P1,2017-02-06,134678033.8579661,0.0,,,,,,28,False,False,OBSERVED_BELOW_90_COVERAGE,21.69295140006437
2017-02-07,PATTERN_B_ET_REALISTIC_PORTFOLIO_V02_P1,2017-02-07,134678033.8579661,0.0,,,,,,28,False,False,OBSERVED_BELOW_90_COVERAGE,21.69295140006437
2017-02-08,PATTERN_B_ET_REALISTIC_PORTFOLIO_V02_P1,2017-02-08,134678033.8579661,0.0,,,,,,28,False,False,OBSERVED_BELOW_90_COVERAGE,21.69295140006437
2017-02-09,PATTERN_B_ET_REALISTIC_PORTFOLIO_V02_P1,2017-02-09,134678033.8579661,0.0,,,,,,28,False,False,OBSERVED_BELOW_90_COVERAGE,21.69295140006437
2017-02-10,PATTERN_B_ET_REALISTIC_PORTFOLIO_V02_P1,2017-02-10,134678033.8579661,0.0,120312325.0,254990358.8579661,-0.03477226775602549,0.47183087838633136,0.5281691216136686,28,False,True,OBSERVED_BELOW_90_COVERAGE,21.69295140006437
2017-02-13,PATTERN_B_ET_REALISTIC_PORTFOLIO_V02_P1,2017-02-13,134678033.8579661,0.0,120820106.0,255498139.8579661,-0.032850138992798095,0.4728805699609597,0.5271194300390403,28,False,True,OBSERVED_BELOW_90_COVERAGE,21.69295140006437
2017-02-14,PATTERN_B_ET_REALISTIC_PORTFOLIO_V02_P1,2017-02-14,134678033.8579661,0.0,121615031.0,256293064.8579661,-0.02984106971468692,0.47451549680986216,0.5254845031901378,28,False,True,OBSERVED_BELOW_90_COVERAGE,21.69295140006437
2017-02-15,PATTERN_B_ET_REALISTIC_PORTFOLIO_V02_P1,2017-02-15,134678033.8579661,0.0,124385039.0,259063072.8579661,-0.01935562017803616,0.48013419136812036,0.5198658086318796,28,False,True,OBSERVED_BELOW_90_COVERAGE,21.69295140006437
2017-02-16,PATTERN_B_ET_REALISTIC_PORTFOLIO_V02_P1,2017-02-16,134678033.8579661,0.0,123611182.0,258289215.8579661,-0.02228493970421952,0.47857662810039314,0.5214233718996069,28,False,True,OBSERVED_BELOW_90_COVERAGE,21.69295140006437
2017-02-17,PATTERN_B_ET_REALISTIC_PORTFOLIO_V02_P1,2017-02-17,134678033.8579661,0.0,124261409.0,258939442.8579661,-0.01982360298755015,0.479885982716662,0.5201140172833381,28,False,True,OBSERVED_BELOW_90_COVERAGE,21.69295140006437
2017-02-20,PATTERN_B_ET_REALISTIC_PORTFOLIO_V02_P1,2017-02-20,134678033.8579661,0.0,123739233.0,258417266.8579661,-0.021800221862748326,0.4788350039628382,0.5211649960371618,28,False,True,OBSERVED_BELOW_90_COVERAGE,21.69295140006437
2017-02-21,PATTERN_B_ET_REALISTIC_PORTFOLIO_V02_P1,2017-02-21,134678033.8579661,0.0,,,,,,28,False,False,OBSERVED_BELOW_90_COVERAGE,21.69295140006437
2017-02-22,PATTERN_B_ET_REALISTIC_PORTFOLIO_V02_P1,2017-02-22,134678033.8579661,0.0,124947068.0,259625101.8579661,-0.017228143752829328,0.48125958201204744,0.5187404179879526,28,False,True,OBSERVED_BELOW_90_COVERAGE,21.69295140006437
2017-02-23,PATTERN_B_ET_REALISTIC_PORTFOLIO_V02_P1,2017-02-23,134678033.8579661,0.0,124413081.0,259091114.8579661,-0.019249471395828,0.48019045758556145,0.5198095424144386,28,False,True,OBSERVED_BELOW_90_COVERAGE,21.69295140006437
2017-02-24,PATTERN_B_ET_REALISTIC_PORTFOLIO_V02_P1,2017-02-24,134678033.8579661,0.0,123315267.0,257993300.8579661,-0.023405081523173776,0.4779785621948733,0.5220214378051268,28,False,True,OBSERVED_BELOW_90_COVERAGE,21.69295140006437
2017-02-27,PATTERN_B_ET_REALISTIC_PORTFOLIO_V02_P1,2017-02-27,134678033.8579661,0.0,123052242.0,257730275.8579661,-0.0244007231835508,0.4774458165241459,0.522554183475854,28,False,True,OBSERVED_BELOW_90_COVERAGE,21.69295140006437
2017-02-28,PATTERN_B_ET_REALISTIC_PORTFOLIO_V02_P1,2017-02-28,134678033.8579661,0.0,122648943.0,257326976.8579661,-0.025927351017362654,0.47662683678787854,0.5233731632121215,28,False,True,OBSERVED_BELOW_90_COVERAGE,21.69295140006437
2017-03-02,PATTERN_B_ET_REALISTIC_PORTFOLIO_V02_P1,2017-03-02,94794034.97638927,17563922.8743213,144285937.0,256643894.85071057,-0.028513055432827228,0.5622028807033611,0.43779711929663884,33,False,True,OBSERVED_BELOW_90_COVERAGE,21.69295140006437
2017-03-03,PATTERN_B_ET_REALISTIC_PORTFOLIO_V02_P1,2017-03-03,112357957.85071057,0.0,,,,,,33,False,False,OBSERVED_BELOW_90_COVERAGE,21.69295140006437
2017-03-06,PATTERN_B_ET_REALISTIC_PORTFOLIO_V02_P1,2017-03-06,112357957.85071057,0.0,,,,,,33,False,False,OBSERVED_BELOW_90_COVERAGE,21.69295140006437
2017-03-07,PATTERN_B_ET_REALISTIC_PORTFOLIO_V02_P1,2017-03-07,112357957.85071057,0.0,143223044.0,255581001.85071057,-0.03253647735592602,0.5603821996271035,0.4396178003728965,33,False,True,OBSERVED_BELOW_90_COVERAGE,21.69295140006437
2017-03-08,PATTERN_B_ET_REALISTIC_PORTFOLIO_V02_P1,2017-03-08,112357957.85071057,0.0,144201620.0,256559577.85071057,-0.028832224781284554,0.5620590009074207,0.43794099909257933,33,False,True,OBSERVED_BELOW_90_COVERAGE,21.69295140006437
2017-03-09,PATTERN_B_ET_REALISTIC_PORTFOLIO_V02_P1,2017-03-09,112357957.85071057,0.0,143160412.0,255518369.85071057,-0.0327735613915604,0.56027444165225,0.4397255583477499,33,False,True,OBSERVED_BELOW_90_COVERAGE,21.69295140006437
2017-03-10,PATTERN_B_ET_REALISTIC_PORTFOLIO_V02_P1,2017-03-10,112357957.85071057,0.0,145531076.0,257889033.85071057,-0.023799768629823026,0.5643166513402292,0.4356833486597708,33,False,True,OBSERVED_BELOW_90_COVERAGE,21.69295140006437
2017-03-13,PATTERN_B_ET_REALISTIC_PORTFOLIO_V02_P1,2017-03-13,112357957.85071057,0.0,146382982.0,258740939.85071057,-0.02057500632842535,0.5657511412166187,0.4342488587833813,33,False,True,OBSERVED_BELOW_90_COVERAGE,21.69295140006437
2017-03-14,PATTERN_B_ET_REALISTIC_PORTFOLIO_V02_P1,2017-03-14,112357957.85071057,0.0,146732315.0,259090272.85071057,-0.019252658687917923,0.5663366416096527,0.4336633583903473,33,False,True,OBSERVED_BELOW_90_COVERAGE,21.69295140006437
2017-03-15,PATTERN_B_ET_REALISTIC_PORTFOLIO_V02_P1,2017-03-15,112357957.85071057,0.0,145350572.0,257708529.85071057,-0.02448303943018304,0.5640114903616149,0.4359885096383851,33,False,True,OBSERVED_BELOW_90_COVERAGE,21.69295140006437
2017-03-16,PATTERN_B_ET_REALISTIC_PORTFOLIO_V02_P1,2017-03-16,112357957.85071057,0.0,,,,,,33,False,False,OBSERVED_BELOW_90_COVERAGE,21.69295140006437
2017-03-17,PATTERN_B_ET_REALISTIC_PORTFOLIO_V02_P1,2017-03-17,112357957.85071057,0.0,145844490.0,258202447.85071057,-0.02261338697277382,0.5648454970664161,0.4351545029335839,33,False,True,OBSERVED_BELOW_90_COVERAGE,21.69295140006437
2017-03-20,PATTERN_B_ET_REALISTIC_PORTFOLIO_V02_P1,2017-03-20,112357957.85071057,0.0,144110740.0,256468697.85071057,-0.02917623738120878,0.5619038159732316,0.4380961840267684,33,False,True,OBSERVED_BELOW_90_COVERAGE,21.69295140006437
2017-03-21,PATTERN_B_ET_REALISTIC_PORTFOLIO_V02_P1,2017-03-21,112357957.85071057,0.0,144037662.0,256395619.85071057,-0.0294528631820149,0.5617789495930845,0.43822105040691545,33,False,True,OBSERVED_BELOW_90_COVERAGE,21.69295140006437
2017-03-22,PATTERN_B_ET_REALISTIC_PORTFOLIO_V02_P1,2017-03-22,112357957.85071057,0.0,,,,,,33,False,False,OBSERVED_BELOW_90_COVERAGE,21.69295140006437
2017-03-23,PATTERN_B_ET_REALISTIC_PORTFOLIO_V02_P1,2017-03-23,112357957.85071057,0.0,141328648.0,253686605.85071057,-0.03970742908618574,0.5570993688297798,0.4429006311702201,33,False,True,OBSERVED_BELOW_90_COVERAGE,21.69295140006437
2017-03-24,PATTERN_B_ET_REALISTIC_PORTFOLIO_V02_P1,2017-03-24,112357957.85071057,0.0,140935825.0,253293782.85071057,-0.04119440159432852,0.5564124922997676,0.4435875077002324,33,False,True,OBSERVED_BELOW_90_COVERAGE,21.69295140006437
2017-03-27,PATTERN_B_ET_REALISTIC_PORTFOLIO_V02_P1,2017-03-27,112357957.85071057,0.0,138436662.0,250794619.85071057,-0.05065460803429722,0.5519921523133414,0.4480078476866585,33,False,True,OBSERVED_BELOW_90_COVERAGE,21.69295140006437
2017-03-28,PATTERN_B_ET_REALISTIC_PORTFOLIO_V02_P1,2017-03-28,112357957.85071057,0.0,,,,,,33,False,False,OBSERVED_BELOW_90_COVERAGE,21.69295140006437
2017-03-29,PATTERN_B_ET_REALISTIC_PORTFOLIO_V02_P1,2017-03-29,112357957.85071057,0.0,141044978.0,253402935.85071057,-0.04078121929547818,0.5566035670679642,0.44339643293203584,33,False,True,OBSERVED_BELOW_90_COVERAGE,21.69295140006437
2017-03-30,PATTERN_B_ET_REALISTIC_PORTFOLIO_V02_P1,2017-03-30,112357957.85071057,0.0,,,,,,33,False,False,OBSERVED_BELOW_90_COVERAGE,21.69295140006437
2017-03-31,PATTERN_B_ET_REALISTIC_PORTFOLIO_V02_P1,2017-03-31,112357957.85071057,0.0,,,,,,33,False,False,OBSERVED_BELOW_90_COVERAGE,21.69295140006437
2017-04-03,PATTERN_B_ET_REALISTIC_PORTFOLIO_V02_P1,2017-04-03,97373227.96333331,27329506.990945198,,,,,,31,False,False,OBSERVED_BELOW_90_COVERAGE,21.69295140006437
2017-04-04,PATTERN_B_ET_REALISTIC_PORTFOLIO_V02_P1,2017-04-04,114713571.11642529,0.0,,,,,,33,False,False,OBSERVED_BELOW_90_COVERAGE,21.69295140006437
2017-04-05,PATTERN_B_ET_REALISTIC_PORTFOLIO_V02_P1,2017-04-05,114713571.11642529,0.0,,,,,,33,False,False,OBSERVED_BELOW_90_COVERAGE,21.69295140006437
2017-04-06,PATTERN_B_ET_REALISTIC_PORTFOLIO_V02_P1,2017-04-06,114713571.11642529,0.0,,,,,,33,False,False,OBSERVED_BELOW_90_COVERAGE,21.69295140006437
2017-04-07,PATTERN_B_ET_REALISTIC_PORTFOLIO_V02_P1,2017-04-07,114713571.11642529,0.0,,,,,,33,False,False,OBSERVED_BELOW_90_COVERAGE,21.69295140006437
2017-04-10,PATTERN_B_ET_REALISTIC_PORTFOLIO_V02_P1,2017-04-10,114713571.11642529,0.0,,,,,,33,False,False,OBSERVED_BELOW_90_COVERAGE,21.69295140006437
2017-04-11,PATTERN_B_ET_REALISTIC_PORTFOLIO_V02_P1,2017-04-11,114713571.11642529,0.0,,,,,,33,False,False,OBSERVED_BELOW_90_COVERAGE,21.69295140006437
2017-04-12,PATTERN_B_ET_REALISTIC_PORTFOLIO_V02_P1,2017-04-12,114713571.11642529,0.0,,,,,,33,False,False,OBSERVED_BELOW_90_COVERAGE,21.69295140006437
2017-04-13,PATTERN_B_ET_REALISTIC_PORTFOLIO_V02_P1,2017-04-13,114713571.11642529,0.0,,,,,,33,False,False,OBSERVED_BELOW_90_COVERAGE,21.69295140006437
2017-04-14,PATTERN_B_ET_REALISTIC_PORTFOLIO_V02_P1,2017-04-14,114713571.11642529,0.0,,,,,,33,False,False,OBSERVED_BELOW_90_COVERAGE,21.69295140006437
2017-04-17,PATTERN_B_ET_REALISTIC_PORTFOLIO_V02_P1,2017-04-17,114713571.11642529,0.0,,,,,,33,False,False,OBSERVED_BELOW_90_COVERAGE,21.69295140006437
2017-04-18,PATTERN_B_ET_REALISTIC_PORTFOLIO_V02_P1,2017-04-18,114713571.11642529,0.0,,,,,,33,False,False,OBSERVED_BELOW_90_COVERAGE,21.69295140006437
2017-04-19,PATTERN_B_ET_REALISTIC_PORTFOLIO_V02_P1,2017-04-19,114713571.11642529,0.0,,,,,,33,False,False,OBSERVED_BELOW_90_COVERAGE,21.69295140006437
2017-04-20,PATTERN_B_ET_REALISTIC_PORTFOLIO_V02_P1,2017-04-20,114713571.11642529,0.0,,,,,,33,False,False,OBSERVED_BELOW_90_COVERAGE,21.69295140006437
2017-04-21,PATTERN_B_ET_REALISTIC_PORTFOLIO_V02_P1,2017-04-21,114713571.11642529,0.0,,,,,,33,False,False,OBSERVED_BELOW_90_COVERAGE,21.69295140006437
2017-04-24,PATTERN_B_ET_REALISTIC_PORTFOLIO_V02_P1,2017-04-24,114713571.11642529,0.0,,,,,,33,False,False,OBSERVED_BELOW_90_COVERAGE,21.69295140006437
2017-04-25,PATTERN_B_ET_REALISTIC_PORTFOLIO_V02_P1,2017-04-25,114713571.11642529,0.0,,,,,,33,False,False,OBSERVED_BELOW_90_COVERAGE,21.69295140006437
2017-04-26,PATTERN_B_ET_REALISTIC_PORTFOLIO_V02_P1,2017-04-26,114713571.11642529,0.0,,,,,,33,False,False,OBSERVED_BELOW_90_COVERAGE,21.69295140006437
2017-04-27,PATTERN_B_ET_REALISTIC_PORTFOLIO_V02_P1,2017-04-27,114713571.11642529,0.0,,,,,,33,False,False,OBSERVED_BELOW_90_COVERAGE,21.69295140006437
2017-04-28,PATTERN_B_ET_REALISTIC_PORTFOLIO_V02_P1,2017-04-28,114713571.11642529,0.0,,,,,,33,False,False,OBSERVED_BELOW_90_COVERAGE,21.69295140006437
2017-05-02,PATTERN_B_ET_REALISTIC_PORTFOLIO_V02_P1,2017-05-02,114713571.11642529,0.0,,,,,,33,False,False,OBSERVED_BELOW_90_COVERAGE,21.69295140006437
2017-05-04,PATTERN_B_ET_REALISTIC_PORTFOLIO_V02_P1,2017-05-04,114713571.11642529,0.0,,,,,,33,False,False,OBSERVED_BELOW_90_COVERAGE,21.69295140006437
2017-05-08,PATTERN_B_ET_REALISTIC_PORTFOLIO_V02_P1,2017-05-08,114713571.11642529,0.0,,,,,,33,False,False,OBSERVED_BELOW_90_COVERAGE,21.69295140006437
2017-05-10,PATTERN_B_ET_REALISTIC_PORTFOLIO_V02_P1,2017-05-10,114713571.11642529,0.0,,,,,,33,False,False,OBSERVED_BELOW_90_COVERAGE,21.69295140006437
2017-05-11,PATTERN_B_ET_REALISTIC_PORTFOLIO_V02_P1,2017-05-11,114713571.11642529,0.0,,,,,,33,False,False,OBSERVED_BELOW_90_COVERAGE,21.69295140006437
2017-05-12,PATTERN_B_ET_REALISTIC_PORTFOLIO_V02_P1,2017-05-12,114713571.11642529,0.0,,,,,,33,False,False,OBSERVED_BELOW_90_COVERAGE,21.69295140006437
2017-05-15,PATTERN_B_ET_REALISTIC_PORTFOLIO_V02_P1,2017-05-15,114713571.11642529,0.0,,,,,,33,False,False,OBSERVED_BELOW_90_COVERAGE,21.69295140006437
2017-05-16,PATTERN_B_ET_REALISTIC_PORTFOLIO_V02_P1,2017-05-16,114713571.11642529,0.0,,,,,,33,False,False,OBSERVED_BELOW_90_COVERAGE,21.69295140006437
2017-05-17,PATTERN_B_ET_REALISTIC_PORTFOLIO_V02_P1,2017-05-17,114713571.11642529,0.0,,,,,,33,False,False,OBSERVED_BELOW_90_COVERAGE,21.69295140006437
2017-05-18,PATTERN_B_ET_REALISTIC_PORTFOLIO_V02_P1,2017-05-18,114713571.11642529,0.0,,,,,,33,False,False,OBSERVED_BELOW_90_COVERAGE,21.69295140006437
2017-05-19,PATTERN_B_ET_REALISTIC_PORTFOLIO_V02_P1,2017-05-19,114713571.11642529,0.0,,,,,,33,False,False,OBSERVED_BELOW_90_COVERAGE,21.69295140006437
2017-05-22,PATTERN_B_ET_REALISTIC_PORTFOLIO_V02_P1,2017-05-22,114713571.11642529,0.0,,,,,,33,False,False,OBSERVED_BELOW_90_COVERAGE,21.69295140006437
2017-05-23,PATTERN_B_ET_REALISTIC_PORTFOLIO_V02_P1,2017-05-23,114713571.11642529,0.0,,,,,,33,False,False,OBSERVED_BELOW_90_COVERAGE,21.69295140006437
2017-05-24,PATTERN_B_ET_REALISTIC_PORTFOLIO_V02_P1,2017-05-24,114713571.11642529,0.0,,,,,,33,False,False,OBSERVED_BELOW_90_COVERAGE,21.69295140006437
2017-05-25,PATTERN_B_ET_REALISTIC_PORTFOLIO_V02_P1,2017-05-25,114713571.11642529,0.0,,,,,,33,False,False,OBSERVED_BELOW_90_COVERAGE,21.69295140006437
2017-05-26,PATTERN_B_ET_REALISTIC_PORTFOLIO_V02_P1,2017-05-26,114713571.11642529,0.0,,,,,,33,False,False,OBSERVED_BELOW_90_COVERAGE,21.69295140006437
2017-05-29,PATTERN_B_ET_REALISTIC_PORTFOLIO_V02_P1,2017-05-29,114713571.11642529,0.0,,,,,,33,False,False,OBSERVED_BELOW_90_COVERAGE,21.69295140006437
2017-05-30,PATTERN_B_ET_REALISTIC_PORTFOLIO_V02_P1,2017-05-30,114713571.11642529,0.0,,,,,,33,False,False,OBSERVED_BELOW_90_COVERAGE,21.69295140006437
2017-05-31,PATTERN_B_ET_REALISTIC_PORTFOLIO_V02_P1,2017-05-31,114713571.11642529,0.0,,,,,,33,False,False,OBSERVED_BELOW_90_COVERAGE,21.69295140006437
2017-06-01,PATTERN_B_ET_REALISTIC_PORTFOLIO_V02_P1,2017-06-01,84776093.08321255,16584270.6242043,,,,,,36,False,False,OBSERVED_BELOW_90_COVERAGE,21.69295140006437
2017-06-02,PATTERN_B_ET_REALISTIC_PORTFOLIO_V02_P1,2017-06-02,101360363.70741686,0.0,,,,,,36,False,False,OBSERVED_BELOW_90_COVERAGE,21.69295140006437
2017-06-05,PATTERN_B_ET_REALISTIC_PORTFOLIO_V02_P1,2017-06-05,101360363.70741686,6061002.733197,,,,,,35,False,False,OBSERVED_BELOW_90_COVERAGE,21.69295140006437
2017-06-07,PATTERN_B_ET_REALISTIC_PORTFOLIO_V02_P1,2017-06-07,107421366.44061387,0.0,,,,,,35,False,False,OBSERVED_BELOW_90_COVERAGE,21.69295140006437
2017-06-08,PATTERN_B_ET_REALISTIC_PORTFOLIO_V02_P1,2017-06-08,107421366.44061387,0.0,,,,,,35,False,False,OBSERVED_BELOW_90_COVERAGE,21.69295140006437
2017-06-09,PATTERN_B_ET_REALISTIC_PORTFOLIO_V02_P1,2017-06-09,107421366.44061387,0.0,,,,,,35,False,False,OBSERVED_BELOW_90_COVERAGE,21.69295140006437
2017-06-12,PATTERN_B_ET_REALISTIC_PORTFOLIO_V02_P1,2017-06-12,107421366.44061387,0.0,,,,,,35,False,False,OBSERVED_BELOW_90_COVERAGE,21.69295140006437
2017-06-13,PATTERN_B_ET_REALISTIC_PORTFOLIO_V02_P1,2017-06-13,107421366.44061387,0.0,,,,,,35,False,False,OBSERVED_BELOW_90_COVERAGE,21.69295140006437
2017-06-14,PATTERN_B_ET_REALISTIC_PORTFOLIO_V02_P1,2017-06-14,107421366.44061387,0.0,,,,,,35,False,False,OBSERVED_BELOW_90_COVERAGE,21.69295140006437
2017-06-15,PATTERN_B_ET_REALISTIC_PORTFOLIO_V02_P1,2017-06-15,107421366.44061387,0.0,,,,,,35,False,False,OBSERVED_BELOW_90_COVERAGE,21.69295140006437
2017-06-16,PATTERN_B_ET_REALISTIC_PORTFOLIO_V02_P1,2017-06-16,107421366.44061387,0.0,,,,,,35,False,False,OBSERVED_BELOW_90_COVERAGE,21.69295140006437
2017-06-19,PATTERN_B_ET_REALISTIC_PORTFOLIO_V02_P1,2017-06-19,107421366.44061387,0.0,,,,,,35,False,False,OBSERVED_BELOW_90_COVERAGE,21.69295140006437
2017-06-20,PATTERN_B_ET_REALISTIC_PORTFOLIO_V02_P1,2017-06-20,107421366.44061387,0.0,,,,,,35,False,False,OBSERVED_BELOW_90_COVERAGE,21.69295140006437
2017-06-21,PATTERN_B_ET_REALISTIC_PORTFOLIO_V02_P1,2017-06-21,107421366.44061387,0.0,,,,,,35,False,False,OBSERVED_BELOW_90_COVERAGE,21.69295140006437
2017-06-22,PATTERN_B_ET_REALISTIC_PORTFOLIO_V02_P1,2017-06-22,107421366.44061387,0.0,,,,,,35,False,False,OBSERVED_BELOW_90_COVERAGE,21.69295140006437
2017-06-23,PATTERN_B_ET_REALISTIC_PORTFOLIO_V02_P1,2017-06-23,107421366.44061387,0.0,,,,,,35,False,False,OBSERVED_BELOW_90_COVERAGE,21.69295140006437
2017-06-26,PATTERN_B_ET_REALISTIC_PORTFOLIO_V02_P1,2017-06-26,107421366.44061387,0.0,,,,,,35,False,False,OBSERVED_BELOW_90_COVERAGE,21.69295140006437
2017-06-27,PATTERN_B_ET_REALISTIC_PORTFOLIO_V02_P1,2017-06-27,107421366.44061387,0.0,,,,,,35,False,False,OBSERVED_BELOW_90_COVERAGE,21.69295140006437
2017-06-28,PATTERN_B_ET_REALISTIC_PORTFOLIO_V02_P1,2017-06-28,107421366.44061387,0.0,,,,,,35,False,False,OBSERVED_BELOW_90_COVERAGE,21.69295140006437
2017-06-29,PATTERN_B_ET_REALISTIC_PORTFOLIO_V02_P1,2017-06-29,107421366.44061387,0.0,,,,,,35,False,False,OBSERVED_BELOW_90_COVERAGE,21.69295140006437
2017-06-30,PATTERN_B_ET_REALISTIC_PORTFOLIO_V02_P1,2017-06-30,107421366.44061387,0.0,,,,,,35,False,False,OBSERVED_BELOW_90_COVERAGE,21.69295140006437
2017-07-03,PATTERN_B_ET_REALISTIC_PORTFOLIO_V02_P1,2017-07-03,102422183.23559786,16770087.71645895,,,,,,33,False,False,OBSERVED_BELOW_90_COVERAGE,21.69295140006437
2017-07-04,PATTERN_B_ET_REALISTIC_PORTFOLIO_V02_P1,2017-07-04,119192270.95205681,0.0,,,,,,33,False,False,OBSERVED_BELOW_90_COVERAGE,21.69295140006437
2017-07-05,PATTERN_B_ET_REALISTIC_PORTFOLIO_V02_P1,2017-07-05,119192270.95205681,0.0,,,,,,33,False,False,OBSERVED_BELOW_90_COVERAGE,21.69295140006437
2017-07-06,PATTERN_B_ET_REALISTIC_PORTFOLIO_V02_P1,2017-07-06,119192270.95205681,0.0,,,,,,33,False,False,OBSERVED_BELOW_90_COVERAGE,21.69295140006437
2017-07-07,PATTERN_B_ET_REALISTIC_PORTFOLIO_V02_P1,2017-07-07,119192270.95205681,0.0,,,,,,33,False,False,OBSERVED_BELOW_90_COVERAGE,21.69295140006437
2017-07-10,PATTERN_B_ET_REALISTIC_PORTFOLIO_V02_P1,2017-07-10,119192270.95205681,0.0,,,,,,33,False,False,OBSERVED_BELOW_90_COVERAGE,21.69295140006437
2017-07-11,PATTERN_B_ET_REALISTIC_PORTFOLIO_V02_P1,2017-07-11,119192270.95205681,0.0,,,,,,33,False,False,OBSERVED_BELOW_90_COVERAGE,21.69295140006437
2017-07-12,PATTERN_B_ET_REALISTIC_PORTFOLIO_V02_P1,2017-07-12,119192270.95205681,0.0,,,,,,33,False,False,OBSERVED_BELOW_90_COVERAGE,21.69295140006437
2017-07-13,PATTERN_B_ET_REALISTIC_PORTFOLIO_V02_P1,2017-07-13,119192270.95205681,0.0,,,,,,33,False,False,OBSERVED_BELOW_90_COVERAGE,21.69295140006437
2017-07-14,PATTERN_B_ET_REALISTIC_PORTFOLIO_V02_P1,2017-07-14,119192270.95205681,0.0,,,,,,33,False,False,OBSERVED_BELOW_90_COVERAGE,21.69295140006437
2017-07-17,PATTERN_B_ET_REALISTIC_PORTFOLIO_V02_P1,2017-07-17,119192270.95205681,0.0,,,,,,33,False,False,OBSERVED_BELOW_90_COVERAGE,21.69295140006437
2017-07-18,PATTERN_B_ET_REALISTIC_PORTFOLIO_V02_P1,2017-07-18,119192270.95205681,0.0,,,,,,33,False,False,OBSERVED_BELOW_90_COVERAGE,21.69295140006437
2017-07-19,PATTERN_B_ET_REALISTIC_PORTFOLIO_V02_P1,2017-07-19,119192270.95205681,0.0,,,,,,33,False,False,OBSERVED_BELOW_90_COVERAGE,21.69295140006437
2017-07-20,PATTERN_B_ET_REALISTIC_PORTFOLIO_V02_P1,2017-07-20,119192270.95205681,0.0,,,,,,33,False,False,OBSERVED_BELOW_90_COVERAGE,21.69295140006437
2017-07-21,PATTERN_B_ET_REALISTIC_PORTFOLIO_V02_P1,2017-07-21,119192270.95205681,0.0,,,,,,33,False,False,OBSERVED_BELOW_90_COVERAGE,21.69295140006437
2017-07-24,PATTERN_B_ET_REALISTIC_PORTFOLIO_V02_P1,2017-07-24,119192270.95205681,0.0,,,,,,33,False,False,OBSERVED_BELOW_90_COVERAGE,21.69295140006437
2017-07-25,PATTERN_B_ET_REALISTIC_PORTFOLIO_V02_P1,2017-07-25,119192270.95205681,0.0,,,,,,33,False,False,OBSERVED_BELOW_90_COVERAGE,21.69295140006437
2017-07-26,PATTERN_B_ET_REALISTIC_PORTFOLIO_V02_P1,2017-07-26,119192270.95205681,0.0,,,,,,33,False,False,OBSERVED_BELOW_90_COVERAGE,21.69295140006437
2017-07-27,PATTERN_B_ET_REALISTIC_PORTFOLIO_V02_P1,2017-07-27,119192270.95205681,0.0,,,,,,33,False,False,OBSERVED_BELOW_90_COVERAGE,21.69295140006437
2017-07-28,PATTERN_B_ET_REALISTIC_PORTFOLIO_V02_P1,2017-07-28,119192270.95205681,0.0,,,,,,33,False,False,OBSERVED_BELOW_90_COVERAGE,21.69295140006437
2017-07-31,PATTERN_B_ET_REALISTIC_PORTFOLIO_V02_P1,2017-07-31,119192270.95205681,0.0,,,,,,33,False,False,OBSERVED_BELOW_90_COVERAGE,21.69295140006437
2017-08-01,PATTERN_B_ET_REALISTIC_PORTFOLIO_V02_P1,2017-08-01,99207321.66925833,9077080.7036295,,,,,,35,False,False,OBSERVED_BELOW_90_COVERAGE,21.69295140006437
2017-08-02,PATTERN_B_ET_REALISTIC_PORTFOLIO_V02_P1,2017-08-02,108284402.37288782,0.0,,,,,,35,False,False,OBSERVED_BELOW_90_COVERAGE,21.69295140006437
2017-08-03,PATTERN_B_ET_REALISTIC_PORTFOLIO_V02_P1,2017-08-03,108284402.37288782,0.0,,,,,,35,False,False,OBSERVED_BELOW_90_COVERAGE,21.69295140006437
2017-08-04,PATTERN_B_ET_REALISTIC_PORTFOLIO_V02_P1,2017-08-04,108284402.37288782,0.0,,,,,,35,False,False,OBSERVED_BELOW_90_COVERAGE,21.69295140006437
2017-08-07,PATTERN_B_ET_REALISTIC_PORTFOLIO_V02_P1,2017-08-07,108284402.37288782,0.0,,,,,,35,False,False,OBSERVED_BELOW_90_COVERAGE,21.69295140006437
2017-08-08,PATTERN_B_ET_REALISTIC_PORTFOLIO_V02_P1,2017-08-08,108284402.37288782,0.0,,,,,,35,False,False,OBSERVED_BELOW_90_COVERAGE,21.69295140006437
2017-08-09,PATTERN_B_ET_REALISTIC_PORTFOLIO_V02_P1,2017-08-09,108284402.37288782,0.0,,,,,,35,False,False,OBSERVED_BELOW_90_COVERAGE,21.69295140006437
2017-08-10,PATTERN_B_ET_REALISTIC_PORTFOLIO_V02_P1,2017-08-10,108284402.37288782,0.0,,,,,,35,False,False,OBSERVED_BELOW_90_COVERAGE,21.69295140006437
2017-08-11,PATTERN_B_ET_REALISTIC_PORTFOLIO_V02_P1,2017-08-11,108284402.37288782,0.0,,,,,,35,False,False,OBSERVED_BELOW_90_COVERAGE,21.69295140006437
2017-08-14,PATTERN_B_ET_REALISTIC_PORTFOLIO_V02_P1,2017-08-14,108284402.37288782,0.0,,,,,,35,False,False,OBSERVED_BELOW_90_COVERAGE,21.69295140006437
2017-08-16,PATTERN_B_ET_REALISTIC_PORTFOLIO_V02_P1,2017-08-16,108284402.37288782,0.0,,,,,,35,False,False,OBSERVED_BELOW_90_COVERAGE,21.69295140006437
2017-08-17,PATTERN_B_ET_REALISTIC_PORTFOLIO_V02_P1,2017-08-17,108284402.37288782,0.0,,,,,,35,False,False,OBSERVED_BELOW_90_COVERAGE,21.69295140006437
2017-08-18,PATTERN_B_ET_REALISTIC_PORTFOLIO_V02_P1,2017-08-18,108284402.37288782,0.0,,,,,,35,False,False,OBSERVED_BELOW_90_COVERAGE,21.69295140006437
2017-08-21,PATTERN_B_ET_REALISTIC_PORTFOLIO_V02_P1,2017-08-21,108284402.37288782,0.0,,,,,,35,False,False,OBSERVED_BELOW_90_COVERAGE,21.69295140006437
2017-08-22,PATTERN_B_ET_REALISTIC_PORTFOLIO_V02_P1,2017-08-22,108284402.37288782,0.0,,,,,,35,False,False,OBSERVED_BELOW_90_COVERAGE,21.69295140006437
2017-08-23,PATTERN_B_ET_REALISTIC_PORTFOLIO_V02_P1,2017-08-23,108284402.37288782,0.0,,,,,,35,False,False,OBSERVED_BELOW_90_COVERAGE,21.69295140006437
2017-08-24,PATTERN_B_ET_REALISTIC_PORTFOLIO_V02_P1,2017-08-24,108284402.37288782,0.0,,,,,,35,False,False,OBSERVED_BELOW_90_COVERAGE,21.69295140006437
2017-08-25,PATTERN_B_ET_REALISTIC_PORTFOLIO_V02_P1,2017-08-25,108284402.37288782,0.0,,,,,,35,False,False,OBSERVED_BELOW_90_COVERAGE,21.69295140006437
2017-08-28,PATTERN_B_ET_REALISTIC_PORTFOLIO_V02_P1,2017-08-28,108284402.37288782,0.0,,,,,,35,False,False,OBSERVED_BELOW_90_COVERAGE,21.69295140006437
2017-08-29,PATTERN_B_ET_REALISTIC_PORTFOLIO_V02_P1,2017-08-29,108284402.37288782,0.0,,,,,,35,False,False,OBSERVED_BELOW_90_COVERAGE,21.69295140006437
2017-08-30,PATTERN_B_ET_REALISTIC_PORTFOLIO_V02_P1,2017-08-30,108284402.37288782,0.0,,,,,,35,False,False,OBSERVED_BELOW_90_COVERAGE,21.69295140006437
2017-08-31,PATTERN_B_ET_REALISTIC_PORTFOLIO_V02_P1,2017-08-31,108284402.37288782,0.0,,,,,,35,False,False,OBSERVED_BELOW_90_COVERAGE,21.69295140006437
2017-09-01,PATTERN_B_ET_REALISTIC_PORTFOLIO_V02_P1,2017-09-01,103285187.13106702,11052037.185713999,,,,,,34,False,False,OBSERVED_BELOW_90_COVERAGE,21.69295140006437
2017-09-04,PATTERN_B_ET_REALISTIC_PORTFOLIO_V02_P1,2017-09-04,114337224.31678101,0.0,,,,,,34,False,False,OBSERVED_BELOW_90_COVERAGE,21.69295140006437
2017-09-05,PATTERN_B_ET_REALISTIC_PORTFOLIO_V02_P1,2017-09-05,114337224.31678101,0.0,,,,,,34,False,False,OBSERVED_BELOW_90_COVERAGE,21.69295140006437
2017-09-06,PATTERN_B_ET_REALISTIC_PORTFOLIO_V02_P1,2017-09-06,114337224.31678101,0.0,,,,,,34,False,False,OBSERVED_BELOW_90_COVERAGE,21.69295140006437
2017-09-07,PATTERN_B_ET_REALISTIC_PORTFOLIO_V02_P1,2017-09-07,114337224.31678101,0.0,,,,,,34,False,False,OBSERVED_BELOW_90_COVERAGE,21.69295140006437
2017-09-08,PATTERN_B_ET_REALISTIC_PORTFOLIO_V02_P1,2017-09-08,114337224.31678101,0.0,,,,,,34,False,False,OBSERVED_BELOW_90_COVERAGE,21.69295140006437
2017-09-11,PATTERN_B_ET_REALISTIC_PORTFOLIO_V02_P1,2017-09-11,114337224.31678101,0.0,,,,,,34,False,False,OBSERVED_BELOW_90_COVERAGE,21.69295140006437
2017-09-12,PATTERN_B_ET_REALISTIC_PORTFOLIO_V02_P1,2017-09-12,114337224.31678101,0.0,,,,,,34,False,False,OBSERVED_BELOW_90_COVERAGE,21.69295140006437
2017-09-13,PATTERN_B_ET_REALISTIC_PORTFOLIO_V02_P1,2017-09-13,114337224.31678101,0.0,,,,,,34,False,False,OBSERVED_BELOW_90_COVERAGE,21.69295140006437
2017-09-14,PATTERN_B_ET_REALISTIC_PORTFOLIO_V02_P1,2017-09-14,114337224.31678101,0.0,,,,,,34,False,False,OBSERVED_BELOW_90_COVERAGE,21.69295140006437
2017-09-15,PATTERN_B_ET_REALISTIC_PORTFOLIO_V02_P1,2017-09-15,114337224.31678101,0.0,,,,,,34,False,False,OBSERVED_BELOW_90_COVERAGE,21.69295140006437
2017-09-18,PATTERN_B_ET_REALISTIC_PORTFOLIO_V02_P1,2017-09-18,114337224.31678101,0.0,,,,,,34,False,False,OBSERVED_BELOW_90_COVERAGE,21.69295140006437
2017-09-19,PATTERN_B_ET_REALISTIC_PORTFOLIO_V02_P1,2017-09-19,114337224.31678101,0.0,,,,,,34,False,False,OBSERVED_BELOW_90_COVERAGE,21.69295140006437
2017-09-20,PATTERN_B_ET_REALISTIC_PORTFOLIO_V02_P1,2017-09-20,114337224.31678101,0.0,,,,,,34,False,False,OBSERVED_BELOW_90_COVERAGE,21.69295140006437
2017-09-21,PATTERN_B_ET_REALISTIC_PORTFOLIO_V02_P1,2017-09-21,114337224.31678101,0.0,,,,,,34,False,False,OBSERVED_BELOW_90_COVERAGE,21.69295140006437
2017-09-22,PATTERN_B_ET_REALISTIC_PORTFOLIO_V02_P1,2017-09-22,114337224.31678101,0.0,,,,,,34,False,False,OBSERVED_BELOW_90_COVERAGE,21.69295140006437
2017-09-25,PATTERN_B_ET_REALISTIC_PORTFOLIO_V02_P1,2017-09-25,114337224.31678101,0.0,,,,,,34,False,False,OBSERVED_BELOW_90_COVERAGE,21.69295140006437
2017-09-26,PATTERN_B_ET_REALISTIC_PORTFOLIO_V02_P1,2017-09-26,114337224.31678101,0.0,,,,,,34,False,False,OBSERVED_BELOW_90_COVERAGE,21.69295140006437
2017-09-27,PATTERN_B_ET_REALISTIC_PORTFOLIO_V02_P1,2017-09-27,114337224.31678101,0.0,,,,,,34,False,False,OBSERVED_BELOW_90_COVERAGE,21.69295140006437
2017-09-28,PATTERN_B_ET_REALISTIC_PORTFOLIO_V02_P1,2017-09-28,114337224.31678101,0.0,,,,,,34,False,False,OBSERVED_BELOW_90_COVERAGE,21.69295140006437
2017-09-29,PATTERN_B_ET_REALISTIC_PORTFOLIO_V02_P1,2017-09-29,114337224.31678101,0.0,,,,,,34,False,False,OBSERVED_BELOW_90_COVERAGE,21.69295140006437
2017-10-10,PATTERN_B_ET_REALISTIC_PORTFOLIO_V02_P1,2017-10-10,114337224.31678101,0.0,,,,,,34,False,False,OBSERVED_BELOW_90_COVERAGE,21.69295140006437
2017-10-11,PATTERN_B_ET_REALISTIC_PORTFOLIO_V02_P1,2017-10-11,114337224.31678101,0.0,,,,,,34,False,False,OBSERVED_BELOW_90_COVERAGE,21.69295140006437
2017-10-12,PATTERN_B_ET_REALISTIC_PORTFOLIO_V02_P1,2017-10-12,114337224.31678101,0.0,,,,,,34,False,False,OBSERVED_BELOW_90_COVERAGE,21.69295140006437
2017-10-13,PATTERN_B_ET_REALISTIC_PORTFOLIO_V02_P1,2017-10-13,114337224.31678101,0.0,,,,,,34,False,False,OBSERVED_BELOW_90_COVERAGE,21.69295140006437
2017-10-16,PATTERN_B_ET_REALISTIC_PORTFOLIO_V02_P1,2017-10-16,114337224.31678101,0.0,,,,,,34,False,False,OBSERVED_BELOW_90_COVERAGE,21.69295140006437
2017-10-17,PATTERN_B_ET_REALISTIC_PORTFOLIO_V02_P1,2017-10-17,114337224.31678101,0.0,,,,,,34,False,False,OBSERVED_BELOW_90_COVERAGE,21.69295140006437
2017-10-18,PATTERN_B_ET_REALISTIC_PORTFOLIO_V02_P1,2017-10-18,114337224.31678101,0.0,,,,,,34,False,False,OBSERVED_BELOW_90_COVERAGE,21.69295140006437
2017-10-19,PATTERN_B_ET_REALISTIC_PORTFOLIO_V02_P1,2017-10-19,114337224.31678101,0.0,,,,,,34,False,False,OBSERVED_BELOW_90_COVERAGE,21.69295140006437
2017-10-20,PATTERN_B_ET_REALISTIC_PORTFOLIO_V02_P1,2017-10-20,114337224.31678101,0.0,,,,,,34,False,False,OBSERVED_BELOW_90_COVERAGE,21.69295140006437
2017-10-23,PATTERN_B_ET_REALISTIC_PORTFOLIO_V02_P1,2017-10-23,114337224.31678101,0.0,,,,,,34,False,False,OBSERVED_BELOW_90_COVERAGE,21.69295140006437
2017-10-24,PATTERN_B_ET_REALISTIC_PORTFOLIO_V02_P1,2017-10-24,114337224.31678101,0.0,,,,,,34,False,False,OBSERVED_BELOW_90_COVERAGE,21.69295140006437
2017-10-25,PATTERN_B_ET_REALISTIC_PORTFOLIO_V02_P1,2017-10-25,114337224.31678101,0.0,,,,,,34,False,False,OBSERVED_BELOW_90_COVERAGE,21.69295140006437
2017-10-26,PATTERN_B_ET_REALISTIC_PORTFOLIO_V02_P1,2017-10-26,114337224.31678101,0.0,,,,,,34,False,False,OBSERVED_BELOW_90_COVERAGE,21.69295140006437
2017-10-27,PATTERN_B_ET_REALISTIC_PORTFOLIO_V02_P1,2017-10-27,114337224.31678101,0.0,,,,,,34,False,False,OBSERVED_BELOW_90_COVERAGE,21.69295140006437
2017-10-30,PATTERN_B_ET_REALISTIC_PORTFOLIO_V02_P1,2017-10-30,114337224.31678101,0.0,,,,,,34,False,False,OBSERVED_BELOW_90_COVERAGE,21.69295140006437
2017-10-31,PATTERN_B_ET_REALISTIC_PORTFOLIO_V02_P1,2017-10-31,114337224.31678101,0.0,,,,,,34,False,False,OBSERVED_BELOW_90_COVERAGE,21.69295140006437
2017-11-01,PATTERN_B_ET_REALISTIC_PORTFOLIO_V02_P1,2017-11-01,114337224.31678101,12897982.1824245,,,,,,32,False,False,OBSERVED_BELOW_90_COVERAGE,21.69295140006437
2017-11-02,PATTERN_B_ET_REALISTIC_PORTFOLIO_V02_P1,2017-11-02,127235206.49920551,0.0,,,,,,32,False,False,OBSERVED_BELOW_90_COVERAGE,21.69295140006437
2017-11-03,PATTERN_B_ET_REALISTIC_PORTFOLIO_V02_P1,2017-11-03,127235206.49920551,0.0,,,,,,32,False,False,OBSERVED_BELOW_90_COVERAGE,21.69295140006437
2017-11-06,PATTERN_B_ET_REALISTIC_PORTFOLIO_V02_P1,2017-11-06,127235206.49920551,0.0,,,,,,32,False,False,OBSERVED_BELOW_90_COVERAGE,21.69295140006437
2017-11-07,PATTERN_B_ET_REALISTIC_PORTFOLIO_V02_P1,2017-11-07,127235206.49920551,0.0,,,,,,32,False,False,OBSERVED_BELOW_90_COVERAGE,21.69295140006437
2017-11-08,PATTERN_B_ET_REALISTIC_PORTFOLIO_V02_P1,2017-11-08,127235206.49920551,0.0,,,,,,32,False,False,OBSERVED_BELOW_90_COVERAGE,21.69295140006437
2017-11-09,PATTERN_B_ET_REALISTIC_PORTFOLIO_V02_P1,2017-11-09,127235206.49920551,0.0,,,,,,32,False,False,OBSERVED_BELOW_90_COVERAGE,21.69295140006437
2017-11-10,PATTERN_B_ET_REALISTIC_PORTFOLIO_V02_P1,2017-11-10,127235206.49920551,0.0,,,,,,32,False,False,OBSERVED_BELOW_90_COVERAGE,21.69295140006437
2017-11-13,PATTERN_B_ET_REALISTIC_PORTFOLIO_V02_P1,2017-11-13,127235206.49920551,0.0,,,,,,32,False,False,OBSERVED_BELOW_90_COVERAGE,21.69295140006437
2017-11-14,PATTERN_B_ET_REALISTIC_PORTFOLIO_V02_P1,2017-11-14,127235206.49920551,0.0,,,,,,32,False,False,OBSERVED_BELOW_90_COVERAGE,21.69295140006437
2017-11-15,PATTERN_B_ET_REALISTIC_PORTFOLIO_V02_P1,2017-11-15,127235206.49920551,0.0,,,,,,32,False,False,OBSERVED_BELOW_90_COVERAGE,21.69295140006437
2017-11-16,PATTERN_B_ET_REALISTIC_PORTFOLIO_V02_P1,2017-11-16,127235206.49920551,0.0,,,,,,32,False,False,OBSERVED_BELOW_90_COVERAGE,21.69295140006437
2017-11-17,PATTERN_B_ET_REALISTIC_PORTFOLIO_V02_P1,2017-11-17,127235206.49920551,0.0,,,,,,32,False,False,OBSERVED_BELOW_90_COVERAGE,21.69295140006437
2017-11-20,PATTERN_B_ET_REALISTIC_PORTFOLIO_V02_P1,2017-11-20,127235206.49920551,0.0,,,,,,32,False,False,OBSERVED_BELOW_90_COVERAGE,21.69295140006437
2017-11-21,PATTERN_B_ET_REALISTIC_PORTFOLIO_V02_P1,2017-11-21,127235206.49920551,0.0,,,,,,32,False,False,OBSERVED_BELOW_90_COVERAGE,21.69295140006437
2017-11-22,PATTERN_B_ET_REALISTIC_PORTFOLIO_V02_P1,2017-11-22,127235206.49920551,0.0,,,,,,32,False,False,OBSERVED_BELOW_90_COVERAGE,21.69295140006437
2017-11-23,PATTERN_B_ET_REALISTIC_PORTFOLIO_V02_P1,2017-11-23,127235206.49920551,0.0,,,,,,32,False,False,OBSERVED_BELOW_90_COVERAGE,21.69295140006437
2017-11-24,PATTERN_B_ET_REALISTIC_PORTFOLIO_V02_P1,2017-11-24,127235206.49920551,0.0,,,,,,32,False,False,OBSERVED_BELOW_90_COVERAGE,21.69295140006437
2017-11-27,PATTERN_B_ET_REALISTIC_PORTFOLIO_V02_P1,2017-11-27,127235206.49920551,0.0,,,,,,32,False,False,OBSERVED_BELOW_90_COVERAGE,21.69295140006437
2017-11-28,PATTERN_B_ET_REALISTIC_PORTFOLIO_V02_P1,2017-11-28,127235206.49920551,0.0,,,,,,32,False,False,OBSERVED_BELOW_90_COVERAGE,21.69295140006437
2017-11-29,PATTERN_B_ET_REALISTIC_PORTFOLIO_V02_P1,2017-11-29,127235206.49920551,0.0,,,,,,32,False,False,OBSERVED_BELOW_90_COVERAGE,21.69295140006437
2017-11-30,PATTERN_B_ET_REALISTIC_PORTFOLIO_V02_P1,2017-11-30,127235206.49920551,0.0,,,,,,32,False,False,OBSERVED_BELOW_90_COVERAGE,21.69295140006437
2017-12-01,PATTERN_B_ET_REALISTIC_PORTFOLIO_V02_P1,2017-12-01,127235206.49920551,12418919.6665824,,,,,,30,False,False,OBSERVED_BELOW_90_COVERAGE,21.69295140006437
2017-12-04,PATTERN_B_ET_REALISTIC_PORTFOLIO_V02_P1,2017-12-04,139654126.1657879,0.0,,,,,,30,False,False,OBSERVED_BELOW_90_COVERAGE,21.69295140006437
2017-12-05,PATTERN_B_ET_REALISTIC_PORTFOLIO_V02_P1,2017-12-05,139654126.1657879,0.0,,,,,,30,False,False,OBSERVED_BELOW_90_COVERAGE,21.69295140006437
2017-12-06,PATTERN_B_ET_REALISTIC_PORTFOLIO_V02_P1,2017-12-06,139654126.1657879,0.0,,,,,,30,False,False,OBSERVED_BELOW_90_COVERAGE,21.69295140006437
2017-12-07,PATTERN_B_ET_REALISTIC_PORTFOLIO_V02_P1,2017-12-07,139654126.1657879,0.0,,,,,,30,False,False,OBSERVED_BELOW_90_COVERAGE,21.69295140006437
2017-12-08,PATTERN_B_ET_REALISTIC_PORTFOLIO_V02_P1,2017-12-08,139654126.1657879,0.0,,,,,,30,False,False,OBSERVED_BELOW_90_COVERAGE,21.69295140006437
2017-12-11,PATTERN_B_ET_REALISTIC_PORTFOLIO_V02_P1,2017-12-11,139654126.1657879,0.0,,,,,,30,False,False,OBSERVED_BELOW_90_COVERAGE,21.69295140006437
2017-12-12,PATTERN_B_ET_REALISTIC_PORTFOLIO_V02_P1,2017-12-12,139654126.1657879,0.0,,,,,,30,False,False,OBSERVED_BELOW_90_COVERAGE,21.69295140006437
2017-12-13,PATTERN_B_ET_REALISTIC_PORTFOLIO_V02_P1,2017-12-13,139654126.1657879,0.0,,,,,,30,False,False,OBSERVED_BELOW_90_COVERAGE,21.69295140006437
2017-12-14,PATTERN_B_ET_REALISTIC_PORTFOLIO_V02_P1,2017-12-14,139654126.1657879,0.0,110629494.0,250283620.1657879,-0.05258892064621057,0.4420165168088867,0.5579834831911133,30,False,True,OBSERVED_BELOW_90_COVERAGE,21.69295140006437
2017-12-15,PATTERN_B_ET_REALISTIC_PORTFOLIO_V02_P1,2017-12-15,139654126.1657879,0.0,111344064.0,250998190.1657879,-0.0498840231602089,0.4436050472174945,0.5563949527825055,30,False,True,OBSERVED_BELOW_90_COVERAGE,21.69295140006437
2017-12-18,PATTERN_B_ET_REALISTIC_PORTFOLIO_V02_P1,2017-12-18,139654126.1657879,0.0,,,,,,30,False,False,OBSERVED_BELOW_90_COVERAGE,21.69295140006437
2017-12-19,PATTERN_B_ET_REALISTIC_PORTFOLIO_V02_P1,2017-12-19,139654126.1657879,0.0,108905248.0,248559374.1657879,-0.05911579508909015,0.438145808684571,0.561854191315429,30,False,True,OBSERVED_BELOW_90_COVERAGE,21.69295140006437
2017-12-20,PATTERN_B_ET_REALISTIC_PORTFOLIO_V02_P1,2017-12-20,139654126.1657879,0.0,,,,,,30,False,False,OBSERVED_BELOW_90_COVERAGE,21.69295140006437
2017-12-21,PATTERN_B_ET_REALISTIC_PORTFOLIO_V02_P1,2017-12-21,139654126.1657879,0.0,,,,,,30,False,False,OBSERVED_BELOW_90_COVERAGE,21.69295140006437
2017-12-22,PATTERN_B_ET_REALISTIC_PORTFOLIO_V02_P1,2017-12-22,139654126.1657879,0.0,,,,,,30,False,False,OBSERVED_BELOW_90_COVERAGE,21.69295140006437
2017-12-26,PATTERN_B_ET_REALISTIC_PORTFOLIO_V02_P1,2017-12-26,139654126.1657879,0.0,,,,,,30,False,False,OBSERVED_BELOW_90_COVERAGE,21.69295140006437
2017-12-27,PATTERN_B_ET_REALISTIC_PORTFOLIO_V02_P1,2017-12-27,139654126.1657879,0.0,,,,,,30,False,False,OBSERVED_BELOW_90_COVERAGE,21.69295140006437
2017-12-28,PATTERN_B_ET_REALISTIC_PORTFOLIO_V02_P1,2017-12-28,139654126.1657879,0.0,,,,,,30,False,False,OBSERVED_BELOW_90_COVERAGE,21.69295140006437
2018-01-02,PATTERN_B_ET_REALISTIC_PORTFOLIO_V02_P1,2018-01-02,139654126.1657879,0.0,,,,,,30,False,False,OBSERVED_BELOW_90_COVERAGE,21.69295140006437
2018-01-03,PATTERN_B_ET_REALISTIC_PORTFOLIO_V02_P1,2018-01-03,139654126.1657879,0.0,,,,,,30,False,False,OBSERVED_BELOW_90_COVERAGE,21.69295140006437
2018-01-04,PATTERN_B_ET_REALISTIC_PORTFOLIO_V02_P1,2018-01-04,139654126.1657879,0.0,,,,,,30,False,False,OBSERVED_BELOW_90_COVERAGE,21.69295140006437
2018-01-05,PATTERN_B_ET_REALISTIC_PORTFOLIO_V02_P1,2018-01-05,139654126.1657879,0.0,,,,,,30,False,False,OBSERVED_BELOW_90_COVERAGE,21.69295140006437
2018-01-08,PATTERN_B_ET_REALISTIC_PORTFOLIO_V02_P1,2018-01-08,139654126.1657879,0.0,,,,,,30,False,False,OBSERVED_BELOW_90_COVERAGE,21.69295140006437
2018-01-09,PATTERN_B_ET_REALISTIC_PORTFOLIO_V02_P1,2018-01-09,139654126.1657879,0.0,,,,,,30,False,False,OBSERVED_BELOW_90_COVERAGE,21.69295140006437
2018-01-10,PATTERN_B_ET_REALISTIC_PORTFOLIO_V02_P1,2018-01-10,139654126.1657879,0.0,,,,,,30,False,False,OBSERVED_BELOW_90_COVERAGE,21.69295140006437
2018-01-11,PATTERN_B_ET_REALISTIC_PORTFOLIO_V02_P1,2018-01-11,139654126.1657879,0.0,,,,,,30,False,False,OBSERVED_BELOW_90_COVERAGE,21.69295140006437
2018-01-12,PATTERN_B_ET_REALISTIC_PORTFOLIO_V02_P1,2018-01-12,139654126.1657879,0.0,,,,,,30,False,False,OBSERVED_BELOW_90_COVERAGE,21.69295140006437
2018-01-15,PATTERN_B_ET_REALISTIC_PORTFOLIO_V02_P1,2018-01-15,139654126.1657879,0.0,,,,,,30,False,False,OBSERVED_BELOW_90_COVERAGE,21.69295140006437
2018-01-16,PATTERN_B_ET_REALISTIC_PORTFOLIO_V02_P1,2018-01-16,139654126.1657879,0.0,,,,,,30,False,False,OBSERVED_BELOW_90_COVERAGE,21.69295140006437
2018-01-17,PATTERN_B_ET_REALISTIC_PORTFOLIO_V02_P1,2018-01-17,139654126.1657879,0.0,,,,,,30,False,False,OBSERVED_BELOW_90_COVERAGE,21.69295140006437
2018-01-18,PATTERN_B_ET_REALISTIC_PORTFOLIO_V02_P1,2018-01-18,139654126.1657879,0.0,,,,,,30,False,False,OBSERVED_BELOW_90_COVERAGE,21.69295140006437
2018-01-19,PATTERN_B_ET_REALISTIC_PORTFOLIO_V02_P1,2018-01-19,139654126.1657879,0.0,,,,,,30,False,False,OBSERVED_BELOW_90_COVERAGE,21.69295140006437
2018-01-22,PATTERN_B_ET_REALISTIC_PORTFOLIO_V02_P1,2018-01-22,139654126.1657879,0.0,,,,,,30,False,False,OBSERVED_BELOW_90_COVERAGE,21.69295140006437
2018-01-23,PATTERN_B_ET_REALISTIC_PORTFOLIO_V02_P1,2018-01-23,139654126.1657879,0.0,,,,,,30,False,False,OBSERVED_BELOW_90_COVERAGE,21.69295140006437
2018-01-24,PATTERN_B_ET_REALISTIC_PORTFOLIO_V02_P1,2018-01-24,139654126.1657879,0.0,,,,,,30,False,False,OBSERVED_BELOW_90_COVERAGE,21.69295140006437
2018-01-25,PATTERN_B_ET_REALISTIC_PORTFOLIO_V02_P1,2018-01-25,139654126.1657879,0.0,,,,,,30,False,False,OBSERVED_BELOW_90_COVERAGE,21.69295140006437
2018-01-26,PATTERN_B_ET_REALISTIC_PORTFOLIO_V02_P1,2018-01-26,139654126.1657879,0.0,,,,,,30,False,False,OBSERVED_BELOW_90_COVERAGE,21.69295140006437
2018-01-29,PATTERN_B_ET_REALISTIC_PORTFOLIO_V02_P1,2018-01-29,139654126.1657879,0.0,,,,,,30,False,False,OBSERVED_BELOW_90_COVERAGE,21.69295140006437
2018-01-30,PATTERN_B_ET_REALISTIC_PORTFOLIO_V02_P1,2018-01-30,139654126.1657879,0.0,,,,,,30,False,False,OBSERVED_BELOW_90_COVERAGE,21.69295140006437
2018-01-31,PATTERN_B_ET_REALISTIC_PORTFOLIO_V02_P1,2018-01-31,139654126.1657879,0.0,,,,,,30,False,False,OBSERVED_BELOW_90_COVERAGE,21.69295140006437
2018-02-01,PATTERN_B_ET_REALISTIC_PORTFOLIO_V02_P1,2018-02-01,139654126.1657879,26498129.05134495,,,,,,24,False,False,OBSERVED_BELOW_90_COVERAGE,21.69295140006437
2018-02-02,PATTERN_B_ET_REALISTIC_PORTFOLIO_V02_P1,2018-02-02,166152255.21713287,0.0,,,,,,24,False,False,OBSERVED_BELOW_90_COVERAGE,21.69295140006437
2018-02-05,PATTERN_B_ET_REALISTIC_PORTFOLIO_V02_P1,2018-02-05,166152255.21713287,0.0,,,,,,24,False,False,OBSERVED_BELOW_90_COVERAGE,21.69295140006437
2018-02-06,PATTERN_B_ET_REALISTIC_PORTFOLIO_V02_P1,2018-02-06,166152255.21713287,0.0,,,,,,24,False,False,OBSERVED_BELOW_90_COVERAGE,21.69295140006437
2018-02-07,PATTERN_B_ET_REALISTIC_PORTFOLIO_V02_P1,2018-02-07,166152255.21713287,0.0,,,,,,24,False,False,OBSERVED_BELOW_90_COVERAGE,21.69295140006437
2018-02-08,PATTERN_B_ET_REALISTIC_PORTFOLIO_V02_P1,2018-02-08,166152255.21713287,0.0,,,,,,24,False,False,OBSERVED_BELOW_90_COVERAGE,21.69295140006437
2018-02-09,PATTERN_B_ET_REALISTIC_PORTFOLIO_V02_P1,2018-02-09,166152255.21713287,0.0,,,,,,24,False,False,OBSERVED_BELOW_90_COVERAGE,21.69295140006437
2018-02-12,PATTERN_B_ET_REALISTIC_PORTFOLIO_V02_P1,2018-02-12,166152255.21713287,0.0,,,,,,24,False,False,OBSERVED_BELOW_90_COVERAGE,21.69295140006437
2018-02-13,PATTERN_B_ET_REALISTIC_PORTFOLIO_V02_P1,2018-02-13,166152255.21713287,0.0,,,,,,24,False,False,OBSERVED_BELOW_90_COVERAGE,21.69295140006437
2018-02-14,PATTERN_B_ET_REALISTIC_PORTFOLIO_V02_P1,2018-02-14,166152255.21713287,0.0,,,,,,24,False,False,OBSERVED_BELOW_90_COVERAGE,21.69295140006437
2018-02-19,PATTERN_B_ET_REALISTIC_PORTFOLIO_V02_P1,2018-02-19,166152255.21713287,0.0,,,,,,24,False,False,OBSERVED_BELOW_90_COVERAGE,21.69295140006437
2018-02-20,PATTERN_B_ET_REALISTIC_PORTFOLIO_V02_P1,2018-02-20,166152255.21713287,0.0,,,,,,24,False,False,OBSERVED_BELOW_90_COVERAGE,21.69295140006437
2018-02-21,PATTERN_B_ET_REALISTIC_PORTFOLIO_V02_P1,2018-02-21,166152255.21713287,0.0,,,,,,24,False,False,OBSERVED_BELOW_90_COVERAGE,21.69295140006437
2018-02-22,PATTERN_B_ET_REALISTIC_PORTFOLIO_V02_P1,2018-02-22,166152255.21713287,0.0,,,,,,24,False,False,OBSERVED_BELOW_90_COVERAGE,21.69295140006437
2018-02-23,PATTERN_B_ET_REALISTIC_PORTFOLIO_V02_P1,2018-02-23,166152255.21713287,0.0,,,,,,24,False,False,OBSERVED_BELOW_90_COVERAGE,21.69295140006437
2018-02-26,PATTERN_B_ET_REALISTIC_PORTFOLIO_V02_P1,2018-02-26,166152255.21713287,0.0,,,,,,24,False,False,OBSERVED_BELOW_90_COVERAGE,21.69295140006437
2018-02-27,PATTERN_B_ET_REALISTIC_PORTFOLIO_V02_P1,2018-02-27,166152255.21713287,0.0,,,,,,24,False,False,OBSERVED_BELOW_90_COVERAGE,21.69295140006437
2018-02-28,PATTERN_B_ET_REALISTIC_PORTFOLIO_V02_P1,2018-02-28,166152255.21713287,0.0,,,,,,24,False,False,OBSERVED_BELOW_90_COVERAGE,21.69295140006437
2018-03-02,PATTERN_B_ET_REALISTIC_PORTFOLIO_V02_P1,2018-03-02,161156385.81911337,17943329.11184775,,,,,,22,False,False,OBSERVED_BELOW_90_COVERAGE,21.69295140006437
2018-03-05,PATTERN_B_ET_REALISTIC_PORTFOLIO_V02_P1,2018-03-05,179099714.93096113,0.0,,,,,,22,False,False,OBSERVED_BELOW_90_COVERAGE,21.69295140006437
2018-03-06,PATTERN_B_ET_REALISTIC_PORTFOLIO_V02_P1,2018-03-06,179099714.93096113,0.0,,,,,,22,False,False,OBSERVED_BELOW_90_COVERAGE,21.69295140006437
2018-03-07,PATTERN_B_ET_REALISTIC_PORTFOLIO_V02_P1,2018-03-07,179099714.93096113,0.0,,,,,,22,False,False,OBSERVED_BELOW_90_COVERAGE,21.69295140006437
2018-03-08,PATTERN_B_ET_REALISTIC_PORTFOLIO_V02_P1,2018-03-08,179099714.93096113,0.0,,,,,,22,False,False,OBSERVED_BELOW_90_COVERAGE,21.69295140006437
2018-03-09,PATTERN_B_ET_REALISTIC_PORTFOLIO_V02_P1,2018-03-09,179099714.93096113,0.0,,,,,,22,False,False,OBSERVED_BELOW_90_COVERAGE,21.69295140006437
2018-03-12,PATTERN_B_ET_REALISTIC_PORTFOLIO_V02_P1,2018-03-12,179099714.93096113,0.0,,,,,,22,False,False,OBSERVED_BELOW_90_COVERAGE,21.69295140006437
2018-03-13,PATTERN_B_ET_REALISTIC_PORTFOLIO_V02_P1,2018-03-13,179099714.93096113,0.0,,,,,,22,False,False,OBSERVED_BELOW_90_COVERAGE,21.69295140006437
2018-03-14,PATTERN_B_ET_REALISTIC_PORTFOLIO_V02_P1,2018-03-14,179099714.93096113,0.0,,,,,,22,False,False,OBSERVED_BELOW_90_COVERAGE,21.69295140006437
2018-03-15,PATTERN_B_ET_REALISTIC_PORTFOLIO_V02_P1,2018-03-15,179099714.93096113,0.0,,,,,,22,False,False,OBSERVED_BELOW_90_COVERAGE,21.69295140006437
2018-03-16,PATTERN_B_ET_REALISTIC_PORTFOLIO_V02_P1,2018-03-16,179099714.93096113,0.0,,,,,,22,False,False,OBSERVED_BELOW_90_COVERAGE,21.69295140006437
2018-03-19,PATTERN_B_ET_REALISTIC_PORTFOLIO_V02_P1,2018-03-19,179099714.93096113,0.0,,,,,,22,False,False,OBSERVED_BELOW_90_COVERAGE,21.69295140006437
2018-03-20,PATTERN_B_ET_REALISTIC_PORTFOLIO_V02_P1,2018-03-20,179099714.93096113,0.0,,,,,,22,False,False,OBSERVED_BELOW_90_COVERAGE,21.69295140006437
2018-03-21,PATTERN_B_ET_REALISTIC_PORTFOLIO_V02_P1,2018-03-21,179099714.93096113,0.0,,,,,,22,False,False,OBSERVED_BELOW_90_COVERAGE,21.69295140006437
2018-03-22,PATTERN_B_ET_REALISTIC_PORTFOLIO_V02_P1,2018-03-22,179099714.93096113,0.0,,,,,,22,False,False,OBSERVED_BELOW_90_COVERAGE,21.69295140006437
2018-03-23,PATTERN_B_ET_REALISTIC_PORTFOLIO_V02_P1,2018-03-23,179099714.93096113,0.0,,,,,,22,False,False,OBSERVED_BELOW_90_COVERAGE,21.69295140006437
2018-03-26,PATTERN_B_ET_REALISTIC_PORTFOLIO_V02_P1,2018-03-26,179099714.93096113,0.0,,,,,,22,False,False,OBSERVED_BELOW_90_COVERAGE,21.69295140006437
2018-03-27,PATTERN_B_ET_REALISTIC_PORTFOLIO_V02_P1,2018-03-27,179099714.93096113,0.0,,,,,,22,False,False,OBSERVED_BELOW_90_COVERAGE,21.69295140006437
2018-03-28,PATTERN_B_ET_REALISTIC_PORTFOLIO_V02_P1,2018-03-28,179099714.93096113,0.0,,,,,,22,False,False,OBSERVED_BELOW_90_COVERAGE,21.69295140006437
2018-03-29,PATTERN_B_ET_REALISTIC_PORTFOLIO_V02_P1,2018-03-29,179099714.93096113,0.0,,,,,,22,False,False,OBSERVED_BELOW_90_COVERAGE,21.69295140006437
2018-03-30,PATTERN_B_ET_REALISTIC_PORTFOLIO_V02_P1,2018-03-30,179099714.93096113,0.0,,,,,,22,False,False,OBSERVED_BELOW_90_COVERAGE,21.69295140006437
2018-04-02,PATTERN_B_ET_REALISTIC_PORTFOLIO_V02_P1,2018-04-02,179099714.93096113,0.0,,,,,,22,False,False,OBSERVED_BELOW_90_COVERAGE,21.69295140006437
2018-04-03,PATTERN_B_ET_REALISTIC_PORTFOLIO_V02_P1,2018-04-03,179099714.93096113,0.0,,,,,,22,False,False,OBSERVED_BELOW_90_COVERAGE,21.69295140006437
2018-04-04,PATTERN_B_ET_REALISTIC_PORTFOLIO_V02_P1,2018-04-04,179099714.93096113,0.0,,,,,,22,False,False,OBSERVED_BELOW_90_COVERAGE,21.69295140006437
2018-04-05,PATTERN_B_ET_REALISTIC_PORTFOLIO_V02_P1,2018-04-05,179099714.93096113,0.0,,,,,,22,False,False,OBSERVED_BELOW_90_COVERAGE,21.69295140006437
2018-04-06,PATTERN_B_ET_REALISTIC_PORTFOLIO_V02_P1,2018-04-06,179099714.93096113,0.0,,,,,,22,False,False,OBSERVED_BELOW_90_COVERAGE,21.69295140006437
2018-04-09,PATTERN_B_ET_REALISTIC_PORTFOLIO_V02_P1,2018-04-09,179099714.93096113,0.0,,,,,,22,False,False,OBSERVED_BELOW_90_COVERAGE,21.69295140006437
2018-04-10,PATTERN_B_ET_REALISTIC_PORTFOLIO_V02_P1,2018-04-10,179099714.93096113,0.0,,,,,,22,False,False,OBSERVED_BELOW_90_COVERAGE,21.69295140006437
2018-04-11,PATTERN_B_ET_REALISTIC_PORTFOLIO_V02_P1,2018-04-11,179099714.93096113,0.0,,,,,,22,False,False,OBSERVED_BELOW_90_COVERAGE,21.69295140006437
2018-04-12,PATTERN_B_ET_REALISTIC_PORTFOLIO_V02_P1,2018-04-12,179099714.93096113,0.0,,,,,,22,False,False,OBSERVED_BELOW_90_COVERAGE,21.69295140006437
2018-04-13,PATTERN_B_ET_REALISTIC_PORTFOLIO_V02_P1,2018-04-13,179099714.93096113,0.0,,,,,,22,False,False,OBSERVED_BELOW_90_COVERAGE,21.69295140006437
2018-04-16,PATTERN_B_ET_REALISTIC_PORTFOLIO_V02_P1,2018-04-16,179099714.93096113,0.0,,,,,,22,False,False,OBSERVED_BELOW_90_COVERAGE,21.69295140006437
2018-04-17,PATTERN_B_ET_REALISTIC_PORTFOLIO_V02_P1,2018-04-17,179099714.93096113,0.0,,,,,,22,False,False,OBSERVED_BELOW_90_COVERAGE,21.69295140006437
2018-04-18,PATTERN_B_ET_REALISTIC_PORTFOLIO_V02_P1,2018-04-18,179099714.93096113,0.0,,,,,,22,False,False,OBSERVED_BELOW_90_COVERAGE,21.69295140006437
2018-04-19,PATTERN_B_ET_REALISTIC_PORTFOLIO_V02_P1,2018-04-19,179099714.93096113,0.0,,,,,,22,False,False,OBSERVED_BELOW_90_COVERAGE,21.69295140006437
2018-04-20,PATTERN_B_ET_REALISTIC_PORTFOLIO_V02_P1,2018-04-20,179099714.93096113,0.0,,,,,,22,False,False,OBSERVED_BELOW_90_COVERAGE,21.69295140006437
2018-04-23,PATTERN_B_ET_REALISTIC_PORTFOLIO_V02_P1,2018-04-23,179099714.93096113,0.0,,,,,,22,False,False,OBSERVED_BELOW_90_COVERAGE,21.69295140006437
2018-04-24,PATTERN_B_ET_REALISTIC_PORTFOLIO_V02_P1,2018-04-24,179099714.93096113,0.0,,,,,,22,False,False,OBSERVED_BELOW_90_COVERAGE,21.69295140006437
2018-04-25,PATTERN_B_ET_REALISTIC_PORTFOLIO_V02_P1,2018-04-25,179099714.93096113,0.0,,,,,,22,False,False,OBSERVED_BELOW_90_COVERAGE,21.69295140006437
2018-04-26,PATTERN_B_ET_REALISTIC_PORTFOLIO_V02_P1,2018-04-26,179099714.93096113,0.0,,,,,,22,False,False,OBSERVED_BELOW_90_COVERAGE,21.69295140006437
2018-04-27,PATTERN_B_ET_REALISTIC_PORTFOLIO_V02_P1,2018-04-27,179099714.93096113,0.0,,,,,,22,False,False,OBSERVED_BELOW_90_COVERAGE,21.69295140006437
2018-04-30,PATTERN_B_ET_REALISTIC_PORTFOLIO_V02_P1,2018-04-30,179099714.93096113,0.0,,,,,,22,False,False,OBSERVED_BELOW_90_COVERAGE,21.69295140006437
2018-05-02,PATTERN_B_ET_REALISTIC_PORTFOLIO_V02_P1,2018-05-02,179099714.93096113,25196734.182861,,,,,,18,False,False,OBSERVED_BELOW_90_COVERAGE,21.69295140006437
2018-05-03,PATTERN_B_ET_REALISTIC_PORTFOLIO_V02_P1,2018-05-03,204296449.11382213,0.0,,,,,,18,False,False,OBSERVED_BELOW_90_COVERAGE,21.69295140006437
2018-05-04,PATTERN_B_ET_REALISTIC_PORTFOLIO_V02_P1,2018-05-04,204296449.11382213,0.0,,,,,,18,False,False,OBSERVED_BELOW_90_COVERAGE,21.69295140006437
2018-05-08,PATTERN_B_ET_REALISTIC_PORTFOLIO_V02_P1,2018-05-08,204296449.11382213,0.0,,,,,,18,False,False,OBSERVED_BELOW_90_COVERAGE,21.69295140006437
2018-05-09,PATTERN_B_ET_REALISTIC_PORTFOLIO_V02_P1,2018-05-09,204296449.11382213,0.0,,,,,,18,False,False,OBSERVED_BELOW_90_COVERAGE,21.69295140006437
2018-05-10,PATTERN_B_ET_REALISTIC_PORTFOLIO_V02_P1,2018-05-10,204296449.11382213,0.0,,,,,,18,False,False,OBSERVED_BELOW_90_COVERAGE,21.69295140006437
2018-05-11,PATTERN_B_ET_REALISTIC_PORTFOLIO_V02_P1,2018-05-11,204296449.11382213,0.0,,,,,,18,False,False,OBSERVED_BELOW_90_COVERAGE,21.69295140006437
2018-05-14,PATTERN_B_ET_REALISTIC_PORTFOLIO_V02_P1,2018-05-14,204296449.11382213,0.0,,,,,,18,False,False,OBSERVED_BELOW_90_COVERAGE,21.69295140006437
2018-05-15,PATTERN_B_ET_REALISTIC_PORTFOLIO_V02_P1,2018-05-15,204296449.11382213,0.0,,,,,,18,False,False,OBSERVED_BELOW_90_COVERAGE,21.69295140006437
2018-05-16,PATTERN_B_ET_REALISTIC_PORTFOLIO_V02_P1,2018-05-16,204296449.11382213,0.0,,,,,,18,False,False,OBSERVED_BELOW_90_COVERAGE,21.69295140006437
2018-05-17,PATTERN_B_ET_REALISTIC_PORTFOLIO_V02_P1,2018-05-17,204296449.11382213,0.0,,,,,,18,False,False,OBSERVED_BELOW_90_COVERAGE,21.69295140006437
2018-05-18,PATTERN_B_ET_REALISTIC_PORTFOLIO_V02_P1,2018-05-18,204296449.11382213,0.0,,,,,,18,False,False,OBSERVED_BELOW_90_COVERAGE,21.69295140006437
2018-05-21,PATTERN_B_ET_REALISTIC_PORTFOLIO_V02_P1,2018-05-21,204296449.11382213,0.0,,,,,,18,False,False,OBSERVED_BELOW_90_COVERAGE,21.69295140006437
2018-05-23,PATTERN_B_ET_REALISTIC_PORTFOLIO_V02_P1,2018-05-23,204296449.11382213,0.0,,,,,,18,False,False,OBSERVED_BELOW_90_COVERAGE,21.69295140006437
2018-05-24,PATTERN_B_ET_REALISTIC_PORTFOLIO_V02_P1,2018-05-24,204296449.11382213,0.0,,,,,,18,False,False,OBSERVED_BELOW_90_COVERAGE,21.69295140006437
2018-05-25,PATTERN_B_ET_REALISTIC_PORTFOLIO_V02_P1,2018-05-25,204296449.11382213,0.0,,,,,,18,False,False,OBSERVED_BELOW_90_COVERAGE,21.69295140006437
2018-05-28,PATTERN_B_ET_REALISTIC_PORTFOLIO_V02_P1,2018-05-28,204296449.11382213,0.0,,,,,,18,False,False,OBSERVED_BELOW_90_COVERAGE,21.69295140006437
2018-05-29,PATTERN_B_ET_REALISTIC_PORTFOLIO_V02_P1,2018-05-29,204296449.11382213,0.0,,,,,,18,False,False,OBSERVED_BELOW_90_COVERAGE,21.69295140006437
2018-05-30,PATTERN_B_ET_REALISTIC_PORTFOLIO_V02_P1,2018-05-30,204296449.11382213,0.0,,,,,,18,False,False,OBSERVED_BELOW_90_COVERAGE,21.69295140006437
2018-05-31,PATTERN_B_ET_REALISTIC_PORTFOLIO_V02_P1,2018-05-31,204296449.11382213,0.0,,,,,,18,False,False,OBSERVED_BELOW_90_COVERAGE,21.69295140006437
2018-06-01,PATTERN_B_ET_REALISTIC_PORTFOLIO_V02_P1,2018-06-01,199301550.83144814,0.0,,,,,,19,False,False,OBSERVED_BELOW_90_COVERAGE,21.69295140006437
2018-06-04,PATTERN_B_ET_REALISTIC_PORTFOLIO_V02_P1,2018-06-04,199301550.83144814,0.0,,,,,,19,False,False,OBSERVED_BELOW_90_COVERAGE,21.69295140006437
2018-06-05,PATTERN_B_ET_REALISTIC_PORTFOLIO_V02_P1,2018-06-05,199301550.83144814,0.0,,,,,,19,False,False,OBSERVED_BELOW_90_COVERAGE,21.69295140006437
2018-06-07,PATTERN_B_ET_REALISTIC_PORTFOLIO_V02_P1,2018-06-07,199301550.83144814,0.0,,,,,,19,False,False,OBSERVED_BELOW_90_COVERAGE,21.69295140006437
2018-06-08,PATTERN_B_ET_REALISTIC_PORTFOLIO_V02_P1,2018-06-08,199301550.83144814,0.0,,,,,,19,False,False,OBSERVED_BELOW_90_COVERAGE,21.69295140006437
2018-06-11,PATTERN_B_ET_REALISTIC_PORTFOLIO_V02_P1,2018-06-11,199301550.83144814,0.0,,,,,,19,False,False,OBSERVED_BELOW_90_COVERAGE,21.69295140006437
2018-06-12,PATTERN_B_ET_REALISTIC_PORTFOLIO_V02_P1,2018-06-12,199301550.83144814,0.0,,,,,,19,False,False,OBSERVED_BELOW_90_COVERAGE,21.69295140006437
2018-06-14,PATTERN_B_ET_REALISTIC_PORTFOLIO_V02_P1,2018-06-14,199301550.83144814,0.0,,,,,,19,False,False,OBSERVED_BELOW_90_COVERAGE,21.69295140006437
2018-06-15,PATTERN_B_ET_REALISTIC_PORTFOLIO_V02_P1,2018-06-15,199301550.83144814,0.0,,,,,,19,False,False,OBSERVED_BELOW_90_COVERAGE,21.69295140006437
2018-06-18,PATTERN_B_ET_REALISTIC_PORTFOLIO_V02_P1,2018-06-18,199301550.83144814,0.0,,,,,,19,False,False,OBSERVED_BELOW_90_COVERAGE,21.69295140006437
2018-06-19,PATTERN_B_ET_REALISTIC_PORTFOLIO_V02_P1,2018-06-19,199301550.83144814,0.0,,,,,,19,False,False,OBSERVED_BELOW_90_COVERAGE,21.69295140006437
2018-06-20,PATTERN_B_ET_REALISTIC_PORTFOLIO_V02_P1,2018-06-20,199301550.83144814,0.0,,,,,,19,False,False,OBSERVED_BELOW_90_COVERAGE,21.69295140006437
2018-06-21,PATTERN_B_ET_REALISTIC_PORTFOLIO_V02_P1,2018-06-21,199301550.83144814,0.0,,,,,,19,False,False,OBSERVED_BELOW_90_COVERAGE,21.69295140006437
2018-06-22,PATTERN_B_ET_REALISTIC_PORTFOLIO_V02_P1,2018-06-22,199301550.83144814,0.0,,,,,,19,False,False,OBSERVED_BELOW_90_COVERAGE,21.69295140006437
2018-06-25,PATTERN_B_ET_REALISTIC_PORTFOLIO_V02_P1,2018-06-25,199301550.83144814,0.0,,,,,,19,False,False,OBSERVED_BELOW_90_COVERAGE,21.69295140006437
2018-06-26,PATTERN_B_ET_REALISTIC_PORTFOLIO_V02_P1,2018-06-26,199301550.83144814,0.0,,,,,,19,False,False,OBSERVED_BELOW_90_COVERAGE,21.69295140006437
2018-06-27,PATTERN_B_ET_REALISTIC_PORTFOLIO_V02_P1,2018-06-27,199301550.83144814,0.0,,,,,,19,False,False,OBSERVED_BELOW_90_COVERAGE,21.69295140006437
2018-06-28,PATTERN_B_ET_REALISTIC_PORTFOLIO_V02_P1,2018-06-28,199301550.83144814,0.0,,,,,,19,False,False,OBSERVED_BELOW_90_COVERAGE,21.69295140006437
2018-06-29,PATTERN_B_ET_REALISTIC_PORTFOLIO_V02_P1,2018-06-29,199301550.83144814,0.0,,,,,,19,False,False,OBSERVED_BELOW_90_COVERAGE,21.69295140006437
2018-07-02,PATTERN_B_ET_REALISTIC_PORTFOLIO_V02_P1,2018-07-02,199301550.83144814,0.0,,,,,,19,False,False,OBSERVED_BELOW_90_COVERAGE,21.69295140006437
2018-07-03,PATTERN_B_ET_REALISTIC_PORTFOLIO_V02_P1,2018-07-03,199301550.83144814,0.0,,,,,,19,False,False,OBSERVED_BELOW_90_COVERAGE,21.69295140006437
2018-07-04,PATTERN_B_ET_REALISTIC_PORTFOLIO_V02_P1,2018-07-04,199301550.83144814,0.0,,,,,,19,False,False,OBSERVED_BELOW_90_COVERAGE,21.69295140006437
2018-07-05,PATTERN_B_ET_REALISTIC_PORTFOLIO_V02_P1,2018-07-05,199301550.83144814,0.0,,,,,,19,False,False,OBSERVED_BELOW_90_COVERAGE,21.69295140006437
2018-07-06,PATTERN_B_ET_REALISTIC_PORTFOLIO_V02_P1,2018-07-06,199301550.83144814,0.0,,,,,,19,False,False,OBSERVED_BELOW_90_COVERAGE,21.69295140006437
2018-07-09,PATTERN_B_ET_REALISTIC_PORTFOLIO_V02_P1,2018-07-09,199301550.83144814,0.0,,,,,,19,False,False,OBSERVED_BELOW_90_COVERAGE,21.69295140006437
2018-07-10,PATTERN_B_ET_REALISTIC_PORTFOLIO_V02_P1,2018-07-10,199301550.83144814,0.0,,,,,,19,False,False,OBSERVED_BELOW_90_COVERAGE,21.69295140006437
2018-07-11,PATTERN_B_ET_REALISTIC_PORTFOLIO_V02_P1,2018-07-11,199301550.83144814,0.0,,,,,,19,False,False,OBSERVED_BELOW_90_COVERAGE,21.69295140006437
2018-07-12,PATTERN_B_ET_REALISTIC_PORTFOLIO_V02_P1,2018-07-12,199301550.83144814,0.0,,,,,,19,False,False,OBSERVED_BELOW_90_COVERAGE,21.69295140006437
2018-07-13,PATTERN_B_ET_REALISTIC_PORTFOLIO_V02_P1,2018-07-13,199301550.83144814,0.0,,,,,,19,False,False,OBSERVED_BELOW_90_COVERAGE,21.69295140006437
2018-07-16,PATTERN_B_ET_REALISTIC_PORTFOLIO_V02_P1,2018-07-16,199301550.83144814,0.0,,,,,,19,False,False,OBSERVED_BELOW_90_COVERAGE,21.69295140006437
2018-07-17,PATTERN_B_ET_REALISTIC_PORTFOLIO_V02_P1,2018-07-17,199301550.83144814,0.0,,,,,,19,False,False,OBSERVED_BELOW_90_COVERAGE,21.69295140006437
2018-07-18,PATTERN_B_ET_REALISTIC_PORTFOLIO_V02_P1,2018-07-18,199301550.83144814,0.0,,,,,,19,False,False,OBSERVED_BELOW_90_COVERAGE,21.69295140006437
2018-07-19,PATTERN_B_ET_REALISTIC_PORTFOLIO_V02_P1,2018-07-19,199301550.83144814,0.0,,,,,,19,False,False,OBSERVED_BELOW_90_COVERAGE,21.69295140006437
2018-07-20,PATTERN_B_ET_REALISTIC_PORTFOLIO_V02_P1,2018-07-20,199301550.83144814,0.0,,,,,,19,False,False,OBSERVED_BELOW_90_COVERAGE,21.69295140006437
2018-07-23,PATTERN_B_ET_REALISTIC_PORTFOLIO_V02_P1,2018-07-23,199301550.83144814,0.0,,,,,,19,False,False,OBSERVED_BELOW_90_COVERAGE,21.69295140006437
2018-07-24,PATTERN_B_ET_REALISTIC_PORTFOLIO_V02_P1,2018-07-24,199301550.83144814,0.0,,,,,,19,False,False,OBSERVED_BELOW_90_COVERAGE,21.69295140006437
2018-07-25,PATTERN_B_ET_REALISTIC_PORTFOLIO_V02_P1,2018-07-25,199301550.83144814,0.0,,,,,,19,False,False,OBSERVED_BELOW_90_COVERAGE,21.69295140006437
2018-07-26,PATTERN_B_ET_REALISTIC_PORTFOLIO_V02_P1,2018-07-26,199301550.83144814,0.0,,,,,,19,False,False,OBSERVED_BELOW_90_COVERAGE,21.69295140006437
2018-07-27,PATTERN_B_ET_REALISTIC_PORTFOLIO_V02_P1,2018-07-27,199301550.83144814,0.0,,,,,,19,False,False,OBSERVED_BELOW_90_COVERAGE,21.69295140006437
2018-07-30,PATTERN_B_ET_REALISTIC_PORTFOLIO_V02_P1,2018-07-30,199301550.83144814,0.0,,,,,,19,False,False,OBSERVED_BELOW_90_COVERAGE,21.69295140006437
2018-07-31,PATTERN_B_ET_REALISTIC_PORTFOLIO_V02_P1,2018-07-31,199301550.83144814,0.0,,,,,,19,False,False,OBSERVED_BELOW_90_COVERAGE,21.69295140006437
2018-08-01,PATTERN_B_ET_REALISTIC_PORTFOLIO_V02_P1,2018-08-01,184305673.13715065,4911853.603426199,,,,,,20,False,False,OBSERVED_BELOW_90_COVERAGE,21.69295140006437
2018-08-02,PATTERN_B_ET_REALISTIC_PORTFOLIO_V02_P1,2018-08-02,189217526.74057683,0.0,,,,,,20,False,False,OBSERVED_BELOW_90_COVERAGE,21.69295140006437
2018-08-03,PATTERN_B_ET_REALISTIC_PORTFOLIO_V02_P1,2018-08-03,189217526.74057683,0.0,,,,,,20,False,False,OBSERVED_BELOW_90_COVERAGE,21.69295140006437
2018-08-06,PATTERN_B_ET_REALISTIC_PORTFOLIO_V02_P1,2018-08-06,189217526.74057683,0.0,,,,,,20,False,False,OBSERVED_BELOW_90_COVERAGE,21.69295140006437
2018-08-07,PATTERN_B_ET_REALISTIC_PORTFOLIO_V02_P1,2018-08-07,189217526.74057683,0.0,,,,,,20,False,False,OBSERVED_BELOW_90_COVERAGE,21.69295140006437
2018-08-08,PATTERN_B_ET_REALISTIC_PORTFOLIO_V02_P1,2018-08-08,189217526.74057683,0.0,,,,,,20,False,False,OBSERVED_BELOW_90_COVERAGE,21.69295140006437
2018-08-09,PATTERN_B_ET_REALISTIC_PORTFOLIO_V02_P1,2018-08-09,189217526.74057683,0.0,,,,,,20,False,False,OBSERVED_BELOW_90_COVERAGE,21.69295140006437
2018-08-10,PATTERN_B_ET_REALISTIC_PORTFOLIO_V02_P1,2018-08-10,189217526.74057683,0.0,,,,,,20,False,False,OBSERVED_BELOW_90_COVERAGE,21.69295140006437
2018-08-13,PATTERN_B_ET_REALISTIC_PORTFOLIO_V02_P1,2018-08-13,189217526.74057683,0.0,,,,,,20,False,False,OBSERVED_BELOW_90_COVERAGE,21.69295140006437
2018-08-14,PATTERN_B_ET_REALISTIC_PORTFOLIO_V02_P1,2018-08-14,189217526.74057683,0.0,,,,,,20,False,False,OBSERVED_BELOW_90_COVERAGE,21.69295140006437
2018-08-16,PATTERN_B_ET_REALISTIC_PORTFOLIO_V02_P1,2018-08-16,189217526.74057683,0.0,,,,,,20,False,False,OBSERVED_BELOW_90_COVERAGE,21.69295140006437
2018-08-17,PATTERN_B_ET_REALISTIC_PORTFOLIO_V02_P1,2018-08-17,189217526.74057683,0.0,,,,,,20,False,False,OBSERVED_BELOW_90_COVERAGE,21.69295140006437
2018-08-20,PATTERN_B_ET_REALISTIC_PORTFOLIO_V02_P1,2018-08-20,189217526.74057683,0.0,,,,,,20,False,False,OBSERVED_BELOW_90_COVERAGE,21.69295140006437
2018-08-21,PATTERN_B_ET_REALISTIC_PORTFOLIO_V02_P1,2018-08-21,189217526.74057683,0.0,,,,,,20,False,False,OBSERVED_BELOW_90_COVERAGE,21.69295140006437
2018-08-22,PATTERN_B_ET_REALISTIC_PORTFOLIO_V02_P1,2018-08-22,189217526.74057683,0.0,,,,,,20,False,False,OBSERVED_BELOW_90_COVERAGE,21.69295140006437
2018-08-23,PATTERN_B_ET_REALISTIC_PORTFOLIO_V02_P1,2018-08-23,189217526.74057683,0.0,,,,,,20,False,False,OBSERVED_BELOW_90_COVERAGE,21.69295140006437
2018-08-24,PATTERN_B_ET_REALISTIC_PORTFOLIO_V02_P1,2018-08-24,189217526.74057683,0.0,,,,,,20,False,False,OBSERVED_BELOW_90_COVERAGE,21.69295140006437
2018-08-27,PATTERN_B_ET_REALISTIC_PORTFOLIO_V02_P1,2018-08-27,189217526.74057683,0.0,,,,,,20,False,False,OBSERVED_BELOW_90_COVERAGE,21.69295140006437
2018-08-28,PATTERN_B_ET_REALISTIC_PORTFOLIO_V02_P1,2018-08-28,189217526.74057683,0.0,,,,,,20,False,False,OBSERVED_BELOW_90_COVERAGE,21.69295140006437
2018-08-29,PATTERN_B_ET_REALISTIC_PORTFOLIO_V02_P1,2018-08-29,189217526.74057683,0.0,,,,,,20,False,False,OBSERVED_BELOW_90_COVERAGE,21.69295140006437
2018-08-30,PATTERN_B_ET_REALISTIC_PORTFOLIO_V02_P1,2018-08-30,189217526.74057683,0.0,,,,,,20,False,False,OBSERVED_BELOW_90_COVERAGE,21.69295140006437
2018-08-31,PATTERN_B_ET_REALISTIC_PORTFOLIO_V02_P1,2018-08-31,189217526.74057683,0.0,,,,,,20,False,False,OBSERVED_BELOW_90_COVERAGE,21.69295140006437
2018-09-03,PATTERN_B_ET_REALISTIC_PORTFOLIO_V02_P1,2018-09-03,179241241.69825324,16783893.82323225,,,,,,19,False,False,OBSERVED_BELOW_90_COVERAGE,21.69295140006437
2018-09-04,PATTERN_B_ET_REALISTIC_PORTFOLIO_V02_P1,2018-09-04,196025135.5214855,0.0,,,,,,19,False,False,OBSERVED_BELOW_90_COVERAGE,21.69295140006437
2018-09-05,PATTERN_B_ET_REALISTIC_PORTFOLIO_V02_P1,2018-09-05,196025135.5214855,0.0,,,,,,19,False,False,OBSERVED_BELOW_90_COVERAGE,21.69295140006437
2018-09-06,PATTERN_B_ET_REALISTIC_PORTFOLIO_V02_P1,2018-09-06,196025135.5214855,0.0,,,,,,19,False,False,OBSERVED_BELOW_90_COVERAGE,21.69295140006437
2018-09-07,PATTERN_B_ET_REALISTIC_PORTFOLIO_V02_P1,2018-09-07,196025135.5214855,0.0,,,,,,19,False,False,OBSERVED_BELOW_90_COVERAGE,21.69295140006437
2018-09-10,PATTERN_B_ET_REALISTIC_PORTFOLIO_V02_P1,2018-09-10,196025135.5214855,0.0,,,,,,19,False,False,OBSERVED_BELOW_90_COVERAGE,21.69295140006437
2018-09-11,PATTERN_B_ET_REALISTIC_PORTFOLIO_V02_P1,2018-09-11,196025135.5214855,0.0,,,,,,19,False,False,OBSERVED_BELOW_90_COVERAGE,21.69295140006437
2018-09-12,PATTERN_B_ET_REALISTIC_PORTFOLIO_V02_P1,2018-09-12,196025135.5214855,0.0,,,,,,19,False,False,OBSERVED_BELOW_90_COVERAGE,21.69295140006437
2018-09-13,PATTERN_B_ET_REALISTIC_PORTFOLIO_V02_P1,2018-09-13,196025135.5214855,0.0,,,,,,19,False,False,OBSERVED_BELOW_90_COVERAGE,21.69295140006437
2018-09-14,PATTERN_B_ET_REALISTIC_PORTFOLIO_V02_P1,2018-09-14,196025135.5214855,0.0,,,,,,19,False,False,OBSERVED_BELOW_90_COVERAGE,21.69295140006437
2018-09-17,PATTERN_B_ET_REALISTIC_PORTFOLIO_V02_P1,2018-09-17,196025135.5214855,0.0,,,,,,19,False,False,OBSERVED_BELOW_90_COVERAGE,21.69295140006437
2018-09-18,PATTERN_B_ET_REALISTIC_PORTFOLIO_V02_P1,2018-09-18,196025135.5214855,0.0,,,,,,19,False,False,OBSERVED_BELOW_90_COVERAGE,21.69295140006437
2018-09-19,PATTERN_B_ET_REALISTIC_PORTFOLIO_V02_P1,2018-09-19,196025135.5214855,0.0,,,,,,19,False,False,OBSERVED_BELOW_90_COVERAGE,21.69295140006437
2018-09-20,PATTERN_B_ET_REALISTIC_PORTFOLIO_V02_P1,2018-09-20,196025135.5214855,0.0,,,,,,19,False,False,OBSERVED_BELOW_90_COVERAGE,21.69295140006437
2018-09-21,PATTERN_B_ET_REALISTIC_PORTFOLIO_V02_P1,2018-09-21,196025135.5214855,0.0,,,,,,19,False,False,OBSERVED_BELOW_90_COVERAGE,21.69295140006437
2018-09-27,PATTERN_B_ET_REALISTIC_PORTFOLIO_V02_P1,2018-09-27,196025135.5214855,0.0,,,,,,19,False,False,OBSERVED_BELOW_90_COVERAGE,21.69295140006437
2018-09-28,PATTERN_B_ET_REALISTIC_PORTFOLIO_V02_P1,2018-09-28,196025135.5214855,0.0,,,,,,19,False,False,OBSERVED_BELOW_90_COVERAGE,21.69295140006437
2018-10-01,PATTERN_B_ET_REALISTIC_PORTFOLIO_V02_P1,2018-10-01,196025135.5214855,5093935.99497,,,,,,18,False,False,OBSERVED_BELOW_90_COVERAGE,21.69295140006437
2018-10-02,PATTERN_B_ET_REALISTIC_PORTFOLIO_V02_P1,2018-10-02,201119071.5164555,0.0,,,,,,18,False,False,OBSERVED_BELOW_90_COVERAGE,21.69295140006437
2018-10-04,PATTERN_B_ET_REALISTIC_PORTFOLIO_V02_P1,2018-10-04,201119071.5164555,0.0,,,,,,18,False,False,OBSERVED_BELOW_90_COVERAGE,21.69295140006437
2018-10-05,PATTERN_B_ET_REALISTIC_PORTFOLIO_V02_P1,2018-10-05,201119071.5164555,0.0,,,,,,18,False,False,OBSERVED_BELOW_90_COVERAGE,21.69295140006437
2018-10-08,PATTERN_B_ET_REALISTIC_PORTFOLIO_V02_P1,2018-10-08,201119071.5164555,0.0,,,,,,18,False,False,OBSERVED_BELOW_90_COVERAGE,21.69295140006437
2018-10-10,PATTERN_B_ET_REALISTIC_PORTFOLIO_V02_P1,2018-10-10,201119071.5164555,0.0,,,,,,18,False,False,OBSERVED_BELOW_90_COVERAGE,21.69295140006437
2018-10-11,PATTERN_B_ET_REALISTIC_PORTFOLIO_V02_P1,2018-10-11,201119071.5164555,0.0,,,,,,18,False,False,OBSERVED_BELOW_90_COVERAGE,21.69295140006437
2018-10-12,PATTERN_B_ET_REALISTIC_PORTFOLIO_V02_P1,2018-10-12,201119071.5164555,0.0,,,,,,18,False,False,OBSERVED_BELOW_90_COVERAGE,21.69295140006437
2018-10-15,PATTERN_B_ET_REALISTIC_PORTFOLIO_V02_P1,2018-10-15,201119071.5164555,0.0,,,,,,18,False,False,OBSERVED_BELOW_90_COVERAGE,21.69295140006437
2018-10-16,PATTERN_B_ET_REALISTIC_PORTFOLIO_V02_P1,2018-10-16,201119071.5164555,0.0,,,,,,18,False,False,OBSERVED_BELOW_90_COVERAGE,21.69295140006437
2018-10-17,PATTERN_B_ET_REALISTIC_PORTFOLIO_V02_P1,2018-10-17,201119071.5164555,0.0,,,,,,18,False,False,OBSERVED_BELOW_90_COVERAGE,21.69295140006437
2018-10-18,PATTERN_B_ET_REALISTIC_PORTFOLIO_V02_P1,2018-10-18,201119071.5164555,0.0,,,,,,18,False,False,OBSERVED_BELOW_90_COVERAGE,21.69295140006437
2018-10-19,PATTERN_B_ET_REALISTIC_PORTFOLIO_V02_P1,2018-10-19,201119071.5164555,0.0,,,,,,18,False,False,OBSERVED_BELOW_90_COVERAGE,21.69295140006437
2018-10-22,PATTERN_B_ET_REALISTIC_PORTFOLIO_V02_P1,2018-10-22,201119071.5164555,0.0,,,,,,18,False,False,OBSERVED_BELOW_90_COVERAGE,21.69295140006437
2018-10-23,PATTERN_B_ET_REALISTIC_PORTFOLIO_V02_P1,2018-10-23,201119071.5164555,0.0,,,,,,18,False,False,OBSERVED_BELOW_90_COVERAGE,21.69295140006437
2018-10-24,PATTERN_B_ET_REALISTIC_PORTFOLIO_V02_P1,2018-10-24,201119071.5164555,0.0,,,,,,18,False,False,OBSERVED_BELOW_90_COVERAGE,21.69295140006437
2018-10-25,PATTERN_B_ET_REALISTIC_PORTFOLIO_V02_P1,2018-10-25,201119071.5164555,0.0,,,,,,18,False,False,OBSERVED_BELOW_90_COVERAGE,21.69295140006437
2018-10-26,PATTERN_B_ET_REALISTIC_PORTFOLIO_V02_P1,2018-10-26,201119071.5164555,0.0,,,,,,18,False,False,OBSERVED_BELOW_90_COVERAGE,21.69295140006437
2018-10-29,PATTERN_B_ET_REALISTIC_PORTFOLIO_V02_P1,2018-10-29,201119071.5164555,0.0,,,,,,18,False,False,OBSERVED_BELOW_90_COVERAGE,21.69295140006437
2018-10-30,PATTERN_B_ET_REALISTIC_PORTFOLIO_V02_P1,2018-10-30,201119071.5164555,0.0,,,,,,18,False,False,OBSERVED_BELOW_90_COVERAGE,21.69295140006437
2018-10-31,PATTERN_B_ET_REALISTIC_PORTFOLIO_V02_P1,2018-10-31,201119071.5164555,0.0,,,,,,18,False,False,OBSERVED_BELOW_90_COVERAGE,21.69295140006437
2018-11-01,PATTERN_B_ET_REALISTIC_PORTFOLIO_V02_P1,2018-11-01,96411140.04230954,0.0,,,,,,39,False,False,OBSERVED_BELOW_90_COVERAGE,21.69295140006437
2018-11-02,PATTERN_B_ET_REALISTIC_PORTFOLIO_V02_P1,2018-11-02,96411140.04230954,0.0,,,,,,39,False,False,OBSERVED_BELOW_90_COVERAGE,21.69295140006437
2018-11-05,PATTERN_B_ET_REALISTIC_PORTFOLIO_V02_P1,2018-11-05,96411140.04230954,0.0,,,,,,39,False,False,OBSERVED_BELOW_90_COVERAGE,21.69295140006437
2018-11-06,PATTERN_B_ET_REALISTIC_PORTFOLIO_V02_P1,2018-11-06,96411140.04230954,0.0,,,,,,39,False,False,OBSERVED_BELOW_90_COVERAGE,21.69295140006437
2018-11-07,PATTERN_B_ET_REALISTIC_PORTFOLIO_V02_P1,2018-11-07,96411140.04230954,0.0,,,,,,39,False,False,OBSERVED_BELOW_90_COVERAGE,21.69295140006437
2018-11-08,PATTERN_B_ET_REALISTIC_PORTFOLIO_V02_P1,2018-11-08,96411140.04230954,0.0,,,,,,39,False,False,OBSERVED_BELOW_90_COVERAGE,21.69295140006437
2018-11-09,PATTERN_B_ET_REALISTIC_PORTFOLIO_V02_P1,2018-11-09,96411140.04230954,0.0,,,,,,39,False,False,OBSERVED_BELOW_90_COVERAGE,21.69295140006437
2018-11-12,PATTERN_B_ET_REALISTIC_PORTFOLIO_V02_P1,2018-11-12,96411140.04230954,0.0,,,,,,39,False,False,OBSERVED_BELOW_90_COVERAGE,21.69295140006437
2018-11-13,PATTERN_B_ET_REALISTIC_PORTFOLIO_V02_P1,2018-11-13,96411140.04230954,0.0,,,,,,39,False,False,OBSERVED_BELOW_90_COVERAGE,21.69295140006437
2018-11-14,PATTERN_B_ET_REALISTIC_PORTFOLIO_V02_P1,2018-11-14,96411140.04230954,0.0,,,,,,39,False,False,OBSERVED_BELOW_90_COVERAGE,21.69295140006437
2018-11-15,PATTERN_B_ET_REALISTIC_PORTFOLIO_V02_P1,2018-11-15,96411140.04230954,0.0,,,,,,39,False,False,OBSERVED_BELOW_90_COVERAGE,21.69295140006437
2018-11-16,PATTERN_B_ET_REALISTIC_PORTFOLIO_V02_P1,2018-11-16,96411140.04230954,0.0,,,,,,39,False,False,OBSERVED_BELOW_90_COVERAGE,21.69295140006437
2018-11-19,PATTERN_B_ET_REALISTIC_PORTFOLIO_V02_P1,2018-11-19,96411140.04230954,0.0,,,,,,39,False,False,OBSERVED_BELOW_90_COVERAGE,21.69295140006437
2018-11-20,PATTERN_B_ET_REALISTIC_PORTFOLIO_V02_P1,2018-11-20,96411140.04230954,0.0,,,,,,39,False,False,OBSERVED_BELOW_90_COVERAGE,21.69295140006437
2018-11-21,PATTERN_B_ET_REALISTIC_PORTFOLIO_V02_P1,2018-11-21,96411140.04230954,0.0,,,,,,39,False,False,OBSERVED_BELOW_90_COVERAGE,21.69295140006437
2018-11-22,PATTERN_B_ET_REALISTIC_PORTFOLIO_V02_P1,2018-11-22,96411140.04230954,0.0,,,,,,39,False,False,OBSERVED_BELOW_90_COVERAGE,21.69295140006437
2018-11-23,PATTERN_B_ET_REALISTIC_PORTFOLIO_V02_P1,2018-11-23,96411140.04230954,0.0,,,,,,39,False,False,OBSERVED_BELOW_90_COVERAGE,21.69295140006437
2018-11-26,PATTERN_B_ET_REALISTIC_PORTFOLIO_V02_P1,2018-11-26,96411140.04230954,0.0,,,,,,39,False,False,OBSERVED_BELOW_90_COVERAGE,21.69295140006437
2018-11-27,PATTERN_B_ET_REALISTIC_PORTFOLIO_V02_P1,2018-11-27,96411140.04230954,0.0,,,,,,39,False,False,OBSERVED_BELOW_90_COVERAGE,21.69295140006437
2018-11-28,PATTERN_B_ET_REALISTIC_PORTFOLIO_V02_P1,2018-11-28,96411140.04230954,0.0,,,,,,39,False,False,OBSERVED_BELOW_90_COVERAGE,21.69295140006437
2018-11-29,PATTERN_B_ET_REALISTIC_PORTFOLIO_V02_P1,2018-11-29,96411140.04230954,0.0,,,,,,39,False,False,OBSERVED_BELOW_90_COVERAGE,21.69295140006437
2018-11-30,PATTERN_B_ET_REALISTIC_PORTFOLIO_V02_P1,2018-11-30,96411140.04230954,0.0,,,,,,39,False,False,OBSERVED_BELOW_90_COVERAGE,21.69295140006437
2018-12-03,PATTERN_B_ET_REALISTIC_PORTFOLIO_V02_P1,2018-12-03,86417799.40603054,85041705.22749045,,,,,,26,False,False,OBSERVED_BELOW_90_COVERAGE,21.69295140006437
2018-12-04,PATTERN_B_ET_REALISTIC_PORTFOLIO_V02_P1,2018-12-04,171459504.633521,5366959.6972707,,,,,,25,False,False,OBSERVED_BELOW_90_COVERAGE,21.69295140006437
2018-12-05,PATTERN_B_ET_REALISTIC_PORTFOLIO_V02_P1,2018-12-05,176826464.33079168,0.0,,,,,,25,False,False,OBSERVED_BELOW_90_COVERAGE,21.69295140006437
2018-12-06,PATTERN_B_ET_REALISTIC_PORTFOLIO_V02_P1,2018-12-06,176826464.33079168,0.0,,,,,,25,False,False,OBSERVED_BELOW_90_COVERAGE,21.69295140006437
2018-12-07,PATTERN_B_ET_REALISTIC_PORTFOLIO_V02_P1,2018-12-07,176826464.33079168,0.0,,,,,,25,False,False,OBSERVED_BELOW_90_COVERAGE,21.69295140006437
2018-12-10,PATTERN_B_ET_REALISTIC_PORTFOLIO_V02_P1,2018-12-10,176826464.33079168,0.0,,,,,,25,False,False,OBSERVED_BELOW_90_COVERAGE,21.69295140006437
2018-12-11,PATTERN_B_ET_REALISTIC_PORTFOLIO_V02_P1,2018-12-11,176826464.33079168,0.0,,,,,,25,False,False,OBSERVED_BELOW_90_COVERAGE,21.69295140006437
2018-12-12,PATTERN_B_ET_REALISTIC_PORTFOLIO_V02_P1,2018-12-12,176826464.33079168,0.0,,,,,,25,False,False,OBSERVED_BELOW_90_COVERAGE,21.69295140006437
2018-12-13,PATTERN_B_ET_REALISTIC_PORTFOLIO_V02_P1,2018-12-13,176826464.33079168,0.0,,,,,,25,False,False,OBSERVED_BELOW_90_COVERAGE,21.69295140006437
2018-12-14,PATTERN_B_ET_REALISTIC_PORTFOLIO_V02_P1,2018-12-14,176826464.33079168,0.0,,,,,,25,False,False,OBSERVED_BELOW_90_COVERAGE,21.69295140006437
2018-12-17,PATTERN_B_ET_REALISTIC_PORTFOLIO_V02_P1,2018-12-17,176826464.33079168,0.0,,,,,,25,False,False,OBSERVED_BELOW_90_COVERAGE,21.69295140006437
2018-12-18,PATTERN_B_ET_REALISTIC_PORTFOLIO_V02_P1,2018-12-18,176826464.33079168,0.0,,,,,,25,False,False,OBSERVED_BELOW_90_COVERAGE,21.69295140006437
2018-12-19,PATTERN_B_ET_REALISTIC_PORTFOLIO_V02_P1,2018-12-19,176826464.33079168,0.0,,,,,,25,False,False,OBSERVED_BELOW_90_COVERAGE,21.69295140006437
2018-12-20,PATTERN_B_ET_REALISTIC_PORTFOLIO_V02_P1,2018-12-20,176826464.33079168,0.0,,,,,,25,False,False,OBSERVED_BELOW_90_COVERAGE,21.69295140006437
2018-12-21,PATTERN_B_ET_REALISTIC_PORTFOLIO_V02_P1,2018-12-21,176826464.33079168,0.0,,,,,,25,False,False,OBSERVED_BELOW_90_COVERAGE,21.69295140006437
2018-12-24,PATTERN_B_ET_REALISTIC_PORTFOLIO_V02_P1,2018-12-24,176826464.33079168,0.0,,,,,,25,False,False,OBSERVED_BELOW_90_COVERAGE,21.69295140006437
2018-12-26,PATTERN_B_ET_REALISTIC_PORTFOLIO_V02_P1,2018-12-26,176826464.33079168,0.0,,,,,,25,False,False,OBSERVED_BELOW_90_COVERAGE,21.69295140006437
2018-12-27,PATTERN_B_ET_REALISTIC_PORTFOLIO_V02_P1,2018-12-27,176826464.33079168,0.0,,,,,,25,False,False,OBSERVED_BELOW_90_COVERAGE,21.69295140006437
2018-12-28,PATTERN_B_ET_REALISTIC_PORTFOLIO_V02_P1,2018-12-28,176826464.33079168,0.0,,,,,,25,False,False,OBSERVED_BELOW_90_COVERAGE,21.69295140006437
2019-01-02,PATTERN_B_ET_REALISTIC_PORTFOLIO_V02_P1,2019-01-02,176826464.33079168,7443211.570766999,,,,,,24,False,False,OBSERVED_BELOW_90_COVERAGE,21.69295140006437
2019-01-03,PATTERN_B_ET_REALISTIC_PORTFOLIO_V02_P1,2019-01-03,184269675.90155867,0.0,,,,,,24,False,False,OBSERVED_BELOW_90_COVERAGE,21.69295140006437
2019-01-04,PATTERN_B_ET_REALISTIC_PORTFOLIO_V02_P1,2019-01-04,184269675.90155867,0.0,,,,,,24,False,False,OBSERVED_BELOW_90_COVERAGE,21.69295140006437
2019-01-07,PATTERN_B_ET_REALISTIC_PORTFOLIO_V02_P1,2019-01-07,184269675.90155867,0.0,,,,,,24,False,False,OBSERVED_BELOW_90_COVERAGE,21.69295140006437
2019-01-08,PATTERN_B_ET_REALISTIC_PORTFOLIO_V02_P1,2019-01-08,184269675.90155867,0.0,,,,,,24,False,False,OBSERVED_BELOW_90_COVERAGE,21.69295140006437
2019-01-09,PATTERN_B_ET_REALISTIC_PORTFOLIO_V02_P1,2019-01-09,184269675.90155867,0.0,,,,,,24,False,False,OBSERVED_BELOW_90_COVERAGE,21.69295140006437
2019-01-10,PATTERN_B_ET_REALISTIC_PORTFOLIO_V02_P1,2019-01-10,184269675.90155867,0.0,,,,,,24,False,False,OBSERVED_BELOW_90_COVERAGE,21.69295140006437
2019-01-11,PATTERN_B_ET_REALISTIC_PORTFOLIO_V02_P1,2019-01-11,184269675.90155867,0.0,,,,,,24,False,False,OBSERVED_BELOW_90_COVERAGE,21.69295140006437
2019-01-14,PATTERN_B_ET_REALISTIC_PORTFOLIO_V02_P1,2019-01-14,184269675.90155867,0.0,,,,,,24,False,False,OBSERVED_BELOW_90_COVERAGE,21.69295140006437
2019-01-15,PATTERN_B_ET_REALISTIC_PORTFOLIO_V02_P1,2019-01-15,184269675.90155867,0.0,,,,,,24,False,False,OBSERVED_BELOW_90_COVERAGE,21.69295140006437
2019-01-16,PATTERN_B_ET_REALISTIC_PORTFOLIO_V02_P1,2019-01-16,184269675.90155867,0.0,,,,,,24,False,False,OBSERVED_BELOW_90_COVERAGE,21.69295140006437
2019-01-17,PATTERN_B_ET_REALISTIC_PORTFOLIO_V02_P1,2019-01-17,184269675.90155867,0.0,,,,,,24,False,False,OBSERVED_BELOW_90_COVERAGE,21.69295140006437
2019-01-18,PATTERN_B_ET_REALISTIC_PORTFOLIO_V02_P1,2019-01-18,184269675.90155867,0.0,,,,,,24,False,False,OBSERVED_BELOW_90_COVERAGE,21.69295140006437
2019-01-21,PATTERN_B_ET_REALISTIC_PORTFOLIO_V02_P1,2019-01-21,184269675.90155867,0.0,,,,,,24,False,False,OBSERVED_BELOW_90_COVERAGE,21.69295140006437
2019-01-22,PATTERN_B_ET_REALISTIC_PORTFOLIO_V02_P1,2019-01-22,184269675.90155867,0.0,,,,,,24,False,False,OBSERVED_BELOW_90_COVERAGE,21.69295140006437
2019-01-23,PATTERN_B_ET_REALISTIC_PORTFOLIO_V02_P1,2019-01-23,184269675.90155867,0.0,,,,,,24,False,False,OBSERVED_BELOW_90_COVERAGE,21.69295140006437
2019-01-24,PATTERN_B_ET_REALISTIC_PORTFOLIO_V02_P1,2019-01-24,184269675.90155867,0.0,,,,,,24,False,False,OBSERVED_BELOW_90_COVERAGE,21.69295140006437
2019-01-25,PATTERN_B_ET_REALISTIC_PORTFOLIO_V02_P1,2019-01-25,184269675.90155867,0.0,,,,,,24,False,False,OBSERVED_BELOW_90_COVERAGE,21.69295140006437
2019-01-28,PATTERN_B_ET_REALISTIC_PORTFOLIO_V02_P1,2019-01-28,184269675.90155867,0.0,,,,,,24,False,False,OBSERVED_BELOW_90_COVERAGE,21.69295140006437
2019-01-29,PATTERN_B_ET_REALISTIC_PORTFOLIO_V02_P1,2019-01-29,184269675.90155867,0.0,,,,,,24,False,False,OBSERVED_BELOW_90_COVERAGE,21.69295140006437
2019-01-30,PATTERN_B_ET_REALISTIC_PORTFOLIO_V02_P1,2019-01-30,184269675.90155867,0.0,,,,,,24,False,False,OBSERVED_BELOW_90_COVERAGE,21.69295140006437
2019-01-31,PATTERN_B_ET_REALISTIC_PORTFOLIO_V02_P1,2019-01-31,184269675.90155867,0.0,,,,,,24,False,False,OBSERVED_BELOW_90_COVERAGE,21.69295140006437
2019-02-01,PATTERN_B_ET_REALISTIC_PORTFOLIO_V02_P1,2019-02-01,179272434.92783368,27706808.6512056,,,,,,20,False,False,OBSERVED_BELOW_90_COVERAGE,21.69295140006437
2019-02-07,PATTERN_B_ET_REALISTIC_PORTFOLIO_V02_P1,2019-02-07,206979243.57903928,0.0,,,,,,20,False,False,OBSERVED_BELOW_90_COVERAGE,21.69295140006437
2019-02-08,PATTERN_B_ET_REALISTIC_PORTFOLIO_V02_P1,2019-02-08,206979243.57903928,0.0,,,,,,20,False,False,OBSERVED_BELOW_90_COVERAGE,21.69295140006437
2019-02-11,PATTERN_B_ET_REALISTIC_PORTFOLIO_V02_P1,2019-02-11,206979243.57903928,0.0,,,,,,20,False,False,OBSERVED_BELOW_90_COVERAGE,21.69295140006437
2019-02-12,PATTERN_B_ET_REALISTIC_PORTFOLIO_V02_P1,2019-02-12,206979243.57903928,0.0,,,,,,20,False,False,OBSERVED_BELOW_90_COVERAGE,21.69295140006437
2019-02-13,PATTERN_B_ET_REALISTIC_PORTFOLIO_V02_P1,2019-02-13,206979243.57903928,0.0,,,,,,20,False,False,OBSERVED_BELOW_90_COVERAGE,21.69295140006437
2019-02-14,PATTERN_B_ET_REALISTIC_PORTFOLIO_V02_P1,2019-02-14,206979243.57903928,0.0,,,,,,20,False,False,OBSERVED_BELOW_90_COVERAGE,21.69295140006437
2019-02-15,PATTERN_B_ET_REALISTIC_PORTFOLIO_V02_P1,2019-02-15,206979243.57903928,0.0,,,,,,20,False,False,OBSERVED_BELOW_90_COVERAGE,21.69295140006437
2019-02-18,PATTERN_B_ET_REALISTIC_PORTFOLIO_V02_P1,2019-02-18,206979243.57903928,0.0,,,,,,20,False,False,OBSERVED_BELOW_90_COVERAGE,21.69295140006437
2019-02-19,PATTERN_B_ET_REALISTIC_PORTFOLIO_V02_P1,2019-02-19,206979243.57903928,0.0,,,,,,20,False,False,OBSERVED_BELOW_90_COVERAGE,21.69295140006437
2019-02-20,PATTERN_B_ET_REALISTIC_PORTFOLIO_V02_P1,2019-02-20,206979243.57903928,0.0,,,,,,20,False,False,OBSERVED_BELOW_90_COVERAGE,21.69295140006437
2019-02-21,PATTERN_B_ET_REALISTIC_PORTFOLIO_V02_P1,2019-02-21,206979243.57903928,0.0,,,,,,20,False,False,OBSERVED_BELOW_90_COVERAGE,21.69295140006437
2019-02-22,PATTERN_B_ET_REALISTIC_PORTFOLIO_V02_P1,2019-02-22,206979243.57903928,0.0,,,,,,20,False,False,OBSERVED_BELOW_90_COVERAGE,21.69295140006437
2019-02-25,PATTERN_B_ET_REALISTIC_PORTFOLIO_V02_P1,2019-02-25,206979243.57903928,0.0,,,,,,20,False,False,OBSERVED_BELOW_90_COVERAGE,21.69295140006437
2019-02-26,PATTERN_B_ET_REALISTIC_PORTFOLIO_V02_P1,2019-02-26,206979243.57903928,0.0,,,,,,20,False,False,OBSERVED_BELOW_90_COVERAGE,21.69295140006437
2019-02-27,PATTERN_B_ET_REALISTIC_PORTFOLIO_V02_P1,2019-02-27,206979243.57903928,0.0,,,,,,20,False,False,OBSERVED_BELOW_90_COVERAGE,21.69295140006437
2019-02-28,PATTERN_B_ET_REALISTIC_PORTFOLIO_V02_P1,2019-02-28,206979243.57903928,0.0,,,,,,20,False,False,OBSERVED_BELOW_90_COVERAGE,21.69295140006437
2019-03-04,PATTERN_B_ET_REALISTIC_PORTFOLIO_V02_P1,2019-03-04,186996492.8219702,2560762.1180565,,,,,,23,False,False,OBSERVED_BELOW_90_COVERAGE,21.69295140006437
2019-03-05,PATTERN_B_ET_REALISTIC_PORTFOLIO_V02_P1,2019-03-05,189557254.9400267,0.0,,,,,,23,False,False,OBSERVED_BELOW_90_COVERAGE,21.69295140006437
2019-03-06,PATTERN_B_ET_REALISTIC_PORTFOLIO_V02_P1,2019-03-06,189557254.9400267,0.0,,,,,,23,False,False,OBSERVED_BELOW_90_COVERAGE,21.69295140006437
2019-03-07,PATTERN_B_ET_REALISTIC_PORTFOLIO_V02_P1,2019-03-07,189557254.9400267,0.0,,,,,,23,False,False,OBSERVED_BELOW_90_COVERAGE,21.69295140006437
2019-03-08,PATTERN_B_ET_REALISTIC_PORTFOLIO_V02_P1,2019-03-08,189557254.9400267,0.0,,,,,,23,False,False,OBSERVED_BELOW_90_COVERAGE,21.69295140006437
2019-03-11,PATTERN_B_ET_REALISTIC_PORTFOLIO_V02_P1,2019-03-11,189557254.9400267,0.0,,,,,,23,False,False,OBSERVED_BELOW_90_COVERAGE,21.69295140006437
2019-03-12,PATTERN_B_ET_REALISTIC_PORTFOLIO_V02_P1,2019-03-12,189557254.9400267,0.0,,,,,,23,False,False,OBSERVED_BELOW_90_COVERAGE,21.69295140006437
2019-03-13,PATTERN_B_ET_REALISTIC_PORTFOLIO_V02_P1,2019-03-13,189557254.9400267,0.0,,,,,,23,False,False,OBSERVED_BELOW_90_COVERAGE,21.69295140006437
2019-03-14,PATTERN_B_ET_REALISTIC_PORTFOLIO_V02_P1,2019-03-14,189557254.9400267,0.0,,,,,,23,False,False,OBSERVED_BELOW_90_COVERAGE,21.69295140006437
2019-03-15,PATTERN_B_ET_REALISTIC_PORTFOLIO_V02_P1,2019-03-15,189557254.9400267,0.0,,,,,,23,False,False,OBSERVED_BELOW_90_COVERAGE,21.69295140006437
2019-03-18,PATTERN_B_ET_REALISTIC_PORTFOLIO_V02_P1,2019-03-18,189557254.9400267,0.0,,,,,,23,False,False,OBSERVED_BELOW_90_COVERAGE,21.69295140006437
2019-03-19,PATTERN_B_ET_REALISTIC_PORTFOLIO_V02_P1,2019-03-19,189557254.9400267,0.0,,,,,,23,False,False,OBSERVED_BELOW_90_COVERAGE,21.69295140006437
2019-03-20,PATTERN_B_ET_REALISTIC_PORTFOLIO_V02_P1,2019-03-20,189557254.9400267,0.0,,,,,,23,False,False,OBSERVED_BELOW_90_COVERAGE,21.69295140006437
2019-03-21,PATTERN_B_ET_REALISTIC_PORTFOLIO_V02_P1,2019-03-21,189557254.9400267,0.0,,,,,,23,False,False,OBSERVED_BELOW_90_COVERAGE,21.69295140006437
2019-03-22,PATTERN_B_ET_REALISTIC_PORTFOLIO_V02_P1,2019-03-22,189557254.9400267,0.0,,,,,,23,False,False,OBSERVED_BELOW_90_COVERAGE,21.69295140006437
2019-03-25,PATTERN_B_ET_REALISTIC_PORTFOLIO_V02_P1,2019-03-25,189557254.9400267,0.0,,,,,,23,False,False,OBSERVED_BELOW_90_COVERAGE,21.69295140006437
2019-03-26,PATTERN_B_ET_REALISTIC_PORTFOLIO_V02_P1,2019-03-26,189557254.9400267,0.0,,,,,,23,False,False,OBSERVED_BELOW_90_COVERAGE,21.69295140006437
2019-03-27,PATTERN_B_ET_REALISTIC_PORTFOLIO_V02_P1,2019-03-27,189557254.9400267,0.0,,,,,,23,False,False,OBSERVED_BELOW_90_COVERAGE,21.69295140006437
2019-03-28,PATTERN_B_ET_REALISTIC_PORTFOLIO_V02_P1,2019-03-28,189557254.9400267,0.0,,,,,,23,False,False,OBSERVED_BELOW_90_COVERAGE,21.69295140006437
2019-03-29,PATTERN_B_ET_REALISTIC_PORTFOLIO_V02_P1,2019-03-29,189557254.9400267,0.0,,,,,,23,False,False,OBSERVED_BELOW_90_COVERAGE,21.69295140006437
2019-04-01,PATTERN_B_ET_REALISTIC_PORTFOLIO_V02_P1,2019-04-01,184558312.0110467,0.0,,,,,,24,False,False,OBSERVED_BELOW_90_COVERAGE,21.69295140006437
2019-04-02,PATTERN_B_ET_REALISTIC_PORTFOLIO_V02_P1,2019-04-02,184558312.0110467,0.0,,,,,,24,False,False,OBSERVED_BELOW_90_COVERAGE,21.69295140006437
2019-04-03,PATTERN_B_ET_REALISTIC_PORTFOLIO_V02_P1,2019-04-03,184558312.0110467,0.0,,,,,,24,False,False,OBSERVED_BELOW_90_COVERAGE,21.69295140006437
2019-04-04,PATTERN_B_ET_REALISTIC_PORTFOLIO_V02_P1,2019-04-04,184558312.0110467,0.0,,,,,,24,False,False,OBSERVED_BELOW_90_COVERAGE,21.69295140006437
2019-04-05,PATTERN_B_ET_REALISTIC_PORTFOLIO_V02_P1,2019-04-05,184558312.0110467,0.0,,,,,,24,False,False,OBSERVED_BELOW_90_COVERAGE,21.69295140006437
2019-04-08,PATTERN_B_ET_REALISTIC_PORTFOLIO_V02_P1,2019-04-08,184558312.0110467,0.0,,,,,,24,False,False,OBSERVED_BELOW_90_COVERAGE,21.69295140006437
2019-04-09,PATTERN_B_ET_REALISTIC_PORTFOLIO_V02_P1,2019-04-09,184558312.0110467,0.0,,,,,,24,False,False,OBSERVED_BELOW_90_COVERAGE,21.69295140006437
2019-04-10,PATTERN_B_ET_REALISTIC_PORTFOLIO_V02_P1,2019-04-10,184558312.0110467,0.0,,,,,,24,False,False,OBSERVED_BELOW_90_COVERAGE,21.69295140006437
2019-04-11,PATTERN_B_ET_REALISTIC_PORTFOLIO_V02_P1,2019-04-11,184558312.0110467,0.0,,,,,,24,False,False,OBSERVED_BELOW_90_COVERAGE,21.69295140006437
2019-04-12,PATTERN_B_ET_REALISTIC_PORTFOLIO_V02_P1,2019-04-12,184558312.0110467,0.0,,,,,,24,False,False,OBSERVED_BELOW_90_COVERAGE,21.69295140006437
2019-04-15,PATTERN_B_ET_REALISTIC_PORTFOLIO_V02_P1,2019-04-15,184558312.0110467,0.0,,,,,,24,False,False,OBSERVED_BELOW_90_COVERAGE,21.69295140006437
2019-04-16,PATTERN_B_ET_REALISTIC_PORTFOLIO_V02_P1,2019-04-16,184558312.0110467,0.0,,,,,,24,False,False,OBSERVED_BELOW_90_COVERAGE,21.69295140006437
2019-04-17,PATTERN_B_ET_REALISTIC_PORTFOLIO_V02_P1,2019-04-17,184558312.0110467,0.0,,,,,,24,False,False,OBSERVED_BELOW_90_COVERAGE,21.69295140006437
2019-04-18,PATTERN_B_ET_REALISTIC_PORTFOLIO_V02_P1,2019-04-18,184558312.0110467,0.0,,,,,,24,False,False,OBSERVED_BELOW_90_COVERAGE,21.69295140006437
2019-04-19,PATTERN_B_ET_REALISTIC_PORTFOLIO_V02_P1,2019-04-19,184558312.0110467,0.0,,,,,,24,False,False,OBSERVED_BELOW_90_COVERAGE,21.69295140006437
2019-04-22,PATTERN_B_ET_REALISTIC_PORTFOLIO_V02_P1,2019-04-22,184558312.0110467,0.0,,,,,,24,False,False,OBSERVED_BELOW_90_COVERAGE,21.69295140006437
2019-04-23,PATTERN_B_ET_REALISTIC_PORTFOLIO_V02_P1,2019-04-23,184558312.0110467,0.0,,,,,,24,False,False,OBSERVED_BELOW_90_COVERAGE,21.69295140006437
2019-04-24,PATTERN_B_ET_REALISTIC_PORTFOLIO_V02_P1,2019-04-24,184558312.0110467,0.0,,,,,,24,False,False,OBSERVED_BELOW_90_COVERAGE,21.69295140006437
2019-04-25,PATTERN_B_ET_REALISTIC_PORTFOLIO_V02_P1,2019-04-25,184558312.0110467,0.0,,,,,,24,False,False,OBSERVED_BELOW_90_COVERAGE,21.69295140006437
2019-04-26,PATTERN_B_ET_REALISTIC_PORTFOLIO_V02_P1,2019-04-26,184558312.0110467,0.0,,,,,,24,False,False,OBSERVED_BELOW_90_COVERAGE,21.69295140006437
2019-04-29,PATTERN_B_ET_REALISTIC_PORTFOLIO_V02_P1,2019-04-29,184558312.0110467,0.0,,,,,,24,False,False,OBSERVED_BELOW_90_COVERAGE,21.69295140006437
2019-04-30,PATTERN_B_ET_REALISTIC_PORTFOLIO_V02_P1,2019-04-30,184558312.0110467,0.0,,,,,,24,False,False,OBSERVED_BELOW_90_COVERAGE,21.69295140006437
2019-05-02,PATTERN_B_ET_REALISTIC_PORTFOLIO_V02_P1,2019-05-02,159658590.49697933,36002031.4091214,,,,,,22,False,False,OBSERVED_BELOW_90_COVERAGE,21.69295140006437
2019-05-03,PATTERN_B_ET_REALISTIC_PORTFOLIO_V02_P1,2019-05-03,195660621.90610072,0.0,,,,,,22,False,False,OBSERVED_BELOW_90_COVERAGE,21.69295140006437
2019-05-07,PATTERN_B_ET_REALISTIC_PORTFOLIO_V02_P1,2019-05-07,195660621.90610072,0.0,,,,,,22,False,False,OBSERVED_BELOW_90_COVERAGE,21.69295140006437
2019-05-08,PATTERN_B_ET_REALISTIC_PORTFOLIO_V02_P1,2019-05-08,195660621.90610072,0.0,,,,,,22,False,False,OBSERVED_BELOW_90_COVERAGE,21.69295140006437
2019-05-09,PATTERN_B_ET_REALISTIC_PORTFOLIO_V02_P1,2019-05-09,195660621.90610072,0.0,,,,,,22,False,False,OBSERVED_BELOW_90_COVERAGE,21.69295140006437
2019-05-10,PATTERN_B_ET_REALISTIC_PORTFOLIO_V02_P1,2019-05-10,195660621.90610072,0.0,,,,,,22,False,False,OBSERVED_BELOW_90_COVERAGE,21.69295140006437
2019-05-13,PATTERN_B_ET_REALISTIC_PORTFOLIO_V02_P1,2019-05-13,195660621.90610072,0.0,,,,,,22,False,False,OBSERVED_BELOW_90_COVERAGE,21.69295140006437
2019-05-14,PATTERN_B_ET_REALISTIC_PORTFOLIO_V02_P1,2019-05-14,195660621.90610072,0.0,,,,,,22,False,False,OBSERVED_BELOW_90_COVERAGE,21.69295140006437
2019-05-15,PATTERN_B_ET_REALISTIC_PORTFOLIO_V02_P1,2019-05-15,195660621.90610072,0.0,,,,,,22,False,False,OBSERVED_BELOW_90_COVERAGE,21.69295140006437
2019-05-16,PATTERN_B_ET_REALISTIC_PORTFOLIO_V02_P1,2019-05-16,195660621.90610072,0.0,,,,,,22,False,False,OBSERVED_BELOW_90_COVERAGE,21.69295140006437
2019-05-17,PATTERN_B_ET_REALISTIC_PORTFOLIO_V02_P1,2019-05-17,195660621.90610072,0.0,,,,,,22,False,False,OBSERVED_BELOW_90_COVERAGE,21.69295140006437
2019-05-20,PATTERN_B_ET_REALISTIC_PORTFOLIO_V02_P1,2019-05-20,195660621.90610072,0.0,,,,,,22,False,False,OBSERVED_BELOW_90_COVERAGE,21.69295140006437
2019-05-21,PATTERN_B_ET_REALISTIC_PORTFOLIO_V02_P1,2019-05-21,195660621.90610072,0.0,,,,,,22,False,False,OBSERVED_BELOW_90_COVERAGE,21.69295140006437
2019-05-22,PATTERN_B_ET_REALISTIC_PORTFOLIO_V02_P1,2019-05-22,195660621.90610072,0.0,,,,,,22,False,False,OBSERVED_BELOW_90_COVERAGE,21.69295140006437
2019-05-23,PATTERN_B_ET_REALISTIC_PORTFOLIO_V02_P1,2019-05-23,195660621.90610072,0.0,,,,,,22,False,False,OBSERVED_BELOW_90_COVERAGE,21.69295140006437
2019-05-24,PATTERN_B_ET_REALISTIC_PORTFOLIO_V02_P1,2019-05-24,195660621.90610072,0.0,,,,,,22,False,False,OBSERVED_BELOW_90_COVERAGE,21.69295140006437
2019-05-27,PATTERN_B_ET_REALISTIC_PORTFOLIO_V02_P1,2019-05-27,195660621.90610072,0.0,,,,,,22,False,False,OBSERVED_BELOW_90_COVERAGE,21.69295140006437
2019-05-28,PATTERN_B_ET_REALISTIC_PORTFOLIO_V02_P1,2019-05-28,195660621.90610072,0.0,,,,,,22,False,False,OBSERVED_BELOW_90_COVERAGE,21.69295140006437
2019-05-29,PATTERN_B_ET_REALISTIC_PORTFOLIO_V02_P1,2019-05-29,195660621.90610072,0.0,,,,,,22,False,False,OBSERVED_BELOW_90_COVERAGE,21.69295140006437
2019-05-30,PATTERN_B_ET_REALISTIC_PORTFOLIO_V02_P1,2019-05-30,195660621.90610072,0.0,,,,,,22,False,False,OBSERVED_BELOW_90_COVERAGE,21.69295140006437
2019-05-31,PATTERN_B_ET_REALISTIC_PORTFOLIO_V02_P1,2019-05-31,195660621.90610072,0.0,,,,,,22,False,False,OBSERVED_BELOW_90_COVERAGE,21.69295140006437
2019-06-03,PATTERN_B_ET_REALISTIC_PORTFOLIO_V02_P1,2019-06-03,170799015.17939398,19710583.6948911,,,,,,23,False,False,OBSERVED_BELOW_90_COVERAGE,21.69295140006437
2019-06-04,PATTERN_B_ET_REALISTIC_PORTFOLIO_V02_P1,2019-06-04,190509598.87428507,0.0,,,,,,23,False,False,OBSERVED_BELOW_90_COVERAGE,21.69295140006437
2019-06-05,PATTERN_B_ET_REALISTIC_PORTFOLIO_V02_P1,2019-06-05,190509598.87428507,0.0,,,,,,23,False,False,OBSERVED_BELOW_90_COVERAGE,21.69295140006437
2019-06-07,PATTERN_B_ET_REALISTIC_PORTFOLIO_V02_P1,2019-06-07,190509598.87428507,0.0,,,,,,23,False,False,OBSERVED_BELOW_90_COVERAGE,21.69295140006437
2019-06-10,PATTERN_B_ET_REALISTIC_PORTFOLIO_V02_P1,2019-06-10,190509598.87428507,0.0,,,,,,23,False,False,OBSERVED_BELOW_90_COVERAGE,21.69295140006437
2019-06-11,PATTERN_B_ET_REALISTIC_PORTFOLIO_V02_P1,2019-06-11,190509598.87428507,0.0,,,,,,23,False,False,OBSERVED_BELOW_90_COVERAGE,21.69295140006437
2019-06-12,PATTERN_B_ET_REALISTIC_PORTFOLIO_V02_P1,2019-06-12,190509598.87428507,0.0,,,,,,23,False,False,OBSERVED_BELOW_90_COVERAGE,21.69295140006437
2019-06-13,PATTERN_B_ET_REALISTIC_PORTFOLIO_V02_P1,2019-06-13,190509598.87428507,0.0,,,,,,23,False,False,OBSERVED_BELOW_90_COVERAGE,21.69295140006437
2019-06-14,PATTERN_B_ET_REALISTIC_PORTFOLIO_V02_P1,2019-06-14,190509598.87428507,0.0,,,,,,23,False,False,OBSERVED_BELOW_90_COVERAGE,21.69295140006437
2019-06-17,PATTERN_B_ET_REALISTIC_PORTFOLIO_V02_P1,2019-06-17,190509598.87428507,0.0,,,,,,23,False,False,OBSERVED_BELOW_90_COVERAGE,21.69295140006437
2019-06-18,PATTERN_B_ET_REALISTIC_PORTFOLIO_V02_P1,2019-06-18,190509598.87428507,0.0,,,,,,23,False,False,OBSERVED_BELOW_90_COVERAGE,21.69295140006437
2019-06-19,PATTERN_B_ET_REALISTIC_PORTFOLIO_V02_P1,2019-06-19,190509598.87428507,0.0,,,,,,23,False,False,OBSERVED_BELOW_90_COVERAGE,21.69295140006437
2019-06-20,PATTERN_B_ET_REALISTIC_PORTFOLIO_V02_P1,2019-06-20,190509598.87428507,0.0,,,,,,23,False,False,OBSERVED_BELOW_90_COVERAGE,21.69295140006437
2019-06-21,PATTERN_B_ET_REALISTIC_PORTFOLIO_V02_P1,2019-06-21,190509598.87428507,0.0,,,,,,23,False,False,OBSERVED_BELOW_90_COVERAGE,21.69295140006437
2019-06-24,PATTERN_B_ET_REALISTIC_PORTFOLIO_V02_P1,2019-06-24,190509598.87428507,0.0,,,,,,23,False,False,OBSERVED_BELOW_90_COVERAGE,21.69295140006437
2019-06-25,PATTERN_B_ET_REALISTIC_PORTFOLIO_V02_P1,2019-06-25,190509598.87428507,0.0,,,,,,23,False,False,OBSERVED_BELOW_90_COVERAGE,21.69295140006437
2019-06-26,PATTERN_B_ET_REALISTIC_PORTFOLIO_V02_P1,2019-06-26,190509598.87428507,0.0,,,,,,23,False,False,OBSERVED_BELOW_90_COVERAGE,21.69295140006437
2019-06-27,PATTERN_B_ET_REALISTIC_PORTFOLIO_V02_P1,2019-06-27,190509598.87428507,0.0,,,,,,23,False,False,OBSERVED_BELOW_90_COVERAGE,21.69295140006437
2019-06-28,PATTERN_B_ET_REALISTIC_PORTFOLIO_V02_P1,2019-06-28,190509598.87428507,0.0,,,,,,23,False,False,OBSERVED_BELOW_90_COVERAGE,21.69295140006437
2019-07-01,PATTERN_B_ET_REALISTIC_PORTFOLIO_V02_P1,2019-07-01,190509598.87428507,0.0,,,,,,23,False,False,OBSERVED_BELOW_90_COVERAGE,21.69295140006437
2019-07-02,PATTERN_B_ET_REALISTIC_PORTFOLIO_V02_P1,2019-07-02,190509598.87428507,0.0,,,,,,23,False,False,OBSERVED_BELOW_90_COVERAGE,21.69295140006437
2019-07-03,PATTERN_B_ET_REALISTIC_PORTFOLIO_V02_P1,2019-07-03,190509598.87428507,0.0,,,,,,23,False,False,OBSERVED_BELOW_90_COVERAGE,21.69295140006437
2019-07-04,PATTERN_B_ET_REALISTIC_PORTFOLIO_V02_P1,2019-07-04,190509598.87428507,0.0,,,,,,23,False,False,OBSERVED_BELOW_90_COVERAGE,21.69295140006437
2019-07-05,PATTERN_B_ET_REALISTIC_PORTFOLIO_V02_P1,2019-07-05,190509598.87428507,0.0,,,,,,23,False,False,OBSERVED_BELOW_90_COVERAGE,21.69295140006437
2019-07-08,PATTERN_B_ET_REALISTIC_PORTFOLIO_V02_P1,2019-07-08,190509598.87428507,0.0,,,,,,23,False,False,OBSERVED_BELOW_90_COVERAGE,21.69295140006437
2019-07-09,PATTERN_B_ET_REALISTIC_PORTFOLIO_V02_P1,2019-07-09,190509598.87428507,0.0,,,,,,23,False,False,OBSERVED_BELOW_90_COVERAGE,21.69295140006437
2019-07-10,PATTERN_B_ET_REALISTIC_PORTFOLIO_V02_P1,2019-07-10,190509598.87428507,0.0,,,,,,23,False,False,OBSERVED_BELOW_90_COVERAGE,21.69295140006437
2019-07-11,PATTERN_B_ET_REALISTIC_PORTFOLIO_V02_P1,2019-07-11,190509598.87428507,0.0,,,,,,23,False,False,OBSERVED_BELOW_90_COVERAGE,21.69295140006437
2019-07-12,PATTERN_B_ET_REALISTIC_PORTFOLIO_V02_P1,2019-07-12,190509598.87428507,0.0,,,,,,23,False,False,OBSERVED_BELOW_90_COVERAGE,21.69295140006437
2019-07-15,PATTERN_B_ET_REALISTIC_PORTFOLIO_V02_P1,2019-07-15,190509598.87428507,0.0,,,,,,23,False,False,OBSERVED_BELOW_90_COVERAGE,21.69295140006437
2019-07-16,PATTERN_B_ET_REALISTIC_PORTFOLIO_V02_P1,2019-07-16,190509598.87428507,0.0,,,,,,23,False,False,OBSERVED_BELOW_90_COVERAGE,21.69295140006437
2019-07-17,PATTERN_B_ET_REALISTIC_PORTFOLIO_V02_P1,2019-07-17,190509598.87428507,0.0,,,,,,23,False,False,OBSERVED_BELOW_90_COVERAGE,21.69295140006437
2019-07-18,PATTERN_B_ET_REALISTIC_PORTFOLIO_V02_P1,2019-07-18,190509598.87428507,0.0,,,,,,23,False,False,OBSERVED_BELOW_90_COVERAGE,21.69295140006437
2019-07-19,PATTERN_B_ET_REALISTIC_PORTFOLIO_V02_P1,2019-07-19,190509598.87428507,0.0,,,,,,23,False,False,OBSERVED_BELOW_90_COVERAGE,21.69295140006437
2019-07-22,PATTERN_B_ET_REALISTIC_PORTFOLIO_V02_P1,2019-07-22,190509598.87428507,0.0,,,,,,23,False,False,OBSERVED_BELOW_90_COVERAGE,21.69295140006437
2019-07-23,PATTERN_B_ET_REALISTIC_PORTFOLIO_V02_P1,2019-07-23,190509598.87428507,0.0,,,,,,23,False,False,OBSERVED_BELOW_90_COVERAGE,21.69295140006437
2019-07-24,PATTERN_B_ET_REALISTIC_PORTFOLIO_V02_P1,2019-07-24,190509598.87428507,0.0,,,,,,23,False,False,OBSERVED_BELOW_90_COVERAGE,21.69295140006437
2019-07-25,PATTERN_B_ET_REALISTIC_PORTFOLIO_V02_P1,2019-07-25,190509598.87428507,0.0,,,,,,23,False,False,OBSERVED_BELOW_90_COVERAGE,21.69295140006437
2019-07-26,PATTERN_B_ET_REALISTIC_PORTFOLIO_V02_P1,2019-07-26,190509598.87428507,0.0,,,,,,23,False,False,OBSERVED_BELOW_90_COVERAGE,21.69295140006437
2019-07-29,PATTERN_B_ET_REALISTIC_PORTFOLIO_V02_P1,2019-07-29,190509598.87428507,0.0,,,,,,23,False,False,OBSERVED_BELOW_90_COVERAGE,21.69295140006437
2019-07-30,PATTERN_B_ET_REALISTIC_PORTFOLIO_V02_P1,2019-07-30,190509598.87428507,0.0,,,,,,23,False,False,OBSERVED_BELOW_90_COVERAGE,21.69295140006437
2019-07-31,PATTERN_B_ET_REALISTIC_PORTFOLIO_V02_P1,2019-07-31,190509598.87428507,0.0,,,,,,23,False,False,OBSERVED_BELOW_90_COVERAGE,21.69295140006437
2019-08-01,PATTERN_B_ET_REALISTIC_PORTFOLIO_V02_P1,2019-08-01,165532926.95738837,0.0,,,,,,28,False,False,OBSERVED_BELOW_90_COVERAGE,21.69295140006437
2019-08-02,PATTERN_B_ET_REALISTIC_PORTFOLIO_V02_P1,2019-08-02,165532926.95738837,0.0,,,,,,28,False,False,OBSERVED_BELOW_90_COVERAGE,21.69295140006437
2019-08-05,PATTERN_B_ET_REALISTIC_PORTFOLIO_V02_P1,2019-08-05,165532926.95738837,0.0,,,,,,28,False,False,OBSERVED_BELOW_90_COVERAGE,21.69295140006437
2019-08-06,PATTERN_B_ET_REALISTIC_PORTFOLIO_V02_P1,2019-08-06,165532926.95738837,0.0,,,,,,28,False,False,OBSERVED_BELOW_90_COVERAGE,21.69295140006437
2019-08-07,PATTERN_B_ET_REALISTIC_PORTFOLIO_V02_P1,2019-08-07,165532926.95738837,0.0,,,,,,28,False,False,OBSERVED_BELOW_90_COVERAGE,21.69295140006437
2019-08-08,PATTERN_B_ET_REALISTIC_PORTFOLIO_V02_P1,2019-08-08,165532926.95738837,0.0,,,,,,28,False,False,OBSERVED_BELOW_90_COVERAGE,21.69295140006437
2019-08-09,PATTERN_B_ET_REALISTIC_PORTFOLIO_V02_P1,2019-08-09,165532926.95738837,0.0,,,,,,28,False,False,OBSERVED_BELOW_90_COVERAGE,21.69295140006437
2019-08-12,PATTERN_B_ET_REALISTIC_PORTFOLIO_V02_P1,2019-08-12,165532926.95738837,0.0,,,,,,28,False,False,OBSERVED_BELOW_90_COVERAGE,21.69295140006437
2019-08-13,PATTERN_B_ET_REALISTIC_PORTFOLIO_V02_P1,2019-08-13,165532926.95738837,0.0,,,,,,28,False,False,OBSERVED_BELOW_90_COVERAGE,21.69295140006437
2019-08-14,PATTERN_B_ET_REALISTIC_PORTFOLIO_V02_P1,2019-08-14,165532926.95738837,0.0,,,,,,28,False,False,OBSERVED_BELOW_90_COVERAGE,21.69295140006437
2019-08-16,PATTERN_B_ET_REALISTIC_PORTFOLIO_V02_P1,2019-08-16,165532926.95738837,0.0,,,,,,28,False,False,OBSERVED_BELOW_90_COVERAGE,21.69295140006437
2019-08-19,PATTERN_B_ET_REALISTIC_PORTFOLIO_V02_P1,2019-08-19,165532926.95738837,0.0,,,,,,28,False,False,OBSERVED_BELOW_90_COVERAGE,21.69295140006437
2019-08-20,PATTERN_B_ET_REALISTIC_PORTFOLIO_V02_P1,2019-08-20,165532926.95738837,0.0,,,,,,28,False,False,OBSERVED_BELOW_90_COVERAGE,21.69295140006437
2019-08-21,PATTERN_B_ET_REALISTIC_PORTFOLIO_V02_P1,2019-08-21,165532926.95738837,0.0,,,,,,28,False,False,OBSERVED_BELOW_90_COVERAGE,21.69295140006437
2019-08-22,PATTERN_B_ET_REALISTIC_PORTFOLIO_V02_P1,2019-08-22,165532926.95738837,0.0,,,,,,28,False,False,OBSERVED_BELOW_90_COVERAGE,21.69295140006437
2019-08-23,PATTERN_B_ET_REALISTIC_PORTFOLIO_V02_P1,2019-08-23,165532926.95738837,0.0,,,,,,28,False,False,OBSERVED_BELOW_90_COVERAGE,21.69295140006437
2019-08-26,PATTERN_B_ET_REALISTIC_PORTFOLIO_V02_P1,2019-08-26,165532926.95738837,0.0,,,,,,28,False,False,OBSERVED_BELOW_90_COVERAGE,21.69295140006437
2019-08-27,PATTERN_B_ET_REALISTIC_PORTFOLIO_V02_P1,2019-08-27,165532926.95738837,0.0,,,,,,28,False,False,OBSERVED_BELOW_90_COVERAGE,21.69295140006437
2019-08-28,PATTERN_B_ET_REALISTIC_PORTFOLIO_V02_P1,2019-08-28,165532926.95738837,0.0,,,,,,28,False,False,OBSERVED_BELOW_90_COVERAGE,21.69295140006437
2019-08-29,PATTERN_B_ET_REALISTIC_PORTFOLIO_V02_P1,2019-08-29,165532926.95738837,0.0,,,,,,28,False,False,OBSERVED_BELOW_90_COVERAGE,21.69295140006437
2019-08-30,PATTERN_B_ET_REALISTIC_PORTFOLIO_V02_P1,2019-08-30,165532926.95738837,0.0,,,,,,28,False,False,OBSERVED_BELOW_90_COVERAGE,21.69295140006437
2019-09-02,PATTERN_B_ET_REALISTIC_PORTFOLIO_V02_P1,2019-09-02,165532926.95738837,5327067.61998,,,,,,27,False,False,OBSERVED_BELOW_90_COVERAGE,21.69295140006437
2019-09-03,PATTERN_B_ET_REALISTIC_PORTFOLIO_V02_P1,2019-09-03,170859994.57736838,0.0,,,,,,27,False,False,OBSERVED_BELOW_90_COVERAGE,21.69295140006437
2019-09-04,PATTERN_B_ET_REALISTIC_PORTFOLIO_V02_P1,2019-09-04,170859994.57736838,0.0,,,,,,27,False,False,OBSERVED_BELOW_90_COVERAGE,21.69295140006437
2019-09-05,PATTERN_B_ET_REALISTIC_PORTFOLIO_V02_P1,2019-09-05,170859994.57736838,0.0,,,,,,27,False,False,OBSERVED_BELOW_90_COVERAGE,21.69295140006437
2019-09-06,PATTERN_B_ET_REALISTIC_PORTFOLIO_V02_P1,2019-09-06,170859994.57736838,0.0,,,,,,27,False,False,OBSERVED_BELOW_90_COVERAGE,21.69295140006437
2019-09-09,PATTERN_B_ET_REALISTIC_PORTFOLIO_V02_P1,2019-09-09,170859994.57736838,0.0,,,,,,27,False,False,OBSERVED_BELOW_90_COVERAGE,21.69295140006437
2019-09-10,PATTERN_B_ET_REALISTIC_PORTFOLIO_V02_P1,2019-09-10,170859994.57736838,0.0,,,,,,27,False,False,OBSERVED_BELOW_90_COVERAGE,21.69295140006437
2019-09-11,PATTERN_B_ET_REALISTIC_PORTFOLIO_V02_P1,2019-09-11,170859994.57736838,0.0,,,,,,27,False,False,OBSERVED_BELOW_90_COVERAGE,21.69295140006437
2019-09-16,PATTERN_B_ET_REALISTIC_PORTFOLIO_V02_P1,2019-09-16,170859994.57736838,0.0,,,,,,27,False,False,OBSERVED_BELOW_90_COVERAGE,21.69295140006437
2019-09-17,PATTERN_B_ET_REALISTIC_PORTFOLIO_V02_P1,2019-09-17,170859994.57736838,0.0,,,,,,27,False,False,OBSERVED_BELOW_90_COVERAGE,21.69295140006437
2019-09-18,PATTERN_B_ET_REALISTIC_PORTFOLIO_V02_P1,2019-09-18,170859994.57736838,0.0,,,,,,27,False,False,OBSERVED_BELOW_90_COVERAGE,21.69295140006437
2019-09-19,PATTERN_B_ET_REALISTIC_PORTFOLIO_V02_P1,2019-09-19,170859994.57736838,0.0,,,,,,27,False,False,OBSERVED_BELOW_90_COVERAGE,21.69295140006437
2019-09-20,PATTERN_B_ET_REALISTIC_PORTFOLIO_V02_P1,2019-09-20,170859994.57736838,0.0,,,,,,27,False,False,OBSERVED_BELOW_90_COVERAGE,21.69295140006437
2019-09-23,PATTERN_B_ET_REALISTIC_PORTFOLIO_V02_P1,2019-09-23,170859994.57736838,0.0,,,,,,27,False,False,OBSERVED_BELOW_90_COVERAGE,21.69295140006437
2019-09-24,PATTERN_B_ET_REALISTIC_PORTFOLIO_V02_P1,2019-09-24,170859994.57736838,0.0,,,,,,27,False,False,OBSERVED_BELOW_90_COVERAGE,21.69295140006437
2019-09-25,PATTERN_B_ET_REALISTIC_PORTFOLIO_V02_P1,2019-09-25,170859994.57736838,0.0,,,,,,27,False,False,OBSERVED_BELOW_90_COVERAGE,21.69295140006437
2019-09-26,PATTERN_B_ET_REALISTIC_PORTFOLIO_V02_P1,2019-09-26,170859994.57736838,0.0,,,,,,27,False,False,OBSERVED_BELOW_90_COVERAGE,21.69295140006437
2019-09-27,PATTERN_B_ET_REALISTIC_PORTFOLIO_V02_P1,2019-09-27,170859994.57736838,0.0,,,,,,27,False,False,OBSERVED_BELOW_90_COVERAGE,21.69295140006437
2019-09-30,PATTERN_B_ET_REALISTIC_PORTFOLIO_V02_P1,2019-09-30,170859994.57736838,0.0,,,,,,27,False,False,OBSERVED_BELOW_90_COVERAGE,21.69295140006437
2019-10-01,PATTERN_B_ET_REALISTIC_PORTFOLIO_V02_P1,2019-10-01,165862703.54613587,18001824.7731822,,,,,,25,False,False,OBSERVED_BELOW_90_COVERAGE,21.69295140006437
2019-10-02,PATTERN_B_ET_REALISTIC_PORTFOLIO_V02_P1,2019-10-02,183864528.31931806,0.0,,,,,,25,False,False,OBSERVED_BELOW_90_COVERAGE,21.69295140006437
2019-10-04,PATTERN_B_ET_REALISTIC_PORTFOLIO_V02_P1,2019-10-04,183864528.31931806,0.0,,,,,,25,False,False,OBSERVED_BELOW_90_COVERAGE,21.69295140006437
2019-10-07,PATTERN_B_ET_REALISTIC_PORTFOLIO_V02_P1,2019-10-07,183864528.31931806,0.0,,,,,,25,False,False,OBSERVED_BELOW_90_COVERAGE,21.69295140006437
2019-10-08,PATTERN_B_ET_REALISTIC_PORTFOLIO_V02_P1,2019-10-08,183864528.31931806,0.0,,,,,,25,False,False,OBSERVED_BELOW_90_COVERAGE,21.69295140006437
2019-10-10,PATTERN_B_ET_REALISTIC_PORTFOLIO_V02_P1,2019-10-10,183864528.31931806,0.0,,,,,,25,False,False,OBSERVED_BELOW_90_COVERAGE,21.69295140006437
2019-10-11,PATTERN_B_ET_REALISTIC_PORTFOLIO_V02_P1,2019-10-11,183864528.31931806,0.0,,,,,,25,False,False,OBSERVED_BELOW_90_COVERAGE,21.69295140006437
2019-10-14,PATTERN_B_ET_REALISTIC_PORTFOLIO_V02_P1,2019-10-14,183864528.31931806,0.0,,,,,,25,False,False,OBSERVED_BELOW_90_COVERAGE,21.69295140006437
2019-10-15,PATTERN_B_ET_REALISTIC_PORTFOLIO_V02_P1,2019-10-15,183864528.31931806,0.0,,,,,,25,False,False,OBSERVED_BELOW_90_COVERAGE,21.69295140006437
2019-10-16,PATTERN_B_ET_REALISTIC_PORTFOLIO_V02_P1,2019-10-16,183864528.31931806,0.0,,,,,,25,False,False,OBSERVED_BELOW_90_COVERAGE,21.69295140006437
2019-10-17,PATTERN_B_ET_REALISTIC_PORTFOLIO_V02_P1,2019-10-17,183864528.31931806,0.0,,,,,,25,False,False,OBSERVED_BELOW_90_COVERAGE,21.69295140006437
2019-10-18,PATTERN_B_ET_REALISTIC_PORTFOLIO_V02_P1,2019-10-18,183864528.31931806,0.0,,,,,,25,False,False,OBSERVED_BELOW_90_COVERAGE,21.69295140006437
2019-10-21,PATTERN_B_ET_REALISTIC_PORTFOLIO_V02_P1,2019-10-21,183864528.31931806,0.0,,,,,,25,False,False,OBSERVED_BELOW_90_COVERAGE,21.69295140006437
2019-10-22,PATTERN_B_ET_REALISTIC_PORTFOLIO_V02_P1,2019-10-22,183864528.31931806,0.0,,,,,,25,False,False,OBSERVED_BELOW_90_COVERAGE,21.69295140006437
2019-10-23,PATTERN_B_ET_REALISTIC_PORTFOLIO_V02_P1,2019-10-23,183864528.31931806,0.0,,,,,,25,False,False,OBSERVED_BELOW_90_COVERAGE,21.69295140006437
2019-10-24,PATTERN_B_ET_REALISTIC_PORTFOLIO_V02_P1,2019-10-24,183864528.31931806,0.0,,,,,,25,False,False,OBSERVED_BELOW_90_COVERAGE,21.69295140006437
2019-10-25,PATTERN_B_ET_REALISTIC_PORTFOLIO_V02_P1,2019-10-25,183864528.31931806,0.0,,,,,,25,False,False,OBSERVED_BELOW_90_COVERAGE,21.69295140006437
2019-10-28,PATTERN_B_ET_REALISTIC_PORTFOLIO_V02_P1,2019-10-28,183864528.31931806,0.0,,,,,,25,False,False,OBSERVED_BELOW_90_COVERAGE,21.69295140006437
2019-10-29,PATTERN_B_ET_REALISTIC_PORTFOLIO_V02_P1,2019-10-29,183864528.31931806,0.0,,,,,,25,False,False,OBSERVED_BELOW_90_COVERAGE,21.69295140006437
2019-10-30,PATTERN_B_ET_REALISTIC_PORTFOLIO_V02_P1,2019-10-30,183864528.31931806,0.0,,,,,,25,False,False,OBSERVED_BELOW_90_COVERAGE,21.69295140006437
2019-10-31,PATTERN_B_ET_REALISTIC_PORTFOLIO_V02_P1,2019-10-31,183864528.31931806,0.0,,,,,,25,False,False,OBSERVED_BELOW_90_COVERAGE,21.69295140006437
2019-11-01,PATTERN_B_ET_REALISTIC_PORTFOLIO_V02_P1,2019-11-01,153941076.39970684,7443930.742875,,,,,,29,False,False,OBSERVED_BELOW_90_COVERAGE,21.69295140006437
2019-11-04,PATTERN_B_ET_REALISTIC_PORTFOLIO_V02_P1,2019-11-04,161385007.14258185,0.0,,,,,,29,False,False,OBSERVED_BELOW_90_COVERAGE,21.69295140006437
2019-11-05,PATTERN_B_ET_REALISTIC_PORTFOLIO_V02_P1,2019-11-05,161385007.14258185,0.0,,,,,,29,False,False,OBSERVED_BELOW_90_COVERAGE,21.69295140006437
2019-11-06,PATTERN_B_ET_REALISTIC_PORTFOLIO_V02_P1,2019-11-06,161385007.14258185,0.0,,,,,,29,False,False,OBSERVED_BELOW_90_COVERAGE,21.69295140006437
2019-11-07,PATTERN_B_ET_REALISTIC_PORTFOLIO_V02_P1,2019-11-07,161385007.14258185,0.0,,,,,,29,False,False,OBSERVED_BELOW_90_COVERAGE,21.69295140006437
2019-11-08,PATTERN_B_ET_REALISTIC_PORTFOLIO_V02_P1,2019-11-08,161385007.14258185,0.0,,,,,,29,False,False,OBSERVED_BELOW_90_COVERAGE,21.69295140006437
2019-11-11,PATTERN_B_ET_REALISTIC_PORTFOLIO_V02_P1,2019-11-11,161385007.14258185,0.0,,,,,,29,False,False,OBSERVED_BELOW_90_COVERAGE,21.69295140006437
2019-11-12,PATTERN_B_ET_REALISTIC_PORTFOLIO_V02_P1,2019-11-12,161385007.14258185,0.0,,,,,,29,False,False,OBSERVED_BELOW_90_COVERAGE,21.69295140006437
2019-11-13,PATTERN_B_ET_REALISTIC_PORTFOLIO_V02_P1,2019-11-13,161385007.14258185,0.0,,,,,,29,False,False,OBSERVED_BELOW_90_COVERAGE,21.69295140006437
2019-11-14,PATTERN_B_ET_REALISTIC_PORTFOLIO_V02_P1,2019-11-14,161385007.14258185,0.0,,,,,,29,False,False,OBSERVED_BELOW_90_COVERAGE,21.69295140006437
2019-11-15,PATTERN_B_ET_REALISTIC_PORTFOLIO_V02_P1,2019-11-15,161385007.14258185,0.0,,,,,,29,False,False,OBSERVED_BELOW_90_COVERAGE,21.69295140006437
2019-11-18,PATTERN_B_ET_REALISTIC_PORTFOLIO_V02_P1,2019-11-18,161385007.14258185,0.0,,,,,,29,False,False,OBSERVED_BELOW_90_COVERAGE,21.69295140006437
2019-11-19,PATTERN_B_ET_REALISTIC_PORTFOLIO_V02_P1,2019-11-19,161385007.14258185,0.0,,,,,,29,False,False,OBSERVED_BELOW_90_COVERAGE,21.69295140006437
2019-11-20,PATTERN_B_ET_REALISTIC_PORTFOLIO_V02_P1,2019-11-20,161385007.14258185,0.0,,,,,,29,False,False,OBSERVED_BELOW_90_COVERAGE,21.69295140006437
2019-11-21,PATTERN_B_ET_REALISTIC_PORTFOLIO_V02_P1,2019-11-21,161385007.14258185,0.0,,,,,,29,False,False,OBSERVED_BELOW_90_COVERAGE,21.69295140006437
2019-11-22,PATTERN_B_ET_REALISTIC_PORTFOLIO_V02_P1,2019-11-22,161385007.14258185,0.0,,,,,,29,False,False,OBSERVED_BELOW_90_COVERAGE,21.69295140006437
2019-11-25,PATTERN_B_ET_REALISTIC_PORTFOLIO_V02_P1,2019-11-25,161385007.14258185,0.0,,,,,,29,False,False,OBSERVED_BELOW_90_COVERAGE,21.69295140006437
2019-11-26,PATTERN_B_ET_REALISTIC_PORTFOLIO_V02_P1,2019-11-26,161385007.14258185,0.0,,,,,,29,False,False,OBSERVED_BELOW_90_COVERAGE,21.69295140006437
2019-11-27,PATTERN_B_ET_REALISTIC_PORTFOLIO_V02_P1,2019-11-27,161385007.14258185,0.0,,,,,,29,False,False,OBSERVED_BELOW_90_COVERAGE,21.69295140006437
2019-11-28,PATTERN_B_ET_REALISTIC_PORTFOLIO_V02_P1,2019-11-28,161385007.14258185,0.0,,,,,,29,False,False,OBSERVED_BELOW_90_COVERAGE,21.69295140006437
2019-11-29,PATTERN_B_ET_REALISTIC_PORTFOLIO_V02_P1,2019-11-29,161385007.14258185,0.0,,,,,,29,False,False,OBSERVED_BELOW_90_COVERAGE,21.69295140006437
2019-12-02,PATTERN_B_ET_REALISTIC_PORTFOLIO_V02_P1,2019-12-02,161385007.14258185,5820499.594080001,,,,,,28,False,False,OBSERVED_BELOW_90_COVERAGE,21.69295140006437
2019-12-03,PATTERN_B_ET_REALISTIC_PORTFOLIO_V02_P1,2019-12-03,167205506.73666185,0.0,,,,,,28,False,False,OBSERVED_BELOW_90_COVERAGE,21.69295140006437
2019-12-04,PATTERN_B_ET_REALISTIC_PORTFOLIO_V02_P1,2019-12-04,167205506.73666185,0.0,,,,,,28,False,False,OBSERVED_BELOW_90_COVERAGE,21.69295140006437
2019-12-05,PATTERN_B_ET_REALISTIC_PORTFOLIO_V02_P1,2019-12-05,167205506.73666185,0.0,,,,,,28,False,False,OBSERVED_BELOW_90_COVERAGE,21.69295140006437
2019-12-06,PATTERN_B_ET_REALISTIC_PORTFOLIO_V02_P1,2019-12-06,167205506.73666185,0.0,,,,,,28,False,False,OBSERVED_BELOW_90_COVERAGE,21.69295140006437
2019-12-09,PATTERN_B_ET_REALISTIC_PORTFOLIO_V02_P1,2019-12-09,167205506.73666185,0.0,,,,,,28,False,False,OBSERVED_BELOW_90_COVERAGE,21.69295140006437
2019-12-10,PATTERN_B_ET_REALISTIC_PORTFOLIO_V02_P1,2019-12-10,167205506.73666185,0.0,,,,,,28,False,False,OBSERVED_BELOW_90_COVERAGE,21.69295140006437
2019-12-11,PATTERN_B_ET_REALISTIC_PORTFOLIO_V02_P1,2019-12-11,167205506.73666185,0.0,,,,,,28,False,False,OBSERVED_BELOW_90_COVERAGE,21.69295140006437
2019-12-12,PATTERN_B_ET_REALISTIC_PORTFOLIO_V02_P1,2019-12-12,167205506.73666185,0.0,,,,,,28,False,False,OBSERVED_BELOW_90_COVERAGE,21.69295140006437
2019-12-13,PATTERN_B_ET_REALISTIC_PORTFOLIO_V02_P1,2019-12-13,167205506.73666185,0.0,,,,,,28,False,False,OBSERVED_BELOW_90_COVERAGE,21.69295140006437
2019-12-16,PATTERN_B_ET_REALISTIC_PORTFOLIO_V02_P1,2019-12-16,167205506.73666185,0.0,,,,,,28,False,False,OBSERVED_BELOW_90_COVERAGE,21.69295140006437
2019-12-17,PATTERN_B_ET_REALISTIC_PORTFOLIO_V02_P1,2019-12-17,167205506.73666185,0.0,,,,,,28,False,False,OBSERVED_BELOW_90_COVERAGE,21.69295140006437
2019-12-18,PATTERN_B_ET_REALISTIC_PORTFOLIO_V02_P1,2019-12-18,167205506.73666185,0.0,,,,,,28,False,False,OBSERVED_BELOW_90_COVERAGE,21.69295140006437
2019-12-19,PATTERN_B_ET_REALISTIC_PORTFOLIO_V02_P1,2019-12-19,167205506.73666185,0.0,,,,,,28,False,False,OBSERVED_BELOW_90_COVERAGE,21.69295140006437
2019-12-20,PATTERN_B_ET_REALISTIC_PORTFOLIO_V02_P1,2019-12-20,167205506.73666185,0.0,,,,,,28,False,False,OBSERVED_BELOW_90_COVERAGE,21.69295140006437
2019-12-23,PATTERN_B_ET_REALISTIC_PORTFOLIO_V02_P1,2019-12-23,167205506.73666185,0.0,,,,,,28,False,False,OBSERVED_BELOW_90_COVERAGE,21.69295140006437
2019-12-24,PATTERN_B_ET_REALISTIC_PORTFOLIO_V02_P1,2019-12-24,167205506.73666185,0.0,,,,,,28,False,False,OBSERVED_BELOW_90_COVERAGE,21.69295140006437
2019-12-26,PATTERN_B_ET_REALISTIC_PORTFOLIO_V02_P1,2019-12-26,167205506.73666185,0.0,,,,,,28,False,False,OBSERVED_BELOW_90_COVERAGE,21.69295140006437
2019-12-27,PATTERN_B_ET_REALISTIC_PORTFOLIO_V02_P1,2019-12-27,167205506.73666185,0.0,,,,,,28,False,False,OBSERVED_BELOW_90_COVERAGE,21.69295140006437
2019-12-30,PATTERN_B_ET_REALISTIC_PORTFOLIO_V02_P1,2019-12-30,167205506.73666185,0.0,,,,,,28,False,False,OBSERVED_BELOW_90_COVERAGE,21.69295140006437
2020-01-02,PATTERN_B_ET_REALISTIC_PORTFOLIO_V02_P1,2020-01-02,147218669.2846805,20537302.997391753,,,,,,29,False,False,OBSERVED_BELOW_90_COVERAGE,21.69295140006437
2020-01-03,PATTERN_B_ET_REALISTIC_PORTFOLIO_V02_P1,2020-01-03,167755972.28207225,0.0,,,,,,29,False,False,OBSERVED_BELOW_90_COVERAGE,21.69295140006437
2020-01-06,PATTERN_B_ET_REALISTIC_PORTFOLIO_V02_P1,2020-01-06,167755972.28207225,0.0,,,,,,29,False,False,OBSERVED_BELOW_90_COVERAGE,21.69295140006437
2020-01-07,PATTERN_B_ET_REALISTIC_PORTFOLIO_V02_P1,2020-01-07,167755972.28207225,0.0,,,,,,29,False,False,OBSERVED_BELOW_90_COVERAGE,21.69295140006437
2020-01-08,PATTERN_B_ET_REALISTIC_PORTFOLIO_V02_P1,2020-01-08,167755972.28207225,0.0,,,,,,29,False,False,OBSERVED_BELOW_90_COVERAGE,21.69295140006437
2020-01-09,PATTERN_B_ET_REALISTIC_PORTFOLIO_V02_P1,2020-01-09,167755972.28207225,0.0,,,,,,29,False,False,OBSERVED_BELOW_90_COVERAGE,21.69295140006437
2020-01-10,PATTERN_B_ET_REALISTIC_PORTFOLIO_V02_P1,2020-01-10,167755972.28207225,0.0,,,,,,29,False,False,OBSERVED_BELOW_90_COVERAGE,21.69295140006437
2020-01-13,PATTERN_B_ET_REALISTIC_PORTFOLIO_V02_P1,2020-01-13,167755972.28207225,0.0,,,,,,29,False,False,OBSERVED_BELOW_90_COVERAGE,21.69295140006437
2020-01-14,PATTERN_B_ET_REALISTIC_PORTFOLIO_V02_P1,2020-01-14,167755972.28207225,0.0,,,,,,29,False,False,OBSERVED_BELOW_90_COVERAGE,21.69295140006437
2020-01-15,PATTERN_B_ET_REALISTIC_PORTFOLIO_V02_P1,2020-01-15,167755972.28207225,0.0,,,,,,29,False,False,OBSERVED_BELOW_90_COVERAGE,21.69295140006437
2020-01-16,PATTERN_B_ET_REALISTIC_PORTFOLIO_V02_P1,2020-01-16,167755972.28207225,0.0,,,,,,29,False,False,OBSERVED_BELOW_90_COVERAGE,21.69295140006437
2020-01-17,PATTERN_B_ET_REALISTIC_PORTFOLIO_V02_P1,2020-01-17,167755972.28207225,0.0,,,,,,29,False,False,OBSERVED_BELOW_90_COVERAGE,21.69295140006437
2020-01-20,PATTERN_B_ET_REALISTIC_PORTFOLIO_V02_P1,2020-01-20,167755972.28207225,0.0,,,,,,29,False,False,OBSERVED_BELOW_90_COVERAGE,21.69295140006437
2020-01-21,PATTERN_B_ET_REALISTIC_PORTFOLIO_V02_P1,2020-01-21,167755972.28207225,0.0,,,,,,29,False,False,OBSERVED_BELOW_90_COVERAGE,21.69295140006437
2020-01-22,PATTERN_B_ET_REALISTIC_PORTFOLIO_V02_P1,2020-01-22,167755972.28207225,0.0,,,,,,29,False,False,OBSERVED_BELOW_90_COVERAGE,21.69295140006437
2020-01-23,PATTERN_B_ET_REALISTIC_PORTFOLIO_V02_P1,2020-01-23,167755972.28207225,0.0,,,,,,29,False,False,OBSERVED_BELOW_90_COVERAGE,21.69295140006437
2020-01-28,PATTERN_B_ET_REALISTIC_PORTFOLIO_V02_P1,2020-01-28,167755972.28207225,0.0,,,,,,29,False,False,OBSERVED_BELOW_90_COVERAGE,21.69295140006437
2020-01-29,PATTERN_B_ET_REALISTIC_PORTFOLIO_V02_P1,2020-01-29,167755972.28207225,0.0,,,,,,29,False,False,OBSERVED_BELOW_90_COVERAGE,21.69295140006437
2020-01-30,PATTERN_B_ET_REALISTIC_PORTFOLIO_V02_P1,2020-01-30,167755972.28207225,0.0,,,,,,29,False,False,OBSERVED_BELOW_90_COVERAGE,21.69295140006437
2020-01-31,PATTERN_B_ET_REALISTIC_PORTFOLIO_V02_P1,2020-01-31,167755972.28207225,0.0,,,,,,29,False,False,OBSERVED_BELOW_90_COVERAGE,21.69295140006437
2020-02-03,PATTERN_B_ET_REALISTIC_PORTFOLIO_V02_P1,2020-02-03,147764017.95167422,16873705.434469502,,,,,,30,False,False,OBSERVED_BELOW_90_COVERAGE,21.69295140006437
2020-02-04,PATTERN_B_ET_REALISTIC_PORTFOLIO_V02_P1,2020-02-04,164637723.3861437,0.0,,,,,,30,False,False,OBSERVED_BELOW_90_COVERAGE,21.69295140006437
2020-02-05,PATTERN_B_ET_REALISTIC_PORTFOLIO_V02_P1,2020-02-05,164637723.3861437,0.0,,,,,,30,False,False,OBSERVED_BELOW_90_COVERAGE,21.69295140006437
2020-02-06,PATTERN_B_ET_REALISTIC_PORTFOLIO_V02_P1,2020-02-06,164637723.3861437,0.0,,,,,,30,False,False,OBSERVED_BELOW_90_COVERAGE,21.69295140006437
2020-02-07,PATTERN_B_ET_REALISTIC_PORTFOLIO_V02_P1,2020-02-07,164637723.3861437,0.0,,,,,,30,False,False,OBSERVED_BELOW_90_COVERAGE,21.69295140006437
2020-02-10,PATTERN_B_ET_REALISTIC_PORTFOLIO_V02_P1,2020-02-10,164637723.3861437,0.0,,,,,,30,False,False,OBSERVED_BELOW_90_COVERAGE,21.69295140006437
2020-02-11,PATTERN_B_ET_REALISTIC_PORTFOLIO_V02_P1,2020-02-11,164637723.3861437,0.0,,,,,,30,False,False,OBSERVED_BELOW_90_COVERAGE,21.69295140006437
2020-02-12,PATTERN_B_ET_REALISTIC_PORTFOLIO_V02_P1,2020-02-12,164637723.3861437,0.0,,,,,,30,False,False,OBSERVED_BELOW_90_COVERAGE,21.69295140006437
2020-02-13,PATTERN_B_ET_REALISTIC_PORTFOLIO_V02_P1,2020-02-13,164637723.3861437,0.0,,,,,,30,False,False,OBSERVED_BELOW_90_COVERAGE,21.69295140006437
2020-02-14,PATTERN_B_ET_REALISTIC_PORTFOLIO_V02_P1,2020-02-14,164637723.3861437,0.0,,,,,,30,False,False,OBSERVED_BELOW_90_COVERAGE,21.69295140006437
2020-02-17,PATTERN_B_ET_REALISTIC_PORTFOLIO_V02_P1,2020-02-17,164637723.3861437,0.0,,,,,,30,False,False,OBSERVED_BELOW_90_COVERAGE,21.69295140006437
2020-02-18,PATTERN_B_ET_REALISTIC_PORTFOLIO_V02_P1,2020-02-18,164637723.3861437,0.0,,,,,,30,False,False,OBSERVED_BELOW_90_COVERAGE,21.69295140006437
2020-02-19,PATTERN_B_ET_REALISTIC_PORTFOLIO_V02_P1,2020-02-19,164637723.3861437,0.0,,,,,,30,False,False,OBSERVED_BELOW_90_COVERAGE,21.69295140006437
2020-02-20,PATTERN_B_ET_REALISTIC_PORTFOLIO_V02_P1,2020-02-20,164637723.3861437,0.0,,,,,,30,False,False,OBSERVED_BELOW_90_COVERAGE,21.69295140006437
2020-02-21,PATTERN_B_ET_REALISTIC_PORTFOLIO_V02_P1,2020-02-21,164637723.3861437,0.0,,,,,,30,False,False,OBSERVED_BELOW_90_COVERAGE,21.69295140006437
2020-02-24,PATTERN_B_ET_REALISTIC_PORTFOLIO_V02_P1,2020-02-24,164637723.3861437,0.0,,,,,,30,False,False,OBSERVED_BELOW_90_COVERAGE,21.69295140006437
2020-02-25,PATTERN_B_ET_REALISTIC_PORTFOLIO_V02_P1,2020-02-25,164637723.3861437,0.0,,,,,,30,False,False,OBSERVED_BELOW_90_COVERAGE,21.69295140006437
2020-02-26,PATTERN_B_ET_REALISTIC_PORTFOLIO_V02_P1,2020-02-26,164637723.3861437,0.0,,,,,,30,False,False,OBSERVED_BELOW_90_COVERAGE,21.69295140006437
2020-02-27,PATTERN_B_ET_REALISTIC_PORTFOLIO_V02_P1,2020-02-27,164637723.3861437,0.0,,,,,,30,False,False,OBSERVED_BELOW_90_COVERAGE,21.69295140006437
2020-02-28,PATTERN_B_ET_REALISTIC_PORTFOLIO_V02_P1,2020-02-28,164637723.3861437,0.0,,,,,,30,False,False,OBSERVED_BELOW_90_COVERAGE,21.69295140006437
2020-03-02,PATTERN_B_ET_REALISTIC_PORTFOLIO_V02_P1,2020-03-02,164637723.3861437,5995578.0483719995,,,,,,29,False,False,OBSERVED_BELOW_90_COVERAGE,21.69295140006437
2020-03-03,PATTERN_B_ET_REALISTIC_PORTFOLIO_V02_P1,2020-03-03,170633301.4345157,0.0,,,,,,29,False,False,OBSERVED_BELOW_90_COVERAGE,21.69295140006437
2020-03-04,PATTERN_B_ET_REALISTIC_PORTFOLIO_V02_P1,2020-03-04,170633301.4345157,0.0,,,,,,29,False,False,OBSERVED_BELOW_90_COVERAGE,21.69295140006437
2020-03-05,PATTERN_B_ET_REALISTIC_PORTFOLIO_V02_P1,2020-03-05,170633301.4345157,0.0,,,,,,29,False,False,OBSERVED_BELOW_90_COVERAGE,21.69295140006437
2020-03-06,PATTERN_B_ET_REALISTIC_PORTFOLIO_V02_P1,2020-03-06,170633301.4345157,0.0,,,,,,29,False,False,OBSERVED_BELOW_90_COVERAGE,21.69295140006437
2020-03-09,PATTERN_B_ET_REALISTIC_PORTFOLIO_V02_P1,2020-03-09,170633301.4345157,0.0,,,,,,29,False,False,OBSERVED_BELOW_90_COVERAGE,21.69295140006437
2020-03-10,PATTERN_B_ET_REALISTIC_PORTFOLIO_V02_P1,2020-03-10,170633301.4345157,0.0,,,,,,29,False,False,OBSERVED_BELOW_90_COVERAGE,21.69295140006437
2020-03-11,PATTERN_B_ET_REALISTIC_PORTFOLIO_V02_P1,2020-03-11,170633301.4345157,0.0,,,,,,29,False,False,OBSERVED_BELOW_90_COVERAGE,21.69295140006437
2020-03-12,PATTERN_B_ET_REALISTIC_PORTFOLIO_V02_P1,2020-03-12,170633301.4345157,0.0,,,,,,29,False,False,OBSERVED_BELOW_90_COVERAGE,21.69295140006437
2020-03-13,PATTERN_B_ET_REALISTIC_PORTFOLIO_V02_P1,2020-03-13,170633301.4345157,0.0,,,,,,29,False,False,OBSERVED_BELOW_90_COVERAGE,21.69295140006437
2020-03-16,PATTERN_B_ET_REALISTIC_PORTFOLIO_V02_P1,2020-03-16,170633301.4345157,0.0,,,,,,29,False,False,OBSERVED_BELOW_90_COVERAGE,21.69295140006437
2020-03-17,PATTERN_B_ET_REALISTIC_PORTFOLIO_V02_P1,2020-03-17,170633301.4345157,0.0,,,,,,29,False,False,OBSERVED_BELOW_90_COVERAGE,21.69295140006437
2020-03-18,PATTERN_B_ET_REALISTIC_PORTFOLIO_V02_P1,2020-03-18,170633301.4345157,0.0,,,,,,29,False,False,OBSERVED_BELOW_90_COVERAGE,21.69295140006437
2020-03-19,PATTERN_B_ET_REALISTIC_PORTFOLIO_V02_P1,2020-03-19,170633301.4345157,0.0,,,,,,29,False,False,OBSERVED_BELOW_90_COVERAGE,21.69295140006437
2020-03-20,PATTERN_B_ET_REALISTIC_PORTFOLIO_V02_P1,2020-03-20,170633301.4345157,0.0,,,,,,29,False,False,OBSERVED_BELOW_90_COVERAGE,21.69295140006437
2020-03-23,PATTERN_B_ET_REALISTIC_PORTFOLIO_V02_P1,2020-03-23,170633301.4345157,0.0,,,,,,29,False,False,OBSERVED_BELOW_90_COVERAGE,21.69295140006437
2020-03-24,PATTERN_B_ET_REALISTIC_PORTFOLIO_V02_P1,2020-03-24,170633301.4345157,0.0,,,,,,29,False,False,OBSERVED_BELOW_90_COVERAGE,21.69295140006437
2020-03-25,PATTERN_B_ET_REALISTIC_PORTFOLIO_V02_P1,2020-03-25,170633301.4345157,0.0,,,,,,29,False,False,OBSERVED_BELOW_90_COVERAGE,21.69295140006437
2020-03-26,PATTERN_B_ET_REALISTIC_PORTFOLIO_V02_P1,2020-03-26,170633301.4345157,0.0,,,,,,29,False,False,OBSERVED_BELOW_90_COVERAGE,21.69295140006437
2020-03-27,PATTERN_B_ET_REALISTIC_PORTFOLIO_V02_P1,2020-03-27,170633301.4345157,0.0,,,,,,29,False,False,OBSERVED_BELOW_90_COVERAGE,21.69295140006437
2020-03-30,PATTERN_B_ET_REALISTIC_PORTFOLIO_V02_P1,2020-03-30,170633301.4345157,0.0,,,,,,29,False,False,OBSERVED_BELOW_90_COVERAGE,21.69295140006437
2020-03-31,PATTERN_B_ET_REALISTIC_PORTFOLIO_V02_P1,2020-03-31,170633301.4345157,0.0,,,,,,29,False,False,OBSERVED_BELOW_90_COVERAGE,21.69295140006437
2020-04-01,PATTERN_B_ET_REALISTIC_PORTFOLIO_V02_P1,2020-04-01,120715205.09405339,6593309.955135001,,,,,,37,False,False,OBSERVED_BELOW_90_COVERAGE,21.69295140006437
2020-04-02,PATTERN_B_ET_REALISTIC_PORTFOLIO_V02_P1,2020-04-02,127308515.04918839,0.0,,,,,,37,False,False,OBSERVED_BELOW_90_COVERAGE,21.69295140006437
2020-04-03,PATTERN_B_ET_REALISTIC_PORTFOLIO_V02_P1,2020-04-03,127308515.04918839,0.0,,,,,,37,False,False,OBSERVED_BELOW_90_COVERAGE,21.69295140006437
2020-04-06,PATTERN_B_ET_REALISTIC_PORTFOLIO_V02_P1,2020-04-06,127308515.04918839,0.0,,,,,,37,False,False,OBSERVED_BELOW_90_COVERAGE,21.69295140006437
2020-04-07,PATTERN_B_ET_REALISTIC_PORTFOLIO_V02_P1,2020-04-07,127308515.04918839,0.0,,,,,,37,False,False,OBSERVED_BELOW_90_COVERAGE,21.69295140006437
2020-04-08,PATTERN_B_ET_REALISTIC_PORTFOLIO_V02_P1,2020-04-08,127308515.04918839,0.0,,,,,,37,False,False,OBSERVED_BELOW_90_COVERAGE,21.69295140006437
2020-04-09,PATTERN_B_ET_REALISTIC_PORTFOLIO_V02_P1,2020-04-09,127308515.04918839,0.0,,,,,,37,False,False,OBSERVED_BELOW_90_COVERAGE,21.69295140006437
2020-04-10,PATTERN_B_ET_REALISTIC_PORTFOLIO_V02_P1,2020-04-10,127308515.04918839,0.0,,,,,,37,False,False,OBSERVED_BELOW_90_COVERAGE,21.69295140006437
2020-04-13,PATTERN_B_ET_REALISTIC_PORTFOLIO_V02_P1,2020-04-13,127308515.04918839,0.0,,,,,,37,False,False,OBSERVED_BELOW_90_COVERAGE,21.69295140006437
2020-04-14,PATTERN_B_ET_REALISTIC_PORTFOLIO_V02_P1,2020-04-14,127308515.04918839,0.0,,,,,,37,False,False,OBSERVED_BELOW_90_COVERAGE,21.69295140006437
2020-04-16,PATTERN_B_ET_REALISTIC_PORTFOLIO_V02_P1,2020-04-16,127308515.04918839,0.0,,,,,,37,False,False,OBSERVED_BELOW_90_COVERAGE,21.69295140006437
2020-04-17,PATTERN_B_ET_REALISTIC_PORTFOLIO_V02_P1,2020-04-17,127308515.04918839,0.0,,,,,,37,False,False,OBSERVED_BELOW_90_COVERAGE,21.69295140006437
2020-04-20,PATTERN_B_ET_REALISTIC_PORTFOLIO_V02_P1,2020-04-20,127308515.04918839,0.0,,,,,,37,False,False,OBSERVED_BELOW_90_COVERAGE,21.69295140006437
2020-04-21,PATTERN_B_ET_REALISTIC_PORTFOLIO_V02_P1,2020-04-21,127308515.04918839,0.0,,,,,,37,False,False,OBSERVED_BELOW_90_COVERAGE,21.69295140006437
2020-04-22,PATTERN_B_ET_REALISTIC_PORTFOLIO_V02_P1,2020-04-22,127308515.04918839,0.0,,,,,,37,False,False,OBSERVED_BELOW_90_COVERAGE,21.69295140006437
2020-04-23,PATTERN_B_ET_REALISTIC_PORTFOLIO_V02_P1,2020-04-23,127308515.04918839,0.0,,,,,,37,False,False,OBSERVED_BELOW_90_COVERAGE,21.69295140006437
2020-04-24,PATTERN_B_ET_REALISTIC_PORTFOLIO_V02_P1,2020-04-24,127308515.04918839,0.0,,,,,,37,False,False,OBSERVED_BELOW_90_COVERAGE,21.69295140006437
2020-04-27,PATTERN_B_ET_REALISTIC_PORTFOLIO_V02_P1,2020-04-27,127308515.04918839,0.0,,,,,,37,False,False,OBSERVED_BELOW_90_COVERAGE,21.69295140006437
2020-04-28,PATTERN_B_ET_REALISTIC_PORTFOLIO_V02_P1,2020-04-28,127308515.04918839,0.0,,,,,,37,False,False,OBSERVED_BELOW_90_COVERAGE,21.69295140006437
2020-04-29,PATTERN_B_ET_REALISTIC_PORTFOLIO_V02_P1,2020-04-29,127308515.04918839,0.0,,,,,,37,False,False,OBSERVED_BELOW_90_COVERAGE,21.69295140006437
2020-05-04,PATTERN_B_ET_REALISTIC_PORTFOLIO_V02_P1,2020-05-04,127308515.04918839,11429252.944861501,,,,,,35,False,False,OBSERVED_BELOW_90_COVERAGE,21.69295140006437
2020-05-06,PATTERN_B_ET_REALISTIC_PORTFOLIO_V02_P1,2020-05-06,138737767.9940499,0.0,,,,,,35,False,False,OBSERVED_BELOW_90_COVERAGE,21.69295140006437
2020-05-07,PATTERN_B_ET_REALISTIC_PORTFOLIO_V02_P1,2020-05-07,138737767.9940499,0.0,,,,,,35,False,False,OBSERVED_BELOW_90_COVERAGE,21.69295140006437
2020-05-08,PATTERN_B_ET_REALISTIC_PORTFOLIO_V02_P1,2020-05-08,138737767.9940499,0.0,,,,,,35,False,False,OBSERVED_BELOW_90_COVERAGE,21.69295140006437
2020-05-11,PATTERN_B_ET_REALISTIC_PORTFOLIO_V02_P1,2020-05-11,138737767.9940499,0.0,,,,,,35,False,False,OBSERVED_BELOW_90_COVERAGE,21.69295140006437
2020-05-12,PATTERN_B_ET_REALISTIC_PORTFOLIO_V02_P1,2020-05-12,138737767.9940499,0.0,,,,,,35,False,False,OBSERVED_BELOW_90_COVERAGE,21.69295140006437
2020-05-13,PATTERN_B_ET_REALISTIC_PORTFOLIO_V02_P1,2020-05-13,138737767.9940499,0.0,,,,,,35,False,False,OBSERVED_BELOW_90_COVERAGE,21.69295140006437
2020-05-14,PATTERN_B_ET_REALISTIC_PORTFOLIO_V02_P1,2020-05-14,138737767.9940499,0.0,,,,,,35,False,False,OBSERVED_BELOW_90_COVERAGE,21.69295140006437
2020-05-15,PATTERN_B_ET_REALISTIC_PORTFOLIO_V02_P1,2020-05-15,138737767.9940499,0.0,,,,,,35,False,False,OBSERVED_BELOW_90_COVERAGE,21.69295140006437
2020-05-18,PATTERN_B_ET_REALISTIC_PORTFOLIO_V02_P1,2020-05-18,138737767.9940499,0.0,,,,,,35,False,False,OBSERVED_BELOW_90_COVERAGE,21.69295140006437
2020-05-19,PATTERN_B_ET_REALISTIC_PORTFOLIO_V02_P1,2020-05-19,138737767.9940499,0.0,,,,,,35,False,False,OBSERVED_BELOW_90_COVERAGE,21.69295140006437
2020-05-20,PATTERN_B_ET_REALISTIC_PORTFOLIO_V02_P1,2020-05-20,138737767.9940499,0.0,,,,,,35,False,False,OBSERVED_BELOW_90_COVERAGE,21.69295140006437
2020-05-21,PATTERN_B_ET_REALISTIC_PORTFOLIO_V02_P1,2020-05-21,138737767.9940499,0.0,,,,,,35,False,False,OBSERVED_BELOW_90_COVERAGE,21.69295140006437
2020-05-22,PATTERN_B_ET_REALISTIC_PORTFOLIO_V02_P1,2020-05-22,138737767.9940499,0.0,,,,,,35,False,False,OBSERVED_BELOW_90_COVERAGE,21.69295140006437
2020-05-25,PATTERN_B_ET_REALISTIC_PORTFOLIO_V02_P1,2020-05-25,138737767.9940499,0.0,,,,,,35,False,False,OBSERVED_BELOW_90_COVERAGE,21.69295140006437
2020-05-26,PATTERN_B_ET_REALISTIC_PORTFOLIO_V02_P1,2020-05-26,138737767.9940499,0.0,,,,,,35,False,False,OBSERVED_BELOW_90_COVERAGE,21.69295140006437
2020-05-27,PATTERN_B_ET_REALISTIC_PORTFOLIO_V02_P1,2020-05-27,138737767.9940499,0.0,,,,,,35,False,False,OBSERVED_BELOW_90_COVERAGE,21.69295140006437
2020-05-28,PATTERN_B_ET_REALISTIC_PORTFOLIO_V02_P1,2020-05-28,138737767.9940499,0.0,,,,,,35,False,False,OBSERVED_BELOW_90_COVERAGE,21.69295140006437
2020-05-29,PATTERN_B_ET_REALISTIC_PORTFOLIO_V02_P1,2020-05-29,138737767.9940499,0.0,,,,,,35,False,False,OBSERVED_BELOW_90_COVERAGE,21.69295140006437
2020-06-01,PATTERN_B_ET_REALISTIC_PORTFOLIO_V02_P1,2020-06-01,138737767.9940499,77550074.3957022,,,,,,22,False,False,OBSERVED_BELOW_90_COVERAGE,21.69295140006437
2020-06-02,PATTERN_B_ET_REALISTIC_PORTFOLIO_V02_P1,2020-06-02,216287842.3897521,0.0,,,,,,22,False,False,OBSERVED_BELOW_90_COVERAGE,21.69295140006437
2020-06-03,PATTERN_B_ET_REALISTIC_PORTFOLIO_V02_P1,2020-06-03,216287842.3897521,0.0,,,,,,22,False,False,OBSERVED_BELOW_90_COVERAGE,21.69295140006437
2020-06-04,PATTERN_B_ET_REALISTIC_PORTFOLIO_V02_P1,2020-06-04,216287842.3897521,0.0,,,,,,22,False,False,OBSERVED_BELOW_90_COVERAGE,21.69295140006437
2020-06-05,PATTERN_B_ET_REALISTIC_PORTFOLIO_V02_P1,2020-06-05,216287842.3897521,0.0,,,,,,22,False,False,OBSERVED_BELOW_90_COVERAGE,21.69295140006437
2020-06-08,PATTERN_B_ET_REALISTIC_PORTFOLIO_V02_P1,2020-06-08,216287842.3897521,0.0,,,,,,22,False,False,OBSERVED_BELOW_90_COVERAGE,21.69295140006437
2020-06-09,PATTERN_B_ET_REALISTIC_PORTFOLIO_V02_P1,2020-06-09,216287842.3897521,0.0,,,,,,22,False,False,OBSERVED_BELOW_90_COVERAGE,21.69295140006437
2020-06-10,PATTERN_B_ET_REALISTIC_PORTFOLIO_V02_P1,2020-06-10,216287842.3897521,0.0,,,,,,22,False,False,OBSERVED_BELOW_90_COVERAGE,21.69295140006437
2020-06-11,PATTERN_B_ET_REALISTIC_PORTFOLIO_V02_P1,2020-06-11,216287842.3897521,0.0,,,,,,22,False,False,OBSERVED_BELOW_90_COVERAGE,21.69295140006437
2020-06-12,PATTERN_B_ET_REALISTIC_PORTFOLIO_V02_P1,2020-06-12,216287842.3897521,0.0,,,,,,22,False,False,OBSERVED_BELOW_90_COVERAGE,21.69295140006437
2020-06-15,PATTERN_B_ET_REALISTIC_PORTFOLIO_V02_P1,2020-06-15,216287842.3897521,0.0,,,,,,22,False,False,OBSERVED_BELOW_90_COVERAGE,21.69295140006437
2020-06-16,PATTERN_B_ET_REALISTIC_PORTFOLIO_V02_P1,2020-06-16,216287842.3897521,0.0,,,,,,22,False,False,OBSERVED_BELOW_90_COVERAGE,21.69295140006437
2020-06-17,PATTERN_B_ET_REALISTIC_PORTFOLIO_V02_P1,2020-06-17,216287842.3897521,0.0,,,,,,22,False,False,OBSERVED_BELOW_90_COVERAGE,21.69295140006437
2020-06-18,PATTERN_B_ET_REALISTIC_PORTFOLIO_V02_P1,2020-06-18,216287842.3897521,0.0,,,,,,22,False,False,OBSERVED_BELOW_90_COVERAGE,21.69295140006437
2020-06-19,PATTERN_B_ET_REALISTIC_PORTFOLIO_V02_P1,2020-06-19,216287842.3897521,0.0,,,,,,22,False,False,OBSERVED_BELOW_90_COVERAGE,21.69295140006437
2020-06-22,PATTERN_B_ET_REALISTIC_PORTFOLIO_V02_P1,2020-06-22,216287842.3897521,0.0,,,,,,22,False,False,OBSERVED_BELOW_90_COVERAGE,21.69295140006437
2020-06-23,PATTERN_B_ET_REALISTIC_PORTFOLIO_V02_P1,2020-06-23,216287842.3897521,0.0,,,,,,22,False,False,OBSERVED_BELOW_90_COVERAGE,21.69295140006437
2020-06-24,PATTERN_B_ET_REALISTIC_PORTFOLIO_V02_P1,2020-06-24,216287842.3897521,0.0,,,,,,22,False,False,OBSERVED_BELOW_90_COVERAGE,21.69295140006437
2020-06-25,PATTERN_B_ET_REALISTIC_PORTFOLIO_V02_P1,2020-06-25,216287842.3897521,0.0,,,,,,22,False,False,OBSERVED_BELOW_90_COVERAGE,21.69295140006437
2020-06-26,PATTERN_B_ET_REALISTIC_PORTFOLIO_V02_P1,2020-06-26,216287842.3897521,0.0,,,,,,22,False,False,OBSERVED_BELOW_90_COVERAGE,21.69295140006437
2020-06-29,PATTERN_B_ET_REALISTIC_PORTFOLIO_V02_P1,2020-06-29,216287842.3897521,0.0,,,,,,22,False,False,OBSERVED_BELOW_90_COVERAGE,21.69295140006437
2020-06-30,PATTERN_B_ET_REALISTIC_PORTFOLIO_V02_P1,2020-06-30,216287842.3897521,0.0,,,,,,22,False,False,OBSERVED_BELOW_90_COVERAGE,21.69295140006437
2020-07-01,PATTERN_B_ET_REALISTIC_PORTFOLIO_V02_P1,2020-07-01,206295204.5608784,13109548.632696,,,,,,21,False,False,OBSERVED_BELOW_90_COVERAGE,21.69295140006437
2020-07-02,PATTERN_B_ET_REALISTIC_PORTFOLIO_V02_P1,2020-07-02,219404753.1935744,0.0,,,,,,21,False,False,OBSERVED_BELOW_90_COVERAGE,21.69295140006437
2020-07-03,PATTERN_B_ET_REALISTIC_PORTFOLIO_V02_P1,2020-07-03,219404753.1935744,0.0,,,,,,21,False,False,OBSERVED_BELOW_90_COVERAGE,21.69295140006437
2020-07-06,PATTERN_B_ET_REALISTIC_PORTFOLIO_V02_P1,2020-07-06,219404753.1935744,0.0,,,,,,21,False,False,OBSERVED_BELOW_90_COVERAGE,21.69295140006437
2020-07-07,PATTERN_B_ET_REALISTIC_PORTFOLIO_V02_P1,2020-07-07,219404753.1935744,0.0,,,,,,21,False,False,OBSERVED_BELOW_90_COVERAGE,21.69295140006437
2020-07-08,PATTERN_B_ET_REALISTIC_PORTFOLIO_V02_P1,2020-07-08,219404753.1935744,0.0,,,,,,21,False,False,OBSERVED_BELOW_90_COVERAGE,21.69295140006437
2020-07-09,PATTERN_B_ET_REALISTIC_PORTFOLIO_V02_P1,2020-07-09,219404753.1935744,0.0,,,,,,21,False,False,OBSERVED_BELOW_90_COVERAGE,21.69295140006437
2020-07-10,PATTERN_B_ET_REALISTIC_PORTFOLIO_V02_P1,2020-07-10,219404753.1935744,0.0,,,,,,21,False,False,OBSERVED_BELOW_90_COVERAGE,21.69295140006437
2020-07-13,PATTERN_B_ET_REALISTIC_PORTFOLIO_V02_P1,2020-07-13,219404753.1935744,0.0,,,,,,21,False,False,OBSERVED_BELOW_90_COVERAGE,21.69295140006437
2020-07-14,PATTERN_B_ET_REALISTIC_PORTFOLIO_V02_P1,2020-07-14,219404753.1935744,0.0,,,,,,21,False,False,OBSERVED_BELOW_90_COVERAGE,21.69295140006437
2020-07-15,PATTERN_B_ET_REALISTIC_PORTFOLIO_V02_P1,2020-07-15,219404753.1935744,0.0,,,,,,21,False,False,OBSERVED_BELOW_90_COVERAGE,21.69295140006437
2020-07-16,PATTERN_B_ET_REALISTIC_PORTFOLIO_V02_P1,2020-07-16,219404753.1935744,0.0,,,,,,21,False,False,OBSERVED_BELOW_90_COVERAGE,21.69295140006437
2020-07-17,PATTERN_B_ET_REALISTIC_PORTFOLIO_V02_P1,2020-07-17,219404753.1935744,0.0,,,,,,21,False,False,OBSERVED_BELOW_90_COVERAGE,21.69295140006437
2020-07-20,PATTERN_B_ET_REALISTIC_PORTFOLIO_V02_P1,2020-07-20,219404753.1935744,0.0,,,,,,21,False,False,OBSERVED_BELOW_90_COVERAGE,21.69295140006437
2020-07-21,PATTERN_B_ET_REALISTIC_PORTFOLIO_V02_P1,2020-07-21,219404753.1935744,0.0,,,,,,21,False,False,OBSERVED_BELOW_90_COVERAGE,21.69295140006437
2020-07-22,PATTERN_B_ET_REALISTIC_PORTFOLIO_V02_P1,2020-07-22,219404753.1935744,0.0,,,,,,21,False,False,OBSERVED_BELOW_90_COVERAGE,21.69295140006437
2020-07-23,PATTERN_B_ET_REALISTIC_PORTFOLIO_V02_P1,2020-07-23,219404753.1935744,0.0,,,,,,21,False,False,OBSERVED_BELOW_90_COVERAGE,21.69295140006437
2020-07-24,PATTERN_B_ET_REALISTIC_PORTFOLIO_V02_P1,2020-07-24,219404753.1935744,0.0,,,,,,21,False,False,OBSERVED_BELOW_90_COVERAGE,21.69295140006437
2020-07-27,PATTERN_B_ET_REALISTIC_PORTFOLIO_V02_P1,2020-07-27,219404753.1935744,0.0,,,,,,21,False,False,OBSERVED_BELOW_90_COVERAGE,21.69295140006437
2020-07-28,PATTERN_B_ET_REALISTIC_PORTFOLIO_V02_P1,2020-07-28,219404753.1935744,0.0,,,,,,21,False,False,OBSERVED_BELOW_90_COVERAGE,21.69295140006437
2020-07-29,PATTERN_B_ET_REALISTIC_PORTFOLIO_V02_P1,2020-07-29,219404753.1935744,0.0,,,,,,21,False,False,OBSERVED_BELOW_90_COVERAGE,21.69295140006437
2020-07-30,PATTERN_B_ET_REALISTIC_PORTFOLIO_V02_P1,2020-07-30,219404753.1935744,0.0,,,,,,21,False,False,OBSERVED_BELOW_90_COVERAGE,21.69295140006437
2020-07-31,PATTERN_B_ET_REALISTIC_PORTFOLIO_V02_P1,2020-07-31,219404753.1935744,0.0,,,,,,21,False,False,OBSERVED_BELOW_90_COVERAGE,21.69295140006437
2020-08-03,PATTERN_B_ET_REALISTIC_PORTFOLIO_V02_P1,2020-08-03,204424913.9246799,14933196.29750805,,,,,,21,False,False,OBSERVED_BELOW_90_COVERAGE,21.69295140006437
2020-08-04,PATTERN_B_ET_REALISTIC_PORTFOLIO_V02_P1,2020-08-04,219358110.22218797,0.0,,,,,,21,False,False,OBSERVED_BELOW_90_COVERAGE,21.69295140006437
2020-08-05,PATTERN_B_ET_REALISTIC_PORTFOLIO_V02_P1,2020-08-05,219358110.22218797,0.0,,,,,,21,False,False,OBSERVED_BELOW_90_COVERAGE,21.69295140006437
2020-08-06,PATTERN_B_ET_REALISTIC_PORTFOLIO_V02_P1,2020-08-06,219358110.22218797,0.0,,,,,,21,False,False,OBSERVED_BELOW_90_COVERAGE,21.69295140006437
2020-08-07,PATTERN_B_ET_REALISTIC_PORTFOLIO_V02_P1,2020-08-07,219358110.22218797,0.0,,,,,,21,False,False,OBSERVED_BELOW_90_COVERAGE,21.69295140006437
2020-08-10,PATTERN_B_ET_REALISTIC_PORTFOLIO_V02_P1,2020-08-10,219358110.22218797,0.0,,,,,,21,False,False,OBSERVED_BELOW_90_COVERAGE,21.69295140006437
2020-08-11,PATTERN_B_ET_REALISTIC_PORTFOLIO_V02_P1,2020-08-11,219358110.22218797,0.0,,,,,,21,False,False,OBSERVED_BELOW_90_COVERAGE,21.69295140006437
2020-08-12,PATTERN_B_ET_REALISTIC_PORTFOLIO_V02_P1,2020-08-12,219358110.22218797,0.0,,,,,,21,False,False,OBSERVED_BELOW_90_COVERAGE,21.69295140006437
2020-08-13,PATTERN_B_ET_REALISTIC_PORTFOLIO_V02_P1,2020-08-13,219358110.22218797,0.0,,,,,,21,False,False,OBSERVED_BELOW_90_COVERAGE,21.69295140006437
2020-08-14,PATTERN_B_ET_REALISTIC_PORTFOLIO_V02_P1,2020-08-14,219358110.22218797,0.0,,,,,,21,False,False,OBSERVED_BELOW_90_COVERAGE,21.69295140006437
2020-08-18,PATTERN_B_ET_REALISTIC_PORTFOLIO_V02_P1,2020-08-18,219358110.22218797,0.0,,,,,,21,False,False,OBSERVED_BELOW_90_COVERAGE,21.69295140006437
2020-08-19,PATTERN_B_ET_REALISTIC_PORTFOLIO_V02_P1,2020-08-19,219358110.22218797,0.0,,,,,,21,False,False,OBSERVED_BELOW_90_COVERAGE,21.69295140006437
2020-08-20,PATTERN_B_ET_REALISTIC_PORTFOLIO_V02_P1,2020-08-20,219358110.22218797,0.0,,,,,,21,False,False,OBSERVED_BELOW_90_COVERAGE,21.69295140006437
2020-08-21,PATTERN_B_ET_REALISTIC_PORTFOLIO_V02_P1,2020-08-21,219358110.22218797,0.0,,,,,,21,False,False,OBSERVED_BELOW_90_COVERAGE,21.69295140006437
2020-08-24,PATTERN_B_ET_REALISTIC_PORTFOLIO_V02_P1,2020-08-24,219358110.22218797,0.0,,,,,,21,False,False,OBSERVED_BELOW_90_COVERAGE,21.69295140006437
2020-08-25,PATTERN_B_ET_REALISTIC_PORTFOLIO_V02_P1,2020-08-25,219358110.22218797,0.0,,,,,,21,False,False,OBSERVED_BELOW_90_COVERAGE,21.69295140006437
2020-08-26,PATTERN_B_ET_REALISTIC_PORTFOLIO_V02_P1,2020-08-26,219358110.22218797,0.0,,,,,,21,False,False,OBSERVED_BELOW_90_COVERAGE,21.69295140006437
2020-08-27,PATTERN_B_ET_REALISTIC_PORTFOLIO_V02_P1,2020-08-27,219358110.22218797,0.0,,,,,,21,False,False,OBSERVED_BELOW_90_COVERAGE,21.69295140006437
2020-08-28,PATTERN_B_ET_REALISTIC_PORTFOLIO_V02_P1,2020-08-28,219358110.22218797,0.0,,,,,,21,False,False,OBSERVED_BELOW_90_COVERAGE,21.69295140006437
2020-08-31,PATTERN_B_ET_REALISTIC_PORTFOLIO_V02_P1,2020-08-31,219358110.22218797,0.0,,,,,,21,False,False,OBSERVED_BELOW_90_COVERAGE,21.69295140006437
2020-09-01,PATTERN_B_ET_REALISTIC_PORTFOLIO_V02_P1,2020-09-01,214358566.60311797,31316223.5877411,,,,,,16,False,False,OBSERVED_BELOW_90_COVERAGE,21.69295140006437
2020-09-02,PATTERN_B_ET_REALISTIC_PORTFOLIO_V02_P1,2020-09-02,245674790.19085908,0.0,,,,,,16,False,False,OBSERVED_BELOW_90_COVERAGE,21.69295140006437
2020-09-03,PATTERN_B_ET_REALISTIC_PORTFOLIO_V02_P1,2020-09-03,245674790.19085908,0.0,,,,,,16,False,False,OBSERVED_BELOW_90_COVERAGE,21.69295140006437
2020-09-04,PATTERN_B_ET_REALISTIC_PORTFOLIO_V02_P1,2020-09-04,245674790.19085908,0.0,,,,,,16,False,False,OBSERVED_BELOW_90_COVERAGE,21.69295140006437
2020-09-07,PATTERN_B_ET_REALISTIC_PORTFOLIO_V02_P1,2020-09-07,245674790.19085908,0.0,,,,,,16,False,False,OBSERVED_BELOW_90_COVERAGE,21.69295140006437
2020-09-08,PATTERN_B_ET_REALISTIC_PORTFOLIO_V02_P1,2020-09-08,245674790.19085908,0.0,,,,,,16,False,False,OBSERVED_BELOW_90_COVERAGE,21.69295140006437
2020-09-09,PATTERN_B_ET_REALISTIC_PORTFOLIO_V02_P1,2020-09-09,245674790.19085908,0.0,,,,,,16,False,False,OBSERVED_BELOW_90_COVERAGE,21.69295140006437
2020-09-10,PATTERN_B_ET_REALISTIC_PORTFOLIO_V02_P1,2020-09-10,245674790.19085908,0.0,,,,,,16,False,False,OBSERVED_BELOW_90_COVERAGE,21.69295140006437
2020-09-11,PATTERN_B_ET_REALISTIC_PORTFOLIO_V02_P1,2020-09-11,245674790.19085908,0.0,,,,,,16,False,False,OBSERVED_BELOW_90_COVERAGE,21.69295140006437
2020-09-14,PATTERN_B_ET_REALISTIC_PORTFOLIO_V02_P1,2020-09-14,245674790.19085908,0.0,,,,,,16,False,False,OBSERVED_BELOW_90_COVERAGE,21.69295140006437
2020-09-15,PATTERN_B_ET_REALISTIC_PORTFOLIO_V02_P1,2020-09-15,245674790.19085908,0.0,,,,,,16,False,False,OBSERVED_BELOW_90_COVERAGE,21.69295140006437
2020-09-16,PATTERN_B_ET_REALISTIC_PORTFOLIO_V02_P1,2020-09-16,245674790.19085908,0.0,,,,,,16,False,False,OBSERVED_BELOW_90_COVERAGE,21.69295140006437
2020-09-17,PATTERN_B_ET_REALISTIC_PORTFOLIO_V02_P1,2020-09-17,245674790.19085908,0.0,,,,,,16,False,False,OBSERVED_BELOW_90_COVERAGE,21.69295140006437
2020-09-18,PATTERN_B_ET_REALISTIC_PORTFOLIO_V02_P1,2020-09-18,245674790.19085908,0.0,,,,,,16,False,False,OBSERVED_BELOW_90_COVERAGE,21.69295140006437
2020-09-21,PATTERN_B_ET_REALISTIC_PORTFOLIO_V02_P1,2020-09-21,245674790.19085908,0.0,,,,,,16,False,False,OBSERVED_BELOW_90_COVERAGE,21.69295140006437
2020-09-22,PATTERN_B_ET_REALISTIC_PORTFOLIO_V02_P1,2020-09-22,245674790.19085908,0.0,,,,,,16,False,False,OBSERVED_BELOW_90_COVERAGE,21.69295140006437
2020-09-23,PATTERN_B_ET_REALISTIC_PORTFOLIO_V02_P1,2020-09-23,245674790.19085908,0.0,,,,,,16,False,False,OBSERVED_BELOW_90_COVERAGE,21.69295140006437
2020-09-24,PATTERN_B_ET_REALISTIC_PORTFOLIO_V02_P1,2020-09-24,245674790.19085908,0.0,,,,,,16,False,False,OBSERVED_BELOW_90_COVERAGE,21.69295140006437
2020-09-25,PATTERN_B_ET_REALISTIC_PORTFOLIO_V02_P1,2020-09-25,245674790.19085908,0.0,,,,,,16,False,False,OBSERVED_BELOW_90_COVERAGE,21.69295140006437
2020-09-28,PATTERN_B_ET_REALISTIC_PORTFOLIO_V02_P1,2020-09-28,245674790.19085908,0.0,,,,,,16,False,False,OBSERVED_BELOW_90_COVERAGE,21.69295140006437
2020-09-29,PATTERN_B_ET_REALISTIC_PORTFOLIO_V02_P1,2020-09-29,245674790.19085908,0.0,,,,,,16,False,False,OBSERVED_BELOW_90_COVERAGE,21.69295140006437
2020-10-05,PATTERN_B_ET_REALISTIC_PORTFOLIO_V02_P1,2020-10-05,245674790.19085908,0.0,,,,,,16,False,False,OBSERVED_BELOW_90_COVERAGE,21.69295140006437
2020-10-06,PATTERN_B_ET_REALISTIC_PORTFOLIO_V02_P1,2020-10-06,245674790.19085908,0.0,,,,,,16,False,False,OBSERVED_BELOW_90_COVERAGE,21.69295140006437
2020-10-07,PATTERN_B_ET_REALISTIC_PORTFOLIO_V02_P1,2020-10-07,245674790.19085908,0.0,,,,,,16,False,False,OBSERVED_BELOW_90_COVERAGE,21.69295140006437
2020-10-08,PATTERN_B_ET_REALISTIC_PORTFOLIO_V02_P1,2020-10-08,245674790.19085908,0.0,,,,,,16,False,False,OBSERVED_BELOW_90_COVERAGE,21.69295140006437
2020-10-12,PATTERN_B_ET_REALISTIC_PORTFOLIO_V02_P1,2020-10-12,245674790.19085908,0.0,,,,,,16,False,False,OBSERVED_BELOW_90_COVERAGE,21.69295140006437
2020-10-13,PATTERN_B_ET_REALISTIC_PORTFOLIO_V02_P1,2020-10-13,245674790.19085908,0.0,,,,,,16,False,False,OBSERVED_BELOW_90_COVERAGE,21.69295140006437
2020-10-14,PATTERN_B_ET_REALISTIC_PORTFOLIO_V02_P1,2020-10-14,245674790.19085908,0.0,,,,,,16,False,False,OBSERVED_BELOW_90_COVERAGE,21.69295140006437
2020-10-15,PATTERN_B_ET_REALISTIC_PORTFOLIO_V02_P1,2020-10-15,245674790.19085908,0.0,,,,,,16,False,False,OBSERVED_BELOW_90_COVERAGE,21.69295140006437
2020-10-16,PATTERN_B_ET_REALISTIC_PORTFOLIO_V02_P1,2020-10-16,245674790.19085908,0.0,,,,,,16,False,False,OBSERVED_BELOW_90_COVERAGE,21.69295140006437
2020-10-19,PATTERN_B_ET_REALISTIC_PORTFOLIO_V02_P1,2020-10-19,245674790.19085908,0.0,,,,,,16,False,False,OBSERVED_BELOW_90_COVERAGE,21.69295140006437
2020-10-20,PATTERN_B_ET_REALISTIC_PORTFOLIO_V02_P1,2020-10-20,245674790.19085908,0.0,,,,,,16,False,False,OBSERVED_BELOW_90_COVERAGE,21.69295140006437
2020-10-21,PATTERN_B_ET_REALISTIC_PORTFOLIO_V02_P1,2020-10-21,245674790.19085908,0.0,,,,,,16,False,False,OBSERVED_BELOW_90_COVERAGE,21.69295140006437
2020-10-22,PATTERN_B_ET_REALISTIC_PORTFOLIO_V02_P1,2020-10-22,245674790.19085908,0.0,,,,,,16,False,False,OBSERVED_BELOW_90_COVERAGE,21.69295140006437
2020-10-23,PATTERN_B_ET_REALISTIC_PORTFOLIO_V02_P1,2020-10-23,245674790.19085908,0.0,,,,,,16,False,False,OBSERVED_BELOW_90_COVERAGE,21.69295140006437
2020-10-26,PATTERN_B_ET_REALISTIC_PORTFOLIO_V02_P1,2020-10-26,245674790.19085908,0.0,,,,,,16,False,False,OBSERVED_BELOW_90_COVERAGE,21.69295140006437
2020-10-27,PATTERN_B_ET_REALISTIC_PORTFOLIO_V02_P1,2020-10-27,245674790.19085908,0.0,,,,,,16,False,False,OBSERVED_BELOW_90_COVERAGE,21.69295140006437
2020-10-28,PATTERN_B_ET_REALISTIC_PORTFOLIO_V02_P1,2020-10-28,245674790.19085908,0.0,,,,,,16,False,False,OBSERVED_BELOW_90_COVERAGE,21.69295140006437
2020-10-29,PATTERN_B_ET_REALISTIC_PORTFOLIO_V02_P1,2020-10-29,245674790.19085908,0.0,,,,,,16,False,False,OBSERVED_BELOW_90_COVERAGE,21.69295140006437
2020-10-30,PATTERN_B_ET_REALISTIC_PORTFOLIO_V02_P1,2020-10-30,245674790.19085908,0.0,,,,,,16,False,False,OBSERVED_BELOW_90_COVERAGE,21.69295140006437
2020-11-02,PATTERN_B_ET_REALISTIC_PORTFOLIO_V02_P1,2020-11-02,245674790.19085908,6188436.035333999,,,,,,15,False,False,OBSERVED_BELOW_90_COVERAGE,21.69295140006437
2020-11-03,PATTERN_B_ET_REALISTIC_PORTFOLIO_V02_P1,2020-11-03,251863226.22619307,0.0,,,,,,15,False,False,OBSERVED_BELOW_90_COVERAGE,21.69295140006437
2020-11-04,PATTERN_B_ET_REALISTIC_PORTFOLIO_V02_P1,2020-11-04,251863226.22619307,0.0,,,,,,15,False,False,OBSERVED_BELOW_90_COVERAGE,21.69295140006437
2020-11-05,PATTERN_B_ET_REALISTIC_PORTFOLIO_V02_P1,2020-11-05,251863226.22619307,0.0,,,,,,15,False,False,OBSERVED_BELOW_90_COVERAGE,21.69295140006437
2020-11-06,PATTERN_B_ET_REALISTIC_PORTFOLIO_V02_P1,2020-11-06,251863226.22619307,0.0,,,,,,15,False,False,OBSERVED_BELOW_90_COVERAGE,21.69295140006437
2020-11-09,PATTERN_B_ET_REALISTIC_PORTFOLIO_V02_P1,2020-11-09,251863226.22619307,0.0,,,,,,15,False,False,OBSERVED_BELOW_90_COVERAGE,21.69295140006437
2020-11-10,PATTERN_B_ET_REALISTIC_PORTFOLIO_V02_P1,2020-11-10,251863226.22619307,0.0,,,,,,15,False,False,OBSERVED_BELOW_90_COVERAGE,21.69295140006437
2020-11-11,PATTERN_B_ET_REALISTIC_PORTFOLIO_V02_P1,2020-11-11,251863226.22619307,0.0,,,,,,15,False,False,OBSERVED_BELOW_90_COVERAGE,21.69295140006437
2020-11-12,PATTERN_B_ET_REALISTIC_PORTFOLIO_V02_P1,2020-11-12,251863226.22619307,0.0,,,,,,15,False,False,OBSERVED_BELOW_90_COVERAGE,21.69295140006437
2020-11-13,PATTERN_B_ET_REALISTIC_PORTFOLIO_V02_P1,2020-11-13,251863226.22619307,0.0,,,,,,15,False,False,OBSERVED_BELOW_90_COVERAGE,21.69295140006437
2020-11-16,PATTERN_B_ET_REALISTIC_PORTFOLIO_V02_P1,2020-11-16,251863226.22619307,0.0,,,,,,15,False,False,OBSERVED_BELOW_90_COVERAGE,21.69295140006437
2020-11-17,PATTERN_B_ET_REALISTIC_PORTFOLIO_V02_P1,2020-11-17,251863226.22619307,0.0,,,,,,15,False,False,OBSERVED_BELOW_90_COVERAGE,21.69295140006437
2020-11-18,PATTERN_B_ET_REALISTIC_PORTFOLIO_V02_P1,2020-11-18,251863226.22619307,0.0,,,,,,15,False,False,OBSERVED_BELOW_90_COVERAGE,21.69295140006437
2020-11-19,PATTERN_B_ET_REALISTIC_PORTFOLIO_V02_P1,2020-11-19,251863226.22619307,0.0,,,,,,15,False,False,OBSERVED_BELOW_90_COVERAGE,21.69295140006437
2020-11-20,PATTERN_B_ET_REALISTIC_PORTFOLIO_V02_P1,2020-11-20,251863226.22619307,0.0,,,,,,15,False,False,OBSERVED_BELOW_90_COVERAGE,21.69295140006437
2020-11-23,PATTERN_B_ET_REALISTIC_PORTFOLIO_V02_P1,2020-11-23,251863226.22619307,0.0,,,,,,15,False,False,OBSERVED_BELOW_90_COVERAGE,21.69295140006437
2020-11-24,PATTERN_B_ET_REALISTIC_PORTFOLIO_V02_P1,2020-11-24,251863226.22619307,0.0,,,,,,15,False,False,OBSERVED_BELOW_90_COVERAGE,21.69295140006437
2020-11-25,PATTERN_B_ET_REALISTIC_PORTFOLIO_V02_P1,2020-11-25,251863226.22619307,0.0,,,,,,15,False,False,OBSERVED_BELOW_90_COVERAGE,21.69295140006437
2020-11-26,PATTERN_B_ET_REALISTIC_PORTFOLIO_V02_P1,2020-11-26,251863226.22619307,0.0,,,,,,15,False,False,OBSERVED_BELOW_90_COVERAGE,21.69295140006437
2020-11-27,PATTERN_B_ET_REALISTIC_PORTFOLIO_V02_P1,2020-11-27,251863226.22619307,0.0,,,,,,15,False,False,OBSERVED_BELOW_90_COVERAGE,21.69295140006437
2020-11-30,PATTERN_B_ET_REALISTIC_PORTFOLIO_V02_P1,2020-11-30,251863226.22619307,0.0,,,,,,15,False,False,OBSERVED_BELOW_90_COVERAGE,21.69295140006437
2020-12-01,PATTERN_B_ET_REALISTIC_PORTFOLIO_V02_P1,2020-12-01,236916557.06406838,0.0,,,,,,18,False,False,OBSERVED_BELOW_90_COVERAGE,21.69295140006437
2020-12-02,PATTERN_B_ET_REALISTIC_PORTFOLIO_V02_P1,2020-12-02,236916557.06406838,0.0,,,,,,18,False,False,OBSERVED_BELOW_90_COVERAGE,21.69295140006437
2020-12-03,PATTERN_B_ET_REALISTIC_PORTFOLIO_V02_P1,2020-12-03,236916557.06406838,0.0,,,,,,18,False,False,OBSERVED_BELOW_90_COVERAGE,21.69295140006437
2020-12-04,PATTERN_B_ET_REALISTIC_PORTFOLIO_V02_P1,2020-12-04,236916557.06406838,0.0,,,,,,18,False,False,OBSERVED_BELOW_90_COVERAGE,21.69295140006437
2020-12-07,PATTERN_B_ET_REALISTIC_PORTFOLIO_V02_P1,2020-12-07,236916557.06406838,0.0,,,,,,18,False,False,OBSERVED_BELOW_90_COVERAGE,21.69295140006437
2020-12-08,PATTERN_B_ET_REALISTIC_PORTFOLIO_V02_P1,2020-12-08,236916557.06406838,0.0,,,,,,18,False,False,OBSERVED_BELOW_90_COVERAGE,21.69295140006437
2020-12-09,PATTERN_B_ET_REALISTIC_PORTFOLIO_V02_P1,2020-12-09,236916557.06406838,0.0,,,,,,18,False,False,OBSERVED_BELOW_90_COVERAGE,21.69295140006437
2020-12-10,PATTERN_B_ET_REALISTIC_PORTFOLIO_V02_P1,2020-12-10,236916557.06406838,0.0,,,,,,18,False,False,OBSERVED_BELOW_90_COVERAGE,21.69295140006437
2020-12-11,PATTERN_B_ET_REALISTIC_PORTFOLIO_V02_P1,2020-12-11,236916557.06406838,0.0,,,,,,18,False,False,OBSERVED_BELOW_90_COVERAGE,21.69295140006437
2020-12-14,PATTERN_B_ET_REALISTIC_PORTFOLIO_V02_P1,2020-12-14,236916557.06406838,0.0,,,,,,18,False,False,OBSERVED_BELOW_90_COVERAGE,21.69295140006437
2020-12-15,PATTERN_B_ET_REALISTIC_PORTFOLIO_V02_P1,2020-12-15,236916557.06406838,0.0,,,,,,18,False,False,OBSERVED_BELOW_90_COVERAGE,21.69295140006437
2020-12-16,PATTERN_B_ET_REALISTIC_PORTFOLIO_V02_P1,2020-12-16,236916557.06406838,0.0,,,,,,18,False,False,OBSERVED_BELOW_90_COVERAGE,21.69295140006437
2020-12-17,PATTERN_B_ET_REALISTIC_PORTFOLIO_V02_P1,2020-12-17,236916557.06406838,0.0,,,,,,18,False,False,OBSERVED_BELOW_90_COVERAGE,21.69295140006437
2020-12-18,PATTERN_B_ET_REALISTIC_PORTFOLIO_V02_P1,2020-12-18,236916557.06406838,0.0,,,,,,18,False,False,OBSERVED_BELOW_90_COVERAGE,21.69295140006437
2020-12-21,PATTERN_B_ET_REALISTIC_PORTFOLIO_V02_P1,2020-12-21,236916557.06406838,0.0,,,,,,18,False,False,OBSERVED_BELOW_90_COVERAGE,21.69295140006437
2020-12-22,PATTERN_B_ET_REALISTIC_PORTFOLIO_V02_P1,2020-12-22,236916557.06406838,0.0,,,,,,18,False,False,OBSERVED_BELOW_90_COVERAGE,21.69295140006437
2020-12-23,PATTERN_B_ET_REALISTIC_PORTFOLIO_V02_P1,2020-12-23,236916557.06406838,0.0,,,,,,18,False,False,OBSERVED_BELOW_90_COVERAGE,21.69295140006437
2020-12-24,PATTERN_B_ET_REALISTIC_PORTFOLIO_V02_P1,2020-12-24,236916557.06406838,0.0,,,,,,18,False,False,OBSERVED_BELOW_90_COVERAGE,21.69295140006437
2020-12-28,PATTERN_B_ET_REALISTIC_PORTFOLIO_V02_P1,2020-12-28,236916557.06406838,0.0,,,,,,18,False,False,OBSERVED_BELOW_90_COVERAGE,21.69295140006437
2020-12-29,PATTERN_B_ET_REALISTIC_PORTFOLIO_V02_P1,2020-12-29,236916557.06406838,0.0,,,,,,18,False,False,OBSERVED_BELOW_90_COVERAGE,21.69295140006437
2020-12-30,PATTERN_B_ET_REALISTIC_PORTFOLIO_V02_P1,2020-12-30,236916557.06406838,0.0,,,,,,18,False,False,OBSERVED_BELOW_90_COVERAGE,21.69295140006437
2021-01-04,PATTERN_B_ET_REALISTIC_PORTFOLIO_V02_P1,2021-01-04,236916557.06406838,0.0,,,,,,18,False,False,OBSERVED_BELOW_90_COVERAGE,21.69295140006437
2021-01-05,PATTERN_B_ET_REALISTIC_PORTFOLIO_V02_P1,2021-01-05,236916557.06406838,0.0,,,,,,18,False,False,OBSERVED_BELOW_90_COVERAGE,21.69295140006437
2021-01-06,PATTERN_B_ET_REALISTIC_PORTFOLIO_V02_P1,2021-01-06,236916557.06406838,0.0,,,,,,18,False,False,OBSERVED_BELOW_90_COVERAGE,21.69295140006437
2021-01-07,PATTERN_B_ET_REALISTIC_PORTFOLIO_V02_P1,2021-01-07,236916557.06406838,0.0,,,,,,18,False,False,OBSERVED_BELOW_90_COVERAGE,21.69295140006437
2021-01-08,PATTERN_B_ET_REALISTIC_PORTFOLIO_V02_P1,2021-01-08,236916557.06406838,0.0,,,,,,18,False,False,OBSERVED_BELOW_90_COVERAGE,21.69295140006437
2021-01-11,PATTERN_B_ET_REALISTIC_PORTFOLIO_V02_P1,2021-01-11,236916557.06406838,0.0,,,,,,18,False,False,OBSERVED_BELOW_90_COVERAGE,21.69295140006437
2021-01-12,PATTERN_B_ET_REALISTIC_PORTFOLIO_V02_P1,2021-01-12,236916557.06406838,0.0,,,,,,18,False,False,OBSERVED_BELOW_90_COVERAGE,21.69295140006437
2021-01-13,PATTERN_B_ET_REALISTIC_PORTFOLIO_V02_P1,2021-01-13,236916557.06406838,0.0,,,,,,18,False,False,OBSERVED_BELOW_90_COVERAGE,21.69295140006437
2021-01-14,PATTERN_B_ET_REALISTIC_PORTFOLIO_V02_P1,2021-01-14,236916557.06406838,0.0,,,,,,18,False,False,OBSERVED_BELOW_90_COVERAGE,21.69295140006437
2021-01-15,PATTERN_B_ET_REALISTIC_PORTFOLIO_V02_P1,2021-01-15,236916557.06406838,0.0,,,,,,18,False,False,OBSERVED_BELOW_90_COVERAGE,21.69295140006437
2021-01-18,PATTERN_B_ET_REALISTIC_PORTFOLIO_V02_P1,2021-01-18,236916557.06406838,0.0,,,,,,18,False,False,OBSERVED_BELOW_90_COVERAGE,21.69295140006437
2021-01-19,PATTERN_B_ET_REALISTIC_PORTFOLIO_V02_P1,2021-01-19,236916557.06406838,0.0,,,,,,18,False,False,OBSERVED_BELOW_90_COVERAGE,21.69295140006437
2021-01-20,PATTERN_B_ET_REALISTIC_PORTFOLIO_V02_P1,2021-01-20,236916557.06406838,0.0,,,,,,18,False,False,OBSERVED_BELOW_90_COVERAGE,21.69295140006437
2021-01-21,PATTERN_B_ET_REALISTIC_PORTFOLIO_V02_P1,2021-01-21,236916557.06406838,0.0,,,,,,18,False,False,OBSERVED_BELOW_90_COVERAGE,21.69295140006437
2021-01-22,PATTERN_B_ET_REALISTIC_PORTFOLIO_V02_P1,2021-01-22,236916557.06406838,0.0,,,,,,18,False,False,OBSERVED_BELOW_90_COVERAGE,21.69295140006437
2021-01-25,PATTERN_B_ET_REALISTIC_PORTFOLIO_V02_P1,2021-01-25,236916557.06406838,0.0,,,,,,18,False,False,OBSERVED_BELOW_90_COVERAGE,21.69295140006437
2021-01-26,PATTERN_B_ET_REALISTIC_PORTFOLIO_V02_P1,2021-01-26,236916557.06406838,0.0,,,,,,18,False,False,OBSERVED_BELOW_90_COVERAGE,21.69295140006437
2021-01-27,PATTERN_B_ET_REALISTIC_PORTFOLIO_V02_P1,2021-01-27,236916557.06406838,0.0,,,,,,18,False,False,OBSERVED_BELOW_90_COVERAGE,21.69295140006437
2021-01-28,PATTERN_B_ET_REALISTIC_PORTFOLIO_V02_P1,2021-01-28,236916557.06406838,0.0,,,,,,18,False,False,OBSERVED_BELOW_90_COVERAGE,21.69295140006437
2021-01-29,PATTERN_B_ET_REALISTIC_PORTFOLIO_V02_P1,2021-01-29,236916557.06406838,0.0,,,,,,18,False,False,OBSERVED_BELOW_90_COVERAGE,21.69295140006437
2021-02-01,PATTERN_B_ET_REALISTIC_PORTFOLIO_V02_P1,2021-02-01,236916557.06406838,4071313.2114,,,,,,17,False,False,OBSERVED_BELOW_90_COVERAGE,21.69295140006437
2021-02-02,PATTERN_B_ET_REALISTIC_PORTFOLIO_V02_P1,2021-02-02,240987870.27546838,0.0,,,,,,17,False,False,OBSERVED_BELOW_90_COVERAGE,21.69295140006437
2021-02-03,PATTERN_B_ET_REALISTIC_PORTFOLIO_V02_P1,2021-02-03,240987870.27546838,0.0,,,,,,17,False,False,OBSERVED_BELOW_90_COVERAGE,21.69295140006437
2021-02-04,PATTERN_B_ET_REALISTIC_PORTFOLIO_V02_P1,2021-02-04,240987870.27546838,0.0,,,,,,17,False,False,OBSERVED_BELOW_90_COVERAGE,21.69295140006437
2021-02-05,PATTERN_B_ET_REALISTIC_PORTFOLIO_V02_P1,2021-02-05,240987870.27546838,0.0,,,,,,17,False,False,OBSERVED_BELOW_90_COVERAGE,21.69295140006437
2021-02-08,PATTERN_B_ET_REALISTIC_PORTFOLIO_V02_P1,2021-02-08,240987870.27546838,0.0,,,,,,17,False,False,OBSERVED_BELOW_90_COVERAGE,21.69295140006437
2021-02-09,PATTERN_B_ET_REALISTIC_PORTFOLIO_V02_P1,2021-02-09,240987870.27546838,0.0,,,,,,17,False,False,OBSERVED_BELOW_90_COVERAGE,21.69295140006437
2021-02-10,PATTERN_B_ET_REALISTIC_PORTFOLIO_V02_P1,2021-02-10,240987870.27546838,0.0,,,,,,17,False,False,OBSERVED_BELOW_90_COVERAGE,21.69295140006437
2021-02-15,PATTERN_B_ET_REALISTIC_PORTFOLIO_V02_P1,2021-02-15,240987870.27546838,0.0,,,,,,17,False,False,OBSERVED_BELOW_90_COVERAGE,21.69295140006437
2021-02-16,PATTERN_B_ET_REALISTIC_PORTFOLIO_V02_P1,2021-02-16,240987870.27546838,0.0,,,,,,17,False,False,OBSERVED_BELOW_90_COVERAGE,21.69295140006437
2021-02-17,PATTERN_B_ET_REALISTIC_PORTFOLIO_V02_P1,2021-02-17,240987870.27546838,0.0,,,,,,17,False,False,OBSERVED_BELOW_90_COVERAGE,21.69295140006437
2021-02-18,PATTERN_B_ET_REALISTIC_PORTFOLIO_V02_P1,2021-02-18,240987870.27546838,0.0,,,,,,17,False,False,OBSERVED_BELOW_90_COVERAGE,21.69295140006437
2021-02-19,PATTERN_B_ET_REALISTIC_PORTFOLIO_V02_P1,2021-02-19,240987870.27546838,0.0,,,,,,17,False,False,OBSERVED_BELOW_90_COVERAGE,21.69295140006437
2021-02-22,PATTERN_B_ET_REALISTIC_PORTFOLIO_V02_P1,2021-02-22,240987870.27546838,0.0,,,,,,17,False,False,OBSERVED_BELOW_90_COVERAGE,21.69295140006437
2021-02-23,PATTERN_B_ET_REALISTIC_PORTFOLIO_V02_P1,2021-02-23,240987870.27546838,0.0,,,,,,17,False,False,OBSERVED_BELOW_90_COVERAGE,21.69295140006437
2021-02-24,PATTERN_B_ET_REALISTIC_PORTFOLIO_V02_P1,2021-02-24,240987870.27546838,0.0,,,,,,17,False,False,OBSERVED_BELOW_90_COVERAGE,21.69295140006437
2021-02-25,PATTERN_B_ET_REALISTIC_PORTFOLIO_V02_P1,2021-02-25,240987870.27546838,0.0,,,,,,17,False,False,OBSERVED_BELOW_90_COVERAGE,21.69295140006437
2021-02-26,PATTERN_B_ET_REALISTIC_PORTFOLIO_V02_P1,2021-02-26,240987870.27546838,0.0,,,,,,17,False,False,OBSERVED_BELOW_90_COVERAGE,21.69295140006437
2021-03-02,PATTERN_B_ET_REALISTIC_PORTFOLIO_V02_P1,2021-03-02,240987870.27546838,16633951.432965001,,,,,,15,False,False,OBSERVED_BELOW_90_COVERAGE,21.69295140006437
2021-03-03,PATTERN_B_ET_REALISTIC_PORTFOLIO_V02_P1,2021-03-03,257621821.7084334,0.0,,,,,,15,False,False,OBSERVED_BELOW_90_COVERAGE,21.69295140006437
2021-03-04,PATTERN_B_ET_REALISTIC_PORTFOLIO_V02_P1,2021-03-04,257621821.7084334,0.0,,,,,,15,False,False,OBSERVED_BELOW_90_COVERAGE,21.69295140006437
2021-03-05,PATTERN_B_ET_REALISTIC_PORTFOLIO_V02_P1,2021-03-05,257621821.7084334,0.0,,,,,,15,False,False,OBSERVED_BELOW_90_COVERAGE,21.69295140006437
2021-03-08,PATTERN_B_ET_REALISTIC_PORTFOLIO_V02_P1,2021-03-08,257621821.7084334,0.0,,,,,,15,False,False,OBSERVED_BELOW_90_COVERAGE,21.69295140006437
2021-03-09,PATTERN_B_ET_REALISTIC_PORTFOLIO_V02_P1,2021-03-09,257621821.7084334,0.0,,,,,,15,False,False,OBSERVED_BELOW_90_COVERAGE,21.69295140006437
2021-03-10,PATTERN_B_ET_REALISTIC_PORTFOLIO_V02_P1,2021-03-10,257621821.7084334,0.0,,,,,,15,False,False,OBSERVED_BELOW_90_COVERAGE,21.69295140006437
2021-03-11,PATTERN_B_ET_REALISTIC_PORTFOLIO_V02_P1,2021-03-11,257621821.7084334,0.0,,,,,,15,False,False,OBSERVED_BELOW_90_COVERAGE,21.69295140006437
2021-03-12,PATTERN_B_ET_REALISTIC_PORTFOLIO_V02_P1,2021-03-12,257621821.7084334,0.0,,,,,,15,False,False,OBSERVED_BELOW_90_COVERAGE,21.69295140006437
2021-03-15,PATTERN_B_ET_REALISTIC_PORTFOLIO_V02_P1,2021-03-15,257621821.7084334,0.0,,,,,,15,False,False,OBSERVED_BELOW_90_COVERAGE,21.69295140006437
2021-03-16,PATTERN_B_ET_REALISTIC_PORTFOLIO_V02_P1,2021-03-16,257621821.7084334,0.0,,,,,,15,False,False,OBSERVED_BELOW_90_COVERAGE,21.69295140006437
2021-03-17,PATTERN_B_ET_REALISTIC_PORTFOLIO_V02_P1,2021-03-17,257621821.7084334,0.0,,,,,,15,False,False,OBSERVED_BELOW_90_COVERAGE,21.69295140006437
2021-03-18,PATTERN_B_ET_REALISTIC_PORTFOLIO_V02_P1,2021-03-18,257621821.7084334,0.0,,,,,,15,False,False,OBSERVED_BELOW_90_COVERAGE,21.69295140006437
2021-03-19,PATTERN_B_ET_REALISTIC_PORTFOLIO_V02_P1,2021-03-19,257621821.7084334,0.0,,,,,,15,False,False,OBSERVED_BELOW_90_COVERAGE,21.69295140006437
2021-03-22,PATTERN_B_ET_REALISTIC_PORTFOLIO_V02_P1,2021-03-22,257621821.7084334,0.0,,,,,,15,False,False,OBSERVED_BELOW_90_COVERAGE,21.69295140006437
2021-03-23,PATTERN_B_ET_REALISTIC_PORTFOLIO_V02_P1,2021-03-23,257621821.7084334,0.0,,,,,,15,False,False,OBSERVED_BELOW_90_COVERAGE,21.69295140006437
2021-03-24,PATTERN_B_ET_REALISTIC_PORTFOLIO_V02_P1,2021-03-24,257621821.7084334,0.0,,,,,,15,False,False,OBSERVED_BELOW_90_COVERAGE,21.69295140006437
2021-03-25,PATTERN_B_ET_REALISTIC_PORTFOLIO_V02_P1,2021-03-25,257621821.7084334,0.0,,,,,,15,False,False,OBSERVED_BELOW_90_COVERAGE,21.69295140006437
2021-03-26,PATTERN_B_ET_REALISTIC_PORTFOLIO_V02_P1,2021-03-26,257621821.7084334,0.0,,,,,,15,False,False,OBSERVED_BELOW_90_COVERAGE,21.69295140006437
2021-03-29,PATTERN_B_ET_REALISTIC_PORTFOLIO_V02_P1,2021-03-29,257621821.7084334,0.0,,,,,,15,False,False,OBSERVED_BELOW_90_COVERAGE,21.69295140006437
2021-03-30,PATTERN_B_ET_REALISTIC_PORTFOLIO_V02_P1,2021-03-30,257621821.7084334,0.0,,,,,,15,False,False,OBSERVED_BELOW_90_COVERAGE,21.69295140006437
2021-03-31,PATTERN_B_ET_REALISTIC_PORTFOLIO_V02_P1,2021-03-31,257621821.7084334,0.0,,,,,,15,False,False,OBSERVED_BELOW_90_COVERAGE,21.69295140006437
2021-04-01,PATTERN_B_ET_REALISTIC_PORTFOLIO_V02_P1,2021-04-01,242650375.08124635,12922308.178977601,,,,,,15,False,False,OBSERVED_BELOW_90_COVERAGE,21.69295140006437
2021-04-02,PATTERN_B_ET_REALISTIC_PORTFOLIO_V02_P1,2021-04-02,255572683.26022395,0.0,,,,,,15,False,False,OBSERVED_BELOW_90_COVERAGE,21.69295140006437
2021-04-05,PATTERN_B_ET_REALISTIC_PORTFOLIO_V02_P1,2021-04-05,255572683.26022395,0.0,,,,,,15,False,False,OBSERVED_BELOW_90_COVERAGE,21.69295140006437
2021-04-06,PATTERN_B_ET_REALISTIC_PORTFOLIO_V02_P1,2021-04-06,255572683.26022395,0.0,,,,,,15,False,False,OBSERVED_BELOW_90_COVERAGE,21.69295140006437
2021-04-07,PATTERN_B_ET_REALISTIC_PORTFOLIO_V02_P1,2021-04-07,255572683.26022395,0.0,,,,,,15,False,False,OBSERVED_BELOW_90_COVERAGE,21.69295140006437
2021-04-08,PATTERN_B_ET_REALISTIC_PORTFOLIO_V02_P1,2021-04-08,255572683.26022395,0.0,,,,,,15,False,False,OBSERVED_BELOW_90_COVERAGE,21.69295140006437
2021-04-09,PATTERN_B_ET_REALISTIC_PORTFOLIO_V02_P1,2021-04-09,255572683.26022395,0.0,,,,,,15,False,False,OBSERVED_BELOW_90_COVERAGE,21.69295140006437
2021-04-12,PATTERN_B_ET_REALISTIC_PORTFOLIO_V02_P1,2021-04-12,255572683.26022395,0.0,,,,,,15,False,False,OBSERVED_BELOW_90_COVERAGE,21.69295140006437
2021-04-13,PATTERN_B_ET_REALISTIC_PORTFOLIO_V02_P1,2021-04-13,255572683.26022395,0.0,,,,,,15,False,False,OBSERVED_BELOW_90_COVERAGE,21.69295140006437
2021-04-14,PATTERN_B_ET_REALISTIC_PORTFOLIO_V02_P1,2021-04-14,255572683.26022395,0.0,,,,,,15,False,False,OBSERVED_BELOW_90_COVERAGE,21.69295140006437
2021-04-15,PATTERN_B_ET_REALISTIC_PORTFOLIO_V02_P1,2021-04-15,255572683.26022395,0.0,,,,,,15,False,False,OBSERVED_BELOW_90_COVERAGE,21.69295140006437
2021-04-16,PATTERN_B_ET_REALISTIC_PORTFOLIO_V02_P1,2021-04-16,255572683.26022395,0.0,,,,,,15,False,False,OBSERVED_BELOW_90_COVERAGE,21.69295140006437
2021-04-19,PATTERN_B_ET_REALISTIC_PORTFOLIO_V02_P1,2021-04-19,255572683.26022395,0.0,,,,,,15,False,False,OBSERVED_BELOW_90_COVERAGE,21.69295140006437
2021-04-20,PATTERN_B_ET_REALISTIC_PORTFOLIO_V02_P1,2021-04-20,255572683.26022395,0.0,,,,,,15,False,False,OBSERVED_BELOW_90_COVERAGE,21.69295140006437
2021-04-21,PATTERN_B_ET_REALISTIC_PORTFOLIO_V02_P1,2021-04-21,255572683.26022395,0.0,,,,,,15,False,False,OBSERVED_BELOW_90_COVERAGE,21.69295140006437
2021-04-22,PATTERN_B_ET_REALISTIC_PORTFOLIO_V02_P1,2021-04-22,255572683.26022395,0.0,,,,,,15,False,False,OBSERVED_BELOW_90_COVERAGE,21.69295140006437
2021-04-23,PATTERN_B_ET_REALISTIC_PORTFOLIO_V02_P1,2021-04-23,255572683.26022395,0.0,,,,,,15,False,False,OBSERVED_BELOW_90_COVERAGE,21.69295140006437
2021-04-26,PATTERN_B_ET_REALISTIC_PORTFOLIO_V02_P1,2021-04-26,255572683.26022395,0.0,,,,,,15,False,False,OBSERVED_BELOW_90_COVERAGE,21.69295140006437
2021-04-27,PATTERN_B_ET_REALISTIC_PORTFOLIO_V02_P1,2021-04-27,255572683.26022395,0.0,,,,,,15,False,False,OBSERVED_BELOW_90_COVERAGE,21.69295140006437
2021-04-28,PATTERN_B_ET_REALISTIC_PORTFOLIO_V02_P1,2021-04-28,255572683.26022395,0.0,,,,,,15,False,False,OBSERVED_BELOW_90_COVERAGE,21.69295140006437
2021-04-29,PATTERN_B_ET_REALISTIC_PORTFOLIO_V02_P1,2021-04-29,255572683.26022395,0.0,,,,,,15,False,False,OBSERVED_BELOW_90_COVERAGE,21.69295140006437
2021-04-30,PATTERN_B_ET_REALISTIC_PORTFOLIO_V02_P1,2021-04-30,255572683.26022395,0.0,,,,,,15,False,False,OBSERVED_BELOW_90_COVERAGE,21.69295140006437
2021-05-03,PATTERN_B_ET_REALISTIC_PORTFOLIO_V02_P1,2021-05-03,255572683.26022395,21821866.24199805,,,,,,12,False,False,OBSERVED_BELOW_90_COVERAGE,21.69295140006437
2021-05-04,PATTERN_B_ET_REALISTIC_PORTFOLIO_V02_P1,2021-05-04,277394549.502222,0.0,,,,,,12,False,False,OBSERVED_BELOW_90_COVERAGE,21.69295140006437
2021-05-06,PATTERN_B_ET_REALISTIC_PORTFOLIO_V02_P1,2021-05-06,277394549.502222,0.0,,,,,,12,False,False,OBSERVED_BELOW_90_COVERAGE,21.69295140006437
2021-05-07,PATTERN_B_ET_REALISTIC_PORTFOLIO_V02_P1,2021-05-07,277394549.502222,0.0,,,,,,12,False,False,OBSERVED_BELOW_90_COVERAGE,21.69295140006437
2021-05-10,PATTERN_B_ET_REALISTIC_PORTFOLIO_V02_P1,2021-05-10,277394549.502222,0.0,,,,,,12,False,False,OBSERVED_BELOW_90_COVERAGE,21.69295140006437
2021-05-11,PATTERN_B_ET_REALISTIC_PORTFOLIO_V02_P1,2021-05-11,277394549.502222,0.0,,,,,,12,False,False,OBSERVED_BELOW_90_COVERAGE,21.69295140006437
2021-05-12,PATTERN_B_ET_REALISTIC_PORTFOLIO_V02_P1,2021-05-12,277394549.502222,0.0,,,,,,12,False,False,OBSERVED_BELOW_90_COVERAGE,21.69295140006437
2021-05-13,PATTERN_B_ET_REALISTIC_PORTFOLIO_V02_P1,2021-05-13,277394549.502222,0.0,,,,,,12,False,False,OBSERVED_BELOW_90_COVERAGE,21.69295140006437
2021-05-14,PATTERN_B_ET_REALISTIC_PORTFOLIO_V02_P1,2021-05-14,277394549.502222,0.0,,,,,,12,False,False,OBSERVED_BELOW_90_COVERAGE,21.69295140006437
2021-05-17,PATTERN_B_ET_REALISTIC_PORTFOLIO_V02_P1,2021-05-17,277394549.502222,0.0,,,,,,12,False,False,OBSERVED_BELOW_90_COVERAGE,21.69295140006437
2021-05-18,PATTERN_B_ET_REALISTIC_PORTFOLIO_V02_P1,2021-05-18,277394549.502222,0.0,,,,,,12,False,False,OBSERVED_BELOW_90_COVERAGE,21.69295140006437
2021-05-20,PATTERN_B_ET_REALISTIC_PORTFOLIO_V02_P1,2021-05-20,277394549.502222,0.0,,,,,,12,False,False,OBSERVED_BELOW_90_COVERAGE,21.69295140006437
2021-05-21,PATTERN_B_ET_REALISTIC_PORTFOLIO_V02_P1,2021-05-21,277394549.502222,0.0,,,,,,12,False,False,OBSERVED_BELOW_90_COVERAGE,21.69295140006437
2021-05-24,PATTERN_B_ET_REALISTIC_PORTFOLIO_V02_P1,2021-05-24,277394549.502222,0.0,,,,,,12,False,False,OBSERVED_BELOW_90_COVERAGE,21.69295140006437
2021-05-25,PATTERN_B_ET_REALISTIC_PORTFOLIO_V02_P1,2021-05-25,277394549.502222,0.0,,,,,,12,False,False,OBSERVED_BELOW_90_COVERAGE,21.69295140006437
2021-05-26,PATTERN_B_ET_REALISTIC_PORTFOLIO_V02_P1,2021-05-26,277394549.502222,0.0,,,,,,12,False,False,OBSERVED_BELOW_90_COVERAGE,21.69295140006437
2021-05-27,PATTERN_B_ET_REALISTIC_PORTFOLIO_V02_P1,2021-05-27,277394549.502222,0.0,,,,,,12,False,False,OBSERVED_BELOW_90_COVERAGE,21.69295140006437
2021-05-28,PATTERN_B_ET_REALISTIC_PORTFOLIO_V02_P1,2021-05-28,277394549.502222,0.0,,,,,,12,False,False,OBSERVED_BELOW_90_COVERAGE,21.69295140006437
2021-05-31,PATTERN_B_ET_REALISTIC_PORTFOLIO_V02_P1,2021-05-31,277394549.502222,0.0,,,,,,12,False,False,OBSERVED_BELOW_90_COVERAGE,21.69295140006437
2021-06-01,PATTERN_B_ET_REALISTIC_PORTFOLIO_V02_P1,2021-06-01,267403500.49863636,4818453.1236,,,,,,13,False,False,OBSERVED_BELOW_90_COVERAGE,21.69295140006437
2021-06-02,PATTERN_B_ET_REALISTIC_PORTFOLIO_V02_P1,2021-06-02,272221953.6222364,0.0,,,,,,13,False,False,OBSERVED_BELOW_90_COVERAGE,21.69295140006437
2021-06-03,PATTERN_B_ET_REALISTIC_PORTFOLIO_V02_P1,2021-06-03,272221953.6222364,0.0,,,,,,13,False,False,OBSERVED_BELOW_90_COVERAGE,21.69295140006437
2021-06-04,PATTERN_B_ET_REALISTIC_PORTFOLIO_V02_P1,2021-06-04,272221953.6222364,0.0,,,,,,13,False,False,OBSERVED_BELOW_90_COVERAGE,21.69295140006437
2021-06-07,PATTERN_B_ET_REALISTIC_PORTFOLIO_V02_P1,2021-06-07,272221953.6222364,0.0,,,,,,13,False,False,OBSERVED_BELOW_90_COVERAGE,21.69295140006437
2021-06-08,PATTERN_B_ET_REALISTIC_PORTFOLIO_V02_P1,2021-06-08,272221953.6222364,0.0,,,,,,13,False,False,OBSERVED_BELOW_90_COVERAGE,21.69295140006437
2021-06-09,PATTERN_B_ET_REALISTIC_PORTFOLIO_V02_P1,2021-06-09,272221953.6222364,0.0,,,,,,13,False,False,OBSERVED_BELOW_90_COVERAGE,21.69295140006437
2021-06-10,PATTERN_B_ET_REALISTIC_PORTFOLIO_V02_P1,2021-06-10,272221953.6222364,0.0,,,,,,13,False,False,OBSERVED_BELOW_90_COVERAGE,21.69295140006437
2021-06-11,PATTERN_B_ET_REALISTIC_PORTFOLIO_V02_P1,2021-06-11,272221953.6222364,0.0,,,,,,13,False,False,OBSERVED_BELOW_90_COVERAGE,21.69295140006437
2021-06-14,PATTERN_B_ET_REALISTIC_PORTFOLIO_V02_P1,2021-06-14,272221953.6222364,0.0,,,,,,13,False,False,OBSERVED_BELOW_90_COVERAGE,21.69295140006437
2021-06-15,PATTERN_B_ET_REALISTIC_PORTFOLIO_V02_P1,2021-06-15,272221953.6222364,0.0,,,,,,13,False,False,OBSERVED_BELOW_90_COVERAGE,21.69295140006437
2021-06-16,PATTERN_B_ET_REALISTIC_PORTFOLIO_V02_P1,2021-06-16,272221953.6222364,0.0,,,,,,13,False,False,OBSERVED_BELOW_90_COVERAGE,21.69295140006437
2021-06-17,PATTERN_B_ET_REALISTIC_PORTFOLIO_V02_P1,2021-06-17,272221953.6222364,0.0,,,,,,13,False,False,OBSERVED_BELOW_90_COVERAGE,21.69295140006437
2021-06-18,PATTERN_B_ET_REALISTIC_PORTFOLIO_V02_P1,2021-06-18,272221953.6222364,0.0,,,,,,13,False,False,OBSERVED_BELOW_90_COVERAGE,21.69295140006437
2021-06-21,PATTERN_B_ET_REALISTIC_PORTFOLIO_V02_P1,2021-06-21,272221953.6222364,0.0,,,,,,13,False,False,OBSERVED_BELOW_90_COVERAGE,21.69295140006437
2021-06-22,PATTERN_B_ET_REALISTIC_PORTFOLIO_V02_P1,2021-06-22,272221953.6222364,0.0,,,,,,13,False,False,OBSERVED_BELOW_90_COVERAGE,21.69295140006437
2021-06-23,PATTERN_B_ET_REALISTIC_PORTFOLIO_V02_P1,2021-06-23,272221953.6222364,0.0,,,,,,13,False,False,OBSERVED_BELOW_90_COVERAGE,21.69295140006437
2021-06-24,PATTERN_B_ET_REALISTIC_PORTFOLIO_V02_P1,2021-06-24,272221953.6222364,0.0,,,,,,13,False,False,OBSERVED_BELOW_90_COVERAGE,21.69295140006437
2021-06-25,PATTERN_B_ET_REALISTIC_PORTFOLIO_V02_P1,2021-06-25,272221953.6222364,0.0,,,,,,13,False,False,OBSERVED_BELOW_90_COVERAGE,21.69295140006437
2021-06-28,PATTERN_B_ET_REALISTIC_PORTFOLIO_V02_P1,2021-06-28,272221953.6222364,0.0,,,,,,13,False,False,OBSERVED_BELOW_90_COVERAGE,21.69295140006437
2021-06-29,PATTERN_B_ET_REALISTIC_PORTFOLIO_V02_P1,2021-06-29,272221953.6222364,0.0,,,,,,13,False,False,OBSERVED_BELOW_90_COVERAGE,21.69295140006437
2021-06-30,PATTERN_B_ET_REALISTIC_PORTFOLIO_V02_P1,2021-06-30,272221953.6222364,0.0,,,,,,13,False,False,OBSERVED_BELOW_90_COVERAGE,21.69295140006437
2021-07-01,PATTERN_B_ET_REALISTIC_PORTFOLIO_V02_P1,2021-07-01,272221953.6222364,6199536.25705095,,,,,,12,False,False,OBSERVED_BELOW_90_COVERAGE,21.69295140006437
2021-07-02,PATTERN_B_ET_REALISTIC_PORTFOLIO_V02_P1,2021-07-02,278421489.8792873,0.0,,,,,,12,False,False,OBSERVED_BELOW_90_COVERAGE,21.69295140006437
2021-07-05,PATTERN_B_ET_REALISTIC_PORTFOLIO_V02_P1,2021-07-05,278421489.8792873,0.0,,,,,,12,False,False,OBSERVED_BELOW_90_COVERAGE,21.69295140006437
2021-07-06,PATTERN_B_ET_REALISTIC_PORTFOLIO_V02_P1,2021-07-06,278421489.8792873,0.0,,,,,,12,False,False,OBSERVED_BELOW_90_COVERAGE,21.69295140006437
2021-07-07,PATTERN_B_ET_REALISTIC_PORTFOLIO_V02_P1,2021-07-07,278421489.8792873,0.0,,,,,,12,False,False,OBSERVED_BELOW_90_COVERAGE,21.69295140006437
2021-07-08,PATTERN_B_ET_REALISTIC_PORTFOLIO_V02_P1,2021-07-08,278421489.8792873,0.0,,,,,,12,False,False,OBSERVED_BELOW_90_COVERAGE,21.69295140006437
2021-07-09,PATTERN_B_ET_REALISTIC_PORTFOLIO_V02_P1,2021-07-09,278421489.8792873,0.0,,,,,,12,False,False,OBSERVED_BELOW_90_COVERAGE,21.69295140006437
2021-07-12,PATTERN_B_ET_REALISTIC_PORTFOLIO_V02_P1,2021-07-12,278421489.8792873,0.0,,,,,,12,False,False,OBSERVED_BELOW_90_COVERAGE,21.69295140006437
2021-07-13,PATTERN_B_ET_REALISTIC_PORTFOLIO_V02_P1,2021-07-13,278421489.8792873,0.0,,,,,,12,False,False,OBSERVED_BELOW_90_COVERAGE,21.69295140006437
2021-07-14,PATTERN_B_ET_REALISTIC_PORTFOLIO_V02_P1,2021-07-14,278421489.8792873,0.0,,,,,,12,False,False,OBSERVED_BELOW_90_COVERAGE,21.69295140006437
2021-07-15,PATTERN_B_ET_REALISTIC_PORTFOLIO_V02_P1,2021-07-15,278421489.8792873,0.0,,,,,,12,False,False,OBSERVED_BELOW_90_COVERAGE,21.69295140006437
2021-07-16,PATTERN_B_ET_REALISTIC_PORTFOLIO_V02_P1,2021-07-16,278421489.8792873,0.0,,,,,,12,False,False,OBSERVED_BELOW_90_COVERAGE,21.69295140006437
2021-07-19,PATTERN_B_ET_REALISTIC_PORTFOLIO_V02_P1,2021-07-19,278421489.8792873,0.0,,,,,,12,False,False,OBSERVED_BELOW_90_COVERAGE,21.69295140006437
2021-07-20,PATTERN_B_ET_REALISTIC_PORTFOLIO_V02_P1,2021-07-20,278421489.8792873,0.0,,,,,,12,False,False,OBSERVED_BELOW_90_COVERAGE,21.69295140006437
2021-07-21,PATTERN_B_ET_REALISTIC_PORTFOLIO_V02_P1,2021-07-21,278421489.8792873,0.0,,,,,,12,False,False,OBSERVED_BELOW_90_COVERAGE,21.69295140006437
2021-07-22,PATTERN_B_ET_REALISTIC_PORTFOLIO_V02_P1,2021-07-22,278421489.8792873,0.0,,,,,,12,False,False,OBSERVED_BELOW_90_COVERAGE,21.69295140006437
2021-07-23,PATTERN_B_ET_REALISTIC_PORTFOLIO_V02_P1,2021-07-23,278421489.8792873,0.0,,,,,,12,False,False,OBSERVED_BELOW_90_COVERAGE,21.69295140006437
2021-07-26,PATTERN_B_ET_REALISTIC_PORTFOLIO_V02_P1,2021-07-26,278421489.8792873,0.0,,,,,,12,False,False,OBSERVED_BELOW_90_COVERAGE,21.69295140006437
2021-07-27,PATTERN_B_ET_REALISTIC_PORTFOLIO_V02_P1,2021-07-27,278421489.8792873,0.0,,,,,,12,False,False,OBSERVED_BELOW_90_COVERAGE,21.69295140006437
2021-07-28,PATTERN_B_ET_REALISTIC_PORTFOLIO_V02_P1,2021-07-28,278421489.8792873,0.0,,,,,,12,False,False,OBSERVED_BELOW_90_COVERAGE,21.69295140006437
2021-07-29,PATTERN_B_ET_REALISTIC_PORTFOLIO_V02_P1,2021-07-29,278421489.8792873,0.0,,,,,,12,False,False,OBSERVED_BELOW_90_COVERAGE,21.69295140006437
2021-07-30,PATTERN_B_ET_REALISTIC_PORTFOLIO_V02_P1,2021-07-30,278421489.8792873,0.0,,,,,,12,False,False,OBSERVED_BELOW_90_COVERAGE,21.69295140006437
2021-08-02,PATTERN_B_ET_REALISTIC_PORTFOLIO_V02_P1,2021-08-02,278421489.8792873,6082997.4135,,,,,,11,False,False,OBSERVED_BELOW_90_COVERAGE,21.69295140006437
2021-08-03,PATTERN_B_ET_REALISTIC_PORTFOLIO_V02_P1,2021-08-03,284504487.2927873,0.0,,,,,,11,False,False,OBSERVED_BELOW_90_COVERAGE,21.69295140006437
2021-08-04,PATTERN_B_ET_REALISTIC_PORTFOLIO_V02_P1,2021-08-04,284504487.2927873,0.0,,,,,,11,False,False,OBSERVED_BELOW_90_COVERAGE,21.69295140006437
2021-08-05,PATTERN_B_ET_REALISTIC_PORTFOLIO_V02_P1,2021-08-05,284504487.2927873,0.0,,,,,,11,False,False,OBSERVED_BELOW_90_COVERAGE,21.69295140006437
2021-08-06,PATTERN_B_ET_REALISTIC_PORTFOLIO_V02_P1,2021-08-06,284504487.2927873,0.0,,,,,,11,False,False,OBSERVED_BELOW_90_COVERAGE,21.69295140006437
2021-08-09,PATTERN_B_ET_REALISTIC_PORTFOLIO_V02_P1,2021-08-09,284504487.2927873,0.0,,,,,,11,False,False,OBSERVED_BELOW_90_COVERAGE,21.69295140006437
2021-08-10,PATTERN_B_ET_REALISTIC_PORTFOLIO_V02_P1,2021-08-10,284504487.2927873,0.0,,,,,,11,False,False,OBSERVED_BELOW_90_COVERAGE,21.69295140006437
2021-08-11,PATTERN_B_ET_REALISTIC_PORTFOLIO_V02_P1,2021-08-11,284504487.2927873,0.0,,,,,,11,False,False,OBSERVED_BELOW_90_COVERAGE,21.69295140006437
2021-08-12,PATTERN_B_ET_REALISTIC_PORTFOLIO_V02_P1,2021-08-12,284504487.2927873,0.0,,,,,,11,False,False,OBSERVED_BELOW_90_COVERAGE,21.69295140006437
2021-08-13,PATTERN_B_ET_REALISTIC_PORTFOLIO_V02_P1,2021-08-13,284504487.2927873,0.0,,,,,,11,False,False,OBSERVED_BELOW_90_COVERAGE,21.69295140006437
2021-08-17,PATTERN_B_ET_REALISTIC_PORTFOLIO_V02_P1,2021-08-17,284504487.2927873,0.0,,,,,,11,False,False,OBSERVED_BELOW_90_COVERAGE,21.69295140006437
2021-08-18,PATTERN_B_ET_REALISTIC_PORTFOLIO_V02_P1,2021-08-18,284504487.2927873,0.0,,,,,,11,False,False,OBSERVED_BELOW_90_COVERAGE,21.69295140006437
2021-08-19,PATTERN_B_ET_REALISTIC_PORTFOLIO_V02_P1,2021-08-19,284504487.2927873,0.0,,,,,,11,False,False,OBSERVED_BELOW_90_COVERAGE,21.69295140006437
2021-08-20,PATTERN_B_ET_REALISTIC_PORTFOLIO_V02_P1,2021-08-20,284504487.2927873,0.0,,,,,,11,False,False,OBSERVED_BELOW_90_COVERAGE,21.69295140006437
2021-08-23,PATTERN_B_ET_REALISTIC_PORTFOLIO_V02_P1,2021-08-23,284504487.2927873,0.0,,,,,,11,False,False,OBSERVED_BELOW_90_COVERAGE,21.69295140006437
2021-08-24,PATTERN_B_ET_REALISTIC_PORTFOLIO_V02_P1,2021-08-24,284504487.2927873,0.0,,,,,,11,False,False,OBSERVED_BELOW_90_COVERAGE,21.69295140006437
2021-08-25,PATTERN_B_ET_REALISTIC_PORTFOLIO_V02_P1,2021-08-25,284504487.2927873,0.0,,,,,,11,False,False,OBSERVED_BELOW_90_COVERAGE,21.69295140006437
2021-08-26,PATTERN_B_ET_REALISTIC_PORTFOLIO_V02_P1,2021-08-26,284504487.2927873,0.0,,,,,,11,False,False,OBSERVED_BELOW_90_COVERAGE,21.69295140006437
2021-08-27,PATTERN_B_ET_REALISTIC_PORTFOLIO_V02_P1,2021-08-27,284504487.2927873,0.0,,,,,,11,False,False,OBSERVED_BELOW_90_COVERAGE,21.69295140006437
2021-08-30,PATTERN_B_ET_REALISTIC_PORTFOLIO_V02_P1,2021-08-30,284504487.2927873,0.0,,,,,,11,False,False,OBSERVED_BELOW_90_COVERAGE,21.69295140006437
2021-08-31,PATTERN_B_ET_REALISTIC_PORTFOLIO_V02_P1,2021-08-31,284504487.2927873,0.0,,,,,,11,False,False,OBSERVED_BELOW_90_COVERAGE,21.69295140006437
2021-09-01,PATTERN_B_ET_REALISTIC_PORTFOLIO_V02_P1,2021-09-01,269517504.8175726,1134319.20159375,,,,,,13,False,False,OBSERVED_BELOW_90_COVERAGE,21.69295140006437
2021-09-02,PATTERN_B_ET_REALISTIC_PORTFOLIO_V02_P1,2021-09-02,270651824.01916635,0.0,,,,,,13,False,False,OBSERVED_BELOW_90_COVERAGE,21.69295140006437
2021-09-03,PATTERN_B_ET_REALISTIC_PORTFOLIO_V02_P1,2021-09-03,270651824.01916635,0.0,,,,,,13,False,False,OBSERVED_BELOW_90_COVERAGE,21.69295140006437
2021-09-06,PATTERN_B_ET_REALISTIC_PORTFOLIO_V02_P1,2021-09-06,270651824.01916635,0.0,,,,,,13,False,False,OBSERVED_BELOW_90_COVERAGE,21.69295140006437
2021-09-07,PATTERN_B_ET_REALISTIC_PORTFOLIO_V02_P1,2021-09-07,270651824.01916635,0.0,,,,,,13,False,False,OBSERVED_BELOW_90_COVERAGE,21.69295140006437
2021-09-08,PATTERN_B_ET_REALISTIC_PORTFOLIO_V02_P1,2021-09-08,270651824.01916635,0.0,,,,,,13,False,False,OBSERVED_BELOW_90_COVERAGE,21.69295140006437
2021-09-09,PATTERN_B_ET_REALISTIC_PORTFOLIO_V02_P1,2021-09-09,270651824.01916635,0.0,,,,,,13,False,False,OBSERVED_BELOW_90_COVERAGE,21.69295140006437
2021-09-10,PATTERN_B_ET_REALISTIC_PORTFOLIO_V02_P1,2021-09-10,270651824.01916635,0.0,,,,,,13,False,False,OBSERVED_BELOW_90_COVERAGE,21.69295140006437
2021-09-13,PATTERN_B_ET_REALISTIC_PORTFOLIO_V02_P1,2021-09-13,270651824.01916635,0.0,,,,,,13,False,False,OBSERVED_BELOW_90_COVERAGE,21.69295140006437
2021-09-14,PATTERN_B_ET_REALISTIC_PORTFOLIO_V02_P1,2021-09-14,270651824.01916635,0.0,,,,,,13,False,False,OBSERVED_BELOW_90_COVERAGE,21.69295140006437
2021-09-15,PATTERN_B_ET_REALISTIC_PORTFOLIO_V02_P1,2021-09-15,270651824.01916635,0.0,,,,,,13,False,False,OBSERVED_BELOW_90_COVERAGE,21.69295140006437
2021-09-16,PATTERN_B_ET_REALISTIC_PORTFOLIO_V02_P1,2021-09-16,270651824.01916635,0.0,,,,,,13,False,False,OBSERVED_BELOW_90_COVERAGE,21.69295140006437
2021-09-17,PATTERN_B_ET_REALISTIC_PORTFOLIO_V02_P1,2021-09-17,270651824.01916635,0.0,,,,,,13,False,False,OBSERVED_BELOW_90_COVERAGE,21.69295140006437
2021-09-23,PATTERN_B_ET_REALISTIC_PORTFOLIO_V02_P1,2021-09-23,270651824.01916635,0.0,,,,,,13,False,False,OBSERVED_BELOW_90_COVERAGE,21.69295140006437
2021-09-24,PATTERN_B_ET_REALISTIC_PORTFOLIO_V02_P1,2021-09-24,270651824.01916635,0.0,,,,,,13,False,False,OBSERVED_BELOW_90_COVERAGE,21.69295140006437
2021-09-27,PATTERN_B_ET_REALISTIC_PORTFOLIO_V02_P1,2021-09-27,270651824.01916635,0.0,,,,,,13,False,False,OBSERVED_BELOW_90_COVERAGE,21.69295140006437
2021-09-28,PATTERN_B_ET_REALISTIC_PORTFOLIO_V02_P1,2021-09-28,270651824.01916635,0.0,,,,,,13,False,False,OBSERVED_BELOW_90_COVERAGE,21.69295140006437
2021-09-29,PATTERN_B_ET_REALISTIC_PORTFOLIO_V02_P1,2021-09-29,270651824.01916635,0.0,,,,,,13,False,False,OBSERVED_BELOW_90_COVERAGE,21.69295140006437
2021-09-30,PATTERN_B_ET_REALISTIC_PORTFOLIO_V02_P1,2021-09-30,270651824.01916635,0.0,,,,,,13,False,False,OBSERVED_BELOW_90_COVERAGE,21.69295140006437
2021-10-01,PATTERN_B_ET_REALISTIC_PORTFOLIO_V02_P1,2021-10-01,240721013.64595264,15355163.539926,,,,,,17,False,False,OBSERVED_BELOW_90_COVERAGE,21.69295140006437
2021-10-05,PATTERN_B_ET_REALISTIC_PORTFOLIO_V02_P1,2021-10-05,256076177.18587863,0.0,,,,,,17,False,False,OBSERVED_BELOW_90_COVERAGE,21.69295140006437
2021-10-06,PATTERN_B_ET_REALISTIC_PORTFOLIO_V02_P1,2021-10-06,256076177.18587863,0.0,,,,,,17,False,False,OBSERVED_BELOW_90_COVERAGE,21.69295140006437
2021-10-07,PATTERN_B_ET_REALISTIC_PORTFOLIO_V02_P1,2021-10-07,256076177.18587863,0.0,,,,,,17,False,False,OBSERVED_BELOW_90_COVERAGE,21.69295140006437
2021-10-08,PATTERN_B_ET_REALISTIC_PORTFOLIO_V02_P1,2021-10-08,256076177.18587863,0.0,,,,,,17,False,False,OBSERVED_BELOW_90_COVERAGE,21.69295140006437
2021-10-12,PATTERN_B_ET_REALISTIC_PORTFOLIO_V02_P1,2021-10-12,256076177.18587863,0.0,,,,,,17,False,False,OBSERVED_BELOW_90_COVERAGE,21.69295140006437
2021-10-13,PATTERN_B_ET_REALISTIC_PORTFOLIO_V02_P1,2021-10-13,256076177.18587863,0.0,,,,,,17,False,False,OBSERVED_BELOW_90_COVERAGE,21.69295140006437
2021-10-14,PATTERN_B_ET_REALISTIC_PORTFOLIO_V02_P1,2021-10-14,256076177.18587863,0.0,,,,,,17,False,False,OBSERVED_BELOW_90_COVERAGE,21.69295140006437
2021-10-15,PATTERN_B_ET_REALISTIC_PORTFOLIO_V02_P1,2021-10-15,256076177.18587863,0.0,,,,,,17,False,False,OBSERVED_BELOW_90_COVERAGE,21.69295140006437
2021-10-18,PATTERN_B_ET_REALISTIC_PORTFOLIO_V02_P1,2021-10-18,256076177.18587863,0.0,,,,,,17,False,False,OBSERVED_BELOW_90_COVERAGE,21.69295140006437
2021-10-19,PATTERN_B_ET_REALISTIC_PORTFOLIO_V02_P1,2021-10-19,256076177.18587863,0.0,,,,,,17,False,False,OBSERVED_BELOW_90_COVERAGE,21.69295140006437
2021-10-20,PATTERN_B_ET_REALISTIC_PORTFOLIO_V02_P1,2021-10-20,256076177.18587863,0.0,,,,,,17,False,False,OBSERVED_BELOW_90_COVERAGE,21.69295140006437
2021-10-21,PATTERN_B_ET_REALISTIC_PORTFOLIO_V02_P1,2021-10-21,256076177.18587863,0.0,,,,,,17,False,False,OBSERVED_BELOW_90_COVERAGE,21.69295140006437
2021-10-22,PATTERN_B_ET_REALISTIC_PORTFOLIO_V02_P1,2021-10-22,256076177.18587863,0.0,,,,,,17,False,False,OBSERVED_BELOW_90_COVERAGE,21.69295140006437
2021-10-25,PATTERN_B_ET_REALISTIC_PORTFOLIO_V02_P1,2021-10-25,256076177.18587863,0.0,,,,,,17,False,False,OBSERVED_BELOW_90_COVERAGE,21.69295140006437
2021-10-26,PATTERN_B_ET_REALISTIC_PORTFOLIO_V02_P1,2021-10-26,256076177.18587863,0.0,,,,,,17,False,False,OBSERVED_BELOW_90_COVERAGE,21.69295140006437
2021-10-27,PATTERN_B_ET_REALISTIC_PORTFOLIO_V02_P1,2021-10-27,256076177.18587863,0.0,,,,,,17,False,False,OBSERVED_BELOW_90_COVERAGE,21.69295140006437
2021-10-28,PATTERN_B_ET_REALISTIC_PORTFOLIO_V02_P1,2021-10-28,256076177.18587863,0.0,,,,,,17,False,False,OBSERVED_BELOW_90_COVERAGE,21.69295140006437
2021-10-29,PATTERN_B_ET_REALISTIC_PORTFOLIO_V02_P1,2021-10-29,256076177.18587863,0.0,,,,,,17,False,False,OBSERVED_BELOW_90_COVERAGE,21.69295140006437
2021-11-01,PATTERN_B_ET_REALISTIC_PORTFOLIO_V02_P1,2021-11-01,256076177.18587863,0.0,,,,,,17,False,False,OBSERVED_BELOW_90_COVERAGE,21.69295140006437
2021-11-02,PATTERN_B_ET_REALISTIC_PORTFOLIO_V02_P1,2021-11-02,256076177.18587863,0.0,,,,,,17,False,False,OBSERVED_BELOW_90_COVERAGE,21.69295140006437
2021-11-03,PATTERN_B_ET_REALISTIC_PORTFOLIO_V02_P1,2021-11-03,256076177.18587863,0.0,,,,,,17,False,False,OBSERVED_BELOW_90_COVERAGE,21.69295140006437
2021-11-04,PATTERN_B_ET_REALISTIC_PORTFOLIO_V02_P1,2021-11-04,256076177.18587863,0.0,,,,,,17,False,False,OBSERVED_BELOW_90_COVERAGE,21.69295140006437
2021-11-05,PATTERN_B_ET_REALISTIC_PORTFOLIO_V02_P1,2021-11-05,256076177.18587863,0.0,,,,,,17,False,False,OBSERVED_BELOW_90_COVERAGE,21.69295140006437
2021-11-08,PATTERN_B_ET_REALISTIC_PORTFOLIO_V02_P1,2021-11-08,256076177.18587863,0.0,,,,,,17,False,False,OBSERVED_BELOW_90_COVERAGE,21.69295140006437
2021-11-09,PATTERN_B_ET_REALISTIC_PORTFOLIO_V02_P1,2021-11-09,256076177.18587863,0.0,,,,,,17,False,False,OBSERVED_BELOW_90_COVERAGE,21.69295140006437
2021-11-10,PATTERN_B_ET_REALISTIC_PORTFOLIO_V02_P1,2021-11-10,256076177.18587863,0.0,,,,,,17,False,False,OBSERVED_BELOW_90_COVERAGE,21.69295140006437
2021-11-11,PATTERN_B_ET_REALISTIC_PORTFOLIO_V02_P1,2021-11-11,256076177.18587863,0.0,,,,,,17,False,False,OBSERVED_BELOW_90_COVERAGE,21.69295140006437
2021-11-12,PATTERN_B_ET_REALISTIC_PORTFOLIO_V02_P1,2021-11-12,256076177.18587863,0.0,,,,,,17,False,False,OBSERVED_BELOW_90_COVERAGE,21.69295140006437
2021-11-15,PATTERN_B_ET_REALISTIC_PORTFOLIO_V02_P1,2021-11-15,256076177.18587863,0.0,,,,,,17,False,False,OBSERVED_BELOW_90_COVERAGE,21.69295140006437
2021-11-16,PATTERN_B_ET_REALISTIC_PORTFOLIO_V02_P1,2021-11-16,256076177.18587863,0.0,,,,,,17,False,False,OBSERVED_BELOW_90_COVERAGE,21.69295140006437
2021-11-17,PATTERN_B_ET_REALISTIC_PORTFOLIO_V02_P1,2021-11-17,256076177.18587863,0.0,,,,,,17,False,False,OBSERVED_BELOW_90_COVERAGE,21.69295140006437
2021-11-18,PATTERN_B_ET_REALISTIC_PORTFOLIO_V02_P1,2021-11-18,256076177.18587863,0.0,,,,,,17,False,False,OBSERVED_BELOW_90_COVERAGE,21.69295140006437
2021-11-19,PATTERN_B_ET_REALISTIC_PORTFOLIO_V02_P1,2021-11-19,256076177.18587863,0.0,,,,,,17,False,False,OBSERVED_BELOW_90_COVERAGE,21.69295140006437
2021-11-22,PATTERN_B_ET_REALISTIC_PORTFOLIO_V02_P1,2021-11-22,256076177.18587863,0.0,,,,,,17,False,False,OBSERVED_BELOW_90_COVERAGE,21.69295140006437
2021-11-23,PATTERN_B_ET_REALISTIC_PORTFOLIO_V02_P1,2021-11-23,256076177.18587863,0.0,,,,,,17,False,False,OBSERVED_BELOW_90_COVERAGE,21.69295140006437
2021-11-24,PATTERN_B_ET_REALISTIC_PORTFOLIO_V02_P1,2021-11-24,256076177.18587863,0.0,,,,,,17,False,False,OBSERVED_BELOW_90_COVERAGE,21.69295140006437
2021-11-25,PATTERN_B_ET_REALISTIC_PORTFOLIO_V02_P1,2021-11-25,256076177.18587863,0.0,,,,,,17,False,False,OBSERVED_BELOW_90_COVERAGE,21.69295140006437
2021-11-26,PATTERN_B_ET_REALISTIC_PORTFOLIO_V02_P1,2021-11-26,256076177.18587863,0.0,,,,,,17,False,False,OBSERVED_BELOW_90_COVERAGE,21.69295140006437
2021-11-29,PATTERN_B_ET_REALISTIC_PORTFOLIO_V02_P1,2021-11-29,256076177.18587863,0.0,,,,,,17,False,False,OBSERVED_BELOW_90_COVERAGE,21.69295140006437
2021-11-30,PATTERN_B_ET_REALISTIC_PORTFOLIO_V02_P1,2021-11-30,256076177.18587863,0.0,,,,,,17,False,False,OBSERVED_BELOW_90_COVERAGE,21.69295140006437
2021-12-01,PATTERN_B_ET_REALISTIC_PORTFOLIO_V02_P1,2021-12-01,121193781.42191279,7328873.1940965,,,,,,43,False,False,OBSERVED_BELOW_90_COVERAGE,21.69295140006437
2021-12-02,PATTERN_B_ET_REALISTIC_PORTFOLIO_V02_P1,2021-12-02,128522654.6160093,0.0,,,,,,43,False,False,OBSERVED_BELOW_90_COVERAGE,21.69295140006437
2021-12-03,PATTERN_B_ET_REALISTIC_PORTFOLIO_V02_P1,2021-12-03,128522654.6160093,0.0,,,,,,43,False,False,OBSERVED_BELOW_90_COVERAGE,21.69295140006437
2021-12-06,PATTERN_B_ET_REALISTIC_PORTFOLIO_V02_P1,2021-12-06,128522654.6160093,0.0,,,,,,43,False,False,OBSERVED_BELOW_90_COVERAGE,21.69295140006437
2021-12-07,PATTERN_B_ET_REALISTIC_PORTFOLIO_V02_P1,2021-12-07,128522654.6160093,0.0,,,,,,43,False,False,OBSERVED_BELOW_90_COVERAGE,21.69295140006437
2021-12-08,PATTERN_B_ET_REALISTIC_PORTFOLIO_V02_P1,2021-12-08,128522654.6160093,0.0,,,,,,43,False,False,OBSERVED_BELOW_90_COVERAGE,21.69295140006437
2021-12-09,PATTERN_B_ET_REALISTIC_PORTFOLIO_V02_P1,2021-12-09,128522654.6160093,0.0,,,,,,43,False,False,OBSERVED_BELOW_90_COVERAGE,21.69295140006437
2021-12-10,PATTERN_B_ET_REALISTIC_PORTFOLIO_V02_P1,2021-12-10,128522654.6160093,0.0,,,,,,43,False,False,OBSERVED_BELOW_90_COVERAGE,21.69295140006437
2021-12-13,PATTERN_B_ET_REALISTIC_PORTFOLIO_V02_P1,2021-12-13,128522654.6160093,0.0,,,,,,43,False,False,OBSERVED_BELOW_90_COVERAGE,21.69295140006437
2021-12-14,PATTERN_B_ET_REALISTIC_PORTFOLIO_V02_P1,2021-12-14,128522654.6160093,0.0,,,,,,43,False,False,OBSERVED_BELOW_90_COVERAGE,21.69295140006437
2021-12-15,PATTERN_B_ET_REALISTIC_PORTFOLIO_V02_P1,2021-12-15,128522654.6160093,0.0,,,,,,43,False,False,OBSERVED_BELOW_90_COVERAGE,21.69295140006437
2021-12-16,PATTERN_B_ET_REALISTIC_PORTFOLIO_V02_P1,2021-12-16,128522654.6160093,0.0,,,,,,43,False,False,OBSERVED_BELOW_90_COVERAGE,21.69295140006437
2021-12-17,PATTERN_B_ET_REALISTIC_PORTFOLIO_V02_P1,2021-12-17,128522654.6160093,0.0,,,,,,43,False,False,OBSERVED_BELOW_90_COVERAGE,21.69295140006437
2021-12-20,PATTERN_B_ET_REALISTIC_PORTFOLIO_V02_P1,2021-12-20,128522654.6160093,0.0,,,,,,43,False,False,OBSERVED_BELOW_90_COVERAGE,21.69295140006437
2021-12-21,PATTERN_B_ET_REALISTIC_PORTFOLIO_V02_P1,2021-12-21,128522654.6160093,0.0,,,,,,43,False,False,OBSERVED_BELOW_90_COVERAGE,21.69295140006437
2021-12-22,PATTERN_B_ET_REALISTIC_PORTFOLIO_V02_P1,2021-12-22,128522654.6160093,0.0,,,,,,43,False,False,OBSERVED_BELOW_90_COVERAGE,21.69295140006437
2021-12-23,PATTERN_B_ET_REALISTIC_PORTFOLIO_V02_P1,2021-12-23,128522654.6160093,0.0,,,,,,43,False,False,OBSERVED_BELOW_90_COVERAGE,21.69295140006437
2021-12-24,PATTERN_B_ET_REALISTIC_PORTFOLIO_V02_P1,2021-12-24,128522654.6160093,0.0,,,,,,43,False,False,OBSERVED_BELOW_90_COVERAGE,21.69295140006437
2021-12-27,PATTERN_B_ET_REALISTIC_PORTFOLIO_V02_P1,2021-12-27,128522654.6160093,0.0,,,,,,43,False,False,OBSERVED_BELOW_90_COVERAGE,21.69295140006437
2021-12-28,PATTERN_B_ET_REALISTIC_PORTFOLIO_V02_P1,2021-12-28,128522654.6160093,0.0,,,,,,43,False,False,OBSERVED_BELOW_90_COVERAGE,21.69295140006437
2021-12-29,PATTERN_B_ET_REALISTIC_PORTFOLIO_V02_P1,2021-12-29,128522654.6160093,0.0,,,,,,43,False,False,OBSERVED_BELOW_90_COVERAGE,21.69295140006437
2021-12-30,PATTERN_B_ET_REALISTIC_PORTFOLIO_V02_P1,2021-12-30,128522654.6160093,0.0,,,,,,43,False,False,OBSERVED_BELOW_90_COVERAGE,21.69295140006437
2022-01-03,PATTERN_B_ET_REALISTIC_PORTFOLIO_V02_P1,2022-01-03,123524012.0320743,12564466.1173395,,,,,,42,False,False,OBSERVED_BELOW_90_COVERAGE,21.69295140006437
2022-01-04,PATTERN_B_ET_REALISTIC_PORTFOLIO_V02_P1,2022-01-04,136088478.1494138,0.0,,,,,,42,False,False,OBSERVED_BELOW_90_COVERAGE,21.69295140006437
2022-01-05,PATTERN_B_ET_REALISTIC_PORTFOLIO_V02_P1,2022-01-05,136088478.1494138,0.0,,,,,,42,False,False,OBSERVED_BELOW_90_COVERAGE,21.69295140006437
2022-01-06,PATTERN_B_ET_REALISTIC_PORTFOLIO_V02_P1,2022-01-06,136088478.1494138,0.0,,,,,,42,False,False,OBSERVED_BELOW_90_COVERAGE,21.69295140006437
2022-01-07,PATTERN_B_ET_REALISTIC_PORTFOLIO_V02_P1,2022-01-07,136088478.1494138,0.0,,,,,,42,False,False,OBSERVED_BELOW_90_COVERAGE,21.69295140006437
2022-01-10,PATTERN_B_ET_REALISTIC_PORTFOLIO_V02_P1,2022-01-10,136088478.1494138,0.0,,,,,,42,False,False,OBSERVED_BELOW_90_COVERAGE,21.69295140006437
2022-01-11,PATTERN_B_ET_REALISTIC_PORTFOLIO_V02_P1,2022-01-11,136088478.1494138,0.0,,,,,,42,False,False,OBSERVED_BELOW_90_COVERAGE,21.69295140006437
2022-01-12,PATTERN_B_ET_REALISTIC_PORTFOLIO_V02_P1,2022-01-12,136088478.1494138,0.0,,,,,,42,False,False,OBSERVED_BELOW_90_COVERAGE,21.69295140006437
2022-01-13,PATTERN_B_ET_REALISTIC_PORTFOLIO_V02_P1,2022-01-13,136088478.1494138,0.0,,,,,,42,False,False,OBSERVED_BELOW_90_COVERAGE,21.69295140006437
2022-01-14,PATTERN_B_ET_REALISTIC_PORTFOLIO_V02_P1,2022-01-14,136088478.1494138,0.0,,,,,,42,False,False,OBSERVED_BELOW_90_COVERAGE,21.69295140006437
2022-01-17,PATTERN_B_ET_REALISTIC_PORTFOLIO_V02_P1,2022-01-17,136088478.1494138,0.0,,,,,,42,False,False,OBSERVED_BELOW_90_COVERAGE,21.69295140006437
2022-01-18,PATTERN_B_ET_REALISTIC_PORTFOLIO_V02_P1,2022-01-18,136088478.1494138,0.0,,,,,,42,False,False,OBSERVED_BELOW_90_COVERAGE,21.69295140006437
2022-01-19,PATTERN_B_ET_REALISTIC_PORTFOLIO_V02_P1,2022-01-19,136088478.1494138,0.0,,,,,,42,False,False,OBSERVED_BELOW_90_COVERAGE,21.69295140006437
2022-01-20,PATTERN_B_ET_REALISTIC_PORTFOLIO_V02_P1,2022-01-20,136088478.1494138,0.0,,,,,,42,False,False,OBSERVED_BELOW_90_COVERAGE,21.69295140006437
2022-01-21,PATTERN_B_ET_REALISTIC_PORTFOLIO_V02_P1,2022-01-21,136088478.1494138,0.0,,,,,,42,False,False,OBSERVED_BELOW_90_COVERAGE,21.69295140006437
2022-01-24,PATTERN_B_ET_REALISTIC_PORTFOLIO_V02_P1,2022-01-24,136088478.1494138,0.0,,,,,,42,False,False,OBSERVED_BELOW_90_COVERAGE,21.69295140006437
2022-01-25,PATTERN_B_ET_REALISTIC_PORTFOLIO_V02_P1,2022-01-25,136088478.1494138,0.0,,,,,,42,False,False,OBSERVED_BELOW_90_COVERAGE,21.69295140006437
2022-01-26,PATTERN_B_ET_REALISTIC_PORTFOLIO_V02_P1,2022-01-26,136088478.1494138,0.0,,,,,,42,False,False,OBSERVED_BELOW_90_COVERAGE,21.69295140006437
2022-01-27,PATTERN_B_ET_REALISTIC_PORTFOLIO_V02_P1,2022-01-27,136088478.1494138,0.0,,,,,,42,False,False,OBSERVED_BELOW_90_COVERAGE,21.69295140006437
2022-01-28,PATTERN_B_ET_REALISTIC_PORTFOLIO_V02_P1,2022-01-28,136088478.1494138,0.0,,,,,,42,False,False,OBSERVED_BELOW_90_COVERAGE,21.69295140006437
2022-02-03,PATTERN_B_ET_REALISTIC_PORTFOLIO_V02_P1,2022-02-03,136088478.1494138,129812257.54615408,,,,,,19,False,False,OBSERVED_BELOW_90_COVERAGE,21.69295140006437
2022-02-04,PATTERN_B_ET_REALISTIC_PORTFOLIO_V02_P1,2022-02-04,265900735.69556788,0.0,,,,,,19,False,False,OBSERVED_BELOW_90_COVERAGE,21.69295140006437
2022-02-07,PATTERN_B_ET_REALISTIC_PORTFOLIO_V02_P1,2022-02-07,265900735.69556788,0.0,,,,,,19,False,False,OBSERVED_BELOW_90_COVERAGE,21.69295140006437
2022-02-08,PATTERN_B_ET_REALISTIC_PORTFOLIO_V02_P1,2022-02-08,265900735.69556788,0.0,,,,,,19,False,False,OBSERVED_BELOW_90_COVERAGE,21.69295140006437
2022-02-09,PATTERN_B_ET_REALISTIC_PORTFOLIO_V02_P1,2022-02-09,265900735.69556788,0.0,,,,,,19,False,False,OBSERVED_BELOW_90_COVERAGE,21.69295140006437
2022-02-10,PATTERN_B_ET_REALISTIC_PORTFOLIO_V02_P1,2022-02-10,265900735.69556788,0.0,,,,,,19,False,False,OBSERVED_BELOW_90_COVERAGE,21.69295140006437
2022-02-11,PATTERN_B_ET_REALISTIC_PORTFOLIO_V02_P1,2022-02-11,265900735.69556788,0.0,,,,,,19,False,False,OBSERVED_BELOW_90_COVERAGE,21.69295140006437
2022-02-14,PATTERN_B_ET_REALISTIC_PORTFOLIO_V02_P1,2022-02-14,265900735.69556788,0.0,,,,,,19,False,False,OBSERVED_BELOW_90_COVERAGE,21.69295140006437
2022-02-15,PATTERN_B_ET_REALISTIC_PORTFOLIO_V02_P1,2022-02-15,265900735.69556788,0.0,,,,,,19,False,False,OBSERVED_BELOW_90_COVERAGE,21.69295140006437
2022-02-16,PATTERN_B_ET_REALISTIC_PORTFOLIO_V02_P1,2022-02-16,265900735.69556788,0.0,,,,,,19,False,False,OBSERVED_BELOW_90_COVERAGE,21.69295140006437
2022-02-17,PATTERN_B_ET_REALISTIC_PORTFOLIO_V02_P1,2022-02-17,265900735.69556788,0.0,,,,,,19,False,False,OBSERVED_BELOW_90_COVERAGE,21.69295140006437
2022-02-18,PATTERN_B_ET_REALISTIC_PORTFOLIO_V02_P1,2022-02-18,265900735.69556788,0.0,,,,,,19,False,False,OBSERVED_BELOW_90_COVERAGE,21.69295140006437
2022-02-21,PATTERN_B_ET_REALISTIC_PORTFOLIO_V02_P1,2022-02-21,265900735.69556788,0.0,,,,,,19,False,False,OBSERVED_BELOW_90_COVERAGE,21.69295140006437
2022-02-22,PATTERN_B_ET_REALISTIC_PORTFOLIO_V02_P1,2022-02-22,265900735.69556788,0.0,,,,,,19,False,False,OBSERVED_BELOW_90_COVERAGE,21.69295140006437
2022-02-23,PATTERN_B_ET_REALISTIC_PORTFOLIO_V02_P1,2022-02-23,265900735.69556788,0.0,,,,,,19,False,False,OBSERVED_BELOW_90_COVERAGE,21.69295140006437
2022-02-24,PATTERN_B_ET_REALISTIC_PORTFOLIO_V02_P1,2022-02-24,265900735.69556788,0.0,,,,,,19,False,False,OBSERVED_BELOW_90_COVERAGE,21.69295140006437
2022-02-25,PATTERN_B_ET_REALISTIC_PORTFOLIO_V02_P1,2022-02-25,265900735.69556788,0.0,,,,,,19,False,False,OBSERVED_BELOW_90_COVERAGE,21.69295140006437
2022-02-28,PATTERN_B_ET_REALISTIC_PORTFOLIO_V02_P1,2022-02-28,265900735.69556788,0.0,,,,,,19,False,False,OBSERVED_BELOW_90_COVERAGE,21.69295140006437
2022-03-02,PATTERN_B_ET_REALISTIC_PORTFOLIO_V02_P1,2022-03-02,160961423.40450463,8332342.0271901,,,,,,38,False,False,OBSERVED_BELOW_90_COVERAGE,21.69295140006437
2022-03-03,PATTERN_B_ET_REALISTIC_PORTFOLIO_V02_P1,2022-03-03,169293765.43169472,0.0,,,,,,38,False,False,OBSERVED_BELOW_90_COVERAGE,21.69295140006437
2022-03-04,PATTERN_B_ET_REALISTIC_PORTFOLIO_V02_P1,2022-03-04,169293765.43169472,0.0,,,,,,38,False,False,OBSERVED_BELOW_90_COVERAGE,21.69295140006437
2022-03-07,PATTERN_B_ET_REALISTIC_PORTFOLIO_V02_P1,2022-03-07,169293765.43169472,0.0,,,,,,38,False,False,OBSERVED_BELOW_90_COVERAGE,21.69295140006437
2022-03-08,PATTERN_B_ET_REALISTIC_PORTFOLIO_V02_P1,2022-03-08,169293765.43169472,0.0,,,,,,38,False,False,OBSERVED_BELOW_90_COVERAGE,21.69295140006437
2022-03-10,PATTERN_B_ET_REALISTIC_PORTFOLIO_V02_P1,2022-03-10,169293765.43169472,0.0,,,,,,38,False,False,OBSERVED_BELOW_90_COVERAGE,21.69295140006437
2022-03-11,PATTERN_B_ET_REALISTIC_PORTFOLIO_V02_P1,2022-03-11,169293765.43169472,0.0,,,,,,38,False,False,OBSERVED_BELOW_90_COVERAGE,21.69295140006437
2022-03-14,PATTERN_B_ET_REALISTIC_PORTFOLIO_V02_P1,2022-03-14,169293765.43169472,0.0,,,,,,38,False,False,OBSERVED_BELOW_90_COVERAGE,21.69295140006437
2022-03-15,PATTERN_B_ET_REALISTIC_PORTFOLIO_V02_P1,2022-03-15,169293765.43169472,0.0,,,,,,38,False,False,OBSERVED_BELOW_90_COVERAGE,21.69295140006437
2022-03-16,PATTERN_B_ET_REALISTIC_PORTFOLIO_V02_P1,2022-03-16,169293765.43169472,0.0,,,,,,38,False,False,OBSERVED_BELOW_90_COVERAGE,21.69295140006437
2022-03-17,PATTERN_B_ET_REALISTIC_PORTFOLIO_V02_P1,2022-03-17,169293765.43169472,0.0,,,,,,38,False,False,OBSERVED_BELOW_90_COVERAGE,21.69295140006437
2022-03-18,PATTERN_B_ET_REALISTIC_PORTFOLIO_V02_P1,2022-03-18,169293765.43169472,0.0,,,,,,38,False,False,OBSERVED_BELOW_90_COVERAGE,21.69295140006437
2022-03-21,PATTERN_B_ET_REALISTIC_PORTFOLIO_V02_P1,2022-03-21,169293765.43169472,0.0,,,,,,38,False,False,OBSERVED_BELOW_90_COVERAGE,21.69295140006437
2022-03-22,PATTERN_B_ET_REALISTIC_PORTFOLIO_V02_P1,2022-03-22,169293765.43169472,0.0,,,,,,38,False,False,OBSERVED_BELOW_90_COVERAGE,21.69295140006437
2022-03-23,PATTERN_B_ET_REALISTIC_PORTFOLIO_V02_P1,2022-03-23,169293765.43169472,0.0,,,,,,38,False,False,OBSERVED_BELOW_90_COVERAGE,21.69295140006437
2022-03-24,PATTERN_B_ET_REALISTIC_PORTFOLIO_V02_P1,2022-03-24,169293765.43169472,0.0,,,,,,38,False,False,OBSERVED_BELOW_90_COVERAGE,21.69295140006437
2022-03-25,PATTERN_B_ET_REALISTIC_PORTFOLIO_V02_P1,2022-03-25,169293765.43169472,0.0,,,,,,38,False,False,OBSERVED_BELOW_90_COVERAGE,21.69295140006437
2022-03-28,PATTERN_B_ET_REALISTIC_PORTFOLIO_V02_P1,2022-03-28,169293765.43169472,0.0,,,,,,38,False,False,OBSERVED_BELOW_90_COVERAGE,21.69295140006437
2022-03-29,PATTERN_B_ET_REALISTIC_PORTFOLIO_V02_P1,2022-03-29,169293765.43169472,0.0,,,,,,38,False,False,OBSERVED_BELOW_90_COVERAGE,21.69295140006437
2022-03-30,PATTERN_B_ET_REALISTIC_PORTFOLIO_V02_P1,2022-03-30,169293765.43169472,0.0,,,,,,38,False,False,OBSERVED_BELOW_90_COVERAGE,21.69295140006437
2022-03-31,PATTERN_B_ET_REALISTIC_PORTFOLIO_V02_P1,2022-03-31,169293765.43169472,0.0,,,,,,38,False,False,OBSERVED_BELOW_90_COVERAGE,21.69295140006437
2022-04-01,PATTERN_B_ET_REALISTIC_PORTFOLIO_V02_P1,2022-04-01,164294071.6401022,90186754.38233624,,,,,,24,False,False,OBSERVED_BELOW_90_COVERAGE,21.69295140006437
2022-04-04,PATTERN_B_ET_REALISTIC_PORTFOLIO_V02_P1,2022-04-04,254480826.02243847,10665142.568613,,,,,,23,False,False,OBSERVED_BELOW_90_COVERAGE,21.69295140006437
2022-04-05,PATTERN_B_ET_REALISTIC_PORTFOLIO_V02_P1,2022-04-05,265145968.59105146,0.0,,,,,,23,False,False,OBSERVED_BELOW_90_COVERAGE,21.69295140006437
2022-04-06,PATTERN_B_ET_REALISTIC_PORTFOLIO_V02_P1,2022-04-06,265145968.59105146,0.0,,,,,,23,False,False,OBSERVED_BELOW_90_COVERAGE,21.69295140006437
2022-04-07,PATTERN_B_ET_REALISTIC_PORTFOLIO_V02_P1,2022-04-07,265145968.59105146,0.0,,,,,,23,False,False,OBSERVED_BELOW_90_COVERAGE,21.69295140006437
2022-04-08,PATTERN_B_ET_REALISTIC_PORTFOLIO_V02_P1,2022-04-08,265145968.59105146,0.0,,,,,,23,False,False,OBSERVED_BELOW_90_COVERAGE,21.69295140006437
2022-04-11,PATTERN_B_ET_REALISTIC_PORTFOLIO_V02_P1,2022-04-11,265145968.59105146,0.0,,,,,,23,False,False,OBSERVED_BELOW_90_COVERAGE,21.69295140006437
2022-04-12,PATTERN_B_ET_REALISTIC_PORTFOLIO_V02_P1,2022-04-12,265145968.59105146,0.0,,,,,,23,False,False,OBSERVED_BELOW_90_COVERAGE,21.69295140006437
2022-04-13,PATTERN_B_ET_REALISTIC_PORTFOLIO_V02_P1,2022-04-13,265145968.59105146,0.0,,,,,,23,False,False,OBSERVED_BELOW_90_COVERAGE,21.69295140006437
2022-04-14,PATTERN_B_ET_REALISTIC_PORTFOLIO_V02_P1,2022-04-14,265145968.59105146,0.0,,,,,,23,False,False,OBSERVED_BELOW_90_COVERAGE,21.69295140006437
2022-04-15,PATTERN_B_ET_REALISTIC_PORTFOLIO_V02_P1,2022-04-15,265145968.59105146,0.0,,,,,,23,False,False,OBSERVED_BELOW_90_COVERAGE,21.69295140006437
2022-04-18,PATTERN_B_ET_REALISTIC_PORTFOLIO_V02_P1,2022-04-18,265145968.59105146,0.0,,,,,,23,False,False,OBSERVED_BELOW_90_COVERAGE,21.69295140006437
2022-04-19,PATTERN_B_ET_REALISTIC_PORTFOLIO_V02_P1,2022-04-19,265145968.59105146,0.0,,,,,,23,False,False,OBSERVED_BELOW_90_COVERAGE,21.69295140006437
2022-04-20,PATTERN_B_ET_REALISTIC_PORTFOLIO_V02_P1,2022-04-20,265145968.59105146,0.0,,,,,,23,False,False,OBSERVED_BELOW_90_COVERAGE,21.69295140006437
2022-04-21,PATTERN_B_ET_REALISTIC_PORTFOLIO_V02_P1,2022-04-21,265145968.59105146,0.0,,,,,,23,False,False,OBSERVED_BELOW_90_COVERAGE,21.69295140006437
2022-04-22,PATTERN_B_ET_REALISTIC_PORTFOLIO_V02_P1,2022-04-22,265145968.59105146,0.0,,,,,,23,False,False,OBSERVED_BELOW_90_COVERAGE,21.69295140006437
2022-04-25,PATTERN_B_ET_REALISTIC_PORTFOLIO_V02_P1,2022-04-25,265145968.59105146,0.0,,,,,,23,False,False,OBSERVED_BELOW_90_COVERAGE,21.69295140006437
2022-04-26,PATTERN_B_ET_REALISTIC_PORTFOLIO_V02_P1,2022-04-26,265145968.59105146,0.0,,,,,,23,False,False,OBSERVED_BELOW_90_COVERAGE,21.69295140006437
2022-04-27,PATTERN_B_ET_REALISTIC_PORTFOLIO_V02_P1,2022-04-27,265145968.59105146,0.0,,,,,,23,False,False,OBSERVED_BELOW_90_COVERAGE,21.69295140006437
2022-04-28,PATTERN_B_ET_REALISTIC_PORTFOLIO_V02_P1,2022-04-28,265145968.59105146,0.0,,,,,,23,False,False,OBSERVED_BELOW_90_COVERAGE,21.69295140006437
2022-04-29,PATTERN_B_ET_REALISTIC_PORTFOLIO_V02_P1,2022-04-29,265145968.59105146,0.0,,,,,,23,False,False,OBSERVED_BELOW_90_COVERAGE,21.69295140006437
2022-05-02,PATTERN_B_ET_REALISTIC_PORTFOLIO_V02_P1,2022-05-02,265145968.59105146,0.0,,,,,,23,False,False,OBSERVED_BELOW_90_COVERAGE,21.69295140006437
2022-05-03,PATTERN_B_ET_REALISTIC_PORTFOLIO_V02_P1,2022-05-03,265145968.59105146,0.0,,,,,,23,False,False,OBSERVED_BELOW_90_COVERAGE,21.69295140006437
2022-05-04,PATTERN_B_ET_REALISTIC_PORTFOLIO_V02_P1,2022-05-04,265145968.59105146,0.0,,,,,,23,False,False,OBSERVED_BELOW_90_COVERAGE,21.69295140006437
2022-05-06,PATTERN_B_ET_REALISTIC_PORTFOLIO_V02_P1,2022-05-06,265145968.59105146,0.0,,,,,,23,False,False,OBSERVED_BELOW_90_COVERAGE,21.69295140006437
2022-05-09,PATTERN_B_ET_REALISTIC_PORTFOLIO_V02_P1,2022-05-09,265145968.59105146,0.0,,,,,,23,False,False,OBSERVED_BELOW_90_COVERAGE,21.69295140006437
2022-05-10,PATTERN_B_ET_REALISTIC_PORTFOLIO_V02_P1,2022-05-10,265145968.59105146,0.0,,,,,,23,False,False,OBSERVED_BELOW_90_COVERAGE,21.69295140006437
2022-05-11,PATTERN_B_ET_REALISTIC_PORTFOLIO_V02_P1,2022-05-11,265145968.59105146,0.0,,,,,,23,False,False,OBSERVED_BELOW_90_COVERAGE,21.69295140006437
2022-05-12,PATTERN_B_ET_REALISTIC_PORTFOLIO_V02_P1,2022-05-12,265145968.59105146,0.0,,,,,,23,False,False,OBSERVED_BELOW_90_COVERAGE,21.69295140006437
2022-05-13,PATTERN_B_ET_REALISTIC_PORTFOLIO_V02_P1,2022-05-13,265145968.59105146,0.0,,,,,,23,False,False,OBSERVED_BELOW_90_COVERAGE,21.69295140006437
2022-05-16,PATTERN_B_ET_REALISTIC_PORTFOLIO_V02_P1,2022-05-16,265145968.59105146,0.0,,,,,,23,False,False,OBSERVED_BELOW_90_COVERAGE,21.69295140006437
2022-05-17,PATTERN_B_ET_REALISTIC_PORTFOLIO_V02_P1,2022-05-17,265145968.59105146,0.0,,,,,,23,False,False,OBSERVED_BELOW_90_COVERAGE,21.69295140006437
2022-05-18,PATTERN_B_ET_REALISTIC_PORTFOLIO_V02_P1,2022-05-18,265145968.59105146,0.0,,,,,,23,False,False,OBSERVED_BELOW_90_COVERAGE,21.69295140006437
2022-05-19,PATTERN_B_ET_REALISTIC_PORTFOLIO_V02_P1,2022-05-19,265145968.59105146,0.0,,,,,,23,False,False,OBSERVED_BELOW_90_COVERAGE,21.69295140006437
2022-05-20,PATTERN_B_ET_REALISTIC_PORTFOLIO_V02_P1,2022-05-20,265145968.59105146,0.0,,,,,,23,False,False,OBSERVED_BELOW_90_COVERAGE,21.69295140006437
2022-05-23,PATTERN_B_ET_REALISTIC_PORTFOLIO_V02_P1,2022-05-23,265145968.59105146,0.0,,,,,,23,False,False,OBSERVED_BELOW_90_COVERAGE,21.69295140006437
2022-05-24,PATTERN_B_ET_REALISTIC_PORTFOLIO_V02_P1,2022-05-24,265145968.59105146,0.0,,,,,,23,False,False,OBSERVED_BELOW_90_COVERAGE,21.69295140006437
2022-05-25,PATTERN_B_ET_REALISTIC_PORTFOLIO_V02_P1,2022-05-25,265145968.59105146,0.0,,,,,,23,False,False,OBSERVED_BELOW_90_COVERAGE,21.69295140006437
2022-05-26,PATTERN_B_ET_REALISTIC_PORTFOLIO_V02_P1,2022-05-26,265145968.59105146,0.0,,,,,,23,False,False,OBSERVED_BELOW_90_COVERAGE,21.69295140006437
2022-05-27,PATTERN_B_ET_REALISTIC_PORTFOLIO_V02_P1,2022-05-27,265145968.59105146,0.0,,,,,,23,False,False,OBSERVED_BELOW_90_COVERAGE,21.69295140006437
2022-05-30,PATTERN_B_ET_REALISTIC_PORTFOLIO_V02_P1,2022-05-30,265145968.59105146,0.0,,,,,,23,False,False,OBSERVED_BELOW_90_COVERAGE,21.69295140006437
2022-05-31,PATTERN_B_ET_REALISTIC_PORTFOLIO_V02_P1,2022-05-31,265145968.59105146,0.0,,,,,,23,False,False,OBSERVED_BELOW_90_COVERAGE,21.69295140006437
2022-06-02,PATTERN_B_ET_REALISTIC_PORTFOLIO_V02_P1,2022-06-02,185240788.22859403,0.0,,,,,,39,False,False,OBSERVED_BELOW_90_COVERAGE,21.69295140006437
2022-06-03,PATTERN_B_ET_REALISTIC_PORTFOLIO_V02_P1,2022-06-03,185240788.22859403,0.0,,,,,,39,False,False,OBSERVED_BELOW_90_COVERAGE,21.69295140006437
2022-06-07,PATTERN_B_ET_REALISTIC_PORTFOLIO_V02_P1,2022-06-07,185240788.22859403,0.0,,,,,,39,False,False,OBSERVED_BELOW_90_COVERAGE,21.69295140006437
2022-06-08,PATTERN_B_ET_REALISTIC_PORTFOLIO_V02_P1,2022-06-08,185240788.22859403,0.0,,,,,,39,False,False,OBSERVED_BELOW_90_COVERAGE,21.69295140006437
2022-06-09,PATTERN_B_ET_REALISTIC_PORTFOLIO_V02_P1,2022-06-09,185240788.22859403,0.0,,,,,,39,False,False,OBSERVED_BELOW_90_COVERAGE,21.69295140006437
2022-06-10,PATTERN_B_ET_REALISTIC_PORTFOLIO_V02_P1,2022-06-10,185240788.22859403,0.0,,,,,,39,False,False,OBSERVED_BELOW_90_COVERAGE,21.69295140006437
2022-06-13,PATTERN_B_ET_REALISTIC_PORTFOLIO_V02_P1,2022-06-13,185240788.22859403,0.0,,,,,,39,False,False,OBSERVED_BELOW_90_COVERAGE,21.69295140006437
2022-06-14,PATTERN_B_ET_REALISTIC_PORTFOLIO_V02_P1,2022-06-14,185240788.22859403,0.0,,,,,,39,False,False,OBSERVED_BELOW_90_COVERAGE,21.69295140006437
2022-06-15,PATTERN_B_ET_REALISTIC_PORTFOLIO_V02_P1,2022-06-15,185240788.22859403,0.0,,,,,,39,False,False,OBSERVED_BELOW_90_COVERAGE,21.69295140006437
2022-06-16,PATTERN_B_ET_REALISTIC_PORTFOLIO_V02_P1,2022-06-16,185240788.22859403,0.0,,,,,,39,False,False,OBSERVED_BELOW_90_COVERAGE,21.69295140006437
2022-06-17,PATTERN_B_ET_REALISTIC_PORTFOLIO_V02_P1,2022-06-17,185240788.22859403,0.0,,,,,,39,False,False,OBSERVED_BELOW_90_COVERAGE,21.69295140006437
2022-06-20,PATTERN_B_ET_REALISTIC_PORTFOLIO_V02_P1,2022-06-20,185240788.22859403,0.0,,,,,,39,False,False,OBSERVED_BELOW_90_COVERAGE,21.69295140006437
2022-06-21,PATTERN_B_ET_REALISTIC_PORTFOLIO_V02_P1,2022-06-21,185240788.22859403,0.0,,,,,,39,False,False,OBSERVED_BELOW_90_COVERAGE,21.69295140006437
2022-06-22,PATTERN_B_ET_REALISTIC_PORTFOLIO_V02_P1,2022-06-22,185240788.22859403,0.0,,,,,,39,False,False,OBSERVED_BELOW_90_COVERAGE,21.69295140006437
2022-06-23,PATTERN_B_ET_REALISTIC_PORTFOLIO_V02_P1,2022-06-23,185240788.22859403,0.0,,,,,,39,False,False,OBSERVED_BELOW_90_COVERAGE,21.69295140006437
2022-06-24,PATTERN_B_ET_REALISTIC_PORTFOLIO_V02_P1,2022-06-24,185240788.22859403,0.0,,,,,,39,False,False,OBSERVED_BELOW_90_COVERAGE,21.69295140006437
2022-06-27,PATTERN_B_ET_REALISTIC_PORTFOLIO_V02_P1,2022-06-27,185240788.22859403,0.0,,,,,,39,False,False,OBSERVED_BELOW_90_COVERAGE,21.69295140006437
2022-06-28,PATTERN_B_ET_REALISTIC_PORTFOLIO_V02_P1,2022-06-28,185240788.22859403,0.0,,,,,,39,False,False,OBSERVED_BELOW_90_COVERAGE,21.69295140006437
2022-06-29,PATTERN_B_ET_REALISTIC_PORTFOLIO_V02_P1,2022-06-29,185240788.22859403,0.0,,,,,,39,False,False,OBSERVED_BELOW_90_COVERAGE,21.69295140006437
2022-06-30,PATTERN_B_ET_REALISTIC_PORTFOLIO_V02_P1,2022-06-30,185240788.22859403,0.0,,,,,,39,False,False,OBSERVED_BELOW_90_COVERAGE,21.69295140006437
2022-07-01,PATTERN_B_ET_REALISTIC_PORTFOLIO_V02_P1,2022-07-01,35409102.29141083,0.0,,,,,,69,False,False,OBSERVED_BELOW_90_COVERAGE,21.69295140006437
2022-07-04,PATTERN_B_ET_REALISTIC_PORTFOLIO_V02_P1,2022-07-04,35409102.29141083,0.0,,,,,,69,False,False,OBSERVED_BELOW_90_COVERAGE,21.69295140006437
2022-07-05,PATTERN_B_ET_REALISTIC_PORTFOLIO_V02_P1,2022-07-05,35409102.29141083,0.0,,,,,,69,False,False,OBSERVED_BELOW_90_COVERAGE,21.69295140006437
2022-07-06,PATTERN_B_ET_REALISTIC_PORTFOLIO_V02_P1,2022-07-06,35409102.29141083,0.0,,,,,,69,False,False,OBSERVED_BELOW_90_COVERAGE,21.69295140006437
2022-07-07,PATTERN_B_ET_REALISTIC_PORTFOLIO_V02_P1,2022-07-07,35409102.29141083,0.0,,,,,,69,False,False,OBSERVED_BELOW_90_COVERAGE,21.69295140006437
2022-07-08,PATTERN_B_ET_REALISTIC_PORTFOLIO_V02_P1,2022-07-08,35409102.29141083,0.0,,,,,,69,False,False,OBSERVED_BELOW_90_COVERAGE,21.69295140006437
2022-07-11,PATTERN_B_ET_REALISTIC_PORTFOLIO_V02_P1,2022-07-11,35409102.29141083,0.0,,,,,,69,False,False,OBSERVED_BELOW_90_COVERAGE,21.69295140006437
2022-07-12,PATTERN_B_ET_REALISTIC_PORTFOLIO_V02_P1,2022-07-12,35409102.29141083,0.0,,,,,,69,False,False,OBSERVED_BELOW_90_COVERAGE,21.69295140006437
2022-07-13,PATTERN_B_ET_REALISTIC_PORTFOLIO_V02_P1,2022-07-13,35409102.29141083,0.0,,,,,,69,False,False,OBSERVED_BELOW_90_COVERAGE,21.69295140006437
2022-07-14,PATTERN_B_ET_REALISTIC_PORTFOLIO_V02_P1,2022-07-14,35409102.29141083,0.0,,,,,,69,False,False,OBSERVED_BELOW_90_COVERAGE,21.69295140006437
2022-07-15,PATTERN_B_ET_REALISTIC_PORTFOLIO_V02_P1,2022-07-15,35409102.29141083,0.0,,,,,,69,False,False,OBSERVED_BELOW_90_COVERAGE,21.69295140006437
2022-07-18,PATTERN_B_ET_REALISTIC_PORTFOLIO_V02_P1,2022-07-18,35409102.29141083,0.0,,,,,,69,False,False,OBSERVED_BELOW_90_COVERAGE,21.69295140006437
2022-07-19,PATTERN_B_ET_REALISTIC_PORTFOLIO_V02_P1,2022-07-19,35409102.29141083,0.0,,,,,,69,False,False,OBSERVED_BELOW_90_COVERAGE,21.69295140006437
2022-07-20,PATTERN_B_ET_REALISTIC_PORTFOLIO_V02_P1,2022-07-20,35409102.29141083,0.0,,,,,,69,False,False,OBSERVED_BELOW_90_COVERAGE,21.69295140006437
2022-07-21,PATTERN_B_ET_REALISTIC_PORTFOLIO_V02_P1,2022-07-21,35409102.29141083,0.0,,,,,,69,False,False,OBSERVED_BELOW_90_COVERAGE,21.69295140006437
2022-07-22,PATTERN_B_ET_REALISTIC_PORTFOLIO_V02_P1,2022-07-22,35409102.29141083,0.0,,,,,,69,False,False,OBSERVED_BELOW_90_COVERAGE,21.69295140006437
2022-07-25,PATTERN_B_ET_REALISTIC_PORTFOLIO_V02_P1,2022-07-25,35409102.29141083,0.0,,,,,,69,False,False,OBSERVED_BELOW_90_COVERAGE,21.69295140006437
2022-07-26,PATTERN_B_ET_REALISTIC_PORTFOLIO_V02_P1,2022-07-26,35409102.29141083,0.0,,,,,,69,False,False,OBSERVED_BELOW_90_COVERAGE,21.69295140006437
2022-07-27,PATTERN_B_ET_REALISTIC_PORTFOLIO_V02_P1,2022-07-27,35409102.29141083,0.0,,,,,,69,False,False,OBSERVED_BELOW_90_COVERAGE,21.69295140006437
2022-07-28,PATTERN_B_ET_REALISTIC_PORTFOLIO_V02_P1,2022-07-28,35409102.29141083,0.0,,,,,,69,False,False,OBSERVED_BELOW_90_COVERAGE,21.69295140006437
2022-07-29,PATTERN_B_ET_REALISTIC_PORTFOLIO_V02_P1,2022-07-29,35409102.29141083,0.0,,,,,,69,False,False,OBSERVED_BELOW_90_COVERAGE,21.69295140006437
2022-08-01,PATTERN_B_ET_REALISTIC_PORTFOLIO_V02_P1,2022-08-01,35409102.29141083,0.0,,,,,,69,False,False,OBSERVED_BELOW_90_COVERAGE,21.69295140006437
2022-08-02,PATTERN_B_ET_REALISTIC_PORTFOLIO_V02_P1,2022-08-02,35409102.29141083,0.0,,,,,,69,False,False,OBSERVED_BELOW_90_COVERAGE,21.69295140006437
2022-08-03,PATTERN_B_ET_REALISTIC_PORTFOLIO_V02_P1,2022-08-03,35409102.29141083,0.0,,,,,,69,False,False,OBSERVED_BELOW_90_COVERAGE,21.69295140006437
2022-08-04,PATTERN_B_ET_REALISTIC_PORTFOLIO_V02_P1,2022-08-04,35409102.29141083,0.0,,,,,,69,False,False,OBSERVED_BELOW_90_COVERAGE,21.69295140006437
2022-08-05,PATTERN_B_ET_REALISTIC_PORTFOLIO_V02_P1,2022-08-05,35409102.29141083,0.0,,,,,,69,False,False,OBSERVED_BELOW_90_COVERAGE,21.69295140006437
2022-08-08,PATTERN_B_ET_REALISTIC_PORTFOLIO_V02_P1,2022-08-08,35409102.29141083,0.0,,,,,,69,False,False,OBSERVED_BELOW_90_COVERAGE,21.69295140006437
2022-08-09,PATTERN_B_ET_REALISTIC_PORTFOLIO_V02_P1,2022-08-09,35409102.29141083,0.0,,,,,,69,False,False,OBSERVED_BELOW_90_COVERAGE,21.69295140006437
2022-08-10,PATTERN_B_ET_REALISTIC_PORTFOLIO_V02_P1,2022-08-10,35409102.29141083,0.0,,,,,,69,False,False,OBSERVED_BELOW_90_COVERAGE,21.69295140006437
2022-08-11,PATTERN_B_ET_REALISTIC_PORTFOLIO_V02_P1,2022-08-11,35409102.29141083,0.0,,,,,,69,False,False,OBSERVED_BELOW_90_COVERAGE,21.69295140006437
2022-08-12,PATTERN_B_ET_REALISTIC_PORTFOLIO_V02_P1,2022-08-12,35409102.29141083,0.0,,,,,,69,False,False,OBSERVED_BELOW_90_COVERAGE,21.69295140006437
2022-08-16,PATTERN_B_ET_REALISTIC_PORTFOLIO_V02_P1,2022-08-16,35409102.29141083,0.0,,,,,,69,False,False,OBSERVED_BELOW_90_COVERAGE,21.69295140006437
2022-08-17,PATTERN_B_ET_REALISTIC_PORTFOLIO_V02_P1,2022-08-17,35409102.29141083,0.0,,,,,,69,False,False,OBSERVED_BELOW_90_COVERAGE,21.69295140006437
2022-08-18,PATTERN_B_ET_REALISTIC_PORTFOLIO_V02_P1,2022-08-18,35409102.29141083,0.0,,,,,,69,False,False,OBSERVED_BELOW_90_COVERAGE,21.69295140006437
2022-08-19,PATTERN_B_ET_REALISTIC_PORTFOLIO_V02_P1,2022-08-19,35409102.29141083,0.0,,,,,,69,False,False,OBSERVED_BELOW_90_COVERAGE,21.69295140006437
2022-08-22,PATTERN_B_ET_REALISTIC_PORTFOLIO_V02_P1,2022-08-22,35409102.29141083,0.0,,,,,,69,False,False,OBSERVED_BELOW_90_COVERAGE,21.69295140006437
2022-08-23,PATTERN_B_ET_REALISTIC_PORTFOLIO_V02_P1,2022-08-23,35409102.29141083,0.0,,,,,,69,False,False,OBSERVED_BELOW_90_COVERAGE,21.69295140006437
2022-08-24,PATTERN_B_ET_REALISTIC_PORTFOLIO_V02_P1,2022-08-24,35409102.29141083,0.0,,,,,,69,False,False,OBSERVED_BELOW_90_COVERAGE,21.69295140006437
2022-08-25,PATTERN_B_ET_REALISTIC_PORTFOLIO_V02_P1,2022-08-25,35409102.29141083,0.0,,,,,,69,False,False,OBSERVED_BELOW_90_COVERAGE,21.69295140006437
2022-08-26,PATTERN_B_ET_REALISTIC_PORTFOLIO_V02_P1,2022-08-26,35409102.29141083,0.0,,,,,,69,False,False,OBSERVED_BELOW_90_COVERAGE,21.69295140006437
2022-08-29,PATTERN_B_ET_REALISTIC_PORTFOLIO_V02_P1,2022-08-29,35409102.29141083,0.0,,,,,,69,False,False,OBSERVED_BELOW_90_COVERAGE,21.69295140006437
2022-08-30,PATTERN_B_ET_REALISTIC_PORTFOLIO_V02_P1,2022-08-30,35409102.29141083,0.0,,,,,,69,False,False,OBSERVED_BELOW_90_COVERAGE,21.69295140006437
2022-08-31,PATTERN_B_ET_REALISTIC_PORTFOLIO_V02_P1,2022-08-31,35409102.29141083,0.0,,,,,,69,False,False,OBSERVED_BELOW_90_COVERAGE,21.69295140006437
2022-09-01,PATTERN_B_ET_REALISTIC_PORTFOLIO_V02_P1,2022-09-01,20462057.697979886,119246610.44098261,,,,,,52,False,False,OBSERVED_BELOW_90_COVERAGE,21.69295140006437
2022-09-02,PATTERN_B_ET_REALISTIC_PORTFOLIO_V02_P1,2022-09-02,139708668.1389625,0.0,,,,,,52,False,False,OBSERVED_BELOW_90_COVERAGE,21.69295140006437
2022-09-05,PATTERN_B_ET_REALISTIC_PORTFOLIO_V02_P1,2022-09-05,139708668.1389625,0.0,,,,,,52,False,False,OBSERVED_BELOW_90_COVERAGE,21.69295140006437
2022-09-06,PATTERN_B_ET_REALISTIC_PORTFOLIO_V02_P1,2022-09-06,139708668.1389625,0.0,,,,,,52,False,False,OBSERVED_BELOW_90_COVERAGE,21.69295140006437
2022-09-07,PATTERN_B_ET_REALISTIC_PORTFOLIO_V02_P1,2022-09-07,139708668.1389625,0.0,,,,,,52,False,False,OBSERVED_BELOW_90_COVERAGE,21.69295140006437
2022-09-08,PATTERN_B_ET_REALISTIC_PORTFOLIO_V02_P1,2022-09-08,139708668.1389625,0.0,,,,,,52,False,False,OBSERVED_BELOW_90_COVERAGE,21.69295140006437
2022-09-13,PATTERN_B_ET_REALISTIC_PORTFOLIO_V02_P1,2022-09-13,139708668.1389625,0.0,,,,,,52,False,False,OBSERVED_BELOW_90_COVERAGE,21.69295140006437
2022-09-14,PATTERN_B_ET_REALISTIC_PORTFOLIO_V02_P1,2022-09-14,139708668.1389625,0.0,,,,,,52,False,False,OBSERVED_BELOW_90_COVERAGE,21.69295140006437
2022-09-15,PATTERN_B_ET_REALISTIC_PORTFOLIO_V02_P1,2022-09-15,139708668.1389625,0.0,,,,,,52,False,False,OBSERVED_BELOW_90_COVERAGE,21.69295140006437
2022-09-16,PATTERN_B_ET_REALISTIC_PORTFOLIO_V02_P1,2022-09-16,139708668.1389625,0.0,,,,,,52,False,False,OBSERVED_BELOW_90_COVERAGE,21.69295140006437
2022-09-19,PATTERN_B_ET_REALISTIC_PORTFOLIO_V02_P1,2022-09-19,139708668.1389625,0.0,,,,,,52,False,False,OBSERVED_BELOW_90_COVERAGE,21.69295140006437
2022-09-20,PATTERN_B_ET_REALISTIC_PORTFOLIO_V02_P1,2022-09-20,139708668.1389625,0.0,,,,,,52,False,False,OBSERVED_BELOW_90_COVERAGE,21.69295140006437
2022-09-21,PATTERN_B_ET_REALISTIC_PORTFOLIO_V02_P1,2022-09-21,139708668.1389625,0.0,,,,,,52,False,False,OBSERVED_BELOW_90_COVERAGE,21.69295140006437
2022-09-22,PATTERN_B_ET_REALISTIC_PORTFOLIO_V02_P1,2022-09-22,139708668.1389625,0.0,,,,,,52,False,False,OBSERVED_BELOW_90_COVERAGE,21.69295140006437
2022-09-23,PATTERN_B_ET_REALISTIC_PORTFOLIO_V02_P1,2022-09-23,139708668.1389625,0.0,,,,,,52,False,False,OBSERVED_BELOW_90_COVERAGE,21.69295140006437
2022-09-26,PATTERN_B_ET_REALISTIC_PORTFOLIO_V02_P1,2022-09-26,139708668.1389625,0.0,,,,,,52,False,False,OBSERVED_BELOW_90_COVERAGE,21.69295140006437
2022-09-27,PATTERN_B_ET_REALISTIC_PORTFOLIO_V02_P1,2022-09-27,139708668.1389625,0.0,,,,,,52,False,False,OBSERVED_BELOW_90_COVERAGE,21.69295140006437
2022-09-28,PATTERN_B_ET_REALISTIC_PORTFOLIO_V02_P1,2022-09-28,139708668.1389625,0.0,,,,,,52,False,False,OBSERVED_BELOW_90_COVERAGE,21.69295140006437
2022-09-29,PATTERN_B_ET_REALISTIC_PORTFOLIO_V02_P1,2022-09-29,139708668.1389625,0.0,,,,,,52,False,False,OBSERVED_BELOW_90_COVERAGE,21.69295140006437
2022-09-30,PATTERN_B_ET_REALISTIC_PORTFOLIO_V02_P1,2022-09-30,139708668.1389625,0.0,,,,,,52,False,False,OBSERVED_BELOW_90_COVERAGE,21.69295140006437
2022-10-04,PATTERN_B_ET_REALISTIC_PORTFOLIO_V02_P1,2022-10-04,4794120.437929423,6687621.386298,,,,,,78,False,False,OBSERVED_BELOW_90_COVERAGE,21.69295140006437
2022-10-05,PATTERN_B_ET_REALISTIC_PORTFOLIO_V02_P1,2022-10-05,11481741.824227422,0.0,,,,,,78,False,False,OBSERVED_BELOW_90_COVERAGE,21.69295140006437
2022-10-06,PATTERN_B_ET_REALISTIC_PORTFOLIO_V02_P1,2022-10-06,11481741.824227422,0.0,,,,,,78,False,False,OBSERVED_BELOW_90_COVERAGE,21.69295140006437
2022-10-07,PATTERN_B_ET_REALISTIC_PORTFOLIO_V02_P1,2022-10-07,11481741.824227422,0.0,,,,,,78,False,False,OBSERVED_BELOW_90_COVERAGE,21.69295140006437
2022-10-11,PATTERN_B_ET_REALISTIC_PORTFOLIO_V02_P1,2022-10-11,11481741.824227422,0.0,,,,,,78,False,False,OBSERVED_BELOW_90_COVERAGE,21.69295140006437
2022-10-12,PATTERN_B_ET_REALISTIC_PORTFOLIO_V02_P1,2022-10-12,11481741.824227422,0.0,,,,,,78,False,False,OBSERVED_BELOW_90_COVERAGE,21.69295140006437
2022-10-13,PATTERN_B_ET_REALISTIC_PORTFOLIO_V02_P1,2022-10-13,11481741.824227422,0.0,,,,,,78,False,False,OBSERVED_BELOW_90_COVERAGE,21.69295140006437
2022-10-14,PATTERN_B_ET_REALISTIC_PORTFOLIO_V02_P1,2022-10-14,11481741.824227422,0.0,,,,,,78,False,False,OBSERVED_BELOW_90_COVERAGE,21.69295140006437
2022-10-17,PATTERN_B_ET_REALISTIC_PORTFOLIO_V02_P1,2022-10-17,11481741.824227422,0.0,,,,,,78,False,False,OBSERVED_BELOW_90_COVERAGE,21.69295140006437
2022-10-18,PATTERN_B_ET_REALISTIC_PORTFOLIO_V02_P1,2022-10-18,11481741.824227422,0.0,,,,,,78,False,False,OBSERVED_BELOW_90_COVERAGE,21.69295140006437
2022-10-19,PATTERN_B_ET_REALISTIC_PORTFOLIO_V02_P1,2022-10-19,11481741.824227422,0.0,,,,,,78,False,False,OBSERVED_BELOW_90_COVERAGE,21.69295140006437
2022-10-20,PATTERN_B_ET_REALISTIC_PORTFOLIO_V02_P1,2022-10-20,11481741.824227422,0.0,,,,,,78,False,False,OBSERVED_BELOW_90_COVERAGE,21.69295140006437
2022-10-21,PATTERN_B_ET_REALISTIC_PORTFOLIO_V02_P1,2022-10-21,11481741.824227422,0.0,,,,,,78,False,False,OBSERVED_BELOW_90_COVERAGE,21.69295140006437
2022-10-24,PATTERN_B_ET_REALISTIC_PORTFOLIO_V02_P1,2022-10-24,11481741.824227422,0.0,,,,,,78,False,False,OBSERVED_BELOW_90_COVERAGE,21.69295140006437
2022-10-25,PATTERN_B_ET_REALISTIC_PORTFOLIO_V02_P1,2022-10-25,11481741.824227422,0.0,,,,,,78,False,False,OBSERVED_BELOW_90_COVERAGE,21.69295140006437
2022-10-26,PATTERN_B_ET_REALISTIC_PORTFOLIO_V02_P1,2022-10-26,11481741.824227422,0.0,,,,,,78,False,False,OBSERVED_BELOW_90_COVERAGE,21.69295140006437
2022-10-27,PATTERN_B_ET_REALISTIC_PORTFOLIO_V02_P1,2022-10-27,11481741.824227422,0.0,,,,,,78,False,False,OBSERVED_BELOW_90_COVERAGE,21.69295140006437
2022-10-28,PATTERN_B_ET_REALISTIC_PORTFOLIO_V02_P1,2022-10-28,11481741.824227422,0.0,,,,,,78,False,False,OBSERVED_BELOW_90_COVERAGE,21.69295140006437
2022-10-31,PATTERN_B_ET_REALISTIC_PORTFOLIO_V02_P1,2022-10-31,11481741.824227422,0.0,,,,,,78,False,False,OBSERVED_BELOW_90_COVERAGE,21.69295140006437
2022-11-01,PATTERN_B_ET_REALISTIC_PORTFOLIO_V02_P1,2022-11-01,1484221.3860721728,39176947.52925705,,,,,,73,False,False,OBSERVED_BELOW_90_COVERAGE,21.69295140006437
2022-11-02,PATTERN_B_ET_REALISTIC_PORTFOLIO_V02_P1,2022-11-02,40661168.915329225,0.0,,,,,,73,False,False,OBSERVED_BELOW_90_COVERAGE,21.69295140006437
2022-11-03,PATTERN_B_ET_REALISTIC_PORTFOLIO_V02_P1,2022-11-03,40661168.915329225,0.0,,,,,,73,False,False,OBSERVED_BELOW_90_COVERAGE,21.69295140006437
2022-11-04,PATTERN_B_ET_REALISTIC_PORTFOLIO_V02_P1,2022-11-04,40661168.915329225,0.0,,,,,,73,False,False,OBSERVED_BELOW_90_COVERAGE,21.69295140006437
2022-11-07,PATTERN_B_ET_REALISTIC_PORTFOLIO_V02_P1,2022-11-07,40661168.915329225,0.0,,,,,,73,False,False,OBSERVED_BELOW_90_COVERAGE,21.69295140006437
2022-11-08,PATTERN_B_ET_REALISTIC_PORTFOLIO_V02_P1,2022-11-08,40661168.915329225,0.0,,,,,,73,False,False,OBSERVED_BELOW_90_COVERAGE,21.69295140006437
2022-11-09,PATTERN_B_ET_REALISTIC_PORTFOLIO_V02_P1,2022-11-09,40661168.915329225,0.0,,,,,,73,False,False,OBSERVED_BELOW_90_COVERAGE,21.69295140006437
2022-11-10,PATTERN_B_ET_REALISTIC_PORTFOLIO_V02_P1,2022-11-10,40661168.915329225,0.0,,,,,,73,False,False,OBSERVED_BELOW_90_COVERAGE,21.69295140006437
2022-11-11,PATTERN_B_ET_REALISTIC_PORTFOLIO_V02_P1,2022-11-11,40661168.915329225,0.0,,,,,,73,False,False,OBSERVED_BELOW_90_COVERAGE,21.69295140006437
2022-11-14,PATTERN_B_ET_REALISTIC_PORTFOLIO_V02_P1,2022-11-14,40661168.915329225,0.0,,,,,,73,False,False,OBSERVED_BELOW_90_COVERAGE,21.69295140006437
2022-11-15,PATTERN_B_ET_REALISTIC_PORTFOLIO_V02_P1,2022-11-15,40661168.915329225,0.0,,,,,,73,False,False,OBSERVED_BELOW_90_COVERAGE,21.69295140006437
2022-11-16,PATTERN_B_ET_REALISTIC_PORTFOLIO_V02_P1,2022-11-16,40661168.915329225,0.0,,,,,,73,False,False,OBSERVED_BELOW_90_COVERAGE,21.69295140006437
2022-11-17,PATTERN_B_ET_REALISTIC_PORTFOLIO_V02_P1,2022-11-17,40661168.915329225,0.0,,,,,,73,False,False,OBSERVED_BELOW_90_COVERAGE,21.69295140006437
2022-11-18,PATTERN_B_ET_REALISTIC_PORTFOLIO_V02_P1,2022-11-18,40661168.915329225,0.0,,,,,,73,False,False,OBSERVED_BELOW_90_COVERAGE,21.69295140006437
2022-11-21,PATTERN_B_ET_REALISTIC_PORTFOLIO_V02_P1,2022-11-21,40661168.915329225,0.0,,,,,,73,False,False,OBSERVED_BELOW_90_COVERAGE,21.69295140006437
2022-11-22,PATTERN_B_ET_REALISTIC_PORTFOLIO_V02_P1,2022-11-22,40661168.915329225,0.0,,,,,,73,False,False,OBSERVED_BELOW_90_COVERAGE,21.69295140006437
2022-11-23,PATTERN_B_ET_REALISTIC_PORTFOLIO_V02_P1,2022-11-23,40661168.915329225,0.0,,,,,,73,False,False,OBSERVED_BELOW_90_COVERAGE,21.69295140006437
2022-11-24,PATTERN_B_ET_REALISTIC_PORTFOLIO_V02_P1,2022-11-24,40661168.915329225,0.0,,,,,,73,False,False,OBSERVED_BELOW_90_COVERAGE,21.69295140006437
2022-11-25,PATTERN_B_ET_REALISTIC_PORTFOLIO_V02_P1,2022-11-25,40661168.915329225,0.0,,,,,,73,False,False,OBSERVED_BELOW_90_COVERAGE,21.69295140006437
2022-11-28,PATTERN_B_ET_REALISTIC_PORTFOLIO_V02_P1,2022-11-28,40661168.915329225,0.0,,,,,,73,False,False,OBSERVED_BELOW_90_COVERAGE,21.69295140006437
2022-11-29,PATTERN_B_ET_REALISTIC_PORTFOLIO_V02_P1,2022-11-29,40661168.915329225,0.0,,,,,,73,False,False,OBSERVED_BELOW_90_COVERAGE,21.69295140006437
2022-11-30,PATTERN_B_ET_REALISTIC_PORTFOLIO_V02_P1,2022-11-30,40661168.915329225,0.0,,,,,,73,False,False,OBSERVED_BELOW_90_COVERAGE,21.69295140006437
2022-12-01,PATTERN_B_ET_REALISTIC_PORTFOLIO_V02_P1,2022-12-01,40661168.915329225,60590374.95526875,,,,,,63,False,False,OBSERVED_BELOW_90_COVERAGE,21.69295140006437
2022-12-02,PATTERN_B_ET_REALISTIC_PORTFOLIO_V02_P1,2022-12-02,101251543.87059797,0.0,,,,,,63,False,False,OBSERVED_BELOW_90_COVERAGE,21.69295140006437
2022-12-05,PATTERN_B_ET_REALISTIC_PORTFOLIO_V02_P1,2022-12-05,101251543.87059797,0.0,,,,,,63,False,False,OBSERVED_BELOW_90_COVERAGE,21.69295140006437
2022-12-06,PATTERN_B_ET_REALISTIC_PORTFOLIO_V02_P1,2022-12-06,101251543.87059797,0.0,,,,,,63,False,False,OBSERVED_BELOW_90_COVERAGE,21.69295140006437
2022-12-07,PATTERN_B_ET_REALISTIC_PORTFOLIO_V02_P1,2022-12-07,101251543.87059797,0.0,,,,,,63,False,False,OBSERVED_BELOW_90_COVERAGE,21.69295140006437
2022-12-08,PATTERN_B_ET_REALISTIC_PORTFOLIO_V02_P1,2022-12-08,101251543.87059797,0.0,,,,,,63,False,False,OBSERVED_BELOW_90_COVERAGE,21.69295140006437
2022-12-09,PATTERN_B_ET_REALISTIC_PORTFOLIO_V02_P1,2022-12-09,101251543.87059797,0.0,,,,,,63,False,False,OBSERVED_BELOW_90_COVERAGE,21.69295140006437
2022-12-12,PATTERN_B_ET_REALISTIC_PORTFOLIO_V02_P1,2022-12-12,101251543.87059797,0.0,,,,,,63,False,False,OBSERVED_BELOW_90_COVERAGE,21.69295140006437
2022-12-13,PATTERN_B_ET_REALISTIC_PORTFOLIO_V02_P1,2022-12-13,101251543.87059797,0.0,,,,,,63,False,False,OBSERVED_BELOW_90_COVERAGE,21.69295140006437
2022-12-14,PATTERN_B_ET_REALISTIC_PORTFOLIO_V02_P1,2022-12-14,101251543.87059797,0.0,,,,,,63,False,False,OBSERVED_BELOW_90_COVERAGE,21.69295140006437
2022-12-15,PATTERN_B_ET_REALISTIC_PORTFOLIO_V02_P1,2022-12-15,101251543.87059797,0.0,,,,,,63,False,False,OBSERVED_BELOW_90_COVERAGE,21.69295140006437
2022-12-16,PATTERN_B_ET_REALISTIC_PORTFOLIO_V02_P1,2022-12-16,101251543.87059797,0.0,,,,,,63,False,False,OBSERVED_BELOW_90_COVERAGE,21.69295140006437
2022-12-19,PATTERN_B_ET_REALISTIC_PORTFOLIO_V02_P1,2022-12-19,101251543.87059797,0.0,,,,,,63,False,False,OBSERVED_BELOW_90_COVERAGE,21.69295140006437
2022-12-20,PATTERN_B_ET_REALISTIC_PORTFOLIO_V02_P1,2022-12-20,101251543.87059797,0.0,,,,,,63,False,False,OBSERVED_BELOW_90_COVERAGE,21.69295140006437
2022-12-21,PATTERN_B_ET_REALISTIC_PORTFOLIO_V02_P1,2022-12-21,101251543.87059797,0.0,,,,,,63,False,False,OBSERVED_BELOW_90_COVERAGE,21.69295140006437
2022-12-22,PATTERN_B_ET_REALISTIC_PORTFOLIO_V02_P1,2022-12-22,101251543.87059797,0.0,,,,,,63,False,False,OBSERVED_BELOW_90_COVERAGE,21.69295140006437
2022-12-23,PATTERN_B_ET_REALISTIC_PORTFOLIO_V02_P1,2022-12-23,101251543.87059797,0.0,,,,,,63,False,False,OBSERVED_BELOW_90_COVERAGE,21.69295140006437
2022-12-26,PATTERN_B_ET_REALISTIC_PORTFOLIO_V02_P1,2022-12-26,101251543.87059797,0.0,,,,,,63,False,False,OBSERVED_BELOW_90_COVERAGE,21.69295140006437
2022-12-27,PATTERN_B_ET_REALISTIC_PORTFOLIO_V02_P1,2022-12-27,101251543.87059797,0.0,,,,,,63,False,False,OBSERVED_BELOW_90_COVERAGE,21.69295140006437
2022-12-28,PATTERN_B_ET_REALISTIC_PORTFOLIO_V02_P1,2022-12-28,101251543.87059797,0.0,,,,,,63,False,False,OBSERVED_BELOW_90_COVERAGE,21.69295140006437
2022-12-29,PATTERN_B_ET_REALISTIC_PORTFOLIO_V02_P1,2022-12-29,101251543.87059797,0.0,,,,,,63,False,False,OBSERVED_BELOW_90_COVERAGE,21.69295140006437
2023-01-02,PATTERN_B_ET_REALISTIC_PORTFOLIO_V02_P1,2023-01-02,101251543.87059797,0.0,,,,,,63,False,False,OBSERVED_BELOW_90_COVERAGE,21.69295140006437
2023-01-03,PATTERN_B_ET_REALISTIC_PORTFOLIO_V02_P1,2023-01-03,101251543.87059797,0.0,,,,,,63,False,False,OBSERVED_BELOW_90_COVERAGE,21.69295140006437
2023-01-04,PATTERN_B_ET_REALISTIC_PORTFOLIO_V02_P1,2023-01-04,101251543.87059797,0.0,,,,,,63,False,False,OBSERVED_BELOW_90_COVERAGE,21.69295140006437
2023-01-05,PATTERN_B_ET_REALISTIC_PORTFOLIO_V02_P1,2023-01-05,101251543.87059797,0.0,,,,,,63,False,False,OBSERVED_BELOW_90_COVERAGE,21.69295140006437
2023-01-06,PATTERN_B_ET_REALISTIC_PORTFOLIO_V02_P1,2023-01-06,101251543.87059797,0.0,,,,,,63,False,False,OBSERVED_BELOW_90_COVERAGE,21.69295140006437
2023-01-09,PATTERN_B_ET_REALISTIC_PORTFOLIO_V02_P1,2023-01-09,101251543.87059797,0.0,,,,,,63,False,False,OBSERVED_BELOW_90_COVERAGE,21.69295140006437
2023-01-10,PATTERN_B_ET_REALISTIC_PORTFOLIO_V02_P1,2023-01-10,101251543.87059797,0.0,,,,,,63,False,False,OBSERVED_BELOW_90_COVERAGE,21.69295140006437
2023-01-11,PATTERN_B_ET_REALISTIC_PORTFOLIO_V02_P1,2023-01-11,101251543.87059797,0.0,,,,,,63,False,False,OBSERVED_BELOW_90_COVERAGE,21.69295140006437
2023-01-12,PATTERN_B_ET_REALISTIC_PORTFOLIO_V02_P1,2023-01-12,101251543.87059797,0.0,,,,,,63,False,False,OBSERVED_BELOW_90_COVERAGE,21.69295140006437
2023-01-13,PATTERN_B_ET_REALISTIC_PORTFOLIO_V02_P1,2023-01-13,101251543.87059797,0.0,,,,,,63,False,False,OBSERVED_BELOW_90_COVERAGE,21.69295140006437
2023-01-16,PATTERN_B_ET_REALISTIC_PORTFOLIO_V02_P1,2023-01-16,101251543.87059797,0.0,,,,,,63,False,False,OBSERVED_BELOW_90_COVERAGE,21.69295140006437
2023-01-17,PATTERN_B_ET_REALISTIC_PORTFOLIO_V02_P1,2023-01-17,101251543.87059797,0.0,,,,,,63,False,False,OBSERVED_BELOW_90_COVERAGE,21.69295140006437
2023-01-18,PATTERN_B_ET_REALISTIC_PORTFOLIO_V02_P1,2023-01-18,101251543.87059797,0.0,,,,,,63,False,False,OBSERVED_BELOW_90_COVERAGE,21.69295140006437
2023-01-19,PATTERN_B_ET_REALISTIC_PORTFOLIO_V02_P1,2023-01-19,101251543.87059797,0.0,,,,,,63,False,False,OBSERVED_BELOW_90_COVERAGE,21.69295140006437
2023-01-20,PATTERN_B_ET_REALISTIC_PORTFOLIO_V02_P1,2023-01-20,101251543.87059797,0.0,,,,,,63,False,False,OBSERVED_BELOW_90_COVERAGE,21.69295140006437
2023-01-25,PATTERN_B_ET_REALISTIC_PORTFOLIO_V02_P1,2023-01-25,101251543.87059797,0.0,,,,,,63,False,False,OBSERVED_BELOW_90_COVERAGE,21.69295140006437
2023-01-26,PATTERN_B_ET_REALISTIC_PORTFOLIO_V02_P1,2023-01-26,101251543.87059797,0.0,,,,,,63,False,False,OBSERVED_BELOW_90_COVERAGE,21.69295140006437
2023-01-27,PATTERN_B_ET_REALISTIC_PORTFOLIO_V02_P1,2023-01-27,101251543.87059797,0.0,,,,,,63,False,False,OBSERVED_BELOW_90_COVERAGE,21.69295140006437
2023-01-30,PATTERN_B_ET_REALISTIC_PORTFOLIO_V02_P1,2023-01-30,101251543.87059797,0.0,,,,,,63,False,False,OBSERVED_BELOW_90_COVERAGE,21.69295140006437
2023-01-31,PATTERN_B_ET_REALISTIC_PORTFOLIO_V02_P1,2023-01-31,101251543.87059797,0.0,,,,,,63,False,False,OBSERVED_BELOW_90_COVERAGE,21.69295140006437
2023-02-01,PATTERN_B_ET_REALISTIC_PORTFOLIO_V02_P1,2023-02-01,76280007.85397077,54243229.621900946,,,,,,59,False,False,OBSERVED_BELOW_90_COVERAGE,21.69295140006437
2023-02-02,PATTERN_B_ET_REALISTIC_PORTFOLIO_V02_P1,2023-02-02,130523237.47587171,0.0,,,,,,59,False,False,OBSERVED_BELOW_90_COVERAGE,21.69295140006437
2023-02-03,PATTERN_B_ET_REALISTIC_PORTFOLIO_V02_P1,2023-02-03,130523237.47587171,0.0,,,,,,59,False,False,OBSERVED_BELOW_90_COVERAGE,21.69295140006437
2023-02-06,PATTERN_B_ET_REALISTIC_PORTFOLIO_V02_P1,2023-02-06,130523237.47587171,0.0,,,,,,59,False,False,OBSERVED_BELOW_90_COVERAGE,21.69295140006437
2023-02-07,PATTERN_B_ET_REALISTIC_PORTFOLIO_V02_P1,2023-02-07,130523237.47587171,0.0,,,,,,59,False,False,OBSERVED_BELOW_90_COVERAGE,21.69295140006437
2023-02-08,PATTERN_B_ET_REALISTIC_PORTFOLIO_V02_P1,2023-02-08,130523237.47587171,0.0,,,,,,59,False,False,OBSERVED_BELOW_90_COVERAGE,21.69295140006437
2023-02-09,PATTERN_B_ET_REALISTIC_PORTFOLIO_V02_P1,2023-02-09,130523237.47587171,0.0,,,,,,59,False,False,OBSERVED_BELOW_90_COVERAGE,21.69295140006437
2023-02-10,PATTERN_B_ET_REALISTIC_PORTFOLIO_V02_P1,2023-02-10,130523237.47587171,0.0,,,,,,59,False,False,OBSERVED_BELOW_90_COVERAGE,21.69295140006437
2023-02-13,PATTERN_B_ET_REALISTIC_PORTFOLIO_V02_P1,2023-02-13,130523237.47587171,0.0,,,,,,59,False,False,OBSERVED_BELOW_90_COVERAGE,21.69295140006437
2023-02-14,PATTERN_B_ET_REALISTIC_PORTFOLIO_V02_P1,2023-02-14,130523237.47587171,0.0,,,,,,59,False,False,OBSERVED_BELOW_90_COVERAGE,21.69295140006437
2023-02-15,PATTERN_B_ET_REALISTIC_PORTFOLIO_V02_P1,2023-02-15,130523237.47587171,0.0,,,,,,59,False,False,OBSERVED_BELOW_90_COVERAGE,21.69295140006437
2023-02-16,PATTERN_B_ET_REALISTIC_PORTFOLIO_V02_P1,2023-02-16,130523237.47587171,0.0,,,,,,59,False,False,OBSERVED_BELOW_90_COVERAGE,21.69295140006437
2023-02-17,PATTERN_B_ET_REALISTIC_PORTFOLIO_V02_P1,2023-02-17,130523237.47587171,0.0,,,,,,59,False,False,OBSERVED_BELOW_90_COVERAGE,21.69295140006437
2023-02-20,PATTERN_B_ET_REALISTIC_PORTFOLIO_V02_P1,2023-02-20,130523237.47587171,0.0,,,,,,59,False,False,OBSERVED_BELOW_90_COVERAGE,21.69295140006437
2023-02-21,PATTERN_B_ET_REALISTIC_PORTFOLIO_V02_P1,2023-02-21,130523237.47587171,0.0,,,,,,59,False,False,OBSERVED_BELOW_90_COVERAGE,21.69295140006437
2023-02-22,PATTERN_B_ET_REALISTIC_PORTFOLIO_V02_P1,2023-02-22,130523237.47587171,0.0,,,,,,59,False,False,OBSERVED_BELOW_90_COVERAGE,21.69295140006437
2023-02-23,PATTERN_B_ET_REALISTIC_PORTFOLIO_V02_P1,2023-02-23,130523237.47587171,0.0,,,,,,59,False,False,OBSERVED_BELOW_90_COVERAGE,21.69295140006437
2023-02-24,PATTERN_B_ET_REALISTIC_PORTFOLIO_V02_P1,2023-02-24,130523237.47587171,0.0,,,,,,59,False,False,OBSERVED_BELOW_90_COVERAGE,21.69295140006437
2023-02-27,PATTERN_B_ET_REALISTIC_PORTFOLIO_V02_P1,2023-02-27,130523237.47587171,0.0,,,,,,59,False,False,OBSERVED_BELOW_90_COVERAGE,21.69295140006437
2023-02-28,PATTERN_B_ET_REALISTIC_PORTFOLIO_V02_P1,2023-02-28,130523237.47587171,0.0,,,,,,59,False,False,OBSERVED_BELOW_90_COVERAGE,21.69295140006437
2023-03-02,PATTERN_B_ET_REALISTIC_PORTFOLIO_V02_P1,2023-03-02,110527655.97848023,35315231.035632744,,,,,,58,False,False,OBSERVED_BELOW_90_COVERAGE,21.69295140006437
2023-03-03,PATTERN_B_ET_REALISTIC_PORTFOLIO_V02_P1,2023-03-03,145842887.01411298,0.0,,,,,,58,False,False,OBSERVED_BELOW_90_COVERAGE,21.69295140006437
2023-03-06,PATTERN_B_ET_REALISTIC_PORTFOLIO_V02_P1,2023-03-06,145842887.01411298,0.0,,,,,,58,False,False,OBSERVED_BELOW_90_COVERAGE,21.69295140006437
2023-03-07,PATTERN_B_ET_REALISTIC_PORTFOLIO_V02_P1,2023-03-07,145842887.01411298,0.0,,,,,,58,False,False,OBSERVED_BELOW_90_COVERAGE,21.69295140006437
2023-03-08,PATTERN_B_ET_REALISTIC_PORTFOLIO_V02_P1,2023-03-08,145842887.01411298,0.0,,,,,,58,False,False,OBSERVED_BELOW_90_COVERAGE,21.69295140006437
2023-03-09,PATTERN_B_ET_REALISTIC_PORTFOLIO_V02_P1,2023-03-09,145842887.01411298,0.0,,,,,,58,False,False,OBSERVED_BELOW_90_COVERAGE,21.69295140006437
2023-03-10,PATTERN_B_ET_REALISTIC_PORTFOLIO_V02_P1,2023-03-10,145842887.01411298,0.0,,,,,,58,False,False,OBSERVED_BELOW_90_COVERAGE,21.69295140006437
2023-03-13,PATTERN_B_ET_REALISTIC_PORTFOLIO_V02_P1,2023-03-13,145842887.01411298,0.0,,,,,,58,False,False,OBSERVED_BELOW_90_COVERAGE,21.69295140006437
2023-03-14,PATTERN_B_ET_REALISTIC_PORTFOLIO_V02_P1,2023-03-14,145842887.01411298,0.0,,,,,,58,False,False,OBSERVED_BELOW_90_COVERAGE,21.69295140006437
2023-03-15,PATTERN_B_ET_REALISTIC_PORTFOLIO_V02_P1,2023-03-15,145842887.01411298,0.0,,,,,,58,False,False,OBSERVED_BELOW_90_COVERAGE,21.69295140006437
2023-03-16,PATTERN_B_ET_REALISTIC_PORTFOLIO_V02_P1,2023-03-16,145842887.01411298,0.0,,,,,,58,False,False,OBSERVED_BELOW_90_COVERAGE,21.69295140006437
2023-03-17,PATTERN_B_ET_REALISTIC_PORTFOLIO_V02_P1,2023-03-17,145842887.01411298,0.0,,,,,,58,False,False,OBSERVED_BELOW_90_COVERAGE,21.69295140006437
2023-03-20,PATTERN_B_ET_REALISTIC_PORTFOLIO_V02_P1,2023-03-20,145842887.01411298,0.0,,,,,,58,False,False,OBSERVED_BELOW_90_COVERAGE,21.69295140006437
2023-03-21,PATTERN_B_ET_REALISTIC_PORTFOLIO_V02_P1,2023-03-21,145842887.01411298,0.0,,,,,,58,False,False,OBSERVED_BELOW_90_COVERAGE,21.69295140006437
2023-03-22,PATTERN_B_ET_REALISTIC_PORTFOLIO_V02_P1,2023-03-22,145842887.01411298,0.0,,,,,,58,False,False,OBSERVED_BELOW_90_COVERAGE,21.69295140006437
2023-03-23,PATTERN_B_ET_REALISTIC_PORTFOLIO_V02_P1,2023-03-23,145842887.01411298,0.0,,,,,,58,False,False,OBSERVED_BELOW_90_COVERAGE,21.69295140006437
2023-03-24,PATTERN_B_ET_REALISTIC_PORTFOLIO_V02_P1,2023-03-24,145842887.01411298,0.0,,,,,,58,False,False,OBSERVED_BELOW_90_COVERAGE,21.69295140006437
2023-03-27,PATTERN_B_ET_REALISTIC_PORTFOLIO_V02_P1,2023-03-27,145842887.01411298,0.0,,,,,,58,False,False,OBSERVED_BELOW_90_COVERAGE,21.69295140006437
2023-03-28,PATTERN_B_ET_REALISTIC_PORTFOLIO_V02_P1,2023-03-28,145842887.01411298,0.0,,,,,,58,False,False,OBSERVED_BELOW_90_COVERAGE,21.69295140006437
2023-03-29,PATTERN_B_ET_REALISTIC_PORTFOLIO_V02_P1,2023-03-29,145842887.01411298,0.0,,,,,,58,False,False,OBSERVED_BELOW_90_COVERAGE,21.69295140006437
2023-03-30,PATTERN_B_ET_REALISTIC_PORTFOLIO_V02_P1,2023-03-30,145842887.01411298,0.0,,,,,,58,False,False,OBSERVED_BELOW_90_COVERAGE,21.69295140006437
2023-03-31,PATTERN_B_ET_REALISTIC_PORTFOLIO_V02_P1,2023-03-31,145842887.01411298,0.0,,,,,,58,False,False,OBSERVED_BELOW_90_COVERAGE,21.69295140006437
2023-04-03,PATTERN_B_ET_REALISTIC_PORTFOLIO_V02_P1,2023-04-03,125852221.16395797,12525990.4095615,,,,,,60,False,False,OBSERVED_BELOW_90_COVERAGE,21.69295140006437
2023-04-04,PATTERN_B_ET_REALISTIC_PORTFOLIO_V02_P1,2023-04-04,138378211.57351947,0.0,,,,,,60,False,False,OBSERVED_BELOW_90_COVERAGE,21.69295140006437
2023-04-05,PATTERN_B_ET_REALISTIC_PORTFOLIO_V02_P1,2023-04-05,138378211.57351947,0.0,,,,,,60,False,False,OBSERVED_BELOW_90_COVERAGE,21.69295140006437
2023-04-06,PATTERN_B_ET_REALISTIC_PORTFOLIO_V02_P1,2023-04-06,138378211.57351947,0.0,,,,,,60,False,False,OBSERVED_BELOW_90_COVERAGE,21.69295140006437
2023-04-07,PATTERN_B_ET_REALISTIC_PORTFOLIO_V02_P1,2023-04-07,138378211.57351947,0.0,,,,,,60,False,False,OBSERVED_BELOW_90_COVERAGE,21.69295140006437
2023-04-10,PATTERN_B_ET_REALISTIC_PORTFOLIO_V02_P1,2023-04-10,138378211.57351947,0.0,,,,,,60,False,False,OBSERVED_BELOW_90_COVERAGE,21.69295140006437
2023-04-11,PATTERN_B_ET_REALISTIC_PORTFOLIO_V02_P1,2023-04-11,138378211.57351947,0.0,,,,,,60,False,False,OBSERVED_BELOW_90_COVERAGE,21.69295140006437
2023-04-12,PATTERN_B_ET_REALISTIC_PORTFOLIO_V02_P1,2023-04-12,138378211.57351947,0.0,,,,,,60,False,False,OBSERVED_BELOW_90_COVERAGE,21.69295140006437
2023-04-13,PATTERN_B_ET_REALISTIC_PORTFOLIO_V02_P1,2023-04-13,138378211.57351947,0.0,,,,,,60,False,False,OBSERVED_BELOW_90_COVERAGE,21.69295140006437
2023-04-14,PATTERN_B_ET_REALISTIC_PORTFOLIO_V02_P1,2023-04-14,138378211.57351947,0.0,,,,,,60,False,False,OBSERVED_BELOW_90_COVERAGE,21.69295140006437
2023-04-17,PATTERN_B_ET_REALISTIC_PORTFOLIO_V02_P1,2023-04-17,138378211.57351947,0.0,,,,,,60,False,False,OBSERVED_BELOW_90_COVERAGE,21.69295140006437
2023-04-18,PATTERN_B_ET_REALISTIC_PORTFOLIO_V02_P1,2023-04-18,138378211.57351947,0.0,,,,,,60,False,False,OBSERVED_BELOW_90_COVERAGE,21.69295140006437
2023-04-19,PATTERN_B_ET_REALISTIC_PORTFOLIO_V02_P1,2023-04-19,138378211.57351947,0.0,,,,,,60,False,False,OBSERVED_BELOW_90_COVERAGE,21.69295140006437
2023-04-20,PATTERN_B_ET_REALISTIC_PORTFOLIO_V02_P1,2023-04-20,138378211.57351947,0.0,,,,,,60,False,False,OBSERVED_BELOW_90_COVERAGE,21.69295140006437
2023-04-21,PATTERN_B_ET_REALISTIC_PORTFOLIO_V02_P1,2023-04-21,138378211.57351947,0.0,,,,,,60,False,False,OBSERVED_BELOW_90_COVERAGE,21.69295140006437
2023-04-24,PATTERN_B_ET_REALISTIC_PORTFOLIO_V02_P1,2023-04-24,138378211.57351947,0.0,,,,,,60,False,False,OBSERVED_BELOW_90_COVERAGE,21.69295140006437
2023-04-25,PATTERN_B_ET_REALISTIC_PORTFOLIO_V02_P1,2023-04-25,138378211.57351947,0.0,,,,,,60,False,False,OBSERVED_BELOW_90_COVERAGE,21.69295140006437
2023-04-26,PATTERN_B_ET_REALISTIC_PORTFOLIO_V02_P1,2023-04-26,138378211.57351947,0.0,,,,,,60,False,False,OBSERVED_BELOW_90_COVERAGE,21.69295140006437
2023-04-27,PATTERN_B_ET_REALISTIC_PORTFOLIO_V02_P1,2023-04-27,138378211.57351947,0.0,,,,,,60,False,False,OBSERVED_BELOW_90_COVERAGE,21.69295140006437
2023-04-28,PATTERN_B_ET_REALISTIC_PORTFOLIO_V02_P1,2023-04-28,138378211.57351947,0.0,,,,,,60,False,False,OBSERVED_BELOW_90_COVERAGE,21.69295140006437
2023-05-02,PATTERN_B_ET_REALISTIC_PORTFOLIO_V02_P1,2023-05-02,138378211.57351947,0.0,,,,,,60,False,False,OBSERVED_BELOW_90_COVERAGE,21.69295140006437
2023-05-03,PATTERN_B_ET_REALISTIC_PORTFOLIO_V02_P1,2023-05-03,138378211.57351947,0.0,,,,,,60,False,False,OBSERVED_BELOW_90_COVERAGE,21.69295140006437
2023-05-04,PATTERN_B_ET_REALISTIC_PORTFOLIO_V02_P1,2023-05-04,138378211.57351947,0.0,,,,,,60,False,False,OBSERVED_BELOW_90_COVERAGE,21.69295140006437
2023-05-08,PATTERN_B_ET_REALISTIC_PORTFOLIO_V02_P1,2023-05-08,138378211.57351947,0.0,,,,,,60,False,False,OBSERVED_BELOW_90_COVERAGE,21.69295140006437
2023-05-09,PATTERN_B_ET_REALISTIC_PORTFOLIO_V02_P1,2023-05-09,138378211.57351947,0.0,,,,,,60,False,False,OBSERVED_BELOW_90_COVERAGE,21.69295140006437
2023-05-10,PATTERN_B_ET_REALISTIC_PORTFOLIO_V02_P1,2023-05-10,138378211.57351947,0.0,,,,,,60,False,False,OBSERVED_BELOW_90_COVERAGE,21.69295140006437
2023-05-11,PATTERN_B_ET_REALISTIC_PORTFOLIO_V02_P1,2023-05-11,138378211.57351947,0.0,,,,,,60,False,False,OBSERVED_BELOW_90_COVERAGE,21.69295140006437
2023-05-12,PATTERN_B_ET_REALISTIC_PORTFOLIO_V02_P1,2023-05-12,138378211.57351947,0.0,,,,,,60,False,False,OBSERVED_BELOW_90_COVERAGE,21.69295140006437
2023-05-15,PATTERN_B_ET_REALISTIC_PORTFOLIO_V02_P1,2023-05-15,138378211.57351947,0.0,,,,,,60,False,False,OBSERVED_BELOW_90_COVERAGE,21.69295140006437
2023-05-16,PATTERN_B_ET_REALISTIC_PORTFOLIO_V02_P1,2023-05-16,138378211.57351947,0.0,,,,,,60,False,False,OBSERVED_BELOW_90_COVERAGE,21.69295140006437
2023-05-17,PATTERN_B_ET_REALISTIC_PORTFOLIO_V02_P1,2023-05-17,138378211.57351947,0.0,,,,,,60,False,False,OBSERVED_BELOW_90_COVERAGE,21.69295140006437
2023-05-18,PATTERN_B_ET_REALISTIC_PORTFOLIO_V02_P1,2023-05-18,138378211.57351947,0.0,,,,,,60,False,False,OBSERVED_BELOW_90_COVERAGE,21.69295140006437
2023-05-19,PATTERN_B_ET_REALISTIC_PORTFOLIO_V02_P1,2023-05-19,138378211.57351947,0.0,,,,,,60,False,False,OBSERVED_BELOW_90_COVERAGE,21.69295140006437
2023-05-22,PATTERN_B_ET_REALISTIC_PORTFOLIO_V02_P1,2023-05-22,138378211.57351947,0.0,,,,,,60,False,False,OBSERVED_BELOW_90_COVERAGE,21.69295140006437
2023-05-23,PATTERN_B_ET_REALISTIC_PORTFOLIO_V02_P1,2023-05-23,138378211.57351947,0.0,,,,,,60,False,False,OBSERVED_BELOW_90_COVERAGE,21.69295140006437
2023-05-24,PATTERN_B_ET_REALISTIC_PORTFOLIO_V02_P1,2023-05-24,138378211.57351947,0.0,,,,,,60,False,False,OBSERVED_BELOW_90_COVERAGE,21.69295140006437
2023-05-25,PATTERN_B_ET_REALISTIC_PORTFOLIO_V02_P1,2023-05-25,138378211.57351947,0.0,,,,,,60,False,False,OBSERVED_BELOW_90_COVERAGE,21.69295140006437
2023-05-26,PATTERN_B_ET_REALISTIC_PORTFOLIO_V02_P1,2023-05-26,138378211.57351947,0.0,,,,,,60,False,False,OBSERVED_BELOW_90_COVERAGE,21.69295140006437
2023-05-30,PATTERN_B_ET_REALISTIC_PORTFOLIO_V02_P1,2023-05-30,138378211.57351947,0.0,,,,,,60,False,False,OBSERVED_BELOW_90_COVERAGE,21.69295140006437
2023-05-31,PATTERN_B_ET_REALISTIC_PORTFOLIO_V02_P1,2023-05-31,138378211.57351947,0.0,,,,,,60,False,False,OBSERVED_BELOW_90_COVERAGE,21.69295140006437
2023-06-01,PATTERN_B_ET_REALISTIC_PORTFOLIO_V02_P1,2023-06-01,138378211.57351947,46813890.08201715,,,,,,51,False,False,OBSERVED_BELOW_90_COVERAGE,21.69295140006437
2023-06-02,PATTERN_B_ET_REALISTIC_PORTFOLIO_V02_P1,2023-06-02,185192101.65553662,0.0,,,,,,51,False,False,OBSERVED_BELOW_90_COVERAGE,21.69295140006437
2023-06-05,PATTERN_B_ET_REALISTIC_PORTFOLIO_V02_P1,2023-06-05,185192101.65553662,0.0,,,,,,51,False,False,OBSERVED_BELOW_90_COVERAGE,21.69295140006437
2023-06-07,PATTERN_B_ET_REALISTIC_PORTFOLIO_V02_P1,2023-06-07,185192101.65553662,0.0,,,,,,51,False,False,OBSERVED_BELOW_90_COVERAGE,21.69295140006437
2023-06-08,PATTERN_B_ET_REALISTIC_PORTFOLIO_V02_P1,2023-06-08,185192101.65553662,0.0,,,,,,51,False,False,OBSERVED_BELOW_90_COVERAGE,21.69295140006437
2023-06-09,PATTERN_B_ET_REALISTIC_PORTFOLIO_V02_P1,2023-06-09,185192101.65553662,0.0,,,,,,51,False,False,OBSERVED_BELOW_90_COVERAGE,21.69295140006437
2023-06-12,PATTERN_B_ET_REALISTIC_PORTFOLIO_V02_P1,2023-06-12,185192101.65553662,0.0,,,,,,51,False,False,OBSERVED_BELOW_90_COVERAGE,21.69295140006437
2023-06-13,PATTERN_B_ET_REALISTIC_PORTFOLIO_V02_P1,2023-06-13,185192101.65553662,0.0,,,,,,51,False,False,OBSERVED_BELOW_90_COVERAGE,21.69295140006437
2023-06-14,PATTERN_B_ET_REALISTIC_PORTFOLIO_V02_P1,2023-06-14,185192101.65553662,0.0,,,,,,51,False,False,OBSERVED_BELOW_90_COVERAGE,21.69295140006437
2023-06-15,PATTERN_B_ET_REALISTIC_PORTFOLIO_V02_P1,2023-06-15,185192101.65553662,0.0,,,,,,51,False,False,OBSERVED_BELOW_90_COVERAGE,21.69295140006437
2023-06-16,PATTERN_B_ET_REALISTIC_PORTFOLIO_V02_P1,2023-06-16,185192101.65553662,0.0,,,,,,51,False,False,OBSERVED_BELOW_90_COVERAGE,21.69295140006437
2023-06-19,PATTERN_B_ET_REALISTIC_PORTFOLIO_V02_P1,2023-06-19,185192101.65553662,0.0,,,,,,51,False,False,OBSERVED_BELOW_90_COVERAGE,21.69295140006437
2023-06-20,PATTERN_B_ET_REALISTIC_PORTFOLIO_V02_P1,2023-06-20,185192101.65553662,0.0,,,,,,51,False,False,OBSERVED_BELOW_90_COVERAGE,21.69295140006437
2023-06-21,PATTERN_B_ET_REALISTIC_PORTFOLIO_V02_P1,2023-06-21,185192101.65553662,0.0,,,,,,51,False,False,OBSERVED_BELOW_90_COVERAGE,21.69295140006437
2023-06-22,PATTERN_B_ET_REALISTIC_PORTFOLIO_V02_P1,2023-06-22,185192101.65553662,0.0,,,,,,51,False,False,OBSERVED_BELOW_90_COVERAGE,21.69295140006437
2023-06-23,PATTERN_B_ET_REALISTIC_PORTFOLIO_V02_P1,2023-06-23,185192101.65553662,0.0,,,,,,51,False,False,OBSERVED_BELOW_90_COVERAGE,21.69295140006437
2023-06-26,PATTERN_B_ET_REALISTIC_PORTFOLIO_V02_P1,2023-06-26,185192101.65553662,0.0,,,,,,51,False,False,OBSERVED_BELOW_90_COVERAGE,21.69295140006437
2023-06-27,PATTERN_B_ET_REALISTIC_PORTFOLIO_V02_P1,2023-06-27,185192101.65553662,0.0,,,,,,51,False,False,OBSERVED_BELOW_90_COVERAGE,21.69295140006437
2023-06-28,PATTERN_B_ET_REALISTIC_PORTFOLIO_V02_P1,2023-06-28,185192101.65553662,0.0,,,,,,51,False,False,OBSERVED_BELOW_90_COVERAGE,21.69295140006437
2023-06-29,PATTERN_B_ET_REALISTIC_PORTFOLIO_V02_P1,2023-06-29,185192101.65553662,0.0,,,,,,51,False,False,OBSERVED_BELOW_90_COVERAGE,21.69295140006437
2023-06-30,PATTERN_B_ET_REALISTIC_PORTFOLIO_V02_P1,2023-06-30,185192101.65553662,0.0,,,,,,51,False,False,OBSERVED_BELOW_90_COVERAGE,21.69295140006437
2023-07-03,PATTERN_B_ET_REALISTIC_PORTFOLIO_V02_P1,2023-07-03,175199491.8588671,17889366.232494,,,,,,50,False,False,OBSERVED_BELOW_90_COVERAGE,21.69295140006437
2023-07-04,PATTERN_B_ET_REALISTIC_PORTFOLIO_V02_P1,2023-07-04,193088858.0913611,0.0,,,,,,50,False,False,OBSERVED_BELOW_90_COVERAGE,21.69295140006437
2023-07-05,PATTERN_B_ET_REALISTIC_PORTFOLIO_V02_P1,2023-07-05,193088858.0913611,0.0,,,,,,50,False,False,OBSERVED_BELOW_90_COVERAGE,21.69295140006437
2023-07-06,PATTERN_B_ET_REALISTIC_PORTFOLIO_V02_P1,2023-07-06,193088858.0913611,0.0,,,,,,50,False,False,OBSERVED_BELOW_90_COVERAGE,21.69295140006437
2023-07-07,PATTERN_B_ET_REALISTIC_PORTFOLIO_V02_P1,2023-07-07,193088858.0913611,0.0,,,,,,50,False,False,OBSERVED_BELOW_90_COVERAGE,21.69295140006437
2023-07-10,PATTERN_B_ET_REALISTIC_PORTFOLIO_V02_P1,2023-07-10,193088858.0913611,0.0,,,,,,50,False,False,OBSERVED_BELOW_90_COVERAGE,21.69295140006437
2023-07-11,PATTERN_B_ET_REALISTIC_PORTFOLIO_V02_P1,2023-07-11,193088858.0913611,0.0,,,,,,50,False,False,OBSERVED_BELOW_90_COVERAGE,21.69295140006437
2023-07-12,PATTERN_B_ET_REALISTIC_PORTFOLIO_V02_P1,2023-07-12,193088858.0913611,0.0,,,,,,50,False,False,OBSERVED_BELOW_90_COVERAGE,21.69295140006437
2023-07-13,PATTERN_B_ET_REALISTIC_PORTFOLIO_V02_P1,2023-07-13,193088858.0913611,0.0,,,,,,50,False,False,OBSERVED_BELOW_90_COVERAGE,21.69295140006437
2023-07-14,PATTERN_B_ET_REALISTIC_PORTFOLIO_V02_P1,2023-07-14,193088858.0913611,0.0,,,,,,50,False,False,OBSERVED_BELOW_90_COVERAGE,21.69295140006437
2023-07-17,PATTERN_B_ET_REALISTIC_PORTFOLIO_V02_P1,2023-07-17,193088858.0913611,0.0,,,,,,50,False,False,OBSERVED_BELOW_90_COVERAGE,21.69295140006437
2023-07-18,PATTERN_B_ET_REALISTIC_PORTFOLIO_V02_P1,2023-07-18,193088858.0913611,0.0,,,,,,50,False,False,OBSERVED_BELOW_90_COVERAGE,21.69295140006437
2023-07-19,PATTERN_B_ET_REALISTIC_PORTFOLIO_V02_P1,2023-07-19,193088858.0913611,0.0,,,,,,50,False,False,OBSERVED_BELOW_90_COVERAGE,21.69295140006437
2023-07-20,PATTERN_B_ET_REALISTIC_PORTFOLIO_V02_P1,2023-07-20,193088858.0913611,0.0,,,,,,50,False,False,OBSERVED_BELOW_90_COVERAGE,21.69295140006437
2023-07-21,PATTERN_B_ET_REALISTIC_PORTFOLIO_V02_P1,2023-07-21,193088858.0913611,0.0,,,,,,50,False,False,OBSERVED_BELOW_90_COVERAGE,21.69295140006437
2023-07-24,PATTERN_B_ET_REALISTIC_PORTFOLIO_V02_P1,2023-07-24,193088858.0913611,0.0,,,,,,50,False,False,OBSERVED_BELOW_90_COVERAGE,21.69295140006437
2023-07-25,PATTERN_B_ET_REALISTIC_PORTFOLIO_V02_P1,2023-07-25,193088858.0913611,0.0,,,,,,50,False,False,OBSERVED_BELOW_90_COVERAGE,21.69295140006437
2023-07-26,PATTERN_B_ET_REALISTIC_PORTFOLIO_V02_P1,2023-07-26,193088858.0913611,0.0,,,,,,50,False,False,OBSERVED_BELOW_90_COVERAGE,21.69295140006437
2023-07-27,PATTERN_B_ET_REALISTIC_PORTFOLIO_V02_P1,2023-07-27,193088858.0913611,0.0,,,,,,50,False,False,OBSERVED_BELOW_90_COVERAGE,21.69295140006437
2023-07-28,PATTERN_B_ET_REALISTIC_PORTFOLIO_V02_P1,2023-07-28,193088858.0913611,0.0,,,,,,50,False,False,OBSERVED_BELOW_90_COVERAGE,21.69295140006437
2023-07-31,PATTERN_B_ET_REALISTIC_PORTFOLIO_V02_P1,2023-07-31,193088858.0913611,0.0,,,,,,50,False,False,OBSERVED_BELOW_90_COVERAGE,21.69295140006437
2023-08-01,PATTERN_B_ET_REALISTIC_PORTFOLIO_V02_P1,2023-08-01,183092113.54457211,18763020.504693,,,,,,49,False,False,OBSERVED_BELOW_90_COVERAGE,21.69295140006437
2023-08-02,PATTERN_B_ET_REALISTIC_PORTFOLIO_V02_P1,2023-08-02,201855134.04926512,0.0,,,,,,49,False,False,OBSERVED_BELOW_90_COVERAGE,21.69295140006437
2023-08-03,PATTERN_B_ET_REALISTIC_PORTFOLIO_V02_P1,2023-08-03,201855134.04926512,0.0,,,,,,49,False,False,OBSERVED_BELOW_90_COVERAGE,21.69295140006437
2023-08-04,PATTERN_B_ET_REALISTIC_PORTFOLIO_V02_P1,2023-08-04,201855134.04926512,0.0,,,,,,49,False,False,OBSERVED_BELOW_90_COVERAGE,21.69295140006437
2023-08-07,PATTERN_B_ET_REALISTIC_PORTFOLIO_V02_P1,2023-08-07,201855134.04926512,0.0,,,,,,49,False,False,OBSERVED_BELOW_90_COVERAGE,21.69295140006437
2023-08-08,PATTERN_B_ET_REALISTIC_PORTFOLIO_V02_P1,2023-08-08,201855134.04926512,0.0,,,,,,49,False,False,OBSERVED_BELOW_90_COVERAGE,21.69295140006437
2023-08-09,PATTERN_B_ET_REALISTIC_PORTFOLIO_V02_P1,2023-08-09,201855134.04926512,0.0,,,,,,49,False,False,OBSERVED_BELOW_90_COVERAGE,21.69295140006437
2023-08-10,PATTERN_B_ET_REALISTIC_PORTFOLIO_V02_P1,2023-08-10,201855134.04926512,0.0,,,,,,49,False,False,OBSERVED_BELOW_90_COVERAGE,21.69295140006437
2023-08-11,PATTERN_B_ET_REALISTIC_PORTFOLIO_V02_P1,2023-08-11,201855134.04926512,0.0,,,,,,49,False,False,OBSERVED_BELOW_90_COVERAGE,21.69295140006437
2023-08-14,PATTERN_B_ET_REALISTIC_PORTFOLIO_V02_P1,2023-08-14,201855134.04926512,0.0,,,,,,49,False,False,OBSERVED_BELOW_90_COVERAGE,21.69295140006437
2023-08-16,PATTERN_B_ET_REALISTIC_PORTFOLIO_V02_P1,2023-08-16,201855134.04926512,0.0,,,,,,49,False,False,OBSERVED_BELOW_90_COVERAGE,21.69295140006437
2023-08-17,PATTERN_B_ET_REALISTIC_PORTFOLIO_V02_P1,2023-08-17,201855134.04926512,0.0,,,,,,49,False,False,OBSERVED_BELOW_90_COVERAGE,21.69295140006437
2023-08-18,PATTERN_B_ET_REALISTIC_PORTFOLIO_V02_P1,2023-08-18,201855134.04926512,0.0,,,,,,49,False,False,OBSERVED_BELOW_90_COVERAGE,21.69295140006437
2023-08-21,PATTERN_B_ET_REALISTIC_PORTFOLIO_V02_P1,2023-08-21,201855134.04926512,0.0,,,,,,49,False,False,OBSERVED_BELOW_90_COVERAGE,21.69295140006437
2023-08-22,PATTERN_B_ET_REALISTIC_PORTFOLIO_V02_P1,2023-08-22,201855134.04926512,0.0,,,,,,49,False,False,OBSERVED_BELOW_90_COVERAGE,21.69295140006437
2023-08-23,PATTERN_B_ET_REALISTIC_PORTFOLIO_V02_P1,2023-08-23,201855134.04926512,0.0,,,,,,49,False,False,OBSERVED_BELOW_90_COVERAGE,21.69295140006437
2023-08-24,PATTERN_B_ET_REALISTIC_PORTFOLIO_V02_P1,2023-08-24,201855134.04926512,0.0,,,,,,49,False,False,OBSERVED_BELOW_90_COVERAGE,21.69295140006437
2023-08-25,PATTERN_B_ET_REALISTIC_PORTFOLIO_V02_P1,2023-08-25,201855134.04926512,0.0,,,,,,49,False,False,OBSERVED_BELOW_90_COVERAGE,21.69295140006437
2023-08-28,PATTERN_B_ET_REALISTIC_PORTFOLIO_V02_P1,2023-08-28,201855134.04926512,0.0,,,,,,49,False,False,OBSERVED_BELOW_90_COVERAGE,21.69295140006437
2023-08-29,PATTERN_B_ET_REALISTIC_PORTFOLIO_V02_P1,2023-08-29,201855134.04926512,0.0,,,,,,49,False,False,OBSERVED_BELOW_90_COVERAGE,21.69295140006437
2023-08-30,PATTERN_B_ET_REALISTIC_PORTFOLIO_V02_P1,2023-08-30,201855134.04926512,0.0,,,,,,49,False,False,OBSERVED_BELOW_90_COVERAGE,21.69295140006437
2023-08-31,PATTERN_B_ET_REALISTIC_PORTFOLIO_V02_P1,2023-08-31,201855134.04926512,0.0,,,,,,49,False,False,OBSERVED_BELOW_90_COVERAGE,21.69295140006437
2023-09-01,PATTERN_B_ET_REALISTIC_PORTFOLIO_V02_P1,2023-09-01,186875955.53946963,9834938.277939,,,,,,50,False,False,OBSERVED_BELOW_90_COVERAGE,21.69295140006437
2023-09-04,PATTERN_B_ET_REALISTIC_PORTFOLIO_V02_P1,2023-09-04,196710893.81740862,0.0,,,,,,50,False,False,OBSERVED_BELOW_90_COVERAGE,21.69295140006437
2023-09-05,PATTERN_B_ET_REALISTIC_PORTFOLIO_V02_P1,2023-09-05,196710893.81740862,0.0,,,,,,50,False,False,OBSERVED_BELOW_90_COVERAGE,21.69295140006437
2023-09-06,PATTERN_B_ET_REALISTIC_PORTFOLIO_V02_P1,2023-09-06,196710893.81740862,0.0,,,,,,50,False,False,OBSERVED_BELOW_90_COVERAGE,21.69295140006437
2023-09-07,PATTERN_B_ET_REALISTIC_PORTFOLIO_V02_P1,2023-09-07,196710893.81740862,0.0,,,,,,50,False,False,OBSERVED_BELOW_90_COVERAGE,21.69295140006437
2023-09-08,PATTERN_B_ET_REALISTIC_PORTFOLIO_V02_P1,2023-09-08,196710893.81740862,0.0,,,,,,50,False,False,OBSERVED_BELOW_90_COVERAGE,21.69295140006437
2023-09-11,PATTERN_B_ET_REALISTIC_PORTFOLIO_V02_P1,2023-09-11,196710893.81740862,0.0,,,,,,50,False,False,OBSERVED_BELOW_90_COVERAGE,21.69295140006437
2023-09-12,PATTERN_B_ET_REALISTIC_PORTFOLIO_V02_P1,2023-09-12,196710893.81740862,0.0,,,,,,50,False,False,OBSERVED_BELOW_90_COVERAGE,21.69295140006437
2023-09-13,PATTERN_B_ET_REALISTIC_PORTFOLIO_V02_P1,2023-09-13,196710893.81740862,0.0,,,,,,50,False,False,OBSERVED_BELOW_90_COVERAGE,21.69295140006437
2023-09-14,PATTERN_B_ET_REALISTIC_PORTFOLIO_V02_P1,2023-09-14,196710893.81740862,0.0,,,,,,50,False,False,OBSERVED_BELOW_90_COVERAGE,21.69295140006437
2023-09-15,PATTERN_B_ET_REALISTIC_PORTFOLIO_V02_P1,2023-09-15,196710893.81740862,0.0,,,,,,50,False,False,OBSERVED_BELOW_90_COVERAGE,21.69295140006437
2023-09-18,PATTERN_B_ET_REALISTIC_PORTFOLIO_V02_P1,2023-09-18,196710893.81740862,0.0,,,,,,50,False,False,OBSERVED_BELOW_90_COVERAGE,21.69295140006437
2023-09-19,PATTERN_B_ET_REALISTIC_PORTFOLIO_V02_P1,2023-09-19,196710893.81740862,0.0,,,,,,50,False,False,OBSERVED_BELOW_90_COVERAGE,21.69295140006437
2023-09-20,PATTERN_B_ET_REALISTIC_PORTFOLIO_V02_P1,2023-09-20,196710893.81740862,0.0,,,,,,50,False,False,OBSERVED_BELOW_90_COVERAGE,21.69295140006437
2023-09-21,PATTERN_B_ET_REALISTIC_PORTFOLIO_V02_P1,2023-09-21,196710893.81740862,0.0,,,,,,50,False,False,OBSERVED_BELOW_90_COVERAGE,21.69295140006437
2023-09-22,PATTERN_B_ET_REALISTIC_PORTFOLIO_V02_P1,2023-09-22,196710893.81740862,0.0,,,,,,50,False,False,OBSERVED_BELOW_90_COVERAGE,21.69295140006437
2023-09-25,PATTERN_B_ET_REALISTIC_PORTFOLIO_V02_P1,2023-09-25,196710893.81740862,0.0,,,,,,50,False,False,OBSERVED_BELOW_90_COVERAGE,21.69295140006437
2023-09-26,PATTERN_B_ET_REALISTIC_PORTFOLIO_V02_P1,2023-09-26,196710893.81740862,0.0,,,,,,50,False,False,OBSERVED_BELOW_90_COVERAGE,21.69295140006437
2023-09-27,PATTERN_B_ET_REALISTIC_PORTFOLIO_V02_P1,2023-09-27,196710893.81740862,0.0,,,,,,50,False,False,OBSERVED_BELOW_90_COVERAGE,21.69295140006437
2023-10-04,PATTERN_B_ET_REALISTIC_PORTFOLIO_V02_P1,2023-10-04,196710893.81740862,0.0,,,,,,50,False,False,OBSERVED_BELOW_90_COVERAGE,21.69295140006437
2023-10-05,PATTERN_B_ET_REALISTIC_PORTFOLIO_V02_P1,2023-10-05,196710893.81740862,0.0,,,,,,50,False,False,OBSERVED_BELOW_90_COVERAGE,21.69295140006437
2023-10-06,PATTERN_B_ET_REALISTIC_PORTFOLIO_V02_P1,2023-10-06,196710893.81740862,0.0,,,,,,50,False,False,OBSERVED_BELOW_90_COVERAGE,21.69295140006437
2023-10-10,PATTERN_B_ET_REALISTIC_PORTFOLIO_V02_P1,2023-10-10,196710893.81740862,0.0,,,,,,50,False,False,OBSERVED_BELOW_90_COVERAGE,21.69295140006437
2023-10-11,PATTERN_B_ET_REALISTIC_PORTFOLIO_V02_P1,2023-10-11,196710893.81740862,0.0,,,,,,50,False,False,OBSERVED_BELOW_90_COVERAGE,21.69295140006437
2023-10-12,PATTERN_B_ET_REALISTIC_PORTFOLIO_V02_P1,2023-10-12,196710893.81740862,0.0,,,,,,50,False,False,OBSERVED_BELOW_90_COVERAGE,21.69295140006437
2023-10-13,PATTERN_B_ET_REALISTIC_PORTFOLIO_V02_P1,2023-10-13,196710893.81740862,0.0,,,,,,50,False,False,OBSERVED_BELOW_90_COVERAGE,21.69295140006437
2023-10-16,PATTERN_B_ET_REALISTIC_PORTFOLIO_V02_P1,2023-10-16,196710893.81740862,0.0,,,,,,50,False,False,OBSERVED_BELOW_90_COVERAGE,21.69295140006437
2023-10-17,PATTERN_B_ET_REALISTIC_PORTFOLIO_V02_P1,2023-10-17,196710893.81740862,0.0,,,,,,50,False,False,OBSERVED_BELOW_90_COVERAGE,21.69295140006437
2023-10-18,PATTERN_B_ET_REALISTIC_PORTFOLIO_V02_P1,2023-10-18,196710893.81740862,0.0,,,,,,50,False,False,OBSERVED_BELOW_90_COVERAGE,21.69295140006437
2023-10-19,PATTERN_B_ET_REALISTIC_PORTFOLIO_V02_P1,2023-10-19,196710893.81740862,0.0,,,,,,50,False,False,OBSERVED_BELOW_90_COVERAGE,21.69295140006437
2023-10-20,PATTERN_B_ET_REALISTIC_PORTFOLIO_V02_P1,2023-10-20,196710893.81740862,0.0,,,,,,50,False,False,OBSERVED_BELOW_90_COVERAGE,21.69295140006437
2023-10-23,PATTERN_B_ET_REALISTIC_PORTFOLIO_V02_P1,2023-10-23,196710893.81740862,0.0,,,,,,50,False,False,OBSERVED_BELOW_90_COVERAGE,21.69295140006437
2023-10-24,PATTERN_B_ET_REALISTIC_PORTFOLIO_V02_P1,2023-10-24,196710893.81740862,0.0,,,,,,50,False,False,OBSERVED_BELOW_90_COVERAGE,21.69295140006437
2023-10-25,PATTERN_B_ET_REALISTIC_PORTFOLIO_V02_P1,2023-10-25,196710893.81740862,0.0,,,,,,50,False,False,OBSERVED_BELOW_90_COVERAGE,21.69295140006437
2023-10-26,PATTERN_B_ET_REALISTIC_PORTFOLIO_V02_P1,2023-10-26,196710893.81740862,0.0,,,,,,50,False,False,OBSERVED_BELOW_90_COVERAGE,21.69295140006437
2023-10-27,PATTERN_B_ET_REALISTIC_PORTFOLIO_V02_P1,2023-10-27,196710893.81740862,0.0,,,,,,50,False,False,OBSERVED_BELOW_90_COVERAGE,21.69295140006437
2023-10-30,PATTERN_B_ET_REALISTIC_PORTFOLIO_V02_P1,2023-10-30,196710893.81740862,0.0,,,,,,50,False,False,OBSERVED_BELOW_90_COVERAGE,21.69295140006437
2023-10-31,PATTERN_B_ET_REALISTIC_PORTFOLIO_V02_P1,2023-10-31,196710893.81740862,0.0,,,,,,50,False,False,OBSERVED_BELOW_90_COVERAGE,21.69295140006437
2023-11-01,PATTERN_B_ET_REALISTIC_PORTFOLIO_V02_P1,2023-11-01,151746540.47895414,12576282.514614,,,,,,57,False,False,OBSERVED_BELOW_90_COVERAGE,21.69295140006437
2023-11-02,PATTERN_B_ET_REALISTIC_PORTFOLIO_V02_P1,2023-11-02,164322822.99356812,0.0,,,,,,57,False,False,OBSERVED_BELOW_90_COVERAGE,21.69295140006437
2023-11-03,PATTERN_B_ET_REALISTIC_PORTFOLIO_V02_P1,2023-11-03,164322822.99356812,0.0,,,,,,57,False,False,OBSERVED_BELOW_90_COVERAGE,21.69295140006437
2023-11-06,PATTERN_B_ET_REALISTIC_PORTFOLIO_V02_P1,2023-11-06,164322822.99356812,0.0,,,,,,57,False,False,OBSERVED_BELOW_90_COVERAGE,21.69295140006437
2023-11-07,PATTERN_B_ET_REALISTIC_PORTFOLIO_V02_P1,2023-11-07,164322822.99356812,0.0,,,,,,57,False,False,OBSERVED_BELOW_90_COVERAGE,21.69295140006437
2023-11-08,PATTERN_B_ET_REALISTIC_PORTFOLIO_V02_P1,2023-11-08,164322822.99356812,0.0,,,,,,57,False,False,OBSERVED_BELOW_90_COVERAGE,21.69295140006437
2023-11-09,PATTERN_B_ET_REALISTIC_PORTFOLIO_V02_P1,2023-11-09,164322822.99356812,0.0,,,,,,57,False,False,OBSERVED_BELOW_90_COVERAGE,21.69295140006437
2023-11-10,PATTERN_B_ET_REALISTIC_PORTFOLIO_V02_P1,2023-11-10,164322822.99356812,0.0,,,,,,57,False,False,OBSERVED_BELOW_90_COVERAGE,21.69295140006437
2023-11-13,PATTERN_B_ET_REALISTIC_PORTFOLIO_V02_P1,2023-11-13,164322822.99356812,0.0,,,,,,57,False,False,OBSERVED_BELOW_90_COVERAGE,21.69295140006437
2023-11-14,PATTERN_B_ET_REALISTIC_PORTFOLIO_V02_P1,2023-11-14,164322822.99356812,0.0,,,,,,57,False,False,OBSERVED_BELOW_90_COVERAGE,21.69295140006437
2023-11-15,PATTERN_B_ET_REALISTIC_PORTFOLIO_V02_P1,2023-11-15,164322822.99356812,0.0,,,,,,57,False,False,OBSERVED_BELOW_90_COVERAGE,21.69295140006437
2023-11-16,PATTERN_B_ET_REALISTIC_PORTFOLIO_V02_P1,2023-11-16,164322822.99356812,0.0,,,,,,57,False,False,OBSERVED_BELOW_90_COVERAGE,21.69295140006437
2023-11-17,PATTERN_B_ET_REALISTIC_PORTFOLIO_V02_P1,2023-11-17,164322822.99356812,0.0,,,,,,57,False,False,OBSERVED_BELOW_90_COVERAGE,21.69295140006437
2023-11-20,PATTERN_B_ET_REALISTIC_PORTFOLIO_V02_P1,2023-11-20,164322822.99356812,0.0,,,,,,57,False,False,OBSERVED_BELOW_90_COVERAGE,21.69295140006437
2023-11-21,PATTERN_B_ET_REALISTIC_PORTFOLIO_V02_P1,2023-11-21,164322822.99356812,0.0,,,,,,57,False,False,OBSERVED_BELOW_90_COVERAGE,21.69295140006437
2023-11-22,PATTERN_B_ET_REALISTIC_PORTFOLIO_V02_P1,2023-11-22,164322822.99356812,0.0,,,,,,57,False,False,OBSERVED_BELOW_90_COVERAGE,21.69295140006437
2023-11-23,PATTERN_B_ET_REALISTIC_PORTFOLIO_V02_P1,2023-11-23,164322822.99356812,0.0,,,,,,57,False,False,OBSERVED_BELOW_90_COVERAGE,21.69295140006437
2023-11-24,PATTERN_B_ET_REALISTIC_PORTFOLIO_V02_P1,2023-11-24,164322822.99356812,0.0,,,,,,57,False,False,OBSERVED_BELOW_90_COVERAGE,21.69295140006437
2023-11-27,PATTERN_B_ET_REALISTIC_PORTFOLIO_V02_P1,2023-11-27,164322822.99356812,0.0,,,,,,57,False,False,OBSERVED_BELOW_90_COVERAGE,21.69295140006437
2023-11-28,PATTERN_B_ET_REALISTIC_PORTFOLIO_V02_P1,2023-11-28,164322822.99356812,0.0,,,,,,57,False,False,OBSERVED_BELOW_90_COVERAGE,21.69295140006437
2023-11-29,PATTERN_B_ET_REALISTIC_PORTFOLIO_V02_P1,2023-11-29,164322822.99356812,0.0,,,,,,57,False,False,OBSERVED_BELOW_90_COVERAGE,21.69295140006437
2023-11-30,PATTERN_B_ET_REALISTIC_PORTFOLIO_V02_P1,2023-11-30,164322822.99356812,0.0,,,,,,57,False,False,OBSERVED_BELOW_90_COVERAGE,21.69295140006437
2023-12-01,PATTERN_B_ET_REALISTIC_PORTFOLIO_V02_P1,2023-12-01,154341335.9750651,40111964.162721,,,,,,52,False,False,OBSERVED_BELOW_90_COVERAGE,21.69295140006437
2023-12-04,PATTERN_B_ET_REALISTIC_PORTFOLIO_V02_P1,2023-12-04,194453300.13778612,0.0,,,,,,52,False,False,OBSERVED_BELOW_90_COVERAGE,21.69295140006437
2023-12-05,PATTERN_B_ET_REALISTIC_PORTFOLIO_V02_P1,2023-12-05,194453300.13778612,0.0,,,,,,52,False,False,OBSERVED_BELOW_90_COVERAGE,21.69295140006437
2023-12-06,PATTERN_B_ET_REALISTIC_PORTFOLIO_V02_P1,2023-12-06,194453300.13778612,0.0,,,,,,52,False,False,OBSERVED_BELOW_90_COVERAGE,21.69295140006437
2023-12-07,PATTERN_B_ET_REALISTIC_PORTFOLIO_V02_P1,2023-12-07,194453300.13778612,0.0,,,,,,52,False,False,OBSERVED_BELOW_90_COVERAGE,21.69295140006437
2023-12-08,PATTERN_B_ET_REALISTIC_PORTFOLIO_V02_P1,2023-12-08,194453300.13778612,0.0,,,,,,52,False,False,OBSERVED_BELOW_90_COVERAGE,21.69295140006437
2023-12-11,PATTERN_B_ET_REALISTIC_PORTFOLIO_V02_P1,2023-12-11,194453300.13778612,0.0,,,,,,52,False,False,OBSERVED_BELOW_90_COVERAGE,21.69295140006437
2023-12-12,PATTERN_B_ET_REALISTIC_PORTFOLIO_V02_P1,2023-12-12,194453300.13778612,0.0,,,,,,52,False,False,OBSERVED_BELOW_90_COVERAGE,21.69295140006437
2023-12-13,PATTERN_B_ET_REALISTIC_PORTFOLIO_V02_P1,2023-12-13,194453300.13778612,0.0,,,,,,52,False,False,OBSERVED_BELOW_90_COVERAGE,21.69295140006437
2023-12-14,PATTERN_B_ET_REALISTIC_PORTFOLIO_V02_P1,2023-12-14,194453300.13778612,0.0,,,,,,52,False,False,OBSERVED_BELOW_90_COVERAGE,21.69295140006437
2023-12-15,PATTERN_B_ET_REALISTIC_PORTFOLIO_V02_P1,2023-12-15,194453300.13778612,0.0,,,,,,52,False,False,OBSERVED_BELOW_90_COVERAGE,21.69295140006437
2023-12-18,PATTERN_B_ET_REALISTIC_PORTFOLIO_V02_P1,2023-12-18,194453300.13778612,0.0,,,,,,52,False,False,OBSERVED_BELOW_90_COVERAGE,21.69295140006437
2023-12-19,PATTERN_B_ET_REALISTIC_PORTFOLIO_V02_P1,2023-12-19,194453300.13778612,0.0,,,,,,52,False,False,OBSERVED_BELOW_90_COVERAGE,21.69295140006437
2023-12-20,PATTERN_B_ET_REALISTIC_PORTFOLIO_V02_P1,2023-12-20,194453300.13778612,0.0,,,,,,52,False,False,OBSERVED_BELOW_90_COVERAGE,21.69295140006437
2023-12-21,PATTERN_B_ET_REALISTIC_PORTFOLIO_V02_P1,2023-12-21,194453300.13778612,0.0,,,,,,52,False,False,OBSERVED_BELOW_90_COVERAGE,21.69295140006437
2023-12-22,PATTERN_B_ET_REALISTIC_PORTFOLIO_V02_P1,2023-12-22,194453300.13778612,0.0,,,,,,52,False,False,OBSERVED_BELOW_90_COVERAGE,21.69295140006437
2023-12-26,PATTERN_B_ET_REALISTIC_PORTFOLIO_V02_P1,2023-12-26,194453300.13778612,0.0,,,,,,52,False,False,OBSERVED_BELOW_90_COVERAGE,21.69295140006437
2023-12-27,PATTERN_B_ET_REALISTIC_PORTFOLIO_V02_P1,2023-12-27,194453300.13778612,0.0,,,,,,52,False,False,OBSERVED_BELOW_90_COVERAGE,21.69295140006437
2023-12-28,PATTERN_B_ET_REALISTIC_PORTFOLIO_V02_P1,2023-12-28,194453300.13778612,0.0,,,,,,52,False,False,OBSERVED_BELOW_90_COVERAGE,21.69295140006437
2024-01-02,PATTERN_B_ET_REALISTIC_PORTFOLIO_V02_P1,2024-01-02,194453300.13778612,6719264.95905,,,,,,51,False,False,OBSERVED_BELOW_90_COVERAGE,21.69295140006437
2024-01-03,PATTERN_B_ET_REALISTIC_PORTFOLIO_V02_P1,2024-01-03,201172565.09683612,0.0,,,,,,51,False,False,OBSERVED_BELOW_90_COVERAGE,21.69295140006437
2024-01-04,PATTERN_B_ET_REALISTIC_PORTFOLIO_V02_P1,2024-01-04,201172565.09683612,0.0,,,,,,51,False,False,OBSERVED_BELOW_90_COVERAGE,21.69295140006437
2024-01-05,PATTERN_B_ET_REALISTIC_PORTFOLIO_V02_P1,2024-01-05,201172565.09683612,0.0,,,,,,51,False,False,OBSERVED_BELOW_90_COVERAGE,21.69295140006437
2024-01-08,PATTERN_B_ET_REALISTIC_PORTFOLIO_V02_P1,2024-01-08,201172565.09683612,0.0,,,,,,51,False,False,OBSERVED_BELOW_90_COVERAGE,21.69295140006437
2024-01-09,PATTERN_B_ET_REALISTIC_PORTFOLIO_V02_P1,2024-01-09,201172565.09683612,0.0,,,,,,51,False,False,OBSERVED_BELOW_90_COVERAGE,21.69295140006437
2024-01-10,PATTERN_B_ET_REALISTIC_PORTFOLIO_V02_P1,2024-01-10,201172565.09683612,0.0,,,,,,51,False,False,OBSERVED_BELOW_90_COVERAGE,21.69295140006437
2024-01-11,PATTERN_B_ET_REALISTIC_PORTFOLIO_V02_P1,2024-01-11,201172565.09683612,0.0,,,,,,51,False,False,OBSERVED_BELOW_90_COVERAGE,21.69295140006437
2024-01-12,PATTERN_B_ET_REALISTIC_PORTFOLIO_V02_P1,2024-01-12,201172565.09683612,0.0,,,,,,51,False,False,OBSERVED_BELOW_90_COVERAGE,21.69295140006437
2024-01-15,PATTERN_B_ET_REALISTIC_PORTFOLIO_V02_P1,2024-01-15,201172565.09683612,0.0,,,,,,51,False,False,OBSERVED_BELOW_90_COVERAGE,21.69295140006437
2024-01-16,PATTERN_B_ET_REALISTIC_PORTFOLIO_V02_P1,2024-01-16,201172565.09683612,0.0,,,,,,51,False,False,OBSERVED_BELOW_90_COVERAGE,21.69295140006437
2024-01-17,PATTERN_B_ET_REALISTIC_PORTFOLIO_V02_P1,2024-01-17,201172565.09683612,0.0,,,,,,51,False,False,OBSERVED_BELOW_90_COVERAGE,21.69295140006437
2024-01-18,PATTERN_B_ET_REALISTIC_PORTFOLIO_V02_P1,2024-01-18,201172565.09683612,0.0,,,,,,51,False,False,OBSERVED_BELOW_90_COVERAGE,21.69295140006437
2024-01-19,PATTERN_B_ET_REALISTIC_PORTFOLIO_V02_P1,2024-01-19,201172565.09683612,0.0,,,,,,51,False,False,OBSERVED_BELOW_90_COVERAGE,21.69295140006437
2024-01-22,PATTERN_B_ET_REALISTIC_PORTFOLIO_V02_P1,2024-01-22,201172565.09683612,0.0,,,,,,51,False,False,OBSERVED_BELOW_90_COVERAGE,21.69295140006437
2024-01-23,PATTERN_B_ET_REALISTIC_PORTFOLIO_V02_P1,2024-01-23,201172565.09683612,0.0,,,,,,51,False,False,OBSERVED_BELOW_90_COVERAGE,21.69295140006437
2024-01-24,PATTERN_B_ET_REALISTIC_PORTFOLIO_V02_P1,2024-01-24,201172565.09683612,0.0,,,,,,51,False,False,OBSERVED_BELOW_90_COVERAGE,21.69295140006437
2024-01-25,PATTERN_B_ET_REALISTIC_PORTFOLIO_V02_P1,2024-01-25,201172565.09683612,0.0,,,,,,51,False,False,OBSERVED_BELOW_90_COVERAGE,21.69295140006437
2024-01-26,PATTERN_B_ET_REALISTIC_PORTFOLIO_V02_P1,2024-01-26,201172565.09683612,0.0,,,,,,51,False,False,OBSERVED_BELOW_90_COVERAGE,21.69295140006437
2024-01-29,PATTERN_B_ET_REALISTIC_PORTFOLIO_V02_P1,2024-01-29,201172565.09683612,0.0,,,,,,51,False,False,OBSERVED_BELOW_90_COVERAGE,21.69295140006437
2024-01-30,PATTERN_B_ET_REALISTIC_PORTFOLIO_V02_P1,2024-01-30,201172565.09683612,0.0,,,,,,51,False,False,OBSERVED_BELOW_90_COVERAGE,21.69295140006437
2024-01-31,PATTERN_B_ET_REALISTIC_PORTFOLIO_V02_P1,2024-01-31,201172565.09683612,0.0,,,,,,51,False,False,OBSERVED_BELOW_90_COVERAGE,21.69295140006437
2024-02-01,PATTERN_B_ET_REALISTIC_PORTFOLIO_V02_P1,2024-02-01,176197655.20420343,20825907.763182297,,,,,,51,False,False,OBSERVED_BELOW_90_COVERAGE,21.69295140006437
2024-02-02,PATTERN_B_ET_REALISTIC_PORTFOLIO_V02_P1,2024-02-02,197023562.9673857,0.0,,,,,,51,False,False,OBSERVED_BELOW_90_COVERAGE,21.69295140006437
2024-02-05,PATTERN_B_ET_REALISTIC_PORTFOLIO_V02_P1,2024-02-05,197023562.9673857,0.0,,,,,,51,False,False,OBSERVED_BELOW_90_COVERAGE,21.69295140006437
2024-02-06,PATTERN_B_ET_REALISTIC_PORTFOLIO_V02_P1,2024-02-06,197023562.9673857,0.0,,,,,,51,False,False,OBSERVED_BELOW_90_COVERAGE,21.69295140006437
2024-02-07,PATTERN_B_ET_REALISTIC_PORTFOLIO_V02_P1,2024-02-07,197023562.9673857,0.0,,,,,,51,False,False,OBSERVED_BELOW_90_COVERAGE,21.69295140006437
2024-02-08,PATTERN_B_ET_REALISTIC_PORTFOLIO_V02_P1,2024-02-08,197023562.9673857,0.0,,,,,,51,False,False,OBSERVED_BELOW_90_COVERAGE,21.69295140006437
2024-02-13,PATTERN_B_ET_REALISTIC_PORTFOLIO_V02_P1,2024-02-13,197023562.9673857,0.0,,,,,,51,False,False,OBSERVED_BELOW_90_COVERAGE,21.69295140006437
2024-02-14,PATTERN_B_ET_REALISTIC_PORTFOLIO_V02_P1,2024-02-14,197023562.9673857,0.0,,,,,,51,False,False,OBSERVED_BELOW_90_COVERAGE,21.69295140006437
2024-02-15,PATTERN_B_ET_REALISTIC_PORTFOLIO_V02_P1,2024-02-15,197023562.9673857,0.0,,,,,,51,False,False,OBSERVED_BELOW_90_COVERAGE,21.69295140006437
2024-02-16,PATTERN_B_ET_REALISTIC_PORTFOLIO_V02_P1,2024-02-16,197023562.9673857,0.0,,,,,,51,False,False,OBSERVED_BELOW_90_COVERAGE,21.69295140006437
2024-02-19,PATTERN_B_ET_REALISTIC_PORTFOLIO_V02_P1,2024-02-19,197023562.9673857,0.0,,,,,,51,False,False,OBSERVED_BELOW_90_COVERAGE,21.69295140006437
2024-02-20,PATTERN_B_ET_REALISTIC_PORTFOLIO_V02_P1,2024-02-20,197023562.9673857,0.0,,,,,,51,False,False,OBSERVED_BELOW_90_COVERAGE,21.69295140006437
2024-02-21,PATTERN_B_ET_REALISTIC_PORTFOLIO_V02_P1,2024-02-21,197023562.9673857,0.0,,,,,,51,False,False,OBSERVED_BELOW_90_COVERAGE,21.69295140006437
2024-02-22,PATTERN_B_ET_REALISTIC_PORTFOLIO_V02_P1,2024-02-22,197023562.9673857,0.0,,,,,,51,False,False,OBSERVED_BELOW_90_COVERAGE,21.69295140006437
2024-02-23,PATTERN_B_ET_REALISTIC_PORTFOLIO_V02_P1,2024-02-23,197023562.9673857,0.0,,,,,,51,False,False,OBSERVED_BELOW_90_COVERAGE,21.69295140006437
2024-02-26,PATTERN_B_ET_REALISTIC_PORTFOLIO_V02_P1,2024-02-26,197023562.9673857,0.0,,,,,,51,False,False,OBSERVED_BELOW_90_COVERAGE,21.69295140006437
2024-02-27,PATTERN_B_ET_REALISTIC_PORTFOLIO_V02_P1,2024-02-27,197023562.9673857,0.0,,,,,,51,False,False,OBSERVED_BELOW_90_COVERAGE,21.69295140006437
2024-02-28,PATTERN_B_ET_REALISTIC_PORTFOLIO_V02_P1,2024-02-28,197023562.9673857,0.0,,,,,,51,False,False,OBSERVED_BELOW_90_COVERAGE,21.69295140006437
2024-02-29,PATTERN_B_ET_REALISTIC_PORTFOLIO_V02_P1,2024-02-29,197023562.9673857,0.0,,,,,,51,False,False,OBSERVED_BELOW_90_COVERAGE,21.69295140006437
2024-03-04,PATTERN_B_ET_REALISTIC_PORTFOLIO_V02_P1,2024-03-04,192033510.2517377,15548588.8737732,,,,,,49,False,False,OBSERVED_BELOW_90_COVERAGE,21.69295140006437
2024-03-05,PATTERN_B_ET_REALISTIC_PORTFOLIO_V02_P1,2024-03-05,207582099.1255109,0.0,,,,,,49,False,False,OBSERVED_BELOW_90_COVERAGE,21.69295140006437
2024-03-06,PATTERN_B_ET_REALISTIC_PORTFOLIO_V02_P1,2024-03-06,207582099.1255109,0.0,,,,,,49,False,False,OBSERVED_BELOW_90_COVERAGE,21.69295140006437
2024-03-07,PATTERN_B_ET_REALISTIC_PORTFOLIO_V02_P1,2024-03-07,207582099.1255109,0.0,,,,,,49,False,False,OBSERVED_BELOW_90_COVERAGE,21.69295140006437
2024-03-08,PATTERN_B_ET_REALISTIC_PORTFOLIO_V02_P1,2024-03-08,207582099.1255109,0.0,,,,,,49,False,False,OBSERVED_BELOW_90_COVERAGE,21.69295140006437
2024-03-11,PATTERN_B_ET_REALISTIC_PORTFOLIO_V02_P1,2024-03-11,207582099.1255109,0.0,,,,,,49,False,False,OBSERVED_BELOW_90_COVERAGE,21.69295140006437
2024-03-12,PATTERN_B_ET_REALISTIC_PORTFOLIO_V02_P1,2024-03-12,207582099.1255109,0.0,,,,,,49,False,False,OBSERVED_BELOW_90_COVERAGE,21.69295140006437
2024-03-13,PATTERN_B_ET_REALISTIC_PORTFOLIO_V02_P1,2024-03-13,207582099.1255109,0.0,,,,,,49,False,False,OBSERVED_BELOW_90_COVERAGE,21.69295140006437
2024-03-14,PATTERN_B_ET_REALISTIC_PORTFOLIO_V02_P1,2024-03-14,207582099.1255109,0.0,,,,,,49,False,False,OBSERVED_BELOW_90_COVERAGE,21.69295140006437
2024-03-15,PATTERN_B_ET_REALISTIC_PORTFOLIO_V02_P1,2024-03-15,207582099.1255109,0.0,,,,,,49,False,False,OBSERVED_BELOW_90_COVERAGE,21.69295140006437
2024-03-18,PATTERN_B_ET_REALISTIC_PORTFOLIO_V02_P1,2024-03-18,207582099.1255109,0.0,,,,,,49,False,False,OBSERVED_BELOW_90_COVERAGE,21.69295140006437
2024-03-19,PATTERN_B_ET_REALISTIC_PORTFOLIO_V02_P1,2024-03-19,207582099.1255109,0.0,,,,,,49,False,False,OBSERVED_BELOW_90_COVERAGE,21.69295140006437
2024-03-20,PATTERN_B_ET_REALISTIC_PORTFOLIO_V02_P1,2024-03-20,207582099.1255109,0.0,,,,,,49,False,False,OBSERVED_BELOW_90_COVERAGE,21.69295140006437
2024-03-21,PATTERN_B_ET_REALISTIC_PORTFOLIO_V02_P1,2024-03-21,207582099.1255109,0.0,,,,,,49,False,False,OBSERVED_BELOW_90_COVERAGE,21.69295140006437
2024-03-22,PATTERN_B_ET_REALISTIC_PORTFOLIO_V02_P1,2024-03-22,207582099.1255109,0.0,,,,,,49,False,False,OBSERVED_BELOW_90_COVERAGE,21.69295140006437
2024-03-25,PATTERN_B_ET_REALISTIC_PORTFOLIO_V02_P1,2024-03-25,207582099.1255109,0.0,,,,,,49,False,False,OBSERVED_BELOW_90_COVERAGE,21.69295140006437
2024-03-26,PATTERN_B_ET_REALISTIC_PORTFOLIO_V02_P1,2024-03-26,207582099.1255109,0.0,,,,,,49,False,False,OBSERVED_BELOW_90_COVERAGE,21.69295140006437
2024-03-27,PATTERN_B_ET_REALISTIC_PORTFOLIO_V02_P1,2024-03-27,207582099.1255109,0.0,,,,,,49,False,False,OBSERVED_BELOW_90_COVERAGE,21.69295140006437
2024-03-28,PATTERN_B_ET_REALISTIC_PORTFOLIO_V02_P1,2024-03-28,207582099.1255109,0.0,,,,,,49,False,False,OBSERVED_BELOW_90_COVERAGE,21.69295140006437
2024-03-29,PATTERN_B_ET_REALISTIC_PORTFOLIO_V02_P1,2024-03-29,207582099.1255109,0.0,,,,,,49,False,False,OBSERVED_BELOW_90_COVERAGE,21.69295140006437
2024-04-01,PATTERN_B_ET_REALISTIC_PORTFOLIO_V02_P1,2024-04-01,207582099.1255109,7571443.953024,,,,,,48,False,False,OBSERVED_BELOW_90_COVERAGE,21.69295140006437
2024-04-02,PATTERN_B_ET_REALISTIC_PORTFOLIO_V02_P1,2024-04-02,215153543.0785349,0.0,,,,,,48,False,False,OBSERVED_BELOW_90_COVERAGE,21.69295140006437
2024-04-03,PATTERN_B_ET_REALISTIC_PORTFOLIO_V02_P1,2024-04-03,215153543.0785349,0.0,,,,,,48,False,False,OBSERVED_BELOW_90_COVERAGE,21.69295140006437
2024-04-04,PATTERN_B_ET_REALISTIC_PORTFOLIO_V02_P1,2024-04-04,215153543.0785349,0.0,,,,,,48,False,False,OBSERVED_BELOW_90_COVERAGE,21.69295140006437
2024-04-05,PATTERN_B_ET_REALISTIC_PORTFOLIO_V02_P1,2024-04-05,215153543.0785349,0.0,,,,,,48,False,False,OBSERVED_BELOW_90_COVERAGE,21.69295140006437
2024-04-08,PATTERN_B_ET_REALISTIC_PORTFOLIO_V02_P1,2024-04-08,215153543.0785349,0.0,,,,,,48,False,False,OBSERVED_BELOW_90_COVERAGE,21.69295140006437
2024-04-09,PATTERN_B_ET_REALISTIC_PORTFOLIO_V02_P1,2024-04-09,215153543.0785349,0.0,,,,,,48,False,False,OBSERVED_BELOW_90_COVERAGE,21.69295140006437
2024-04-11,PATTERN_B_ET_REALISTIC_PORTFOLIO_V02_P1,2024-04-11,215153543.0785349,0.0,,,,,,48,False,False,OBSERVED_BELOW_90_COVERAGE,21.69295140006437
2024-04-12,PATTERN_B_ET_REALISTIC_PORTFOLIO_V02_P1,2024-04-12,215153543.0785349,0.0,,,,,,48,False,False,OBSERVED_BELOW_90_COVERAGE,21.69295140006437
2024-04-15,PATTERN_B_ET_REALISTIC_PORTFOLIO_V02_P1,2024-04-15,215153543.0785349,0.0,,,,,,48,False,False,OBSERVED_BELOW_90_COVERAGE,21.69295140006437
2024-04-16,PATTERN_B_ET_REALISTIC_PORTFOLIO_V02_P1,2024-04-16,215153543.0785349,0.0,,,,,,48,False,False,OBSERVED_BELOW_90_COVERAGE,21.69295140006437
2024-04-17,PATTERN_B_ET_REALISTIC_PORTFOLIO_V02_P1,2024-04-17,215153543.0785349,0.0,,,,,,48,False,False,OBSERVED_BELOW_90_COVERAGE,21.69295140006437
2024-04-18,PATTERN_B_ET_REALISTIC_PORTFOLIO_V02_P1,2024-04-18,215153543.0785349,0.0,,,,,,48,False,False,OBSERVED_BELOW_90_COVERAGE,21.69295140006437
2024-04-19,PATTERN_B_ET_REALISTIC_PORTFOLIO_V02_P1,2024-04-19,215153543.0785349,0.0,,,,,,48,False,False,OBSERVED_BELOW_90_COVERAGE,21.69295140006437
2024-04-22,PATTERN_B_ET_REALISTIC_PORTFOLIO_V02_P1,2024-04-22,215153543.0785349,0.0,,,,,,48,False,False,OBSERVED_BELOW_90_COVERAGE,21.69295140006437
2024-04-23,PATTERN_B_ET_REALISTIC_PORTFOLIO_V02_P1,2024-04-23,215153543.0785349,0.0,,,,,,48,False,False,OBSERVED_BELOW_90_COVERAGE,21.69295140006437
2024-04-24,PATTERN_B_ET_REALISTIC_PORTFOLIO_V02_P1,2024-04-24,215153543.0785349,0.0,,,,,,48,False,False,OBSERVED_BELOW_90_COVERAGE,21.69295140006437
2024-04-25,PATTERN_B_ET_REALISTIC_PORTFOLIO_V02_P1,2024-04-25,215153543.0785349,0.0,,,,,,48,False,False,OBSERVED_BELOW_90_COVERAGE,21.69295140006437
2024-04-26,PATTERN_B_ET_REALISTIC_PORTFOLIO_V02_P1,2024-04-26,215153543.0785349,0.0,,,,,,48,False,False,OBSERVED_BELOW_90_COVERAGE,21.69295140006437
2024-04-29,PATTERN_B_ET_REALISTIC_PORTFOLIO_V02_P1,2024-04-29,215153543.0785349,0.0,,,,,,48,False,False,OBSERVED_BELOW_90_COVERAGE,21.69295140006437
2024-04-30,PATTERN_B_ET_REALISTIC_PORTFOLIO_V02_P1,2024-04-30,215153543.0785349,0.0,,,,,,48,False,False,OBSERVED_BELOW_90_COVERAGE,21.69295140006437
2024-05-02,PATTERN_B_ET_REALISTIC_PORTFOLIO_V02_P1,2024-05-02,190179442.1152234,14359429.802393999,,,,,,51,False,False,OBSERVED_BELOW_90_COVERAGE,21.69295140006437
2024-05-03,PATTERN_B_ET_REALISTIC_PORTFOLIO_V02_P1,2024-05-03,204538871.9176174,0.0,,,,,,51,False,False,OBSERVED_BELOW_90_COVERAGE,21.69295140006437
2024-05-07,PATTERN_B_ET_REALISTIC_PORTFOLIO_V02_P1,2024-05-07,204538871.9176174,0.0,,,,,,51,False,False,OBSERVED_BELOW_90_COVERAGE,21.69295140006437
2024-05-08,PATTERN_B_ET_REALISTIC_PORTFOLIO_V02_P1,2024-05-08,204538871.9176174,0.0,,,,,,51,False,False,OBSERVED_BELOW_90_COVERAGE,21.69295140006437
2024-05-09,PATTERN_B_ET_REALISTIC_PORTFOLIO_V02_P1,2024-05-09,204538871.9176174,0.0,,,,,,51,False,False,OBSERVED_BELOW_90_COVERAGE,21.69295140006437
2024-05-10,PATTERN_B_ET_REALISTIC_PORTFOLIO_V02_P1,2024-05-10,204538871.9176174,0.0,,,,,,51,False,False,OBSERVED_BELOW_90_COVERAGE,21.69295140006437
2024-05-13,PATTERN_B_ET_REALISTIC_PORTFOLIO_V02_P1,2024-05-13,204538871.9176174,0.0,,,,,,51,False,False,OBSERVED_BELOW_90_COVERAGE,21.69295140006437
2024-05-14,PATTERN_B_ET_REALISTIC_PORTFOLIO_V02_P1,2024-05-14,204538871.9176174,0.0,,,,,,51,False,False,OBSERVED_BELOW_90_COVERAGE,21.69295140006437
2024-05-16,PATTERN_B_ET_REALISTIC_PORTFOLIO_V02_P1,2024-05-16,204538871.9176174,0.0,,,,,,51,False,False,OBSERVED_BELOW_90_COVERAGE,21.69295140006437
2024-05-17,PATTERN_B_ET_REALISTIC_PORTFOLIO_V02_P1,2024-05-17,204538871.9176174,0.0,,,,,,51,False,False,OBSERVED_BELOW_90_COVERAGE,21.69295140006437
2024-05-20,PATTERN_B_ET_REALISTIC_PORTFOLIO_V02_P1,2024-05-20,204538871.9176174,0.0,,,,,,51,False,False,OBSERVED_BELOW_90_COVERAGE,21.69295140006437
2024-05-21,PATTERN_B_ET_REALISTIC_PORTFOLIO_V02_P1,2024-05-21,204538871.9176174,0.0,,,,,,51,False,False,OBSERVED_BELOW_90_COVERAGE,21.69295140006437
2024-05-22,PATTERN_B_ET_REALISTIC_PORTFOLIO_V02_P1,2024-05-22,204538871.9176174,0.0,,,,,,51,False,False,OBSERVED_BELOW_90_COVERAGE,21.69295140006437
2024-05-23,PATTERN_B_ET_REALISTIC_PORTFOLIO_V02_P1,2024-05-23,204538871.9176174,0.0,,,,,,51,False,False,OBSERVED_BELOW_90_COVERAGE,21.69295140006437
2024-05-24,PATTERN_B_ET_REALISTIC_PORTFOLIO_V02_P1,2024-05-24,204538871.9176174,0.0,,,,,,51,False,False,OBSERVED_BELOW_90_COVERAGE,21.69295140006437
2024-05-27,PATTERN_B_ET_REALISTIC_PORTFOLIO_V02_P1,2024-05-27,204538871.9176174,0.0,,,,,,51,False,False,OBSERVED_BELOW_90_COVERAGE,21.69295140006437
2024-05-28,PATTERN_B_ET_REALISTIC_PORTFOLIO_V02_P1,2024-05-28,204538871.9176174,0.0,,,,,,51,False,False,OBSERVED_BELOW_90_COVERAGE,21.69295140006437
2024-05-29,PATTERN_B_ET_REALISTIC_PORTFOLIO_V02_P1,2024-05-29,204538871.9176174,0.0,,,,,,51,False,False,OBSERVED_BELOW_90_COVERAGE,21.69295140006437
2024-05-30,PATTERN_B_ET_REALISTIC_PORTFOLIO_V02_P1,2024-05-30,204538871.9176174,0.0,,,,,,51,False,False,OBSERVED_BELOW_90_COVERAGE,21.69295140006437
2024-05-31,PATTERN_B_ET_REALISTIC_PORTFOLIO_V02_P1,2024-05-31,204538871.9176174,0.0,,,,,,51,False,False,OBSERVED_BELOW_90_COVERAGE,21.69295140006437
2024-06-03,PATTERN_B_ET_REALISTIC_PORTFOLIO_V02_P1,2024-06-03,184581334.1259259,28179071.994076647,,,,,,50,False,False,OBSERVED_BELOW_90_COVERAGE,21.69295140006437
2024-06-04,PATTERN_B_ET_REALISTIC_PORTFOLIO_V02_P1,2024-06-04,212760406.12000254,0.0,,,,,,50,False,False,OBSERVED_BELOW_90_COVERAGE,21.69295140006437
2024-06-05,PATTERN_B_ET_REALISTIC_PORTFOLIO_V02_P1,2024-06-05,212760406.12000254,0.0,,,,,,50,False,False,OBSERVED_BELOW_90_COVERAGE,21.69295140006437
2024-06-07,PATTERN_B_ET_REALISTIC_PORTFOLIO_V02_P1,2024-06-07,212760406.12000254,0.0,,,,,,50,False,False,OBSERVED_BELOW_90_COVERAGE,21.69295140006437
2024-06-10,PATTERN_B_ET_REALISTIC_PORTFOLIO_V02_P1,2024-06-10,212760406.12000254,0.0,,,,,,50,False,False,OBSERVED_BELOW_90_COVERAGE,21.69295140006437
2024-06-11,PATTERN_B_ET_REALISTIC_PORTFOLIO_V02_P1,2024-06-11,212760406.12000254,0.0,,,,,,50,False,False,OBSERVED_BELOW_90_COVERAGE,21.69295140006437
2024-06-12,PATTERN_B_ET_REALISTIC_PORTFOLIO_V02_P1,2024-06-12,212760406.12000254,0.0,,,,,,50,False,False,OBSERVED_BELOW_90_COVERAGE,21.69295140006437
2024-06-13,PATTERN_B_ET_REALISTIC_PORTFOLIO_V02_P1,2024-06-13,212760406.12000254,0.0,,,,,,50,False,False,OBSERVED_BELOW_90_COVERAGE,21.69295140006437
2024-06-14,PATTERN_B_ET_REALISTIC_PORTFOLIO_V02_P1,2024-06-14,212760406.12000254,0.0,,,,,,50,False,False,OBSERVED_BELOW_90_COVERAGE,21.69295140006437
2024-06-17,PATTERN_B_ET_REALISTIC_PORTFOLIO_V02_P1,2024-06-17,212760406.12000254,0.0,,,,,,50,False,False,OBSERVED_BELOW_90_COVERAGE,21.69295140006437
2024-06-18,PATTERN_B_ET_REALISTIC_PORTFOLIO_V02_P1,2024-06-18,212760406.12000254,0.0,,,,,,50,False,False,OBSERVED_BELOW_90_COVERAGE,21.69295140006437
2024-06-19,PATTERN_B_ET_REALISTIC_PORTFOLIO_V02_P1,2024-06-19,212760406.12000254,0.0,,,,,,50,False,False,OBSERVED_BELOW_90_COVERAGE,21.69295140006437
2024-06-20,PATTERN_B_ET_REALISTIC_PORTFOLIO_V02_P1,2024-06-20,212760406.12000254,0.0,,,,,,50,False,False,OBSERVED_BELOW_90_COVERAGE,21.69295140006437
2024-06-21,PATTERN_B_ET_REALISTIC_PORTFOLIO_V02_P1,2024-06-21,212760406.12000254,0.0,,,,,,50,False,False,OBSERVED_BELOW_90_COVERAGE,21.69295140006437
2024-06-24,PATTERN_B_ET_REALISTIC_PORTFOLIO_V02_P1,2024-06-24,212760406.12000254,0.0,,,,,,50,False,False,OBSERVED_BELOW_90_COVERAGE,21.69295140006437
2024-06-25,PATTERN_B_ET_REALISTIC_PORTFOLIO_V02_P1,2024-06-25,212760406.12000254,0.0,,,,,,50,False,False,OBSERVED_BELOW_90_COVERAGE,21.69295140006437
2024-06-26,PATTERN_B_ET_REALISTIC_PORTFOLIO_V02_P1,2024-06-26,212760406.12000254,0.0,,,,,,50,False,False,OBSERVED_BELOW_90_COVERAGE,21.69295140006437
2024-06-27,PATTERN_B_ET_REALISTIC_PORTFOLIO_V02_P1,2024-06-27,212760406.12000254,0.0,,,,,,50,False,False,OBSERVED_BELOW_90_COVERAGE,21.69295140006437
2024-06-28,PATTERN_B_ET_REALISTIC_PORTFOLIO_V02_P1,2024-06-28,212760406.12000254,0.0,,,,,,50,False,False,OBSERVED_BELOW_90_COVERAGE,21.69295140006437
2024-07-01,PATTERN_B_ET_REALISTIC_PORTFOLIO_V02_P1,2024-07-01,212760406.12000254,0.0,,,,,,50,False,False,OBSERVED_BELOW_90_COVERAGE,21.69295140006437
2024-07-02,PATTERN_B_ET_REALISTIC_PORTFOLIO_V02_P1,2024-07-02,212760406.12000254,0.0,,,,,,50,False,False,OBSERVED_BELOW_90_COVERAGE,21.69295140006437
2024-07-03,PATTERN_B_ET_REALISTIC_PORTFOLIO_V02_P1,2024-07-03,212760406.12000254,0.0,,,,,,50,False,False,OBSERVED_BELOW_90_COVERAGE,21.69295140006437
2024-07-04,PATTERN_B_ET_REALISTIC_PORTFOLIO_V02_P1,2024-07-04,212760406.12000254,0.0,,,,,,50,False,False,OBSERVED_BELOW_90_COVERAGE,21.69295140006437
2024-07-05,PATTERN_B_ET_REALISTIC_PORTFOLIO_V02_P1,2024-07-05,212760406.12000254,0.0,,,,,,50,False,False,OBSERVED_BELOW_90_COVERAGE,21.69295140006437
2024-07-08,PATTERN_B_ET_REALISTIC_PORTFOLIO_V02_P1,2024-07-08,212760406.12000254,0.0,,,,,,50,False,False,OBSERVED_BELOW_90_COVERAGE,21.69295140006437
2024-07-09,PATTERN_B_ET_REALISTIC_PORTFOLIO_V02_P1,2024-07-09,212760406.12000254,0.0,,,,,,50,False,False,OBSERVED_BELOW_90_COVERAGE,21.69295140006437
2024-07-10,PATTERN_B_ET_REALISTIC_PORTFOLIO_V02_P1,2024-07-10,212760406.12000254,0.0,,,,,,50,False,False,OBSERVED_BELOW_90_COVERAGE,21.69295140006437
2024-07-11,PATTERN_B_ET_REALISTIC_PORTFOLIO_V02_P1,2024-07-11,212760406.12000254,0.0,,,,,,50,False,False,OBSERVED_BELOW_90_COVERAGE,21.69295140006437
2024-07-12,PATTERN_B_ET_REALISTIC_PORTFOLIO_V02_P1,2024-07-12,212760406.12000254,0.0,,,,,,50,False,False,OBSERVED_BELOW_90_COVERAGE,21.69295140006437
2024-07-15,PATTERN_B_ET_REALISTIC_PORTFOLIO_V02_P1,2024-07-15,212760406.12000254,0.0,,,,,,50,False,False,OBSERVED_BELOW_90_COVERAGE,21.69295140006437
2024-07-16,PATTERN_B_ET_REALISTIC_PORTFOLIO_V02_P1,2024-07-16,212760406.12000254,0.0,,,,,,50,False,False,OBSERVED_BELOW_90_COVERAGE,21.69295140006437
2024-07-17,PATTERN_B_ET_REALISTIC_PORTFOLIO_V02_P1,2024-07-17,212760406.12000254,0.0,,,,,,50,False,False,OBSERVED_BELOW_90_COVERAGE,21.69295140006437
2024-07-18,PATTERN_B_ET_REALISTIC_PORTFOLIO_V02_P1,2024-07-18,212760406.12000254,0.0,,,,,,50,False,False,OBSERVED_BELOW_90_COVERAGE,21.69295140006437
2024-07-19,PATTERN_B_ET_REALISTIC_PORTFOLIO_V02_P1,2024-07-19,212760406.12000254,0.0,,,,,,50,False,False,OBSERVED_BELOW_90_COVERAGE,21.69295140006437
2024-07-22,PATTERN_B_ET_REALISTIC_PORTFOLIO_V02_P1,2024-07-22,212760406.12000254,0.0,,,,,,50,False,False,OBSERVED_BELOW_90_COVERAGE,21.69295140006437
2024-07-23,PATTERN_B_ET_REALISTIC_PORTFOLIO_V02_P1,2024-07-23,212760406.12000254,0.0,,,,,,50,False,False,OBSERVED_BELOW_90_COVERAGE,21.69295140006437
2024-07-24,PATTERN_B_ET_REALISTIC_PORTFOLIO_V02_P1,2024-07-24,212760406.12000254,0.0,,,,,,50,False,False,OBSERVED_BELOW_90_COVERAGE,21.69295140006437
2024-07-25,PATTERN_B_ET_REALISTIC_PORTFOLIO_V02_P1,2024-07-25,212760406.12000254,0.0,,,,,,50,False,False,OBSERVED_BELOW_90_COVERAGE,21.69295140006437
2024-07-26,PATTERN_B_ET_REALISTIC_PORTFOLIO_V02_P1,2024-07-26,212760406.12000254,0.0,,,,,,50,False,False,OBSERVED_BELOW_90_COVERAGE,21.69295140006437
2024-07-29,PATTERN_B_ET_REALISTIC_PORTFOLIO_V02_P1,2024-07-29,212760406.12000254,0.0,,,,,,50,False,False,OBSERVED_BELOW_90_COVERAGE,21.69295140006437
2024-07-30,PATTERN_B_ET_REALISTIC_PORTFOLIO_V02_P1,2024-07-30,212760406.12000254,0.0,,,,,,50,False,False,OBSERVED_BELOW_90_COVERAGE,21.69295140006437
2024-07-31,PATTERN_B_ET_REALISTIC_PORTFOLIO_V02_P1,2024-07-31,212760406.12000254,0.0,,,,,,50,False,False,OBSERVED_BELOW_90_COVERAGE,21.69295140006437
2024-08-01,PATTERN_B_ET_REALISTIC_PORTFOLIO_V02_P1,2024-08-01,182799756.46656805,23115430.125306,,,,,,51,False,False,OBSERVED_BELOW_90_COVERAGE,21.69295140006437
2024-08-02,PATTERN_B_ET_REALISTIC_PORTFOLIO_V02_P1,2024-08-02,205915186.59187406,0.0,,,,,,51,False,False,OBSERVED_BELOW_90_COVERAGE,21.69295140006437
2024-08-05,PATTERN_B_ET_REALISTIC_PORTFOLIO_V02_P1,2024-08-05,205915186.59187406,0.0,,,,,,51,False,False,OBSERVED_BELOW_90_COVERAGE,21.69295140006437
2024-08-06,PATTERN_B_ET_REALISTIC_PORTFOLIO_V02_P1,2024-08-06,205915186.59187406,0.0,,,,,,51,False,False,OBSERVED_BELOW_90_COVERAGE,21.69295140006437
2024-08-07,PATTERN_B_ET_REALISTIC_PORTFOLIO_V02_P1,2024-08-07,205915186.59187406,0.0,,,,,,51,False,False,OBSERVED_BELOW_90_COVERAGE,21.69295140006437
2024-08-08,PATTERN_B_ET_REALISTIC_PORTFOLIO_V02_P1,2024-08-08,205915186.59187406,0.0,,,,,,51,False,False,OBSERVED_BELOW_90_COVERAGE,21.69295140006437
2024-08-09,PATTERN_B_ET_REALISTIC_PORTFOLIO_V02_P1,2024-08-09,205915186.59187406,0.0,,,,,,51,False,False,OBSERVED_BELOW_90_COVERAGE,21.69295140006437
2024-08-12,PATTERN_B_ET_REALISTIC_PORTFOLIO_V02_P1,2024-08-12,205915186.59187406,0.0,,,,,,51,False,False,OBSERVED_BELOW_90_COVERAGE,21.69295140006437
2024-08-13,PATTERN_B_ET_REALISTIC_PORTFOLIO_V02_P1,2024-08-13,205915186.59187406,0.0,,,,,,51,False,False,OBSERVED_BELOW_90_COVERAGE,21.69295140006437
2024-08-14,PATTERN_B_ET_REALISTIC_PORTFOLIO_V02_P1,2024-08-14,205915186.59187406,0.0,,,,,,51,False,False,OBSERVED_BELOW_90_COVERAGE,21.69295140006437
2024-08-16,PATTERN_B_ET_REALISTIC_PORTFOLIO_V02_P1,2024-08-16,205915186.59187406,0.0,,,,,,51,False,False,OBSERVED_BELOW_90_COVERAGE,21.69295140006437
2024-08-19,PATTERN_B_ET_REALISTIC_PORTFOLIO_V02_P1,2024-08-19,205915186.59187406,0.0,,,,,,51,False,False,OBSERVED_BELOW_90_COVERAGE,21.69295140006437
2024-08-20,PATTERN_B_ET_REALISTIC_PORTFOLIO_V02_P1,2024-08-20,205915186.59187406,0.0,,,,,,51,False,False,OBSERVED_BELOW_90_COVERAGE,21.69295140006437
2024-08-21,PATTERN_B_ET_REALISTIC_PORTFOLIO_V02_P1,2024-08-21,205915186.59187406,0.0,,,,,,51,False,False,OBSERVED_BELOW_90_COVERAGE,21.69295140006437
2024-08-22,PATTERN_B_ET_REALISTIC_PORTFOLIO_V02_P1,2024-08-22,205915186.59187406,0.0,,,,,,51,False,False,OBSERVED_BELOW_90_COVERAGE,21.69295140006437
2024-08-23,PATTERN_B_ET_REALISTIC_PORTFOLIO_V02_P1,2024-08-23,205915186.59187406,0.0,,,,,,51,False,False,OBSERVED_BELOW_90_COVERAGE,21.69295140006437
2024-08-26,PATTERN_B_ET_REALISTIC_PORTFOLIO_V02_P1,2024-08-26,205915186.59187406,0.0,,,,,,51,False,False,OBSERVED_BELOW_90_COVERAGE,21.69295140006437
2024-08-27,PATTERN_B_ET_REALISTIC_PORTFOLIO_V02_P1,2024-08-27,205915186.59187406,0.0,,,,,,51,False,False,OBSERVED_BELOW_90_COVERAGE,21.69295140006437
2024-08-28,PATTERN_B_ET_REALISTIC_PORTFOLIO_V02_P1,2024-08-28,205915186.59187406,0.0,,,,,,51,False,False,OBSERVED_BELOW_90_COVERAGE,21.69295140006437
2024-08-29,PATTERN_B_ET_REALISTIC_PORTFOLIO_V02_P1,2024-08-29,205915186.59187406,0.0,,,,,,51,False,False,OBSERVED_BELOW_90_COVERAGE,21.69295140006437
2024-08-30,PATTERN_B_ET_REALISTIC_PORTFOLIO_V02_P1,2024-08-30,205915186.59187406,0.0,,,,,,51,False,False,OBSERVED_BELOW_90_COVERAGE,21.69295140006437
2024-09-02,PATTERN_B_ET_REALISTIC_PORTFOLIO_V02_P1,2024-09-02,205915186.59187406,0.0,,,,,,51,False,False,OBSERVED_BELOW_90_COVERAGE,21.69295140006437
2024-09-03,PATTERN_B_ET_REALISTIC_PORTFOLIO_V02_P1,2024-09-03,205915186.59187406,0.0,,,,,,51,False,False,OBSERVED_BELOW_90_COVERAGE,21.69295140006437
2024-09-04,PATTERN_B_ET_REALISTIC_PORTFOLIO_V02_P1,2024-09-04,205915186.59187406,0.0,,,,,,51,False,False,OBSERVED_BELOW_90_COVERAGE,21.69295140006437
2024-09-05,PATTERN_B_ET_REALISTIC_PORTFOLIO_V02_P1,2024-09-05,205915186.59187406,0.0,,,,,,51,False,False,OBSERVED_BELOW_90_COVERAGE,21.69295140006437
2024-09-06,PATTERN_B_ET_REALISTIC_PORTFOLIO_V02_P1,2024-09-06,205915186.59187406,0.0,,,,,,51,False,False,OBSERVED_BELOW_90_COVERAGE,21.69295140006437
2024-09-09,PATTERN_B_ET_REALISTIC_PORTFOLIO_V02_P1,2024-09-09,205915186.59187406,0.0,,,,,,51,False,False,OBSERVED_BELOW_90_COVERAGE,21.69295140006437
2024-09-10,PATTERN_B_ET_REALISTIC_PORTFOLIO_V02_P1,2024-09-10,205915186.59187406,0.0,,,,,,51,False,False,OBSERVED_BELOW_90_COVERAGE,21.69295140006437
2024-09-11,PATTERN_B_ET_REALISTIC_PORTFOLIO_V02_P1,2024-09-11,205915186.59187406,0.0,,,,,,51,False,False,OBSERVED_BELOW_90_COVERAGE,21.69295140006437
2024-09-12,PATTERN_B_ET_REALISTIC_PORTFOLIO_V02_P1,2024-09-12,205915186.59187406,0.0,,,,,,51,False,False,OBSERVED_BELOW_90_COVERAGE,21.69295140006437
2024-09-13,PATTERN_B_ET_REALISTIC_PORTFOLIO_V02_P1,2024-09-13,205915186.59187406,0.0,,,,,,51,False,False,OBSERVED_BELOW_90_COVERAGE,21.69295140006437
2024-09-19,PATTERN_B_ET_REALISTIC_PORTFOLIO_V02_P1,2024-09-19,205915186.59187406,0.0,,,,,,51,False,False,OBSERVED_BELOW_90_COVERAGE,21.69295140006437
2024-09-20,PATTERN_B_ET_REALISTIC_PORTFOLIO_V02_P1,2024-09-20,205915186.59187406,0.0,,,,,,51,False,False,OBSERVED_BELOW_90_COVERAGE,21.69295140006437
2024-09-23,PATTERN_B_ET_REALISTIC_PORTFOLIO_V02_P1,2024-09-23,205915186.59187406,0.0,,,,,,51,False,False,OBSERVED_BELOW_90_COVERAGE,21.69295140006437
2024-09-24,PATTERN_B_ET_REALISTIC_PORTFOLIO_V02_P1,2024-09-24,205915186.59187406,0.0,,,,,,51,False,False,OBSERVED_BELOW_90_COVERAGE,21.69295140006437
2024-09-25,PATTERN_B_ET_REALISTIC_PORTFOLIO_V02_P1,2024-09-25,205915186.59187406,0.0,,,,,,51,False,False,OBSERVED_BELOW_90_COVERAGE,21.69295140006437
2024-09-26,PATTERN_B_ET_REALISTIC_PORTFOLIO_V02_P1,2024-09-26,205915186.59187406,0.0,,,,,,51,False,False,OBSERVED_BELOW_90_COVERAGE,21.69295140006437
2024-09-27,PATTERN_B_ET_REALISTIC_PORTFOLIO_V02_P1,2024-09-27,205915186.59187406,0.0,,,,,,51,False,False,OBSERVED_BELOW_90_COVERAGE,21.69295140006437
2024-09-30,PATTERN_B_ET_REALISTIC_PORTFOLIO_V02_P1,2024-09-30,205915186.59187406,0.0,,,,,,51,False,False,OBSERVED_BELOW_90_COVERAGE,21.69295140006437
2024-10-02,PATTERN_B_ET_REALISTIC_PORTFOLIO_V02_P1,2024-10-02,156000227.85598186,20460588.3093213,,,,,,57,False,False,OBSERVED_BELOW_90_COVERAGE,21.69295140006437
2024-10-04,PATTERN_B_ET_REALISTIC_PORTFOLIO_V02_P1,2024-10-04,176460816.16530317,0.0,,,,,,57,False,False,OBSERVED_BELOW_90_COVERAGE,21.69295140006437
2024-10-07,PATTERN_B_ET_REALISTIC_PORTFOLIO_V02_P1,2024-10-07,176460816.16530317,0.0,,,,,,57,False,False,OBSERVED_BELOW_90_COVERAGE,21.69295140006437
2024-10-08,PATTERN_B_ET_REALISTIC_PORTFOLIO_V02_P1,2024-10-08,176460816.16530317,0.0,,,,,,57,False,False,OBSERVED_BELOW_90_COVERAGE,21.69295140006437
2024-10-10,PATTERN_B_ET_REALISTIC_PORTFOLIO_V02_P1,2024-10-10,176460816.16530317,0.0,,,,,,57,False,False,OBSERVED_BELOW_90_COVERAGE,21.69295140006437
2024-10-11,PATTERN_B_ET_REALISTIC_PORTFOLIO_V02_P1,2024-10-11,176460816.16530317,0.0,,,,,,57,False,False,OBSERVED_BELOW_90_COVERAGE,21.69295140006437
2024-10-14,PATTERN_B_ET_REALISTIC_PORTFOLIO_V02_P1,2024-10-14,176460816.16530317,0.0,,,,,,57,False,False,OBSERVED_BELOW_90_COVERAGE,21.69295140006437
2024-10-15,PATTERN_B_ET_REALISTIC_PORTFOLIO_V02_P1,2024-10-15,176460816.16530317,0.0,,,,,,57,False,False,OBSERVED_BELOW_90_COVERAGE,21.69295140006437
2024-10-16,PATTERN_B_ET_REALISTIC_PORTFOLIO_V02_P1,2024-10-16,176460816.16530317,0.0,,,,,,57,False,False,OBSERVED_BELOW_90_COVERAGE,21.69295140006437
2024-10-17,PATTERN_B_ET_REALISTIC_PORTFOLIO_V02_P1,2024-10-17,176460816.16530317,0.0,,,,,,57,False,False,OBSERVED_BELOW_90_COVERAGE,21.69295140006437
2024-10-18,PATTERN_B_ET_REALISTIC_PORTFOLIO_V02_P1,2024-10-18,176460816.16530317,0.0,,,,,,57,False,False,OBSERVED_BELOW_90_COVERAGE,21.69295140006437
2024-10-21,PATTERN_B_ET_REALISTIC_PORTFOLIO_V02_P1,2024-10-21,176460816.16530317,0.0,,,,,,57,False,False,OBSERVED_BELOW_90_COVERAGE,21.69295140006437
2024-10-22,PATTERN_B_ET_REALISTIC_PORTFOLIO_V02_P1,2024-10-22,176460816.16530317,0.0,,,,,,57,False,False,OBSERVED_BELOW_90_COVERAGE,21.69295140006437
2024-10-23,PATTERN_B_ET_REALISTIC_PORTFOLIO_V02_P1,2024-10-23,176460816.16530317,0.0,,,,,,57,False,False,OBSERVED_BELOW_90_COVERAGE,21.69295140006437
2024-10-24,PATTERN_B_ET_REALISTIC_PORTFOLIO_V02_P1,2024-10-24,176460816.16530317,0.0,,,,,,57,False,False,OBSERVED_BELOW_90_COVERAGE,21.69295140006437
2024-10-25,PATTERN_B_ET_REALISTIC_PORTFOLIO_V02_P1,2024-10-25,176460816.16530317,0.0,,,,,,57,False,False,OBSERVED_BELOW_90_COVERAGE,21.69295140006437
2024-10-28,PATTERN_B_ET_REALISTIC_PORTFOLIO_V02_P1,2024-10-28,176460816.16530317,0.0,,,,,,57,False,False,OBSERVED_BELOW_90_COVERAGE,21.69295140006437
2024-10-29,PATTERN_B_ET_REALISTIC_PORTFOLIO_V02_P1,2024-10-29,176460816.16530317,0.0,,,,,,57,False,False,OBSERVED_BELOW_90_COVERAGE,21.69295140006437
2024-10-30,PATTERN_B_ET_REALISTIC_PORTFOLIO_V02_P1,2024-10-30,176460816.16530317,0.0,,,,,,57,False,False,OBSERVED_BELOW_90_COVERAGE,21.69295140006437
2024-10-31,PATTERN_B_ET_REALISTIC_PORTFOLIO_V02_P1,2024-10-31,176460816.16530317,0.0,,,,,,57,False,False,OBSERVED_BELOW_90_COVERAGE,21.69295140006437
2024-11-01,PATTERN_B_ET_REALISTIC_PORTFOLIO_V02_P1,2024-11-01,131593701.53746772,16629656.377319999,,,,,,63,False,False,OBSERVED_BELOW_90_COVERAGE,21.69295140006437
2024-11-04,PATTERN_B_ET_REALISTIC_PORTFOLIO_V02_P1,2024-11-04,148223357.9147877,0.0,,,,,,63,False,False,OBSERVED_BELOW_90_COVERAGE,21.69295140006437
2024-11-05,PATTERN_B_ET_REALISTIC_PORTFOLIO_V02_P1,2024-11-05,148223357.9147877,0.0,,,,,,63,False,False,OBSERVED_BELOW_90_COVERAGE,21.69295140006437
2024-11-06,PATTERN_B_ET_REALISTIC_PORTFOLIO_V02_P1,2024-11-06,148223357.9147877,0.0,,,,,,63,False,False,OBSERVED_BELOW_90_COVERAGE,21.69295140006437
2024-11-07,PATTERN_B_ET_REALISTIC_PORTFOLIO_V02_P1,2024-11-07,148223357.9147877,0.0,,,,,,63,False,False,OBSERVED_BELOW_90_COVERAGE,21.69295140006437
2024-11-08,PATTERN_B_ET_REALISTIC_PORTFOLIO_V02_P1,2024-11-08,148223357.9147877,0.0,,,,,,63,False,False,OBSERVED_BELOW_90_COVERAGE,21.69295140006437
2024-11-11,PATTERN_B_ET_REALISTIC_PORTFOLIO_V02_P1,2024-11-11,148223357.9147877,0.0,,,,,,63,False,False,OBSERVED_BELOW_90_COVERAGE,21.69295140006437
2024-11-12,PATTERN_B_ET_REALISTIC_PORTFOLIO_V02_P1,2024-11-12,148223357.9147877,0.0,,,,,,63,False,False,OBSERVED_BELOW_90_COVERAGE,21.69295140006437
2024-11-13,PATTERN_B_ET_REALISTIC_PORTFOLIO_V02_P1,2024-11-13,148223357.9147877,0.0,,,,,,63,False,False,OBSERVED_BELOW_90_COVERAGE,21.69295140006437
2024-11-14,PATTERN_B_ET_REALISTIC_PORTFOLIO_V02_P1,2024-11-14,148223357.9147877,0.0,,,,,,63,False,False,OBSERVED_BELOW_90_COVERAGE,21.69295140006437
2024-11-15,PATTERN_B_ET_REALISTIC_PORTFOLIO_V02_P1,2024-11-15,148223357.9147877,0.0,,,,,,63,False,False,OBSERVED_BELOW_90_COVERAGE,21.69295140006437
2024-11-18,PATTERN_B_ET_REALISTIC_PORTFOLIO_V02_P1,2024-11-18,148223357.9147877,0.0,,,,,,63,False,False,OBSERVED_BELOW_90_COVERAGE,21.69295140006437
2024-11-19,PATTERN_B_ET_REALISTIC_PORTFOLIO_V02_P1,2024-11-19,148223357.9147877,0.0,,,,,,63,False,False,OBSERVED_BELOW_90_COVERAGE,21.69295140006437
2024-11-20,PATTERN_B_ET_REALISTIC_PORTFOLIO_V02_P1,2024-11-20,148223357.9147877,0.0,,,,,,63,False,False,OBSERVED_BELOW_90_COVERAGE,21.69295140006437
2024-11-21,PATTERN_B_ET_REALISTIC_PORTFOLIO_V02_P1,2024-11-21,148223357.9147877,0.0,,,,,,63,False,False,OBSERVED_BELOW_90_COVERAGE,21.69295140006437
2024-11-22,PATTERN_B_ET_REALISTIC_PORTFOLIO_V02_P1,2024-11-22,148223357.9147877,0.0,,,,,,63,False,False,OBSERVED_BELOW_90_COVERAGE,21.69295140006437
2024-11-25,PATTERN_B_ET_REALISTIC_PORTFOLIO_V02_P1,2024-11-25,148223357.9147877,0.0,,,,,,63,False,False,OBSERVED_BELOW_90_COVERAGE,21.69295140006437
2024-11-26,PATTERN_B_ET_REALISTIC_PORTFOLIO_V02_P1,2024-11-26,148223357.9147877,0.0,,,,,,63,False,False,OBSERVED_BELOW_90_COVERAGE,21.69295140006437
2024-11-27,PATTERN_B_ET_REALISTIC_PORTFOLIO_V02_P1,2024-11-27,148223357.9147877,0.0,,,,,,63,False,False,OBSERVED_BELOW_90_COVERAGE,21.69295140006437
2024-11-28,PATTERN_B_ET_REALISTIC_PORTFOLIO_V02_P1,2024-11-28,148223357.9147877,0.0,,,,,,63,False,False,OBSERVED_BELOW_90_COVERAGE,21.69295140006437
2024-11-29,PATTERN_B_ET_REALISTIC_PORTFOLIO_V02_P1,2024-11-29,148223357.9147877,0.0,,,,,,63,False,False,OBSERVED_BELOW_90_COVERAGE,21.69295140006437
2024-12-02,PATTERN_B_ET_REALISTIC_PORTFOLIO_V02_P1,2024-12-02,148223357.9147877,4859182.237316401,,,,,,62,False,False,OBSERVED_BELOW_90_COVERAGE,21.69295140006437
2024-12-03,PATTERN_B_ET_REALISTIC_PORTFOLIO_V02_P1,2024-12-03,153082540.1521041,0.0,,,,,,62,False,False,OBSERVED_BELOW_90_COVERAGE,21.69295140006437
2024-12-04,PATTERN_B_ET_REALISTIC_PORTFOLIO_V02_P1,2024-12-04,153082540.1521041,0.0,,,,,,62,False,False,OBSERVED_BELOW_90_COVERAGE,21.69295140006437
2024-12-05,PATTERN_B_ET_REALISTIC_PORTFOLIO_V02_P1,2024-12-05,153082540.1521041,0.0,,,,,,62,False,False,OBSERVED_BELOW_90_COVERAGE,21.69295140006437
2024-12-06,PATTERN_B_ET_REALISTIC_PORTFOLIO_V02_P1,2024-12-06,153082540.1521041,0.0,,,,,,62,False,False,OBSERVED_BELOW_90_COVERAGE,21.69295140006437
2024-12-09,PATTERN_B_ET_REALISTIC_PORTFOLIO_V02_P1,2024-12-09,153082540.1521041,0.0,,,,,,62,False,False,OBSERVED_BELOW_90_COVERAGE,21.69295140006437
2024-12-10,PATTERN_B_ET_REALISTIC_PORTFOLIO_V02_P1,2024-12-10,153082540.1521041,0.0,,,,,,62,False,False,OBSERVED_BELOW_90_COVERAGE,21.69295140006437
2024-12-11,PATTERN_B_ET_REALISTIC_PORTFOLIO_V02_P1,2024-12-11,153082540.1521041,0.0,,,,,,62,False,False,OBSERVED_BELOW_90_COVERAGE,21.69295140006437
2024-12-12,PATTERN_B_ET_REALISTIC_PORTFOLIO_V02_P1,2024-12-12,153082540.1521041,0.0,,,,,,62,False,False,OBSERVED_BELOW_90_COVERAGE,21.69295140006437
2024-12-13,PATTERN_B_ET_REALISTIC_PORTFOLIO_V02_P1,2024-12-13,153082540.1521041,0.0,,,,,,62,False,False,OBSERVED_BELOW_90_COVERAGE,21.69295140006437
2024-12-16,PATTERN_B_ET_REALISTIC_PORTFOLIO_V02_P1,2024-12-16,153082540.1521041,0.0,,,,,,62,False,False,OBSERVED_BELOW_90_COVERAGE,21.69295140006437
2024-12-17,PATTERN_B_ET_REALISTIC_PORTFOLIO_V02_P1,2024-12-17,153082540.1521041,0.0,,,,,,62,False,False,OBSERVED_BELOW_90_COVERAGE,21.69295140006437
2024-12-18,PATTERN_B_ET_REALISTIC_PORTFOLIO_V02_P1,2024-12-18,153082540.1521041,0.0,,,,,,62,False,False,OBSERVED_BELOW_90_COVERAGE,21.69295140006437
2024-12-19,PATTERN_B_ET_REALISTIC_PORTFOLIO_V02_P1,2024-12-19,153082540.1521041,0.0,,,,,,62,False,False,OBSERVED_BELOW_90_COVERAGE,21.69295140006437
2024-12-20,PATTERN_B_ET_REALISTIC_PORTFOLIO_V02_P1,2024-12-20,153082540.1521041,0.0,,,,,,62,False,False,OBSERVED_BELOW_90_COVERAGE,21.69295140006437
2024-12-23,PATTERN_B_ET_REALISTIC_PORTFOLIO_V02_P1,2024-12-23,153082540.1521041,0.0,,,,,,62,False,False,OBSERVED_BELOW_90_COVERAGE,21.69295140006437
2024-12-24,PATTERN_B_ET_REALISTIC_PORTFOLIO_V02_P1,2024-12-24,153082540.1521041,0.0,,,,,,62,False,False,OBSERVED_BELOW_90_COVERAGE,21.69295140006437
2024-12-26,PATTERN_B_ET_REALISTIC_PORTFOLIO_V02_P1,2024-12-26,153082540.1521041,0.0,,,,,,62,False,False,OBSERVED_BELOW_90_COVERAGE,21.69295140006437
2024-12-27,PATTERN_B_ET_REALISTIC_PORTFOLIO_V02_P1,2024-12-27,153082540.1521041,0.0,,,,,,62,False,False,OBSERVED_BELOW_90_COVERAGE,21.69295140006437
2024-12-30,PATTERN_B_ET_REALISTIC_PORTFOLIO_V02_P1,2024-12-30,153082540.1521041,0.0,,,,,,62,False,False,OBSERVED_BELOW_90_COVERAGE,21.69295140006437
2025-01-02,PATTERN_B_ET_REALISTIC_PORTFOLIO_V02_P1,2025-01-02,118134224.52497917,33302213.368582502,,,,,,64,False,False,OBSERVED_BELOW_90_COVERAGE,21.69295140006437
2025-01-03,PATTERN_B_ET_REALISTIC_PORTFOLIO_V02_P1,2025-01-03,151436437.89356166,0.0,,,,,,64,False,False,OBSERVED_BELOW_90_COVERAGE,21.69295140006437
2025-01-06,PATTERN_B_ET_REALISTIC_PORTFOLIO_V02_P1,2025-01-06,151436437.89356166,0.0,,,,,,64,False,False,OBSERVED_BELOW_90_COVERAGE,21.69295140006437
2025-01-07,PATTERN_B_ET_REALISTIC_PORTFOLIO_V02_P1,2025-01-07,151436437.89356166,0.0,,,,,,64,False,False,OBSERVED_BELOW_90_COVERAGE,21.69295140006437
2025-01-08,PATTERN_B_ET_REALISTIC_PORTFOLIO_V02_P1,2025-01-08,151436437.89356166,0.0,,,,,,64,False,False,OBSERVED_BELOW_90_COVERAGE,21.69295140006437
2025-01-09,PATTERN_B_ET_REALISTIC_PORTFOLIO_V02_P1,2025-01-09,151436437.89356166,0.0,,,,,,64,False,False,OBSERVED_BELOW_90_COVERAGE,21.69295140006437
2025-01-10,PATTERN_B_ET_REALISTIC_PORTFOLIO_V02_P1,2025-01-10,151436437.89356166,0.0,,,,,,64,False,False,OBSERVED_BELOW_90_COVERAGE,21.69295140006437
2025-01-13,PATTERN_B_ET_REALISTIC_PORTFOLIO_V02_P1,2025-01-13,151436437.89356166,0.0,,,,,,64,False,False,OBSERVED_BELOW_90_COVERAGE,21.69295140006437
2025-01-14,PATTERN_B_ET_REALISTIC_PORTFOLIO_V02_P1,2025-01-14,151436437.89356166,0.0,,,,,,64,False,False,OBSERVED_BELOW_90_COVERAGE,21.69295140006437
2025-01-15,PATTERN_B_ET_REALISTIC_PORTFOLIO_V02_P1,2025-01-15,151436437.89356166,0.0,,,,,,64,False,False,OBSERVED_BELOW_90_COVERAGE,21.69295140006437
2025-01-16,PATTERN_B_ET_REALISTIC_PORTFOLIO_V02_P1,2025-01-16,151436437.89356166,0.0,,,,,,64,False,False,OBSERVED_BELOW_90_COVERAGE,21.69295140006437
2025-01-17,PATTERN_B_ET_REALISTIC_PORTFOLIO_V02_P1,2025-01-17,151436437.89356166,0.0,,,,,,64,False,False,OBSERVED_BELOW_90_COVERAGE,21.69295140006437
2025-01-20,PATTERN_B_ET_REALISTIC_PORTFOLIO_V02_P1,2025-01-20,151436437.89356166,0.0,,,,,,64,False,False,OBSERVED_BELOW_90_COVERAGE,21.69295140006437
2025-01-21,PATTERN_B_ET_REALISTIC_PORTFOLIO_V02_P1,2025-01-21,151436437.89356166,0.0,,,,,,64,False,False,OBSERVED_BELOW_90_COVERAGE,21.69295140006437
2025-01-22,PATTERN_B_ET_REALISTIC_PORTFOLIO_V02_P1,2025-01-22,151436437.89356166,0.0,,,,,,64,False,False,OBSERVED_BELOW_90_COVERAGE,21.69295140006437
2025-01-23,PATTERN_B_ET_REALISTIC_PORTFOLIO_V02_P1,2025-01-23,151436437.89356166,0.0,,,,,,64,False,False,OBSERVED_BELOW_90_COVERAGE,21.69295140006437
2025-01-24,PATTERN_B_ET_REALISTIC_PORTFOLIO_V02_P1,2025-01-24,151436437.89356166,0.0,,,,,,64,False,False,OBSERVED_BELOW_90_COVERAGE,21.69295140006437
2025-01-31,PATTERN_B_ET_REALISTIC_PORTFOLIO_V02_P1,2025-01-31,151436437.89356166,0.0,,,,,,64,False,False,OBSERVED_BELOW_90_COVERAGE,21.69295140006437
2025-02-03,PATTERN_B_ET_REALISTIC_PORTFOLIO_V02_P1,2025-02-03,151436437.89356166,81329196.96927316,,,,,,48,False,False,OBSERVED_BELOW_90_COVERAGE,21.69295140006437
2025-02-04,PATTERN_B_ET_REALISTIC_PORTFOLIO_V02_P1,2025-02-04,232765634.8628348,0.0,,,,,,48,False,False,OBSERVED_BELOW_90_COVERAGE,21.69295140006437
2025-02-05,PATTERN_B_ET_REALISTIC_PORTFOLIO_V02_P1,2025-02-05,232765634.8628348,0.0,,,,,,48,False,False,OBSERVED_BELOW_90_COVERAGE,21.69295140006437
2025-02-06,PATTERN_B_ET_REALISTIC_PORTFOLIO_V02_P1,2025-02-06,232765634.8628348,0.0,,,,,,48,False,False,OBSERVED_BELOW_90_COVERAGE,21.69295140006437
2025-02-07,PATTERN_B_ET_REALISTIC_PORTFOLIO_V02_P1,2025-02-07,232765634.8628348,0.0,,,,,,48,False,False,OBSERVED_BELOW_90_COVERAGE,21.69295140006437
2025-02-10,PATTERN_B_ET_REALISTIC_PORTFOLIO_V02_P1,2025-02-10,232765634.8628348,0.0,,,,,,48,False,False,OBSERVED_BELOW_90_COVERAGE,21.69295140006437
2025-02-11,PATTERN_B_ET_REALISTIC_PORTFOLIO_V02_P1,2025-02-11,232765634.8628348,0.0,,,,,,48,False,False,OBSERVED_BELOW_90_COVERAGE,21.69295140006437
2025-02-12,PATTERN_B_ET_REALISTIC_PORTFOLIO_V02_P1,2025-02-12,232765634.8628348,0.0,,,,,,48,False,False,OBSERVED_BELOW_90_COVERAGE,21.69295140006437
2025-02-13,PATTERN_B_ET_REALISTIC_PORTFOLIO_V02_P1,2025-02-13,232765634.8628348,0.0,,,,,,48,False,False,OBSERVED_BELOW_90_COVERAGE,21.69295140006437
2025-02-14,PATTERN_B_ET_REALISTIC_PORTFOLIO_V02_P1,2025-02-14,232765634.8628348,0.0,,,,,,48,False,False,OBSERVED_BELOW_90_COVERAGE,21.69295140006437
2025-02-17,PATTERN_B_ET_REALISTIC_PORTFOLIO_V02_P1,2025-02-17,232765634.8628348,0.0,,,,,,48,False,False,OBSERVED_BELOW_90_COVERAGE,21.69295140006437
2025-02-18,PATTERN_B_ET_REALISTIC_PORTFOLIO_V02_P1,2025-02-18,232765634.8628348,0.0,,,,,,48,False,False,OBSERVED_BELOW_90_COVERAGE,21.69295140006437
2025-02-19,PATTERN_B_ET_REALISTIC_PORTFOLIO_V02_P1,2025-02-19,232765634.8628348,0.0,,,,,,48,False,False,OBSERVED_BELOW_90_COVERAGE,21.69295140006437
2025-02-20,PATTERN_B_ET_REALISTIC_PORTFOLIO_V02_P1,2025-02-20,232765634.8628348,0.0,,,,,,48,False,False,OBSERVED_BELOW_90_COVERAGE,21.69295140006437
2025-02-21,PATTERN_B_ET_REALISTIC_PORTFOLIO_V02_P1,2025-02-21,232765634.8628348,0.0,,,,,,48,False,False,OBSERVED_BELOW_90_COVERAGE,21.69295140006437
2025-02-24,PATTERN_B_ET_REALISTIC_PORTFOLIO_V02_P1,2025-02-24,232765634.8628348,0.0,,,,,,48,False,False,OBSERVED_BELOW_90_COVERAGE,21.69295140006437
2025-02-25,PATTERN_B_ET_REALISTIC_PORTFOLIO_V02_P1,2025-02-25,232765634.8628348,0.0,,,,,,48,False,False,OBSERVED_BELOW_90_COVERAGE,21.69295140006437
2025-02-26,PATTERN_B_ET_REALISTIC_PORTFOLIO_V02_P1,2025-02-26,232765634.8628348,0.0,,,,,,48,False,False,OBSERVED_BELOW_90_COVERAGE,21.69295140006437
2025-02-27,PATTERN_B_ET_REALISTIC_PORTFOLIO_V02_P1,2025-02-27,232765634.8628348,0.0,,,,,,48,False,False,OBSERVED_BELOW_90_COVERAGE,21.69295140006437
2025-02-28,PATTERN_B_ET_REALISTIC_PORTFOLIO_V02_P1,2025-02-28,232765634.8628348,0.0,,,,,,48,False,False,OBSERVED_BELOW_90_COVERAGE,21.69295140006437
2025-03-04,PATTERN_B_ET_REALISTIC_PORTFOLIO_V02_P1,2025-03-04,212778786.39820176,9027258.0581475,,,,,,50,False,False,OBSERVED_BELOW_90_COVERAGE,21.69295140006437
2025-03-05,PATTERN_B_ET_REALISTIC_PORTFOLIO_V02_P1,2025-03-05,221806044.45634925,0.0,,,,,,50,False,False,OBSERVED_BELOW_90_COVERAGE,21.69295140006437
2025-03-06,PATTERN_B_ET_REALISTIC_PORTFOLIO_V02_P1,2025-03-06,221806044.45634925,0.0,,,,,,50,False,False,OBSERVED_BELOW_90_COVERAGE,21.69295140006437
2025-03-07,PATTERN_B_ET_REALISTIC_PORTFOLIO_V02_P1,2025-03-07,221806044.45634925,0.0,,,,,,50,False,False,OBSERVED_BELOW_90_COVERAGE,21.69295140006437
2025-03-10,PATTERN_B_ET_REALISTIC_PORTFOLIO_V02_P1,2025-03-10,221806044.45634925,0.0,,,,,,50,False,False,OBSERVED_BELOW_90_COVERAGE,21.69295140006437
2025-03-11,PATTERN_B_ET_REALISTIC_PORTFOLIO_V02_P1,2025-03-11,221806044.45634925,0.0,,,,,,50,False,False,OBSERVED_BELOW_90_COVERAGE,21.69295140006437
2025-03-12,PATTERN_B_ET_REALISTIC_PORTFOLIO_V02_P1,2025-03-12,221806044.45634925,0.0,,,,,,50,False,False,OBSERVED_BELOW_90_COVERAGE,21.69295140006437
2025-03-13,PATTERN_B_ET_REALISTIC_PORTFOLIO_V02_P1,2025-03-13,221806044.45634925,0.0,,,,,,50,False,False,OBSERVED_BELOW_90_COVERAGE,21.69295140006437
2025-03-14,PATTERN_B_ET_REALISTIC_PORTFOLIO_V02_P1,2025-03-14,221806044.45634925,0.0,,,,,,50,False,False,OBSERVED_BELOW_90_COVERAGE,21.69295140006437
2025-03-17,PATTERN_B_ET_REALISTIC_PORTFOLIO_V02_P1,2025-03-17,221806044.45634925,0.0,,,,,,50,False,False,OBSERVED_BELOW_90_COVERAGE,21.69295140006437
2025-03-18,PATTERN_B_ET_REALISTIC_PORTFOLIO_V02_P1,2025-03-18,221806044.45634925,0.0,,,,,,50,False,False,OBSERVED_BELOW_90_COVERAGE,21.69295140006437
2025-03-19,PATTERN_B_ET_REALISTIC_PORTFOLIO_V02_P1,2025-03-19,221806044.45634925,0.0,,,,,,50,False,False,OBSERVED_BELOW_90_COVERAGE,21.69295140006437
2025-03-20,PATTERN_B_ET_REALISTIC_PORTFOLIO_V02_P1,2025-03-20,221806044.45634925,0.0,,,,,,50,False,False,OBSERVED_BELOW_90_COVERAGE,21.69295140006437
2025-03-21,PATTERN_B_ET_REALISTIC_PORTFOLIO_V02_P1,2025-03-21,221806044.45634925,0.0,,,,,,50,False,False,OBSERVED_BELOW_90_COVERAGE,21.69295140006437
2025-03-24,PATTERN_B_ET_REALISTIC_PORTFOLIO_V02_P1,2025-03-24,221806044.45634925,0.0,,,,,,50,False,False,OBSERVED_BELOW_90_COVERAGE,21.69295140006437
2025-03-25,PATTERN_B_ET_REALISTIC_PORTFOLIO_V02_P1,2025-03-25,221806044.45634925,0.0,,,,,,50,False,False,OBSERVED_BELOW_90_COVERAGE,21.69295140006437
2025-03-26,PATTERN_B_ET_REALISTIC_PORTFOLIO_V02_P1,2025-03-26,221806044.45634925,0.0,,,,,,50,False,False,OBSERVED_BELOW_90_COVERAGE,21.69295140006437
2025-03-27,PATTERN_B_ET_REALISTIC_PORTFOLIO_V02_P1,2025-03-27,221806044.45634925,0.0,,,,,,50,False,False,OBSERVED_BELOW_90_COVERAGE,21.69295140006437
2025-03-28,PATTERN_B_ET_REALISTIC_PORTFOLIO_V02_P1,2025-03-28,221806044.45634925,0.0,,,,,,50,False,False,OBSERVED_BELOW_90_COVERAGE,21.69295140006437
2025-03-31,PATTERN_B_ET_REALISTIC_PORTFOLIO_V02_P1,2025-03-31,221806044.45634925,0.0,,,,,,50,False,False,OBSERVED_BELOW_90_COVERAGE,21.69295140006437
2025-04-01,PATTERN_B_ET_REALISTIC_PORTFOLIO_V02_P1,2025-04-01,201849331.61238137,10316577.8271681,,,,,,52,False,False,OBSERVED_BELOW_90_COVERAGE,21.69295140006437
2025-04-02,PATTERN_B_ET_REALISTIC_PORTFOLIO_V02_P1,2025-04-02,212165909.43954948,0.0,,,,,,52,False,False,OBSERVED_BELOW_90_COVERAGE,21.69295140006437
2025-04-03,PATTERN_B_ET_REALISTIC_PORTFOLIO_V02_P1,2025-04-03,212165909.43954948,0.0,,,,,,52,False,False,OBSERVED_BELOW_90_COVERAGE,21.69295140006437
2025-04-04,PATTERN_B_ET_REALISTIC_PORTFOLIO_V02_P1,2025-04-04,212165909.43954948,0.0,,,,,,52,False,False,OBSERVED_BELOW_90_COVERAGE,21.69295140006437
2025-04-07,PATTERN_B_ET_REALISTIC_PORTFOLIO_V02_P1,2025-04-07,212165909.43954948,0.0,,,,,,52,False,False,OBSERVED_BELOW_90_COVERAGE,21.69295140006437
2025-04-08,PATTERN_B_ET_REALISTIC_PORTFOLIO_V02_P1,2025-04-08,212165909.43954948,0.0,,,,,,52,False,False,OBSERVED_BELOW_90_COVERAGE,21.69295140006437
2025-04-09,PATTERN_B_ET_REALISTIC_PORTFOLIO_V02_P1,2025-04-09,212165909.43954948,0.0,,,,,,52,False,False,OBSERVED_BELOW_90_COVERAGE,21.69295140006437
2025-04-10,PATTERN_B_ET_REALISTIC_PORTFOLIO_V02_P1,2025-04-10,212165909.43954948,0.0,,,,,,52,False,False,OBSERVED_BELOW_90_COVERAGE,21.69295140006437
2025-04-11,PATTERN_B_ET_REALISTIC_PORTFOLIO_V02_P1,2025-04-11,212165909.43954948,0.0,,,,,,52,False,False,OBSERVED_BELOW_90_COVERAGE,21.69295140006437
2025-04-14,PATTERN_B_ET_REALISTIC_PORTFOLIO_V02_P1,2025-04-14,212165909.43954948,0.0,,,,,,52,False,False,OBSERVED_BELOW_90_COVERAGE,21.69295140006437
2025-04-15,PATTERN_B_ET_REALISTIC_PORTFOLIO_V02_P1,2025-04-15,212165909.43954948,0.0,,,,,,52,False,False,OBSERVED_BELOW_90_COVERAGE,21.69295140006437
2025-04-16,PATTERN_B_ET_REALISTIC_PORTFOLIO_V02_P1,2025-04-16,212165909.43954948,0.0,,,,,,52,False,False,OBSERVED_BELOW_90_COVERAGE,21.69295140006437
2025-04-17,PATTERN_B_ET_REALISTIC_PORTFOLIO_V02_P1,2025-04-17,212165909.43954948,0.0,,,,,,52,False,False,OBSERVED_BELOW_90_COVERAGE,21.69295140006437
2025-04-18,PATTERN_B_ET_REALISTIC_PORTFOLIO_V02_P1,2025-04-18,212165909.43954948,0.0,,,,,,52,False,False,OBSERVED_BELOW_90_COVERAGE,21.69295140006437
2025-04-21,PATTERN_B_ET_REALISTIC_PORTFOLIO_V02_P1,2025-04-21,212165909.43954948,0.0,,,,,,52,False,False,OBSERVED_BELOW_90_COVERAGE,21.69295140006437
2025-04-22,PATTERN_B_ET_REALISTIC_PORTFOLIO_V02_P1,2025-04-22,212165909.43954948,0.0,,,,,,52,False,False,OBSERVED_BELOW_90_COVERAGE,21.69295140006437
2025-04-23,PATTERN_B_ET_REALISTIC_PORTFOLIO_V02_P1,2025-04-23,212165909.43954948,0.0,,,,,,52,False,False,OBSERVED_BELOW_90_COVERAGE,21.69295140006437
2025-04-24,PATTERN_B_ET_REALISTIC_PORTFOLIO_V02_P1,2025-04-24,212165909.43954948,0.0,,,,,,52,False,False,OBSERVED_BELOW_90_COVERAGE,21.69295140006437
2025-04-25,PATTERN_B_ET_REALISTIC_PORTFOLIO_V02_P1,2025-04-25,212165909.43954948,0.0,,,,,,52,False,False,OBSERVED_BELOW_90_COVERAGE,21.69295140006437
2025-04-28,PATTERN_B_ET_REALISTIC_PORTFOLIO_V02_P1,2025-04-28,212165909.43954948,0.0,,,,,,52,False,False,OBSERVED_BELOW_90_COVERAGE,21.69295140006437
2025-04-29,PATTERN_B_ET_REALISTIC_PORTFOLIO_V02_P1,2025-04-29,212165909.43954948,0.0,,,,,,52,False,False,OBSERVED_BELOW_90_COVERAGE,21.69295140006437
2025-04-30,PATTERN_B_ET_REALISTIC_PORTFOLIO_V02_P1,2025-04-30,212165909.43954948,0.0,,,,,,52,False,False,OBSERVED_BELOW_90_COVERAGE,21.69295140006437
2025-05-02,PATTERN_B_ET_REALISTIC_PORTFOLIO_V02_P1,2025-05-02,202170914.90322268,15203885.6870082,,,,,,51,False,False,OBSERVED_BELOW_90_COVERAGE,21.69295140006437
2025-05-07,PATTERN_B_ET_REALISTIC_PORTFOLIO_V02_P1,2025-05-07,217374800.59023088,0.0,,,,,,51,False,False,OBSERVED_BELOW_90_COVERAGE,21.69295140006437
2025-05-08,PATTERN_B_ET_REALISTIC_PORTFOLIO_V02_P1,2025-05-08,217374800.59023088,0.0,,,,,,51,False,False,OBSERVED_BELOW_90_COVERAGE,21.69295140006437
2025-05-09,PATTERN_B_ET_REALISTIC_PORTFOLIO_V02_P1,2025-05-09,217374800.59023088,0.0,,,,,,51,False,False,OBSERVED_BELOW_90_COVERAGE,21.69295140006437
2025-05-12,PATTERN_B_ET_REALISTIC_PORTFOLIO_V02_P1,2025-05-12,217374800.59023088,0.0,,,,,,51,False,False,OBSERVED_BELOW_90_COVERAGE,21.69295140006437
2025-05-13,PATTERN_B_ET_REALISTIC_PORTFOLIO_V02_P1,2025-05-13,217374800.59023088,0.0,,,,,,51,False,False,OBSERVED_BELOW_90_COVERAGE,21.69295140006437
2025-05-14,PATTERN_B_ET_REALISTIC_PORTFOLIO_V02_P1,2025-05-14,217374800.59023088,0.0,,,,,,51,False,False,OBSERVED_BELOW_90_COVERAGE,21.69295140006437
2025-05-15,PATTERN_B_ET_REALISTIC_PORTFOLIO_V02_P1,2025-05-15,217374800.59023088,0.0,,,,,,51,False,False,OBSERVED_BELOW_90_COVERAGE,21.69295140006437
2025-05-16,PATTERN_B_ET_REALISTIC_PORTFOLIO_V02_P1,2025-05-16,217374800.59023088,0.0,,,,,,51,False,False,OBSERVED_BELOW_90_COVERAGE,21.69295140006437
2025-05-19,PATTERN_B_ET_REALISTIC_PORTFOLIO_V02_P1,2025-05-19,217374800.59023088,0.0,,,,,,51,False,False,OBSERVED_BELOW_90_COVERAGE,21.69295140006437
2025-05-20,PATTERN_B_ET_REALISTIC_PORTFOLIO_V02_P1,2025-05-20,217374800.59023088,0.0,,,,,,51,False,False,OBSERVED_BELOW_90_COVERAGE,21.69295140006437
2025-05-21,PATTERN_B_ET_REALISTIC_PORTFOLIO_V02_P1,2025-05-21,217374800.59023088,0.0,,,,,,51,False,False,OBSERVED_BELOW_90_COVERAGE,21.69295140006437
2025-05-22,PATTERN_B_ET_REALISTIC_PORTFOLIO_V02_P1,2025-05-22,217374800.59023088,0.0,,,,,,51,False,False,OBSERVED_BELOW_90_COVERAGE,21.69295140006437
2025-05-23,PATTERN_B_ET_REALISTIC_PORTFOLIO_V02_P1,2025-05-23,217374800.59023088,0.0,,,,,,51,False,False,OBSERVED_BELOW_90_COVERAGE,21.69295140006437
2025-05-26,PATTERN_B_ET_REALISTIC_PORTFOLIO_V02_P1,2025-05-26,217374800.59023088,0.0,,,,,,51,False,False,OBSERVED_BELOW_90_COVERAGE,21.69295140006437
2025-05-27,PATTERN_B_ET_REALISTIC_PORTFOLIO_V02_P1,2025-05-27,217374800.59023088,0.0,,,,,,51,False,False,OBSERVED_BELOW_90_COVERAGE,21.69295140006437
2025-05-28,PATTERN_B_ET_REALISTIC_PORTFOLIO_V02_P1,2025-05-28,217374800.59023088,0.0,,,,,,51,False,False,OBSERVED_BELOW_90_COVERAGE,21.69295140006437
2025-05-29,PATTERN_B_ET_REALISTIC_PORTFOLIO_V02_P1,2025-05-29,217374800.59023088,0.0,,,,,,51,False,False,OBSERVED_BELOW_90_COVERAGE,21.69295140006437
2025-05-30,PATTERN_B_ET_REALISTIC_PORTFOLIO_V02_P1,2025-05-30,217374800.59023088,0.0,,,,,,51,False,False,OBSERVED_BELOW_90_COVERAGE,21.69295140006437
2025-06-02,PATTERN_B_ET_REALISTIC_PORTFOLIO_V02_P1,2025-06-02,212377659.7315209,6307074.46190025,,,,,,51,False,False,OBSERVED_BELOW_90_COVERAGE,21.69295140006437
2025-06-04,PATTERN_B_ET_REALISTIC_PORTFOLIO_V02_P1,2025-06-04,218684734.19342116,0.0,,,,,,51,False,False,OBSERVED_BELOW_90_COVERAGE,21.69295140006437
2025-06-05,PATTERN_B_ET_REALISTIC_PORTFOLIO_V02_P1,2025-06-05,218684734.19342116,0.0,,,,,,51,False,False,OBSERVED_BELOW_90_COVERAGE,21.69295140006437
2025-06-09,PATTERN_B_ET_REALISTIC_PORTFOLIO_V02_P1,2025-06-09,218684734.19342116,0.0,,,,,,51,False,False,OBSERVED_BELOW_90_COVERAGE,21.69295140006437
2025-06-10,PATTERN_B_ET_REALISTIC_PORTFOLIO_V02_P1,2025-06-10,218684734.19342116,0.0,,,,,,51,False,False,OBSERVED_BELOW_90_COVERAGE,21.69295140006437
2025-06-11,PATTERN_B_ET_REALISTIC_PORTFOLIO_V02_P1,2025-06-11,218684734.19342116,0.0,,,,,,51,False,False,OBSERVED_BELOW_90_COVERAGE,21.69295140006437
2025-06-12,PATTERN_B_ET_REALISTIC_PORTFOLIO_V02_P1,2025-06-12,218684734.19342116,0.0,,,,,,51,False,False,OBSERVED_BELOW_90_COVERAGE,21.69295140006437
2025-06-13,PATTERN_B_ET_REALISTIC_PORTFOLIO_V02_P1,2025-06-13,218684734.19342116,0.0,,,,,,51,False,False,OBSERVED_BELOW_90_COVERAGE,21.69295140006437
2025-06-16,PATTERN_B_ET_REALISTIC_PORTFOLIO_V02_P1,2025-06-16,218684734.19342116,0.0,,,,,,51,False,False,OBSERVED_BELOW_90_COVERAGE,21.69295140006437
2025-06-17,PATTERN_B_ET_REALISTIC_PORTFOLIO_V02_P1,2025-06-17,218684734.19342116,0.0,,,,,,51,False,False,OBSERVED_BELOW_90_COVERAGE,21.69295140006437
2025-06-18,PATTERN_B_ET_REALISTIC_PORTFOLIO_V02_P1,2025-06-18,218684734.19342116,0.0,,,,,,51,False,False,OBSERVED_BELOW_90_COVERAGE,21.69295140006437
2025-06-19,PATTERN_B_ET_REALISTIC_PORTFOLIO_V02_P1,2025-06-19,218684734.19342116,0.0,,,,,,51,False,False,OBSERVED_BELOW_90_COVERAGE,21.69295140006437
2025-06-20,PATTERN_B_ET_REALISTIC_PORTFOLIO_V02_P1,2025-06-20,218684734.19342116,0.0,,,,,,51,False,False,OBSERVED_BELOW_90_COVERAGE,21.69295140006437
2025-06-23,PATTERN_B_ET_REALISTIC_PORTFOLIO_V02_P1,2025-06-23,218684734.19342116,0.0,,,,,,51,False,False,OBSERVED_BELOW_90_COVERAGE,21.69295140006437
2025-06-24,PATTERN_B_ET_REALISTIC_PORTFOLIO_V02_P1,2025-06-24,218684734.19342116,0.0,,,,,,51,False,False,OBSERVED_BELOW_90_COVERAGE,21.69295140006437
2025-06-25,PATTERN_B_ET_REALISTIC_PORTFOLIO_V02_P1,2025-06-25,218684734.19342116,0.0,,,,,,51,False,False,OBSERVED_BELOW_90_COVERAGE,21.69295140006437
2025-06-26,PATTERN_B_ET_REALISTIC_PORTFOLIO_V02_P1,2025-06-26,218684734.19342116,0.0,,,,,,51,False,False,OBSERVED_BELOW_90_COVERAGE,21.69295140006437
2025-06-27,PATTERN_B_ET_REALISTIC_PORTFOLIO_V02_P1,2025-06-27,218684734.19342116,0.0,,,,,,51,False,False,OBSERVED_BELOW_90_COVERAGE,21.69295140006437
2025-06-30,PATTERN_B_ET_REALISTIC_PORTFOLIO_V02_P1,2025-06-30,218684734.19342116,0.0,,,,,,51,False,False,OBSERVED_BELOW_90_COVERAGE,21.69295140006437
2025-07-01,PATTERN_B_ET_REALISTIC_PORTFOLIO_V02_P1,2025-07-01,203695628.27873823,18374098.221787497,,,,,,49,False,False,OBSERVED_BELOW_90_COVERAGE,21.69295140006437
2025-07-02,PATTERN_B_ET_REALISTIC_PORTFOLIO_V02_P1,2025-07-02,222069726.5005257,0.0,,,,,,49,False,False,OBSERVED_BELOW_90_COVERAGE,21.69295140006437
2025-07-03,PATTERN_B_ET_REALISTIC_PORTFOLIO_V02_P1,2025-07-03,222069726.5005257,0.0,,,,,,49,False,False,OBSERVED_BELOW_90_COVERAGE,21.69295140006437
2025-07-04,PATTERN_B_ET_REALISTIC_PORTFOLIO_V02_P1,2025-07-04,222069726.5005257,0.0,,,,,,49,False,False,OBSERVED_BELOW_90_COVERAGE,21.69295140006437
2025-07-07,PATTERN_B_ET_REALISTIC_PORTFOLIO_V02_P1,2025-07-07,222069726.5005257,0.0,,,,,,49,False,False,OBSERVED_BELOW_90_COVERAGE,21.69295140006437
2025-07-08,PATTERN_B_ET_REALISTIC_PORTFOLIO_V02_P1,2025-07-08,222069726.5005257,0.0,,,,,,49,False,False,OBSERVED_BELOW_90_COVERAGE,21.69295140006437
2025-07-09,PATTERN_B_ET_REALISTIC_PORTFOLIO_V02_P1,2025-07-09,222069726.5005257,0.0,,,,,,49,False,False,OBSERVED_BELOW_90_COVERAGE,21.69295140006437
2025-07-10,PATTERN_B_ET_REALISTIC_PORTFOLIO_V02_P1,2025-07-10,222069726.5005257,0.0,,,,,,49,False,False,OBSERVED_BELOW_90_COVERAGE,21.69295140006437
2025-07-11,PATTERN_B_ET_REALISTIC_PORTFOLIO_V02_P1,2025-07-11,222069726.5005257,0.0,,,,,,49,False,False,OBSERVED_BELOW_90_COVERAGE,21.69295140006437
2025-07-14,PATTERN_B_ET_REALISTIC_PORTFOLIO_V02_P1,2025-07-14,222069726.5005257,0.0,,,,,,49,False,False,OBSERVED_BELOW_90_COVERAGE,21.69295140006437
2025-07-15,PATTERN_B_ET_REALISTIC_PORTFOLIO_V02_P1,2025-07-15,222069726.5005257,0.0,,,,,,49,False,False,OBSERVED_BELOW_90_COVERAGE,21.69295140006437
2025-07-16,PATTERN_B_ET_REALISTIC_PORTFOLIO_V02_P1,2025-07-16,222069726.5005257,0.0,,,,,,49,False,False,OBSERVED_BELOW_90_COVERAGE,21.69295140006437
2025-07-17,PATTERN_B_ET_REALISTIC_PORTFOLIO_V02_P1,2025-07-17,222069726.5005257,0.0,,,,,,49,False,False,OBSERVED_BELOW_90_COVERAGE,21.69295140006437
2025-07-18,PATTERN_B_ET_REALISTIC_PORTFOLIO_V02_P1,2025-07-18,222069726.5005257,0.0,,,,,,49,False,False,OBSERVED_BELOW_90_COVERAGE,21.69295140006437
2025-07-21,PATTERN_B_ET_REALISTIC_PORTFOLIO_V02_P1,2025-07-21,222069726.5005257,0.0,,,,,,49,False,False,OBSERVED_BELOW_90_COVERAGE,21.69295140006437
2025-07-22,PATTERN_B_ET_REALISTIC_PORTFOLIO_V02_P1,2025-07-22,222069726.5005257,0.0,,,,,,49,False,False,OBSERVED_BELOW_90_COVERAGE,21.69295140006437
2025-07-23,PATTERN_B_ET_REALISTIC_PORTFOLIO_V02_P1,2025-07-23,222069726.5005257,0.0,,,,,,49,False,False,OBSERVED_BELOW_90_COVERAGE,21.69295140006437
2025-07-24,PATTERN_B_ET_REALISTIC_PORTFOLIO_V02_P1,2025-07-24,222069726.5005257,0.0,,,,,,49,False,False,OBSERVED_BELOW_90_COVERAGE,21.69295140006437
2025-07-25,PATTERN_B_ET_REALISTIC_PORTFOLIO_V02_P1,2025-07-25,222069726.5005257,0.0,,,,,,49,False,False,OBSERVED_BELOW_90_COVERAGE,21.69295140006437
2025-07-28,PATTERN_B_ET_REALISTIC_PORTFOLIO_V02_P1,2025-07-28,222069726.5005257,0.0,,,,,,49,False,False,OBSERVED_BELOW_90_COVERAGE,21.69295140006437
2025-07-29,PATTERN_B_ET_REALISTIC_PORTFOLIO_V02_P1,2025-07-29,222069726.5005257,0.0,,,,,,49,False,False,OBSERVED_BELOW_90_COVERAGE,21.69295140006437
2025-07-30,PATTERN_B_ET_REALISTIC_PORTFOLIO_V02_P1,2025-07-30,222069726.5005257,0.0,,,,,,49,False,False,OBSERVED_BELOW_90_COVERAGE,21.69295140006437
2025-07-31,PATTERN_B_ET_REALISTIC_PORTFOLIO_V02_P1,2025-07-31,222069726.5005257,0.0,,,,,,49,False,False,OBSERVED_BELOW_90_COVERAGE,21.69295140006437
2025-08-01,PATTERN_B_ET_REALISTIC_PORTFOLIO_V02_P1,2025-08-01,212072406.29240048,13260335.051339999,,,,,,48,False,False,OBSERVED_BELOW_90_COVERAGE,21.69295140006437
2025-08-04,PATTERN_B_ET_REALISTIC_PORTFOLIO_V02_P1,2025-08-04,225332741.34374046,0.0,,,,,,48,False,False,OBSERVED_BELOW_90_COVERAGE,21.69295140006437
2025-08-05,PATTERN_B_ET_REALISTIC_PORTFOLIO_V02_P1,2025-08-05,225332741.34374046,0.0,,,,,,48,False,False,OBSERVED_BELOW_90_COVERAGE,21.69295140006437
2025-08-06,PATTERN_B_ET_REALISTIC_PORTFOLIO_V02_P1,2025-08-06,225332741.34374046,0.0,,,,,,48,False,False,OBSERVED_BELOW_90_COVERAGE,21.69295140006437
2025-08-07,PATTERN_B_ET_REALISTIC_PORTFOLIO_V02_P1,2025-08-07,225332741.34374046,0.0,,,,,,48,False,False,OBSERVED_BELOW_90_COVERAGE,21.69295140006437
2025-08-08,PATTERN_B_ET_REALISTIC_PORTFOLIO_V02_P1,2025-08-08,225332741.34374046,0.0,,,,,,48,False,False,OBSERVED_BELOW_90_COVERAGE,21.69295140006437
2025-08-11,PATTERN_B_ET_REALISTIC_PORTFOLIO_V02_P1,2025-08-11,225332741.34374046,0.0,,,,,,48,False,False,OBSERVED_BELOW_90_COVERAGE,21.69295140006437
2025-08-12,PATTERN_B_ET_REALISTIC_PORTFOLIO_V02_P1,2025-08-12,225332741.34374046,0.0,,,,,,48,False,False,OBSERVED_BELOW_90_COVERAGE,21.69295140006437
2025-08-13,PATTERN_B_ET_REALISTIC_PORTFOLIO_V02_P1,2025-08-13,225332741.34374046,0.0,,,,,,48,False,False,OBSERVED_BELOW_90_COVERAGE,21.69295140006437
2025-08-14,PATTERN_B_ET_REALISTIC_PORTFOLIO_V02_P1,2025-08-14,225332741.34374046,0.0,,,,,,48,False,False,OBSERVED_BELOW_90_COVERAGE,21.69295140006437
2025-08-18,PATTERN_B_ET_REALISTIC_PORTFOLIO_V02_P1,2025-08-18,225332741.34374046,0.0,,,,,,48,False,False,OBSERVED_BELOW_90_COVERAGE,21.69295140006437
2025-08-19,PATTERN_B_ET_REALISTIC_PORTFOLIO_V02_P1,2025-08-19,225332741.34374046,0.0,,,,,,48,False,False,OBSERVED_BELOW_90_COVERAGE,21.69295140006437
2025-08-20,PATTERN_B_ET_REALISTIC_PORTFOLIO_V02_P1,2025-08-20,225332741.34374046,0.0,,,,,,48,False,False,OBSERVED_BELOW_90_COVERAGE,21.69295140006437
2025-08-21,PATTERN_B_ET_REALISTIC_PORTFOLIO_V02_P1,2025-08-21,225332741.34374046,0.0,,,,,,48,False,False,OBSERVED_BELOW_90_COVERAGE,21.69295140006437
2025-08-22,PATTERN_B_ET_REALISTIC_PORTFOLIO_V02_P1,2025-08-22,225332741.34374046,0.0,,,,,,48,False,False,OBSERVED_BELOW_90_COVERAGE,21.69295140006437
2025-08-25,PATTERN_B_ET_REALISTIC_PORTFOLIO_V02_P1,2025-08-25,225332741.34374046,0.0,,,,,,48,False,False,OBSERVED_BELOW_90_COVERAGE,21.69295140006437
2025-08-26,PATTERN_B_ET_REALISTIC_PORTFOLIO_V02_P1,2025-08-26,225332741.34374046,0.0,,,,,,48,False,False,OBSERVED_BELOW_90_COVERAGE,21.69295140006437
2025-08-27,PATTERN_B_ET_REALISTIC_PORTFOLIO_V02_P1,2025-08-27,225332741.34374046,0.0,,,,,,48,False,False,OBSERVED_BELOW_90_COVERAGE,21.69295140006437
2025-08-28,PATTERN_B_ET_REALISTIC_PORTFOLIO_V02_P1,2025-08-28,225332741.34374046,0.0,,,,,,48,False,False,OBSERVED_BELOW_90_COVERAGE,21.69295140006437
2025-08-29,PATTERN_B_ET_REALISTIC_PORTFOLIO_V02_P1,2025-08-29,225332741.34374046,0.0,,,,,,48,False,False,OBSERVED_BELOW_90_COVERAGE,21.69295140006437
2025-09-01,PATTERN_B_ET_REALISTIC_PORTFOLIO_V02_P1,2025-09-01,225332741.34374046,4736946.95136,,,,,,47,False,False,OBSERVED_BELOW_90_COVERAGE,21.69295140006437
2025-09-02,PATTERN_B_ET_REALISTIC_PORTFOLIO_V02_P1,2025-09-02,230069688.29510045,0.0,,,,,,47,False,False,OBSERVED_BELOW_90_COVERAGE,21.69295140006437
2025-09-03,PATTERN_B_ET_REALISTIC_PORTFOLIO_V02_P1,2025-09-03,230069688.29510045,0.0,,,,,,47,False,False,OBSERVED_BELOW_90_COVERAGE,21.69295140006437
2025-09-04,PATTERN_B_ET_REALISTIC_PORTFOLIO_V02_P1,2025-09-04,230069688.29510045,0.0,,,,,,47,False,False,OBSERVED_BELOW_90_COVERAGE,21.69295140006437
2025-09-05,PATTERN_B_ET_REALISTIC_PORTFOLIO_V02_P1,2025-09-05,230069688.29510045,0.0,,,,,,47,False,False,OBSERVED_BELOW_90_COVERAGE,21.69295140006437
2025-09-08,PATTERN_B_ET_REALISTIC_PORTFOLIO_V02_P1,2025-09-08,230069688.29510045,0.0,,,,,,47,False,False,OBSERVED_BELOW_90_COVERAGE,21.69295140006437
2025-09-09,PATTERN_B_ET_REALISTIC_PORTFOLIO_V02_P1,2025-09-09,230069688.29510045,0.0,,,,,,47,False,False,OBSERVED_BELOW_90_COVERAGE,21.69295140006437
2025-09-10,PATTERN_B_ET_REALISTIC_PORTFOLIO_V02_P1,2025-09-10,230069688.29510045,0.0,,,,,,47,False,False,OBSERVED_BELOW_90_COVERAGE,21.69295140006437
2025-09-11,PATTERN_B_ET_REALISTIC_PORTFOLIO_V02_P1,2025-09-11,230069688.29510045,0.0,,,,,,47,False,False,OBSERVED_BELOW_90_COVERAGE,21.69295140006437
2025-09-12,PATTERN_B_ET_REALISTIC_PORTFOLIO_V02_P1,2025-09-12,230069688.29510045,0.0,,,,,,47,False,False,OBSERVED_BELOW_90_COVERAGE,21.69295140006437
2025-09-15,PATTERN_B_ET_REALISTIC_PORTFOLIO_V02_P1,2025-09-15,230069688.29510045,0.0,,,,,,47,False,False,OBSERVED_BELOW_90_COVERAGE,21.69295140006437
2025-09-16,PATTERN_B_ET_REALISTIC_PORTFOLIO_V02_P1,2025-09-16,230069688.29510045,0.0,,,,,,47,False,False,OBSERVED_BELOW_90_COVERAGE,21.69295140006437
2025-09-17,PATTERN_B_ET_REALISTIC_PORTFOLIO_V02_P1,2025-09-17,230069688.29510045,0.0,,,,,,47,False,False,OBSERVED_BELOW_90_COVERAGE,21.69295140006437
2025-09-18,PATTERN_B_ET_REALISTIC_PORTFOLIO_V02_P1,2025-09-18,230069688.29510045,0.0,,,,,,47,False,False,OBSERVED_BELOW_90_COVERAGE,21.69295140006437
2025-09-19,PATTERN_B_ET_REALISTIC_PORTFOLIO_V02_P1,2025-09-19,230069688.29510045,0.0,,,,,,47,False,False,OBSERVED_BELOW_90_COVERAGE,21.69295140006437
2025-09-22,PATTERN_B_ET_REALISTIC_PORTFOLIO_V02_P1,2025-09-22,230069688.29510045,0.0,,,,,,47,False,False,OBSERVED_BELOW_90_COVERAGE,21.69295140006437
2025-09-23,PATTERN_B_ET_REALISTIC_PORTFOLIO_V02_P1,2025-09-23,230069688.29510045,0.0,,,,,,47,False,False,OBSERVED_BELOW_90_COVERAGE,21.69295140006437
2025-09-24,PATTERN_B_ET_REALISTIC_PORTFOLIO_V02_P1,2025-09-24,230069688.29510045,0.0,,,,,,47,False,False,OBSERVED_BELOW_90_COVERAGE,21.69295140006437
2025-09-25,PATTERN_B_ET_REALISTIC_PORTFOLIO_V02_P1,2025-09-25,230069688.29510045,0.0,,,,,,47,False,False,OBSERVED_BELOW_90_COVERAGE,21.69295140006437
2025-09-26,PATTERN_B_ET_REALISTIC_PORTFOLIO_V02_P1,2025-09-26,230069688.29510045,0.0,,,,,,47,False,False,OBSERVED_BELOW_90_COVERAGE,21.69295140006437
2025-09-29,PATTERN_B_ET_REALISTIC_PORTFOLIO_V02_P1,2025-09-29,230069688.29510045,0.0,,,,,,47,False,False,OBSERVED_BELOW_90_COVERAGE,21.69295140006437
2025-09-30,PATTERN_B_ET_REALISTIC_PORTFOLIO_V02_P1,2025-09-30,230069688.29510045,0.0,,,,,,47,False,False,OBSERVED_BELOW_90_COVERAGE,21.69295140006437
2025-10-01,PATTERN_B_ET_REALISTIC_PORTFOLIO_V02_P1,2025-10-01,230069688.29510045,28537929.8863173,,,,,,42,False,False,OBSERVED_BELOW_90_COVERAGE,21.69295140006437
2025-10-02,PATTERN_B_ET_REALISTIC_PORTFOLIO_V02_P1,2025-10-02,258607618.18141776,0.0,,,,,,42,False,False,OBSERVED_BELOW_90_COVERAGE,21.69295140006437
2025-10-10,PATTERN_B_ET_REALISTIC_PORTFOLIO_V02_P1,2025-10-10,258607618.18141776,0.0,,,,,,42,False,False,OBSERVED_BELOW_90_COVERAGE,21.69295140006437
2025-10-13,PATTERN_B_ET_REALISTIC_PORTFOLIO_V02_P1,2025-10-13,258607618.18141776,0.0,,,,,,42,False,False,OBSERVED_BELOW_90_COVERAGE,21.69295140006437
2025-10-14,PATTERN_B_ET_REALISTIC_PORTFOLIO_V02_P1,2025-10-14,258607618.18141776,0.0,,,,,,42,False,False,OBSERVED_BELOW_90_COVERAGE,21.69295140006437
2025-10-15,PATTERN_B_ET_REALISTIC_PORTFOLIO_V02_P1,2025-10-15,258607618.18141776,0.0,,,,,,42,False,False,OBSERVED_BELOW_90_COVERAGE,21.69295140006437
2025-10-16,PATTERN_B_ET_REALISTIC_PORTFOLIO_V02_P1,2025-10-16,258607618.18141776,0.0,,,,,,42,False,False,OBSERVED_BELOW_90_COVERAGE,21.69295140006437
2025-10-17,PATTERN_B_ET_REALISTIC_PORTFOLIO_V02_P1,2025-10-17,258607618.18141776,0.0,,,,,,42,False,False,OBSERVED_BELOW_90_COVERAGE,21.69295140006437
2025-10-20,PATTERN_B_ET_REALISTIC_PORTFOLIO_V02_P1,2025-10-20,258607618.18141776,0.0,,,,,,42,False,False,OBSERVED_BELOW_90_COVERAGE,21.69295140006437
2025-10-21,PATTERN_B_ET_REALISTIC_PORTFOLIO_V02_P1,2025-10-21,258607618.18141776,0.0,,,,,,42,False,False,OBSERVED_BELOW_90_COVERAGE,21.69295140006437
2025-10-22,PATTERN_B_ET_REALISTIC_PORTFOLIO_V02_P1,2025-10-22,258607618.18141776,0.0,,,,,,42,False,False,OBSERVED_BELOW_90_COVERAGE,21.69295140006437
2025-10-23,PATTERN_B_ET_REALISTIC_PORTFOLIO_V02_P1,2025-10-23,258607618.18141776,0.0,,,,,,42,False,False,OBSERVED_BELOW_90_COVERAGE,21.69295140006437
2025-10-24,PATTERN_B_ET_REALISTIC_PORTFOLIO_V02_P1,2025-10-24,258607618.18141776,0.0,,,,,,42,False,False,OBSERVED_BELOW_90_COVERAGE,21.69295140006437
2025-10-27,PATTERN_B_ET_REALISTIC_PORTFOLIO_V02_P1,2025-10-27,258607618.18141776,0.0,,,,,,42,False,False,OBSERVED_BELOW_90_COVERAGE,21.69295140006437
2025-10-28,PATTERN_B_ET_REALISTIC_PORTFOLIO_V02_P1,2025-10-28,258607618.18141776,0.0,,,,,,42,False,False,OBSERVED_BELOW_90_COVERAGE,21.69295140006437
2025-10-29,PATTERN_B_ET_REALISTIC_PORTFOLIO_V02_P1,2025-10-29,258607618.18141776,0.0,,,,,,42,False,False,OBSERVED_BELOW_90_COVERAGE,21.69295140006437
2025-10-30,PATTERN_B_ET_REALISTIC_PORTFOLIO_V02_P1,2025-10-30,258607618.18141776,0.0,,,,,,42,False,False,OBSERVED_BELOW_90_COVERAGE,21.69295140006437
2025-10-31,PATTERN_B_ET_REALISTIC_PORTFOLIO_V02_P1,2025-10-31,258607618.18141776,0.0,,,,,,42,False,False,OBSERVED_BELOW_90_COVERAGE,21.69295140006437
2025-11-03,PATTERN_B_ET_REALISTIC_PORTFOLIO_V02_P1,2025-11-03,238614353.34547338,13340902.304439,,,,,,43,False,False,OBSERVED_BELOW_90_COVERAGE,21.69295140006437
2025-11-04,PATTERN_B_ET_REALISTIC_PORTFOLIO_V02_P1,2025-11-04,251955255.6499124,0.0,,,,,,43,False,False,OBSERVED_BELOW_90_COVERAGE,21.69295140006437
2025-11-05,PATTERN_B_ET_REALISTIC_PORTFOLIO_V02_P1,2025-11-05,251955255.6499124,0.0,,,,,,43,False,False,OBSERVED_BELOW_90_COVERAGE,21.69295140006437
2025-11-06,PATTERN_B_ET_REALISTIC_PORTFOLIO_V02_P1,2025-11-06,251955255.6499124,0.0,,,,,,43,False,False,OBSERVED_BELOW_90_COVERAGE,21.69295140006437
2025-11-07,PATTERN_B_ET_REALISTIC_PORTFOLIO_V02_P1,2025-11-07,251955255.6499124,0.0,,,,,,43,False,False,OBSERVED_BELOW_90_COVERAGE,21.69295140006437
2025-11-10,PATTERN_B_ET_REALISTIC_PORTFOLIO_V02_P1,2025-11-10,251955255.6499124,0.0,,,,,,43,False,False,OBSERVED_BELOW_90_COVERAGE,21.69295140006437
2025-11-11,PATTERN_B_ET_REALISTIC_PORTFOLIO_V02_P1,2025-11-11,251955255.6499124,0.0,,,,,,43,False,False,OBSERVED_BELOW_90_COVERAGE,21.69295140006437
2025-11-12,PATTERN_B_ET_REALISTIC_PORTFOLIO_V02_P1,2025-11-12,251955255.6499124,0.0,,,,,,43,False,False,OBSERVED_BELOW_90_COVERAGE,21.69295140006437
2025-11-13,PATTERN_B_ET_REALISTIC_PORTFOLIO_V02_P1,2025-11-13,251955255.6499124,0.0,,,,,,43,False,False,OBSERVED_BELOW_90_COVERAGE,21.69295140006437
2025-11-14,PATTERN_B_ET_REALISTIC_PORTFOLIO_V02_P1,2025-11-14,251955255.6499124,0.0,,,,,,43,False,False,OBSERVED_BELOW_90_COVERAGE,21.69295140006437
2025-11-17,PATTERN_B_ET_REALISTIC_PORTFOLIO_V02_P1,2025-11-17,251955255.6499124,0.0,,,,,,43,False,False,OBSERVED_BELOW_90_COVERAGE,21.69295140006437
2025-11-18,PATTERN_B_ET_REALISTIC_PORTFOLIO_V02_P1,2025-11-18,251955255.6499124,0.0,,,,,,43,False,False,OBSERVED_BELOW_90_COVERAGE,21.69295140006437
2025-11-19,PATTERN_B_ET_REALISTIC_PORTFOLIO_V02_P1,2025-11-19,251955255.6499124,0.0,,,,,,43,False,False,OBSERVED_BELOW_90_COVERAGE,21.69295140006437
2025-11-20,PATTERN_B_ET_REALISTIC_PORTFOLIO_V02_P1,2025-11-20,251955255.6499124,0.0,,,,,,43,False,False,OBSERVED_BELOW_90_COVERAGE,21.69295140006437
2025-11-21,PATTERN_B_ET_REALISTIC_PORTFOLIO_V02_P1,2025-11-21,251955255.6499124,0.0,,,,,,43,False,False,OBSERVED_BELOW_90_COVERAGE,21.69295140006437
2025-11-24,PATTERN_B_ET_REALISTIC_PORTFOLIO_V02_P1,2025-11-24,251955255.6499124,0.0,,,,,,43,False,False,OBSERVED_BELOW_90_COVERAGE,21.69295140006437
2025-11-25,PATTERN_B_ET_REALISTIC_PORTFOLIO_V02_P1,2025-11-25,251955255.6499124,0.0,,,,,,43,False,False,OBSERVED_BELOW_90_COVERAGE,21.69295140006437
2025-11-26,PATTERN_B_ET_REALISTIC_PORTFOLIO_V02_P1,2025-11-26,251955255.6499124,0.0,,,,,,43,False,False,OBSERVED_BELOW_90_COVERAGE,21.69295140006437
2025-11-27,PATTERN_B_ET_REALISTIC_PORTFOLIO_V02_P1,2025-11-27,251955255.6499124,0.0,,,,,,43,False,False,OBSERVED_BELOW_90_COVERAGE,21.69295140006437
2025-11-28,PATTERN_B_ET_REALISTIC_PORTFOLIO_V02_P1,2025-11-28,251955255.6499124,0.0,,,,,,43,False,False,OBSERVED_BELOW_90_COVERAGE,21.69295140006437
2025-12-01,PATTERN_B_ET_REALISTIC_PORTFOLIO_V02_P1,2025-12-01,251955255.6499124,0.0,,,,,,43,False,False,OBSERVED_BELOW_90_COVERAGE,21.69295140006437
2025-12-02,PATTERN_B_ET_REALISTIC_PORTFOLIO_V02_P1,2025-12-02,251955255.6499124,0.0,,,,,,43,False,False,OBSERVED_BELOW_90_COVERAGE,21.69295140006437
2025-12-03,PATTERN_B_ET_REALISTIC_PORTFOLIO_V02_P1,2025-12-03,251955255.6499124,0.0,,,,,,43,False,False,OBSERVED_BELOW_90_COVERAGE,21.69295140006437
2025-12-04,PATTERN_B_ET_REALISTIC_PORTFOLIO_V02_P1,2025-12-04,251955255.6499124,0.0,,,,,,43,False,False,OBSERVED_BELOW_90_COVERAGE,21.69295140006437
2025-12-05,PATTERN_B_ET_REALISTIC_PORTFOLIO_V02_P1,2025-12-05,251955255.6499124,0.0,,,,,,43,False,False,OBSERVED_BELOW_90_COVERAGE,21.69295140006437
2025-12-08,PATTERN_B_ET_REALISTIC_PORTFOLIO_V02_P1,2025-12-08,251955255.6499124,0.0,,,,,,43,False,False,OBSERVED_BELOW_90_COVERAGE,21.69295140006437
2025-12-09,PATTERN_B_ET_REALISTIC_PORTFOLIO_V02_P1,2025-12-09,251955255.6499124,0.0,,,,,,43,False,False,OBSERVED_BELOW_90_COVERAGE,21.69295140006437
2025-12-10,PATTERN_B_ET_REALISTIC_PORTFOLIO_V02_P1,2025-12-10,251955255.6499124,0.0,,,,,,43,False,False,OBSERVED_BELOW_90_COVERAGE,21.69295140006437
2025-12-11,PATTERN_B_ET_REALISTIC_PORTFOLIO_V02_P1,2025-12-11,251955255.6499124,0.0,,,,,,43,False,False,OBSERVED_BELOW_90_COVERAGE,21.69295140006437
2025-12-12,PATTERN_B_ET_REALISTIC_PORTFOLIO_V02_P1,2025-12-12,251955255.6499124,0.0,,,,,,43,False,False,OBSERVED_BELOW_90_COVERAGE,21.69295140006437
2025-12-15,PATTERN_B_ET_REALISTIC_PORTFOLIO_V02_P1,2025-12-15,251955255.6499124,0.0,,,,,,43,False,False,OBSERVED_BELOW_90_COVERAGE,21.69295140006437
2025-12-16,PATTERN_B_ET_REALISTIC_PORTFOLIO_V02_P1,2025-12-16,251955255.6499124,0.0,,,,,,43,False,False,OBSERVED_BELOW_90_COVERAGE,21.69295140006437
2025-12-17,PATTERN_B_ET_REALISTIC_PORTFOLIO_V02_P1,2025-12-17,251955255.6499124,0.0,,,,,,43,False,False,OBSERVED_BELOW_90_COVERAGE,21.69295140006437
2025-12-18,PATTERN_B_ET_REALISTIC_PORTFOLIO_V02_P1,2025-12-18,251955255.6499124,0.0,,,,,,43,False,False,OBSERVED_BELOW_90_COVERAGE,21.69295140006437
2025-12-19,PATTERN_B_ET_REALISTIC_PORTFOLIO_V02_P1,2025-12-19,251955255.6499124,0.0,,,,,,43,False,False,OBSERVED_BELOW_90_COVERAGE,21.69295140006437
2025-12-22,PATTERN_B_ET_REALISTIC_PORTFOLIO_V02_P1,2025-12-22,251955255.6499124,0.0,,,,,,43,False,False,OBSERVED_BELOW_90_COVERAGE,21.69295140006437
2025-12-23,PATTERN_B_ET_REALISTIC_PORTFOLIO_V02_P1,2025-12-23,251955255.6499124,0.0,,,,,,43,False,False,OBSERVED_BELOW_90_COVERAGE,21.69295140006437
2025-12-24,PATTERN_B_ET_REALISTIC_PORTFOLIO_V02_P1,2025-12-24,251955255.6499124,0.0,,,,,,43,False,False,OBSERVED_BELOW_90_COVERAGE,21.69295140006437
2025-12-26,PATTERN_B_ET_REALISTIC_PORTFOLIO_V02_P1,2025-12-26,251955255.6499124,0.0,,,,,,43,False,False,OBSERVED_BELOW_90_COVERAGE,21.69295140006437
2025-12-29,PATTERN_B_ET_REALISTIC_PORTFOLIO_V02_P1,2025-12-29,251955255.6499124,0.0,,,,,,43,False,False,OBSERVED_BELOW_90_COVERAGE,21.69295140006437
2025-12-30,PATTERN_B_ET_REALISTIC_PORTFOLIO_V02_P1,2025-12-30,251955255.6499124,0.0,,,,,,43,False,False,OBSERVED_BELOW_90_COVERAGE,21.69295140006437
2026-01-02,PATTERN_B_ET_REALISTIC_PORTFOLIO_V02_P1,2026-01-02,241962515.7037234,12619762.461643498,,,,,,43,False,False,OBSERVED_BELOW_90_COVERAGE,21.69295140006437
2026-01-05,PATTERN_B_ET_REALISTIC_PORTFOLIO_V02_P1,2026-01-05,254582278.1653669,0.0,,,,,,43,False,False,OBSERVED_BELOW_90_COVERAGE,21.69295140006437
2026-01-06,PATTERN_B_ET_REALISTIC_PORTFOLIO_V02_P1,2026-01-06,254582278.1653669,0.0,,,,,,43,False,False,OBSERVED_BELOW_90_COVERAGE,21.69295140006437
2026-01-07,PATTERN_B_ET_REALISTIC_PORTFOLIO_V02_P1,2026-01-07,254582278.1653669,0.0,,,,,,43,False,False,OBSERVED_BELOW_90_COVERAGE,21.69295140006437
2026-01-08,PATTERN_B_ET_REALISTIC_PORTFOLIO_V02_P1,2026-01-08,254582278.1653669,0.0,,,,,,43,False,False,OBSERVED_BELOW_90_COVERAGE,21.69295140006437
2026-01-09,PATTERN_B_ET_REALISTIC_PORTFOLIO_V02_P1,2026-01-09,254582278.1653669,0.0,,,,,,43,False,False,OBSERVED_BELOW_90_COVERAGE,21.69295140006437
2026-01-12,PATTERN_B_ET_REALISTIC_PORTFOLIO_V02_P1,2026-01-12,254582278.1653669,0.0,,,,,,43,False,False,OBSERVED_BELOW_90_COVERAGE,21.69295140006437
2026-01-13,PATTERN_B_ET_REALISTIC_PORTFOLIO_V02_P1,2026-01-13,254582278.1653669,0.0,,,,,,43,False,False,OBSERVED_BELOW_90_COVERAGE,21.69295140006437
2026-01-14,PATTERN_B_ET_REALISTIC_PORTFOLIO_V02_P1,2026-01-14,254582278.1653669,0.0,,,,,,43,False,False,OBSERVED_BELOW_90_COVERAGE,21.69295140006437
2026-01-15,PATTERN_B_ET_REALISTIC_PORTFOLIO_V02_P1,2026-01-15,254582278.1653669,0.0,,,,,,43,False,False,OBSERVED_BELOW_90_COVERAGE,21.69295140006437
2026-01-16,PATTERN_B_ET_REALISTIC_PORTFOLIO_V02_P1,2026-01-16,254582278.1653669,0.0,,,,,,43,False,False,OBSERVED_BELOW_90_COVERAGE,21.69295140006437
2026-01-19,PATTERN_B_ET_REALISTIC_PORTFOLIO_V02_P1,2026-01-19,254582278.1653669,0.0,,,,,,43,False,False,OBSERVED_BELOW_90_COVERAGE,21.69295140006437
2026-01-20,PATTERN_B_ET_REALISTIC_PORTFOLIO_V02_P1,2026-01-20,254582278.1653669,0.0,,,,,,43,False,False,OBSERVED_BELOW_90_COVERAGE,21.69295140006437
2026-01-21,PATTERN_B_ET_REALISTIC_PORTFOLIO_V02_P1,2026-01-21,254582278.1653669,0.0,,,,,,43,False,False,OBSERVED_BELOW_90_COVERAGE,21.69295140006437
2026-01-22,PATTERN_B_ET_REALISTIC_PORTFOLIO_V02_P1,2026-01-22,254582278.1653669,0.0,,,,,,43,False,False,OBSERVED_BELOW_90_COVERAGE,21.69295140006437
2026-01-23,PATTERN_B_ET_REALISTIC_PORTFOLIO_V02_P1,2026-01-23,254582278.1653669,0.0,,,,,,43,False,False,OBSERVED_BELOW_90_COVERAGE,21.69295140006437
2026-01-26,PATTERN_B_ET_REALISTIC_PORTFOLIO_V02_P1,2026-01-26,254582278.1653669,0.0,,,,,,43,False,False,OBSERVED_BELOW_90_COVERAGE,21.69295140006437
2026-01-27,PATTERN_B_ET_REALISTIC_PORTFOLIO_V02_P1,2026-01-27,254582278.1653669,0.0,,,,,,43,False,False,OBSERVED_BELOW_90_COVERAGE,21.69295140006437
2026-01-28,PATTERN_B_ET_REALISTIC_PORTFOLIO_V02_P1,2026-01-28,254582278.1653669,0.0,,,,,,43,False,False,OBSERVED_BELOW_90_COVERAGE,21.69295140006437
2026-01-29,PATTERN_B_ET_REALISTIC_PORTFOLIO_V02_P1,2026-01-29,254582278.1653669,0.0,,,,,,43,False,False,OBSERVED_BELOW_90_COVERAGE,21.69295140006437
2026-01-30,PATTERN_B_ET_REALISTIC_PORTFOLIO_V02_P1,2026-01-30,254582278.1653669,0.0,,,,,,43,False,False,OBSERVED_BELOW_90_COVERAGE,21.69295140006437
2026-02-02,PATTERN_B_ET_REALISTIC_PORTFOLIO_V02_P1,2026-02-02,254582278.1653669,8510123.369988,,,,,,41,False,False,OBSERVED_BELOW_90_COVERAGE,21.69295140006437
2026-02-03,PATTERN_B_ET_REALISTIC_PORTFOLIO_V02_P1,2026-02-03,263092401.53535488,0.0,,,,,,41,False,False,OBSERVED_BELOW_90_COVERAGE,21.69295140006437
2026-02-04,PATTERN_B_ET_REALISTIC_PORTFOLIO_V02_P1,2026-02-04,263092401.53535488,0.0,,,,,,41,False,False,OBSERVED_BELOW_90_COVERAGE,21.69295140006437
2026-02-05,PATTERN_B_ET_REALISTIC_PORTFOLIO_V02_P1,2026-02-05,263092401.53535488,0.0,,,,,,41,False,False,OBSERVED_BELOW_90_COVERAGE,21.69295140006437
2026-02-06,PATTERN_B_ET_REALISTIC_PORTFOLIO_V02_P1,2026-02-06,263092401.53535488,0.0,,,,,,41,False,False,OBSERVED_BELOW_90_COVERAGE,21.69295140006437
2026-02-09,PATTERN_B_ET_REALISTIC_PORTFOLIO_V02_P1,2026-02-09,263092401.53535488,0.0,,,,,,41,False,False,OBSERVED_BELOW_90_COVERAGE,21.69295140006437
2026-02-10,PATTERN_B_ET_REALISTIC_PORTFOLIO_V02_P1,2026-02-10,263092401.53535488,0.0,,,,,,41,False,False,OBSERVED_BELOW_90_COVERAGE,21.69295140006437
2026-02-11,PATTERN_B_ET_REALISTIC_PORTFOLIO_V02_P1,2026-02-11,263092401.53535488,0.0,,,,,,41,False,False,OBSERVED_BELOW_90_COVERAGE,21.69295140006437
2026-02-12,PATTERN_B_ET_REALISTIC_PORTFOLIO_V02_P1,2026-02-12,263092401.53535488,0.0,,,,,,41,False,False,OBSERVED_BELOW_90_COVERAGE,21.69295140006437
2026-02-13,PATTERN_B_ET_REALISTIC_PORTFOLIO_V02_P1,2026-02-13,263092401.53535488,0.0,,,,,,41,False,False,OBSERVED_BELOW_90_COVERAGE,21.69295140006437
2026-02-19,PATTERN_B_ET_REALISTIC_PORTFOLIO_V02_P1,2026-02-19,263092401.53535488,0.0,,,,,,41,False,False,OBSERVED_BELOW_90_COVERAGE,21.69295140006437
2026-02-20,PATTERN_B_ET_REALISTIC_PORTFOLIO_V02_P1,2026-02-20,263092401.53535488,0.0,,,,,,41,False,False,OBSERVED_BELOW_90_COVERAGE,21.69295140006437
2026-02-23,PATTERN_B_ET_REALISTIC_PORTFOLIO_V02_P1,2026-02-23,263092401.53535488,0.0,,,,,,41,False,False,OBSERVED_BELOW_90_COVERAGE,21.69295140006437
2026-02-24,PATTERN_B_ET_REALISTIC_PORTFOLIO_V02_P1,2026-02-24,263092401.53535488,0.0,,,,,,41,False,False,OBSERVED_BELOW_90_COVERAGE,21.69295140006437
2026-02-25,PATTERN_B_ET_REALISTIC_PORTFOLIO_V02_P1,2026-02-25,263092401.53535488,0.0,,,,,,41,False,False,OBSERVED_BELOW_90_COVERAGE,21.69295140006437
2026-02-26,PATTERN_B_ET_REALISTIC_PORTFOLIO_V02_P1,2026-02-26,263092401.53535488,0.0,,,,,,41,False,False,OBSERVED_BELOW_90_COVERAGE,21.69295140006437
2026-02-27,PATTERN_B_ET_REALISTIC_PORTFOLIO_V02_P1,2026-02-27,263092401.53535488,0.0,,,,,,41,False,False,OBSERVED_BELOW_90_COVERAGE,21.69295140006437
2026-03-03,PATTERN_B_ET_REALISTIC_PORTFOLIO_V02_P1,2026-03-03,263092401.53535488,30955175.2171215,,,,,,34,False,False,OBSERVED_BELOW_90_COVERAGE,21.69295140006437
2026-03-04,PATTERN_B_ET_REALISTIC_PORTFOLIO_V02_P1,2026-03-04,294047576.7524764,0.0,,,,,,34,False,False,OBSERVED_BELOW_90_COVERAGE,21.69295140006437
2026-03-05,PATTERN_B_ET_REALISTIC_PORTFOLIO_V02_P1,2026-03-05,294047576.7524764,0.0,,,,,,34,False,False,OBSERVED_BELOW_90_COVERAGE,21.69295140006437
2026-03-06,PATTERN_B_ET_REALISTIC_PORTFOLIO_V02_P1,2026-03-06,294047576.7524764,0.0,,,,,,34,False,False,OBSERVED_BELOW_90_COVERAGE,21.69295140006437
2026-03-09,PATTERN_B_ET_REALISTIC_PORTFOLIO_V02_P1,2026-03-09,294047576.7524764,0.0,,,,,,34,False,False,OBSERVED_BELOW_90_COVERAGE,21.69295140006437
2026-03-10,PATTERN_B_ET_REALISTIC_PORTFOLIO_V02_P1,2026-03-10,294047576.7524764,0.0,,,,,,34,False,False,OBSERVED_BELOW_90_COVERAGE,21.69295140006437
2026-03-11,PATTERN_B_ET_REALISTIC_PORTFOLIO_V02_P1,2026-03-11,294047576.7524764,0.0,,,,,,34,False,False,OBSERVED_BELOW_90_COVERAGE,21.69295140006437
2026-03-12,PATTERN_B_ET_REALISTIC_PORTFOLIO_V02_P1,2026-03-12,294047576.7524764,0.0,,,,,,34,False,False,OBSERVED_BELOW_90_COVERAGE,21.69295140006437
2026-03-13,PATTERN_B_ET_REALISTIC_PORTFOLIO_V02_P1,2026-03-13,294047576.7524764,0.0,,,,,,34,False,False,OBSERVED_BELOW_90_COVERAGE,21.69295140006437
2026-03-16,PATTERN_B_ET_REALISTIC_PORTFOLIO_V02_P1,2026-03-16,294047576.7524764,0.0,,,,,,34,False,False,OBSERVED_BELOW_90_COVERAGE,21.69295140006437
2026-03-17,PATTERN_B_ET_REALISTIC_PORTFOLIO_V02_P1,2026-03-17,294047576.7524764,0.0,,,,,,34,False,False,OBSERVED_BELOW_90_COVERAGE,21.69295140006437
2026-03-18,PATTERN_B_ET_REALISTIC_PORTFOLIO_V02_P1,2026-03-18,294047576.7524764,0.0,,,,,,34,False,False,OBSERVED_BELOW_90_COVERAGE,21.69295140006437
2026-03-19,PATTERN_B_ET_REALISTIC_PORTFOLIO_V02_P1,2026-03-19,294047576.7524764,0.0,,,,,,34,False,False,OBSERVED_BELOW_90_COVERAGE,21.69295140006437
2026-03-20,PATTERN_B_ET_REALISTIC_PORTFOLIO_V02_P1,2026-03-20,294047576.7524764,0.0,,,,,,34,False,False,OBSERVED_BELOW_90_COVERAGE,21.69295140006437
2026-03-23,PATTERN_B_ET_REALISTIC_PORTFOLIO_V02_P1,2026-03-23,294047576.7524764,0.0,,,,,,34,False,False,OBSERVED_BELOW_90_COVERAGE,21.69295140006437
2026-03-24,PATTERN_B_ET_REALISTIC_PORTFOLIO_V02_P1,2026-03-24,294047576.7524764,0.0,,,,,,34,False,False,OBSERVED_BELOW_90_COVERAGE,21.69295140006437
2026-03-25,PATTERN_B_ET_REALISTIC_PORTFOLIO_V02_P1,2026-03-25,294047576.7524764,0.0,,,,,,34,False,False,OBSERVED_BELOW_90_COVERAGE,21.69295140006437
2026-03-26,PATTERN_B_ET_REALISTIC_PORTFOLIO_V02_P1,2026-03-26,294047576.7524764,0.0,,,,,,34,False,False,OBSERVED_BELOW_90_COVERAGE,21.69295140006437
2026-03-27,PATTERN_B_ET_REALISTIC_PORTFOLIO_V02_P1,2026-03-27,294047576.7524764,0.0,,,,,,34,False,False,OBSERVED_BELOW_90_COVERAGE,21.69295140006437
2026-03-30,PATTERN_B_ET_REALISTIC_PORTFOLIO_V02_P1,2026-03-30,294047576.7524764,0.0,,,,,,34,False,False,OBSERVED_BELOW_90_COVERAGE,21.69295140006437
2026-03-31,PATTERN_B_ET_REALISTIC_PORTFOLIO_V02_P1,2026-03-31,294047576.7524764,0.0,,,,,,34,False,False,OBSERVED_BELOW_90_COVERAGE,21.69295140006437
2026-04-01,PATTERN_B_ET_REALISTIC_PORTFOLIO_V02_P1,2026-04-01,274063718.7233414,23389252.907726698,,,,,,33,False,False,OBSERVED_BELOW_90_COVERAGE,21.69295140006437
2026-04-02,PATTERN_B_ET_REALISTIC_PORTFOLIO_V02_P1,2026-04-02,297452971.6310681,0.0,,,,,,33,False,False,OBSERVED_BELOW_90_COVERAGE,21.69295140006437
2026-04-03,PATTERN_B_ET_REALISTIC_PORTFOLIO_V02_P1,2026-04-03,297452971.6310681,0.0,,,,,,33,False,False,OBSERVED_BELOW_90_COVERAGE,21.69295140006437
2026-04-06,PATTERN_B_ET_REALISTIC_PORTFOLIO_V02_P1,2026-04-06,297452971.6310681,0.0,,,,,,33,False,False,OBSERVED_BELOW_90_COVERAGE,21.69295140006437
2026-04-07,PATTERN_B_ET_REALISTIC_PORTFOLIO_V02_P1,2026-04-07,297452971.6310681,0.0,,,,,,33,False,False,OBSERVED_BELOW_90_COVERAGE,21.69295140006437
2026-04-08,PATTERN_B_ET_REALISTIC_PORTFOLIO_V02_P1,2026-04-08,297452971.6310681,0.0,,,,,,33,False,False,OBSERVED_BELOW_90_COVERAGE,21.69295140006437
2026-04-09,PATTERN_B_ET_REALISTIC_PORTFOLIO_V02_P1,2026-04-09,297452971.6310681,0.0,,,,,,33,False,False,OBSERVED_BELOW_90_COVERAGE,21.69295140006437
2026-04-10,PATTERN_B_ET_REALISTIC_PORTFOLIO_V02_P1,2026-04-10,297452971.6310681,0.0,,,,,,33,False,False,OBSERVED_BELOW_90_COVERAGE,21.69295140006437
2026-04-13,PATTERN_B_ET_REALISTIC_PORTFOLIO_V02_P1,2026-04-13,297452971.6310681,0.0,,,,,,33,False,False,OBSERVED_BELOW_90_COVERAGE,21.69295140006437
2026-04-14,PATTERN_B_ET_REALISTIC_PORTFOLIO_V02_P1,2026-04-14,297452971.6310681,0.0,,,,,,33,False,False,OBSERVED_BELOW_90_COVERAGE,21.69295140006437
2026-04-15,PATTERN_B_ET_REALISTIC_PORTFOLIO_V02_P1,2026-04-15,297452971.6310681,0.0,,,,,,33,False,False,OBSERVED_BELOW_90_COVERAGE,21.69295140006437
2026-04-16,PATTERN_B_ET_REALISTIC_PORTFOLIO_V02_P1,2026-04-16,297452971.6310681,0.0,,,,,,33,False,False,OBSERVED_BELOW_90_COVERAGE,21.69295140006437
2026-04-17,PATTERN_B_ET_REALISTIC_PORTFOLIO_V02_P1,2026-04-17,297452971.6310681,0.0,,,,,,33,False,False,OBSERVED_BELOW_90_COVERAGE,21.69295140006437
2026-04-20,PATTERN_B_ET_REALISTIC_PORTFOLIO_V02_P1,2026-04-20,297452971.6310681,0.0,,,,,,33,False,False,OBSERVED_BELOW_90_COVERAGE,21.69295140006437
2026-04-21,PATTERN_B_ET_REALISTIC_PORTFOLIO_V02_P1,2026-04-21,297452971.6310681,0.0,,,,,,33,False,False,OBSERVED_BELOW_90_COVERAGE,21.69295140006437
2026-04-22,PATTERN_B_ET_REALISTIC_PORTFOLIO_V02_P1,2026-04-22,297452971.6310681,0.0,,,,,,33,False,False,OBSERVED_BELOW_90_COVERAGE,21.69295140006437
2026-04-23,PATTERN_B_ET_REALISTIC_PORTFOLIO_V02_P1,2026-04-23,297452971.6310681,0.0,,,,,,33,False,False,OBSERVED_BELOW_90_COVERAGE,21.69295140006437
2026-04-24,PATTERN_B_ET_REALISTIC_PORTFOLIO_V02_P1,2026-04-24,297452971.6310681,0.0,,,,,,33,False,False,OBSERVED_BELOW_90_COVERAGE,21.69295140006437
2026-04-27,PATTERN_B_ET_REALISTIC_PORTFOLIO_V02_P1,2026-04-27,297452971.6310681,0.0,,,,,,33,False,False,OBSERVED_BELOW_90_COVERAGE,21.69295140006437
2026-04-28,PATTERN_B_ET_REALISTIC_PORTFOLIO_V02_P1,2026-04-28,297452971.6310681,0.0,,,,,,33,False,False,OBSERVED_BELOW_90_COVERAGE,21.69295140006437
2026-04-29,PATTERN_B_ET_REALISTIC_PORTFOLIO_V02_P1,2026-04-29,297452971.6310681,0.0,,,,,,33,False,False,OBSERVED_BELOW_90_COVERAGE,21.69295140006437
2026-04-30,PATTERN_B_ET_REALISTIC_PORTFOLIO_V02_P1,2026-04-30,297452971.6310681,0.0,,,,,,33,False,False,OBSERVED_BELOW_90_COVERAGE,21.69295140006437
2026-05-04,PATTERN_B_ET_REALISTIC_PORTFOLIO_V02_P1,2026-05-04,287464056.0784521,20714194.364706002,,,,,,31,False,False,OBSERVED_BELOW_90_COVERAGE,21.69295140006437
2026-05-06,PATTERN_B_ET_REALISTIC_PORTFOLIO_V02_P1,2026-05-06,308178250.4431581,0.0,,,,,,31,False,False,OBSERVED_BELOW_90_COVERAGE,21.69295140006437
2026-05-07,PATTERN_B_ET_REALISTIC_PORTFOLIO_V02_P1,2026-05-07,308178250.4431581,0.0,,,,,,31,False,False,OBSERVED_BELOW_90_COVERAGE,21.69295140006437
2026-05-08,PATTERN_B_ET_REALISTIC_PORTFOLIO_V02_P1,2026-05-08,308178250.4431581,0.0,,,,,,31,False,False,OBSERVED_BELOW_90_COVERAGE,21.69295140006437
2026-05-11,PATTERN_B_ET_REALISTIC_PORTFOLIO_V02_P1,2026-05-11,308178250.4431581,0.0,,,,,,31,False,False,OBSERVED_BELOW_90_COVERAGE,21.69295140006437
2026-05-12,PATTERN_B_ET_REALISTIC_PORTFOLIO_V02_P1,2026-05-12,308178250.4431581,0.0,,,,,,31,False,False,OBSERVED_BELOW_90_COVERAGE,21.69295140006437
2026-05-13,PATTERN_B_ET_REALISTIC_PORTFOLIO_V02_P1,2026-05-13,308178250.4431581,0.0,,,,,,31,False,False,OBSERVED_BELOW_90_COVERAGE,21.69295140006437
2026-05-14,PATTERN_B_ET_REALISTIC_PORTFOLIO_V02_P1,2026-05-14,308178250.4431581,0.0,,,,,,31,False,False,OBSERVED_BELOW_90_COVERAGE,21.69295140006437
2026-05-15,PATTERN_B_ET_REALISTIC_PORTFOLIO_V02_P1,2026-05-15,308178250.4431581,0.0,,,,,,31,False,False,OBSERVED_BELOW_90_COVERAGE,21.69295140006437
2026-05-18,PATTERN_B_ET_REALISTIC_PORTFOLIO_V02_P1,2026-05-18,308178250.4431581,0.0,,,,,,31,False,False,OBSERVED_BELOW_90_COVERAGE,21.69295140006437
2026-05-19,PATTERN_B_ET_REALISTIC_PORTFOLIO_V02_P1,2026-05-19,308178250.4431581,0.0,,,,,,31,False,False,OBSERVED_BELOW_90_COVERAGE,21.69295140006437
2026-05-20,PATTERN_B_ET_REALISTIC_PORTFOLIO_V02_P1,2026-05-20,308178250.4431581,0.0,,,,,,31,False,False,OBSERVED_BELOW_90_COVERAGE,21.69295140006437
2026-05-21,PATTERN_B_ET_REALISTIC_PORTFOLIO_V02_P1,2026-05-21,308178250.4431581,0.0,,,,,,31,False,False,OBSERVED_BELOW_90_COVERAGE,21.69295140006437
2026-05-22,PATTERN_B_ET_REALISTIC_PORTFOLIO_V02_P1,2026-05-22,308178250.4431581,0.0,,,,,,31,False,False,OBSERVED_BELOW_90_COVERAGE,21.69295140006437
2026-05-26,PATTERN_B_ET_REALISTIC_PORTFOLIO_V02_P1,2026-05-26,308178250.4431581,0.0,,,,,,31,False,False,OBSERVED_BELOW_90_COVERAGE,21.69295140006437
2026-05-27,PATTERN_B_ET_REALISTIC_PORTFOLIO_V02_P1,2026-05-27,308178250.4431581,0.0,,,,,,31,False,False,OBSERVED_BELOW_90_COVERAGE,21.69295140006437
2026-05-28,PATTERN_B_ET_REALISTIC_PORTFOLIO_V02_P1,2026-05-28,308178250.4431581,0.0,,,,,,31,False,False,OBSERVED_BELOW_90_COVERAGE,21.69295140006437
2026-05-29,PATTERN_B_ET_REALISTIC_PORTFOLIO_V02_P1,2026-05-29,308178250.4431581,0.0,,,,,,31,False,False,OBSERVED_BELOW_90_COVERAGE,21.69295140006437
2026-06-01,PATTERN_B_ET_REALISTIC_PORTFOLIO_V02_P1,2026-06-01,308178250.4431581,4163557.0227525,,,,,,30,False,False,OBSERVED_BELOW_90_COVERAGE,21.69295140006437
2026-06-02,PATTERN_B_ET_REALISTIC_PORTFOLIO_V02_P1,2026-06-02,312341807.4659106,0.0,,,,,,30,False,False,OBSERVED_BELOW_90_COVERAGE,21.69295140006437
2026-06-04,PATTERN_B_ET_REALISTIC_PORTFOLIO_V02_P1,2026-06-04,312341807.4659106,0.0,,,,,,30,False,False,OBSERVED_BELOW_90_COVERAGE,21.69295140006437
2026-06-05,PATTERN_B_ET_REALISTIC_PORTFOLIO_V02_P1,2026-06-05,312341807.4659106,0.0,,,,,,30,False,False,OBSERVED_BELOW_90_COVERAGE,21.69295140006437
2026-06-08,PATTERN_B_ET_REALISTIC_PORTFOLIO_V02_P1,2026-06-08,312341807.4659106,0.0,,,,,,30,False,False,OBSERVED_BELOW_90_COVERAGE,21.69295140006437
2026-06-09,PATTERN_B_ET_REALISTIC_PORTFOLIO_V02_P1,2026-06-09,312341807.4659106,0.0,,,,,,30,False,False,OBSERVED_BELOW_90_COVERAGE,21.69295140006437
2026-06-10,PATTERN_B_ET_REALISTIC_PORTFOLIO_V02_P1,2026-06-10,312341807.4659106,0.0,,,,,,30,False,False,OBSERVED_BELOW_90_COVERAGE,21.69295140006437
2026-06-11,PATTERN_B_ET_REALISTIC_PORTFOLIO_V02_P1,2026-06-11,312341807.4659106,0.0,,,,,,30,False,False,OBSERVED_BELOW_90_COVERAGE,21.69295140006437
2026-06-12,PATTERN_B_ET_REALISTIC_PORTFOLIO_V02_P1,2026-06-12,312341807.4659106,0.0,,,,,,30,False,False,OBSERVED_BELOW_90_COVERAGE,21.69295140006437
2026-06-15,PATTERN_B_ET_REALISTIC_PORTFOLIO_V02_P1,2026-06-15,312341807.4659106,0.0,,,,,,30,False,False,OBSERVED_BELOW_90_COVERAGE,21.69295140006437
2026-06-16,PATTERN_B_ET_REALISTIC_PORTFOLIO_V02_P1,2026-06-16,312341807.4659106,0.0,,,,,,30,False,False,OBSERVED_BELOW_90_COVERAGE,21.69295140006437
2026-06-17,PATTERN_B_ET_REALISTIC_PORTFOLIO_V02_P1,2026-06-17,312341807.4659106,0.0,,,,,,30,False,False,OBSERVED_BELOW_90_COVERAGE,21.69295140006437
2026-06-18,PATTERN_B_ET_REALISTIC_PORTFOLIO_V02_P1,2026-06-18,312341807.4659106,0.0,,,,,,30,False,False,OBSERVED_BELOW_90_COVERAGE,21.69295140006437
2026-06-19,PATTERN_B_ET_REALISTIC_PORTFOLIO_V02_P1,2026-06-19,312341807.4659106,0.0,,,,,,30,False,False,OBSERVED_BELOW_90_COVERAGE,21.69295140006437
2026-06-22,PATTERN_B_ET_REALISTIC_PORTFOLIO_V02_P1,2026-06-22,312341807.4659106,0.0,,,,,,30,False,False,OBSERVED_BELOW_90_COVERAGE,21.69295140006437
2026-06-23,PATTERN_B_ET_REALISTIC_PORTFOLIO_V02_P1,2026-06-23,312341807.4659106,0.0,,,,,,30,False,False,OBSERVED_BELOW_90_COVERAGE,21.69295140006437
2026-06-24,PATTERN_B_ET_REALISTIC_PORTFOLIO_V02_P1,2026-06-24,312341807.4659106,0.0,,,,,,30,False,False,OBSERVED_BELOW_90_COVERAGE,21.69295140006437
2026-06-25,PATTERN_B_ET_REALISTIC_PORTFOLIO_V02_P1,2026-06-25,312341807.4659106,0.0,,,,,,30,False,False,OBSERVED_BELOW_90_COVERAGE,21.69295140006437
2026-06-26,PATTERN_B_ET_REALISTIC_PORTFOLIO_V02_P1,2026-06-26,312341807.4659106,0.0,,,,,,30,False,False,OBSERVED_BELOW_90_COVERAGE,21.69295140006437
2026-06-29,PATTERN_B_ET_REALISTIC_PORTFOLIO_V02_P1,2026-06-29,312341807.4659106,0.0,,,,,,30,False,False,OBSERVED_BELOW_90_COVERAGE,21.69295140006437
2026-06-30,PATTERN_B_ET_REALISTIC_PORTFOLIO_V02_P1,2026-06-30,312341807.4659106,0.0,,,,,,30,False,False,OBSERVED_BELOW_90_COVERAGE,21.69295140006437
2026-07-01,PATTERN_B_ET_REALISTIC_PORTFOLIO_V02_P1,2026-07-01,58073684.95570883,5677544.160612,,,,,,80,False,False,OBSERVED_BELOW_90_COVERAGE,21.69295140006437
2026-07-02,PATTERN_B_ET_REALISTIC_PORTFOLIO_V02_P1,2026-07-02,63751229.11632083,0.0,,,,,,80,False,False,OBSERVED_BELOW_90_COVERAGE,21.69295140006437
2026-07-03,PATTERN_B_ET_REALISTIC_PORTFOLIO_V02_P1,2026-07-03,63751229.11632083,0.0,,,,,,80,False,False,OBSERVED_BELOW_90_COVERAGE,21.69295140006437
2026-07-06,PATTERN_B_ET_REALISTIC_PORTFOLIO_V02_P1,2026-07-06,63751229.11632083,0.0,,,,,,80,False,False,OBSERVED_BELOW_90_COVERAGE,21.69295140006437
2026-07-07,PATTERN_B_ET_REALISTIC_PORTFOLIO_V02_P1,2026-07-07,63751229.11632083,0.0,,,,,,80,False,False,OBSERVED_BELOW_90_COVERAGE,21.69295140006437
2026-07-08,PATTERN_B_ET_REALISTIC_PORTFOLIO_V02_P1,2026-07-08,63751229.11632083,0.0,,,,,,80,False,False,OBSERVED_BELOW_90_COVERAGE,21.69295140006437
2026-07-09,PATTERN_B_ET_REALISTIC_PORTFOLIO_V02_P1,2026-07-09,63751229.11632083,0.0,,,,,,80,False,False,OBSERVED_BELOW_90_COVERAGE,21.69295140006437
2026-07-10,PATTERN_B_ET_REALISTIC_PORTFOLIO_V02_P1,2026-07-10,63751229.11632083,0.0,,,,,,80,False,False,OBSERVED_BELOW_90_COVERAGE,21.69295140006437
2026-07-13,PATTERN_B_ET_REALISTIC_PORTFOLIO_V02_P1,2026-07-13,63751229.11632083,0.0,,,,,,80,False,False,OBSERVED_BELOW_90_COVERAGE,21.69295140006437
2026-07-14,PATTERN_B_ET_REALISTIC_PORTFOLIO_V02_P1,2026-07-14,63751229.11632083,0.0,,,,,,80,False,False,OBSERVED_BELOW_90_COVERAGE,21.69295140006437
2026-07-15,PATTERN_B_ET_REALISTIC_PORTFOLIO_V02_P1,2026-07-15,63751229.11632083,0.0,,,,,,80,False,False,OBSERVED_BELOW_90_COVERAGE,21.69295140006437
2026-07-16,PATTERN_B_ET_REALISTIC_PORTFOLIO_V02_P1,2026-07-16,63751229.11632083,0.0,,,,,,80,False,False,OBSERVED_BELOW_90_COVERAGE,21.69295140006437
2026-07-20,PATTERN_B_ET_REALISTIC_PORTFOLIO_V02_P1,2026-07-20,63751229.11632083,0.0,,,,,,80,False,False,OBSERVED_BELOW_90_COVERAGE,21.69295140006437
2026-07-21,PATTERN_B_ET_REALISTIC_PORTFOLIO_V02_P1,2026-07-21,63751229.11632083,0.0,,,,,,80,False,False,OBSERVED_BELOW_90_COVERAGE,21.69295140006437
2026-07-22,PATTERN_B_ET_REALISTIC_PORTFOLIO_V02_P1,2026-07-22,63751229.11632083,0.0,,,,,,80,False,False,OBSERVED_BELOW_90_COVERAGE,21.69295140006437
2026-07-23,PATTERN_B_ET_REALISTIC_PORTFOLIO_V02_P1,2026-07-23,63751229.11632083,0.0,,,,,,80,False,False,OBSERVED_BELOW_90_COVERAGE,21.69295140006437
2026-07-24,PATTERN_B_ET_REALISTIC_PORTFOLIO_V02_P1,2026-07-24,63751229.11632083,0.0,,,,,,80,False,False,OBSERVED_BELOW_90_COVERAGE,21.69295140006437
2026-07-27,PATTERN_B_ET_REALISTIC_PORTFOLIO_V02_P1,2026-07-27,63751229.11632083,0.0,,,,,,80,False,False,OBSERVED_BELOW_90_COVERAGE,21.69295140006437
2026-07-28,PATTERN_B_ET_REALISTIC_PORTFOLIO_V02_P1,2026-07-28,63751229.11632083,0.0,,,,,,80,False,False,OBSERVED_BELOW_90_COVERAGE,21.69295140006437
2026-07-29,PATTERN_B_ET_REALISTIC_PORTFOLIO_V02_P1,2026-07-29,63751229.11632083,0.0,,,,,,80,False,False,OBSERVED_BELOW_90_COVERAGE,21.69295140006437
2026-07-30,PATTERN_B_ET_REALISTIC_PORTFOLIO_V02_P1,2026-07-30,63751229.11632083,0.0,,,,,,80,False,False,OBSERVED_BELOW_90_COVERAGE,21.69295140006437
2026-07-31,PATTERN_B_ET_REALISTIC_PORTFOLIO_V02_P1,2026-07-31,63751229.11632083,0.0,,,,,,80,False,False,OBSERVED_BELOW_90_COVERAGE,21.69295140006437
2026-08-03,PATTERN_B_ET_REALISTIC_PORTFOLIO_V02_P1,2026-08-03,3919773.0239128415,31377271.311208803,,,,,,86,False,False,OBSERVED_BELOW_90_COVERAGE,21.69295140006437
2026-08-04,PATTERN_B_ET_REALISTIC_PORTFOLIO_V02_P1,2026-08-04,35297044.33512165,0.0,,,,,,86,False,False,OBSERVED_BELOW_90_COVERAGE,21.69295140006437
2026-08-05,PATTERN_B_ET_REALISTIC_PORTFOLIO_V02_P1,2026-08-05,35297044.33512165,0.0,,,,,,86,False,False,OBSERVED_BELOW_90_COVERAGE,21.69295140006437
2026-08-06,PATTERN_B_ET_REALISTIC_PORTFOLIO_V02_P1,2026-08-06,35297044.33512165,0.0,,,,,,86,False,False,OBSERVED_BELOW_90_COVERAGE,21.69295140006437
2026-08-07,PATTERN_B_ET_REALISTIC_PORTFOLIO_V02_P1,2026-08-07,35297044.33512165,0.0,,,,,,86,False,False,OBSERVED_BELOW_90_COVERAGE,21.69295140006437
2026-08-10,PATTERN_B_ET_REALISTIC_PORTFOLIO_V02_P1,2026-08-10,35297044.33512165,0.0,,,,,,86,False,False,OBSERVED_BELOW_90_COVERAGE,21.69295140006437
2026-08-11,PATTERN_B_ET_REALISTIC_PORTFOLIO_V02_P1,2026-08-11,35297044.33512165,0.0,,,,,,86,False,False,OBSERVED_BELOW_90_COVERAGE,21.69295140006437
2026-08-12,PATTERN_B_ET_REALISTIC_PORTFOLIO_V02_P1,2026-08-12,35297044.33512165,0.0,,,,,,86,False,False,OBSERVED_BELOW_90_COVERAGE,21.69295140006437
2026-08-13,PATTERN_B_ET_REALISTIC_PORTFOLIO_V02_P1,2026-08-13,35297044.33512165,0.0,,,,,,86,False,False,OBSERVED_BELOW_90_COVERAGE,21.69295140006437
2026-08-14,PATTERN_B_ET_REALISTIC_PORTFOLIO_V02_P1,2026-08-14,35297044.33512165,0.0,,,,,,86,False,False,OBSERVED_BELOW_90_COVERAGE,21.69295140006437
2026-08-18,PATTERN_B_ET_REALISTIC_PORTFOLIO_V02_P1,2026-08-18,35297044.33512165,0.0,,,,,,86,False,False,OBSERVED_BELOW_90_COVERAGE,21.69295140006437
2026-08-19,PATTERN_B_ET_REALISTIC_PORTFOLIO_V02_P1,2026-08-19,35297044.33512165,0.0,,,,,,86,False,False,OBSERVED_BELOW_90_COVERAGE,21.69295140006437
2026-08-20,PATTERN_B_ET_REALISTIC_PORTFOLIO_V02_P1,2026-08-20,35297044.33512165,0.0,,,,,,86,False,False,OBSERVED_BELOW_90_COVERAGE,21.69295140006437
2026-08-21,PATTERN_B_ET_REALISTIC_PORTFOLIO_V02_P1,2026-08-21,35297044.33512165,0.0,,,,,,86,False,False,OBSERVED_BELOW_90_COVERAGE,21.69295140006437
2026-08-24,PATTERN_B_ET_REALISTIC_PORTFOLIO_V02_P1,2026-08-24,35297044.33512165,0.0,,,,,,86,False,False,OBSERVED_BELOW_90_COVERAGE,21.69295140006437
2026-08-25,PATTERN_B_ET_REALISTIC_PORTFOLIO_V02_P1,2026-08-25,35297044.33512165,0.0,,,,,,86,False,False,OBSERVED_BELOW_90_COVERAGE,21.69295140006437
2026-08-26,PATTERN_B_ET_REALISTIC_PORTFOLIO_V02_P1,2026-08-26,35297044.33512165,0.0,,,,,,86,False,False,OBSERVED_BELOW_90_COVERAGE,21.69295140006437
2026-08-27,PATTERN_B_ET_REALISTIC_PORTFOLIO_V02_P1,2026-08-27,35297044.33512165,0.0,,,,,,86,False,False,OBSERVED_BELOW_90_COVERAGE,21.69295140006437
2026-08-28,PATTERN_B_ET_REALISTIC_PORTFOLIO_V02_P1,2026-08-28,35297044.33512165,0.0,,,,,,86,False,False,OBSERVED_BELOW_90_COVERAGE,21.69295140006437
2026-08-31,PATTERN_B_ET_REALISTIC_PORTFOLIO_V02_P1,2026-08-31,35297044.33512165,0.0,,,,,,86,False,False,OBSERVED_BELOW_90_COVERAGE,21.69295140006437
2026-09-01,PATTERN_B_ET_REALISTIC_PORTFOLIO_V02_P1,2026-08-31,35297044.33512165,174149151.08139408,,,,,,57,True,False,OBSERVED_BELOW_90_COVERAGE,21.69295140006437
