window_id,ticker,isu_cd,entry_signal_date,entry_execution_date,source_entry_execution_open,current_entry_execution_open,entry_price_rebased,source_control_exit_signal_date,source_control_exit_execution_date,control_exit_signal_date,control_exit_execution_date,control_exit_open,control_exit_execution_status,control_unavailable_exact_sessions_before_fill,test_exit_signal_date,test_exit_execution_date,test_exit_open,test_exit_execution_status,test_unavailable_exact_sessions_before_fill,test_minus_control_signal_sessions,control_trade_status,test_trade_status,control_gross_return_pct,test_gross_return_pct,control_costed_pre_tax_return_pct,test_costed_pre_tax_return_pct,test_minus_control_costed_return_pp,control_holding_krx_sessions,test_holding_krx_sessions,control_source_signal_match,control_source_execution_match,control_state_checks,test_state_checks
P1,000050,KR7000050005,2026-06-30,2026-07-01,8020.0,8020.0,False,2026-07-31,2026-08-03,2026-07-31,2026-08-03,8190.0,EXECUTED,,2026-07-20,2026-07-21,8180.0,EXECUTED,,9.0,REALIZED,REALIZED,2.1197007481296826,1.9950124688279391,1.8850952679020594,1.7606934421781073,-0.12440182572395209,23,14,True,True,1,4
P1,000320,KR7000320002,2026-06-30,2026-07-01,16460.0,16460.0,False,2026-08-31,2026-09-01,2026-08-31,2026-09-01,17730.0,EXECUTED,,2026-08-31,2026-09-01,17730.0,EXECUTED,,0.0,REALIZED,REALIZED,7.715674362089908,7.715674362089908,7.46821292882458,7.46821292882458,0.0,43,43,True,True,2,11
P1,000650,KR7000650002,2026-07-31,2026-08-03,135000.0,135000.0,False,,,,,,OPEN_AT_CUTOFF,,2026-08-14,2026-08-18,161500.0,EXECUTED,,,OPEN_AT_CUTOFF,REALIZED,,19.62962962962962,,19.354797579563886,,20,11,True,True,1,3
P1,000680,KR7000680009,2024-07-31,2024-08-01,3950.0,3950.0,False,2025-01-31,2025-02-03,2025-01-31,2025-02-03,3725.0,EXECUTED,,2025-01-31,2025-02-03,3725.0,EXECUTED,,0.0,REALIZED,REALIZED,-5.696202531645566,-5.696202531645566,-5.91285208633745,-5.91285208633745,0.0,119,119,True,True,6,34
P1,000890,KR7000890004,2019-07-31,2019-08-01,5625.0,5625.0,False,2019-09-30,2019-10-01,2019-09-30,2019-10-01,6175.0,EXECUTED,,2019-09-27,2019-09-30,6225.0,EXECUTED,,1.0,REALIZED,REALIZED,9.777777777777775,10.666666666666668,9.525578955364477,10.412425748525322,0.8868467931608457,41,40,True,True,2,11
P1,001000,KR7001000009,2015-09-30,2015-10-01,13600.0,13600.0,False,2016-04-29,2016-05-02,2016-03-31,2016-04-01,29150.0,EXECUTED,,2015-10-02,2015-10-05,15800.0,EXECUTED,,121.0,REALIZED,REALIZED,114.33823529411767,16.176470588235304,113.84582370013598,15.909571679662049,-97.93625202047393,124,3,False,False,6,2
P1,001230,KR7001230002,2018-10-31,2018-11-01,1350.0,1350.0,False,2019-01-31,2019-02-01,2019-01-31,2019-02-01,1582.0,EXECUTED,,2019-01-31,2019-02-01,1582.0,EXECUTED,,0.0,REALIZED,REALIZED,17.18518518518519,17.18518518518519,16.915968898371524,16.915968898371524,0.0,64,64,True,True,3,16
P1,001260,KR7001260009,2019-10-31,2019-11-01,11200.0,11200.0,False,2020-05-29,2020-06-01,2020-05-29,2020-06-01,11750.0,EXECUTED,,2020-05-04,2020-05-06,12500.0,EXECUTED,,18.0,REALIZED,REALIZED,4.910714285714279,11.607142857142861,4.669696849061888,11.35074132878926,6.681044479727372,143,125,True,True,7,33
P1,001360,KR7001360007,2022-02-28,2022-03-02,3852.0,3852.0,False,2025-06-30,2025-07-01,2025-06-30,2025-07-01,1713.0,EXECUTED,,2025-06-30,2025-07-01,1713.0,EXECUTED,,0.0,REALIZED,REALIZED,-55.52959501557633,-55.52959501557633,-55.63175944262473,-55.63175944262473,0.0,816,816,True,True,40,210
P1,001380,KR7001380005,2016-02-29,2016-03-02,4668.0,4668.0,False,2016-03-31,2016-04-01,2016-03-31,2016-04-01,4959.0,EXECUTED,,2016-03-11,2016-03-14,5009.0,EXECUTED,,14.0,REALIZED,REALIZED,6.233933161953731,7.305055698371898,5.989875818235113,7.058537603052972,1.0686617848178592,23,9,True,True,1,3
P1,001380,KR7001380005,2021-11-30,2021-12-01,3155.0,3155.0,False,2022-01-28,2022-02-03,2022-01-28,2022-02-03,3716.0,EXECUTED,,2022-01-03,2022-01-04,3726.0,EXECUTED,,19.0,REALIZED,REALIZED,17.781299524564176,18.098256735340733,17.510713749886442,17.826942796576127,0.3162290466896849,43,24,True,True,2,7
P1,001380,KR7001380005,2025-04-30,2025-05-02,4317.0,4317.0,False,,,,,,OPEN_AT_CUTOFF,,,,,OPEN_AT_CUTOFF,,,OPEN_AT_CUTOFF,OPEN_AT_CUTOFF,,,,,,324,324,True,True,16,83
P1,001390,KR7001390004,2019-01-31,2019-02-01,3350.0,3350.0,False,2020-07-31,2020-08-03,2020-07-31,2020-08-03,2720.0,EXECUTED,,2020-07-31,2020-08-03,2720.0,EXECUTED,,0.0,REALIZED,REALIZED,-18.80597014925374,-18.80597014925374,-18.992501878442102,-18.992501878442102,0.0,371,371,True,True,18,95
P1,001430,KR7001430008,2026-07-31,2026-08-03,32650.0,32650.0,False,2026-08-31,2026-09-01,2026-08-31,2026-09-01,41000.0,EXECUTED,,2026-08-07,2026-08-10,43050.0,EXECUTED,,15.0,REALIZED,REALIZED,25.574272588055138,31.85298621745789,25.285783566750464,31.550072745087988,6.264289178337524,21,6,True,True,1,2
P1,001440,KR7001440007,2026-07-31,2026-08-03,22600.0,22600.0,False,2026-08-31,2026-09-01,2026-08-31,2026-09-01,29150.0,EXECUTED,,2026-08-31,2026-09-01,29150.0,EXECUTED,,0.0,REALIZED,REALIZED,28.982300884955748,28.982300884955748,28.685982403621658,28.685982403621658,0.0,21,21,True,True,1,6
P1,001470,KR7001470004,2024-01-31,2024-02-01,33376.0,33376.0,False,2024-02-29,2024-03-04,2024-02-29,2024-03-04,40672.0,EXECUTED,,2024-02-16,2024-02-19,44614.0,EXECUTED,,9.0,REALIZED,REALIZED,21.860019175455413,33.6709012464046,21.580063122805825,33.36381137295583,11.783748250150005,20,11,True,True,1,4
P1,001500,KR7001500008,2026-07-31,2026-08-03,7480.0,7480.0,False,2026-08-31,2026-09-01,2026-08-31,2026-09-01,7980.0,EXECUTED,,2026-08-31,2026-09-01,7980.0,EXECUTED,,0.0,REALIZED,REALIZED,6.68449197860963,6.68449197860963,6.4393995401269555,6.4393995401269555,0.0,21,21,True,True,1,6
P1,001530,KR7001530005,2026-06-30,2026-07-01,22600.0,22600.0,False,2026-07-31,2026-08-03,2026-07-31,2026-08-03,23950.0,EXECUTED,,2026-07-31,2026-08-03,23950.0,EXECUTED,,0.0,REALIZED,REALIZED,5.973451327433632,5.973451327433632,5.729992403661699,5.729992403661699,0.0,23,23,True,True,1,6
P1,001620,KR7001620004,2022-02-28,2022-03-02,3585.0,3585.0,False,2022-03-31,2022-04-01,2022-03-31,2022-04-01,3815.0,EXECUTED,,2022-03-31,2022-04-01,3815.0,EXECUTED,,0.0,REALIZED,REALIZED,6.41562064156207,6.41562064156207,6.1711458967142585,6.1711458967142585,0.0,22,22,True,True,1,6
P1,001620,KR7001620004,2022-05-31,2022-06-02,3585.0,3585.0,False,2024-05-31,2024-06-03,2024-05-31,2024-06-03,3075.0,EXECUTED,,2023-05-02,2023-05-03,4325.0,EXECUTED,,264.0,REALIZED,REALIZED,-14.225941422594147,20.641562064156215,-14.42299511601669,20.36440524332612,34.78740035934281,493,229,True,True,24,58
P1,001810,KR7001810001,2016-01-29,2016-02-01,3455.0,3455.0,False,2016-02-29,2016-03-02,2016-02-29,2016-03-02,3620.0,EXECUTED,,2016-02-01,2016-02-02,3505.0,EXECUTED,,17.0,REALIZED,REALIZED,4.775687409551366,1.447178002894356,4.534980177931858,1.2141175479699173,-3.3208626299619404,19,2,True,True,1,1
P1,001880,KR7001880004,2020-03-31,2020-04-01,14950.0,14950.0,False,2021-09-30,2021-10-01,2021-09-30,2021-10-01,30100.0,EXECUTED,,2021-09-30,2021-10-01,30100.0,EXECUTED,,0.0,REALIZED,REALIZED,101.33779264214047,101.33779264214047,100.8752477151114,100.8752477151114,0.0,372,372,True,True,18,95
P1,002140,KR7002140002,2017-05-31,2017-06-01,3240.0,3240.0,False,2017-08-31,2017-09-01,2017-08-31,2017-09-01,3760.0,EXECUTED,,2017-08-25,2017-08-28,4025.0,EXECUTED,,4.0,REALIZED,REALIZED,16.049382716049386,24.228395061728403,15.782775773777114,23.94299800251407,8.160222228736956,65,61,True,True,3,15
P1,002170,KR7002170009,2015-11-30,2015-12-01,44200.0,44200.0,False,2016-01-29,2016-02-01,2016-01-29,2016-02-01,43800.0,EXECUTED,,2016-01-04,2016-01-05,47050.0,EXECUTED,,19.0,REALIZED,REALIZED,-0.9049773755656076,6.447963800904977,-1.1326340882337416,6.203414752251213,7.336048840484954,42,23,True,True,2,7
P1,002170,KR7002170009,2016-02-29,2016-03-02,46350.0,46350.0,False,2016-06-30,2016-07-01,2016-06-30,2016-07-01,49950.0,EXECUTED,,2016-06-30,2016-07-01,49950.0,EXECUTED,,0.0,REALIZED,REALIZED,7.7669902912621325,7.7669902912621325,7.5194109669521,7.5194109669521,0.0,84,84,True,True,4,22
P1,002170,KR7002170009,2020-03-31,2020-04-01,45050.0,45050.0,False,2020-05-29,2020-06-01,2020-05-29,2020-06-01,53500.0,EXECUTED,,2020-05-04,2020-05-06,53000.0,EXECUTED,,18.0,REALIZED,REALIZED,18.756936736958927,17.647058823529417,18.484109574624696,17.376781447759026,-1.1073281268656707,40,22,True,True,2,7
P1,002290,KR7002290005,2021-11-30,2021-12-01,3600.0,3600.0,False,2022-01-28,2022-02-03,2022-01-28,2022-02-03,4660.0,EXECUTED,,2022-01-03,2022-01-04,4420.0,EXECUTED,,19.0,REALIZED,REALIZED,29.44444444444445,22.777777777777786,29.147064254048203,22.49571330534188,-6.651350948706323,43,24,True,True,2,7
P1,002390,KR7002390003,2017-01-31,2017-02-01,22200.0,22200.0,False,2017-02-28,2017-03-02,2017-02-28,2017-03-02,24550.0,EXECUTED,,2017-02-28,2017-03-02,24550.0,EXECUTED,,0.0,REALIZED,REALIZED,10.585585585585576,10.585585585585576,10.331530939689726,10.331530939689726,0.0,21,21,True,True,1,6
P1,002410,KR7002410009,2022-02-28,2022-03-02,4085.0,4085.0,False,2022-03-31,2022-04-01,2022-03-31,2022-04-01,6620.0,EXECUTED,,2022-03-31,2022-04-01,6620.0,EXECUTED,,0.0,REALIZED,REALIZED,62.05630354957161,62.05630354957161,61.684002253742996,61.684002253742996,0.0,22,22,True,True,1,6
P1,002460,KR7002460004,2016-06-30,2016-07-01,11450.0,11450.0,False,2016-08-31,2016-09-01,2016-08-31,2016-09-01,11900.0,EXECUTED,,2016-08-01,2016-08-02,12900.0,EXECUTED,,21.0,REALIZED,REALIZED,3.9301310043668103,12.66375545851528,3.6913663182605028,12.4049265130723,8.713560194811798,44,23,True,True,2,6
P1,002460,KR7002460004,2022-09-30,2022-10-04,11750.0,11750.0,False,2024-12-30,2025-01-02,2024-12-30,2025-01-02,9690.0,EXECUTED,,2024-12-13,2024-12-16,9640.0,EXECUTED,,10.0,REALIZED,REALIZED,-17.531914893617017,-17.957446808510635,-17.721373583449594,-18.145927899324455,-0.42455431587486103,552,542,True,True,27,139
P1,003010,KR7003010006,2019-04-30,2019-05-02,4900.0,4900.0,False,2019-05-31,2019-06-03,2019-05-31,2019-06-03,5470.0,EXECUTED,,2019-05-31,2019-06-03,5470.0,EXECUTED,,0.0,REALIZED,REALIZED,11.632653061224495,11.632653061224495,11.37619292680727,11.37619292680727,0.0,22,22,True,True,1,6
P1,003530,KR7003530003,2022-09-30,2022-10-04,2480.0,2480.0,False,2023-01-31,2023-02-01,2023-01-31,2023-02-01,3345.0,EXECUTED,,2023-01-31,2023-02-01,3345.0,EXECUTED,,0.0,REALIZED,REALIZED,34.87903225806453,34.87903225806453,34.56916687554068,34.56916687554068,0.0,83,83,True,True,4,22
P1,003530,KR7003530003,2026-07-31,2026-08-03,4050.0,4050.0,False,2026-08-31,2026-09-01,2026-08-31,2026-09-01,4935.0,EXECUTED,,2026-08-31,2026-09-01,4935.0,EXECUTED,,0.0,REALIZED,REALIZED,21.851851851851855,21.851851851851855,21.571914562465967,21.571914562465967,0.0,21,21,True,True,1,6
P1,003850,KR7003850005,2022-06-30,2022-07-01,10250.0,10250.0,False,2023-11-30,2023-12-01,2023-11-30,2023-12-01,9570.0,EXECUTED,,2022-08-01,2022-08-02,11200.0,EXECUTED,,329.0,REALIZED,REALIZED,-6.63414634146341,9.268292682926838,-6.848641103727216,9.017264330016218,15.865905433743434,352,23,True,True,17,6
P1,003960,KR7003960002,2024-10-31,2024-11-01,43500.0,43500.0,False,2025-08-29,2025-09-01,2025-08-29,2025-09-01,41600.0,EXECUTED,,2025-08-18,2025-08-19,40800.0,EXECUTED,,9.0,REALIZED,REALIZED,-4.367816091954024,-6.206896551724139,-4.587517425453802,-6.422372859579695,-1.8348554341258927,203,194,True,True,10,50
P1,004020,KR7004020004,2026-07-31,2026-08-03,25750.0,25750.0,False,2026-08-31,2026-09-01,2026-08-31,2026-09-01,30100.0,EXECUTED,,2026-08-31,2026-09-01,30100.0,EXECUTED,,0.0,REALIZED,REALIZED,16.893203883495154,16.893203883495154,16.624658382171486,16.624658382171486,0.0,21,21,True,True,1,6
P1,004100,KR7004100004,2024-04-30,2024-05-02,2030.0,2030.0,False,2024-05-31,2024-06-03,2024-05-31,2024-06-03,2590.0,EXECUTED,,2024-05-17,2024-05-20,2680.0,EXECUTED,,10.0,REALIZED,REALIZED,27.586206896551737,32.01970443349753,27.29309574248351,31.71640794975128,4.42331220726777,21,11,True,True,1,4
P1,004310,KR7004310009,2026-06-30,2026-07-01,5730.0,5730.0,False,2026-08-31,2026-09-01,2026-08-31,2026-09-01,6390.0,EXECUTED,,2026-07-20,2026-07-21,6220.0,EXECUTED,,29.0,REALIZED,REALIZED,11.518324607329845,8.551483420593375,11.26212712626582,8.302101834956721,-2.9600252913090994,43,14,True,True,2,4
P1,004370,KR7004370003,2016-08-31,2016-09-01,299500.0,299500.0,False,2016-09-30,2016-10-04,2016-09-30,2016-10-04,312000.0,EXECUTED,,2016-09-30,2016-10-04,312000.0,EXECUTED,,0.0,REALIZED,REALIZED,4.173622704507518,4.173622704507518,3.9342986308704475,3.9342986308704475,0.0,20,20,True,True,1,6
P1,004920,KR7004920005,2024-01-31,2024-02-01,1322.0,13220.0,True,2024-11-29,2024-12-02,2024-11-29,2024-12-02,12880.0,EXECUTED,,2024-10-11,2024-10-14,13940.0,EXECUTED,,35.0,REALIZED,REALIZED,-2.571860816944027,5.446293494705001,-2.795688102113014,5.204045641036048,7.999733743149062,203,168,True,True,10,45
P1,004980,KR7004980009,2022-09-30,2022-10-04,7880.0,7880.0,False,2022-10-31,2022-11-01,2022-10-31,2022-11-01,9570.0,EXECUTED,,2022-10-31,2022-11-01,9570.0,EXECUTED,,0.0,REALIZED,REALIZED,21.446700507614214,21.446700507614214,21.167693995786287,21.167693995786287,0.0,20,20,True,True,1,6
P1,005160,KR7005160007,2023-10-31,2023-11-01,4375.0,4375.0,False,2023-11-30,2023-12-01,2023-11-30,2023-12-01,4850.0,EXECUTED,,2023-11-30,2023-12-01,4850.0,EXECUTED,,0.0,REALIZED,REALIZED,10.857142857142854,10.857142857142854,10.602464347059804,10.602464347059804,0.0,23,23,True,True,1,6
P1,005250,KR7005250006,2016-10-31,2016-11-01,21850.0,21850.0,False,2017-02-28,2017-03-02,2017-02-28,2017-03-02,26600.0,EXECUTED,,2017-02-28,2017-03-02,26600.0,EXECUTED,,0.0,REALIZED,REALIZED,21.739130434782616,21.739130434782616,21.459452106811504,21.459452106811504,0.0,84,84,True,True,4,21
P1,005250,KR7005250006,2021-11-30,2021-12-01,24150.0,24150.0,False,2022-01-28,2022-02-03,2022-01-28,2022-02-03,22100.0,EXECUTED,,2022-01-03,2022-01-04,27200.0,EXECUTED,,19.0,REALIZED,REALIZED,-8.488612836438925,12.62939958592133,-8.698847225832152,12.370649568206593,21.069496794038745,43,24,True,True,2,7
P1,005490,KR7005490008,2026-06-30,2026-07-01,325000.0,325000.0,False,2026-08-31,2026-09-01,2026-08-31,2026-09-01,339000.0,EXECUTED,,2026-08-07,2026-08-10,330500.0,EXECUTED,,15.0,REALIZED,REALIZED,4.307692307692301,1.6923076923076819,4.068060228220838,1.458684086805273,-2.6093761414155647,43,28,True,True,2,7
P1,005620,KR7005620000,2015-09-30,2015-10-01,33700.0,33700.0,False,2016-10-31,2016-11-01,2016-10-31,2016-11-01,30850.0,EXECUTED,,2015-11-02,2015-11-03,34900.0,EXECUTED,,244.0,REALIZED,REALIZED,-8.456973293768543,3.5608308605341144,-8.667280370508557,3.322914588954662,11.990194959463219,267,23,True,True,13,7
P1,005690,KR7005690003,2019-05-31,2019-06-03,8980.0,8980.0,False,2021-02-26,2021-03-02,2021-02-26,2021-03-02,16350.0,EXECUTED,,2021-02-01,2021-02-02,15250.0,EXECUTED,,17.0,REALIZED,REALIZED,82.07126948775057,69.82182628062361,81.65298665592773,69.4316848014005,-12.22130185452724,431,414,True,True,21,107
P1,005750,KR7005750005,2016-10-31,2016-11-01,8550.0,8550.0,False,2020-06-30,2020-07-01,2020-06-30,2020-07-01,4610.0,EXECUTED,,2020-06-01,2020-06-02,4440.0,EXECUTED,,21.0,REALIZED,REALIZED,-46.081871345029235,-48.07017543859649,-46.2057405727434,-48.189476820603204,-1.9837362478598024,900,879,True,True,44,224
P1,005860,KR7005860002,2023-03-31,2023-04-03,4300.0,4300.0,False,2023-05-31,2023-06-01,2023-05-31,2023-06-01,6050.0,EXECUTED,,2023-05-02,2023-05-03,5800.0,EXECUTED,,19.0,REALIZED,REALIZED,40.697674418604656,34.883720930232556,40.37444153374439,34.57384477615164,-5.80059675759275,41,22,True,True,2,6
P1,005870,KR7005870001,2023-02-28,2023-03-02,6000.0,6000.0,False,2024-01-31,2024-02-01,2024-01-31,2024-02-01,6380.0,EXECUTED,,2024-01-31,2024-02-01,6380.0,EXECUTED,,0.0,REALIZED,REALIZED,6.333333333333324,6.333333333333324,6.089047631866218,6.089047631866218,0.0,228,228,True,True,11,58
P1,006110,KR7006110001,2024-09-30,2024-10-02,50800.0,50800.0,False,2026-03-31,2026-04-01,2026-03-31,2026-04-01,35700.0,EXECUTED,,2026-03-31,2026-04-01,35700.0,EXECUTED,,0.0,REALIZED,REALIZED,-29.7244094488189,-29.7244094488189,-29.88585761747543,-29.88585761747543,0.0,363,363,True,True,18,94
P1,006360,KR7006360002,2022-09-30,2022-10-04,22900.0,22900.0,False,2022-11-30,2022-12-01,2022-11-30,2022-12-01,24000.0,EXECUTED,,2022-11-30,2022-12-01,24000.0,EXECUTED,,0.0,REALIZED,REALIZED,4.8034934497816595,4.8034934497816595,4.562722337741665,4.562722337741665,0.0,42,42,True,True,2,11
P1,006380,KR7006380000,2018-10-31,2018-11-01,21750.0,21750.0,False,2018-11-30,2018-12-03,2018-11-30,2018-12-03,25200.0,EXECUTED,,2018-11-30,2018-12-03,25200.0,EXECUTED,,0.0,REALIZED,REALIZED,15.86206896551725,15.86206896551725,15.595892349930974,15.595892349930974,0.0,23,23,True,True,1,6
P1,006490,KR7006490007,2019-04-30,2019-05-02,33271.0,33271.0,False,2021-03-31,2021-04-01,2021-03-31,2021-04-01,24519.0,EXECUTED,,2021-03-02,2021-03-03,21169.0,EXECUTED,,21.0,REALIZED,REALIZED,-26.305190706621385,-36.3740194163085,-26.47449404376294,-36.52019105234381,-10.04569700858087,474,453,True,True,23,117
P1,006660,KR7006660005,2022-06-30,2022-07-01,10650.0,10650.0,False,2022-08-31,2022-09-01,2022-08-31,2022-09-01,13100.0,EXECUTED,,2022-08-31,2022-09-01,13100.0,EXECUTED,,0.0,REALIZED,REALIZED,23.004694835680752,23.004694835680752,22.72210905359593,22.72210905359593,0.0,44,44,True,True,2,11
P1,006800,KR7006800007,2015-11-30,2015-12-01,10219.0,10219.0,False,2017-03-31,2017-04-03,2017-03-31,2017-04-03,8847.0,EXECUTED,,2017-03-31,2017-04-03,8847.0,EXECUTED,,0.0,REALIZED,REALIZED,-13.42597123006165,-13.42597123006165,-13.624862741161014,-13.624862741161014,0.0,330,330,True,True,16,84
P1,006880,KR7006880009,2023-01-31,2023-02-01,6460.0,6460.0,False,2023-02-28,2023-03-02,2023-02-28,2023-03-02,7100.0,EXECUTED,,2023-02-28,2023-03-02,7100.0,EXECUTED,,0.0,REALIZED,REALIZED,9.90712074303406,9.90712074303406,9.654624773564358,9.654624773564358,0.0,21,21,True,True,1,6
P1,006880,KR7006880009,2023-03-31,2023-04-03,7000.0,7000.0,False,2023-05-31,2023-06-01,2023-05-31,2023-06-01,8060.0,EXECUTED,,2023-05-02,2023-05-03,8250.0,EXECUTED,,19.0,REALIZED,REALIZED,15.142857142857146,17.85714285714286,14.878332814085304,17.586382843201463,2.7080500291161584,41,22,True,True,2,6
P1,006910,KR7006910004,2016-10-31,2016-11-01,4350.0,4350.0,False,2016-11-30,2016-12-01,2016-11-30,2016-12-01,5380.0,EXECUTED,,2016-11-30,2016-12-01,5380.0,EXECUTED,,0.0,REALIZED,REALIZED,23.678160919540225,23.678160919540225,23.39402794496599,23.39402794496599,0.0,23,23,True,True,1,6
P1,006910,KR7006910004,2017-01-31,2017-02-01,4330.0,4330.0,False,2018-04-30,2018-05-02,2018-04-30,2018-05-02,5790.0,EXECUTED,,2018-04-30,2018-05-02,5790.0,EXECUTED,,0.0,REALIZED,REALIZED,33.71824480369514,33.71824480369514,33.411046165160755,33.411046165160755,0.0,306,306,True,True,15,78
P1,006910,KR7006910004,2026-07-31,2026-08-03,5610.0,5610.0,False,2026-08-31,2026-09-01,2026-08-31,2026-09-01,7220.0,EXECUTED,,2026-08-14,2026-08-18,7880.0,EXECUTED,,10.0,REALIZED,REALIZED,28.698752228164004,40.463458110516925,28.403085159518216,40.140763304294126,11.73767814477591,21,11,True,True,1,3
P1,007110,KR7007110000,2018-10-31,2018-11-01,1595.0,7975.0,True,2018-12-28,2019-01-02,2018-12-28,2019-01-02,11900.0,EXECUTED,,2018-12-07,2018-12-10,10650.0,EXECUTED,,14.0,REALIZED,REALIZED,49.21630094043887,33.54231974921631,48.87349772339596,33.23552527345941,-15.637972449936548,42,28,True,True,2,7
P1,007330,KR7007330004,2021-11-30,2021-12-01,10373.0,10373.0,False,2021-12-30,2022-01-03,2021-12-30,2022-01-03,11670.0,EXECUTED,,2021-12-17,2021-12-20,12246.0,EXECUTED,,9.0,REALIZED,REALIZED,12.503615154728621,18.05649281789261,12.245154108844659,17.78527482578509,5.540120716940432,23,14,True,True,1,4
P1,007370,KR7007370000,2015-11-30,2015-12-01,4695.0,4695.0,False,2016-02-29,2016-03-02,2016-02-29,2016-03-02,4900.0,EXECUTED,,2016-02-01,2016-02-02,5470.0,EXECUTED,,17.0,REALIZED,REALIZED,4.366347177848784,16.50692225772099,4.126580347160025,16.23926418346231,12.112683836302285,60,43,True,True,3,12
P1,007610,KR7007610009,2018-10-31,2018-11-01,3800.0,3800.0,False,2018-11-30,2018-12-03,2018-11-30,2018-12-03,4615.0,EXECUTED,,2018-11-30,2018-12-03,4615.0,EXECUTED,,0.0,REALIZED,REALIZED,21.447368421052637,21.447368421052637,21.16836037478862,21.16836037478862,0.0,23,23,True,True,1,6
P1,007720,KR7007720006,2025-10-31,2025-11-03,3937.0,3937.0,False,,,,,,OPEN_AT_CUTOFF,,,,,OPEN_AT_CUTOFF,,,OPEN_AT_CUTOFF,OPEN_AT_CUTOFF,,,,,,203,203,True,True,10,53
P1,007860,KR7007860000,2022-06-30,2022-07-01,7220.0,7220.0,False,2022-11-30,2022-12-01,2022-11-30,2022-12-01,8250.0,EXECUTED,,2022-11-30,2022-12-01,8250.0,EXECUTED,,0.0,REALIZED,REALIZED,14.265927977839343,14.265927977839343,14.003418269031886,14.003418269031886,0.0,105,105,True,True,5,26
P1,008110,KR7008110009,2023-11-30,2023-12-01,7060.0,7060.0,False,2024-04-30,2024-05-02,2024-04-30,2024-05-02,11950.0,EXECUTED,,2024-04-30,2024-05-02,11950.0,EXECUTED,,0.0,REALIZED,REALIZED,69.26345609065156,69.26345609065156,68.87459738748049,68.87459738748049,0.0,102,102,True,True,5,27
P1,008250,KR7008250003,2019-03-29,2019-04-01,10950.0,10950.0,False,2020-08-31,2020-09-01,2020-08-31,2020-09-01,7750.0,EXECUTED,,2020-08-31,2020-09-01,7750.0,EXECUTED,,0.0,REALIZED,REALIZED,-29.22374429223744,-29.22374429223744,-29.38634266784359,-29.38634266784359,0.0,354,354,True,True,17,90
P1,008290,KR7008290009,2016-08-31,2016-09-01,8380.0,8380.0,False,2017-01-31,2017-02-01,2017-01-31,2017-02-01,10140.0,EXECUTED,,2017-01-31,2017-02-01,10140.0,EXECUTED,,0.0,REALIZED,REALIZED,21.00238663484486,21.00238663484486,20.724400870911097,20.724400870911097,0.0,103,103,True,True,5,26
P1,008600,KR7008600009,2022-05-31,2022-06-02,12255.0,12255.0,False,2025-01-31,2025-02-03,2025-01-31,2025-02-03,7922.0,EXECUTED,,2025-01-02,2025-01-03,8170.0,EXECUTED,,17.0,REALIZED,REALIZED,-35.35699714402285,-33.333333333333336,-35.5055052440004,-33.48649051293655,2.019014731063855,653,636,True,True,32,164
P1,008830,KR7008830002,2016-01-29,2016-02-01,1510.0,1510.0,False,2016-02-29,2016-03-02,2016-02-29,2016-03-02,1572.0,EXECUTED,,2016-02-01,2016-02-02,1504.0,EXECUTED,,17.0,REALIZED,REALIZED,4.1059602649006655,-0.3973509933774877,3.866791636089828,-0.626173905420413,-4.492965541510241,19,2,True,True,1,1
P1,008970,KR7008970006,2018-10-31,2018-11-01,2724.0,2724.0,False,2019-01-31,2019-02-01,2019-01-31,2019-02-01,3177.0,EXECUTED,,2018-11-02,2018-11-05,3270.0,EXECUTED,,61.0,REALIZED,REALIZED,16.629955947136565,20.044052863436114,16.362015220484906,19.7682687349656,3.4062535144806922,64,3,True,True,3,2
P1,009200,KR7009200007,2016-05-31,2016-06-01,2840.0,2840.0,False,2016-06-30,2016-07-01,2016-06-30,2016-07-01,2860.0,EXECUTED,,2016-06-30,2016-07-01,2860.0,EXECUTED,,0.0,REALIZED,REALIZED,0.7042253521126751,0.7042253521126751,0.47287172517682663,0.47287172517682663,0.0,22,22,True,True,1,6
P1,009270,KR7009270000,2018-07-31,2018-08-01,1975.0,1975.0,False,2018-08-31,2018-09-03,2018-08-31,2018-09-03,2160.0,EXECUTED,,2018-08-17,2018-08-20,2245.0,EXECUTED,,10.0,REALIZED,REALIZED,9.367088607594942,13.670886075949372,9.115833285106657,13.40974339123353,4.293910106126873,23,13,True,True,1,4
P1,009270,KR7009270000,2022-06-30,2022-07-01,1630.0,1630.0,False,2024-07-31,2024-08-01,2024-07-31,2024-08-01,1325.0,EXECUTED,,2024-07-01,2024-07-02,1321.0,EXECUTED,,22.0,REALIZED,REALIZED,-18.711656441717793,-18.95705521472393,-18.898404843227855,-19.143239847474703,-0.24483500424684834,515,493,True,True,25,125
P1,009470,KR7009470006,2014-09-30,2014-10-01,4905.0,4905.0,False,2015-02-27,2015-03-02,2015-02-27,2015-03-02,5510.0,EXECUTED,,2015-02-02,2015-02-03,5090.0,EXECUTED,,16.0,REALIZED,REALIZED,12.33435270132517,3.771661569826712,12.076280511840864,3.5332609446951047,-8.543019567145759,101,85,True,True,5,22
P1,009470,KR7009470006,2019-09-30,2019-10-01,15550.0,15550.0,False,2020-06-30,2020-07-01,2020-06-30,2020-07-01,18150.0,EXECUTED,,2020-06-30,2020-07-01,18150.0,EXECUTED,,0.0,REALIZED,REALIZED,16.7202572347267,16.7202572347267,16.452109053717212,16.452109053717212,0.0,186,186,True,True,9,49
P1,009470,KR7009470006,2022-09-30,2022-10-04,15050.0,15050.0,False,2022-10-31,2022-11-01,2022-10-31,2022-11-01,15450.0,EXECUTED,,2022-10-31,2022-11-01,15450.0,EXECUTED,,0.0,REALIZED,REALIZED,2.657807308970095,2.657807308970095,2.4219656054947247,2.4219656054947247,0.0,20,20,True,True,1,6
P1,009470,KR7009470006,2024-12-30,2025-01-02,31000.0,31000.0,False,2025-01-31,2025-02-03,2025-01-31,2025-02-03,37000.0,EXECUTED,,2025-01-10,2025-01-13,37750.0,EXECUTED,,11.0,REALIZED,REALIZED,19.354838709677423,21.7741935483871,19.08063795264585,21.494434667902198,2.413796715256346,19,8,True,True,1,3
P1,009470,KR7009470006,2025-03-31,2025-04-01,29950.0,29950.0,False,2025-09-30,2025-10-01,2025-09-30,2025-10-01,40700.0,EXECUTED,,2025-09-30,2025-10-01,40700.0,EXECUTED,,0.0,REALIZED,REALIZED,35.893155258764594,35.893155258764594,35.580960072962384,35.580960072962384,0.0,126,126,True,True,6,33
P1,009470,KR7009470006,2025-12-30,2026-01-02,29200.0,29200.0,False,2026-02-27,2026-03-03,2026-02-27,2026-03-03,44350.0,EXECUTED,,2026-02-02,2026-02-03,54100.0,EXECUTED,,16.0,REALIZED,REALIZED,51.883561643835606,85.27397260273972,51.53463077489373,84.84833201627396,33.31370124138023,39,23,True,True,2,6
P1,010100,KR7010100006,2015-06-30,2015-07-01,3000.0,3000.0,False,2015-07-31,2015-08-03,2015-07-31,2015-08-03,3160.0,EXECUTED,,2015-07-31,2015-08-03,3160.0,EXECUTED,,0.0,REALIZED,REALIZED,5.333333333333323,5.333333333333323,5.091344989560276,5.091344989560276,0.0,24,24,True,True,1,6
P1,010100,KR7010100006,2024-09-30,2024-10-02,3825.0,3825.0,False,2025-01-31,2025-02-03,2025-01-31,2025-02-03,5990.0,EXECUTED,,2025-01-31,2025-02-03,5990.0,EXECUTED,,0.0,REALIZED,REALIZED,56.60130718954248,56.60130718954248,56.24153797157261,56.24153797157261,0.0,80,80,True,True,4,23
P1,010120,KR7010120004,2019-04-30,2019-05-02,9570.0,9570.0,False,2019-10-31,2019-11-01,2019-10-31,2019-11-01,9900.0,EXECUTED,,2019-07-01,2019-07-02,10240.0,EXECUTED,,83.0,REALIZED,REALIZED,3.4482758620689724,7.0010449320794255,3.210618169581214,6.755225258233488,3.544607088652274,125,42,True,True,6,11
P1,010120,KR7010120004,2024-02-29,2024-03-04,12980.0,12980.0,False,2024-03-29,2024-04-01,2024-03-29,2024-04-01,19740.0,EXECUTED,,2024-03-08,2024-03-11,15840.0,EXECUTED,,15.0,REALIZED,REALIZED,52.08012326656395,22.033898305084755,51.7307408252657,21.75354278987889,-29.97719803538681,21,6,True,True,1,2
P1,010240,KR7010240000,2018-10-31,2018-11-01,3985.0,3985.0,False,2018-11-30,2018-12-03,2018-11-30,2018-12-03,4355.0,EXECUTED,,2018-11-30,2018-12-03,4355.0,EXECUTED,,0.0,REALIZED,REALIZED,9.284818067754074,9.284818067754074,9.033751750123464,9.033751750123464,0.0,23,23,True,True,1,6
P1,010280,KR7010280006,2020-03-31,2020-04-01,5039.0,5039.0,False,2020-05-29,2020-06-01,2020-05-29,2020-06-01,6020.0,EXECUTED,,2020-05-04,2020-05-06,6100.0,EXECUTED,,18.0,REALIZED,REALIZED,19.46814844215121,21.0557650327446,19.193687372133937,20.7776566395377,1.5839692674037629,40,22,True,True,2,7
P1,010470,KR7010470003,2016-06-30,2016-07-01,5870.0,5870.0,False,2016-11-30,2016-12-01,2016-11-30,2016-12-01,7130.0,EXECUTED,,2016-08-01,2016-08-02,5810.0,EXECUTED,,82.0,REALIZED,REALIZED,21.465076660988068,-1.0221465076660996,21.186027932562812,-1.2495340409270916,-22.435561973489904,105,23,True,True,5,6
P1,010580,KR7010580009,2026-07-31,2026-08-03,1462.0,1462.0,False,2026-08-31,2026-09-01,2026-08-31,2026-09-01,1647.0,EXECUTED,,2026-08-31,2026-09-01,1647.0,EXECUTED,,0.0,REALIZED,REALIZED,12.653898768809846,12.653898768809846,12.395092467708801,12.395092467708801,0.0,21,21,True,True,1,6
P1,010660,KR7010660009,2019-10-31,2019-11-01,2680.0,2680.0,False,2020-05-29,2020-06-01,2020-05-29,2020-06-01,3735.0,EXECUTED,,2020-05-04,2020-05-06,3010.0,EXECUTED,,18.0,REALIZED,REALIZED,39.36567164179105,12.313432835820892,39.04549884375859,12.055408706750548,-26.99009013700804,143,125,True,True,7,33
P1,010660,KR7010660009,2023-02-28,2023-03-02,2920.0,2920.0,False,2023-05-31,2023-06-01,2023-05-31,2023-06-01,3900.0,EXECUTED,,2023-05-31,2023-06-01,3900.0,EXECUTED,,0.0,REALIZED,REALIZED,33.56164383561644,33.56164383561644,33.254804965520975,33.254804965520975,0.0,63,63,True,True,3,16
P1,010660,KR7010660009,2023-07-31,2023-08-01,3650.0,3650.0,False,2023-08-31,2023-09-01,2023-08-31,2023-09-01,4170.0,EXECUTED,,2023-08-25,2023-08-28,4130.0,EXECUTED,,4.0,REALIZED,REALIZED,14.24657534246576,13.15068493150684,13.984110093584068,12.89073733489261,-1.0933727586914586,23,19,True,True,1,5
P1,010770,KR7010770006,2025-05-30,2025-06-02,5640.0,5640.0,False,2026-05-29,2026-06-01,2026-05-29,2026-06-01,4710.0,EXECUTED,,2025-07-11,2025-07-14,6190.0,EXECUTED,,214.0,REALIZED,REALIZED,-16.48936170212766,9.751773049645385,-16.681215509556157,9.499633969394372,26.180849478950527,243,29,True,True,12,8
P1,010820,KR7010820009,2026-06-30,2026-07-01,6260.0,6260.0,False,,,,,,OPEN_AT_CUTOFF,,,,,OPEN_AT_CUTOFF,,,OPEN_AT_CUTOFF,OPEN_AT_CUTOFF,,,,,,42,42,True,True,2,11
P1,011000,KR7011000007,2021-03-31,2021-04-01,38285.0,38285.0,False,2021-04-30,2021-05-03,2021-04-30,2021-05-03,57260.0,EXECUTED,,2021-04-16,2021-04-19,58410.0,EXECUTED,,10.0,REALIZED,REALIZED,49.562491837534274,52.56627922162727,49.218893296170286,52.21577990620514,2.9968866100348563,23,13,True,True,1,4
P1,011000,KR7011000007,2022-06-30,2022-07-01,51750.0,51750.0,False,2022-08-31,2022-09-01,2022-08-31,2022-09-01,54000.0,EXECUTED,,2022-08-01,2022-08-02,66500.0,EXECUTED,,21.0,REALIZED,REALIZED,4.347826086956519,28.502415458937193,4.108101805838471,28.207199446078857,24.099097640240387,44,23,True,True,2,6
P1,011070,KR7011070000,2026-07-31,2026-08-03,498000.0,498000.0,False,2026-08-31,2026-09-01,2026-08-31,2026-09-01,632000.0,EXECUTED,,2026-08-14,2026-08-18,690000.0,EXECUTED,,10.0,REALIZED,REALIZED,26.907630522088354,38.55421686746987,26.616078300675007,38.23590827130656,11.619829970631557,21,11,True,True,1,3
P1,011080,KR7011080009,2016-08-31,2016-09-01,43781.0,43781.0,False,2016-09-30,2016-10-04,2016-09-30,2016-10-04,47883.0,EXECUTED,,2016-09-30,2016-10-04,47883.0,EXECUTED,,0.0,REALIZED,REALIZED,9.369361138393373,9.369361138393373,9.11810059508895,9.11810059508895,0.0,20,20,True,True,1,6
P1,011080,KR7011080009,2025-06-30,2025-07-01,10447.0,10447.0,False,,,,,,OPEN_AT_CUTOFF,,2025-07-04,2025-07-07,11328.0,EXECUTED,,,OPEN_AT_CUTOFF,REALIZED,,8.433042978845595,,8.183933493269112,,286,5,True,True,14,2
P1,011090,KR7011090008,2016-10-31,2016-11-01,11550.0,11550.0,False,2019-04-30,2019-05-02,2019-04-30,2019-05-02,7900.0,EXECUTED,,2019-04-01,2019-04-02,8150.0,EXECUTED,,21.0,REALIZED,REALIZED,-31.601731601731597,-29.43722943722944,-31.75886688989594,-29.599337361095166,2.1595295288007748,612,591,True,True,30,150
P1,011090,KR7011090008,2022-08-31,2022-09-01,6525.0,6525.0,False,2024-07-31,2024-08-01,2024-07-31,2024-08-01,3265.0,EXECUTED,,2024-07-31,2024-08-01,3265.0,EXECUTED,,0.0,REALIZED,REALIZED,-49.961685823754785,-49.961685823754785,-50.07664172982478,-50.07664172982478,0.0,472,472,True,True,23,120
P1,011150,KR7011150000,2016-06-30,2016-07-01,3160.0,3160.0,False,2016-08-31,2016-09-01,2016-08-31,2016-09-01,3275.0,EXECUTED,,2016-08-01,2016-08-02,3360.0,EXECUTED,,21.0,REALIZED,REALIZED,3.639240506329111,6.329113924050622,3.401144099746589,6.0848379160759025,2.6836938163293134,44,23,True,True,2,6
P1,011280,KR7011280005,2020-01-31,2020-02-03,3820.0,3820.0,False,2020-05-29,2020-06-01,2020-05-29,2020-06-01,3635.0,EXECUTED,,2020-03-02,2020-03-03,4120.0,EXECUTED,,60.0,REALIZED,REALIZED,-4.842931937172779,7.853403141361248,-5.0615417596299945,7.605625295825158,12.667167055455153,82,22,True,True,4,6
P1,011330,KR7011330008,2023-11-30,2023-12-01,16060.0,16060.0,False,2023-12-28,2024-01-02,2023-12-28,2024-01-02,21700.0,EXECUTED,,2023-12-15,2023-12-18,19890.0,EXECUTED,,8.0,REALIZED,REALIZED,35.11830635118307,23.848069738480703,34.807891270480404,23.56354642257399,-11.244344847906415,20,12,True,True,1,3
P1,011330,KR7011330008,2024-07-31,2024-08-01,15580.0,15580.0,False,2024-10-31,2024-11-01,2024-10-31,2024-11-01,15280.0,EXECUTED,,2024-10-31,2024-11-01,15280.0,EXECUTED,,0.0,REALIZED,REALIZED,-1.9255455712451908,-1.9255455712451908,-2.1508576737166663,-2.1508576737166663,0.0,60,60,True,True,3,17
P1,011370,KR7011370004,2022-09-30,2022-10-04,5250.0,5250.0,False,2023-01-31,2023-02-01,2023-01-31,2023-02-01,5745.0,EXECUTED,,2023-01-31,2023-02-01,5745.0,EXECUTED,,0.0,REALIZED,REALIZED,9.42857142857143,9.42857142857143,9.177174858051295,9.177174858051295,0.0,83,83,True,True,4,22
P1,011390,KR7011390002,2015-01-30,2015-02-02,25400.0,25400.0,False,2015-02-27,2015-03-02,2015-02-27,2015-03-02,26550.0,EXECUTED,,2015-02-02,2015-02-03,24950.0,EXECUTED,,16.0,REALIZED,REALIZED,4.527559055118102,-1.7716535433070835,4.287421863082752,-1.9973191908130072,-6.284741053895759,18,2,True,True,1,1
P1,011690,KR7011690005,2026-06-30,2026-07-01,3720.0,3720.0,False,,,,,,OPEN_AT_CUTOFF,,,,,OPEN_AT_CUTOFF,,,OPEN_AT_CUTOFF,OPEN_AT_CUTOFF,,,,,,42,42,True,True,2,11
P1,012790,KR7012790002,2021-03-31,2021-04-01,12823.0,12823.0,False,2021-04-30,2021-05-03,2021-04-30,2021-05-03,14233.0,EXECUTED,,2021-04-30,2021-05-03,14233.0,EXECUTED,,0.0,REALIZED,REALIZED,10.995866801840437,10.995866801840437,10.74086959323568,10.74086959323568,0.0,23,23,True,True,1,6
P1,012790,KR7012790002,2021-05-31,2021-06-01,13811.0,13811.0,False,2021-06-30,2021-07-01,2021-06-30,2021-07-01,17193.0,EXECUTED,,2021-06-30,2021-07-01,17193.0,EXECUTED,,0.0,REALIZED,REALIZED,24.487727173991747,24.487727173991747,24.201734336154026,24.201734336154026,0.0,23,23,True,True,1,6
P1,012800,KR7012800009,2022-09-30,2022-10-04,1225.0,1225.0,False,2022-10-31,2022-11-01,2022-10-31,2022-11-01,1270.0,EXECUTED,,2022-10-31,2022-11-01,1270.0,EXECUTED,,0.0,REALIZED,REALIZED,3.6734693877551017,3.6734693877551017,3.4352943451884776,3.4352943451884776,0.0,20,20,True,True,1,6
P1,012860,KR7012860003,2026-06-30,2026-07-01,2600.0,2600.0,False,,,,,,OPEN_AT_CUTOFF,,,,,OPEN_AT_CUTOFF,,,OPEN_AT_CUTOFF,OPEN_AT_CUTOFF,,,,,,42,42,True,True,2,11
P1,013000,KR7013000005,2016-06-30,2016-07-01,4260.0,4260.0,False,2017-01-31,2017-02-01,2017-01-31,2017-02-01,4600.0,EXECUTED,,2016-08-01,2016-08-02,4450.0,EXECUTED,,123.0,REALIZED,REALIZED,7.9812206572769995,4.460093896713624,7.733149169187303,4.2201116962790275,-3.513037472908276,146,23,True,True,7,6
P1,013000,KR7013000005,2017-05-31,2017-06-01,4090.0,4090.0,False,2018-02-28,2018-03-02,2018-02-28,2018-03-02,4360.0,EXECUTED,,2018-02-28,2018-03-02,4360.0,EXECUTED,,0.0,REALIZED,REALIZED,6.601466992665039,6.601466992665039,6.35656529227262,6.35656529227262,0.0,183,183,True,True,9,47
P1,013360,KR7013360003,2022-09-30,2022-10-04,2445.0,2445.0,False,2022-11-30,2022-12-01,2022-11-30,2022-12-01,2880.0,EXECUTED,,2022-11-30,2022-12-01,2880.0,EXECUTED,,0.0,REALIZED,REALIZED,17.791411042944794,17.791411042944794,17.52080203849249,17.52080203849249,0.0,42,42,True,True,2,11
P1,013580,KR7013580006,2015-01-30,2015-02-02,10600.0,10600.0,False,2015-02-27,2015-03-02,2015-02-27,2015-03-02,12200.0,EXECUTED,,2015-02-02,2015-02-03,10850.0,EXECUTED,,16.0,REALIZED,REALIZED,15.094339622641506,2.358490566037741,14.829926755968014,2.1233365001846805,-12.706590255783333,18,2,True,True,1,1
P1,013990,KR7013990007,2022-06-30,2022-07-01,2885.0,2885.0,False,2022-08-31,2022-09-01,2022-08-31,2022-09-01,4240.0,EXECUTED,,2022-08-31,2022-09-01,4240.0,EXECUTED,,0.0,REALIZED,REALIZED,46.96707105719238,46.96707105719238,46.62943512572741,46.62943512572741,0.0,44,44,True,True,2,11
P1,013990,KR7013990007,2022-09-30,2022-10-04,3080.0,3080.0,False,2022-11-30,2022-12-01,2022-11-30,2022-12-01,3490.0,EXECUTED,,2022-11-30,2022-12-01,3490.0,EXECUTED,,0.0,REALIZED,REALIZED,13.311688311688318,13.311688311688318,13.051370832719877,13.051370832719877,0.0,42,42,True,True,2,11
P1,014160,KR7014160006,2022-09-30,2022-10-04,1350.0,1350.0,False,2022-11-30,2022-12-01,2022-11-30,2022-12-01,1825.0,EXECUTED,,2022-11-30,2022-12-01,1825.0,EXECUTED,,0.0,REALIZED,REALIZED,35.18518518518518,35.18518518518518,34.87461645987866,34.87461645987866,0.0,42,42,True,True,2,11
P1,014570,KR7014570006,2018-10-31,2018-11-01,6850.0,6850.0,False,2018-11-30,2018-12-03,2018-11-30,2018-12-03,7530.0,EXECUTED,,2018-11-30,2018-12-03,7530.0,EXECUTED,,0.0,REALIZED,REALIZED,9.927007299270073,9.927007299270073,9.674465643267416,9.674465643267416,0.0,23,23,True,True,1,6
P1,014790,KR7014790000,2022-09-30,2022-10-04,3110.0,3110.0,False,2024-07-31,2024-08-01,2024-07-31,2024-08-01,2740.0,EXECUTED,,2024-07-31,2024-08-01,2740.0,EXECUTED,,0.0,REALIZED,REALIZED,-11.897106109324762,-11.897106109324762,-12.0995099704724,-12.0995099704724,0.0,452,452,True,True,22,115
P1,014910,KR7014910004,2026-07-31,2026-08-03,1556.0,1556.0,False,2026-08-31,2026-09-01,2026-08-31,2026-09-01,2060.0,EXECUTED,,2026-08-14,2026-08-18,2035.0,EXECUTED,,10.0,REALIZED,REALIZED,32.39074550128536,30.784061696658107,32.08659660348718,30.483603926260393,-1.602992677226787,21,11,True,True,1,3
P1,014940,KR7014940001,2026-06-30,2026-07-01,4895.0,4895.0,False,,,,,,OPEN_AT_CUTOFF,,,,,OPEN_AT_CUTOFF,,,OPEN_AT_CUTOFF,OPEN_AT_CUTOFF,,,,,,42,42,True,True,2,11
P1,015020,KR7015020001,2022-02-28,2022-03-02,3640.0,3640.0,False,2025-01-31,2025-02-03,2025-01-31,2025-02-03,2558.0,EXECUTED,,2024-11-01,2024-11-04,1492.0,EXECUTED,,58.0,REALIZED,REALIZED,-29.72527472527473,-59.010989010989015,-29.88672090608173,-59.10515543075604,-29.21843452467431,716,658,True,True,35,169
P1,015860,KR7015860000,2016-10-31,2016-11-01,5800.0,5800.0,False,2019-09-30,2019-10-01,2019-09-30,2019-10-01,4935.0,EXECUTED,,2019-09-30,2019-10-01,4935.0,EXECUTED,,0.0,REALIZED,REALIZED,-14.913793103448281,-14.913793103448281,-15.10926655551945,-15.10926655551945,0.0,715,715,True,True,35,181
P1,015860,KR7015860000,2026-06-30,2026-07-01,6230.0,6230.0,False,2026-08-31,2026-09-01,2026-08-31,2026-09-01,6690.0,EXECUTED,,2026-08-31,2026-09-01,6690.0,EXECUTED,,0.0,REALIZED,REALIZED,7.383627608346699,7.383627608346699,7.136929005245873,7.136929005245873,0.0,43,43,True,True,2,11
P1,016100,KR7016100000,2016-01-29,2016-02-01,28450.0,28450.0,False,2016-03-31,2016-04-01,2016-03-31,2016-04-01,35250.0,EXECUTED,,2016-03-31,2016-04-01,35250.0,EXECUTED,,0.0,REALIZED,REALIZED,23.901581722319865,23.901581722319865,23.61693547024535,23.61693547024535,0.0,41,41,True,True,2,11
P1,016450,KR7016450009,2016-08-31,2016-09-01,10350.0,10350.0,False,2016-09-30,2016-10-04,2016-09-30,2016-10-04,11500.0,EXECUTED,,2016-09-30,2016-10-04,11500.0,EXECUTED,,0.0,REALIZED,REALIZED,11.111111111111116,11.111111111111116,10.855849145105756,10.855849145105756,0.0,20,20,True,True,1,6
P1,016880,KR7016880007,2018-07-31,2018-08-01,2775.0,2775.0,False,2018-08-31,2018-09-03,2018-08-31,2018-09-03,3090.0,EXECUTED,,2018-08-31,2018-09-03,3090.0,EXECUTED,,0.0,REALIZED,REALIZED,11.351351351351347,11.351351351351347,11.095537467581673,11.095537467581673,0.0,23,23,True,True,1,6
P1,016880,KR7016880007,2021-12-30,2022-01-03,1700.0,1700.0,False,2022-01-28,2022-02-03,2022-01-28,2022-02-03,1890.0,EXECUTED,,2022-01-03,2022-01-04,1695.0,EXECUTED,,19.0,REALIZED,REALIZED,11.176470588235299,-0.2941176470588225,10.921058468132273,-0.5231777230242263,-11.444236191156499,21,2,True,True,1,1
P1,016880,KR7016880007,2026-06-30,2026-07-01,1894.0,1894.0,False,2026-07-31,2026-08-03,2026-07-31,2026-08-03,1967.0,EXECUTED,,2026-07-31,2026-08-03,1967.0,EXECUTED,,0.0,REALIZED,REALIZED,3.8542766631467718,3.8542766631467718,3.6156862415948954,3.6156862415948954,0.0,23,23,True,True,1,6
P1,016920,KR7016920001,2022-05-31,2022-06-02,2765.0,2765.0,False,2025-01-31,2025-02-03,2025-01-31,2025-02-03,1790.0,EXECUTED,,2025-01-02,2025-01-03,2505.0,EXECUTED,,17.0,REALIZED,REALIZED,-35.2622061482821,-9.40325497287523,-35.410932017083056,-9.611388102119012,25.799543914964044,653,636,True,True,32,164
P1,017510,KR7017510009,2018-10-31,2018-11-01,5840.0,5840.0,False,2018-11-30,2018-12-03,2018-11-30,2018-12-03,7320.0,EXECUTED,,2018-11-30,2018-12-03,7320.0,EXECUTED,,0.0,REALIZED,REALIZED,25.342465753424648,25.342465753424648,25.054509275335057,25.054509275335057,0.0,23,23,True,True,1,6
P1,017510,KR7017510009,2026-07-31,2026-08-03,5950.0,5950.0,False,2026-08-31,2026-09-01,2026-08-31,2026-09-01,7380.0,EXECUTED,,2026-08-31,2026-09-01,7380.0,EXECUTED,,0.0,REALIZED,REALIZED,24.033613445378155,24.033613445378155,23.74866386920884,23.74866386920884,0.0,21,21,True,True,1,6
P1,017550,KR7017550005,2021-11-30,2021-12-01,2310.0,2310.0,False,2022-01-28,2022-02-03,2022-01-28,2022-02-03,2455.0,EXECUTED,,2022-01-03,2022-01-04,2960.0,EXECUTED,,19.0,REALIZED,REALIZED,6.277056277056281,28.13852813852813,6.032899864117391,27.84414810500506,21.81124824088767,43,24,True,True,2,7
P1,017550,KR7017550005,2022-02-28,2022-03-02,2545.0,2545.0,False,2022-03-31,2022-04-01,2022-03-31,2022-04-01,3085.0,EXECUTED,,2022-03-31,2022-04-01,3085.0,EXECUTED,,0.0,REALIZED,REALIZED,21.218074656188612,21.218074656188612,20.93959337971951,20.93959337971951,0.0,22,22,True,True,1,6
P1,017650,KR7017650003,2022-09-30,2022-10-04,7700.0,7700.0,False,2022-10-31,2022-11-01,2022-10-31,2022-11-01,8190.0,EXECUTED,,2022-10-31,2022-11-01,8190.0,EXECUTED,,0.0,REALIZED,REALIZED,6.363636363636371,6.363636363636371,6.119281045269442,6.119281045269442,0.0,20,20,True,True,1,6
P1,017900,KR7017900002,2026-06-30,2026-07-01,6670.0,6670.0,False,2026-08-31,2026-09-01,2026-08-31,2026-09-01,7510.0,EXECUTED,,2026-08-07,2026-08-10,8120.0,EXECUTED,,15.0,REALIZED,REALIZED,12.593703148425783,21.739130434782616,12.335035138196382,21.45945210681155,9.124416968615169,43,28,True,True,2,7
P1,018290,KR7018290007,2026-03-31,2026-04-01,15500.0,15500.0,False,2026-04-30,2026-05-04,2026-04-30,2026-05-04,17390.0,EXECUTED,,2026-04-30,2026-05-04,17390.0,EXECUTED,,0.0,REALIZED,REALIZED,12.193548387096765,12.193548387096765,11.935799675487125,11.935799675487125,0.0,23,23,True,True,1,6
P1,019170,KR7019170000,2021-09-30,2021-10-01,55700.0,55700.0,False,2025-06-30,2025-07-01,2025-06-30,2025-07-01,14540.0,EXECUTED,,2025-06-02,2025-06-04,11250.0,EXECUTED,,18.0,REALIZED,REALIZED,-73.89587073608618,-79.80251346499102,-73.95584125829706,-79.84891431608267,-5.893073057785614,917,899,True,True,45,231
P1,019180,KR7019180009,2020-03-31,2020-04-01,2365.0,2365.0,False,2020-05-29,2020-06-01,2020-05-29,2020-06-01,2540.0,EXECUTED,,2020-05-04,2020-05-06,2555.0,EXECUTED,,18.0,REALIZED,REALIZED,7.3995771670190225,8.033826638477803,7.152841922076858,7.785634295632438,0.6327923735555796,40,22,True,True,2,7
P1,019490,KR7019490002,2021-09-30,2021-10-01,2675.0,2675.0,False,2021-11-30,2021-12-01,2021-11-30,2021-12-01,3930.0,EXECUTED,,2021-11-30,2021-12-01,3930.0,EXECUTED,,0.0,REALIZED,REALIZED,46.9158878504673,46.9158878504673,46.578369505136095,46.578369505136095,0.0,42,42,True,True,2,11
P1,019490,KR7019490002,2022-02-28,2022-03-02,2613.0,2613.0,False,2024-09-30,2024-10-02,2024-09-30,2024-10-02,3920.0,EXECUTED,,2024-09-30,2024-10-02,3920.0,EXECUTED,,0.0,REALIZED,REALIZED,50.01913509376197,50.01913509376197,49.67448747949985,49.67448747949985,0.0,637,637,True,True,31,163
P1,019570,KR7019570001,2017-03-31,2017-04-03,51380.0,51380.0,False,2019-02-28,2019-03-04,2019-02-28,2019-03-04,26430.0,EXECUTED,,2019-02-28,2019-03-04,26430.0,EXECUTED,,0.0,REALIZED,REALIZED,-48.55975087582717,-48.55975087582717,-48.67792752793635,-48.67792752793635,0.0,465,465,True,True,23,119
P1,020180,KR7020180006,2017-07-31,2017-08-01,5650.0,5650.0,False,2018-02-28,2018-03-02,2018-02-28,2018-03-02,6975.0,EXECUTED,,2018-02-28,2018-03-02,6975.0,EXECUTED,,0.0,REALIZED,REALIZED,23.45132743362832,23.45132743362832,23.167715576708204,23.167715576708204,0.0,141,141,True,True,7,37
P1,020400,KR7020400008,2016-01-29,2016-02-01,3449.0,3449.0,False,2016-02-29,2016-03-02,2016-02-29,2016-03-02,3515.0,EXECUTED,,2016-02-01,2016-02-02,3439.0,EXECUTED,,17.0,REALIZED,REALIZED,1.9135981443896721,-0.28993911278631934,1.6794661555645352,-0.5190087883395589,-2.198474943904094,19,2,True,True,1,1
P1,023160,KR7023160005,2024-04-30,2024-05-02,12370.0,12370.0,False,2024-07-31,2024-08-01,2024-07-31,2024-08-01,16210.0,EXECUTED,,2024-07-01,2024-07-02,12910.0,EXECUTED,,22.0,REALIZED,REALIZED,31.042845594179468,4.365400161681476,30.74179330460374,4.125635506627656,-26.616157797976083,63,41,True,True,3,11
P1,023350,KR7023350002,2018-02-28,2018-03-02,5690.0,5690.0,False,2018-04-30,2018-05-02,2018-04-30,2018-05-02,9030.0,EXECUTED,,2018-04-20,2018-04-23,7700.0,EXECUTED,,6.0,REALIZED,REALIZED,58.69947275922671,35.32513181019332,58.334883304441895,35.01424157743109,-23.320641727010802,43,37,True,True,2,9
P1,023410,KR7023410004,2016-02-29,2016-03-02,4120.0,4120.0,False,2016-03-31,2016-04-01,2016-03-31,2016-04-01,4645.0,EXECUTED,,2016-03-31,2016-04-01,4645.0,EXECUTED,,0.0,REALIZED,REALIZED,12.742718446601952,12.742718446601952,12.483708094930712,12.483708094930712,0.0,23,23,True,True,1,6
P1,023410,KR7023410004,2018-10-31,2018-11-01,5310.0,5310.0,False,2018-11-30,2018-12-03,2018-11-30,2018-12-03,6090.0,EXECUTED,,2018-11-30,2018-12-03,6090.0,EXECUTED,,0.0,REALIZED,REALIZED,14.689265536723163,14.689265536723163,14.42578327011763,14.42578327011763,0.0,23,23,True,True,1,6
P1,023460,KR7023460009,2022-06-30,2022-07-01,1760.0,1760.0,False,2022-09-30,2022-10-04,2022-09-30,2022-10-04,2360.0,EXECUTED,,2022-09-30,2022-10-04,2360.0,EXECUTED,,0.0,REALIZED,REALIZED,34.09090909090908,34.09090909090908,33.78285430920718,33.78285430920718,0.0,64,64,True,True,3,16
P1,023760,KR7023760002,2026-06-30,2026-07-01,1378.0,1378.0,False,2026-08-31,2026-09-01,2026-08-31,2026-09-01,1418.0,EXECUTED,,2026-08-31,2026-09-01,1418.0,EXECUTED,,0.0,REALIZED,REALIZED,2.9027576197387495,2.9027576197387495,2.6663531777822547,2.6663531777822547,0.0,43,43,True,True,2,11
P1,023790,KR7023790009,2022-09-30,2022-10-04,4111.0,4111.0,False,2025-09-30,2025-10-01,2025-09-30,2025-10-01,4993.0,EXECUTED,,2025-09-01,2025-09-02,3024.0,EXECUTED,,21.0,REALIZED,REALIZED,21.45463390902458,-26.44125516905862,21.17560917133585,-26.610245917460528,-47.78585508879638,735,714,True,True,36,184
P1,023810,KR7023810005,2022-10-31,2022-11-01,6380.0,6380.0,False,2022-11-30,2022-12-01,2022-11-30,2022-12-01,7360.0,EXECUTED,,2022-11-30,2022-12-01,7360.0,EXECUTED,,0.0,REALIZED,REALIZED,15.36050156739812,15.36050156739812,15.095477231532994,15.095477231532994,0.0,23,23,True,True,1,6
P1,024120,KR7024120008,2021-11-30,2021-12-01,6240.0,6240.0,False,2022-01-28,2022-02-03,2022-01-28,2022-02-03,5960.0,EXECUTED,,2022-01-03,2022-01-04,6650.0,EXECUTED,,19.0,REALIZED,REALIZED,-4.487179487179482,6.570512820512819,-4.706606600264851,6.325682232925955,11.032288833190806,43,24,True,True,2,7
P1,024740,KR7024740003,2021-11-30,2021-12-01,2130.0,2130.0,False,2022-01-28,2022-02-03,2022-01-28,2022-02-03,2730.0,EXECUTED,,2022-01-03,2022-01-04,2360.0,EXECUTED,,19.0,REALIZED,REALIZED,28.169014084507047,10.7981220657277,27.87456401386146,10.543579147513915,-17.330984866347542,43,24,True,True,2,7
P1,024800,KR7024800005,2015-08-31,2015-09-01,2230.0,2230.0,False,2015-09-30,2015-10-01,2015-09-30,2015-10-01,2540.0,EXECUTED,,2015-09-25,2015-09-30,2560.0,EXECUTED,,1.0,REALIZED,REALIZED,13.901345291479817,14.798206278026903,13.639673159512,14.53447373557115,0.8948005760591506,21,20,True,True,1,5
P1,024850,KR7024850000,2021-11-30,2021-12-01,5550.0,5550.0,False,2022-01-28,2022-02-03,2022-01-28,2022-02-03,6675.0,EXECUTED,,2022-01-03,2022-01-04,6225.0,EXECUTED,,19.0,REALIZED,REALIZED,20.270270270270263,12.162162162162172,19.993966439499623,11.904485555937839,-8.089480883561784,43,24,True,True,2,7
P1,024850,KR7024850000,2022-02-28,2022-03-02,5550.0,5550.0,False,2022-03-31,2022-04-01,2022-03-31,2022-04-01,6000.0,EXECUTED,,2022-03-31,2022-04-01,6000.0,EXECUTED,,0.0,REALIZED,REALIZED,8.108108108108114,8.108108108108114,7.8597451141569685,7.8597451141569685,0.0,22,22,True,True,1,6
P1,024940,KR7024940009,2022-02-28,2022-03-02,4050.0,4050.0,False,2022-03-31,2022-04-01,2022-03-31,2022-04-01,6950.0,EXECUTED,,2022-03-31,2022-04-01,6950.0,EXECUTED,,0.0,REALIZED,REALIZED,71.60493827160495,71.60493827160495,71.21070034633001,71.21070034633001,0.0,22,22,True,True,1,6
P1,025320,KR7025320003,2025-02-28,2025-03-04,4671.0,4671.0,False,2025-03-31,2025-04-01,2025-03-31,2025-04-01,6666.0,EXECUTED,,2025-03-31,2025-04-01,6666.0,EXECUTED,,0.0,REALIZED,REALIZED,42.71034039820167,42.71034039820167,42.38248369966764,42.38248369966764,0.0,21,21,True,True,1,6
P1,025560,KR7025560004,2016-10-31,2016-11-01,27146.0,27146.0,False,2017-01-31,2017-02-01,2017-01-31,2017-02-01,29297.0,EXECUTED,,2017-01-31,2017-02-01,29297.0,EXECUTED,,0.0,REALIZED,REALIZED,7.923819347233474,7.923819347233474,7.675879730485047,7.675879730485047,0.0,64,64,True,True,3,16
P1,025560,KR7025560004,2017-02-28,2017-03-02,28711.0,28711.0,False,2017-03-31,2017-04-03,2017-03-31,2017-04-03,39646.0,EXECUTED,,2017-03-31,2017-04-03,39646.0,EXECUTED,,0.0,REALIZED,REALIZED,38.086447702970986,38.086447702970986,37.76921373989679,37.76921373989679,0.0,23,23,True,True,1,6
P1,025620,KR7025620006,2026-06-30,2026-07-01,7090.0,7090.0,False,,,,,,OPEN_AT_CUTOFF,,,,,OPEN_AT_CUTOFF,,,OPEN_AT_CUTOFF,OPEN_AT_CUTOFF,,,,,,42,42,True,True,2,11
P1,025770,KR7025770009,2023-06-30,2023-07-03,9580.0,9580.0,False,2025-04-30,2025-05-02,2025-04-30,2025-05-02,7760.0,EXECUTED,,2025-04-30,2025-05-02,7760.0,EXECUTED,,0.0,REALIZED,REALIZED,-18.99791231732777,-18.99791231732777,-19.18400308669951,-19.18400308669951,0.0,447,447,True,True,22,116
P1,025870,KR7025870007,2020-01-31,2020-02-03,6950.0,6950.0,False,2020-02-28,2020-03-02,2020-02-28,2020-03-02,8360.0,EXECUTED,,2020-02-07,2020-02-10,9300.0,EXECUTED,,15.0,REALIZED,REALIZED,20.28776978417266,33.81294964028776,20.011425750759095,33.5055334308684,13.494107680109302,21,6,True,True,1,2
P1,025890,KR7025890005,2022-06-30,2022-07-01,2695.0,2695.0,False,2022-08-31,2022-09-01,2022-08-31,2022-09-01,3480.0,EXECUTED,,2022-08-31,2022-09-01,3480.0,EXECUTED,,0.0,REALIZED,REALIZED,29.128014842300566,29.128014842300566,28.83136160388542,28.83136160388542,0.0,44,44,True,True,2,11
P1,025890,KR7025890005,2022-09-30,2022-10-04,2420.0,2420.0,False,2023-01-31,2023-02-01,2023-01-31,2023-02-01,3370.0,EXECUTED,,2023-01-31,2023-02-01,3370.0,EXECUTED,,0.0,REALIZED,REALIZED,39.25619834710743,39.25619834710743,38.93627704839082,38.93627704839082,0.0,83,83,True,True,4,22
P1,025980,KR7025980004,2019-12-30,2020-01-02,10400.0,10400.0,False,2021-05-31,2021-06-01,2021-05-31,2021-06-01,10050.0,EXECUTED,,2021-05-31,2021-06-01,10050.0,EXECUTED,,0.0,REALIZED,REALIZED,-3.3653846153846145,-3.3653846153846145,-3.5873888925498476,-3.5873888925498476,0.0,350,350,True,True,17,89
P1,026040,KR7026040006,2016-01-29,2016-02-01,10200.0,10200.0,False,2016-03-31,2016-04-01,2016-03-31,2016-04-01,13950.0,EXECUTED,,2016-03-31,2016-04-01,13950.0,EXECUTED,,0.0,REALIZED,REALIZED,36.76470588235294,36.76470588235294,36.45050843301989,36.45050843301989,0.0,41,41,True,True,2,11
P1,026910,KR7026910000,2015-08-31,2015-09-01,3055.0,3055.0,False,2015-10-30,2015-11-02,2015-10-30,2015-11-02,3305.0,EXECUTED,,2015-10-12,2015-10-13,3320.0,EXECUTED,,14.0,REALIZED,REALIZED,8.183306055646478,8.674304418985269,7.934770305111982,8.424640669582972,0.4898703644709901,42,28,True,True,2,8
P1,027040,KR7027040005,2014-07-31,2014-08-01,2655.0,2655.0,False,2014-12-30,2015-01-02,2014-12-30,2015-01-02,2200.0,EXECUTED,,2014-12-01,2014-12-02,2800.0,EXECUTED,,20.0,REALIZED,REALIZED,-17.13747645951036,5.461393596986808,-17.32784131551435,5.21911105298174,22.546952368496086,102,82,True,True,5,21
P1,027710,KR7027710003,2022-10-31,2022-11-01,2030.0,2030.0,False,2026-03-31,2026-04-01,2026-03-31,2026-04-01,1304.0,EXECUTED,,2026-03-03,2026-03-04,1367.0,EXECUTED,,20.0,REALIZED,REALIZED,-35.76354679802955,-32.66009852216749,-35.91112090803147,-32.81480236294404,3.0963185450874278,834,814,True,True,41,209
P1,027740,KR7027740000,2019-10-31,2019-11-01,7860.0,7860.0,False,2020-05-29,2020-06-01,2020-05-29,2020-06-01,9042.0,EXECUTED,,2020-05-04,2020-05-06,8356.0,EXECUTED,,18.0,REALIZED,REALIZED,15.038167938931291,6.3104325699745445,14.773884118707592,6.066199479752332,-8.70768463895526,143,125,True,True,7,33
P1,028080,KR7028080000,2021-11-30,2021-12-01,19362.0,19362.0,False,2022-01-28,2022-02-03,2022-01-28,2022-02-03,22039.0,EXECUTED,,2022-01-03,2022-01-04,21964.0,EXECUTED,,19.0,REALIZED,REALIZED,13.826051027786379,13.438694349757263,13.56455187367458,13.178085092490077,-0.3864667811845024,43,24,True,True,2,7
P1,030210,KR7030210009,2018-10-31,2018-11-01,3340.0,3340.0,False,2018-11-30,2018-12-03,2018-11-30,2018-12-03,3440.0,EXECUTED,,2018-11-30,2018-12-03,3440.0,EXECUTED,,0.0,REALIZED,REALIZED,2.9940119760478945,2.9940119760478945,2.7573978901938467,2.7573978901938467,0.0,23,23,True,True,1,6
P1,030210,KR7030210009,2022-10-31,2022-11-01,3095.0,3095.0,False,2023-02-28,2023-03-02,2023-02-28,2023-03-02,4955.0,EXECUTED,,2023-02-28,2023-03-02,4955.0,EXECUTED,,0.0,REALIZED,REALIZED,60.096930533117934,60.096930533117934,59.72913061796419,59.72913061796419,0.0,84,84,True,True,4,22
P1,030520,KR7030520001,2025-03-31,2025-04-01,18300.0,18300.0,False,2025-04-30,2025-05-02,2025-04-30,2025-05-02,21350.0,EXECUTED,,2025-04-18,2025-04-21,21850.0,EXECUTED,,8.0,REALIZED,REALIZED,16.666666666666675,19.398907103825145,16.398641602361064,19.124605105929238,2.725963503568174,23,15,True,True,1,4
P1,030790,KR7030790000,2018-10-31,2018-11-01,39384.0,39384.0,False,2018-11-30,2018-12-03,2018-11-30,2018-12-03,40349.0,EXECUTED,,2018-11-30,2018-12-03,40349.0,EXECUTED,,0.0,REALIZED,REALIZED,2.4502335973999534,2.4502335973999534,2.2148687649879317,2.2148687649879317,0.0,23,23,True,True,1,6
P1,030790,KR7030790000,2019-02-28,2019-03-04,37742.0,37742.0,False,2019-04-30,2019-05-02,2019-04-30,2019-05-02,42859.0,EXECUTED,,2019-04-01,2019-04-02,39191.0,EXECUTED,,21.0,REALIZED,REALIZED,13.557840072068261,3.8392242064543503,13.296957094459195,3.600668365779658,-9.696288728679537,43,22,True,True,2,6
P1,030960,KR7030960009,2023-03-31,2023-04-03,21250.0,21250.0,False,,,,,,OPEN_AT_CUTOFF,,2023-04-21,2023-04-24,22500.0,EXECUTED,,,OPEN_AT_CUTOFF,REALIZED,,5.882352941176472,,5.639103302983139,,831,16,True,True,41,4
P1,031330,KR7031330004,2023-01-31,2023-02-01,2680.0,2680.0,False,2023-02-28,2023-03-02,2023-02-28,2023-03-02,2830.0,EXECUTED,,2023-02-28,2023-03-02,2830.0,EXECUTED,,0.0,REALIZED,REALIZED,5.597014925373145,5.597014925373145,5.354420810665816,5.354420810665816,0.0,21,21,True,True,1,6
P1,031820,KR7031820004,2016-02-29,2016-03-02,9830.0,9830.0,False,2016-03-31,2016-04-01,2016-03-31,2016-04-01,11140.0,EXECUTED,,2016-03-11,2016-03-14,10550.0,EXECUTED,,14.0,REALIZED,REALIZED,13.326551373346906,7.324516785350976,13.066199748609408,7.077953980954166,-5.9882457676552425,23,9,True,True,1,3
P1,031820,KR7031820004,2016-10-31,2016-11-01,9560.0,9560.0,False,2017-01-31,2017-02-01,2017-01-31,2017-02-01,10550.0,EXECUTED,,2017-01-31,2017-02-01,10550.0,EXECUTED,,0.0,REALIZED,REALIZED,10.355648535564853,10.355648535564853,10.102122137320002,10.102122137320002,0.0,64,64,True,True,3,16
P1,032350,KR7032350001,2026-07-31,2026-08-03,11560.0,11560.0,False,2026-08-31,2026-09-01,2026-08-31,2026-09-01,13400.0,EXECUTED,,2026-08-31,2026-09-01,13400.0,EXECUTED,,0.0,REALIZED,REALIZED,15.916955017301039,15.916955017301039,15.650652308821389,15.650652308821389,0.0,21,21,True,True,1,6
P1,032500,KR7032500001,2026-07-31,2026-08-03,13540.0,13540.0,False,2026-08-31,2026-09-01,2026-08-31,2026-09-01,14830.0,EXECUTED,,2026-08-31,2026-09-01,14830.0,EXECUTED,,0.0,REALIZED,REALIZED,9.52732644017724,9.52732644017724,9.275702994071388,9.275702994071388,0.0,21,21,True,True,1,6
P1,032680,KR7032680001,2023-03-31,2023-04-03,3675.0,3675.0,False,2023-06-30,2023-07-03,2023-06-30,2023-07-03,4725.0,EXECUTED,,2023-05-02,2023-05-03,3750.0,EXECUTED,,40.0,REALIZED,REALIZED,28.57142857142858,2.0408163265306145,28.27605401076523,1.8063920720359006,-26.469661938729327,62,22,True,True,3,6
P1,032940,KR7032940009,2026-06-30,2026-07-01,6160.0,6160.0,False,2026-08-31,2026-09-01,2026-08-31,2026-09-01,8100.0,EXECUTED,,2026-08-31,2026-09-01,8100.0,EXECUTED,,0.0,REALIZED,REALIZED,31.493506493506484,31.493506493506484,31.19141887464627,31.19141887464627,0.0,43,43,True,True,2,11
P1,033110,KR7033110008,2014-01-29,2014-02-03,2090.0,2090.0,False,2014-02-28,2014-03-03,2014-02-28,2014-03-03,2270.0,EXECUTED,,2014-02-28,2014-03-03,2270.0,EXECUTED,,0.0,REALIZED,REALIZED,8.61244019138756,8.61244019138756,8.362918566244515,8.362918566244515,0.0,21,21,True,True,1,5
P1,033160,KR7033160003,2022-06-30,2022-07-01,10750.0,10750.0,False,2022-08-31,2022-09-01,2022-08-31,2022-09-01,12950.0,EXECUTED,,2022-08-01,2022-08-02,12150.0,EXECUTED,,21.0,REALIZED,REALIZED,20.465116279069772,13.023255813953494,20.188364817321624,12.76360096760294,-7.424763849718683,44,23,True,True,2,6
P1,033200,KR7033200007,2021-05-31,2021-06-01,8610.0,8610.0,False,2021-07-30,2021-08-02,2021-07-30,2021-08-02,10500.0,EXECUTED,,2021-07-09,2021-07-12,9970.0,EXECUTED,,15.0,REALIZED,REALIZED,21.95121951219512,15.795586527293848,21.67105393975024,15.529562645648554,-6.141491294101687,45,30,True,True,2,8
P1,033200,KR7033200007,2021-08-31,2021-09-01,8370.0,8370.0,False,2022-02-28,2022-03-02,2022-02-28,2022-03-02,7480.0,EXECUTED,,2022-01-03,2022-01-04,9460.0,EXECUTED,,37.0,REALIZED,REALIZED,-10.633213859020307,13.022700119474306,-10.838521332753636,12.763046549752755,23.60156788250639,121,84,True,True,6,23
P1,033200,KR7033200007,2022-09-30,2022-10-04,6180.0,6180.0,False,2025-06-30,2025-07-01,2025-06-30,2025-07-01,3650.0,EXECUTED,,2025-06-30,2025-07-01,3650.0,EXECUTED,,0.0,REALIZED,REALIZED,-40.93851132686084,-40.93851132686084,-41.074196692286016,-41.074196692286016,0.0,670,670,True,True,33,173
P1,033230,KR7033230004,2016-02-29,2016-03-02,3173.0,3173.0,False,2016-03-31,2016-04-01,2016-03-31,2016-04-01,3790.0,EXECUTED,,2016-03-31,2016-04-01,3790.0,EXECUTED,,0.0,REALIZED,REALIZED,19.4453198865427,19.4453198865427,19.170911261883305,19.170911261883305,0.0,23,23,True,True,1,6
P1,033240,KR7033240003,2026-07-31,2026-08-03,22000.0,22000.0,False,2026-08-31,2026-09-01,2026-08-31,2026-09-01,30700.0,EXECUTED,,2026-08-14,2026-08-18,31900.0,EXECUTED,,10.0,REALIZED,REALIZED,39.54545454545455,44.99999999999999,39.22486872178508,44.66688313436302,5.44201441257794,21,11,True,True,1,3
P1,033250,KR7033250002,2020-03-31,2020-04-01,8910.0,8910.0,False,2020-04-29,2020-05-04,2020-04-29,2020-05-04,10390.0,EXECUTED,,2020-04-10,2020-04-13,10065.0,EXECUTED,,12.0,REALIZED,REALIZED,16.610549943883267,12.962962962962955,16.34265379976252,12.703446630857517,-3.6392071689050027,21,9,True,True,1,3
P1,033830,KR7033830001,2020-07-31,2020-08-03,3550.0,3550.0,False,2020-08-31,2020-09-01,2020-08-31,2020-09-01,4090.0,EXECUTED,,2020-08-31,2020-09-01,4090.0,EXECUTED,,0.0,REALIZED,REALIZED,15.211267605633804,15.211267605633804,14.946586113558947,14.946586113558947,0.0,21,21,True,True,1,6
P1,034940,KR7034940007,2016-10-31,2016-11-01,21300.0,21300.0,False,2017-03-31,2017-04-03,2017-03-31,2017-04-03,24250.0,EXECUTED,,2017-01-02,2017-01-03,22675.0,EXECUTED,,61.0,REALIZED,REALIZED,13.849765258215951,6.455399061032874,13.588211624034429,6.210832930927035,-7.377378693107394,106,45,True,True,5,12
P1,035200,KR7035200005,2022-06-30,2022-07-01,3750.0,3750.0,False,2022-08-31,2022-09-01,2022-08-31,2022-09-01,4320.0,EXECUTED,,2022-08-01,2022-08-02,4345.0,EXECUTED,,21.0,REALIZED,REALIZED,15.199999999999992,15.866666666666674,14.935344393645655,15.60047948851626,0.665135094870605,44,23,True,True,2,6
P1,035460,KR7035460005,2023-02-28,2023-03-02,2955.0,2955.0,False,2023-06-30,2023-07-03,2023-06-30,2023-07-03,3605.0,EXECUTED,,2023-06-30,2023-07-03,3605.0,EXECUTED,,0.0,REALIZED,REALIZED,21.996615905245353,21.996615905245353,21.716346041047597,21.716346041047597,0.0,84,84,True,True,4,21
P1,035480,KR7035480003,2015-08-31,2015-09-01,15835.0,15835.0,False,2015-09-30,2015-10-01,2015-09-30,2015-10-01,18612.0,EXECUTED,,2015-09-30,2015-10-01,18612.0,EXECUTED,,0.0,REALIZED,REALIZED,17.537101357751816,17.537101357751816,17.267076593611442,17.267076593611442,0.0,21,21,True,True,1,6
P1,035600,KR7035600006,2016-06-30,2016-07-01,13900.0,13900.0,False,2017-07-31,2017-08-01,2017-07-31,2017-08-01,13050.0,EXECUTED,,2017-07-31,2017-08-01,13050.0,EXECUTED,,0.0,REALIZED,REALIZED,-6.1151079136690605,-6.1151079136690605,-6.330795092858466,-6.330795092858466,0.0,269,269,True,True,13,66
P1,035600,KR7035600006,2018-10-31,2018-11-01,14200.0,14200.0,False,2018-11-30,2018-12-03,2018-11-30,2018-12-03,16300.0,EXECUTED,,2018-11-30,2018-12-03,16300.0,EXECUTED,,0.0,REALIZED,REALIZED,14.7887323943662,14.7887323943662,14.525021616809974,14.525021616809974,0.0,23,23,True,True,1,6
P1,035610,KR7035610005,2016-02-29,2016-03-02,5200.0,5200.0,False,2016-03-31,2016-04-01,2016-03-31,2016-04-01,5790.0,EXECUTED,,2016-03-31,2016-04-01,5790.0,EXECUTED,,0.0,REALIZED,REALIZED,11.34615384615385,11.34615384615385,11.09035190291272,11.09035190291272,0.0,23,23,True,True,1,6
P1,035810,KR7035810001,2026-07-31,2026-08-03,4165.0,4165.0,False,2026-08-31,2026-09-01,2026-08-31,2026-09-01,4605.0,EXECUTED,,2026-08-31,2026-09-01,4605.0,EXECUTED,,0.0,REALIZED,REALIZED,10.564225690276107,10.564225690276107,10.310220115700087,10.310220115700087,0.0,21,21,True,True,1,6
P1,036030,KR7036030005,2015-11-30,2015-12-01,8810.0,8810.0,False,2018-01-31,2018-02-01,2018-01-31,2018-02-01,6730.0,EXECUTED,,2018-01-31,2018-02-01,6730.0,EXECUTED,,0.0,REALIZED,REALIZED,-23.609534619750285,-23.609534619750285,-23.785030843143527,-23.785030843143527,0.0,533,533,True,True,26,135
P1,036030,KR7036030005,2021-11-30,2021-12-01,6770.0,6770.0,False,2023-01-31,2023-02-01,2023-01-31,2023-02-01,8300.0,EXECUTED,,2023-01-31,2023-02-01,8300.0,EXECUTED,,0.0,REALIZED,REALIZED,22.599704579025115,22.599704579025115,22.318049204422465,22.318049204422465,0.0,289,289,True,True,14,75
P1,036120,KR7036120004,2019-07-31,2019-08-01,2240.0,2240.0,False,2020-01-31,2020-02-03,2020-01-31,2020-02-03,2640.0,EXECUTED,,2020-01-31,2020-02-03,2640.0,EXECUTED,,0.0,REALIZED,REALIZED,17.85714285714286,17.85714285714286,17.586382843201463,17.586382843201463,0.0,123,123,True,True,6,34
P1,036170,KR7036170009,2026-06-30,2026-07-01,3105.0,3105.0,False,,,,,,OPEN_AT_CUTOFF,,2026-07-10,2026-07-13,3165.0,EXECUTED,,,OPEN_AT_CUTOFF,REALIZED,,1.9323671497584627,,1.698192041814428,,42,9,True,True,2,3
P1,036200,KR7036200004,2022-09-30,2022-10-04,6550.0,6550.0,False,2022-11-30,2022-12-01,2022-11-30,2022-12-01,7100.0,EXECUTED,,2022-11-30,2022-12-01,7100.0,EXECUTED,,0.0,REALIZED,REALIZED,8.3969465648855,8.3969465648855,8.147920005683318,8.147920005683318,0.0,42,42,True,True,2,11
P1,036630,KR7036630002,2016-08-31,2016-09-01,7738.0,7738.0,False,2016-09-30,2016-10-04,2016-09-30,2016-10-04,8822.0,EXECUTED,,2016-09-30,2016-10-04,8822.0,EXECUTED,,0.0,REALIZED,REALIZED,14.008787800465239,14.008787800465239,13.746868834622727,13.746868834622727,0.0,20,20,True,True,1,6
P1,036630,KR7036630002,2016-10-31,2016-11-01,7650.0,7650.0,False,2017-03-31,2017-04-03,2017-03-31,2017-04-03,8366.0,EXECUTED,,2017-03-17,2017-03-20,8194.0,EXECUTED,,10.0,REALIZED,REALIZED,9.359477124183012,7.1111111111111125,9.10823928799469,6.865038575881943,-2.2432007121127473,106,96,True,True,5,24
P1,036800,KR7036800001,2020-07-31,2020-08-03,4790.0,4790.0,False,2020-08-31,2020-09-01,2020-08-31,2020-09-01,5340.0,EXECUTED,,2020-08-21,2020-08-24,4780.0,EXECUTED,,6.0,REALIZED,REALIZED,11.48225469728601,-0.20876826722338038,11.22614008170737,-0.4380244212431994,-11.66416450295057,21,15,True,True,1,4
P1,036830,KR7036830008,2024-12-30,2025-01-02,35750.0,35750.0,False,2025-06-30,2025-07-01,2025-06-30,2025-07-01,41250.0,EXECUTED,,2025-06-30,2025-07-01,41250.0,EXECUTED,,0.0,REALIZED,REALIZED,15.384615384615374,15.384615384615374,15.119535650686778,15.119535650686778,0.0,119,119,True,True,6,31
P1,037230,KR7037230000,2022-06-30,2022-07-01,2835.0,2835.0,False,2022-08-31,2022-09-01,2022-08-31,2022-09-01,3350.0,EXECUTED,,2022-08-01,2022-08-02,3525.0,EXECUTED,,21.0,REALIZED,REALIZED,18.165784832451504,24.33862433862435,17.89431575749343,24.05297404333262,6.158658285839188,44,23,True,True,2,6
P1,037330,KR7037330008,2022-06-30,2022-07-01,1740.0,1740.0,False,2022-08-31,2022-09-01,2022-08-31,2022-09-01,1945.0,EXECUTED,,2022-08-01,2022-08-02,1980.0,EXECUTED,,21.0,REALIZED,REALIZED,11.781609195402298,13.793103448275868,11.524806855464153,13.531679986539347,2.006873131075194,44,23,True,True,2,6
P1,037400,KR7037400009,2016-06-30,2016-07-01,12375.0,12375.0,False,2019-12-30,2020-01-02,2019-12-30,2020-01-02,6025.0,EXECUTED,,2016-08-01,2016-08-02,13675.0,EXECUTED,,836.0,REALIZED,REALIZED,-51.31313131313131,10.505050505050505,-51.424982465508194,10.251180877041556,61.67616334254975,859,23,True,True,42,6
P1,038500,KR7038500005,2018-08-31,2018-09-03,4210.0,4210.0,False,2018-09-28,2018-10-01,2018-09-28,2018-10-01,4300.0,EXECUTED,,2018-09-07,2018-09-10,4430.0,EXECUTED,,12.0,REALIZED,REALIZED,2.13776722090262,5.2256532066508266,1.903120235524769,4.983912242645294,3.0807920071205253,18,6,True,True,1,2
P1,038500,KR7038500005,2026-07-31,2026-08-03,6840.0,6840.0,False,,,,,,OPEN_AT_CUTOFF,,2026-08-14,2026-08-18,8350.0,EXECUTED,,,OPEN_AT_CUTOFF,REALIZED,,22.07602339181287,,21.79557110021486,,20,11,True,True,1,3
P1,038620,KR7038620001,2022-02-28,2022-03-02,8025.0,8025.0,False,2022-03-31,2022-04-01,2022-03-31,2022-04-01,8750.0,EXECUTED,,2022-03-31,2022-04-01,8750.0,EXECUTED,,0.0,REALIZED,REALIZED,9.034267912772576,9.034267912772576,8.783777198468279,8.783777198468279,0.0,22,22,True,True,1,6
P1,038620,KR7038620001,2022-05-31,2022-06-02,7125.0,7125.0,False,2025-01-31,2025-02-03,2025-01-31,2025-02-03,4195.0,EXECUTED,,2025-01-02,2025-01-03,4125.0,EXECUTED,,17.0,REALIZED,REALIZED,-41.12280701754386,-42.10526315789473,-41.258068989846066,-42.23826807702385,-0.9801990871777804,653,636,True,True,32,164
P1,039030,KR7039030002,2016-09-30,2016-10-04,65000.0,65000.0,False,2016-11-30,2016-12-01,2016-11-30,2016-12-01,79500.0,EXECUTED,,2016-11-30,2016-12-01,79500.0,EXECUTED,,0.0,REALIZED,REALIZED,22.307692307692317,22.307692307692317,22.02670778972795,22.02670778972795,0.0,43,43,True,True,2,11
P1,039240,KR7039240007,2021-11-30,2021-12-01,3400.0,3400.0,False,2021-12-30,2022-01-03,2021-12-30,2022-01-03,4745.0,EXECUTED,,2021-12-24,2021-12-27,4660.0,EXECUTED,,4.0,REALIZED,REALIZED,39.558823529411754,37.05882352941177,39.238206992404166,36.74395038663927,-2.494256605764896,23,19,True,True,1,5
P1,039240,KR7039240007,2022-02-28,2022-03-02,3825.0,3825.0,False,2022-03-31,2022-04-01,2022-03-31,2022-04-01,5360.0,EXECUTED,,2022-03-25,2022-03-28,5240.0,EXECUTED,,4.0,REALIZED,REALIZED,40.13071895424836,36.993464052287585,39.80878856888634,36.678741063612776,-3.1300475052735663,22,18,True,True,1,5
P1,039240,KR7039240007,2025-04-30,2025-05-02,2965.0,2965.0,False,,,,,,OPEN_AT_CUTOFF,,2026-05-04,2026-05-06,3025.0,EXECUTED,,,OPEN_AT_CUTOFF,REALIZED,,2.023608768971341,,1.789224046391391,,324,245,True,True,16,63
P1,039740,KR7039740006,2026-06-30,2026-07-01,3015.0,3015.0,False,,,,,,OPEN_AT_CUTOFF,,,,,OPEN_AT_CUTOFF,,,OPEN_AT_CUTOFF,OPEN_AT_CUTOFF,,,,,,42,42,True,True,2,11
P1,041460,KR7041460007,2016-11-30,2016-12-01,5260.0,5260.0,False,2017-01-31,2017-02-01,2017-01-31,2017-02-01,6750.0,EXECUTED,,2017-01-02,2017-01-03,6140.0,EXECUTED,,19.0,REALIZED,REALIZED,28.326996197718636,16.730038022813698,28.03218318564973,16.46186737183546,-11.570315813814268,42,23,True,True,2,7
P1,042500,KR7042500009,2025-03-31,2025-04-01,3498.0,3498.0,False,2025-04-30,2025-05-02,2025-04-30,2025-05-02,3764.0,EXECUTED,,2025-04-30,2025-05-02,3764.0,EXECUTED,,0.0,REALIZED,REALIZED,7.604345340194407,7.604345340194407,7.357139669514079,7.357139669514079,0.0,23,23,True,True,1,6
P1,042520,KR7042520007,2026-07-31,2026-08-03,18570.0,18570.0,False,2026-08-31,2026-09-01,2026-08-31,2026-09-01,20550.0,EXECUTED,,2026-08-07,2026-08-10,21550.0,EXECUTED,,15.0,REALIZED,REALIZED,10.662358642972535,16.04738826063543,10.408127621902574,15.780785900340666,5.372658278438092,21,6,True,True,1,2
P1,042660,KR7042660001,2024-01-31,2024-02-01,21800.0,21800.0,False,2024-02-29,2024-03-04,2024-02-29,2024-03-04,23800.0,EXECUTED,,2024-02-29,2024-03-04,23800.0,EXECUTED,,0.0,REALIZED,REALIZED,9.174311926605494,9.174311926605494,8.92349948110851,8.92349948110851,0.0,20,20,True,True,1,6
P1,042670,KR7042670000,2023-10-31,2023-11-01,6730.0,6730.0,False,2023-11-30,2023-12-01,2023-11-30,2023-12-01,7820.0,EXECUTED,,2023-11-30,2023-12-01,7820.0,EXECUTED,,0.0,REALIZED,REALIZED,16.196136701337306,16.196136701337306,15.929192612667809,15.929192612667809,0.0,23,23,True,True,1,6
P1,042700,KR7042700005,2019-05-31,2019-06-03,3500.0,3500.0,False,2020-01-31,2020-02-03,2020-01-31,2020-02-03,4245.0,EXECUTED,,2019-07-01,2019-07-02,3690.0,EXECUTED,,144.0,REALIZED,REALIZED,21.285714285714285,5.428571428571427,21.007077616821878,5.186364288827483,-15.820713327994394,165,21,True,True,8,6
P1,042940,KR7042940007,2025-06-30,2025-07-01,11660.0,11660.0,False,,,,,,OPEN_AT_CUTOFF,,,,,OPEN_AT_CUTOFF,,,OPEN_AT_CUTOFF,OPEN_AT_CUTOFF,,,,,,286,286,True,True,14,73
P1,043090,KR7043090000,2019-10-31,2019-11-01,58371.0,58371.0,False,2020-07-31,2020-08-03,2020-07-31,2020-08-03,56751.0,EXECUTED,,2020-07-31,2020-08-03,56751.0,EXECUTED,,0.0,REALIZED,REALIZED,-2.77535077350054,-2.77535077350054,-2.9987105694521676,-2.9987105694521676,0.0,188,188,True,True,9,48
P1,043260,KR7043260009,2026-07-31,2026-08-03,14260.0,14260.0,False,2026-08-31,2026-09-01,2026-08-31,2026-09-01,16980.0,EXECUTED,,2026-08-07,2026-08-10,17500.0,EXECUTED,,15.0,REALIZED,REALIZED,19.074333800841515,22.72089761570828,18.800777463920504,22.438963817350334,3.6381863534298304,21,6,True,True,1,2
P1,043910,KR7043910009,2021-11-30,2021-12-01,12080.0,12080.0,False,2022-01-28,2022-02-03,2022-01-28,2022-02-03,10770.0,EXECUTED,,2022-01-03,2022-01-04,13050.0,EXECUTED,,19.0,REALIZED,REALIZED,-10.844370860927155,8.029801324503305,-11.049193231497501,7.781618229243992,18.830811460741494,43,24,True,True,2,7
P1,045060,KR7045060001,2020-06-30,2020-07-01,5500.0,5500.0,False,2020-08-31,2020-09-01,2020-08-31,2020-09-01,5480.0,EXECUTED,,2020-08-21,2020-08-24,6480.0,EXECUTED,,6.0,REALIZED,REALIZED,-0.363636363636366,17.81818181818182,-0.5925367302433426,17.54751131168306,18.140048041926402,44,38,True,True,2,9
P1,045340,KR7045340007,2021-11-30,2021-12-01,7600.0,7600.0,False,2022-01-28,2022-02-03,2022-01-28,2022-02-03,8650.0,EXECUTED,,2022-01-03,2022-01-04,10850.0,EXECUTED,,19.0,REALIZED,REALIZED,13.815789473684204,42.763157894736835,13.554313894032678,42.435179855520744,28.880865961488066,43,24,True,True,2,7
P1,045660,KR7045660008,2022-02-28,2022-03-02,15550.0,15550.0,False,2023-10-31,2023-11-01,2023-10-31,2023-11-01,12240.0,EXECUTED,,2023-10-04,2023-10-05,13070.0,EXECUTED,,18.0,REALIZED,REALIZED,-21.28617363344052,-15.948553054662383,-21.467007448071694,-16.141649292998117,5.325358155073577,413,395,True,True,20,100
P1,046890,KR7046890000,2022-05-31,2022-06-02,12650.0,12650.0,False,2023-05-31,2023-06-01,2023-05-31,2023-06-01,12300.0,EXECUTED,,2023-05-31,2023-06-01,12300.0,EXECUTED,,0.0,REALIZED,REALIZED,-2.766798418972327,-2.766798418972327,-2.990177862741439,-2.990177862741439,0.0,248,248,True,True,12,63
P1,046890,KR7046890000,2026-07-31,2026-08-03,8300.0,8300.0,False,2026-08-31,2026-09-01,2026-08-31,2026-09-01,9850.0,EXECUTED,,2026-08-14,2026-08-18,10280.0,EXECUTED,,10.0,REALIZED,REALIZED,18.67469879518073,23.855421686746993,18.40206056281477,23.570881480785367,5.168820917970596,21,11,True,True,1,3
P1,046940,KR7046940003,2019-02-28,2019-03-04,4000.0,4000.0,False,2019-12-30,2020-01-02,2019-12-30,2020-01-02,7090.0,EXECUTED,,2019-12-02,2019-12-03,6400.0,EXECUTED,,19.0,REALIZED,REALIZED,77.25,60.00000000000001,76.84279334872997,59.63242276895231,-17.21037057977766,208,189,True,True,10,48
P1,046940,KR7046940003,2026-06-30,2026-07-01,3010.0,3010.0,False,,,,,,OPEN_AT_CUTOFF,,2026-07-03,2026-07-06,4040.0,EXECUTED,,,OPEN_AT_CUTOFF,REALIZED,,34.219269102990026,,33.910919432426745,,42,4,True,True,2,2
P1,047310,KR7047310008,2020-03-31,2020-04-01,6590.0,6590.0,False,2020-05-29,2020-06-01,2020-05-29,2020-06-01,7700.0,EXECUTED,,2020-05-04,2020-05-06,6950.0,EXECUTED,,18.0,REALIZED,REALIZED,16.843702579666164,5.4628224582701,16.575270800543706,5.220536631659578,-11.354734168884129,40,22,True,True,2,7
P1,047310,KR7047310008,2024-04-30,2024-05-02,7950.0,7950.0,False,2026-02-27,2026-03-03,2026-02-27,2026-03-03,5940.0,EXECUTED,,2026-02-02,2026-02-03,5910.0,EXECUTED,,16.0,REALIZED,REALIZED,-25.283018867924532,-25.66037735849057,-25.45467049940435,-25.83116206253867,-0.3764915631343193,443,427,True,True,22,110
P1,047440,KR7047440003,2016-09-30,2016-10-04,2125.0,2125.0,False,2016-10-31,2016-11-01,2016-10-31,2016-11-01,2889.0,EXECUTED,,2016-10-07,2016-10-10,3007.0,EXECUTED,,16.0,REALIZED,REALIZED,35.95294117647059,41.50588235294117,35.640608641030354,41.18079272536459,5.540184084334236,21,5,True,True,1,2
P1,047770,KR7047770003,2026-07-31,2026-08-03,2300.0,2300.0,False,2026-08-31,2026-09-01,2026-08-31,2026-09-01,3485.0,EXECUTED,,2026-08-21,2026-08-24,3390.0,EXECUTED,,6.0,REALIZED,REALIZED,51.52173913043478,47.39130434782608,51.17363949722791,47.052693800746816,-4.120945696481094,21,15,True,True,1,4
P1,048410,KR7048410005,2026-06-30,2026-07-01,8140.0,8140.0,False,,,,,,OPEN_AT_CUTOFF,,,,,OPEN_AT_CUTOFF,,,OPEN_AT_CUTOFF,OPEN_AT_CUTOFF,,,,,,42,42,True,True,2,11
P1,048430,KR7048430003,2022-06-30,2022-07-01,6730.0,6730.0,False,2022-08-31,2022-09-01,2022-08-31,2022-09-01,6710.0,EXECUTED,,2022-08-01,2022-08-02,7290.0,EXECUTED,,21.0,REALIZED,REALIZED,-0.2971768202080227,8.320950965824657,-0.5262298681584454,8.072098995696697,8.598328863855143,44,23,True,True,2,6
P1,048550,KR7048550008,2018-07-31,2018-08-01,2275.0,2275.0,False,2018-08-31,2018-09-03,2018-08-31,2018-09-03,2635.0,EXECUTED,,2018-08-31,2018-09-03,2635.0,EXECUTED,,0.0,REALIZED,REALIZED,15.824175824175835,15.824175824175835,15.558086262689352,15.558086262689352,0.0,23,23,True,True,1,6
P1,048770,KR7048770002,2026-06-30,2026-07-01,3200.0,3200.0,False,,,,,,OPEN_AT_CUTOFF,,,,,OPEN_AT_CUTOFF,,,OPEN_AT_CUTOFF,OPEN_AT_CUTOFF,,,,,,42,42,True,True,2,11
P1,048910,KR7048910004,2022-02-28,2022-03-02,16500.0,16500.0,False,2022-03-31,2022-04-01,2022-03-31,2022-04-01,18400.0,EXECUTED,,2022-03-31,2022-04-01,18400.0,EXECUTED,,0.0,REALIZED,REALIZED,11.515151515151523,11.515151515151523,11.258961323815209,11.258961323815209,0.0,22,22,True,True,1,6
P1,048910,KR7048910004,2022-05-31,2022-06-02,16350.0,16350.0,False,2025-03-31,2025-04-01,2025-03-31,2025-04-01,10500.0,EXECUTED,,2025-03-31,2025-04-01,10500.0,EXECUTED,,0.0,REALIZED,REALIZED,-35.77981651376147,-35.77981651376147,-35.92735324640677,-35.92735324640677,0.0,693,693,True,True,34,178
P1,049430,KR7049430002,2021-11-30,2021-12-01,9820.0,9820.0,False,2022-01-28,2022-02-03,2022-01-28,2022-02-03,9620.0,EXECUTED,,2022-01-03,2022-01-04,11100.0,EXECUTED,,19.0,REALIZED,REALIZED,-2.0366598778004064,13.034623217922615,-2.2617167109648117,12.77494225657907,15.036658967543882,43,24,True,True,2,7
P1,049950,KR7049950009,2023-10-31,2023-11-01,24950.0,24950.0,False,2023-11-30,2023-12-01,2023-11-30,2023-12-01,33500.0,EXECUTED,,2023-11-30,2023-12-01,33500.0,EXECUTED,,0.0,REALIZED,REALIZED,34.2685370741483,34.2685370741483,33.960074217432414,33.960074217432414,0.0,23,23,True,True,1,6
P1,051160,KR7051160000,2017-03-31,2017-04-03,1485.0,1485.0,False,2017-05-31,2017-06-01,2017-05-31,2017-06-01,1600.0,EXECUTED,,2017-05-02,2017-05-04,1670.0,EXECUTED,,18.0,REALIZED,REALIZED,7.744107744107742,12.457912457912457,7.49658098919348,12.19955640747068,4.702975418277201,40,22,True,True,2,6
P1,051500,KR7051500007,2016-08-31,2016-09-01,38350.0,38350.0,False,2016-09-30,2016-10-04,2016-09-30,2016-10-04,44550.0,EXECUTED,,2016-09-30,2016-10-04,44550.0,EXECUTED,,0.0,REALIZED,REALIZED,16.16688396349413,16.16688396349413,15.900007078826995,15.900007078826995,0.0,20,20,True,True,1,6
P1,052420,KR7052420007,2021-11-30,2021-12-01,20730.0,20730.0,False,2022-01-28,2022-02-03,2022-01-28,2022-02-03,21100.0,EXECUTED,,2022-01-03,2022-01-04,23330.0,EXECUTED,,19.0,REALIZED,REALIZED,1.7848528702363753,12.542209358417743,1.5510166553573956,12.283659647843015,10.73264299248562,43,24,True,True,2,7
P1,052460,KR7052460003,2022-06-30,2022-07-01,3565.0,3565.0,False,2023-05-31,2023-06-01,2023-05-31,2023-06-01,4390.0,EXECUTED,,2023-05-31,2023-06-01,4390.0,EXECUTED,,0.0,REALIZED,REALIZED,23.141654978962123,23.141654978962123,22.858754550438377,22.858754550438377,0.0,228,228,True,True,11,57
P1,052790,KR7052790003,2014-06-30,2014-07-01,25300.0,25300.0,False,2014-07-31,2014-08-01,2014-07-31,2014-08-01,26000.0,EXECUTED,,2014-07-31,2014-08-01,26000.0,EXECUTED,,0.0,REALIZED,REALIZED,2.7667984189723382,2.7667984189723382,2.5307063239318195,2.5307063239318195,0.0,24,24,True,True,1,6
P1,053050,KR7053050001,2023-07-31,2023-08-01,3020.0,3020.0,False,2023-10-31,2023-11-01,2023-10-31,2023-11-01,5240.0,EXECUTED,,2023-10-31,2023-11-01,5240.0,EXECUTED,,0.0,REALIZED,REALIZED,73.50993377483444,73.50993377483444,73.11131939348307,73.11131939348307,0.0,61,61,True,True,3,17
P1,053160,KR7053160008,2022-02-28,2022-03-02,10400.0,10400.0,False,2023-07-31,2023-08-01,2023-07-31,2023-08-01,10800.0,EXECUTED,,2023-07-31,2023-08-01,10800.0,EXECUTED,,0.0,REALIZED,REALIZED,3.8461538461538547,3.8461538461538547,3.6075820856180885,3.6075820856180885,0.0,353,353,True,True,17,89
P1,053290,KR7053290003,2022-03-31,2022-04-01,8450.0,8450.0,False,2024-01-31,2024-02-01,2024-01-31,2024-02-01,5250.0,EXECUTED,,2024-01-31,2024-02-01,5250.0,EXECUTED,,0.0,REALIZED,REALIZED,-37.8698224852071,-37.8698224852071,-38.0125577265533,-38.0125577265533,0.0,455,455,True,True,22,115
P1,053610,KR7053610002,2024-05-31,2024-06-03,31100.0,31100.0,False,2024-10-31,2024-11-01,2024-10-31,2024-11-01,32900.0,EXECUTED,,2024-10-31,2024-11-01,32900.0,EXECUTED,,0.0,REALIZED,REALIZED,5.787781350482324,5.787781350482324,5.5447489770604985,5.5447489770604985,0.0,102,102,True,True,5,27
P1,053800,KR7053800009,2017-05-31,2017-06-01,56800.0,56800.0,False,2018-02-28,2018-03-02,2018-02-28,2018-03-02,74500.0,EXECUTED,,2018-02-23,2018-02-26,78600.0,EXECUTED,,3.0,REALIZED,REALIZED,31.161971830985923,38.38028169014085,30.860645865833458,38.06237268529542,7.201726819461964,183,180,True,True,9,46
P1,053800,KR7053800009,2022-08-31,2022-09-01,83900.0,83900.0,False,2023-01-31,2023-02-01,2023-01-31,2023-02-01,97000.0,EXECUTED,,2023-01-31,2023-02-01,97000.0,EXECUTED,,0.0,REALIZED,REALIZED,15.613825983313468,15.613825983313468,15.348219670652362,15.348219670652362,0.0,103,103,True,True,5,27
P1,054450,KR7054450002,2024-07-31,2024-08-01,17590.0,17590.0,False,2026-01-30,2026-02-02,2026-01-30,2026-02-02,15500.0,EXECUTED,,2026-01-02,2026-01-05,16530.0,EXECUTED,,20.0,REALIZED,REALIZED,-11.881750994883456,-6.026151222285392,-12.084190132221407,-6.242042766814171,5.842147365407236,364,344,True,True,18,90
P1,054620,KR7054620000,2022-06-30,2022-07-01,8700.0,8700.0,False,2022-08-31,2022-09-01,2022-08-31,2022-09-01,13600.0,EXECUTED,,2022-08-01,2022-08-02,10650.0,EXECUTED,,21.0,REALIZED,REALIZED,56.32183908045978,22.413793103448263,55.962711900700526,22.132564834004476,-33.83014706669605,44,23,True,True,2,6
P1,054930,KR7054930003,2019-07-31,2019-08-01,18600.0,18600.0,False,2019-08-30,2019-09-02,2019-08-30,2019-09-02,19900.0,EXECUTED,,2019-08-30,2019-09-02,19900.0,EXECUTED,,0.0,REALIZED,REALIZED,6.989247311827951,6.989247311827951,6.743454741335686,6.743454741335686,0.0,22,22,True,True,1,6
P1,054930,KR7054930003,2019-12-30,2020-01-02,19650.0,19650.0,False,2021-03-31,2021-04-01,2021-03-31,2021-04-01,19300.0,EXECUTED,,2021-03-31,2021-04-01,19300.0,EXECUTED,,0.0,REALIZED,REALIZED,-1.781170483460559,-1.781170483460559,-2.0068142671507805,-2.0068142671507805,0.0,309,309,True,True,15,79
P1,054940,KR7054940002,2020-01-31,2020-02-03,6775.0,6775.0,False,2020-06-30,2020-07-01,2020-06-30,2020-07-01,6250.0,EXECUTED,,2020-06-01,2020-06-02,7175.0,EXECUTED,,21.0,REALIZED,REALIZED,-7.749077490774903,5.904059040590415,-7.961010857384531,5.660759535722559,13.621770393107091,104,83,True,True,5,22
P1,054950,KR7054950001,2024-12-30,2025-01-02,19060.0,19060.0,False,2025-01-31,2025-02-03,2025-01-31,2025-02-03,20800.0,EXECUTED,,2025-01-31,2025-02-03,20800.0,EXECUTED,,0.0,REALIZED,REALIZED,9.129066107030436,9.129066107030436,8.87835760736515,8.87835760736515,0.0,19,19,True,True,1,6
P1,056080,KR7056080005,2024-09-30,2024-10-02,6030.0,6030.0,False,2024-12-30,2025-01-02,2024-12-30,2025-01-02,6850.0,EXECUTED,,2024-12-02,2024-12-03,6680.0,EXECUTED,,19.0,REALIZED,REALIZED,13.598673300165842,10.779436152570486,13.337696514026032,10.524936162583053,-2.8127603514429786,62,43,True,True,3,12
P1,056080,KR7056080005,2026-06-30,2026-07-01,15100.0,15100.0,False,,,,,,OPEN_AT_CUTOFF,,,,,OPEN_AT_CUTOFF,,,OPEN_AT_CUTOFF,OPEN_AT_CUTOFF,,,,,,42,42,True,True,2,11
P1,058430,KR7058430000,2022-10-31,2022-11-01,2685.0,2685.0,False,2022-11-30,2022-12-01,2022-11-30,2022-12-01,3940.0,EXECUTED,,2022-11-30,2022-12-01,3940.0,EXECUTED,,0.0,REALIZED,REALIZED,46.74115456238361,46.74115456238361,46.40403764191623,46.40403764191623,0.0,23,23,True,True,1,6
P1,058470,KR7058470006,2024-12-30,2025-01-02,38043.0,38043.0,False,2025-01-31,2025-02-03,2025-01-31,2025-02-03,40846.0,EXECUTED,,2025-01-02,2025-01-03,39645.0,EXECUTED,,17.0,REALIZED,REALIZED,7.367978340299142,4.211024367163474,7.121315689164653,3.9716143685289307,-3.1497013206357227,19,2,True,True,1,1
P1,058650,KR7058650003,2016-06-30,2016-07-01,119500.0,119500.0,False,2016-08-31,2016-09-01,2016-08-31,2016-09-01,125500.0,EXECUTED,,2016-08-01,2016-08-02,133000.0,EXECUTED,,21.0,REALIZED,REALIZED,5.020920502092041,11.297071129707103,4.779649882340542,11.041381947022266,6.261732064681724,44,23,True,True,2,6
P1,058650,KR7058650003,2026-06-30,2026-07-01,111800.0,111800.0,False,2026-07-31,2026-08-03,2026-07-31,2026-08-03,116800.0,EXECUTED,,2026-07-31,2026-08-03,116800.0,EXECUTED,,0.0,REALIZED,REALIZED,4.472271914132375,4.472271914132375,4.232261736435761,4.232261736435761,0.0,23,23,True,True,1,6
P1,060280,KR7060280005,2024-05-31,2024-06-03,10300.0,10300.0,False,2025-10-31,2025-11-03,2025-10-31,2025-11-03,10990.0,EXECUTED,,2025-10-31,2025-11-03,10990.0,EXECUTED,,0.0,REALIZED,REALIZED,6.699029126213585,6.699029126213585,6.453903290703011,6.453903290703011,0.0,344,344,True,True,17,89
P1,060560,KR7060560000,2022-06-30,2022-07-01,6770.0,6770.0,False,2022-08-31,2022-09-01,2022-08-31,2022-09-01,7930.0,EXECUTED,,2022-08-01,2022-08-02,8680.0,EXECUTED,,21.0,REALIZED,REALIZED,17.134416543574595,28.212703101920233,16.865316890490377,27.918152661974325,11.052835771483949,44,23,True,True,2,6
P1,061250,KR7061250007,2021-11-30,2021-12-01,22900.0,22900.0,False,2022-01-28,2022-02-03,2022-01-28,2022-02-03,21550.0,EXECUTED,,2022-01-03,2022-01-04,26150.0,EXECUTED,,19.0,REALIZED,REALIZED,-5.895196506550215,14.192139737991273,-6.1113889009027815,13.929799547164357,20.04118844806714,43,24,True,True,2,7
P1,062860,KR7062860002,2021-09-30,2021-10-01,6730.0,6730.0,False,2022-03-31,2022-04-01,2022-03-31,2022-04-01,7150.0,EXECUTED,,2022-03-31,2022-04-01,7150.0,EXECUTED,,0.0,REALIZED,REALIZED,6.240713224368499,6.240713224368499,5.99664030442133,5.99664030442133,0.0,123,123,True,True,6,32
P1,062970,KR7062970009,2025-07-31,2025-08-01,3815.0,3815.0,False,2026-03-31,2026-04-01,2026-03-31,2026-04-01,5282.0,EXECUTED,,2025-09-19,2025-09-22,5244.0,EXECUTED,,125.0,REALIZED,REALIZED,38.45347313237222,37.457404980340755,38.13539598060387,37.1416161534053,-0.9937798271985656,161,36,True,True,8,9
P1,063080,KR7063080006,2015-08-31,2015-09-01,71900.0,71900.0,False,2015-11-30,2015-12-01,2015-11-30,2015-12-01,79000.0,EXECUTED,,2015-11-02,2015-11-03,79600.0,EXECUTED,,20.0,REALIZED,REALIZED,9.874826147426985,10.709318497913767,9.622404370194992,10.45497959325974,0.8325752230647474,63,43,True,True,3,12
P1,063440,KR7063440002,2016-08-31,2016-09-01,1860.0,1860.0,False,2016-10-31,2016-11-01,2016-10-31,2016-11-01,1955.0,EXECUTED,,2016-10-31,2016-11-01,1955.0,EXECUTED,,0.0,REALIZED,REALIZED,5.107526881720426,5.107526881720426,4.866057296136339,4.866057296136339,0.0,40,40,True,True,2,11
P1,064240,KR7064240005,2017-02-28,2017-03-02,9430.0,9430.0,False,2017-10-31,2017-11-01,2017-10-31,2017-11-01,13550.0,EXECUTED,,2017-10-31,2017-11-01,13550.0,EXECUTED,,0.0,REALIZED,REALIZED,43.69034994697773,43.69034994697773,43.36024181596656,43.36024181596656,0.0,163,163,True,True,8,41
P1,064260,KR7064260003,2022-09-30,2022-10-04,5870.0,5870.0,False,2025-12-30,2026-01-02,2025-12-30,2026-01-02,7200.0,EXECUTED,,2025-06-02,2025-06-04,3425.0,EXECUTED,,142.0,REALIZED,REALIZED,22.657580919931863,-41.65247018739353,22.375792582672126,-41.786515333937224,-64.16230791660935,794,652,True,True,39,168
P1,064260,KR7064260003,2026-06-30,2026-07-01,4300.0,4300.0,False,2026-08-31,2026-09-01,2026-08-31,2026-09-01,5410.0,EXECUTED,,2026-08-31,2026-09-01,5410.0,EXECUTED,,0.0,REALIZED,REALIZED,25.8139534883721,25.8139534883721,25.52491383430697,25.52491383430697,0.0,43,43,True,True,2,11
P1,064350,KR7064350002,2019-04-30,2019-05-02,21400.0,21400.0,False,2020-05-29,2020-06-01,2020-05-29,2020-06-01,15700.0,EXECUTED,,2020-05-04,2020-05-06,17700.0,EXECUTED,,18.0,REALIZED,REALIZED,-26.635514018691588,-17.28971962616822,-26.804058485030634,-17.479734725161922,9.324323759868712,267,249,True,True,13,65
P1,064550,KR7064550007,2022-06-30,2022-07-01,24950.0,24950.0,False,2022-08-31,2022-09-01,2022-08-31,2022-09-01,30050.0,EXECUTED,,2022-08-01,2022-08-02,31200.0,EXECUTED,,21.0,REALIZED,REALIZED,20.440881763527052,25.05010020040079,20.164185977129677,24.76281539056393,4.598629413434253,44,23,True,True,2,6
P1,064550,KR7064550007,2022-09-30,2022-10-04,25350.0,25350.0,False,2022-11-30,2022-12-01,2022-11-30,2022-12-01,33950.0,EXECUTED,,2022-11-30,2022-12-01,33950.0,EXECUTED,,0.0,REALIZED,REALIZED,33.925049309664686,33.925049309664686,33.61737556720736,33.61737556720736,0.0,42,42,True,True,2,11
P1,064550,KR7064550007,2023-01-31,2023-02-01,26550.0,26550.0,False,2023-02-28,2023-03-02,2023-02-28,2023-03-02,54700.0,EXECUTED,,2023-02-28,2023-03-02,54700.0,EXECUTED,,0.0,REALIZED,REALIZED,106.02636534839927,106.02636534839927,105.55304909278935,105.55304909278935,0.0,21,21,True,True,1,6
P1,064960,KR7064960008,2016-10-31,2016-11-01,22148.0,22148.0,False,2016-11-30,2016-12-01,2016-11-30,2016-12-01,23360.0,EXECUTED,,2016-11-30,2016-12-01,23360.0,EXECUTED,,0.0,REALIZED,REALIZED,5.47227740653784,5.47227740653784,5.229969858529149,5.229969858529149,0.0,23,23,True,True,1,6
P1,065350,KR7065350001,2024-09-30,2024-10-02,46500.0,46500.0,False,2024-12-30,2025-01-02,2024-12-30,2025-01-02,116300.0,EXECUTED,,2024-12-02,2024-12-03,79900.0,EXECUTED,,19.0,REALIZED,REALIZED,150.10752688172042,71.82795698924731,149.53294043049934,71.43320671020552,-78.09973372029381,62,43,True,True,3,12
P1,065370,KR7065370009,2023-06-30,2023-07-03,13450.0,13450.0,False,2025-02-28,2025-03-04,2025-02-28,2025-03-04,8750.0,EXECUTED,,2025-02-28,2025-03-04,8750.0,EXECUTED,,0.0,REALIZED,REALIZED,-34.94423791821561,-34.94423791821561,-35.093694273776364,-35.093694273776364,0.0,405,405,True,True,20,106
P1,065510,KR7065510000,2024-07-31,2024-08-01,10700.0,10700.0,False,2026-01-30,2026-02-02,2026-01-30,2026-02-02,8870.0,EXECUTED,,2026-01-02,2026-01-05,9180.0,EXECUTED,,20.0,REALIZED,REALIZED,-17.10280373831776,-14.205607476635517,-17.293248249964567,-14.402707884405253,2.890540365559314,364,344,True,True,18,90
P1,065530,KR7065530008,2018-10-31,2018-11-01,2010.0,2010.0,False,2018-11-30,2018-12-03,2018-11-30,2018-12-03,2710.0,EXECUTED,,2018-11-23,2018-11-26,2455.0,EXECUTED,,5.0,REALIZED,REALIZED,34.82587064676616,22.13930348258706,34.51612739547909,21.858705813985658,-12.65742158149343,23,18,True,True,1,5
P1,065650,KR7065650004,2016-01-29,2016-02-01,66454.0,66454.0,False,2016-02-29,2016-03-02,2016-02-29,2016-03-02,69978.0,EXECUTED,,2016-02-01,2016-02-02,65280.0,EXECUTED,,17.0,REALIZED,REALIZED,5.3029163030065884,-1.7666355674601952,5.060997838032155,-1.9923127430515386,-7.053310581083694,19,2,True,True,1,1
P1,065650,KR7065650004,2016-03-31,2016-04-01,61830.0,61830.0,False,2016-04-29,2016-05-02,2016-04-29,2016-05-02,83106.0,EXECUTED,,2016-04-15,2016-04-18,92522.0,EXECUTED,,10.0,REALIZED,REALIZED,34.41048034934497,49.63933365680091,34.10169139815371,49.29555858229222,15.193867184138512,21,11,True,True,1,3
P1,065680,KR7065680001,2026-07-31,2026-08-03,21250.0,21250.0,False,2026-08-31,2026-09-01,2026-08-31,2026-09-01,25500.0,EXECUTED,,2026-08-31,2026-09-01,25500.0,EXECUTED,,0.0,REALIZED,REALIZED,19.999999999999996,19.999999999999996,19.724317076714225,19.724317076714225,0.0,21,21,True,True,1,6
P1,065770,KR7065770000,2021-11-30,2021-12-01,5913.0,5913.0,False,2022-01-28,2022-02-03,2022-01-28,2022-02-03,6113.0,EXECUTED,,2022-01-03,2022-01-04,8375.0,EXECUTED,,19.0,REALIZED,REALIZED,3.3823778116015557,41.637070860815165,3.1448715105070635,41.31167984631059,38.16680833580352,43,24,True,True,2,7
P1,065950,KR7065950008,2016-01-29,2016-02-01,4215.0,4215.0,False,2016-02-29,2016-03-02,2016-02-29,2016-03-02,4545.0,EXECUTED,,2016-02-01,2016-02-02,4175.0,EXECUTED,,17.0,REALIZED,REALIZED,7.829181494661919,-0.9489916963226541,7.581459294912252,-1.1765472923523257,-8.758006587264578,19,2,True,True,1,1
P1,065950,KR7065950008,2016-05-31,2016-06-01,4020.0,4020.0,False,2018-01-31,2018-02-01,2018-01-31,2018-02-01,3505.0,EXECUTED,,2016-10-07,2016-10-10,3875.0,EXECUTED,,324.0,REALIZED,REALIZED,-12.810945273631846,-3.6069651741293507,-13.011249719344253,-3.828414454339224,9.182835265005028,412,88,True,True,20,23
P1,066790,KR7066790007,2015-08-31,2015-09-01,2423.0,2423.0,False,2015-09-30,2015-10-01,2015-09-30,2015-10-01,3107.0,EXECUTED,,2015-09-18,2015-09-21,2432.0,EXECUTED,,6.0,REALIZED,REALIZED,28.22946760214611,0.3714403631861263,27.93487864814661,0.14085126240508394,-27.79402738574153,21,15,True,True,1,4
P1,066790,KR7066790007,2017-02-28,2017-03-02,3808.0,3808.0,False,2023-05-31,2023-06-01,2023-05-31,2023-06-01,886.0,EXECUTED,,2023-05-31,2023-06-01,886.0,EXECUTED,,0.0,REALIZED,REALIZED,-76.73319327731092,-76.73319327731092,-76.78664545475122,-76.78664545475122,0.0,1538,1538,True,True,75,392
P1,066980,KR7066980004,2022-05-31,2022-06-02,3375.0,3375.0,False,2023-01-31,2023-02-01,2023-01-31,2023-02-01,4005.0,EXECUTED,,2023-01-02,2023-01-03,3575.0,EXECUTED,,19.0,REALIZED,REALIZED,18.666666666666675,5.9259259259259345,18.394046886972948,5.682576185000832,-12.711470701972116,166,147,True,True,8,38
P1,067280,KR7067280008,2019-10-31,2019-11-01,36550.0,36550.0,False,2020-03-31,2020-04-01,2020-03-31,2020-04-01,34350.0,EXECUTED,,2020-03-31,2020-04-01,34350.0,EXECUTED,,0.0,REALIZED,REALIZED,-6.019151846785231,-6.019151846785231,-6.235059471383186,-6.235059471383186,0.0,104,104,True,True,5,27
P1,068050,KR7068050004,2022-06-30,2022-07-01,3255.0,3255.0,False,2022-08-31,2022-09-01,2022-08-31,2022-09-01,3665.0,EXECUTED,,2022-08-01,2022-08-02,3560.0,EXECUTED,,21.0,REALIZED,REALIZED,12.596006144393247,9.370199692780346,12.33733284335834,9.118937223016555,-3.2183956203417843,44,23,True,True,2,6
P1,068240,KR7068240001,2022-09-30,2022-10-04,17042.0,17042.0,False,2022-10-31,2022-11-01,2022-10-31,2022-11-01,16603.0,EXECUTED,,2022-10-31,2022-11-01,16603.0,EXECUTED,,0.0,REALIZED,REALIZED,-2.5759887337167053,-2.5759887337167053,-2.799806535584315,-2.799806535584315,0.0,20,20,True,True,1,6
P1,068330,KR7068330000,2021-11-30,2021-12-01,2820.0,2820.0,False,2022-01-28,2022-02-03,2022-01-28,2022-02-03,2683.0,EXECUTED,,2022-01-03,2022-01-04,3739.0,EXECUTED,,19.0,REALIZED,REALIZED,-4.858156028368798,32.588652482269495,-5.076730875642954,32.284048921345885,37.36077979698884,43,24,True,True,2,7
P1,069540,KR7069540003,2026-06-30,2026-07-01,2215.0,2215.0,False,2026-08-31,2026-09-01,2026-08-31,2026-09-01,2830.0,EXECUTED,,2026-07-20,2026-07-21,2555.0,EXECUTED,,29.0,REALIZED,REALIZED,27.765237020316036,15.349887133182838,27.471714570015514,15.084887182469853,-12.386827387545662,43,14,True,True,2,4
P1,069640,KR7069640001,2021-09-30,2021-10-01,9320.0,9320.0,False,,,,,,OPEN_AT_CUTOFF,,,,,OPEN_AT_CUTOFF,,,OPEN_AT_CUTOFF,OPEN_AT_CUTOFF,,,,,,1202,1202,True,True,59,308
P1,069730,KR7069730000,2018-05-31,2018-06-01,6380.0,6380.0,False,2019-04-30,2019-05-02,2019-04-30,2019-05-02,5150.0,EXECUTED,,2019-04-01,2019-04-02,5100.0,EXECUTED,,21.0,REALIZED,REALIZED,-19.27899686520376,-20.062695924764895,-19.464441882826755,-20.2463405053236,-0.7818986224968469,224,203,True,True,11,52
P1,069730,KR7069730000,2021-11-30,2021-12-01,4235.0,4235.0,False,2022-01-28,2022-02-03,2022-01-28,2022-02-03,4325.0,EXECUTED,,2022-01-03,2022-01-04,4855.0,EXECUTED,,19.0,REALIZED,REALIZED,2.125147579693043,14.639905548996456,1.8905295861450178,14.376536679938523,12.486007093793505,43,24,True,True,2,7
P1,069730,KR7069730000,2022-02-28,2022-03-02,4565.0,4565.0,False,2022-03-31,2022-04-01,2022-03-31,2022-04-01,5410.0,EXECUTED,,2022-03-31,2022-04-01,5410.0,EXECUTED,,0.0,REALIZED,REALIZED,18.510405257393202,18.510405257393202,18.238144466050386,18.238144466050386,0.0,22,22,True,True,1,6
P1,071280,KR7071280002,2025-12-30,2026-01-02,8690.0,8690.0,False,2026-02-27,2026-03-03,2026-02-27,2026-03-03,9500.0,EXECUTED,,2026-02-02,2026-02-03,10130.0,EXECUTED,,16.0,REALIZED,REALIZED,9.3210586881473,16.570771001150742,9.069909112848574,16.302966243490125,7.233057130641551,39,23,True,True,2,6
P1,071670,KR7071670004,2018-10-31,2018-11-01,6730.0,6730.0,False,2018-11-30,2018-12-03,2018-11-30,2018-12-03,7540.0,EXECUTED,,2018-11-30,2018-12-03,7540.0,EXECUTED,,0.0,REALIZED,REALIZED,12.035661218424965,12.035661218424965,11.77827523011703,11.77827523011703,0.0,23,23,True,True,1,6
P1,071850,KR7071850002,2022-05-31,2022-06-02,2092.0,2092.0,False,2024-01-31,2024-02-01,2024-01-31,2024-02-01,2136.0,EXECUTED,,2024-01-02,2024-01-03,2118.0,EXECUTED,,21.0,REALIZED,REALIZED,2.103250478011476,1.242829827915859,1.8686827899385028,1.010238833843502,-0.8584439560950008,413,392,True,True,20,100
P1,072770,KR7072770001,2019-02-28,2019-03-04,3170.0,3170.0,False,2019-05-31,2019-06-03,2019-05-31,2019-06-03,3530.0,EXECUTED,,2019-04-05,2019-04-08,3400.0,EXECUTED,,38.0,REALIZED,REALIZED,11.356466876971606,7.2555205047318605,11.100641241009757,7.009116209471178,-4.09152503153858,64,26,True,True,3,7
P1,072770,KR7072770001,2021-08-31,2021-09-01,3680.0,3680.0,False,2021-09-30,2021-10-01,2021-09-30,2021-10-01,3920.0,EXECUTED,,2021-09-30,2021-10-01,3920.0,EXECUTED,,0.0,REALIZED,REALIZED,6.521739130434789,6.521739130434789,6.277020593460092,6.277020593460092,0.0,20,20,True,True,1,6
P1,072950,KR7072950009,2026-06-30,2026-07-01,8050.0,8050.0,False,,,,,,OPEN_AT_CUTOFF,,2026-08-14,2026-08-18,10000.0,EXECUTED,,,OPEN_AT_CUTOFF,REALIZED,,24.22360248447204,,23.938216435521966,,42,33,True,True,2,8
P1,073240,KR7073240004,2021-11-30,2021-12-01,3960.0,3960.0,False,2022-01-28,2022-02-03,2022-01-28,2022-02-03,4105.0,EXECUTED,,2022-01-03,2022-01-04,4495.0,EXECUTED,,19.0,REALIZED,REALIZED,3.6616161616161547,13.510101010101017,3.4234683501498164,13.24932770619327,9.825859356043454,43,24,True,True,2,7
P1,073240,KR7073240004,2022-02-28,2022-03-02,3995.0,3995.0,False,2022-03-31,2022-04-01,2022-03-31,2022-04-01,4155.0,EXECUTED,,2022-03-31,2022-04-01,4155.0,EXECUTED,,0.0,REALIZED,REALIZED,4.0050062578222745,4.0050062578222745,3.766069556476359,3.766069556476359,0.0,22,22,True,True,1,6
P1,073490,KR7073490005,2026-06-30,2026-07-01,26900.0,26900.0,False,2026-08-31,2026-09-01,2026-08-31,2026-09-01,30300.0,EXECUTED,,2026-08-07,2026-08-10,32100.0,EXECUTED,,15.0,REALIZED,REALIZED,12.639405204460964,19.330855018587357,12.380632200261488,19.056709360673075,6.676077160411587,43,28,True,True,2,7
P1,073540,KR7073540007,2016-11-30,2016-12-01,2680.0,2680.0,False,2016-12-29,2017-01-02,2016-12-29,2017-01-02,2960.0,EXECUTED,,2016-12-16,2016-12-19,2890.0,EXECUTED,,9.0,REALIZED,REALIZED,10.447761194029859,7.835820895522394,10.194023180060352,7.58808344269406,-2.605939737366292,22,13,True,True,1,4
P1,073540,KR7073540007,2020-03-31,2020-04-01,3195.0,3195.0,False,2020-05-29,2020-06-01,2020-05-29,2020-06-01,4530.0,EXECUTED,,2020-05-04,2020-05-06,4560.0,EXECUTED,,18.0,REALIZED,REALIZED,41.78403755868545,42.72300469483567,41.458308909106776,42.39511890188232,0.9368099927755438,40,22,True,True,2,7
P1,073570,KR7073570004,2016-08-31,2016-09-01,56180.0,56180.0,False,2018-01-31,2018-02-01,2018-01-31,2018-02-01,50200.0,EXECUTED,,2018-01-31,2018-02-01,50200.0,EXECUTED,,0.0,REALIZED,REALIZED,-10.644357422570305,-10.644357422570305,-10.849639295552171,-10.849639295552171,0.0,348,348,True,True,17,87
P1,074430,KR7074430000,2017-07-31,2017-08-01,1800.0,1800.0,False,2017-08-31,2017-09-01,2017-08-31,2017-09-01,1900.0,EXECUTED,,2017-08-31,2017-09-01,1900.0,EXECUTED,,0.0,REALIZED,REALIZED,5.555555555555558,5.555555555555558,5.31305668785047,5.31305668785047,0.0,23,23,True,True,1,6
P1,076610,KR7076610005,2026-06-30,2026-07-01,1096.0,1096.0,False,2026-08-31,2026-09-01,2026-08-31,2026-09-01,1330.0,EXECUTED,,2026-07-24,2026-07-27,1150.0,EXECUTED,,25.0,REALIZED,REALIZED,21.350364963503644,4.92700729927007,21.071579768879232,4.685952431737661,-16.38562733714157,43,18,True,True,2,5
P1,077970,KR7077970002,2026-07-31,2026-08-03,22800.0,22800.0,False,,,,,,OPEN_AT_CUTOFF,,,,,OPEN_AT_CUTOFF,,,OPEN_AT_CUTOFF,OPEN_AT_CUTOFF,,,,,,20,20,True,True,1,6
P1,078000,KR7078000007,2026-07-31,2026-08-03,12250.0,12250.0,False,2026-08-31,2026-09-01,2026-08-31,2026-09-01,13300.0,EXECUTED,,2026-08-31,2026-09-01,13300.0,EXECUTED,,0.0,REALIZED,REALIZED,8.571428571428562,8.571428571428562,8.32200116464621,8.32200116464621,0.0,21,21,True,True,1,6
P1,078150,KR7078150000,2025-03-31,2025-04-01,2010.0,2010.0,False,2026-02-27,2026-03-03,2026-02-27,2026-03-03,2040.0,EXECUTED,,2026-02-02,2026-02-03,2110.0,EXECUTED,,16.0,REALIZED,REALIZED,1.4925373134328401,4.975124378109452,1.2593726519473547,4.733958968435736,3.4745863164883817,223,207,True,True,11,53
P1,078350,KR7078350006,2024-09-30,2024-10-02,13200.0,13200.0,False,2025-09-30,2025-10-01,2025-09-30,2025-10-01,17280.0,EXECUTED,,2025-09-30,2025-10-01,17280.0,EXECUTED,,0.0,REALIZED,REALIZED,30.909090909090907,30.909090909090907,30.60834590187007,30.60834590187007,0.0,245,245,True,True,12,64
P1,078590,KR7078590007,2016-11-30,2016-12-01,6797.0,6797.0,False,2017-01-31,2017-02-01,2017-01-31,2017-02-01,7867.0,EXECUTED,,2017-01-02,2017-01-03,7377.0,EXECUTED,,19.0,REALIZED,REALIZED,15.742239223186694,8.533176401353536,15.476337899380944,8.283836873488394,-7.19250102589255,42,23,True,True,2,7
P1,079000,KR7079000006,2021-11-30,2021-12-01,5440.0,5440.0,False,2022-01-28,2022-02-03,2022-01-28,2022-02-03,5690.0,EXECUTED,,2022-01-03,2022-01-04,6120.0,EXECUTED,,19.0,REALIZED,REALIZED,4.595588235294112,12.5,4.355294755898287,12.241547259419573,7.886252503521286,43,24,True,True,2,7
P1,079810,KR7079810008,2024-05-31,2024-06-03,10750.0,10750.0,False,2026-04-30,2026-05-04,2026-04-30,2026-05-04,6710.0,EXECUTED,,2026-04-30,2026-05-04,6710.0,EXECUTED,,0.0,REALIZED,REALIZED,-37.58139534883721,-37.58139534883721,-37.72479321048431,-37.72479321048431,0.0,466,466,True,True,23,120
P1,079960,KR7079960001,2026-06-30,2026-07-01,20000.0,20000.0,False,,,,,,OPEN_AT_CUTOFF,,,,,OPEN_AT_CUTOFF,,,OPEN_AT_CUTOFF,OPEN_AT_CUTOFF,,,,,,42,42,True,True,2,11
P1,080220,KR7080220007,2016-02-29,2016-03-02,4350.0,4350.0,False,2016-08-31,2016-09-01,2016-08-31,2016-09-01,6670.0,EXECUTED,,2016-08-05,2016-08-08,5380.0,EXECUTED,,17.0,REALIZED,REALIZED,53.33333333333334,23.678160919540225,52.98107182024596,23.39402794496599,-29.587043875279967,127,110,True,True,6,29
P1,080220,KR7080220007,2024-10-31,2024-11-01,11970.0,11970.0,False,2025-01-31,2025-02-03,2025-01-31,2025-02-03,13820.0,EXECUTED,,2025-01-31,2025-02-03,13820.0,EXECUTED,,0.0,REALIZED,REALIZED,15.455304928989143,15.455304928989143,15.190062795891834,15.190062795891834,0.0,60,60,True,True,3,17
P1,080530,KR7080530009,2017-03-31,2017-04-03,30240.0,30240.0,False,2017-06-30,2017-07-03,2017-06-30,2017-07-03,32950.0,EXECUTED,,2017-05-02,2017-05-04,36205.0,EXECUTED,,39.0,REALIZED,REALIZED,8.961640211640209,19.725529100529094,8.711316349143882,19.450476735076005,10.739160385932124,61,22,True,True,3,6
P1,081580,KR7081580003,2016-10-31,2016-11-01,4650.0,4650.0,False,2017-01-31,2017-02-01,2017-01-31,2017-02-01,5170.0,EXECUTED,,2017-01-02,2017-01-03,4970.0,EXECUTED,,19.0,REALIZED,REALIZED,11.18279569892473,6.88172043010753,10.927369047780001,6.636174887324309,-4.291194160455692,64,45,True,True,3,12
P1,081580,KR7081580003,2025-02-28,2025-03-04,2700.0,2700.0,False,2025-05-30,2025-06-02,2025-05-30,2025-06-02,3415.0,EXECUTED,,2025-05-16,2025-05-19,3450.0,EXECUTED,,10.0,REALIZED,REALIZED,26.481481481481485,27.777777777777768,26.19090827684538,27.484226516871612,1.293318240026231,62,52,True,True,3,14
P1,081660,KR7081660003,2020-03-31,2020-04-01,28550.0,28550.0,False,2020-05-29,2020-06-01,2020-05-29,2020-06-01,38000.0,EXECUTED,,2020-05-04,2020-05-06,34000.0,EXECUTED,,18.0,REALIZED,REALIZED,33.09982486865148,19.089316987740812,32.79404696191301,18.8157262290801,-13.978320732832913,40,22,True,True,2,7
P1,082270,KR7082270000,2026-04-30,2026-05-04,24200.0,24200.0,False,,,,,,OPEN_AT_CUTOFF,,,,,OPEN_AT_CUTOFF,,,OPEN_AT_CUTOFF,OPEN_AT_CUTOFF,,,,,,81,81,True,True,4,21
P1,082800,KR7082800004,2025-10-31,2025-11-03,4846.0,4846.0,False,2026-02-27,2026-03-03,2026-02-27,2026-03-03,4060.0,EXECUTED,,2026-02-02,2026-02-03,4820.0,EXECUTED,,16.0,REALIZED,REALIZED,-16.219562525794473,-0.5365249690466367,-16.41203615843655,-0.7650281486857535,15.647008009750795,80,64,True,True,4,17
P1,083450,KR7083450007,2024-12-30,2025-01-02,16690.0,16690.0,False,2025-01-31,2025-02-03,2025-01-31,2025-02-03,17500.0,EXECUTED,,2025-01-02,2025-01-03,16640.0,EXECUTED,,17.0,REALIZED,REALIZED,4.85320551228281,-0.29958058717795,4.612320193853536,-0.528628112815821,-5.140948306669357,19,2,True,True,1,1
P1,083550,KR7083550004,2021-08-31,2021-09-01,7281.0,7281.0,False,2025-10-31,2025-11-03,2025-10-31,2025-11-03,3060.0,EXECUTED,,2025-10-31,2025-11-03,3060.0,EXECUTED,,0.0,REALIZED,REALIZED,-57.972805933250925,-57.972805933250925,-58.06935743089943,-58.06935743089943,0.0,1019,1019,True,True,50,262
P1,083640,KR7083640003,2015-03-31,2015-04-01,61831.0,61831.0,False,2016-03-31,2016-04-01,2016-03-31,2016-04-01,45266.0,EXECUTED,,2016-03-31,2016-04-01,45266.0,EXECUTED,,0.0,REALIZED,REALIZED,-26.7907683847908,-26.7907683847908,-26.95895617631736,-26.95895617631736,0.0,249,249,True,True,12,64
P1,083660,KR7083660001,2018-10-31,2018-11-01,40083.0,40083.0,False,2023-05-31,2023-06-01,2023-05-31,2023-06-01,12750.0,EXECUTED,,2023-05-31,2023-06-01,12750.0,EXECUTED,,0.0,REALIZED,REALIZED,-68.19100366739018,-68.19100366739018,-68.26408030985485,-68.26408030985485,0.0,1132,1132,True,True,55,289
P1,084110,KR7084110006,2022-02-28,2022-03-02,30000.0,30000.0,False,2023-08-31,2023-09-01,2023-08-31,2023-09-01,24950.0,EXECUTED,,2023-08-31,2023-09-01,24950.0,EXECUTED,,0.0,REALIZED,REALIZED,-16.833333333333332,-16.833333333333332,-17.02439691488834,-17.02439691488834,0.0,375,375,True,True,18,94
P1,084690,KR7084690007,2024-04-30,2024-05-02,8630.0,8630.0,False,2024-05-31,2024-06-03,2024-05-31,2024-06-03,9350.0,EXECUTED,,2024-05-10,2024-05-13,9050.0,EXECUTED,,14.0,REALIZED,REALIZED,8.342989571263026,4.866743916570093,8.094086970575297,4.625827495583579,-3.4682594749917186,21,7,True,True,1,3
P1,084690,KR7084690007,2024-10-31,2024-11-01,8680.0,8680.0,False,2024-12-30,2025-01-02,2024-12-30,2025-01-02,10220.0,EXECUTED,,2024-11-15,2024-11-18,9000.0,EXECUTED,,30.0,REALIZED,REALIZED,17.741935483870975,3.686635944700467,17.471440142474993,3.448430653842949,-14.023009488632045,42,12,True,True,2,3
P1,086520,KR7086520004,2024-10-31,2024-11-01,75930.0,75930.0,False,2025-10-31,2025-11-03,2025-10-31,2025-11-03,91400.0,EXECUTED,,2025-10-31,2025-11-03,91400.0,EXECUTED,,0.0,REALIZED,REALIZED,20.374028710654546,20.374028710654546,20.097486509632567,20.097486509632567,0.0,243,243,True,True,12,62
P1,086960,KR7086960002,2022-06-30,2022-07-01,2965.0,2965.0,False,2022-08-31,2022-09-01,2022-08-31,2022-09-01,4066.0,EXECUTED,,2022-08-01,2022-08-02,4066.0,EXECUTED,,21.0,REALIZED,REALIZED,37.13322091062394,37.13322091062394,36.818176850455345,36.818176850455345,0.0,44,23,True,True,2,6
P1,088130,KR7088130000,2026-06-30,2026-07-01,5440.0,5440.0,False,,,,,,OPEN_AT_CUTOFF,,,,,OPEN_AT_CUTOFF,,,OPEN_AT_CUTOFF,OPEN_AT_CUTOFF,,,,,,42,42,True,True,2,11
P1,088290,KR7088290002,2020-07-31,2020-08-03,26350.0,26350.0,False,2020-08-31,2020-09-01,2020-08-31,2020-09-01,38250.0,EXECUTED,,2020-08-28,2020-08-31,37500.0,EXECUTED,,1.0,REALIZED,REALIZED,45.16129032258065,42.314990512333964,44.82780291538009,41.98804207390205,-2.8397608414780393,21,20,True,True,1,5
P1,090080,KR7090080003,2023-02-28,2023-03-02,1220.0,1220.0,False,2023-05-31,2023-06-01,2023-05-31,2023-06-01,1715.0,EXECUTED,,2023-05-31,2023-06-01,1715.0,EXECUTED,,0.0,REALIZED,REALIZED,40.57377049180329,40.57377049180329,40.25082225858261,40.25082225858261,0.0,63,63,True,True,3,16
P1,090150,KR7090150004,2017-07-31,2017-08-01,11710.0,11710.0,False,2019-04-30,2019-05-02,2019-04-30,2019-05-02,14720.0,EXECUTED,,2019-04-01,2019-04-02,12460.0,EXECUTED,,21.0,REALIZED,REALIZED,25.704526046114438,6.404782237403928,25.415737786025705,6.160332392247314,-19.25540539377839,426,405,True,True,21,105
P1,090710,KR7090710005,2026-07-31,2026-08-03,6270.0,6270.0,False,,,,,,OPEN_AT_CUTOFF,,,,,OPEN_AT_CUTOFF,,,OPEN_AT_CUTOFF,OPEN_AT_CUTOFF,,,,,,20,20,True,True,1,6
P1,090740,KR7090740002,2020-08-31,2020-09-01,3075.0,3075.0,False,2020-10-30,2020-11-02,2020-10-30,2020-11-02,3815.0,EXECUTED,,2020-10-05,2020-10-06,4710.0,EXECUTED,,18.0,REALIZED,REALIZED,24.06504065040651,53.170731707317074,23.780018874705867,52.81884374832626,29.038824873620392,41,23,True,True,2,7
P1,091440,KR7091440008,2024-10-31,2024-11-01,4960.0,4960.0,False,,,,,,OPEN_AT_CUTOFF,,2025-01-02,2025-01-03,7160.0,EXECUTED,,,OPEN_AT_CUTOFF,REALIZED,,44.35483870967742,,44.02320401029467,,445,43,True,True,22,12
P1,091580,KR7091580001,2026-07-31,2026-08-03,12730.0,12730.0,False,,,,,,OPEN_AT_CUTOFF,,2026-08-07,2026-08-10,16020.0,EXECUTED,,,OPEN_AT_CUTOFF,REALIZED,,25.84446190102121,,25.555352158219556,,20,6,True,True,1,2
P1,091590,KR7091590000,2019-05-31,2019-06-03,8890.0,8890.0,False,2019-12-30,2020-01-02,2019-12-30,2020-01-02,16550.0,EXECUTED,,2019-12-02,2019-12-03,14350.0,EXECUTED,,19.0,REALIZED,REALIZED,86.16422947131608,61.417322834645674,85.73654364638364,61.04648950607883,-24.69005414030481,145,126,True,True,7,33
P1,093240,KR7093240000,2015-11-30,2015-12-01,2323.0,2323.0,False,2016-04-29,2016-05-02,2016-04-29,2016-05-02,7505.0,EXECUTED,,2015-12-18,2015-12-21,2404.0,EXECUTED,,87.0,REALIZED,REALIZED,223.073611708997,3.486870426173061,222.33139606139338,3.249124068166509,-219.08227199322687,102,15,True,True,5,4
P1,093240,KR7093240000,2022-05-31,2022-06-02,1697.0,1697.0,False,2024-09-30,2024-10-02,2024-09-30,2024-10-02,1711.0,EXECUTED,,2024-09-30,2024-10-02,1711.0,EXECUTED,,0.0,REALIZED,REALIZED,0.8249852681202041,0.8249852681202041,0.5933542124621827,0.5933542124621827,0.0,574,574,True,True,28,147
P1,093640,KR7093640001,2024-09-30,2024-10-02,5200.0,5200.0,False,2026-03-31,2026-04-01,2026-03-31,2026-04-01,4705.0,EXECUTED,,2026-03-31,2026-04-01,4705.0,EXECUTED,,0.0,REALIZED,REALIZED,-9.519230769230768,-9.519230769230768,-9.727097460586476,-9.727097460586476,0.0,363,363,True,True,18,94
P1,094360,KR7094360005,2024-10-31,2024-11-01,13730.0,13730.0,False,2025-01-31,2025-02-03,2025-01-31,2025-02-03,19180.0,EXECUTED,,2025-01-02,2025-01-03,16400.0,EXECUTED,,17.0,REALIZED,REALIZED,39.69410050983249,19.446467589220685,39.37317319321308,19.17205632787773,-20.201116865335347,60,43,True,True,3,12
P1,094480,KR7094480001,2022-06-30,2022-07-01,5870.0,5870.0,False,2022-08-31,2022-09-01,2022-08-31,2022-09-01,6540.0,EXECUTED,,2022-08-01,2022-08-02,7350.0,EXECUTED,,21.0,REALIZED,REALIZED,11.413969335604769,25.2129471890971,11.158011595927174,24.925288261477796,13.767276665550622,44,23,True,True,2,6
P1,094820,KR7094820008,2026-07-31,2026-08-03,10650.0,10650.0,False,2026-08-31,2026-09-01,2026-08-31,2026-09-01,11730.0,EXECUTED,,2026-08-31,2026-09-01,11730.0,EXECUTED,,0.0,REALIZED,REALIZED,10.140845070422543,10.140845070422543,9.88781215257104,9.88781215257104,0.0,21,21,True,True,1,6
P1,094940,KR7094940004,2019-07-31,2019-08-01,8424.0,8424.0,False,2019-09-30,2019-10-01,2019-09-30,2019-10-01,14014.0,EXECUTED,,2019-09-02,2019-09-03,12242.0,EXECUTED,,18.0,REALIZED,REALIZED,66.35802469135803,45.322886989553645,65.9758408033667,44.98902833700691,-20.986812466359787,41,23,True,True,2,7
P1,096630,KR7096630009,2024-07-31,2024-08-01,5915.0,5915.0,False,,,2026-04-30,2026-05-06,5240.0,EXECUTED,2026-05-04,2026-03-03,2026-03-04,4150.0,EXECUTED,,42.0,REALIZED,REALIZED,-11.411665257819104,-29.83939137785292,-11.615184350241957,-30.000575391890095,-18.385391041648138,425,382,False,False,21,100
P1,098120,KR7098120009,2015-11-30,2015-12-01,6700.0,6700.0,False,2019-10-31,2019-11-01,2019-10-31,2019-11-01,3080.0,EXECUTED,,2016-08-01,2016-08-02,8510.0,EXECUTED,,795.0,REALIZED,REALIZED,-54.02985074626866,27.014925373134325,-54.13546062235326,26.723126657069397,80.85858727942265,960,165,True,True,47,44
P1,098120,KR7098120009,2022-09-30,2022-10-04,4940.0,4940.0,False,2022-11-30,2022-12-01,2022-11-30,2022-12-01,6190.0,EXECUTED,,2022-11-30,2022-12-01,6190.0,EXECUTED,,0.0,REALIZED,REALIZED,25.303643724696357,25.303643724696357,25.015776434693148,25.015776434693148,0.0,42,42,True,True,2,11
P1,100090,KR7100090000,2026-06-30,2026-07-01,15220.0,15220.0,False,,,,,,OPEN_AT_CUTOFF,,,,,OPEN_AT_CUTOFF,,,OPEN_AT_CUTOFF,OPEN_AT_CUTOFF,,,,,,42,42,True,True,2,11
P1,100220,KR7100220003,2021-11-30,2021-12-01,7110.0,7110.0,False,2022-01-28,2022-02-03,2022-01-28,2022-02-03,6880.0,EXECUTED,,2022-01-03,2022-01-04,7770.0,EXECUTED,,19.0,REALIZED,REALIZED,-3.234880450070321,9.282700421940927,-3.4571845419838487,9.031638969300214,12.488823511284064,43,24,True,True,2,7
P1,100790,KR7100790005,2026-06-30,2026-07-01,19420.0,19420.0,False,,,,,,OPEN_AT_CUTOFF,,,,,OPEN_AT_CUTOFF,,,OPEN_AT_CUTOFF,OPEN_AT_CUTOFF,,,,,,42,42,True,True,2,11
P1,101490,KR7101490001,2026-07-31,2026-08-03,40100.0,40100.0,False,2026-08-31,2026-09-01,2026-08-31,2026-09-01,41100.0,EXECUTED,,2026-08-31,2026-09-01,41100.0,EXECUTED,,0.0,REALIZED,REALIZED,2.493765586034913,2.493765586034913,2.258300745073849,2.258300745073849,0.0,21,21,True,True,1,6
P1,101730,KR7101730000,2022-09-30,2022-10-04,14500.0,14500.0,False,2023-02-28,2023-03-02,2023-02-28,2023-03-02,18370.0,EXECUTED,,2023-02-28,2023-03-02,18370.0,EXECUTED,,0.0,REALIZED,REALIZED,26.689655172413794,26.689655172413794,26.398603718347147,26.398603718347147,0.0,103,103,True,True,5,27
P1,102120,KR7102120003,2024-09-30,2024-10-02,10850.0,10850.0,False,2025-02-28,2025-03-04,2025-02-28,2025-03-04,12590.0,EXECUTED,,2025-02-28,2025-03-04,12590.0,EXECUTED,,0.0,REALIZED,REALIZED,16.03686635944701,16.03686635944701,15.770288171722902,15.770288171722902,0.0,100,100,True,True,5,27
P1,103140,KR7103140000,2026-06-30,2026-07-01,65000.0,65000.0,False,2026-07-31,2026-08-03,2026-07-31,2026-08-03,70000.0,EXECUTED,,2026-07-31,2026-08-03,70000.0,EXECUTED,,0.0,REALIZED,REALIZED,7.692307692307687,7.692307692307687,7.44489994064097,7.44489994064097,0.0,23,23,True,True,1,6
P1,103230,KR7103230009,2019-12-30,2020-01-02,3350.0,3350.0,False,2023-03-31,2023-04-03,2023-03-31,2023-04-03,3765.0,EXECUTED,,2023-03-31,2023-04-03,3765.0,EXECUTED,,0.0,REALIZED,REALIZED,12.388059701492526,12.388059701492526,12.12986412781818,12.12986412781818,0.0,805,805,True,True,39,205
P1,103840,KR7103840005,2024-09-30,2024-10-02,4385.0,4385.0,False,2025-09-30,2025-10-01,2025-09-30,2025-10-01,4290.0,EXECUTED,,2025-09-01,2025-09-02,5010.0,EXECUTED,,21.0,REALIZED,REALIZED,-2.166476624857472,14.25313568985176,-2.3912352225191724,13.990655369505568,16.38189059202474,245,224,True,True,12,59
P1,104200,KR7104200001,2022-06-30,2022-07-01,8670.0,8670.0,False,2026-02-27,2026-03-03,2026-02-27,2026-03-03,5620.0,EXECUTED,,2022-08-01,2022-08-02,9170.0,EXECUTED,,872.0,REALIZED,REALIZED,-35.17877739331027,5.767012687427919,-35.32769492780336,5.524028027053962,40.85172295485732,895,23,True,True,44,6
P1,104480,KR7104480009,2026-06-30,2026-07-01,1585.0,1585.0,False,2026-08-31,2026-09-01,2026-08-31,2026-09-01,1757.0,EXECUTED,,2026-08-14,2026-08-18,1772.0,EXECUTED,,10.0,REALIZED,REALIZED,10.851735015772878,11.798107255520506,10.597068929435792,11.541267013637002,0.9441980842012097,43,33,True,True,2,8
P1,105550,KR7105550008,2025-07-31,2025-08-01,12800.0,12800.0,False,,,,,,OPEN_AT_CUTOFF,,,,,OPEN_AT_CUTOFF,,,OPEN_AT_CUTOFF,OPEN_AT_CUTOFF,,,,,,263,263,True,True,13,67
P1,106190,KR7106190002,2021-11-30,2021-12-01,8105.0,8105.0,False,2022-01-28,2022-02-03,2022-01-28,2022-02-03,7872.0,EXECUTED,,2022-01-03,2022-01-04,9072.0,EXECUTED,,19.0,REALIZED,REALIZED,-2.8747686613201706,11.930906847624922,-3.0979000588223005,11.673761517576754,14.771661576399055,43,24,True,True,2,7
P1,108380,KR7108380007,2026-07-31,2026-08-03,16400.0,16400.0,False,2026-08-31,2026-09-01,2026-08-31,2026-09-01,18500.0,EXECUTED,,2026-08-31,2026-09-01,18500.0,EXECUTED,,0.0,REALIZED,REALIZED,12.804878048780477,12.804878048780477,12.54572489426895,12.54572489426895,0.0,21,21,True,True,1,6
P1,108670,KR7108670001,2022-05-31,2022-06-02,50400.0,50400.0,False,2023-07-31,2023-08-01,2023-07-31,2023-08-01,55000.0,EXECUTED,,2023-07-31,2023-08-01,55000.0,EXECUTED,,0.0,REALIZED,REALIZED,9.126984126984116,9.126984126984116,8.87628041037174,8.87628041037174,0.0,290,290,True,True,14,73
P1,108860,KR7108860008,2018-10-31,2018-11-01,4435.0,4435.0,False,2018-11-30,2018-12-03,2018-11-30,2018-12-03,4770.0,EXECUTED,,2018-11-30,2018-12-03,4770.0,EXECUTED,,0.0,REALIZED,REALIZED,7.553551296505079,7.553551296505079,7.306462317911833,7.306462317911833,0.0,23,23,True,True,1,6
P1,108860,KR7108860008,2024-09-30,2024-10-02,11160.0,11160.0,False,2024-12-30,2025-01-02,2024-12-30,2025-01-02,11700.0,EXECUTED,,2024-12-02,2024-12-03,14400.0,EXECUTED,,19.0,REALIZED,REALIZED,4.8387096774193505,29.032258064516125,4.597857661107851,28.735824813671208,24.137967152563355,62,43,True,True,3,12
P1,109080,KR7109080002,2022-06-30,2022-07-01,11000.0,11000.0,False,2022-08-31,2022-09-01,2022-08-31,2022-09-01,13050.0,EXECUTED,,2022-08-01,2022-08-02,14850.0,EXECUTED,,21.0,REALIZED,REALIZED,18.63636363636363,35.00000000000001,18.363813473569746,34.68985671130349,16.326043237733746,44,23,True,True,2,6
P1,109080,KR7109080002,2022-09-30,2022-10-04,10700.0,10700.0,False,2022-11-30,2022-12-01,2022-11-30,2022-12-01,13300.0,EXECUTED,,2022-11-30,2022-12-01,13300.0,EXECUTED,,0.0,REALIZED,REALIZED,24.29906542056075,24.29906542056075,24.013506006253827,24.013506006253827,0.0,42,42,True,True,2,11
P1,109960,KR7109960005,2016-09-30,2016-10-04,209797.0,209797.0,False,2016-10-31,2016-11-01,2016-10-31,2016-11-01,270493.0,EXECUTED,,2016-10-31,2016-11-01,270493.0,EXECUTED,,0.0,REALIZED,REALIZED,28.93082360567596,28.93082360567596,28.634623386065485,28.634623386065485,0.0,21,21,True,True,1,6
P1,110990,KR7110990009,2022-09-30,2022-10-04,6000.0,6000.0,False,2023-03-31,2023-04-03,2023-03-31,2023-04-03,8330.0,EXECUTED,,2023-03-31,2023-04-03,8330.0,EXECUTED,,0.0,REALIZED,REALIZED,38.83333333333334,38.83333333333334,38.514383506809644,38.514383506809644,0.0,125,125,True,True,6,32
P1,112040,KR7112040001,2022-06-30,2022-07-01,59500.0,59500.0,False,2024-01-31,2024-02-01,2024-01-31,2024-02-01,51000.0,EXECUTED,,2024-01-02,2024-01-03,62500.0,EXECUTED,,21.0,REALIZED,REALIZED,-14.28571428571429,5.042016806722693,-14.482630659489848,4.800697721213432,19.28332838070328,393,372,True,True,19,94
P1,114450,KR7114450000,2014-06-30,2014-07-01,2313.0,2313.0,False,2015-03-31,2015-04-01,2015-03-31,2015-04-01,2497.0,EXECUTED,,2015-03-02,2015-03-03,2346.0,EXECUTED,,21.0,REALIZED,REALIZED,7.955036748811062,1.4267185473411104,7.707025414524926,1.1937050951043249,-6.513320319420601,185,164,True,True,9,43
P1,114810,KR7114810005,2026-07-31,2026-08-03,8500.0,8500.0,False,2026-08-31,2026-09-01,2026-08-31,2026-09-01,13060.0,EXECUTED,,2026-08-31,2026-09-01,13060.0,EXECUTED,,0.0,REALIZED,REALIZED,53.647058823529406,53.647058823529406,53.29407657077334,53.29407657077334,0.0,21,21,True,True,1,6
P1,115180,KR7115180002,2026-07-31,2026-08-03,16630.0,16630.0,False,2026-08-31,2026-09-01,2026-08-31,2026-09-01,20350.0,EXECUTED,,2026-08-14,2026-08-18,25850.0,EXECUTED,,10.0,REALIZED,REALIZED,22.369212266987383,55.44197233914612,22.088086415671192,55.084866528014786,32.99678011234359,21,11,True,True,1,3
P1,117730,KR7117730002,2024-05-31,2024-06-03,13810.0,13810.0,False,2025-09-30,2025-10-01,2025-09-30,2025-10-01,12020.0,EXECUTED,,2025-09-30,2025-10-01,12020.0,EXECUTED,,0.0,REALIZED,REALIZED,-12.961622013034034,-12.961622013034034,-13.16158030037986,-13.16158030037986,0.0,326,326,True,True,16,85
P1,117730,KR7117730002,2026-06-30,2026-07-01,14320.0,14320.0,False,,,,,,OPEN_AT_CUTOFF,,,,,OPEN_AT_CUTOFF,,,OPEN_AT_CUTOFF,OPEN_AT_CUTOFF,,,,,,42,42,True,True,2,11
P1,120240,KR7120240007,2022-02-28,2022-03-02,17400.0,17400.0,False,2022-03-31,2022-04-01,2022-03-31,2022-04-01,21000.0,EXECUTED,,2022-03-31,2022-04-01,21000.0,EXECUTED,,0.0,REALIZED,REALIZED,20.68965517241379,20.68965517241379,20.412387864511427,20.412387864511427,0.0,22,22,True,True,1,6
P1,121600,KR7121600001,2016-05-31,2016-06-01,14400.0,14400.0,False,2016-06-30,2016-07-01,2016-06-30,2016-07-01,15600.0,EXECUTED,,2016-06-30,2016-07-01,15600.0,EXECUTED,,0.0,REALIZED,REALIZED,8.333333333333325,8.333333333333325,8.084452916478124,8.084452916478124,0.0,22,22,True,True,1,6
P1,121850,KR7121850002,2021-09-30,2021-10-01,18776.0,18776.0,False,2022-01-28,2022-02-03,2022-01-28,2022-02-03,53655.0,EXECUTED,,2022-01-03,2022-01-04,55876.0,EXECUTED,,19.0,REALIZED,REALIZED,185.76374094588837,197.5926714955262,185.1072394169463,196.90899468197364,11.801755265027339,84,65,True,True,4,17
P1,122640,KR7122640006,2020-11-30,2020-12-01,9070.0,9070.0,False,2021-02-26,2021-03-02,2021-02-26,2021-03-02,13750.0,EXECUTED,,2021-02-01,2021-02-02,13400.0,EXECUTED,,17.0,REALIZED,REALIZED,51.59867695700111,47.73980154355017,51.250400570086384,47.40039037375692,-3.850010196329464,60,43,True,True,3,12
P1,122870,KR7122870009,2019-05-31,2019-06-03,30500.0,30500.0,False,2020-01-31,2020-02-03,2020-01-31,2020-02-03,30400.0,EXECUTED,,2020-01-02,2020-01-03,27600.0,EXECUTED,,19.0,REALIZED,REALIZED,-0.3278688524590123,-9.50819672131148,-0.5568513898330019,-9.71608876182205,-9.159237371989049,165,146,True,True,8,39
P1,123010,KR7123010001,2019-10-31,2019-11-01,7795.0,7795.0,False,2019-11-29,2019-12-02,2019-11-29,2019-12-02,9105.0,EXECUTED,,2019-11-08,2019-11-11,8225.0,EXECUTED,,15.0,REALIZED,REALIZED,16.80564464400256,5.516356638871067,16.537300297571413,5.273947825098824,-11.26335247247259,22,7,True,True,1,2
P1,123010,KR7123010001,2020-01-31,2020-02-03,6954.0,6954.0,False,2020-05-29,2020-06-01,2020-05-29,2020-06-01,10346.0,EXECUTED,,2020-05-04,2020-05-06,8835.0,EXECUTED,,18.0,REALIZED,REALIZED,48.77768190969227,27.04918032786885,48.43588635745439,26.75730291592011,-21.678583441534283,82,64,True,True,4,17
P1,123860,KR7123860009,2020-03-31,2020-04-01,15700.0,15700.0,False,2020-05-29,2020-06-01,2020-05-29,2020-06-01,22450.0,EXECUTED,,2020-05-04,2020-05-06,16750.0,EXECUTED,,18.0,REALIZED,REALIZED,42.99363057324841,6.687898089171984,42.66512305585106,6.442797825634972,-36.22232523021609,40,22,True,True,2,7
P1,124500,KR7124500000,2026-07-31,2026-08-03,20550.0,20550.0,False,2026-08-31,2026-09-01,2026-08-31,2026-09-01,35750.0,EXECUTED,,2026-08-21,2026-08-24,35400.0,EXECUTED,,6.0,REALIZED,REALIZED,73.96593673965937,72.26277372262773,73.56627475638817,71.86702451401797,-1.6992502423701978,21,15,True,True,1,4
P1,125210,KR7125210005,2026-06-30,2026-07-01,6400.0,6400.0,False,,,,,,OPEN_AT_CUTOFF,,,,,OPEN_AT_CUTOFF,,,OPEN_AT_CUTOFF,OPEN_AT_CUTOFF,,,,,,42,42,True,True,2,11
P1,128940,KR7128940004,2018-10-31,2018-11-01,353207.0,353207.0,False,2018-11-30,2018-12-03,2018-11-30,2018-12-03,400151.0,EXECUTED,,2018-11-16,2018-11-19,397025.0,EXECUTED,,10.0,REALIZED,REALIZED,13.290789820133808,12.405756397806389,13.030520352475715,12.147520168490589,-0.8830001839851267,23,13,True,True,1,4
P1,131400,KR7131400004,2023-08-31,2023-09-01,4915.0,4915.0,False,2026-02-27,2026-03-03,2026-02-27,2026-03-03,1710.0,EXECUTED,,2026-02-02,2026-02-03,1938.0,EXECUTED,,16.0,REALIZED,REALIZED,-65.20854526958291,-60.569684638860636,-65.28847368579495,-60.66027017723429,4.6282035085606665,604,588,True,True,30,152
P1,131970,KR7131970006,2024-10-31,2024-11-01,29700.0,29700.0,False,2025-07-31,2025-08-01,2025-07-31,2025-08-01,31800.0,EXECUTED,,2025-07-31,2025-08-01,31800.0,EXECUTED,,0.0,REALIZED,REALIZED,7.070707070707072,7.070707070707072,6.824727358011007,6.824727358011007,0.0,183,183,True,True,9,47
P1,131970,KR7131970006,2026-07-31,2026-08-03,65500.0,65500.0,False,2026-08-31,2026-09-01,2026-08-31,2026-09-01,79100.0,EXECUTED,,2026-08-14,2026-08-18,86900.0,EXECUTED,,10.0,REALIZED,REALIZED,20.763358778625964,32.671755725190835,20.48592214717675,32.36696124639269,11.88103909921594,21,11,True,True,1,3
P1,134060,KR7134060003,2022-02-28,2022-03-02,7480.0,7480.0,False,2022-03-31,2022-04-01,2022-03-31,2022-04-01,7710.0,EXECUTED,,2022-03-31,2022-04-01,7710.0,EXECUTED,,0.0,REALIZED,REALIZED,3.074866310160429,3.074866310160429,2.8380664729797944,2.8380664729797944,0.0,22,22,True,True,1,6
P1,134790,KR7134790005,2016-06-30,2016-07-01,17350.0,17350.0,False,2016-08-31,2016-09-01,2016-08-31,2016-09-01,22300.0,EXECUTED,,2016-08-01,2016-08-02,17900.0,EXECUTED,,21.0,REALIZED,REALIZED,28.530259365994226,3.170028818443793,28.234979385721772,2.933010358942578,-25.301969026779194,44,23,True,True,2,6
P1,138360,KR7138360003,2018-11-30,2018-12-03,5180.0,5180.0,False,2019-01-31,2019-02-01,2019-01-31,2019-02-01,5960.0,EXECUTED,,2019-01-31,2019-02-01,5960.0,EXECUTED,,0.0,REALIZED,REALIZED,15.05791505791505,15.05791505791505,14.79358587149564,14.79358587149564,0.0,42,42,True,True,2,11
P1,140410,KR7140410002,2024-09-30,2024-10-02,27000.0,27000.0,False,2024-10-31,2024-11-01,2024-10-31,2024-11-01,35300.0,EXECUTED,,2024-10-31,2024-11-01,35300.0,EXECUTED,,0.0,REALIZED,REALIZED,30.740740740740733,30.740740740740733,30.440382494074413,30.440382494074413,0.0,21,21,True,True,1,6
P1,140410,KR7140410002,2026-06-30,2026-07-01,60700.0,60700.0,False,2026-08-31,2026-09-01,2026-08-31,2026-09-01,70900.0,EXECUTED,,2026-08-31,2026-09-01,70900.0,EXECUTED,,0.0,REALIZED,REALIZED,16.80395387149918,16.80395387149918,16.53561340937726,16.53561340937726,0.0,43,43,True,True,2,11
P1,148150,KR7148150006,2024-12-30,2025-01-02,8270.0,8270.0,False,2025-01-31,2025-02-03,2025-01-31,2025-02-03,7610.0,EXECUTED,,2025-01-02,2025-01-03,8720.0,EXECUTED,,17.0,REALIZED,REALIZED,-7.980652962515111,5.441354292623934,-8.192054317432962,5.199117786068919,13.39117210350188,19,2,True,True,1,1
P1,148150,KR7148150006,2025-10-31,2025-11-03,5720.0,5720.0,False,,,,,,OPEN_AT_CUTOFF,,,,,OPEN_AT_CUTOFF,,,OPEN_AT_CUTOFF,OPEN_AT_CUTOFF,,,,,,203,203,True,True,10,53
P1,155660,KR7155660004,2017-05-31,2017-06-01,6870.0,6870.0,False,2019-05-31,2019-06-03,2019-05-31,2019-06-03,4620.0,EXECUTED,,2018-05-04,2018-05-08,6420.0,EXECUTED,,261.0,REALIZED,REALIZED,-32.751091703056765,-6.550218340611358,-32.90558649994909,-6.764905915513674,26.140680584435415,489,228,True,True,24,59
P1,156100,KR7156100000,2026-04-30,2026-05-04,7320.0,7320.0,False,,,,,,OPEN_AT_CUTOFF,,,,,OPEN_AT_CUTOFF,,,OPEN_AT_CUTOFF,OPEN_AT_CUTOFF,,,,,,81,81,True,True,4,21
P1,160550,KR7160550000,2022-06-30,2022-07-01,6440.0,6440.0,False,2022-08-31,2022-09-01,2022-08-31,2022-09-01,7390.0,EXECUTED,,2022-08-01,2022-08-02,7660.0,EXECUTED,,21.0,REALIZED,REALIZED,14.751552795031063,18.944099378881994,14.487927432313397,18.670842237012273,4.182914804698877,44,23,True,True,2,6
P1,160550,KR7160550000,2022-09-30,2022-10-04,5670.0,5670.0,False,2022-11-30,2022-12-01,2022-11-30,2022-12-01,7830.0,EXECUTED,,2022-11-30,2022-12-01,7830.0,EXECUTED,,0.0,REALIZED,REALIZED,38.095238095238095,38.095238095238095,37.77798393748859,37.77798393748859,0.0,42,42,True,True,2,11
P1,160980,KR7160980009,2018-10-31,2018-11-01,8360.0,8360.0,False,2019-04-30,2019-05-02,2019-04-30,2019-05-02,11250.0,EXECUTED,,2019-04-01,2019-04-02,11550.0,EXECUTED,,21.0,REALIZED,REALIZED,34.569377990430624,38.1578947368421,34.26022399452102,37.840496634374944,3.5802726398539235,123,102,True,True,6,27
P1,161570,KR7161570007,2017-06-30,2017-07-03,6180.0,6180.0,False,2017-10-31,2017-11-01,2017-10-31,2017-11-01,7110.0,EXECUTED,,2017-10-10,2017-10-11,6490.0,EXECUTED,,15.0,REALIZED,REALIZED,15.048543689320383,5.016181229773453,14.78423603228669,4.7749214978257015,-10.009314534460989,81,66,True,True,4,17
P1,168330,KR7168330009,2025-10-31,2025-11-03,2380.0,2380.0,False,2025-12-30,2026-01-02,2025-12-30,2026-01-02,3105.0,EXECUTED,,2025-12-05,2025-12-08,3045.0,EXECUTED,,16.0,REALIZED,REALIZED,30.46218487394958,27.941176470588225,30.16246656974708,27.647249824437957,-2.515216745309125,42,26,True,True,2,7
P1,171010,KR7171010002,2020-03-31,2020-04-01,4910.0,4910.0,False,2020-04-29,2020-05-04,2020-04-29,2020-05-04,5530.0,EXECUTED,,2020-04-10,2020-04-13,5860.0,EXECUTED,,12.0,REALIZED,REALIZED,12.627291242362526,19.348268839103877,12.368546068267072,19.074083175415034,6.705537107147961,21,9,True,True,1,3
P1,174900,KR7174900001,2026-06-30,2026-07-01,27850.0,27850.0,False,,,,,,OPEN_AT_CUTOFF,,,,,OPEN_AT_CUTOFF,,,OPEN_AT_CUTOFF,OPEN_AT_CUTOFF,,,,,,42,42,True,True,2,11
P1,179290,KR7179290002,2023-10-31,2023-11-01,6590.0,6590.0,False,2024-04-30,2024-05-02,2024-04-30,2024-05-02,7830.0,EXECUTED,,2024-04-01,2024-04-02,7930.0,EXECUTED,,20.0,REALIZED,REALIZED,18.81638846737481,20.333839150227618,18.54342472315027,20.05738927900149,1.5139645558512207,124,104,True,True,6,28
P1,187660,KR7187660006,2026-06-30,2026-07-01,5120.0,5120.0,False,,,,,,OPEN_AT_CUTOFF,,,,,OPEN_AT_CUTOFF,,,OPEN_AT_CUTOFF,OPEN_AT_CUTOFF,,,,,,42,42,True,True,2,11
P1,190510,KR7190510008,2023-10-31,2023-11-01,10840.0,10840.0,False,2023-11-30,2023-12-01,2023-11-30,2023-12-01,12960.0,EXECUTED,,2023-11-30,2023-12-01,12960.0,EXECUTED,,0.0,REALIZED,REALIZED,19.55719557195572,19.55719557195572,19.282529928829682,19.282529928829682,0.0,23,23,True,True,1,6
P1,192400,KR7192400000,2022-06-30,2022-07-01,16050.0,16050.0,False,2022-08-31,2022-09-01,2022-08-31,2022-09-01,17750.0,EXECUTED,,2022-08-01,2022-08-02,17200.0,EXECUTED,,21.0,REALIZED,REALIZED,10.59190031152648,7.1651090342679025,10.337831158446399,6.918912446494518,-3.4189187119518802,44,23,True,True,2,6
P1,194480,KR7194480000,2022-05-31,2022-06-02,51300.0,51300.0,False,2023-01-31,2023-02-01,2023-01-31,2023-02-01,61300.0,EXECUTED,,2023-01-02,2023-01-03,56600.0,EXECUTED,,19.0,REALIZED,REALIZED,19.49317738791423,10.331384015594548,19.218658817455836,10.07791336163133,-9.140745455824506,166,147,True,True,8,38
P1,196300,KR7196300008,2022-05-31,2022-06-02,11150.0,11150.0,False,2023-05-31,2023-06-01,2023-05-31,2023-06-01,14930.0,EXECUTED,,2023-05-02,2023-05-03,14050.0,EXECUTED,,19.0,REALIZED,REALIZED,33.901345291479814,26.00896860986548,33.59372600563102,25.71948093631051,-7.874245069320509,248,229,True,True,12,58
P1,196700,KR7196700009,2022-06-30,2022-07-01,3150.0,3150.0,False,2022-08-31,2022-09-01,2022-08-31,2022-09-01,3340.0,EXECUTED,,2022-08-01,2022-08-02,3795.0,EXECUTED,,21.0,REALIZED,REALIZED,6.0317460317460325,20.47619047619047,5.78815318418664,20.199413573050396,14.411260388863756,44,23,True,True,2,6
P1,206650,KR7206650004,2022-05-31,2022-06-02,17600.0,17600.0,False,2024-01-31,2024-02-01,2024-01-31,2024-02-01,10980.0,EXECUTED,,2024-01-31,2024-02-01,10980.0,EXECUTED,,0.0,REALIZED,REALIZED,-37.61363636363636,-37.61363636363636,-37.75696015614005,-37.75696015614005,0.0,413,413,True,True,20,105
P1,213420,KR7213420003,2022-06-30,2022-07-01,30150.0,30150.0,False,2022-08-31,2022-09-01,2022-08-31,2022-09-01,35800.0,EXECUTED,,2022-08-01,2022-08-02,31550.0,EXECUTED,,21.0,REALIZED,REALIZED,18.7396351575456,4.643449419568824,18.466847743127946,4.403045985913034,-14.063801757214911,44,23,True,True,2,6
P1,214390,KR7214390007,2021-11-30,2021-12-01,5922.0,5922.0,False,2022-01-28,2022-02-03,2022-01-28,2022-02-03,6274.0,EXECUTED,,2022-01-03,2022-01-04,7962.0,EXECUTED,,19.0,REALIZED,REALIZED,5.943937858831472,34.44782168186424,5.700546738053713,34.138946944275375,28.43840020622166,43,24,True,True,2,7
P1,224110,KR7224110007,2022-02-28,2022-03-02,14350.0,14350.0,False,2023-06-30,2023-07-03,2023-06-30,2023-07-03,15520.0,EXECUTED,,2023-06-30,2023-07-03,15520.0,EXECUTED,,0.0,REALIZED,REALIZED,8.15331010452962,8.15331010452962,7.9048432654242,7.9048432654242,0.0,332,332,True,True,16,84
P1,226950,KR7226950004,2022-05-31,2022-06-02,22700.0,22700.0,False,2024-09-30,2024-10-02,2024-09-30,2024-10-02,16150.0,EXECUTED,,2024-09-02,2024-09-03,15460.0,EXECUTED,,17.0,REALIZED,REALIZED,-28.854625550660796,-31.8942731277533,-29.018071924047916,-32.050736343391996,-3.03266441934408,574,557,True,True,28,142
P1,227610,KR7227610003,2023-01-31,2023-02-01,3636.0,3636.0,False,2023-07-31,2023-08-01,2023-07-31,2023-08-01,5940.0,EXECUTED,,2023-06-16,2023-06-19,6520.0,EXECUTED,,31.0,REALIZED,REALIZED,63.36633663366336,79.31793179317933,62.99102572324957,78.90597436289346,15.914948639643889,125,94,True,True,6,24
P1,227610,KR7227610003,2023-08-31,2023-09-01,4670.0,4670.0,False,,,,,,OPEN_AT_CUTOFF,,,,,OPEN_AT_CUTOFF,,,OPEN_AT_CUTOFF,OPEN_AT_CUTOFF,,,,,,727,727,True,True,36,188
P1,228340,KR7228340006,2026-07-31,2026-08-03,2390.0,2390.0,False,2026-08-31,2026-09-01,2026-08-31,2026-09-01,3190.0,EXECUTED,,2026-08-14,2026-08-18,3155.0,EXECUTED,,10.0,REALIZED,REALIZED,33.47280334728033,32.00836820083681,33.16616857556427,31.70509776047188,-1.4610708150923912,21,11,True,True,1,3
P1,234100,KR7234100006,2022-05-31,2022-06-02,13855.0,13855.0,False,,,,,,OPEN_AT_CUTOFF,,2026-02-02,2026-02-03,6020.0,EXECUTED,,,OPEN_AT_CUTOFF,REALIZED,,-56.54998195597257,,-56.64980218923256,,1038,899,True,True,51,230
P1,234340,KR7234340008,2026-07-31,2026-08-03,16270.0,16270.0,False,2026-08-31,2026-09-01,2026-08-31,2026-09-01,23500.0,EXECUTED,,2026-08-28,2026-08-31,22200.0,EXECUTED,,1.0,REALIZED,REALIZED,44.437615242778115,36.44744929317763,44.10579037609015,36.1339806957107,-7.971809680379451,21,20,True,True,1,5
P1,238090,KR7238090005,2020-06-30,2020-07-01,8569.0,8569.0,False,2020-07-31,2020-08-03,2020-07-31,2020-08-03,10436.0,EXECUTED,,2020-07-31,2020-08-03,10436.0,EXECUTED,,0.0,REALIZED,REALIZED,21.787839887968264,21.787839887968264,21.508049656960115,21.508049656960115,0.0,24,24,True,True,1,6
P1,249420,KR7249420001,2023-01-31,2023-02-01,25900.0,25900.0,False,2025-07-31,2025-08-01,2025-07-31,2025-08-01,19120.0,EXECUTED,,2025-07-31,2025-08-01,19120.0,EXECUTED,,0.0,REALIZED,REALIZED,-26.177606177606183,-26.177606177606183,-26.347202622047107,-26.347202622047107,0.0,611,611,True,True,30,157
P1,251370,KR7251370003,2026-06-30,2026-07-01,10820.0,10820.0,False,,,,,,OPEN_AT_CUTOFF,,,,,OPEN_AT_CUTOFF,,,OPEN_AT_CUTOFF,OPEN_AT_CUTOFF,,,,,,42,42,True,True,2,11
P1,263860,KR7263860009,2026-03-31,2026-04-01,13470.0,13470.0,False,2026-04-30,2026-05-04,2026-04-30,2026-05-04,15950.0,EXECUTED,,2026-04-30,2026-05-04,15950.0,EXECUTED,,0.0,REALIZED,REALIZED,18.411284335560495,18.411284335560495,18.13925126043008,18.13925126043008,0.0,23,23,True,True,1,6
P1,264450,KR7264450008,2026-07-31,2026-08-03,9400.0,9400.0,False,2026-08-31,2026-09-01,2026-08-31,2026-09-01,10590.0,EXECUTED,,2026-08-14,2026-08-18,11320.0,EXECUTED,,10.0,REALIZED,REALIZED,12.6595744680851,20.425531914893625,12.400755127872642,20.148871392589097,7.7481162647164545,21,11,True,True,1,3
P1,265520,KR7265520007,2024-07-31,2024-08-01,21150.0,21150.0,False,2025-07-31,2025-08-01,2025-07-31,2025-08-01,18060.0,EXECUTED,,2025-07-31,2025-08-01,18060.0,EXECUTED,,0.0,REALIZED,REALIZED,-14.609929078014183,-14.609929078014183,-14.80610061444213,-14.80610061444213,0.0,242,242,True,True,12,64
P1,289080,KR7289080004,2026-06-30,2026-07-01,2015.0,2015.0,False,2026-08-31,2026-09-01,2026-08-31,2026-09-01,2350.0,EXECUTED,,2026-08-31,2026-09-01,2350.0,EXECUTED,,0.0,REALIZED,REALIZED,16.62531017369726,16.62531017369726,16.357380120048994,16.357380120048994,0.0,43,43,True,True,2,11
P1,290650,KR7290650001,2025-02-28,2025-03-04,21307.0,21307.0,False,2025-06-30,2025-07-01,2025-06-30,2025-07-01,26488.0,EXECUTED,,2025-06-02,2025-06-04,27118.0,EXECUTED,,18.0,REALIZED,REALIZED,24.315952503871973,27.27272727272727,24.030354293894284,26.980336293484797,2.9499819995905128,81,63,True,True,4,17
P1,290670,KR7290670009,2023-08-31,2023-09-01,43650.0,43650.0,False,,,,,,OPEN_AT_CUTOFF,,,,,OPEN_AT_CUTOFF,,,OPEN_AT_CUTOFF,OPEN_AT_CUTOFF,,,,,,727,727,True,True,36,188
P1,294570,KR7294570007,2026-06-30,2026-07-01,19600.0,19600.0,False,2026-08-31,2026-09-01,2026-08-31,2026-09-01,30650.0,EXECUTED,,2026-08-31,2026-09-01,30650.0,EXECUTED,,0.0,REALIZED,REALIZED,56.377551020408156,56.377551020408156,56.01829585039502,56.01829585039502,0.0,43,43,True,True,2,11
P1,298020,KR7298020009,2026-06-30,2026-07-01,280000.0,280000.0,False,2026-07-31,2026-08-03,2026-07-31,2026-08-03,318000.0,EXECUTED,,2026-07-24,2026-07-27,329000.0,EXECUTED,,5.0,REALIZED,REALIZED,13.571428571428568,17.500000000000004,13.310514376175963,17.230060470949347,3.9195460947733842,23,18,True,True,1,5
P1,298380,KR7298380007,2026-07-31,2026-08-03,65400.0,65400.0,False,,,,,,OPEN_AT_CUTOFF,,,,,OPEN_AT_CUTOFF,,,OPEN_AT_CUTOFF,OPEN_AT_CUTOFF,,,,,,20,20,True,True,1,6
P1,300080,KR7300080009,2026-06-30,2026-07-01,7400.0,7400.0,False,2026-08-31,2026-09-01,2026-08-31,2026-09-01,9000.0,EXECUTED,,2026-08-31,2026-09-01,9000.0,EXECUTED,,0.0,REALIZED,REALIZED,21.62162162162162,21.62162162162162,21.342213253426557,21.342213253426557,0.0,43,43,True,True,2,11
P1,306040,KR7306040007,2026-03-31,2026-04-01,6000.0,6000.0,False,2026-04-30,2026-05-04,2026-04-30,2026-05-04,7360.0,EXECUTED,,2026-04-03,2026-04-06,6220.0,EXECUTED,,19.0,REALIZED,REALIZED,22.666666666666657,3.6666666666666625,22.384857456196762,3.4285072523836835,-18.95635020381308,23,4,True,True,1,2
P1,308080,KR7308080001,2026-03-31,2026-04-01,5500.0,5500.0,False,2026-06-30,2026-07-01,2026-06-30,2026-07-01,6260.0,EXECUTED,,2026-04-24,2026-04-27,11800.0,EXECUTED,,43.0,REALIZED,REALIZED,13.818181818181818,114.54545454545455,13.556700742459249,114.05256689473151,100.49586615227227,62,19,True,True,3,5
P1,314130,KR7314130006,2026-06-30,2026-07-01,3860.0,3860.0,False,,,,,,OPEN_AT_CUTOFF,,,,,OPEN_AT_CUTOFF,,,OPEN_AT_CUTOFF,OPEN_AT_CUTOFF,,,,,,42,42,True,True,2,11
P1,317330,KR7317330009,2022-09-30,2022-10-04,15750.0,15750.0,False,2022-10-31,2022-11-01,2022-10-31,2022-11-01,17450.0,EXECUTED,,2022-10-31,2022-11-01,17450.0,EXECUTED,,0.0,REALIZED,REALIZED,10.7936507936508,10.7936507936508,10.53911814754831,10.53911814754831,0.0,20,20,True,True,1,6
P1,317690,KR7317690006,2024-10-31,2024-11-01,7310.0,7310.0,False,,,,,,OPEN_AT_CUTOFF,,,,,OPEN_AT_CUTOFF,,,OPEN_AT_CUTOFF,OPEN_AT_CUTOFF,,,,,,445,445,True,True,22,114
P1,317830,KR7317830008,2023-10-31,2023-11-01,8700.0,8700.0,False,2023-11-30,2023-12-01,2023-11-30,2023-12-01,10650.0,EXECUTED,,2023-11-30,2023-12-01,10650.0,EXECUTED,,0.0,REALIZED,REALIZED,22.413793103448263,22.413793103448263,22.132564834004476,22.132564834004476,0.0,23,23,True,True,1,6
P1,321820,KR7321820003,2025-06-30,2025-07-01,8570.0,8570.0,False,,,,,,OPEN_AT_CUTOFF,,,,,OPEN_AT_CUTOFF,,,OPEN_AT_CUTOFF,OPEN_AT_CUTOFF,,,,,,286,286,True,True,14,73
P1,322180,KR7322180001,2023-10-31,2023-11-01,5030.0,5030.0,False,2023-11-30,2023-12-01,2023-11-30,2023-12-01,5430.0,EXECUTED,,2023-11-03,2023-11-06,5780.0,EXECUTED,,19.0,REALIZED,REALIZED,7.9522862823061535,14.910536779324058,7.704281266825386,14.646546173526875,6.94226490670149,23,4,True,True,1,2
P1,322180,KR7322180001,2024-01-31,2024-02-01,5060.0,5060.0,False,2024-07-31,2024-08-01,2024-07-31,2024-08-01,5730.0,EXECUTED,,2024-04-01,2024-04-02,5600.0,EXECUTED,,82.0,REALIZED,REALIZED,13.241106719367579,10.671936758893285,12.980951391563345,10.417683733465033,-2.5632676580983116,123,41,True,True,6,12
P1,322310,KR7322310004,2024-10-31,2024-11-01,16890.0,16890.0,False,2025-01-31,2025-02-03,2025-01-31,2025-02-03,20800.0,EXECUTED,,2025-01-31,2025-02-03,20800.0,EXECUTED,,0.0,REALIZED,REALIZED,23.14979277679101,23.14979277679101,22.866873652834798,22.866873652834798,0.0,60,60,True,True,3,17
P1,322310,KR7322310004,2026-06-30,2026-07-01,22600.0,22600.0,False,,,,,,OPEN_AT_CUTOFF,,,,,OPEN_AT_CUTOFF,,,OPEN_AT_CUTOFF,OPEN_AT_CUTOFF,,,,,,42,42,True,True,2,11
P1,347700,KR7347700007,2026-07-31,2026-08-03,15200.0,15200.0,False,2026-08-31,2026-09-01,2026-08-31,2026-09-01,21200.0,EXECUTED,,2026-08-07,2026-08-10,25700.0,EXECUTED,,15.0,REALIZED,REALIZED,39.47368421052631,69.07894736842107,39.153263268988006,68.69051254778262,29.53724927879461,21,6,True,True,1,2
P1,377300,KR7377300009,2026-06-30,2026-07-01,41900.0,41900.0,False,2026-08-31,2026-09-01,2026-08-31,2026-09-01,46800.0,EXECUTED,,2026-08-28,2026-08-31,45400.0,EXECUTED,,1.0,REALIZED,REALIZED,11.694510739856812,8.35322195704058,11.437908496225635,8.104295848902643,-3.333612647322992,43,42,True,True,2,10
P1,382800,KR7382800001,2026-07-31,2026-08-03,4150.0,4150.0,False,2026-08-31,2026-09-01,2026-08-31,2026-09-01,5360.0,EXECUTED,,2026-08-07,2026-08-10,4570.0,EXECUTED,,15.0,REALIZED,REALIZED,29.156626506024086,10.120481927710845,28.85990753638319,9.867495791281922,-18.99241174510127,21,6,True,True,1,2
P1,388050,KR7388050007,2026-06-30,2026-07-01,8140.0,8140.0,False,2026-08-31,2026-09-01,2026-08-31,2026-09-01,9910.0,EXECUTED,,2026-08-31,2026-09-01,9910.0,EXECUTED,,0.0,REALIZED,REALIZED,21.74447174447174,21.74447174447174,21.46478114560175,21.46478114560175,0.0,43,43,True,True,2,11
P1,418420,KR7418420006,2026-06-30,2026-07-01,4350.0,4350.0,False,,,,,,OPEN_AT_CUTOFF,,,,,OPEN_AT_CUTOFF,,,OPEN_AT_CUTOFF,OPEN_AT_CUTOFF,,,,,,42,42,True,True,2,11
P1,900070,KYG3931T1076,2022-09-30,2022-10-04,1188.0,1188.0,False,2022-10-31,2022-11-01,2022-10-31,2022-11-01,1706.0,EXECUTED,,2022-10-31,2022-11-01,1706.0,EXECUTED,,0.0,REALIZED,REALIZED,43.6026936026936,43.6026936026936,43.272786849659404,43.272786849659404,0.0,20,20,True,True,1,6
P1,900100,USU652221081,2014-02-28,2014-03-03,39580.0,39580.0,False,2015-04-30,2015-05-04,2015-04-30,2015-05-04,54050.0,EXECUTED,,2015-03-02,2015-03-03,41600.0,EXECUTED,,43.0,REALIZED,REALIZED,36.5588681152097,5.103587670540688,36.245143548854706,4.862127134733685,-31.383016414121023,288,245,True,True,14,64
P1,900100,USU652221081,2016-08-31,2016-09-01,275590.0,275590.0,False,2018-01-31,2018-02-01,2018-01-31,2018-02-01,191320.0,EXECUTED,,2018-01-31,2018-02-01,191320.0,EXECUTED,,0.0,REALIZED,REALIZED,-30.578032584636595,-30.578032584636595,-30.737519675614234,-30.737519675614234,0.0,348,348,True,True,17,87
P1,900250,KYG2115T1076,2023-10-31,2023-11-01,6732.0,6732.0,False,,,,,,OPEN_AT_CUTOFF,,,,,OPEN_AT_CUTOFF,,,OPEN_AT_CUTOFF,OPEN_AT_CUTOFF,,,,,,689,689,True,True,34,178
P1,950140,KR8840110108,2022-09-30,2022-10-04,4385.0,4385.0,False,2023-01-31,2023-02-01,2023-01-31,2023-02-01,5190.0,EXECUTED,,2023-01-02,2023-01-03,4970.0,EXECUTED,,19.0,REALIZED,REALIZED,18.358038768529084,13.34093500570126,18.086128017511772,13.080550336615303,-5.005577680896469,83,64,True,True,4,17
P2-1,000680,KR7000680009,2024-07-31,2024-08-01,3950.0,3950.0,False,2025-01-31,2025-02-03,2025-01-31,2025-02-03,3725.0,EXECUTED,,2025-01-31,2025-02-03,3725.0,EXECUTED,,0.0,REALIZED,REALIZED,-5.696202531645566,-5.696202531645566,-5.91285208633745,-5.91285208633745,0.0,119,119,True,True,6,34
P2-1,001360,KR7001360007,2022-02-28,2022-03-02,3852.0,3852.0,False,,,,,,OPEN_AT_CUTOFF,,,,,OPEN_AT_CUTOFF,,,OPEN_AT_CUTOFF,OPEN_AT_CUTOFF,,,,,,796,796,True,True,39,204
P2-1,001380,KR7001380005,2021-11-30,2021-12-01,3155.0,3155.0,False,2022-01-28,2022-02-03,2022-01-28,2022-02-03,3716.0,EXECUTED,,2022-01-03,2022-01-04,3726.0,EXECUTED,,19.0,REALIZED,REALIZED,17.781299524564176,18.098256735340733,17.510713749886442,17.826942796576127,0.3162290466896849,43,24,True,True,2,7
P2-1,001380,KR7001380005,2025-04-30,2025-05-02,4317.0,4317.0,False,,,,,,OPEN_AT_CUTOFF,,,,,OPEN_AT_CUTOFF,,,OPEN_AT_CUTOFF,OPEN_AT_CUTOFF,,,,,,19,19,True,True,1,5
P2-1,001470,KR7001470004,2024-01-31,2024-02-01,33376.0,33376.0,False,2024-02-29,2024-03-04,2024-02-29,2024-03-04,40672.0,EXECUTED,,2024-02-16,2024-02-19,44614.0,EXECUTED,,9.0,REALIZED,REALIZED,21.860019175455413,33.6709012464046,21.580063122805825,33.36381137295583,11.783748250150005,20,11,True,True,1,4
P2-1,001620,KR7001620004,2022-02-28,2022-03-02,3585.0,3585.0,False,2022-03-31,2022-04-01,2022-03-31,2022-04-01,3815.0,EXECUTED,,2022-03-31,2022-04-01,3815.0,EXECUTED,,0.0,REALIZED,REALIZED,6.41562064156207,6.41562064156207,6.1711458967142585,6.1711458967142585,0.0,22,22,True,True,1,6
P2-1,001620,KR7001620004,2022-05-31,2022-06-02,3585.0,3585.0,False,2024-05-31,2024-06-03,2024-05-31,2024-06-03,3075.0,EXECUTED,,2023-05-02,2023-05-03,4325.0,EXECUTED,,264.0,REALIZED,REALIZED,-14.225941422594147,20.641562064156215,-14.42299511601669,20.36440524332612,34.78740035934281,493,229,True,True,24,58
P2-1,002290,KR7002290005,2021-11-30,2021-12-01,3600.0,3600.0,False,2022-01-28,2022-02-03,2022-01-28,2022-02-03,4660.0,EXECUTED,,2022-01-03,2022-01-04,4420.0,EXECUTED,,19.0,REALIZED,REALIZED,29.44444444444445,22.777777777777786,29.147064254048203,22.49571330534188,-6.651350948706323,43,24,True,True,2,7
P2-1,002410,KR7002410009,2022-02-28,2022-03-02,4085.0,4085.0,False,2022-03-31,2022-04-01,2022-03-31,2022-04-01,6620.0,EXECUTED,,2022-03-31,2022-04-01,6620.0,EXECUTED,,0.0,REALIZED,REALIZED,62.05630354957161,62.05630354957161,61.684002253742996,61.684002253742996,0.0,22,22,True,True,1,6
P2-1,002460,KR7002460004,2022-09-30,2022-10-04,11750.0,11750.0,False,2024-12-30,2025-01-02,2024-12-30,2025-01-02,9690.0,EXECUTED,,2024-12-13,2024-12-16,9640.0,EXECUTED,,10.0,REALIZED,REALIZED,-17.531914893617017,-17.957446808510635,-17.721373583449594,-18.145927899324455,-0.42455431587486103,552,542,True,True,27,139
P2-1,003530,KR7003530003,2022-09-30,2022-10-04,2480.0,2480.0,False,2023-01-31,2023-02-01,2023-01-31,2023-02-01,3345.0,EXECUTED,,2023-01-31,2023-02-01,3345.0,EXECUTED,,0.0,REALIZED,REALIZED,34.87903225806453,34.87903225806453,34.56916687554068,34.56916687554068,0.0,83,83,True,True,4,22
P2-1,003850,KR7003850005,2022-06-30,2022-07-01,10250.0,10250.0,False,2023-11-30,2023-12-01,2023-11-30,2023-12-01,9570.0,EXECUTED,,2022-08-01,2022-08-02,11200.0,EXECUTED,,329.0,REALIZED,REALIZED,-6.63414634146341,9.268292682926838,-6.848641103727216,9.017264330016218,15.865905433743434,352,23,True,True,17,6
P2-1,003960,KR7003960002,2024-10-31,2024-11-01,43500.0,43500.0,False,,,,,,OPEN_AT_CUTOFF,,,,,OPEN_AT_CUTOFF,,,OPEN_AT_CUTOFF,OPEN_AT_CUTOFF,,,,,,140,140,True,True,7,36
P2-1,004100,KR7004100004,2024-04-30,2024-05-02,2030.0,2030.0,False,2024-05-31,2024-06-03,2024-05-31,2024-06-03,2590.0,EXECUTED,,2024-05-17,2024-05-20,2680.0,EXECUTED,,10.0,REALIZED,REALIZED,27.586206896551737,32.01970443349753,27.29309574248351,31.71640794975128,4.42331220726777,21,11,True,True,1,4
P2-1,004920,KR7004920005,2024-01-31,2024-02-01,1322.0,13220.0,True,2024-11-29,2024-12-02,2024-11-29,2024-12-02,12880.0,EXECUTED,,2024-10-11,2024-10-14,13940.0,EXECUTED,,35.0,REALIZED,REALIZED,-2.571860816944027,5.446293494705001,-2.795688102113014,5.204045641036048,7.999733743149062,203,168,True,True,10,45
P2-1,004980,KR7004980009,2022-09-30,2022-10-04,7880.0,7880.0,False,2022-10-31,2022-11-01,2022-10-31,2022-11-01,9570.0,EXECUTED,,2022-10-31,2022-11-01,9570.0,EXECUTED,,0.0,REALIZED,REALIZED,21.446700507614214,21.446700507614214,21.167693995786287,21.167693995786287,0.0,20,20,True,True,1,6
P2-1,005160,KR7005160007,2023-10-31,2023-11-01,4375.0,4375.0,False,2023-11-30,2023-12-01,2023-11-30,2023-12-01,4850.0,EXECUTED,,2023-11-30,2023-12-01,4850.0,EXECUTED,,0.0,REALIZED,REALIZED,10.857142857142854,10.857142857142854,10.602464347059804,10.602464347059804,0.0,23,23,True,True,1,6
P2-1,005250,KR7005250006,2021-11-30,2021-12-01,24150.0,24150.0,False,2022-01-28,2022-02-03,2022-01-28,2022-02-03,22100.0,EXECUTED,,2022-01-03,2022-01-04,27200.0,EXECUTED,,19.0,REALIZED,REALIZED,-8.488612836438925,12.62939958592133,-8.698847225832152,12.370649568206593,21.069496794038745,43,24,True,True,2,7
P2-1,005860,KR7005860002,2023-03-31,2023-04-03,4300.0,4300.0,False,2023-05-31,2023-06-01,2023-05-31,2023-06-01,6050.0,EXECUTED,,2023-05-02,2023-05-03,5800.0,EXECUTED,,19.0,REALIZED,REALIZED,40.697674418604656,34.883720930232556,40.37444153374439,34.57384477615164,-5.80059675759275,41,22,True,True,2,6
P2-1,005870,KR7005870001,2023-02-28,2023-03-02,6000.0,6000.0,False,2024-01-31,2024-02-01,2024-01-31,2024-02-01,6380.0,EXECUTED,,2024-01-31,2024-02-01,6380.0,EXECUTED,,0.0,REALIZED,REALIZED,6.333333333333324,6.333333333333324,6.089047631866218,6.089047631866218,0.0,228,228,True,True,11,58
P2-1,006110,KR7006110001,2024-09-30,2024-10-02,50800.0,50800.0,False,,,,,,OPEN_AT_CUTOFF,,,,,OPEN_AT_CUTOFF,,,OPEN_AT_CUTOFF,OPEN_AT_CUTOFF,,,,,,160,160,True,True,8,42
P2-1,006360,KR7006360002,2022-09-30,2022-10-04,22900.0,22900.0,False,2022-11-30,2022-12-01,2022-11-30,2022-12-01,24000.0,EXECUTED,,2022-11-30,2022-12-01,24000.0,EXECUTED,,0.0,REALIZED,REALIZED,4.8034934497816595,4.8034934497816595,4.562722337741665,4.562722337741665,0.0,42,42,True,True,2,11
P2-1,006660,KR7006660005,2022-06-30,2022-07-01,10650.0,10650.0,False,2022-08-31,2022-09-01,2022-08-31,2022-09-01,13100.0,EXECUTED,,2022-08-31,2022-09-01,13100.0,EXECUTED,,0.0,REALIZED,REALIZED,23.004694835680752,23.004694835680752,22.72210905359593,22.72210905359593,0.0,44,44,True,True,2,11
P2-1,006880,KR7006880009,2023-01-31,2023-02-01,6460.0,6460.0,False,2023-02-28,2023-03-02,2023-02-28,2023-03-02,7100.0,EXECUTED,,2023-02-28,2023-03-02,7100.0,EXECUTED,,0.0,REALIZED,REALIZED,9.90712074303406,9.90712074303406,9.654624773564358,9.654624773564358,0.0,21,21,True,True,1,6
P2-1,006880,KR7006880009,2023-03-31,2023-04-03,7000.0,7000.0,False,2023-05-31,2023-06-01,2023-05-31,2023-06-01,8060.0,EXECUTED,,2023-05-02,2023-05-03,8250.0,EXECUTED,,19.0,REALIZED,REALIZED,15.142857142857146,17.85714285714286,14.878332814085304,17.586382843201463,2.7080500291161584,41,22,True,True,2,6
P2-1,007330,KR7007330004,2021-11-30,2021-12-01,10373.0,10373.0,False,2021-12-30,2022-01-03,2021-12-30,2022-01-03,11670.0,EXECUTED,,2021-12-17,2021-12-20,12246.0,EXECUTED,,9.0,REALIZED,REALIZED,12.503615154728621,18.05649281789261,12.245154108844659,17.78527482578509,5.540120716940432,23,14,True,True,1,4
P2-1,007860,KR7007860000,2022-06-30,2022-07-01,7220.0,7220.0,False,2022-11-30,2022-12-01,2022-11-30,2022-12-01,8250.0,EXECUTED,,2022-11-30,2022-12-01,8250.0,EXECUTED,,0.0,REALIZED,REALIZED,14.265927977839343,14.265927977839343,14.003418269031886,14.003418269031886,0.0,105,105,True,True,5,26
P2-1,008110,KR7008110009,2023-11-30,2023-12-01,7060.0,7060.0,False,2024-04-30,2024-05-02,2024-04-30,2024-05-02,11950.0,EXECUTED,,2024-04-30,2024-05-02,11950.0,EXECUTED,,0.0,REALIZED,REALIZED,69.26345609065156,69.26345609065156,68.87459738748049,68.87459738748049,0.0,102,102,True,True,5,27
P2-1,008600,KR7008600009,2022-05-31,2022-06-02,12255.0,12255.0,False,2025-01-31,2025-02-03,2025-01-31,2025-02-03,7922.0,EXECUTED,,2025-01-02,2025-01-03,8170.0,EXECUTED,,17.0,REALIZED,REALIZED,-35.35699714402285,-33.333333333333336,-35.5055052440004,-33.48649051293655,2.019014731063855,653,636,True,True,32,164
P2-1,009270,KR7009270000,2022-06-30,2022-07-01,1630.0,1630.0,False,2024-07-31,2024-08-01,2024-07-31,2024-08-01,1325.0,EXECUTED,,2024-07-01,2024-07-02,1321.0,EXECUTED,,22.0,REALIZED,REALIZED,-18.711656441717793,-18.95705521472393,-18.898404843227855,-19.143239847474703,-0.24483500424684834,515,493,True,True,25,125
P2-1,009470,KR7009470006,2022-09-30,2022-10-04,15050.0,15050.0,False,2022-10-31,2022-11-01,2022-10-31,2022-11-01,15450.0,EXECUTED,,2022-10-31,2022-11-01,15450.0,EXECUTED,,0.0,REALIZED,REALIZED,2.657807308970095,2.657807308970095,2.4219656054947247,2.4219656054947247,0.0,20,20,True,True,1,6
P2-1,009470,KR7009470006,2024-12-30,2025-01-02,31000.0,31000.0,False,2025-01-31,2025-02-03,2025-01-31,2025-02-03,37000.0,EXECUTED,,2025-01-10,2025-01-13,37750.0,EXECUTED,,11.0,REALIZED,REALIZED,19.354838709677423,21.7741935483871,19.08063795264585,21.494434667902198,2.413796715256346,19,8,True,True,1,3
P2-1,009470,KR7009470006,2025-03-31,2025-04-01,29950.0,29950.0,False,,,,,,OPEN_AT_CUTOFF,,,,,OPEN_AT_CUTOFF,,,OPEN_AT_CUTOFF,OPEN_AT_CUTOFF,,,,,,41,41,True,True,2,11
P2-1,010100,KR7010100006,2024-09-30,2024-10-02,3825.0,3825.0,False,2025-01-31,2025-02-03,2025-01-31,2025-02-03,5990.0,EXECUTED,,2025-01-31,2025-02-03,5990.0,EXECUTED,,0.0,REALIZED,REALIZED,56.60130718954248,56.60130718954248,56.24153797157261,56.24153797157261,0.0,80,80,True,True,4,23
P2-1,010120,KR7010120004,2024-02-29,2024-03-04,12980.0,12980.0,False,2024-03-29,2024-04-01,2024-03-29,2024-04-01,19740.0,EXECUTED,,2024-03-08,2024-03-11,15840.0,EXECUTED,,15.0,REALIZED,REALIZED,52.08012326656395,22.033898305084755,51.7307408252657,21.75354278987889,-29.97719803538681,21,6,True,True,1,2
P2-1,010660,KR7010660009,2023-02-28,2023-03-02,2920.0,2920.0,False,2023-05-31,2023-06-01,2023-05-31,2023-06-01,3900.0,EXECUTED,,2023-05-31,2023-06-01,3900.0,EXECUTED,,0.0,REALIZED,REALIZED,33.56164383561644,33.56164383561644,33.254804965520975,33.254804965520975,0.0,63,63,True,True,3,16
P2-1,010660,KR7010660009,2023-07-31,2023-08-01,3650.0,3650.0,False,2023-08-31,2023-09-01,2023-08-31,2023-09-01,4170.0,EXECUTED,,2023-08-25,2023-08-28,4130.0,EXECUTED,,4.0,REALIZED,REALIZED,14.24657534246576,13.15068493150684,13.984110093584068,12.89073733489261,-1.0933727586914586,23,19,True,True,1,5
P2-1,011000,KR7011000007,2021-03-31,2021-04-01,38285.0,38285.0,False,2021-04-30,2021-05-03,2021-04-30,2021-05-03,57260.0,EXECUTED,,2021-04-16,2021-04-19,58410.0,EXECUTED,,10.0,REALIZED,REALIZED,49.562491837534274,52.56627922162727,49.218893296170286,52.21577990620514,2.9968866100348563,23,13,True,True,1,4
P2-1,011000,KR7011000007,2022-06-30,2022-07-01,51750.0,51750.0,False,2022-08-31,2022-09-01,2022-08-31,2022-09-01,54000.0,EXECUTED,,2022-08-01,2022-08-02,66500.0,EXECUTED,,21.0,REALIZED,REALIZED,4.347826086956519,28.502415458937193,4.108101805838471,28.207199446078857,24.099097640240387,44,23,True,True,2,6
P2-1,011090,KR7011090008,2022-08-31,2022-09-01,6525.0,6525.0,False,2024-07-31,2024-08-01,2024-07-31,2024-08-01,3265.0,EXECUTED,,2024-07-31,2024-08-01,3265.0,EXECUTED,,0.0,REALIZED,REALIZED,-49.961685823754785,-49.961685823754785,-50.07664172982478,-50.07664172982478,0.0,472,472,True,True,23,120
P2-1,011330,KR7011330008,2023-11-30,2023-12-01,16060.0,16060.0,False,2023-12-28,2024-01-02,2023-12-28,2024-01-02,21700.0,EXECUTED,,2023-12-15,2023-12-18,19890.0,EXECUTED,,8.0,REALIZED,REALIZED,35.11830635118307,23.848069738480703,34.807891270480404,23.56354642257399,-11.244344847906415,20,12,True,True,1,3
P2-1,011330,KR7011330008,2024-07-31,2024-08-01,15580.0,15580.0,False,2024-10-31,2024-11-01,2024-10-31,2024-11-01,15280.0,EXECUTED,,2024-10-31,2024-11-01,15280.0,EXECUTED,,0.0,REALIZED,REALIZED,-1.9255455712451908,-1.9255455712451908,-2.1508576737166663,-2.1508576737166663,0.0,60,60,True,True,3,17
P2-1,011370,KR7011370004,2022-09-30,2022-10-04,5250.0,5250.0,False,2023-01-31,2023-02-01,2023-01-31,2023-02-01,5745.0,EXECUTED,,2023-01-31,2023-02-01,5745.0,EXECUTED,,0.0,REALIZED,REALIZED,9.42857142857143,9.42857142857143,9.177174858051295,9.177174858051295,0.0,83,83,True,True,4,22
P2-1,012790,KR7012790002,2021-03-31,2021-04-01,12823.0,12823.0,False,2021-04-30,2021-05-03,2021-04-30,2021-05-03,14233.0,EXECUTED,,2021-04-30,2021-05-03,14233.0,EXECUTED,,0.0,REALIZED,REALIZED,10.995866801840437,10.995866801840437,10.74086959323568,10.74086959323568,0.0,23,23,True,True,1,6
P2-1,012790,KR7012790002,2021-05-31,2021-06-01,13811.0,13811.0,False,2021-06-30,2021-07-01,2021-06-30,2021-07-01,17193.0,EXECUTED,,2021-06-30,2021-07-01,17193.0,EXECUTED,,0.0,REALIZED,REALIZED,24.487727173991747,24.487727173991747,24.201734336154026,24.201734336154026,0.0,23,23,True,True,1,6
P2-1,012800,KR7012800009,2022-09-30,2022-10-04,1225.0,1225.0,False,2022-10-31,2022-11-01,2022-10-31,2022-11-01,1270.0,EXECUTED,,2022-10-31,2022-11-01,1270.0,EXECUTED,,0.0,REALIZED,REALIZED,3.6734693877551017,3.6734693877551017,3.4352943451884776,3.4352943451884776,0.0,20,20,True,True,1,6
P2-1,013360,KR7013360003,2022-09-30,2022-10-04,2445.0,2445.0,False,2022-11-30,2022-12-01,2022-11-30,2022-12-01,2880.0,EXECUTED,,2022-11-30,2022-12-01,2880.0,EXECUTED,,0.0,REALIZED,REALIZED,17.791411042944794,17.791411042944794,17.52080203849249,17.52080203849249,0.0,42,42,True,True,2,11
P2-1,013990,KR7013990007,2022-06-30,2022-07-01,2885.0,2885.0,False,2022-08-31,2022-09-01,2022-08-31,2022-09-01,4240.0,EXECUTED,,2022-08-31,2022-09-01,4240.0,EXECUTED,,0.0,REALIZED,REALIZED,46.96707105719238,46.96707105719238,46.62943512572741,46.62943512572741,0.0,44,44,True,True,2,11
P2-1,013990,KR7013990007,2022-09-30,2022-10-04,3080.0,3080.0,False,2022-11-30,2022-12-01,2022-11-30,2022-12-01,3490.0,EXECUTED,,2022-11-30,2022-12-01,3490.0,EXECUTED,,0.0,REALIZED,REALIZED,13.311688311688318,13.311688311688318,13.051370832719877,13.051370832719877,0.0,42,42,True,True,2,11
P2-1,014160,KR7014160006,2022-09-30,2022-10-04,1350.0,1350.0,False,2022-11-30,2022-12-01,2022-11-30,2022-12-01,1825.0,EXECUTED,,2022-11-30,2022-12-01,1825.0,EXECUTED,,0.0,REALIZED,REALIZED,35.18518518518518,35.18518518518518,34.87461645987866,34.87461645987866,0.0,42,42,True,True,2,11
P2-1,014790,KR7014790000,2022-09-30,2022-10-04,3110.0,3110.0,False,2024-07-31,2024-08-01,2024-07-31,2024-08-01,2740.0,EXECUTED,,2024-07-31,2024-08-01,2740.0,EXECUTED,,0.0,REALIZED,REALIZED,-11.897106109324762,-11.897106109324762,-12.0995099704724,-12.0995099704724,0.0,452,452,True,True,22,115
P2-1,015020,KR7015020001,2022-02-28,2022-03-02,3640.0,3640.0,False,2025-01-31,2025-02-03,2025-01-31,2025-02-03,2558.0,EXECUTED,,2024-11-01,2024-11-04,1492.0,EXECUTED,,58.0,REALIZED,REALIZED,-29.72527472527473,-59.010989010989015,-29.88672090608173,-59.10515543075604,-29.21843452467431,716,658,True,True,35,169
P2-1,016880,KR7016880007,2021-12-30,2022-01-03,1700.0,1700.0,False,2022-01-28,2022-02-03,2022-01-28,2022-02-03,1890.0,EXECUTED,,2022-01-03,2022-01-04,1695.0,EXECUTED,,19.0,REALIZED,REALIZED,11.176470588235299,-0.2941176470588225,10.921058468132273,-0.5231777230242263,-11.444236191156499,21,2,True,True,1,1
P2-1,016920,KR7016920001,2022-05-31,2022-06-02,2765.0,2765.0,False,2025-01-31,2025-02-03,2025-01-31,2025-02-03,1790.0,EXECUTED,,2025-01-02,2025-01-03,2505.0,EXECUTED,,17.0,REALIZED,REALIZED,-35.2622061482821,-9.40325497287523,-35.410932017083056,-9.611388102119012,25.799543914964044,653,636,True,True,32,164
P2-1,017550,KR7017550005,2021-11-30,2021-12-01,2310.0,2310.0,False,2022-01-28,2022-02-03,2022-01-28,2022-02-03,2455.0,EXECUTED,,2022-01-03,2022-01-04,2960.0,EXECUTED,,19.0,REALIZED,REALIZED,6.277056277056281,28.13852813852813,6.032899864117391,27.84414810500506,21.81124824088767,43,24,True,True,2,7
P2-1,017550,KR7017550005,2022-02-28,2022-03-02,2545.0,2545.0,False,2022-03-31,2022-04-01,2022-03-31,2022-04-01,3085.0,EXECUTED,,2022-03-31,2022-04-01,3085.0,EXECUTED,,0.0,REALIZED,REALIZED,21.218074656188612,21.218074656188612,20.93959337971951,20.93959337971951,0.0,22,22,True,True,1,6
P2-1,017650,KR7017650003,2022-09-30,2022-10-04,7700.0,7700.0,False,2022-10-31,2022-11-01,2022-10-31,2022-11-01,8190.0,EXECUTED,,2022-10-31,2022-11-01,8190.0,EXECUTED,,0.0,REALIZED,REALIZED,6.363636363636371,6.363636363636371,6.119281045269442,6.119281045269442,0.0,20,20,True,True,1,6
P2-1,019170,KR7019170000,2021-09-30,2021-10-01,55700.0,55700.0,False,,,,,,OPEN_AT_CUTOFF,,,,,OPEN_AT_CUTOFF,,,OPEN_AT_CUTOFF,OPEN_AT_CUTOFF,,,,,,897,897,True,True,44,230
P2-1,019490,KR7019490002,2021-09-30,2021-10-01,2675.0,2675.0,False,2021-11-30,2021-12-01,2021-11-30,2021-12-01,3930.0,EXECUTED,,2021-11-30,2021-12-01,3930.0,EXECUTED,,0.0,REALIZED,REALIZED,46.9158878504673,46.9158878504673,46.578369505136095,46.578369505136095,0.0,42,42,True,True,2,11
P2-1,019490,KR7019490002,2022-02-28,2022-03-02,2613.0,2613.0,False,2024-09-30,2024-10-02,2024-09-30,2024-10-02,3920.0,EXECUTED,,2024-09-30,2024-10-02,3920.0,EXECUTED,,0.0,REALIZED,REALIZED,50.01913509376197,50.01913509376197,49.67448747949985,49.67448747949985,0.0,637,637,True,True,31,163
P2-1,023160,KR7023160005,2024-04-30,2024-05-02,12370.0,12370.0,False,2024-07-31,2024-08-01,2024-07-31,2024-08-01,16210.0,EXECUTED,,2024-07-01,2024-07-02,12910.0,EXECUTED,,22.0,REALIZED,REALIZED,31.042845594179468,4.365400161681476,30.74179330460374,4.125635506627656,-26.616157797976083,63,41,True,True,3,11
P2-1,023460,KR7023460009,2022-06-30,2022-07-01,1760.0,1760.0,False,2022-09-30,2022-10-04,2022-09-30,2022-10-04,2360.0,EXECUTED,,2022-09-30,2022-10-04,2360.0,EXECUTED,,0.0,REALIZED,REALIZED,34.09090909090908,34.09090909090908,33.78285430920718,33.78285430920718,0.0,64,64,True,True,3,16
P2-1,023790,KR7023790009,2022-09-30,2022-10-04,4111.0,4111.0,False,,,,,,OPEN_AT_CUTOFF,,,,,OPEN_AT_CUTOFF,,,OPEN_AT_CUTOFF,OPEN_AT_CUTOFF,,,,,,650,650,True,True,32,167
P2-1,023810,KR7023810005,2022-10-31,2022-11-01,6380.0,6380.0,False,2022-11-30,2022-12-01,2022-11-30,2022-12-01,7360.0,EXECUTED,,2022-11-30,2022-12-01,7360.0,EXECUTED,,0.0,REALIZED,REALIZED,15.36050156739812,15.36050156739812,15.095477231532994,15.095477231532994,0.0,23,23,True,True,1,6
P2-1,024120,KR7024120008,2021-11-30,2021-12-01,6240.0,6240.0,False,2022-01-28,2022-02-03,2022-01-28,2022-02-03,5960.0,EXECUTED,,2022-01-03,2022-01-04,6650.0,EXECUTED,,19.0,REALIZED,REALIZED,-4.487179487179482,6.570512820512819,-4.706606600264851,6.325682232925955,11.032288833190806,43,24,True,True,2,7
P2-1,024740,KR7024740003,2021-11-30,2021-12-01,2130.0,2130.0,False,2022-01-28,2022-02-03,2022-01-28,2022-02-03,2730.0,EXECUTED,,2022-01-03,2022-01-04,2360.0,EXECUTED,,19.0,REALIZED,REALIZED,28.169014084507047,10.7981220657277,27.87456401386146,10.543579147513915,-17.330984866347542,43,24,True,True,2,7
P2-1,024850,KR7024850000,2021-11-30,2021-12-01,5550.0,5550.0,False,2022-01-28,2022-02-03,2022-01-28,2022-02-03,6675.0,EXECUTED,,2022-01-03,2022-01-04,6225.0,EXECUTED,,19.0,REALIZED,REALIZED,20.270270270270263,12.162162162162172,19.993966439499623,11.904485555937839,-8.089480883561784,43,24,True,True,2,7
P2-1,024850,KR7024850000,2022-02-28,2022-03-02,5550.0,5550.0,False,2022-03-31,2022-04-01,2022-03-31,2022-04-01,6000.0,EXECUTED,,2022-03-31,2022-04-01,6000.0,EXECUTED,,0.0,REALIZED,REALIZED,8.108108108108114,8.108108108108114,7.8597451141569685,7.8597451141569685,0.0,22,22,True,True,1,6
P2-1,024940,KR7024940009,2022-02-28,2022-03-02,4050.0,4050.0,False,2022-03-31,2022-04-01,2022-03-31,2022-04-01,6950.0,EXECUTED,,2022-03-31,2022-04-01,6950.0,EXECUTED,,0.0,REALIZED,REALIZED,71.60493827160495,71.60493827160495,71.21070034633001,71.21070034633001,0.0,22,22,True,True,1,6
P2-1,025320,KR7025320003,2025-02-28,2025-03-04,4671.0,4671.0,False,2025-03-31,2025-04-01,2025-03-31,2025-04-01,6666.0,EXECUTED,,2025-03-31,2025-04-01,6666.0,EXECUTED,,0.0,REALIZED,REALIZED,42.71034039820167,42.71034039820167,42.38248369966764,42.38248369966764,0.0,21,21,True,True,1,6
P2-1,025770,KR7025770009,2023-06-30,2023-07-03,9580.0,9580.0,False,2025-04-30,2025-05-02,2025-04-30,2025-05-02,7760.0,EXECUTED,,2025-04-30,2025-05-02,7760.0,EXECUTED,,0.0,REALIZED,REALIZED,-18.99791231732777,-18.99791231732777,-19.18400308669951,-19.18400308669951,0.0,447,447,True,True,22,116
P2-1,025890,KR7025890005,2022-06-30,2022-07-01,2695.0,2695.0,False,2022-08-31,2022-09-01,2022-08-31,2022-09-01,3480.0,EXECUTED,,2022-08-31,2022-09-01,3480.0,EXECUTED,,0.0,REALIZED,REALIZED,29.128014842300566,29.128014842300566,28.83136160388542,28.83136160388542,0.0,44,44,True,True,2,11
P2-1,025890,KR7025890005,2022-09-30,2022-10-04,2420.0,2420.0,False,2023-01-31,2023-02-01,2023-01-31,2023-02-01,3370.0,EXECUTED,,2023-01-31,2023-02-01,3370.0,EXECUTED,,0.0,REALIZED,REALIZED,39.25619834710743,39.25619834710743,38.93627704839082,38.93627704839082,0.0,83,83,True,True,4,22
P2-1,027710,KR7027710003,2022-10-31,2022-11-01,2030.0,2030.0,False,,,,,,OPEN_AT_CUTOFF,,,,,OPEN_AT_CUTOFF,,,OPEN_AT_CUTOFF,OPEN_AT_CUTOFF,,,,,,631,631,True,True,31,162
P2-1,028080,KR7028080000,2021-11-30,2021-12-01,19362.0,19362.0,False,2022-01-28,2022-02-03,2022-01-28,2022-02-03,22039.0,EXECUTED,,2022-01-03,2022-01-04,21964.0,EXECUTED,,19.0,REALIZED,REALIZED,13.826051027786379,13.438694349757263,13.56455187367458,13.178085092490077,-0.3864667811845024,43,24,True,True,2,7
P2-1,030210,KR7030210009,2022-10-31,2022-11-01,3095.0,3095.0,False,2023-02-28,2023-03-02,2023-02-28,2023-03-02,4955.0,EXECUTED,,2023-02-28,2023-03-02,4955.0,EXECUTED,,0.0,REALIZED,REALIZED,60.096930533117934,60.096930533117934,59.72913061796419,59.72913061796419,0.0,84,84,True,True,4,22
P2-1,030520,KR7030520001,2025-03-31,2025-04-01,18300.0,18300.0,False,2025-04-30,2025-05-02,2025-04-30,2025-05-02,21350.0,EXECUTED,,2025-04-18,2025-04-21,21850.0,EXECUTED,,8.0,REALIZED,REALIZED,16.666666666666675,19.398907103825145,16.398641602361064,19.124605105929238,2.725963503568174,23,15,True,True,1,4
P2-1,030960,KR7030960009,2023-03-31,2023-04-03,21250.0,21250.0,False,,,,,,OPEN_AT_CUTOFF,,2023-04-21,2023-04-24,22500.0,EXECUTED,,,OPEN_AT_CUTOFF,REALIZED,,5.882352941176472,,5.639103302983139,,526,16,True,True,26,4
P2-1,031330,KR7031330004,2023-01-31,2023-02-01,2680.0,2680.0,False,2023-02-28,2023-03-02,2023-02-28,2023-03-02,2830.0,EXECUTED,,2023-02-28,2023-03-02,2830.0,EXECUTED,,0.0,REALIZED,REALIZED,5.597014925373145,5.597014925373145,5.354420810665816,5.354420810665816,0.0,21,21,True,True,1,6
P2-1,032680,KR7032680001,2023-03-31,2023-04-03,3675.0,3675.0,False,2023-06-30,2023-07-03,2023-06-30,2023-07-03,4725.0,EXECUTED,,2023-05-02,2023-05-03,3750.0,EXECUTED,,40.0,REALIZED,REALIZED,28.57142857142858,2.0408163265306145,28.27605401076523,1.8063920720359006,-26.469661938729327,62,22,True,True,3,6
P2-1,033160,KR7033160003,2022-06-30,2022-07-01,10750.0,10750.0,False,2022-08-31,2022-09-01,2022-08-31,2022-09-01,12950.0,EXECUTED,,2022-08-01,2022-08-02,12150.0,EXECUTED,,21.0,REALIZED,REALIZED,20.465116279069772,13.023255813953494,20.188364817321624,12.76360096760294,-7.424763849718683,44,23,True,True,2,6
P2-1,033200,KR7033200007,2021-05-31,2021-06-01,8610.0,8610.0,False,2021-07-30,2021-08-02,2021-07-30,2021-08-02,10500.0,EXECUTED,,2021-07-09,2021-07-12,9970.0,EXECUTED,,15.0,REALIZED,REALIZED,21.95121951219512,15.795586527293848,21.67105393975024,15.529562645648554,-6.141491294101687,45,30,True,True,2,8
P2-1,033200,KR7033200007,2021-08-31,2021-09-01,8370.0,8370.0,False,2022-02-28,2022-03-02,2022-02-28,2022-03-02,7480.0,EXECUTED,,2022-01-03,2022-01-04,9460.0,EXECUTED,,37.0,REALIZED,REALIZED,-10.633213859020307,13.022700119474306,-10.838521332753636,12.763046549752755,23.60156788250639,121,84,True,True,6,23
P2-1,033200,KR7033200007,2022-09-30,2022-10-04,6180.0,6180.0,False,,,,,,OPEN_AT_CUTOFF,,,,,OPEN_AT_CUTOFF,,,OPEN_AT_CUTOFF,OPEN_AT_CUTOFF,,,,,,650,650,True,True,32,167
P2-1,035200,KR7035200005,2022-06-30,2022-07-01,3750.0,3750.0,False,2022-08-31,2022-09-01,2022-08-31,2022-09-01,4320.0,EXECUTED,,2022-08-01,2022-08-02,4345.0,EXECUTED,,21.0,REALIZED,REALIZED,15.199999999999992,15.866666666666674,14.935344393645655,15.60047948851626,0.665135094870605,44,23,True,True,2,6
P2-1,035460,KR7035460005,2023-02-28,2023-03-02,2955.0,2955.0,False,2023-06-30,2023-07-03,2023-06-30,2023-07-03,3605.0,EXECUTED,,2023-06-30,2023-07-03,3605.0,EXECUTED,,0.0,REALIZED,REALIZED,21.996615905245353,21.996615905245353,21.716346041047597,21.716346041047597,0.0,84,84,True,True,4,21
P2-1,036030,KR7036030005,2021-11-30,2021-12-01,6770.0,6770.0,False,2023-01-31,2023-02-01,2023-01-31,2023-02-01,8300.0,EXECUTED,,2023-01-31,2023-02-01,8300.0,EXECUTED,,0.0,REALIZED,REALIZED,22.599704579025115,22.599704579025115,22.318049204422465,22.318049204422465,0.0,289,289,True,True,14,75
P2-1,036200,KR7036200004,2022-09-30,2022-10-04,6550.0,6550.0,False,2022-11-30,2022-12-01,2022-11-30,2022-12-01,7100.0,EXECUTED,,2022-11-30,2022-12-01,7100.0,EXECUTED,,0.0,REALIZED,REALIZED,8.3969465648855,8.3969465648855,8.147920005683318,8.147920005683318,0.0,42,42,True,True,2,11
P2-1,036830,KR7036830008,2024-12-30,2025-01-02,35750.0,35750.0,False,,,,,,OPEN_AT_CUTOFF,,,,,OPEN_AT_CUTOFF,,,OPEN_AT_CUTOFF,OPEN_AT_CUTOFF,,,,,,99,99,True,True,5,25
P2-1,037230,KR7037230000,2022-06-30,2022-07-01,2835.0,2835.0,False,2022-08-31,2022-09-01,2022-08-31,2022-09-01,3350.0,EXECUTED,,2022-08-01,2022-08-02,3525.0,EXECUTED,,21.0,REALIZED,REALIZED,18.165784832451504,24.33862433862435,17.89431575749343,24.05297404333262,6.158658285839188,44,23,True,True,2,6
P2-1,037330,KR7037330008,2022-06-30,2022-07-01,1740.0,1740.0,False,2022-08-31,2022-09-01,2022-08-31,2022-09-01,1945.0,EXECUTED,,2022-08-01,2022-08-02,1980.0,EXECUTED,,21.0,REALIZED,REALIZED,11.781609195402298,13.793103448275868,11.524806855464153,13.531679986539347,2.006873131075194,44,23,True,True,2,6
P2-1,038620,KR7038620001,2022-02-28,2022-03-02,8025.0,8025.0,False,2022-03-31,2022-04-01,2022-03-31,2022-04-01,8750.0,EXECUTED,,2022-03-31,2022-04-01,8750.0,EXECUTED,,0.0,REALIZED,REALIZED,9.034267912772576,9.034267912772576,8.783777198468279,8.783777198468279,0.0,22,22,True,True,1,6
P2-1,038620,KR7038620001,2022-05-31,2022-06-02,7125.0,7125.0,False,2025-01-31,2025-02-03,2025-01-31,2025-02-03,4195.0,EXECUTED,,2025-01-02,2025-01-03,4125.0,EXECUTED,,17.0,REALIZED,REALIZED,-41.12280701754386,-42.10526315789473,-41.258068989846066,-42.23826807702385,-0.9801990871777804,653,636,True,True,32,164
P2-1,039240,KR7039240007,2021-11-30,2021-12-01,3400.0,3400.0,False,2021-12-30,2022-01-03,2021-12-30,2022-01-03,4745.0,EXECUTED,,2021-12-24,2021-12-27,4660.0,EXECUTED,,4.0,REALIZED,REALIZED,39.558823529411754,37.05882352941177,39.238206992404166,36.74395038663927,-2.494256605764896,23,19,True,True,1,5
P2-1,039240,KR7039240007,2022-02-28,2022-03-02,3825.0,3825.0,False,2022-03-31,2022-04-01,2022-03-31,2022-04-01,5360.0,EXECUTED,,2022-03-25,2022-03-28,5240.0,EXECUTED,,4.0,REALIZED,REALIZED,40.13071895424836,36.993464052287585,39.80878856888634,36.678741063612776,-3.1300475052735663,22,18,True,True,1,5
P2-1,039240,KR7039240007,2025-04-30,2025-05-02,2965.0,2965.0,False,,,,,,OPEN_AT_CUTOFF,,,,,OPEN_AT_CUTOFF,,,OPEN_AT_CUTOFF,OPEN_AT_CUTOFF,,,,,,19,19,True,True,1,5
P2-1,042500,KR7042500009,2025-03-31,2025-04-01,3498.0,3498.0,False,2025-04-30,2025-05-02,2025-04-30,2025-05-02,3764.0,EXECUTED,,2025-04-30,2025-05-02,3764.0,EXECUTED,,0.0,REALIZED,REALIZED,7.604345340194407,7.604345340194407,7.357139669514079,7.357139669514079,0.0,23,23,True,True,1,6
P2-1,042660,KR7042660001,2024-01-31,2024-02-01,21800.0,21800.0,False,2024-02-29,2024-03-04,2024-02-29,2024-03-04,23800.0,EXECUTED,,2024-02-29,2024-03-04,23800.0,EXECUTED,,0.0,REALIZED,REALIZED,9.174311926605494,9.174311926605494,8.92349948110851,8.92349948110851,0.0,20,20,True,True,1,6
P2-1,042670,KR7042670000,2023-10-31,2023-11-01,6730.0,6730.0,False,2023-11-30,2023-12-01,2023-11-30,2023-12-01,7820.0,EXECUTED,,2023-11-30,2023-12-01,7820.0,EXECUTED,,0.0,REALIZED,REALIZED,16.196136701337306,16.196136701337306,15.929192612667809,15.929192612667809,0.0,23,23,True,True,1,6
P2-1,043910,KR7043910009,2021-11-30,2021-12-01,12080.0,12080.0,False,2022-01-28,2022-02-03,2022-01-28,2022-02-03,10770.0,EXECUTED,,2022-01-03,2022-01-04,13050.0,EXECUTED,,19.0,REALIZED,REALIZED,-10.844370860927155,8.029801324503305,-11.049193231497501,7.781618229243992,18.830811460741494,43,24,True,True,2,7
P2-1,045340,KR7045340007,2021-11-30,2021-12-01,7600.0,7600.0,False,2022-01-28,2022-02-03,2022-01-28,2022-02-03,8650.0,EXECUTED,,2022-01-03,2022-01-04,10850.0,EXECUTED,,19.0,REALIZED,REALIZED,13.815789473684204,42.763157894736835,13.554313894032678,42.435179855520744,28.880865961488066,43,24,True,True,2,7
P2-1,045660,KR7045660008,2022-02-28,2022-03-02,15550.0,15550.0,False,2023-10-31,2023-11-01,2023-10-31,2023-11-01,12240.0,EXECUTED,,2023-10-04,2023-10-05,13070.0,EXECUTED,,18.0,REALIZED,REALIZED,-21.28617363344052,-15.948553054662383,-21.467007448071694,-16.141649292998117,5.325358155073577,413,395,True,True,20,100
P2-1,046890,KR7046890000,2022-05-31,2022-06-02,12650.0,12650.0,False,2023-05-31,2023-06-01,2023-05-31,2023-06-01,12300.0,EXECUTED,,2023-05-31,2023-06-01,12300.0,EXECUTED,,0.0,REALIZED,REALIZED,-2.766798418972327,-2.766798418972327,-2.990177862741439,-2.990177862741439,0.0,248,248,True,True,12,63
P2-1,047310,KR7047310008,2024-04-30,2024-05-02,7950.0,7950.0,False,,,,,,OPEN_AT_CUTOFF,,,,,OPEN_AT_CUTOFF,,,OPEN_AT_CUTOFF,OPEN_AT_CUTOFF,,,,,,261,261,True,True,13,68
P2-1,048430,KR7048430003,2022-06-30,2022-07-01,6730.0,6730.0,False,2022-08-31,2022-09-01,2022-08-31,2022-09-01,6710.0,EXECUTED,,2022-08-01,2022-08-02,7290.0,EXECUTED,,21.0,REALIZED,REALIZED,-0.2971768202080227,8.320950965824657,-0.5262298681584454,8.072098995696697,8.598328863855143,44,23,True,True,2,6
P2-1,048910,KR7048910004,2022-02-28,2022-03-02,16500.0,16500.0,False,2022-03-31,2022-04-01,2022-03-31,2022-04-01,18400.0,EXECUTED,,2022-03-31,2022-04-01,18400.0,EXECUTED,,0.0,REALIZED,REALIZED,11.515151515151523,11.515151515151523,11.258961323815209,11.258961323815209,0.0,22,22,True,True,1,6
P2-1,048910,KR7048910004,2022-05-31,2022-06-02,16350.0,16350.0,False,2025-03-31,2025-04-01,2025-03-31,2025-04-01,10500.0,EXECUTED,,2025-03-31,2025-04-01,10500.0,EXECUTED,,0.0,REALIZED,REALIZED,-35.77981651376147,-35.77981651376147,-35.92735324640677,-35.92735324640677,0.0,693,693,True,True,34,178
P2-1,049430,KR7049430002,2021-11-30,2021-12-01,9820.0,9820.0,False,2022-01-28,2022-02-03,2022-01-28,2022-02-03,9620.0,EXECUTED,,2022-01-03,2022-01-04,11100.0,EXECUTED,,19.0,REALIZED,REALIZED,-2.0366598778004064,13.034623217922615,-2.2617167109648117,12.77494225657907,15.036658967543882,43,24,True,True,2,7
P2-1,049950,KR7049950009,2023-10-31,2023-11-01,24950.0,24950.0,False,2023-11-30,2023-12-01,2023-11-30,2023-12-01,33500.0,EXECUTED,,2023-11-30,2023-12-01,33500.0,EXECUTED,,0.0,REALIZED,REALIZED,34.2685370741483,34.2685370741483,33.960074217432414,33.960074217432414,0.0,23,23,True,True,1,6
P2-1,052420,KR7052420007,2021-11-30,2021-12-01,20730.0,20730.0,False,2022-01-28,2022-02-03,2022-01-28,2022-02-03,21100.0,EXECUTED,,2022-01-03,2022-01-04,23330.0,EXECUTED,,19.0,REALIZED,REALIZED,1.7848528702363753,12.542209358417743,1.5510166553573956,12.283659647843015,10.73264299248562,43,24,True,True,2,7
P2-1,052460,KR7052460003,2022-06-30,2022-07-01,3565.0,3565.0,False,2023-05-31,2023-06-01,2023-05-31,2023-06-01,4390.0,EXECUTED,,2023-05-31,2023-06-01,4390.0,EXECUTED,,0.0,REALIZED,REALIZED,23.141654978962123,23.141654978962123,22.858754550438377,22.858754550438377,0.0,228,228,True,True,11,57
P2-1,053050,KR7053050001,2023-07-31,2023-08-01,3020.0,3020.0,False,2023-10-31,2023-11-01,2023-10-31,2023-11-01,5240.0,EXECUTED,,2023-10-31,2023-11-01,5240.0,EXECUTED,,0.0,REALIZED,REALIZED,73.50993377483444,73.50993377483444,73.11131939348307,73.11131939348307,0.0,61,61,True,True,3,17
P2-1,053160,KR7053160008,2022-02-28,2022-03-02,10400.0,10400.0,False,2023-07-31,2023-08-01,2023-07-31,2023-08-01,10800.0,EXECUTED,,2023-07-31,2023-08-01,10800.0,EXECUTED,,0.0,REALIZED,REALIZED,3.8461538461538547,3.8461538461538547,3.6075820856180885,3.6075820856180885,0.0,353,353,True,True,17,89
P2-1,053290,KR7053290003,2022-03-31,2022-04-01,8450.0,8450.0,False,2024-01-31,2024-02-01,2024-01-31,2024-02-01,5250.0,EXECUTED,,2024-01-31,2024-02-01,5250.0,EXECUTED,,0.0,REALIZED,REALIZED,-37.8698224852071,-37.8698224852071,-38.0125577265533,-38.0125577265533,0.0,455,455,True,True,22,115
P2-1,053610,KR7053610002,2024-05-31,2024-06-03,31100.0,31100.0,False,2024-10-31,2024-11-01,2024-10-31,2024-11-01,32900.0,EXECUTED,,2024-10-31,2024-11-01,32900.0,EXECUTED,,0.0,REALIZED,REALIZED,5.787781350482324,5.787781350482324,5.5447489770604985,5.5447489770604985,0.0,102,102,True,True,5,27
P2-1,053800,KR7053800009,2022-08-31,2022-09-01,83900.0,83900.0,False,2023-01-31,2023-02-01,2023-01-31,2023-02-01,97000.0,EXECUTED,,2023-01-31,2023-02-01,97000.0,EXECUTED,,0.0,REALIZED,REALIZED,15.613825983313468,15.613825983313468,15.348219670652362,15.348219670652362,0.0,103,103,True,True,5,27
P2-1,054450,KR7054450002,2024-07-31,2024-08-01,17590.0,17590.0,False,,,,,,OPEN_AT_CUTOFF,,,,,OPEN_AT_CUTOFF,,,OPEN_AT_CUTOFF,OPEN_AT_CUTOFF,,,,,,199,199,True,True,10,53
P2-1,054620,KR7054620000,2022-06-30,2022-07-01,8700.0,8700.0,False,2022-08-31,2022-09-01,2022-08-31,2022-09-01,13600.0,EXECUTED,,2022-08-01,2022-08-02,10650.0,EXECUTED,,21.0,REALIZED,REALIZED,56.32183908045978,22.413793103448263,55.962711900700526,22.132564834004476,-33.83014706669605,44,23,True,True,2,6
P2-1,054950,KR7054950001,2024-12-30,2025-01-02,19060.0,19060.0,False,2025-01-31,2025-02-03,2025-01-31,2025-02-03,20800.0,EXECUTED,,2025-01-31,2025-02-03,20800.0,EXECUTED,,0.0,REALIZED,REALIZED,9.129066107030436,9.129066107030436,8.87835760736515,8.87835760736515,0.0,19,19,True,True,1,6
P2-1,056080,KR7056080005,2024-09-30,2024-10-02,6030.0,6030.0,False,2024-12-30,2025-01-02,2024-12-30,2025-01-02,6850.0,EXECUTED,,2024-12-02,2024-12-03,6680.0,EXECUTED,,19.0,REALIZED,REALIZED,13.598673300165842,10.779436152570486,13.337696514026032,10.524936162583053,-2.8127603514429786,62,43,True,True,3,12
P2-1,058430,KR7058430000,2022-10-31,2022-11-01,2685.0,2685.0,False,2022-11-30,2022-12-01,2022-11-30,2022-12-01,3940.0,EXECUTED,,2022-11-30,2022-12-01,3940.0,EXECUTED,,0.0,REALIZED,REALIZED,46.74115456238361,46.74115456238361,46.40403764191623,46.40403764191623,0.0,23,23,True,True,1,6
P2-1,058470,KR7058470006,2024-12-30,2025-01-02,38043.0,38043.0,False,2025-01-31,2025-02-03,2025-01-31,2025-02-03,40846.0,EXECUTED,,2025-01-02,2025-01-03,39645.0,EXECUTED,,17.0,REALIZED,REALIZED,7.367978340299142,4.211024367163474,7.121315689164653,3.9716143685289307,-3.1497013206357227,19,2,True,True,1,1
P2-1,060280,KR7060280005,2024-05-31,2024-06-03,10300.0,10300.0,False,,,,,,OPEN_AT_CUTOFF,,,,,OPEN_AT_CUTOFF,,,OPEN_AT_CUTOFF,OPEN_AT_CUTOFF,,,,,,241,241,True,True,12,63
P2-1,060560,KR7060560000,2022-06-30,2022-07-01,6770.0,6770.0,False,2022-08-31,2022-09-01,2022-08-31,2022-09-01,7930.0,EXECUTED,,2022-08-01,2022-08-02,8680.0,EXECUTED,,21.0,REALIZED,REALIZED,17.134416543574595,28.212703101920233,16.865316890490377,27.918152661974325,11.052835771483949,44,23,True,True,2,6
P2-1,061250,KR7061250007,2021-11-30,2021-12-01,22900.0,22900.0,False,2022-01-28,2022-02-03,2022-01-28,2022-02-03,21550.0,EXECUTED,,2022-01-03,2022-01-04,26150.0,EXECUTED,,19.0,REALIZED,REALIZED,-5.895196506550215,14.192139737991273,-6.1113889009027815,13.929799547164357,20.04118844806714,43,24,True,True,2,7
P2-1,062860,KR7062860002,2021-09-30,2021-10-01,6730.0,6730.0,False,2022-03-31,2022-04-01,2022-03-31,2022-04-01,7150.0,EXECUTED,,2022-03-31,2022-04-01,7150.0,EXECUTED,,0.0,REALIZED,REALIZED,6.240713224368499,6.240713224368499,5.99664030442133,5.99664030442133,0.0,123,123,True,True,6,32
P2-1,064260,KR7064260003,2022-09-30,2022-10-04,5870.0,5870.0,False,,,,,,OPEN_AT_CUTOFF,,,,,OPEN_AT_CUTOFF,,,OPEN_AT_CUTOFF,OPEN_AT_CUTOFF,,,,,,650,650,True,True,32,167
P2-1,064550,KR7064550007,2022-06-30,2022-07-01,24950.0,24950.0,False,2022-08-31,2022-09-01,2022-08-31,2022-09-01,30050.0,EXECUTED,,2022-08-01,2022-08-02,31200.0,EXECUTED,,21.0,REALIZED,REALIZED,20.440881763527052,25.05010020040079,20.164185977129677,24.76281539056393,4.598629413434253,44,23,True,True,2,6
P2-1,064550,KR7064550007,2022-09-30,2022-10-04,25350.0,25350.0,False,2022-11-30,2022-12-01,2022-11-30,2022-12-01,33950.0,EXECUTED,,2022-11-30,2022-12-01,33950.0,EXECUTED,,0.0,REALIZED,REALIZED,33.925049309664686,33.925049309664686,33.61737556720736,33.61737556720736,0.0,42,42,True,True,2,11
P2-1,064550,KR7064550007,2023-01-31,2023-02-01,26550.0,26550.0,False,2023-02-28,2023-03-02,2023-02-28,2023-03-02,54700.0,EXECUTED,,2023-02-28,2023-03-02,54700.0,EXECUTED,,0.0,REALIZED,REALIZED,106.02636534839927,106.02636534839927,105.55304909278935,105.55304909278935,0.0,21,21,True,True,1,6
P2-1,065350,KR7065350001,2024-09-30,2024-10-02,46500.0,46500.0,False,2024-12-30,2025-01-02,2024-12-30,2025-01-02,116300.0,EXECUTED,,2024-12-02,2024-12-03,79900.0,EXECUTED,,19.0,REALIZED,REALIZED,150.10752688172042,71.82795698924731,149.53294043049934,71.43320671020552,-78.09973372029381,62,43,True,True,3,12
P2-1,065370,KR7065370009,2023-06-30,2023-07-03,13450.0,13450.0,False,2025-02-28,2025-03-04,2025-02-28,2025-03-04,8750.0,EXECUTED,,2025-02-28,2025-03-04,8750.0,EXECUTED,,0.0,REALIZED,REALIZED,-34.94423791821561,-34.94423791821561,-35.093694273776364,-35.093694273776364,0.0,405,405,True,True,20,106
P2-1,065510,KR7065510000,2024-07-31,2024-08-01,10700.0,10700.0,False,,,,,,OPEN_AT_CUTOFF,,,,,OPEN_AT_CUTOFF,,,OPEN_AT_CUTOFF,OPEN_AT_CUTOFF,,,,,,199,199,True,True,10,53
P2-1,065770,KR7065770000,2021-11-30,2021-12-01,5913.0,5913.0,False,2022-01-28,2022-02-03,2022-01-28,2022-02-03,6113.0,EXECUTED,,2022-01-03,2022-01-04,8375.0,EXECUTED,,19.0,REALIZED,REALIZED,3.3823778116015557,41.637070860815165,3.1448715105070635,41.31167984631059,38.16680833580352,43,24,True,True,2,7
P2-1,066980,KR7066980004,2022-05-31,2022-06-02,3375.0,3375.0,False,2023-01-31,2023-02-01,2023-01-31,2023-02-01,4005.0,EXECUTED,,2023-01-02,2023-01-03,3575.0,EXECUTED,,19.0,REALIZED,REALIZED,18.666666666666675,5.9259259259259345,18.394046886972948,5.682576185000832,-12.711470701972116,166,147,True,True,8,38
P2-1,068050,KR7068050004,2022-06-30,2022-07-01,3255.0,3255.0,False,2022-08-31,2022-09-01,2022-08-31,2022-09-01,3665.0,EXECUTED,,2022-08-01,2022-08-02,3560.0,EXECUTED,,21.0,REALIZED,REALIZED,12.596006144393247,9.370199692780346,12.33733284335834,9.118937223016555,-3.2183956203417843,44,23,True,True,2,6
P2-1,068240,KR7068240001,2022-09-30,2022-10-04,17042.0,17042.0,False,2022-10-31,2022-11-01,2022-10-31,2022-11-01,16603.0,EXECUTED,,2022-10-31,2022-11-01,16603.0,EXECUTED,,0.0,REALIZED,REALIZED,-2.5759887337167053,-2.5759887337167053,-2.799806535584315,-2.799806535584315,0.0,20,20,True,True,1,6
P2-1,068330,KR7068330000,2021-11-30,2021-12-01,2820.0,2820.0,False,2022-01-28,2022-02-03,2022-01-28,2022-02-03,2683.0,EXECUTED,,2022-01-03,2022-01-04,3739.0,EXECUTED,,19.0,REALIZED,REALIZED,-4.858156028368798,32.588652482269495,-5.076730875642954,32.284048921345885,37.36077979698884,43,24,True,True,2,7
P2-1,069640,KR7069640001,2021-09-30,2021-10-01,9320.0,9320.0,False,,,,,,OPEN_AT_CUTOFF,,,,,OPEN_AT_CUTOFF,,,OPEN_AT_CUTOFF,OPEN_AT_CUTOFF,,,,,,897,897,True,True,44,230
P2-1,069730,KR7069730000,2021-11-30,2021-12-01,4235.0,4235.0,False,2022-01-28,2022-02-03,2022-01-28,2022-02-03,4325.0,EXECUTED,,2022-01-03,2022-01-04,4855.0,EXECUTED,,19.0,REALIZED,REALIZED,2.125147579693043,14.639905548996456,1.8905295861450178,14.376536679938523,12.486007093793505,43,24,True,True,2,7
P2-1,069730,KR7069730000,2022-02-28,2022-03-02,4565.0,4565.0,False,2022-03-31,2022-04-01,2022-03-31,2022-04-01,5410.0,EXECUTED,,2022-03-31,2022-04-01,5410.0,EXECUTED,,0.0,REALIZED,REALIZED,18.510405257393202,18.510405257393202,18.238144466050386,18.238144466050386,0.0,22,22,True,True,1,6
P2-1,071850,KR7071850002,2022-05-31,2022-06-02,2092.0,2092.0,False,2024-01-31,2024-02-01,2024-01-31,2024-02-01,2136.0,EXECUTED,,2024-01-02,2024-01-03,2118.0,EXECUTED,,21.0,REALIZED,REALIZED,2.103250478011476,1.242829827915859,1.8686827899385028,1.010238833843502,-0.8584439560950008,413,392,True,True,20,100
P2-1,072770,KR7072770001,2021-08-31,2021-09-01,3680.0,3680.0,False,2021-09-30,2021-10-01,2021-09-30,2021-10-01,3920.0,EXECUTED,,2021-09-30,2021-10-01,3920.0,EXECUTED,,0.0,REALIZED,REALIZED,6.521739130434789,6.521739130434789,6.277020593460092,6.277020593460092,0.0,20,20,True,True,1,6
P2-1,073240,KR7073240004,2021-11-30,2021-12-01,3960.0,3960.0,False,2022-01-28,2022-02-03,2022-01-28,2022-02-03,4105.0,EXECUTED,,2022-01-03,2022-01-04,4495.0,EXECUTED,,19.0,REALIZED,REALIZED,3.6616161616161547,13.510101010101017,3.4234683501498164,13.24932770619327,9.825859356043454,43,24,True,True,2,7
P2-1,073240,KR7073240004,2022-02-28,2022-03-02,3995.0,3995.0,False,2022-03-31,2022-04-01,2022-03-31,2022-04-01,4155.0,EXECUTED,,2022-03-31,2022-04-01,4155.0,EXECUTED,,0.0,REALIZED,REALIZED,4.0050062578222745,4.0050062578222745,3.766069556476359,3.766069556476359,0.0,22,22,True,True,1,6
P2-1,078150,KR7078150000,2025-03-31,2025-04-01,2010.0,2010.0,False,,,,,,OPEN_AT_CUTOFF,,,,,OPEN_AT_CUTOFF,,,OPEN_AT_CUTOFF,OPEN_AT_CUTOFF,,,,,,41,41,True,True,2,11
P2-1,078350,KR7078350006,2024-09-30,2024-10-02,13200.0,13200.0,False,,,,,,OPEN_AT_CUTOFF,,,,,OPEN_AT_CUTOFF,,,OPEN_AT_CUTOFF,OPEN_AT_CUTOFF,,,,,,160,160,True,True,8,42
P2-1,079000,KR7079000006,2021-11-30,2021-12-01,5440.0,5440.0,False,2022-01-28,2022-02-03,2022-01-28,2022-02-03,5690.0,EXECUTED,,2022-01-03,2022-01-04,6120.0,EXECUTED,,19.0,REALIZED,REALIZED,4.595588235294112,12.5,4.355294755898287,12.241547259419573,7.886252503521286,43,24,True,True,2,7
P2-1,079810,KR7079810008,2024-05-31,2024-06-03,10750.0,10750.0,False,,,,,,OPEN_AT_CUTOFF,,,,,OPEN_AT_CUTOFF,,,OPEN_AT_CUTOFF,OPEN_AT_CUTOFF,,,,,,241,241,True,True,12,63
P2-1,080220,KR7080220007,2024-10-31,2024-11-01,11970.0,11970.0,False,2025-01-31,2025-02-03,2025-01-31,2025-02-03,13820.0,EXECUTED,,2025-01-31,2025-02-03,13820.0,EXECUTED,,0.0,REALIZED,REALIZED,15.455304928989143,15.455304928989143,15.190062795891834,15.190062795891834,0.0,60,60,True,True,3,17
P2-1,081580,KR7081580003,2025-02-28,2025-03-04,2700.0,2700.0,False,2025-05-30,2025-06-02,2025-05-30,2025-06-02,3415.0,EXECUTED,,2025-05-16,2025-05-19,3450.0,EXECUTED,,10.0,REALIZED,REALIZED,26.481481481481485,27.777777777777768,26.19090827684538,27.484226516871612,1.293318240026231,62,52,True,True,3,14
P2-1,083450,KR7083450007,2024-12-30,2025-01-02,16690.0,16690.0,False,2025-01-31,2025-02-03,2025-01-31,2025-02-03,17500.0,EXECUTED,,2025-01-02,2025-01-03,16640.0,EXECUTED,,17.0,REALIZED,REALIZED,4.85320551228281,-0.29958058717795,4.612320193853536,-0.528628112815821,-5.140948306669357,19,2,True,True,1,1
P2-1,083550,KR7083550004,2021-08-31,2021-09-01,7281.0,7281.0,False,,,,,,OPEN_AT_CUTOFF,,,,,OPEN_AT_CUTOFF,,,OPEN_AT_CUTOFF,OPEN_AT_CUTOFF,,,,,,916,916,True,True,45,236
P2-1,084110,KR7084110006,2022-02-28,2022-03-02,30000.0,30000.0,False,2023-08-31,2023-09-01,2023-08-31,2023-09-01,24950.0,EXECUTED,,2023-08-31,2023-09-01,24950.0,EXECUTED,,0.0,REALIZED,REALIZED,-16.833333333333332,-16.833333333333332,-17.02439691488834,-17.02439691488834,0.0,375,375,True,True,18,94
P2-1,084690,KR7084690007,2024-04-30,2024-05-02,8630.0,8630.0,False,2024-05-31,2024-06-03,2024-05-31,2024-06-03,9350.0,EXECUTED,,2024-05-10,2024-05-13,9050.0,EXECUTED,,14.0,REALIZED,REALIZED,8.342989571263026,4.866743916570093,8.094086970575297,4.625827495583579,-3.4682594749917186,21,7,True,True,1,3
P2-1,084690,KR7084690007,2024-10-31,2024-11-01,8680.0,8680.0,False,2024-12-30,2025-01-02,2024-12-30,2025-01-02,10220.0,EXECUTED,,2024-11-15,2024-11-18,9000.0,EXECUTED,,30.0,REALIZED,REALIZED,17.741935483870975,3.686635944700467,17.471440142474993,3.448430653842949,-14.023009488632045,42,12,True,True,2,3
P2-1,086520,KR7086520004,2024-10-31,2024-11-01,75930.0,75930.0,False,,,,,,OPEN_AT_CUTOFF,,,,,OPEN_AT_CUTOFF,,,OPEN_AT_CUTOFF,OPEN_AT_CUTOFF,,,,,,140,140,True,True,7,36
P2-1,086960,KR7086960002,2022-06-30,2022-07-01,2965.0,2965.0,False,2022-08-31,2022-09-01,2022-08-31,2022-09-01,4066.0,EXECUTED,,2022-08-01,2022-08-02,4066.0,EXECUTED,,21.0,REALIZED,REALIZED,37.13322091062394,37.13322091062394,36.818176850455345,36.818176850455345,0.0,44,23,True,True,2,6
P2-1,090080,KR7090080003,2023-02-28,2023-03-02,1220.0,1220.0,False,2023-05-31,2023-06-01,2023-05-31,2023-06-01,1715.0,EXECUTED,,2023-05-31,2023-06-01,1715.0,EXECUTED,,0.0,REALIZED,REALIZED,40.57377049180329,40.57377049180329,40.25082225858261,40.25082225858261,0.0,63,63,True,True,3,16
P2-1,091440,KR7091440008,2024-10-31,2024-11-01,4960.0,4960.0,False,,,,,,OPEN_AT_CUTOFF,,2025-01-02,2025-01-03,7160.0,EXECUTED,,,OPEN_AT_CUTOFF,REALIZED,,44.35483870967742,,44.02320401029467,,140,43,True,True,7,12
P2-1,093240,KR7093240000,2022-05-31,2022-06-02,1697.0,1697.0,False,2024-09-30,2024-10-02,2024-09-30,2024-10-02,1711.0,EXECUTED,,2024-09-30,2024-10-02,1711.0,EXECUTED,,0.0,REALIZED,REALIZED,0.8249852681202041,0.8249852681202041,0.5933542124621827,0.5933542124621827,0.0,574,574,True,True,28,147
P2-1,093640,KR7093640001,2024-09-30,2024-10-02,5200.0,5200.0,False,,,,,,OPEN_AT_CUTOFF,,,,,OPEN_AT_CUTOFF,,,OPEN_AT_CUTOFF,OPEN_AT_CUTOFF,,,,,,160,160,True,True,8,42
P2-1,094360,KR7094360005,2024-10-31,2024-11-01,13730.0,13730.0,False,2025-01-31,2025-02-03,2025-01-31,2025-02-03,19180.0,EXECUTED,,2025-01-02,2025-01-03,16400.0,EXECUTED,,17.0,REALIZED,REALIZED,39.69410050983249,19.446467589220685,39.37317319321308,19.17205632787773,-20.201116865335347,60,43,True,True,3,12
P2-1,094480,KR7094480001,2022-06-30,2022-07-01,5870.0,5870.0,False,2022-08-31,2022-09-01,2022-08-31,2022-09-01,6540.0,EXECUTED,,2022-08-01,2022-08-02,7350.0,EXECUTED,,21.0,REALIZED,REALIZED,11.413969335604769,25.2129471890971,11.158011595927174,24.925288261477796,13.767276665550622,44,23,True,True,2,6
P2-1,096630,KR7096630009,2024-07-31,2024-08-01,5915.0,5915.0,False,,,,,,OPEN_AT_CUTOFF,,,,,OPEN_AT_CUTOFF,,,OPEN_AT_CUTOFF,OPEN_AT_CUTOFF,,,,,,199,199,True,True,10,53
P2-1,098120,KR7098120009,2022-09-30,2022-10-04,4940.0,4940.0,False,2022-11-30,2022-12-01,2022-11-30,2022-12-01,6190.0,EXECUTED,,2022-11-30,2022-12-01,6190.0,EXECUTED,,0.0,REALIZED,REALIZED,25.303643724696357,25.303643724696357,25.015776434693148,25.015776434693148,0.0,42,42,True,True,2,11
P2-1,100220,KR7100220003,2021-11-30,2021-12-01,7110.0,7110.0,False,2022-01-28,2022-02-03,2022-01-28,2022-02-03,6880.0,EXECUTED,,2022-01-03,2022-01-04,7770.0,EXECUTED,,19.0,REALIZED,REALIZED,-3.234880450070321,9.282700421940927,-3.4571845419838487,9.031638969300214,12.488823511284064,43,24,True,True,2,7
P2-1,101730,KR7101730000,2022-09-30,2022-10-04,14500.0,14500.0,False,2023-02-28,2023-03-02,2023-02-28,2023-03-02,18370.0,EXECUTED,,2023-02-28,2023-03-02,18370.0,EXECUTED,,0.0,REALIZED,REALIZED,26.689655172413794,26.689655172413794,26.398603718347147,26.398603718347147,0.0,103,103,True,True,5,27
P2-1,102120,KR7102120003,2024-09-30,2024-10-02,10850.0,10850.0,False,2025-02-28,2025-03-04,2025-02-28,2025-03-04,12590.0,EXECUTED,,2025-02-28,2025-03-04,12590.0,EXECUTED,,0.0,REALIZED,REALIZED,16.03686635944701,16.03686635944701,15.770288171722902,15.770288171722902,0.0,100,100,True,True,5,27
P2-1,103840,KR7103840005,2024-09-30,2024-10-02,4385.0,4385.0,False,,,,,,OPEN_AT_CUTOFF,,,,,OPEN_AT_CUTOFF,,,OPEN_AT_CUTOFF,OPEN_AT_CUTOFF,,,,,,160,160,True,True,8,42
P2-1,104200,KR7104200001,2022-06-30,2022-07-01,8670.0,8670.0,False,,,,,,OPEN_AT_CUTOFF,,2022-08-01,2022-08-02,9170.0,EXECUTED,,,OPEN_AT_CUTOFF,REALIZED,,5.767012687427919,,5.524028027053962,,713,23,True,True,35,6
P2-1,106190,KR7106190002,2021-11-30,2021-12-01,8105.0,8105.0,False,2022-01-28,2022-02-03,2022-01-28,2022-02-03,7872.0,EXECUTED,,2022-01-03,2022-01-04,9072.0,EXECUTED,,19.0,REALIZED,REALIZED,-2.8747686613201706,11.930906847624922,-3.0979000588223005,11.673761517576754,14.771661576399055,43,24,True,True,2,7
P2-1,108670,KR7108670001,2022-05-31,2022-06-02,50400.0,50400.0,False,2023-07-31,2023-08-01,2023-07-31,2023-08-01,55000.0,EXECUTED,,2023-07-31,2023-08-01,55000.0,EXECUTED,,0.0,REALIZED,REALIZED,9.126984126984116,9.126984126984116,8.87628041037174,8.87628041037174,0.0,290,290,True,True,14,73
P2-1,108860,KR7108860008,2024-09-30,2024-10-02,11160.0,11160.0,False,2024-12-30,2025-01-02,2024-12-30,2025-01-02,11700.0,EXECUTED,,2024-12-02,2024-12-03,14400.0,EXECUTED,,19.0,REALIZED,REALIZED,4.8387096774193505,29.032258064516125,4.597857661107851,28.735824813671208,24.137967152563355,62,43,True,True,3,12
P2-1,109080,KR7109080002,2022-06-30,2022-07-01,11000.0,11000.0,False,2022-08-31,2022-09-01,2022-08-31,2022-09-01,13050.0,EXECUTED,,2022-08-01,2022-08-02,14850.0,EXECUTED,,21.0,REALIZED,REALIZED,18.63636363636363,35.00000000000001,18.363813473569746,34.68985671130349,16.326043237733746,44,23,True,True,2,6
P2-1,109080,KR7109080002,2022-09-30,2022-10-04,10700.0,10700.0,False,2022-11-30,2022-12-01,2022-11-30,2022-12-01,13300.0,EXECUTED,,2022-11-30,2022-12-01,13300.0,EXECUTED,,0.0,REALIZED,REALIZED,24.29906542056075,24.29906542056075,24.013506006253827,24.013506006253827,0.0,42,42,True,True,2,11
P2-1,110990,KR7110990009,2022-09-30,2022-10-04,6000.0,6000.0,False,2023-03-31,2023-04-03,2023-03-31,2023-04-03,8330.0,EXECUTED,,2023-03-31,2023-04-03,8330.0,EXECUTED,,0.0,REALIZED,REALIZED,38.83333333333334,38.83333333333334,38.514383506809644,38.514383506809644,0.0,125,125,True,True,6,32
P2-1,112040,KR7112040001,2022-06-30,2022-07-01,59500.0,59500.0,False,2024-01-31,2024-02-01,2024-01-31,2024-02-01,51000.0,EXECUTED,,2024-01-02,2024-01-03,62500.0,EXECUTED,,21.0,REALIZED,REALIZED,-14.28571428571429,5.042016806722693,-14.482630659489848,4.800697721213432,19.28332838070328,393,372,True,True,19,94
P2-1,117730,KR7117730002,2024-05-31,2024-06-03,13810.0,13810.0,False,,,,,,OPEN_AT_CUTOFF,,,,,OPEN_AT_CUTOFF,,,OPEN_AT_CUTOFF,OPEN_AT_CUTOFF,,,,,,241,241,True,True,12,63
P2-1,120240,KR7120240007,2022-02-28,2022-03-02,17400.0,17400.0,False,2022-03-31,2022-04-01,2022-03-31,2022-04-01,21000.0,EXECUTED,,2022-03-31,2022-04-01,21000.0,EXECUTED,,0.0,REALIZED,REALIZED,20.68965517241379,20.68965517241379,20.412387864511427,20.412387864511427,0.0,22,22,True,True,1,6
P2-1,121850,KR7121850002,2021-09-30,2021-10-01,18776.0,18776.0,False,2022-01-28,2022-02-03,2022-01-28,2022-02-03,53655.0,EXECUTED,,2022-01-03,2022-01-04,55876.0,EXECUTED,,19.0,REALIZED,REALIZED,185.76374094588837,197.5926714955262,185.1072394169463,196.90899468197364,11.801755265027339,84,65,True,True,4,17
P2-1,131400,KR7131400004,2023-08-31,2023-09-01,4915.0,4915.0,False,,,,,,OPEN_AT_CUTOFF,,,,,OPEN_AT_CUTOFF,,,OPEN_AT_CUTOFF,OPEN_AT_CUTOFF,,,,,,422,422,True,True,21,110
P2-1,131970,KR7131970006,2024-10-31,2024-11-01,29700.0,29700.0,False,,,,,,OPEN_AT_CUTOFF,,,,,OPEN_AT_CUTOFF,,,OPEN_AT_CUTOFF,OPEN_AT_CUTOFF,,,,,,140,140,True,True,7,36
P2-1,134060,KR7134060003,2022-02-28,2022-03-02,7480.0,7480.0,False,2022-03-31,2022-04-01,2022-03-31,2022-04-01,7710.0,EXECUTED,,2022-03-31,2022-04-01,7710.0,EXECUTED,,0.0,REALIZED,REALIZED,3.074866310160429,3.074866310160429,2.8380664729797944,2.8380664729797944,0.0,22,22,True,True,1,6
P2-1,140410,KR7140410002,2024-09-30,2024-10-02,27000.0,27000.0,False,2024-10-31,2024-11-01,2024-10-31,2024-11-01,35300.0,EXECUTED,,2024-10-31,2024-11-01,35300.0,EXECUTED,,0.0,REALIZED,REALIZED,30.740740740740733,30.740740740740733,30.440382494074413,30.440382494074413,0.0,21,21,True,True,1,6
P2-1,148150,KR7148150006,2024-12-30,2025-01-02,8270.0,8270.0,False,2025-01-31,2025-02-03,2025-01-31,2025-02-03,7610.0,EXECUTED,,2025-01-02,2025-01-03,8720.0,EXECUTED,,17.0,REALIZED,REALIZED,-7.980652962515111,5.441354292623934,-8.192054317432962,5.199117786068919,13.39117210350188,19,2,True,True,1,1
P2-1,160550,KR7160550000,2022-06-30,2022-07-01,6440.0,6440.0,False,2022-08-31,2022-09-01,2022-08-31,2022-09-01,7390.0,EXECUTED,,2022-08-01,2022-08-02,7660.0,EXECUTED,,21.0,REALIZED,REALIZED,14.751552795031063,18.944099378881994,14.487927432313397,18.670842237012273,4.182914804698877,44,23,True,True,2,6
P2-1,160550,KR7160550000,2022-09-30,2022-10-04,5670.0,5670.0,False,2022-11-30,2022-12-01,2022-11-30,2022-12-01,7830.0,EXECUTED,,2022-11-30,2022-12-01,7830.0,EXECUTED,,0.0,REALIZED,REALIZED,38.095238095238095,38.095238095238095,37.77798393748859,37.77798393748859,0.0,42,42,True,True,2,11
P2-1,179290,KR7179290002,2023-10-31,2023-11-01,6590.0,6590.0,False,2024-04-30,2024-05-02,2024-04-30,2024-05-02,7830.0,EXECUTED,,2024-04-01,2024-04-02,7930.0,EXECUTED,,20.0,REALIZED,REALIZED,18.81638846737481,20.333839150227618,18.54342472315027,20.05738927900149,1.5139645558512207,124,104,True,True,6,28
P2-1,190510,KR7190510008,2023-10-31,2023-11-01,10840.0,10840.0,False,2023-11-30,2023-12-01,2023-11-30,2023-12-01,12960.0,EXECUTED,,2023-11-30,2023-12-01,12960.0,EXECUTED,,0.0,REALIZED,REALIZED,19.55719557195572,19.55719557195572,19.282529928829682,19.282529928829682,0.0,23,23,True,True,1,6
P2-1,192400,KR7192400000,2022-06-30,2022-07-01,16050.0,16050.0,False,2022-08-31,2022-09-01,2022-08-31,2022-09-01,17750.0,EXECUTED,,2022-08-01,2022-08-02,17200.0,EXECUTED,,21.0,REALIZED,REALIZED,10.59190031152648,7.1651090342679025,10.337831158446399,6.918912446494518,-3.4189187119518802,44,23,True,True,2,6
P2-1,194480,KR7194480000,2022-05-31,2022-06-02,51300.0,51300.0,False,2023-01-31,2023-02-01,2023-01-31,2023-02-01,61300.0,EXECUTED,,2023-01-02,2023-01-03,56600.0,EXECUTED,,19.0,REALIZED,REALIZED,19.49317738791423,10.331384015594548,19.218658817455836,10.07791336163133,-9.140745455824506,166,147,True,True,8,38
P2-1,196300,KR7196300008,2022-05-31,2022-06-02,11150.0,11150.0,False,2023-05-31,2023-06-01,2023-05-31,2023-06-01,14930.0,EXECUTED,,2023-05-02,2023-05-03,14050.0,EXECUTED,,19.0,REALIZED,REALIZED,33.901345291479814,26.00896860986548,33.59372600563102,25.71948093631051,-7.874245069320509,248,229,True,True,12,58
P2-1,196700,KR7196700009,2022-06-30,2022-07-01,3150.0,3150.0,False,2022-08-31,2022-09-01,2022-08-31,2022-09-01,3340.0,EXECUTED,,2022-08-01,2022-08-02,3795.0,EXECUTED,,21.0,REALIZED,REALIZED,6.0317460317460325,20.47619047619047,5.78815318418664,20.199413573050396,14.411260388863756,44,23,True,True,2,6
P2-1,206650,KR7206650004,2022-05-31,2022-06-02,17600.0,17600.0,False,2024-01-31,2024-02-01,2024-01-31,2024-02-01,10980.0,EXECUTED,,2024-01-31,2024-02-01,10980.0,EXECUTED,,0.0,REALIZED,REALIZED,-37.61363636363636,-37.61363636363636,-37.75696015614005,-37.75696015614005,0.0,413,413,True,True,20,105
P2-1,213420,KR7213420003,2022-06-30,2022-07-01,30150.0,30150.0,False,2022-08-31,2022-09-01,2022-08-31,2022-09-01,35800.0,EXECUTED,,2022-08-01,2022-08-02,31550.0,EXECUTED,,21.0,REALIZED,REALIZED,18.7396351575456,4.643449419568824,18.466847743127946,4.403045985913034,-14.063801757214911,44,23,True,True,2,6
P2-1,214390,KR7214390007,2021-11-30,2021-12-01,5922.0,5922.0,False,2022-01-28,2022-02-03,2022-01-28,2022-02-03,6274.0,EXECUTED,,2022-01-03,2022-01-04,7962.0,EXECUTED,,19.0,REALIZED,REALIZED,5.943937858831472,34.44782168186424,5.700546738053713,34.138946944275375,28.43840020622166,43,24,True,True,2,7
P2-1,224110,KR7224110007,2022-02-28,2022-03-02,14350.0,14350.0,False,2023-06-30,2023-07-03,2023-06-30,2023-07-03,15520.0,EXECUTED,,2023-06-30,2023-07-03,15520.0,EXECUTED,,0.0,REALIZED,REALIZED,8.15331010452962,8.15331010452962,7.9048432654242,7.9048432654242,0.0,332,332,True,True,16,84
P2-1,226950,KR7226950004,2022-05-31,2022-06-02,22700.0,22700.0,False,2024-09-30,2024-10-02,2024-09-30,2024-10-02,16150.0,EXECUTED,,2024-09-02,2024-09-03,15460.0,EXECUTED,,17.0,REALIZED,REALIZED,-28.854625550660796,-31.8942731277533,-29.018071924047916,-32.050736343391996,-3.03266441934408,574,557,True,True,28,142
P2-1,227610,KR7227610003,2023-01-31,2023-02-01,3636.0,3636.0,False,2023-07-31,2023-08-01,2023-07-31,2023-08-01,5940.0,EXECUTED,,2023-06-16,2023-06-19,6520.0,EXECUTED,,31.0,REALIZED,REALIZED,63.36633663366336,79.31793179317933,62.99102572324957,78.90597436289346,15.914948639643889,125,94,True,True,6,24
P2-1,227610,KR7227610003,2023-08-31,2023-09-01,4670.0,4670.0,False,,,,,,OPEN_AT_CUTOFF,,,,,OPEN_AT_CUTOFF,,,OPEN_AT_CUTOFF,OPEN_AT_CUTOFF,,,,,,422,422,True,True,21,110
P2-1,234100,KR7234100006,2022-05-31,2022-06-02,13855.0,13855.0,False,,,,,,OPEN_AT_CUTOFF,,,,,OPEN_AT_CUTOFF,,,OPEN_AT_CUTOFF,OPEN_AT_CUTOFF,,,,,,733,733,True,True,36,188
P2-1,249420,KR7249420001,2023-01-31,2023-02-01,25900.0,25900.0,False,,,,,,OPEN_AT_CUTOFF,,,,,OPEN_AT_CUTOFF,,,OPEN_AT_CUTOFF,OPEN_AT_CUTOFF,,,,,,568,568,True,True,28,146
P2-1,265520,KR7265520007,2024-07-31,2024-08-01,21150.0,21150.0,False,,,,,,OPEN_AT_CUTOFF,,,,,OPEN_AT_CUTOFF,,,OPEN_AT_CUTOFF,OPEN_AT_CUTOFF,,,,,,199,199,True,True,10,53
P2-1,290650,KR7290650001,2025-02-28,2025-03-04,21307.0,21307.0,False,,,,,,OPEN_AT_CUTOFF,,,,,OPEN_AT_CUTOFF,,,OPEN_AT_CUTOFF,OPEN_AT_CUTOFF,,,,,,61,61,True,True,3,16
P2-1,290670,KR7290670009,2023-08-31,2023-09-01,43650.0,43650.0,False,,,,,,OPEN_AT_CUTOFF,,,,,OPEN_AT_CUTOFF,,,OPEN_AT_CUTOFF,OPEN_AT_CUTOFF,,,,,,422,422,True,True,21,110
P2-1,317330,KR7317330009,2022-09-30,2022-10-04,15750.0,15750.0,False,2022-10-31,2022-11-01,2022-10-31,2022-11-01,17450.0,EXECUTED,,2022-10-31,2022-11-01,17450.0,EXECUTED,,0.0,REALIZED,REALIZED,10.7936507936508,10.7936507936508,10.53911814754831,10.53911814754831,0.0,20,20,True,True,1,6
P2-1,317690,KR7317690006,2024-10-31,2024-11-01,7310.0,7310.0,False,,,,,,OPEN_AT_CUTOFF,,,,,OPEN_AT_CUTOFF,,,OPEN_AT_CUTOFF,OPEN_AT_CUTOFF,,,,,,140,140,True,True,7,36
P2-1,317830,KR7317830008,2023-10-31,2023-11-01,8700.0,8700.0,False,2023-11-30,2023-12-01,2023-11-30,2023-12-01,10650.0,EXECUTED,,2023-11-30,2023-12-01,10650.0,EXECUTED,,0.0,REALIZED,REALIZED,22.413793103448263,22.413793103448263,22.132564834004476,22.132564834004476,0.0,23,23,True,True,1,6
P2-1,322180,KR7322180001,2023-10-31,2023-11-01,5030.0,5030.0,False,2023-11-30,2023-12-01,2023-11-30,2023-12-01,5430.0,EXECUTED,,2023-11-03,2023-11-06,5780.0,EXECUTED,,19.0,REALIZED,REALIZED,7.9522862823061535,14.910536779324058,7.704281266825386,14.646546173526875,6.94226490670149,23,4,True,True,1,2
P2-1,322180,KR7322180001,2024-01-31,2024-02-01,5060.0,5060.0,False,2024-07-31,2024-08-01,2024-07-31,2024-08-01,5730.0,EXECUTED,,2024-04-01,2024-04-02,5600.0,EXECUTED,,82.0,REALIZED,REALIZED,13.241106719367579,10.671936758893285,12.980951391563345,10.417683733465033,-2.5632676580983116,123,41,True,True,6,12
P2-1,322310,KR7322310004,2024-10-31,2024-11-01,16890.0,16890.0,False,2025-01-31,2025-02-03,2025-01-31,2025-02-03,20800.0,EXECUTED,,2025-01-31,2025-02-03,20800.0,EXECUTED,,0.0,REALIZED,REALIZED,23.14979277679101,23.14979277679101,22.866873652834798,22.866873652834798,0.0,60,60,True,True,3,17
P2-1,900070,KYG3931T1076,2022-09-30,2022-10-04,1188.0,1188.0,False,2022-10-31,2022-11-01,2022-10-31,2022-11-01,1706.0,EXECUTED,,2022-10-31,2022-11-01,1706.0,EXECUTED,,0.0,REALIZED,REALIZED,43.6026936026936,43.6026936026936,43.272786849659404,43.272786849659404,0.0,20,20,True,True,1,6
P2-1,900250,KYG2115T1076,2023-10-31,2023-11-01,6732.0,6732.0,False,,,,,,OPEN_AT_CUTOFF,,,,,OPEN_AT_CUTOFF,,,OPEN_AT_CUTOFF,OPEN_AT_CUTOFF,,,,,,384,384,True,True,19,100
P2-1,950140,KR8840110108,2022-09-30,2022-10-04,4385.0,4385.0,False,2023-01-31,2023-02-01,2023-01-31,2023-02-01,5190.0,EXECUTED,,2023-01-02,2023-01-03,4970.0,EXECUTED,,19.0,REALIZED,REALIZED,18.358038768529084,13.34093500570126,18.086128017511772,13.080550336615303,-5.005577680896469,83,64,True,True,4,17
P2-2,000050,KR7000050005,2026-06-30,2026-07-01,8020.0,8020.0,False,2026-07-31,2026-08-03,2026-07-31,2026-08-03,8190.0,EXECUTED,,2026-07-20,2026-07-21,8180.0,EXECUTED,,9.0,REALIZED,REALIZED,2.1197007481296826,1.9950124688279391,1.8850952679020594,1.7606934421781073,-0.12440182572395209,23,14,True,True,1,4
P2-2,000320,KR7000320002,2026-06-30,2026-07-01,16460.0,16460.0,False,2026-08-31,2026-09-01,2026-08-31,2026-09-01,17730.0,EXECUTED,,2026-08-31,2026-09-01,17730.0,EXECUTED,,0.0,REALIZED,REALIZED,7.715674362089908,7.715674362089908,7.46821292882458,7.46821292882458,0.0,43,43,True,True,2,11
P2-2,000650,KR7000650002,2026-07-31,2026-08-03,135000.0,135000.0,False,,,,,,OPEN_AT_CUTOFF,,2026-08-14,2026-08-18,161500.0,EXECUTED,,,OPEN_AT_CUTOFF,REALIZED,,19.62962962962962,,19.354797579563886,,20,11,True,True,1,3
P2-2,000680,KR7000680009,2024-07-31,2024-08-01,3950.0,3950.0,False,2025-01-31,2025-02-03,2025-01-31,2025-02-03,3725.0,EXECUTED,,2025-01-31,2025-02-03,3725.0,EXECUTED,,0.0,REALIZED,REALIZED,-5.696202531645566,-5.696202531645566,-5.91285208633745,-5.91285208633745,0.0,119,119,True,True,6,34
P2-2,001360,KR7001360007,2022-02-28,2022-03-02,3852.0,3852.0,False,2025-06-30,2025-07-01,2025-06-30,2025-07-01,1713.0,EXECUTED,,2025-06-30,2025-07-01,1713.0,EXECUTED,,0.0,REALIZED,REALIZED,-55.52959501557633,-55.52959501557633,-55.63175944262473,-55.63175944262473,0.0,816,816,True,True,40,210
P2-2,001380,KR7001380005,2021-11-30,2021-12-01,3155.0,3155.0,False,2022-01-28,2022-02-03,2022-01-28,2022-02-03,3716.0,EXECUTED,,2022-01-03,2022-01-04,3726.0,EXECUTED,,19.0,REALIZED,REALIZED,17.781299524564176,18.098256735340733,17.510713749886442,17.826942796576127,0.3162290466896849,43,24,True,True,2,7
P2-2,001380,KR7001380005,2025-04-30,2025-05-02,4317.0,4317.0,False,,,,,,OPEN_AT_CUTOFF,,,,,OPEN_AT_CUTOFF,,,OPEN_AT_CUTOFF,OPEN_AT_CUTOFF,,,,,,324,324,True,True,16,83
P2-2,001430,KR7001430008,2026-07-31,2026-08-03,32650.0,32650.0,False,2026-08-31,2026-09-01,2026-08-31,2026-09-01,41000.0,EXECUTED,,2026-08-07,2026-08-10,43050.0,EXECUTED,,15.0,REALIZED,REALIZED,25.574272588055138,31.85298621745789,25.285783566750464,31.550072745087988,6.264289178337524,21,6,True,True,1,2
P2-2,001440,KR7001440007,2026-07-31,2026-08-03,22600.0,22600.0,False,2026-08-31,2026-09-01,2026-08-31,2026-09-01,29150.0,EXECUTED,,2026-08-31,2026-09-01,29150.0,EXECUTED,,0.0,REALIZED,REALIZED,28.982300884955748,28.982300884955748,28.685982403621658,28.685982403621658,0.0,21,21,True,True,1,6
P2-2,001470,KR7001470004,2024-01-31,2024-02-01,33376.0,33376.0,False,2024-02-29,2024-03-04,2024-02-29,2024-03-04,40672.0,EXECUTED,,2024-02-16,2024-02-19,44614.0,EXECUTED,,9.0,REALIZED,REALIZED,21.860019175455413,33.6709012464046,21.580063122805825,33.36381137295583,11.783748250150005,20,11,True,True,1,4
P2-2,001500,KR7001500008,2026-07-31,2026-08-03,7480.0,7480.0,False,2026-08-31,2026-09-01,2026-08-31,2026-09-01,7980.0,EXECUTED,,2026-08-31,2026-09-01,7980.0,EXECUTED,,0.0,REALIZED,REALIZED,6.68449197860963,6.68449197860963,6.4393995401269555,6.4393995401269555,0.0,21,21,True,True,1,6
P2-2,001530,KR7001530005,2026-06-30,2026-07-01,22600.0,22600.0,False,2026-07-31,2026-08-03,2026-07-31,2026-08-03,23950.0,EXECUTED,,2026-07-31,2026-08-03,23950.0,EXECUTED,,0.0,REALIZED,REALIZED,5.973451327433632,5.973451327433632,5.729992403661699,5.729992403661699,0.0,23,23,True,True,1,6
P2-2,001620,KR7001620004,2022-02-28,2022-03-02,3585.0,3585.0,False,2022-03-31,2022-04-01,2022-03-31,2022-04-01,3815.0,EXECUTED,,2022-03-31,2022-04-01,3815.0,EXECUTED,,0.0,REALIZED,REALIZED,6.41562064156207,6.41562064156207,6.1711458967142585,6.1711458967142585,0.0,22,22,True,True,1,6
P2-2,001620,KR7001620004,2022-05-31,2022-06-02,3585.0,3585.0,False,2024-05-31,2024-06-03,2024-05-31,2024-06-03,3075.0,EXECUTED,,2023-05-02,2023-05-03,4325.0,EXECUTED,,264.0,REALIZED,REALIZED,-14.225941422594147,20.641562064156215,-14.42299511601669,20.36440524332612,34.78740035934281,493,229,True,True,24,58
P2-2,002290,KR7002290005,2021-11-30,2021-12-01,3600.0,3600.0,False,2022-01-28,2022-02-03,2022-01-28,2022-02-03,4660.0,EXECUTED,,2022-01-03,2022-01-04,4420.0,EXECUTED,,19.0,REALIZED,REALIZED,29.44444444444445,22.777777777777786,29.147064254048203,22.49571330534188,-6.651350948706323,43,24,True,True,2,7
P2-2,002410,KR7002410009,2022-02-28,2022-03-02,4085.0,4085.0,False,2022-03-31,2022-04-01,2022-03-31,2022-04-01,6620.0,EXECUTED,,2022-03-31,2022-04-01,6620.0,EXECUTED,,0.0,REALIZED,REALIZED,62.05630354957161,62.05630354957161,61.684002253742996,61.684002253742996,0.0,22,22,True,True,1,6
P2-2,002460,KR7002460004,2022-09-30,2022-10-04,11750.0,11750.0,False,2024-12-30,2025-01-02,2024-12-30,2025-01-02,9690.0,EXECUTED,,2024-12-13,2024-12-16,9640.0,EXECUTED,,10.0,REALIZED,REALIZED,-17.531914893617017,-17.957446808510635,-17.721373583449594,-18.145927899324455,-0.42455431587486103,552,542,True,True,27,139
P2-2,003530,KR7003530003,2022-09-30,2022-10-04,2480.0,2480.0,False,2023-01-31,2023-02-01,2023-01-31,2023-02-01,3345.0,EXECUTED,,2023-01-31,2023-02-01,3345.0,EXECUTED,,0.0,REALIZED,REALIZED,34.87903225806453,34.87903225806453,34.56916687554068,34.56916687554068,0.0,83,83,True,True,4,22
P2-2,003530,KR7003530003,2026-07-31,2026-08-03,4050.0,4050.0,False,2026-08-31,2026-09-01,2026-08-31,2026-09-01,4935.0,EXECUTED,,2026-08-31,2026-09-01,4935.0,EXECUTED,,0.0,REALIZED,REALIZED,21.851851851851855,21.851851851851855,21.571914562465967,21.571914562465967,0.0,21,21,True,True,1,6
P2-2,003850,KR7003850005,2022-06-30,2022-07-01,10250.0,10250.0,False,2023-11-30,2023-12-01,2023-11-30,2023-12-01,9570.0,EXECUTED,,2022-08-01,2022-08-02,11200.0,EXECUTED,,329.0,REALIZED,REALIZED,-6.63414634146341,9.268292682926838,-6.848641103727216,9.017264330016218,15.865905433743434,352,23,True,True,17,6
P2-2,003960,KR7003960002,2024-10-31,2024-11-01,43500.0,43500.0,False,2025-08-29,2025-09-01,2025-08-29,2025-09-01,41600.0,EXECUTED,,2025-08-18,2025-08-19,40800.0,EXECUTED,,9.0,REALIZED,REALIZED,-4.367816091954024,-6.206896551724139,-4.587517425453802,-6.422372859579695,-1.8348554341258927,203,194,True,True,10,50
P2-2,004020,KR7004020004,2026-07-31,2026-08-03,25750.0,25750.0,False,2026-08-31,2026-09-01,2026-08-31,2026-09-01,30100.0,EXECUTED,,2026-08-31,2026-09-01,30100.0,EXECUTED,,0.0,REALIZED,REALIZED,16.893203883495154,16.893203883495154,16.624658382171486,16.624658382171486,0.0,21,21,True,True,1,6
P2-2,004100,KR7004100004,2024-04-30,2024-05-02,2030.0,2030.0,False,2024-05-31,2024-06-03,2024-05-31,2024-06-03,2590.0,EXECUTED,,2024-05-17,2024-05-20,2680.0,EXECUTED,,10.0,REALIZED,REALIZED,27.586206896551737,32.01970443349753,27.29309574248351,31.71640794975128,4.42331220726777,21,11,True,True,1,4
P2-2,004310,KR7004310009,2026-06-30,2026-07-01,5730.0,5730.0,False,2026-08-31,2026-09-01,2026-08-31,2026-09-01,6390.0,EXECUTED,,2026-07-20,2026-07-21,6220.0,EXECUTED,,29.0,REALIZED,REALIZED,11.518324607329845,8.551483420593375,11.26212712626582,8.302101834956721,-2.9600252913090994,43,14,True,True,2,4
P2-2,004920,KR7004920005,2024-01-31,2024-02-01,1322.0,13220.0,True,2024-11-29,2024-12-02,2024-11-29,2024-12-02,12880.0,EXECUTED,,2024-10-11,2024-10-14,13940.0,EXECUTED,,35.0,REALIZED,REALIZED,-2.571860816944027,5.446293494705001,-2.795688102113014,5.204045641036048,7.999733743149062,203,168,True,True,10,45
P2-2,004980,KR7004980009,2022-09-30,2022-10-04,7880.0,7880.0,False,2022-10-31,2022-11-01,2022-10-31,2022-11-01,9570.0,EXECUTED,,2022-10-31,2022-11-01,9570.0,EXECUTED,,0.0,REALIZED,REALIZED,21.446700507614214,21.446700507614214,21.167693995786287,21.167693995786287,0.0,20,20,True,True,1,6
P2-2,005160,KR7005160007,2023-10-31,2023-11-01,4375.0,4375.0,False,2023-11-30,2023-12-01,2023-11-30,2023-12-01,4850.0,EXECUTED,,2023-11-30,2023-12-01,4850.0,EXECUTED,,0.0,REALIZED,REALIZED,10.857142857142854,10.857142857142854,10.602464347059804,10.602464347059804,0.0,23,23,True,True,1,6
P2-2,005250,KR7005250006,2021-11-30,2021-12-01,24150.0,24150.0,False,2022-01-28,2022-02-03,2022-01-28,2022-02-03,22100.0,EXECUTED,,2022-01-03,2022-01-04,27200.0,EXECUTED,,19.0,REALIZED,REALIZED,-8.488612836438925,12.62939958592133,-8.698847225832152,12.370649568206593,21.069496794038745,43,24,True,True,2,7
P2-2,005490,KR7005490008,2026-06-30,2026-07-01,325000.0,325000.0,False,2026-08-31,2026-09-01,2026-08-31,2026-09-01,339000.0,EXECUTED,,2026-08-07,2026-08-10,330500.0,EXECUTED,,15.0,REALIZED,REALIZED,4.307692307692301,1.6923076923076819,4.068060228220838,1.458684086805273,-2.6093761414155647,43,28,True,True,2,7
P2-2,005860,KR7005860002,2023-03-31,2023-04-03,4300.0,4300.0,False,2023-05-31,2023-06-01,2023-05-31,2023-06-01,6050.0,EXECUTED,,2023-05-02,2023-05-03,5800.0,EXECUTED,,19.0,REALIZED,REALIZED,40.697674418604656,34.883720930232556,40.37444153374439,34.57384477615164,-5.80059675759275,41,22,True,True,2,6
P2-2,005870,KR7005870001,2023-02-28,2023-03-02,6000.0,6000.0,False,2024-01-31,2024-02-01,2024-01-31,2024-02-01,6380.0,EXECUTED,,2024-01-31,2024-02-01,6380.0,EXECUTED,,0.0,REALIZED,REALIZED,6.333333333333324,6.333333333333324,6.089047631866218,6.089047631866218,0.0,228,228,True,True,11,58
P2-2,006110,KR7006110001,2024-09-30,2024-10-02,50800.0,50800.0,False,2026-03-31,2026-04-01,2026-03-31,2026-04-01,35700.0,EXECUTED,,2026-03-31,2026-04-01,35700.0,EXECUTED,,0.0,REALIZED,REALIZED,-29.7244094488189,-29.7244094488189,-29.88585761747543,-29.88585761747543,0.0,363,363,True,True,18,94
P2-2,006360,KR7006360002,2022-09-30,2022-10-04,22900.0,22900.0,False,2022-11-30,2022-12-01,2022-11-30,2022-12-01,24000.0,EXECUTED,,2022-11-30,2022-12-01,24000.0,EXECUTED,,0.0,REALIZED,REALIZED,4.8034934497816595,4.8034934497816595,4.562722337741665,4.562722337741665,0.0,42,42,True,True,2,11
P2-2,006660,KR7006660005,2022-06-30,2022-07-01,10650.0,10650.0,False,2022-08-31,2022-09-01,2022-08-31,2022-09-01,13100.0,EXECUTED,,2022-08-31,2022-09-01,13100.0,EXECUTED,,0.0,REALIZED,REALIZED,23.004694835680752,23.004694835680752,22.72210905359593,22.72210905359593,0.0,44,44,True,True,2,11
P2-2,006880,KR7006880009,2023-01-31,2023-02-01,6460.0,6460.0,False,2023-02-28,2023-03-02,2023-02-28,2023-03-02,7100.0,EXECUTED,,2023-02-28,2023-03-02,7100.0,EXECUTED,,0.0,REALIZED,REALIZED,9.90712074303406,9.90712074303406,9.654624773564358,9.654624773564358,0.0,21,21,True,True,1,6
P2-2,006880,KR7006880009,2023-03-31,2023-04-03,7000.0,7000.0,False,2023-05-31,2023-06-01,2023-05-31,2023-06-01,8060.0,EXECUTED,,2023-05-02,2023-05-03,8250.0,EXECUTED,,19.0,REALIZED,REALIZED,15.142857142857146,17.85714285714286,14.878332814085304,17.586382843201463,2.7080500291161584,41,22,True,True,2,6
P2-2,006910,KR7006910004,2026-07-31,2026-08-03,5610.0,5610.0,False,2026-08-31,2026-09-01,2026-08-31,2026-09-01,7220.0,EXECUTED,,2026-08-14,2026-08-18,7880.0,EXECUTED,,10.0,REALIZED,REALIZED,28.698752228164004,40.463458110516925,28.403085159518216,40.140763304294126,11.73767814477591,21,11,True,True,1,3
P2-2,007330,KR7007330004,2021-11-30,2021-12-01,10373.0,10373.0,False,2021-12-30,2022-01-03,2021-12-30,2022-01-03,11670.0,EXECUTED,,2021-12-17,2021-12-20,12246.0,EXECUTED,,9.0,REALIZED,REALIZED,12.503615154728621,18.05649281789261,12.245154108844659,17.78527482578509,5.540120716940432,23,14,True,True,1,4
P2-2,007720,KR7007720006,2025-10-31,2025-11-03,3937.0,3937.0,False,,,,,,OPEN_AT_CUTOFF,,,,,OPEN_AT_CUTOFF,,,OPEN_AT_CUTOFF,OPEN_AT_CUTOFF,,,,,,203,203,True,True,10,53
P2-2,007860,KR7007860000,2022-06-30,2022-07-01,7220.0,7220.0,False,2022-11-30,2022-12-01,2022-11-30,2022-12-01,8250.0,EXECUTED,,2022-11-30,2022-12-01,8250.0,EXECUTED,,0.0,REALIZED,REALIZED,14.265927977839343,14.265927977839343,14.003418269031886,14.003418269031886,0.0,105,105,True,True,5,26
P2-2,008110,KR7008110009,2023-11-30,2023-12-01,7060.0,7060.0,False,2024-04-30,2024-05-02,2024-04-30,2024-05-02,11950.0,EXECUTED,,2024-04-30,2024-05-02,11950.0,EXECUTED,,0.0,REALIZED,REALIZED,69.26345609065156,69.26345609065156,68.87459738748049,68.87459738748049,0.0,102,102,True,True,5,27
P2-2,008600,KR7008600009,2022-05-31,2022-06-02,12255.0,12255.0,False,2025-01-31,2025-02-03,2025-01-31,2025-02-03,7922.0,EXECUTED,,2025-01-02,2025-01-03,8170.0,EXECUTED,,17.0,REALIZED,REALIZED,-35.35699714402285,-33.333333333333336,-35.5055052440004,-33.48649051293655,2.019014731063855,653,636,True,True,32,164
P2-2,009270,KR7009270000,2022-06-30,2022-07-01,1630.0,1630.0,False,2024-07-31,2024-08-01,2024-07-31,2024-08-01,1325.0,EXECUTED,,2024-07-01,2024-07-02,1321.0,EXECUTED,,22.0,REALIZED,REALIZED,-18.711656441717793,-18.95705521472393,-18.898404843227855,-19.143239847474703,-0.24483500424684834,515,493,True,True,25,125
P2-2,009470,KR7009470006,2022-09-30,2022-10-04,15050.0,15050.0,False,2022-10-31,2022-11-01,2022-10-31,2022-11-01,15450.0,EXECUTED,,2022-10-31,2022-11-01,15450.0,EXECUTED,,0.0,REALIZED,REALIZED,2.657807308970095,2.657807308970095,2.4219656054947247,2.4219656054947247,0.0,20,20,True,True,1,6
P2-2,009470,KR7009470006,2024-12-30,2025-01-02,31000.0,31000.0,False,2025-01-31,2025-02-03,2025-01-31,2025-02-03,37000.0,EXECUTED,,2025-01-10,2025-01-13,37750.0,EXECUTED,,11.0,REALIZED,REALIZED,19.354838709677423,21.7741935483871,19.08063795264585,21.494434667902198,2.413796715256346,19,8,True,True,1,3
P2-2,009470,KR7009470006,2025-03-31,2025-04-01,29950.0,29950.0,False,2025-09-30,2025-10-01,2025-09-30,2025-10-01,40700.0,EXECUTED,,2025-09-30,2025-10-01,40700.0,EXECUTED,,0.0,REALIZED,REALIZED,35.893155258764594,35.893155258764594,35.580960072962384,35.580960072962384,0.0,126,126,True,True,6,33
P2-2,009470,KR7009470006,2025-12-30,2026-01-02,29200.0,29200.0,False,2026-02-27,2026-03-03,2026-02-27,2026-03-03,44350.0,EXECUTED,,2026-02-02,2026-02-03,54100.0,EXECUTED,,16.0,REALIZED,REALIZED,51.883561643835606,85.27397260273972,51.53463077489373,84.84833201627396,33.31370124138023,39,23,True,True,2,6
P2-2,010100,KR7010100006,2024-09-30,2024-10-02,3825.0,3825.0,False,2025-01-31,2025-02-03,2025-01-31,2025-02-03,5990.0,EXECUTED,,2025-01-31,2025-02-03,5990.0,EXECUTED,,0.0,REALIZED,REALIZED,56.60130718954248,56.60130718954248,56.24153797157261,56.24153797157261,0.0,80,80,True,True,4,23
P2-2,010120,KR7010120004,2024-02-29,2024-03-04,12980.0,12980.0,False,2024-03-29,2024-04-01,2024-03-29,2024-04-01,19740.0,EXECUTED,,2024-03-08,2024-03-11,15840.0,EXECUTED,,15.0,REALIZED,REALIZED,52.08012326656395,22.033898305084755,51.7307408252657,21.75354278987889,-29.97719803538681,21,6,True,True,1,2
P2-2,010580,KR7010580009,2026-07-31,2026-08-03,1462.0,1462.0,False,2026-08-31,2026-09-01,2026-08-31,2026-09-01,1647.0,EXECUTED,,2026-08-31,2026-09-01,1647.0,EXECUTED,,0.0,REALIZED,REALIZED,12.653898768809846,12.653898768809846,12.395092467708801,12.395092467708801,0.0,21,21,True,True,1,6
P2-2,010660,KR7010660009,2023-02-28,2023-03-02,2920.0,2920.0,False,2023-05-31,2023-06-01,2023-05-31,2023-06-01,3900.0,EXECUTED,,2023-05-31,2023-06-01,3900.0,EXECUTED,,0.0,REALIZED,REALIZED,33.56164383561644,33.56164383561644,33.254804965520975,33.254804965520975,0.0,63,63,True,True,3,16
P2-2,010660,KR7010660009,2023-07-31,2023-08-01,3650.0,3650.0,False,2023-08-31,2023-09-01,2023-08-31,2023-09-01,4170.0,EXECUTED,,2023-08-25,2023-08-28,4130.0,EXECUTED,,4.0,REALIZED,REALIZED,14.24657534246576,13.15068493150684,13.984110093584068,12.89073733489261,-1.0933727586914586,23,19,True,True,1,5
P2-2,010770,KR7010770006,2025-05-30,2025-06-02,5640.0,5640.0,False,2026-05-29,2026-06-01,2026-05-29,2026-06-01,4710.0,EXECUTED,,2025-07-11,2025-07-14,6190.0,EXECUTED,,214.0,REALIZED,REALIZED,-16.48936170212766,9.751773049645385,-16.681215509556157,9.499633969394372,26.180849478950527,243,29,True,True,12,8
P2-2,010820,KR7010820009,2026-06-30,2026-07-01,6260.0,6260.0,False,,,,,,OPEN_AT_CUTOFF,,,,,OPEN_AT_CUTOFF,,,OPEN_AT_CUTOFF,OPEN_AT_CUTOFF,,,,,,42,42,True,True,2,11
P2-2,011000,KR7011000007,2021-03-31,2021-04-01,38285.0,38285.0,False,2021-04-30,2021-05-03,2021-04-30,2021-05-03,57260.0,EXECUTED,,2021-04-16,2021-04-19,58410.0,EXECUTED,,10.0,REALIZED,REALIZED,49.562491837534274,52.56627922162727,49.218893296170286,52.21577990620514,2.9968866100348563,23,13,True,True,1,4
P2-2,011000,KR7011000007,2022-06-30,2022-07-01,51750.0,51750.0,False,2022-08-31,2022-09-01,2022-08-31,2022-09-01,54000.0,EXECUTED,,2022-08-01,2022-08-02,66500.0,EXECUTED,,21.0,REALIZED,REALIZED,4.347826086956519,28.502415458937193,4.108101805838471,28.207199446078857,24.099097640240387,44,23,True,True,2,6
P2-2,011070,KR7011070000,2026-07-31,2026-08-03,498000.0,498000.0,False,2026-08-31,2026-09-01,2026-08-31,2026-09-01,632000.0,EXECUTED,,2026-08-14,2026-08-18,690000.0,EXECUTED,,10.0,REALIZED,REALIZED,26.907630522088354,38.55421686746987,26.616078300675007,38.23590827130656,11.619829970631557,21,11,True,True,1,3
P2-2,011080,KR7011080009,2025-06-30,2025-07-01,10447.0,10447.0,False,,,,,,OPEN_AT_CUTOFF,,2025-07-04,2025-07-07,11328.0,EXECUTED,,,OPEN_AT_CUTOFF,REALIZED,,8.433042978845595,,8.183933493269112,,286,5,True,True,14,2
P2-2,011090,KR7011090008,2022-08-31,2022-09-01,6525.0,6525.0,False,2024-07-31,2024-08-01,2024-07-31,2024-08-01,3265.0,EXECUTED,,2024-07-31,2024-08-01,3265.0,EXECUTED,,0.0,REALIZED,REALIZED,-49.961685823754785,-49.961685823754785,-50.07664172982478,-50.07664172982478,0.0,472,472,True,True,23,120
P2-2,011330,KR7011330008,2023-11-30,2023-12-01,16060.0,16060.0,False,2023-12-28,2024-01-02,2023-12-28,2024-01-02,21700.0,EXECUTED,,2023-12-15,2023-12-18,19890.0,EXECUTED,,8.0,REALIZED,REALIZED,35.11830635118307,23.848069738480703,34.807891270480404,23.56354642257399,-11.244344847906415,20,12,True,True,1,3
P2-2,011330,KR7011330008,2024-07-31,2024-08-01,15580.0,15580.0,False,2024-10-31,2024-11-01,2024-10-31,2024-11-01,15280.0,EXECUTED,,2024-10-31,2024-11-01,15280.0,EXECUTED,,0.0,REALIZED,REALIZED,-1.9255455712451908,-1.9255455712451908,-2.1508576737166663,-2.1508576737166663,0.0,60,60,True,True,3,17
P2-2,011370,KR7011370004,2022-09-30,2022-10-04,5250.0,5250.0,False,2023-01-31,2023-02-01,2023-01-31,2023-02-01,5745.0,EXECUTED,,2023-01-31,2023-02-01,5745.0,EXECUTED,,0.0,REALIZED,REALIZED,9.42857142857143,9.42857142857143,9.177174858051295,9.177174858051295,0.0,83,83,True,True,4,22
P2-2,011690,KR7011690005,2026-06-30,2026-07-01,3720.0,3720.0,False,,,,,,OPEN_AT_CUTOFF,,,,,OPEN_AT_CUTOFF,,,OPEN_AT_CUTOFF,OPEN_AT_CUTOFF,,,,,,42,42,True,True,2,11
P2-2,012790,KR7012790002,2021-03-31,2021-04-01,12823.0,12823.0,False,2021-04-30,2021-05-03,2021-04-30,2021-05-03,14233.0,EXECUTED,,2021-04-30,2021-05-03,14233.0,EXECUTED,,0.0,REALIZED,REALIZED,10.995866801840437,10.995866801840437,10.74086959323568,10.74086959323568,0.0,23,23,True,True,1,6
P2-2,012790,KR7012790002,2021-05-31,2021-06-01,13811.0,13811.0,False,2021-06-30,2021-07-01,2021-06-30,2021-07-01,17193.0,EXECUTED,,2021-06-30,2021-07-01,17193.0,EXECUTED,,0.0,REALIZED,REALIZED,24.487727173991747,24.487727173991747,24.201734336154026,24.201734336154026,0.0,23,23,True,True,1,6
P2-2,012800,KR7012800009,2022-09-30,2022-10-04,1225.0,1225.0,False,2022-10-31,2022-11-01,2022-10-31,2022-11-01,1270.0,EXECUTED,,2022-10-31,2022-11-01,1270.0,EXECUTED,,0.0,REALIZED,REALIZED,3.6734693877551017,3.6734693877551017,3.4352943451884776,3.4352943451884776,0.0,20,20,True,True,1,6
P2-2,012860,KR7012860003,2026-06-30,2026-07-01,2600.0,2600.0,False,,,,,,OPEN_AT_CUTOFF,,,,,OPEN_AT_CUTOFF,,,OPEN_AT_CUTOFF,OPEN_AT_CUTOFF,,,,,,42,42,True,True,2,11
P2-2,013360,KR7013360003,2022-09-30,2022-10-04,2445.0,2445.0,False,2022-11-30,2022-12-01,2022-11-30,2022-12-01,2880.0,EXECUTED,,2022-11-30,2022-12-01,2880.0,EXECUTED,,0.0,REALIZED,REALIZED,17.791411042944794,17.791411042944794,17.52080203849249,17.52080203849249,0.0,42,42,True,True,2,11
P2-2,013990,KR7013990007,2022-06-30,2022-07-01,2885.0,2885.0,False,2022-08-31,2022-09-01,2022-08-31,2022-09-01,4240.0,EXECUTED,,2022-08-31,2022-09-01,4240.0,EXECUTED,,0.0,REALIZED,REALIZED,46.96707105719238,46.96707105719238,46.62943512572741,46.62943512572741,0.0,44,44,True,True,2,11
P2-2,013990,KR7013990007,2022-09-30,2022-10-04,3080.0,3080.0,False,2022-11-30,2022-12-01,2022-11-30,2022-12-01,3490.0,EXECUTED,,2022-11-30,2022-12-01,3490.0,EXECUTED,,0.0,REALIZED,REALIZED,13.311688311688318,13.311688311688318,13.051370832719877,13.051370832719877,0.0,42,42,True,True,2,11
P2-2,014160,KR7014160006,2022-09-30,2022-10-04,1350.0,1350.0,False,2022-11-30,2022-12-01,2022-11-30,2022-12-01,1825.0,EXECUTED,,2022-11-30,2022-12-01,1825.0,EXECUTED,,0.0,REALIZED,REALIZED,35.18518518518518,35.18518518518518,34.87461645987866,34.87461645987866,0.0,42,42,True,True,2,11
P2-2,014790,KR7014790000,2022-09-30,2022-10-04,3110.0,3110.0,False,2024-07-31,2024-08-01,2024-07-31,2024-08-01,2740.0,EXECUTED,,2024-07-31,2024-08-01,2740.0,EXECUTED,,0.0,REALIZED,REALIZED,-11.897106109324762,-11.897106109324762,-12.0995099704724,-12.0995099704724,0.0,452,452,True,True,22,115
P2-2,014910,KR7014910004,2026-07-31,2026-08-03,1556.0,1556.0,False,2026-08-31,2026-09-01,2026-08-31,2026-09-01,2060.0,EXECUTED,,2026-08-14,2026-08-18,2035.0,EXECUTED,,10.0,REALIZED,REALIZED,32.39074550128536,30.784061696658107,32.08659660348718,30.483603926260393,-1.602992677226787,21,11,True,True,1,3
P2-2,014940,KR7014940001,2026-06-30,2026-07-01,4895.0,4895.0,False,,,,,,OPEN_AT_CUTOFF,,,,,OPEN_AT_CUTOFF,,,OPEN_AT_CUTOFF,OPEN_AT_CUTOFF,,,,,,42,42,True,True,2,11
P2-2,015020,KR7015020001,2022-02-28,2022-03-02,3640.0,3640.0,False,2025-01-31,2025-02-03,2025-01-31,2025-02-03,2558.0,EXECUTED,,2024-11-01,2024-11-04,1492.0,EXECUTED,,58.0,REALIZED,REALIZED,-29.72527472527473,-59.010989010989015,-29.88672090608173,-59.10515543075604,-29.21843452467431,716,658,True,True,35,169
P2-2,015860,KR7015860000,2026-06-30,2026-07-01,6230.0,6230.0,False,2026-08-31,2026-09-01,2026-08-31,2026-09-01,6690.0,EXECUTED,,2026-08-31,2026-09-01,6690.0,EXECUTED,,0.0,REALIZED,REALIZED,7.383627608346699,7.383627608346699,7.136929005245873,7.136929005245873,0.0,43,43,True,True,2,11
P2-2,016880,KR7016880007,2021-12-30,2022-01-03,1700.0,1700.0,False,2022-01-28,2022-02-03,2022-01-28,2022-02-03,1890.0,EXECUTED,,2022-01-03,2022-01-04,1695.0,EXECUTED,,19.0,REALIZED,REALIZED,11.176470588235299,-0.2941176470588225,10.921058468132273,-0.5231777230242263,-11.444236191156499,21,2,True,True,1,1
P2-2,016880,KR7016880007,2026-06-30,2026-07-01,1894.0,1894.0,False,2026-07-31,2026-08-03,2026-07-31,2026-08-03,1967.0,EXECUTED,,2026-07-31,2026-08-03,1967.0,EXECUTED,,0.0,REALIZED,REALIZED,3.8542766631467718,3.8542766631467718,3.6156862415948954,3.6156862415948954,0.0,23,23,True,True,1,6
P2-2,016920,KR7016920001,2022-05-31,2022-06-02,2765.0,2765.0,False,2025-01-31,2025-02-03,2025-01-31,2025-02-03,1790.0,EXECUTED,,2025-01-02,2025-01-03,2505.0,EXECUTED,,17.0,REALIZED,REALIZED,-35.2622061482821,-9.40325497287523,-35.410932017083056,-9.611388102119012,25.799543914964044,653,636,True,True,32,164
P2-2,017510,KR7017510009,2026-07-31,2026-08-03,5950.0,5950.0,False,2026-08-31,2026-09-01,2026-08-31,2026-09-01,7380.0,EXECUTED,,2026-08-31,2026-09-01,7380.0,EXECUTED,,0.0,REALIZED,REALIZED,24.033613445378155,24.033613445378155,23.74866386920884,23.74866386920884,0.0,21,21,True,True,1,6
P2-2,017550,KR7017550005,2021-11-30,2021-12-01,2310.0,2310.0,False,2022-01-28,2022-02-03,2022-01-28,2022-02-03,2455.0,EXECUTED,,2022-01-03,2022-01-04,2960.0,EXECUTED,,19.0,REALIZED,REALIZED,6.277056277056281,28.13852813852813,6.032899864117391,27.84414810500506,21.81124824088767,43,24,True,True,2,7
P2-2,017550,KR7017550005,2022-02-28,2022-03-02,2545.0,2545.0,False,2022-03-31,2022-04-01,2022-03-31,2022-04-01,3085.0,EXECUTED,,2022-03-31,2022-04-01,3085.0,EXECUTED,,0.0,REALIZED,REALIZED,21.218074656188612,21.218074656188612,20.93959337971951,20.93959337971951,0.0,22,22,True,True,1,6
P2-2,017650,KR7017650003,2022-09-30,2022-10-04,7700.0,7700.0,False,2022-10-31,2022-11-01,2022-10-31,2022-11-01,8190.0,EXECUTED,,2022-10-31,2022-11-01,8190.0,EXECUTED,,0.0,REALIZED,REALIZED,6.363636363636371,6.363636363636371,6.119281045269442,6.119281045269442,0.0,20,20,True,True,1,6
P2-2,017900,KR7017900002,2026-06-30,2026-07-01,6670.0,6670.0,False,2026-08-31,2026-09-01,2026-08-31,2026-09-01,7510.0,EXECUTED,,2026-08-07,2026-08-10,8120.0,EXECUTED,,15.0,REALIZED,REALIZED,12.593703148425783,21.739130434782616,12.335035138196382,21.45945210681155,9.124416968615169,43,28,True,True,2,7
P2-2,018290,KR7018290007,2026-03-31,2026-04-01,15500.0,15500.0,False,2026-04-30,2026-05-04,2026-04-30,2026-05-04,17390.0,EXECUTED,,2026-04-30,2026-05-04,17390.0,EXECUTED,,0.0,REALIZED,REALIZED,12.193548387096765,12.193548387096765,11.935799675487125,11.935799675487125,0.0,23,23,True,True,1,6
P2-2,019170,KR7019170000,2021-09-30,2021-10-01,55700.0,55700.0,False,2025-06-30,2025-07-01,2025-06-30,2025-07-01,14540.0,EXECUTED,,2025-06-02,2025-06-04,11250.0,EXECUTED,,18.0,REALIZED,REALIZED,-73.89587073608618,-79.80251346499102,-73.95584125829706,-79.84891431608267,-5.893073057785614,917,899,True,True,45,231
P2-2,019490,KR7019490002,2021-09-30,2021-10-01,2675.0,2675.0,False,2021-11-30,2021-12-01,2021-11-30,2021-12-01,3930.0,EXECUTED,,2021-11-30,2021-12-01,3930.0,EXECUTED,,0.0,REALIZED,REALIZED,46.9158878504673,46.9158878504673,46.578369505136095,46.578369505136095,0.0,42,42,True,True,2,11
P2-2,019490,KR7019490002,2022-02-28,2022-03-02,2613.0,2613.0,False,2024-09-30,2024-10-02,2024-09-30,2024-10-02,3920.0,EXECUTED,,2024-09-30,2024-10-02,3920.0,EXECUTED,,0.0,REALIZED,REALIZED,50.01913509376197,50.01913509376197,49.67448747949985,49.67448747949985,0.0,637,637,True,True,31,163
P2-2,023160,KR7023160005,2024-04-30,2024-05-02,12370.0,12370.0,False,2024-07-31,2024-08-01,2024-07-31,2024-08-01,16210.0,EXECUTED,,2024-07-01,2024-07-02,12910.0,EXECUTED,,22.0,REALIZED,REALIZED,31.042845594179468,4.365400161681476,30.74179330460374,4.125635506627656,-26.616157797976083,63,41,True,True,3,11
P2-2,023460,KR7023460009,2022-06-30,2022-07-01,1760.0,1760.0,False,2022-09-30,2022-10-04,2022-09-30,2022-10-04,2360.0,EXECUTED,,2022-09-30,2022-10-04,2360.0,EXECUTED,,0.0,REALIZED,REALIZED,34.09090909090908,34.09090909090908,33.78285430920718,33.78285430920718,0.0,64,64,True,True,3,16
P2-2,023760,KR7023760002,2026-06-30,2026-07-01,1378.0,1378.0,False,2026-08-31,2026-09-01,2026-08-31,2026-09-01,1418.0,EXECUTED,,2026-08-31,2026-09-01,1418.0,EXECUTED,,0.0,REALIZED,REALIZED,2.9027576197387495,2.9027576197387495,2.6663531777822547,2.6663531777822547,0.0,43,43,True,True,2,11
P2-2,023790,KR7023790009,2022-09-30,2022-10-04,4111.0,4111.0,False,2025-09-30,2025-10-01,2025-09-30,2025-10-01,4993.0,EXECUTED,,2025-09-01,2025-09-02,3024.0,EXECUTED,,21.0,REALIZED,REALIZED,21.45463390902458,-26.44125516905862,21.17560917133585,-26.610245917460528,-47.78585508879638,735,714,True,True,36,184
P2-2,023810,KR7023810005,2022-10-31,2022-11-01,6380.0,6380.0,False,2022-11-30,2022-12-01,2022-11-30,2022-12-01,7360.0,EXECUTED,,2022-11-30,2022-12-01,7360.0,EXECUTED,,0.0,REALIZED,REALIZED,15.36050156739812,15.36050156739812,15.095477231532994,15.095477231532994,0.0,23,23,True,True,1,6
P2-2,024120,KR7024120008,2021-11-30,2021-12-01,6240.0,6240.0,False,2022-01-28,2022-02-03,2022-01-28,2022-02-03,5960.0,EXECUTED,,2022-01-03,2022-01-04,6650.0,EXECUTED,,19.0,REALIZED,REALIZED,-4.487179487179482,6.570512820512819,-4.706606600264851,6.325682232925955,11.032288833190806,43,24,True,True,2,7
P2-2,024740,KR7024740003,2021-11-30,2021-12-01,2130.0,2130.0,False,2022-01-28,2022-02-03,2022-01-28,2022-02-03,2730.0,EXECUTED,,2022-01-03,2022-01-04,2360.0,EXECUTED,,19.0,REALIZED,REALIZED,28.169014084507047,10.7981220657277,27.87456401386146,10.543579147513915,-17.330984866347542,43,24,True,True,2,7
P2-2,024850,KR7024850000,2021-11-30,2021-12-01,5550.0,5550.0,False,2022-01-28,2022-02-03,2022-01-28,2022-02-03,6675.0,EXECUTED,,2022-01-03,2022-01-04,6225.0,EXECUTED,,19.0,REALIZED,REALIZED,20.270270270270263,12.162162162162172,19.993966439499623,11.904485555937839,-8.089480883561784,43,24,True,True,2,7
P2-2,024850,KR7024850000,2022-02-28,2022-03-02,5550.0,5550.0,False,2022-03-31,2022-04-01,2022-03-31,2022-04-01,6000.0,EXECUTED,,2022-03-31,2022-04-01,6000.0,EXECUTED,,0.0,REALIZED,REALIZED,8.108108108108114,8.108108108108114,7.8597451141569685,7.8597451141569685,0.0,22,22,True,True,1,6
P2-2,024940,KR7024940009,2022-02-28,2022-03-02,4050.0,4050.0,False,2022-03-31,2022-04-01,2022-03-31,2022-04-01,6950.0,EXECUTED,,2022-03-31,2022-04-01,6950.0,EXECUTED,,0.0,REALIZED,REALIZED,71.60493827160495,71.60493827160495,71.21070034633001,71.21070034633001,0.0,22,22,True,True,1,6
P2-2,025320,KR7025320003,2025-02-28,2025-03-04,4671.0,4671.0,False,2025-03-31,2025-04-01,2025-03-31,2025-04-01,6666.0,EXECUTED,,2025-03-31,2025-04-01,6666.0,EXECUTED,,0.0,REALIZED,REALIZED,42.71034039820167,42.71034039820167,42.38248369966764,42.38248369966764,0.0,21,21,True,True,1,6
P2-2,025620,KR7025620006,2026-06-30,2026-07-01,7090.0,7090.0,False,,,,,,OPEN_AT_CUTOFF,,,,,OPEN_AT_CUTOFF,,,OPEN_AT_CUTOFF,OPEN_AT_CUTOFF,,,,,,42,42,True,True,2,11
P2-2,025770,KR7025770009,2023-06-30,2023-07-03,9580.0,9580.0,False,2025-04-30,2025-05-02,2025-04-30,2025-05-02,7760.0,EXECUTED,,2025-04-30,2025-05-02,7760.0,EXECUTED,,0.0,REALIZED,REALIZED,-18.99791231732777,-18.99791231732777,-19.18400308669951,-19.18400308669951,0.0,447,447,True,True,22,116
P2-2,025890,KR7025890005,2022-06-30,2022-07-01,2695.0,2695.0,False,2022-08-31,2022-09-01,2022-08-31,2022-09-01,3480.0,EXECUTED,,2022-08-31,2022-09-01,3480.0,EXECUTED,,0.0,REALIZED,REALIZED,29.128014842300566,29.128014842300566,28.83136160388542,28.83136160388542,0.0,44,44,True,True,2,11
P2-2,025890,KR7025890005,2022-09-30,2022-10-04,2420.0,2420.0,False,2023-01-31,2023-02-01,2023-01-31,2023-02-01,3370.0,EXECUTED,,2023-01-31,2023-02-01,3370.0,EXECUTED,,0.0,REALIZED,REALIZED,39.25619834710743,39.25619834710743,38.93627704839082,38.93627704839082,0.0,83,83,True,True,4,22
P2-2,027710,KR7027710003,2022-10-31,2022-11-01,2030.0,2030.0,False,2026-03-31,2026-04-01,2026-03-31,2026-04-01,1304.0,EXECUTED,,2026-03-03,2026-03-04,1367.0,EXECUTED,,20.0,REALIZED,REALIZED,-35.76354679802955,-32.66009852216749,-35.91112090803147,-32.81480236294404,3.0963185450874278,834,814,True,True,41,209
P2-2,028080,KR7028080000,2021-11-30,2021-12-01,19362.0,19362.0,False,2022-01-28,2022-02-03,2022-01-28,2022-02-03,22039.0,EXECUTED,,2022-01-03,2022-01-04,21964.0,EXECUTED,,19.0,REALIZED,REALIZED,13.826051027786379,13.438694349757263,13.56455187367458,13.178085092490077,-0.3864667811845024,43,24,True,True,2,7
P2-2,030210,KR7030210009,2022-10-31,2022-11-01,3095.0,3095.0,False,2023-02-28,2023-03-02,2023-02-28,2023-03-02,4955.0,EXECUTED,,2023-02-28,2023-03-02,4955.0,EXECUTED,,0.0,REALIZED,REALIZED,60.096930533117934,60.096930533117934,59.72913061796419,59.72913061796419,0.0,84,84,True,True,4,22
P2-2,030520,KR7030520001,2025-03-31,2025-04-01,18300.0,18300.0,False,2025-04-30,2025-05-02,2025-04-30,2025-05-02,21350.0,EXECUTED,,2025-04-18,2025-04-21,21850.0,EXECUTED,,8.0,REALIZED,REALIZED,16.666666666666675,19.398907103825145,16.398641602361064,19.124605105929238,2.725963503568174,23,15,True,True,1,4
P2-2,030960,KR7030960009,2023-03-31,2023-04-03,21250.0,21250.0,False,,,,,,OPEN_AT_CUTOFF,,2023-04-21,2023-04-24,22500.0,EXECUTED,,,OPEN_AT_CUTOFF,REALIZED,,5.882352941176472,,5.639103302983139,,831,16,True,True,41,4
P2-2,031330,KR7031330004,2023-01-31,2023-02-01,2680.0,2680.0,False,2023-02-28,2023-03-02,2023-02-28,2023-03-02,2830.0,EXECUTED,,2023-02-28,2023-03-02,2830.0,EXECUTED,,0.0,REALIZED,REALIZED,5.597014925373145,5.597014925373145,5.354420810665816,5.354420810665816,0.0,21,21,True,True,1,6
P2-2,032350,KR7032350001,2026-07-31,2026-08-03,11560.0,11560.0,False,2026-08-31,2026-09-01,2026-08-31,2026-09-01,13400.0,EXECUTED,,2026-08-31,2026-09-01,13400.0,EXECUTED,,0.0,REALIZED,REALIZED,15.916955017301039,15.916955017301039,15.650652308821389,15.650652308821389,0.0,21,21,True,True,1,6
P2-2,032500,KR7032500001,2026-07-31,2026-08-03,13540.0,13540.0,False,2026-08-31,2026-09-01,2026-08-31,2026-09-01,14830.0,EXECUTED,,2026-08-31,2026-09-01,14830.0,EXECUTED,,0.0,REALIZED,REALIZED,9.52732644017724,9.52732644017724,9.275702994071388,9.275702994071388,0.0,21,21,True,True,1,6
P2-2,032680,KR7032680001,2023-03-31,2023-04-03,3675.0,3675.0,False,2023-06-30,2023-07-03,2023-06-30,2023-07-03,4725.0,EXECUTED,,2023-05-02,2023-05-03,3750.0,EXECUTED,,40.0,REALIZED,REALIZED,28.57142857142858,2.0408163265306145,28.27605401076523,1.8063920720359006,-26.469661938729327,62,22,True,True,3,6
P2-2,032940,KR7032940009,2026-06-30,2026-07-01,6160.0,6160.0,False,2026-08-31,2026-09-01,2026-08-31,2026-09-01,8100.0,EXECUTED,,2026-08-31,2026-09-01,8100.0,EXECUTED,,0.0,REALIZED,REALIZED,31.493506493506484,31.493506493506484,31.19141887464627,31.19141887464627,0.0,43,43,True,True,2,11
P2-2,033160,KR7033160003,2022-06-30,2022-07-01,10750.0,10750.0,False,2022-08-31,2022-09-01,2022-08-31,2022-09-01,12950.0,EXECUTED,,2022-08-01,2022-08-02,12150.0,EXECUTED,,21.0,REALIZED,REALIZED,20.465116279069772,13.023255813953494,20.188364817321624,12.76360096760294,-7.424763849718683,44,23,True,True,2,6
P2-2,033200,KR7033200007,2021-05-31,2021-06-01,8610.0,8610.0,False,2021-07-30,2021-08-02,2021-07-30,2021-08-02,10500.0,EXECUTED,,2021-07-09,2021-07-12,9970.0,EXECUTED,,15.0,REALIZED,REALIZED,21.95121951219512,15.795586527293848,21.67105393975024,15.529562645648554,-6.141491294101687,45,30,True,True,2,8
P2-2,033200,KR7033200007,2021-08-31,2021-09-01,8370.0,8370.0,False,2022-02-28,2022-03-02,2022-02-28,2022-03-02,7480.0,EXECUTED,,2022-01-03,2022-01-04,9460.0,EXECUTED,,37.0,REALIZED,REALIZED,-10.633213859020307,13.022700119474306,-10.838521332753636,12.763046549752755,23.60156788250639,121,84,True,True,6,23
P2-2,033200,KR7033200007,2022-09-30,2022-10-04,6180.0,6180.0,False,2025-06-30,2025-07-01,2025-06-30,2025-07-01,3650.0,EXECUTED,,2025-06-30,2025-07-01,3650.0,EXECUTED,,0.0,REALIZED,REALIZED,-40.93851132686084,-40.93851132686084,-41.074196692286016,-41.074196692286016,0.0,670,670,True,True,33,173
P2-2,033240,KR7033240003,2026-07-31,2026-08-03,22000.0,22000.0,False,2026-08-31,2026-09-01,2026-08-31,2026-09-01,30700.0,EXECUTED,,2026-08-14,2026-08-18,31900.0,EXECUTED,,10.0,REALIZED,REALIZED,39.54545454545455,44.99999999999999,39.22486872178508,44.66688313436302,5.44201441257794,21,11,True,True,1,3
P2-2,035200,KR7035200005,2022-06-30,2022-07-01,3750.0,3750.0,False,2022-08-31,2022-09-01,2022-08-31,2022-09-01,4320.0,EXECUTED,,2022-08-01,2022-08-02,4345.0,EXECUTED,,21.0,REALIZED,REALIZED,15.199999999999992,15.866666666666674,14.935344393645655,15.60047948851626,0.665135094870605,44,23,True,True,2,6
P2-2,035460,KR7035460005,2023-02-28,2023-03-02,2955.0,2955.0,False,2023-06-30,2023-07-03,2023-06-30,2023-07-03,3605.0,EXECUTED,,2023-06-30,2023-07-03,3605.0,EXECUTED,,0.0,REALIZED,REALIZED,21.996615905245353,21.996615905245353,21.716346041047597,21.716346041047597,0.0,84,84,True,True,4,21
P2-2,035810,KR7035810001,2026-07-31,2026-08-03,4165.0,4165.0,False,2026-08-31,2026-09-01,2026-08-31,2026-09-01,4605.0,EXECUTED,,2026-08-31,2026-09-01,4605.0,EXECUTED,,0.0,REALIZED,REALIZED,10.564225690276107,10.564225690276107,10.310220115700087,10.310220115700087,0.0,21,21,True,True,1,6
P2-2,036030,KR7036030005,2021-11-30,2021-12-01,6770.0,6770.0,False,2023-01-31,2023-02-01,2023-01-31,2023-02-01,8300.0,EXECUTED,,2023-01-31,2023-02-01,8300.0,EXECUTED,,0.0,REALIZED,REALIZED,22.599704579025115,22.599704579025115,22.318049204422465,22.318049204422465,0.0,289,289,True,True,14,75
P2-2,036170,KR7036170009,2026-06-30,2026-07-01,3105.0,3105.0,False,,,,,,OPEN_AT_CUTOFF,,2026-07-10,2026-07-13,3165.0,EXECUTED,,,OPEN_AT_CUTOFF,REALIZED,,1.9323671497584627,,1.698192041814428,,42,9,True,True,2,3
P2-2,036200,KR7036200004,2022-09-30,2022-10-04,6550.0,6550.0,False,2022-11-30,2022-12-01,2022-11-30,2022-12-01,7100.0,EXECUTED,,2022-11-30,2022-12-01,7100.0,EXECUTED,,0.0,REALIZED,REALIZED,8.3969465648855,8.3969465648855,8.147920005683318,8.147920005683318,0.0,42,42,True,True,2,11
P2-2,036830,KR7036830008,2024-12-30,2025-01-02,35750.0,35750.0,False,2025-06-30,2025-07-01,2025-06-30,2025-07-01,41250.0,EXECUTED,,2025-06-30,2025-07-01,41250.0,EXECUTED,,0.0,REALIZED,REALIZED,15.384615384615374,15.384615384615374,15.119535650686778,15.119535650686778,0.0,119,119,True,True,6,31
P2-2,037230,KR7037230000,2022-06-30,2022-07-01,2835.0,2835.0,False,2022-08-31,2022-09-01,2022-08-31,2022-09-01,3350.0,EXECUTED,,2022-08-01,2022-08-02,3525.0,EXECUTED,,21.0,REALIZED,REALIZED,18.165784832451504,24.33862433862435,17.89431575749343,24.05297404333262,6.158658285839188,44,23,True,True,2,6
P2-2,037330,KR7037330008,2022-06-30,2022-07-01,1740.0,1740.0,False,2022-08-31,2022-09-01,2022-08-31,2022-09-01,1945.0,EXECUTED,,2022-08-01,2022-08-02,1980.0,EXECUTED,,21.0,REALIZED,REALIZED,11.781609195402298,13.793103448275868,11.524806855464153,13.531679986539347,2.006873131075194,44,23,True,True,2,6
P2-2,038500,KR7038500005,2026-07-31,2026-08-03,6840.0,6840.0,False,,,,,,OPEN_AT_CUTOFF,,2026-08-14,2026-08-18,8350.0,EXECUTED,,,OPEN_AT_CUTOFF,REALIZED,,22.07602339181287,,21.79557110021486,,20,11,True,True,1,3
P2-2,038620,KR7038620001,2022-02-28,2022-03-02,8025.0,8025.0,False,2022-03-31,2022-04-01,2022-03-31,2022-04-01,8750.0,EXECUTED,,2022-03-31,2022-04-01,8750.0,EXECUTED,,0.0,REALIZED,REALIZED,9.034267912772576,9.034267912772576,8.783777198468279,8.783777198468279,0.0,22,22,True,True,1,6
P2-2,038620,KR7038620001,2022-05-31,2022-06-02,7125.0,7125.0,False,2025-01-31,2025-02-03,2025-01-31,2025-02-03,4195.0,EXECUTED,,2025-01-02,2025-01-03,4125.0,EXECUTED,,17.0,REALIZED,REALIZED,-41.12280701754386,-42.10526315789473,-41.258068989846066,-42.23826807702385,-0.9801990871777804,653,636,True,True,32,164
P2-2,039240,KR7039240007,2021-11-30,2021-12-01,3400.0,3400.0,False,2021-12-30,2022-01-03,2021-12-30,2022-01-03,4745.0,EXECUTED,,2021-12-24,2021-12-27,4660.0,EXECUTED,,4.0,REALIZED,REALIZED,39.558823529411754,37.05882352941177,39.238206992404166,36.74395038663927,-2.494256605764896,23,19,True,True,1,5
P2-2,039240,KR7039240007,2022-02-28,2022-03-02,3825.0,3825.0,False,2022-03-31,2022-04-01,2022-03-31,2022-04-01,5360.0,EXECUTED,,2022-03-25,2022-03-28,5240.0,EXECUTED,,4.0,REALIZED,REALIZED,40.13071895424836,36.993464052287585,39.80878856888634,36.678741063612776,-3.1300475052735663,22,18,True,True,1,5
P2-2,039240,KR7039240007,2025-04-30,2025-05-02,2965.0,2965.0,False,,,,,,OPEN_AT_CUTOFF,,2026-05-04,2026-05-06,3025.0,EXECUTED,,,OPEN_AT_CUTOFF,REALIZED,,2.023608768971341,,1.789224046391391,,324,245,True,True,16,63
P2-2,039740,KR7039740006,2026-06-30,2026-07-01,3015.0,3015.0,False,,,,,,OPEN_AT_CUTOFF,,,,,OPEN_AT_CUTOFF,,,OPEN_AT_CUTOFF,OPEN_AT_CUTOFF,,,,,,42,42,True,True,2,11
P2-2,042500,KR7042500009,2025-03-31,2025-04-01,3498.0,3498.0,False,2025-04-30,2025-05-02,2025-04-30,2025-05-02,3764.0,EXECUTED,,2025-04-30,2025-05-02,3764.0,EXECUTED,,0.0,REALIZED,REALIZED,7.604345340194407,7.604345340194407,7.357139669514079,7.357139669514079,0.0,23,23,True,True,1,6
P2-2,042520,KR7042520007,2026-07-31,2026-08-03,18570.0,18570.0,False,2026-08-31,2026-09-01,2026-08-31,2026-09-01,20550.0,EXECUTED,,2026-08-07,2026-08-10,21550.0,EXECUTED,,15.0,REALIZED,REALIZED,10.662358642972535,16.04738826063543,10.408127621902574,15.780785900340666,5.372658278438092,21,6,True,True,1,2
P2-2,042660,KR7042660001,2024-01-31,2024-02-01,21800.0,21800.0,False,2024-02-29,2024-03-04,2024-02-29,2024-03-04,23800.0,EXECUTED,,2024-02-29,2024-03-04,23800.0,EXECUTED,,0.0,REALIZED,REALIZED,9.174311926605494,9.174311926605494,8.92349948110851,8.92349948110851,0.0,20,20,True,True,1,6
P2-2,042670,KR7042670000,2023-10-31,2023-11-01,6730.0,6730.0,False,2023-11-30,2023-12-01,2023-11-30,2023-12-01,7820.0,EXECUTED,,2023-11-30,2023-12-01,7820.0,EXECUTED,,0.0,REALIZED,REALIZED,16.196136701337306,16.196136701337306,15.929192612667809,15.929192612667809,0.0,23,23,True,True,1,6
P2-2,042940,KR7042940007,2025-06-30,2025-07-01,11660.0,11660.0,False,,,,,,OPEN_AT_CUTOFF,,,,,OPEN_AT_CUTOFF,,,OPEN_AT_CUTOFF,OPEN_AT_CUTOFF,,,,,,286,286,True,True,14,73
P2-2,043260,KR7043260009,2026-07-31,2026-08-03,14260.0,14260.0,False,2026-08-31,2026-09-01,2026-08-31,2026-09-01,16980.0,EXECUTED,,2026-08-07,2026-08-10,17500.0,EXECUTED,,15.0,REALIZED,REALIZED,19.074333800841515,22.72089761570828,18.800777463920504,22.438963817350334,3.6381863534298304,21,6,True,True,1,2
P2-2,043910,KR7043910009,2021-11-30,2021-12-01,12080.0,12080.0,False,2022-01-28,2022-02-03,2022-01-28,2022-02-03,10770.0,EXECUTED,,2022-01-03,2022-01-04,13050.0,EXECUTED,,19.0,REALIZED,REALIZED,-10.844370860927155,8.029801324503305,-11.049193231497501,7.781618229243992,18.830811460741494,43,24,True,True,2,7
P2-2,045340,KR7045340007,2021-11-30,2021-12-01,7600.0,7600.0,False,2022-01-28,2022-02-03,2022-01-28,2022-02-03,8650.0,EXECUTED,,2022-01-03,2022-01-04,10850.0,EXECUTED,,19.0,REALIZED,REALIZED,13.815789473684204,42.763157894736835,13.554313894032678,42.435179855520744,28.880865961488066,43,24,True,True,2,7
P2-2,045660,KR7045660008,2022-02-28,2022-03-02,15550.0,15550.0,False,2023-10-31,2023-11-01,2023-10-31,2023-11-01,12240.0,EXECUTED,,2023-10-04,2023-10-05,13070.0,EXECUTED,,18.0,REALIZED,REALIZED,-21.28617363344052,-15.948553054662383,-21.467007448071694,-16.141649292998117,5.325358155073577,413,395,True,True,20,100
P2-2,046890,KR7046890000,2022-05-31,2022-06-02,12650.0,12650.0,False,2023-05-31,2023-06-01,2023-05-31,2023-06-01,12300.0,EXECUTED,,2023-05-31,2023-06-01,12300.0,EXECUTED,,0.0,REALIZED,REALIZED,-2.766798418972327,-2.766798418972327,-2.990177862741439,-2.990177862741439,0.0,248,248,True,True,12,63
P2-2,046890,KR7046890000,2026-07-31,2026-08-03,8300.0,8300.0,False,2026-08-31,2026-09-01,2026-08-31,2026-09-01,9850.0,EXECUTED,,2026-08-14,2026-08-18,10280.0,EXECUTED,,10.0,REALIZED,REALIZED,18.67469879518073,23.855421686746993,18.40206056281477,23.570881480785367,5.168820917970596,21,11,True,True,1,3
P2-2,046940,KR7046940003,2026-06-30,2026-07-01,3010.0,3010.0,False,,,,,,OPEN_AT_CUTOFF,,2026-07-03,2026-07-06,4040.0,EXECUTED,,,OPEN_AT_CUTOFF,REALIZED,,34.219269102990026,,33.910919432426745,,42,4,True,True,2,2
P2-2,047310,KR7047310008,2024-04-30,2024-05-02,7950.0,7950.0,False,2026-02-27,2026-03-03,2026-02-27,2026-03-03,5940.0,EXECUTED,,2026-02-02,2026-02-03,5910.0,EXECUTED,,16.0,REALIZED,REALIZED,-25.283018867924532,-25.66037735849057,-25.45467049940435,-25.83116206253867,-0.3764915631343193,443,427,True,True,22,110
P2-2,047770,KR7047770003,2026-07-31,2026-08-03,2300.0,2300.0,False,2026-08-31,2026-09-01,2026-08-31,2026-09-01,3485.0,EXECUTED,,2026-08-21,2026-08-24,3390.0,EXECUTED,,6.0,REALIZED,REALIZED,51.52173913043478,47.39130434782608,51.17363949722791,47.052693800746816,-4.120945696481094,21,15,True,True,1,4
P2-2,048410,KR7048410005,2026-06-30,2026-07-01,8140.0,8140.0,False,,,,,,OPEN_AT_CUTOFF,,,,,OPEN_AT_CUTOFF,,,OPEN_AT_CUTOFF,OPEN_AT_CUTOFF,,,,,,42,42,True,True,2,11
P2-2,048430,KR7048430003,2022-06-30,2022-07-01,6730.0,6730.0,False,2022-08-31,2022-09-01,2022-08-31,2022-09-01,6710.0,EXECUTED,,2022-08-01,2022-08-02,7290.0,EXECUTED,,21.0,REALIZED,REALIZED,-0.2971768202080227,8.320950965824657,-0.5262298681584454,8.072098995696697,8.598328863855143,44,23,True,True,2,6
P2-2,048770,KR7048770002,2026-06-30,2026-07-01,3200.0,3200.0,False,,,,,,OPEN_AT_CUTOFF,,,,,OPEN_AT_CUTOFF,,,OPEN_AT_CUTOFF,OPEN_AT_CUTOFF,,,,,,42,42,True,True,2,11
P2-2,048910,KR7048910004,2022-02-28,2022-03-02,16500.0,16500.0,False,2022-03-31,2022-04-01,2022-03-31,2022-04-01,18400.0,EXECUTED,,2022-03-31,2022-04-01,18400.0,EXECUTED,,0.0,REALIZED,REALIZED,11.515151515151523,11.515151515151523,11.258961323815209,11.258961323815209,0.0,22,22,True,True,1,6
P2-2,048910,KR7048910004,2022-05-31,2022-06-02,16350.0,16350.0,False,2025-03-31,2025-04-01,2025-03-31,2025-04-01,10500.0,EXECUTED,,2025-03-31,2025-04-01,10500.0,EXECUTED,,0.0,REALIZED,REALIZED,-35.77981651376147,-35.77981651376147,-35.92735324640677,-35.92735324640677,0.0,693,693,True,True,34,178
P2-2,049430,KR7049430002,2021-11-30,2021-12-01,9820.0,9820.0,False,2022-01-28,2022-02-03,2022-01-28,2022-02-03,9620.0,EXECUTED,,2022-01-03,2022-01-04,11100.0,EXECUTED,,19.0,REALIZED,REALIZED,-2.0366598778004064,13.034623217922615,-2.2617167109648117,12.77494225657907,15.036658967543882,43,24,True,True,2,7
P2-2,049950,KR7049950009,2023-10-31,2023-11-01,24950.0,24950.0,False,2023-11-30,2023-12-01,2023-11-30,2023-12-01,33500.0,EXECUTED,,2023-11-30,2023-12-01,33500.0,EXECUTED,,0.0,REALIZED,REALIZED,34.2685370741483,34.2685370741483,33.960074217432414,33.960074217432414,0.0,23,23,True,True,1,6
P2-2,052420,KR7052420007,2021-11-30,2021-12-01,20730.0,20730.0,False,2022-01-28,2022-02-03,2022-01-28,2022-02-03,21100.0,EXECUTED,,2022-01-03,2022-01-04,23330.0,EXECUTED,,19.0,REALIZED,REALIZED,1.7848528702363753,12.542209358417743,1.5510166553573956,12.283659647843015,10.73264299248562,43,24,True,True,2,7
P2-2,052460,KR7052460003,2022-06-30,2022-07-01,3565.0,3565.0,False,2023-05-31,2023-06-01,2023-05-31,2023-06-01,4390.0,EXECUTED,,2023-05-31,2023-06-01,4390.0,EXECUTED,,0.0,REALIZED,REALIZED,23.141654978962123,23.141654978962123,22.858754550438377,22.858754550438377,0.0,228,228,True,True,11,57
P2-2,053050,KR7053050001,2023-07-31,2023-08-01,3020.0,3020.0,False,2023-10-31,2023-11-01,2023-10-31,2023-11-01,5240.0,EXECUTED,,2023-10-31,2023-11-01,5240.0,EXECUTED,,0.0,REALIZED,REALIZED,73.50993377483444,73.50993377483444,73.11131939348307,73.11131939348307,0.0,61,61,True,True,3,17
P2-2,053160,KR7053160008,2022-02-28,2022-03-02,10400.0,10400.0,False,2023-07-31,2023-08-01,2023-07-31,2023-08-01,10800.0,EXECUTED,,2023-07-31,2023-08-01,10800.0,EXECUTED,,0.0,REALIZED,REALIZED,3.8461538461538547,3.8461538461538547,3.6075820856180885,3.6075820856180885,0.0,353,353,True,True,17,89
P2-2,053290,KR7053290003,2022-03-31,2022-04-01,8450.0,8450.0,False,2024-01-31,2024-02-01,2024-01-31,2024-02-01,5250.0,EXECUTED,,2024-01-31,2024-02-01,5250.0,EXECUTED,,0.0,REALIZED,REALIZED,-37.8698224852071,-37.8698224852071,-38.0125577265533,-38.0125577265533,0.0,455,455,True,True,22,115
P2-2,053610,KR7053610002,2024-05-31,2024-06-03,31100.0,31100.0,False,2024-10-31,2024-11-01,2024-10-31,2024-11-01,32900.0,EXECUTED,,2024-10-31,2024-11-01,32900.0,EXECUTED,,0.0,REALIZED,REALIZED,5.787781350482324,5.787781350482324,5.5447489770604985,5.5447489770604985,0.0,102,102,True,True,5,27
P2-2,053800,KR7053800009,2022-08-31,2022-09-01,83900.0,83900.0,False,2023-01-31,2023-02-01,2023-01-31,2023-02-01,97000.0,EXECUTED,,2023-01-31,2023-02-01,97000.0,EXECUTED,,0.0,REALIZED,REALIZED,15.613825983313468,15.613825983313468,15.348219670652362,15.348219670652362,0.0,103,103,True,True,5,27
P2-2,054450,KR7054450002,2024-07-31,2024-08-01,17590.0,17590.0,False,2026-01-30,2026-02-02,2026-01-30,2026-02-02,15500.0,EXECUTED,,2026-01-02,2026-01-05,16530.0,EXECUTED,,20.0,REALIZED,REALIZED,-11.881750994883456,-6.026151222285392,-12.084190132221407,-6.242042766814171,5.842147365407236,364,344,True,True,18,90
P2-2,054620,KR7054620000,2022-06-30,2022-07-01,8700.0,8700.0,False,2022-08-31,2022-09-01,2022-08-31,2022-09-01,13600.0,EXECUTED,,2022-08-01,2022-08-02,10650.0,EXECUTED,,21.0,REALIZED,REALIZED,56.32183908045978,22.413793103448263,55.962711900700526,22.132564834004476,-33.83014706669605,44,23,True,True,2,6
P2-2,054950,KR7054950001,2024-12-30,2025-01-02,19060.0,19060.0,False,2025-01-31,2025-02-03,2025-01-31,2025-02-03,20800.0,EXECUTED,,2025-01-31,2025-02-03,20800.0,EXECUTED,,0.0,REALIZED,REALIZED,9.129066107030436,9.129066107030436,8.87835760736515,8.87835760736515,0.0,19,19,True,True,1,6
P2-2,056080,KR7056080005,2024-09-30,2024-10-02,6030.0,6030.0,False,2024-12-30,2025-01-02,2024-12-30,2025-01-02,6850.0,EXECUTED,,2024-12-02,2024-12-03,6680.0,EXECUTED,,19.0,REALIZED,REALIZED,13.598673300165842,10.779436152570486,13.337696514026032,10.524936162583053,-2.8127603514429786,62,43,True,True,3,12
P2-2,056080,KR7056080005,2026-06-30,2026-07-01,15100.0,15100.0,False,,,,,,OPEN_AT_CUTOFF,,,,,OPEN_AT_CUTOFF,,,OPEN_AT_CUTOFF,OPEN_AT_CUTOFF,,,,,,42,42,True,True,2,11
P2-2,058430,KR7058430000,2022-10-31,2022-11-01,2685.0,2685.0,False,2022-11-30,2022-12-01,2022-11-30,2022-12-01,3940.0,EXECUTED,,2022-11-30,2022-12-01,3940.0,EXECUTED,,0.0,REALIZED,REALIZED,46.74115456238361,46.74115456238361,46.40403764191623,46.40403764191623,0.0,23,23,True,True,1,6
P2-2,058470,KR7058470006,2024-12-30,2025-01-02,38043.0,38043.0,False,2025-01-31,2025-02-03,2025-01-31,2025-02-03,40846.0,EXECUTED,,2025-01-02,2025-01-03,39645.0,EXECUTED,,17.0,REALIZED,REALIZED,7.367978340299142,4.211024367163474,7.121315689164653,3.9716143685289307,-3.1497013206357227,19,2,True,True,1,1
P2-2,058650,KR7058650003,2026-06-30,2026-07-01,111800.0,111800.0,False,2026-07-31,2026-08-03,2026-07-31,2026-08-03,116800.0,EXECUTED,,2026-07-31,2026-08-03,116800.0,EXECUTED,,0.0,REALIZED,REALIZED,4.472271914132375,4.472271914132375,4.232261736435761,4.232261736435761,0.0,23,23,True,True,1,6
P2-2,060280,KR7060280005,2024-05-31,2024-06-03,10300.0,10300.0,False,2025-10-31,2025-11-03,2025-10-31,2025-11-03,10990.0,EXECUTED,,2025-10-31,2025-11-03,10990.0,EXECUTED,,0.0,REALIZED,REALIZED,6.699029126213585,6.699029126213585,6.453903290703011,6.453903290703011,0.0,344,344,True,True,17,89
P2-2,060560,KR7060560000,2022-06-30,2022-07-01,6770.0,6770.0,False,2022-08-31,2022-09-01,2022-08-31,2022-09-01,7930.0,EXECUTED,,2022-08-01,2022-08-02,8680.0,EXECUTED,,21.0,REALIZED,REALIZED,17.134416543574595,28.212703101920233,16.865316890490377,27.918152661974325,11.052835771483949,44,23,True,True,2,6
P2-2,061250,KR7061250007,2021-11-30,2021-12-01,22900.0,22900.0,False,2022-01-28,2022-02-03,2022-01-28,2022-02-03,21550.0,EXECUTED,,2022-01-03,2022-01-04,26150.0,EXECUTED,,19.0,REALIZED,REALIZED,-5.895196506550215,14.192139737991273,-6.1113889009027815,13.929799547164357,20.04118844806714,43,24,True,True,2,7
P2-2,062860,KR7062860002,2021-09-30,2021-10-01,6730.0,6730.0,False,2022-03-31,2022-04-01,2022-03-31,2022-04-01,7150.0,EXECUTED,,2022-03-31,2022-04-01,7150.0,EXECUTED,,0.0,REALIZED,REALIZED,6.240713224368499,6.240713224368499,5.99664030442133,5.99664030442133,0.0,123,123,True,True,6,32
P2-2,062970,KR7062970009,2025-07-31,2025-08-01,3815.0,3815.0,False,2026-03-31,2026-04-01,2026-03-31,2026-04-01,5282.0,EXECUTED,,2025-09-19,2025-09-22,5244.0,EXECUTED,,125.0,REALIZED,REALIZED,38.45347313237222,37.457404980340755,38.13539598060387,37.1416161534053,-0.9937798271985656,161,36,True,True,8,9
P2-2,064260,KR7064260003,2022-09-30,2022-10-04,5870.0,5870.0,False,2025-12-30,2026-01-02,2025-12-30,2026-01-02,7200.0,EXECUTED,,2025-06-02,2025-06-04,3425.0,EXECUTED,,142.0,REALIZED,REALIZED,22.657580919931863,-41.65247018739353,22.375792582672126,-41.786515333937224,-64.16230791660935,794,652,True,True,39,168
P2-2,064260,KR7064260003,2026-06-30,2026-07-01,4300.0,4300.0,False,2026-08-31,2026-09-01,2026-08-31,2026-09-01,5410.0,EXECUTED,,2026-08-31,2026-09-01,5410.0,EXECUTED,,0.0,REALIZED,REALIZED,25.8139534883721,25.8139534883721,25.52491383430697,25.52491383430697,0.0,43,43,True,True,2,11
P2-2,064550,KR7064550007,2022-06-30,2022-07-01,24950.0,24950.0,False,2022-08-31,2022-09-01,2022-08-31,2022-09-01,30050.0,EXECUTED,,2022-08-01,2022-08-02,31200.0,EXECUTED,,21.0,REALIZED,REALIZED,20.440881763527052,25.05010020040079,20.164185977129677,24.76281539056393,4.598629413434253,44,23,True,True,2,6
P2-2,064550,KR7064550007,2022-09-30,2022-10-04,25350.0,25350.0,False,2022-11-30,2022-12-01,2022-11-30,2022-12-01,33950.0,EXECUTED,,2022-11-30,2022-12-01,33950.0,EXECUTED,,0.0,REALIZED,REALIZED,33.925049309664686,33.925049309664686,33.61737556720736,33.61737556720736,0.0,42,42,True,True,2,11
P2-2,064550,KR7064550007,2023-01-31,2023-02-01,26550.0,26550.0,False,2023-02-28,2023-03-02,2023-02-28,2023-03-02,54700.0,EXECUTED,,2023-02-28,2023-03-02,54700.0,EXECUTED,,0.0,REALIZED,REALIZED,106.02636534839927,106.02636534839927,105.55304909278935,105.55304909278935,0.0,21,21,True,True,1,6
P2-2,065350,KR7065350001,2024-09-30,2024-10-02,46500.0,46500.0,False,2024-12-30,2025-01-02,2024-12-30,2025-01-02,116300.0,EXECUTED,,2024-12-02,2024-12-03,79900.0,EXECUTED,,19.0,REALIZED,REALIZED,150.10752688172042,71.82795698924731,149.53294043049934,71.43320671020552,-78.09973372029381,62,43,True,True,3,12
P2-2,065370,KR7065370009,2023-06-30,2023-07-03,13450.0,13450.0,False,2025-02-28,2025-03-04,2025-02-28,2025-03-04,8750.0,EXECUTED,,2025-02-28,2025-03-04,8750.0,EXECUTED,,0.0,REALIZED,REALIZED,-34.94423791821561,-34.94423791821561,-35.093694273776364,-35.093694273776364,0.0,405,405,True,True,20,106
P2-2,065510,KR7065510000,2024-07-31,2024-08-01,10700.0,10700.0,False,2026-01-30,2026-02-02,2026-01-30,2026-02-02,8870.0,EXECUTED,,2026-01-02,2026-01-05,9180.0,EXECUTED,,20.0,REALIZED,REALIZED,-17.10280373831776,-14.205607476635517,-17.293248249964567,-14.402707884405253,2.890540365559314,364,344,True,True,18,90
P2-2,065680,KR7065680001,2026-07-31,2026-08-03,21250.0,21250.0,False,2026-08-31,2026-09-01,2026-08-31,2026-09-01,25500.0,EXECUTED,,2026-08-31,2026-09-01,25500.0,EXECUTED,,0.0,REALIZED,REALIZED,19.999999999999996,19.999999999999996,19.724317076714225,19.724317076714225,0.0,21,21,True,True,1,6
P2-2,065770,KR7065770000,2021-11-30,2021-12-01,5913.0,5913.0,False,2022-01-28,2022-02-03,2022-01-28,2022-02-03,6113.0,EXECUTED,,2022-01-03,2022-01-04,8375.0,EXECUTED,,19.0,REALIZED,REALIZED,3.3823778116015557,41.637070860815165,3.1448715105070635,41.31167984631059,38.16680833580352,43,24,True,True,2,7
P2-2,066980,KR7066980004,2022-05-31,2022-06-02,3375.0,3375.0,False,2023-01-31,2023-02-01,2023-01-31,2023-02-01,4005.0,EXECUTED,,2023-01-02,2023-01-03,3575.0,EXECUTED,,19.0,REALIZED,REALIZED,18.666666666666675,5.9259259259259345,18.394046886972948,5.682576185000832,-12.711470701972116,166,147,True,True,8,38
P2-2,068050,KR7068050004,2022-06-30,2022-07-01,3255.0,3255.0,False,2022-08-31,2022-09-01,2022-08-31,2022-09-01,3665.0,EXECUTED,,2022-08-01,2022-08-02,3560.0,EXECUTED,,21.0,REALIZED,REALIZED,12.596006144393247,9.370199692780346,12.33733284335834,9.118937223016555,-3.2183956203417843,44,23,True,True,2,6
P2-2,068240,KR7068240001,2022-09-30,2022-10-04,17042.0,17042.0,False,2022-10-31,2022-11-01,2022-10-31,2022-11-01,16603.0,EXECUTED,,2022-10-31,2022-11-01,16603.0,EXECUTED,,0.0,REALIZED,REALIZED,-2.5759887337167053,-2.5759887337167053,-2.799806535584315,-2.799806535584315,0.0,20,20,True,True,1,6
P2-2,068330,KR7068330000,2021-11-30,2021-12-01,2820.0,2820.0,False,2022-01-28,2022-02-03,2022-01-28,2022-02-03,2683.0,EXECUTED,,2022-01-03,2022-01-04,3739.0,EXECUTED,,19.0,REALIZED,REALIZED,-4.858156028368798,32.588652482269495,-5.076730875642954,32.284048921345885,37.36077979698884,43,24,True,True,2,7
P2-2,069540,KR7069540003,2026-06-30,2026-07-01,2215.0,2215.0,False,2026-08-31,2026-09-01,2026-08-31,2026-09-01,2830.0,EXECUTED,,2026-07-20,2026-07-21,2555.0,EXECUTED,,29.0,REALIZED,REALIZED,27.765237020316036,15.349887133182838,27.471714570015514,15.084887182469853,-12.386827387545662,43,14,True,True,2,4
P2-2,069640,KR7069640001,2021-09-30,2021-10-01,9320.0,9320.0,False,,,,,,OPEN_AT_CUTOFF,,,,,OPEN_AT_CUTOFF,,,OPEN_AT_CUTOFF,OPEN_AT_CUTOFF,,,,,,1202,1202,True,True,59,308
P2-2,069730,KR7069730000,2021-11-30,2021-12-01,4235.0,4235.0,False,2022-01-28,2022-02-03,2022-01-28,2022-02-03,4325.0,EXECUTED,,2022-01-03,2022-01-04,4855.0,EXECUTED,,19.0,REALIZED,REALIZED,2.125147579693043,14.639905548996456,1.8905295861450178,14.376536679938523,12.486007093793505,43,24,True,True,2,7
P2-2,069730,KR7069730000,2022-02-28,2022-03-02,4565.0,4565.0,False,2022-03-31,2022-04-01,2022-03-31,2022-04-01,5410.0,EXECUTED,,2022-03-31,2022-04-01,5410.0,EXECUTED,,0.0,REALIZED,REALIZED,18.510405257393202,18.510405257393202,18.238144466050386,18.238144466050386,0.0,22,22,True,True,1,6
P2-2,071280,KR7071280002,2025-12-30,2026-01-02,8690.0,8690.0,False,2026-02-27,2026-03-03,2026-02-27,2026-03-03,9500.0,EXECUTED,,2026-02-02,2026-02-03,10130.0,EXECUTED,,16.0,REALIZED,REALIZED,9.3210586881473,16.570771001150742,9.069909112848574,16.302966243490125,7.233057130641551,39,23,True,True,2,6
P2-2,071850,KR7071850002,2022-05-31,2022-06-02,2092.0,2092.0,False,2024-01-31,2024-02-01,2024-01-31,2024-02-01,2136.0,EXECUTED,,2024-01-02,2024-01-03,2118.0,EXECUTED,,21.0,REALIZED,REALIZED,2.103250478011476,1.242829827915859,1.8686827899385028,1.010238833843502,-0.8584439560950008,413,392,True,True,20,100
P2-2,072770,KR7072770001,2021-08-31,2021-09-01,3680.0,3680.0,False,2021-09-30,2021-10-01,2021-09-30,2021-10-01,3920.0,EXECUTED,,2021-09-30,2021-10-01,3920.0,EXECUTED,,0.0,REALIZED,REALIZED,6.521739130434789,6.521739130434789,6.277020593460092,6.277020593460092,0.0,20,20,True,True,1,6
P2-2,072950,KR7072950009,2026-06-30,2026-07-01,8050.0,8050.0,False,,,,,,OPEN_AT_CUTOFF,,2026-08-14,2026-08-18,10000.0,EXECUTED,,,OPEN_AT_CUTOFF,REALIZED,,24.22360248447204,,23.938216435521966,,42,33,True,True,2,8
P2-2,073240,KR7073240004,2021-11-30,2021-12-01,3960.0,3960.0,False,2022-01-28,2022-02-03,2022-01-28,2022-02-03,4105.0,EXECUTED,,2022-01-03,2022-01-04,4495.0,EXECUTED,,19.0,REALIZED,REALIZED,3.6616161616161547,13.510101010101017,3.4234683501498164,13.24932770619327,9.825859356043454,43,24,True,True,2,7
P2-2,073240,KR7073240004,2022-02-28,2022-03-02,3995.0,3995.0,False,2022-03-31,2022-04-01,2022-03-31,2022-04-01,4155.0,EXECUTED,,2022-03-31,2022-04-01,4155.0,EXECUTED,,0.0,REALIZED,REALIZED,4.0050062578222745,4.0050062578222745,3.766069556476359,3.766069556476359,0.0,22,22,True,True,1,6
P2-2,073490,KR7073490005,2026-06-30,2026-07-01,26900.0,26900.0,False,2026-08-31,2026-09-01,2026-08-31,2026-09-01,30300.0,EXECUTED,,2026-08-07,2026-08-10,32100.0,EXECUTED,,15.0,REALIZED,REALIZED,12.639405204460964,19.330855018587357,12.380632200261488,19.056709360673075,6.676077160411587,43,28,True,True,2,7
P2-2,076610,KR7076610005,2026-06-30,2026-07-01,1096.0,1096.0,False,2026-08-31,2026-09-01,2026-08-31,2026-09-01,1330.0,EXECUTED,,2026-07-24,2026-07-27,1150.0,EXECUTED,,25.0,REALIZED,REALIZED,21.350364963503644,4.92700729927007,21.071579768879232,4.685952431737661,-16.38562733714157,43,18,True,True,2,5
P2-2,077970,KR7077970002,2026-07-31,2026-08-03,22800.0,22800.0,False,,,,,,OPEN_AT_CUTOFF,,,,,OPEN_AT_CUTOFF,,,OPEN_AT_CUTOFF,OPEN_AT_CUTOFF,,,,,,20,20,True,True,1,6
P2-2,078000,KR7078000007,2026-07-31,2026-08-03,12250.0,12250.0,False,2026-08-31,2026-09-01,2026-08-31,2026-09-01,13300.0,EXECUTED,,2026-08-31,2026-09-01,13300.0,EXECUTED,,0.0,REALIZED,REALIZED,8.571428571428562,8.571428571428562,8.32200116464621,8.32200116464621,0.0,21,21,True,True,1,6
P2-2,078150,KR7078150000,2025-03-31,2025-04-01,2010.0,2010.0,False,2026-02-27,2026-03-03,2026-02-27,2026-03-03,2040.0,EXECUTED,,2026-02-02,2026-02-03,2110.0,EXECUTED,,16.0,REALIZED,REALIZED,1.4925373134328401,4.975124378109452,1.2593726519473547,4.733958968435736,3.4745863164883817,223,207,True,True,11,53
P2-2,078350,KR7078350006,2024-09-30,2024-10-02,13200.0,13200.0,False,2025-09-30,2025-10-01,2025-09-30,2025-10-01,17280.0,EXECUTED,,2025-09-30,2025-10-01,17280.0,EXECUTED,,0.0,REALIZED,REALIZED,30.909090909090907,30.909090909090907,30.60834590187007,30.60834590187007,0.0,245,245,True,True,12,64
P2-2,079000,KR7079000006,2021-11-30,2021-12-01,5440.0,5440.0,False,2022-01-28,2022-02-03,2022-01-28,2022-02-03,5690.0,EXECUTED,,2022-01-03,2022-01-04,6120.0,EXECUTED,,19.0,REALIZED,REALIZED,4.595588235294112,12.5,4.355294755898287,12.241547259419573,7.886252503521286,43,24,True,True,2,7
P2-2,079810,KR7079810008,2024-05-31,2024-06-03,10750.0,10750.0,False,2026-04-30,2026-05-04,2026-04-30,2026-05-04,6710.0,EXECUTED,,2026-04-30,2026-05-04,6710.0,EXECUTED,,0.0,REALIZED,REALIZED,-37.58139534883721,-37.58139534883721,-37.72479321048431,-37.72479321048431,0.0,466,466,True,True,23,120
P2-2,079960,KR7079960001,2026-06-30,2026-07-01,20000.0,20000.0,False,,,,,,OPEN_AT_CUTOFF,,,,,OPEN_AT_CUTOFF,,,OPEN_AT_CUTOFF,OPEN_AT_CUTOFF,,,,,,42,42,True,True,2,11
P2-2,080220,KR7080220007,2024-10-31,2024-11-01,11970.0,11970.0,False,2025-01-31,2025-02-03,2025-01-31,2025-02-03,13820.0,EXECUTED,,2025-01-31,2025-02-03,13820.0,EXECUTED,,0.0,REALIZED,REALIZED,15.455304928989143,15.455304928989143,15.190062795891834,15.190062795891834,0.0,60,60,True,True,3,17
P2-2,081580,KR7081580003,2025-02-28,2025-03-04,2700.0,2700.0,False,2025-05-30,2025-06-02,2025-05-30,2025-06-02,3415.0,EXECUTED,,2025-05-16,2025-05-19,3450.0,EXECUTED,,10.0,REALIZED,REALIZED,26.481481481481485,27.777777777777768,26.19090827684538,27.484226516871612,1.293318240026231,62,52,True,True,3,14
P2-2,082270,KR7082270000,2026-04-30,2026-05-04,24200.0,24200.0,False,,,,,,OPEN_AT_CUTOFF,,,,,OPEN_AT_CUTOFF,,,OPEN_AT_CUTOFF,OPEN_AT_CUTOFF,,,,,,81,81,True,True,4,21
P2-2,082800,KR7082800004,2025-10-31,2025-11-03,4846.0,4846.0,False,2026-02-27,2026-03-03,2026-02-27,2026-03-03,4060.0,EXECUTED,,2026-02-02,2026-02-03,4820.0,EXECUTED,,16.0,REALIZED,REALIZED,-16.219562525794473,-0.5365249690466367,-16.41203615843655,-0.7650281486857535,15.647008009750795,80,64,True,True,4,17
P2-2,083450,KR7083450007,2024-12-30,2025-01-02,16690.0,16690.0,False,2025-01-31,2025-02-03,2025-01-31,2025-02-03,17500.0,EXECUTED,,2025-01-02,2025-01-03,16640.0,EXECUTED,,17.0,REALIZED,REALIZED,4.85320551228281,-0.29958058717795,4.612320193853536,-0.528628112815821,-5.140948306669357,19,2,True,True,1,1
P2-2,083550,KR7083550004,2021-08-31,2021-09-01,7281.0,7281.0,False,2025-10-31,2025-11-03,2025-10-31,2025-11-03,3060.0,EXECUTED,,2025-10-31,2025-11-03,3060.0,EXECUTED,,0.0,REALIZED,REALIZED,-57.972805933250925,-57.972805933250925,-58.06935743089943,-58.06935743089943,0.0,1019,1019,True,True,50,262
P2-2,084110,KR7084110006,2022-02-28,2022-03-02,30000.0,30000.0,False,2023-08-31,2023-09-01,2023-08-31,2023-09-01,24950.0,EXECUTED,,2023-08-31,2023-09-01,24950.0,EXECUTED,,0.0,REALIZED,REALIZED,-16.833333333333332,-16.833333333333332,-17.02439691488834,-17.02439691488834,0.0,375,375,True,True,18,94
P2-2,084690,KR7084690007,2024-04-30,2024-05-02,8630.0,8630.0,False,2024-05-31,2024-06-03,2024-05-31,2024-06-03,9350.0,EXECUTED,,2024-05-10,2024-05-13,9050.0,EXECUTED,,14.0,REALIZED,REALIZED,8.342989571263026,4.866743916570093,8.094086970575297,4.625827495583579,-3.4682594749917186,21,7,True,True,1,3
P2-2,084690,KR7084690007,2024-10-31,2024-11-01,8680.0,8680.0,False,2024-12-30,2025-01-02,2024-12-30,2025-01-02,10220.0,EXECUTED,,2024-11-15,2024-11-18,9000.0,EXECUTED,,30.0,REALIZED,REALIZED,17.741935483870975,3.686635944700467,17.471440142474993,3.448430653842949,-14.023009488632045,42,12,True,True,2,3
P2-2,086520,KR7086520004,2024-10-31,2024-11-01,75930.0,75930.0,False,2025-10-31,2025-11-03,2025-10-31,2025-11-03,91400.0,EXECUTED,,2025-10-31,2025-11-03,91400.0,EXECUTED,,0.0,REALIZED,REALIZED,20.374028710654546,20.374028710654546,20.097486509632567,20.097486509632567,0.0,243,243,True,True,12,62
P2-2,086960,KR7086960002,2022-06-30,2022-07-01,2965.0,2965.0,False,2022-08-31,2022-09-01,2022-08-31,2022-09-01,4066.0,EXECUTED,,2022-08-01,2022-08-02,4066.0,EXECUTED,,21.0,REALIZED,REALIZED,37.13322091062394,37.13322091062394,36.818176850455345,36.818176850455345,0.0,44,23,True,True,2,6
P2-2,088130,KR7088130000,2026-06-30,2026-07-01,5440.0,5440.0,False,,,,,,OPEN_AT_CUTOFF,,,,,OPEN_AT_CUTOFF,,,OPEN_AT_CUTOFF,OPEN_AT_CUTOFF,,,,,,42,42,True,True,2,11
P2-2,090080,KR7090080003,2023-02-28,2023-03-02,1220.0,1220.0,False,2023-05-31,2023-06-01,2023-05-31,2023-06-01,1715.0,EXECUTED,,2023-05-31,2023-06-01,1715.0,EXECUTED,,0.0,REALIZED,REALIZED,40.57377049180329,40.57377049180329,40.25082225858261,40.25082225858261,0.0,63,63,True,True,3,16
P2-2,090710,KR7090710005,2026-07-31,2026-08-03,6270.0,6270.0,False,,,,,,OPEN_AT_CUTOFF,,,,,OPEN_AT_CUTOFF,,,OPEN_AT_CUTOFF,OPEN_AT_CUTOFF,,,,,,20,20,True,True,1,6
P2-2,091440,KR7091440008,2024-10-31,2024-11-01,4960.0,4960.0,False,,,,,,OPEN_AT_CUTOFF,,2025-01-02,2025-01-03,7160.0,EXECUTED,,,OPEN_AT_CUTOFF,REALIZED,,44.35483870967742,,44.02320401029467,,445,43,True,True,22,12
P2-2,091580,KR7091580001,2026-07-31,2026-08-03,12730.0,12730.0,False,,,,,,OPEN_AT_CUTOFF,,2026-08-07,2026-08-10,16020.0,EXECUTED,,,OPEN_AT_CUTOFF,REALIZED,,25.84446190102121,,25.555352158219556,,20,6,True,True,1,2
P2-2,093240,KR7093240000,2022-05-31,2022-06-02,1697.0,1697.0,False,2024-09-30,2024-10-02,2024-09-30,2024-10-02,1711.0,EXECUTED,,2024-09-30,2024-10-02,1711.0,EXECUTED,,0.0,REALIZED,REALIZED,0.8249852681202041,0.8249852681202041,0.5933542124621827,0.5933542124621827,0.0,574,574,True,True,28,147
P2-2,093640,KR7093640001,2024-09-30,2024-10-02,5200.0,5200.0,False,2026-03-31,2026-04-01,2026-03-31,2026-04-01,4705.0,EXECUTED,,2026-03-31,2026-04-01,4705.0,EXECUTED,,0.0,REALIZED,REALIZED,-9.519230769230768,-9.519230769230768,-9.727097460586476,-9.727097460586476,0.0,363,363,True,True,18,94
P2-2,094360,KR7094360005,2024-10-31,2024-11-01,13730.0,13730.0,False,2025-01-31,2025-02-03,2025-01-31,2025-02-03,19180.0,EXECUTED,,2025-01-02,2025-01-03,16400.0,EXECUTED,,17.0,REALIZED,REALIZED,39.69410050983249,19.446467589220685,39.37317319321308,19.17205632787773,-20.201116865335347,60,43,True,True,3,12
P2-2,094480,KR7094480001,2022-06-30,2022-07-01,5870.0,5870.0,False,2022-08-31,2022-09-01,2022-08-31,2022-09-01,6540.0,EXECUTED,,2022-08-01,2022-08-02,7350.0,EXECUTED,,21.0,REALIZED,REALIZED,11.413969335604769,25.2129471890971,11.158011595927174,24.925288261477796,13.767276665550622,44,23,True,True,2,6
P2-2,094820,KR7094820008,2026-07-31,2026-08-03,10650.0,10650.0,False,2026-08-31,2026-09-01,2026-08-31,2026-09-01,11730.0,EXECUTED,,2026-08-31,2026-09-01,11730.0,EXECUTED,,0.0,REALIZED,REALIZED,10.140845070422543,10.140845070422543,9.88781215257104,9.88781215257104,0.0,21,21,True,True,1,6
P2-2,096630,KR7096630009,2024-07-31,2024-08-01,5915.0,5915.0,False,,,2026-04-30,2026-05-06,5240.0,EXECUTED,2026-05-04,2026-03-03,2026-03-04,4150.0,EXECUTED,,42.0,REALIZED,REALIZED,-11.411665257819104,-29.83939137785292,-11.615184350241957,-30.000575391890095,-18.385391041648138,425,382,False,False,21,100
P2-2,098120,KR7098120009,2022-09-30,2022-10-04,4940.0,4940.0,False,2022-11-30,2022-12-01,2022-11-30,2022-12-01,6190.0,EXECUTED,,2022-11-30,2022-12-01,6190.0,EXECUTED,,0.0,REALIZED,REALIZED,25.303643724696357,25.303643724696357,25.015776434693148,25.015776434693148,0.0,42,42,True,True,2,11
P2-2,100090,KR7100090000,2026-06-30,2026-07-01,15220.0,15220.0,False,,,,,,OPEN_AT_CUTOFF,,,,,OPEN_AT_CUTOFF,,,OPEN_AT_CUTOFF,OPEN_AT_CUTOFF,,,,,,42,42,True,True,2,11
P2-2,100220,KR7100220003,2021-11-30,2021-12-01,7110.0,7110.0,False,2022-01-28,2022-02-03,2022-01-28,2022-02-03,6880.0,EXECUTED,,2022-01-03,2022-01-04,7770.0,EXECUTED,,19.0,REALIZED,REALIZED,-3.234880450070321,9.282700421940927,-3.4571845419838487,9.031638969300214,12.488823511284064,43,24,True,True,2,7
P2-2,100790,KR7100790005,2026-06-30,2026-07-01,19420.0,19420.0,False,,,,,,OPEN_AT_CUTOFF,,,,,OPEN_AT_CUTOFF,,,OPEN_AT_CUTOFF,OPEN_AT_CUTOFF,,,,,,42,42,True,True,2,11
P2-2,101490,KR7101490001,2026-07-31,2026-08-03,40100.0,40100.0,False,2026-08-31,2026-09-01,2026-08-31,2026-09-01,41100.0,EXECUTED,,2026-08-31,2026-09-01,41100.0,EXECUTED,,0.0,REALIZED,REALIZED,2.493765586034913,2.493765586034913,2.258300745073849,2.258300745073849,0.0,21,21,True,True,1,6
P2-2,101730,KR7101730000,2022-09-30,2022-10-04,14500.0,14500.0,False,2023-02-28,2023-03-02,2023-02-28,2023-03-02,18370.0,EXECUTED,,2023-02-28,2023-03-02,18370.0,EXECUTED,,0.0,REALIZED,REALIZED,26.689655172413794,26.689655172413794,26.398603718347147,26.398603718347147,0.0,103,103,True,True,5,27
P2-2,102120,KR7102120003,2024-09-30,2024-10-02,10850.0,10850.0,False,2025-02-28,2025-03-04,2025-02-28,2025-03-04,12590.0,EXECUTED,,2025-02-28,2025-03-04,12590.0,EXECUTED,,0.0,REALIZED,REALIZED,16.03686635944701,16.03686635944701,15.770288171722902,15.770288171722902,0.0,100,100,True,True,5,27
P2-2,103140,KR7103140000,2026-06-30,2026-07-01,65000.0,65000.0,False,2026-07-31,2026-08-03,2026-07-31,2026-08-03,70000.0,EXECUTED,,2026-07-31,2026-08-03,70000.0,EXECUTED,,0.0,REALIZED,REALIZED,7.692307692307687,7.692307692307687,7.44489994064097,7.44489994064097,0.0,23,23,True,True,1,6
P2-2,103840,KR7103840005,2024-09-30,2024-10-02,4385.0,4385.0,False,2025-09-30,2025-10-01,2025-09-30,2025-10-01,4290.0,EXECUTED,,2025-09-01,2025-09-02,5010.0,EXECUTED,,21.0,REALIZED,REALIZED,-2.166476624857472,14.25313568985176,-2.3912352225191724,13.990655369505568,16.38189059202474,245,224,True,True,12,59
P2-2,104200,KR7104200001,2022-06-30,2022-07-01,8670.0,8670.0,False,2026-02-27,2026-03-03,2026-02-27,2026-03-03,5620.0,EXECUTED,,2022-08-01,2022-08-02,9170.0,EXECUTED,,872.0,REALIZED,REALIZED,-35.17877739331027,5.767012687427919,-35.32769492780336,5.524028027053962,40.85172295485732,895,23,True,True,44,6
P2-2,104480,KR7104480009,2026-06-30,2026-07-01,1585.0,1585.0,False,2026-08-31,2026-09-01,2026-08-31,2026-09-01,1757.0,EXECUTED,,2026-08-14,2026-08-18,1772.0,EXECUTED,,10.0,REALIZED,REALIZED,10.851735015772878,11.798107255520506,10.597068929435792,11.541267013637002,0.9441980842012097,43,33,True,True,2,8
P2-2,105550,KR7105550008,2025-07-31,2025-08-01,12800.0,12800.0,False,,,,,,OPEN_AT_CUTOFF,,,,,OPEN_AT_CUTOFF,,,OPEN_AT_CUTOFF,OPEN_AT_CUTOFF,,,,,,263,263,True,True,13,67
P2-2,106190,KR7106190002,2021-11-30,2021-12-01,8105.0,8105.0,False,2022-01-28,2022-02-03,2022-01-28,2022-02-03,7872.0,EXECUTED,,2022-01-03,2022-01-04,9072.0,EXECUTED,,19.0,REALIZED,REALIZED,-2.8747686613201706,11.930906847624922,-3.0979000588223005,11.673761517576754,14.771661576399055,43,24,True,True,2,7
P2-2,108380,KR7108380007,2026-07-31,2026-08-03,16400.0,16400.0,False,2026-08-31,2026-09-01,2026-08-31,2026-09-01,18500.0,EXECUTED,,2026-08-31,2026-09-01,18500.0,EXECUTED,,0.0,REALIZED,REALIZED,12.804878048780477,12.804878048780477,12.54572489426895,12.54572489426895,0.0,21,21,True,True,1,6
P2-2,108670,KR7108670001,2022-05-31,2022-06-02,50400.0,50400.0,False,2023-07-31,2023-08-01,2023-07-31,2023-08-01,55000.0,EXECUTED,,2023-07-31,2023-08-01,55000.0,EXECUTED,,0.0,REALIZED,REALIZED,9.126984126984116,9.126984126984116,8.87628041037174,8.87628041037174,0.0,290,290,True,True,14,73
P2-2,108860,KR7108860008,2024-09-30,2024-10-02,11160.0,11160.0,False,2024-12-30,2025-01-02,2024-12-30,2025-01-02,11700.0,EXECUTED,,2024-12-02,2024-12-03,14400.0,EXECUTED,,19.0,REALIZED,REALIZED,4.8387096774193505,29.032258064516125,4.597857661107851,28.735824813671208,24.137967152563355,62,43,True,True,3,12
P2-2,109080,KR7109080002,2022-06-30,2022-07-01,11000.0,11000.0,False,2022-08-31,2022-09-01,2022-08-31,2022-09-01,13050.0,EXECUTED,,2022-08-01,2022-08-02,14850.0,EXECUTED,,21.0,REALIZED,REALIZED,18.63636363636363,35.00000000000001,18.363813473569746,34.68985671130349,16.326043237733746,44,23,True,True,2,6
P2-2,109080,KR7109080002,2022-09-30,2022-10-04,10700.0,10700.0,False,2022-11-30,2022-12-01,2022-11-30,2022-12-01,13300.0,EXECUTED,,2022-11-30,2022-12-01,13300.0,EXECUTED,,0.0,REALIZED,REALIZED,24.29906542056075,24.29906542056075,24.013506006253827,24.013506006253827,0.0,42,42,True,True,2,11
P2-2,110990,KR7110990009,2022-09-30,2022-10-04,6000.0,6000.0,False,2023-03-31,2023-04-03,2023-03-31,2023-04-03,8330.0,EXECUTED,,2023-03-31,2023-04-03,8330.0,EXECUTED,,0.0,REALIZED,REALIZED,38.83333333333334,38.83333333333334,38.514383506809644,38.514383506809644,0.0,125,125,True,True,6,32
P2-2,112040,KR7112040001,2022-06-30,2022-07-01,59500.0,59500.0,False,2024-01-31,2024-02-01,2024-01-31,2024-02-01,51000.0,EXECUTED,,2024-01-02,2024-01-03,62500.0,EXECUTED,,21.0,REALIZED,REALIZED,-14.28571428571429,5.042016806722693,-14.482630659489848,4.800697721213432,19.28332838070328,393,372,True,True,19,94
P2-2,114810,KR7114810005,2026-07-31,2026-08-03,8500.0,8500.0,False,2026-08-31,2026-09-01,2026-08-31,2026-09-01,13060.0,EXECUTED,,2026-08-31,2026-09-01,13060.0,EXECUTED,,0.0,REALIZED,REALIZED,53.647058823529406,53.647058823529406,53.29407657077334,53.29407657077334,0.0,21,21,True,True,1,6
P2-2,115180,KR7115180002,2026-07-31,2026-08-03,16630.0,16630.0,False,2026-08-31,2026-09-01,2026-08-31,2026-09-01,20350.0,EXECUTED,,2026-08-14,2026-08-18,25850.0,EXECUTED,,10.0,REALIZED,REALIZED,22.369212266987383,55.44197233914612,22.088086415671192,55.084866528014786,32.99678011234359,21,11,True,True,1,3
P2-2,117730,KR7117730002,2024-05-31,2024-06-03,13810.0,13810.0,False,2025-09-30,2025-10-01,2025-09-30,2025-10-01,12020.0,EXECUTED,,2025-09-30,2025-10-01,12020.0,EXECUTED,,0.0,REALIZED,REALIZED,-12.961622013034034,-12.961622013034034,-13.16158030037986,-13.16158030037986,0.0,326,326,True,True,16,85
P2-2,117730,KR7117730002,2026-06-30,2026-07-01,14320.0,14320.0,False,,,,,,OPEN_AT_CUTOFF,,,,,OPEN_AT_CUTOFF,,,OPEN_AT_CUTOFF,OPEN_AT_CUTOFF,,,,,,42,42,True,True,2,11
P2-2,120240,KR7120240007,2022-02-28,2022-03-02,17400.0,17400.0,False,2022-03-31,2022-04-01,2022-03-31,2022-04-01,21000.0,EXECUTED,,2022-03-31,2022-04-01,21000.0,EXECUTED,,0.0,REALIZED,REALIZED,20.68965517241379,20.68965517241379,20.412387864511427,20.412387864511427,0.0,22,22,True,True,1,6
P2-2,121850,KR7121850002,2021-09-30,2021-10-01,18776.0,18776.0,False,2022-01-28,2022-02-03,2022-01-28,2022-02-03,53655.0,EXECUTED,,2022-01-03,2022-01-04,55876.0,EXECUTED,,19.0,REALIZED,REALIZED,185.76374094588837,197.5926714955262,185.1072394169463,196.90899468197364,11.801755265027339,84,65,True,True,4,17
P2-2,124500,KR7124500000,2026-07-31,2026-08-03,20550.0,20550.0,False,2026-08-31,2026-09-01,2026-08-31,2026-09-01,35750.0,EXECUTED,,2026-08-21,2026-08-24,35400.0,EXECUTED,,6.0,REALIZED,REALIZED,73.96593673965937,72.26277372262773,73.56627475638817,71.86702451401797,-1.6992502423701978,21,15,True,True,1,4
P2-2,125210,KR7125210005,2026-06-30,2026-07-01,6400.0,6400.0,False,,,,,,OPEN_AT_CUTOFF,,,,,OPEN_AT_CUTOFF,,,OPEN_AT_CUTOFF,OPEN_AT_CUTOFF,,,,,,42,42,True,True,2,11
P2-2,131400,KR7131400004,2023-08-31,2023-09-01,4915.0,4915.0,False,2026-02-27,2026-03-03,2026-02-27,2026-03-03,1710.0,EXECUTED,,2026-02-02,2026-02-03,1938.0,EXECUTED,,16.0,REALIZED,REALIZED,-65.20854526958291,-60.569684638860636,-65.28847368579495,-60.66027017723429,4.6282035085606665,604,588,True,True,30,152
P2-2,131970,KR7131970006,2024-10-31,2024-11-01,29700.0,29700.0,False,2025-07-31,2025-08-01,2025-07-31,2025-08-01,31800.0,EXECUTED,,2025-07-31,2025-08-01,31800.0,EXECUTED,,0.0,REALIZED,REALIZED,7.070707070707072,7.070707070707072,6.824727358011007,6.824727358011007,0.0,183,183,True,True,9,47
P2-2,131970,KR7131970006,2026-07-31,2026-08-03,65500.0,65500.0,False,2026-08-31,2026-09-01,2026-08-31,2026-09-01,79100.0,EXECUTED,,2026-08-14,2026-08-18,86900.0,EXECUTED,,10.0,REALIZED,REALIZED,20.763358778625964,32.671755725190835,20.48592214717675,32.36696124639269,11.88103909921594,21,11,True,True,1,3
P2-2,134060,KR7134060003,2022-02-28,2022-03-02,7480.0,7480.0,False,2022-03-31,2022-04-01,2022-03-31,2022-04-01,7710.0,EXECUTED,,2022-03-31,2022-04-01,7710.0,EXECUTED,,0.0,REALIZED,REALIZED,3.074866310160429,3.074866310160429,2.8380664729797944,2.8380664729797944,0.0,22,22,True,True,1,6
P2-2,140410,KR7140410002,2024-09-30,2024-10-02,27000.0,27000.0,False,2024-10-31,2024-11-01,2024-10-31,2024-11-01,35300.0,EXECUTED,,2024-10-31,2024-11-01,35300.0,EXECUTED,,0.0,REALIZED,REALIZED,30.740740740740733,30.740740740740733,30.440382494074413,30.440382494074413,0.0,21,21,True,True,1,6
P2-2,140410,KR7140410002,2026-06-30,2026-07-01,60700.0,60700.0,False,2026-08-31,2026-09-01,2026-08-31,2026-09-01,70900.0,EXECUTED,,2026-08-31,2026-09-01,70900.0,EXECUTED,,0.0,REALIZED,REALIZED,16.80395387149918,16.80395387149918,16.53561340937726,16.53561340937726,0.0,43,43,True,True,2,11
P2-2,148150,KR7148150006,2024-12-30,2025-01-02,8270.0,8270.0,False,2025-01-31,2025-02-03,2025-01-31,2025-02-03,7610.0,EXECUTED,,2025-01-02,2025-01-03,8720.0,EXECUTED,,17.0,REALIZED,REALIZED,-7.980652962515111,5.441354292623934,-8.192054317432962,5.199117786068919,13.39117210350188,19,2,True,True,1,1
P2-2,148150,KR7148150006,2025-10-31,2025-11-03,5720.0,5720.0,False,,,,,,OPEN_AT_CUTOFF,,,,,OPEN_AT_CUTOFF,,,OPEN_AT_CUTOFF,OPEN_AT_CUTOFF,,,,,,203,203,True,True,10,53
P2-2,156100,KR7156100000,2026-04-30,2026-05-04,7320.0,7320.0,False,,,,,,OPEN_AT_CUTOFF,,,,,OPEN_AT_CUTOFF,,,OPEN_AT_CUTOFF,OPEN_AT_CUTOFF,,,,,,81,81,True,True,4,21
P2-2,160550,KR7160550000,2022-06-30,2022-07-01,6440.0,6440.0,False,2022-08-31,2022-09-01,2022-08-31,2022-09-01,7390.0,EXECUTED,,2022-08-01,2022-08-02,7660.0,EXECUTED,,21.0,REALIZED,REALIZED,14.751552795031063,18.944099378881994,14.487927432313397,18.670842237012273,4.182914804698877,44,23,True,True,2,6
P2-2,160550,KR7160550000,2022-09-30,2022-10-04,5670.0,5670.0,False,2022-11-30,2022-12-01,2022-11-30,2022-12-01,7830.0,EXECUTED,,2022-11-30,2022-12-01,7830.0,EXECUTED,,0.0,REALIZED,REALIZED,38.095238095238095,38.095238095238095,37.77798393748859,37.77798393748859,0.0,42,42,True,True,2,11
P2-2,168330,KR7168330009,2025-10-31,2025-11-03,2380.0,2380.0,False,2025-12-30,2026-01-02,2025-12-30,2026-01-02,3105.0,EXECUTED,,2025-12-05,2025-12-08,3045.0,EXECUTED,,16.0,REALIZED,REALIZED,30.46218487394958,27.941176470588225,30.16246656974708,27.647249824437957,-2.515216745309125,42,26,True,True,2,7
P2-2,174900,KR7174900001,2026-06-30,2026-07-01,27850.0,27850.0,False,,,,,,OPEN_AT_CUTOFF,,,,,OPEN_AT_CUTOFF,,,OPEN_AT_CUTOFF,OPEN_AT_CUTOFF,,,,,,42,42,True,True,2,11
P2-2,179290,KR7179290002,2023-10-31,2023-11-01,6590.0,6590.0,False,2024-04-30,2024-05-02,2024-04-30,2024-05-02,7830.0,EXECUTED,,2024-04-01,2024-04-02,7930.0,EXECUTED,,20.0,REALIZED,REALIZED,18.81638846737481,20.333839150227618,18.54342472315027,20.05738927900149,1.5139645558512207,124,104,True,True,6,28
P2-2,187660,KR7187660006,2026-06-30,2026-07-01,5120.0,5120.0,False,,,,,,OPEN_AT_CUTOFF,,,,,OPEN_AT_CUTOFF,,,OPEN_AT_CUTOFF,OPEN_AT_CUTOFF,,,,,,42,42,True,True,2,11
P2-2,190510,KR7190510008,2023-10-31,2023-11-01,10840.0,10840.0,False,2023-11-30,2023-12-01,2023-11-30,2023-12-01,12960.0,EXECUTED,,2023-11-30,2023-12-01,12960.0,EXECUTED,,0.0,REALIZED,REALIZED,19.55719557195572,19.55719557195572,19.282529928829682,19.282529928829682,0.0,23,23,True,True,1,6
P2-2,192400,KR7192400000,2022-06-30,2022-07-01,16050.0,16050.0,False,2022-08-31,2022-09-01,2022-08-31,2022-09-01,17750.0,EXECUTED,,2022-08-01,2022-08-02,17200.0,EXECUTED,,21.0,REALIZED,REALIZED,10.59190031152648,7.1651090342679025,10.337831158446399,6.918912446494518,-3.4189187119518802,44,23,True,True,2,6
P2-2,194480,KR7194480000,2022-05-31,2022-06-02,51300.0,51300.0,False,2023-01-31,2023-02-01,2023-01-31,2023-02-01,61300.0,EXECUTED,,2023-01-02,2023-01-03,56600.0,EXECUTED,,19.0,REALIZED,REALIZED,19.49317738791423,10.331384015594548,19.218658817455836,10.07791336163133,-9.140745455824506,166,147,True,True,8,38
P2-2,196300,KR7196300008,2022-05-31,2022-06-02,11150.0,11150.0,False,2023-05-31,2023-06-01,2023-05-31,2023-06-01,14930.0,EXECUTED,,2023-05-02,2023-05-03,14050.0,EXECUTED,,19.0,REALIZED,REALIZED,33.901345291479814,26.00896860986548,33.59372600563102,25.71948093631051,-7.874245069320509,248,229,True,True,12,58
P2-2,196700,KR7196700009,2022-06-30,2022-07-01,3150.0,3150.0,False,2022-08-31,2022-09-01,2022-08-31,2022-09-01,3340.0,EXECUTED,,2022-08-01,2022-08-02,3795.0,EXECUTED,,21.0,REALIZED,REALIZED,6.0317460317460325,20.47619047619047,5.78815318418664,20.199413573050396,14.411260388863756,44,23,True,True,2,6
P2-2,206650,KR7206650004,2022-05-31,2022-06-02,17600.0,17600.0,False,2024-01-31,2024-02-01,2024-01-31,2024-02-01,10980.0,EXECUTED,,2024-01-31,2024-02-01,10980.0,EXECUTED,,0.0,REALIZED,REALIZED,-37.61363636363636,-37.61363636363636,-37.75696015614005,-37.75696015614005,0.0,413,413,True,True,20,105
P2-2,213420,KR7213420003,2022-06-30,2022-07-01,30150.0,30150.0,False,2022-08-31,2022-09-01,2022-08-31,2022-09-01,35800.0,EXECUTED,,2022-08-01,2022-08-02,31550.0,EXECUTED,,21.0,REALIZED,REALIZED,18.7396351575456,4.643449419568824,18.466847743127946,4.403045985913034,-14.063801757214911,44,23,True,True,2,6
P2-2,214390,KR7214390007,2021-11-30,2021-12-01,5922.0,5922.0,False,2022-01-28,2022-02-03,2022-01-28,2022-02-03,6274.0,EXECUTED,,2022-01-03,2022-01-04,7962.0,EXECUTED,,19.0,REALIZED,REALIZED,5.943937858831472,34.44782168186424,5.700546738053713,34.138946944275375,28.43840020622166,43,24,True,True,2,7
P2-2,224110,KR7224110007,2022-02-28,2022-03-02,14350.0,14350.0,False,2023-06-30,2023-07-03,2023-06-30,2023-07-03,15520.0,EXECUTED,,2023-06-30,2023-07-03,15520.0,EXECUTED,,0.0,REALIZED,REALIZED,8.15331010452962,8.15331010452962,7.9048432654242,7.9048432654242,0.0,332,332,True,True,16,84
P2-2,226950,KR7226950004,2022-05-31,2022-06-02,22700.0,22700.0,False,2024-09-30,2024-10-02,2024-09-30,2024-10-02,16150.0,EXECUTED,,2024-09-02,2024-09-03,15460.0,EXECUTED,,17.0,REALIZED,REALIZED,-28.854625550660796,-31.8942731277533,-29.018071924047916,-32.050736343391996,-3.03266441934408,574,557,True,True,28,142
P2-2,227610,KR7227610003,2023-01-31,2023-02-01,3636.0,3636.0,False,2023-07-31,2023-08-01,2023-07-31,2023-08-01,5940.0,EXECUTED,,2023-06-16,2023-06-19,6520.0,EXECUTED,,31.0,REALIZED,REALIZED,63.36633663366336,79.31793179317933,62.99102572324957,78.90597436289346,15.914948639643889,125,94,True,True,6,24
P2-2,227610,KR7227610003,2023-08-31,2023-09-01,4670.0,4670.0,False,,,,,,OPEN_AT_CUTOFF,,,,,OPEN_AT_CUTOFF,,,OPEN_AT_CUTOFF,OPEN_AT_CUTOFF,,,,,,727,727,True,True,36,188
P2-2,228340,KR7228340006,2026-07-31,2026-08-03,2390.0,2390.0,False,2026-08-31,2026-09-01,2026-08-31,2026-09-01,3190.0,EXECUTED,,2026-08-14,2026-08-18,3155.0,EXECUTED,,10.0,REALIZED,REALIZED,33.47280334728033,32.00836820083681,33.16616857556427,31.70509776047188,-1.4610708150923912,21,11,True,True,1,3
P2-2,234100,KR7234100006,2022-05-31,2022-06-02,13855.0,13855.0,False,,,,,,OPEN_AT_CUTOFF,,2026-02-02,2026-02-03,6020.0,EXECUTED,,,OPEN_AT_CUTOFF,REALIZED,,-56.54998195597257,,-56.64980218923256,,1038,899,True,True,51,230
P2-2,234340,KR7234340008,2026-07-31,2026-08-03,16270.0,16270.0,False,2026-08-31,2026-09-01,2026-08-31,2026-09-01,23500.0,EXECUTED,,2026-08-28,2026-08-31,22200.0,EXECUTED,,1.0,REALIZED,REALIZED,44.437615242778115,36.44744929317763,44.10579037609015,36.1339806957107,-7.971809680379451,21,20,True,True,1,5
P2-2,249420,KR7249420001,2023-01-31,2023-02-01,25900.0,25900.0,False,2025-07-31,2025-08-01,2025-07-31,2025-08-01,19120.0,EXECUTED,,2025-07-31,2025-08-01,19120.0,EXECUTED,,0.0,REALIZED,REALIZED,-26.177606177606183,-26.177606177606183,-26.347202622047107,-26.347202622047107,0.0,611,611,True,True,30,157
P2-2,251370,KR7251370003,2026-06-30,2026-07-01,10820.0,10820.0,False,,,,,,OPEN_AT_CUTOFF,,,,,OPEN_AT_CUTOFF,,,OPEN_AT_CUTOFF,OPEN_AT_CUTOFF,,,,,,42,42,True,True,2,11
P2-2,263860,KR7263860009,2026-03-31,2026-04-01,13470.0,13470.0,False,2026-04-30,2026-05-04,2026-04-30,2026-05-04,15950.0,EXECUTED,,2026-04-30,2026-05-04,15950.0,EXECUTED,,0.0,REALIZED,REALIZED,18.411284335560495,18.411284335560495,18.13925126043008,18.13925126043008,0.0,23,23,True,True,1,6
P2-2,264450,KR7264450008,2026-07-31,2026-08-03,9400.0,9400.0,False,2026-08-31,2026-09-01,2026-08-31,2026-09-01,10590.0,EXECUTED,,2026-08-14,2026-08-18,11320.0,EXECUTED,,10.0,REALIZED,REALIZED,12.6595744680851,20.425531914893625,12.400755127872642,20.148871392589097,7.7481162647164545,21,11,True,True,1,3
P2-2,265520,KR7265520007,2024-07-31,2024-08-01,21150.0,21150.0,False,2025-07-31,2025-08-01,2025-07-31,2025-08-01,18060.0,EXECUTED,,2025-07-31,2025-08-01,18060.0,EXECUTED,,0.0,REALIZED,REALIZED,-14.609929078014183,-14.609929078014183,-14.80610061444213,-14.80610061444213,0.0,242,242,True,True,12,64
P2-2,289080,KR7289080004,2026-06-30,2026-07-01,2015.0,2015.0,False,2026-08-31,2026-09-01,2026-08-31,2026-09-01,2350.0,EXECUTED,,2026-08-31,2026-09-01,2350.0,EXECUTED,,0.0,REALIZED,REALIZED,16.62531017369726,16.62531017369726,16.357380120048994,16.357380120048994,0.0,43,43,True,True,2,11
P2-2,290650,KR7290650001,2025-02-28,2025-03-04,21307.0,21307.0,False,2025-06-30,2025-07-01,2025-06-30,2025-07-01,26488.0,EXECUTED,,2025-06-02,2025-06-04,27118.0,EXECUTED,,18.0,REALIZED,REALIZED,24.315952503871973,27.27272727272727,24.030354293894284,26.980336293484797,2.9499819995905128,81,63,True,True,4,17
P2-2,290670,KR7290670009,2023-08-31,2023-09-01,43650.0,43650.0,False,,,,,,OPEN_AT_CUTOFF,,,,,OPEN_AT_CUTOFF,,,OPEN_AT_CUTOFF,OPEN_AT_CUTOFF,,,,,,727,727,True,True,36,188
P2-2,294570,KR7294570007,2026-06-30,2026-07-01,19600.0,19600.0,False,2026-08-31,2026-09-01,2026-08-31,2026-09-01,30650.0,EXECUTED,,2026-08-31,2026-09-01,30650.0,EXECUTED,,0.0,REALIZED,REALIZED,56.377551020408156,56.377551020408156,56.01829585039502,56.01829585039502,0.0,43,43,True,True,2,11
P2-2,298020,KR7298020009,2026-06-30,2026-07-01,280000.0,280000.0,False,2026-07-31,2026-08-03,2026-07-31,2026-08-03,318000.0,EXECUTED,,2026-07-24,2026-07-27,329000.0,EXECUTED,,5.0,REALIZED,REALIZED,13.571428571428568,17.500000000000004,13.310514376175963,17.230060470949347,3.9195460947733842,23,18,True,True,1,5
P2-2,298380,KR7298380007,2026-07-31,2026-08-03,65400.0,65400.0,False,,,,,,OPEN_AT_CUTOFF,,,,,OPEN_AT_CUTOFF,,,OPEN_AT_CUTOFF,OPEN_AT_CUTOFF,,,,,,20,20,True,True,1,6
P2-2,300080,KR7300080009,2026-06-30,2026-07-01,7400.0,7400.0,False,2026-08-31,2026-09-01,2026-08-31,2026-09-01,9000.0,EXECUTED,,2026-08-31,2026-09-01,9000.0,EXECUTED,,0.0,REALIZED,REALIZED,21.62162162162162,21.62162162162162,21.342213253426557,21.342213253426557,0.0,43,43,True,True,2,11
P2-2,306040,KR7306040007,2026-03-31,2026-04-01,6000.0,6000.0,False,2026-04-30,2026-05-04,2026-04-30,2026-05-04,7360.0,EXECUTED,,2026-04-03,2026-04-06,6220.0,EXECUTED,,19.0,REALIZED,REALIZED,22.666666666666657,3.6666666666666625,22.384857456196762,3.4285072523836835,-18.95635020381308,23,4,True,True,1,2
P2-2,308080,KR7308080001,2026-03-31,2026-04-01,5500.0,5500.0,False,2026-06-30,2026-07-01,2026-06-30,2026-07-01,6260.0,EXECUTED,,2026-04-24,2026-04-27,11800.0,EXECUTED,,43.0,REALIZED,REALIZED,13.818181818181818,114.54545454545455,13.556700742459249,114.05256689473151,100.49586615227227,62,19,True,True,3,5
P2-2,314130,KR7314130006,2026-06-30,2026-07-01,3860.0,3860.0,False,,,,,,OPEN_AT_CUTOFF,,,,,OPEN_AT_CUTOFF,,,OPEN_AT_CUTOFF,OPEN_AT_CUTOFF,,,,,,42,42,True,True,2,11
P2-2,317330,KR7317330009,2022-09-30,2022-10-04,15750.0,15750.0,False,2022-10-31,2022-11-01,2022-10-31,2022-11-01,17450.0,EXECUTED,,2022-10-31,2022-11-01,17450.0,EXECUTED,,0.0,REALIZED,REALIZED,10.7936507936508,10.7936507936508,10.53911814754831,10.53911814754831,0.0,20,20,True,True,1,6
P2-2,317690,KR7317690006,2024-10-31,2024-11-01,7310.0,7310.0,False,,,,,,OPEN_AT_CUTOFF,,,,,OPEN_AT_CUTOFF,,,OPEN_AT_CUTOFF,OPEN_AT_CUTOFF,,,,,,445,445,True,True,22,114
P2-2,317830,KR7317830008,2023-10-31,2023-11-01,8700.0,8700.0,False,2023-11-30,2023-12-01,2023-11-30,2023-12-01,10650.0,EXECUTED,,2023-11-30,2023-12-01,10650.0,EXECUTED,,0.0,REALIZED,REALIZED,22.413793103448263,22.413793103448263,22.132564834004476,22.132564834004476,0.0,23,23,True,True,1,6
P2-2,321820,KR7321820003,2025-06-30,2025-07-01,8570.0,8570.0,False,,,,,,OPEN_AT_CUTOFF,,,,,OPEN_AT_CUTOFF,,,OPEN_AT_CUTOFF,OPEN_AT_CUTOFF,,,,,,286,286,True,True,14,73
P2-2,322180,KR7322180001,2023-10-31,2023-11-01,5030.0,5030.0,False,2023-11-30,2023-12-01,2023-11-30,2023-12-01,5430.0,EXECUTED,,2023-11-03,2023-11-06,5780.0,EXECUTED,,19.0,REALIZED,REALIZED,7.9522862823061535,14.910536779324058,7.704281266825386,14.646546173526875,6.94226490670149,23,4,True,True,1,2
P2-2,322180,KR7322180001,2024-01-31,2024-02-01,5060.0,5060.0,False,2024-07-31,2024-08-01,2024-07-31,2024-08-01,5730.0,EXECUTED,,2024-04-01,2024-04-02,5600.0,EXECUTED,,82.0,REALIZED,REALIZED,13.241106719367579,10.671936758893285,12.980951391563345,10.417683733465033,-2.5632676580983116,123,41,True,True,6,12
P2-2,322310,KR7322310004,2024-10-31,2024-11-01,16890.0,16890.0,False,2025-01-31,2025-02-03,2025-01-31,2025-02-03,20800.0,EXECUTED,,2025-01-31,2025-02-03,20800.0,EXECUTED,,0.0,REALIZED,REALIZED,23.14979277679101,23.14979277679101,22.866873652834798,22.866873652834798,0.0,60,60,True,True,3,17
P2-2,322310,KR7322310004,2026-06-30,2026-07-01,22600.0,22600.0,False,,,,,,OPEN_AT_CUTOFF,,,,,OPEN_AT_CUTOFF,,,OPEN_AT_CUTOFF,OPEN_AT_CUTOFF,,,,,,42,42,True,True,2,11
P2-2,347700,KR7347700007,2026-07-31,2026-08-03,15200.0,15200.0,False,2026-08-31,2026-09-01,2026-08-31,2026-09-01,21200.0,EXECUTED,,2026-08-07,2026-08-10,25700.0,EXECUTED,,15.0,REALIZED,REALIZED,39.47368421052631,69.07894736842107,39.153263268988006,68.69051254778262,29.53724927879461,21,6,True,True,1,2
P2-2,377300,KR7377300009,2026-06-30,2026-07-01,41900.0,41900.0,False,2026-08-31,2026-09-01,2026-08-31,2026-09-01,46800.0,EXECUTED,,2026-08-28,2026-08-31,45400.0,EXECUTED,,1.0,REALIZED,REALIZED,11.694510739856812,8.35322195704058,11.437908496225635,8.104295848902643,-3.333612647322992,43,42,True,True,2,10
P2-2,382800,KR7382800001,2026-07-31,2026-08-03,4150.0,4150.0,False,2026-08-31,2026-09-01,2026-08-31,2026-09-01,5360.0,EXECUTED,,2026-08-07,2026-08-10,4570.0,EXECUTED,,15.0,REALIZED,REALIZED,29.156626506024086,10.120481927710845,28.85990753638319,9.867495791281922,-18.99241174510127,21,6,True,True,1,2
P2-2,388050,KR7388050007,2026-06-30,2026-07-01,8140.0,8140.0,False,2026-08-31,2026-09-01,2026-08-31,2026-09-01,9910.0,EXECUTED,,2026-08-31,2026-09-01,9910.0,EXECUTED,,0.0,REALIZED,REALIZED,21.74447174447174,21.74447174447174,21.46478114560175,21.46478114560175,0.0,43,43,True,True,2,11
P2-2,418420,KR7418420006,2026-06-30,2026-07-01,4350.0,4350.0,False,,,,,,OPEN_AT_CUTOFF,,,,,OPEN_AT_CUTOFF,,,OPEN_AT_CUTOFF,OPEN_AT_CUTOFF,,,,,,42,42,True,True,2,11
P2-2,900070,KYG3931T1076,2022-09-30,2022-10-04,1188.0,1188.0,False,2022-10-31,2022-11-01,2022-10-31,2022-11-01,1706.0,EXECUTED,,2022-10-31,2022-11-01,1706.0,EXECUTED,,0.0,REALIZED,REALIZED,43.6026936026936,43.6026936026936,43.272786849659404,43.272786849659404,0.0,20,20,True,True,1,6
P2-2,900250,KYG2115T1076,2023-10-31,2023-11-01,6732.0,6732.0,False,,,,,,OPEN_AT_CUTOFF,,,,,OPEN_AT_CUTOFF,,,OPEN_AT_CUTOFF,OPEN_AT_CUTOFF,,,,,,689,689,True,True,34,178
P2-2,950140,KR8840110108,2022-09-30,2022-10-04,4385.0,4385.0,False,2023-01-31,2023-02-01,2023-01-31,2023-02-01,5190.0,EXECUTED,,2023-01-02,2023-01-03,4970.0,EXECUTED,,19.0,REALIZED,REALIZED,18.358038768529084,13.34093500570126,18.086128017511772,13.080550336615303,-5.005577680896469,83,64,True,True,4,17
P3-1,000680,KR7000680009,2024-07-31,2024-08-01,3950.0,3950.0,False,2025-01-31,2025-02-03,2025-01-31,2025-02-03,3725.0,EXECUTED,,2025-01-31,2025-02-03,3725.0,EXECUTED,,0.0,REALIZED,REALIZED,-5.696202531645566,-5.696202531645566,-5.91285208633745,-5.91285208633745,0.0,119,119,True,True,6,34
P3-1,001360,KR7001360007,2022-02-28,2022-03-02,3852.0,3852.0,False,,,,,,OPEN_AT_CUTOFF,,,,,OPEN_AT_CUTOFF,,,OPEN_AT_CUTOFF,OPEN_AT_CUTOFF,,,,,,796,796,True,True,39,204
P3-1,001380,KR7001380005,2025-04-30,2025-05-02,4317.0,4317.0,False,,,,,,OPEN_AT_CUTOFF,,,,,OPEN_AT_CUTOFF,,,OPEN_AT_CUTOFF,OPEN_AT_CUTOFF,,,,,,19,19,True,True,1,5
P3-1,001470,KR7001470004,2024-01-31,2024-02-01,33376.0,33376.0,False,2024-02-29,2024-03-04,2024-02-29,2024-03-04,40672.0,EXECUTED,,2024-02-16,2024-02-19,44614.0,EXECUTED,,9.0,REALIZED,REALIZED,21.860019175455413,33.6709012464046,21.580063122805825,33.36381137295583,11.783748250150005,20,11,True,True,1,4
P3-1,001620,KR7001620004,2022-02-28,2022-03-02,3585.0,3585.0,False,2022-03-31,2022-04-01,2022-03-31,2022-04-01,3815.0,EXECUTED,,2022-03-31,2022-04-01,3815.0,EXECUTED,,0.0,REALIZED,REALIZED,6.41562064156207,6.41562064156207,6.1711458967142585,6.1711458967142585,0.0,22,22,True,True,1,6
P3-1,001620,KR7001620004,2022-05-31,2022-06-02,3585.0,3585.0,False,2024-05-31,2024-06-03,2024-05-31,2024-06-03,3075.0,EXECUTED,,2023-05-02,2023-05-03,4325.0,EXECUTED,,264.0,REALIZED,REALIZED,-14.225941422594147,20.641562064156215,-14.42299511601669,20.36440524332612,34.78740035934281,493,229,True,True,24,58
P3-1,002410,KR7002410009,2022-02-28,2022-03-02,4085.0,4085.0,False,2022-03-31,2022-04-01,2022-03-31,2022-04-01,6620.0,EXECUTED,,2022-03-31,2022-04-01,6620.0,EXECUTED,,0.0,REALIZED,REALIZED,62.05630354957161,62.05630354957161,61.684002253742996,61.684002253742996,0.0,22,22,True,True,1,6
P3-1,002460,KR7002460004,2022-09-30,2022-10-04,11750.0,11750.0,False,2024-12-30,2025-01-02,2024-12-30,2025-01-02,9690.0,EXECUTED,,2024-12-13,2024-12-16,9640.0,EXECUTED,,10.0,REALIZED,REALIZED,-17.531914893617017,-17.957446808510635,-17.721373583449594,-18.145927899324455,-0.42455431587486103,552,542,True,True,27,139
P3-1,003530,KR7003530003,2022-09-30,2022-10-04,2480.0,2480.0,False,2023-01-31,2023-02-01,2023-01-31,2023-02-01,3345.0,EXECUTED,,2023-01-31,2023-02-01,3345.0,EXECUTED,,0.0,REALIZED,REALIZED,34.87903225806453,34.87903225806453,34.56916687554068,34.56916687554068,0.0,83,83,True,True,4,22
P3-1,003850,KR7003850005,2022-06-30,2022-07-01,10250.0,10250.0,False,2023-11-30,2023-12-01,2023-11-30,2023-12-01,9570.0,EXECUTED,,2022-08-01,2022-08-02,11200.0,EXECUTED,,329.0,REALIZED,REALIZED,-6.63414634146341,9.268292682926838,-6.848641103727216,9.017264330016218,15.865905433743434,352,23,True,True,17,6
P3-1,003960,KR7003960002,2024-10-31,2024-11-01,43500.0,43500.0,False,,,,,,OPEN_AT_CUTOFF,,,,,OPEN_AT_CUTOFF,,,OPEN_AT_CUTOFF,OPEN_AT_CUTOFF,,,,,,140,140,True,True,7,36
P3-1,004100,KR7004100004,2024-04-30,2024-05-02,2030.0,2030.0,False,2024-05-31,2024-06-03,2024-05-31,2024-06-03,2590.0,EXECUTED,,2024-05-17,2024-05-20,2680.0,EXECUTED,,10.0,REALIZED,REALIZED,27.586206896551737,32.01970443349753,27.29309574248351,31.71640794975128,4.42331220726777,21,11,True,True,1,4
P3-1,004920,KR7004920005,2024-01-31,2024-02-01,1322.0,13220.0,True,2024-11-29,2024-12-02,2024-11-29,2024-12-02,12880.0,EXECUTED,,2024-10-11,2024-10-14,13940.0,EXECUTED,,35.0,REALIZED,REALIZED,-2.571860816944027,5.446293494705001,-2.795688102113014,5.204045641036048,7.999733743149062,203,168,True,True,10,45
P3-1,004980,KR7004980009,2022-09-30,2022-10-04,7880.0,7880.0,False,2022-10-31,2022-11-01,2022-10-31,2022-11-01,9570.0,EXECUTED,,2022-10-31,2022-11-01,9570.0,EXECUTED,,0.0,REALIZED,REALIZED,21.446700507614214,21.446700507614214,21.167693995786287,21.167693995786287,0.0,20,20,True,True,1,6
P3-1,005160,KR7005160007,2023-10-31,2023-11-01,4375.0,4375.0,False,2023-11-30,2023-12-01,2023-11-30,2023-12-01,4850.0,EXECUTED,,2023-11-30,2023-12-01,4850.0,EXECUTED,,0.0,REALIZED,REALIZED,10.857142857142854,10.857142857142854,10.602464347059804,10.602464347059804,0.0,23,23,True,True,1,6
P3-1,005860,KR7005860002,2023-03-31,2023-04-03,4300.0,4300.0,False,2023-05-31,2023-06-01,2023-05-31,2023-06-01,6050.0,EXECUTED,,2023-05-02,2023-05-03,5800.0,EXECUTED,,19.0,REALIZED,REALIZED,40.697674418604656,34.883720930232556,40.37444153374439,34.57384477615164,-5.80059675759275,41,22,True,True,2,6
P3-1,005870,KR7005870001,2023-02-28,2023-03-02,6000.0,6000.0,False,2024-01-31,2024-02-01,2024-01-31,2024-02-01,6380.0,EXECUTED,,2024-01-31,2024-02-01,6380.0,EXECUTED,,0.0,REALIZED,REALIZED,6.333333333333324,6.333333333333324,6.089047631866218,6.089047631866218,0.0,228,228,True,True,11,58
P3-1,006110,KR7006110001,2024-09-30,2024-10-02,50800.0,50800.0,False,,,,,,OPEN_AT_CUTOFF,,,,,OPEN_AT_CUTOFF,,,OPEN_AT_CUTOFF,OPEN_AT_CUTOFF,,,,,,160,160,True,True,8,42
P3-1,006360,KR7006360002,2022-09-30,2022-10-04,22900.0,22900.0,False,2022-11-30,2022-12-01,2022-11-30,2022-12-01,24000.0,EXECUTED,,2022-11-30,2022-12-01,24000.0,EXECUTED,,0.0,REALIZED,REALIZED,4.8034934497816595,4.8034934497816595,4.562722337741665,4.562722337741665,0.0,42,42,True,True,2,11
P3-1,006660,KR7006660005,2022-06-30,2022-07-01,10650.0,10650.0,False,2022-08-31,2022-09-01,2022-08-31,2022-09-01,13100.0,EXECUTED,,2022-08-31,2022-09-01,13100.0,EXECUTED,,0.0,REALIZED,REALIZED,23.004694835680752,23.004694835680752,22.72210905359593,22.72210905359593,0.0,44,44,True,True,2,11
P3-1,006880,KR7006880009,2023-01-31,2023-02-01,6460.0,6460.0,False,2023-02-28,2023-03-02,2023-02-28,2023-03-02,7100.0,EXECUTED,,2023-02-28,2023-03-02,7100.0,EXECUTED,,0.0,REALIZED,REALIZED,9.90712074303406,9.90712074303406,9.654624773564358,9.654624773564358,0.0,21,21,True,True,1,6
P3-1,006880,KR7006880009,2023-03-31,2023-04-03,7000.0,7000.0,False,2023-05-31,2023-06-01,2023-05-31,2023-06-01,8060.0,EXECUTED,,2023-05-02,2023-05-03,8250.0,EXECUTED,,19.0,REALIZED,REALIZED,15.142857142857146,17.85714285714286,14.878332814085304,17.586382843201463,2.7080500291161584,41,22,True,True,2,6
P3-1,007860,KR7007860000,2022-06-30,2022-07-01,7220.0,7220.0,False,2022-11-30,2022-12-01,2022-11-30,2022-12-01,8250.0,EXECUTED,,2022-11-30,2022-12-01,8250.0,EXECUTED,,0.0,REALIZED,REALIZED,14.265927977839343,14.265927977839343,14.003418269031886,14.003418269031886,0.0,105,105,True,True,5,26
P3-1,008110,KR7008110009,2023-11-30,2023-12-01,7060.0,7060.0,False,2024-04-30,2024-05-02,2024-04-30,2024-05-02,11950.0,EXECUTED,,2024-04-30,2024-05-02,11950.0,EXECUTED,,0.0,REALIZED,REALIZED,69.26345609065156,69.26345609065156,68.87459738748049,68.87459738748049,0.0,102,102,True,True,5,27
P3-1,008600,KR7008600009,2022-05-31,2022-06-02,12255.0,12255.0,False,2025-01-31,2025-02-03,2025-01-31,2025-02-03,7922.0,EXECUTED,,2025-01-02,2025-01-03,8170.0,EXECUTED,,17.0,REALIZED,REALIZED,-35.35699714402285,-33.333333333333336,-35.5055052440004,-33.48649051293655,2.019014731063855,653,636,True,True,32,164
P3-1,009270,KR7009270000,2022-06-30,2022-07-01,1630.0,1630.0,False,2024-07-31,2024-08-01,2024-07-31,2024-08-01,1325.0,EXECUTED,,2024-07-01,2024-07-02,1321.0,EXECUTED,,22.0,REALIZED,REALIZED,-18.711656441717793,-18.95705521472393,-18.898404843227855,-19.143239847474703,-0.24483500424684834,515,493,True,True,25,125
P3-1,009470,KR7009470006,2022-09-30,2022-10-04,15050.0,15050.0,False,2022-10-31,2022-11-01,2022-10-31,2022-11-01,15450.0,EXECUTED,,2022-10-31,2022-11-01,15450.0,EXECUTED,,0.0,REALIZED,REALIZED,2.657807308970095,2.657807308970095,2.4219656054947247,2.4219656054947247,0.0,20,20,True,True,1,6
P3-1,009470,KR7009470006,2024-12-30,2025-01-02,31000.0,31000.0,False,2025-01-31,2025-02-03,2025-01-31,2025-02-03,37000.0,EXECUTED,,2025-01-10,2025-01-13,37750.0,EXECUTED,,11.0,REALIZED,REALIZED,19.354838709677423,21.7741935483871,19.08063795264585,21.494434667902198,2.413796715256346,19,8,True,True,1,3
P3-1,009470,KR7009470006,2025-03-31,2025-04-01,29950.0,29950.0,False,,,,,,OPEN_AT_CUTOFF,,,,,OPEN_AT_CUTOFF,,,OPEN_AT_CUTOFF,OPEN_AT_CUTOFF,,,,,,41,41,True,True,2,11
P3-1,010100,KR7010100006,2024-09-30,2024-10-02,3825.0,3825.0,False,2025-01-31,2025-02-03,2025-01-31,2025-02-03,5990.0,EXECUTED,,2025-01-31,2025-02-03,5990.0,EXECUTED,,0.0,REALIZED,REALIZED,56.60130718954248,56.60130718954248,56.24153797157261,56.24153797157261,0.0,80,80,True,True,4,23
P3-1,010120,KR7010120004,2024-02-29,2024-03-04,12980.0,12980.0,False,2024-03-29,2024-04-01,2024-03-29,2024-04-01,19740.0,EXECUTED,,2024-03-08,2024-03-11,15840.0,EXECUTED,,15.0,REALIZED,REALIZED,52.08012326656395,22.033898305084755,51.7307408252657,21.75354278987889,-29.97719803538681,21,6,True,True,1,2
P3-1,010660,KR7010660009,2023-02-28,2023-03-02,2920.0,2920.0,False,2023-05-31,2023-06-01,2023-05-31,2023-06-01,3900.0,EXECUTED,,2023-05-31,2023-06-01,3900.0,EXECUTED,,0.0,REALIZED,REALIZED,33.56164383561644,33.56164383561644,33.254804965520975,33.254804965520975,0.0,63,63,True,True,3,16
P3-1,010660,KR7010660009,2023-07-31,2023-08-01,3650.0,3650.0,False,2023-08-31,2023-09-01,2023-08-31,2023-09-01,4170.0,EXECUTED,,2023-08-25,2023-08-28,4130.0,EXECUTED,,4.0,REALIZED,REALIZED,14.24657534246576,13.15068493150684,13.984110093584068,12.89073733489261,-1.0933727586914586,23,19,True,True,1,5
P3-1,011000,KR7011000007,2022-06-30,2022-07-01,51750.0,51750.0,False,2022-08-31,2022-09-01,2022-08-31,2022-09-01,54000.0,EXECUTED,,2022-08-01,2022-08-02,66500.0,EXECUTED,,21.0,REALIZED,REALIZED,4.347826086956519,28.502415458937193,4.108101805838471,28.207199446078857,24.099097640240387,44,23,True,True,2,6
P3-1,011090,KR7011090008,2022-08-31,2022-09-01,6525.0,6525.0,False,2024-07-31,2024-08-01,2024-07-31,2024-08-01,3265.0,EXECUTED,,2024-07-31,2024-08-01,3265.0,EXECUTED,,0.0,REALIZED,REALIZED,-49.961685823754785,-49.961685823754785,-50.07664172982478,-50.07664172982478,0.0,472,472,True,True,23,120
P3-1,011330,KR7011330008,2023-11-30,2023-12-01,16060.0,16060.0,False,2023-12-28,2024-01-02,2023-12-28,2024-01-02,21700.0,EXECUTED,,2023-12-15,2023-12-18,19890.0,EXECUTED,,8.0,REALIZED,REALIZED,35.11830635118307,23.848069738480703,34.807891270480404,23.56354642257399,-11.244344847906415,20,12,True,True,1,3
P3-1,011330,KR7011330008,2024-07-31,2024-08-01,15580.0,15580.0,False,2024-10-31,2024-11-01,2024-10-31,2024-11-01,15280.0,EXECUTED,,2024-10-31,2024-11-01,15280.0,EXECUTED,,0.0,REALIZED,REALIZED,-1.9255455712451908,-1.9255455712451908,-2.1508576737166663,-2.1508576737166663,0.0,60,60,True,True,3,17
P3-1,011370,KR7011370004,2022-09-30,2022-10-04,5250.0,5250.0,False,2023-01-31,2023-02-01,2023-01-31,2023-02-01,5745.0,EXECUTED,,2023-01-31,2023-02-01,5745.0,EXECUTED,,0.0,REALIZED,REALIZED,9.42857142857143,9.42857142857143,9.177174858051295,9.177174858051295,0.0,83,83,True,True,4,22
P3-1,012800,KR7012800009,2022-09-30,2022-10-04,1225.0,1225.0,False,2022-10-31,2022-11-01,2022-10-31,2022-11-01,1270.0,EXECUTED,,2022-10-31,2022-11-01,1270.0,EXECUTED,,0.0,REALIZED,REALIZED,3.6734693877551017,3.6734693877551017,3.4352943451884776,3.4352943451884776,0.0,20,20,True,True,1,6
P3-1,013360,KR7013360003,2022-09-30,2022-10-04,2445.0,2445.0,False,2022-11-30,2022-12-01,2022-11-30,2022-12-01,2880.0,EXECUTED,,2022-11-30,2022-12-01,2880.0,EXECUTED,,0.0,REALIZED,REALIZED,17.791411042944794,17.791411042944794,17.52080203849249,17.52080203849249,0.0,42,42,True,True,2,11
P3-1,013990,KR7013990007,2022-06-30,2022-07-01,2885.0,2885.0,False,2022-08-31,2022-09-01,2022-08-31,2022-09-01,4240.0,EXECUTED,,2022-08-31,2022-09-01,4240.0,EXECUTED,,0.0,REALIZED,REALIZED,46.96707105719238,46.96707105719238,46.62943512572741,46.62943512572741,0.0,44,44,True,True,2,11
P3-1,013990,KR7013990007,2022-09-30,2022-10-04,3080.0,3080.0,False,2022-11-30,2022-12-01,2022-11-30,2022-12-01,3490.0,EXECUTED,,2022-11-30,2022-12-01,3490.0,EXECUTED,,0.0,REALIZED,REALIZED,13.311688311688318,13.311688311688318,13.051370832719877,13.051370832719877,0.0,42,42,True,True,2,11
P3-1,014160,KR7014160006,2022-09-30,2022-10-04,1350.0,1350.0,False,2022-11-30,2022-12-01,2022-11-30,2022-12-01,1825.0,EXECUTED,,2022-11-30,2022-12-01,1825.0,EXECUTED,,0.0,REALIZED,REALIZED,35.18518518518518,35.18518518518518,34.87461645987866,34.87461645987866,0.0,42,42,True,True,2,11
P3-1,014790,KR7014790000,2022-09-30,2022-10-04,3110.0,3110.0,False,2024-07-31,2024-08-01,2024-07-31,2024-08-01,2740.0,EXECUTED,,2024-07-31,2024-08-01,2740.0,EXECUTED,,0.0,REALIZED,REALIZED,-11.897106109324762,-11.897106109324762,-12.0995099704724,-12.0995099704724,0.0,452,452,True,True,22,115
P3-1,015020,KR7015020001,2022-02-28,2022-03-02,3640.0,3640.0,False,2025-01-31,2025-02-03,2025-01-31,2025-02-03,2558.0,EXECUTED,,2024-11-01,2024-11-04,1492.0,EXECUTED,,58.0,REALIZED,REALIZED,-29.72527472527473,-59.010989010989015,-29.88672090608173,-59.10515543075604,-29.21843452467431,716,658,True,True,35,169
P3-1,016920,KR7016920001,2022-05-31,2022-06-02,2765.0,2765.0,False,2025-01-31,2025-02-03,2025-01-31,2025-02-03,1790.0,EXECUTED,,2025-01-02,2025-01-03,2505.0,EXECUTED,,17.0,REALIZED,REALIZED,-35.2622061482821,-9.40325497287523,-35.410932017083056,-9.611388102119012,25.799543914964044,653,636,True,True,32,164
P3-1,017550,KR7017550005,2022-02-28,2022-03-02,2545.0,2545.0,False,2022-03-31,2022-04-01,2022-03-31,2022-04-01,3085.0,EXECUTED,,2022-03-31,2022-04-01,3085.0,EXECUTED,,0.0,REALIZED,REALIZED,21.218074656188612,21.218074656188612,20.93959337971951,20.93959337971951,0.0,22,22,True,True,1,6
P3-1,017650,KR7017650003,2022-09-30,2022-10-04,7700.0,7700.0,False,2022-10-31,2022-11-01,2022-10-31,2022-11-01,8190.0,EXECUTED,,2022-10-31,2022-11-01,8190.0,EXECUTED,,0.0,REALIZED,REALIZED,6.363636363636371,6.363636363636371,6.119281045269442,6.119281045269442,0.0,20,20,True,True,1,6
P3-1,019490,KR7019490002,2022-02-28,2022-03-02,2613.0,2613.0,False,2024-09-30,2024-10-02,2024-09-30,2024-10-02,3920.0,EXECUTED,,2024-09-30,2024-10-02,3920.0,EXECUTED,,0.0,REALIZED,REALIZED,50.01913509376197,50.01913509376197,49.67448747949985,49.67448747949985,0.0,637,637,True,True,31,163
P3-1,023160,KR7023160005,2024-04-30,2024-05-02,12370.0,12370.0,False,2024-07-31,2024-08-01,2024-07-31,2024-08-01,16210.0,EXECUTED,,2024-07-01,2024-07-02,12910.0,EXECUTED,,22.0,REALIZED,REALIZED,31.042845594179468,4.365400161681476,30.74179330460374,4.125635506627656,-26.616157797976083,63,41,True,True,3,11
P3-1,023460,KR7023460009,2022-06-30,2022-07-01,1760.0,1760.0,False,2022-09-30,2022-10-04,2022-09-30,2022-10-04,2360.0,EXECUTED,,2022-09-30,2022-10-04,2360.0,EXECUTED,,0.0,REALIZED,REALIZED,34.09090909090908,34.09090909090908,33.78285430920718,33.78285430920718,0.0,64,64,True,True,3,16
P3-1,023790,KR7023790009,2022-09-30,2022-10-04,4111.0,4111.0,False,,,,,,OPEN_AT_CUTOFF,,,,,OPEN_AT_CUTOFF,,,OPEN_AT_CUTOFF,OPEN_AT_CUTOFF,,,,,,650,650,True,True,32,167
P3-1,023810,KR7023810005,2022-10-31,2022-11-01,6380.0,6380.0,False,2022-11-30,2022-12-01,2022-11-30,2022-12-01,7360.0,EXECUTED,,2022-11-30,2022-12-01,7360.0,EXECUTED,,0.0,REALIZED,REALIZED,15.36050156739812,15.36050156739812,15.095477231532994,15.095477231532994,0.0,23,23,True,True,1,6
P3-1,024850,KR7024850000,2022-02-28,2022-03-02,5550.0,5550.0,False,2022-03-31,2022-04-01,2022-03-31,2022-04-01,6000.0,EXECUTED,,2022-03-31,2022-04-01,6000.0,EXECUTED,,0.0,REALIZED,REALIZED,8.108108108108114,8.108108108108114,7.8597451141569685,7.8597451141569685,0.0,22,22,True,True,1,6
P3-1,024940,KR7024940009,2022-02-28,2022-03-02,4050.0,4050.0,False,2022-03-31,2022-04-01,2022-03-31,2022-04-01,6950.0,EXECUTED,,2022-03-31,2022-04-01,6950.0,EXECUTED,,0.0,REALIZED,REALIZED,71.60493827160495,71.60493827160495,71.21070034633001,71.21070034633001,0.0,22,22,True,True,1,6
P3-1,025320,KR7025320003,2025-02-28,2025-03-04,4671.0,4671.0,False,2025-03-31,2025-04-01,2025-03-31,2025-04-01,6666.0,EXECUTED,,2025-03-31,2025-04-01,6666.0,EXECUTED,,0.0,REALIZED,REALIZED,42.71034039820167,42.71034039820167,42.38248369966764,42.38248369966764,0.0,21,21,True,True,1,6
P3-1,025770,KR7025770009,2023-06-30,2023-07-03,9580.0,9580.0,False,2025-04-30,2025-05-02,2025-04-30,2025-05-02,7760.0,EXECUTED,,2025-04-30,2025-05-02,7760.0,EXECUTED,,0.0,REALIZED,REALIZED,-18.99791231732777,-18.99791231732777,-19.18400308669951,-19.18400308669951,0.0,447,447,True,True,22,116
P3-1,025890,KR7025890005,2022-06-30,2022-07-01,2695.0,2695.0,False,2022-08-31,2022-09-01,2022-08-31,2022-09-01,3480.0,EXECUTED,,2022-08-31,2022-09-01,3480.0,EXECUTED,,0.0,REALIZED,REALIZED,29.128014842300566,29.128014842300566,28.83136160388542,28.83136160388542,0.0,44,44,True,True,2,11
P3-1,025890,KR7025890005,2022-09-30,2022-10-04,2420.0,2420.0,False,2023-01-31,2023-02-01,2023-01-31,2023-02-01,3370.0,EXECUTED,,2023-01-31,2023-02-01,3370.0,EXECUTED,,0.0,REALIZED,REALIZED,39.25619834710743,39.25619834710743,38.93627704839082,38.93627704839082,0.0,83,83,True,True,4,22
P3-1,027710,KR7027710003,2022-10-31,2022-11-01,2030.0,2030.0,False,,,,,,OPEN_AT_CUTOFF,,,,,OPEN_AT_CUTOFF,,,OPEN_AT_CUTOFF,OPEN_AT_CUTOFF,,,,,,631,631,True,True,31,162
P3-1,030210,KR7030210009,2022-10-31,2022-11-01,3095.0,3095.0,False,2023-02-28,2023-03-02,2023-02-28,2023-03-02,4955.0,EXECUTED,,2023-02-28,2023-03-02,4955.0,EXECUTED,,0.0,REALIZED,REALIZED,60.096930533117934,60.096930533117934,59.72913061796419,59.72913061796419,0.0,84,84,True,True,4,22
P3-1,030520,KR7030520001,2025-03-31,2025-04-01,18300.0,18300.0,False,2025-04-30,2025-05-02,2025-04-30,2025-05-02,21350.0,EXECUTED,,2025-04-18,2025-04-21,21850.0,EXECUTED,,8.0,REALIZED,REALIZED,16.666666666666675,19.398907103825145,16.398641602361064,19.124605105929238,2.725963503568174,23,15,True,True,1,4
P3-1,030960,KR7030960009,2023-03-31,2023-04-03,21250.0,21250.0,False,,,,,,OPEN_AT_CUTOFF,,2023-04-21,2023-04-24,22500.0,EXECUTED,,,OPEN_AT_CUTOFF,REALIZED,,5.882352941176472,,5.639103302983139,,526,16,True,True,26,4
P3-1,031330,KR7031330004,2023-01-31,2023-02-01,2680.0,2680.0,False,2023-02-28,2023-03-02,2023-02-28,2023-03-02,2830.0,EXECUTED,,2023-02-28,2023-03-02,2830.0,EXECUTED,,0.0,REALIZED,REALIZED,5.597014925373145,5.597014925373145,5.354420810665816,5.354420810665816,0.0,21,21,True,True,1,6
P3-1,032680,KR7032680001,2023-03-31,2023-04-03,3675.0,3675.0,False,2023-06-30,2023-07-03,2023-06-30,2023-07-03,4725.0,EXECUTED,,2023-05-02,2023-05-03,3750.0,EXECUTED,,40.0,REALIZED,REALIZED,28.57142857142858,2.0408163265306145,28.27605401076523,1.8063920720359006,-26.469661938729327,62,22,True,True,3,6
P3-1,033160,KR7033160003,2022-06-30,2022-07-01,10750.0,10750.0,False,2022-08-31,2022-09-01,2022-08-31,2022-09-01,12950.0,EXECUTED,,2022-08-01,2022-08-02,12150.0,EXECUTED,,21.0,REALIZED,REALIZED,20.465116279069772,13.023255813953494,20.188364817321624,12.76360096760294,-7.424763849718683,44,23,True,True,2,6
P3-1,033200,KR7033200007,2022-09-30,2022-10-04,6180.0,6180.0,False,,,,,,OPEN_AT_CUTOFF,,,,,OPEN_AT_CUTOFF,,,OPEN_AT_CUTOFF,OPEN_AT_CUTOFF,,,,,,650,650,True,True,32,167
P3-1,035200,KR7035200005,2022-06-30,2022-07-01,3750.0,3750.0,False,2022-08-31,2022-09-01,2022-08-31,2022-09-01,4320.0,EXECUTED,,2022-08-01,2022-08-02,4345.0,EXECUTED,,21.0,REALIZED,REALIZED,15.199999999999992,15.866666666666674,14.935344393645655,15.60047948851626,0.665135094870605,44,23,True,True,2,6
P3-1,035460,KR7035460005,2023-02-28,2023-03-02,2955.0,2955.0,False,2023-06-30,2023-07-03,2023-06-30,2023-07-03,3605.0,EXECUTED,,2023-06-30,2023-07-03,3605.0,EXECUTED,,0.0,REALIZED,REALIZED,21.996615905245353,21.996615905245353,21.716346041047597,21.716346041047597,0.0,84,84,True,True,4,21
P3-1,036200,KR7036200004,2022-09-30,2022-10-04,6550.0,6550.0,False,2022-11-30,2022-12-01,2022-11-30,2022-12-01,7100.0,EXECUTED,,2022-11-30,2022-12-01,7100.0,EXECUTED,,0.0,REALIZED,REALIZED,8.3969465648855,8.3969465648855,8.147920005683318,8.147920005683318,0.0,42,42,True,True,2,11
P3-1,036830,KR7036830008,2024-12-30,2025-01-02,35750.0,35750.0,False,,,,,,OPEN_AT_CUTOFF,,,,,OPEN_AT_CUTOFF,,,OPEN_AT_CUTOFF,OPEN_AT_CUTOFF,,,,,,99,99,True,True,5,25
P3-1,037230,KR7037230000,2022-06-30,2022-07-01,2835.0,2835.0,False,2022-08-31,2022-09-01,2022-08-31,2022-09-01,3350.0,EXECUTED,,2022-08-01,2022-08-02,3525.0,EXECUTED,,21.0,REALIZED,REALIZED,18.165784832451504,24.33862433862435,17.89431575749343,24.05297404333262,6.158658285839188,44,23,True,True,2,6
P3-1,037330,KR7037330008,2022-06-30,2022-07-01,1740.0,1740.0,False,2022-08-31,2022-09-01,2022-08-31,2022-09-01,1945.0,EXECUTED,,2022-08-01,2022-08-02,1980.0,EXECUTED,,21.0,REALIZED,REALIZED,11.781609195402298,13.793103448275868,11.524806855464153,13.531679986539347,2.006873131075194,44,23,True,True,2,6
P3-1,038620,KR7038620001,2022-02-28,2022-03-02,8025.0,8025.0,False,2022-03-31,2022-04-01,2022-03-31,2022-04-01,8750.0,EXECUTED,,2022-03-31,2022-04-01,8750.0,EXECUTED,,0.0,REALIZED,REALIZED,9.034267912772576,9.034267912772576,8.783777198468279,8.783777198468279,0.0,22,22,True,True,1,6
P3-1,038620,KR7038620001,2022-05-31,2022-06-02,7125.0,7125.0,False,2025-01-31,2025-02-03,2025-01-31,2025-02-03,4195.0,EXECUTED,,2025-01-02,2025-01-03,4125.0,EXECUTED,,17.0,REALIZED,REALIZED,-41.12280701754386,-42.10526315789473,-41.258068989846066,-42.23826807702385,-0.9801990871777804,653,636,True,True,32,164
P3-1,039240,KR7039240007,2022-02-28,2022-03-02,3825.0,3825.0,False,2022-03-31,2022-04-01,2022-03-31,2022-04-01,5360.0,EXECUTED,,2022-03-25,2022-03-28,5240.0,EXECUTED,,4.0,REALIZED,REALIZED,40.13071895424836,36.993464052287585,39.80878856888634,36.678741063612776,-3.1300475052735663,22,18,True,True,1,5
P3-1,039240,KR7039240007,2025-04-30,2025-05-02,2965.0,2965.0,False,,,,,,OPEN_AT_CUTOFF,,,,,OPEN_AT_CUTOFF,,,OPEN_AT_CUTOFF,OPEN_AT_CUTOFF,,,,,,19,19,True,True,1,5
P3-1,042500,KR7042500009,2025-03-31,2025-04-01,3498.0,3498.0,False,2025-04-30,2025-05-02,2025-04-30,2025-05-02,3764.0,EXECUTED,,2025-04-30,2025-05-02,3764.0,EXECUTED,,0.0,REALIZED,REALIZED,7.604345340194407,7.604345340194407,7.357139669514079,7.357139669514079,0.0,23,23,True,True,1,6
P3-1,042660,KR7042660001,2024-01-31,2024-02-01,21800.0,21800.0,False,2024-02-29,2024-03-04,2024-02-29,2024-03-04,23800.0,EXECUTED,,2024-02-29,2024-03-04,23800.0,EXECUTED,,0.0,REALIZED,REALIZED,9.174311926605494,9.174311926605494,8.92349948110851,8.92349948110851,0.0,20,20,True,True,1,6
P3-1,042670,KR7042670000,2023-10-31,2023-11-01,6730.0,6730.0,False,2023-11-30,2023-12-01,2023-11-30,2023-12-01,7820.0,EXECUTED,,2023-11-30,2023-12-01,7820.0,EXECUTED,,0.0,REALIZED,REALIZED,16.196136701337306,16.196136701337306,15.929192612667809,15.929192612667809,0.0,23,23,True,True,1,6
P3-1,045660,KR7045660008,2022-02-28,2022-03-02,15550.0,15550.0,False,2023-10-31,2023-11-01,2023-10-31,2023-11-01,12240.0,EXECUTED,,2023-10-04,2023-10-05,13070.0,EXECUTED,,18.0,REALIZED,REALIZED,-21.28617363344052,-15.948553054662383,-21.467007448071694,-16.141649292998117,5.325358155073577,413,395,True,True,20,100
P3-1,046890,KR7046890000,2022-05-31,2022-06-02,12650.0,12650.0,False,2023-05-31,2023-06-01,2023-05-31,2023-06-01,12300.0,EXECUTED,,2023-05-31,2023-06-01,12300.0,EXECUTED,,0.0,REALIZED,REALIZED,-2.766798418972327,-2.766798418972327,-2.990177862741439,-2.990177862741439,0.0,248,248,True,True,12,63
P3-1,047310,KR7047310008,2024-04-30,2024-05-02,7950.0,7950.0,False,,,,,,OPEN_AT_CUTOFF,,,,,OPEN_AT_CUTOFF,,,OPEN_AT_CUTOFF,OPEN_AT_CUTOFF,,,,,,261,261,True,True,13,68
P3-1,048430,KR7048430003,2022-06-30,2022-07-01,6730.0,6730.0,False,2022-08-31,2022-09-01,2022-08-31,2022-09-01,6710.0,EXECUTED,,2022-08-01,2022-08-02,7290.0,EXECUTED,,21.0,REALIZED,REALIZED,-0.2971768202080227,8.320950965824657,-0.5262298681584454,8.072098995696697,8.598328863855143,44,23,True,True,2,6
P3-1,048910,KR7048910004,2022-02-28,2022-03-02,16500.0,16500.0,False,2022-03-31,2022-04-01,2022-03-31,2022-04-01,18400.0,EXECUTED,,2022-03-31,2022-04-01,18400.0,EXECUTED,,0.0,REALIZED,REALIZED,11.515151515151523,11.515151515151523,11.258961323815209,11.258961323815209,0.0,22,22,True,True,1,6
P3-1,048910,KR7048910004,2022-05-31,2022-06-02,16350.0,16350.0,False,2025-03-31,2025-04-01,2025-03-31,2025-04-01,10500.0,EXECUTED,,2025-03-31,2025-04-01,10500.0,EXECUTED,,0.0,REALIZED,REALIZED,-35.77981651376147,-35.77981651376147,-35.92735324640677,-35.92735324640677,0.0,693,693,True,True,34,178
P3-1,049950,KR7049950009,2023-10-31,2023-11-01,24950.0,24950.0,False,2023-11-30,2023-12-01,2023-11-30,2023-12-01,33500.0,EXECUTED,,2023-11-30,2023-12-01,33500.0,EXECUTED,,0.0,REALIZED,REALIZED,34.2685370741483,34.2685370741483,33.960074217432414,33.960074217432414,0.0,23,23,True,True,1,6
P3-1,052460,KR7052460003,2022-06-30,2022-07-01,3565.0,3565.0,False,2023-05-31,2023-06-01,2023-05-31,2023-06-01,4390.0,EXECUTED,,2023-05-31,2023-06-01,4390.0,EXECUTED,,0.0,REALIZED,REALIZED,23.141654978962123,23.141654978962123,22.858754550438377,22.858754550438377,0.0,228,228,True,True,11,57
P3-1,053050,KR7053050001,2023-07-31,2023-08-01,3020.0,3020.0,False,2023-10-31,2023-11-01,2023-10-31,2023-11-01,5240.0,EXECUTED,,2023-10-31,2023-11-01,5240.0,EXECUTED,,0.0,REALIZED,REALIZED,73.50993377483444,73.50993377483444,73.11131939348307,73.11131939348307,0.0,61,61,True,True,3,17
P3-1,053160,KR7053160008,2022-02-28,2022-03-02,10400.0,10400.0,False,2023-07-31,2023-08-01,2023-07-31,2023-08-01,10800.0,EXECUTED,,2023-07-31,2023-08-01,10800.0,EXECUTED,,0.0,REALIZED,REALIZED,3.8461538461538547,3.8461538461538547,3.6075820856180885,3.6075820856180885,0.0,353,353,True,True,17,89
P3-1,053290,KR7053290003,2022-03-31,2022-04-01,8450.0,8450.0,False,2024-01-31,2024-02-01,2024-01-31,2024-02-01,5250.0,EXECUTED,,2024-01-31,2024-02-01,5250.0,EXECUTED,,0.0,REALIZED,REALIZED,-37.8698224852071,-37.8698224852071,-38.0125577265533,-38.0125577265533,0.0,455,455,True,True,22,115
P3-1,053610,KR7053610002,2024-05-31,2024-06-03,31100.0,31100.0,False,2024-10-31,2024-11-01,2024-10-31,2024-11-01,32900.0,EXECUTED,,2024-10-31,2024-11-01,32900.0,EXECUTED,,0.0,REALIZED,REALIZED,5.787781350482324,5.787781350482324,5.5447489770604985,5.5447489770604985,0.0,102,102,True,True,5,27
P3-1,053800,KR7053800009,2022-08-31,2022-09-01,83900.0,83900.0,False,2023-01-31,2023-02-01,2023-01-31,2023-02-01,97000.0,EXECUTED,,2023-01-31,2023-02-01,97000.0,EXECUTED,,0.0,REALIZED,REALIZED,15.613825983313468,15.613825983313468,15.348219670652362,15.348219670652362,0.0,103,103,True,True,5,27
P3-1,054450,KR7054450002,2024-07-31,2024-08-01,17590.0,17590.0,False,,,,,,OPEN_AT_CUTOFF,,,,,OPEN_AT_CUTOFF,,,OPEN_AT_CUTOFF,OPEN_AT_CUTOFF,,,,,,199,199,True,True,10,53
P3-1,054620,KR7054620000,2022-06-30,2022-07-01,8700.0,8700.0,False,2022-08-31,2022-09-01,2022-08-31,2022-09-01,13600.0,EXECUTED,,2022-08-01,2022-08-02,10650.0,EXECUTED,,21.0,REALIZED,REALIZED,56.32183908045978,22.413793103448263,55.962711900700526,22.132564834004476,-33.83014706669605,44,23,True,True,2,6
P3-1,054950,KR7054950001,2024-12-30,2025-01-02,19060.0,19060.0,False,2025-01-31,2025-02-03,2025-01-31,2025-02-03,20800.0,EXECUTED,,2025-01-31,2025-02-03,20800.0,EXECUTED,,0.0,REALIZED,REALIZED,9.129066107030436,9.129066107030436,8.87835760736515,8.87835760736515,0.0,19,19,True,True,1,6
P3-1,056080,KR7056080005,2024-09-30,2024-10-02,6030.0,6030.0,False,2024-12-30,2025-01-02,2024-12-30,2025-01-02,6850.0,EXECUTED,,2024-12-02,2024-12-03,6680.0,EXECUTED,,19.0,REALIZED,REALIZED,13.598673300165842,10.779436152570486,13.337696514026032,10.524936162583053,-2.8127603514429786,62,43,True,True,3,12
P3-1,058430,KR7058430000,2022-10-31,2022-11-01,2685.0,2685.0,False,2022-11-30,2022-12-01,2022-11-30,2022-12-01,3940.0,EXECUTED,,2022-11-30,2022-12-01,3940.0,EXECUTED,,0.0,REALIZED,REALIZED,46.74115456238361,46.74115456238361,46.40403764191623,46.40403764191623,0.0,23,23,True,True,1,6
P3-1,058470,KR7058470006,2024-12-30,2025-01-02,38043.0,38043.0,False,2025-01-31,2025-02-03,2025-01-31,2025-02-03,40846.0,EXECUTED,,2025-01-02,2025-01-03,39645.0,EXECUTED,,17.0,REALIZED,REALIZED,7.367978340299142,4.211024367163474,7.121315689164653,3.9716143685289307,-3.1497013206357227,19,2,True,True,1,1
P3-1,060280,KR7060280005,2024-05-31,2024-06-03,10300.0,10300.0,False,,,,,,OPEN_AT_CUTOFF,,,,,OPEN_AT_CUTOFF,,,OPEN_AT_CUTOFF,OPEN_AT_CUTOFF,,,,,,241,241,True,True,12,63
P3-1,060560,KR7060560000,2022-06-30,2022-07-01,6770.0,6770.0,False,2022-08-31,2022-09-01,2022-08-31,2022-09-01,7930.0,EXECUTED,,2022-08-01,2022-08-02,8680.0,EXECUTED,,21.0,REALIZED,REALIZED,17.134416543574595,28.212703101920233,16.865316890490377,27.918152661974325,11.052835771483949,44,23,True,True,2,6
P3-1,064260,KR7064260003,2022-09-30,2022-10-04,5870.0,5870.0,False,,,,,,OPEN_AT_CUTOFF,,,,,OPEN_AT_CUTOFF,,,OPEN_AT_CUTOFF,OPEN_AT_CUTOFF,,,,,,650,650,True,True,32,167
P3-1,064550,KR7064550007,2022-06-30,2022-07-01,24950.0,24950.0,False,2022-08-31,2022-09-01,2022-08-31,2022-09-01,30050.0,EXECUTED,,2022-08-01,2022-08-02,31200.0,EXECUTED,,21.0,REALIZED,REALIZED,20.440881763527052,25.05010020040079,20.164185977129677,24.76281539056393,4.598629413434253,44,23,True,True,2,6
P3-1,064550,KR7064550007,2022-09-30,2022-10-04,25350.0,25350.0,False,2022-11-30,2022-12-01,2022-11-30,2022-12-01,33950.0,EXECUTED,,2022-11-30,2022-12-01,33950.0,EXECUTED,,0.0,REALIZED,REALIZED,33.925049309664686,33.925049309664686,33.61737556720736,33.61737556720736,0.0,42,42,True,True,2,11
P3-1,064550,KR7064550007,2023-01-31,2023-02-01,26550.0,26550.0,False,2023-02-28,2023-03-02,2023-02-28,2023-03-02,54700.0,EXECUTED,,2023-02-28,2023-03-02,54700.0,EXECUTED,,0.0,REALIZED,REALIZED,106.02636534839927,106.02636534839927,105.55304909278935,105.55304909278935,0.0,21,21,True,True,1,6
P3-1,065350,KR7065350001,2024-09-30,2024-10-02,46500.0,46500.0,False,2024-12-30,2025-01-02,2024-12-30,2025-01-02,116300.0,EXECUTED,,2024-12-02,2024-12-03,79900.0,EXECUTED,,19.0,REALIZED,REALIZED,150.10752688172042,71.82795698924731,149.53294043049934,71.43320671020552,-78.09973372029381,62,43,True,True,3,12
P3-1,065370,KR7065370009,2023-06-30,2023-07-03,13450.0,13450.0,False,2025-02-28,2025-03-04,2025-02-28,2025-03-04,8750.0,EXECUTED,,2025-02-28,2025-03-04,8750.0,EXECUTED,,0.0,REALIZED,REALIZED,-34.94423791821561,-34.94423791821561,-35.093694273776364,-35.093694273776364,0.0,405,405,True,True,20,106
P3-1,065510,KR7065510000,2024-07-31,2024-08-01,10700.0,10700.0,False,,,,,,OPEN_AT_CUTOFF,,,,,OPEN_AT_CUTOFF,,,OPEN_AT_CUTOFF,OPEN_AT_CUTOFF,,,,,,199,199,True,True,10,53
P3-1,066980,KR7066980004,2022-05-31,2022-06-02,3375.0,3375.0,False,2023-01-31,2023-02-01,2023-01-31,2023-02-01,4005.0,EXECUTED,,2023-01-02,2023-01-03,3575.0,EXECUTED,,19.0,REALIZED,REALIZED,18.666666666666675,5.9259259259259345,18.394046886972948,5.682576185000832,-12.711470701972116,166,147,True,True,8,38
P3-1,068050,KR7068050004,2022-06-30,2022-07-01,3255.0,3255.0,False,2022-08-31,2022-09-01,2022-08-31,2022-09-01,3665.0,EXECUTED,,2022-08-01,2022-08-02,3560.0,EXECUTED,,21.0,REALIZED,REALIZED,12.596006144393247,9.370199692780346,12.33733284335834,9.118937223016555,-3.2183956203417843,44,23,True,True,2,6
P3-1,068240,KR7068240001,2022-09-30,2022-10-04,17042.0,17042.0,False,2022-10-31,2022-11-01,2022-10-31,2022-11-01,16603.0,EXECUTED,,2022-10-31,2022-11-01,16603.0,EXECUTED,,0.0,REALIZED,REALIZED,-2.5759887337167053,-2.5759887337167053,-2.799806535584315,-2.799806535584315,0.0,20,20,True,True,1,6
P3-1,069730,KR7069730000,2022-02-28,2022-03-02,4565.0,4565.0,False,2022-03-31,2022-04-01,2022-03-31,2022-04-01,5410.0,EXECUTED,,2022-03-31,2022-04-01,5410.0,EXECUTED,,0.0,REALIZED,REALIZED,18.510405257393202,18.510405257393202,18.238144466050386,18.238144466050386,0.0,22,22,True,True,1,6
P3-1,071850,KR7071850002,2022-05-31,2022-06-02,2092.0,2092.0,False,2024-01-31,2024-02-01,2024-01-31,2024-02-01,2136.0,EXECUTED,,2024-01-02,2024-01-03,2118.0,EXECUTED,,21.0,REALIZED,REALIZED,2.103250478011476,1.242829827915859,1.8686827899385028,1.010238833843502,-0.8584439560950008,413,392,True,True,20,100
P3-1,073240,KR7073240004,2022-02-28,2022-03-02,3995.0,3995.0,False,2022-03-31,2022-04-01,2022-03-31,2022-04-01,4155.0,EXECUTED,,2022-03-31,2022-04-01,4155.0,EXECUTED,,0.0,REALIZED,REALIZED,4.0050062578222745,4.0050062578222745,3.766069556476359,3.766069556476359,0.0,22,22,True,True,1,6
P3-1,078150,KR7078150000,2025-03-31,2025-04-01,2010.0,2010.0,False,,,,,,OPEN_AT_CUTOFF,,,,,OPEN_AT_CUTOFF,,,OPEN_AT_CUTOFF,OPEN_AT_CUTOFF,,,,,,41,41,True,True,2,11
P3-1,078350,KR7078350006,2024-09-30,2024-10-02,13200.0,13200.0,False,,,,,,OPEN_AT_CUTOFF,,,,,OPEN_AT_CUTOFF,,,OPEN_AT_CUTOFF,OPEN_AT_CUTOFF,,,,,,160,160,True,True,8,42
P3-1,079810,KR7079810008,2024-05-31,2024-06-03,10750.0,10750.0,False,,,,,,OPEN_AT_CUTOFF,,,,,OPEN_AT_CUTOFF,,,OPEN_AT_CUTOFF,OPEN_AT_CUTOFF,,,,,,241,241,True,True,12,63
P3-1,080220,KR7080220007,2024-10-31,2024-11-01,11970.0,11970.0,False,2025-01-31,2025-02-03,2025-01-31,2025-02-03,13820.0,EXECUTED,,2025-01-31,2025-02-03,13820.0,EXECUTED,,0.0,REALIZED,REALIZED,15.455304928989143,15.455304928989143,15.190062795891834,15.190062795891834,0.0,60,60,True,True,3,17
P3-1,081580,KR7081580003,2025-02-28,2025-03-04,2700.0,2700.0,False,2025-05-30,2025-06-02,2025-05-30,2025-06-02,3415.0,EXECUTED,,2025-05-16,2025-05-19,3450.0,EXECUTED,,10.0,REALIZED,REALIZED,26.481481481481485,27.777777777777768,26.19090827684538,27.484226516871612,1.293318240026231,62,52,True,True,3,14
P3-1,083450,KR7083450007,2024-12-30,2025-01-02,16690.0,16690.0,False,2025-01-31,2025-02-03,2025-01-31,2025-02-03,17500.0,EXECUTED,,2025-01-02,2025-01-03,16640.0,EXECUTED,,17.0,REALIZED,REALIZED,4.85320551228281,-0.29958058717795,4.612320193853536,-0.528628112815821,-5.140948306669357,19,2,True,True,1,1
P3-1,084110,KR7084110006,2022-02-28,2022-03-02,30000.0,30000.0,False,2023-08-31,2023-09-01,2023-08-31,2023-09-01,24950.0,EXECUTED,,2023-08-31,2023-09-01,24950.0,EXECUTED,,0.0,REALIZED,REALIZED,-16.833333333333332,-16.833333333333332,-17.02439691488834,-17.02439691488834,0.0,375,375,True,True,18,94
P3-1,084690,KR7084690007,2024-04-30,2024-05-02,8630.0,8630.0,False,2024-05-31,2024-06-03,2024-05-31,2024-06-03,9350.0,EXECUTED,,2024-05-10,2024-05-13,9050.0,EXECUTED,,14.0,REALIZED,REALIZED,8.342989571263026,4.866743916570093,8.094086970575297,4.625827495583579,-3.4682594749917186,21,7,True,True,1,3
P3-1,084690,KR7084690007,2024-10-31,2024-11-01,8680.0,8680.0,False,2024-12-30,2025-01-02,2024-12-30,2025-01-02,10220.0,EXECUTED,,2024-11-15,2024-11-18,9000.0,EXECUTED,,30.0,REALIZED,REALIZED,17.741935483870975,3.686635944700467,17.471440142474993,3.448430653842949,-14.023009488632045,42,12,True,True,2,3
P3-1,086520,KR7086520004,2024-10-31,2024-11-01,75930.0,75930.0,False,,,,,,OPEN_AT_CUTOFF,,,,,OPEN_AT_CUTOFF,,,OPEN_AT_CUTOFF,OPEN_AT_CUTOFF,,,,,,140,140,True,True,7,36
P3-1,086960,KR7086960002,2022-06-30,2022-07-01,2965.0,2965.0,False,2022-08-31,2022-09-01,2022-08-31,2022-09-01,4066.0,EXECUTED,,2022-08-01,2022-08-02,4066.0,EXECUTED,,21.0,REALIZED,REALIZED,37.13322091062394,37.13322091062394,36.818176850455345,36.818176850455345,0.0,44,23,True,True,2,6
P3-1,090080,KR7090080003,2023-02-28,2023-03-02,1220.0,1220.0,False,2023-05-31,2023-06-01,2023-05-31,2023-06-01,1715.0,EXECUTED,,2023-05-31,2023-06-01,1715.0,EXECUTED,,0.0,REALIZED,REALIZED,40.57377049180329,40.57377049180329,40.25082225858261,40.25082225858261,0.0,63,63,True,True,3,16
P3-1,091440,KR7091440008,2024-10-31,2024-11-01,4960.0,4960.0,False,,,,,,OPEN_AT_CUTOFF,,2025-01-02,2025-01-03,7160.0,EXECUTED,,,OPEN_AT_CUTOFF,REALIZED,,44.35483870967742,,44.02320401029467,,140,43,True,True,7,12
P3-1,093240,KR7093240000,2022-05-31,2022-06-02,1697.0,1697.0,False,2024-09-30,2024-10-02,2024-09-30,2024-10-02,1711.0,EXECUTED,,2024-09-30,2024-10-02,1711.0,EXECUTED,,0.0,REALIZED,REALIZED,0.8249852681202041,0.8249852681202041,0.5933542124621827,0.5933542124621827,0.0,574,574,True,True,28,147
P3-1,093640,KR7093640001,2024-09-30,2024-10-02,5200.0,5200.0,False,,,,,,OPEN_AT_CUTOFF,,,,,OPEN_AT_CUTOFF,,,OPEN_AT_CUTOFF,OPEN_AT_CUTOFF,,,,,,160,160,True,True,8,42
P3-1,094360,KR7094360005,2024-10-31,2024-11-01,13730.0,13730.0,False,2025-01-31,2025-02-03,2025-01-31,2025-02-03,19180.0,EXECUTED,,2025-01-02,2025-01-03,16400.0,EXECUTED,,17.0,REALIZED,REALIZED,39.69410050983249,19.446467589220685,39.37317319321308,19.17205632787773,-20.201116865335347,60,43,True,True,3,12
P3-1,094480,KR7094480001,2022-06-30,2022-07-01,5870.0,5870.0,False,2022-08-31,2022-09-01,2022-08-31,2022-09-01,6540.0,EXECUTED,,2022-08-01,2022-08-02,7350.0,EXECUTED,,21.0,REALIZED,REALIZED,11.413969335604769,25.2129471890971,11.158011595927174,24.925288261477796,13.767276665550622,44,23,True,True,2,6
P3-1,096630,KR7096630009,2024-07-31,2024-08-01,5915.0,5915.0,False,,,,,,OPEN_AT_CUTOFF,,,,,OPEN_AT_CUTOFF,,,OPEN_AT_CUTOFF,OPEN_AT_CUTOFF,,,,,,199,199,True,True,10,53
P3-1,098120,KR7098120009,2022-09-30,2022-10-04,4940.0,4940.0,False,2022-11-30,2022-12-01,2022-11-30,2022-12-01,6190.0,EXECUTED,,2022-11-30,2022-12-01,6190.0,EXECUTED,,0.0,REALIZED,REALIZED,25.303643724696357,25.303643724696357,25.015776434693148,25.015776434693148,0.0,42,42,True,True,2,11
P3-1,101730,KR7101730000,2022-09-30,2022-10-04,14500.0,14500.0,False,2023-02-28,2023-03-02,2023-02-28,2023-03-02,18370.0,EXECUTED,,2023-02-28,2023-03-02,18370.0,EXECUTED,,0.0,REALIZED,REALIZED,26.689655172413794,26.689655172413794,26.398603718347147,26.398603718347147,0.0,103,103,True,True,5,27
P3-1,102120,KR7102120003,2024-09-30,2024-10-02,10850.0,10850.0,False,2025-02-28,2025-03-04,2025-02-28,2025-03-04,12590.0,EXECUTED,,2025-02-28,2025-03-04,12590.0,EXECUTED,,0.0,REALIZED,REALIZED,16.03686635944701,16.03686635944701,15.770288171722902,15.770288171722902,0.0,100,100,True,True,5,27
P3-1,103840,KR7103840005,2024-09-30,2024-10-02,4385.0,4385.0,False,,,,,,OPEN_AT_CUTOFF,,,,,OPEN_AT_CUTOFF,,,OPEN_AT_CUTOFF,OPEN_AT_CUTOFF,,,,,,160,160,True,True,8,42
P3-1,104200,KR7104200001,2022-06-30,2022-07-01,8670.0,8670.0,False,,,,,,OPEN_AT_CUTOFF,,2022-08-01,2022-08-02,9170.0,EXECUTED,,,OPEN_AT_CUTOFF,REALIZED,,5.767012687427919,,5.524028027053962,,713,23,True,True,35,6
P3-1,108670,KR7108670001,2022-05-31,2022-06-02,50400.0,50400.0,False,2023-07-31,2023-08-01,2023-07-31,2023-08-01,55000.0,EXECUTED,,2023-07-31,2023-08-01,55000.0,EXECUTED,,0.0,REALIZED,REALIZED,9.126984126984116,9.126984126984116,8.87628041037174,8.87628041037174,0.0,290,290,True,True,14,73
P3-1,108860,KR7108860008,2024-09-30,2024-10-02,11160.0,11160.0,False,2024-12-30,2025-01-02,2024-12-30,2025-01-02,11700.0,EXECUTED,,2024-12-02,2024-12-03,14400.0,EXECUTED,,19.0,REALIZED,REALIZED,4.8387096774193505,29.032258064516125,4.597857661107851,28.735824813671208,24.137967152563355,62,43,True,True,3,12
P3-1,109080,KR7109080002,2022-06-30,2022-07-01,11000.0,11000.0,False,2022-08-31,2022-09-01,2022-08-31,2022-09-01,13050.0,EXECUTED,,2022-08-01,2022-08-02,14850.0,EXECUTED,,21.0,REALIZED,REALIZED,18.63636363636363,35.00000000000001,18.363813473569746,34.68985671130349,16.326043237733746,44,23,True,True,2,6
P3-1,109080,KR7109080002,2022-09-30,2022-10-04,10700.0,10700.0,False,2022-11-30,2022-12-01,2022-11-30,2022-12-01,13300.0,EXECUTED,,2022-11-30,2022-12-01,13300.0,EXECUTED,,0.0,REALIZED,REALIZED,24.29906542056075,24.29906542056075,24.013506006253827,24.013506006253827,0.0,42,42,True,True,2,11
P3-1,110990,KR7110990009,2022-09-30,2022-10-04,6000.0,6000.0,False,2023-03-31,2023-04-03,2023-03-31,2023-04-03,8330.0,EXECUTED,,2023-03-31,2023-04-03,8330.0,EXECUTED,,0.0,REALIZED,REALIZED,38.83333333333334,38.83333333333334,38.514383506809644,38.514383506809644,0.0,125,125,True,True,6,32
P3-1,112040,KR7112040001,2022-06-30,2022-07-01,59500.0,59500.0,False,2024-01-31,2024-02-01,2024-01-31,2024-02-01,51000.0,EXECUTED,,2024-01-02,2024-01-03,62500.0,EXECUTED,,21.0,REALIZED,REALIZED,-14.28571428571429,5.042016806722693,-14.482630659489848,4.800697721213432,19.28332838070328,393,372,True,True,19,94
P3-1,117730,KR7117730002,2024-05-31,2024-06-03,13810.0,13810.0,False,,,,,,OPEN_AT_CUTOFF,,,,,OPEN_AT_CUTOFF,,,OPEN_AT_CUTOFF,OPEN_AT_CUTOFF,,,,,,241,241,True,True,12,63
P3-1,120240,KR7120240007,2022-02-28,2022-03-02,17400.0,17400.0,False,2022-03-31,2022-04-01,2022-03-31,2022-04-01,21000.0,EXECUTED,,2022-03-31,2022-04-01,21000.0,EXECUTED,,0.0,REALIZED,REALIZED,20.68965517241379,20.68965517241379,20.412387864511427,20.412387864511427,0.0,22,22,True,True,1,6
P3-1,131400,KR7131400004,2023-08-31,2023-09-01,4915.0,4915.0,False,,,,,,OPEN_AT_CUTOFF,,,,,OPEN_AT_CUTOFF,,,OPEN_AT_CUTOFF,OPEN_AT_CUTOFF,,,,,,422,422,True,True,21,110
P3-1,131970,KR7131970006,2024-10-31,2024-11-01,29700.0,29700.0,False,,,,,,OPEN_AT_CUTOFF,,,,,OPEN_AT_CUTOFF,,,OPEN_AT_CUTOFF,OPEN_AT_CUTOFF,,,,,,140,140,True,True,7,36
P3-1,134060,KR7134060003,2022-02-28,2022-03-02,7480.0,7480.0,False,2022-03-31,2022-04-01,2022-03-31,2022-04-01,7710.0,EXECUTED,,2022-03-31,2022-04-01,7710.0,EXECUTED,,0.0,REALIZED,REALIZED,3.074866310160429,3.074866310160429,2.8380664729797944,2.8380664729797944,0.0,22,22,True,True,1,6
P3-1,140410,KR7140410002,2024-09-30,2024-10-02,27000.0,27000.0,False,2024-10-31,2024-11-01,2024-10-31,2024-11-01,35300.0,EXECUTED,,2024-10-31,2024-11-01,35300.0,EXECUTED,,0.0,REALIZED,REALIZED,30.740740740740733,30.740740740740733,30.440382494074413,30.440382494074413,0.0,21,21,True,True,1,6
P3-1,148150,KR7148150006,2024-12-30,2025-01-02,8270.0,8270.0,False,2025-01-31,2025-02-03,2025-01-31,2025-02-03,7610.0,EXECUTED,,2025-01-02,2025-01-03,8720.0,EXECUTED,,17.0,REALIZED,REALIZED,-7.980652962515111,5.441354292623934,-8.192054317432962,5.199117786068919,13.39117210350188,19,2,True,True,1,1
P3-1,160550,KR7160550000,2022-06-30,2022-07-01,6440.0,6440.0,False,2022-08-31,2022-09-01,2022-08-31,2022-09-01,7390.0,EXECUTED,,2022-08-01,2022-08-02,7660.0,EXECUTED,,21.0,REALIZED,REALIZED,14.751552795031063,18.944099378881994,14.487927432313397,18.670842237012273,4.182914804698877,44,23,True,True,2,6
P3-1,160550,KR7160550000,2022-09-30,2022-10-04,5670.0,5670.0,False,2022-11-30,2022-12-01,2022-11-30,2022-12-01,7830.0,EXECUTED,,2022-11-30,2022-12-01,7830.0,EXECUTED,,0.0,REALIZED,REALIZED,38.095238095238095,38.095238095238095,37.77798393748859,37.77798393748859,0.0,42,42,True,True,2,11
P3-1,179290,KR7179290002,2023-10-31,2023-11-01,6590.0,6590.0,False,2024-04-30,2024-05-02,2024-04-30,2024-05-02,7830.0,EXECUTED,,2024-04-01,2024-04-02,7930.0,EXECUTED,,20.0,REALIZED,REALIZED,18.81638846737481,20.333839150227618,18.54342472315027,20.05738927900149,1.5139645558512207,124,104,True,True,6,28
P3-1,190510,KR7190510008,2023-10-31,2023-11-01,10840.0,10840.0,False,2023-11-30,2023-12-01,2023-11-30,2023-12-01,12960.0,EXECUTED,,2023-11-30,2023-12-01,12960.0,EXECUTED,,0.0,REALIZED,REALIZED,19.55719557195572,19.55719557195572,19.282529928829682,19.282529928829682,0.0,23,23,True,True,1,6
P3-1,192400,KR7192400000,2022-06-30,2022-07-01,16050.0,16050.0,False,2022-08-31,2022-09-01,2022-08-31,2022-09-01,17750.0,EXECUTED,,2022-08-01,2022-08-02,17200.0,EXECUTED,,21.0,REALIZED,REALIZED,10.59190031152648,7.1651090342679025,10.337831158446399,6.918912446494518,-3.4189187119518802,44,23,True,True,2,6
P3-1,194480,KR7194480000,2022-05-31,2022-06-02,51300.0,51300.0,False,2023-01-31,2023-02-01,2023-01-31,2023-02-01,61300.0,EXECUTED,,2023-01-02,2023-01-03,56600.0,EXECUTED,,19.0,REALIZED,REALIZED,19.49317738791423,10.331384015594548,19.218658817455836,10.07791336163133,-9.140745455824506,166,147,True,True,8,38
P3-1,196300,KR7196300008,2022-05-31,2022-06-02,11150.0,11150.0,False,2023-05-31,2023-06-01,2023-05-31,2023-06-01,14930.0,EXECUTED,,2023-05-02,2023-05-03,14050.0,EXECUTED,,19.0,REALIZED,REALIZED,33.901345291479814,26.00896860986548,33.59372600563102,25.71948093631051,-7.874245069320509,248,229,True,True,12,58
P3-1,196700,KR7196700009,2022-06-30,2022-07-01,3150.0,3150.0,False,2022-08-31,2022-09-01,2022-08-31,2022-09-01,3340.0,EXECUTED,,2022-08-01,2022-08-02,3795.0,EXECUTED,,21.0,REALIZED,REALIZED,6.0317460317460325,20.47619047619047,5.78815318418664,20.199413573050396,14.411260388863756,44,23,True,True,2,6
P3-1,206650,KR7206650004,2022-05-31,2022-06-02,17600.0,17600.0,False,2024-01-31,2024-02-01,2024-01-31,2024-02-01,10980.0,EXECUTED,,2024-01-31,2024-02-01,10980.0,EXECUTED,,0.0,REALIZED,REALIZED,-37.61363636363636,-37.61363636363636,-37.75696015614005,-37.75696015614005,0.0,413,413,True,True,20,105
P3-1,213420,KR7213420003,2022-06-30,2022-07-01,30150.0,30150.0,False,2022-08-31,2022-09-01,2022-08-31,2022-09-01,35800.0,EXECUTED,,2022-08-01,2022-08-02,31550.0,EXECUTED,,21.0,REALIZED,REALIZED,18.7396351575456,4.643449419568824,18.466847743127946,4.403045985913034,-14.063801757214911,44,23,True,True,2,6
P3-1,224110,KR7224110007,2022-02-28,2022-03-02,14350.0,14350.0,False,2023-06-30,2023-07-03,2023-06-30,2023-07-03,15520.0,EXECUTED,,2023-06-30,2023-07-03,15520.0,EXECUTED,,0.0,REALIZED,REALIZED,8.15331010452962,8.15331010452962,7.9048432654242,7.9048432654242,0.0,332,332,True,True,16,84
P3-1,226950,KR7226950004,2022-05-31,2022-06-02,22700.0,22700.0,False,2024-09-30,2024-10-02,2024-09-30,2024-10-02,16150.0,EXECUTED,,2024-09-02,2024-09-03,15460.0,EXECUTED,,17.0,REALIZED,REALIZED,-28.854625550660796,-31.8942731277533,-29.018071924047916,-32.050736343391996,-3.03266441934408,574,557,True,True,28,142
P3-1,227610,KR7227610003,2023-01-31,2023-02-01,3636.0,3636.0,False,2023-07-31,2023-08-01,2023-07-31,2023-08-01,5940.0,EXECUTED,,2023-06-16,2023-06-19,6520.0,EXECUTED,,31.0,REALIZED,REALIZED,63.36633663366336,79.31793179317933,62.99102572324957,78.90597436289346,15.914948639643889,125,94,True,True,6,24
P3-1,227610,KR7227610003,2023-08-31,2023-09-01,4670.0,4670.0,False,,,,,,OPEN_AT_CUTOFF,,,,,OPEN_AT_CUTOFF,,,OPEN_AT_CUTOFF,OPEN_AT_CUTOFF,,,,,,422,422,True,True,21,110
P3-1,234100,KR7234100006,2022-05-31,2022-06-02,13855.0,13855.0,False,,,,,,OPEN_AT_CUTOFF,,,,,OPEN_AT_CUTOFF,,,OPEN_AT_CUTOFF,OPEN_AT_CUTOFF,,,,,,733,733,True,True,36,188
P3-1,249420,KR7249420001,2023-01-31,2023-02-01,25900.0,25900.0,False,,,,,,OPEN_AT_CUTOFF,,,,,OPEN_AT_CUTOFF,,,OPEN_AT_CUTOFF,OPEN_AT_CUTOFF,,,,,,568,568,True,True,28,146
P3-1,265520,KR7265520007,2024-07-31,2024-08-01,21150.0,21150.0,False,,,,,,OPEN_AT_CUTOFF,,,,,OPEN_AT_CUTOFF,,,OPEN_AT_CUTOFF,OPEN_AT_CUTOFF,,,,,,199,199,True,True,10,53
P3-1,290650,KR7290650001,2025-02-28,2025-03-04,21307.0,21307.0,False,,,,,,OPEN_AT_CUTOFF,,,,,OPEN_AT_CUTOFF,,,OPEN_AT_CUTOFF,OPEN_AT_CUTOFF,,,,,,61,61,True,True,3,16
P3-1,290670,KR7290670009,2023-08-31,2023-09-01,43650.0,43650.0,False,,,,,,OPEN_AT_CUTOFF,,,,,OPEN_AT_CUTOFF,,,OPEN_AT_CUTOFF,OPEN_AT_CUTOFF,,,,,,422,422,True,True,21,110
P3-1,317330,KR7317330009,2022-09-30,2022-10-04,15750.0,15750.0,False,2022-10-31,2022-11-01,2022-10-31,2022-11-01,17450.0,EXECUTED,,2022-10-31,2022-11-01,17450.0,EXECUTED,,0.0,REALIZED,REALIZED,10.7936507936508,10.7936507936508,10.53911814754831,10.53911814754831,0.0,20,20,True,True,1,6
P3-1,317690,KR7317690006,2024-10-31,2024-11-01,7310.0,7310.0,False,,,,,,OPEN_AT_CUTOFF,,,,,OPEN_AT_CUTOFF,,,OPEN_AT_CUTOFF,OPEN_AT_CUTOFF,,,,,,140,140,True,True,7,36
P3-1,317830,KR7317830008,2023-10-31,2023-11-01,8700.0,8700.0,False,2023-11-30,2023-12-01,2023-11-30,2023-12-01,10650.0,EXECUTED,,2023-11-30,2023-12-01,10650.0,EXECUTED,,0.0,REALIZED,REALIZED,22.413793103448263,22.413793103448263,22.132564834004476,22.132564834004476,0.0,23,23,True,True,1,6
P3-1,322180,KR7322180001,2023-10-31,2023-11-01,5030.0,5030.0,False,2023-11-30,2023-12-01,2023-11-30,2023-12-01,5430.0,EXECUTED,,2023-11-03,2023-11-06,5780.0,EXECUTED,,19.0,REALIZED,REALIZED,7.9522862823061535,14.910536779324058,7.704281266825386,14.646546173526875,6.94226490670149,23,4,True,True,1,2
P3-1,322180,KR7322180001,2024-01-31,2024-02-01,5060.0,5060.0,False,2024-07-31,2024-08-01,2024-07-31,2024-08-01,5730.0,EXECUTED,,2024-04-01,2024-04-02,5600.0,EXECUTED,,82.0,REALIZED,REALIZED,13.241106719367579,10.671936758893285,12.980951391563345,10.417683733465033,-2.5632676580983116,123,41,True,True,6,12
P3-1,322310,KR7322310004,2024-10-31,2024-11-01,16890.0,16890.0,False,2025-01-31,2025-02-03,2025-01-31,2025-02-03,20800.0,EXECUTED,,2025-01-31,2025-02-03,20800.0,EXECUTED,,0.0,REALIZED,REALIZED,23.14979277679101,23.14979277679101,22.866873652834798,22.866873652834798,0.0,60,60,True,True,3,17
P3-1,900070,KYG3931T1076,2022-09-30,2022-10-04,1188.0,1188.0,False,2022-10-31,2022-11-01,2022-10-31,2022-11-01,1706.0,EXECUTED,,2022-10-31,2022-11-01,1706.0,EXECUTED,,0.0,REALIZED,REALIZED,43.6026936026936,43.6026936026936,43.272786849659404,43.272786849659404,0.0,20,20,True,True,1,6
P3-1,900250,KYG2115T1076,2023-10-31,2023-11-01,6732.0,6732.0,False,,,,,,OPEN_AT_CUTOFF,,,,,OPEN_AT_CUTOFF,,,OPEN_AT_CUTOFF,OPEN_AT_CUTOFF,,,,,,384,384,True,True,19,100
P3-1,950140,KR8840110108,2022-09-30,2022-10-04,4385.0,4385.0,False,2023-01-31,2023-02-01,2023-01-31,2023-02-01,5190.0,EXECUTED,,2023-01-02,2023-01-03,4970.0,EXECUTED,,19.0,REALIZED,REALIZED,18.358038768529084,13.34093500570126,18.086128017511772,13.080550336615303,-5.005577680896469,83,64,True,True,4,17
P3-2,000050,KR7000050005,2026-06-30,2026-07-01,8020.0,8020.0,False,2026-07-31,2026-08-03,2026-07-31,2026-08-03,8190.0,EXECUTED,,2026-07-20,2026-07-21,8180.0,EXECUTED,,9.0,REALIZED,REALIZED,2.1197007481296826,1.9950124688279391,1.8850952679020594,1.7606934421781073,-0.12440182572395209,23,14,True,True,1,4
P3-2,000320,KR7000320002,2026-06-30,2026-07-01,16460.0,16460.0,False,2026-08-31,2026-09-01,2026-08-31,2026-09-01,17730.0,EXECUTED,,2026-08-31,2026-09-01,17730.0,EXECUTED,,0.0,REALIZED,REALIZED,7.715674362089908,7.715674362089908,7.46821292882458,7.46821292882458,0.0,43,43,True,True,2,11
P3-2,000650,KR7000650002,2026-07-31,2026-08-03,135000.0,135000.0,False,,,,,,OPEN_AT_CUTOFF,,2026-08-14,2026-08-18,161500.0,EXECUTED,,,OPEN_AT_CUTOFF,REALIZED,,19.62962962962962,,19.354797579563886,,20,11,True,True,1,3
P3-2,000680,KR7000680009,2024-07-31,2024-08-01,3950.0,3950.0,False,2025-01-31,2025-02-03,2025-01-31,2025-02-03,3725.0,EXECUTED,,2025-01-31,2025-02-03,3725.0,EXECUTED,,0.0,REALIZED,REALIZED,-5.696202531645566,-5.696202531645566,-5.91285208633745,-5.91285208633745,0.0,119,119,True,True,6,34
P3-2,001360,KR7001360007,2022-02-28,2022-03-02,3852.0,3852.0,False,2025-06-30,2025-07-01,2025-06-30,2025-07-01,1713.0,EXECUTED,,2025-06-30,2025-07-01,1713.0,EXECUTED,,0.0,REALIZED,REALIZED,-55.52959501557633,-55.52959501557633,-55.63175944262473,-55.63175944262473,0.0,816,816,True,True,40,210
P3-2,001380,KR7001380005,2025-04-30,2025-05-02,4317.0,4317.0,False,,,,,,OPEN_AT_CUTOFF,,,,,OPEN_AT_CUTOFF,,,OPEN_AT_CUTOFF,OPEN_AT_CUTOFF,,,,,,324,324,True,True,16,83
P3-2,001430,KR7001430008,2026-07-31,2026-08-03,32650.0,32650.0,False,2026-08-31,2026-09-01,2026-08-31,2026-09-01,41000.0,EXECUTED,,2026-08-07,2026-08-10,43050.0,EXECUTED,,15.0,REALIZED,REALIZED,25.574272588055138,31.85298621745789,25.285783566750464,31.550072745087988,6.264289178337524,21,6,True,True,1,2
P3-2,001440,KR7001440007,2026-07-31,2026-08-03,22600.0,22600.0,False,2026-08-31,2026-09-01,2026-08-31,2026-09-01,29150.0,EXECUTED,,2026-08-31,2026-09-01,29150.0,EXECUTED,,0.0,REALIZED,REALIZED,28.982300884955748,28.982300884955748,28.685982403621658,28.685982403621658,0.0,21,21,True,True,1,6
P3-2,001470,KR7001470004,2024-01-31,2024-02-01,33376.0,33376.0,False,2024-02-29,2024-03-04,2024-02-29,2024-03-04,40672.0,EXECUTED,,2024-02-16,2024-02-19,44614.0,EXECUTED,,9.0,REALIZED,REALIZED,21.860019175455413,33.6709012464046,21.580063122805825,33.36381137295583,11.783748250150005,20,11,True,True,1,4
P3-2,001500,KR7001500008,2026-07-31,2026-08-03,7480.0,7480.0,False,2026-08-31,2026-09-01,2026-08-31,2026-09-01,7980.0,EXECUTED,,2026-08-31,2026-09-01,7980.0,EXECUTED,,0.0,REALIZED,REALIZED,6.68449197860963,6.68449197860963,6.4393995401269555,6.4393995401269555,0.0,21,21,True,True,1,6
P3-2,001530,KR7001530005,2026-06-30,2026-07-01,22600.0,22600.0,False,2026-07-31,2026-08-03,2026-07-31,2026-08-03,23950.0,EXECUTED,,2026-07-31,2026-08-03,23950.0,EXECUTED,,0.0,REALIZED,REALIZED,5.973451327433632,5.973451327433632,5.729992403661699,5.729992403661699,0.0,23,23,True,True,1,6
P3-2,001620,KR7001620004,2022-02-28,2022-03-02,3585.0,3585.0,False,2022-03-31,2022-04-01,2022-03-31,2022-04-01,3815.0,EXECUTED,,2022-03-31,2022-04-01,3815.0,EXECUTED,,0.0,REALIZED,REALIZED,6.41562064156207,6.41562064156207,6.1711458967142585,6.1711458967142585,0.0,22,22,True,True,1,6
P3-2,001620,KR7001620004,2022-05-31,2022-06-02,3585.0,3585.0,False,2024-05-31,2024-06-03,2024-05-31,2024-06-03,3075.0,EXECUTED,,2023-05-02,2023-05-03,4325.0,EXECUTED,,264.0,REALIZED,REALIZED,-14.225941422594147,20.641562064156215,-14.42299511601669,20.36440524332612,34.78740035934281,493,229,True,True,24,58
P3-2,002410,KR7002410009,2022-02-28,2022-03-02,4085.0,4085.0,False,2022-03-31,2022-04-01,2022-03-31,2022-04-01,6620.0,EXECUTED,,2022-03-31,2022-04-01,6620.0,EXECUTED,,0.0,REALIZED,REALIZED,62.05630354957161,62.05630354957161,61.684002253742996,61.684002253742996,0.0,22,22,True,True,1,6
P3-2,002460,KR7002460004,2022-09-30,2022-10-04,11750.0,11750.0,False,2024-12-30,2025-01-02,2024-12-30,2025-01-02,9690.0,EXECUTED,,2024-12-13,2024-12-16,9640.0,EXECUTED,,10.0,REALIZED,REALIZED,-17.531914893617017,-17.957446808510635,-17.721373583449594,-18.145927899324455,-0.42455431587486103,552,542,True,True,27,139
P3-2,003530,KR7003530003,2022-09-30,2022-10-04,2480.0,2480.0,False,2023-01-31,2023-02-01,2023-01-31,2023-02-01,3345.0,EXECUTED,,2023-01-31,2023-02-01,3345.0,EXECUTED,,0.0,REALIZED,REALIZED,34.87903225806453,34.87903225806453,34.56916687554068,34.56916687554068,0.0,83,83,True,True,4,22
P3-2,003530,KR7003530003,2026-07-31,2026-08-03,4050.0,4050.0,False,2026-08-31,2026-09-01,2026-08-31,2026-09-01,4935.0,EXECUTED,,2026-08-31,2026-09-01,4935.0,EXECUTED,,0.0,REALIZED,REALIZED,21.851851851851855,21.851851851851855,21.571914562465967,21.571914562465967,0.0,21,21,True,True,1,6
P3-2,003850,KR7003850005,2022-06-30,2022-07-01,10250.0,10250.0,False,2023-11-30,2023-12-01,2023-11-30,2023-12-01,9570.0,EXECUTED,,2022-08-01,2022-08-02,11200.0,EXECUTED,,329.0,REALIZED,REALIZED,-6.63414634146341,9.268292682926838,-6.848641103727216,9.017264330016218,15.865905433743434,352,23,True,True,17,6
P3-2,003960,KR7003960002,2024-10-31,2024-11-01,43500.0,43500.0,False,2025-08-29,2025-09-01,2025-08-29,2025-09-01,41600.0,EXECUTED,,2025-08-18,2025-08-19,40800.0,EXECUTED,,9.0,REALIZED,REALIZED,-4.367816091954024,-6.206896551724139,-4.587517425453802,-6.422372859579695,-1.8348554341258927,203,194,True,True,10,50
P3-2,004020,KR7004020004,2026-07-31,2026-08-03,25750.0,25750.0,False,2026-08-31,2026-09-01,2026-08-31,2026-09-01,30100.0,EXECUTED,,2026-08-31,2026-09-01,30100.0,EXECUTED,,0.0,REALIZED,REALIZED,16.893203883495154,16.893203883495154,16.624658382171486,16.624658382171486,0.0,21,21,True,True,1,6
P3-2,004100,KR7004100004,2024-04-30,2024-05-02,2030.0,2030.0,False,2024-05-31,2024-06-03,2024-05-31,2024-06-03,2590.0,EXECUTED,,2024-05-17,2024-05-20,2680.0,EXECUTED,,10.0,REALIZED,REALIZED,27.586206896551737,32.01970443349753,27.29309574248351,31.71640794975128,4.42331220726777,21,11,True,True,1,4
P3-2,004310,KR7004310009,2026-06-30,2026-07-01,5730.0,5730.0,False,2026-08-31,2026-09-01,2026-08-31,2026-09-01,6390.0,EXECUTED,,2026-07-20,2026-07-21,6220.0,EXECUTED,,29.0,REALIZED,REALIZED,11.518324607329845,8.551483420593375,11.26212712626582,8.302101834956721,-2.9600252913090994,43,14,True,True,2,4
P3-2,004920,KR7004920005,2024-01-31,2024-02-01,1322.0,13220.0,True,2024-11-29,2024-12-02,2024-11-29,2024-12-02,12880.0,EXECUTED,,2024-10-11,2024-10-14,13940.0,EXECUTED,,35.0,REALIZED,REALIZED,-2.571860816944027,5.446293494705001,-2.795688102113014,5.204045641036048,7.999733743149062,203,168,True,True,10,45
P3-2,004980,KR7004980009,2022-09-30,2022-10-04,7880.0,7880.0,False,2022-10-31,2022-11-01,2022-10-31,2022-11-01,9570.0,EXECUTED,,2022-10-31,2022-11-01,9570.0,EXECUTED,,0.0,REALIZED,REALIZED,21.446700507614214,21.446700507614214,21.167693995786287,21.167693995786287,0.0,20,20,True,True,1,6
P3-2,005160,KR7005160007,2023-10-31,2023-11-01,4375.0,4375.0,False,2023-11-30,2023-12-01,2023-11-30,2023-12-01,4850.0,EXECUTED,,2023-11-30,2023-12-01,4850.0,EXECUTED,,0.0,REALIZED,REALIZED,10.857142857142854,10.857142857142854,10.602464347059804,10.602464347059804,0.0,23,23,True,True,1,6
P3-2,005490,KR7005490008,2026-06-30,2026-07-01,325000.0,325000.0,False,2026-08-31,2026-09-01,2026-08-31,2026-09-01,339000.0,EXECUTED,,2026-08-07,2026-08-10,330500.0,EXECUTED,,15.0,REALIZED,REALIZED,4.307692307692301,1.6923076923076819,4.068060228220838,1.458684086805273,-2.6093761414155647,43,28,True,True,2,7
P3-2,005860,KR7005860002,2023-03-31,2023-04-03,4300.0,4300.0,False,2023-05-31,2023-06-01,2023-05-31,2023-06-01,6050.0,EXECUTED,,2023-05-02,2023-05-03,5800.0,EXECUTED,,19.0,REALIZED,REALIZED,40.697674418604656,34.883720930232556,40.37444153374439,34.57384477615164,-5.80059675759275,41,22,True,True,2,6
P3-2,005870,KR7005870001,2023-02-28,2023-03-02,6000.0,6000.0,False,2024-01-31,2024-02-01,2024-01-31,2024-02-01,6380.0,EXECUTED,,2024-01-31,2024-02-01,6380.0,EXECUTED,,0.0,REALIZED,REALIZED,6.333333333333324,6.333333333333324,6.089047631866218,6.089047631866218,0.0,228,228,True,True,11,58
P3-2,006110,KR7006110001,2024-09-30,2024-10-02,50800.0,50800.0,False,2026-03-31,2026-04-01,2026-03-31,2026-04-01,35700.0,EXECUTED,,2026-03-31,2026-04-01,35700.0,EXECUTED,,0.0,REALIZED,REALIZED,-29.7244094488189,-29.7244094488189,-29.88585761747543,-29.88585761747543,0.0,363,363,True,True,18,94
P3-2,006360,KR7006360002,2022-09-30,2022-10-04,22900.0,22900.0,False,2022-11-30,2022-12-01,2022-11-30,2022-12-01,24000.0,EXECUTED,,2022-11-30,2022-12-01,24000.0,EXECUTED,,0.0,REALIZED,REALIZED,4.8034934497816595,4.8034934497816595,4.562722337741665,4.562722337741665,0.0,42,42,True,True,2,11
P3-2,006660,KR7006660005,2022-06-30,2022-07-01,10650.0,10650.0,False,2022-08-31,2022-09-01,2022-08-31,2022-09-01,13100.0,EXECUTED,,2022-08-31,2022-09-01,13100.0,EXECUTED,,0.0,REALIZED,REALIZED,23.004694835680752,23.004694835680752,22.72210905359593,22.72210905359593,0.0,44,44,True,True,2,11
P3-2,006880,KR7006880009,2023-01-31,2023-02-01,6460.0,6460.0,False,2023-02-28,2023-03-02,2023-02-28,2023-03-02,7100.0,EXECUTED,,2023-02-28,2023-03-02,7100.0,EXECUTED,,0.0,REALIZED,REALIZED,9.90712074303406,9.90712074303406,9.654624773564358,9.654624773564358,0.0,21,21,True,True,1,6
P3-2,006880,KR7006880009,2023-03-31,2023-04-03,7000.0,7000.0,False,2023-05-31,2023-06-01,2023-05-31,2023-06-01,8060.0,EXECUTED,,2023-05-02,2023-05-03,8250.0,EXECUTED,,19.0,REALIZED,REALIZED,15.142857142857146,17.85714285714286,14.878332814085304,17.586382843201463,2.7080500291161584,41,22,True,True,2,6
P3-2,006910,KR7006910004,2026-07-31,2026-08-03,5610.0,5610.0,False,2026-08-31,2026-09-01,2026-08-31,2026-09-01,7220.0,EXECUTED,,2026-08-14,2026-08-18,7880.0,EXECUTED,,10.0,REALIZED,REALIZED,28.698752228164004,40.463458110516925,28.403085159518216,40.140763304294126,11.73767814477591,21,11,True,True,1,3
P3-2,007720,KR7007720006,2025-10-31,2025-11-03,3937.0,3937.0,False,,,,,,OPEN_AT_CUTOFF,,,,,OPEN_AT_CUTOFF,,,OPEN_AT_CUTOFF,OPEN_AT_CUTOFF,,,,,,203,203,True,True,10,53
P3-2,007860,KR7007860000,2022-06-30,2022-07-01,7220.0,7220.0,False,2022-11-30,2022-12-01,2022-11-30,2022-12-01,8250.0,EXECUTED,,2022-11-30,2022-12-01,8250.0,EXECUTED,,0.0,REALIZED,REALIZED,14.265927977839343,14.265927977839343,14.003418269031886,14.003418269031886,0.0,105,105,True,True,5,26
P3-2,008110,KR7008110009,2023-11-30,2023-12-01,7060.0,7060.0,False,2024-04-30,2024-05-02,2024-04-30,2024-05-02,11950.0,EXECUTED,,2024-04-30,2024-05-02,11950.0,EXECUTED,,0.0,REALIZED,REALIZED,69.26345609065156,69.26345609065156,68.87459738748049,68.87459738748049,0.0,102,102,True,True,5,27
P3-2,008600,KR7008600009,2022-05-31,2022-06-02,12255.0,12255.0,False,2025-01-31,2025-02-03,2025-01-31,2025-02-03,7922.0,EXECUTED,,2025-01-02,2025-01-03,8170.0,EXECUTED,,17.0,REALIZED,REALIZED,-35.35699714402285,-33.333333333333336,-35.5055052440004,-33.48649051293655,2.019014731063855,653,636,True,True,32,164
P3-2,009270,KR7009270000,2022-06-30,2022-07-01,1630.0,1630.0,False,2024-07-31,2024-08-01,2024-07-31,2024-08-01,1325.0,EXECUTED,,2024-07-01,2024-07-02,1321.0,EXECUTED,,22.0,REALIZED,REALIZED,-18.711656441717793,-18.95705521472393,-18.898404843227855,-19.143239847474703,-0.24483500424684834,515,493,True,True,25,125
P3-2,009470,KR7009470006,2022-09-30,2022-10-04,15050.0,15050.0,False,2022-10-31,2022-11-01,2022-10-31,2022-11-01,15450.0,EXECUTED,,2022-10-31,2022-11-01,15450.0,EXECUTED,,0.0,REALIZED,REALIZED,2.657807308970095,2.657807308970095,2.4219656054947247,2.4219656054947247,0.0,20,20,True,True,1,6
P3-2,009470,KR7009470006,2024-12-30,2025-01-02,31000.0,31000.0,False,2025-01-31,2025-02-03,2025-01-31,2025-02-03,37000.0,EXECUTED,,2025-01-10,2025-01-13,37750.0,EXECUTED,,11.0,REALIZED,REALIZED,19.354838709677423,21.7741935483871,19.08063795264585,21.494434667902198,2.413796715256346,19,8,True,True,1,3
P3-2,009470,KR7009470006,2025-03-31,2025-04-01,29950.0,29950.0,False,2025-09-30,2025-10-01,2025-09-30,2025-10-01,40700.0,EXECUTED,,2025-09-30,2025-10-01,40700.0,EXECUTED,,0.0,REALIZED,REALIZED,35.893155258764594,35.893155258764594,35.580960072962384,35.580960072962384,0.0,126,126,True,True,6,33
P3-2,009470,KR7009470006,2025-12-30,2026-01-02,29200.0,29200.0,False,2026-02-27,2026-03-03,2026-02-27,2026-03-03,44350.0,EXECUTED,,2026-02-02,2026-02-03,54100.0,EXECUTED,,16.0,REALIZED,REALIZED,51.883561643835606,85.27397260273972,51.53463077489373,84.84833201627396,33.31370124138023,39,23,True,True,2,6
P3-2,010100,KR7010100006,2024-09-30,2024-10-02,3825.0,3825.0,False,2025-01-31,2025-02-03,2025-01-31,2025-02-03,5990.0,EXECUTED,,2025-01-31,2025-02-03,5990.0,EXECUTED,,0.0,REALIZED,REALIZED,56.60130718954248,56.60130718954248,56.24153797157261,56.24153797157261,0.0,80,80,True,True,4,23
P3-2,010120,KR7010120004,2024-02-29,2024-03-04,12980.0,12980.0,False,2024-03-29,2024-04-01,2024-03-29,2024-04-01,19740.0,EXECUTED,,2024-03-08,2024-03-11,15840.0,EXECUTED,,15.0,REALIZED,REALIZED,52.08012326656395,22.033898305084755,51.7307408252657,21.75354278987889,-29.97719803538681,21,6,True,True,1,2
P3-2,010580,KR7010580009,2026-07-31,2026-08-03,1462.0,1462.0,False,2026-08-31,2026-09-01,2026-08-31,2026-09-01,1647.0,EXECUTED,,2026-08-31,2026-09-01,1647.0,EXECUTED,,0.0,REALIZED,REALIZED,12.653898768809846,12.653898768809846,12.395092467708801,12.395092467708801,0.0,21,21,True,True,1,6
P3-2,010660,KR7010660009,2023-02-28,2023-03-02,2920.0,2920.0,False,2023-05-31,2023-06-01,2023-05-31,2023-06-01,3900.0,EXECUTED,,2023-05-31,2023-06-01,3900.0,EXECUTED,,0.0,REALIZED,REALIZED,33.56164383561644,33.56164383561644,33.254804965520975,33.254804965520975,0.0,63,63,True,True,3,16
P3-2,010660,KR7010660009,2023-07-31,2023-08-01,3650.0,3650.0,False,2023-08-31,2023-09-01,2023-08-31,2023-09-01,4170.0,EXECUTED,,2023-08-25,2023-08-28,4130.0,EXECUTED,,4.0,REALIZED,REALIZED,14.24657534246576,13.15068493150684,13.984110093584068,12.89073733489261,-1.0933727586914586,23,19,True,True,1,5
P3-2,010770,KR7010770006,2025-05-30,2025-06-02,5640.0,5640.0,False,2026-05-29,2026-06-01,2026-05-29,2026-06-01,4710.0,EXECUTED,,2025-07-11,2025-07-14,6190.0,EXECUTED,,214.0,REALIZED,REALIZED,-16.48936170212766,9.751773049645385,-16.681215509556157,9.499633969394372,26.180849478950527,243,29,True,True,12,8
P3-2,010820,KR7010820009,2026-06-30,2026-07-01,6260.0,6260.0,False,,,,,,OPEN_AT_CUTOFF,,,,,OPEN_AT_CUTOFF,,,OPEN_AT_CUTOFF,OPEN_AT_CUTOFF,,,,,,42,42,True,True,2,11
P3-2,011000,KR7011000007,2022-06-30,2022-07-01,51750.0,51750.0,False,2022-08-31,2022-09-01,2022-08-31,2022-09-01,54000.0,EXECUTED,,2022-08-01,2022-08-02,66500.0,EXECUTED,,21.0,REALIZED,REALIZED,4.347826086956519,28.502415458937193,4.108101805838471,28.207199446078857,24.099097640240387,44,23,True,True,2,6
P3-2,011070,KR7011070000,2026-07-31,2026-08-03,498000.0,498000.0,False,2026-08-31,2026-09-01,2026-08-31,2026-09-01,632000.0,EXECUTED,,2026-08-14,2026-08-18,690000.0,EXECUTED,,10.0,REALIZED,REALIZED,26.907630522088354,38.55421686746987,26.616078300675007,38.23590827130656,11.619829970631557,21,11,True,True,1,3
P3-2,011080,KR7011080009,2025-06-30,2025-07-01,10447.0,10447.0,False,,,,,,OPEN_AT_CUTOFF,,2025-07-04,2025-07-07,11328.0,EXECUTED,,,OPEN_AT_CUTOFF,REALIZED,,8.433042978845595,,8.183933493269112,,286,5,True,True,14,2
P3-2,011090,KR7011090008,2022-08-31,2022-09-01,6525.0,6525.0,False,2024-07-31,2024-08-01,2024-07-31,2024-08-01,3265.0,EXECUTED,,2024-07-31,2024-08-01,3265.0,EXECUTED,,0.0,REALIZED,REALIZED,-49.961685823754785,-49.961685823754785,-50.07664172982478,-50.07664172982478,0.0,472,472,True,True,23,120
P3-2,011330,KR7011330008,2023-11-30,2023-12-01,16060.0,16060.0,False,2023-12-28,2024-01-02,2023-12-28,2024-01-02,21700.0,EXECUTED,,2023-12-15,2023-12-18,19890.0,EXECUTED,,8.0,REALIZED,REALIZED,35.11830635118307,23.848069738480703,34.807891270480404,23.56354642257399,-11.244344847906415,20,12,True,True,1,3
P3-2,011330,KR7011330008,2024-07-31,2024-08-01,15580.0,15580.0,False,2024-10-31,2024-11-01,2024-10-31,2024-11-01,15280.0,EXECUTED,,2024-10-31,2024-11-01,15280.0,EXECUTED,,0.0,REALIZED,REALIZED,-1.9255455712451908,-1.9255455712451908,-2.1508576737166663,-2.1508576737166663,0.0,60,60,True,True,3,17
P3-2,011370,KR7011370004,2022-09-30,2022-10-04,5250.0,5250.0,False,2023-01-31,2023-02-01,2023-01-31,2023-02-01,5745.0,EXECUTED,,2023-01-31,2023-02-01,5745.0,EXECUTED,,0.0,REALIZED,REALIZED,9.42857142857143,9.42857142857143,9.177174858051295,9.177174858051295,0.0,83,83,True,True,4,22
P3-2,011690,KR7011690005,2026-06-30,2026-07-01,3720.0,3720.0,False,,,,,,OPEN_AT_CUTOFF,,,,,OPEN_AT_CUTOFF,,,OPEN_AT_CUTOFF,OPEN_AT_CUTOFF,,,,,,42,42,True,True,2,11
P3-2,012800,KR7012800009,2022-09-30,2022-10-04,1225.0,1225.0,False,2022-10-31,2022-11-01,2022-10-31,2022-11-01,1270.0,EXECUTED,,2022-10-31,2022-11-01,1270.0,EXECUTED,,0.0,REALIZED,REALIZED,3.6734693877551017,3.6734693877551017,3.4352943451884776,3.4352943451884776,0.0,20,20,True,True,1,6
P3-2,012860,KR7012860003,2026-06-30,2026-07-01,2600.0,2600.0,False,,,,,,OPEN_AT_CUTOFF,,,,,OPEN_AT_CUTOFF,,,OPEN_AT_CUTOFF,OPEN_AT_CUTOFF,,,,,,42,42,True,True,2,11
P3-2,013360,KR7013360003,2022-09-30,2022-10-04,2445.0,2445.0,False,2022-11-30,2022-12-01,2022-11-30,2022-12-01,2880.0,EXECUTED,,2022-11-30,2022-12-01,2880.0,EXECUTED,,0.0,REALIZED,REALIZED,17.791411042944794,17.791411042944794,17.52080203849249,17.52080203849249,0.0,42,42,True,True,2,11
P3-2,013990,KR7013990007,2022-06-30,2022-07-01,2885.0,2885.0,False,2022-08-31,2022-09-01,2022-08-31,2022-09-01,4240.0,EXECUTED,,2022-08-31,2022-09-01,4240.0,EXECUTED,,0.0,REALIZED,REALIZED,46.96707105719238,46.96707105719238,46.62943512572741,46.62943512572741,0.0,44,44,True,True,2,11
P3-2,013990,KR7013990007,2022-09-30,2022-10-04,3080.0,3080.0,False,2022-11-30,2022-12-01,2022-11-30,2022-12-01,3490.0,EXECUTED,,2022-11-30,2022-12-01,3490.0,EXECUTED,,0.0,REALIZED,REALIZED,13.311688311688318,13.311688311688318,13.051370832719877,13.051370832719877,0.0,42,42,True,True,2,11
P3-2,014160,KR7014160006,2022-09-30,2022-10-04,1350.0,1350.0,False,2022-11-30,2022-12-01,2022-11-30,2022-12-01,1825.0,EXECUTED,,2022-11-30,2022-12-01,1825.0,EXECUTED,,0.0,REALIZED,REALIZED,35.18518518518518,35.18518518518518,34.87461645987866,34.87461645987866,0.0,42,42,True,True,2,11
P3-2,014790,KR7014790000,2022-09-30,2022-10-04,3110.0,3110.0,False,2024-07-31,2024-08-01,2024-07-31,2024-08-01,2740.0,EXECUTED,,2024-07-31,2024-08-01,2740.0,EXECUTED,,0.0,REALIZED,REALIZED,-11.897106109324762,-11.897106109324762,-12.0995099704724,-12.0995099704724,0.0,452,452,True,True,22,115
P3-2,014910,KR7014910004,2026-07-31,2026-08-03,1556.0,1556.0,False,2026-08-31,2026-09-01,2026-08-31,2026-09-01,2060.0,EXECUTED,,2026-08-14,2026-08-18,2035.0,EXECUTED,,10.0,REALIZED,REALIZED,32.39074550128536,30.784061696658107,32.08659660348718,30.483603926260393,-1.602992677226787,21,11,True,True,1,3
P3-2,014940,KR7014940001,2026-06-30,2026-07-01,4895.0,4895.0,False,,,,,,OPEN_AT_CUTOFF,,,,,OPEN_AT_CUTOFF,,,OPEN_AT_CUTOFF,OPEN_AT_CUTOFF,,,,,,42,42,True,True,2,11
P3-2,015020,KR7015020001,2022-02-28,2022-03-02,3640.0,3640.0,False,2025-01-31,2025-02-03,2025-01-31,2025-02-03,2558.0,EXECUTED,,2024-11-01,2024-11-04,1492.0,EXECUTED,,58.0,REALIZED,REALIZED,-29.72527472527473,-59.010989010989015,-29.88672090608173,-59.10515543075604,-29.21843452467431,716,658,True,True,35,169
P3-2,015860,KR7015860000,2026-06-30,2026-07-01,6230.0,6230.0,False,2026-08-31,2026-09-01,2026-08-31,2026-09-01,6690.0,EXECUTED,,2026-08-31,2026-09-01,6690.0,EXECUTED,,0.0,REALIZED,REALIZED,7.383627608346699,7.383627608346699,7.136929005245873,7.136929005245873,0.0,43,43,True,True,2,11
P3-2,016880,KR7016880007,2026-06-30,2026-07-01,1894.0,1894.0,False,2026-07-31,2026-08-03,2026-07-31,2026-08-03,1967.0,EXECUTED,,2026-07-31,2026-08-03,1967.0,EXECUTED,,0.0,REALIZED,REALIZED,3.8542766631467718,3.8542766631467718,3.6156862415948954,3.6156862415948954,0.0,23,23,True,True,1,6
P3-2,016920,KR7016920001,2022-05-31,2022-06-02,2765.0,2765.0,False,2025-01-31,2025-02-03,2025-01-31,2025-02-03,1790.0,EXECUTED,,2025-01-02,2025-01-03,2505.0,EXECUTED,,17.0,REALIZED,REALIZED,-35.2622061482821,-9.40325497287523,-35.410932017083056,-9.611388102119012,25.799543914964044,653,636,True,True,32,164
P3-2,017510,KR7017510009,2026-07-31,2026-08-03,5950.0,5950.0,False,2026-08-31,2026-09-01,2026-08-31,2026-09-01,7380.0,EXECUTED,,2026-08-31,2026-09-01,7380.0,EXECUTED,,0.0,REALIZED,REALIZED,24.033613445378155,24.033613445378155,23.74866386920884,23.74866386920884,0.0,21,21,True,True,1,6
P3-2,017550,KR7017550005,2022-02-28,2022-03-02,2545.0,2545.0,False,2022-03-31,2022-04-01,2022-03-31,2022-04-01,3085.0,EXECUTED,,2022-03-31,2022-04-01,3085.0,EXECUTED,,0.0,REALIZED,REALIZED,21.218074656188612,21.218074656188612,20.93959337971951,20.93959337971951,0.0,22,22,True,True,1,6
P3-2,017650,KR7017650003,2022-09-30,2022-10-04,7700.0,7700.0,False,2022-10-31,2022-11-01,2022-10-31,2022-11-01,8190.0,EXECUTED,,2022-10-31,2022-11-01,8190.0,EXECUTED,,0.0,REALIZED,REALIZED,6.363636363636371,6.363636363636371,6.119281045269442,6.119281045269442,0.0,20,20,True,True,1,6
P3-2,017900,KR7017900002,2026-06-30,2026-07-01,6670.0,6670.0,False,2026-08-31,2026-09-01,2026-08-31,2026-09-01,7510.0,EXECUTED,,2026-08-07,2026-08-10,8120.0,EXECUTED,,15.0,REALIZED,REALIZED,12.593703148425783,21.739130434782616,12.335035138196382,21.45945210681155,9.124416968615169,43,28,True,True,2,7
P3-2,018290,KR7018290007,2026-03-31,2026-04-01,15500.0,15500.0,False,2026-04-30,2026-05-04,2026-04-30,2026-05-04,17390.0,EXECUTED,,2026-04-30,2026-05-04,17390.0,EXECUTED,,0.0,REALIZED,REALIZED,12.193548387096765,12.193548387096765,11.935799675487125,11.935799675487125,0.0,23,23,True,True,1,6
P3-2,019490,KR7019490002,2022-02-28,2022-03-02,2613.0,2613.0,False,2024-09-30,2024-10-02,2024-09-30,2024-10-02,3920.0,EXECUTED,,2024-09-30,2024-10-02,3920.0,EXECUTED,,0.0,REALIZED,REALIZED,50.01913509376197,50.01913509376197,49.67448747949985,49.67448747949985,0.0,637,637,True,True,31,163
P3-2,023160,KR7023160005,2024-04-30,2024-05-02,12370.0,12370.0,False,2024-07-31,2024-08-01,2024-07-31,2024-08-01,16210.0,EXECUTED,,2024-07-01,2024-07-02,12910.0,EXECUTED,,22.0,REALIZED,REALIZED,31.042845594179468,4.365400161681476,30.74179330460374,4.125635506627656,-26.616157797976083,63,41,True,True,3,11
P3-2,023460,KR7023460009,2022-06-30,2022-07-01,1760.0,1760.0,False,2022-09-30,2022-10-04,2022-09-30,2022-10-04,2360.0,EXECUTED,,2022-09-30,2022-10-04,2360.0,EXECUTED,,0.0,REALIZED,REALIZED,34.09090909090908,34.09090909090908,33.78285430920718,33.78285430920718,0.0,64,64,True,True,3,16
P3-2,023760,KR7023760002,2026-06-30,2026-07-01,1378.0,1378.0,False,2026-08-31,2026-09-01,2026-08-31,2026-09-01,1418.0,EXECUTED,,2026-08-31,2026-09-01,1418.0,EXECUTED,,0.0,REALIZED,REALIZED,2.9027576197387495,2.9027576197387495,2.6663531777822547,2.6663531777822547,0.0,43,43,True,True,2,11
P3-2,023790,KR7023790009,2022-09-30,2022-10-04,4111.0,4111.0,False,2025-09-30,2025-10-01,2025-09-30,2025-10-01,4993.0,EXECUTED,,2025-09-01,2025-09-02,3024.0,EXECUTED,,21.0,REALIZED,REALIZED,21.45463390902458,-26.44125516905862,21.17560917133585,-26.610245917460528,-47.78585508879638,735,714,True,True,36,184
P3-2,023810,KR7023810005,2022-10-31,2022-11-01,6380.0,6380.0,False,2022-11-30,2022-12-01,2022-11-30,2022-12-01,7360.0,EXECUTED,,2022-11-30,2022-12-01,7360.0,EXECUTED,,0.0,REALIZED,REALIZED,15.36050156739812,15.36050156739812,15.095477231532994,15.095477231532994,0.0,23,23,True,True,1,6
P3-2,024850,KR7024850000,2022-02-28,2022-03-02,5550.0,5550.0,False,2022-03-31,2022-04-01,2022-03-31,2022-04-01,6000.0,EXECUTED,,2022-03-31,2022-04-01,6000.0,EXECUTED,,0.0,REALIZED,REALIZED,8.108108108108114,8.108108108108114,7.8597451141569685,7.8597451141569685,0.0,22,22,True,True,1,6
P3-2,024940,KR7024940009,2022-02-28,2022-03-02,4050.0,4050.0,False,2022-03-31,2022-04-01,2022-03-31,2022-04-01,6950.0,EXECUTED,,2022-03-31,2022-04-01,6950.0,EXECUTED,,0.0,REALIZED,REALIZED,71.60493827160495,71.60493827160495,71.21070034633001,71.21070034633001,0.0,22,22,True,True,1,6
P3-2,025320,KR7025320003,2025-02-28,2025-03-04,4671.0,4671.0,False,2025-03-31,2025-04-01,2025-03-31,2025-04-01,6666.0,EXECUTED,,2025-03-31,2025-04-01,6666.0,EXECUTED,,0.0,REALIZED,REALIZED,42.71034039820167,42.71034039820167,42.38248369966764,42.38248369966764,0.0,21,21,True,True,1,6
P3-2,025620,KR7025620006,2026-06-30,2026-07-01,7090.0,7090.0,False,,,,,,OPEN_AT_CUTOFF,,,,,OPEN_AT_CUTOFF,,,OPEN_AT_CUTOFF,OPEN_AT_CUTOFF,,,,,,42,42,True,True,2,11
P3-2,025770,KR7025770009,2023-06-30,2023-07-03,9580.0,9580.0,False,2025-04-30,2025-05-02,2025-04-30,2025-05-02,7760.0,EXECUTED,,2025-04-30,2025-05-02,7760.0,EXECUTED,,0.0,REALIZED,REALIZED,-18.99791231732777,-18.99791231732777,-19.18400308669951,-19.18400308669951,0.0,447,447,True,True,22,116
P3-2,025890,KR7025890005,2022-06-30,2022-07-01,2695.0,2695.0,False,2022-08-31,2022-09-01,2022-08-31,2022-09-01,3480.0,EXECUTED,,2022-08-31,2022-09-01,3480.0,EXECUTED,,0.0,REALIZED,REALIZED,29.128014842300566,29.128014842300566,28.83136160388542,28.83136160388542,0.0,44,44,True,True,2,11
P3-2,025890,KR7025890005,2022-09-30,2022-10-04,2420.0,2420.0,False,2023-01-31,2023-02-01,2023-01-31,2023-02-01,3370.0,EXECUTED,,2023-01-31,2023-02-01,3370.0,EXECUTED,,0.0,REALIZED,REALIZED,39.25619834710743,39.25619834710743,38.93627704839082,38.93627704839082,0.0,83,83,True,True,4,22
P3-2,027710,KR7027710003,2022-10-31,2022-11-01,2030.0,2030.0,False,2026-03-31,2026-04-01,2026-03-31,2026-04-01,1304.0,EXECUTED,,2026-03-03,2026-03-04,1367.0,EXECUTED,,20.0,REALIZED,REALIZED,-35.76354679802955,-32.66009852216749,-35.91112090803147,-32.81480236294404,3.0963185450874278,834,814,True,True,41,209
P3-2,030210,KR7030210009,2022-10-31,2022-11-01,3095.0,3095.0,False,2023-02-28,2023-03-02,2023-02-28,2023-03-02,4955.0,EXECUTED,,2023-02-28,2023-03-02,4955.0,EXECUTED,,0.0,REALIZED,REALIZED,60.096930533117934,60.096930533117934,59.72913061796419,59.72913061796419,0.0,84,84,True,True,4,22
P3-2,030520,KR7030520001,2025-03-31,2025-04-01,18300.0,18300.0,False,2025-04-30,2025-05-02,2025-04-30,2025-05-02,21350.0,EXECUTED,,2025-04-18,2025-04-21,21850.0,EXECUTED,,8.0,REALIZED,REALIZED,16.666666666666675,19.398907103825145,16.398641602361064,19.124605105929238,2.725963503568174,23,15,True,True,1,4
P3-2,030960,KR7030960009,2023-03-31,2023-04-03,21250.0,21250.0,False,,,,,,OPEN_AT_CUTOFF,,2023-04-21,2023-04-24,22500.0,EXECUTED,,,OPEN_AT_CUTOFF,REALIZED,,5.882352941176472,,5.639103302983139,,831,16,True,True,41,4
P3-2,031330,KR7031330004,2023-01-31,2023-02-01,2680.0,2680.0,False,2023-02-28,2023-03-02,2023-02-28,2023-03-02,2830.0,EXECUTED,,2023-02-28,2023-03-02,2830.0,EXECUTED,,0.0,REALIZED,REALIZED,5.597014925373145,5.597014925373145,5.354420810665816,5.354420810665816,0.0,21,21,True,True,1,6
P3-2,032350,KR7032350001,2026-07-31,2026-08-03,11560.0,11560.0,False,2026-08-31,2026-09-01,2026-08-31,2026-09-01,13400.0,EXECUTED,,2026-08-31,2026-09-01,13400.0,EXECUTED,,0.0,REALIZED,REALIZED,15.916955017301039,15.916955017301039,15.650652308821389,15.650652308821389,0.0,21,21,True,True,1,6
P3-2,032500,KR7032500001,2026-07-31,2026-08-03,13540.0,13540.0,False,2026-08-31,2026-09-01,2026-08-31,2026-09-01,14830.0,EXECUTED,,2026-08-31,2026-09-01,14830.0,EXECUTED,,0.0,REALIZED,REALIZED,9.52732644017724,9.52732644017724,9.275702994071388,9.275702994071388,0.0,21,21,True,True,1,6
P3-2,032680,KR7032680001,2023-03-31,2023-04-03,3675.0,3675.0,False,2023-06-30,2023-07-03,2023-06-30,2023-07-03,4725.0,EXECUTED,,2023-05-02,2023-05-03,3750.0,EXECUTED,,40.0,REALIZED,REALIZED,28.57142857142858,2.0408163265306145,28.27605401076523,1.8063920720359006,-26.469661938729327,62,22,True,True,3,6
P3-2,032940,KR7032940009,2026-06-30,2026-07-01,6160.0,6160.0,False,2026-08-31,2026-09-01,2026-08-31,2026-09-01,8100.0,EXECUTED,,2026-08-31,2026-09-01,8100.0,EXECUTED,,0.0,REALIZED,REALIZED,31.493506493506484,31.493506493506484,31.19141887464627,31.19141887464627,0.0,43,43,True,True,2,11
P3-2,033160,KR7033160003,2022-06-30,2022-07-01,10750.0,10750.0,False,2022-08-31,2022-09-01,2022-08-31,2022-09-01,12950.0,EXECUTED,,2022-08-01,2022-08-02,12150.0,EXECUTED,,21.0,REALIZED,REALIZED,20.465116279069772,13.023255813953494,20.188364817321624,12.76360096760294,-7.424763849718683,44,23,True,True,2,6
P3-2,033200,KR7033200007,2022-09-30,2022-10-04,6180.0,6180.0,False,2025-06-30,2025-07-01,2025-06-30,2025-07-01,3650.0,EXECUTED,,2025-06-30,2025-07-01,3650.0,EXECUTED,,0.0,REALIZED,REALIZED,-40.93851132686084,-40.93851132686084,-41.074196692286016,-41.074196692286016,0.0,670,670,True,True,33,173
P3-2,033240,KR7033240003,2026-07-31,2026-08-03,22000.0,22000.0,False,2026-08-31,2026-09-01,2026-08-31,2026-09-01,30700.0,EXECUTED,,2026-08-14,2026-08-18,31900.0,EXECUTED,,10.0,REALIZED,REALIZED,39.54545454545455,44.99999999999999,39.22486872178508,44.66688313436302,5.44201441257794,21,11,True,True,1,3
P3-2,035200,KR7035200005,2022-06-30,2022-07-01,3750.0,3750.0,False,2022-08-31,2022-09-01,2022-08-31,2022-09-01,4320.0,EXECUTED,,2022-08-01,2022-08-02,4345.0,EXECUTED,,21.0,REALIZED,REALIZED,15.199999999999992,15.866666666666674,14.935344393645655,15.60047948851626,0.665135094870605,44,23,True,True,2,6
P3-2,035460,KR7035460005,2023-02-28,2023-03-02,2955.0,2955.0,False,2023-06-30,2023-07-03,2023-06-30,2023-07-03,3605.0,EXECUTED,,2023-06-30,2023-07-03,3605.0,EXECUTED,,0.0,REALIZED,REALIZED,21.996615905245353,21.996615905245353,21.716346041047597,21.716346041047597,0.0,84,84,True,True,4,21
P3-2,035810,KR7035810001,2026-07-31,2026-08-03,4165.0,4165.0,False,2026-08-31,2026-09-01,2026-08-31,2026-09-01,4605.0,EXECUTED,,2026-08-31,2026-09-01,4605.0,EXECUTED,,0.0,REALIZED,REALIZED,10.564225690276107,10.564225690276107,10.310220115700087,10.310220115700087,0.0,21,21,True,True,1,6
P3-2,036170,KR7036170009,2026-06-30,2026-07-01,3105.0,3105.0,False,,,,,,OPEN_AT_CUTOFF,,2026-07-10,2026-07-13,3165.0,EXECUTED,,,OPEN_AT_CUTOFF,REALIZED,,1.9323671497584627,,1.698192041814428,,42,9,True,True,2,3
P3-2,036200,KR7036200004,2022-09-30,2022-10-04,6550.0,6550.0,False,2022-11-30,2022-12-01,2022-11-30,2022-12-01,7100.0,EXECUTED,,2022-11-30,2022-12-01,7100.0,EXECUTED,,0.0,REALIZED,REALIZED,8.3969465648855,8.3969465648855,8.147920005683318,8.147920005683318,0.0,42,42,True,True,2,11
P3-2,036830,KR7036830008,2024-12-30,2025-01-02,35750.0,35750.0,False,2025-06-30,2025-07-01,2025-06-30,2025-07-01,41250.0,EXECUTED,,2025-06-30,2025-07-01,41250.0,EXECUTED,,0.0,REALIZED,REALIZED,15.384615384615374,15.384615384615374,15.119535650686778,15.119535650686778,0.0,119,119,True,True,6,31
P3-2,037230,KR7037230000,2022-06-30,2022-07-01,2835.0,2835.0,False,2022-08-31,2022-09-01,2022-08-31,2022-09-01,3350.0,EXECUTED,,2022-08-01,2022-08-02,3525.0,EXECUTED,,21.0,REALIZED,REALIZED,18.165784832451504,24.33862433862435,17.89431575749343,24.05297404333262,6.158658285839188,44,23,True,True,2,6
P3-2,037330,KR7037330008,2022-06-30,2022-07-01,1740.0,1740.0,False,2022-08-31,2022-09-01,2022-08-31,2022-09-01,1945.0,EXECUTED,,2022-08-01,2022-08-02,1980.0,EXECUTED,,21.0,REALIZED,REALIZED,11.781609195402298,13.793103448275868,11.524806855464153,13.531679986539347,2.006873131075194,44,23,True,True,2,6
P3-2,038500,KR7038500005,2026-07-31,2026-08-03,6840.0,6840.0,False,,,,,,OPEN_AT_CUTOFF,,2026-08-14,2026-08-18,8350.0,EXECUTED,,,OPEN_AT_CUTOFF,REALIZED,,22.07602339181287,,21.79557110021486,,20,11,True,True,1,3
P3-2,038620,KR7038620001,2022-02-28,2022-03-02,8025.0,8025.0,False,2022-03-31,2022-04-01,2022-03-31,2022-04-01,8750.0,EXECUTED,,2022-03-31,2022-04-01,8750.0,EXECUTED,,0.0,REALIZED,REALIZED,9.034267912772576,9.034267912772576,8.783777198468279,8.783777198468279,0.0,22,22,True,True,1,6
P3-2,038620,KR7038620001,2022-05-31,2022-06-02,7125.0,7125.0,False,2025-01-31,2025-02-03,2025-01-31,2025-02-03,4195.0,EXECUTED,,2025-01-02,2025-01-03,4125.0,EXECUTED,,17.0,REALIZED,REALIZED,-41.12280701754386,-42.10526315789473,-41.258068989846066,-42.23826807702385,-0.9801990871777804,653,636,True,True,32,164
P3-2,039240,KR7039240007,2022-02-28,2022-03-02,3825.0,3825.0,False,2022-03-31,2022-04-01,2022-03-31,2022-04-01,5360.0,EXECUTED,,2022-03-25,2022-03-28,5240.0,EXECUTED,,4.0,REALIZED,REALIZED,40.13071895424836,36.993464052287585,39.80878856888634,36.678741063612776,-3.1300475052735663,22,18,True,True,1,5
P3-2,039240,KR7039240007,2025-04-30,2025-05-02,2965.0,2965.0,False,,,,,,OPEN_AT_CUTOFF,,2026-05-04,2026-05-06,3025.0,EXECUTED,,,OPEN_AT_CUTOFF,REALIZED,,2.023608768971341,,1.789224046391391,,324,245,True,True,16,63
P3-2,039740,KR7039740006,2026-06-30,2026-07-01,3015.0,3015.0,False,,,,,,OPEN_AT_CUTOFF,,,,,OPEN_AT_CUTOFF,,,OPEN_AT_CUTOFF,OPEN_AT_CUTOFF,,,,,,42,42,True,True,2,11
P3-2,042500,KR7042500009,2025-03-31,2025-04-01,3498.0,3498.0,False,2025-04-30,2025-05-02,2025-04-30,2025-05-02,3764.0,EXECUTED,,2025-04-30,2025-05-02,3764.0,EXECUTED,,0.0,REALIZED,REALIZED,7.604345340194407,7.604345340194407,7.357139669514079,7.357139669514079,0.0,23,23,True,True,1,6
P3-2,042520,KR7042520007,2026-07-31,2026-08-03,18570.0,18570.0,False,2026-08-31,2026-09-01,2026-08-31,2026-09-01,20550.0,EXECUTED,,2026-08-07,2026-08-10,21550.0,EXECUTED,,15.0,REALIZED,REALIZED,10.662358642972535,16.04738826063543,10.408127621902574,15.780785900340666,5.372658278438092,21,6,True,True,1,2
P3-2,042660,KR7042660001,2024-01-31,2024-02-01,21800.0,21800.0,False,2024-02-29,2024-03-04,2024-02-29,2024-03-04,23800.0,EXECUTED,,2024-02-29,2024-03-04,23800.0,EXECUTED,,0.0,REALIZED,REALIZED,9.174311926605494,9.174311926605494,8.92349948110851,8.92349948110851,0.0,20,20,True,True,1,6
P3-2,042670,KR7042670000,2023-10-31,2023-11-01,6730.0,6730.0,False,2023-11-30,2023-12-01,2023-11-30,2023-12-01,7820.0,EXECUTED,,2023-11-30,2023-12-01,7820.0,EXECUTED,,0.0,REALIZED,REALIZED,16.196136701337306,16.196136701337306,15.929192612667809,15.929192612667809,0.0,23,23,True,True,1,6
P3-2,042940,KR7042940007,2025-06-30,2025-07-01,11660.0,11660.0,False,,,,,,OPEN_AT_CUTOFF,,,,,OPEN_AT_CUTOFF,,,OPEN_AT_CUTOFF,OPEN_AT_CUTOFF,,,,,,286,286,True,True,14,73
P3-2,043260,KR7043260009,2026-07-31,2026-08-03,14260.0,14260.0,False,2026-08-31,2026-09-01,2026-08-31,2026-09-01,16980.0,EXECUTED,,2026-08-07,2026-08-10,17500.0,EXECUTED,,15.0,REALIZED,REALIZED,19.074333800841515,22.72089761570828,18.800777463920504,22.438963817350334,3.6381863534298304,21,6,True,True,1,2
P3-2,045660,KR7045660008,2022-02-28,2022-03-02,15550.0,15550.0,False,2023-10-31,2023-11-01,2023-10-31,2023-11-01,12240.0,EXECUTED,,2023-10-04,2023-10-05,13070.0,EXECUTED,,18.0,REALIZED,REALIZED,-21.28617363344052,-15.948553054662383,-21.467007448071694,-16.141649292998117,5.325358155073577,413,395,True,True,20,100
P3-2,046890,KR7046890000,2022-05-31,2022-06-02,12650.0,12650.0,False,2023-05-31,2023-06-01,2023-05-31,2023-06-01,12300.0,EXECUTED,,2023-05-31,2023-06-01,12300.0,EXECUTED,,0.0,REALIZED,REALIZED,-2.766798418972327,-2.766798418972327,-2.990177862741439,-2.990177862741439,0.0,248,248,True,True,12,63
P3-2,046890,KR7046890000,2026-07-31,2026-08-03,8300.0,8300.0,False,2026-08-31,2026-09-01,2026-08-31,2026-09-01,9850.0,EXECUTED,,2026-08-14,2026-08-18,10280.0,EXECUTED,,10.0,REALIZED,REALIZED,18.67469879518073,23.855421686746993,18.40206056281477,23.570881480785367,5.168820917970596,21,11,True,True,1,3
P3-2,046940,KR7046940003,2026-06-30,2026-07-01,3010.0,3010.0,False,,,,,,OPEN_AT_CUTOFF,,2026-07-03,2026-07-06,4040.0,EXECUTED,,,OPEN_AT_CUTOFF,REALIZED,,34.219269102990026,,33.910919432426745,,42,4,True,True,2,2
P3-2,047310,KR7047310008,2024-04-30,2024-05-02,7950.0,7950.0,False,2026-02-27,2026-03-03,2026-02-27,2026-03-03,5940.0,EXECUTED,,2026-02-02,2026-02-03,5910.0,EXECUTED,,16.0,REALIZED,REALIZED,-25.283018867924532,-25.66037735849057,-25.45467049940435,-25.83116206253867,-0.3764915631343193,443,427,True,True,22,110
P3-2,047770,KR7047770003,2026-07-31,2026-08-03,2300.0,2300.0,False,2026-08-31,2026-09-01,2026-08-31,2026-09-01,3485.0,EXECUTED,,2026-08-21,2026-08-24,3390.0,EXECUTED,,6.0,REALIZED,REALIZED,51.52173913043478,47.39130434782608,51.17363949722791,47.052693800746816,-4.120945696481094,21,15,True,True,1,4
P3-2,048410,KR7048410005,2026-06-30,2026-07-01,8140.0,8140.0,False,,,,,,OPEN_AT_CUTOFF,,,,,OPEN_AT_CUTOFF,,,OPEN_AT_CUTOFF,OPEN_AT_CUTOFF,,,,,,42,42,True,True,2,11
P3-2,048430,KR7048430003,2022-06-30,2022-07-01,6730.0,6730.0,False,2022-08-31,2022-09-01,2022-08-31,2022-09-01,6710.0,EXECUTED,,2022-08-01,2022-08-02,7290.0,EXECUTED,,21.0,REALIZED,REALIZED,-0.2971768202080227,8.320950965824657,-0.5262298681584454,8.072098995696697,8.598328863855143,44,23,True,True,2,6
P3-2,048770,KR7048770002,2026-06-30,2026-07-01,3200.0,3200.0,False,,,,,,OPEN_AT_CUTOFF,,,,,OPEN_AT_CUTOFF,,,OPEN_AT_CUTOFF,OPEN_AT_CUTOFF,,,,,,42,42,True,True,2,11
P3-2,048910,KR7048910004,2022-02-28,2022-03-02,16500.0,16500.0,False,2022-03-31,2022-04-01,2022-03-31,2022-04-01,18400.0,EXECUTED,,2022-03-31,2022-04-01,18400.0,EXECUTED,,0.0,REALIZED,REALIZED,11.515151515151523,11.515151515151523,11.258961323815209,11.258961323815209,0.0,22,22,True,True,1,6
P3-2,048910,KR7048910004,2022-05-31,2022-06-02,16350.0,16350.0,False,2025-03-31,2025-04-01,2025-03-31,2025-04-01,10500.0,EXECUTED,,2025-03-31,2025-04-01,10500.0,EXECUTED,,0.0,REALIZED,REALIZED,-35.77981651376147,-35.77981651376147,-35.92735324640677,-35.92735324640677,0.0,693,693,True,True,34,178
P3-2,049950,KR7049950009,2023-10-31,2023-11-01,24950.0,24950.0,False,2023-11-30,2023-12-01,2023-11-30,2023-12-01,33500.0,EXECUTED,,2023-11-30,2023-12-01,33500.0,EXECUTED,,0.0,REALIZED,REALIZED,34.2685370741483,34.2685370741483,33.960074217432414,33.960074217432414,0.0,23,23,True,True,1,6
P3-2,052460,KR7052460003,2022-06-30,2022-07-01,3565.0,3565.0,False,2023-05-31,2023-06-01,2023-05-31,2023-06-01,4390.0,EXECUTED,,2023-05-31,2023-06-01,4390.0,EXECUTED,,0.0,REALIZED,REALIZED,23.141654978962123,23.141654978962123,22.858754550438377,22.858754550438377,0.0,228,228,True,True,11,57
P3-2,053050,KR7053050001,2023-07-31,2023-08-01,3020.0,3020.0,False,2023-10-31,2023-11-01,2023-10-31,2023-11-01,5240.0,EXECUTED,,2023-10-31,2023-11-01,5240.0,EXECUTED,,0.0,REALIZED,REALIZED,73.50993377483444,73.50993377483444,73.11131939348307,73.11131939348307,0.0,61,61,True,True,3,17
P3-2,053160,KR7053160008,2022-02-28,2022-03-02,10400.0,10400.0,False,2023-07-31,2023-08-01,2023-07-31,2023-08-01,10800.0,EXECUTED,,2023-07-31,2023-08-01,10800.0,EXECUTED,,0.0,REALIZED,REALIZED,3.8461538461538547,3.8461538461538547,3.6075820856180885,3.6075820856180885,0.0,353,353,True,True,17,89
P3-2,053290,KR7053290003,2022-03-31,2022-04-01,8450.0,8450.0,False,2024-01-31,2024-02-01,2024-01-31,2024-02-01,5250.0,EXECUTED,,2024-01-31,2024-02-01,5250.0,EXECUTED,,0.0,REALIZED,REALIZED,-37.8698224852071,-37.8698224852071,-38.0125577265533,-38.0125577265533,0.0,455,455,True,True,22,115
P3-2,053610,KR7053610002,2024-05-31,2024-06-03,31100.0,31100.0,False,2024-10-31,2024-11-01,2024-10-31,2024-11-01,32900.0,EXECUTED,,2024-10-31,2024-11-01,32900.0,EXECUTED,,0.0,REALIZED,REALIZED,5.787781350482324,5.787781350482324,5.5447489770604985,5.5447489770604985,0.0,102,102,True,True,5,27
P3-2,053800,KR7053800009,2022-08-31,2022-09-01,83900.0,83900.0,False,2023-01-31,2023-02-01,2023-01-31,2023-02-01,97000.0,EXECUTED,,2023-01-31,2023-02-01,97000.0,EXECUTED,,0.0,REALIZED,REALIZED,15.613825983313468,15.613825983313468,15.348219670652362,15.348219670652362,0.0,103,103,True,True,5,27
P3-2,054450,KR7054450002,2024-07-31,2024-08-01,17590.0,17590.0,False,2026-01-30,2026-02-02,2026-01-30,2026-02-02,15500.0,EXECUTED,,2026-01-02,2026-01-05,16530.0,EXECUTED,,20.0,REALIZED,REALIZED,-11.881750994883456,-6.026151222285392,-12.084190132221407,-6.242042766814171,5.842147365407236,364,344,True,True,18,90
P3-2,054620,KR7054620000,2022-06-30,2022-07-01,8700.0,8700.0,False,2022-08-31,2022-09-01,2022-08-31,2022-09-01,13600.0,EXECUTED,,2022-08-01,2022-08-02,10650.0,EXECUTED,,21.0,REALIZED,REALIZED,56.32183908045978,22.413793103448263,55.962711900700526,22.132564834004476,-33.83014706669605,44,23,True,True,2,6
P3-2,054950,KR7054950001,2024-12-30,2025-01-02,19060.0,19060.0,False,2025-01-31,2025-02-03,2025-01-31,2025-02-03,20800.0,EXECUTED,,2025-01-31,2025-02-03,20800.0,EXECUTED,,0.0,REALIZED,REALIZED,9.129066107030436,9.129066107030436,8.87835760736515,8.87835760736515,0.0,19,19,True,True,1,6
P3-2,056080,KR7056080005,2024-09-30,2024-10-02,6030.0,6030.0,False,2024-12-30,2025-01-02,2024-12-30,2025-01-02,6850.0,EXECUTED,,2024-12-02,2024-12-03,6680.0,EXECUTED,,19.0,REALIZED,REALIZED,13.598673300165842,10.779436152570486,13.337696514026032,10.524936162583053,-2.8127603514429786,62,43,True,True,3,12
P3-2,056080,KR7056080005,2026-06-30,2026-07-01,15100.0,15100.0,False,,,,,,OPEN_AT_CUTOFF,,,,,OPEN_AT_CUTOFF,,,OPEN_AT_CUTOFF,OPEN_AT_CUTOFF,,,,,,42,42,True,True,2,11
P3-2,058430,KR7058430000,2022-10-31,2022-11-01,2685.0,2685.0,False,2022-11-30,2022-12-01,2022-11-30,2022-12-01,3940.0,EXECUTED,,2022-11-30,2022-12-01,3940.0,EXECUTED,,0.0,REALIZED,REALIZED,46.74115456238361,46.74115456238361,46.40403764191623,46.40403764191623,0.0,23,23,True,True,1,6
P3-2,058470,KR7058470006,2024-12-30,2025-01-02,38043.0,38043.0,False,2025-01-31,2025-02-03,2025-01-31,2025-02-03,40846.0,EXECUTED,,2025-01-02,2025-01-03,39645.0,EXECUTED,,17.0,REALIZED,REALIZED,7.367978340299142,4.211024367163474,7.121315689164653,3.9716143685289307,-3.1497013206357227,19,2,True,True,1,1
P3-2,058650,KR7058650003,2026-06-30,2026-07-01,111800.0,111800.0,False,2026-07-31,2026-08-03,2026-07-31,2026-08-03,116800.0,EXECUTED,,2026-07-31,2026-08-03,116800.0,EXECUTED,,0.0,REALIZED,REALIZED,4.472271914132375,4.472271914132375,4.232261736435761,4.232261736435761,0.0,23,23,True,True,1,6
P3-2,060280,KR7060280005,2024-05-31,2024-06-03,10300.0,10300.0,False,2025-10-31,2025-11-03,2025-10-31,2025-11-03,10990.0,EXECUTED,,2025-10-31,2025-11-03,10990.0,EXECUTED,,0.0,REALIZED,REALIZED,6.699029126213585,6.699029126213585,6.453903290703011,6.453903290703011,0.0,344,344,True,True,17,89
P3-2,060560,KR7060560000,2022-06-30,2022-07-01,6770.0,6770.0,False,2022-08-31,2022-09-01,2022-08-31,2022-09-01,7930.0,EXECUTED,,2022-08-01,2022-08-02,8680.0,EXECUTED,,21.0,REALIZED,REALIZED,17.134416543574595,28.212703101920233,16.865316890490377,27.918152661974325,11.052835771483949,44,23,True,True,2,6
P3-2,062970,KR7062970009,2025-07-31,2025-08-01,3815.0,3815.0,False,2026-03-31,2026-04-01,2026-03-31,2026-04-01,5282.0,EXECUTED,,2025-09-19,2025-09-22,5244.0,EXECUTED,,125.0,REALIZED,REALIZED,38.45347313237222,37.457404980340755,38.13539598060387,37.1416161534053,-0.9937798271985656,161,36,True,True,8,9
P3-2,064260,KR7064260003,2022-09-30,2022-10-04,5870.0,5870.0,False,2025-12-30,2026-01-02,2025-12-30,2026-01-02,7200.0,EXECUTED,,2025-06-02,2025-06-04,3425.0,EXECUTED,,142.0,REALIZED,REALIZED,22.657580919931863,-41.65247018739353,22.375792582672126,-41.786515333937224,-64.16230791660935,794,652,True,True,39,168
P3-2,064260,KR7064260003,2026-06-30,2026-07-01,4300.0,4300.0,False,2026-08-31,2026-09-01,2026-08-31,2026-09-01,5410.0,EXECUTED,,2026-08-31,2026-09-01,5410.0,EXECUTED,,0.0,REALIZED,REALIZED,25.8139534883721,25.8139534883721,25.52491383430697,25.52491383430697,0.0,43,43,True,True,2,11
P3-2,064550,KR7064550007,2022-06-30,2022-07-01,24950.0,24950.0,False,2022-08-31,2022-09-01,2022-08-31,2022-09-01,30050.0,EXECUTED,,2022-08-01,2022-08-02,31200.0,EXECUTED,,21.0,REALIZED,REALIZED,20.440881763527052,25.05010020040079,20.164185977129677,24.76281539056393,4.598629413434253,44,23,True,True,2,6
P3-2,064550,KR7064550007,2022-09-30,2022-10-04,25350.0,25350.0,False,2022-11-30,2022-12-01,2022-11-30,2022-12-01,33950.0,EXECUTED,,2022-11-30,2022-12-01,33950.0,EXECUTED,,0.0,REALIZED,REALIZED,33.925049309664686,33.925049309664686,33.61737556720736,33.61737556720736,0.0,42,42,True,True,2,11
P3-2,064550,KR7064550007,2023-01-31,2023-02-01,26550.0,26550.0,False,2023-02-28,2023-03-02,2023-02-28,2023-03-02,54700.0,EXECUTED,,2023-02-28,2023-03-02,54700.0,EXECUTED,,0.0,REALIZED,REALIZED,106.02636534839927,106.02636534839927,105.55304909278935,105.55304909278935,0.0,21,21,True,True,1,6
P3-2,065350,KR7065350001,2024-09-30,2024-10-02,46500.0,46500.0,False,2024-12-30,2025-01-02,2024-12-30,2025-01-02,116300.0,EXECUTED,,2024-12-02,2024-12-03,79900.0,EXECUTED,,19.0,REALIZED,REALIZED,150.10752688172042,71.82795698924731,149.53294043049934,71.43320671020552,-78.09973372029381,62,43,True,True,3,12
P3-2,065370,KR7065370009,2023-06-30,2023-07-03,13450.0,13450.0,False,2025-02-28,2025-03-04,2025-02-28,2025-03-04,8750.0,EXECUTED,,2025-02-28,2025-03-04,8750.0,EXECUTED,,0.0,REALIZED,REALIZED,-34.94423791821561,-34.94423791821561,-35.093694273776364,-35.093694273776364,0.0,405,405,True,True,20,106
P3-2,065510,KR7065510000,2024-07-31,2024-08-01,10700.0,10700.0,False,2026-01-30,2026-02-02,2026-01-30,2026-02-02,8870.0,EXECUTED,,2026-01-02,2026-01-05,9180.0,EXECUTED,,20.0,REALIZED,REALIZED,-17.10280373831776,-14.205607476635517,-17.293248249964567,-14.402707884405253,2.890540365559314,364,344,True,True,18,90
P3-2,065680,KR7065680001,2026-07-31,2026-08-03,21250.0,21250.0,False,2026-08-31,2026-09-01,2026-08-31,2026-09-01,25500.0,EXECUTED,,2026-08-31,2026-09-01,25500.0,EXECUTED,,0.0,REALIZED,REALIZED,19.999999999999996,19.999999999999996,19.724317076714225,19.724317076714225,0.0,21,21,True,True,1,6
P3-2,066980,KR7066980004,2022-05-31,2022-06-02,3375.0,3375.0,False,2023-01-31,2023-02-01,2023-01-31,2023-02-01,4005.0,EXECUTED,,2023-01-02,2023-01-03,3575.0,EXECUTED,,19.0,REALIZED,REALIZED,18.666666666666675,5.9259259259259345,18.394046886972948,5.682576185000832,-12.711470701972116,166,147,True,True,8,38
P3-2,068050,KR7068050004,2022-06-30,2022-07-01,3255.0,3255.0,False,2022-08-31,2022-09-01,2022-08-31,2022-09-01,3665.0,EXECUTED,,2022-08-01,2022-08-02,3560.0,EXECUTED,,21.0,REALIZED,REALIZED,12.596006144393247,9.370199692780346,12.33733284335834,9.118937223016555,-3.2183956203417843,44,23,True,True,2,6
P3-2,068240,KR7068240001,2022-09-30,2022-10-04,17042.0,17042.0,False,2022-10-31,2022-11-01,2022-10-31,2022-11-01,16603.0,EXECUTED,,2022-10-31,2022-11-01,16603.0,EXECUTED,,0.0,REALIZED,REALIZED,-2.5759887337167053,-2.5759887337167053,-2.799806535584315,-2.799806535584315,0.0,20,20,True,True,1,6
P3-2,069540,KR7069540003,2026-06-30,2026-07-01,2215.0,2215.0,False,2026-08-31,2026-09-01,2026-08-31,2026-09-01,2830.0,EXECUTED,,2026-07-20,2026-07-21,2555.0,EXECUTED,,29.0,REALIZED,REALIZED,27.765237020316036,15.349887133182838,27.471714570015514,15.084887182469853,-12.386827387545662,43,14,True,True,2,4
P3-2,069730,KR7069730000,2022-02-28,2022-03-02,4565.0,4565.0,False,2022-03-31,2022-04-01,2022-03-31,2022-04-01,5410.0,EXECUTED,,2022-03-31,2022-04-01,5410.0,EXECUTED,,0.0,REALIZED,REALIZED,18.510405257393202,18.510405257393202,18.238144466050386,18.238144466050386,0.0,22,22,True,True,1,6
P3-2,071280,KR7071280002,2025-12-30,2026-01-02,8690.0,8690.0,False,2026-02-27,2026-03-03,2026-02-27,2026-03-03,9500.0,EXECUTED,,2026-02-02,2026-02-03,10130.0,EXECUTED,,16.0,REALIZED,REALIZED,9.3210586881473,16.570771001150742,9.069909112848574,16.302966243490125,7.233057130641551,39,23,True,True,2,6
P3-2,071850,KR7071850002,2022-05-31,2022-06-02,2092.0,2092.0,False,2024-01-31,2024-02-01,2024-01-31,2024-02-01,2136.0,EXECUTED,,2024-01-02,2024-01-03,2118.0,EXECUTED,,21.0,REALIZED,REALIZED,2.103250478011476,1.242829827915859,1.8686827899385028,1.010238833843502,-0.8584439560950008,413,392,True,True,20,100
P3-2,072950,KR7072950009,2026-06-30,2026-07-01,8050.0,8050.0,False,,,,,,OPEN_AT_CUTOFF,,2026-08-14,2026-08-18,10000.0,EXECUTED,,,OPEN_AT_CUTOFF,REALIZED,,24.22360248447204,,23.938216435521966,,42,33,True,True,2,8
P3-2,073240,KR7073240004,2022-02-28,2022-03-02,3995.0,3995.0,False,2022-03-31,2022-04-01,2022-03-31,2022-04-01,4155.0,EXECUTED,,2022-03-31,2022-04-01,4155.0,EXECUTED,,0.0,REALIZED,REALIZED,4.0050062578222745,4.0050062578222745,3.766069556476359,3.766069556476359,0.0,22,22,True,True,1,6
P3-2,073490,KR7073490005,2026-06-30,2026-07-01,26900.0,26900.0,False,2026-08-31,2026-09-01,2026-08-31,2026-09-01,30300.0,EXECUTED,,2026-08-07,2026-08-10,32100.0,EXECUTED,,15.0,REALIZED,REALIZED,12.639405204460964,19.330855018587357,12.380632200261488,19.056709360673075,6.676077160411587,43,28,True,True,2,7
P3-2,076610,KR7076610005,2026-06-30,2026-07-01,1096.0,1096.0,False,2026-08-31,2026-09-01,2026-08-31,2026-09-01,1330.0,EXECUTED,,2026-07-24,2026-07-27,1150.0,EXECUTED,,25.0,REALIZED,REALIZED,21.350364963503644,4.92700729927007,21.071579768879232,4.685952431737661,-16.38562733714157,43,18,True,True,2,5
P3-2,077970,KR7077970002,2026-07-31,2026-08-03,22800.0,22800.0,False,,,,,,OPEN_AT_CUTOFF,,,,,OPEN_AT_CUTOFF,,,OPEN_AT_CUTOFF,OPEN_AT_CUTOFF,,,,,,20,20,True,True,1,6
P3-2,078000,KR7078000007,2026-07-31,2026-08-03,12250.0,12250.0,False,2026-08-31,2026-09-01,2026-08-31,2026-09-01,13300.0,EXECUTED,,2026-08-31,2026-09-01,13300.0,EXECUTED,,0.0,REALIZED,REALIZED,8.571428571428562,8.571428571428562,8.32200116464621,8.32200116464621,0.0,21,21,True,True,1,6
P3-2,078150,KR7078150000,2025-03-31,2025-04-01,2010.0,2010.0,False,2026-02-27,2026-03-03,2026-02-27,2026-03-03,2040.0,EXECUTED,,2026-02-02,2026-02-03,2110.0,EXECUTED,,16.0,REALIZED,REALIZED,1.4925373134328401,4.975124378109452,1.2593726519473547,4.733958968435736,3.4745863164883817,223,207,True,True,11,53
P3-2,078350,KR7078350006,2024-09-30,2024-10-02,13200.0,13200.0,False,2025-09-30,2025-10-01,2025-09-30,2025-10-01,17280.0,EXECUTED,,2025-09-30,2025-10-01,17280.0,EXECUTED,,0.0,REALIZED,REALIZED,30.909090909090907,30.909090909090907,30.60834590187007,30.60834590187007,0.0,245,245,True,True,12,64
P3-2,079810,KR7079810008,2024-05-31,2024-06-03,10750.0,10750.0,False,2026-04-30,2026-05-04,2026-04-30,2026-05-04,6710.0,EXECUTED,,2026-04-30,2026-05-04,6710.0,EXECUTED,,0.0,REALIZED,REALIZED,-37.58139534883721,-37.58139534883721,-37.72479321048431,-37.72479321048431,0.0,466,466,True,True,23,120
P3-2,079960,KR7079960001,2026-06-30,2026-07-01,20000.0,20000.0,False,,,,,,OPEN_AT_CUTOFF,,,,,OPEN_AT_CUTOFF,,,OPEN_AT_CUTOFF,OPEN_AT_CUTOFF,,,,,,42,42,True,True,2,11
P3-2,080220,KR7080220007,2024-10-31,2024-11-01,11970.0,11970.0,False,2025-01-31,2025-02-03,2025-01-31,2025-02-03,13820.0,EXECUTED,,2025-01-31,2025-02-03,13820.0,EXECUTED,,0.0,REALIZED,REALIZED,15.455304928989143,15.455304928989143,15.190062795891834,15.190062795891834,0.0,60,60,True,True,3,17
P3-2,081580,KR7081580003,2025-02-28,2025-03-04,2700.0,2700.0,False,2025-05-30,2025-06-02,2025-05-30,2025-06-02,3415.0,EXECUTED,,2025-05-16,2025-05-19,3450.0,EXECUTED,,10.0,REALIZED,REALIZED,26.481481481481485,27.777777777777768,26.19090827684538,27.484226516871612,1.293318240026231,62,52,True,True,3,14
P3-2,082270,KR7082270000,2026-04-30,2026-05-04,24200.0,24200.0,False,,,,,,OPEN_AT_CUTOFF,,,,,OPEN_AT_CUTOFF,,,OPEN_AT_CUTOFF,OPEN_AT_CUTOFF,,,,,,81,81,True,True,4,21
P3-2,082800,KR7082800004,2025-10-31,2025-11-03,4846.0,4846.0,False,2026-02-27,2026-03-03,2026-02-27,2026-03-03,4060.0,EXECUTED,,2026-02-02,2026-02-03,4820.0,EXECUTED,,16.0,REALIZED,REALIZED,-16.219562525794473,-0.5365249690466367,-16.41203615843655,-0.7650281486857535,15.647008009750795,80,64,True,True,4,17
P3-2,083450,KR7083450007,2024-12-30,2025-01-02,16690.0,16690.0,False,2025-01-31,2025-02-03,2025-01-31,2025-02-03,17500.0,EXECUTED,,2025-01-02,2025-01-03,16640.0,EXECUTED,,17.0,REALIZED,REALIZED,4.85320551228281,-0.29958058717795,4.612320193853536,-0.528628112815821,-5.140948306669357,19,2,True,True,1,1
P3-2,084110,KR7084110006,2022-02-28,2022-03-02,30000.0,30000.0,False,2023-08-31,2023-09-01,2023-08-31,2023-09-01,24950.0,EXECUTED,,2023-08-31,2023-09-01,24950.0,EXECUTED,,0.0,REALIZED,REALIZED,-16.833333333333332,-16.833333333333332,-17.02439691488834,-17.02439691488834,0.0,375,375,True,True,18,94
P3-2,084690,KR7084690007,2024-04-30,2024-05-02,8630.0,8630.0,False,2024-05-31,2024-06-03,2024-05-31,2024-06-03,9350.0,EXECUTED,,2024-05-10,2024-05-13,9050.0,EXECUTED,,14.0,REALIZED,REALIZED,8.342989571263026,4.866743916570093,8.094086970575297,4.625827495583579,-3.4682594749917186,21,7,True,True,1,3
P3-2,084690,KR7084690007,2024-10-31,2024-11-01,8680.0,8680.0,False,2024-12-30,2025-01-02,2024-12-30,2025-01-02,10220.0,EXECUTED,,2024-11-15,2024-11-18,9000.0,EXECUTED,,30.0,REALIZED,REALIZED,17.741935483870975,3.686635944700467,17.471440142474993,3.448430653842949,-14.023009488632045,42,12,True,True,2,3
P3-2,086520,KR7086520004,2024-10-31,2024-11-01,75930.0,75930.0,False,2025-10-31,2025-11-03,2025-10-31,2025-11-03,91400.0,EXECUTED,,2025-10-31,2025-11-03,91400.0,EXECUTED,,0.0,REALIZED,REALIZED,20.374028710654546,20.374028710654546,20.097486509632567,20.097486509632567,0.0,243,243,True,True,12,62
P3-2,086960,KR7086960002,2022-06-30,2022-07-01,2965.0,2965.0,False,2022-08-31,2022-09-01,2022-08-31,2022-09-01,4066.0,EXECUTED,,2022-08-01,2022-08-02,4066.0,EXECUTED,,21.0,REALIZED,REALIZED,37.13322091062394,37.13322091062394,36.818176850455345,36.818176850455345,0.0,44,23,True,True,2,6
P3-2,088130,KR7088130000,2026-06-30,2026-07-01,5440.0,5440.0,False,,,,,,OPEN_AT_CUTOFF,,,,,OPEN_AT_CUTOFF,,,OPEN_AT_CUTOFF,OPEN_AT_CUTOFF,,,,,,42,42,True,True,2,11
P3-2,090080,KR7090080003,2023-02-28,2023-03-02,1220.0,1220.0,False,2023-05-31,2023-06-01,2023-05-31,2023-06-01,1715.0,EXECUTED,,2023-05-31,2023-06-01,1715.0,EXECUTED,,0.0,REALIZED,REALIZED,40.57377049180329,40.57377049180329,40.25082225858261,40.25082225858261,0.0,63,63,True,True,3,16
P3-2,090710,KR7090710005,2026-07-31,2026-08-03,6270.0,6270.0,False,,,,,,OPEN_AT_CUTOFF,,,,,OPEN_AT_CUTOFF,,,OPEN_AT_CUTOFF,OPEN_AT_CUTOFF,,,,,,20,20,True,True,1,6
P3-2,091440,KR7091440008,2024-10-31,2024-11-01,4960.0,4960.0,False,,,,,,OPEN_AT_CUTOFF,,2025-01-02,2025-01-03,7160.0,EXECUTED,,,OPEN_AT_CUTOFF,REALIZED,,44.35483870967742,,44.02320401029467,,445,43,True,True,22,12
P3-2,091580,KR7091580001,2026-07-31,2026-08-03,12730.0,12730.0,False,,,,,,OPEN_AT_CUTOFF,,2026-08-07,2026-08-10,16020.0,EXECUTED,,,OPEN_AT_CUTOFF,REALIZED,,25.84446190102121,,25.555352158219556,,20,6,True,True,1,2
P3-2,093240,KR7093240000,2022-05-31,2022-06-02,1697.0,1697.0,False,2024-09-30,2024-10-02,2024-09-30,2024-10-02,1711.0,EXECUTED,,2024-09-30,2024-10-02,1711.0,EXECUTED,,0.0,REALIZED,REALIZED,0.8249852681202041,0.8249852681202041,0.5933542124621827,0.5933542124621827,0.0,574,574,True,True,28,147
P3-2,093640,KR7093640001,2024-09-30,2024-10-02,5200.0,5200.0,False,2026-03-31,2026-04-01,2026-03-31,2026-04-01,4705.0,EXECUTED,,2026-03-31,2026-04-01,4705.0,EXECUTED,,0.0,REALIZED,REALIZED,-9.519230769230768,-9.519230769230768,-9.727097460586476,-9.727097460586476,0.0,363,363,True,True,18,94
P3-2,094360,KR7094360005,2024-10-31,2024-11-01,13730.0,13730.0,False,2025-01-31,2025-02-03,2025-01-31,2025-02-03,19180.0,EXECUTED,,2025-01-02,2025-01-03,16400.0,EXECUTED,,17.0,REALIZED,REALIZED,39.69410050983249,19.446467589220685,39.37317319321308,19.17205632787773,-20.201116865335347,60,43,True,True,3,12
P3-2,094480,KR7094480001,2022-06-30,2022-07-01,5870.0,5870.0,False,2022-08-31,2022-09-01,2022-08-31,2022-09-01,6540.0,EXECUTED,,2022-08-01,2022-08-02,7350.0,EXECUTED,,21.0,REALIZED,REALIZED,11.413969335604769,25.2129471890971,11.158011595927174,24.925288261477796,13.767276665550622,44,23,True,True,2,6
P3-2,094820,KR7094820008,2026-07-31,2026-08-03,10650.0,10650.0,False,2026-08-31,2026-09-01,2026-08-31,2026-09-01,11730.0,EXECUTED,,2026-08-31,2026-09-01,11730.0,EXECUTED,,0.0,REALIZED,REALIZED,10.140845070422543,10.140845070422543,9.88781215257104,9.88781215257104,0.0,21,21,True,True,1,6
P3-2,096630,KR7096630009,2024-07-31,2024-08-01,5915.0,5915.0,False,,,2026-04-30,2026-05-06,5240.0,EXECUTED,2026-05-04,2026-03-03,2026-03-04,4150.0,EXECUTED,,42.0,REALIZED,REALIZED,-11.411665257819104,-29.83939137785292,-11.615184350241957,-30.000575391890095,-18.385391041648138,425,382,False,False,21,100
P3-2,098120,KR7098120009,2022-09-30,2022-10-04,4940.0,4940.0,False,2022-11-30,2022-12-01,2022-11-30,2022-12-01,6190.0,EXECUTED,,2022-11-30,2022-12-01,6190.0,EXECUTED,,0.0,REALIZED,REALIZED,25.303643724696357,25.303643724696357,25.015776434693148,25.015776434693148,0.0,42,42,True,True,2,11
P3-2,100090,KR7100090000,2026-06-30,2026-07-01,15220.0,15220.0,False,,,,,,OPEN_AT_CUTOFF,,,,,OPEN_AT_CUTOFF,,,OPEN_AT_CUTOFF,OPEN_AT_CUTOFF,,,,,,42,42,True,True,2,11
P3-2,100790,KR7100790005,2026-06-30,2026-07-01,19420.0,19420.0,False,,,,,,OPEN_AT_CUTOFF,,,,,OPEN_AT_CUTOFF,,,OPEN_AT_CUTOFF,OPEN_AT_CUTOFF,,,,,,42,42,True,True,2,11
P3-2,101490,KR7101490001,2026-07-31,2026-08-03,40100.0,40100.0,False,2026-08-31,2026-09-01,2026-08-31,2026-09-01,41100.0,EXECUTED,,2026-08-31,2026-09-01,41100.0,EXECUTED,,0.0,REALIZED,REALIZED,2.493765586034913,2.493765586034913,2.258300745073849,2.258300745073849,0.0,21,21,True,True,1,6
P3-2,101730,KR7101730000,2022-09-30,2022-10-04,14500.0,14500.0,False,2023-02-28,2023-03-02,2023-02-28,2023-03-02,18370.0,EXECUTED,,2023-02-28,2023-03-02,18370.0,EXECUTED,,0.0,REALIZED,REALIZED,26.689655172413794,26.689655172413794,26.398603718347147,26.398603718347147,0.0,103,103,True,True,5,27
P3-2,102120,KR7102120003,2024-09-30,2024-10-02,10850.0,10850.0,False,2025-02-28,2025-03-04,2025-02-28,2025-03-04,12590.0,EXECUTED,,2025-02-28,2025-03-04,12590.0,EXECUTED,,0.0,REALIZED,REALIZED,16.03686635944701,16.03686635944701,15.770288171722902,15.770288171722902,0.0,100,100,True,True,5,27
P3-2,103140,KR7103140000,2026-06-30,2026-07-01,65000.0,65000.0,False,2026-07-31,2026-08-03,2026-07-31,2026-08-03,70000.0,EXECUTED,,2026-07-31,2026-08-03,70000.0,EXECUTED,,0.0,REALIZED,REALIZED,7.692307692307687,7.692307692307687,7.44489994064097,7.44489994064097,0.0,23,23,True,True,1,6
P3-2,103840,KR7103840005,2024-09-30,2024-10-02,4385.0,4385.0,False,2025-09-30,2025-10-01,2025-09-30,2025-10-01,4290.0,EXECUTED,,2025-09-01,2025-09-02,5010.0,EXECUTED,,21.0,REALIZED,REALIZED,-2.166476624857472,14.25313568985176,-2.3912352225191724,13.990655369505568,16.38189059202474,245,224,True,True,12,59
P3-2,104200,KR7104200001,2022-06-30,2022-07-01,8670.0,8670.0,False,2026-02-27,2026-03-03,2026-02-27,2026-03-03,5620.0,EXECUTED,,2022-08-01,2022-08-02,9170.0,EXECUTED,,872.0,REALIZED,REALIZED,-35.17877739331027,5.767012687427919,-35.32769492780336,5.524028027053962,40.85172295485732,895,23,True,True,44,6
P3-2,104480,KR7104480009,2026-06-30,2026-07-01,1585.0,1585.0,False,2026-08-31,2026-09-01,2026-08-31,2026-09-01,1757.0,EXECUTED,,2026-08-14,2026-08-18,1772.0,EXECUTED,,10.0,REALIZED,REALIZED,10.851735015772878,11.798107255520506,10.597068929435792,11.541267013637002,0.9441980842012097,43,33,True,True,2,8
P3-2,105550,KR7105550008,2025-07-31,2025-08-01,12800.0,12800.0,False,,,,,,OPEN_AT_CUTOFF,,,,,OPEN_AT_CUTOFF,,,OPEN_AT_CUTOFF,OPEN_AT_CUTOFF,,,,,,263,263,True,True,13,67
P3-2,108380,KR7108380007,2026-07-31,2026-08-03,16400.0,16400.0,False,2026-08-31,2026-09-01,2026-08-31,2026-09-01,18500.0,EXECUTED,,2026-08-31,2026-09-01,18500.0,EXECUTED,,0.0,REALIZED,REALIZED,12.804878048780477,12.804878048780477,12.54572489426895,12.54572489426895,0.0,21,21,True,True,1,6
P3-2,108670,KR7108670001,2022-05-31,2022-06-02,50400.0,50400.0,False,2023-07-31,2023-08-01,2023-07-31,2023-08-01,55000.0,EXECUTED,,2023-07-31,2023-08-01,55000.0,EXECUTED,,0.0,REALIZED,REALIZED,9.126984126984116,9.126984126984116,8.87628041037174,8.87628041037174,0.0,290,290,True,True,14,73
P3-2,108860,KR7108860008,2024-09-30,2024-10-02,11160.0,11160.0,False,2024-12-30,2025-01-02,2024-12-30,2025-01-02,11700.0,EXECUTED,,2024-12-02,2024-12-03,14400.0,EXECUTED,,19.0,REALIZED,REALIZED,4.8387096774193505,29.032258064516125,4.597857661107851,28.735824813671208,24.137967152563355,62,43,True,True,3,12
P3-2,109080,KR7109080002,2022-06-30,2022-07-01,11000.0,11000.0,False,2022-08-31,2022-09-01,2022-08-31,2022-09-01,13050.0,EXECUTED,,2022-08-01,2022-08-02,14850.0,EXECUTED,,21.0,REALIZED,REALIZED,18.63636363636363,35.00000000000001,18.363813473569746,34.68985671130349,16.326043237733746,44,23,True,True,2,6
P3-2,109080,KR7109080002,2022-09-30,2022-10-04,10700.0,10700.0,False,2022-11-30,2022-12-01,2022-11-30,2022-12-01,13300.0,EXECUTED,,2022-11-30,2022-12-01,13300.0,EXECUTED,,0.0,REALIZED,REALIZED,24.29906542056075,24.29906542056075,24.013506006253827,24.013506006253827,0.0,42,42,True,True,2,11
P3-2,110990,KR7110990009,2022-09-30,2022-10-04,6000.0,6000.0,False,2023-03-31,2023-04-03,2023-03-31,2023-04-03,8330.0,EXECUTED,,2023-03-31,2023-04-03,8330.0,EXECUTED,,0.0,REALIZED,REALIZED,38.83333333333334,38.83333333333334,38.514383506809644,38.514383506809644,0.0,125,125,True,True,6,32
P3-2,112040,KR7112040001,2022-06-30,2022-07-01,59500.0,59500.0,False,2024-01-31,2024-02-01,2024-01-31,2024-02-01,51000.0,EXECUTED,,2024-01-02,2024-01-03,62500.0,EXECUTED,,21.0,REALIZED,REALIZED,-14.28571428571429,5.042016806722693,-14.482630659489848,4.800697721213432,19.28332838070328,393,372,True,True,19,94
P3-2,114810,KR7114810005,2026-07-31,2026-08-03,8500.0,8500.0,False,2026-08-31,2026-09-01,2026-08-31,2026-09-01,13060.0,EXECUTED,,2026-08-31,2026-09-01,13060.0,EXECUTED,,0.0,REALIZED,REALIZED,53.647058823529406,53.647058823529406,53.29407657077334,53.29407657077334,0.0,21,21,True,True,1,6
P3-2,115180,KR7115180002,2026-07-31,2026-08-03,16630.0,16630.0,False,2026-08-31,2026-09-01,2026-08-31,2026-09-01,20350.0,EXECUTED,,2026-08-14,2026-08-18,25850.0,EXECUTED,,10.0,REALIZED,REALIZED,22.369212266987383,55.44197233914612,22.088086415671192,55.084866528014786,32.99678011234359,21,11,True,True,1,3
P3-2,117730,KR7117730002,2024-05-31,2024-06-03,13810.0,13810.0,False,2025-09-30,2025-10-01,2025-09-30,2025-10-01,12020.0,EXECUTED,,2025-09-30,2025-10-01,12020.0,EXECUTED,,0.0,REALIZED,REALIZED,-12.961622013034034,-12.961622013034034,-13.16158030037986,-13.16158030037986,0.0,326,326,True,True,16,85
P3-2,117730,KR7117730002,2026-06-30,2026-07-01,14320.0,14320.0,False,,,,,,OPEN_AT_CUTOFF,,,,,OPEN_AT_CUTOFF,,,OPEN_AT_CUTOFF,OPEN_AT_CUTOFF,,,,,,42,42,True,True,2,11
P3-2,120240,KR7120240007,2022-02-28,2022-03-02,17400.0,17400.0,False,2022-03-31,2022-04-01,2022-03-31,2022-04-01,21000.0,EXECUTED,,2022-03-31,2022-04-01,21000.0,EXECUTED,,0.0,REALIZED,REALIZED,20.68965517241379,20.68965517241379,20.412387864511427,20.412387864511427,0.0,22,22,True,True,1,6
P3-2,124500,KR7124500000,2026-07-31,2026-08-03,20550.0,20550.0,False,2026-08-31,2026-09-01,2026-08-31,2026-09-01,35750.0,EXECUTED,,2026-08-21,2026-08-24,35400.0,EXECUTED,,6.0,REALIZED,REALIZED,73.96593673965937,72.26277372262773,73.56627475638817,71.86702451401797,-1.6992502423701978,21,15,True,True,1,4
P3-2,125210,KR7125210005,2026-06-30,2026-07-01,6400.0,6400.0,False,,,,,,OPEN_AT_CUTOFF,,,,,OPEN_AT_CUTOFF,,,OPEN_AT_CUTOFF,OPEN_AT_CUTOFF,,,,,,42,42,True,True,2,11
P3-2,131400,KR7131400004,2023-08-31,2023-09-01,4915.0,4915.0,False,2026-02-27,2026-03-03,2026-02-27,2026-03-03,1710.0,EXECUTED,,2026-02-02,2026-02-03,1938.0,EXECUTED,,16.0,REALIZED,REALIZED,-65.20854526958291,-60.569684638860636,-65.28847368579495,-60.66027017723429,4.6282035085606665,604,588,True,True,30,152
P3-2,131970,KR7131970006,2024-10-31,2024-11-01,29700.0,29700.0,False,2025-07-31,2025-08-01,2025-07-31,2025-08-01,31800.0,EXECUTED,,2025-07-31,2025-08-01,31800.0,EXECUTED,,0.0,REALIZED,REALIZED,7.070707070707072,7.070707070707072,6.824727358011007,6.824727358011007,0.0,183,183,True,True,9,47
P3-2,131970,KR7131970006,2026-07-31,2026-08-03,65500.0,65500.0,False,2026-08-31,2026-09-01,2026-08-31,2026-09-01,79100.0,EXECUTED,,2026-08-14,2026-08-18,86900.0,EXECUTED,,10.0,REALIZED,REALIZED,20.763358778625964,32.671755725190835,20.48592214717675,32.36696124639269,11.88103909921594,21,11,True,True,1,3
P3-2,134060,KR7134060003,2022-02-28,2022-03-02,7480.0,7480.0,False,2022-03-31,2022-04-01,2022-03-31,2022-04-01,7710.0,EXECUTED,,2022-03-31,2022-04-01,7710.0,EXECUTED,,0.0,REALIZED,REALIZED,3.074866310160429,3.074866310160429,2.8380664729797944,2.8380664729797944,0.0,22,22,True,True,1,6
P3-2,140410,KR7140410002,2024-09-30,2024-10-02,27000.0,27000.0,False,2024-10-31,2024-11-01,2024-10-31,2024-11-01,35300.0,EXECUTED,,2024-10-31,2024-11-01,35300.0,EXECUTED,,0.0,REALIZED,REALIZED,30.740740740740733,30.740740740740733,30.440382494074413,30.440382494074413,0.0,21,21,True,True,1,6
P3-2,140410,KR7140410002,2026-06-30,2026-07-01,60700.0,60700.0,False,2026-08-31,2026-09-01,2026-08-31,2026-09-01,70900.0,EXECUTED,,2026-08-31,2026-09-01,70900.0,EXECUTED,,0.0,REALIZED,REALIZED,16.80395387149918,16.80395387149918,16.53561340937726,16.53561340937726,0.0,43,43,True,True,2,11
P3-2,148150,KR7148150006,2024-12-30,2025-01-02,8270.0,8270.0,False,2025-01-31,2025-02-03,2025-01-31,2025-02-03,7610.0,EXECUTED,,2025-01-02,2025-01-03,8720.0,EXECUTED,,17.0,REALIZED,REALIZED,-7.980652962515111,5.441354292623934,-8.192054317432962,5.199117786068919,13.39117210350188,19,2,True,True,1,1
P3-2,148150,KR7148150006,2025-10-31,2025-11-03,5720.0,5720.0,False,,,,,,OPEN_AT_CUTOFF,,,,,OPEN_AT_CUTOFF,,,OPEN_AT_CUTOFF,OPEN_AT_CUTOFF,,,,,,203,203,True,True,10,53
P3-2,156100,KR7156100000,2026-04-30,2026-05-04,7320.0,7320.0,False,,,,,,OPEN_AT_CUTOFF,,,,,OPEN_AT_CUTOFF,,,OPEN_AT_CUTOFF,OPEN_AT_CUTOFF,,,,,,81,81,True,True,4,21
P3-2,160550,KR7160550000,2022-06-30,2022-07-01,6440.0,6440.0,False,2022-08-31,2022-09-01,2022-08-31,2022-09-01,7390.0,EXECUTED,,2022-08-01,2022-08-02,7660.0,EXECUTED,,21.0,REALIZED,REALIZED,14.751552795031063,18.944099378881994,14.487927432313397,18.670842237012273,4.182914804698877,44,23,True,True,2,6
P3-2,160550,KR7160550000,2022-09-30,2022-10-04,5670.0,5670.0,False,2022-11-30,2022-12-01,2022-11-30,2022-12-01,7830.0,EXECUTED,,2022-11-30,2022-12-01,7830.0,EXECUTED,,0.0,REALIZED,REALIZED,38.095238095238095,38.095238095238095,37.77798393748859,37.77798393748859,0.0,42,42,True,True,2,11
P3-2,168330,KR7168330009,2025-10-31,2025-11-03,2380.0,2380.0,False,2025-12-30,2026-01-02,2025-12-30,2026-01-02,3105.0,EXECUTED,,2025-12-05,2025-12-08,3045.0,EXECUTED,,16.0,REALIZED,REALIZED,30.46218487394958,27.941176470588225,30.16246656974708,27.647249824437957,-2.515216745309125,42,26,True,True,2,7
P3-2,174900,KR7174900001,2026-06-30,2026-07-01,27850.0,27850.0,False,,,,,,OPEN_AT_CUTOFF,,,,,OPEN_AT_CUTOFF,,,OPEN_AT_CUTOFF,OPEN_AT_CUTOFF,,,,,,42,42,True,True,2,11
P3-2,179290,KR7179290002,2023-10-31,2023-11-01,6590.0,6590.0,False,2024-04-30,2024-05-02,2024-04-30,2024-05-02,7830.0,EXECUTED,,2024-04-01,2024-04-02,7930.0,EXECUTED,,20.0,REALIZED,REALIZED,18.81638846737481,20.333839150227618,18.54342472315027,20.05738927900149,1.5139645558512207,124,104,True,True,6,28
P3-2,187660,KR7187660006,2026-06-30,2026-07-01,5120.0,5120.0,False,,,,,,OPEN_AT_CUTOFF,,,,,OPEN_AT_CUTOFF,,,OPEN_AT_CUTOFF,OPEN_AT_CUTOFF,,,,,,42,42,True,True,2,11
P3-2,190510,KR7190510008,2023-10-31,2023-11-01,10840.0,10840.0,False,2023-11-30,2023-12-01,2023-11-30,2023-12-01,12960.0,EXECUTED,,2023-11-30,2023-12-01,12960.0,EXECUTED,,0.0,REALIZED,REALIZED,19.55719557195572,19.55719557195572,19.282529928829682,19.282529928829682,0.0,23,23,True,True,1,6
P3-2,192400,KR7192400000,2022-06-30,2022-07-01,16050.0,16050.0,False,2022-08-31,2022-09-01,2022-08-31,2022-09-01,17750.0,EXECUTED,,2022-08-01,2022-08-02,17200.0,EXECUTED,,21.0,REALIZED,REALIZED,10.59190031152648,7.1651090342679025,10.337831158446399,6.918912446494518,-3.4189187119518802,44,23,True,True,2,6
P3-2,194480,KR7194480000,2022-05-31,2022-06-02,51300.0,51300.0,False,2023-01-31,2023-02-01,2023-01-31,2023-02-01,61300.0,EXECUTED,,2023-01-02,2023-01-03,56600.0,EXECUTED,,19.0,REALIZED,REALIZED,19.49317738791423,10.331384015594548,19.218658817455836,10.07791336163133,-9.140745455824506,166,147,True,True,8,38
P3-2,196300,KR7196300008,2022-05-31,2022-06-02,11150.0,11150.0,False,2023-05-31,2023-06-01,2023-05-31,2023-06-01,14930.0,EXECUTED,,2023-05-02,2023-05-03,14050.0,EXECUTED,,19.0,REALIZED,REALIZED,33.901345291479814,26.00896860986548,33.59372600563102,25.71948093631051,-7.874245069320509,248,229,True,True,12,58
P3-2,196700,KR7196700009,2022-06-30,2022-07-01,3150.0,3150.0,False,2022-08-31,2022-09-01,2022-08-31,2022-09-01,3340.0,EXECUTED,,2022-08-01,2022-08-02,3795.0,EXECUTED,,21.0,REALIZED,REALIZED,6.0317460317460325,20.47619047619047,5.78815318418664,20.199413573050396,14.411260388863756,44,23,True,True,2,6
P3-2,206650,KR7206650004,2022-05-31,2022-06-02,17600.0,17600.0,False,2024-01-31,2024-02-01,2024-01-31,2024-02-01,10980.0,EXECUTED,,2024-01-31,2024-02-01,10980.0,EXECUTED,,0.0,REALIZED,REALIZED,-37.61363636363636,-37.61363636363636,-37.75696015614005,-37.75696015614005,0.0,413,413,True,True,20,105
P3-2,213420,KR7213420003,2022-06-30,2022-07-01,30150.0,30150.0,False,2022-08-31,2022-09-01,2022-08-31,2022-09-01,35800.0,EXECUTED,,2022-08-01,2022-08-02,31550.0,EXECUTED,,21.0,REALIZED,REALIZED,18.7396351575456,4.643449419568824,18.466847743127946,4.403045985913034,-14.063801757214911,44,23,True,True,2,6
P3-2,224110,KR7224110007,2022-02-28,2022-03-02,14350.0,14350.0,False,2023-06-30,2023-07-03,2023-06-30,2023-07-03,15520.0,EXECUTED,,2023-06-30,2023-07-03,15520.0,EXECUTED,,0.0,REALIZED,REALIZED,8.15331010452962,8.15331010452962,7.9048432654242,7.9048432654242,0.0,332,332,True,True,16,84
P3-2,226950,KR7226950004,2022-05-31,2022-06-02,22700.0,22700.0,False,2024-09-30,2024-10-02,2024-09-30,2024-10-02,16150.0,EXECUTED,,2024-09-02,2024-09-03,15460.0,EXECUTED,,17.0,REALIZED,REALIZED,-28.854625550660796,-31.8942731277533,-29.018071924047916,-32.050736343391996,-3.03266441934408,574,557,True,True,28,142
P3-2,227610,KR7227610003,2023-01-31,2023-02-01,3636.0,3636.0,False,2023-07-31,2023-08-01,2023-07-31,2023-08-01,5940.0,EXECUTED,,2023-06-16,2023-06-19,6520.0,EXECUTED,,31.0,REALIZED,REALIZED,63.36633663366336,79.31793179317933,62.99102572324957,78.90597436289346,15.914948639643889,125,94,True,True,6,24
P3-2,227610,KR7227610003,2023-08-31,2023-09-01,4670.0,4670.0,False,,,,,,OPEN_AT_CUTOFF,,,,,OPEN_AT_CUTOFF,,,OPEN_AT_CUTOFF,OPEN_AT_CUTOFF,,,,,,727,727,True,True,36,188
P3-2,228340,KR7228340006,2026-07-31,2026-08-03,2390.0,2390.0,False,2026-08-31,2026-09-01,2026-08-31,2026-09-01,3190.0,EXECUTED,,2026-08-14,2026-08-18,3155.0,EXECUTED,,10.0,REALIZED,REALIZED,33.47280334728033,32.00836820083681,33.16616857556427,31.70509776047188,-1.4610708150923912,21,11,True,True,1,3
P3-2,234100,KR7234100006,2022-05-31,2022-06-02,13855.0,13855.0,False,,,,,,OPEN_AT_CUTOFF,,2026-02-02,2026-02-03,6020.0,EXECUTED,,,OPEN_AT_CUTOFF,REALIZED,,-56.54998195597257,,-56.64980218923256,,1038,899,True,True,51,230
P3-2,234340,KR7234340008,2026-07-31,2026-08-03,16270.0,16270.0,False,2026-08-31,2026-09-01,2026-08-31,2026-09-01,23500.0,EXECUTED,,2026-08-28,2026-08-31,22200.0,EXECUTED,,1.0,REALIZED,REALIZED,44.437615242778115,36.44744929317763,44.10579037609015,36.1339806957107,-7.971809680379451,21,20,True,True,1,5
P3-2,249420,KR7249420001,2023-01-31,2023-02-01,25900.0,25900.0,False,2025-07-31,2025-08-01,2025-07-31,2025-08-01,19120.0,EXECUTED,,2025-07-31,2025-08-01,19120.0,EXECUTED,,0.0,REALIZED,REALIZED,-26.177606177606183,-26.177606177606183,-26.347202622047107,-26.347202622047107,0.0,611,611,True,True,30,157
P3-2,251370,KR7251370003,2026-06-30,2026-07-01,10820.0,10820.0,False,,,,,,OPEN_AT_CUTOFF,,,,,OPEN_AT_CUTOFF,,,OPEN_AT_CUTOFF,OPEN_AT_CUTOFF,,,,,,42,42,True,True,2,11
P3-2,263860,KR7263860009,2026-03-31,2026-04-01,13470.0,13470.0,False,2026-04-30,2026-05-04,2026-04-30,2026-05-04,15950.0,EXECUTED,,2026-04-30,2026-05-04,15950.0,EXECUTED,,0.0,REALIZED,REALIZED,18.411284335560495,18.411284335560495,18.13925126043008,18.13925126043008,0.0,23,23,True,True,1,6
P3-2,264450,KR7264450008,2026-07-31,2026-08-03,9400.0,9400.0,False,2026-08-31,2026-09-01,2026-08-31,2026-09-01,10590.0,EXECUTED,,2026-08-14,2026-08-18,11320.0,EXECUTED,,10.0,REALIZED,REALIZED,12.6595744680851,20.425531914893625,12.400755127872642,20.148871392589097,7.7481162647164545,21,11,True,True,1,3
P3-2,265520,KR7265520007,2024-07-31,2024-08-01,21150.0,21150.0,False,2025-07-31,2025-08-01,2025-07-31,2025-08-01,18060.0,EXECUTED,,2025-07-31,2025-08-01,18060.0,EXECUTED,,0.0,REALIZED,REALIZED,-14.609929078014183,-14.609929078014183,-14.80610061444213,-14.80610061444213,0.0,242,242,True,True,12,64
P3-2,289080,KR7289080004,2026-06-30,2026-07-01,2015.0,2015.0,False,2026-08-31,2026-09-01,2026-08-31,2026-09-01,2350.0,EXECUTED,,2026-08-31,2026-09-01,2350.0,EXECUTED,,0.0,REALIZED,REALIZED,16.62531017369726,16.62531017369726,16.357380120048994,16.357380120048994,0.0,43,43,True,True,2,11
P3-2,290650,KR7290650001,2025-02-28,2025-03-04,21307.0,21307.0,False,2025-06-30,2025-07-01,2025-06-30,2025-07-01,26488.0,EXECUTED,,2025-06-02,2025-06-04,27118.0,EXECUTED,,18.0,REALIZED,REALIZED,24.315952503871973,27.27272727272727,24.030354293894284,26.980336293484797,2.9499819995905128,81,63,True,True,4,17
P3-2,290670,KR7290670009,2023-08-31,2023-09-01,43650.0,43650.0,False,,,,,,OPEN_AT_CUTOFF,,,,,OPEN_AT_CUTOFF,,,OPEN_AT_CUTOFF,OPEN_AT_CUTOFF,,,,,,727,727,True,True,36,188
P3-2,294570,KR7294570007,2026-06-30,2026-07-01,19600.0,19600.0,False,2026-08-31,2026-09-01,2026-08-31,2026-09-01,30650.0,EXECUTED,,2026-08-31,2026-09-01,30650.0,EXECUTED,,0.0,REALIZED,REALIZED,56.377551020408156,56.377551020408156,56.01829585039502,56.01829585039502,0.0,43,43,True,True,2,11
P3-2,298020,KR7298020009,2026-06-30,2026-07-01,280000.0,280000.0,False,2026-07-31,2026-08-03,2026-07-31,2026-08-03,318000.0,EXECUTED,,2026-07-24,2026-07-27,329000.0,EXECUTED,,5.0,REALIZED,REALIZED,13.571428571428568,17.500000000000004,13.310514376175963,17.230060470949347,3.9195460947733842,23,18,True,True,1,5
P3-2,298380,KR7298380007,2026-07-31,2026-08-03,65400.0,65400.0,False,,,,,,OPEN_AT_CUTOFF,,,,,OPEN_AT_CUTOFF,,,OPEN_AT_CUTOFF,OPEN_AT_CUTOFF,,,,,,20,20,True,True,1,6
P3-2,300080,KR7300080009,2026-06-30,2026-07-01,7400.0,7400.0,False,2026-08-31,2026-09-01,2026-08-31,2026-09-01,9000.0,EXECUTED,,2026-08-31,2026-09-01,9000.0,EXECUTED,,0.0,REALIZED,REALIZED,21.62162162162162,21.62162162162162,21.342213253426557,21.342213253426557,0.0,43,43,True,True,2,11
P3-2,306040,KR7306040007,2026-03-31,2026-04-01,6000.0,6000.0,False,2026-04-30,2026-05-04,2026-04-30,2026-05-04,7360.0,EXECUTED,,2026-04-03,2026-04-06,6220.0,EXECUTED,,19.0,REALIZED,REALIZED,22.666666666666657,3.6666666666666625,22.384857456196762,3.4285072523836835,-18.95635020381308,23,4,True,True,1,2
P3-2,308080,KR7308080001,2026-03-31,2026-04-01,5500.0,5500.0,False,2026-06-30,2026-07-01,2026-06-30,2026-07-01,6260.0,EXECUTED,,2026-04-24,2026-04-27,11800.0,EXECUTED,,43.0,REALIZED,REALIZED,13.818181818181818,114.54545454545455,13.556700742459249,114.05256689473151,100.49586615227227,62,19,True,True,3,5
P3-2,314130,KR7314130006,2026-06-30,2026-07-01,3860.0,3860.0,False,,,,,,OPEN_AT_CUTOFF,,,,,OPEN_AT_CUTOFF,,,OPEN_AT_CUTOFF,OPEN_AT_CUTOFF,,,,,,42,42,True,True,2,11
P3-2,317330,KR7317330009,2022-09-30,2022-10-04,15750.0,15750.0,False,2022-10-31,2022-11-01,2022-10-31,2022-11-01,17450.0,EXECUTED,,2022-10-31,2022-11-01,17450.0,EXECUTED,,0.0,REALIZED,REALIZED,10.7936507936508,10.7936507936508,10.53911814754831,10.53911814754831,0.0,20,20,True,True,1,6
P3-2,317690,KR7317690006,2024-10-31,2024-11-01,7310.0,7310.0,False,,,,,,OPEN_AT_CUTOFF,,,,,OPEN_AT_CUTOFF,,,OPEN_AT_CUTOFF,OPEN_AT_CUTOFF,,,,,,445,445,True,True,22,114
P3-2,317830,KR7317830008,2023-10-31,2023-11-01,8700.0,8700.0,False,2023-11-30,2023-12-01,2023-11-30,2023-12-01,10650.0,EXECUTED,,2023-11-30,2023-12-01,10650.0,EXECUTED,,0.0,REALIZED,REALIZED,22.413793103448263,22.413793103448263,22.132564834004476,22.132564834004476,0.0,23,23,True,True,1,6
P3-2,321820,KR7321820003,2025-06-30,2025-07-01,8570.0,8570.0,False,,,,,,OPEN_AT_CUTOFF,,,,,OPEN_AT_CUTOFF,,,OPEN_AT_CUTOFF,OPEN_AT_CUTOFF,,,,,,286,286,True,True,14,73
P3-2,322180,KR7322180001,2023-10-31,2023-11-01,5030.0,5030.0,False,2023-11-30,2023-12-01,2023-11-30,2023-12-01,5430.0,EXECUTED,,2023-11-03,2023-11-06,5780.0,EXECUTED,,19.0,REALIZED,REALIZED,7.9522862823061535,14.910536779324058,7.704281266825386,14.646546173526875,6.94226490670149,23,4,True,True,1,2
P3-2,322180,KR7322180001,2024-01-31,2024-02-01,5060.0,5060.0,False,2024-07-31,2024-08-01,2024-07-31,2024-08-01,5730.0,EXECUTED,,2024-04-01,2024-04-02,5600.0,EXECUTED,,82.0,REALIZED,REALIZED,13.241106719367579,10.671936758893285,12.980951391563345,10.417683733465033,-2.5632676580983116,123,41,True,True,6,12
P3-2,322310,KR7322310004,2024-10-31,2024-11-01,16890.0,16890.0,False,2025-01-31,2025-02-03,2025-01-31,2025-02-03,20800.0,EXECUTED,,2025-01-31,2025-02-03,20800.0,EXECUTED,,0.0,REALIZED,REALIZED,23.14979277679101,23.14979277679101,22.866873652834798,22.866873652834798,0.0,60,60,True,True,3,17
P3-2,322310,KR7322310004,2026-06-30,2026-07-01,22600.0,22600.0,False,,,,,,OPEN_AT_CUTOFF,,,,,OPEN_AT_CUTOFF,,,OPEN_AT_CUTOFF,OPEN_AT_CUTOFF,,,,,,42,42,True,True,2,11
P3-2,347700,KR7347700007,2026-07-31,2026-08-03,15200.0,15200.0,False,2026-08-31,2026-09-01,2026-08-31,2026-09-01,21200.0,EXECUTED,,2026-08-07,2026-08-10,25700.0,EXECUTED,,15.0,REALIZED,REALIZED,39.47368421052631,69.07894736842107,39.153263268988006,68.69051254778262,29.53724927879461,21,6,True,True,1,2
P3-2,377300,KR7377300009,2026-06-30,2026-07-01,41900.0,41900.0,False,2026-08-31,2026-09-01,2026-08-31,2026-09-01,46800.0,EXECUTED,,2026-08-28,2026-08-31,45400.0,EXECUTED,,1.0,REALIZED,REALIZED,11.694510739856812,8.35322195704058,11.437908496225635,8.104295848902643,-3.333612647322992,43,42,True,True,2,10
P3-2,382800,KR7382800001,2026-07-31,2026-08-03,4150.0,4150.0,False,2026-08-31,2026-09-01,2026-08-31,2026-09-01,5360.0,EXECUTED,,2026-08-07,2026-08-10,4570.0,EXECUTED,,15.0,REALIZED,REALIZED,29.156626506024086,10.120481927710845,28.85990753638319,9.867495791281922,-18.99241174510127,21,6,True,True,1,2
P3-2,388050,KR7388050007,2026-06-30,2026-07-01,8140.0,8140.0,False,2026-08-31,2026-09-01,2026-08-31,2026-09-01,9910.0,EXECUTED,,2026-08-31,2026-09-01,9910.0,EXECUTED,,0.0,REALIZED,REALIZED,21.74447174447174,21.74447174447174,21.46478114560175,21.46478114560175,0.0,43,43,True,True,2,11
P3-2,418420,KR7418420006,2026-06-30,2026-07-01,4350.0,4350.0,False,,,,,,OPEN_AT_CUTOFF,,,,,OPEN_AT_CUTOFF,,,OPEN_AT_CUTOFF,OPEN_AT_CUTOFF,,,,,,42,42,True,True,2,11
P3-2,900070,KYG3931T1076,2022-09-30,2022-10-04,1188.0,1188.0,False,2022-10-31,2022-11-01,2022-10-31,2022-11-01,1706.0,EXECUTED,,2022-10-31,2022-11-01,1706.0,EXECUTED,,0.0,REALIZED,REALIZED,43.6026936026936,43.6026936026936,43.272786849659404,43.272786849659404,0.0,20,20,True,True,1,6
P3-2,900250,KYG2115T1076,2023-10-31,2023-11-01,6732.0,6732.0,False,,,,,,OPEN_AT_CUTOFF,,,,,OPEN_AT_CUTOFF,,,OPEN_AT_CUTOFF,OPEN_AT_CUTOFF,,,,,,689,689,True,True,34,178
P3-2,950140,KR8840110108,2022-09-30,2022-10-04,4385.0,4385.0,False,2023-01-31,2023-02-01,2023-01-31,2023-02-01,5190.0,EXECUTED,,2023-01-02,2023-01-03,4970.0,EXECUTED,,19.0,REALIZED,REALIZED,18.358038768529084,13.34093500570126,18.086128017511772,13.080550336615303,-5.005577680896469,83,64,True,True,4,17
