window,pair_id,ticker,trade_id,entry_signal_date,entry_execution_date,holding_subgroup,lifecycle_class,first_progressed_date,first_progressed_effective_date,first_departure_date,first_departure_stage,control_exit_type,test_exit_type,control_exit_signal_date,test_exit_signal_date,control_exit_execution_date,test_exit_execution_date,control_terminal_return_pct,test_terminal_return_pct,path_return_delta_pp,control_holding_days,test_holding_days,holding_days_delta,control_mfe_pct,test_mfe_pct,control_mae_pct,test_mae_pct,control_filled,test_filled,control_closed_realized,test_closed_realized,control_net_realized_return_pct,test_net_realized_return_pct,control_end_position_return_pct,test_end_position_return_pct,control_end_position_pnl_krw,test_end_position_pnl_krw,end_position_pnl_delta_krw,control_entry_status,test_entry_status
P2-1,000080|KR7000080002|KOSPI|2010-01-04|2026-08-21|000080_01,000080,000080_01,2021-07-02,2021-07-05,,NEVER_PROGRESSED,,,,,LOSS_GUARD_CLOSE_LE_NEG_15,LOSS_GUARD_CLOSE_LE_NEG_15,2021-08-19,2021-08-19,2021-08-20,2021-08-20,-15.96,-15.96,0.0,34.0,34.0,0.0,0.82,0.82,-16.23,-16.23,True,True,True,True,-16.3477,-16.3477,-16.3477,-16.3477,-815773.91,-815773.91,0.0,EXECUTED,EXECUTED
P2-1,000100|KR7000100008|KOSPI|2010-01-04|2026-08-21|000100_01,000100,000100_01,2023-06-02,2023-06-05,,NORMAL_EARLY_TREND_HANDOFF,,,,,EXIT4_SCORE_DRAWDOWN_GE_15,EXIT4_SCORE_DRAWDOWN_GE_15,2024-10-31,2024-10-31,2024-11-01,2024-11-01,134.92,134.92,0.0,345.0,345.0,0.0,183.1,183.1,-10.88,-10.88,False,False,False,False,,,,,0.0,0.0,0.0,SKIPPED_CASH_UNAVAILABLE,SKIPPED_CASH_UNAVAILABLE
P2-1,000120|KR7000120006|KOSPI|2010-01-04|2026-08-21|000120_01,000120,000120_01,2024-01-05,2024-01-08,,NEVER_PROGRESSED,,,,,LOSS_GUARD_CLOSE_LE_NEG_15,LOSS_GUARD_CLOSE_LE_NEG_15,2024-05-28,2024-05-28,2024-05-29,2024-05-29,-17.04,-17.04,0.0,96.0,96.0,0.0,18.31,18.31,-17.04,-17.04,True,True,True,True,-17.3778,-17.3778,-17.3778,-17.3778,-852214.18,-852214.18,0.0,EXECUTED,EXECUTED
P2-1,000150|KR7000150003|KOSPI|2010-01-04|2026-08-21|000150_01,000150,000150_01,2021-07-02,2021-07-05,,NORMAL_EARLY_TREND_HANDOFF,,,,,EXIT4_SCORE_DRAWDOWN_GE_15,EXIT4_SCORE_DRAWDOWN_GE_15,2021-09-30,2021-09-30,2021-10-01,2021-10-01,0.31,0.31,0.0,61.0,61.0,0.0,20.67,20.67,-13.44,-13.44,True,True,True,True,-0.1551,-0.1551,-0.1551,-0.1551,-7626.42,-7626.42,0.0,EXECUTED,EXECUTED
P2-1,000150|KR7000150003|KOSPI|2010-01-04|2026-08-21|000150_02,000150,000150_02,2022-11-25,2022-11-28,,NORMAL_EARLY_TREND_HANDOFF,,,,,LOSS_GUARD_CLOSE_LE_NEG_15,LOSS_GUARD_CLOSE_LE_NEG_15,2022-12-27,2022-12-27,2022-12-28,2022-12-28,-16.14,-16.14,0.0,23.0,23.0,0.0,1.85,1.85,-16.14,-16.14,True,True,True,True,-16.5208,-16.5208,-16.5208,-16.5208,-820754.71,-820754.71,0.0,EXECUTED,EXECUTED
P2-1,000150|KR7000150003|KOSPI|2010-01-04|2026-08-21|000150_03,000150,000150_03,2023-03-10,2023-03-13,,NORMAL_EARLY_TREND_HANDOFF,,,,,LOSS_GUARD_CLOSE_LE_NEG_15,LOSS_GUARD_CLOSE_LE_NEG_15,2023-05-03,2023-05-03,2023-05-04,2023-05-04,-14.83,-14.83,0.0,38.0,38.0,0.0,3.92,3.92,-15.11,-15.11,False,False,False,False,,,,,0.0,0.0,0.0,SKIPPED_CASH_UNAVAILABLE,SKIPPED_CASH_UNAVAILABLE
P2-1,000240|KR7000240002|KOSPI|2010-01-04|2026-08-21|000240_01,000240,000240_01,2021-02-19,2021-02-22,,PROGRESSED_WITHOUT_DIRECT_HANDOFF,,,,,LOSS_GUARD_CLOSE_LE_NEG_15,LOSS_GUARD_CLOSE_LE_NEG_15,2021-02-24,2021-02-24,2021-02-25,2021-02-25,-12.18,-12.18,0.0,4.0,4.0,0.0,7.59,7.59,-18.16,-18.16,False,False,False,False,,,,,0.0,0.0,0.0,SKIPPED_CASH_UNAVAILABLE,SKIPPED_CASH_UNAVAILABLE
P2-1,000240|KR7000240002|KOSPI|2010-01-04|2026-08-21|000240_02,000240,000240_02,2023-12-01,2023-12-04,C1_PROGRESSED_WITHOUT_DIRECT_HANDOFF,SKIPPED_EARLY_TREND_HANDOFF,2024-11-30,2024-11-29,2025-01-31,TRANSITION,NO_EXIT_BEFORE_CUTOFF,EXIT3_PROGRESSED_TO_TRANSITION,,2025-01-31,,2025-02-03,29.22,7.7,-21.52,361.0,281.0,-80.0,51.18,51.18,-14.96,-7.26,False,False,False,False,,,,,0.0,0.0,0.0,SKIPPED_CASH_UNAVAILABLE,SKIPPED_CASH_UNAVAILABLE
P2-1,000270|KR7000270009|KOSPI|2010-01-04|2026-08-21|000270_01,000270,000270_01,2023-03-31,2023-04-03,,NORMAL_EARLY_TREND_HANDOFF,,,,,EXIT3_PROGRESSED_TO_TRANSITION,EXIT3_PROGRESSED_TO_TRANSITION,2025-01-31,2025-01-31,2025-02-03,2025-02-03,22.94,22.94,0.0,446.0,446.0,0.0,65.64,65.64,-6.01,-6.01,True,True,True,True,22.4783,22.4783,22.4783,22.4783,1118794.78,1118794.78,0.0,EXECUTED,EXECUTED
P2-1,000660|KR7000660001|KOSPI|2010-01-04|2026-08-21|000660_01,000660,000660_01,2022-03-04,2022-03-07,,NORMAL_EARLY_TREND_HANDOFF,,,,,LOSS_GUARD_CLOSE_LE_NEG_15,LOSS_GUARD_CLOSE_LE_NEG_15,2022-06-13,2022-06-13,2022-06-14,2022-06-14,-18.57,-18.57,0.0,68.0,68.0,0.0,5.04,5.04,-18.57,-18.57,True,True,True,True,-18.9454,-18.9454,-18.9454,-18.9454,-925408.35,-925408.35,0.0,EXECUTED,EXECUTED
P2-1,000660|KR7000660001|KOSPI|2010-01-04|2026-08-21|000660_02,000660,000660_02,2023-06-02,2023-06-05,,NORMAL_EARLY_TREND_HANDOFF,,,,,EXIT4_SCORE_DRAWDOWN_GE_15,EXIT4_SCORE_DRAWDOWN_GE_15,2024-04-30,2024-04-30,2024-05-02,2024-05-02,53.5,53.5,0.0,224.0,224.0,0.0,73.84,73.84,-3.09,-3.09,True,True,True,True,52.8685,52.8685,52.8685,52.8685,2622381.66,2622381.66,0.0,EXECUTED,EXECUTED
P2-1,000670|KR7000670000|KOSPI|2010-01-04|2026-08-21|000670_01,000670,000670_01,2021-04-30,2021-05-03,,NEVER_PROGRESSED,,,,,LOSS_GUARD_CLOSE_LE_NEG_15,LOSS_GUARD_CLOSE_LE_NEG_15,2022-06-20,2022-06-20,2022-06-21,2022-06-21,-15.66,-15.66,0.0,280.0,280.0,0.0,13.74,13.74,-17.13,-17.13,False,False,False,False,,,,,0.0,0.0,0.0,SKIPPED_CASH_UNAVAILABLE,SKIPPED_CASH_UNAVAILABLE
P2-1,000670|KR7000670000|KOSPI|2010-01-04|2026-08-21|000670_02,000670,000670_02,2022-09-23,2022-09-26,,NEVER_PROGRESSED,,,,,LOSS_GUARD_CLOSE_LE_NEG_15,LOSS_GUARD_CLOSE_LE_NEG_15,2022-10-20,2022-10-20,2022-10-21,2022-10-21,-15.32,-15.32,0.0,18.0,18.0,0.0,2.05,2.05,-16.96,-16.96,True,True,True,True,-15.7093,-15.7093,-15.7093,-15.7093,-779998.81,-779998.81,0.0,EXECUTED,EXECUTED
P2-1,000670|KR7000670000|KOSPI|2010-01-04|2026-08-21|000670_03,000670,000670_03,2022-11-11,2022-11-14,,NEVER_PROGRESSED,,,,,LOSS_GUARD_CLOSE_LE_NEG_15,LOSS_GUARD_CLOSE_LE_NEG_15,2022-12-23,2022-12-23,2022-12-26,2022-12-26,-16.56,-16.56,0.0,31.0,31.0,0.0,19.6,19.6,-17.09,-17.09,True,True,True,True,-16.9398,-16.9398,-16.9398,-16.9398,-844584.31,-844584.31,0.0,EXECUTED,EXECUTED
P2-1,000720|KR7000720003|KOSPI|2010-01-04|2026-08-21|000720_01,000720,000720_01,2021-04-30,2021-05-03,,NORMAL_EARLY_TREND_HANDOFF,,,,,EXIT4_SCORE_DRAWDOWN_GE_15,EXIT4_SCORE_DRAWDOWN_GE_15,2021-09-30,2021-09-30,2021-10-01,2021-10-01,5.46,5.46,0.0,102.0,102.0,0.0,24.05,24.05,-3.51,-3.51,False,False,False,False,,,,,0.0,0.0,0.0,SKIPPED_CASH_UNAVAILABLE,SKIPPED_CASH_UNAVAILABLE
P2-1,000720|KR7000720003|KOSPI|2010-01-04|2026-08-21|000720_02,000720,000720_02,2025-03-07,2025-03-10,,NEVER_PROGRESSED,,,,,NO_PROGRESSED_BEFORE_CUTOFF,NO_PROGRESSED_BEFORE_CUTOFF,,,,,78.96,78.96,0.0,57.0,57.0,0.0,87.66,87.66,-11.22,-11.22,True,True,False,False,,,78.7565,78.7565,3935259.6,3935259.6,0.0,EXECUTED,EXECUTED
P2-1,000810|KR7000810002|KOSPI|2010-01-04|2026-08-21|000810_01,000810,000810_01,2021-07-02,2021-07-05,,NORMAL_EARLY_TREND_HANDOFF,,,,,LOSS_GUARD_CLOSE_LE_NEG_15,LOSS_GUARD_CLOSE_LE_NEG_15,2022-03-02,2022-03-02,2022-03-03,2022-03-03,-15.25,-15.25,0.0,163.0,163.0,0.0,13.45,13.45,-16.14,-16.14,True,True,True,True,-15.6359,-15.6359,-15.6359,-15.6359,-767977.55,-767977.55,0.0,EXECUTED,EXECUTED
P2-1,000810|KR7000810002|KOSPI|2010-01-04|2026-08-21|000810_02,000810,000810_02,2022-12-16,2022-12-19,,NORMAL_EARLY_TREND_HANDOFF,,,,,EXIT4_SCORE_DRAWDOWN_GE_15,EXIT4_SCORE_DRAWDOWN_GE_15,2024-06-30,2024-06-30,2024-07-01,2024-07-01,80.9,80.9,0.0,376.0,376.0,0.0,85.61,85.61,-10.14,-10.14,False,True,False,True,,80.1557,,80.1557,0.0,3912888.59,3912888.59,SKIPPED_CASH_UNAVAILABLE,EXECUTED
P2-1,000880|KR7000880005|KOSPI|2010-01-04|2026-08-21|000880_01,000880,000880_01,2021-08-27,2021-08-30,C1_PROGRESSED_WITHOUT_DIRECT_HANDOFF,SKIPPED_EARLY_TREND_HANDOFF,2021-08-31,2021-08-31,2022-02-28,TRANSITION,NO_EXIT_BEFORE_CUTOFF,EXIT3_PROGRESSED_TO_TRANSITION,,2022-02-28,,2022-03-02,112.98,-14.1,-127.08,918.0,123.0,-795.0,119.19,5.22,-39.35,-21.86,True,True,False,True,,-14.4982,112.7359,-14.4982,5619633.34,-722705.2,-6342338.54,EXECUTED,EXECUTED
P2-1,001040|KR7001040005|KOSPI|2010-01-04|2026-08-21|001040_01,001040,001040_01,2021-01-15,2021-01-18,,NORMAL_EARLY_TREND_HANDOFF,,,,,LOSS_GUARD_CLOSE_LE_NEG_15,LOSS_GUARD_CLOSE_LE_NEG_15,2021-01-29,2021-01-29,2021-02-01,2021-02-01,-17.09,-17.09,0.0,11.0,11.0,0.0,0.88,0.88,-17.27,-17.27,True,True,True,True,-17.4733,-17.4733,-17.4733,-17.4733,-873618.09,-873618.09,0.0,EXECUTED,EXECUTED
P2-1,001040|KR7001040005|KOSPI|2010-01-04|2026-08-21|001040_02,001040,001040_02,2023-01-06,2023-01-09,,NORMAL_EARLY_TREND_HANDOFF,,,,,LOSS_GUARD_CLOSE_LE_NEG_15,LOSS_GUARD_CLOSE_LE_NEG_15,2023-06-29,2023-06-29,2023-06-30,2023-06-30,-16.87,-16.87,0.0,118.0,118.0,0.0,40.71,40.71,-17.24,-17.24,False,True,False,True,,-17.2273,,-17.2273,0.0,-860596.3,-860596.3,SKIPPED_CASH_UNAVAILABLE,EXECUTED
P2-1,001040|KR7001040005|KOSPI|2010-01-04|2026-08-21|001040_03,001040,001040_03,2023-12-08,2023-12-11,,NORMAL_EARLY_TREND_HANDOFF,,,,,EXIT4_SCORE_DRAWDOWN_GE_15,EXIT4_SCORE_DRAWDOWN_GE_15,2024-07-31,2024-07-31,2024-08-01,2024-08-01,31.96,31.96,0.0,158.0,158.0,0.0,54.13,54.13,-14.72,-14.72,False,False,False,False,,,,,0.0,0.0,0.0,SKIPPED_CASH_UNAVAILABLE,SKIPPED_CASH_UNAVAILABLE
P2-1,001120|KR7001120005|KOSPI|2010-01-04|2026-08-21|001120_01,001120,001120_01,2021-01-08,2021-01-11,,NORMAL_EARLY_TREND_HANDOFF,,,,,EXIT4_SCORE_DRAWDOWN_GE_15,EXIT4_SCORE_DRAWDOWN_GE_15,2021-04-30,2021-04-30,2021-05-03,2021-05-03,11.59,11.59,0.0,78.0,78.0,0.0,22.1,22.1,-9.42,-9.42,True,True,True,True,11.0817,11.0817,11.0817,11.0817,551172.84,551172.84,0.0,EXECUTED,EXECUTED
P2-1,001440|KR7001440007|KOSPI|2010-01-04|2026-08-21|001440_01,001440,001440_01,2024-05-03,2024-05-07,,NEVER_PROGRESSED,,,,,LOSS_GUARD_CLOSE_LE_NEG_15,LOSS_GUARD_CLOSE_LE_NEG_15,2024-09-05,2024-09-05,2024-09-06,2024-09-06,-15.92,-15.92,0.0,86.0,86.0,0.0,58.83,58.83,-17.29,-17.29,True,True,True,True,-16.2653,-16.2653,-16.2653,-16.2653,-811892.73,-811892.73,0.0,EXECUTED,EXECUTED
P2-1,001450|KR7001450006|KOSPI|2010-01-04|2026-08-21|001450_01,001450,001450_01,2021-10-22,2021-10-25,,NEVER_PROGRESSED,,,,,LOSS_GUARD_CLOSE_LE_NEG_15,LOSS_GUARD_CLOSE_LE_NEG_15,2021-11-29,2021-11-29,2021-11-30,2021-11-30,-15.01,-15.01,0.0,27.0,27.0,0.0,0.52,0.52,-16.93,-16.93,True,True,True,True,-15.399,-15.399,-15.399,-15.399,-768540.54,-768540.54,0.0,EXECUTED,EXECUTED
P2-1,001450|KR7001450006|KOSPI|2010-01-04|2026-08-21|001450_02,001450,001450_02,2022-06-03,2022-06-07,,NEVER_PROGRESSED,,,,,LOSS_GUARD_CLOSE_LE_NEG_15,LOSS_GUARD_CLOSE_LE_NEG_15,2024-11-26,2024-11-26,2024-11-27,2024-11-27,-15.65,-15.65,0.0,610.0,610.0,0.0,21.13,21.13,-15.65,-15.65,True,True,True,True,-15.9947,-15.9947,-15.9947,-15.9947,-798126.77,-798126.77,0.0,EXECUTED,EXECUTED
P2-1,001680|KR7001680008|KOSPI|2010-01-04|2026-08-21|001680_01,001680,001680_01,2021-05-28,2021-05-31,,NEVER_PROGRESSED,,,,,LOSS_GUARD_CLOSE_LE_NEG_15,LOSS_GUARD_CLOSE_LE_NEG_15,2021-08-19,2021-08-19,2021-08-20,2021-08-20,-17.09,-17.09,0.0,59.0,59.0,0.0,2.88,2.88,-17.26,-17.26,False,False,False,False,,,,,0.0,0.0,0.0,SKIPPED_CASH_UNAVAILABLE,SKIPPED_CASH_UNAVAILABLE
P2-1,001720|KR7001720002|KOSPI|2010-01-04|2026-08-21|001720_01,001720,001720_01,2024-04-26,2024-04-29,C1_PROGRESSED_WITHOUT_DIRECT_HANDOFF,PROGRESSED_WITHOUT_DIRECT_HANDOFF,2025-02-28,2025-02-28,,,NO_EXIT_BEFORE_CUTOFF,NO_EXIT_BEFORE_CUTOFF,,,,,63.69,63.69,0.0,263.0,263.0,0.0,67.64,67.64,-3.22,-3.22,False,False,False,False,,,,,0.0,0.0,0.0,SKIPPED_CASH_UNAVAILABLE,SKIPPED_CASH_UNAVAILABLE
P2-1,001740|KR7001740000|KOSPI|2010-01-04|2026-08-21|001740_01,001740,001740_01,2021-01-22,2021-01-25,,PROGRESSED_WITHOUT_DIRECT_HANDOFF,,,,,LOSS_GUARD_CLOSE_LE_NEG_15,LOSS_GUARD_CLOSE_LE_NEG_15,2022-01-18,2022-01-18,2022-01-19,2022-01-19,-16.07,-16.07,0.0,246.0,246.0,0.0,13.85,13.85,-16.7,-16.7,True,True,True,True,-16.46,-16.46,-16.46,-16.46,-822927.57,-822927.57,0.0,EXECUTED,EXECUTED
P2-1,001740|KR7001740000|KOSPI|2010-01-04|2026-08-21|001740_02,001740,001740_02,2023-06-02,2023-06-05,C1_PROGRESSED_WITHOUT_DIRECT_HANDOFF,PROGRESSED_WITHOUT_DIRECT_HANDOFF,2023-11-30,2023-11-30,2024-01-31,TRANSITION,NO_EXIT_BEFORE_CUTOFF,EXIT3_PROGRESSED_TO_TRANSITION,,2024-01-31,,2024-02-01,-11.36,39.55,50.91,484.0,164.0,-320.0,83.07,57.13,-18.44,0.0,False,False,False,False,,,,,0.0,0.0,0.0,SKIPPED_CASH_UNAVAILABLE,SKIPPED_CASH_UNAVAILABLE
P2-1,001800|KR7001800002|KOSPI|2010-01-04|2026-08-21|001800_01,001800,001800_01,2021-04-30,2021-05-03,,NEVER_PROGRESSED,,,,,LOSS_GUARD_CLOSE_LE_NEG_15,LOSS_GUARD_CLOSE_LE_NEG_15,2021-11-30,2021-11-30,2021-12-01,2021-12-01,-16.05,-16.05,0.0,145.0,145.0,0.0,7.45,7.45,-16.05,-16.05,False,False,False,False,,,,,0.0,0.0,0.0,SKIPPED_CASH_UNAVAILABLE,SKIPPED_CASH_UNAVAILABLE
P2-1,001800|KR7001800002|KOSPI|2010-01-04|2026-08-21|001800_02,001800,001800_02,2022-12-23,2022-12-26,,NEVER_PROGRESSED,,,,,LOSS_GUARD_CLOSE_LE_NEG_15,LOSS_GUARD_CLOSE_LE_NEG_15,2024-01-17,2024-01-17,2024-01-18,2024-01-18,-15.44,-15.44,0.0,262.0,262.0,0.0,9.0,9.0,-18.19,-18.19,False,True,False,True,,-15.7837,,-15.7837,0.0,-788826.33,-788826.33,SKIPPED_CASH_UNAVAILABLE,EXECUTED
P2-1,001800|KR7001800002|KOSPI|2010-01-04|2026-08-21|001800_03,001800,001800_03,2024-09-27,2024-09-30,,NEVER_PROGRESSED,,,,,NO_PROGRESSED_BEFORE_CUTOFF,NO_PROGRESSED_BEFORE_CUTOFF,,,,,15.74,15.74,0.0,161.0,161.0,0.0,21.25,21.25,-10.29,-10.29,False,True,False,False,,,,15.6049,0.0,778121.51,778121.51,SKIPPED_CASH_UNAVAILABLE,EXECUTED
P2-1,002380|KR7002380004|KOSPI|2010-01-04|2026-08-21|002380_01,002380,002380_01,2024-05-24,2024-05-27,,NEVER_PROGRESSED,,,,,LOSS_GUARD_CLOSE_LE_NEG_15,LOSS_GUARD_CLOSE_LE_NEG_15,2024-10-23,2024-10-23,2024-10-24,2024-10-24,-16.36,-16.36,0.0,101.0,101.0,0.0,14.05,14.05,-16.36,-16.36,False,False,False,False,,,,,0.0,0.0,0.0,SKIPPED_CASH_UNAVAILABLE,SKIPPED_CASH_UNAVAILABLE
P2-1,002790|KR7002790004|KOSPI|2010-01-04|2026-08-21|002790_01,002790,002790_01,2021-05-28,2021-05-31,,NEVER_PROGRESSED,,,,,LOSS_GUARD_CLOSE_LE_NEG_15,LOSS_GUARD_CLOSE_LE_NEG_15,2021-06-29,2021-06-29,2021-06-30,2021-06-30,-15.14,-15.14,0.0,23.0,23.0,0.0,5.22,5.22,-15.54,-15.54,True,True,True,True,-15.5333,-15.5333,-15.5333,-15.5333,-774292.5,-774292.5,0.0,EXECUTED,EXECUTED
P2-1,003090|KR7003090008|KOSPI|2010-01-04|2026-08-21|003090_01,003090,003090_01,2024-10-11,2024-10-14,,SKIPPED_EARLY_TREND_HANDOFF,,,,,LOSS_GUARD_CLOSE_LE_NEG_15,LOSS_GUARD_CLOSE_LE_NEG_15,2024-11-12,2024-11-12,2024-11-13,2024-11-13,-19.96,-19.96,0.0,23.0,23.0,0.0,2.0,2.0,-20.15,-20.15,False,False,False,False,,,,,0.0,0.0,0.0,SKIPPED_CASH_UNAVAILABLE,SKIPPED_CASH_UNAVAILABLE
P2-1,003240|KR7003240009|KOSPI|2010-01-04|2026-08-21|003240_01,003240,003240_01,2024-02-02,2024-02-05,,NEVER_PROGRESSED,,,,,LOSS_GUARD_CLOSE_LE_NEG_15,LOSS_GUARD_CLOSE_LE_NEG_15,2024-02-26,2024-02-26,2024-02-27,2024-02-27,-15.46,-15.46,0.0,15.0,15.0,0.0,4.0,4.0,-15.68,-15.68,True,False,True,False,-15.8077,,-15.8077,,-711372.51,0.0,711372.51,EXECUTED,SKIPPED_CASH_UNAVAILABLE
P2-1,003380|KR7003380003|KOSDAQ|2017-06-30|2026-08-21|003380_01,003380,003380_01,2023-02-03,2023-02-06,,NEVER_PROGRESSED,,,,,LOSS_GUARD_CLOSE_LE_NEG_15,LOSS_GUARD_CLOSE_LE_NEG_15,2023-05-31,2023-05-31,2023-06-01,2023-06-01,-15.44,-15.44,0.0,80.0,80.0,0.0,89.12,89.12,-15.44,-15.44,False,False,False,False,,,,,0.0,0.0,0.0,SKIPPED_CASH_UNAVAILABLE,SKIPPED_CASH_UNAVAILABLE
P2-1,003490|KR7003490000|KOSPI|2010-01-04|2026-08-21|003490_01,003490,003490_01,2021-01-08,2021-01-11,,NORMAL_EARLY_TREND_HANDOFF,,,,,EXIT4_SCORE_DRAWDOWN_GE_15,EXIT4_SCORE_DRAWDOWN_GE_15,2021-04-30,2021-04-30,2021-05-03,2021-05-03,24.35,24.35,0.0,78.0,78.0,0.0,47.69,47.69,-1.61,-1.61,True,True,True,True,23.776,23.776,23.776,23.776,1184357.33,1184357.33,0.0,EXECUTED,EXECUTED
P2-1,003490|KR7003490000|KOSPI|2010-01-04|2026-08-21|003490_02,003490,003490_02,2025-01-17,2025-01-20,,NEVER_PROGRESSED,,,,,LOSS_GUARD_CLOSE_LE_NEG_15,LOSS_GUARD_CLOSE_LE_NEG_15,2025-04-09,2025-04-09,2025-04-10,2025-04-10,-12.71,-12.71,0.0,54.0,54.0,0.0,3.96,3.96,-16.71,-16.71,True,True,True,True,-13.0395,-13.0395,-13.0395,-13.0395,-651682.0,-651682.0,0.0,EXECUTED,EXECUTED
P2-1,003550|KR7003550001|KOSPI|2010-01-04|2026-08-21|003550_01,003550,003550_01,2021-01-08,2021-01-11,,PROGRESSED_WITHOUT_DIRECT_HANDOFF,,,,,LOSS_GUARD_CLOSE_LE_NEG_15,LOSS_GUARD_CLOSE_LE_NEG_15,2021-03-10,2021-03-10,2021-03-11,2021-03-11,-15.22,-15.22,0.0,41.0,41.0,0.0,12.92,12.92,-16.46,-16.46,True,True,True,True,-15.6046,-15.6046,-15.6046,-15.6046,-771104.45,-771104.45,0.0,EXECUTED,EXECUTED
P2-1,003550|KR7003550001|KOSPI|2010-01-04|2026-08-21|003550_02,003550,003550_02,2022-08-12,2022-08-16,,NEVER_PROGRESSED,,,,,LOSS_GUARD_CLOSE_LE_NEG_15,LOSS_GUARD_CLOSE_LE_NEG_15,2024-01-17,2024-01-17,2024-01-18,2024-01-18,-15.28,-15.28,0.0,352.0,352.0,0.0,15.16,15.16,-15.63,-15.63,True,True,True,True,-15.623,-15.623,-15.623,-15.623,-772005.07,-772005.07,0.0,EXECUTED,EXECUTED
P2-1,003550|KR7003550001|KOSPI|2010-01-04|2026-08-21|003550_03,003550,003550_03,2024-02-02,2024-02-05,,NEVER_PROGRESSED,,,,,LOSS_GUARD_CLOSE_LE_NEG_15,LOSS_GUARD_CLOSE_LE_NEG_15,2024-04-15,2024-04-15,2024-04-16,2024-04-16,-16.04,-16.04,0.0,48.0,48.0,0.0,13.85,13.85,-16.48,-16.48,False,True,False,True,,-16.3876,,-16.3876,0.0,-806214.31,-806214.31,SKIPPED_CASH_UNAVAILABLE,EXECUTED
P2-1,003670|KR7003670007|KOSPI|2019-05-29|2026-08-21|003670_01,003670,003670_01,2022-08-12,2022-08-16,C1_PROGRESSED_WITHOUT_DIRECT_HANDOFF,PROGRESSED_WITHOUT_DIRECT_HANDOFF,2023-03-31,2023-03-31,,,EXIT4_SCORE_DRAWDOWN_GE_15,EXIT4_SCORE_DRAWDOWN_GE_15,2023-05-31,2023-05-31,2023-06-01,2023-06-01,117.65,117.65,0.0,197.0,197.0,0.0,161.61,161.61,-8.98,-8.98,True,True,True,True,116.7124,116.7124,116.7124,116.7124,5670409.56,5670409.56,0.0,EXECUTED,EXECUTED
P2-1,003690|KR7003690005|KOSPI|2010-01-04|2026-08-21|003690_01,003690,003690_01,2021-04-23,2021-04-26,,NEVER_PROGRESSED,,,,,LOSS_GUARD_CLOSE_LE_NEG_15,LOSS_GUARD_CLOSE_LE_NEG_15,2022-09-28,2022-09-28,2022-09-29,2022-09-29,-14.63,-14.63,0.0,345.0,345.0,0.0,20.11,20.11,-16.82,-16.82,False,False,False,False,,,,,0.0,0.0,0.0,SKIPPED_CASH_UNAVAILABLE,SKIPPED_CASH_UNAVAILABLE
P2-1,003690|KR7003690005|KOSPI|2010-01-04|2026-08-21|003690_02,003690,003690_02,2023-02-24,2023-02-27,,NEVER_PROGRESSED,,,,,LOSS_GUARD_CLOSE_LE_NEG_15,LOSS_GUARD_CLOSE_LE_NEG_15,2023-07-06,2023-07-06,2023-07-07,2023-07-07,-15.6,-15.6,0.0,88.0,88.0,0.0,4.77,4.77,-16.12,-16.12,False,False,False,False,,,,,0.0,0.0,0.0,SKIPPED_CASH_UNAVAILABLE,SKIPPED_CASH_UNAVAILABLE
P2-1,003690|KR7003690005|KOSPI|2010-01-04|2026-08-21|003690_03,003690,003690_03,2023-09-15,2023-09-18,,NEVER_PROGRESSED,,,,,NO_PROGRESSED_BEFORE_CUTOFF,NO_PROGRESSED_BEFORE_CUTOFF,,,,,54.85,54.85,0.0,409.0,409.0,0.0,60.05,60.05,-2.87,-2.87,True,True,False,False,,,54.6738,54.6738,2730490.58,2730490.58,0.0,EXECUTED,EXECUTED
P2-1,004000|KR7004000006|KOSPI|2010-01-04|2026-08-21|004000_01,004000,004000_01,2021-04-09,2021-04-12,,NORMAL_EARLY_TREND_HANDOFF,,,,,EXIT4_SCORE_DRAWDOWN_GE_15,EXIT4_SCORE_DRAWDOWN_GE_15,2021-07-31,2021-07-31,2021-08-02,2021-08-02,15.61,15.61,0.0,79.0,79.0,0.0,24.36,24.36,-6.37,-6.37,False,False,False,False,,,,,0.0,0.0,0.0,SKIPPED_CASH_UNAVAILABLE,SKIPPED_CASH_UNAVAILABLE
P2-1,004020|KR7004020004|KOSPI|2010-01-04|2026-08-21|004020_01,004020,004020_01,2021-01-08,2021-01-11,,NORMAL_EARLY_TREND_HANDOFF,,,,,LOSS_GUARD_CLOSE_LE_NEG_15,LOSS_GUARD_CLOSE_LE_NEG_15,2021-01-29,2021-01-29,2021-02-01,2021-02-01,-18.79,-18.79,0.0,16.0,16.0,0.0,2.87,2.87,-18.79,-18.79,True,True,True,True,-19.1628,-19.1628,-19.1628,-19.1628,-957820.33,-957820.33,0.0,EXECUTED,EXECUTED
P2-1,004020|KR7004020004|KOSPI|2010-01-04|2026-08-21|004020_02,004020,004020_02,2021-03-26,2021-03-29,,NORMAL_EARLY_TREND_HANDOFF,,,,,EXIT4_SCORE_DRAWDOWN_GE_15,EXIT4_SCORE_DRAWDOWN_GE_15,2021-06-30,2021-06-30,2021-07-01,2021-07-01,14.32,14.32,0.0,67.0,67.0,0.0,33.62,33.62,-3.18,-3.18,True,True,True,True,13.791,13.791,13.791,13.791,683544.49,683544.49,0.0,EXECUTED,EXECUTED
P2-1,004170|KR7004170007|KOSPI|2010-01-04|2026-08-21|004170_01,004170,004170_01,2021-03-05,2021-03-08,,NEVER_PROGRESSED,,,,,LOSS_GUARD_CLOSE_LE_NEG_15,LOSS_GUARD_CLOSE_LE_NEG_15,2021-08-19,2021-08-19,2021-08-20,2021-08-20,-15.2,-15.2,0.0,117.0,117.0,0.0,10.64,10.64,-15.88,-15.88,True,True,True,True,-15.5921,-15.5921,-15.5921,-15.5921,-739292.47,-739292.47,0.0,EXECUTED,EXECUTED
P2-1,004370|KR7004370003|KOSPI|2010-01-04|2026-08-21|004370_01,004370,004370_01,2021-06-18,2021-06-21,,PROGRESSED_WITHOUT_DIRECT_HANDOFF,,,,,LOSS_GUARD_CLOSE_LE_NEG_15,LOSS_GUARD_CLOSE_LE_NEG_15,2022-06-13,2022-06-13,2022-06-14,2022-06-14,-16.56,-16.56,0.0,242.0,242.0,0.0,9.06,9.06,-16.56,-16.56,False,False,False,False,,,,,0.0,0.0,0.0,SKIPPED_CASH_UNAVAILABLE,SKIPPED_CASH_UNAVAILABLE
P2-1,004370|KR7004370003|KOSPI|2010-01-04|2026-08-21|004370_02,004370,004370_02,2022-12-02,2022-12-05,C1_PROGRESSED_WITHOUT_DIRECT_HANDOFF,PROGRESSED_WITHOUT_DIRECT_HANDOFF,2023-09-30,2023-09-27,,,EXIT4_SCORE_DRAWDOWN_GE_15,EXIT4_SCORE_DRAWDOWN_GE_15,2024-01-31,2024-01-31,2024-02-01,2024-02-01,15.54,15.54,0.0,287.0,287.0,0.0,53.85,53.85,-0.31,-0.31,False,True,False,True,,15.0655,,15.0655,0.0,735288.13,735288.13,SKIPPED_CASH_UNAVAILABLE,EXECUTED
P2-1,004370|KR7004370003|KOSPI|2010-01-04|2026-08-21|004370_03,004370,004370_03,2024-05-31,2024-06-03,,NEVER_PROGRESSED,,,,,LOSS_GUARD_CLOSE_LE_NEG_15,LOSS_GUARD_CLOSE_LE_NEG_15,2024-08-23,2024-08-23,2024-08-26,2024-08-26,-14.99,-14.99,0.0,59.0,59.0,0.0,28.27,28.27,-15.42,-15.42,False,False,False,False,,,,,0.0,0.0,0.0,SKIPPED_CASH_UNAVAILABLE,SKIPPED_CASH_UNAVAILABLE
P2-1,004370|KR7004370003|KOSPI|2010-01-04|2026-08-21|004370_04,004370,004370_04,2025-04-04,2025-04-07,,NEVER_PROGRESSED,,,,,NO_PROGRESSED_BEFORE_CUTOFF,NO_PROGRESSED_BEFORE_CUTOFF,,,,,9.42,9.42,0.0,37.0,37.0,0.0,19.61,19.61,-4.13,-4.13,True,True,False,False,,,9.2937,9.2937,432651.8,432651.8,0.0,EXECUTED,EXECUTED
P2-1,004490|KR7004490009|KOSPI|2010-01-04|2026-08-21|004490_01,004490,004490_01,2024-02-16,2024-02-19,,NORMAL_EARLY_TREND_HANDOFF,,,,,EXIT4_SCORE_DRAWDOWN_GE_15,EXIT4_SCORE_DRAWDOWN_GE_15,2024-07-31,2024-07-31,2024-08-01,2024-08-01,11.37,11.37,0.0,113.0,113.0,0.0,49.76,49.76,-9.41,-9.41,False,False,False,False,,,,,0.0,0.0,0.0,SKIPPED_CASH_UNAVAILABLE,SKIPPED_CASH_UNAVAILABLE
P2-1,004800|KR7004800009|KOSPI|2010-01-04|2026-08-21|004800_01,004800,004800_01,2021-02-05,2021-02-08,,NORMAL_EARLY_TREND_HANDOFF,,,,,EXIT3_PROGRESSED_TO_TRANSITION,EXIT3_PROGRESSED_TO_TRANSITION,2022-04-30,2022-04-30,2022-05-02,2022-05-02,-7.38,-7.38,0.0,304.0,304.0,0.0,43.58,43.58,-13.41,-13.41,False,False,False,False,,,,,0.0,0.0,0.0,SKIPPED_CASH_UNAVAILABLE,SKIPPED_CASH_UNAVAILABLE
P2-1,004990|KR7004990008|KOSPI|2010-01-04|2026-08-21|004990_01,004990,004990_01,2021-06-04,2021-06-07,,NEVER_PROGRESSED,,,,,LOSS_GUARD_CLOSE_LE_NEG_15,LOSS_GUARD_CLOSE_LE_NEG_15,2021-08-13,2021-08-13,2021-08-17,2021-08-17,-15.01,-15.01,0.0,51.0,51.0,0.0,3.19,3.19,-15.48,-15.48,True,True,True,True,-15.4021,-15.4021,-15.4021,-15.4021,-769665.71,-769665.71,0.0,EXECUTED,EXECUTED
P2-1,004990|KR7004990008|KOSPI|2010-01-04|2026-08-21|004990_02,004990,004990_02,2022-04-29,2022-05-02,,NEVER_PROGRESSED,,,,,LOSS_GUARD_CLOSE_LE_NEG_15,LOSS_GUARD_CLOSE_LE_NEG_15,2023-03-14,2023-03-14,2023-03-15,2023-03-15,-14.87,-14.87,0.0,216.0,216.0,0.0,22.68,22.68,-16.05,-16.05,True,True,True,True,-15.2403,-15.2403,-15.2403,-15.2403,-761463.01,-761463.01,0.0,EXECUTED,EXECUTED
P2-1,004990|KR7004990008|KOSPI|2010-01-04|2026-08-21|004990_03,004990,004990_03,2024-02-23,2024-02-26,,NEVER_PROGRESSED,,,,,LOSS_GUARD_CLOSE_LE_NEG_15,LOSS_GUARD_CLOSE_LE_NEG_15,2024-04-16,2024-04-16,2024-04-17,2024-04-17,-15.5,-15.5,0.0,36.0,36.0,0.0,3.0,3.0,-16.83,-16.83,False,False,False,False,,,,,0.0,0.0,0.0,SKIPPED_CASH_UNAVAILABLE,SKIPPED_CASH_UNAVAILABLE
P2-1,005290|KR7005290002|KOSDAQ|2010-01-04|2026-08-21|005290_01,005290,005290_01,2023-03-03,2023-03-06,,NEVER_PROGRESSED,,,,,LOSS_GUARD_CLOSE_LE_NEG_15,LOSS_GUARD_CLOSE_LE_NEG_15,2023-03-14,2023-03-14,2023-03-15,2023-03-15,-15.66,-15.66,0.0,8.0,8.0,0.0,4.4,4.4,-19.09,-19.09,False,False,False,False,,,,,0.0,0.0,0.0,SKIPPED_CASH_UNAVAILABLE,SKIPPED_CASH_UNAVAILABLE
P2-1,005290|KR7005290002|KOSDAQ|2010-01-04|2026-08-21|005290_02,005290,005290_02,2023-06-02,2023-06-05,,NEVER_PROGRESSED,,,,,LOSS_GUARD_CLOSE_LE_NEG_15,LOSS_GUARD_CLOSE_LE_NEG_15,2023-10-10,2023-10-10,2023-10-11,2023-10-11,-13.72,-13.72,0.0,86.0,86.0,0.0,18.47,18.47,-16.49,-16.49,False,False,False,False,,,,,0.0,0.0,0.0,SKIPPED_CASH_UNAVAILABLE,SKIPPED_CASH_UNAVAILABLE
P2-1,005290|KR7005290002|KOSDAQ|2010-01-04|2026-08-21|005290_03,005290,005290_03,2024-05-10,2024-05-13,,NEVER_PROGRESSED,,,,,LOSS_GUARD_CLOSE_LE_NEG_15,LOSS_GUARD_CLOSE_LE_NEG_15,2024-06-25,2024-06-25,2024-06-26,2024-06-26,-15.51,-15.51,0.0,31.0,31.0,0.0,0.21,0.21,-17.01,-17.01,False,False,False,False,,,,,0.0,0.0,0.0,SKIPPED_CASH_UNAVAILABLE,SKIPPED_CASH_UNAVAILABLE
P2-1,005300|KR7005300009|KOSPI|2010-01-04|2026-08-21|005300_01,005300,005300_01,2021-02-05,2021-02-08,C1_PROGRESSED_WITHOUT_DIRECT_HANDOFF,SKIPPED_EARLY_TREND_HANDOFF,2021-11-30,2021-11-30,2021-12-30,BASE,NO_EXIT_BEFORE_CUTOFF,EXIT3_PROGRESSED_TO_BASE,,2021-12-30,,2022-01-03,-16.56,3.52,20.08,1057.0,224.0,-833.0,63.28,37.11,-22.27,-12.11,False,False,False,False,,,,,0.0,0.0,0.0,SKIPPED_CASH_UNAVAILABLE,SKIPPED_CASH_UNAVAILABLE
P2-1,005380|KR7005380001|KOSPI|2010-01-04|2026-08-21|005380_01,005380,005380_01,2023-04-07,2023-04-10,,NORMAL_EARLY_TREND_HANDOFF,,,,,EXIT4_SCORE_DRAWDOWN_GE_15,EXIT4_SCORE_DRAWDOWN_GE_15,2024-09-30,2024-09-30,2024-10-02,2024-10-02,27.69,27.69,0.0,362.0,362.0,0.0,61.02,61.02,-8.98,-8.98,False,True,False,True,,27.1655,,27.1655,0.0,1315233.67,1315233.67,SKIPPED_CASH_UNAVAILABLE,EXECUTED
P2-1,005440|KR7005440003|KOSPI|2010-01-04|2026-08-21|005440_01,005440,005440_01,2021-06-04,2021-06-07,,NEVER_PROGRESSED,,,,,LOSS_GUARD_CLOSE_LE_NEG_15,LOSS_GUARD_CLOSE_LE_NEG_15,2021-08-17,2021-08-17,2021-08-18,2021-08-18,-16.7,-16.7,0.0,51.0,51.0,0.0,7.14,7.14,-16.7,-16.7,False,False,False,False,,,,,0.0,0.0,0.0,SKIPPED_CASH_UNAVAILABLE,SKIPPED_CASH_UNAVAILABLE
P2-1,005490|KR7005490008|KOSPI|2010-01-04|2026-08-21|005490_01,005490,005490_01,2023-03-03,2023-03-06,,NORMAL_EARLY_TREND_HANDOFF,,,,,EXIT4_SCORE_DRAWDOWN_GE_15,EXIT4_SCORE_DRAWDOWN_GE_15,2023-09-30,2023-09-30,2023-10-04,2023-10-04,58.38,58.38,0.0,144.0,144.0,0.0,128.74,128.74,-5.84,-5.84,False,False,False,False,,,,,0.0,0.0,0.0,SKIPPED_CASH_UNAVAILABLE,SKIPPED_CASH_UNAVAILABLE
P2-1,005830|KR7005830005|KOSPI|2010-01-04|2026-08-21|005830_01,005830,005830_01,2021-06-25,2021-06-28,C1_PROGRESSED_WITHOUT_DIRECT_HANDOFF,PROGRESSED_WITHOUT_DIRECT_HANDOFF,2022-02-28,2022-02-28,2022-08-31,TRANSITION,NO_EXIT_BEFORE_CUTOFF,EXIT3_PROGRESSED_TO_TRANSITION,,2022-08-31,,2022-09-01,86.11,9.26,-76.85,962.0,293.0,-669.0,129.63,35.0,-3.7,-3.7,False,False,False,False,,,,,0.0,0.0,0.0,SKIPPED_CASH_UNAVAILABLE,SKIPPED_CASH_UNAVAILABLE
P2-1,005850|KR7005850003|KOSPI|2010-01-04|2026-08-21|005850_01,005850,005850_01,2024-06-07,2024-06-10,,NEVER_PROGRESSED,,,,,LOSS_GUARD_CLOSE_LE_NEG_15,LOSS_GUARD_CLOSE_LE_NEG_15,2024-09-04,2024-09-04,2024-09-05,2024-09-05,-16.33,-16.33,0.0,63.0,63.0,0.0,28.61,28.61,-16.87,-16.87,False,False,False,False,,,,,0.0,0.0,0.0,SKIPPED_CASH_UNAVAILABLE,SKIPPED_CASH_UNAVAILABLE
P2-1,005850|KR7005850003|KOSPI|2010-01-04|2026-08-21|005850_02,005850,005850_02,2025-03-28,2025-03-31,,NEVER_PROGRESSED,,,,,LOSS_GUARD_CLOSE_LE_NEG_15,LOSS_GUARD_CLOSE_LE_NEG_15,2025-04-07,2025-04-07,2025-04-08,2025-04-08,-16.03,-16.03,0.0,7.0,7.0,0.0,2.37,2.37,-18.79,-18.79,False,False,False,False,,,,,0.0,0.0,0.0,SKIPPED_CASH_UNAVAILABLE,SKIPPED_CASH_UNAVAILABLE
P2-1,005880|KR7005880000|KOSPI|2010-01-04|2026-08-21|005880_01,005880,005880_01,2022-05-27,2022-05-30,,NEVER_PROGRESSED,,,,,LOSS_GUARD_CLOSE_LE_NEG_15,LOSS_GUARD_CLOSE_LE_NEG_15,2022-06-15,2022-06-15,2022-06-16,2022-06-16,-16.39,-16.39,0.0,12.0,12.0,0.0,0.0,0.0,-18.65,-18.65,True,True,True,True,-16.7749,-16.7749,-16.7749,-16.7749,-838729.47,-838729.47,0.0,EXECUTED,EXECUTED
P2-1,005930|KR7005930003|KOSPI|2010-01-04|2026-08-21|005930_01,005930,005930_01,2023-06-02,2023-06-05,,NEVER_PROGRESSED,,,,,LOSS_GUARD_CLOSE_LE_NEG_15,LOSS_GUARD_CLOSE_LE_NEG_15,2024-09-30,2024-09-30,2024-10-02,2024-10-02,-16.78,-16.78,0.0,325.0,325.0,0.0,22.15,22.15,-16.78,-16.78,True,True,True,True,-17.1219,-17.1219,-17.1219,-17.1219,-847414.16,-847414.16,0.0,EXECUTED,EXECUTED
P2-1,005940|KR7005940002|KOSPI|2010-01-04|2026-08-21|005940_01,005940,005940_01,2021-01-08,2021-01-11,,SKIPPED_EARLY_TREND_HANDOFF,,,,,LOSS_GUARD_CLOSE_LE_NEG_15,LOSS_GUARD_CLOSE_LE_NEG_15,2022-04-27,2022-04-27,2022-04-28,2022-04-28,-15.38,-15.38,0.0,322.0,322.0,0.0,10.93,10.93,-16.19,-16.19,True,True,True,True,-15.7732,-15.7732,-15.7732,-15.7732,-787893.42,-787893.42,0.0,EXECUTED,EXECUTED
P2-1,005940|KR7005940002|KOSPI|2010-01-04|2026-08-21|005940_02,005940,005940_02,2024-02-23,2024-02-26,C1_PROGRESSED_WITHOUT_DIRECT_HANDOFF,PROGRESSED_WITHOUT_DIRECT_HANDOFF,2024-12-31,2024-12-30,,,EXIT4_SCORE_DRAWDOWN_GE_15,EXIT4_SCORE_DRAWDOWN_GE_15,2025-04-30,2025-04-30,2025-05-02,2025-05-02,31.03,31.03,0.0,288.0,288.0,0.0,32.33,32.33,-6.9,-6.9,False,False,False,False,,,,,0.0,0.0,0.0,SKIPPED_CASH_UNAVAILABLE,SKIPPED_CASH_UNAVAILABLE
P2-1,006040|KR7006040000|KOSPI|2010-01-04|2026-08-21|006040_01,006040,006040_01,2021-02-19,2021-02-22,,NEVER_PROGRESSED,,,,,LOSS_GUARD_CLOSE_LE_NEG_15,LOSS_GUARD_CLOSE_LE_NEG_15,2021-08-13,2021-08-13,2021-08-17,2021-08-17,-15.3,-15.3,0.0,122.0,122.0,0.0,10.14,10.14,-16.55,-16.55,False,False,False,False,,,,,0.0,0.0,0.0,SKIPPED_CASH_UNAVAILABLE,SKIPPED_CASH_UNAVAILABLE
P2-1,006040|KR7006040000|KOSPI|2010-01-04|2026-08-21|006040_02,006040,006040_02,2022-12-02,2022-12-05,,NEVER_PROGRESSED,,,,,LOSS_GUARD_CLOSE_LE_NEG_15,LOSS_GUARD_CLOSE_LE_NEG_15,2023-06-29,2023-06-29,2023-06-30,2023-06-30,-15.63,-15.63,0.0,142.0,142.0,0.0,15.63,15.63,-16.17,-16.17,True,True,True,True,-15.9919,-15.9919,-15.9919,-15.9919,-795438.31,-795438.31,0.0,EXECUTED,EXECUTED
P2-1,006040|KR7006040000|KOSPI|2010-01-04|2026-08-21|006040_03,006040,006040_03,2025-01-03,2025-01-06,,NEVER_PROGRESSED,,,,,NO_PROGRESSED_BEFORE_CUTOFF,NO_PROGRESSED_BEFORE_CUTOFF,,,,,28.1,28.1,0.0,97.0,97.0,0.0,31.68,31.68,-10.33,-10.33,True,True,False,False,,,27.952,27.952,1391680.19,1391680.19,0.0,EXECUTED,EXECUTED
P2-1,006260|KR7006260004|KOSPI|2010-01-04|2026-08-21|006260_01,006260,006260_01,2022-06-03,2022-06-07,,NORMAL_EARLY_TREND_HANDOFF,,,,,LOSS_GUARD_CLOSE_LE_NEG_15,LOSS_GUARD_CLOSE_LE_NEG_15,2022-07-06,2022-07-06,2022-07-07,2022-07-07,-21.46,-21.46,0.0,23.0,23.0,0.0,0.88,0.88,-22.77,-22.77,True,True,True,True,-21.8205,-21.8205,-21.8205,-21.8205,-1077426.97,-1077426.97,0.0,EXECUTED,EXECUTED
P2-1,006260|KR7006260004|KOSPI|2010-01-04|2026-08-21|006260_02,006260,006260_02,2022-08-12,2022-08-16,,NORMAL_EARLY_TREND_HANDOFF,,,,,EXIT4_SCORE_DRAWDOWN_GE_15,EXIT4_SCORE_DRAWDOWN_GE_15,2023-10-31,2023-10-31,2023-11-01,2023-11-01,24.29,24.29,0.0,299.0,299.0,0.0,140.16,140.16,-11.9,-11.9,True,True,True,True,23.7521,23.7521,23.7521,23.7521,1183504.05,1183504.05,0.0,EXECUTED,EXECUTED
P2-1,006260|KR7006260004|KOSPI|2010-01-04|2026-08-21|006260_03,006260,006260_03,2025-05-16,2025-05-19,,NEVER_PROGRESSED,,,,,NO_PROGRESSED_BEFORE_CUTOFF,NO_PROGRESSED_BEFORE_CUTOFF,,,,,2.77,2.77,0.0,10.0,10.0,0.0,6.77,6.77,-10.26,-10.26,True,True,False,False,,,2.6561,2.6561,131895.26,131895.26,0.0,EXECUTED,EXECUTED
P2-1,006280|KR7006280002|KOSPI|2010-01-04|2026-08-21|006280_01,006280,006280_01,2024-10-18,2024-10-21,,SKIPPED_EARLY_TREND_HANDOFF,,,,,LOSS_GUARD_CLOSE_LE_NEG_15,LOSS_GUARD_CLOSE_LE_NEG_15,2024-11-12,2024-11-12,2024-11-13,2024-11-13,-17.05,-17.05,0.0,18.0,18.0,0.0,3.3,3.3,-17.61,-17.61,False,False,False,False,,,,,0.0,0.0,0.0,SKIPPED_CASH_UNAVAILABLE,SKIPPED_CASH_UNAVAILABLE
P2-1,006360|KR7006360002|KOSPI|2010-01-04|2026-08-21|006360_01,006360,006360_01,2021-01-08,2021-01-11,,NORMAL_EARLY_TREND_HANDOFF,,,,,EXIT4_SCORE_DRAWDOWN_GE_15,EXIT4_SCORE_DRAWDOWN_GE_15,2021-08-31,2021-08-31,2021-09-01,2021-09-01,5.82,5.82,0.0,162.0,162.0,0.0,16.03,16.03,-15.91,-15.91,True,True,True,True,5.3335,5.3335,5.3335,5.3335,265262.86,265262.86,0.0,EXECUTED,EXECUTED
P2-1,006400|KR7006400006|KOSPI|2010-01-04|2026-08-21|006400_01,006400,006400_01,2022-10-28,2022-10-31,,NEVER_PROGRESSED,,,,,LOSS_GUARD_CLOSE_LE_NEG_15,LOSS_GUARD_CLOSE_LE_NEG_15,2022-12-23,2022-12-23,2022-12-26,2022-12-26,-15.8,-15.8,0.0,40.0,40.0,0.0,6.68,6.68,-16.35,-16.35,True,True,True,True,-16.1905,-16.1905,-16.1905,-16.1905,-698882.5,-698882.5,0.0,EXECUTED,EXECUTED
P2-1,006650|KR7006650006|KOSPI|2010-01-04|2026-08-21|006650_01,006650,006650_01,2021-01-15,2021-01-18,C1_PROGRESSED_WITHOUT_DIRECT_HANDOFF,SKIPPED_EARLY_TREND_HANDOFF,2021-01-31,2021-01-29,,,EXIT4_SCORE_DRAWDOWN_GE_15,EXIT4_SCORE_DRAWDOWN_GE_15,2021-02-28,2021-02-28,2021-03-02,2021-03-02,35.26,35.26,0.0,29.0,29.0,0.0,46.65,46.65,-4.16,-4.16,True,True,True,True,34.641,34.641,34.641,34.641,1726066.8,1726066.8,0.0,EXECUTED,EXECUTED
P2-1,006800|KR7006800007|KOSPI|2010-01-04|2026-08-21|006800_01,006800,006800_01,2021-01-08,2021-01-11,C1_PROGRESSED_WITHOUT_DIRECT_HANDOFF,PROGRESSED_WITHOUT_DIRECT_HANDOFF,2021-05-31,2021-05-31,,,EXIT4_SCORE_DRAWDOWN_GE_15,EXIT4_SCORE_DRAWDOWN_GE_15,2021-08-31,2021-08-31,2021-09-01,2021-09-01,-14.95,-14.95,0.0,162.0,162.0,0.0,7.77,7.77,-20.1,-20.1,True,True,True,True,-15.3394,-15.3394,-15.3394,-15.3394,-766958.92,-766958.92,0.0,EXECUTED,EXECUTED
P2-1,006800|KR7006800007|KOSPI|2010-01-04|2026-08-21|006800_02,006800,006800_02,2024-02-16,2024-02-19,,NEVER_PROGRESSED,,,,,LOSS_GUARD_CLOSE_LE_NEG_15,LOSS_GUARD_CLOSE_LE_NEG_15,2024-04-12,2024-04-12,2024-04-15,2024-04-15,-16.65,-16.65,0.0,39.0,39.0,0.0,2.79,2.79,-17.1,-17.1,False,True,False,True,,-16.9948,,-16.9948,0.0,-849040.73,-849040.73,SKIPPED_CASH_UNAVAILABLE,EXECUTED
P2-1,006800|KR7006800007|KOSPI|2010-01-04|2026-08-21|006800_03,006800,006800_03,2024-09-13,2024-09-19,,NEVER_PROGRESSED,,,,,NO_PROGRESSED_BEFORE_CUTOFF,NO_PROGRESSED_BEFORE_CUTOFF,,,,,76.9,76.9,0.0,168.0,168.0,0.0,98.74,98.74,-9.91,-9.91,False,True,False,False,,,,76.6935,0.0,3830362.32,3830362.32,SKIPPED_CASH_UNAVAILABLE,EXECUTED
P2-1,007070|KR7007070006|KOSPI|2011-12-23|2026-08-21|007070_01,007070,007070_01,2021-03-26,2021-03-29,,NEVER_PROGRESSED,,,,,LOSS_GUARD_CLOSE_LE_NEG_15,LOSS_GUARD_CLOSE_LE_NEG_15,2021-08-19,2021-08-19,2021-08-20,2021-08-20,-17.21,-17.21,0.0,102.0,102.0,0.0,2.98,2.98,-17.59,-17.59,False,False,False,False,,,,,0.0,0.0,0.0,SKIPPED_CASH_UNAVAILABLE,SKIPPED_CASH_UNAVAILABLE
P2-1,007310|KR7007310006|KOSPI|2010-01-04|2026-08-21|007310_01,007310,007310_01,2024-05-31,2024-06-03,,NEVER_PROGRESSED,,,,,LOSS_GUARD_CLOSE_LE_NEG_15,LOSS_GUARD_CLOSE_LE_NEG_15,2024-11-13,2024-11-13,2024-11-14,2024-11-14,-16.03,-16.03,0.0,111.0,111.0,0.0,12.62,12.62,-16.03,-16.03,False,False,False,False,,,,,0.0,0.0,0.0,SKIPPED_CASH_UNAVAILABLE,SKIPPED_CASH_UNAVAILABLE
P2-1,007340|KR7007340003|KOSPI|2010-01-04|2026-08-21|007340_01,007340,007340_01,2024-09-20,2024-09-23,,NEVER_PROGRESSED,,,,,LOSS_GUARD_CLOSE_LE_NEG_15,LOSS_GUARD_CLOSE_LE_NEG_15,2024-12-09,2024-12-09,2024-12-10,2024-12-10,-15.45,-15.45,0.0,47.0,47.0,0.0,2.25,2.25,-16.08,-16.08,False,True,False,True,,-15.7943,,-15.7943,0.0,-788971.85,-788971.85,SKIPPED_CASH_UNAVAILABLE,EXECUTED
P2-1,007340|KR7007340003|KOSPI|2010-01-04|2026-08-21|007340_02,007340,007340_02,2025-01-24,2025-01-31,,NEVER_PROGRESSED,,,,,NO_PROGRESSED_BEFORE_CUTOFF,NO_PROGRESSED_BEFORE_CUTOFF,,,,,4.03,4.03,0.0,82.0,82.0,0.0,16.11,16.11,-13.13,-13.13,False,False,False,False,,,,,0.0,0.0,0.0,SKIPPED_CASH_UNAVAILABLE,SKIPPED_CASH_UNAVAILABLE
P2-1,007700|KR7007700008|KOSPI|2010-01-04|2026-08-21|007700_01,007700,007700_01,2021-01-22,2021-01-25,,NEVER_PROGRESSED,,,,,LOSS_GUARD_CLOSE_LE_NEG_15,LOSS_GUARD_CLOSE_LE_NEG_15,2021-05-24,2021-05-24,2021-05-25,2021-05-25,-20.76,-20.76,0.0,68.0,68.0,0.0,71.09,71.09,-20.76,-20.76,True,True,True,True,-21.1222,-21.1222,-21.1222,-21.1222,-1048549.13,-1048549.13,0.0,EXECUTED,EXECUTED
P2-1,008770|KR7008770000|KOSPI|2010-01-04|2026-08-21|008770_01,008770,008770_01,2021-01-08,2021-01-11,,NEVER_PROGRESSED,,,,,LOSS_GUARD_CLOSE_LE_NEG_15,LOSS_GUARD_CLOSE_LE_NEG_15,2021-11-30,2021-11-30,2021-12-01,2021-12-01,-15.25,-15.25,0.0,222.0,222.0,0.0,23.65,23.65,-15.73,-15.73,True,True,True,True,-15.6353,-15.6353,-15.6353,-15.6353,-769313.07,-769313.07,0.0,EXECUTED,EXECUTED
P2-1,008770|KR7008770000|KOSPI|2010-01-04|2026-08-21|008770_02,008770,008770_02,2023-01-06,2023-01-09,,NEVER_PROGRESSED,,,,,LOSS_GUARD_CLOSE_LE_NEG_15,LOSS_GUARD_CLOSE_LE_NEG_15,2023-03-15,2023-03-15,2023-03-16,2023-03-16,-16.63,-16.63,0.0,46.0,46.0,0.0,1.76,1.76,-16.63,-16.63,True,True,True,True,-16.9856,-16.9856,-16.9856,-16.9856,-842296.28,-842296.28,0.0,EXECUTED,EXECUTED
P2-1,008770|KR7008770000|KOSPI|2010-01-04|2026-08-21|008770_03,008770,008770_03,2023-09-01,2023-09-04,,NEVER_PROGRESSED,,,,,LOSS_GUARD_CLOSE_LE_NEG_15,LOSS_GUARD_CLOSE_LE_NEG_15,2023-10-10,2023-10-10,2023-10-11,2023-10-11,-16.72,-16.72,0.0,23.0,23.0,0.0,3.05,3.05,-18.42,-18.42,True,True,True,True,-17.0807,-17.0807,-17.0807,-17.0807,-847491.95,-847491.95,0.0,EXECUTED,EXECUTED
P2-1,009420|KR7009420001|KOSPI|2010-01-04|2026-08-21|009420_01,009420,009420_01,2023-05-12,2023-05-15,,NORMAL_EARLY_TREND_HANDOFF,,,,,EXIT4_SCORE_DRAWDOWN_GE_15,EXIT4_SCORE_DRAWDOWN_GE_15,2023-11-30,2023-11-30,2023-12-01,2023-12-01,64.39,64.39,0.0,137.0,137.0,0.0,87.74,87.74,-13.21,-13.21,True,True,True,True,63.6811,63.6811,63.6811,63.6811,3176239.85,3176239.85,0.0,EXECUTED,EXECUTED
P2-1,009450|KR7009450008|KOSPI|2010-01-04|2026-08-21|009450_01,009450,009450_01,2024-08-16,2024-08-19,,NORMAL_EARLY_TREND_HANDOFF,,,,,EXIT4_SCORE_DRAWDOWN_GE_15,EXIT4_SCORE_DRAWDOWN_GE_15,2024-10-31,2024-10-31,2024-11-01,2024-11-01,18.03,18.03,0.0,49.0,49.0,0.0,30.51,30.51,-14.84,-14.84,True,True,True,True,17.5474,17.5474,17.5474,17.5474,873967.46,873967.46,0.0,EXECUTED,EXECUTED
P2-1,009540|KR7009540006|KOSPI|2010-01-04|2026-08-21|009540_01,009540,009540_01,2021-01-08,2021-01-11,,PROGRESSED_WITHOUT_DIRECT_HANDOFF,,,,,LOSS_GUARD_CLOSE_LE_NEG_15,LOSS_GUARD_CLOSE_LE_NEG_15,2021-01-28,2021-01-28,2021-01-29,2021-01-29,-17.05,-17.05,0.0,15.0,15.0,0.0,3.38,3.38,-17.55,-17.55,True,True,True,True,-17.4274,-17.4274,-17.4274,-17.4274,-868357.85,-868357.85,0.0,EXECUTED,EXECUTED
P2-1,009540|KR7009540006|KOSPI|2010-01-04|2026-08-21|009540_02,009540,009540_02,2021-03-26,2021-03-29,,PROGRESSED_WITHOUT_DIRECT_HANDOFF,,,,,LOSS_GUARD_CLOSE_LE_NEG_15,LOSS_GUARD_CLOSE_LE_NEG_15,2021-08-19,2021-08-19,2021-08-20,2021-08-20,-16.48,-16.48,0.0,102.0,102.0,0.0,22.47,22.47,-17.23,-17.23,True,True,True,True,-16.863,-16.863,-16.863,-16.863,-833904.03,-833904.03,0.0,EXECUTED,EXECUTED
P2-1,009830|KR7009830001|KOSPI|2010-01-04|2026-08-21|009830_01,009830,009830_01,2022-06-10,2022-06-13,,NEVER_PROGRESSED,,,,,LOSS_GUARD_CLOSE_LE_NEG_15,LOSS_GUARD_CLOSE_LE_NEG_15,2022-07-06,2022-07-06,2022-07-07,2022-07-07,-17.08,-17.08,0.0,19.0,19.0,0.0,0.75,0.75,-18.2,-18.2,True,True,True,True,-17.4635,-17.4635,-17.4635,-17.4635,-866267.38,-866267.38,0.0,EXECUTED,EXECUTED
P2-1,009830|KR7009830001|KOSPI|2010-01-04|2026-08-21|009830_02,009830,009830_02,2022-07-29,2022-08-01,,NEVER_PROGRESSED,,,,,LOSS_GUARD_CLOSE_LE_NEG_15,LOSS_GUARD_CLOSE_LE_NEG_15,2023-05-03,2023-05-03,2023-05-04,2023-05-04,-16.16,-16.16,0.0,166.0,166.0,0.0,28.51,28.51,-16.71,-16.71,True,True,True,True,-16.5197,-16.5197,-16.5197,-16.5197,-821199.22,-821199.22,0.0,EXECUTED,EXECUTED
P2-1,009970|KR7009970005|KOSPI|2010-01-04|2026-08-21|009970_01,009970,009970_01,2023-06-23,2023-06-26,,NORMAL_EARLY_TREND_HANDOFF,,,,,EXIT4_SCORE_DRAWDOWN_GE_15,EXIT4_SCORE_DRAWDOWN_GE_15,2023-10-31,2023-10-31,2023-11-01,2023-11-01,8.38,8.38,0.0,87.0,87.0,0.0,14.05,14.05,-2.03,-2.03,False,False,False,False,,,,,0.0,0.0,0.0,SKIPPED_CASH_UNAVAILABLE,SKIPPED_CASH_UNAVAILABLE
P2-1,009970|KR7009970005|KOSPI|2010-01-04|2026-08-21|009970_02,009970,009970_02,2025-03-14,2025-03-17,,NEVER_PROGRESSED,,,,,NO_PROGRESSED_BEFORE_CUTOFF,NO_PROGRESSED_BEFORE_CUTOFF,,,,,29.89,29.89,0.0,52.0,52.0,0.0,33.23,33.23,-11.08,-11.08,True,False,False,False,,,29.7432,,1467730.91,0.0,-1467730.91,EXECUTED,SKIPPED_CASH_UNAVAILABLE
P2-1,010060|KR7010060002|KOSPI|2010-01-04|2026-08-21|010060_01,010060,010060_01,2021-01-08,2021-01-11,C1_PROGRESSED_WITHOUT_DIRECT_HANDOFF,SKIPPED_EARLY_TREND_HANDOFF,2021-03-31,2021-03-31,,,EXIT4_SCORE_DRAWDOWN_GE_15,EXIT4_SCORE_DRAWDOWN_GE_15,2021-05-31,2021-05-31,2021-06-01,2021-06-01,11.89,11.89,0.0,94.0,94.0,0.0,29.52,29.52,-17.18,-17.18,True,True,True,True,11.3806,11.3806,11.3806,11.3806,565198.39,565198.39,0.0,EXECUTED,EXECUTED
P2-1,010060|KR7010060002|KOSPI|2010-01-04|2026-08-21|010060_02,010060,010060_02,2022-07-01,2022-07-04,,PROGRESSED_WITHOUT_DIRECT_HANDOFF,,,,,LOSS_GUARD_CLOSE_LE_NEG_15,LOSS_GUARD_CLOSE_LE_NEG_15,2022-07-12,2022-07-12,2022-07-13,2022-07-13,-16.43,-16.43,0.0,8.0,8.0,0.0,0.35,0.35,-16.43,-16.43,True,True,True,True,-16.8178,-16.8178,-16.8178,-16.8178,-822722.49,-822722.49,0.0,EXECUTED,EXECUTED
P2-1,010060|KR7010060002|KOSPI|2010-01-04|2026-08-21|010060_03,010060,010060_03,2023-04-21,2023-04-24,,SKIPPED_EARLY_TREND_HANDOFF,,,,,LOSS_GUARD_CLOSE_LE_NEG_15,LOSS_GUARD_CLOSE_LE_NEG_15,2024-07-18,2024-07-18,2024-07-19,2024-07-19,-15.79,-15.79,0.0,284.0,284.0,0.0,27.41,27.41,-20.09,-20.09,False,False,False,False,,,,,0.0,0.0,0.0,SKIPPED_CASH_UNAVAILABLE,SKIPPED_CASH_UNAVAILABLE
P2-1,010120|KR7010120004|KOSPI|2010-01-04|2026-08-21|010120_01,010120,010120_01,2021-08-06,2021-08-09,,NORMAL_EARLY_TREND_HANDOFF,,,,,LOSS_GUARD_CLOSE_LE_NEG_15,LOSS_GUARD_CLOSE_LE_NEG_15,2021-11-25,2021-11-25,2021-11-26,2021-11-26,-15.25,-15.25,0.0,74.0,74.0,0.0,6.88,6.88,-15.7,-15.7,True,True,True,True,-15.6359,-15.6359,-15.6359,-15.6359,-781242.62,-781242.62,0.0,EXECUTED,EXECUTED
P2-1,010120|KR7010120004|KOSPI|2010-01-04|2026-08-21|010120_02,010120,010120_02,2023-04-14,2023-04-17,,NORMAL_EARLY_TREND_HANDOFF,,,,,EXIT4_SCORE_DRAWDOWN_GE_15,EXIT4_SCORE_DRAWDOWN_GE_15,2023-10-31,2023-10-31,2023-11-01,2023-11-01,3.7,3.7,0.0,133.0,133.0,0.0,121.42,121.42,-3.06,-3.06,False,False,False,False,,,,,0.0,0.0,0.0,SKIPPED_CASH_UNAVAILABLE,SKIPPED_CASH_UNAVAILABLE
P2-1,010130|KR7010130003|KOSPI|2010-01-04|2026-08-21|010130_01,010130,010130_01,2021-07-23,2021-07-26,,NORMAL_EARLY_TREND_HANDOFF,,,,,EXIT3_PROGRESSED_TO_WEAK,EXIT3_PROGRESSED_TO_WEAK,2025-01-31,2025-01-31,2025-02-03,2025-02-03,49.44,49.44,0.0,862.0,862.0,0.0,345.74,345.74,-19.44,-19.44,True,True,True,True,48.8774,48.8774,48.8774,48.8774,2378175.3,2378175.3,0.0,EXECUTED,EXECUTED
P2-1,010140|KR7010140002|KOSPI|2010-01-04|2026-08-21|010140_01,010140,010140_01,2023-06-09,2023-06-12,,NORMAL_EARLY_TREND_HANDOFF,,,,,EXIT3_PROGRESSED_TO_TRANSITION,EXIT3_PROGRESSED_TO_TRANSITION,2024-01-31,2024-01-31,2024-02-01,2024-02-01,12.19,12.19,0.0,160.0,160.0,0.0,46.14,46.14,-1.08,-1.08,False,False,False,False,,,,,0.0,0.0,0.0,SKIPPED_CASH_UNAVAILABLE,SKIPPED_CASH_UNAVAILABLE
P2-1,010140|KR7010140002|KOSPI|2010-01-04|2026-08-21|010140_02,010140,010140_02,2024-03-15,2024-03-18,C1_PROGRESSED_WITHOUT_DIRECT_HANDOFF,SKIPPED_EARLY_TREND_HANDOFF,2024-03-31,2024-03-29,,,EXIT4_SCORE_DRAWDOWN_GE_15,EXIT4_SCORE_DRAWDOWN_GE_15,2024-07-31,2024-07-31,2024-08-01,2024-08-01,28.65,28.65,0.0,94.0,94.0,0.0,35.84,35.84,-8.3,-8.3,False,False,False,False,,,,,0.0,0.0,0.0,SKIPPED_CASH_UNAVAILABLE,SKIPPED_CASH_UNAVAILABLE
P2-1,010780|KR7010780005|KOSPI|2010-01-04|2026-08-21|010780_01,010780,010780_01,2022-04-01,2022-04-04,,NEVER_PROGRESSED,,,,,LOSS_GUARD_CLOSE_LE_NEG_15,LOSS_GUARD_CLOSE_LE_NEG_15,2022-06-13,2022-06-13,2022-06-14,2022-06-14,-16.67,-16.67,0.0,49.0,49.0,0.0,2.54,2.54,-16.67,-16.67,True,True,True,True,-17.0494,-17.0494,-17.0494,-17.0494,-847986.8,-847986.8,0.0,EXECUTED,EXECUTED
P2-1,010950|KR7010950004|KOSPI|2010-01-04|2026-08-21|010950_01,010950,010950_01,2021-03-05,2021-03-08,C1_PROGRESSED_WITHOUT_DIRECT_HANDOFF,SKIPPED_EARLY_TREND_HANDOFF,2021-10-31,2021-10-29,2021-12-30,BASE,NO_EXIT_BEFORE_CUTOFF,EXIT3_PROGRESSED_TO_BASE,,2021-12-30,,2022-01-03,-39.56,-3.89,35.67,1040.0,207.0,-833.0,36.67,30.56,-44.44,-14.22,True,True,False,True,,-4.3303,-39.625,-4.3303,-1963693.24,-214594.96,1749098.28,EXECUTED,EXECUTED
P2-1,011170|KR7011170008|KOSPI|2010-01-04|2026-08-21|011170_01,011170,011170_01,2021-01-08,2021-01-11,C1_PROGRESSED_WITHOUT_DIRECT_HANDOFF,SKIPPED_EARLY_TREND_HANDOFF,2021-05-31,2021-05-31,,,EXIT4_SCORE_DRAWDOWN_GE_15,EXIT4_SCORE_DRAWDOWN_GE_15,2021-07-31,2021-07-31,2021-08-02,2021-08-02,-13.74,-13.74,0.0,139.0,139.0,0.0,11.92,11.92,-17.22,-17.22,True,True,True,True,-14.1382,-14.1382,-14.1382,-14.1382,-692176.74,-692176.74,0.0,EXECUTED,EXECUTED
P2-1,011210|KR7011210002|KOSPI|2011-02-21|2026-08-21|011210_01,011210,011210_01,2022-09-02,2022-09-05,,NEVER_PROGRESSED,,,,,LOSS_GUARD_CLOSE_LE_NEG_15,LOSS_GUARD_CLOSE_LE_NEG_15,2022-09-28,2022-09-28,2022-09-29,2022-09-29,-16.47,-16.47,0.0,17.0,17.0,0.0,4.78,4.78,-19.39,-19.39,True,True,True,True,-16.8511,-16.8511,-16.8511,-16.8511,-838428.17,-838428.17,0.0,EXECUTED,EXECUTED
P2-1,011780|KR7011780004|KOSPI|2010-01-04|2026-08-21|011780_01,011780,011780_01,2024-02-23,2024-02-26,,NEVER_PROGRESSED,,,,,LOSS_GUARD_CLOSE_LE_NEG_15,LOSS_GUARD_CLOSE_LE_NEG_15,2024-04-09,2024-04-09,2024-04-11,2024-04-11,-17.61,-17.61,0.0,32.0,32.0,0.0,7.85,7.85,-17.61,-17.61,False,False,False,False,,,,,0.0,0.0,0.0,SKIPPED_CASH_UNAVAILABLE,SKIPPED_CASH_UNAVAILABLE
P2-1,011780|KR7011780004|KOSPI|2010-01-04|2026-08-21|011780_02,011780,011780_02,2024-07-12,2024-07-15,,NEVER_PROGRESSED,,,,,LOSS_GUARD_CLOSE_LE_NEG_15,LOSS_GUARD_CLOSE_LE_NEG_15,2024-07-31,2024-07-31,2024-08-01,2024-08-01,-16.5,-16.5,0.0,14.0,14.0,0.0,0.54,0.54,-17.64,-17.64,True,True,True,True,-16.8379,-16.8379,-16.8379,-16.8379,-839998.03,-839998.03,0.0,EXECUTED,EXECUTED
P2-1,011780|KR7011780004|KOSPI|2010-01-04|2026-08-21|011780_03,011780,011780_03,2024-09-27,2024-09-30,,NEVER_PROGRESSED,,,,,LOSS_GUARD_CLOSE_LE_NEG_15,LOSS_GUARD_CLOSE_LE_NEG_15,2024-10-22,2024-10-22,2024-10-23,2024-10-23,-15.6,-15.6,0.0,15.0,15.0,0.0,1.69,1.69,-16.92,-16.92,False,True,False,True,,-15.947,,-15.947,0.0,-789900.65,-789900.65,SKIPPED_CASH_UNAVAILABLE,EXECUTED
P2-1,011790|KR7011790003|KOSPI|2010-01-04|2026-08-21|011790_01,011790,011790_01,2024-05-31,2024-06-03,,SKIPPED_EARLY_TREND_HANDOFF,,,,,LOSS_GUARD_CLOSE_LE_NEG_15,LOSS_GUARD_CLOSE_LE_NEG_15,2024-08-05,2024-08-05,2024-08-06,2024-08-06,-19.47,-19.47,0.0,46.0,46.0,0.0,37.08,37.08,-26.25,-26.25,True,True,True,True,-19.795,-19.795,-19.795,-19.795,-978383.36,-978383.36,0.0,EXECUTED,EXECUTED
P2-1,011790|KR7011790003|KOSPI|2010-01-04|2026-08-21|011790_02,011790,011790_02,2025-01-24,2025-01-31,C1_PROGRESSED_WITHOUT_DIRECT_HANDOFF,SKIPPED_EARLY_TREND_HANDOFF,2025-01-31,2025-01-31,,,EXIT4_SCORE_DRAWDOWN_GE_15,EXIT4_SCORE_DRAWDOWN_GE_15,2025-04-30,2025-04-30,2025-05-02,2025-05-02,-32.87,-32.87,0.0,64.0,64.0,0.0,9.3,9.3,-42.76,-42.76,False,True,False,True,,-33.1234,,-33.1234,0.0,-1642951.56,-1642951.56,SKIPPED_CASH_UNAVAILABLE,EXECUTED
P2-1,012330|KR7012330007|KOSPI|2010-01-04|2026-08-21|012330_01,012330,012330_01,2024-03-29,2024-04-01,,NEVER_PROGRESSED,,,,,LOSS_GUARD_CLOSE_LE_NEG_15,LOSS_GUARD_CLOSE_LE_NEG_15,2024-05-29,2024-05-29,2024-05-30,2024-05-30,-16.7,-16.7,0.0,40.0,40.0,0.0,0.58,0.58,-17.09,-17.09,False,False,False,False,,,,,0.0,0.0,0.0,SKIPPED_CASH_UNAVAILABLE,SKIPPED_CASH_UNAVAILABLE
P2-1,012450|KR7012450003|KOSPI|2010-01-04|2026-08-21|012450_01,012450,012450_01,2021-01-29,2021-02-01,,NORMAL_EARLY_TREND_HANDOFF,,,,,EXIT4_SCORE_DRAWDOWN_GE_15,EXIT4_SCORE_DRAWDOWN_GE_15,2021-09-30,2021-09-30,2021-10-01,2021-10-01,23.98,23.98,0.0,166.0,166.0,0.0,40.63,40.63,-10.56,-10.56,True,True,True,True,23.4093,23.4093,23.4093,23.4093,1162641.33,1162641.33,0.0,EXECUTED,EXECUTED
P2-1,012750|KR7012750006|KOSPI|2010-01-04|2026-08-21|012750_01,012750,012750_01,2024-11-29,2024-12-02,,NEVER_PROGRESSED,,,,,NO_PROGRESSED_BEFORE_CUTOFF,NO_PROGRESSED_BEFORE_CUTOFF,,,,,5.08,5.08,0.0,119.0,119.0,0.0,7.94,7.94,-10.79,-10.79,True,True,False,False,,,4.9586,4.9586,247075.7,247075.7,0.0,EXECUTED,EXECUTED
P2-1,014820|KR7014820005|KOSPI|2010-01-04|2026-08-21|014820_01,014820,014820_01,2021-01-29,2021-02-01,,NORMAL_EARLY_TREND_HANDOFF,,,,,EXIT4_SCORE_DRAWDOWN_GE_15,EXIT4_SCORE_DRAWDOWN_GE_15,2021-06-30,2021-06-30,2021-07-01,2021-07-01,-0.67,-0.67,0.0,104.0,104.0,0.0,40.89,40.89,-7.67,-7.67,True,True,True,True,-1.1228,-1.1228,-1.1228,-1.1228,-55644.85,-55644.85,0.0,EXECUTED,EXECUTED
P2-1,015760|KR7015760002|KOSPI|2010-01-04|2026-08-21|015760_01,015760,015760_01,2024-02-02,2024-02-05,,NEVER_PROGRESSED,,,,,NO_PROGRESSED_BEFORE_CUTOFF,NO_PROGRESSED_BEFORE_CUTOFF,,,,,48.77,48.77,0.0,319.0,319.0,0.0,55.39,55.39,-10.83,-10.83,False,True,False,False,,,,48.6036,0.0,2422075.01,2422075.01,SKIPPED_CASH_UNAVAILABLE,EXECUTED
P2-1,016360|KR7016360000|KOSPI|2010-01-04|2026-08-21|016360_01,016360,016360_01,2024-07-05,2024-07-08,,NEVER_PROGRESSED,,,,,NO_PROGRESSED_BEFORE_CUTOFF,NO_PROGRESSED_BEFORE_CUTOFF,,,,,40.86,40.86,0.0,217.0,217.0,0.0,43.42,43.42,-8.03,-8.03,True,True,False,False,,,40.6996,40.6996,2030069.72,2030069.72,0.0,EXECUTED,EXECUTED
P2-1,017670|KR7017670001|KOSPI|2010-01-04|2026-08-21|017670_01,017670,017670_01,2021-02-05,2021-02-08,C1_PROGRESSED_WITHOUT_DIRECT_HANDOFF,PROGRESSED_WITHOUT_DIRECT_HANDOFF,2022-03-31,2022-03-31,2022-05-31,TRANSITION,NO_EXIT_BEFORE_CUTOFF,EXIT3_PROGRESSED_TO_TRANSITION,,2022-05-31,,2022-06-02,16.83,28.85,12.02,1024.0,292.0,-732.0,43.14,43.14,-5.29,-5.29,True,True,False,True,,28.2561,16.6909,28.2561,832391.67,1409163.91,576772.25,EXECUTED,EXECUTED
P2-1,017800|KR7017800004|KOSPI|2010-01-04|2026-08-21|017800_01,017800,017800_01,2021-05-21,2021-05-24,,SKIPPED_EARLY_TREND_HANDOFF,,,,,LOSS_GUARD_CLOSE_LE_NEG_15,LOSS_GUARD_CLOSE_LE_NEG_15,2021-11-26,2021-11-26,2021-11-29,2021-11-29,-20.23,-20.23,0.0,130.0,130.0,0.0,12.45,12.45,-20.23,-20.23,False,False,False,False,,,,,0.0,0.0,0.0,SKIPPED_CASH_UNAVAILABLE,SKIPPED_CASH_UNAVAILABLE
P2-1,017800|KR7017800004|KOSPI|2010-01-04|2026-08-21|017800_02,017800,017800_02,2023-06-30,2023-07-03,C1_PROGRESSED_WITHOUT_DIRECT_HANDOFF,SKIPPED_EARLY_TREND_HANDOFF,2024-01-31,2024-01-31,2024-08-30,TRANSITION,NO_EXIT_BEFORE_CUTOFF,EXIT3_PROGRESSED_TO_TRANSITION,,2024-08-30,,2024-09-02,91.18,5.67,-85.51,465.0,288.0,-177.0,97.98,26.95,-5.42,-5.42,False,False,False,False,,,,,0.0,0.0,0.0,SKIPPED_CASH_UNAVAILABLE,SKIPPED_CASH_UNAVAILABLE
P2-1,018260|KR7018260000|KOSPI|2014-11-14|2026-08-21|018260_01,018260,018260_01,2021-01-08,2021-01-11,,NEVER_PROGRESSED,,,,,LOSS_GUARD_CLOSE_LE_NEG_15,LOSS_GUARD_CLOSE_LE_NEG_15,2021-03-04,2021-03-04,2021-03-05,2021-03-05,-16.14,-16.14,0.0,37.0,37.0,0.0,1.79,1.79,-16.14,-16.14,True,True,True,True,-16.5286,-16.5286,-16.5286,-16.5286,-811825.86,-811825.86,0.0,EXECUTED,EXECUTED
P2-1,018260|KR7018260000|KOSPI|2014-11-14|2026-08-21|018260_02,018260,018260_02,2023-09-01,2023-09-04,,NEVER_PROGRESSED,,,,,LOSS_GUARD_CLOSE_LE_NEG_15,LOSS_GUARD_CLOSE_LE_NEG_15,2025-01-24,2025-01-24,2025-01-31,2025-01-31,-19.08,-19.08,0.0,340.0,340.0,0.0,22.54,22.54,-20.35,-20.35,True,True,True,True,-19.3915,-19.3915,-19.3915,-19.3915,-964866.59,-964866.59,0.0,EXECUTED,EXECUTED
P2-1,018670|KR7018670000|KOSPI|2010-01-04|2026-08-21|018670_01,018670,018670_01,2021-06-11,2021-06-14,,NORMAL_EARLY_TREND_HANDOFF,,,,,EXIT4_SCORE_DRAWDOWN_GE_15,EXIT4_SCORE_DRAWDOWN_GE_15,2021-09-30,2021-09-30,2021-10-01,2021-10-01,25.68,25.68,0.0,76.0,76.0,0.0,43.97,43.97,-15.18,-15.18,False,False,False,False,,,,,0.0,0.0,0.0,SKIPPED_CASH_UNAVAILABLE,SKIPPED_CASH_UNAVAILABLE
P2-1,018670|KR7018670000|KOSPI|2010-01-04|2026-08-21|018670_02,018670,018670_02,2023-06-02,2023-06-05,C1_PROGRESSED_WITHOUT_DIRECT_HANDOFF,PROGRESSED_WITHOUT_DIRECT_HANDOFF,2024-07-31,2024-07-31,,,EXIT4_SCORE_DRAWDOWN_GE_15,EXIT4_SCORE_DRAWDOWN_GE_15,2025-03-31,2025-03-31,2025-04-01,2025-04-01,92.58,92.58,0.0,444.0,444.0,0.0,107.03,107.03,-7.97,-7.97,False,False,False,False,,,,,0.0,0.0,0.0,SKIPPED_CASH_UNAVAILABLE,SKIPPED_CASH_UNAVAILABLE
P2-1,020000|KR7020000006|KOSPI|2010-01-04|2026-08-21|020000_01,020000,020000_01,2021-03-26,2021-03-29,C1_PROGRESSED_WITHOUT_DIRECT_HANDOFF,PROGRESSED_WITHOUT_DIRECT_HANDOFF,2021-07-31,2021-07-30,,,EXIT4_SCORE_DRAWDOWN_GE_15,EXIT4_SCORE_DRAWDOWN_GE_15,2021-12-31,2021-12-31,2022-01-03,2022-01-03,-14.7,-14.7,0.0,192.0,192.0,0.0,22.34,22.34,-18.52,-18.52,False,False,False,False,,,,,0.0,0.0,0.0,SKIPPED_CASH_UNAVAILABLE,SKIPPED_CASH_UNAVAILABLE
P2-1,020150|KR7020150009|KOSPI|2011-03-04|2026-08-21|020150_01,020150,020150_01,2021-01-15,2021-01-18,,NORMAL_EARLY_TREND_HANDOFF,,,,,EXIT4_SCORE_DRAWDOWN_GE_15,EXIT4_SCORE_DRAWDOWN_GE_15,2021-05-31,2021-05-31,2021-06-01,2021-06-01,13.99,13.99,0.0,92.0,92.0,0.0,42.14,42.14,-2.94,-2.94,True,True,True,True,13.4661,13.4661,13.4661,13.4661,671304.65,671304.65,0.0,EXECUTED,EXECUTED
P2-1,021240|KR7021240007|KOSPI|2010-01-04|2026-08-21|021240_01,021240,021240_01,2021-05-28,2021-05-31,,PROGRESSED_WITHOUT_DIRECT_HANDOFF,,,,,LOSS_GUARD_CLOSE_LE_NEG_15,LOSS_GUARD_CLOSE_LE_NEG_15,2021-11-30,2021-11-30,2021-12-01,2021-12-01,-14.66,-14.66,0.0,127.0,127.0,0.0,9.73,9.73,-16.87,-16.87,False,False,False,False,,,,,0.0,0.0,0.0,SKIPPED_CASH_UNAVAILABLE,SKIPPED_CASH_UNAVAILABLE
P2-1,021240|KR7021240007|KOSPI|2010-01-04|2026-08-21|021240_02,021240,021240_02,2024-02-02,2024-02-05,C1_PROGRESSED_WITHOUT_DIRECT_HANDOFF,PROGRESSED_WITHOUT_DIRECT_HANDOFF,2025-01-31,2025-01-31,,,EXIT4_SCORE_DRAWDOWN_GE_15,EXIT4_SCORE_DRAWDOWN_GE_15,2025-04-30,2025-04-30,2025-05-02,2025-05-02,54.89,54.89,0.0,301.0,301.0,0.0,55.75,55.75,-14.92,-14.92,False,True,False,True,,54.3008,,54.3008,0.0,2693973.02,2693973.02,SKIPPED_CASH_UNAVAILABLE,EXECUTED
P2-1,023530|KR7023530009|KOSPI|2010-01-04|2026-08-21|023530_01,023530,023530_01,2025-05-16,2025-05-19,,NEVER_PROGRESSED,,,,,NO_PROGRESSED_BEFORE_CUTOFF,NO_PROGRESSED_BEFORE_CUTOFF,,,,,9.07,9.07,0.0,10.0,10.0,0.0,10.28,10.28,-0.41,-0.41,True,True,False,False,,,8.941,8.941,443205.26,443205.26,0.0,EXECUTED,EXECUTED
P2-1,023590|KR7023590003|KOSPI|2010-01-04|2026-08-21|023590_01,023590,023590_01,2024-02-16,2024-02-19,,NEVER_PROGRESSED,,,,,LOSS_GUARD_CLOSE_LE_NEG_15,LOSS_GUARD_CLOSE_LE_NEG_15,2024-04-11,2024-04-11,2024-04-12,2024-04-12,-15.51,-15.51,0.0,38.0,38.0,0.0,3.89,3.89,-16.93,-16.93,False,False,False,False,,,,,0.0,0.0,0.0,SKIPPED_CASH_UNAVAILABLE,SKIPPED_CASH_UNAVAILABLE
P2-1,023590|KR7023590003|KOSPI|2010-01-04|2026-08-21|023590_02,023590,023590_02,2025-05-09,2025-05-12,,NEVER_PROGRESSED,,,,,NO_PROGRESSED_BEFORE_CUTOFF,NO_PROGRESSED_BEFORE_CUTOFF,,,,,17.25,17.25,0.0,15.0,15.0,0.0,20.31,20.31,-0.44,-0.44,True,True,False,False,,,17.1142,17.1142,855358.22,855358.22,0.0,EXECUTED,EXECUTED
P2-1,024110|KR7024110009|KOSPI|2010-01-04|2026-08-21|024110_01,024110,024110_01,2023-09-01,2023-09-04,,NEVER_PROGRESSED,,,,,NO_PROGRESSED_BEFORE_CUTOFF,NO_PROGRESSED_BEFORE_CUTOFF,,,,,46.97,46.97,0.0,421.0,421.0,0.0,49.49,49.49,0.0,0.0,True,True,False,False,,,46.7966,46.7966,2338239.76,2338239.76,0.0,EXECUTED,EXECUTED
P2-1,025980|KR7025980004|KOSDAQ|2010-01-04|2026-08-21|025980_01,025980,025980_01,2021-08-06,2021-08-09,C1_PROGRESSED_WITHOUT_DIRECT_HANDOFF,SKIPPED_EARLY_TREND_HANDOFF,2021-11-30,2021-11-30,2022-01-28,WEAK,NO_EXIT_BEFORE_CUTOFF,EXIT3_PROGRESSED_TO_WEAK,,2022-01-28,,2022-02-03,-36.58,-24.44,12.14,932.0,119.0,-813.0,26.92,26.92,-61.32,-31.2,True,True,False,True,,-24.7914,-36.6541,-24.7914,-1829012.58,-1237075.5,591937.08,EXECUTED,EXECUTED
P2-1,026960|KR7026960005|KOSPI|2016-07-15|2026-08-21|026960_01,026960,026960_01,2024-11-08,2024-11-11,C1_PROGRESSED_WITHOUT_DIRECT_HANDOFF,PROGRESSED_WITHOUT_DIRECT_HANDOFF,2025-03-31,2025-03-31,,,NO_EXIT_BEFORE_CUTOFF,NO_EXIT_BEFORE_CUTOFF,,,,,-1.7,-1.7,0.0,134.0,134.0,0.0,19.85,19.85,-15.12,-15.12,True,True,False,False,,,-1.8143,-1.8143,-90319.24,-90319.24,0.0,EXECUTED,EXECUTED
P2-1,028050|KR7028050003|KOSPI|2010-01-04|2026-08-21|028050_01,028050,028050_01,2021-04-30,2021-05-03,,NORMAL_EARLY_TREND_HANDOFF,,,,,EXIT4_SCORE_DRAWDOWN_GE_15,EXIT4_SCORE_DRAWDOWN_GE_15,2021-09-30,2021-09-30,2021-10-01,2021-10-01,47.09,47.09,0.0,104.0,104.0,0.0,65.99,65.99,-4.65,-4.65,False,False,False,False,,,,,0.0,0.0,0.0,SKIPPED_CASH_UNAVAILABLE,SKIPPED_CASH_UNAVAILABLE
P2-1,028050|KR7028050003|KOSPI|2010-01-04|2026-08-21|028050_02,028050,028050_02,2023-02-17,2023-02-20,,NEVER_PROGRESSED,,,,,LOSS_GUARD_CLOSE_LE_NEG_15,LOSS_GUARD_CLOSE_LE_NEG_15,2023-10-30,2023-10-30,2023-10-31,2023-10-31,-17.52,-17.52,0.0,171.0,171.0,0.0,33.81,33.81,-17.88,-17.88,False,False,False,False,,,,,0.0,0.0,0.0,SKIPPED_CASH_UNAVAILABLE,SKIPPED_CASH_UNAVAILABLE
P2-1,028260|KR7028260008|KOSPI|2014-12-18|2026-08-21|028260_01,028260,028260_01,2022-07-01,2022-07-04,,NEVER_PROGRESSED,,,,,LOSS_GUARD_CLOSE_LE_NEG_15,LOSS_GUARD_CLOSE_LE_NEG_15,2022-09-28,2022-09-28,2022-09-29,2022-09-29,-14.63,-14.63,0.0,61.0,61.0,0.0,2.03,2.03,-17.07,-17.07,True,True,True,True,-15.0262,-15.0262,-15.0262,-15.0262,-740138.45,-740138.45,0.0,EXECUTED,EXECUTED
P2-1,028260|KR7028260008|KOSPI|2014-12-18|2026-08-21|028260_02,028260,028260_02,2023-12-01,2023-12-04,,NEVER_PROGRESSED,,,,,NO_PROGRESSED_BEFORE_CUTOFF,NO_PROGRESSED_BEFORE_CUTOFF,,,,,25.36,25.36,0.0,361.0,361.0,0.0,43.68,43.68,-9.54,-9.54,True,True,False,False,,,25.2116,25.2116,1236664.84,1236664.84,0.0,EXECUTED,EXECUTED
P2-1,028300|KR7028300002|KOSDAQ|2010-01-04|2026-08-21|028300_01,028300,028300_01,2021-08-27,2021-08-30,,NORMAL_EARLY_TREND_HANDOFF,,,,,LOSS_GUARD_CLOSE_LE_NEG_15,LOSS_GUARD_CLOSE_LE_NEG_15,2021-10-13,2021-10-13,2021-10-14,2021-10-14,-12.91,-12.91,0.0,28.0,28.0,0.0,27.49,27.49,-15.68,-15.68,True,True,True,True,-13.3139,-13.3139,-13.3139,-13.3139,-660946.62,-660946.62,0.0,EXECUTED,EXECUTED
P2-1,028670|KR7028670008|KOSPI|2010-01-04|2026-08-21|028670_01,028670,028670_01,2021-02-19,2021-02-22,,NORMAL_EARLY_TREND_HANDOFF,,,,,EXIT4_SCORE_DRAWDOWN_GE_15,EXIT4_SCORE_DRAWDOWN_GE_15,2021-06-30,2021-06-30,2021-07-01,2021-07-01,60.71,60.71,0.0,91.0,91.0,0.0,66.11,66.11,-1.3,-1.3,False,False,False,False,,,,,0.0,0.0,0.0,SKIPPED_CASH_UNAVAILABLE,SKIPPED_CASH_UNAVAILABLE
P2-1,028670|KR7028670008|KOSPI|2010-01-04|2026-08-21|028670_02,028670,028670_02,2023-02-24,2023-02-27,,NEVER_PROGRESSED,,,,,LOSS_GUARD_CLOSE_LE_NEG_15,LOSS_GUARD_CLOSE_LE_NEG_15,2023-03-20,2023-03-20,2023-03-21,2023-03-21,-14.07,-14.07,0.0,16.0,16.0,0.0,2.84,2.84,-16.32,-16.32,False,False,False,False,,,,,0.0,0.0,0.0,SKIPPED_CASH_UNAVAILABLE,SKIPPED_CASH_UNAVAILABLE
P2-1,029780|KR7029780004|KOSPI|2010-01-04|2026-08-21|029780_01,029780,029780_01,2021-01-08,2021-01-11,C1_PROGRESSED_WITHOUT_DIRECT_HANDOFF,PROGRESSED_WITHOUT_DIRECT_HANDOFF,2025-01-31,2025-01-31,2025-03-31,TRANSITION,NO_EXIT_BEFORE_CUTOFF,EXIT3_PROGRESSED_TO_TRANSITION,,2025-03-31,,2025-04-01,33.13,22.96,-10.17,1077.0,1037.0,-40.0,41.76,41.76,-13.25,-13.25,True,True,False,True,,22.4919,32.9749,22.4919,1639039.68,1117972.3,-521067.38,EXECUTED,EXECUTED
P2-1,030000|KR7030000004|KOSPI|2010-01-04|2026-08-21|030000_01,030000,030000_01,2021-06-04,2021-06-07,,NEVER_PROGRESSED,,,,,LOSS_GUARD_CLOSE_LE_NEG_15,LOSS_GUARD_CLOSE_LE_NEG_15,2022-01-27,2022-01-27,2022-01-28,2022-01-28,-14.69,-14.69,0.0,163.0,163.0,0.0,6.64,6.64,-16.5,-16.5,True,True,True,True,-15.0799,-15.0799,-15.0799,-15.0799,-750333.86,-750333.86,0.0,EXECUTED,EXECUTED
P2-1,030000|KR7030000004|KOSPI|2010-01-04|2026-08-21|030000_02,030000,030000_02,2022-04-22,2022-04-25,,NEVER_PROGRESSED,,,,,LOSS_GUARD_CLOSE_LE_NEG_15,LOSS_GUARD_CLOSE_LE_NEG_15,2023-01-03,2023-01-03,2023-01-04,2023-01-04,-14.77,-14.77,0.0,174.0,174.0,0.0,6.39,6.39,-16.97,-16.97,True,True,True,True,-15.1364,-15.1364,-15.1364,-15.1364,-755407.55,-755407.55,0.0,EXECUTED,EXECUTED
P2-1,030000|KR7030000004|KOSPI|2010-01-04|2026-08-21|030000_03,030000,030000_03,2023-10-06,2023-10-10,,NEVER_PROGRESSED,,,,,LOSS_GUARD_CLOSE_LE_NEG_15,LOSS_GUARD_CLOSE_LE_NEG_15,2024-08-05,2024-08-05,2024-08-06,2024-08-06,-17.48,-17.48,0.0,205.0,205.0,0.0,1.7,1.7,-20.39,-20.39,False,True,False,True,,-17.8135,,-17.8135,0.0,-889062.01,-889062.01,SKIPPED_CASH_UNAVAILABLE,EXECUTED
P2-1,030200|KR7030200000|KOSPI|2010-01-04|2026-08-21|030200_01,030200,030200_01,2021-07-02,2021-07-05,,NORMAL_EARLY_TREND_HANDOFF,,,,,NO_EXIT_BEFORE_CUTOFF,NO_EXIT_BEFORE_CUTOFF,,,,,59.5,59.5,0.0,957.0,957.0,0.0,70.49,70.49,-9.42,-9.42,True,True,False,False,,,59.3144,59.3144,2950485.36,2950485.36,0.0,EXECUTED,EXECUTED
P2-1,031430|KR7031430002|KOSPI|2011-07-14|2026-08-21|031430_01,031430,031430_01,2022-06-03,2022-06-07,,NEVER_PROGRESSED,,,,,LOSS_GUARD_CLOSE_LE_NEG_15,LOSS_GUARD_CLOSE_LE_NEG_15,2022-06-23,2022-06-23,2022-06-24,2022-06-24,-15.35,-15.35,0.0,14.0,14.0,0.0,1.41,1.41,-15.63,-15.63,True,True,True,True,-15.7409,-15.7409,-15.7409,-15.7409,-783220.09,-783220.09,0.0,EXECUTED,EXECUTED
P2-1,032350|KR7032350001|KOSPI|2010-01-04|2026-08-21|032350_01,032350,032350_01,2023-01-06,2023-01-09,,NEVER_PROGRESSED,,,,,LOSS_GUARD_CLOSE_LE_NEG_15,LOSS_GUARD_CLOSE_LE_NEG_15,2023-03-14,2023-03-14,2023-03-15,2023-03-15,-13.15,-13.15,0.0,45.0,45.0,0.0,8.74,8.74,-15.94,-15.94,False,False,False,False,,,,,0.0,0.0,0.0,SKIPPED_CASH_UNAVAILABLE,SKIPPED_CASH_UNAVAILABLE
P2-1,032640|KR7032640005|KOSPI|2010-01-04|2026-08-21|032640_01,032640,032640_01,2021-05-14,2021-05-17,,NEVER_PROGRESSED,,,,,LOSS_GUARD_CLOSE_LE_NEG_15,LOSS_GUARD_CLOSE_LE_NEG_15,2022-07-06,2022-07-06,2022-07-07,2022-07-07,-15.59,-15.59,0.0,283.0,283.0,0.0,9.83,9.83,-16.61,-16.61,True,True,True,True,-15.9809,-15.9809,-15.9809,-15.9809,-797641.71,-797641.71,0.0,EXECUTED,EXECUTED
P2-1,032640|KR7032640005|KOSPI|2010-01-04|2026-08-21|032640_02,032640,032640_02,2024-12-06,2024-12-09,,NEVER_PROGRESSED,,,,,NO_PROGRESSED_BEFORE_CUTOFF,NO_PROGRESSED_BEFORE_CUTOFF,,,,,14.59,14.59,0.0,114.0,114.0,0.0,17.64,17.64,-11.73,-11.73,True,True,False,False,,,14.461,14.461,722867.31,722867.31,0.0,EXECUTED,EXECUTED
P2-1,032830|KR7032830002|KOSPI|2010-05-12|2026-08-21|032830_01,032830,032830_01,2021-01-08,2021-01-11,C1_PROGRESSED_WITHOUT_DIRECT_HANDOFF,SKIPPED_EARLY_TREND_HANDOFF,2021-10-31,2021-10-29,2021-11-30,BASE,NO_EXIT_BEFORE_CUTOFF,EXIT3_PROGRESSED_TO_BASE,,2021-11-30,,2021-12-01,21.95,-25.89,-47.84,1077.0,222.0,-855.0,36.87,9.62,-30.95,-27.0,True,True,False,True,,-26.2343,21.8081,-26.2343,1080110.09,-1299328.97,-2379439.06,EXECUTED,EXECUTED
P2-1,033780|KR7033780008|KOSPI|2010-01-04|2026-08-21|033780_01,033780,033780_01,2022-09-23,2022-09-26,,NEVER_PROGRESSED,,,,,NO_PROGRESSED_BEFORE_CUTOFF,NO_PROGRESSED_BEFORE_CUTOFF,,,,,39.61,39.61,0.0,655.0,655.0,0.0,46.81,46.81,-5.92,-5.92,True,True,False,False,,,39.4447,39.4447,1972056.38,1972056.38,0.0,EXECUTED,EXECUTED
P2-1,034020|KR7034020008|KOSPI|2010-01-04|2026-08-21|034020_01,034020,034020_01,2023-04-21,2023-04-24,,NEVER_PROGRESSED,,,,,LOSS_GUARD_CLOSE_LE_NEG_15,LOSS_GUARD_CLOSE_LE_NEG_15,2023-05-03,2023-05-03,2023-05-04,2023-05-04,-13.29,-13.29,0.0,8.0,8.0,0.0,2.22,2.22,-15.67,-15.67,False,False,False,False,,,,,0.0,0.0,0.0,SKIPPED_CASH_UNAVAILABLE,SKIPPED_CASH_UNAVAILABLE
P2-1,034020|KR7034020008|KOSPI|2010-01-04|2026-08-21|034020_02,034020,034020_02,2024-06-21,2024-06-24,,NEVER_PROGRESSED,,,,,LOSS_GUARD_CLOSE_LE_NEG_15,LOSS_GUARD_CLOSE_LE_NEG_15,2024-08-02,2024-08-02,2024-08-05,2024-08-05,-18.1,-18.1,0.0,31.0,31.0,0.0,18.48,18.48,-18.1,-18.1,False,False,False,False,,,,,0.0,0.0,0.0,SKIPPED_CASH_UNAVAILABLE,SKIPPED_CASH_UNAVAILABLE
P2-1,034020|KR7034020008|KOSPI|2010-01-04|2026-08-21|034020_03,034020,034020_03,2025-01-24,2025-01-31,,NEVER_PROGRESSED,,,,,NO_PROGRESSED_BEFORE_CUTOFF,NO_PROGRESSED_BEFORE_CUTOFF,,,,,71.7,71.7,0.0,82.0,82.0,0.0,84.89,84.89,-15.06,-15.06,False,True,False,False,,,,71.5049,0.0,3566469.95,3566469.95,SKIPPED_CASH_UNAVAILABLE,EXECUTED
P2-1,034220|KR7034220004|KOSPI|2010-01-04|2026-08-21|034220_01,034220,034220_01,2021-01-08,2021-01-11,,NORMAL_EARLY_TREND_HANDOFF,,,,,EXIT4_SCORE_DRAWDOWN_GE_15,EXIT4_SCORE_DRAWDOWN_GE_15,2021-05-31,2021-05-31,2021-06-01,2021-06-01,18.76,18.76,0.0,97.0,97.0,0.0,36.3,36.3,-6.42,-6.42,True,True,True,True,18.2193,18.2193,18.2193,18.2193,908081.88,908081.88,0.0,EXECUTED,EXECUTED
P2-1,034730|KR7034730002|KOSPI|2010-01-04|2026-08-21|034730_01,034730,034730_01,2021-01-08,2021-01-11,,NEVER_PROGRESSED,,,,,LOSS_GUARD_CLOSE_LE_NEG_15,LOSS_GUARD_CLOSE_LE_NEG_15,2021-03-09,2021-03-09,2021-03-10,2021-03-10,-14.48,-14.48,0.0,40.0,40.0,0.0,21.38,21.38,-18.01,-18.01,True,True,True,True,-14.8709,-14.8709,-14.8709,-14.8709,-707476.36,-707476.36,0.0,EXECUTED,EXECUTED
P2-1,034730|KR7034730002|KOSPI|2010-01-04|2026-08-21|034730_02,034730,034730_02,2024-02-23,2024-02-26,,NEVER_PROGRESSED,,,,,LOSS_GUARD_CLOSE_LE_NEG_15,LOSS_GUARD_CLOSE_LE_NEG_15,2024-04-09,2024-04-09,2024-04-11,2024-04-11,-19.17,-19.17,0.0,32.0,32.0,0.0,0.05,0.05,-19.17,-19.17,False,False,False,False,,,,,0.0,0.0,0.0,SKIPPED_CASH_UNAVAILABLE,SKIPPED_CASH_UNAVAILABLE
P2-1,035420|KR7035420009|KOSPI|2010-01-04|2026-08-21|035420_01,035420,035420_01,2025-02-07,2025-02-10,,NEVER_PROGRESSED,,,,,LOSS_GUARD_CLOSE_LE_NEG_15,LOSS_GUARD_CLOSE_LE_NEG_15,2025-03-28,2025-03-28,2025-03-31,2025-03-31,-16.6,-16.6,0.0,35.0,35.0,0.0,1.09,1.09,-16.6,-16.6,True,True,True,True,-16.9177,-16.9177,-16.9177,-16.9177,-816287.93,-816287.93,0.0,EXECUTED,EXECUTED
P2-1,036460|KR7036460004|KOSPI|2010-01-04|2026-08-21|036460_01,036460,036460_01,2021-06-18,2021-06-21,,NORMAL_EARLY_TREND_HANDOFF,,,,,EXIT4_SCORE_DRAWDOWN_GE_15,EXIT4_SCORE_DRAWDOWN_GE_15,2021-12-31,2021-12-31,2022-01-03,2022-01-03,2.61,2.61,0.0,134.0,134.0,0.0,35.42,35.42,-13.73,-13.73,False,False,False,False,,,,,0.0,0.0,0.0,SKIPPED_CASH_UNAVAILABLE,SKIPPED_CASH_UNAVAILABLE
P2-1,036540|KR7036540003|KOSDAQ|2010-01-04|2026-08-21|036540_01,036540,036540_01,2024-01-26,2024-01-29,,NEVER_PROGRESSED,,,,,LOSS_GUARD_CLOSE_LE_NEG_15,LOSS_GUARD_CLOSE_LE_NEG_15,2024-01-31,2024-01-31,2024-02-01,2024-02-01,-14.49,-14.49,0.0,4.0,4.0,0.0,0.0,0.0,-15.43,-15.43,True,True,True,True,-14.8447,-14.8447,-14.8447,-14.8447,-742089.78,-742089.78,0.0,EXECUTED,EXECUTED
P2-1,036930|KR7036930006|KOSDAQ|2010-01-04|2026-08-21|036930_01,036930,036930_01,2025-03-21,2025-03-24,,NEVER_PROGRESSED,,,,,LOSS_GUARD_CLOSE_LE_NEG_15,LOSS_GUARD_CLOSE_LE_NEG_15,2025-04-07,2025-04-07,2025-04-08,2025-04-08,-14.9,-14.9,0.0,12.0,12.0,0.0,1.79,1.79,-18.83,-18.83,True,False,True,False,-15.2216,,-15.2216,,-760742.59,0.0,760742.59,EXECUTED,SKIPPED_CASH_UNAVAILABLE
P2-1,039030|KR7039030002|KOSDAQ|2010-01-04|2026-08-21|039030_01,039030,039030_01,2023-03-31,2023-04-03,,NORMAL_EARLY_TREND_HANDOFF,,,,,EXIT4_SCORE_DRAWDOWN_GE_15,EXIT4_SCORE_DRAWDOWN_GE_15,2023-12-31,2023-12-31,2024-01-02,2024-01-02,70.84,70.84,0.0,184.0,184.0,0.0,104.36,104.36,-11.84,-11.84,True,True,True,True,70.1387,70.1387,70.1387,70.1387,3456546.76,3456546.76,0.0,EXECUTED,EXECUTED
P2-1,039130|KR7039130000|KOSPI|2011-11-01|2026-08-21|039130_01,039130,039130_01,2023-02-03,2023-02-06,,NEVER_PROGRESSED,,,,,LOSS_GUARD_CLOSE_LE_NEG_15,LOSS_GUARD_CLOSE_LE_NEG_15,2023-06-02,2023-06-02,2023-06-05,2023-06-05,-15.87,-15.87,0.0,82.0,82.0,0.0,5.87,5.87,-16.98,-16.98,False,False,False,False,,,,,0.0,0.0,0.0,SKIPPED_CASH_UNAVAILABLE,SKIPPED_CASH_UNAVAILABLE
P2-1,039130|KR7039130000|KOSPI|2011-11-01|2026-08-21|039130_02,039130,039130_02,2024-02-02,2024-02-05,,NEVER_PROGRESSED,,,,,LOSS_GUARD_CLOSE_LE_NEG_15,LOSS_GUARD_CLOSE_LE_NEG_15,2024-04-15,2024-04-15,2024-04-16,2024-04-16,-17.1,-17.1,0.0,48.0,48.0,0.0,8.78,8.78,-18.18,-18.18,False,False,False,False,,,,,0.0,0.0,0.0,SKIPPED_CASH_UNAVAILABLE,SKIPPED_CASH_UNAVAILABLE
P2-1,039200|KR7039200001|KOSDAQ|2010-01-04|2026-08-21|039200_01,039200,039200_01,2023-08-11,2023-08-14,,SKIPPED_EARLY_TREND_HANDOFF,,,,,LOSS_GUARD_CLOSE_LE_NEG_15,LOSS_GUARD_CLOSE_LE_NEG_15,2023-08-31,2023-08-31,2023-09-01,2023-09-01,-16.89,-16.89,0.0,14.0,14.0,0.0,1.49,1.49,-18.24,-18.24,False,False,False,False,,,,,0.0,0.0,0.0,SKIPPED_CASH_UNAVAILABLE,SKIPPED_CASH_UNAVAILABLE
P2-1,039200|KR7039200001|KOSDAQ|2010-01-04|2026-08-21|039200_02,039200,039200_02,2024-04-26,2024-04-29,C1_PROGRESSED_WITHOUT_DIRECT_HANDOFF,SKIPPED_EARLY_TREND_HANDOFF,2024-06-30,2024-06-28,,,EXIT4_SCORE_DRAWDOWN_GE_15,EXIT4_SCORE_DRAWDOWN_GE_15,2024-08-31,2024-08-31,2024-09-02,2024-09-02,41.39,41.39,0.0,86.0,86.0,0.0,51.82,51.82,-7.28,-7.28,False,True,False,True,,40.8119,,40.8119,0.0,2035998.32,2035998.32,SKIPPED_CASH_UNAVAILABLE,EXECUTED
P2-1,039490|KR7039490008|KOSPI|2010-01-04|2026-08-21|039490_01,039490,039490_01,2024-02-16,2024-02-19,C1_PROGRESSED_WITHOUT_DIRECT_HANDOFF,PROGRESSED_WITHOUT_DIRECT_HANDOFF,2024-07-31,2024-07-31,2024-08-30,TRANSITION,NO_EXIT_BEFORE_CUTOFF,EXIT3_PROGRESSED_TO_TRANSITION,,2024-08-30,,2024-09-02,36.3,13.24,-23.06,311.0,134.0,-177.0,38.06,22.72,-10.31,-3.94,False,False,False,False,,,,,0.0,0.0,0.0,SKIPPED_CASH_UNAVAILABLE,SKIPPED_CASH_UNAVAILABLE
P2-1,041510|KR7041510009|KOSDAQ|2010-01-04|2026-08-21|041510_01,041510,041510_01,2021-06-04,2021-06-07,,NORMAL_EARLY_TREND_HANDOFF,,,,,EXIT4_SCORE_DRAWDOWN_GE_15,EXIT4_SCORE_DRAWDOWN_GE_15,2021-10-31,2021-10-31,2021-11-01,2021-11-01,78.43,78.43,0.0,100.0,100.0,0.0,91.01,91.01,-3.6,-3.6,False,False,False,False,,,,,0.0,0.0,0.0,SKIPPED_CASH_UNAVAILABLE,SKIPPED_CASH_UNAVAILABLE
P2-1,041510|KR7041510009|KOSDAQ|2010-01-04|2026-08-21|041510_02,041510,041510_02,2025-02-14,2025-02-17,,NEVER_PROGRESSED,,,,,NO_PROGRESSED_BEFORE_CUTOFF,NO_PROGRESSED_BEFORE_CUTOFF,,,,,39.15,39.15,0.0,71.0,71.0,0.0,51.52,51.52,-4.45,-4.45,True,True,False,False,,,38.9941,38.9941,1943673.63,1943673.63,0.0,EXECUTED,EXECUTED
P2-1,042660|KR7042660001|KOSPI|2010-01-04|2026-08-21|042660_01,042660,042660_01,2021-06-04,2021-06-07,,NORMAL_EARLY_TREND_HANDOFF,,,,,LOSS_GUARD_CLOSE_LE_NEG_15,LOSS_GUARD_CLOSE_LE_NEG_15,2021-07-09,2021-07-09,2021-07-12,2021-07-12,-15.77,-15.77,0.0,26.0,26.0,0.0,3.46,3.46,-17.82,-17.82,True,True,True,True,-16.1568,-16.1568,-16.1568,-16.1568,-807042.77,-807042.77,0.0,EXECUTED,EXECUTED
P2-1,042660|KR7042660001|KOSPI|2010-01-04|2026-08-21|042660_02,042660,042660_02,2023-04-21,2023-04-24,,NORMAL_EARLY_TREND_HANDOFF,,,,,EXIT4_SCORE_DRAWDOWN_GE_15,EXIT4_SCORE_DRAWDOWN_GE_15,2023-10-31,2023-10-31,2023-11-01,2023-11-01,-5.26,-5.26,0.0,128.0,128.0,0.0,79.5,79.5,-11.87,-11.87,False,False,False,False,,,,,0.0,0.0,0.0,SKIPPED_CASH_UNAVAILABLE,SKIPPED_CASH_UNAVAILABLE
P2-1,042660|KR7042660001|KOSPI|2010-01-04|2026-08-21|042660_03,042660,042660_03,2024-11-08,2024-11-11,,NORMAL_EARLY_TREND_HANDOFF,,,,,LOSS_GUARD_CLOSE_LE_NEG_15,LOSS_GUARD_CLOSE_LE_NEG_15,2024-12-06,2024-12-06,2024-12-09,2024-12-09,-17.71,-17.71,0.0,21.0,21.0,0.0,9.32,9.32,-18.77,-18.77,True,True,True,True,-18.0466,-18.0466,-18.0466,-18.0466,-902309.62,-902309.62,0.0,EXECUTED,EXECUTED
P2-1,042660|KR7042660001|KOSPI|2010-01-04|2026-08-21|042660_04,042660,042660_04,2025-01-03,2025-01-06,,NORMAL_EARLY_TREND_HANDOFF,,,,,EXIT4_SCORE_DRAWDOWN_GE_15,EXIT4_SCORE_DRAWDOWN_GE_15,2025-04-30,2025-04-30,2025-05-02,2025-05-02,109.33,109.33,0.0,79.0,79.0,0.0,154.13,154.13,-3.2,-3.2,True,True,True,True,108.5391,108.5391,108.5391,108.5391,5419613.53,5419613.53,0.0,EXECUTED,EXECUTED
P2-1,046890|KR7046890000|KOSDAQ|2010-01-04|2026-08-21|046890_01,046890,046890_01,2021-01-08,2021-01-11,,SKIPPED_EARLY_TREND_HANDOFF,,,,,LOSS_GUARD_CLOSE_LE_NEG_15,LOSS_GUARD_CLOSE_LE_NEG_15,2021-03-08,2021-03-08,2021-03-09,2021-03-09,-15.11,-15.11,0.0,39.0,39.0,0.0,1.11,1.11,-16.0,-16.0,True,True,True,True,-15.501,-15.501,-15.501,-15.501,-771671.57,-771671.57,0.0,EXECUTED,EXECUTED
P2-1,047040|KR7047040001|KOSPI|2010-01-04|2026-08-21|047040_01,047040,047040_01,2021-01-08,2021-01-11,,NORMAL_EARLY_TREND_HANDOFF,,,,,EXIT4_SCORE_DRAWDOWN_GE_15,EXIT4_SCORE_DRAWDOWN_GE_15,2021-07-31,2021-07-31,2021-08-02,2021-08-02,26.4,26.4,0.0,141.0,141.0,0.0,61.42,61.42,-11.0,-11.0,True,True,True,True,25.8155,25.8155,25.8155,25.8155,1290694.76,1290694.76,0.0,EXECUTED,EXECUTED
P2-1,047050|KR7047050000|KOSPI|2010-01-04|2026-08-21|047050_01,047050,047050_01,2021-02-05,2021-02-08,,NORMAL_EARLY_TREND_HANDOFF,,,,,EXIT4_SCORE_DRAWDOWN_GE_15,EXIT4_SCORE_DRAWDOWN_GE_15,2021-10-31,2021-10-31,2021-11-01,2021-11-01,-0.46,-0.46,0.0,180.0,180.0,0.0,30.73,30.73,-11.24,-11.24,False,False,False,False,,,,,0.0,0.0,0.0,SKIPPED_CASH_UNAVAILABLE,SKIPPED_CASH_UNAVAILABLE
P2-1,047050|KR7047050000|KOSPI|2010-01-04|2026-08-21|047050_02,047050,047050_02,2022-08-19,2022-08-22,,NORMAL_EARLY_TREND_HANDOFF,,,,,LOSS_GUARD_CLOSE_LE_NEG_15,LOSS_GUARD_CLOSE_LE_NEG_15,2022-09-26,2022-09-26,2022-09-27,2022-09-27,-17.22,-17.22,0.0,25.0,25.0,0.0,5.0,5.0,-18.33,-18.33,True,True,True,True,-17.6024,-17.6024,-17.6024,-17.6024,-875491.65,-875491.65,0.0,EXECUTED,EXECUTED
P2-1,047050|KR7047050000|KOSPI|2010-01-04|2026-08-21|047050_03,047050,047050_03,2023-04-14,2023-04-17,,NORMAL_EARLY_TREND_HANDOFF,,,,,EXIT4_SCORE_DRAWDOWN_GE_15,EXIT4_SCORE_DRAWDOWN_GE_15,2023-08-31,2023-08-31,2023-09-01,2023-09-01,191.07,191.07,0.0,95.0,95.0,0.0,252.28,252.28,-4.92,-4.92,True,True,True,True,189.8251,189.8251,189.8251,189.8251,9442211.65,9442211.65,0.0,EXECUTED,EXECUTED
P2-1,047810|KR7047810007|KOSPI|2011-06-30|2026-08-21|047810_01,047810,047810_01,2021-02-05,2021-02-08,,NORMAL_EARLY_TREND_HANDOFF,,,,,LOSS_GUARD_CLOSE_LE_NEG_15,LOSS_GUARD_CLOSE_LE_NEG_15,2021-02-26,2021-02-26,2021-03-02,2021-03-02,-11.25,-11.25,0.0,14.0,14.0,0.0,4.86,4.86,-16.37,-16.37,True,True,True,True,-11.6608,-11.6608,-11.6608,-11.6608,-579704.31,-579704.31,0.0,EXECUTED,EXECUTED
P2-1,047810|KR7047810007|KOSPI|2011-06-30|2026-08-21|047810_02,047810,047810_02,2021-03-19,2021-03-22,,NORMAL_EARLY_TREND_HANDOFF,,,,,LOSS_GUARD_CLOSE_LE_NEG_15,LOSS_GUARD_CLOSE_LE_NEG_15,2021-05-03,2021-05-03,2021-05-04,2021-05-04,-15.55,-15.55,0.0,32.0,32.0,0.0,4.56,4.56,-15.55,-15.55,True,True,True,True,-15.9374,-15.9374,-15.9374,-15.9374,-791549.29,-791549.29,0.0,EXECUTED,EXECUTED
P2-1,047810|KR7047810007|KOSPI|2011-06-30|2026-08-21|047810_03,047810,047810_03,2022-01-21,2022-01-24,,NORMAL_EARLY_TREND_HANDOFF,,,,,EXIT4_SCORE_DRAWDOWN_GE_15,EXIT4_SCORE_DRAWDOWN_GE_15,2022-06-30,2022-06-30,2022-07-01,2022-07-01,48.31,48.31,0.0,107.0,107.0,0.0,62.38,62.38,-11.23,-11.23,True,True,True,True,47.6274,47.6274,47.6274,47.6274,2378507.79,2378507.79,0.0,EXECUTED,EXECUTED
P2-1,047810|KR7047810007|KOSPI|2011-06-30|2026-08-21|047810_04,047810,047810_04,2025-03-07,2025-03-10,,NEVER_PROGRESSED,,,,,NO_PROGRESSED_BEFORE_CUTOFF,NO_PROGRESSED_BEFORE_CUTOFF,,,,,4.63,4.63,0.0,57.0,57.0,0.0,22.65,22.65,-11.64,-11.64,True,True,False,False,,,4.5106,4.5106,223702.39,223702.39,0.0,EXECUTED,EXECUTED
P2-1,048410|KR7048410005|KOSDAQ|2010-01-04|2026-08-21|048410_01,048410,048410_01,2022-09-02,2022-09-05,,NEVER_PROGRESSED,,,,,LOSS_GUARD_CLOSE_LE_NEG_15,LOSS_GUARD_CLOSE_LE_NEG_15,2022-09-16,2022-09-16,2022-09-19,2022-09-19,-19.38,-19.38,0.0,9.0,9.0,0.0,4.0,4.0,-23.75,-23.75,True,True,True,True,-19.7484,-19.7484,-19.7484,-19.7484,-987405.32,-987405.32,0.0,EXECUTED,EXECUTED
P2-1,051600|KR7051600005|KOSPI|2010-01-04|2026-08-21|051600_01,051600,051600_01,2021-04-16,2021-04-19,C1_PROGRESSED_WITHOUT_DIRECT_HANDOFF,PROGRESSED_WITHOUT_DIRECT_HANDOFF,2022-03-31,2022-03-31,2022-05-31,TRANSITION,NO_EXIT_BEFORE_CUTOFF,EXIT3_PROGRESSED_TO_TRANSITION,,2022-05-31,,2022-06-02,21.35,6.46,-14.89,1010.0,278.0,-732.0,42.7,42.7,-16.85,-9.97,False,False,False,False,,,,,0.0,0.0,0.0,SKIPPED_CASH_UNAVAILABLE,SKIPPED_CASH_UNAVAILABLE
P2-1,051900|KR7051900009|KOSPI|2010-01-04|2026-08-21|051900_01,051900,051900_01,2021-06-25,2021-06-28,,NEVER_PROGRESSED,,,,,LOSS_GUARD_CLOSE_LE_NEG_15,LOSS_GUARD_CLOSE_LE_NEG_15,2021-07-26,2021-07-26,2021-07-27,2021-07-27,-15.25,-15.25,0.0,22.0,22.0,0.0,1.54,1.54,-15.77,-15.77,True,True,True,True,-15.6425,-15.6425,-15.6425,-15.6425,-550308.43,-550308.43,0.0,EXECUTED,EXECUTED
P2-1,052690|KR7052690005|KOSPI|2010-01-04|2026-08-21|052690_01,052690,052690_01,2021-04-09,2021-04-12,,NORMAL_EARLY_TREND_HANDOFF,,,,,EXIT3_PROGRESSED_TO_TRANSITION,EXIT3_PROGRESSED_TO_TRANSITION,2023-01-31,2023-01-31,2023-02-01,2023-02-01,130.93,130.93,0.0,448.0,448.0,0.0,309.49,309.49,-2.28,-2.28,False,False,False,False,,,,,0.0,0.0,0.0,SKIPPED_CASH_UNAVAILABLE,SKIPPED_CASH_UNAVAILABLE
P2-1,052690|KR7052690005|KOSPI|2010-01-04|2026-08-21|052690_02,052690,052690_02,2023-03-10,2023-03-13,,NEVER_PROGRESSED,,,,,LOSS_GUARD_CLOSE_LE_NEG_15,LOSS_GUARD_CLOSE_LE_NEG_15,2023-10-19,2023-10-19,2023-10-20,2023-10-20,-21.13,-21.13,0.0,150.0,150.0,0.0,19.01,19.01,-21.13,-21.13,True,False,True,False,-21.4654,,-21.4654,,-1068055.82,0.0,1068055.82,EXECUTED,SKIPPED_CASH_UNAVAILABLE
P2-1,053800|KR7053800009|KOSDAQ|2010-01-04|2026-08-21|053800_01,053800,053800_01,2025-04-04,2025-04-07,,NEVER_PROGRESSED,,,,,LOSS_GUARD_CLOSE_LE_NEG_15,LOSS_GUARD_CLOSE_LE_NEG_15,2025-04-16,2025-04-16,2025-04-17,2025-04-17,-16.94,-16.94,0.0,9.0,9.0,0.0,19.08,19.08,-17.55,-17.55,False,True,False,True,,-17.2539,,-17.2539,0.0,-846414.52,-846414.52,SKIPPED_CASH_UNAVAILABLE,EXECUTED
P2-1,055550|KR7055550008|KOSPI|2010-01-04|2026-08-21|055550_01,055550,055550_01,2021-04-09,2021-04-12,,NORMAL_EARLY_TREND_HANDOFF,,,,,NO_EXIT_BEFORE_CUTOFF,NO_EXIT_BEFORE_CUTOFF,,,,,56.39,56.39,0.0,1015.0,1015.0,0.0,73.89,73.89,-12.79,-12.79,False,False,False,False,,,,,0.0,0.0,0.0,SKIPPED_CASH_UNAVAILABLE,SKIPPED_CASH_UNAVAILABLE
P2-1,056190|KR7056190002|KOSDAQ|2010-01-04|2026-08-21|056190_01,056190,056190_01,2021-02-05,2021-02-08,,NEVER_PROGRESSED,,,,,LOSS_GUARD_CLOSE_LE_NEG_15,LOSS_GUARD_CLOSE_LE_NEG_15,2021-10-01,2021-10-01,2021-10-05,2021-10-05,-15.64,-15.64,0.0,162.0,162.0,0.0,10.39,10.39,-15.75,-15.75,False,False,False,False,,,,,0.0,0.0,0.0,SKIPPED_CASH_UNAVAILABLE,SKIPPED_CASH_UNAVAILABLE
P2-1,056190|KR7056190002|KOSDAQ|2010-01-04|2026-08-21|056190_02,056190,056190_02,2022-03-25,2022-03-28,,NEVER_PROGRESSED,,,,,LOSS_GUARD_CLOSE_LE_NEG_15,LOSS_GUARD_CLOSE_LE_NEG_15,2023-08-17,2023-08-17,2023-08-18,2023-08-18,-17.9,-17.9,0.0,348.0,348.0,0.0,8.89,8.89,-17.9,-17.9,True,True,True,True,-18.2537,-18.2537,-18.2537,-18.2537,-910353.39,-910353.39,0.0,EXECUTED,EXECUTED
P2-1,058470|KR7058470006|KOSDAQ|2010-01-04|2026-08-21|058470_01,058470,058470_01,2022-12-02,2022-12-05,,NORMAL_EARLY_TREND_HANDOFF,,,,,LOSS_GUARD_CLOSE_LE_NEG_15,LOSS_GUARD_CLOSE_LE_NEG_15,2023-03-08,2023-03-08,2023-03-09,2023-03-09,-18.59,-18.59,0.0,65.0,65.0,0.0,3.05,3.05,-21.53,-21.53,True,True,True,True,-18.944,-18.944,-18.944,-18.944,-943245.59,-943245.59,0.0,EXECUTED,EXECUTED
P2-1,058470|KR7058470006|KOSDAQ|2010-01-04|2026-08-21|058470_02,058470,058470_02,2024-01-05,2024-01-08,,NORMAL_EARLY_TREND_HANDOFF,,,,,EXIT4_SCORE_DRAWDOWN_GE_15,EXIT4_SCORE_DRAWDOWN_GE_15,2024-05-31,2024-05-31,2024-06-03,2024-06-03,31.38,31.38,0.0,99.0,99.0,0.0,51.47,51.47,-7.89,-7.89,True,True,True,True,30.8386,30.8386,30.8386,30.8386,1538520.37,1538520.37,0.0,EXECUTED,EXECUTED
P2-1,064350|KR7064350002|KOSPI|2013-10-30|2026-08-21|064350_01,064350,064350_01,2021-06-11,2021-06-14,,NORMAL_EARLY_TREND_HANDOFF,,,,,EXIT3_PROGRESSED_TO_TRANSITION,EXIT3_PROGRESSED_TO_TRANSITION,2022-03-31,2022-03-31,2022-04-01,2022-04-01,-19.48,-19.48,0.0,198.0,198.0,0.0,9.34,9.34,-29.82,-29.82,False,False,False,False,,,,,0.0,0.0,0.0,SKIPPED_CASH_UNAVAILABLE,SKIPPED_CASH_UNAVAILABLE
P2-1,064350|KR7064350002|KOSPI|2013-10-30|2026-08-21|064350_02,064350,064350_02,2022-07-22,2022-07-25,,NORMAL_EARLY_TREND_HANDOFF,,,,,EXIT4_SCORE_DRAWDOWN_GE_15,EXIT4_SCORE_DRAWDOWN_GE_15,2023-09-30,2023-09-30,2023-10-04,2023-10-04,12.68,12.68,0.0,295.0,295.0,0.0,64.62,64.62,-5.73,-5.73,True,True,True,True,12.1952,12.1952,12.1952,12.1952,608971.74,608971.74,0.0,EXECUTED,EXECUTED
P2-1,064350|KR7064350002|KOSPI|2013-10-30|2026-08-21|064350_03,064350,064350_03,2024-02-23,2024-02-26,,NORMAL_EARLY_TREND_HANDOFF,,,,,EXIT4_SCORE_DRAWDOWN_GE_15,EXIT4_SCORE_DRAWDOWN_GE_15,2024-10-31,2024-10-31,2024-11-01,2024-11-01,88.13,88.13,0.0,167.0,167.0,0.0,107.0,107.0,-8.98,-8.98,False,False,False,False,,,,,0.0,0.0,0.0,SKIPPED_CASH_UNAVAILABLE,SKIPPED_CASH_UNAVAILABLE
P2-1,064760|KR7064760002|KOSDAQ|2010-01-04|2026-08-21|064760_01,064760,064760_01,2024-04-12,2024-04-15,,NEVER_PROGRESSED,,,,,LOSS_GUARD_CLOSE_LE_NEG_15,LOSS_GUARD_CLOSE_LE_NEG_15,2024-05-24,2024-05-24,2024-05-27,2024-05-27,-15.75,-15.75,0.0,28.0,28.0,0.0,8.88,8.88,-16.22,-16.22,False,False,False,False,,,,,0.0,0.0,0.0,SKIPPED_CASH_UNAVAILABLE,SKIPPED_CASH_UNAVAILABLE
P2-1,064760|KR7064760002|KOSDAQ|2010-01-04|2026-08-21|064760_02,064760,064760_02,2024-06-14,2024-06-17,,NEVER_PROGRESSED,,,,,LOSS_GUARD_CLOSE_LE_NEG_15,LOSS_GUARD_CLOSE_LE_NEG_15,2024-07-19,2024-07-19,2024-07-22,2024-07-22,-15.15,-15.15,0.0,26.0,26.0,0.0,3.26,3.26,-17.91,-17.91,False,False,False,False,,,,,0.0,0.0,0.0,SKIPPED_CASH_UNAVAILABLE,SKIPPED_CASH_UNAVAILABLE
P2-1,066570|KR7066570003|KOSPI|2010-01-04|2026-08-21|066570_01,066570,066570_01,2023-07-14,2023-07-17,,NEVER_PROGRESSED,,,,,LOSS_GUARD_CLOSE_LE_NEG_15,LOSS_GUARD_CLOSE_LE_NEG_15,2023-08-02,2023-08-02,2023-08-03,2023-08-03,-15.0,-15.0,0.0,14.0,14.0,0.0,0.72,0.72,-15.4,-15.4,True,True,True,True,-15.3609,-15.3609,-15.3609,-15.3609,-767083.83,-767083.83,0.0,EXECUTED,EXECUTED
P2-1,067630|KR7067630004|KOSDAQ|2010-01-04|2026-08-21|067630_01,067630,067630_01,2024-01-26,2024-01-29,,NEVER_PROGRESSED,,,,,LOSS_GUARD_CLOSE_LE_NEG_15,LOSS_GUARD_CLOSE_LE_NEG_15,2024-05-17,2024-05-17,2024-05-20,2024-05-20,-33.47,-33.47,0.0,74.0,74.0,0.0,102.6,102.6,-33.47,-33.47,True,True,True,True,-33.7388,-33.7388,-33.7388,-33.7388,-1685486.73,-1685486.73,0.0,EXECUTED,EXECUTED
P2-1,068270|KR7068270008|KOSPI|2018-02-09|2026-08-21|068270_01,068270,068270_01,2023-12-22,2023-12-26,,NEVER_PROGRESSED,,,,,LOSS_GUARD_CLOSE_LE_NEG_15,LOSS_GUARD_CLOSE_LE_NEG_15,2025-05-12,2025-05-12,2025-05-13,2025-05-13,-14.86,-14.86,0.0,333.0,333.0,0.0,28.67,28.67,-15.48,-15.48,False,False,False,False,,,,,0.0,0.0,0.0,SKIPPED_CASH_UNAVAILABLE,SKIPPED_CASH_UNAVAILABLE
P2-1,069260|KR7069260008|KOSPI|2010-01-04|2026-08-21|069260_01,069260,069260_01,2021-08-27,2021-08-30,,NEVER_PROGRESSED,,,,,LOSS_GUARD_CLOSE_LE_NEG_15,LOSS_GUARD_CLOSE_LE_NEG_15,2021-11-29,2021-11-29,2021-11-30,2021-11-30,-15.95,-15.95,0.0,62.0,62.0,0.0,12.38,12.38,-17.82,-17.82,True,True,True,True,-16.3335,-16.3335,-16.3335,-16.3335,-814922.93,-814922.93,0.0,EXECUTED,EXECUTED
P2-1,069260|KR7069260008|KOSPI|2010-01-04|2026-08-21|069260_02,069260,069260_02,2022-05-20,2022-05-23,,NEVER_PROGRESSED,,,,,LOSS_GUARD_CLOSE_LE_NEG_15,LOSS_GUARD_CLOSE_LE_NEG_15,2022-06-17,2022-06-17,2022-06-20,2022-06-20,-14.73,-14.73,0.0,19.0,19.0,0.0,1.77,1.77,-16.31,-16.31,True,True,True,True,-15.1263,-15.1263,-15.1263,-15.1263,-755400.3,-755400.3,0.0,EXECUTED,EXECUTED
P2-1,069620|KR7069620003|KOSPI|2010-01-04|2026-08-21|069620_01,069620,069620_01,2022-03-18,2022-03-21,,NEVER_PROGRESSED,,,,,LOSS_GUARD_CLOSE_LE_NEG_15,LOSS_GUARD_CLOSE_LE_NEG_15,2022-10-13,2022-10-13,2022-10-14,2022-10-14,-15.74,-15.74,0.0,142.0,142.0,0.0,13.99,13.99,-16.33,-16.33,True,True,True,True,-16.1304,-16.1304,-16.1304,-16.1304,-803167.23,-803167.23,0.0,EXECUTED,EXECUTED
P2-1,069620|KR7069620003|KOSPI|2010-01-04|2026-08-21|069620_02,069620,069620_02,2024-10-04,2024-10-07,,NEVER_PROGRESSED,,,,,LOSS_GUARD_CLOSE_LE_NEG_15,LOSS_GUARD_CLOSE_LE_NEG_15,2024-12-09,2024-12-09,2024-12-10,2024-12-10,-16.89,-16.89,0.0,46.0,46.0,0.0,17.18,17.18,-18.03,-18.03,True,True,True,True,-17.2326,-17.2326,-17.2326,-17.2326,-847178.8,-847178.8,0.0,EXECUTED,EXECUTED
P2-1,069960|KR7069960003|KOSPI|2010-01-04|2026-08-21|069960_01,069960,069960_01,2021-01-08,2021-01-11,,NEVER_PROGRESSED,,,,,LOSS_GUARD_CLOSE_LE_NEG_15,LOSS_GUARD_CLOSE_LE_NEG_15,2021-11-30,2021-11-30,2021-12-01,2021-12-01,-16.15,-16.15,0.0,222.0,222.0,0.0,21.28,21.28,-16.65,-16.65,True,True,True,True,-16.5303,-16.5303,-16.5303,-16.5303,-819818.74,-819818.74,0.0,EXECUTED,EXECUTED
P2-1,069960|KR7069960003|KOSPI|2010-01-04|2026-08-21|069960_02,069960,069960_02,2022-06-03,2022-06-07,,NEVER_PROGRESSED,,,,,LOSS_GUARD_CLOSE_LE_NEG_15,LOSS_GUARD_CLOSE_LE_NEG_15,2022-07-06,2022-07-06,2022-07-07,2022-07-07,-15.34,-15.34,0.0,23.0,23.0,0.0,0.37,0.37,-16.46,-16.46,True,True,True,True,-15.7255,-15.7255,-15.7255,-15.7255,-782832.5,-782832.5,0.0,EXECUTED,EXECUTED
P2-1,069960|KR7069960003|KOSPI|2010-01-04|2026-08-21|069960_03,069960,069960_03,2025-02-21,2025-02-24,,NEVER_PROGRESSED,,,,,NO_PROGRESSED_BEFORE_CUTOFF,NO_PROGRESSED_BEFORE_CUTOFF,,,,,26.32,26.32,0.0,66.0,66.0,0.0,28.07,28.07,-5.61,-5.61,True,False,False,False,,,26.1707,,1299296.41,0.0,-1299296.41,EXECUTED,SKIPPED_CASH_UNAVAILABLE
P2-1,071050|KR7071050009|KOSPI|2010-01-04|2026-08-21|071050_01,071050,071050_01,2021-01-08,2021-01-11,,NORMAL_EARLY_TREND_HANDOFF,,,,,EXIT4_SCORE_DRAWDOWN_GE_15,EXIT4_SCORE_DRAWDOWN_GE_15,2021-07-31,2021-07-31,2021-08-02,2021-08-02,5.62,5.62,0.0,141.0,141.0,0.0,33.41,33.41,-11.69,-11.69,True,True,True,True,5.1379,5.1379,5.1379,5.1379,256597.34,256597.34,0.0,EXECUTED,EXECUTED
P2-1,071050|KR7071050009|KOSPI|2010-01-04|2026-08-21|071050_02,071050,071050_02,2024-02-02,2024-02-05,,NEVER_PROGRESSED,,,,,NO_PROGRESSED_BEFORE_CUTOFF,NO_PROGRESSED_BEFORE_CUTOFF,,,,,61.92,61.92,0.0,319.0,319.0,0.0,64.62,64.62,-9.75,-9.75,False,False,False,False,,,,,0.0,0.0,0.0,SKIPPED_CASH_UNAVAILABLE,SKIPPED_CASH_UNAVAILABLE
P2-1,073240|KR7073240004|KOSPI|2010-01-04|2026-08-21|073240_01,073240,073240_01,2021-05-14,2021-05-17,,NORMAL_EARLY_TREND_HANDOFF,,,,,LOSS_GUARD_CLOSE_LE_NEG_15,LOSS_GUARD_CLOSE_LE_NEG_15,2021-05-21,2021-05-21,2021-05-24,2021-05-24,-18.22,-18.22,0.0,5.0,5.0,0.0,0.54,0.54,-19.03,-19.03,False,False,False,False,,,,,0.0,0.0,0.0,SKIPPED_CASH_UNAVAILABLE,SKIPPED_CASH_UNAVAILABLE
P2-1,073240|KR7073240004|KOSPI|2010-01-04|2026-08-21|073240_02,073240,073240_02,2021-06-04,2021-06-07,,NORMAL_EARLY_TREND_HANDOFF,,,,,EXIT4_SCORE_DRAWDOWN_GE_15,EXIT4_SCORE_DRAWDOWN_GE_15,2021-10-31,2021-10-31,2021-11-01,2021-11-01,-8.05,-8.05,0.0,100.0,100.0,0.0,42.64,42.64,-11.99,-11.99,False,False,False,False,,,,,0.0,0.0,0.0,SKIPPED_CASH_UNAVAILABLE,SKIPPED_CASH_UNAVAILABLE
P2-1,073240|KR7073240004|KOSPI|2010-01-04|2026-08-21|073240_03,073240,073240_03,2023-04-28,2023-05-02,C1_PROGRESSED_WITHOUT_DIRECT_HANDOFF,SKIPPED_EARLY_TREND_HANDOFF,2024-01-31,2024-01-31,,,EXIT4_SCORE_DRAWDOWN_GE_15,EXIT4_SCORE_DRAWDOWN_GE_15,2024-03-31,2024-03-31,2024-04-01,2024-04-01,30.62,30.62,0.0,225.0,225.0,0.0,51.54,51.54,-10.35,-10.35,False,False,False,False,,,,,0.0,0.0,0.0,SKIPPED_CASH_UNAVAILABLE,SKIPPED_CASH_UNAVAILABLE
P2-1,074600|KR7074600008|KOSDAQ|2010-01-04|2026-08-21|074600_01,074600,074600_01,2024-06-07,2024-06-10,,NEVER_PROGRESSED,,,,,LOSS_GUARD_CLOSE_LE_NEG_15,LOSS_GUARD_CLOSE_LE_NEG_15,2024-07-17,2024-07-17,2024-07-18,2024-07-18,-21.58,-21.58,0.0,29.0,29.0,0.0,0.37,0.37,-21.58,-21.58,False,False,False,False,,,,,0.0,0.0,0.0,SKIPPED_CASH_UNAVAILABLE,SKIPPED_CASH_UNAVAILABLE
P2-1,078340|KR7078340007|KOSDAQ|2010-01-04|2026-08-21|078340_01,078340,078340_01,2021-01-15,2021-01-18,,PROGRESSED_WITHOUT_DIRECT_HANDOFF,,,,,LOSS_GUARD_CLOSE_LE_NEG_15,LOSS_GUARD_CLOSE_LE_NEG_15,2021-02-24,2021-02-24,2021-02-25,2021-02-25,-14.84,-14.84,0.0,27.0,27.0,0.0,7.33,7.33,-15.87,-15.87,True,True,True,True,-15.2348,-15.2348,-15.2348,-15.2348,-761397.08,-761397.08,0.0,EXECUTED,EXECUTED
P2-1,078340|KR7078340007|KOSDAQ|2010-01-04|2026-08-21|078340_02,078340,078340_02,2021-11-19,2021-11-22,,NEVER_PROGRESSED,,,,,LOSS_GUARD_CLOSE_LE_NEG_15,LOSS_GUARD_CLOSE_LE_NEG_15,2021-12-06,2021-12-06,2021-12-07,2021-12-07,-15.3,-15.3,0.0,12.0,12.0,0.0,5.48,5.48,-17.12,-17.12,True,True,True,True,-15.6845,-15.6845,-15.6845,-15.6845,-773038.47,-773038.47,0.0,EXECUTED,EXECUTED
P2-1,078600|KR7078600004|KOSDAQ|2010-01-04|2026-08-21|078600_01,078600,078600_01,2024-05-31,2024-06-03,,PROGRESSED_WITHOUT_DIRECT_HANDOFF,,,,,LOSS_GUARD_CLOSE_LE_NEG_15,LOSS_GUARD_CLOSE_LE_NEG_15,2024-09-06,2024-09-06,2024-09-09,2024-09-09,-23.99,-23.99,0.0,69.0,69.0,0.0,37.54,37.54,-23.99,-23.99,False,False,False,False,,,,,0.0,0.0,0.0,SKIPPED_CASH_UNAVAILABLE,SKIPPED_CASH_UNAVAILABLE
P2-1,078930|KR7078930005|KOSPI|2010-01-04|2026-08-21|078930_01,078930,078930_01,2021-05-07,2021-05-10,,NEVER_PROGRESSED,,,,,LOSS_GUARD_CLOSE_LE_NEG_15,LOSS_GUARD_CLOSE_LE_NEG_15,2021-08-20,2021-08-20,2021-08-23,2021-08-23,-15.8,-15.8,0.0,74.0,74.0,0.0,7.36,7.36,-16.01,-16.01,True,True,True,True,-16.1818,-16.1818,-16.1818,-16.1818,-804528.38,-804528.38,0.0,EXECUTED,EXECUTED
P2-1,078930|KR7078930005|KOSPI|2010-01-04|2026-08-21|078930_02,078930,078930_02,2022-05-06,2022-05-09,,NEVER_PROGRESSED,,,,,LOSS_GUARD_CLOSE_LE_NEG_15,LOSS_GUARD_CLOSE_LE_NEG_15,2022-06-23,2022-06-23,2022-06-24,2022-06-24,-15.3,-15.3,0.0,33.0,33.0,0.0,3.46,3.46,-15.72,-15.72,True,True,True,True,-15.6929,-15.6929,-15.6929,-15.6929,-779390.89,-779390.89,0.0,EXECUTED,EXECUTED
P2-1,078930|KR7078930005|KOSPI|2010-01-04|2026-08-21|078930_03,078930,078930_03,2023-11-24,2023-11-27,,NEVER_PROGRESSED,,,,,LOSS_GUARD_CLOSE_LE_NEG_15,LOSS_GUARD_CLOSE_LE_NEG_15,2025-02-28,2025-02-28,2025-03-04,2025-03-04,-15.13,-15.13,0.0,306.0,306.0,0.0,33.88,33.88,-16.07,-16.07,False,False,False,False,,,,,0.0,0.0,0.0,SKIPPED_CASH_UNAVAILABLE,SKIPPED_CASH_UNAVAILABLE
P2-1,079550|KR7079550000|KOSPI|2015-10-02|2026-08-21|079550_01,079550,079550_01,2023-11-10,2023-11-13,,NORMAL_EARLY_TREND_HANDOFF,,,,,EXIT4_SCORE_DRAWDOWN_GE_15,EXIT4_SCORE_DRAWDOWN_GE_15,2024-06-30,2024-06-30,2024-07-01,2024-07-01,122.0,122.0,0.0,155.0,155.0,0.0,125.56,125.56,-8.35,-8.35,True,True,True,True,121.0872,121.0872,121.0872,121.0872,5952219.02,5952219.02,0.0,EXECUTED,EXECUTED
P2-1,081660|KR7081660003|KOSPI|2010-09-28|2026-08-21|081660_01,081660,081660_01,2023-03-03,2023-03-06,,NEVER_PROGRESSED,,,,,LOSS_GUARD_CLOSE_LE_NEG_15,LOSS_GUARD_CLOSE_LE_NEG_15,2023-04-06,2023-04-06,2023-04-07,2023-04-07,-15.37,-15.37,0.0,25.0,25.0,0.0,0.0,0.0,-15.61,-15.61,False,False,False,False,,,,,0.0,0.0,0.0,SKIPPED_CASH_UNAVAILABLE,SKIPPED_CASH_UNAVAILABLE
P2-1,081660|KR7081660003|KOSPI|2010-09-28|2026-08-21|081660_02,081660,081660_02,2024-03-08,2024-03-11,,NEVER_PROGRESSED,,,,,LOSS_GUARD_CLOSE_LE_NEG_15,LOSS_GUARD_CLOSE_LE_NEG_15,2025-04-09,2025-04-09,2025-04-10,2025-04-10,-13.69,-13.69,0.0,264.0,264.0,0.0,10.85,10.85,-17.26,-17.26,False,False,False,False,,,,,0.0,0.0,0.0,SKIPPED_CASH_UNAVAILABLE,SKIPPED_CASH_UNAVAILABLE
P2-1,084370|KR7084370006|KOSDAQ|2010-01-04|2026-08-21|084370_01,084370,084370_01,2023-09-15,2023-09-18,,PROGRESSED_WITHOUT_DIRECT_HANDOFF,,,,,LOSS_GUARD_CLOSE_LE_NEG_15,LOSS_GUARD_CLOSE_LE_NEG_15,2024-02-05,2024-02-05,2024-02-06,2024-02-06,-23.64,-23.64,0.0,94.0,94.0,0.0,10.66,10.66,-25.38,-25.38,False,False,False,False,,,,,0.0,0.0,0.0,SKIPPED_CASH_UNAVAILABLE,SKIPPED_CASH_UNAVAILABLE
P2-1,084370|KR7084370006|KOSDAQ|2010-01-04|2026-08-21|084370_02,084370,084370_02,2024-04-12,2024-04-15,C1_PROGRESSED_WITHOUT_DIRECT_HANDOFF,SKIPPED_EARLY_TREND_HANDOFF,2024-04-30,2024-04-30,2024-12-30,TRANSITION,NO_EXIT_BEFORE_CUTOFF,EXIT3_PROGRESSED_TO_TRANSITION,,2024-12-30,,2025-01-02,-32.61,-36.03,-3.42,273.0,175.0,-98.0,24.61,24.61,-37.07,-37.07,False,False,False,False,,,,,0.0,0.0,0.0,SKIPPED_CASH_UNAVAILABLE,SKIPPED_CASH_UNAVAILABLE
P2-1,085660|KR7085660009|KOSDAQ|2010-01-04|2026-08-21|085660_01,085660,085660_01,2021-06-11,2021-06-14,C1_PROGRESSED_WITHOUT_DIRECT_HANDOFF,SKIPPED_EARLY_TREND_HANDOFF,2021-06-30,2021-06-30,2021-07-30,EARLY_TREND,NO_EXIT_BEFORE_CUTOFF,EXIT3_PROGRESSED_TO_EARLY_TREND,,2021-07-30,,2021-08-02,-49.65,15.85,65.5,968.0,36.0,-932.0,38.85,38.85,-55.22,-0.44,False,False,False,False,,,,,0.0,0.0,0.0,SKIPPED_CASH_UNAVAILABLE,SKIPPED_CASH_UNAVAILABLE
P2-1,086280|KR7086280005|KOSPI|2010-01-04|2026-08-21|086280_01,086280,086280_01,2021-01-08,2021-01-11,,NORMAL_EARLY_TREND_HANDOFF,,,,,NO_EXIT_BEFORE_CUTOFF,NO_EXIT_BEFORE_CUTOFF,,,,,10.32,10.32,0.0,1076.0,1076.0,0.0,46.9,46.9,-29.93,-29.93,True,True,False,False,,,10.1953,10.1953,503605.25,503605.25,0.0,EXECUTED,EXECUTED
P2-1,086790|KR7086790003|KOSPI|2010-01-04|2026-08-21|086790_01,086790,086790_01,2021-01-08,2021-01-11,,NORMAL_EARLY_TREND_HANDOFF,,,,,EXIT4_SCORE_DRAWDOWN_GE_15,EXIT4_SCORE_DRAWDOWN_GE_15,2021-09-30,2021-09-30,2021-10-01,2021-10-01,24.06,24.06,0.0,181.0,181.0,0.0,28.34,28.34,-12.83,-12.83,True,True,True,True,23.4944,23.4944,23.4944,23.4944,1170003.4,1170003.4,0.0,EXECUTED,EXECUTED
P2-1,086790|KR7086790003|KOSPI|2010-01-04|2026-08-21|086790_02,086790,086790_02,2023-01-06,2023-01-09,,PROGRESSED_WITHOUT_DIRECT_HANDOFF,,,,,LOSS_GUARD_CLOSE_LE_NEG_15,LOSS_GUARD_CLOSE_LE_NEG_15,2023-03-14,2023-03-14,2023-03-15,2023-03-15,-14.45,-14.45,0.0,45.0,45.0,0.0,9.22,9.22,-16.6,-16.6,True,True,True,True,-14.814,-14.814,-14.814,-14.814,-738230.11,-738230.11,0.0,EXECUTED,EXECUTED
P2-1,086790|KR7086790003|KOSPI|2010-01-04|2026-08-21|086790_03,086790,086790_03,2023-10-06,2023-10-10,C1_PROGRESSED_WITHOUT_DIRECT_HANDOFF,PROGRESSED_WITHOUT_DIRECT_HANDOFF,2024-07-31,2024-07-31,,,EXIT4_SCORE_DRAWDOWN_GE_15,EXIT4_SCORE_DRAWDOWN_GE_15,2025-01-31,2025-01-31,2025-02-03,2025-02-03,38.35,38.35,0.0,320.0,320.0,0.0,60.6,60.6,-9.73,-9.73,True,True,True,True,37.8296,37.8296,37.8296,37.8296,1879360.42,1879360.42,0.0,EXECUTED,EXECUTED
P2-1,086900|KR7086900008|KOSDAQ|2010-01-04|2026-08-21|086900_01,086900,086900_01,2023-02-10,2023-02-13,,NORMAL_EARLY_TREND_HANDOFF,,,,,EXIT4_SCORE_DRAWDOWN_GE_15,EXIT4_SCORE_DRAWDOWN_GE_15,2023-07-31,2023-07-31,2023-08-01,2023-08-01,31.52,31.52,0.0,117.0,117.0,0.0,70.3,70.3,-0.61,-0.61,False,False,False,False,,,,,0.0,0.0,0.0,SKIPPED_CASH_UNAVAILABLE,SKIPPED_CASH_UNAVAILABLE
P2-1,086900|KR7086900008|KOSDAQ|2010-01-04|2026-08-21|086900_02,086900,086900_02,2024-08-30,2024-09-02,,NEVER_PROGRESSED,,,,,LOSS_GUARD_CLOSE_LE_NEG_15,LOSS_GUARD_CLOSE_LE_NEG_15,2024-10-22,2024-10-22,2024-10-23,2024-10-23,-12.99,-12.99,0.0,32.0,32.0,0.0,0.0,0.0,-18.01,-18.01,True,True,True,True,-13.3413,-13.3413,-13.3413,-13.3413,-644323.06,-644323.06,0.0,EXECUTED,EXECUTED
P2-1,088350|KR7088350004|KOSPI|2010-03-17|2026-08-21|088350_01,088350,088350_01,2021-05-14,2021-05-17,C1_PROGRESSED_WITHOUT_DIRECT_HANDOFF,SKIPPED_EARLY_TREND_HANDOFF,2021-06-30,2021-06-30,,,EXIT4_SCORE_DRAWDOWN_GE_15,EXIT4_SCORE_DRAWDOWN_GE_15,2021-08-31,2021-08-31,2021-09-01,2021-09-01,-14.56,-14.56,0.0,76.0,76.0,0.0,4.77,4.77,-19.33,-19.33,True,True,True,True,-14.9542,-14.9542,-14.9542,-14.9542,-747606.99,-747606.99,0.0,EXECUTED,EXECUTED
P2-1,088350|KR7088350004|KOSPI|2010-03-17|2026-08-21|088350_02,088350,088350_02,2023-10-06,2023-10-10,,NEVER_PROGRESSED,,,,,LOSS_GUARD_CLOSE_LE_NEG_15,LOSS_GUARD_CLOSE_LE_NEG_15,2024-01-18,2024-01-18,2024-01-19,2024-01-19,-16.24,-16.24,0.0,71.0,71.0,0.0,4.96,4.96,-17.26,-17.26,True,True,True,True,-16.5822,-16.5822,-16.5822,-16.5822,-828896.86,-828896.86,0.0,EXECUTED,EXECUTED
P2-1,088350|KR7088350004|KOSPI|2010-03-17|2026-08-21|088350_03,088350,088350_03,2024-02-16,2024-02-19,,NEVER_PROGRESSED,,,,,LOSS_GUARD_CLOSE_LE_NEG_15,LOSS_GUARD_CLOSE_LE_NEG_15,2024-03-28,2024-03-28,2024-03-29,2024-03-29,-14.79,-14.79,0.0,29.0,29.0,0.0,4.25,4.25,-15.52,-15.52,False,False,False,False,,,,,0.0,0.0,0.0,SKIPPED_CASH_UNAVAILABLE,SKIPPED_CASH_UNAVAILABLE
P2-1,088980|KR7088980008|KOSPI|2010-01-04|2026-08-21|088980_01,088980,088980_01,2021-03-26,2021-03-29,,NEVER_PROGRESSED,,,,,NO_PROGRESSED_BEFORE_CUTOFF,NO_PROGRESSED_BEFORE_CUTOFF,,,,,1.09,1.09,0.0,908.0,908.0,0.0,23.17,23.17,-11.49,-11.49,False,False,False,False,,,,,0.0,0.0,0.0,SKIPPED_CASH_UNAVAILABLE,SKIPPED_CASH_UNAVAILABLE
P2-1,089590|KR7089590004|KOSPI|2015-11-06|2026-08-21|089590_01,089590,089590_01,2022-04-08,2022-04-11,,NEVER_PROGRESSED,,,,,LOSS_GUARD_CLOSE_LE_NEG_15,LOSS_GUARD_CLOSE_LE_NEG_15,2022-05-12,2022-05-12,2022-05-13,2022-05-13,-15.79,-15.79,0.0,22.0,22.0,0.0,4.84,4.84,-18.95,-18.95,True,True,True,True,-16.1779,-16.1779,-16.1779,-16.1779,-805610.99,-805610.99,0.0,EXECUTED,EXECUTED
P2-1,089860|KR7089860001|KOSPI|2021-08-19|2026-08-21|089860_01,089860,089860_01,2024-08-02,2024-08-05,,NEVER_PROGRESSED,,,,,NO_PROGRESSED_BEFORE_CUTOFF,NO_PROGRESSED_BEFORE_CUTOFF,,,,,13.96,13.96,0.0,197.0,197.0,0.0,25.48,25.48,-9.08,-9.08,True,True,False,False,,,13.8307,13.8307,690266.39,690266.39,0.0,EXECUTED,EXECUTED
P2-1,090430|KR7090430000|KOSPI|2010-01-04|2026-08-21|090430_01,090430,090430_01,2021-01-15,2021-01-18,,NORMAL_EARLY_TREND_HANDOFF,,,,,EXIT4_SCORE_DRAWDOWN_GE_15,EXIT4_SCORE_DRAWDOWN_GE_15,2021-10-31,2021-10-31,2021-11-01,2021-11-01,-16.97,-16.97,0.0,195.0,195.0,0.0,35.75,35.75,-22.85,-22.85,True,True,True,True,-17.3496,-17.3496,-17.3496,-17.3496,-844509.79,-844509.79,0.0,EXECUTED,EXECUTED
P2-1,090430|KR7090430000|KOSPI|2010-01-04|2026-08-21|090430_02,090430,090430_02,2024-05-03,2024-05-07,,SKIPPED_EARLY_TREND_HANDOFF,,,,,LOSS_GUARD_CLOSE_LE_NEG_15,LOSS_GUARD_CLOSE_LE_NEG_15,2024-08-07,2024-08-07,2024-08-08,2024-08-08,-27.03,-27.03,0.0,66.0,66.0,0.0,18.85,18.85,-27.03,-27.03,True,True,True,True,-27.3289,-27.3289,-27.3289,-27.3289,-1338551.12,-1338551.12,0.0,EXECUTED,EXECUTED
P2-1,095340|KR7095340006|KOSDAQ|2010-01-04|2026-08-21|095340_01,095340,095340_01,2025-01-03,2025-01-06,,NEVER_PROGRESSED,,,,,LOSS_GUARD_CLOSE_LE_NEG_15,LOSS_GUARD_CLOSE_LE_NEG_15,2025-02-03,2025-02-03,2025-02-04,2025-02-04,-14.17,-14.17,0.0,18.0,18.0,0.0,12.08,12.08,-17.64,-17.64,True,True,True,True,-14.4923,-14.4923,-14.4923,-14.4923,-720807.04,-720807.04,0.0,EXECUTED,EXECUTED
P2-1,095340|KR7095340006|KOSDAQ|2010-01-04|2026-08-21|095340_02,095340,095340_02,2025-02-14,2025-02-17,,NEVER_PROGRESSED,,,,,LOSS_GUARD_CLOSE_LE_NEG_15,LOSS_GUARD_CLOSE_LE_NEG_15,2025-03-04,2025-03-04,2025-03-05,2025-03-05,-13.33,-13.33,0.0,12.0,12.0,0.0,5.47,5.47,-18.0,-18.0,True,True,True,True,-13.6622,-13.6622,-13.6622,-13.6622,-677054.66,-677054.66,0.0,EXECUTED,EXECUTED
P2-1,096530|KR7096530001|KOSDAQ|2010-09-10|2026-08-21|096530_01,096530,096530_01,2025-05-16,2025-05-19,,NEVER_PROGRESSED,,,,,NO_PROGRESSED_BEFORE_CUTOFF,NO_PROGRESSED_BEFORE_CUTOFF,,,,,0.6,0.6,0.0,10.0,10.0,0.0,10.06,10.06,-9.01,-9.01,True,True,False,False,,,0.485,0.485,24093.3,24093.3,0.0,EXECUTED,EXECUTED
P2-1,097950|KR7097950000|KOSPI|2010-01-04|2026-08-21|097950_01,097950,097950_01,2024-05-31,2024-06-03,,NEVER_PROGRESSED,,,,,LOSS_GUARD_CLOSE_LE_NEG_15,LOSS_GUARD_CLOSE_LE_NEG_15,2024-10-02,2024-10-02,2024-10-04,2024-10-04,-17.11,-17.11,0.0,83.0,83.0,0.0,15.28,15.28,-17.96,-17.96,False,False,False,False,,,,,0.0,0.0,0.0,SKIPPED_CASH_UNAVAILABLE,SKIPPED_CASH_UNAVAILABLE
P2-1,098460|KR7098460009|KOSDAQ|2010-01-04|2026-08-21|098460_01,098460,098460_01,2021-01-08,2021-01-11,,NEVER_PROGRESSED,,,,,LOSS_GUARD_CLOSE_LE_NEG_15,LOSS_GUARD_CLOSE_LE_NEG_15,2021-09-28,2021-09-28,2021-09-29,2021-09-29,-17.02,-17.02,0.0,176.0,176.0,0.0,32.17,32.17,-17.02,-17.02,True,True,True,True,-17.4023,-17.4023,-17.4023,-17.4023,-867982.22,-867982.22,0.0,EXECUTED,EXECUTED
P2-1,098460|KR7098460009|KOSDAQ|2010-01-04|2026-08-21|098460_02,098460,098460_02,2025-02-14,2025-02-17,,NEVER_PROGRESSED,,,,,LOSS_GUARD_CLOSE_LE_NEG_15,LOSS_GUARD_CLOSE_LE_NEG_15,2025-02-28,2025-02-28,2025-03-04,2025-03-04,-20.2,-20.2,0.0,11.0,11.0,0.0,9.61,9.61,-20.2,-20.2,True,True,True,True,-20.4998,-20.4998,-20.4998,-20.4998,-1024897.82,-1024897.82,0.0,EXECUTED,EXECUTED
P2-1,103140|KR7103140000|KOSPI|2010-01-04|2026-08-21|103140_01,103140,103140_01,2023-01-27,2023-01-30,,NORMAL_EARLY_TREND_HANDOFF,,,,,EXIT4_SCORE_DRAWDOWN_GE_15,EXIT4_SCORE_DRAWDOWN_GE_15,2024-06-30,2024-06-30,2024-07-01,2024-07-01,76.63,76.63,0.0,349.0,349.0,0.0,119.47,119.47,-11.68,-11.68,False,False,False,False,,,,,0.0,0.0,0.0,SKIPPED_CASH_UNAVAILABLE,SKIPPED_CASH_UNAVAILABLE
P2-1,105560|KR7105560007|KOSPI|2010-01-04|2026-08-21|105560_01,105560,105560_01,2021-01-08,2021-01-11,,NORMAL_EARLY_TREND_HANDOFF,,,,,EXIT4_SCORE_DRAWDOWN_GE_15,EXIT4_SCORE_DRAWDOWN_GE_15,2024-11-30,2024-11-30,2024-12-02,2024-12-02,107.95,107.95,0.0,959.0,959.0,0.0,123.2,123.2,-13.53,-13.53,True,True,True,True,107.0972,107.0972,107.0972,107.0972,5340486.55,5340486.55,0.0,EXECUTED,EXECUTED
P2-1,105630|KR7105630008|KOSPI|2010-01-04|2026-08-21|105630_01,105630,105630_01,2021-05-14,2021-05-17,,NORMAL_EARLY_TREND_HANDOFF,,,,,LOSS_GUARD_CLOSE_LE_NEG_15,LOSS_GUARD_CLOSE_LE_NEG_15,2021-06-10,2021-06-10,2021-06-11,2021-06-11,-15.55,-15.55,0.0,19.0,19.0,0.0,0.35,0.35,-16.43,-16.43,False,False,False,False,,,,,0.0,0.0,0.0,SKIPPED_CASH_UNAVAILABLE,SKIPPED_CASH_UNAVAILABLE
P2-1,111770|KR7111770004|KOSPI|2010-01-04|2026-08-21|111770_01,111770,111770_01,2021-01-29,2021-02-01,,NORMAL_EARLY_TREND_HANDOFF,,,,,EXIT3_PROGRESSED_TO_TRANSITION,EXIT3_PROGRESSED_TO_TRANSITION,2022-05-31,2022-05-31,2022-06-02,2022-06-02,29.8,29.8,0.0,330.0,330.0,0.0,49.72,49.72,-4.8,-4.8,True,True,True,True,29.2062,29.2062,29.2062,29.2062,1459472.64,1459472.64,0.0,EXECUTED,EXECUTED
P2-1,111770|KR7111770004|KOSPI|2010-01-04|2026-08-21|111770_02,111770,111770_02,2023-06-09,2023-06-12,,NEVER_PROGRESSED,,,,,LOSS_GUARD_CLOSE_LE_NEG_15,LOSS_GUARD_CLOSE_LE_NEG_15,2024-01-10,2024-01-10,2024-01-11,2024-01-11,-15.2,-15.2,0.0,145.0,145.0,0.0,33.14,33.14,-16.08,-16.08,False,False,False,False,,,,,0.0,0.0,0.0,SKIPPED_CASH_UNAVAILABLE,SKIPPED_CASH_UNAVAILABLE
P2-1,111770|KR7111770004|KOSPI|2010-01-04|2026-08-21|111770_03,111770,111770_03,2025-02-28,2025-03-04,,NEVER_PROGRESSED,,,,,NO_PROGRESSED_BEFORE_CUTOFF,NO_PROGRESSED_BEFORE_CUTOFF,,,,,27.12,27.12,0.0,61.0,61.0,0.0,29.21,29.21,-12.46,-12.46,False,False,False,False,,,,,0.0,0.0,0.0,SKIPPED_CASH_UNAVAILABLE,SKIPPED_CASH_UNAVAILABLE
P2-1,112610|KR7112610001|KOSPI|2014-11-27|2026-08-21|112610_01,112610,112610_01,2022-08-26,2022-08-29,,NEVER_PROGRESSED,,,,,LOSS_GUARD_CLOSE_LE_NEG_15,LOSS_GUARD_CLOSE_LE_NEG_15,2023-09-21,2023-09-21,2023-09-22,2023-09-22,-16.52,-16.52,0.0,267.0,267.0,0.0,35.45,35.45,-16.52,-16.52,True,True,True,True,-16.8736,-16.8736,-16.8736,-16.8736,-836201.73,-836201.73,0.0,EXECUTED,EXECUTED
P2-1,112610|KR7112610001|KOSPI|2014-11-27|2026-08-21|112610_02,112610,112610_02,2024-08-30,2024-09-02,,NEVER_PROGRESSED,,,,,LOSS_GUARD_CLOSE_LE_NEG_15,LOSS_GUARD_CLOSE_LE_NEG_15,2024-11-06,2024-11-06,2024-11-07,2024-11-07,-16.93,-16.93,0.0,43.0,43.0,0.0,14.13,14.13,-17.7,-17.7,True,True,True,True,-17.2655,-17.2655,-17.2655,-17.2655,-857147.86,-857147.86,0.0,EXECUTED,EXECUTED
P2-1,114090|KR7114090004|KOSPI|2010-01-04|2026-08-21|114090_01,114090,114090_01,2022-11-11,2022-11-14,,NEVER_PROGRESSED,,,,,LOSS_GUARD_CLOSE_LE_NEG_15,LOSS_GUARD_CLOSE_LE_NEG_15,2023-07-19,2023-07-19,2023-07-20,2023-07-20,-15.2,-15.2,0.0,171.0,171.0,0.0,27.63,27.63,-15.44,-15.44,True,True,True,True,-15.5593,-15.5593,-15.5593,-15.5593,-775485.69,-775485.69,0.0,EXECUTED,EXECUTED
P2-1,122870|KR7122870009|KOSDAQ|2011-11-23|2026-08-21|122870_01,122870,122870_01,2023-04-14,2023-04-17,C1_PROGRESSED_WITHOUT_DIRECT_HANDOFF,PROGRESSED_WITHOUT_DIRECT_HANDOFF,2023-09-30,2023-09-27,,,EXIT4_SCORE_DRAWDOWN_GE_15,EXIT4_SCORE_DRAWDOWN_GE_15,2023-10-31,2023-10-31,2023-11-01,2023-11-01,-14.88,-14.88,0.0,133.0,133.0,0.0,50.39,50.39,-22.33,-22.33,False,False,False,False,,,,,0.0,0.0,0.0,SKIPPED_CASH_UNAVAILABLE,SKIPPED_CASH_UNAVAILABLE
P2-1,122870|KR7122870009|KOSDAQ|2011-11-23|2026-08-21|122870_02,122870,122870_02,2025-02-28,2025-03-04,,NEVER_PROGRESSED,,,,,NO_PROGRESSED_BEFORE_CUTOFF,NO_PROGRESSED_BEFORE_CUTOFF,,,,,28.57,28.57,0.0,61.0,61.0,0.0,35.4,35.4,-11.11,-11.11,False,False,False,False,,,,,0.0,0.0,0.0,SKIPPED_CASH_UNAVAILABLE,SKIPPED_CASH_UNAVAILABLE
P2-1,128940|KR7128940004|KOSPI|2010-07-30|2026-08-21|128940_01,128940,128940_01,2022-04-29,2022-05-02,,NEVER_PROGRESSED,,,,,LOSS_GUARD_CLOSE_LE_NEG_15,LOSS_GUARD_CLOSE_LE_NEG_15,2022-09-21,2022-09-21,2022-09-22,2022-09-22,-24.23,-24.23,0.0,97.0,97.0,0.0,6.46,6.46,-24.23,-24.23,True,True,True,True,-24.5808,-24.5808,-24.5808,-24.5808,-1174223.64,-1174223.64,0.0,EXECUTED,EXECUTED
P2-1,128940|KR7128940004|KOSPI|2010-07-30|2026-08-21|128940_02,128940,128940_02,2023-04-21,2023-04-24,,NEVER_PROGRESSED,,,,,LOSS_GUARD_CLOSE_LE_NEG_15,LOSS_GUARD_CLOSE_LE_NEG_15,2024-12-09,2024-12-09,2024-12-10,2024-12-10,-19.96,-19.96,0.0,399.0,399.0,0.0,23.16,23.16,-20.45,-20.45,False,False,False,False,,,,,0.0,0.0,0.0,SKIPPED_CASH_UNAVAILABLE,SKIPPED_CASH_UNAVAILABLE
P2-1,137400|KR7137400008|KOSDAQ|2012-07-06|2026-08-21|137400_01,137400,137400_01,2024-06-07,2024-06-10,,NEVER_PROGRESSED,,,,,LOSS_GUARD_CLOSE_LE_NEG_15,LOSS_GUARD_CLOSE_LE_NEG_15,2024-06-27,2024-06-27,2024-06-28,2024-06-28,-15.99,-15.99,0.0,15.0,15.0,0.0,12.72,12.72,-16.12,-16.12,False,True,False,True,,-16.3388,,-16.3388,0.0,-805253.32,-805253.32,SKIPPED_CASH_UNAVAILABLE,EXECUTED
P2-1,138040|KR7138040001|KOSPI|2011-05-13|2026-08-21|138040_01,138040,138040_01,2021-02-26,2021-03-02,,NORMAL_EARLY_TREND_HANDOFF,,,,,EXIT4_SCORE_DRAWDOWN_GE_15,EXIT4_SCORE_DRAWDOWN_GE_15,2021-08-31,2021-08-31,2021-09-01,2021-09-01,134.15,134.15,0.0,129.0,129.0,0.0,142.28,142.28,-1.22,-1.22,True,True,True,True,133.071,133.071,133.071,133.071,6652944.87,6652944.87,0.0,EXECUTED,EXECUTED
P2-1,138040|KR7138040001|KOSPI|2011-05-13|2026-08-21|138040_02,138040,138040_02,2023-08-18,2023-08-21,,NORMAL_EARLY_TREND_HANDOFF,,,,,EXIT4_SCORE_DRAWDOWN_GE_15,EXIT4_SCORE_DRAWDOWN_GE_15,2023-12-31,2023-12-31,2024-01-02,2024-01-02,16.8,16.8,0.0,89.0,89.0,0.0,19.6,19.6,-5.6,-5.6,True,True,True,True,16.3219,16.3219,16.3219,16.3219,808862.31,808862.31,0.0,EXECUTED,EXECUTED
P2-1,138930|KR7138930003|KOSPI|2011-03-30|2026-08-21|138930_01,138930,138930_01,2021-04-23,2021-04-26,,NORMAL_EARLY_TREND_HANDOFF,,,,,EXIT4_SCORE_DRAWDOWN_GE_15,EXIT4_SCORE_DRAWDOWN_GE_15,2022-01-31,2022-01-31,2022-02-03,2022-02-03,16.21,16.21,0.0,192.0,192.0,0.0,32.86,32.86,-0.72,-0.72,False,False,False,False,,,,,0.0,0.0,0.0,SKIPPED_CASH_UNAVAILABLE,SKIPPED_CASH_UNAVAILABLE
P2-1,138930|KR7138930003|KOSPI|2011-03-30|2026-08-21|138930_02,138930,138930_02,2024-02-16,2024-02-19,C1_PROGRESSED_WITHOUT_DIRECT_HANDOFF,PROGRESSED_WITHOUT_DIRECT_HANDOFF,2024-12-31,2024-12-30,,,EXIT4_SCORE_DRAWDOWN_GE_15,EXIT4_SCORE_DRAWDOWN_GE_15,2025-03-31,2025-03-31,2025-04-01,2025-04-01,28.93,28.93,0.0,271.0,271.0,0.0,54.72,54.72,-7.92,-7.92,False,False,False,False,,,,,0.0,0.0,0.0,SKIPPED_CASH_UNAVAILABLE,SKIPPED_CASH_UNAVAILABLE
P2-1,139130|KR7139130009|KOSPI|2011-06-07|2026-08-21|139130_01,139130,139130_01,2021-03-26,2021-03-29,,NORMAL_EARLY_TREND_HANDOFF,,,,,EXIT4_SCORE_DRAWDOWN_GE_15,EXIT4_SCORE_DRAWDOWN_GE_15,2021-08-31,2021-08-31,2021-09-01,2021-09-01,9.38,9.38,0.0,110.0,110.0,0.0,17.67,17.67,-4.93,-4.93,False,False,False,False,,,,,0.0,0.0,0.0,SKIPPED_CASH_UNAVAILABLE,SKIPPED_CASH_UNAVAILABLE
P2-1,139130|KR7139130009|KOSPI|2011-06-07|2026-08-21|139130_02,139130,139130_02,2023-10-06,2023-10-10,,NEVER_PROGRESSED,,,,,NO_PROGRESSED_BEFORE_CUTOFF,NO_PROGRESSED_BEFORE_CUTOFF,,,,,38.76,38.76,0.0,400.0,400.0,0.0,42.73,42.73,-7.58,-7.58,False,True,False,False,,,,38.5984,0.0,1928659.6,1928659.6,SKIPPED_CASH_UNAVAILABLE,EXECUTED
P2-1,139480|KR7139480008|KOSPI|2011-06-10|2026-08-21|139480_01,139480,139480_01,2021-01-15,2021-01-18,C1_PROGRESSED_WITHOUT_DIRECT_HANDOFF,SKIPPED_EARLY_TREND_HANDOFF,2021-06-30,2021-06-30,2022-01-28,TRANSITION,NO_EXIT_BEFORE_CUTOFF,EXIT3_PROGRESSED_TO_TRANSITION,,2022-01-28,,2022-02-03,-47.23,-22.54,24.69,1072.0,259.0,-813.0,10.4,10.4,-68.32,-27.17,True,True,False,True,,-22.8991,-47.2861,-22.8991,-2293171.33,-1110506.53,1182664.79,EXECUTED,EXECUTED
P2-1,140410|KR7140410002|KOSDAQ|2012-01-20|2026-08-21|140410_01,140410,140410_01,2021-08-20,2021-08-23,,PROGRESSED_WITHOUT_DIRECT_HANDOFF,,,,,LOSS_GUARD_CLOSE_LE_NEG_15,LOSS_GUARD_CLOSE_LE_NEG_15,2021-10-06,2021-10-06,2021-10-07,2021-10-07,-14.52,-14.52,0.0,30.0,30.0,0.0,7.53,7.53,-15.86,-15.86,True,True,True,True,-14.9082,-14.9082,-14.9082,-14.9082,-741310.31,-741310.31,0.0,EXECUTED,EXECUTED
P2-1,140410|KR7140410002|KOSDAQ|2012-01-20|2026-08-21|140410_02,140410,140410_02,2021-11-19,2021-11-22,,PROGRESSED_WITHOUT_DIRECT_HANDOFF,,,,,LOSS_GUARD_CLOSE_LE_NEG_15,LOSS_GUARD_CLOSE_LE_NEG_15,2022-03-14,2022-03-14,2022-03-15,2022-03-15,-31.2,-31.2,0.0,76.0,76.0,0.0,22.51,22.51,-36.53,-36.53,True,True,True,True,-31.5162,-31.5162,-31.5162,-31.5162,-1560047.08,-1560047.08,0.0,EXECUTED,EXECUTED
P2-1,140410|KR7140410002|KOSDAQ|2012-01-20|2026-08-21|140410_03,140410,140410_03,2023-09-01,2023-09-04,,SKIPPED_EARLY_TREND_HANDOFF,,,,,LOSS_GUARD_CLOSE_LE_NEG_15,LOSS_GUARD_CLOSE_LE_NEG_15,2023-09-25,2023-09-25,2023-09-26,2023-09-26,-16.5,-16.5,0.0,17.0,17.0,0.0,6.29,6.29,-17.09,-17.09,False,True,False,True,,-16.8614,,-16.8614,0.0,-842047.97,-842047.97,SKIPPED_CASH_UNAVAILABLE,EXECUTED
P2-1,140410|KR7140410002|KOSDAQ|2012-01-20|2026-08-21|140410_04,140410,140410_04,2025-04-25,2025-04-28,,NEVER_PROGRESSED,,,,,NO_PROGRESSED_BEFORE_CUTOFF,NO_PROGRESSED_BEFORE_CUTOFF,,,,,2.3,2.3,0.0,22.0,22.0,0.0,10.46,10.46,-9.44,-9.44,True,True,False,False,,,2.1784,2.1784,108574.09,108574.09,0.0,EXECUTED,EXECUTED
P2-1,140860|KR7140860008|KOSDAQ|2015-12-17|2026-08-21|140860_01,140860,140860_01,2024-10-04,2024-10-07,,NEVER_PROGRESSED,,,,,NO_PROGRESSED_BEFORE_CUTOFF,NO_PROGRESSED_BEFORE_CUTOFF,,,,,22.55,22.55,0.0,158.0,158.0,0.0,25.57,25.57,-16.12,-16.12,False,True,False,False,,,,22.4107,0.0,1116775.13,1116775.13,SKIPPED_CASH_UNAVAILABLE,EXECUTED
P2-1,141080|KR7141080002|KOSDAQ|2013-05-10|2026-08-21|141080_01,141080,141080_01,2023-12-01,2023-12-04,,NORMAL_EARLY_TREND_HANDOFF,,,,,EXIT4_SCORE_DRAWDOWN_GE_15,EXIT4_SCORE_DRAWDOWN_GE_15,2024-06-30,2024-06-30,2024-07-01,2024-07-01,44.69,44.69,0.0,140.0,140.0,0.0,71.43,71.43,-7.24,-7.24,False,False,False,False,,,,,0.0,0.0,0.0,SKIPPED_CASH_UNAVAILABLE,SKIPPED_CASH_UNAVAILABLE
P2-1,145020|KR7145020004|KOSDAQ|2015-12-24|2026-08-21|145020_01,145020,145020_01,2023-12-01,2023-12-04,,NORMAL_EARLY_TREND_HANDOFF,,,,,EXIT4_SCORE_DRAWDOWN_GE_15,EXIT4_SCORE_DRAWDOWN_GE_15,2024-07-31,2024-07-31,2024-08-01,2024-08-01,58.69,58.69,0.0,163.0,163.0,0.0,69.68,69.68,-9.83,-9.83,False,False,False,False,,,,,0.0,0.0,0.0,SKIPPED_CASH_UNAVAILABLE,SKIPPED_CASH_UNAVAILABLE
P2-1,145720|KR7145720009|KOSPI|2017-03-15|2026-08-21|145720_01,145720,145720_01,2022-09-16,2022-09-19,,NORMAL_EARLY_TREND_HANDOFF,,,,,LOSS_GUARD_CLOSE_LE_NEG_15,LOSS_GUARD_CLOSE_LE_NEG_15,2022-10-11,2022-10-11,2022-10-12,2022-10-12,-16.17,-16.17,0.0,16.0,16.0,0.0,1.97,1.97,-16.17,-16.17,True,True,True,True,-16.5508,-16.5508,-16.5508,-16.5508,-815484.71,-815484.71,0.0,EXECUTED,EXECUTED
P2-1,161390|KR7161390000|KOSPI|2012-10-04|2026-08-21|161390_01,161390,161390_01,2021-01-08,2021-01-11,,NORMAL_EARLY_TREND_HANDOFF,,,,,EXIT4_SCORE_DRAWDOWN_GE_15,EXIT4_SCORE_DRAWDOWN_GE_15,2021-05-31,2021-05-31,2021-06-01,2021-06-01,27.31,27.31,0.0,97.0,97.0,0.0,40.44,40.44,-2.21,-2.21,True,True,True,True,26.7235,26.7235,26.7235,26.7235,1327025.47,1327025.47,0.0,EXECUTED,EXECUTED
P2-1,161390|KR7161390000|KOSPI|2012-10-04|2026-08-21|161390_02,161390,161390_02,2022-08-05,2022-08-08,,NORMAL_EARLY_TREND_HANDOFF,,,,,LOSS_GUARD_CLOSE_LE_NEG_15,LOSS_GUARD_CLOSE_LE_NEG_15,2022-11-03,2022-11-03,2022-11-04,2022-11-04,-15.05,-15.05,0.0,60.0,60.0,0.0,10.34,10.34,-15.58,-15.58,True,True,True,True,-15.4425,-15.4425,-15.4425,-15.4425,-767755.13,-767755.13,0.0,EXECUTED,EXECUTED
P2-1,161390|KR7161390000|KOSPI|2012-10-04|2026-08-21|161390_03,161390,161390_03,2023-11-24,2023-11-27,,NORMAL_EARLY_TREND_HANDOFF,,,,,EXIT4_SCORE_DRAWDOWN_GE_15,EXIT4_SCORE_DRAWDOWN_GE_15,2024-07-31,2024-07-31,2024-08-01,2024-08-01,-1.67,-1.67,0.0,168.0,168.0,0.0,40.67,40.67,-10.33,-10.33,True,True,True,True,-2.0692,-2.0692,-2.0692,-2.0692,-102542.88,-102542.88,0.0,EXECUTED,EXECUTED
P2-1,161890|KR7161890009|KOSPI|2012-10-19|2026-08-21|161890_01,161890,161890_01,2023-08-04,2023-08-07,,NORMAL_EARLY_TREND_HANDOFF,,,,,EXIT3_PROGRESSED_TO_TRANSITION,EXIT3_PROGRESSED_TO_TRANSITION,2024-12-31,2024-12-31,2025-01-02,2025-01-02,14.93,14.93,0.0,342.0,342.0,0.0,62.1,62.1,-11.12,-11.12,True,True,True,True,14.497,14.497,14.497,14.497,718730.99,718730.99,0.0,EXECUTED,EXECUTED
P2-1,175330|KR7175330000|KOSPI|2013-07-18|2026-08-21|175330_01,175330,175330_01,2021-01-08,2021-01-11,,NORMAL_EARLY_TREND_HANDOFF,,,,,EXIT4_SCORE_DRAWDOWN_GE_15,EXIT4_SCORE_DRAWDOWN_GE_15,2024-10-31,2024-10-31,2024-11-01,2024-11-01,210.99,210.99,0.0,938.0,938.0,0.0,226.53,226.53,-9.95,-9.95,True,True,True,True,209.7217,209.7217,209.7217,209.7217,10478892.46,10478892.46,0.0,EXECUTED,EXECUTED
P2-1,178320|KR7178320008|KOSDAQ|2017-03-27|2026-08-21|178320_01,178320,178320_01,2024-05-03,2024-05-07,,NORMAL_EARLY_TREND_HANDOFF,,,,,EXIT4_SCORE_DRAWDOWN_GE_15,EXIT4_SCORE_DRAWDOWN_GE_15,2024-08-31,2024-08-31,2024-09-02,2024-09-02,-9.17,-9.17,0.0,78.0,78.0,0.0,33.03,33.03,-20.92,-20.92,False,False,False,False,,,,,0.0,0.0,0.0,SKIPPED_CASH_UNAVAILABLE,SKIPPED_CASH_UNAVAILABLE
P2-1,180640|KR7180640005|KOSPI|2013-09-16|2026-08-21|180640_01,180640,180640_01,2023-11-24,2023-11-27,C1_PROGRESSED_WITHOUT_DIRECT_HANDOFF,PROGRESSED_WITHOUT_DIRECT_HANDOFF,2024-04-30,2024-04-30,,,EXIT4_SCORE_DRAWDOWN_GE_15,EXIT4_SCORE_DRAWDOWN_GE_15,2024-11-30,2024-11-30,2024-12-02,2024-12-02,50.83,50.83,0.0,248.0,248.0,0.0,75.42,75.42,-5.36,-5.36,False,False,False,False,,,,,0.0,0.0,0.0,SKIPPED_CASH_UNAVAILABLE,SKIPPED_CASH_UNAVAILABLE
P2-1,181710|KR7181710005|KOSPI|2013-08-29|2026-08-21|181710_01,181710,181710_01,2021-06-25,2021-06-28,,NEVER_PROGRESSED,,,,,LOSS_GUARD_CLOSE_LE_NEG_15,LOSS_GUARD_CLOSE_LE_NEG_15,2021-08-20,2021-08-20,2021-08-23,2021-08-23,-15.74,-15.74,0.0,40.0,40.0,0.0,5.08,5.08,-17.1,-17.1,False,False,False,False,,,,,0.0,0.0,0.0,SKIPPED_CASH_UNAVAILABLE,SKIPPED_CASH_UNAVAILABLE
P2-1,181710|KR7181710005|KOSPI|2013-08-29|2026-08-21|181710_02,181710,181710_02,2021-11-12,2021-11-15,,NEVER_PROGRESSED,,,,,LOSS_GUARD_CLOSE_LE_NEG_15,LOSS_GUARD_CLOSE_LE_NEG_15,2022-01-05,2022-01-05,2022-01-06,2022-01-06,-16.91,-16.91,0.0,38.0,38.0,0.0,7.56,7.56,-17.01,-17.01,True,True,True,True,-17.2882,-17.2882,-17.2882,-17.2882,-856242.73,-856242.73,0.0,EXECUTED,EXECUTED
P2-1,185750|KR7185750007|KOSPI|2013-12-06|2026-08-21|185750_01,185750,185750_01,2023-10-06,2023-10-10,C1_PROGRESSED_WITHOUT_DIRECT_HANDOFF,SKIPPED_EARLY_TREND_HANDOFF,2024-03-31,2024-03-29,2024-12-30,TRANSITION,NO_EXIT_BEFORE_CUTOFF,EXIT3_PROGRESSED_TO_TRANSITION,,2024-12-30,,2025-01-02,-2.17,0.54,2.71,400.0,302.0,-98.0,47.3,47.3,-19.91,-7.42,False,True,False,True,,0.1608,,0.1608,0.0,7979.19,7979.19,SKIPPED_CASH_UNAVAILABLE,EXECUTED
P2-1,192080|KR7192080000|KOSPI|2019-03-12|2026-08-21|192080_01,192080,192080_01,2024-02-16,2024-02-19,,NEVER_PROGRESSED,,,,,LOSS_GUARD_CLOSE_LE_NEG_15,LOSS_GUARD_CLOSE_LE_NEG_15,2024-04-11,2024-04-11,2024-04-12,2024-04-12,-15.53,-15.53,0.0,38.0,38.0,0.0,5.32,5.32,-16.38,-16.38,False,False,False,False,,,,,0.0,0.0,0.0,SKIPPED_CASH_UNAVAILABLE,SKIPPED_CASH_UNAVAILABLE
P2-1,192080|KR7192080000|KOSPI|2019-03-12|2026-08-21|192080_02,192080,192080_02,2024-08-23,2024-08-26,,NEVER_PROGRESSED,,,,,NO_PROGRESSED_BEFORE_CUTOFF,NO_PROGRESSED_BEFORE_CUTOFF,,,,,0.4,0.4,0.0,183.0,183.0,0.0,13.66,13.66,-9.8,-9.8,True,True,False,False,,,0.2807,0.2807,13907.91,13907.91,0.0,EXECUTED,EXECUTED
P2-1,192820|KR7192820009|KOSPI|2014-04-07|2026-08-21|192820_01,192820,192820_01,2021-04-16,2021-04-19,,NORMAL_EARLY_TREND_HANDOFF,,,,,EXIT4_SCORE_DRAWDOWN_GE_15,EXIT4_SCORE_DRAWDOWN_GE_15,2023-11-30,2023-11-30,2023-12-01,2023-12-01,-14.03,-14.03,0.0,649.0,649.0,0.0,22.42,22.42,-67.14,-67.14,False,False,False,False,,,,,0.0,0.0,0.0,SKIPPED_CASH_UNAVAILABLE,SKIPPED_CASH_UNAVAILABLE
P2-1,195870|KR7195870001|KOSPI|2016-06-24|2026-08-21|195870_01,195870,195870_01,2023-06-30,2023-07-03,,NEVER_PROGRESSED,,,,,LOSS_GUARD_CLOSE_LE_NEG_15,LOSS_GUARD_CLOSE_LE_NEG_15,2023-10-19,2023-10-19,2023-10-20,2023-10-20,-18.03,-18.03,0.0,74.0,74.0,0.0,31.8,31.8,-18.03,-18.03,False,False,False,False,,,,,0.0,0.0,0.0,SKIPPED_CASH_UNAVAILABLE,SKIPPED_CASH_UNAVAILABLE
P2-1,196170|KR7196170005|KOSDAQ|2014-12-12|2026-08-21|196170_01,196170,196170_01,2023-11-24,2023-11-27,,NORMAL_EARLY_TREND_HANDOFF,,,,,EXIT4_SCORE_DRAWDOWN_GE_15,EXIT4_SCORE_DRAWDOWN_GE_15,2024-02-29,2024-02-29,2024-03-04,2024-03-04,115.94,115.94,0.0,65.0,65.0,0.0,139.1,139.1,-9.95,-9.95,False,False,False,False,,,,,0.0,0.0,0.0,SKIPPED_CASH_UNAVAILABLE,SKIPPED_CASH_UNAVAILABLE
P2-1,204320|KR7204320006|KOSPI|2014-10-06|2026-08-21|204320_01,204320,204320_01,2022-07-29,2022-08-01,,NEVER_PROGRESSED,,,,,LOSS_GUARD_CLOSE_LE_NEG_15,LOSS_GUARD_CLOSE_LE_NEG_15,2022-09-26,2022-09-26,2022-09-27,2022-09-27,-17.23,-17.23,0.0,39.0,39.0,0.0,3.39,3.39,-18.3,-18.3,True,True,True,True,-17.6122,-17.6122,-17.6122,-17.6122,-878804.01,-878804.01,0.0,EXECUTED,EXECUTED
P2-1,204320|KR7204320006|KOSPI|2014-10-06|2026-08-21|204320_02,204320,204320_02,2023-06-30,2023-07-03,,NEVER_PROGRESSED,,,,,LOSS_GUARD_CLOSE_LE_NEG_15,LOSS_GUARD_CLOSE_LE_NEG_15,2023-08-02,2023-08-02,2023-08-03,2023-08-03,-16.67,-16.67,0.0,24.0,24.0,0.0,0.93,0.93,-16.67,-16.67,False,False,False,False,,,,,0.0,0.0,0.0,SKIPPED_CASH_UNAVAILABLE,SKIPPED_CASH_UNAVAILABLE
P2-1,204320|KR7204320006|KOSPI|2014-10-06|2026-08-21|204320_03,204320,204320_03,2024-06-07,2024-06-10,,NEVER_PROGRESSED,,,,,LOSS_GUARD_CLOSE_LE_NEG_15,LOSS_GUARD_CLOSE_LE_NEG_15,2024-07-25,2024-07-25,2024-07-26,2024-07-26,-16.97,-16.97,0.0,35.0,35.0,0.0,3.71,3.71,-18.35,-18.35,True,True,True,True,-17.307,-17.307,-17.307,-17.307,-857812.8,-857812.8,0.0,EXECUTED,EXECUTED
P2-1,204320|KR7204320006|KOSPI|2014-10-06|2026-08-21|204320_04,204320,204320_04,2025-01-17,2025-01-20,,NEVER_PROGRESSED,,,,,LOSS_GUARD_CLOSE_LE_NEG_15,LOSS_GUARD_CLOSE_LE_NEG_15,2025-03-31,2025-03-31,2025-04-01,2025-04-01,-15.6,-15.6,0.0,47.0,47.0,0.0,3.3,3.3,-16.59,-16.59,True,True,True,True,-15.9246,-15.9246,-15.9246,-15.9246,-790689.1,-790689.1,0.0,EXECUTED,EXECUTED
P2-1,207940|KR7207940008|KOSPI|2016-11-10|2026-08-21|207940_01,207940,207940_01,2022-07-29,2022-08-01,,NEVER_PROGRESSED,,,,,LOSS_GUARD_CLOSE_LE_NEG_15,LOSS_GUARD_CLOSE_LE_NEG_15,2023-07-07,2023-07-07,2023-07-10,2023-07-10,-16.1,-16.1,0.0,233.0,233.0,0.0,7.58,7.58,-16.57,-16.57,True,True,True,True,-16.4629,-16.4629,-16.4629,-16.4629,-623648.01,-623648.01,0.0,EXECUTED,EXECUTED
P2-1,207940|KR7207940008|KOSPI|2016-11-10|2026-08-21|207940_02,207940,207940_02,2024-02-02,2024-02-05,,NEVER_PROGRESSED,,,,,NO_PROGRESSED_BEFORE_CUTOFF,NO_PROGRESSED_BEFORE_CUTOFF,,,,,21.27,21.27,0.0,319.0,319.0,0.0,42.07,42.07,-15.28,-15.28,True,True,False,False,,,21.1298,21.1298,794836.47,794836.47,0.0,EXECUTED,EXECUTED
P2-1,214150|KR7214150005|KOSDAQ|2017-12-28|2026-08-21|214150_01,214150,214150_01,2021-06-18,2021-06-21,,NORMAL_EARLY_TREND_HANDOFF,,,,,EXIT4_SCORE_DRAWDOWN_GE_15,EXIT4_SCORE_DRAWDOWN_GE_15,2022-06-30,2022-06-30,2022-07-01,2022-07-01,-26.17,-26.17,0.0,255.0,255.0,0.0,40.93,40.93,-28.5,-28.5,False,False,False,False,,,,,0.0,0.0,0.0,SKIPPED_CASH_UNAVAILABLE,SKIPPED_CASH_UNAVAILABLE
P2-1,214150|KR7214150005|KOSDAQ|2017-12-28|2026-08-21|214150_02,214150,214150_02,2022-12-02,2022-12-05,,NORMAL_EARLY_TREND_HANDOFF,,,,,EXIT4_SCORE_DRAWDOWN_GE_15,EXIT4_SCORE_DRAWDOWN_GE_15,2023-09-30,2023-09-30,2023-10-04,2023-10-04,87.85,87.85,0.0,205.0,205.0,0.0,112.66,112.66,-14.68,-14.68,False,True,False,True,,87.0417,,87.0417,0.0,4337045.82,4337045.82,SKIPPED_CASH_UNAVAILABLE,EXECUTED
P2-1,214320|KR7214320004|KOSPI|2015-07-17|2026-08-21|214320_01,214320,214320_01,2021-01-08,2021-01-11,,NEVER_PROGRESSED,,,,,LOSS_GUARD_CLOSE_LE_NEG_15,LOSS_GUARD_CLOSE_LE_NEG_15,2021-08-20,2021-08-20,2021-08-23,2021-08-23,-16.74,-16.74,0.0,155.0,155.0,0.0,1.32,1.32,-17.33,-17.33,True,True,True,True,-17.1225,-17.1225,-17.1225,-17.1225,-852187.49,-852187.49,0.0,EXECUTED,EXECUTED
P2-1,214450|KR7214450009|KOSDAQ|2015-07-24|2026-08-21|214450_01,214450,214450_01,2023-04-28,2023-05-02,,NORMAL_EARLY_TREND_HANDOFF,,,,,EXIT4_SCORE_DRAWDOWN_GE_15,EXIT4_SCORE_DRAWDOWN_GE_15,2023-10-31,2023-10-31,2023-11-01,2023-11-01,14.76,14.76,0.0,123.0,123.0,0.0,54.64,54.64,-5.18,-5.18,False,False,False,False,,,,,0.0,0.0,0.0,SKIPPED_CASH_UNAVAILABLE,SKIPPED_CASH_UNAVAILABLE
P2-1,222800|KR7222800005|KOSDAQ|2015-08-07|2026-08-21|222800_01,222800,222800_01,2023-06-30,2023-07-03,,NEVER_PROGRESSED,,,,,LOSS_GUARD_CLOSE_LE_NEG_15,LOSS_GUARD_CLOSE_LE_NEG_15,2024-02-23,2024-02-23,2024-02-26,2024-02-26,-15.94,-15.94,0.0,160.0,160.0,0.0,24.93,24.93,-15.94,-15.94,False,False,False,False,,,,,0.0,0.0,0.0,SKIPPED_CASH_UNAVAILABLE,SKIPPED_CASH_UNAVAILABLE
P2-1,225570|KR7225570001|KOSDAQ|2017-06-12|2026-08-21|225570_01,225570,225570_01,2023-03-31,2023-04-03,,NEVER_PROGRESSED,,,,,LOSS_GUARD_CLOSE_LE_NEG_15,LOSS_GUARD_CLOSE_LE_NEG_15,2023-09-21,2023-09-21,2023-09-22,2023-09-22,-17.63,-17.63,0.0,120.0,120.0,0.0,40.16,40.16,-17.63,-17.63,True,True,True,True,-17.9843,-17.9843,-17.9843,-17.9843,-896731.92,-896731.92,0.0,EXECUTED,EXECUTED
P2-1,237690|KR7237690003|KOSDAQ|2016-06-23|2026-08-21|237690_01,237690,237690_01,2022-08-05,2022-08-08,,NEVER_PROGRESSED,,,,,LOSS_GUARD_CLOSE_LE_NEG_15,LOSS_GUARD_CLOSE_LE_NEG_15,2022-08-23,2022-08-23,2022-08-24,2022-08-24,-14.11,-14.11,0.0,12.0,12.0,0.0,2.89,2.89,-15.43,-15.43,True,True,True,True,-14.5049,-14.5049,-14.5049,-14.5049,-712470.96,-712470.96,0.0,EXECUTED,EXECUTED
P2-1,237690|KR7237690003|KOSDAQ|2016-06-23|2026-08-21|237690_02,237690,237690_02,2024-05-03,2024-05-07,,NEVER_PROGRESSED,,,,,LOSS_GUARD_CLOSE_LE_NEG_15,LOSS_GUARD_CLOSE_LE_NEG_15,2024-06-28,2024-06-28,2024-07-01,2024-07-01,-15.92,-15.92,0.0,38.0,38.0,0.0,11.47,11.47,-15.92,-15.92,False,False,False,False,,,,,0.0,0.0,0.0,SKIPPED_CASH_UNAVAILABLE,SKIPPED_CASH_UNAVAILABLE
P2-1,237690|KR7237690003|KOSDAQ|2016-06-23|2026-08-21|237690_03,237690,237690_03,2024-10-11,2024-10-14,,NEVER_PROGRESSED,,,,,LOSS_GUARD_CLOSE_LE_NEG_15,LOSS_GUARD_CLOSE_LE_NEG_15,2024-10-28,2024-10-28,2024-10-29,2024-10-29,-14.44,-14.44,0.0,12.0,12.0,0.0,3.09,3.09,-15.62,-15.62,False,False,False,False,,,,,0.0,0.0,0.0,SKIPPED_CASH_UNAVAILABLE,SKIPPED_CASH_UNAVAILABLE
P2-1,241560|KR7241560002|KOSPI|2016-11-18|2026-08-21|241560_01,241560,241560_01,2021-03-26,2021-03-29,,NORMAL_EARLY_TREND_HANDOFF,,,,,EXIT4_SCORE_DRAWDOWN_GE_15,EXIT4_SCORE_DRAWDOWN_GE_15,2021-08-31,2021-08-31,2021-09-01,2021-09-01,5.06,5.06,0.0,110.0,110.0,0.0,46.49,46.49,-2.59,-2.59,False,False,False,False,,,,,0.0,0.0,0.0,SKIPPED_CASH_UNAVAILABLE,SKIPPED_CASH_UNAVAILABLE
P2-1,241560|KR7241560002|KOSPI|2016-11-18|2026-08-21|241560_02,241560,241560_02,2023-04-28,2023-05-02,,NORMAL_EARLY_TREND_HANDOFF,,,,,EXIT4_SCORE_DRAWDOWN_GE_15,EXIT4_SCORE_DRAWDOWN_GE_15,2023-10-31,2023-10-31,2023-11-01,2023-11-01,-23.72,-23.72,0.0,123.0,123.0,0.0,32.41,32.41,-24.21,-24.21,False,False,False,False,,,,,0.0,0.0,0.0,SKIPPED_CASH_UNAVAILABLE,SKIPPED_CASH_UNAVAILABLE
P2-1,241560|KR7241560002|KOSPI|2016-11-18|2026-08-21|241560_03,241560,241560_03,2025-01-24,2025-01-31,,NEVER_PROGRESSED,,,,,LOSS_GUARD_CLOSE_LE_NEG_15,LOSS_GUARD_CLOSE_LE_NEG_15,2025-04-07,2025-04-07,2025-04-08,2025-04-08,-15.2,-15.2,0.0,47.0,47.0,0.0,2.73,2.73,-19.2,-19.2,False,True,False,True,,-15.5264,,-15.5264,0.0,-773497.97,-773497.97,SKIPPED_CASH_UNAVAILABLE,EXECUTED
P2-1,241590|KR7241590009|KOSPI|2016-10-04|2026-08-21|241590_01,241590,241590_01,2021-03-12,2021-03-15,,NEVER_PROGRESSED,,,,,LOSS_GUARD_CLOSE_LE_NEG_15,LOSS_GUARD_CLOSE_LE_NEG_15,2022-01-26,2022-01-26,2022-01-27,2022-01-27,-15.92,-15.92,0.0,220.0,220.0,0.0,33.03,33.03,-18.92,-18.92,True,True,True,True,-16.3021,-16.3021,-16.3021,-16.3021,-812507.29,-812507.29,0.0,EXECUTED,EXECUTED
P2-1,253450|KR7253450001|KOSDAQ|2017-11-24|2026-08-21|253450_01,253450,253450_01,2021-04-09,2021-04-12,,NEVER_PROGRESSED,,,,,LOSS_GUARD_CLOSE_LE_NEG_15,LOSS_GUARD_CLOSE_LE_NEG_15,2021-08-13,2021-08-13,2021-08-17,2021-08-17,-15.86,-15.86,0.0,89.0,89.0,0.0,1.13,1.13,-16.9,-16.9,False,False,False,False,,,,,0.0,0.0,0.0,SKIPPED_CASH_UNAVAILABLE,SKIPPED_CASH_UNAVAILABLE
P2-1,253450|KR7253450001|KOSDAQ|2017-11-24|2026-08-21|253450_02,253450,253450_02,2023-01-06,2023-01-09,,NEVER_PROGRESSED,,,,,LOSS_GUARD_CLOSE_LE_NEG_15,LOSS_GUARD_CLOSE_LE_NEG_15,2023-04-10,2023-04-10,2023-04-11,2023-04-11,-16.13,-16.13,0.0,64.0,64.0,0.0,4.06,4.06,-16.63,-16.63,True,True,True,True,-16.4931,-16.4931,-16.4931,-16.4931,-817873.41,-817873.41,0.0,EXECUTED,EXECUTED
P2-1,263750|KR7263750002|KOSDAQ|2017-09-14|2026-08-21|263750_01,263750,263750_01,2021-01-08,2021-01-11,,NORMAL_EARLY_TREND_HANDOFF,,,,,EXIT4_SCORE_DRAWDOWN_GE_15,EXIT4_SCORE_DRAWDOWN_GE_15,2021-06-30,2021-06-30,2021-07-01,2021-07-01,46.35,46.35,0.0,116.0,116.0,0.0,54.62,54.62,-2.46,-2.46,True,True,True,True,45.6741,45.6741,45.6741,45.6741,2282672.03,2282672.03,0.0,EXECUTED,EXECUTED
P2-1,267250|KR7267250009|KOSPI|2017-05-10|2026-08-21|267250_01,267250,267250_01,2021-06-04,2021-06-07,,NEVER_PROGRESSED,,,,,LOSS_GUARD_CLOSE_LE_NEG_15,LOSS_GUARD_CLOSE_LE_NEG_15,2021-08-19,2021-08-19,2021-08-20,2021-08-20,-17.14,-17.14,0.0,54.0,54.0,0.0,0.0,0.0,-17.27,-17.27,True,True,True,True,-17.5234,-17.5234,-17.5234,-17.5234,-864544.98,-864544.98,0.0,EXECUTED,EXECUTED
P2-1,267250|KR7267250009|KOSPI|2017-05-10|2026-08-21|267250_02,267250,267250_02,2022-06-03,2022-06-07,,NEVER_PROGRESSED,,,,,LOSS_GUARD_CLOSE_LE_NEG_15,LOSS_GUARD_CLOSE_LE_NEG_15,2022-07-06,2022-07-06,2022-07-07,2022-07-07,-17.62,-17.62,0.0,23.0,23.0,0.0,4.76,4.76,-18.89,-18.89,True,True,True,True,-17.9974,-17.9974,-17.9974,-17.9974,-896759.6,-896759.6,0.0,EXECUTED,EXECUTED
P2-1,267250|KR7267250009|KOSPI|2017-05-10|2026-08-21|267250_03,267250,267250_03,2022-08-12,2022-08-16,,NEVER_PROGRESSED,,,,,NO_PROGRESSED_BEFORE_CUTOFF,NO_PROGRESSED_BEFORE_CUTOFF,,,,,87.73,87.73,0.0,682.0,682.0,0.0,95.29,95.29,-10.42,-10.42,True,True,False,False,,,87.5154,87.5154,4326919.98,4326919.98,0.0,EXECUTED,EXECUTED
P2-1,267270|KR7267270007|KOSPI|2017-05-10|2026-08-21|267270_01,267270,267270_01,2022-12-02,2022-12-05,C1_PROGRESSED_WITHOUT_DIRECT_HANDOFF,PROGRESSED_WITHOUT_DIRECT_HANDOFF,2023-05-31,2023-05-31,,,EXIT4_SCORE_DRAWDOWN_GE_15,EXIT4_SCORE_DRAWDOWN_GE_15,2023-08-31,2023-08-31,2023-09-01,2023-09-01,26.41,26.41,0.0,186.0,186.0,0.0,63.73,63.73,-14.79,-14.79,False,True,False,True,,25.8658,,25.8658,0.0,1279653.06,1279653.06,SKIPPED_CASH_UNAVAILABLE,EXECUTED
P2-1,267270|KR7267270007|KOSPI|2017-05-10|2026-08-21|267270_02,267270,267270_02,2025-01-24,2025-01-31,,NEVER_PROGRESSED,,,,,LOSS_GUARD_CLOSE_LE_NEG_15,LOSS_GUARD_CLOSE_LE_NEG_15,2025-04-07,2025-04-07,2025-04-08,2025-04-08,-19.24,-19.24,0.0,47.0,47.0,0.0,29.42,29.42,-20.65,-20.65,False,False,False,False,,,,,0.0,0.0,0.0,SKIPPED_CASH_UNAVAILABLE,SKIPPED_CASH_UNAVAILABLE
P2-1,271560|KR7271560005|KOSPI|2017-07-07|2026-08-21|271560_01,271560,271560_01,2022-12-02,2022-12-05,,NEVER_PROGRESSED,,,,,LOSS_GUARD_CLOSE_LE_NEG_15,LOSS_GUARD_CLOSE_LE_NEG_15,2024-01-16,2024-01-16,2024-01-17,2024-01-17,-15.58,-15.58,0.0,276.0,276.0,0.0,28.23,28.23,-16.88,-16.88,True,True,True,True,-15.93,-15.93,-15.93,-15.93,-792071.92,-792071.92,0.0,EXECUTED,EXECUTED
P2-1,271560|KR7271560005|KOSPI|2017-07-07|2026-08-21|271560_02,271560,271560_02,2025-04-04,2025-04-07,,NEVER_PROGRESSED,,,,,NO_PROGRESSED_BEFORE_CUTOFF,NO_PROGRESSED_BEFORE_CUTOFF,,,,,-1.52,-1.52,0.0,37.0,37.0,0.0,13.56,13.56,-2.05,-2.05,True,True,False,False,,,-1.6296,-1.6296,-80473.0,-80473.0,0.0,EXECUTED,EXECUTED
P2-1,272210|KR7272210006|KOSPI|2019-11-13|2026-08-21|272210_01,272210,272210_01,2023-06-30,2023-07-03,,SKIPPED_EARLY_TREND_HANDOFF,,,,,LOSS_GUARD_CLOSE_LE_NEG_15,LOSS_GUARD_CLOSE_LE_NEG_15,2023-09-19,2023-09-19,2023-09-20,2023-09-20,-15.2,-15.2,0.0,57.0,57.0,0.0,19.73,19.73,-15.74,-15.74,True,True,True,True,-15.5667,-15.5667,-15.5667,-15.5667,-777299.85,-777299.85,0.0,EXECUTED,EXECUTED
P2-1,272210|KR7272210006|KOSPI|2019-11-13|2026-08-21|272210_02,272210,272210_02,2024-03-08,2024-03-11,C1_PROGRESSED_WITHOUT_DIRECT_HANDOFF,SKIPPED_EARLY_TREND_HANDOFF,2024-09-30,2024-09-30,,,EXIT4_SCORE_DRAWDOWN_GE_15,EXIT4_SCORE_DRAWDOWN_GE_15,2025-02-28,2025-02-28,2025-03-04,2025-03-04,75.18,75.18,0.0,237.0,237.0,0.0,108.22,108.22,-10.22,-10.22,True,False,True,False,74.5158,,74.5158,,3721697.31,0.0,-3721697.31,EXECUTED,SKIPPED_CASH_UNAVAILABLE
P2-1,277810|KR7277810008|KOSDAQ|2021-02-03|2026-08-21|277810_01,277810,277810_01,2025-01-10,2025-01-13,,NORMAL_EARLY_TREND_HANDOFF,,,,,EXIT4_SCORE_DRAWDOWN_GE_15,EXIT4_SCORE_DRAWDOWN_GE_15,2025-04-30,2025-04-30,2025-05-02,2025-05-02,17.54,17.54,0.0,74.0,74.0,0.0,88.16,88.16,-0.66,-0.66,True,True,True,True,17.0979,17.0979,17.0979,17.0979,819588.17,819588.17,0.0,EXECUTED,EXECUTED
P2-1,278280|KR7278280003|KOSDAQ|2019-02-11|2026-08-21|278280_01,278280,278280_01,2023-04-07,2023-04-10,,NEVER_PROGRESSED,,,,,LOSS_GUARD_CLOSE_LE_NEG_15,LOSS_GUARD_CLOSE_LE_NEG_15,2023-04-21,2023-04-21,2023-04-24,2023-04-24,-14.9,-14.9,0.0,11.0,11.0,0.0,7.54,7.54,-16.88,-16.88,False,False,False,False,,,,,0.0,0.0,0.0,SKIPPED_CASH_UNAVAILABLE,SKIPPED_CASH_UNAVAILABLE
P2-1,280360|KR7280360009|KOSPI|2017-10-30|2026-08-21|280360_01,280360,280360_01,2022-09-23,2022-09-26,,PROGRESSED_WITHOUT_DIRECT_HANDOFF,,,,,LOSS_GUARD_CLOSE_LE_NEG_15,LOSS_GUARD_CLOSE_LE_NEG_15,2023-03-14,2023-03-14,2023-03-15,2023-03-15,-14.14,-14.14,0.0,117.0,117.0,0.0,5.7,5.7,-15.51,-15.51,True,True,True,True,-14.5131,-14.5131,-14.5131,-14.5131,-706945.57,-706945.57,0.0,EXECUTED,EXECUTED
P2-1,280360|KR7280360009|KOSPI|2017-10-30|2026-08-21|280360_02,280360,280360_02,2023-11-03,2023-11-06,C1_PROGRESSED_WITHOUT_DIRECT_HANDOFF,PROGRESSED_WITHOUT_DIRECT_HANDOFF,2024-10-31,2024-10-31,2024-11-29,WEAK,NO_EXIT_BEFORE_CUTOFF,EXIT3_PROGRESSED_TO_WEAK,,2024-11-29,,2024-12-02,1.53,-4.34,-5.87,381.0,263.0,-118.0,77.6,77.6,-15.25,-12.27,True,True,False,True,,-4.7357,1.4166,-4.7357,69928.84,-233775.93,-303704.77,EXECUTED,EXECUTED
P2-1,282330|KR7282330000|KOSPI|2017-12-08|2026-08-21|282330_01,282330,282330_01,2021-01-29,2021-02-01,,NEVER_PROGRESSED,,,,,LOSS_GUARD_CLOSE_LE_NEG_15,LOSS_GUARD_CLOSE_LE_NEG_15,2022-01-04,2022-01-04,2022-01-05,2022-01-05,-16.37,-16.37,0.0,231.0,231.0,0.0,14.88,14.88,-16.37,-16.37,True,True,True,True,-16.7531,-16.7531,-16.7531,-16.7531,-817150.57,-817150.57,0.0,EXECUTED,EXECUTED
P2-1,282330|KR7282330000|KOSPI|2017-12-08|2026-08-21|282330_02,282330,282330_02,2022-05-13,2022-05-16,,NEVER_PROGRESSED,,,,,LOSS_GUARD_CLOSE_LE_NEG_15,LOSS_GUARD_CLOSE_LE_NEG_15,2022-08-12,2022-08-12,2022-08-16,2022-08-16,-16.12,-16.12,0.0,64.0,64.0,0.0,2.77,2.77,-16.12,-16.12,True,True,True,True,-16.5061,-16.5061,-16.5061,-16.5061,-820058.05,-820058.05,0.0,EXECUTED,EXECUTED
P2-1,282330|KR7282330000|KOSPI|2017-12-08|2026-08-21|282330_03,282330,282330_03,2022-11-25,2022-11-28,,NEVER_PROGRESSED,,,,,LOSS_GUARD_CLOSE_LE_NEG_15,LOSS_GUARD_CLOSE_LE_NEG_15,2023-07-04,2023-07-04,2023-07-05,2023-07-05,-16.46,-16.46,0.0,150.0,150.0,0.0,7.86,7.86,-16.46,-16.46,True,True,True,True,-16.8206,-16.8206,-16.8206,-16.8206,-822460.56,-822460.56,0.0,EXECUTED,EXECUTED
P2-1,284740|KR7284740008|KOSPI|2018-01-11|2026-08-21|284740_01,284740,284740_01,2021-05-14,2021-05-17,,NEVER_PROGRESSED,,,,,LOSS_GUARD_CLOSE_LE_NEG_15,LOSS_GUARD_CLOSE_LE_NEG_15,2021-11-11,2021-11-11,2021-11-12,2021-11-12,-17.1,-17.1,0.0,123.0,123.0,0.0,12.9,12.9,-17.53,-17.53,False,False,False,False,,,,,0.0,0.0,0.0,SKIPPED_CASH_UNAVAILABLE,SKIPPED_CASH_UNAVAILABLE
P2-1,298020|KR7298020009|KOSPI|2018-07-13|2026-08-21|298020_01,298020,298020_01,2024-05-17,2024-05-20,,NEVER_PROGRESSED,,,,,LOSS_GUARD_CLOSE_LE_NEG_15,LOSS_GUARD_CLOSE_LE_NEG_15,2024-06-18,2024-06-18,2024-06-19,2024-06-19,-15.54,-15.54,0.0,22.0,22.0,0.0,0.96,0.96,-17.23,-17.23,False,False,False,False,,,,,0.0,0.0,0.0,SKIPPED_CASH_UNAVAILABLE,SKIPPED_CASH_UNAVAILABLE
P2-1,298380|KR7298380007|KOSDAQ|2018-12-19|2026-08-21|298380_01,298380,298380_01,2024-01-05,2024-01-08,,NORMAL_EARLY_TREND_HANDOFF,,,,,LOSS_GUARD_CLOSE_LE_NEG_15,LOSS_GUARD_CLOSE_LE_NEG_15,2024-02-08,2024-02-08,2024-02-13,2024-02-13,-15.14,-15.14,0.0,25.0,25.0,0.0,4.9,4.9,-19.15,-19.15,True,True,True,True,-15.486,-15.486,-15.486,-15.486,-770755.09,-770755.09,0.0,EXECUTED,EXECUTED
P2-1,298380|KR7298380007|KOSDAQ|2018-12-19|2026-08-21|298380_02,298380,298380_02,2024-03-08,2024-03-11,,NORMAL_EARLY_TREND_HANDOFF,,,,,LOSS_GUARD_CLOSE_LE_NEG_15,LOSS_GUARD_CLOSE_LE_NEG_15,2024-04-04,2024-04-04,2024-04-05,2024-04-05,-17.77,-17.77,0.0,20.0,20.0,0.0,6.27,6.27,-17.77,-17.77,False,False,False,False,,,,,0.0,0.0,0.0,SKIPPED_CASH_UNAVAILABLE,SKIPPED_CASH_UNAVAILABLE
P2-1,300720|KR7300720000|KOSPI|2018-08-06|2026-08-21|300720_01,300720,300720_01,2024-12-20,2024-12-23,,NEVER_PROGRESSED,,,,,NO_PROGRESSED_BEFORE_CUTOFF,NO_PROGRESSED_BEFORE_CUTOFF,,,,,12.13,12.13,0.0,104.0,104.0,0.0,15.67,15.67,-12.62,-12.62,True,True,False,False,,,12.0053,12.0053,599225.81,599225.81,0.0,EXECUTED,EXECUTED
P2-1,307950|KR7307950006|KOSPI|2019-03-28|2026-08-21|307950_01,307950,307950_01,2023-04-14,2023-04-17,C1_PROGRESSED_WITHOUT_DIRECT_HANDOFF,PROGRESSED_WITHOUT_DIRECT_HANDOFF,2024-01-31,2024-01-31,2024-09-30,TRANSITION,NO_EXIT_BEFORE_CUTOFF,EXIT3_PROGRESSED_TO_TRANSITION,,2024-09-30,,2024-10-02,13.81,23.41,9.6,516.0,357.0,-159.0,108.73,108.73,-15.08,-9.13,False,False,False,False,,,,,0.0,0.0,0.0,SKIPPED_CASH_UNAVAILABLE,SKIPPED_CASH_UNAVAILABLE
P2-1,316140|KR7316140003|KOSPI|2019-02-13|2026-08-21|316140_01,316140,316140_01,2023-01-27,2023-01-30,,NEVER_PROGRESSED,,,,,LOSS_GUARD_CLOSE_LE_NEG_15,LOSS_GUARD_CLOSE_LE_NEG_15,2023-03-10,2023-03-10,2023-03-13,2023-03-13,-16.42,-16.42,0.0,30.0,30.0,0.0,0.37,0.37,-16.42,-16.42,False,False,False,False,,,,,0.0,0.0,0.0,SKIPPED_CASH_UNAVAILABLE,SKIPPED_CASH_UNAVAILABLE
P2-1,316140|KR7316140003|KOSPI|2019-02-13|2026-08-21|316140_02,316140,316140_02,2023-10-06,2023-10-10,,NEVER_PROGRESSED,,,,,NO_PROGRESSED_BEFORE_CUTOFF,NO_PROGRESSED_BEFORE_CUTOFF,,,,,54.53,54.53,0.0,400.0,400.0,0.0,57.98,57.98,-6.98,-6.98,True,True,False,False,,,54.3533,54.3533,2714263.05,2714263.05,0.0,EXECUTED,EXECUTED
P2-1,323410|KR7323410001|KOSPI|2021-08-06|2026-08-21|323410_01,323410,323410_01,2024-12-06,2024-12-09,,NEVER_PROGRESSED,,,,,NO_PROGRESSED_BEFORE_CUTOFF,NO_PROGRESSED_BEFORE_CUTOFF,,,,,1.51,1.51,0.0,114.0,114.0,0.0,9.94,9.94,-14.47,-14.47,True,True,False,False,,,1.3953,1.3953,69525.42,69525.42,0.0,EXECUTED,EXECUTED
P2-1,326030|KR7326030004|KOSPI|2020-07-02|2026-08-21|326030_01,326030,326030_01,2024-08-16,2024-08-19,,NEVER_PROGRESSED,,,,,LOSS_GUARD_CLOSE_LE_NEG_15,LOSS_GUARD_CLOSE_LE_NEG_15,2025-05-09,2025-05-09,2025-05-12,2025-05-12,-17.38,-17.38,0.0,174.0,174.0,0.0,20.15,20.15,-17.74,-17.74,True,True,True,True,-17.6887,-17.6887,-17.6887,-17.6887,-881415.6,-881415.6,0.0,EXECUTED,EXECUTED
P2-1,352820|KR7352820005|KOSPI|2020-10-15|2026-08-21|352820_01,352820,352820_01,2024-11-22,2024-11-25,,NEVER_PROGRESSED,,,,,LOSS_GUARD_CLOSE_LE_NEG_15,LOSS_GUARD_CLOSE_LE_NEG_15,2024-12-09,2024-12-09,2024-12-10,2024-12-10,-14.76,-14.76,0.0,12.0,12.0,0.0,1.14,1.14,-17.49,-17.49,True,True,True,True,-15.1097,-15.1097,-15.1097,-15.1097,-730488.84,-730488.84,0.0,EXECUTED,EXECUTED
P2-1,352820|KR7352820005|KOSPI|2020-10-15|2026-08-21|352820_02,352820,352820_02,2025-01-31,2025-02-03,,NEVER_PROGRESSED,,,,,NO_PROGRESSED_BEFORE_CUTOFF,NO_PROGRESSED_BEFORE_CUTOFF,,,,,20.09,20.09,0.0,81.0,81.0,0.0,32.05,32.05,-5.42,-5.42,False,True,False,False,,,,19.9523,0.0,973395.32,973395.32,SKIPPED_CASH_UNAVAILABLE,EXECUTED
P2-1,353200|KR7353200009|KOSPI|2020-05-21|2026-08-21|353200_01,353200,353200_01,2023-06-02,2023-06-05,,NEVER_PROGRESSED,,,,,LOSS_GUARD_CLOSE_LE_NEG_15,LOSS_GUARD_CLOSE_LE_NEG_15,2023-10-26,2023-10-26,2023-10-27,2023-10-27,-16.06,-16.06,0.0,98.0,98.0,0.0,51.63,51.63,-17.4,-17.4,False,False,False,False,,,,,0.0,0.0,0.0,SKIPPED_CASH_UNAVAILABLE,SKIPPED_CASH_UNAVAILABLE
P2-1,357780|KR7357780006|KOSDAQ|2020-08-06|2026-08-21|357780_01,357780,357780_01,2023-08-04,2023-08-07,,NEVER_PROGRESSED,,,,,LOSS_GUARD_CLOSE_LE_NEG_15,LOSS_GUARD_CLOSE_LE_NEG_15,2023-09-11,2023-09-11,2023-09-12,2023-09-12,-15.34,-15.34,0.0,26.0,26.0,0.0,1.33,1.33,-17.42,-17.42,True,True,True,True,-15.7044,-15.7044,-15.7044,-15.7044,-747129.31,-747129.31,0.0,EXECUTED,EXECUTED
P2-1,357780|KR7357780006|KOSDAQ|2020-08-06|2026-08-21|357780_02,357780,357780_02,2023-12-01,2023-12-04,,NEVER_PROGRESSED,,,,,LOSS_GUARD_CLOSE_LE_NEG_15,LOSS_GUARD_CLOSE_LE_NEG_15,2024-08-05,2024-08-05,2024-08-06,2024-08-06,-18.58,-18.58,0.0,166.0,166.0,0.0,24.48,24.48,-23.26,-23.26,True,False,True,False,-18.9097,,-18.9097,,-926883.54,0.0,926883.54,EXECUTED,SKIPPED_CASH_UNAVAILABLE
P2-1,375500|KR7375500006|KOSPI|2021-01-25|2026-08-21|375500_01,375500,375500_01,2025-02-28,2025-03-04,,NEVER_PROGRESSED,,,,,NO_PROGRESSED_BEFORE_CUTOFF,NO_PROGRESSED_BEFORE_CUTOFF,,,,,19.26,19.26,0.0,61.0,61.0,0.0,25.43,25.43,-8.27,-8.27,False,False,False,False,,,,,0.0,0.0,0.0,SKIPPED_CASH_UNAVAILABLE,SKIPPED_CASH_UNAVAILABLE
P2-1,950210|KR8702070002|KOSPI|2021-02-05|2026-08-21|950210_01,950210,950210_01,2024-11-01,2024-11-04,,SKIPPED_EARLY_TREND_HANDOFF,,,,,LOSS_GUARD_CLOSE_LE_NEG_15,LOSS_GUARD_CLOSE_LE_NEG_15,2024-11-25,2024-11-25,2024-11-26,2024-11-26,-15.61,-15.61,0.0,17.0,17.0,0.0,10.72,10.72,-17.18,-17.18,True,True,True,True,-15.9541,-15.9541,-15.9541,-15.9541,-795314.94,-795314.94,0.0,EXECUTED,EXECUTED
P2-2,000080|KR7000080002|KOSPI|2010-01-04|2026-09-01|000080_01,000080,000080_01,2021-07-02,2021-07-05,,NEVER_PROGRESSED,,,,,LOSS_GUARD_CLOSE_LE_NEG_15,LOSS_GUARD_CLOSE_LE_NEG_15,2021-08-19,2021-08-19,2021-08-20,2021-08-20,-15.96,-15.96,0.0,34.0,34.0,0.0,0.82,0.82,-16.23,-16.23,True,True,True,True,-16.3477,-16.3477,-16.3477,-16.3477,-815773.91,-815773.91,0.0,EXECUTED,EXECUTED
P2-2,000100|KR7000100008|KOSPI|2010-01-04|2026-09-01|000100_01,000100,000100_01,2023-06-02,2023-06-05,,NORMAL_EARLY_TREND_HANDOFF,,,,,EXIT4_SCORE_DRAWDOWN_GE_15,EXIT4_SCORE_DRAWDOWN_GE_15,2024-10-31,2024-10-31,2024-11-01,2024-11-01,134.92,134.92,0.0,345.0,345.0,0.0,183.1,183.1,-10.88,-10.88,True,False,True,False,133.9633,,133.9633,,6641786.59,0.0,-6641786.59,EXECUTED,SKIPPED_CASH_UNAVAILABLE
P2-2,000120|KR7000120006|KOSPI|2010-01-04|2026-09-01|000120_01,000120,000120_01,2024-01-05,2024-01-08,,NEVER_PROGRESSED,,,,,LOSS_GUARD_CLOSE_LE_NEG_15,LOSS_GUARD_CLOSE_LE_NEG_15,2024-05-28,2024-05-28,2024-05-29,2024-05-29,-17.04,-17.04,0.0,96.0,96.0,0.0,18.31,18.31,-17.04,-17.04,True,False,True,False,-17.3778,,-17.3778,,-852214.18,0.0,852214.18,EXECUTED,SKIPPED_CASH_UNAVAILABLE
P2-2,000120|KR7000120006|KOSPI|2010-01-04|2026-09-01|000120_02,000120,000120_02,2026-01-30,2026-02-02,,NEVER_PROGRESSED,,,,,LOSS_GUARD_CLOSE_LE_NEG_15,LOSS_GUARD_CLOSE_LE_NEG_15,2026-05-19,2026-05-19,2026-05-20,2026-05-20,-14.5,-14.5,0.0,72.0,72.0,0.0,46.95,46.95,-16.79,-16.79,True,True,True,True,-14.8709,-14.8709,-14.8709,-14.8709,-733321.4,-733321.4,0.0,EXECUTED,EXECUTED
P2-2,000150|KR7000150003|KOSPI|2010-01-04|2026-09-01|000150_01,000150,000150_01,2021-07-02,2021-07-05,,NORMAL_EARLY_TREND_HANDOFF,,,,,EXIT4_SCORE_DRAWDOWN_GE_15,EXIT4_SCORE_DRAWDOWN_GE_15,2021-09-30,2021-09-30,2021-10-01,2021-10-01,0.31,0.31,0.0,61.0,61.0,0.0,20.67,20.67,-13.44,-13.44,False,False,False,False,,,,,0.0,0.0,0.0,SKIPPED_CASH_UNAVAILABLE,SKIPPED_CASH_UNAVAILABLE
P2-2,000150|KR7000150003|KOSPI|2010-01-04|2026-09-01|000150_02,000150,000150_02,2022-11-25,2022-11-28,,NORMAL_EARLY_TREND_HANDOFF,,,,,LOSS_GUARD_CLOSE_LE_NEG_15,LOSS_GUARD_CLOSE_LE_NEG_15,2022-12-27,2022-12-27,2022-12-28,2022-12-28,-16.14,-16.14,0.0,23.0,23.0,0.0,1.85,1.85,-16.14,-16.14,True,True,True,True,-16.5208,-16.5208,-16.5208,-16.5208,-820754.71,-820754.71,0.0,EXECUTED,EXECUTED
P2-2,000150|KR7000150003|KOSPI|2010-01-04|2026-09-01|000150_03,000150,000150_03,2023-03-10,2023-03-13,,NORMAL_EARLY_TREND_HANDOFF,,,,,LOSS_GUARD_CLOSE_LE_NEG_15,LOSS_GUARD_CLOSE_LE_NEG_15,2023-05-03,2023-05-03,2023-05-04,2023-05-04,-14.83,-14.83,0.0,38.0,38.0,0.0,3.92,3.92,-15.11,-15.11,False,False,False,False,,,,,0.0,0.0,0.0,SKIPPED_CASH_UNAVAILABLE,SKIPPED_CASH_UNAVAILABLE
P2-2,000210|KR7000210005|KOSPI|2010-01-04|2026-09-01|000210_01,000210,000210_01,2025-07-04,2025-07-07,,PROGRESSED_WITHOUT_DIRECT_HANDOFF,,,,,LOSS_GUARD_CLOSE_LE_NEG_15,LOSS_GUARD_CLOSE_LE_NEG_15,2025-08-11,2025-08-11,2025-08-12,2025-08-12,-19.96,-19.96,0.0,27.0,27.0,0.0,12.57,12.57,-22.36,-22.36,False,False,False,False,,,,,0.0,0.0,0.0,SKIPPED_CASH_UNAVAILABLE,SKIPPED_CASH_UNAVAILABLE
P2-2,000210|KR7000210005|KOSPI|2010-01-04|2026-09-01|000210_02,000210,000210_02,2026-02-27,2026-03-03,,PROGRESSED_WITHOUT_DIRECT_HANDOFF,,,,,LOSS_GUARD_CLOSE_LE_NEG_15,LOSS_GUARD_CLOSE_LE_NEG_15,2026-03-04,2026-03-04,2026-03-05,2026-03-05,-13.0,-13.0,0.0,3.0,3.0,0.0,4.2,4.2,-19.8,-19.8,False,False,False,False,,,,,0.0,0.0,0.0,SKIPPED_CASH_UNAVAILABLE,SKIPPED_CASH_UNAVAILABLE
P2-2,000210|KR7000210005|KOSPI|2010-01-04|2026-09-01|000210_03,000210,000210_03,2026-03-27,2026-03-30,,PROGRESSED_WITHOUT_DIRECT_HANDOFF,,,,,LOSS_GUARD_CLOSE_LE_NEG_15,LOSS_GUARD_CLOSE_LE_NEG_15,2026-06-08,2026-06-08,2026-06-09,2026-06-09,-21.2,-21.2,0.0,48.0,48.0,0.0,32.82,32.82,-22.48,-22.48,True,True,True,True,-21.5349,-21.5349,-21.5349,-21.5349,-1072053.97,-1072053.97,0.0,EXECUTED,EXECUTED
P2-2,000240|KR7000240002|KOSPI|2010-01-04|2026-09-01|000240_01,000240,000240_01,2021-02-19,2021-02-22,,NORMAL_EARLY_TREND_HANDOFF,,,,,LOSS_GUARD_CLOSE_LE_NEG_15,LOSS_GUARD_CLOSE_LE_NEG_15,2021-02-24,2021-02-24,2021-02-25,2021-02-25,-12.18,-12.18,0.0,4.0,4.0,0.0,7.59,7.59,-18.16,-18.16,False,False,False,False,,,,,0.0,0.0,0.0,SKIPPED_CASH_UNAVAILABLE,SKIPPED_CASH_UNAVAILABLE
P2-2,000240|KR7000240002|KOSPI|2010-01-04|2026-09-01|000240_02,000240,000240_02,2023-12-01,2023-12-04,,NORMAL_EARLY_TREND_HANDOFF,,,,,EXIT3_PROGRESSED_TO_EARLY_TREND,EXIT3_PROGRESSED_TO_EARLY_TREND,2025-11-30,2025-11-30,2025-12-01,2025-12-01,90.01,90.01,0.0,484.0,484.0,0.0,92.87,92.87,-14.96,-14.96,False,False,False,False,,,,,0.0,0.0,0.0,SKIPPED_CASH_UNAVAILABLE,SKIPPED_CASH_UNAVAILABLE
P2-2,000270|KR7000270009|KOSPI|2010-01-04|2026-09-01|000270_01,000270,000270_01,2023-03-31,2023-04-03,,NORMAL_EARLY_TREND_HANDOFF,,,,,EXIT3_PROGRESSED_TO_TRANSITION,EXIT3_PROGRESSED_TO_TRANSITION,2025-01-31,2025-01-31,2025-02-03,2025-02-03,22.94,22.94,0.0,446.0,446.0,0.0,65.64,65.64,-6.01,-6.01,True,True,True,True,22.4783,22.4783,22.4783,22.4783,1118794.78,1118794.78,0.0,EXECUTED,EXECUTED
P2-2,000270|KR7000270009|KOSPI|2010-01-04|2026-09-01|000270_02,000270,000270_02,2025-10-24,2025-10-27,,NORMAL_EARLY_TREND_HANDOFF,,,,,EXIT4_SCORE_DRAWDOWN_GE_15,EXIT4_SCORE_DRAWDOWN_GE_15,2026-05-31,2026-05-31,2026-06-01,2026-06-01,47.75,47.75,0.0,146.0,146.0,0.0,84.14,84.14,-5.63,-5.63,False,False,False,False,,,,,0.0,0.0,0.0,SKIPPED_CASH_UNAVAILABLE,SKIPPED_CASH_UNAVAILABLE
P2-2,000660|KR7000660001|KOSPI|2010-01-04|2026-09-01|000660_01,000660,000660_01,2022-03-04,2022-03-07,,NORMAL_EARLY_TREND_HANDOFF,,,,,LOSS_GUARD_CLOSE_LE_NEG_15,LOSS_GUARD_CLOSE_LE_NEG_15,2022-06-13,2022-06-13,2022-06-14,2022-06-14,-18.57,-18.57,0.0,68.0,68.0,0.0,5.04,5.04,-18.57,-18.57,True,True,True,True,-18.9454,-18.9454,-18.9454,-18.9454,-925408.35,-925408.35,0.0,EXECUTED,EXECUTED
P2-2,000660|KR7000660001|KOSPI|2010-01-04|2026-09-01|000660_02,000660,000660_02,2023-06-02,2023-06-05,,NORMAL_EARLY_TREND_HANDOFF,,,,,EXIT4_SCORE_DRAWDOWN_GE_15,EXIT4_SCORE_DRAWDOWN_GE_15,2024-04-30,2024-04-30,2024-05-02,2024-05-02,53.5,53.5,0.0,224.0,224.0,0.0,73.84,73.84,-3.09,-3.09,True,True,True,True,52.8685,52.8685,52.8685,52.8685,2622381.66,2622381.66,0.0,EXECUTED,EXECUTED
P2-2,000670|KR7000670000|KOSPI|2010-01-04|2026-09-01|000670_01,000670,000670_01,2021-04-30,2021-05-03,,NORMAL_EARLY_TREND_HANDOFF,,,,,LOSS_GUARD_CLOSE_LE_NEG_15,LOSS_GUARD_CLOSE_LE_NEG_15,2022-06-20,2022-06-20,2022-06-21,2022-06-21,-15.66,-15.66,0.0,280.0,280.0,0.0,13.74,13.74,-17.13,-17.13,False,False,False,False,,,,,0.0,0.0,0.0,SKIPPED_CASH_UNAVAILABLE,SKIPPED_CASH_UNAVAILABLE
P2-2,000670|KR7000670000|KOSPI|2010-01-04|2026-09-01|000670_02,000670,000670_02,2022-09-23,2022-09-26,,NORMAL_EARLY_TREND_HANDOFF,,,,,LOSS_GUARD_CLOSE_LE_NEG_15,LOSS_GUARD_CLOSE_LE_NEG_15,2022-10-20,2022-10-20,2022-10-21,2022-10-21,-15.32,-15.32,0.0,18.0,18.0,0.0,2.05,2.05,-16.96,-16.96,True,True,True,True,-15.7093,-15.7093,-15.7093,-15.7093,-779998.81,-779998.81,0.0,EXECUTED,EXECUTED
P2-2,000670|KR7000670000|KOSPI|2010-01-04|2026-09-01|000670_03,000670,000670_03,2022-11-11,2022-11-14,,NORMAL_EARLY_TREND_HANDOFF,,,,,LOSS_GUARD_CLOSE_LE_NEG_15,LOSS_GUARD_CLOSE_LE_NEG_15,2022-12-23,2022-12-23,2022-12-26,2022-12-26,-16.56,-16.56,0.0,31.0,31.0,0.0,19.6,19.6,-17.09,-17.09,True,True,True,True,-16.9398,-16.9398,-16.9398,-16.9398,-844584.31,-844584.31,0.0,EXECUTED,EXECUTED
P2-2,000670|KR7000670000|KOSPI|2010-01-04|2026-09-01|000670_04,000670,000670_04,2025-11-14,2025-11-17,,NORMAL_EARLY_TREND_HANDOFF,,,,,LOSS_GUARD_CLOSE_LE_NEG_15,LOSS_GUARD_CLOSE_LE_NEG_15,2026-01-02,2026-01-02,2026-01-05,2026-01-05,-17.37,-17.37,0.0,33.0,33.0,0.0,30.39,30.39,-18.28,-18.28,True,True,True,True,-17.7236,-17.7236,-17.7236,-17.7236,-879350.31,-879350.31,0.0,EXECUTED,EXECUTED
P2-2,000670|KR7000670000|KOSPI|2010-01-04|2026-09-01|000670_05,000670,000670_05,2026-01-30,2026-02-02,,NORMAL_EARLY_TREND_HANDOFF,,,,,EXIT3_PROGRESSED_TO_WEAK,EXIT3_PROGRESSED_TO_WEAK,2026-07-31,2026-07-31,2026-08-03,2026-08-03,-45.64,-45.64,0.0,122.0,122.0,0.0,18.93,18.93,-48.07,-48.07,True,True,True,True,-45.8782,-45.8782,-45.8782,-45.8782,-2275927.37,-2275927.37,0.0,EXECUTED,EXECUTED
P2-2,000720|KR7000720003|KOSPI|2010-01-04|2026-09-01|000720_01,000720,000720_01,2021-04-30,2021-05-03,,NORMAL_EARLY_TREND_HANDOFF,,,,,EXIT4_SCORE_DRAWDOWN_GE_15,EXIT4_SCORE_DRAWDOWN_GE_15,2021-09-30,2021-09-30,2021-10-01,2021-10-01,5.46,5.46,0.0,102.0,102.0,0.0,24.05,24.05,-3.51,-3.51,False,False,False,False,,,,,0.0,0.0,0.0,SKIPPED_CASH_UNAVAILABLE,SKIPPED_CASH_UNAVAILABLE
P2-2,000720|KR7000720003|KOSPI|2010-01-04|2026-09-01|000720_02,000720,000720_02,2025-03-07,2025-03-10,,NORMAL_EARLY_TREND_HANDOFF,,,,,EXIT4_SCORE_DRAWDOWN_GE_15,EXIT4_SCORE_DRAWDOWN_GE_15,2025-09-30,2025-09-30,2025-10-01,2025-10-01,52.88,52.88,0.0,142.0,142.0,0.0,138.71,138.71,-11.22,-11.22,False,False,False,False,,,,,0.0,0.0,0.0,SKIPPED_CASH_UNAVAILABLE,SKIPPED_CASH_UNAVAILABLE
P2-2,000810|KR7000810002|KOSPI|2010-01-04|2026-09-01|000810_01,000810,000810_01,2021-07-02,2021-07-05,,NORMAL_EARLY_TREND_HANDOFF,,,,,LOSS_GUARD_CLOSE_LE_NEG_15,LOSS_GUARD_CLOSE_LE_NEG_15,2022-03-02,2022-03-02,2022-03-03,2022-03-03,-15.25,-15.25,0.0,163.0,163.0,0.0,13.45,13.45,-16.14,-16.14,True,True,True,True,-15.6359,-15.6359,-15.6359,-15.6359,-767977.55,-767977.55,0.0,EXECUTED,EXECUTED
P2-2,000810|KR7000810002|KOSPI|2010-01-04|2026-09-01|000810_02,000810,000810_02,2022-12-16,2022-12-19,,NORMAL_EARLY_TREND_HANDOFF,,,,,EXIT4_SCORE_DRAWDOWN_GE_15,EXIT4_SCORE_DRAWDOWN_GE_15,2024-06-30,2024-06-30,2024-07-01,2024-07-01,80.9,80.9,0.0,376.0,376.0,0.0,85.61,85.61,-10.14,-10.14,False,False,False,False,,,,,0.0,0.0,0.0,SKIPPED_CASH_UNAVAILABLE,SKIPPED_CASH_UNAVAILABLE
P2-2,000880|KR7000880005|KOSPI|2010-01-04|2026-09-01|000880_01,000880,000880_01,2021-08-27,2021-08-30,,NORMAL_EARLY_TREND_HANDOFF,,,,,EXIT4_SCORE_DRAWDOWN_GE_15,EXIT4_SCORE_DRAWDOWN_GE_15,2025-06-30,2025-06-30,2025-07-01,2025-07-01,184.63,184.63,0.0,938.0,938.0,0.0,193.66,193.66,-39.35,-39.35,True,True,True,True,183.5521,183.5521,183.5521,183.5521,9149664.99,9149664.99,0.0,EXECUTED,EXECUTED
P2-2,000990|KR7000990002|KOSPI|2010-01-04|2026-09-01|000990_01,000990,000990_01,2025-09-19,2025-09-22,,NORMAL_EARLY_TREND_HANDOFF,,,,,EXIT4_SCORE_DRAWDOWN_GE_15,EXIT4_SCORE_DRAWDOWN_GE_15,2026-02-28,2026-02-28,2026-03-03,2026-03-03,61.94,61.94,0.0,105.0,105.0,0.0,96.37,96.37,-9.34,-9.34,False,False,False,False,,,,,0.0,0.0,0.0,SKIPPED_CASH_UNAVAILABLE,SKIPPED_CASH_UNAVAILABLE
P2-2,001040|KR7001040005|KOSPI|2010-01-04|2026-09-01|001040_01,001040,001040_01,2021-01-15,2021-01-18,,NORMAL_EARLY_TREND_HANDOFF,,,,,LOSS_GUARD_CLOSE_LE_NEG_15,LOSS_GUARD_CLOSE_LE_NEG_15,2021-01-29,2021-01-29,2021-02-01,2021-02-01,-17.09,-17.09,0.0,11.0,11.0,0.0,0.88,0.88,-17.27,-17.27,True,True,True,True,-17.4733,-17.4733,-17.4733,-17.4733,-873618.09,-873618.09,0.0,EXECUTED,EXECUTED
P2-2,001040|KR7001040005|KOSPI|2010-01-04|2026-09-01|001040_02,001040,001040_02,2023-01-06,2023-01-09,,NORMAL_EARLY_TREND_HANDOFF,,,,,LOSS_GUARD_CLOSE_LE_NEG_15,LOSS_GUARD_CLOSE_LE_NEG_15,2023-06-29,2023-06-29,2023-06-30,2023-06-30,-16.87,-16.87,0.0,118.0,118.0,0.0,40.71,40.71,-17.24,-17.24,False,False,False,False,,,,,0.0,0.0,0.0,SKIPPED_CASH_UNAVAILABLE,SKIPPED_CASH_UNAVAILABLE
P2-2,001040|KR7001040005|KOSPI|2010-01-04|2026-09-01|001040_03,001040,001040_03,2023-12-08,2023-12-11,,NORMAL_EARLY_TREND_HANDOFF,,,,,EXIT4_SCORE_DRAWDOWN_GE_15,EXIT4_SCORE_DRAWDOWN_GE_15,2024-07-31,2024-07-31,2024-08-01,2024-08-01,31.96,31.96,0.0,158.0,158.0,0.0,54.13,54.13,-14.72,-14.72,False,False,False,False,,,,,0.0,0.0,0.0,SKIPPED_CASH_UNAVAILABLE,SKIPPED_CASH_UNAVAILABLE
P2-2,001120|KR7001120005|KOSPI|2010-01-04|2026-09-01|001120_01,001120,001120_01,2021-01-08,2021-01-11,,NORMAL_EARLY_TREND_HANDOFF,,,,,EXIT4_SCORE_DRAWDOWN_GE_15,EXIT4_SCORE_DRAWDOWN_GE_15,2021-04-30,2021-04-30,2021-05-03,2021-05-03,11.59,11.59,0.0,78.0,78.0,0.0,22.1,22.1,-9.42,-9.42,True,True,True,True,11.0817,11.0817,11.0817,11.0817,551172.84,551172.84,0.0,EXECUTED,EXECUTED
P2-2,001120|KR7001120005|KOSPI|2010-01-04|2026-09-01|001120_02,001120,001120_02,2025-07-04,2025-07-07,,NORMAL_EARLY_TREND_HANDOFF,,,,,EXIT4_SCORE_DRAWDOWN_GE_15,EXIT4_SCORE_DRAWDOWN_GE_15,2026-06-30,2026-06-30,2026-07-01,2026-07-01,22.28,22.28,0.0,241.0,241.0,0.0,90.43,90.43,-6.11,-6.11,False,False,False,False,,,,,0.0,0.0,0.0,SKIPPED_CASH_UNAVAILABLE,SKIPPED_CASH_UNAVAILABLE
P2-2,001440|KR7001440007|KOSPI|2010-01-04|2026-09-01|001440_01,001440,001440_01,2024-05-03,2024-05-07,,NORMAL_EARLY_TREND_HANDOFF,,,,,LOSS_GUARD_CLOSE_LE_NEG_15,LOSS_GUARD_CLOSE_LE_NEG_15,2024-09-05,2024-09-05,2024-09-06,2024-09-06,-15.92,-15.92,0.0,86.0,86.0,0.0,58.83,58.83,-17.29,-17.29,True,False,True,False,-16.2653,,-16.2653,,-811892.73,0.0,811892.73,EXECUTED,SKIPPED_CASH_UNAVAILABLE
P2-2,001440|KR7001440007|KOSPI|2010-01-04|2026-09-01|001440_02,001440,001440_02,2025-06-20,2025-06-23,,NORMAL_EARLY_TREND_HANDOFF,,,,,EXIT4_SCORE_DRAWDOWN_GE_15,EXIT4_SCORE_DRAWDOWN_GE_15,2026-01-31,2026-01-31,2026-02-02,2026-02-02,77.6,77.6,0.0,152.0,152.0,0.0,88.43,88.43,-8.79,-8.79,False,False,False,False,,,,,0.0,0.0,0.0,SKIPPED_CASH_UNAVAILABLE,SKIPPED_CASH_UNAVAILABLE
P2-2,001450|KR7001450006|KOSPI|2010-01-04|2026-09-01|001450_01,001450,001450_01,2021-10-22,2021-10-25,,NEVER_PROGRESSED,,,,,LOSS_GUARD_CLOSE_LE_NEG_15,LOSS_GUARD_CLOSE_LE_NEG_15,2021-11-29,2021-11-29,2021-11-30,2021-11-30,-15.01,-15.01,0.0,27.0,27.0,0.0,0.52,0.52,-16.93,-16.93,True,True,True,True,-15.399,-15.399,-15.399,-15.399,-768540.54,-768540.54,0.0,EXECUTED,EXECUTED
P2-2,001450|KR7001450006|KOSPI|2010-01-04|2026-09-01|001450_02,001450,001450_02,2022-06-03,2022-06-07,,NEVER_PROGRESSED,,,,,LOSS_GUARD_CLOSE_LE_NEG_15,LOSS_GUARD_CLOSE_LE_NEG_15,2024-11-26,2024-11-26,2024-11-27,2024-11-27,-15.65,-15.65,0.0,610.0,610.0,0.0,21.13,21.13,-15.65,-15.65,True,True,True,True,-15.9947,-15.9947,-15.9947,-15.9947,-798126.77,-798126.77,0.0,EXECUTED,EXECUTED
P2-2,001450|KR7001450006|KOSPI|2010-01-04|2026-09-01|001450_03,001450,001450_03,2025-07-04,2025-07-07,,NEVER_PROGRESSED,,,,,NO_PROGRESSED_BEFORE_CUTOFF,NO_PROGRESSED_BEFORE_CUTOFF,,,,,86.11,86.11,0.0,282.0,282.0,0.0,93.78,93.78,-6.76,-6.76,True,False,False,False,,,85.8922,,4280374.9,0.0,-4280374.9,EXECUTED,SKIPPED_CASH_UNAVAILABLE
P2-2,001680|KR7001680008|KOSPI|2010-01-04|2026-09-01|001680_01,001680,001680_01,2021-05-28,2021-05-31,,NEVER_PROGRESSED,,,,,LOSS_GUARD_CLOSE_LE_NEG_15,LOSS_GUARD_CLOSE_LE_NEG_15,2021-08-19,2021-08-19,2021-08-20,2021-08-20,-17.09,-17.09,0.0,59.0,59.0,0.0,2.88,2.88,-17.26,-17.26,False,False,False,False,,,,,0.0,0.0,0.0,SKIPPED_CASH_UNAVAILABLE,SKIPPED_CASH_UNAVAILABLE
P2-2,001720|KR7001720002|KOSPI|2010-01-04|2026-09-01|001720_01,001720,001720_01,2024-04-26,2024-04-29,C1_PROGRESSED_WITHOUT_DIRECT_HANDOFF,PROGRESSED_WITHOUT_DIRECT_HANDOFF,2025-02-28,2025-02-28,,,EXIT4_SCORE_DRAWDOWN_GE_15,EXIT4_SCORE_DRAWDOWN_GE_15,2025-06-30,2025-06-30,2025-07-01,2025-07-01,79.36,79.36,0.0,283.0,283.0,0.0,107.91,107.91,-3.22,-3.22,False,False,False,False,,,,,0.0,0.0,0.0,SKIPPED_CASH_UNAVAILABLE,SKIPPED_CASH_UNAVAILABLE
P2-2,001740|KR7001740000|KOSPI|2010-01-04|2026-09-01|001740_01,001740,001740_01,2021-01-22,2021-01-25,,NORMAL_EARLY_TREND_HANDOFF,,,,,LOSS_GUARD_CLOSE_LE_NEG_15,LOSS_GUARD_CLOSE_LE_NEG_15,2022-01-18,2022-01-18,2022-01-19,2022-01-19,-16.07,-16.07,0.0,246.0,246.0,0.0,13.85,13.85,-16.7,-16.7,True,True,True,True,-16.46,-16.46,-16.46,-16.46,-822927.57,-822927.57,0.0,EXECUTED,EXECUTED
P2-2,001740|KR7001740000|KOSPI|2010-01-04|2026-09-01|001740_02,001740,001740_02,2023-06-02,2023-06-05,,NORMAL_EARLY_TREND_HANDOFF,,,,,EXIT4_SCORE_DRAWDOWN_GE_15,EXIT4_SCORE_DRAWDOWN_GE_15,2026-08-31,2026-08-31,2026-09-01,2026-09-01,40.84,40.84,0.0,790.0,790.0,0.0,248.12,248.12,-18.44,-18.44,False,False,False,False,,,,,0.0,0.0,0.0,SKIPPED_CASH_UNAVAILABLE,SKIPPED_CASH_UNAVAILABLE
P2-2,001800|KR7001800002|KOSPI|2010-01-04|2026-09-01|001800_01,001800,001800_01,2021-04-30,2021-05-03,,PROGRESSED_WITHOUT_DIRECT_HANDOFF,,,,,LOSS_GUARD_CLOSE_LE_NEG_15,LOSS_GUARD_CLOSE_LE_NEG_15,2021-11-30,2021-11-30,2021-12-01,2021-12-01,-16.05,-16.05,0.0,145.0,145.0,0.0,7.45,7.45,-16.05,-16.05,False,False,False,False,,,,,0.0,0.0,0.0,SKIPPED_CASH_UNAVAILABLE,SKIPPED_CASH_UNAVAILABLE
P2-2,001800|KR7001800002|KOSPI|2010-01-04|2026-09-01|001800_02,001800,001800_02,2022-12-23,2022-12-26,,PROGRESSED_WITHOUT_DIRECT_HANDOFF,,,,,LOSS_GUARD_CLOSE_LE_NEG_15,LOSS_GUARD_CLOSE_LE_NEG_15,2024-01-17,2024-01-17,2024-01-18,2024-01-18,-15.44,-15.44,0.0,262.0,262.0,0.0,9.0,9.0,-18.19,-18.19,False,False,False,False,,,,,0.0,0.0,0.0,SKIPPED_CASH_UNAVAILABLE,SKIPPED_CASH_UNAVAILABLE
P2-2,001800|KR7001800002|KOSPI|2010-01-04|2026-09-01|001800_03,001800,001800_03,2024-09-27,2024-09-30,C1_PROGRESSED_WITHOUT_DIRECT_HANDOFF,PROGRESSED_WITHOUT_DIRECT_HANDOFF,2025-10-31,2025-10-31,2025-11-28,TRANSITION,NO_EXIT_BEFORE_CUTOFF,EXIT3_PROGRESSED_TO_TRANSITION,,2025-11-28,,2025-12-01,57.99,24.31,-33.68,466.0,284.0,-182.0,83.4,61.36,-10.29,-10.29,False,False,False,False,,,,,0.0,0.0,0.0,SKIPPED_CASH_UNAVAILABLE,SKIPPED_CASH_UNAVAILABLE
P2-2,002380|KR7002380004|KOSPI|2010-01-04|2026-09-01|002380_01,002380,002380_01,2024-05-24,2024-05-27,,NORMAL_EARLY_TREND_HANDOFF,,,,,LOSS_GUARD_CLOSE_LE_NEG_15,LOSS_GUARD_CLOSE_LE_NEG_15,2024-10-23,2024-10-23,2024-10-24,2024-10-24,-16.36,-16.36,0.0,101.0,101.0,0.0,14.05,14.05,-16.36,-16.36,True,True,True,True,-16.706,-16.706,-16.706,-16.706,-809500.43,-809500.43,0.0,EXECUTED,EXECUTED
P2-2,002380|KR7002380004|KOSPI|2010-01-04|2026-09-01|002380_02,002380,002380_02,2025-05-30,2025-06-02,,NORMAL_EARLY_TREND_HANDOFF,,,,,EXIT4_SCORE_DRAWDOWN_GE_15,EXIT4_SCORE_DRAWDOWN_GE_15,2026-01-31,2026-01-31,2026-02-02,2026-02-02,59.01,59.01,0.0,165.0,165.0,0.0,64.79,64.79,-1.16,-1.16,False,False,False,False,,,,,0.0,0.0,0.0,SKIPPED_CASH_UNAVAILABLE,SKIPPED_CASH_UNAVAILABLE
P2-2,002790|KR7002790004|KOSPI|2010-01-04|2026-09-01|002790_01,002790,002790_01,2021-05-28,2021-05-31,,NEVER_PROGRESSED,,,,,LOSS_GUARD_CLOSE_LE_NEG_15,LOSS_GUARD_CLOSE_LE_NEG_15,2021-06-29,2021-06-29,2021-06-30,2021-06-30,-15.14,-15.14,0.0,23.0,23.0,0.0,5.22,5.22,-15.54,-15.54,True,True,True,True,-15.5333,-15.5333,-15.5333,-15.5333,-774292.5,-774292.5,0.0,EXECUTED,EXECUTED
P2-2,002790|KR7002790004|KOSPI|2010-01-04|2026-09-01|002790_02,002790,002790_02,2025-07-04,2025-07-07,,NEVER_PROGRESSED,,,,,LOSS_GUARD_CLOSE_LE_NEG_15,LOSS_GUARD_CLOSE_LE_NEG_15,2025-09-03,2025-09-03,2025-09-04,2025-09-04,-15.71,-15.71,0.0,43.0,43.0,0.0,9.94,9.94,-15.87,-15.87,True,True,True,True,-16.025,-16.025,-16.025,-16.025,-800885.81,-800885.81,0.0,EXECUTED,EXECUTED
P2-2,002790|KR7002790004|KOSPI|2010-01-04|2026-09-01|002790_03,002790,002790_03,2026-02-13,2026-02-19,,NEVER_PROGRESSED,,,,,LOSS_GUARD_CLOSE_LE_NEG_15,LOSS_GUARD_CLOSE_LE_NEG_15,2026-03-03,2026-03-03,2026-03-04,2026-03-04,-19.88,-19.88,0.0,9.0,9.0,0.0,2.02,2.02,-19.88,-19.88,True,True,True,True,-20.2287,-20.2287,-20.2287,-20.2287,-1004921.12,-1004921.12,0.0,EXECUTED,EXECUTED
P2-2,003090|KR7003090008|KOSPI|2010-01-04|2026-09-01|003090_01,003090,003090_01,2024-10-11,2024-10-14,,SKIPPED_EARLY_TREND_HANDOFF,,,,,LOSS_GUARD_CLOSE_LE_NEG_15,LOSS_GUARD_CLOSE_LE_NEG_15,2024-11-12,2024-11-12,2024-11-13,2024-11-13,-19.96,-19.96,0.0,23.0,23.0,0.0,2.0,2.0,-20.15,-20.15,False,False,False,False,,,,,0.0,0.0,0.0,SKIPPED_CASH_UNAVAILABLE,SKIPPED_CASH_UNAVAILABLE
P2-2,003090|KR7003090008|KOSPI|2010-01-04|2026-09-01|003090_02,003090,003090_02,2025-05-30,2025-06-02,,NEVER_PROGRESSED,,,,,LOSS_GUARD_CLOSE_LE_NEG_15,LOSS_GUARD_CLOSE_LE_NEG_15,2025-08-22,2025-08-22,2025-08-25,2025-08-25,-14.6,-14.6,0.0,58.0,58.0,0.0,15.4,15.4,-15.6,-15.6,False,False,False,False,,,,,0.0,0.0,0.0,SKIPPED_CASH_UNAVAILABLE,SKIPPED_CASH_UNAVAILABLE
P2-2,003090|KR7003090008|KOSPI|2010-01-04|2026-09-01|003090_03,003090,003090_03,2026-02-13,2026-02-19,,NEVER_PROGRESSED,,,,,LOSS_GUARD_CLOSE_LE_NEG_15,LOSS_GUARD_CLOSE_LE_NEG_15,2026-03-04,2026-03-04,2026-03-05,2026-03-05,-15.6,-15.6,0.0,10.0,10.0,0.0,12.29,12.29,-20.37,-20.37,False,True,False,True,,-15.9587,,-15.9587,0.0,-796734.81,-796734.81,SKIPPED_CASH_UNAVAILABLE,EXECUTED
P2-2,003240|KR7003240009|KOSPI|2010-01-04|2026-09-01|003240_01,003240,003240_01,2024-02-02,2024-02-05,,PROGRESSED_WITHOUT_DIRECT_HANDOFF,,,,,LOSS_GUARD_CLOSE_LE_NEG_15,LOSS_GUARD_CLOSE_LE_NEG_15,2024-02-26,2024-02-26,2024-02-27,2024-02-27,-15.46,-15.46,0.0,15.0,15.0,0.0,4.0,4.0,-15.68,-15.68,False,False,False,False,,,,,0.0,0.0,0.0,SKIPPED_CASH_UNAVAILABLE,SKIPPED_CASH_UNAVAILABLE
P2-2,003240|KR7003240009|KOSPI|2010-01-04|2026-09-01|003240_02,003240,003240_02,2026-02-13,2026-02-19,C1_PROGRESSED_WITHOUT_DIRECT_HANDOFF,SKIPPED_EARLY_TREND_HANDOFF,2026-02-28,2026-02-27,,,EXIT4_SCORE_DRAWDOWN_GE_15,EXIT4_SCORE_DRAWDOWN_GE_15,2026-05-31,2026-05-31,2026-06-01,2026-06-01,-15.66,-15.66,0.0,69.0,69.0,0.0,43.71,43.71,-16.62,-16.62,True,True,True,True,-16.0173,-16.0173,-16.0173,-16.0173,-729306.03,-729306.03,0.0,EXECUTED,EXECUTED
P2-2,003380|KR7003380003|KOSDAQ|2017-06-30|2026-09-01|003380_01,003380,003380_01,2023-02-03,2023-02-06,,PROGRESSED_WITHOUT_DIRECT_HANDOFF,,,,,LOSS_GUARD_CLOSE_LE_NEG_15,LOSS_GUARD_CLOSE_LE_NEG_15,2023-05-31,2023-05-31,2023-06-01,2023-06-01,-15.44,-15.44,0.0,80.0,80.0,0.0,89.12,89.12,-15.44,-15.44,False,False,False,False,,,,,0.0,0.0,0.0,SKIPPED_CASH_UNAVAILABLE,SKIPPED_CASH_UNAVAILABLE
P2-2,003490|KR7003490000|KOSPI|2010-01-04|2026-09-01|003490_01,003490,003490_01,2021-01-08,2021-01-11,,NORMAL_EARLY_TREND_HANDOFF,,,,,EXIT4_SCORE_DRAWDOWN_GE_15,EXIT4_SCORE_DRAWDOWN_GE_15,2021-04-30,2021-04-30,2021-05-03,2021-05-03,24.35,24.35,0.0,78.0,78.0,0.0,47.69,47.69,-1.61,-1.61,True,True,True,True,23.776,23.776,23.776,23.776,1184357.33,1184357.33,0.0,EXECUTED,EXECUTED
P2-2,003490|KR7003490000|KOSPI|2010-01-04|2026-09-01|003490_02,003490,003490_02,2025-01-17,2025-01-20,,NEVER_PROGRESSED,,,,,LOSS_GUARD_CLOSE_LE_NEG_15,LOSS_GUARD_CLOSE_LE_NEG_15,2025-04-09,2025-04-09,2025-04-10,2025-04-10,-12.71,-12.71,0.0,54.0,54.0,0.0,3.96,3.96,-16.71,-16.71,True,True,True,True,-13.0395,-13.0395,-13.0395,-13.0395,-651682.0,-651682.0,0.0,EXECUTED,EXECUTED
P2-2,003490|KR7003490000|KOSPI|2010-01-04|2026-09-01|003490_03,003490,003490_03,2025-07-18,2025-07-21,,NEVER_PROGRESSED,,,,,LOSS_GUARD_CLOSE_LE_NEG_15,LOSS_GUARD_CLOSE_LE_NEG_15,2025-11-07,2025-11-07,2025-11-10,2025-11-10,-15.31,-15.31,0.0,75.0,75.0,0.0,0.39,0.39,-16.47,-16.47,False,False,False,False,,,,,0.0,0.0,0.0,SKIPPED_CASH_UNAVAILABLE,SKIPPED_CASH_UNAVAILABLE
P2-2,003490|KR7003490000|KOSPI|2010-01-04|2026-09-01|003490_04,003490,003490_04,2026-02-27,2026-03-03,,NEVER_PROGRESSED,,,,,NO_PROGRESSED_BEFORE_CUTOFF,NO_PROGRESSED_BEFORE_CUTOFF,,,,,7.66,7.66,0.0,124.0,124.0,0.0,19.54,19.54,-15.71,-15.71,False,False,False,False,,,,,0.0,0.0,0.0,SKIPPED_CASH_UNAVAILABLE,SKIPPED_CASH_UNAVAILABLE
P2-2,003540|KR7003540002|KOSPI|2010-01-04|2026-09-01|003540_01,003540,003540_01,2025-07-04,2025-07-07,,NORMAL_EARLY_TREND_HANDOFF,,,,,EXIT4_SCORE_DRAWDOWN_GE_15,EXIT4_SCORE_DRAWDOWN_GE_15,2026-02-28,2026-02-28,2026-03-03,2026-03-03,79.04,79.04,0.0,159.0,159.0,0.0,115.51,115.51,-1.68,-1.68,True,False,True,False,78.267,,78.267,,3905824.55,0.0,-3905824.55,EXECUTED,SKIPPED_CASH_UNAVAILABLE
P2-2,003550|KR7003550001|KOSPI|2010-01-04|2026-09-01|003550_01,003550,003550_01,2021-01-08,2021-01-11,,NORMAL_EARLY_TREND_HANDOFF,,,,,LOSS_GUARD_CLOSE_LE_NEG_15,LOSS_GUARD_CLOSE_LE_NEG_15,2021-03-10,2021-03-10,2021-03-11,2021-03-11,-15.22,-15.22,0.0,41.0,41.0,0.0,12.92,12.92,-16.46,-16.46,True,True,True,True,-15.6046,-15.6046,-15.6046,-15.6046,-771104.45,-771104.45,0.0,EXECUTED,EXECUTED
P2-2,003550|KR7003550001|KOSPI|2010-01-04|2026-09-01|003550_02,003550,003550_02,2022-08-12,2022-08-16,,NORMAL_EARLY_TREND_HANDOFF,,,,,LOSS_GUARD_CLOSE_LE_NEG_15,LOSS_GUARD_CLOSE_LE_NEG_15,2024-01-17,2024-01-17,2024-01-18,2024-01-18,-15.28,-15.28,0.0,352.0,352.0,0.0,15.16,15.16,-15.63,-15.63,True,True,True,True,-15.623,-15.623,-15.623,-15.623,-772005.07,-772005.07,0.0,EXECUTED,EXECUTED
P2-2,003550|KR7003550001|KOSPI|2010-01-04|2026-09-01|003550_03,003550,003550_03,2024-02-02,2024-02-05,,NORMAL_EARLY_TREND_HANDOFF,,,,,LOSS_GUARD_CLOSE_LE_NEG_15,LOSS_GUARD_CLOSE_LE_NEG_15,2024-04-15,2024-04-15,2024-04-16,2024-04-16,-16.04,-16.04,0.0,48.0,48.0,0.0,13.85,13.85,-16.48,-16.48,True,False,True,False,-16.3876,,-16.3876,,-806214.31,0.0,806214.31,EXECUTED,SKIPPED_CASH_UNAVAILABLE
P2-2,003550|KR7003550001|KOSPI|2010-01-04|2026-09-01|003550_04,003550,003550_04,2026-01-23,2026-01-26,,NORMAL_EARLY_TREND_HANDOFF,,,,,EXIT4_SCORE_DRAWDOWN_GE_15,EXIT4_SCORE_DRAWDOWN_GE_15,2026-08-31,2026-08-31,2026-09-01,2026-09-01,25.72,25.72,0.0,147.0,147.0,0.0,98.4,98.4,-12.7,-12.7,True,True,True,True,25.1807,25.1807,25.1807,25.1807,1251934.95,1251934.95,0.0,EXECUTED,EXECUTED
P2-2,003670|KR7003670007|KOSPI|2019-05-29|2026-09-01|003670_01,003670,003670_01,2022-08-12,2022-08-16,C1_PROGRESSED_WITHOUT_DIRECT_HANDOFF,PROGRESSED_WITHOUT_DIRECT_HANDOFF,2023-03-31,2023-03-31,,,EXIT4_SCORE_DRAWDOWN_GE_15,EXIT4_SCORE_DRAWDOWN_GE_15,2023-05-31,2023-05-31,2023-06-01,2023-06-01,117.65,117.65,0.0,197.0,197.0,0.0,161.61,161.61,-8.98,-8.98,True,True,True,True,116.7124,116.7124,116.7124,116.7124,5670409.56,5670409.56,0.0,EXECUTED,EXECUTED
P2-2,003670|KR7003670007|KOSPI|2019-05-29|2026-09-01|003670_02,003670,003670_02,2026-05-08,2026-05-11,,NEVER_PROGRESSED,,,,,LOSS_GUARD_CLOSE_LE_NEG_15,LOSS_GUARD_CLOSE_LE_NEG_15,2026-05-15,2026-05-15,2026-05-18,2026-05-18,-19.83,-19.83,0.0,6.0,6.0,0.0,0.0,0.0,-20.34,-20.34,True,True,True,True,-20.1718,-20.1718,-20.1718,-20.1718,-995612.12,-995612.12,0.0,EXECUTED,EXECUTED
P2-2,003690|KR7003690005|KOSPI|2010-01-04|2026-09-01|003690_01,003690,003690_01,2021-04-23,2021-04-26,,NORMAL_EARLY_TREND_HANDOFF,,,,,LOSS_GUARD_CLOSE_LE_NEG_15,LOSS_GUARD_CLOSE_LE_NEG_15,2022-09-28,2022-09-28,2022-09-29,2022-09-29,-14.63,-14.63,0.0,345.0,345.0,0.0,20.11,20.11,-16.82,-16.82,False,False,False,False,,,,,0.0,0.0,0.0,SKIPPED_CASH_UNAVAILABLE,SKIPPED_CASH_UNAVAILABLE
P2-2,003690|KR7003690005|KOSPI|2010-01-04|2026-09-01|003690_02,003690,003690_02,2023-02-24,2023-02-27,,NORMAL_EARLY_TREND_HANDOFF,,,,,LOSS_GUARD_CLOSE_LE_NEG_15,LOSS_GUARD_CLOSE_LE_NEG_15,2023-07-06,2023-07-06,2023-07-07,2023-07-07,-15.6,-15.6,0.0,88.0,88.0,0.0,4.77,4.77,-16.12,-16.12,False,False,False,False,,,,,0.0,0.0,0.0,SKIPPED_CASH_UNAVAILABLE,SKIPPED_CASH_UNAVAILABLE
P2-2,003690|KR7003690005|KOSPI|2010-01-04|2026-09-01|003690_03,003690,003690_03,2023-09-15,2023-09-18,,NORMAL_EARLY_TREND_HANDOFF,,,,,EXIT4_SCORE_DRAWDOWN_GE_15,EXIT4_SCORE_DRAWDOWN_GE_15,2025-10-31,2025-10-31,2025-11-03,2025-11-03,77.81,77.81,0.0,512.0,512.0,0.0,95.91,95.91,-2.87,-2.87,True,True,True,True,77.1367,77.1367,77.1367,77.1367,3852319.82,3852319.82,0.0,EXECUTED,EXECUTED
P2-2,004000|KR7004000006|KOSPI|2010-01-04|2026-09-01|004000_01,004000,004000_01,2021-04-09,2021-04-12,,NORMAL_EARLY_TREND_HANDOFF,,,,,EXIT4_SCORE_DRAWDOWN_GE_15,EXIT4_SCORE_DRAWDOWN_GE_15,2021-07-31,2021-07-31,2021-08-02,2021-08-02,15.61,15.61,0.0,79.0,79.0,0.0,24.36,24.36,-6.37,-6.37,False,False,False,False,,,,,0.0,0.0,0.0,SKIPPED_CASH_UNAVAILABLE,SKIPPED_CASH_UNAVAILABLE
P2-2,004000|KR7004000006|KOSPI|2010-01-04|2026-09-01|004000_02,004000,004000_02,2026-04-17,2026-04-20,,NEVER_PROGRESSED,,,,,LOSS_GUARD_CLOSE_LE_NEG_15,LOSS_GUARD_CLOSE_LE_NEG_15,2026-06-08,2026-06-08,2026-06-09,2026-06-09,-17.18,-17.18,0.0,33.0,33.0,0.0,31.26,31.26,-17.82,-17.82,False,True,False,True,,-17.5402,,-17.5402,0.0,-874101.48,-874101.48,SKIPPED_CASH_UNAVAILABLE,EXECUTED
P2-2,004020|KR7004020004|KOSPI|2010-01-04|2026-09-01|004020_01,004020,004020_01,2021-01-08,2021-01-11,,NORMAL_EARLY_TREND_HANDOFF,,,,,LOSS_GUARD_CLOSE_LE_NEG_15,LOSS_GUARD_CLOSE_LE_NEG_15,2021-01-29,2021-01-29,2021-02-01,2021-02-01,-18.79,-18.79,0.0,16.0,16.0,0.0,2.87,2.87,-18.79,-18.79,True,True,True,True,-19.1628,-19.1628,-19.1628,-19.1628,-957820.33,-957820.33,0.0,EXECUTED,EXECUTED
P2-2,004020|KR7004020004|KOSPI|2010-01-04|2026-09-01|004020_02,004020,004020_02,2021-03-26,2021-03-29,,NORMAL_EARLY_TREND_HANDOFF,,,,,EXIT4_SCORE_DRAWDOWN_GE_15,EXIT4_SCORE_DRAWDOWN_GE_15,2021-06-30,2021-06-30,2021-07-01,2021-07-01,14.32,14.32,0.0,67.0,67.0,0.0,33.62,33.62,-3.18,-3.18,False,False,False,False,,,,,0.0,0.0,0.0,SKIPPED_CASH_UNAVAILABLE,SKIPPED_CASH_UNAVAILABLE
P2-2,004020|KR7004020004|KOSPI|2010-01-04|2026-09-01|004020_03,004020,004020_03,2025-07-04,2025-07-07,,PROGRESSED_WITHOUT_DIRECT_HANDOFF,,,,,LOSS_GUARD_CLOSE_LE_NEG_15,LOSS_GUARD_CLOSE_LE_NEG_15,2025-11-21,2025-11-21,2025-11-24,2025-11-24,-14.33,-14.33,0.0,95.0,95.0,0.0,9.08,9.08,-15.6,-15.6,True,True,True,True,-14.6513,-14.6513,-14.6513,-14.6513,-729043.74,-729043.74,0.0,EXECUTED,EXECUTED
P2-2,004020|KR7004020004|KOSPI|2010-01-04|2026-09-01|004020_04,004020,004020_04,2026-02-20,2026-02-23,C1_PROGRESSED_WITHOUT_DIRECT_HANDOFF,PROGRESSED_WITHOUT_DIRECT_HANDOFF,2026-04-30,2026-04-30,,,EXIT4_SCORE_DRAWDOWN_GE_15,EXIT4_SCORE_DRAWDOWN_GE_15,2026-06-30,2026-06-30,2026-07-01,2026-07-01,-26.44,-26.44,0.0,88.0,88.0,0.0,28.74,28.74,-34.61,-34.61,False,True,False,True,,-26.7526,,-26.7526,0.0,-1331682.18,-1331682.18,SKIPPED_CASH_UNAVAILABLE,EXECUTED
P2-2,004170|KR7004170007|KOSPI|2010-01-04|2026-09-01|004170_01,004170,004170_01,2021-03-05,2021-03-08,,NORMAL_EARLY_TREND_HANDOFF,,,,,LOSS_GUARD_CLOSE_LE_NEG_15,LOSS_GUARD_CLOSE_LE_NEG_15,2021-08-19,2021-08-19,2021-08-20,2021-08-20,-15.2,-15.2,0.0,117.0,117.0,0.0,10.64,10.64,-15.88,-15.88,True,True,True,True,-15.5921,-15.5921,-15.5921,-15.5921,-739292.47,-739292.47,0.0,EXECUTED,EXECUTED
P2-2,004170|KR7004170007|KOSPI|2010-01-04|2026-09-01|004170_02,004170,004170_02,2025-06-20,2025-06-23,,NORMAL_EARLY_TREND_HANDOFF,,,,,EXIT4_SCORE_DRAWDOWN_GE_15,EXIT4_SCORE_DRAWDOWN_GE_15,2026-04-30,2026-04-30,2026-05-04,2026-05-04,128.65,128.65,0.0,212.0,212.0,0.0,142.16,142.16,-13.08,-13.08,False,False,False,False,,,,,0.0,0.0,0.0,SKIPPED_CASH_UNAVAILABLE,SKIPPED_CASH_UNAVAILABLE
P2-2,004370|KR7004370003|KOSPI|2010-01-04|2026-09-01|004370_01,004370,004370_01,2021-06-18,2021-06-21,,PROGRESSED_WITHOUT_DIRECT_HANDOFF,,,,,LOSS_GUARD_CLOSE_LE_NEG_15,LOSS_GUARD_CLOSE_LE_NEG_15,2022-06-13,2022-06-13,2022-06-14,2022-06-14,-16.56,-16.56,0.0,242.0,242.0,0.0,9.06,9.06,-16.56,-16.56,False,False,False,False,,,,,0.0,0.0,0.0,SKIPPED_CASH_UNAVAILABLE,SKIPPED_CASH_UNAVAILABLE
P2-2,004370|KR7004370003|KOSPI|2010-01-04|2026-09-01|004370_02,004370,004370_02,2022-12-02,2022-12-05,C1_PROGRESSED_WITHOUT_DIRECT_HANDOFF,PROGRESSED_WITHOUT_DIRECT_HANDOFF,2023-09-30,2023-09-27,,,EXIT4_SCORE_DRAWDOWN_GE_15,EXIT4_SCORE_DRAWDOWN_GE_15,2024-01-31,2024-01-31,2024-02-01,2024-02-01,15.54,15.54,0.0,287.0,287.0,0.0,53.85,53.85,-0.31,-0.31,False,False,False,False,,,,,0.0,0.0,0.0,SKIPPED_CASH_UNAVAILABLE,SKIPPED_CASH_UNAVAILABLE
P2-2,004370|KR7004370003|KOSPI|2010-01-04|2026-09-01|004370_03,004370,004370_03,2024-05-31,2024-06-03,,NEVER_PROGRESSED,,,,,LOSS_GUARD_CLOSE_LE_NEG_15,LOSS_GUARD_CLOSE_LE_NEG_15,2024-08-23,2024-08-23,2024-08-26,2024-08-26,-14.99,-14.99,0.0,59.0,59.0,0.0,28.27,28.27,-15.42,-15.42,True,False,True,False,-15.3373,,-15.3373,,-717074.96,0.0,717074.96,EXECUTED,SKIPPED_CASH_UNAVAILABLE
P2-2,004370|KR7004370003|KOSPI|2010-01-04|2026-09-01|004370_04,004370,004370_04,2025-04-04,2025-04-07,,NEVER_PROGRESSED,,,,,NO_PROGRESSED_BEFORE_CUTOFF,NO_PROGRESSED_BEFORE_CUTOFF,,,,,14.45,14.45,0.0,342.0,342.0,0.0,49.42,49.42,-17.68,-17.68,True,True,False,False,,,14.3201,14.3201,666651.8,666651.8,0.0,EXECUTED,EXECUTED
P2-2,004490|KR7004490009|KOSPI|2010-01-04|2026-09-01|004490_01,004490,004490_01,2024-02-16,2024-02-19,,NORMAL_EARLY_TREND_HANDOFF,,,,,EXIT4_SCORE_DRAWDOWN_GE_15,EXIT4_SCORE_DRAWDOWN_GE_15,2024-07-31,2024-07-31,2024-08-01,2024-08-01,11.37,11.37,0.0,113.0,113.0,0.0,49.76,49.76,-9.41,-9.41,False,False,False,False,,,,,0.0,0.0,0.0,SKIPPED_CASH_UNAVAILABLE,SKIPPED_CASH_UNAVAILABLE
P2-2,004800|KR7004800009|KOSPI|2010-01-04|2026-09-01|004800_01,004800,004800_01,2021-02-05,2021-02-08,,NORMAL_EARLY_TREND_HANDOFF,,,,,EXIT3_PROGRESSED_TO_TRANSITION,EXIT3_PROGRESSED_TO_TRANSITION,2022-04-30,2022-04-30,2022-05-02,2022-05-02,-7.38,-7.38,0.0,304.0,304.0,0.0,43.58,43.58,-13.41,-13.41,False,False,False,False,,,,,0.0,0.0,0.0,SKIPPED_CASH_UNAVAILABLE,SKIPPED_CASH_UNAVAILABLE
P2-2,004800|KR7004800009|KOSPI|2010-01-04|2026-09-01|004800_02,004800,004800_02,2025-05-30,2025-06-02,,NORMAL_EARLY_TREND_HANDOFF,,,,,EXIT4_SCORE_DRAWDOWN_GE_15,EXIT4_SCORE_DRAWDOWN_GE_15,2025-10-31,2025-10-31,2025-11-03,2025-11-03,110.2,110.2,0.0,103.0,103.0,0.0,110.2,110.2,-0.47,-0.47,False,False,False,False,,,,,0.0,0.0,0.0,SKIPPED_CASH_UNAVAILABLE,SKIPPED_CASH_UNAVAILABLE
P2-2,004990|KR7004990008|KOSPI|2010-01-04|2026-09-01|004990_01,004990,004990_01,2021-06-04,2021-06-07,,NEVER_PROGRESSED,,,,,LOSS_GUARD_CLOSE_LE_NEG_15,LOSS_GUARD_CLOSE_LE_NEG_15,2021-08-13,2021-08-13,2021-08-17,2021-08-17,-15.01,-15.01,0.0,51.0,51.0,0.0,3.19,3.19,-15.48,-15.48,True,True,True,True,-15.4021,-15.4021,-15.4021,-15.4021,-769665.71,-769665.71,0.0,EXECUTED,EXECUTED
P2-2,004990|KR7004990008|KOSPI|2010-01-04|2026-09-01|004990_02,004990,004990_02,2022-04-29,2022-05-02,,NEVER_PROGRESSED,,,,,LOSS_GUARD_CLOSE_LE_NEG_15,LOSS_GUARD_CLOSE_LE_NEG_15,2023-03-14,2023-03-14,2023-03-15,2023-03-15,-14.87,-14.87,0.0,216.0,216.0,0.0,22.68,22.68,-16.05,-16.05,True,True,True,True,-15.2403,-15.2403,-15.2403,-15.2403,-761463.01,-761463.01,0.0,EXECUTED,EXECUTED
P2-2,004990|KR7004990008|KOSPI|2010-01-04|2026-09-01|004990_03,004990,004990_03,2024-02-23,2024-02-26,,NEVER_PROGRESSED,,,,,LOSS_GUARD_CLOSE_LE_NEG_15,LOSS_GUARD_CLOSE_LE_NEG_15,2024-04-16,2024-04-16,2024-04-17,2024-04-17,-15.5,-15.5,0.0,36.0,36.0,0.0,3.0,3.0,-16.83,-16.83,False,False,False,False,,,,,0.0,0.0,0.0,SKIPPED_CASH_UNAVAILABLE,SKIPPED_CASH_UNAVAILABLE
P2-2,004990|KR7004990008|KOSPI|2010-01-04|2026-09-01|004990_04,004990,004990_04,2025-05-30,2025-06-02,,NEVER_PROGRESSED,,,,,LOSS_GUARD_CLOSE_LE_NEG_15,LOSS_GUARD_CLOSE_LE_NEG_15,2026-06-08,2026-06-08,2026-06-09,2026-06-09,-18.31,-18.31,0.0,248.0,248.0,0.0,34.24,34.24,-19.49,-19.49,False,False,False,False,,,,,0.0,0.0,0.0,SKIPPED_CASH_UNAVAILABLE,SKIPPED_CASH_UNAVAILABLE
P2-2,005290|KR7005290002|KOSDAQ|2010-01-04|2026-09-01|005290_01,005290,005290_01,2023-03-03,2023-03-06,,NORMAL_EARLY_TREND_HANDOFF,,,,,LOSS_GUARD_CLOSE_LE_NEG_15,LOSS_GUARD_CLOSE_LE_NEG_15,2023-03-14,2023-03-14,2023-03-15,2023-03-15,-15.66,-15.66,0.0,8.0,8.0,0.0,4.4,4.4,-19.09,-19.09,False,False,False,False,,,,,0.0,0.0,0.0,SKIPPED_CASH_UNAVAILABLE,SKIPPED_CASH_UNAVAILABLE
P2-2,005290|KR7005290002|KOSDAQ|2010-01-04|2026-09-01|005290_02,005290,005290_02,2023-06-02,2023-06-05,,NORMAL_EARLY_TREND_HANDOFF,,,,,LOSS_GUARD_CLOSE_LE_NEG_15,LOSS_GUARD_CLOSE_LE_NEG_15,2023-10-10,2023-10-10,2023-10-11,2023-10-11,-13.72,-13.72,0.0,86.0,86.0,0.0,18.47,18.47,-16.49,-16.49,False,False,False,False,,,,,0.0,0.0,0.0,SKIPPED_CASH_UNAVAILABLE,SKIPPED_CASH_UNAVAILABLE
P2-2,005290|KR7005290002|KOSDAQ|2010-01-04|2026-09-01|005290_03,005290,005290_03,2024-05-10,2024-05-13,,NORMAL_EARLY_TREND_HANDOFF,,,,,LOSS_GUARD_CLOSE_LE_NEG_15,LOSS_GUARD_CLOSE_LE_NEG_15,2024-06-25,2024-06-25,2024-06-26,2024-06-26,-15.51,-15.51,0.0,31.0,31.0,0.0,0.21,0.21,-17.01,-17.01,False,False,False,False,,,,,0.0,0.0,0.0,SKIPPED_CASH_UNAVAILABLE,SKIPPED_CASH_UNAVAILABLE
P2-2,005290|KR7005290002|KOSDAQ|2010-01-04|2026-09-01|005290_04,005290,005290_04,2025-10-10,2025-10-13,,NORMAL_EARLY_TREND_HANDOFF,,,,,LOSS_GUARD_CLOSE_LE_NEG_15,LOSS_GUARD_CLOSE_LE_NEG_15,2025-11-06,2025-11-06,2025-11-07,2025-11-07,-19.67,-19.67,0.0,20.0,20.0,0.0,4.44,4.44,-19.67,-19.67,True,True,True,True,-19.9715,-19.9715,-19.9715,-19.9715,-989724.41,-989724.41,0.0,EXECUTED,EXECUTED
P2-2,005300|KR7005300009|KOSPI|2010-01-04|2026-09-01|005300_01,005300,005300_01,2021-02-05,2021-02-08,C1_PROGRESSED_WITHOUT_DIRECT_HANDOFF,SKIPPED_EARLY_TREND_HANDOFF,2021-11-30,2021-11-30,2021-12-30,BASE,NO_EXIT_BEFORE_CUTOFF,EXIT3_PROGRESSED_TO_BASE,,2021-12-30,,2022-01-03,-22.03,3.52,25.55,1362.0,224.0,-1138.0,63.28,37.11,-26.64,-12.11,False,False,False,False,,,,,0.0,0.0,0.0,SKIPPED_CASH_UNAVAILABLE,SKIPPED_CASH_UNAVAILABLE
P2-2,005380|KR7005380001|KOSPI|2010-01-04|2026-09-01|005380_01,005380,005380_01,2023-04-07,2023-04-10,,NORMAL_EARLY_TREND_HANDOFF,,,,,EXIT4_SCORE_DRAWDOWN_GE_15,EXIT4_SCORE_DRAWDOWN_GE_15,2024-09-30,2024-09-30,2024-10-02,2024-10-02,27.69,27.69,0.0,362.0,362.0,0.0,61.02,61.02,-8.98,-8.98,False,False,False,False,,,,,0.0,0.0,0.0,SKIPPED_CASH_UNAVAILABLE,SKIPPED_CASH_UNAVAILABLE
P2-2,005380|KR7005380001|KOSPI|2010-01-04|2026-09-01|005380_02,005380,005380_02,2025-10-17,2025-10-20,,NORMAL_EARLY_TREND_HANDOFF,,,,,NO_EXIT_BEFORE_CUTOFF,NO_EXIT_BEFORE_CUTOFF,,,,,60.44,60.44,0.0,213.0,213.0,0.0,211.33,211.33,-3.98,-3.98,True,True,False,False,,,60.2531,60.2531,2882504.01,2882504.01,0.0,EXECUTED,EXECUTED
P2-2,005440|KR7005440003|KOSPI|2010-01-04|2026-09-01|005440_01,005440,005440_01,2021-06-04,2021-06-07,,PROGRESSED_WITHOUT_DIRECT_HANDOFF,,,,,LOSS_GUARD_CLOSE_LE_NEG_15,LOSS_GUARD_CLOSE_LE_NEG_15,2021-08-17,2021-08-17,2021-08-18,2021-08-18,-16.7,-16.7,0.0,51.0,51.0,0.0,7.14,7.14,-16.7,-16.7,False,False,False,False,,,,,0.0,0.0,0.0,SKIPPED_CASH_UNAVAILABLE,SKIPPED_CASH_UNAVAILABLE
P2-2,005490|KR7005490008|KOSPI|2010-01-04|2026-09-01|005490_01,005490,005490_01,2023-03-03,2023-03-06,,NORMAL_EARLY_TREND_HANDOFF,,,,,EXIT4_SCORE_DRAWDOWN_GE_15,EXIT4_SCORE_DRAWDOWN_GE_15,2023-09-30,2023-09-30,2023-10-04,2023-10-04,58.38,58.38,0.0,144.0,144.0,0.0,128.74,128.74,-5.84,-5.84,False,False,False,False,,,,,0.0,0.0,0.0,SKIPPED_CASH_UNAVAILABLE,SKIPPED_CASH_UNAVAILABLE
P2-2,005490|KR7005490008|KOSPI|2010-01-04|2026-09-01|005490_02,005490,005490_02,2026-02-27,2026-03-03,,SKIPPED_EARLY_TREND_HANDOFF,,,,,LOSS_GUARD_CLOSE_LE_NEG_15,LOSS_GUARD_CLOSE_LE_NEG_15,2026-03-04,2026-03-04,2026-03-05,2026-03-05,-13.03,-13.03,0.0,3.0,3.0,0.0,0.25,0.25,-21.09,-21.09,False,True,False,True,,-13.4007,,-13.4007,0.0,-648801.98,-648801.98,SKIPPED_CASH_UNAVAILABLE,EXECUTED
P2-2,005490|KR7005490008|KOSPI|2010-01-04|2026-09-01|005490_03,005490,005490_03,2026-04-17,2026-04-20,,SKIPPED_EARLY_TREND_HANDOFF,,,,,LOSS_GUARD_CLOSE_LE_NEG_15,LOSS_GUARD_CLOSE_LE_NEG_15,2026-06-23,2026-06-23,2026-06-24,2026-06-24,-16.69,-16.69,0.0,44.0,44.0,0.0,40.23,40.23,-17.21,-17.21,True,True,True,True,-17.0459,-17.0459,-17.0459,-17.0459,-791497.69,-791497.69,0.0,EXECUTED,EXECUTED
P2-2,005830|KR7005830005|KOSPI|2010-01-04|2026-09-01|005830_01,005830,005830_01,2021-06-25,2021-06-28,,NORMAL_EARLY_TREND_HANDOFF,,,,,EXIT4_SCORE_DRAWDOWN_GE_15,EXIT4_SCORE_DRAWDOWN_GE_15,2026-05-31,2026-05-31,2026-06-01,2026-06-01,159.63,159.63,0.0,1205.0,1205.0,0.0,296.3,296.3,-3.7,-3.7,False,False,False,False,,,,,0.0,0.0,0.0,SKIPPED_CASH_UNAVAILABLE,SKIPPED_CASH_UNAVAILABLE
P2-2,005850|KR7005850003|KOSPI|2010-01-04|2026-09-01|005850_01,005850,005850_01,2024-06-07,2024-06-10,,NORMAL_EARLY_TREND_HANDOFF,,,,,LOSS_GUARD_CLOSE_LE_NEG_15,LOSS_GUARD_CLOSE_LE_NEG_15,2024-09-04,2024-09-04,2024-09-05,2024-09-05,-16.33,-16.33,0.0,63.0,63.0,0.0,28.61,28.61,-16.87,-16.87,False,False,False,False,,,,,0.0,0.0,0.0,SKIPPED_CASH_UNAVAILABLE,SKIPPED_CASH_UNAVAILABLE
P2-2,005850|KR7005850003|KOSPI|2010-01-04|2026-09-01|005850_02,005850,005850_02,2025-03-28,2025-03-31,,NORMAL_EARLY_TREND_HANDOFF,,,,,LOSS_GUARD_CLOSE_LE_NEG_15,LOSS_GUARD_CLOSE_LE_NEG_15,2025-04-07,2025-04-07,2025-04-08,2025-04-08,-16.03,-16.03,0.0,7.0,7.0,0.0,2.37,2.37,-18.79,-18.79,False,False,False,False,,,,,0.0,0.0,0.0,SKIPPED_CASH_UNAVAILABLE,SKIPPED_CASH_UNAVAILABLE
P2-2,005850|KR7005850003|KOSPI|2010-01-04|2026-09-01|005850_03,005850,005850_03,2025-11-28,2025-12-01,,NORMAL_EARLY_TREND_HANDOFF,,,,,EXIT4_SCORE_DRAWDOWN_GE_15,EXIT4_SCORE_DRAWDOWN_GE_15,2026-05-31,2026-05-31,2026-06-01,2026-06-01,78.42,78.42,0.0,121.0,121.0,0.0,92.73,92.73,-3.27,-3.27,True,True,True,True,77.6583,77.6583,77.6583,77.6583,3880575.82,3880575.82,0.0,EXECUTED,EXECUTED
P2-2,005880|KR7005880000|KOSPI|2010-01-04|2026-09-01|005880_01,005880,005880_01,2022-05-27,2022-05-30,,NEVER_PROGRESSED,,,,,LOSS_GUARD_CLOSE_LE_NEG_15,LOSS_GUARD_CLOSE_LE_NEG_15,2022-06-15,2022-06-15,2022-06-16,2022-06-16,-16.39,-16.39,0.0,12.0,12.0,0.0,0.0,0.0,-18.65,-18.65,True,True,True,True,-16.7749,-16.7749,-16.7749,-16.7749,-838729.47,-838729.47,0.0,EXECUTED,EXECUTED
P2-2,005930|KR7005930003|KOSPI|2010-01-04|2026-09-01|005930_01,005930,005930_01,2023-06-02,2023-06-05,,NORMAL_EARLY_TREND_HANDOFF,,,,,LOSS_GUARD_CLOSE_LE_NEG_15,LOSS_GUARD_CLOSE_LE_NEG_15,2024-09-30,2024-09-30,2024-10-02,2024-10-02,-16.78,-16.78,0.0,325.0,325.0,0.0,22.15,22.15,-16.78,-16.78,True,True,True,True,-17.1219,-17.1219,-17.1219,-17.1219,-847414.16,-847414.16,0.0,EXECUTED,EXECUTED
P2-2,005930|KR7005930003|KOSPI|2010-01-04|2026-09-01|005930_02,005930,005930_02,2025-08-29,2025-09-01,,NORMAL_EARLY_TREND_HANDOFF,,,,,NO_EXIT_BEFORE_CUTOFF,NO_EXIT_BEFORE_CUTOFF,,,,,280.12,280.12,0.0,243.0,243.0,0.0,447.51,447.51,-1.32,-1.32,False,False,False,False,,,,,0.0,0.0,0.0,SKIPPED_CASH_UNAVAILABLE,SKIPPED_CASH_UNAVAILABLE
P2-2,005940|KR7005940002|KOSPI|2010-01-04|2026-09-01|005940_01,005940,005940_01,2021-01-08,2021-01-11,,SKIPPED_EARLY_TREND_HANDOFF,,,,,LOSS_GUARD_CLOSE_LE_NEG_15,LOSS_GUARD_CLOSE_LE_NEG_15,2022-04-27,2022-04-27,2022-04-28,2022-04-28,-15.38,-15.38,0.0,322.0,322.0,0.0,10.93,10.93,-16.19,-16.19,True,True,True,True,-15.7732,-15.7732,-15.7732,-15.7732,-787893.42,-787893.42,0.0,EXECUTED,EXECUTED
P2-2,005940|KR7005940002|KOSPI|2010-01-04|2026-09-01|005940_02,005940,005940_02,2024-02-23,2024-02-26,C1_PROGRESSED_WITHOUT_DIRECT_HANDOFF,PROGRESSED_WITHOUT_DIRECT_HANDOFF,2024-12-31,2024-12-30,,,EXIT4_SCORE_DRAWDOWN_GE_15,EXIT4_SCORE_DRAWDOWN_GE_15,2025-04-30,2025-04-30,2025-05-02,2025-05-02,31.03,31.03,0.0,288.0,288.0,0.0,32.33,32.33,-6.9,-6.9,False,False,False,False,,,,,0.0,0.0,0.0,SKIPPED_CASH_UNAVAILABLE,SKIPPED_CASH_UNAVAILABLE
P2-2,006040|KR7006040000|KOSPI|2010-01-04|2026-09-01|006040_01,006040,006040_01,2021-02-19,2021-02-22,,PROGRESSED_WITHOUT_DIRECT_HANDOFF,,,,,LOSS_GUARD_CLOSE_LE_NEG_15,LOSS_GUARD_CLOSE_LE_NEG_15,2021-08-13,2021-08-13,2021-08-17,2021-08-17,-15.3,-15.3,0.0,122.0,122.0,0.0,10.14,10.14,-16.55,-16.55,False,False,False,False,,,,,0.0,0.0,0.0,SKIPPED_CASH_UNAVAILABLE,SKIPPED_CASH_UNAVAILABLE
P2-2,006040|KR7006040000|KOSPI|2010-01-04|2026-09-01|006040_02,006040,006040_02,2022-12-02,2022-12-05,,PROGRESSED_WITHOUT_DIRECT_HANDOFF,,,,,LOSS_GUARD_CLOSE_LE_NEG_15,LOSS_GUARD_CLOSE_LE_NEG_15,2023-06-29,2023-06-29,2023-06-30,2023-06-30,-15.63,-15.63,0.0,142.0,142.0,0.0,15.63,15.63,-16.17,-16.17,False,False,False,False,,,,,0.0,0.0,0.0,SKIPPED_CASH_UNAVAILABLE,SKIPPED_CASH_UNAVAILABLE
P2-2,006040|KR7006040000|KOSPI|2010-01-04|2026-09-01|006040_03,006040,006040_03,2025-01-03,2025-01-06,C1_PROGRESSED_WITHOUT_DIRECT_HANDOFF,PROGRESSED_WITHOUT_DIRECT_HANDOFF,2025-09-30,2025-09-30,,,EXIT4_SCORE_DRAWDOWN_GE_15,EXIT4_SCORE_DRAWDOWN_GE_15,2026-02-28,2026-02-28,2026-03-03,2026-03-03,16.67,16.67,0.0,279.0,279.0,0.0,52.62,52.62,-10.33,-10.33,True,True,True,True,16.1658,16.1658,16.1658,16.1658,804866.52,804866.52,0.0,EXECUTED,EXECUTED
P2-2,006260|KR7006260004|KOSPI|2010-01-04|2026-09-01|006260_01,006260,006260_01,2022-06-03,2022-06-07,,NORMAL_EARLY_TREND_HANDOFF,,,,,LOSS_GUARD_CLOSE_LE_NEG_15,LOSS_GUARD_CLOSE_LE_NEG_15,2022-07-06,2022-07-06,2022-07-07,2022-07-07,-21.46,-21.46,0.0,23.0,23.0,0.0,0.88,0.88,-22.77,-22.77,True,True,True,True,-21.8205,-21.8205,-21.8205,-21.8205,-1077426.97,-1077426.97,0.0,EXECUTED,EXECUTED
P2-2,006260|KR7006260004|KOSPI|2010-01-04|2026-09-01|006260_02,006260,006260_02,2022-08-12,2022-08-16,,NORMAL_EARLY_TREND_HANDOFF,,,,,EXIT4_SCORE_DRAWDOWN_GE_15,EXIT4_SCORE_DRAWDOWN_GE_15,2023-10-31,2023-10-31,2023-11-01,2023-11-01,24.29,24.29,0.0,299.0,299.0,0.0,140.16,140.16,-11.9,-11.9,True,True,True,True,23.7521,23.7521,23.7521,23.7521,1183504.05,1183504.05,0.0,EXECUTED,EXECUTED
P2-2,006260|KR7006260004|KOSPI|2010-01-04|2026-09-01|006260_03,006260,006260_03,2025-05-16,2025-05-19,,NORMAL_EARLY_TREND_HANDOFF,,,,,EXIT4_SCORE_DRAWDOWN_GE_15,EXIT4_SCORE_DRAWDOWN_GE_15,2025-11-30,2025-11-30,2025-12-01,2025-12-01,16.77,16.77,0.0,133.0,133.0,0.0,51.61,51.61,-10.26,-10.26,True,True,True,True,16.3311,16.3311,16.3311,16.3311,810956.01,810956.01,0.0,EXECUTED,EXECUTED
P2-2,006280|KR7006280002|KOSPI|2010-01-04|2026-09-01|006280_01,006280,006280_01,2024-10-18,2024-10-21,,SKIPPED_EARLY_TREND_HANDOFF,,,,,LOSS_GUARD_CLOSE_LE_NEG_15,LOSS_GUARD_CLOSE_LE_NEG_15,2024-11-12,2024-11-12,2024-11-13,2024-11-13,-17.05,-17.05,0.0,18.0,18.0,0.0,3.3,3.3,-17.61,-17.61,False,False,False,False,,,,,0.0,0.0,0.0,SKIPPED_CASH_UNAVAILABLE,SKIPPED_CASH_UNAVAILABLE
P2-2,006280|KR7006280002|KOSPI|2010-01-04|2026-09-01|006280_02,006280,006280_02,2025-12-12,2025-12-15,,NEVER_PROGRESSED,,,,,LOSS_GUARD_CLOSE_LE_NEG_15,LOSS_GUARD_CLOSE_LE_NEG_15,2026-05-11,2026-05-11,2026-05-12,2026-05-12,-15.55,-15.55,0.0,98.0,98.0,0.0,15.24,15.24,-15.92,-15.92,True,True,True,True,-15.9111,-15.9111,-15.9111,-15.9111,-787631.39,-787631.39,0.0,EXECUTED,EXECUTED
P2-2,006360|KR7006360002|KOSPI|2010-01-04|2026-09-01|006360_01,006360,006360_01,2021-01-08,2021-01-11,,NORMAL_EARLY_TREND_HANDOFF,,,,,EXIT4_SCORE_DRAWDOWN_GE_15,EXIT4_SCORE_DRAWDOWN_GE_15,2021-08-31,2021-08-31,2021-09-01,2021-09-01,5.82,5.82,0.0,162.0,162.0,0.0,16.03,16.03,-15.91,-15.91,True,True,True,True,5.3335,5.3335,5.3335,5.3335,265262.86,265262.86,0.0,EXECUTED,EXECUTED
P2-2,006360|KR7006360002|KOSPI|2010-01-04|2026-09-01|006360_02,006360,006360_02,2026-02-13,2026-02-19,,PROGRESSED_WITHOUT_DIRECT_HANDOFF,,,,,LOSS_GUARD_CLOSE_LE_NEG_15,LOSS_GUARD_CLOSE_LE_NEG_15,2026-03-04,2026-03-04,2026-03-05,2026-03-05,-10.81,-10.81,0.0,10.0,10.0,0.0,8.97,8.97,-16.82,-16.82,True,True,True,True,-11.1901,-11.1901,-11.1901,-11.1901,-557111.78,-557111.78,0.0,EXECUTED,EXECUTED
P2-2,006360|KR7006360002|KOSPI|2010-01-04|2026-09-01|006360_03,006360,006360_03,2026-03-13,2026-03-16,C1_PROGRESSED_WITHOUT_DIRECT_HANDOFF,PROGRESSED_WITHOUT_DIRECT_HANDOFF,2026-06-30,2026-06-30,,,NO_EXIT_BEFORE_CUTOFF,NO_EXIT_BEFORE_CUTOFF,,,,,52.84,52.84,0.0,115.0,115.0,0.0,88.84,88.84,-12.0,-12.0,True,True,False,False,,,52.6665,52.6665,2629763.63,2629763.63,0.0,EXECUTED,EXECUTED
P2-2,006400|KR7006400006|KOSPI|2010-01-04|2026-09-01|006400_01,006400,006400_01,2022-10-28,2022-10-31,,NORMAL_EARLY_TREND_HANDOFF,,,,,LOSS_GUARD_CLOSE_LE_NEG_15,LOSS_GUARD_CLOSE_LE_NEG_15,2022-12-23,2022-12-23,2022-12-26,2022-12-26,-15.8,-15.8,0.0,40.0,40.0,0.0,6.68,6.68,-16.35,-16.35,True,True,True,True,-16.1905,-16.1905,-16.1905,-16.1905,-698882.5,-698882.5,0.0,EXECUTED,EXECUTED
P2-2,006650|KR7006650006|KOSPI|2010-01-04|2026-09-01|006650_01,006650,006650_01,2021-01-15,2021-01-18,,NORMAL_EARLY_TREND_HANDOFF,,,,,EXIT4_SCORE_DRAWDOWN_GE_15,EXIT4_SCORE_DRAWDOWN_GE_15,2026-05-31,2026-05-31,2026-06-01,2026-06-01,-54.61,-54.61,0.0,1315.0,1315.0,0.0,46.65,46.65,-75.26,-75.26,True,True,True,True,-54.8061,-54.8061,-54.8061,-54.8061,-2730835.29,-2730835.29,0.0,EXECUTED,EXECUTED
P2-2,006800|KR7006800007|KOSPI|2010-01-04|2026-09-01|006800_01,006800,006800_01,2021-01-08,2021-01-11,,NORMAL_EARLY_TREND_HANDOFF,,,,,EXIT4_SCORE_DRAWDOWN_GE_15,EXIT4_SCORE_DRAWDOWN_GE_15,2025-07-31,2025-07-31,2025-08-01,2025-08-01,81.37,81.37,0.0,1120.0,1120.0,0.0,146.12,146.12,-43.01,-43.01,True,True,True,True,80.6771,80.6771,80.6771,80.6771,4033795.94,4033795.94,0.0,EXECUTED,EXECUTED
P2-2,007070|KR7007070006|KOSPI|2011-12-23|2026-09-01|007070_01,007070,007070_01,2021-03-26,2021-03-29,,PROGRESSED_WITHOUT_DIRECT_HANDOFF,,,,,LOSS_GUARD_CLOSE_LE_NEG_15,LOSS_GUARD_CLOSE_LE_NEG_15,2021-08-19,2021-08-19,2021-08-20,2021-08-20,-17.21,-17.21,0.0,102.0,102.0,0.0,2.98,2.98,-17.59,-17.59,False,False,False,False,,,,,0.0,0.0,0.0,SKIPPED_CASH_UNAVAILABLE,SKIPPED_CASH_UNAVAILABLE
P2-2,007070|KR7007070006|KOSPI|2011-12-23|2026-09-01|007070_02,007070,007070_02,2025-11-14,2025-11-17,,PROGRESSED_WITHOUT_DIRECT_HANDOFF,,,,,LOSS_GUARD_CLOSE_LE_NEG_15,LOSS_GUARD_CLOSE_LE_NEG_15,2026-03-09,2026-03-09,2026-03-10,2026-03-10,-13.35,-13.35,0.0,75.0,75.0,0.0,10.55,10.55,-18.35,-18.35,True,True,True,True,-13.7206,-13.7206,-13.7206,-13.7206,-685748.78,-685748.78,0.0,EXECUTED,EXECUTED
P2-2,007070|KR7007070006|KOSPI|2011-12-23|2026-09-01|007070_03,007070,007070_03,2026-08-07,2026-08-10,C1_PROGRESSED_WITHOUT_DIRECT_HANDOFF,SKIPPED_EARLY_TREND_HANDOFF,2026-08-31,2026-08-31,,,NO_EXIT_BEFORE_CUTOFF,NO_EXIT_BEFORE_CUTOFF,,,,,-5.89,-5.89,0.0,15.0,15.0,0.0,5.89,5.89,-9.82,-9.82,True,True,False,False,,,-6.001,-6.001,-299432.35,-299432.35,0.0,EXECUTED,EXECUTED
P2-2,007310|KR7007310006|KOSPI|2010-01-04|2026-09-01|007310_01,007310,007310_01,2024-05-31,2024-06-03,,NEVER_PROGRESSED,,,,,LOSS_GUARD_CLOSE_LE_NEG_15,LOSS_GUARD_CLOSE_LE_NEG_15,2024-11-13,2024-11-13,2024-11-14,2024-11-14,-16.03,-16.03,0.0,111.0,111.0,0.0,12.62,12.62,-16.03,-16.03,False,False,False,False,,,,,0.0,0.0,0.0,SKIPPED_CASH_UNAVAILABLE,SKIPPED_CASH_UNAVAILABLE
P2-2,007340|KR7007340003|KOSPI|2010-01-04|2026-09-01|007340_01,007340,007340_01,2024-09-20,2024-09-23,,NORMAL_EARLY_TREND_HANDOFF,,,,,LOSS_GUARD_CLOSE_LE_NEG_15,LOSS_GUARD_CLOSE_LE_NEG_15,2024-12-09,2024-12-09,2024-12-10,2024-12-10,-15.45,-15.45,0.0,47.0,47.0,0.0,2.25,2.25,-16.08,-16.08,True,False,True,False,-15.7943,,-15.7943,,-788971.85,0.0,788971.85,EXECUTED,SKIPPED_CASH_UNAVAILABLE
P2-2,007340|KR7007340003|KOSPI|2010-01-04|2026-09-01|007340_02,007340,007340_02,2025-01-24,2025-01-31,,NORMAL_EARLY_TREND_HANDOFF,,,,,EXIT4_SCORE_DRAWDOWN_GE_15,EXIT4_SCORE_DRAWDOWN_GE_15,2025-10-31,2025-10-31,2025-11-03,2025-11-03,10.9,10.9,0.0,185.0,185.0,0.0,49.76,49.76,-13.13,-13.13,False,False,False,False,,,,,0.0,0.0,0.0,SKIPPED_CASH_UNAVAILABLE,SKIPPED_CASH_UNAVAILABLE
P2-2,007660|KR7007660004|KOSPI|2010-01-04|2026-09-01|007660_01,007660,007660_01,2025-06-13,2025-06-16,,NORMAL_EARLY_TREND_HANDOFF,,,,,EXIT4_SCORE_DRAWDOWN_GE_15,EXIT4_SCORE_DRAWDOWN_GE_15,2025-10-31,2025-10-31,2025-11-03,2025-11-03,161.84,161.84,0.0,95.0,95.0,0.0,172.41,172.41,-3.33,-3.33,False,False,False,False,,,,,0.0,0.0,0.0,SKIPPED_CASH_UNAVAILABLE,SKIPPED_CASH_UNAVAILABLE
P2-2,007700|KR7007700008|KOSPI|2010-01-04|2026-09-01|007700_01,007700,007700_01,2021-01-22,2021-01-25,,PROGRESSED_WITHOUT_DIRECT_HANDOFF,,,,,LOSS_GUARD_CLOSE_LE_NEG_15,LOSS_GUARD_CLOSE_LE_NEG_15,2021-05-24,2021-05-24,2021-05-25,2021-05-25,-20.76,-20.76,0.0,68.0,68.0,0.0,71.09,71.09,-20.76,-20.76,True,True,True,True,-21.1222,-21.1222,-21.1222,-21.1222,-1048549.13,-1048549.13,0.0,EXECUTED,EXECUTED
P2-2,008770|KR7008770000|KOSPI|2010-01-04|2026-09-01|008770_01,008770,008770_01,2021-01-08,2021-01-11,,NEVER_PROGRESSED,,,,,LOSS_GUARD_CLOSE_LE_NEG_15,LOSS_GUARD_CLOSE_LE_NEG_15,2021-11-30,2021-11-30,2021-12-01,2021-12-01,-15.25,-15.25,0.0,222.0,222.0,0.0,23.65,23.65,-15.73,-15.73,True,True,True,True,-15.6353,-15.6353,-15.6353,-15.6353,-769313.07,-769313.07,0.0,EXECUTED,EXECUTED
P2-2,008770|KR7008770000|KOSPI|2010-01-04|2026-09-01|008770_02,008770,008770_02,2023-01-06,2023-01-09,,NEVER_PROGRESSED,,,,,LOSS_GUARD_CLOSE_LE_NEG_15,LOSS_GUARD_CLOSE_LE_NEG_15,2023-03-15,2023-03-15,2023-03-16,2023-03-16,-16.63,-16.63,0.0,46.0,46.0,0.0,1.76,1.76,-16.63,-16.63,True,True,True,True,-16.9856,-16.9856,-16.9856,-16.9856,-842296.28,-842296.28,0.0,EXECUTED,EXECUTED
P2-2,008770|KR7008770000|KOSPI|2010-01-04|2026-09-01|008770_03,008770,008770_03,2023-09-01,2023-09-04,,NEVER_PROGRESSED,,,,,LOSS_GUARD_CLOSE_LE_NEG_15,LOSS_GUARD_CLOSE_LE_NEG_15,2023-10-10,2023-10-10,2023-10-11,2023-10-11,-16.72,-16.72,0.0,23.0,23.0,0.0,3.05,3.05,-18.42,-18.42,False,True,False,True,,-17.0807,,-17.0807,0.0,-847491.95,-847491.95,SKIPPED_CASH_UNAVAILABLE,EXECUTED
P2-2,008770|KR7008770000|KOSPI|2010-01-04|2026-09-01|008770_04,008770,008770_04,2026-04-24,2026-04-27,,NEVER_PROGRESSED,,,,,LOSS_GUARD_CLOSE_LE_NEG_15,LOSS_GUARD_CLOSE_LE_NEG_15,2026-05-27,2026-05-27,2026-05-28,2026-05-28,-15.85,-15.85,0.0,21.0,21.0,0.0,8.15,8.15,-16.92,-16.92,False,False,False,False,,,,,0.0,0.0,0.0,SKIPPED_CASH_UNAVAILABLE,SKIPPED_CASH_UNAVAILABLE
P2-2,008930|KR7008930000|KOSPI|2010-01-04|2026-09-01|008930_01,008930,008930_01,2025-06-20,2025-06-23,,NEVER_PROGRESSED,,,,,LOSS_GUARD_CLOSE_LE_NEG_15,LOSS_GUARD_CLOSE_LE_NEG_15,2025-12-30,2025-12-30,2026-01-02,2026-01-02,-15.12,-15.12,0.0,131.0,131.0,0.0,23.8,23.8,-15.83,-15.83,False,False,False,False,,,,,0.0,0.0,0.0,SKIPPED_CASH_UNAVAILABLE,SKIPPED_CASH_UNAVAILABLE
P2-2,008930|KR7008930000|KOSPI|2010-01-04|2026-09-01|008930_02,008930,008930_02,2026-02-06,2026-02-09,,NEVER_PROGRESSED,,,,,LOSS_GUARD_CLOSE_LE_NEG_15,LOSS_GUARD_CLOSE_LE_NEG_15,2026-03-04,2026-03-04,2026-03-05,2026-03-05,-20.57,-20.57,0.0,15.0,15.0,0.0,17.71,17.71,-25.98,-25.98,True,True,True,True,-20.9136,-20.9136,-20.9136,-20.9136,-1036572.24,-1036572.24,0.0,EXECUTED,EXECUTED
P2-2,009150|KR7009150004|KOSPI|2010-01-04|2026-09-01|009150_01,009150,009150_01,2025-08-08,2025-08-11,,NORMAL_EARLY_TREND_HANDOFF,,,,,EXIT4_SCORE_DRAWDOWN_GE_15,EXIT4_SCORE_DRAWDOWN_GE_15,2026-01-31,2026-01-31,2026-02-02,2026-02-02,79.84,79.84,0.0,117.0,117.0,0.0,83.88,83.88,-4.29,-4.29,True,True,True,True,79.0662,79.0662,79.0662,79.0662,3943368.71,3943368.71,0.0,EXECUTED,EXECUTED
P2-2,009420|KR7009420001|KOSPI|2010-01-04|2026-09-01|009420_01,009420,009420_01,2023-05-12,2023-05-15,,NORMAL_EARLY_TREND_HANDOFF,,,,,EXIT4_SCORE_DRAWDOWN_GE_15,EXIT4_SCORE_DRAWDOWN_GE_15,2023-11-30,2023-11-30,2023-12-01,2023-12-01,64.39,64.39,0.0,137.0,137.0,0.0,87.74,87.74,-13.21,-13.21,False,True,False,True,,63.6811,,63.6811,0.0,3176239.85,3176239.85,SKIPPED_CASH_UNAVAILABLE,EXECUTED
P2-2,009450|KR7009450008|KOSPI|2010-01-04|2026-09-01|009450_01,009450,009450_01,2024-08-16,2024-08-19,,NORMAL_EARLY_TREND_HANDOFF,,,,,EXIT4_SCORE_DRAWDOWN_GE_15,EXIT4_SCORE_DRAWDOWN_GE_15,2024-10-31,2024-10-31,2024-11-01,2024-11-01,18.03,18.03,0.0,49.0,49.0,0.0,30.51,30.51,-14.84,-14.84,False,True,False,True,,17.5474,,17.5474,0.0,873967.46,873967.46,SKIPPED_CASH_UNAVAILABLE,EXECUTED
P2-2,009450|KR7009450008|KOSPI|2010-01-04|2026-09-01|009450_02,009450,009450_02,2026-05-08,2026-05-11,,NEVER_PROGRESSED,,,,,LOSS_GUARD_CLOSE_LE_NEG_15,LOSS_GUARD_CLOSE_LE_NEG_15,2026-06-23,2026-06-23,2026-06-24,2026-06-24,-14.86,-14.86,0.0,31.0,31.0,0.0,9.9,9.9,-15.96,-15.96,True,True,True,True,-15.2211,-15.2211,-15.2211,-15.2211,-753335.81,-753335.81,0.0,EXECUTED,EXECUTED
P2-2,009540|KR7009540006|KOSPI|2010-01-04|2026-09-01|009540_01,009540,009540_01,2021-01-08,2021-01-11,,PROGRESSED_WITHOUT_DIRECT_HANDOFF,,,,,LOSS_GUARD_CLOSE_LE_NEG_15,LOSS_GUARD_CLOSE_LE_NEG_15,2021-01-28,2021-01-28,2021-01-29,2021-01-29,-17.05,-17.05,0.0,15.0,15.0,0.0,3.38,3.38,-17.55,-17.55,True,True,True,True,-17.4274,-17.4274,-17.4274,-17.4274,-868357.85,-868357.85,0.0,EXECUTED,EXECUTED
P2-2,009540|KR7009540006|KOSPI|2010-01-04|2026-09-01|009540_02,009540,009540_02,2021-03-26,2021-03-29,,PROGRESSED_WITHOUT_DIRECT_HANDOFF,,,,,LOSS_GUARD_CLOSE_LE_NEG_15,LOSS_GUARD_CLOSE_LE_NEG_15,2021-08-19,2021-08-19,2021-08-20,2021-08-20,-16.48,-16.48,0.0,102.0,102.0,0.0,22.47,22.47,-17.23,-17.23,False,False,False,False,,,,,0.0,0.0,0.0,SKIPPED_CASH_UNAVAILABLE,SKIPPED_CASH_UNAVAILABLE
P2-2,009830|KR7009830001|KOSPI|2010-01-04|2026-09-01|009830_01,009830,009830_01,2022-06-10,2022-06-13,,NORMAL_EARLY_TREND_HANDOFF,,,,,LOSS_GUARD_CLOSE_LE_NEG_15,LOSS_GUARD_CLOSE_LE_NEG_15,2022-07-06,2022-07-06,2022-07-07,2022-07-07,-17.08,-17.08,0.0,19.0,19.0,0.0,0.75,0.75,-18.2,-18.2,True,True,True,True,-17.4635,-17.4635,-17.4635,-17.4635,-866267.38,-866267.38,0.0,EXECUTED,EXECUTED
P2-2,009830|KR7009830001|KOSPI|2010-01-04|2026-09-01|009830_02,009830,009830_02,2022-07-29,2022-08-01,,NORMAL_EARLY_TREND_HANDOFF,,,,,LOSS_GUARD_CLOSE_LE_NEG_15,LOSS_GUARD_CLOSE_LE_NEG_15,2023-05-03,2023-05-03,2023-05-04,2023-05-04,-16.16,-16.16,0.0,166.0,166.0,0.0,28.51,28.51,-16.71,-16.71,True,True,True,True,-16.5197,-16.5197,-16.5197,-16.5197,-821199.22,-821199.22,0.0,EXECUTED,EXECUTED
P2-2,009830|KR7009830001|KOSPI|2010-01-04|2026-09-01|009830_03,009830,009830_03,2026-02-06,2026-02-09,,NORMAL_EARLY_TREND_HANDOFF,,,,,EXIT4_SCORE_DRAWDOWN_GE_15,EXIT4_SCORE_DRAWDOWN_GE_15,2026-05-31,2026-05-31,2026-06-01,2026-06-01,-2.03,-2.03,0.0,74.0,74.0,0.0,41.53,41.53,-19.81,-19.81,True,True,True,True,-2.4474,-2.4474,-2.4474,-2.4474,-122010.82,-122010.82,0.0,EXECUTED,EXECUTED
P2-2,009970|KR7009970005|KOSPI|2010-01-04|2026-09-01|009970_01,009970,009970_01,2023-06-23,2023-06-26,,NORMAL_EARLY_TREND_HANDOFF,,,,,EXIT4_SCORE_DRAWDOWN_GE_15,EXIT4_SCORE_DRAWDOWN_GE_15,2023-10-31,2023-10-31,2023-11-01,2023-11-01,8.38,8.38,0.0,87.0,87.0,0.0,14.05,14.05,-2.03,-2.03,False,False,False,False,,,,,0.0,0.0,0.0,SKIPPED_CASH_UNAVAILABLE,SKIPPED_CASH_UNAVAILABLE
P2-2,009970|KR7009970005|KOSPI|2010-01-04|2026-09-01|009970_02,009970,009970_02,2025-03-14,2025-03-17,,NORMAL_EARLY_TREND_HANDOFF,,,,,EXIT4_SCORE_DRAWDOWN_GE_15,EXIT4_SCORE_DRAWDOWN_GE_15,2025-10-31,2025-10-31,2025-11-03,2025-11-03,51.29,51.29,0.0,155.0,155.0,0.0,62.9,62.9,-11.08,-11.08,False,False,False,False,,,,,0.0,0.0,0.0,SKIPPED_CASH_UNAVAILABLE,SKIPPED_CASH_UNAVAILABLE
P2-2,010060|KR7010060002|KOSPI|2010-01-04|2026-09-01|010060_01,010060,010060_01,2021-01-08,2021-01-11,,NORMAL_EARLY_TREND_HANDOFF,,,,,EXIT4_SCORE_DRAWDOWN_GE_15,EXIT4_SCORE_DRAWDOWN_GE_15,2026-04-30,2026-04-30,2026-05-04,2026-05-04,306.35,306.35,0.0,1273.0,1273.0,0.0,342.38,342.38,-39.13,-39.13,True,True,True,True,304.6063,304.6063,304.6063,304.6063,15127726.76,15127726.76,0.0,EXECUTED,EXECUTED
P2-2,010120|KR7010120004|KOSPI|2010-01-04|2026-09-01|010120_01,010120,010120_01,2021-08-06,2021-08-09,,NORMAL_EARLY_TREND_HANDOFF,,,,,LOSS_GUARD_CLOSE_LE_NEG_15,LOSS_GUARD_CLOSE_LE_NEG_15,2021-11-25,2021-11-25,2021-11-26,2021-11-26,-15.25,-15.25,0.0,74.0,74.0,0.0,6.88,6.88,-15.7,-15.7,True,True,True,True,-15.6359,-15.6359,-15.6359,-15.6359,-781242.62,-781242.62,0.0,EXECUTED,EXECUTED
P2-2,010120|KR7010120004|KOSPI|2010-01-04|2026-09-01|010120_02,010120,010120_02,2023-04-14,2023-04-17,,NORMAL_EARLY_TREND_HANDOFF,,,,,EXIT4_SCORE_DRAWDOWN_GE_15,EXIT4_SCORE_DRAWDOWN_GE_15,2023-10-31,2023-10-31,2023-11-01,2023-11-01,3.7,3.7,0.0,133.0,133.0,0.0,121.42,121.42,-3.06,-3.06,False,False,False,False,,,,,0.0,0.0,0.0,SKIPPED_CASH_UNAVAILABLE,SKIPPED_CASH_UNAVAILABLE
P2-2,010130|KR7010130003|KOSPI|2010-01-04|2026-09-01|010130_01,010130,010130_01,2021-07-23,2021-07-26,,NORMAL_EARLY_TREND_HANDOFF,,,,,EXIT3_PROGRESSED_TO_WEAK,EXIT3_PROGRESSED_TO_WEAK,2025-01-31,2025-01-31,2025-02-03,2025-02-03,49.44,49.44,0.0,862.0,862.0,0.0,345.74,345.74,-19.44,-19.44,True,True,True,True,48.8774,48.8774,48.8774,48.8774,2378175.3,2378175.3,0.0,EXECUTED,EXECUTED
P2-2,010140|KR7010140002|KOSPI|2010-01-04|2026-09-01|010140_01,010140,010140_01,2023-06-09,2023-06-12,,NORMAL_EARLY_TREND_HANDOFF,,,,,EXIT3_PROGRESSED_TO_TRANSITION,EXIT3_PROGRESSED_TO_TRANSITION,2024-01-31,2024-01-31,2024-02-01,2024-02-01,12.19,12.19,0.0,160.0,160.0,0.0,46.14,46.14,-1.08,-1.08,False,False,False,False,,,,,0.0,0.0,0.0,SKIPPED_CASH_UNAVAILABLE,SKIPPED_CASH_UNAVAILABLE
P2-2,010140|KR7010140002|KOSPI|2010-01-04|2026-09-01|010140_02,010140,010140_02,2024-03-15,2024-03-18,C1_PROGRESSED_WITHOUT_DIRECT_HANDOFF,SKIPPED_EARLY_TREND_HANDOFF,2024-03-31,2024-03-29,,,EXIT4_SCORE_DRAWDOWN_GE_15,EXIT4_SCORE_DRAWDOWN_GE_15,2024-07-31,2024-07-31,2024-08-01,2024-08-01,28.65,28.65,0.0,94.0,94.0,0.0,35.84,35.84,-8.3,-8.3,False,False,False,False,,,,,0.0,0.0,0.0,SKIPPED_CASH_UNAVAILABLE,SKIPPED_CASH_UNAVAILABLE
P2-2,010780|KR7010780005|KOSPI|2010-01-04|2026-09-01|010780_01,010780,010780_01,2022-04-01,2022-04-04,,NEVER_PROGRESSED,,,,,LOSS_GUARD_CLOSE_LE_NEG_15,LOSS_GUARD_CLOSE_LE_NEG_15,2022-06-13,2022-06-13,2022-06-14,2022-06-14,-16.67,-16.67,0.0,49.0,49.0,0.0,2.54,2.54,-16.67,-16.67,True,True,True,True,-17.0494,-17.0494,-17.0494,-17.0494,-847986.8,-847986.8,0.0,EXECUTED,EXECUTED
P2-2,010950|KR7010950004|KOSPI|2010-01-04|2026-09-01|010950_01,010950,010950_01,2021-03-05,2021-03-08,,NORMAL_EARLY_TREND_HANDOFF,,,,,EXIT4_SCORE_DRAWDOWN_GE_15,EXIT4_SCORE_DRAWDOWN_GE_15,2026-04-30,2026-04-30,2026-05-04,2026-05-04,47.22,47.22,0.0,1265.0,1265.0,0.0,96.78,96.78,-44.44,-44.44,True,True,True,True,46.5902,46.5902,46.5902,46.5902,2308866.8,2308866.8,0.0,EXECUTED,EXECUTED
P2-2,011070|KR7011070000|KOSPI|2010-01-04|2026-09-01|011070_01,011070,011070_01,2025-10-31,2025-11-03,,NORMAL_EARLY_TREND_HANDOFF,,,,,NO_EXIT_BEFORE_CUTOFF,NO_EXIT_BEFORE_CUTOFF,,,,,163.11,163.11,0.0,203.0,203.0,0.0,632.79,632.79,-8.61,-8.61,False,False,False,False,,,,,0.0,0.0,0.0,SKIPPED_CASH_UNAVAILABLE,SKIPPED_CASH_UNAVAILABLE
P2-2,011170|KR7011170008|KOSPI|2010-01-04|2026-09-01|011170_01,011170,011170_01,2021-01-08,2021-01-11,C1_PROGRESSED_WITHOUT_DIRECT_HANDOFF,SKIPPED_EARLY_TREND_HANDOFF,2021-05-31,2021-05-31,,,EXIT4_SCORE_DRAWDOWN_GE_15,EXIT4_SCORE_DRAWDOWN_GE_15,2021-07-31,2021-07-31,2021-08-02,2021-08-02,-13.74,-13.74,0.0,139.0,139.0,0.0,11.92,11.92,-17.22,-17.22,True,True,True,True,-14.1382,-14.1382,-14.1382,-14.1382,-692176.74,-692176.74,0.0,EXECUTED,EXECUTED
P2-2,011200|KR7011200003|KOSPI|2010-01-04|2026-09-01|011200_01,011200,011200_01,2025-05-30,2025-06-02,,NEVER_PROGRESSED,,,,,LOSS_GUARD_CLOSE_LE_NEG_15,LOSS_GUARD_CLOSE_LE_NEG_15,2025-11-18,2025-11-18,2025-11-19,2025-11-19,-15.3,-15.3,0.0,115.0,115.0,0.0,17.45,17.45,-16.15,-16.15,False,True,False,True,,-15.6234,,-15.6234,0.0,-779572.12,-779572.12,SKIPPED_CASH_UNAVAILABLE,EXECUTED
P2-2,011210|KR7011210002|KOSPI|2011-02-21|2026-09-01|011210_01,011210,011210_01,2022-09-02,2022-09-05,,NORMAL_EARLY_TREND_HANDOFF,,,,,LOSS_GUARD_CLOSE_LE_NEG_15,LOSS_GUARD_CLOSE_LE_NEG_15,2022-09-28,2022-09-28,2022-09-29,2022-09-29,-16.47,-16.47,0.0,17.0,17.0,0.0,4.78,4.78,-19.39,-19.39,True,True,True,True,-16.8511,-16.8511,-16.8511,-16.8511,-838428.17,-838428.17,0.0,EXECUTED,EXECUTED
P2-2,011210|KR7011210002|KOSPI|2011-02-21|2026-09-01|011210_02,011210,011210_02,2025-09-05,2025-09-08,,NORMAL_EARLY_TREND_HANDOFF,,,,,EXIT4_SCORE_DRAWDOWN_GE_15,EXIT4_SCORE_DRAWDOWN_GE_15,2026-04-30,2026-04-30,2026-05-04,2026-05-04,60.92,60.92,0.0,158.0,158.0,0.0,115.71,115.71,-10.06,-10.06,True,True,True,True,60.2287,60.2287,60.2287,60.2287,2990176.56,2990176.56,0.0,EXECUTED,EXECUTED
P2-2,011780|KR7011780004|KOSPI|2010-01-04|2026-09-01|011780_01,011780,011780_01,2024-02-23,2024-02-26,,NEVER_PROGRESSED,,,,,LOSS_GUARD_CLOSE_LE_NEG_15,LOSS_GUARD_CLOSE_LE_NEG_15,2024-04-09,2024-04-09,2024-04-11,2024-04-11,-17.61,-17.61,0.0,32.0,32.0,0.0,7.85,7.85,-17.61,-17.61,False,False,False,False,,,,,0.0,0.0,0.0,SKIPPED_CASH_UNAVAILABLE,SKIPPED_CASH_UNAVAILABLE
P2-2,011780|KR7011780004|KOSPI|2010-01-04|2026-09-01|011780_02,011780,011780_02,2024-07-12,2024-07-15,,NEVER_PROGRESSED,,,,,LOSS_GUARD_CLOSE_LE_NEG_15,LOSS_GUARD_CLOSE_LE_NEG_15,2024-07-31,2024-07-31,2024-08-01,2024-08-01,-16.5,-16.5,0.0,14.0,14.0,0.0,0.54,0.54,-17.64,-17.64,False,True,False,True,,-16.8379,,-16.8379,0.0,-839998.03,-839998.03,SKIPPED_CASH_UNAVAILABLE,EXECUTED
P2-2,011780|KR7011780004|KOSPI|2010-01-04|2026-09-01|011780_03,011780,011780_03,2024-09-27,2024-09-30,,NEVER_PROGRESSED,,,,,LOSS_GUARD_CLOSE_LE_NEG_15,LOSS_GUARD_CLOSE_LE_NEG_15,2024-10-22,2024-10-22,2024-10-23,2024-10-23,-15.6,-15.6,0.0,15.0,15.0,0.0,1.69,1.69,-16.92,-16.92,False,False,False,False,,,,,0.0,0.0,0.0,SKIPPED_CASH_UNAVAILABLE,SKIPPED_CASH_UNAVAILABLE
P2-2,011780|KR7011780004|KOSPI|2010-01-04|2026-09-01|011780_04,011780,011780_04,2026-01-16,2026-01-19,,NEVER_PROGRESSED,,,,,LOSS_GUARD_CLOSE_LE_NEG_15,LOSS_GUARD_CLOSE_LE_NEG_15,2026-03-09,2026-03-09,2026-03-10,2026-03-10,-14.75,-14.75,0.0,33.0,33.0,0.0,16.18,16.18,-21.26,-21.26,True,True,True,True,-15.1119,-15.1119,-15.1119,-15.1119,-739745.47,-739745.47,0.0,EXECUTED,EXECUTED
P2-2,011790|KR7011790003|KOSPI|2010-01-04|2026-09-01|011790_01,011790,011790_01,2024-05-31,2024-06-03,,SKIPPED_EARLY_TREND_HANDOFF,,,,,LOSS_GUARD_CLOSE_LE_NEG_15,LOSS_GUARD_CLOSE_LE_NEG_15,2024-08-05,2024-08-05,2024-08-06,2024-08-06,-19.47,-19.47,0.0,46.0,46.0,0.0,37.08,37.08,-26.25,-26.25,False,False,False,False,,,,,0.0,0.0,0.0,SKIPPED_CASH_UNAVAILABLE,SKIPPED_CASH_UNAVAILABLE
P2-2,011790|KR7011790003|KOSPI|2010-01-04|2026-09-01|011790_02,011790,011790_02,2025-01-24,2025-01-31,C1_PROGRESSED_WITHOUT_DIRECT_HANDOFF,SKIPPED_EARLY_TREND_HANDOFF,2025-01-31,2025-01-31,,,EXIT4_SCORE_DRAWDOWN_GE_15,EXIT4_SCORE_DRAWDOWN_GE_15,2025-04-30,2025-04-30,2025-05-02,2025-05-02,-32.87,-32.87,0.0,64.0,64.0,0.0,9.3,9.3,-42.76,-42.76,False,False,False,False,,,,,0.0,0.0,0.0,SKIPPED_CASH_UNAVAILABLE,SKIPPED_CASH_UNAVAILABLE
P2-2,011790|KR7011790003|KOSPI|2010-01-04|2026-09-01|011790_03,011790,011790_03,2025-10-31,2025-11-03,,NEVER_PROGRESSED,,,,,LOSS_GUARD_CLOSE_LE_NEG_15,LOSS_GUARD_CLOSE_LE_NEG_15,2025-11-19,2025-11-19,2025-11-20,2025-11-20,-12.18,-12.18,0.0,14.0,14.0,0.0,6.79,6.79,-17.5,-17.5,False,False,False,False,,,,,0.0,0.0,0.0,SKIPPED_CASH_UNAVAILABLE,SKIPPED_CASH_UNAVAILABLE
P2-2,012330|KR7012330007|KOSPI|2010-01-04|2026-09-01|012330_01,012330,012330_01,2024-03-29,2024-04-01,,NORMAL_EARLY_TREND_HANDOFF,,,,,LOSS_GUARD_CLOSE_LE_NEG_15,LOSS_GUARD_CLOSE_LE_NEG_15,2024-05-29,2024-05-29,2024-05-30,2024-05-30,-16.7,-16.7,0.0,40.0,40.0,0.0,0.58,0.58,-17.09,-17.09,False,False,False,False,,,,,0.0,0.0,0.0,SKIPPED_CASH_UNAVAILABLE,SKIPPED_CASH_UNAVAILABLE
P2-2,012330|KR7012330007|KOSPI|2010-01-04|2026-09-01|012330_02,012330,012330_02,2025-06-20,2025-06-23,,NORMAL_EARLY_TREND_HANDOFF,,,,,EXIT4_SCORE_DRAWDOWN_GE_15,EXIT4_SCORE_DRAWDOWN_GE_15,2026-05-31,2026-05-31,2026-06-01,2026-06-01,170.18,170.18,0.0,230.0,230.0,0.0,178.95,178.95,-2.46,-2.46,False,False,False,False,,,,,0.0,0.0,0.0,SKIPPED_CASH_UNAVAILABLE,SKIPPED_CASH_UNAVAILABLE
P2-2,012450|KR7012450003|KOSPI|2010-01-04|2026-09-01|012450_01,012450,012450_01,2021-01-29,2021-02-01,,NORMAL_EARLY_TREND_HANDOFF,,,,,EXIT4_SCORE_DRAWDOWN_GE_15,EXIT4_SCORE_DRAWDOWN_GE_15,2021-09-30,2021-09-30,2021-10-01,2021-10-01,23.98,23.98,0.0,166.0,166.0,0.0,40.63,40.63,-10.56,-10.56,True,True,True,True,23.4093,23.4093,23.4093,23.4093,1162641.33,1162641.33,0.0,EXECUTED,EXECUTED
P2-2,012750|KR7012750006|KOSPI|2010-01-04|2026-09-01|012750_01,012750,012750_01,2024-11-29,2024-12-02,,NEVER_PROGRESSED,,,,,NO_PROGRESSED_BEFORE_CUTOFF,NO_PROGRESSED_BEFORE_CUTOFF,,,,,29.68,29.68,0.0,424.0,424.0,0.0,63.49,63.49,-10.79,-10.79,True,True,False,False,,,29.5336,29.5336,1471575.7,1471575.7,0.0,EXECUTED,EXECUTED
P2-2,014680|KR7014680003|KOSPI|2010-01-04|2026-09-01|014680_01,014680,014680_01,2025-08-29,2025-09-01,,NORMAL_EARLY_TREND_HANDOFF,,,,,EXIT4_SCORE_DRAWDOWN_GE_15,EXIT4_SCORE_DRAWDOWN_GE_15,2026-01-31,2026-01-31,2026-02-02,2026-02-02,59.71,59.71,0.0,103.0,103.0,0.0,70.29,70.29,-9.37,-9.37,False,False,False,False,,,,,0.0,0.0,0.0,SKIPPED_CASH_UNAVAILABLE,SKIPPED_CASH_UNAVAILABLE
P2-2,014820|KR7014820005|KOSPI|2010-01-04|2026-09-01|014820_01,014820,014820_01,2021-01-29,2021-02-01,,NORMAL_EARLY_TREND_HANDOFF,,,,,EXIT4_SCORE_DRAWDOWN_GE_15,EXIT4_SCORE_DRAWDOWN_GE_15,2021-06-30,2021-06-30,2021-07-01,2021-07-01,-0.67,-0.67,0.0,104.0,104.0,0.0,40.89,40.89,-7.67,-7.67,True,True,True,True,-1.1228,-1.1228,-1.1228,-1.1228,-55644.85,-55644.85,0.0,EXECUTED,EXECUTED
P2-2,015760|KR7015760002|KOSPI|2010-01-04|2026-09-01|015760_01,015760,015760_01,2024-02-02,2024-02-05,,NORMAL_EARLY_TREND_HANDOFF,,,,,EXIT4_SCORE_DRAWDOWN_GE_15,EXIT4_SCORE_DRAWDOWN_GE_15,2025-10-31,2025-10-31,2025-11-03,2025-11-03,111.27,111.27,0.0,422.0,422.0,0.0,124.51,124.51,-10.83,-10.83,False,False,False,False,,,,,0.0,0.0,0.0,SKIPPED_CASH_UNAVAILABLE,SKIPPED_CASH_UNAVAILABLE
P2-2,016360|KR7016360000|KOSPI|2010-01-04|2026-09-01|016360_01,016360,016360_01,2024-07-05,2024-07-08,,NORMAL_EARLY_TREND_HANDOFF,,,,,EXIT4_SCORE_DRAWDOWN_GE_15,EXIT4_SCORE_DRAWDOWN_GE_15,2025-08-31,2025-08-31,2025-09-01,2025-09-01,59.02,59.02,0.0,280.0,280.0,0.0,88.36,88.36,-8.03,-8.03,False,True,False,True,,58.4188,,58.4188,0.0,2913887.38,2913887.38,SKIPPED_CASH_UNAVAILABLE,EXECUTED
P2-2,017670|KR7017670001|KOSPI|2010-01-04|2026-09-01|017670_01,017670,017670_01,2021-02-05,2021-02-08,,NORMAL_EARLY_TREND_HANDOFF,,,,,EXIT4_SCORE_DRAWDOWN_GE_15,EXIT4_SCORE_DRAWDOWN_GE_15,2026-08-31,2026-08-31,2026-09-01,2026-09-01,114.14,114.14,0.0,1330.0,1330.0,0.0,216.45,216.45,-5.29,-5.29,True,True,True,True,113.2222,113.2222,113.2222,113.2222,5646512.92,5646512.92,0.0,EXECUTED,EXECUTED
P2-2,017800|KR7017800004|KOSPI|2010-01-04|2026-09-01|017800_01,017800,017800_01,2021-05-21,2021-05-24,,NORMAL_EARLY_TREND_HANDOFF,,,,,LOSS_GUARD_CLOSE_LE_NEG_15,LOSS_GUARD_CLOSE_LE_NEG_15,2021-11-26,2021-11-26,2021-11-29,2021-11-29,-20.23,-20.23,0.0,130.0,130.0,0.0,12.45,12.45,-20.23,-20.23,False,False,False,False,,,,,0.0,0.0,0.0,SKIPPED_CASH_UNAVAILABLE,SKIPPED_CASH_UNAVAILABLE
P2-2,017800|KR7017800004|KOSPI|2010-01-04|2026-09-01|017800_02,017800,017800_02,2023-06-30,2023-07-03,,NORMAL_EARLY_TREND_HANDOFF,,,,,EXIT4_SCORE_DRAWDOWN_GE_15,EXIT4_SCORE_DRAWDOWN_GE_15,2026-03-31,2026-03-31,2026-04-01,2026-04-01,115.11,115.11,0.0,668.0,668.0,0.0,185.64,185.64,-5.42,-5.42,False,False,False,False,,,,,0.0,0.0,0.0,SKIPPED_CASH_UNAVAILABLE,SKIPPED_CASH_UNAVAILABLE
P2-2,018260|KR7018260000|KOSPI|2014-11-14|2026-09-01|018260_01,018260,018260_01,2021-01-08,2021-01-11,,PROGRESSED_WITHOUT_DIRECT_HANDOFF,,,,,LOSS_GUARD_CLOSE_LE_NEG_15,LOSS_GUARD_CLOSE_LE_NEG_15,2021-03-04,2021-03-04,2021-03-05,2021-03-05,-16.14,-16.14,0.0,37.0,37.0,0.0,1.79,1.79,-16.14,-16.14,True,True,True,True,-16.5286,-16.5286,-16.5286,-16.5286,-811825.86,-811825.86,0.0,EXECUTED,EXECUTED
P2-2,018260|KR7018260000|KOSPI|2014-11-14|2026-09-01|018260_02,018260,018260_02,2023-09-01,2023-09-04,,PROGRESSED_WITHOUT_DIRECT_HANDOFF,,,,,LOSS_GUARD_CLOSE_LE_NEG_15,LOSS_GUARD_CLOSE_LE_NEG_15,2025-01-24,2025-01-24,2025-01-31,2025-01-31,-19.08,-19.08,0.0,340.0,340.0,0.0,22.54,22.54,-20.35,-20.35,True,True,True,True,-19.3915,-19.3915,-19.3915,-19.3915,-964866.59,-964866.59,0.0,EXECUTED,EXECUTED
P2-2,018260|KR7018260000|KOSPI|2014-11-14|2026-09-01|018260_03,018260,018260_03,2025-06-20,2025-06-23,C1_PROGRESSED_WITHOUT_DIRECT_HANDOFF,PROGRESSED_WITHOUT_DIRECT_HANDOFF,2026-05-31,2026-05-29,,,NO_EXIT_BEFORE_CUTOFF,NO_EXIT_BEFORE_CUTOFF,,,,,40.35,40.35,0.0,292.0,292.0,0.0,127.19,127.19,-15.96,-15.96,False,False,False,False,,,,,0.0,0.0,0.0,SKIPPED_CASH_UNAVAILABLE,SKIPPED_CASH_UNAVAILABLE
P2-2,018670|KR7018670000|KOSPI|2010-01-04|2026-09-01|018670_01,018670,018670_01,2021-06-11,2021-06-14,,NORMAL_EARLY_TREND_HANDOFF,,,,,EXIT4_SCORE_DRAWDOWN_GE_15,EXIT4_SCORE_DRAWDOWN_GE_15,2021-09-30,2021-09-30,2021-10-01,2021-10-01,25.68,25.68,0.0,76.0,76.0,0.0,43.97,43.97,-15.18,-15.18,False,False,False,False,,,,,0.0,0.0,0.0,SKIPPED_CASH_UNAVAILABLE,SKIPPED_CASH_UNAVAILABLE
P2-2,018670|KR7018670000|KOSPI|2010-01-04|2026-09-01|018670_02,018670,018670_02,2023-06-02,2023-06-05,C1_PROGRESSED_WITHOUT_DIRECT_HANDOFF,PROGRESSED_WITHOUT_DIRECT_HANDOFF,2024-07-31,2024-07-31,,,EXIT4_SCORE_DRAWDOWN_GE_15,EXIT4_SCORE_DRAWDOWN_GE_15,2025-03-31,2025-03-31,2025-04-01,2025-04-01,92.58,92.58,0.0,444.0,444.0,0.0,107.03,107.03,-7.97,-7.97,False,False,False,False,,,,,0.0,0.0,0.0,SKIPPED_CASH_UNAVAILABLE,SKIPPED_CASH_UNAVAILABLE
P2-2,020000|KR7020000006|KOSPI|2010-01-04|2026-09-01|020000_01,020000,020000_01,2021-03-26,2021-03-29,C1_PROGRESSED_WITHOUT_DIRECT_HANDOFF,PROGRESSED_WITHOUT_DIRECT_HANDOFF,2021-07-31,2021-07-30,,,EXIT4_SCORE_DRAWDOWN_GE_15,EXIT4_SCORE_DRAWDOWN_GE_15,2021-12-31,2021-12-31,2022-01-03,2022-01-03,-14.7,-14.7,0.0,192.0,192.0,0.0,22.34,22.34,-18.52,-18.52,False,False,False,False,,,,,0.0,0.0,0.0,SKIPPED_CASH_UNAVAILABLE,SKIPPED_CASH_UNAVAILABLE
P2-2,020150|KR7020150009|KOSPI|2011-03-04|2026-09-01|020150_01,020150,020150_01,2021-01-15,2021-01-18,,NORMAL_EARLY_TREND_HANDOFF,,,,,EXIT4_SCORE_DRAWDOWN_GE_15,EXIT4_SCORE_DRAWDOWN_GE_15,2021-05-31,2021-05-31,2021-06-01,2021-06-01,13.99,13.99,0.0,92.0,92.0,0.0,42.14,42.14,-2.94,-2.94,True,True,True,True,13.4661,13.4661,13.4661,13.4661,671304.65,671304.65,0.0,EXECUTED,EXECUTED
P2-2,020150|KR7020150009|KOSPI|2011-03-04|2026-09-01|020150_02,020150,020150_02,2026-04-10,2026-04-13,,NORMAL_EARLY_TREND_HANDOFF,,,,,EXIT4_SCORE_DRAWDOWN_GE_15,EXIT4_SCORE_DRAWDOWN_GE_15,2026-06-30,2026-06-30,2026-07-01,2026-07-01,-7.3,-7.3,0.0,54.0,54.0,0.0,70.99,70.99,-14.3,-14.3,True,True,True,True,-7.7025,-7.7025,-7.7025,-7.7025,-382266.21,-382266.21,0.0,EXECUTED,EXECUTED
P2-2,021240|KR7021240007|KOSPI|2010-01-04|2026-09-01|021240_01,021240,021240_01,2021-05-28,2021-05-31,,PROGRESSED_WITHOUT_DIRECT_HANDOFF,,,,,LOSS_GUARD_CLOSE_LE_NEG_15,LOSS_GUARD_CLOSE_LE_NEG_15,2021-11-30,2021-11-30,2021-12-01,2021-12-01,-14.66,-14.66,0.0,127.0,127.0,0.0,9.73,9.73,-16.87,-16.87,False,False,False,False,,,,,0.0,0.0,0.0,SKIPPED_CASH_UNAVAILABLE,SKIPPED_CASH_UNAVAILABLE
P2-2,021240|KR7021240007|KOSPI|2010-01-04|2026-09-01|021240_02,021240,021240_02,2024-02-02,2024-02-05,C1_PROGRESSED_WITHOUT_DIRECT_HANDOFF,PROGRESSED_WITHOUT_DIRECT_HANDOFF,2025-01-31,2025-01-31,,,EXIT4_SCORE_DRAWDOWN_GE_15,EXIT4_SCORE_DRAWDOWN_GE_15,2025-04-30,2025-04-30,2025-05-02,2025-05-02,54.89,54.89,0.0,301.0,301.0,0.0,55.75,55.75,-14.92,-14.92,False,False,False,False,,,,,0.0,0.0,0.0,SKIPPED_CASH_UNAVAILABLE,SKIPPED_CASH_UNAVAILABLE
P2-2,021240|KR7021240007|KOSPI|2010-01-04|2026-09-01|021240_03,021240,021240_03,2026-05-15,2026-05-18,,NEVER_PROGRESSED,,,,,NO_PROGRESSED_BEFORE_CUTOFF,NO_PROGRESSED_BEFORE_CUTOFF,,,,,2.43,2.43,0.0,72.0,72.0,0.0,7.51,7.51,-12.16,-12.16,True,True,False,False,,,2.3136,2.3136,113942.18,113942.18,0.0,EXECUTED,EXECUTED
P2-2,023530|KR7023530009|KOSPI|2010-01-04|2026-09-01|023530_01,023530,023530_01,2025-05-16,2025-05-19,,NORMAL_EARLY_TREND_HANDOFF,,,,,EXIT4_SCORE_DRAWDOWN_GE_15,EXIT4_SCORE_DRAWDOWN_GE_15,2026-05-31,2026-05-31,2026-06-01,2026-06-01,92.96,92.96,0.0,253.0,253.0,0.0,140.87,140.87,-15.16,-15.16,True,True,True,True,92.1351,92.1351,92.1351,92.1351,4567130.07,4567130.07,0.0,EXECUTED,EXECUTED
P2-2,023590|KR7023590003|KOSPI|2010-01-04|2026-09-01|023590_01,023590,023590_01,2024-02-16,2024-02-19,,NORMAL_EARLY_TREND_HANDOFF,,,,,LOSS_GUARD_CLOSE_LE_NEG_15,LOSS_GUARD_CLOSE_LE_NEG_15,2024-04-11,2024-04-11,2024-04-12,2024-04-12,-15.51,-15.51,0.0,38.0,38.0,0.0,3.89,3.89,-16.93,-16.93,False,False,False,False,,,,,0.0,0.0,0.0,SKIPPED_CASH_UNAVAILABLE,SKIPPED_CASH_UNAVAILABLE
P2-2,023590|KR7023590003|KOSPI|2010-01-04|2026-09-01|023590_02,023590,023590_02,2025-05-09,2025-05-12,,NORMAL_EARLY_TREND_HANDOFF,,,,,EXIT4_SCORE_DRAWDOWN_GE_15,EXIT4_SCORE_DRAWDOWN_GE_15,2025-10-31,2025-10-31,2025-11-03,2025-11-03,68.56,68.56,0.0,118.0,118.0,0.0,84.93,84.93,-0.44,-0.44,True,True,True,True,67.9194,67.9194,67.9194,67.9194,3394572.89,3394572.89,0.0,EXECUTED,EXECUTED
P2-2,024110|KR7024110009|KOSPI|2010-01-04|2026-09-01|024110_01,024110,024110_01,2023-09-01,2023-09-04,C1_PROGRESSED_WITHOUT_DIRECT_HANDOFF,PROGRESSED_WITHOUT_DIRECT_HANDOFF,2026-02-28,2026-02-27,,,EXIT4_SCORE_DRAWDOWN_GE_15,EXIT4_SCORE_DRAWDOWN_GE_15,2026-04-30,2026-04-30,2026-05-04,2026-05-04,113.35,113.35,0.0,646.0,646.0,0.0,175.91,175.91,0.0,0.0,True,True,True,True,112.4361,112.4361,112.4361,112.4361,5617981.14,5617981.14,0.0,EXECUTED,EXECUTED
P2-2,025980|KR7025980004|KOSDAQ|2010-01-04|2026-09-01|025980_01,025980,025980_01,2021-08-06,2021-08-09,,NORMAL_EARLY_TREND_HANDOFF,,,,,EXIT4_SCORE_DRAWDOWN_GE_15,EXIT4_SCORE_DRAWDOWN_GE_15,2025-11-30,2025-11-30,2025-12-01,2025-12-01,-33.76,-33.76,0.0,1055.0,1055.0,0.0,26.92,26.92,-61.32,-61.32,True,True,True,True,-34.012,-34.012,-34.012,-34.012,-1697176.11,-1697176.11,0.0,EXECUTED,EXECUTED
P2-2,026960|KR7026960005|KOSPI|2016-07-15|2026-09-01|026960_01,026960,026960_01,2024-11-08,2024-11-11,C1_PROGRESSED_WITHOUT_DIRECT_HANDOFF,PROGRESSED_WITHOUT_DIRECT_HANDOFF,2025-03-31,2025-03-31,2025-12-30,TRANSITION,NO_EXIT_BEFORE_CUTOFF,EXIT3_PROGRESSED_TO_TRANSITION,,2025-12-30,,2026-01-02,-2.27,1.32,3.59,439.0,278.0,-161.0,21.74,21.74,-15.5,-15.12,True,True,False,True,,0.8883,-2.3807,0.8883,-118519.24,44220.64,162739.87,EXECUTED,EXECUTED
P2-2,028050|KR7028050003|KOSPI|2010-01-04|2026-09-01|028050_01,028050,028050_01,2021-04-30,2021-05-03,,NORMAL_EARLY_TREND_HANDOFF,,,,,EXIT4_SCORE_DRAWDOWN_GE_15,EXIT4_SCORE_DRAWDOWN_GE_15,2021-09-30,2021-09-30,2021-10-01,2021-10-01,47.09,47.09,0.0,104.0,104.0,0.0,65.99,65.99,-4.65,-4.65,False,False,False,False,,,,,0.0,0.0,0.0,SKIPPED_CASH_UNAVAILABLE,SKIPPED_CASH_UNAVAILABLE
P2-2,028050|KR7028050003|KOSPI|2010-01-04|2026-09-01|028050_02,028050,028050_02,2023-02-17,2023-02-20,,NORMAL_EARLY_TREND_HANDOFF,,,,,LOSS_GUARD_CLOSE_LE_NEG_15,LOSS_GUARD_CLOSE_LE_NEG_15,2023-10-30,2023-10-30,2023-10-31,2023-10-31,-17.52,-17.52,0.0,171.0,171.0,0.0,33.81,33.81,-17.88,-17.88,False,False,False,False,,,,,0.0,0.0,0.0,SKIPPED_CASH_UNAVAILABLE,SKIPPED_CASH_UNAVAILABLE
P2-2,028050|KR7028050003|KOSPI|2010-01-04|2026-09-01|028050_03,028050,028050_03,2025-07-04,2025-07-07,,NORMAL_EARLY_TREND_HANDOFF,,,,,EXIT4_SCORE_DRAWDOWN_GE_15,EXIT4_SCORE_DRAWDOWN_GE_15,2026-05-31,2026-05-31,2026-06-01,2026-06-01,111.69,111.69,0.0,220.0,220.0,0.0,181.0,181.0,-3.34,-3.34,True,True,True,True,110.7822,110.7822,110.7822,110.7822,5525074.45,5525074.45,0.0,EXECUTED,EXECUTED
P2-2,028260|KR7028260008|KOSPI|2014-12-18|2026-09-01|028260_01,028260,028260_01,2022-07-01,2022-07-04,,NORMAL_EARLY_TREND_HANDOFF,,,,,LOSS_GUARD_CLOSE_LE_NEG_15,LOSS_GUARD_CLOSE_LE_NEG_15,2022-09-28,2022-09-28,2022-09-29,2022-09-29,-14.63,-14.63,0.0,61.0,61.0,0.0,2.03,2.03,-17.07,-17.07,True,True,True,True,-15.0262,-15.0262,-15.0262,-15.0262,-740138.45,-740138.45,0.0,EXECUTED,EXECUTED
P2-2,028260|KR7028260008|KOSPI|2014-12-18|2026-09-01|028260_02,028260,028260_02,2023-12-01,2023-12-04,,NORMAL_EARLY_TREND_HANDOFF,,,,,EXIT4_SCORE_DRAWDOWN_GE_15,EXIT4_SCORE_DRAWDOWN_GE_15,2026-01-31,2026-01-31,2026-02-02,2026-02-02,151.46,151.46,0.0,526.0,526.0,0.0,160.25,160.25,-9.54,-9.54,False,True,False,True,,150.3849,,150.3849,0.0,7376581.75,7376581.75,SKIPPED_CASH_UNAVAILABLE,EXECUTED
P2-2,028300|KR7028300002|KOSDAQ|2010-01-04|2026-09-01|028300_01,028300,028300_01,2021-08-27,2021-08-30,,NORMAL_EARLY_TREND_HANDOFF,,,,,LOSS_GUARD_CLOSE_LE_NEG_15,LOSS_GUARD_CLOSE_LE_NEG_15,2021-10-13,2021-10-13,2021-10-14,2021-10-14,-12.91,-12.91,0.0,28.0,28.0,0.0,27.49,27.49,-15.68,-15.68,True,True,True,True,-13.3139,-13.3139,-13.3139,-13.3139,-660946.62,-660946.62,0.0,EXECUTED,EXECUTED
P2-2,028670|KR7028670008|KOSPI|2010-01-04|2026-09-01|028670_01,028670,028670_01,2021-02-19,2021-02-22,,NORMAL_EARLY_TREND_HANDOFF,,,,,EXIT4_SCORE_DRAWDOWN_GE_15,EXIT4_SCORE_DRAWDOWN_GE_15,2021-06-30,2021-06-30,2021-07-01,2021-07-01,60.71,60.71,0.0,91.0,91.0,0.0,66.11,66.11,-1.3,-1.3,False,False,False,False,,,,,0.0,0.0,0.0,SKIPPED_CASH_UNAVAILABLE,SKIPPED_CASH_UNAVAILABLE
P2-2,028670|KR7028670008|KOSPI|2010-01-04|2026-09-01|028670_02,028670,028670_02,2023-02-24,2023-02-27,,NORMAL_EARLY_TREND_HANDOFF,,,,,LOSS_GUARD_CLOSE_LE_NEG_15,LOSS_GUARD_CLOSE_LE_NEG_15,2023-03-20,2023-03-20,2023-03-21,2023-03-21,-14.07,-14.07,0.0,16.0,16.0,0.0,2.84,2.84,-16.32,-16.32,False,False,False,False,,,,,0.0,0.0,0.0,SKIPPED_CASH_UNAVAILABLE,SKIPPED_CASH_UNAVAILABLE
P2-2,028670|KR7028670008|KOSPI|2010-01-04|2026-09-01|028670_03,028670,028670_03,2026-01-30,2026-02-02,,NORMAL_EARLY_TREND_HANDOFF,,,,,NO_EXIT_BEFORE_CUTOFF,NO_EXIT_BEFORE_CUTOFF,,,,,22.33,22.33,0.0,141.0,141.0,0.0,42.39,42.39,-5.07,-5.07,True,True,False,False,,,22.1896,22.1896,1108953.57,1108953.57,0.0,EXECUTED,EXECUTED
P2-2,029780|KR7029780004|KOSPI|2010-01-04|2026-09-01|029780_01,029780,029780_01,2021-01-08,2021-01-11,C1_PROGRESSED_WITHOUT_DIRECT_HANDOFF,PROGRESSED_WITHOUT_DIRECT_HANDOFF,2025-01-31,2025-01-31,2025-03-31,TRANSITION,NO_EXIT_BEFORE_CUTOFF,EXIT3_PROGRESSED_TO_TRANSITION,,2025-03-31,,2025-04-01,44.68,22.96,-21.72,1382.0,1037.0,-345.0,113.25,41.76,-13.25,-13.25,True,True,False,True,,22.4919,44.5179,22.4919,2212789.68,1117972.3,-1094817.38,EXECUTED,EXECUTED
P2-2,030000|KR7030000004|KOSPI|2010-01-04|2026-09-01|030000_01,030000,030000_01,2021-06-04,2021-06-07,,NEVER_PROGRESSED,,,,,LOSS_GUARD_CLOSE_LE_NEG_15,LOSS_GUARD_CLOSE_LE_NEG_15,2022-01-27,2022-01-27,2022-01-28,2022-01-28,-14.69,-14.69,0.0,163.0,163.0,0.0,6.64,6.64,-16.5,-16.5,True,True,True,True,-15.0799,-15.0799,-15.0799,-15.0799,-750333.86,-750333.86,0.0,EXECUTED,EXECUTED
P2-2,030000|KR7030000004|KOSPI|2010-01-04|2026-09-01|030000_02,030000,030000_02,2022-04-22,2022-04-25,,NEVER_PROGRESSED,,,,,LOSS_GUARD_CLOSE_LE_NEG_15,LOSS_GUARD_CLOSE_LE_NEG_15,2023-01-03,2023-01-03,2023-01-04,2023-01-04,-14.77,-14.77,0.0,174.0,174.0,0.0,6.39,6.39,-16.97,-16.97,True,True,True,True,-15.1364,-15.1364,-15.1364,-15.1364,-755407.55,-755407.55,0.0,EXECUTED,EXECUTED
P2-2,030000|KR7030000004|KOSPI|2010-01-04|2026-09-01|030000_03,030000,030000_03,2023-10-06,2023-10-10,,NEVER_PROGRESSED,,,,,LOSS_GUARD_CLOSE_LE_NEG_15,LOSS_GUARD_CLOSE_LE_NEG_15,2024-08-05,2024-08-05,2024-08-06,2024-08-06,-17.48,-17.48,0.0,205.0,205.0,0.0,1.7,1.7,-20.39,-20.39,False,False,False,False,,,,,0.0,0.0,0.0,SKIPPED_CASH_UNAVAILABLE,SKIPPED_CASH_UNAVAILABLE
P2-2,030000|KR7030000004|KOSPI|2010-01-04|2026-09-01|030000_04,030000,030000_04,2025-06-27,2025-06-30,,NEVER_PROGRESSED,,,,,NO_PROGRESSED_BEFORE_CUTOFF,NO_PROGRESSED_BEFORE_CUTOFF,,,,,-5.23,-5.23,0.0,287.0,287.0,0.0,15.06,15.06,-12.3,-12.3,False,False,False,False,,,,,0.0,0.0,0.0,SKIPPED_CASH_UNAVAILABLE,SKIPPED_CASH_UNAVAILABLE
P2-2,030200|KR7030200000|KOSPI|2010-01-04|2026-09-01|030200_01,030200,030200_01,2021-07-02,2021-07-05,,NORMAL_EARLY_TREND_HANDOFF,,,,,EXIT3_PROGRESSED_TO_TRANSITION,EXIT3_PROGRESSED_TO_TRANSITION,2025-11-30,2025-11-30,2025-12-01,2025-12-01,57.93,57.93,0.0,1080.0,1080.0,0.0,85.87,85.87,-9.42,-9.42,True,True,True,True,57.3286,57.3286,57.3286,57.3286,2851704.29,2851704.29,0.0,EXECUTED,EXECUTED
P2-2,030200|KR7030200000|KOSPI|2010-01-04|2026-09-01|030200_02,030200,030200_02,2026-02-27,2026-03-03,,NEVER_PROGRESSED,,,,,LOSS_GUARD_CLOSE_LE_NEG_15,LOSS_GUARD_CLOSE_LE_NEG_15,2026-05-27,2026-05-27,2026-05-28,2026-05-28,-16.19,-16.19,0.0,60.0,60.0,0.0,3.49,3.49,-16.9,-16.9,False,False,False,False,,,,,0.0,0.0,0.0,SKIPPED_CASH_UNAVAILABLE,SKIPPED_CASH_UNAVAILABLE
P2-2,031430|KR7031430002|KOSPI|2011-07-14|2026-09-01|031430_01,031430,031430_01,2022-06-03,2022-06-07,,NEVER_PROGRESSED,,,,,LOSS_GUARD_CLOSE_LE_NEG_15,LOSS_GUARD_CLOSE_LE_NEG_15,2022-06-23,2022-06-23,2022-06-24,2022-06-24,-15.35,-15.35,0.0,14.0,14.0,0.0,1.41,1.41,-15.63,-15.63,True,True,True,True,-15.7409,-15.7409,-15.7409,-15.7409,-783220.09,-783220.09,0.0,EXECUTED,EXECUTED
P2-2,032350|KR7032350001|KOSPI|2010-01-04|2026-09-01|032350_01,032350,032350_01,2023-01-06,2023-01-09,,NORMAL_EARLY_TREND_HANDOFF,,,,,LOSS_GUARD_CLOSE_LE_NEG_15,LOSS_GUARD_CLOSE_LE_NEG_15,2023-03-14,2023-03-14,2023-03-15,2023-03-15,-13.15,-13.15,0.0,45.0,45.0,0.0,8.74,8.74,-15.94,-15.94,False,False,False,False,,,,,0.0,0.0,0.0,SKIPPED_CASH_UNAVAILABLE,SKIPPED_CASH_UNAVAILABLE
P2-2,032350|KR7032350001|KOSPI|2010-01-04|2026-09-01|032350_02,032350,032350_02,2025-06-13,2025-06-16,,NORMAL_EARLY_TREND_HANDOFF,,,,,EXIT4_SCORE_DRAWDOWN_GE_15,EXIT4_SCORE_DRAWDOWN_GE_15,2025-11-30,2025-11-30,2025-12-01,2025-12-01,45.41,45.41,0.0,115.0,115.0,0.0,71.51,71.51,-1.27,-1.27,False,False,False,False,,,,,0.0,0.0,0.0,SKIPPED_CASH_UNAVAILABLE,SKIPPED_CASH_UNAVAILABLE
P2-2,032640|KR7032640005|KOSPI|2010-01-04|2026-09-01|032640_01,032640,032640_01,2021-05-14,2021-05-17,,PROGRESSED_WITHOUT_DIRECT_HANDOFF,,,,,LOSS_GUARD_CLOSE_LE_NEG_15,LOSS_GUARD_CLOSE_LE_NEG_15,2022-07-06,2022-07-06,2022-07-07,2022-07-07,-15.59,-15.59,0.0,283.0,283.0,0.0,9.83,9.83,-16.61,-16.61,True,True,True,True,-15.9809,-15.9809,-15.9809,-15.9809,-797641.71,-797641.71,0.0,EXECUTED,EXECUTED
P2-2,032640|KR7032640005|KOSPI|2010-01-04|2026-09-01|032640_02,032640,032640_02,2024-12-06,2024-12-09,C1_PROGRESSED_WITHOUT_DIRECT_HANDOFF,PROGRESSED_WITHOUT_DIRECT_HANDOFF,2025-10-31,2025-10-31,,,EXIT4_SCORE_DRAWDOWN_GE_15,EXIT4_SCORE_DRAWDOWN_GE_15,2025-12-31,2025-12-31,2026-01-02,2026-01-02,32.5,32.5,0.0,258.0,258.0,0.0,47.72,47.72,-11.73,-11.73,True,True,True,True,31.9289,31.9289,31.9289,31.9289,1596042.4,1596042.4,0.0,EXECUTED,EXECUTED
P2-2,032830|KR7032830002|KOSPI|2010-05-12|2026-09-01|032830_01,032830,032830_01,2021-01-08,2021-01-11,,NORMAL_EARLY_TREND_HANDOFF,,,,,EXIT4_SCORE_DRAWDOWN_GE_15,EXIT4_SCORE_DRAWDOWN_GE_15,2026-01-31,2026-01-31,2026-02-02,2026-02-02,131.81,131.81,0.0,1242.0,1242.0,0.0,146.61,146.61,-30.95,-30.95,True,True,True,True,130.8174,130.8174,130.8174,130.8174,6479110.55,6479110.55,0.0,EXECUTED,EXECUTED
P2-2,033780|KR7033780008|KOSPI|2010-01-04|2026-09-01|033780_01,033780,033780_01,2022-09-23,2022-09-26,C1_PROGRESSED_WITHOUT_DIRECT_HANDOFF,PROGRESSED_WITHOUT_DIRECT_HANDOFF,2026-02-28,2026-02-27,,,EXIT4_SCORE_DRAWDOWN_GE_15,EXIT4_SCORE_DRAWDOWN_GE_15,2026-07-31,2026-07-31,2026-08-03,2026-08-03,103.95,103.95,0.0,941.0,941.0,0.0,123.46,123.46,-5.92,-5.92,True,True,True,True,103.0733,103.0733,103.0733,103.0733,5153196.16,5153196.16,0.0,EXECUTED,EXECUTED
P2-2,034020|KR7034020008|KOSPI|2010-01-04|2026-09-01|034020_01,034020,034020_01,2023-04-21,2023-04-24,,NORMAL_EARLY_TREND_HANDOFF,,,,,LOSS_GUARD_CLOSE_LE_NEG_15,LOSS_GUARD_CLOSE_LE_NEG_15,2023-05-03,2023-05-03,2023-05-04,2023-05-04,-13.29,-13.29,0.0,8.0,8.0,0.0,2.22,2.22,-15.67,-15.67,False,False,False,False,,,,,0.0,0.0,0.0,SKIPPED_CASH_UNAVAILABLE,SKIPPED_CASH_UNAVAILABLE
P2-2,034020|KR7034020008|KOSPI|2010-01-04|2026-09-01|034020_02,034020,034020_02,2024-06-21,2024-06-24,,NORMAL_EARLY_TREND_HANDOFF,,,,,LOSS_GUARD_CLOSE_LE_NEG_15,LOSS_GUARD_CLOSE_LE_NEG_15,2024-08-02,2024-08-02,2024-08-05,2024-08-05,-18.1,-18.1,0.0,31.0,31.0,0.0,18.48,18.48,-18.1,-18.1,False,False,False,False,,,,,0.0,0.0,0.0,SKIPPED_CASH_UNAVAILABLE,SKIPPED_CASH_UNAVAILABLE
P2-2,034020|KR7034020008|KOSPI|2010-01-04|2026-09-01|034020_03,034020,034020_03,2025-01-24,2025-01-31,,NORMAL_EARLY_TREND_HANDOFF,,,,,EXIT4_SCORE_DRAWDOWN_GE_15,EXIT4_SCORE_DRAWDOWN_GE_15,2025-06-30,2025-06-30,2025-07-01,2025-07-01,188.51,188.51,0.0,102.0,102.0,0.0,207.23,207.23,-15.06,-15.06,True,False,True,False,187.416,,187.416,,9347803.63,0.0,-9347803.63,EXECUTED,SKIPPED_CASH_UNAVAILABLE
P2-2,034220|KR7034220004|KOSPI|2010-01-04|2026-09-01|034220_01,034220,034220_01,2021-01-08,2021-01-11,,NORMAL_EARLY_TREND_HANDOFF,,,,,EXIT4_SCORE_DRAWDOWN_GE_15,EXIT4_SCORE_DRAWDOWN_GE_15,2021-05-31,2021-05-31,2021-06-01,2021-06-01,18.76,18.76,0.0,97.0,97.0,0.0,36.3,36.3,-6.42,-6.42,True,True,True,True,18.2193,18.2193,18.2193,18.2193,908081.88,908081.88,0.0,EXECUTED,EXECUTED
P2-2,034220|KR7034220004|KOSPI|2010-01-04|2026-09-01|034220_02,034220,034220_02,2025-08-29,2025-09-01,,NORMAL_EARLY_TREND_HANDOFF,,,,,EXIT3_PROGRESSED_TO_WEAK,EXIT3_PROGRESSED_TO_WEAK,2026-07-31,2026-07-31,2026-08-03,2026-08-03,-24.64,-24.64,0.0,224.0,224.0,0.0,50.97,50.97,-31.71,-31.71,False,False,False,False,,,,,0.0,0.0,0.0,SKIPPED_CASH_UNAVAILABLE,SKIPPED_CASH_UNAVAILABLE
P2-2,034730|KR7034730002|KOSPI|2010-01-04|2026-09-01|034730_01,034730,034730_01,2021-01-08,2021-01-11,,NORMAL_EARLY_TREND_HANDOFF,,,,,LOSS_GUARD_CLOSE_LE_NEG_15,LOSS_GUARD_CLOSE_LE_NEG_15,2021-03-09,2021-03-09,2021-03-10,2021-03-10,-14.48,-14.48,0.0,40.0,40.0,0.0,21.38,21.38,-18.01,-18.01,True,True,True,True,-14.8709,-14.8709,-14.8709,-14.8709,-707476.36,-707476.36,0.0,EXECUTED,EXECUTED
P2-2,034730|KR7034730002|KOSPI|2010-01-04|2026-09-01|034730_02,034730,034730_02,2024-02-23,2024-02-26,,NORMAL_EARLY_TREND_HANDOFF,,,,,LOSS_GUARD_CLOSE_LE_NEG_15,LOSS_GUARD_CLOSE_LE_NEG_15,2024-04-09,2024-04-09,2024-04-11,2024-04-11,-19.17,-19.17,0.0,32.0,32.0,0.0,0.05,0.05,-19.17,-19.17,False,False,False,False,,,,,0.0,0.0,0.0,SKIPPED_CASH_UNAVAILABLE,SKIPPED_CASH_UNAVAILABLE
P2-2,034730|KR7034730002|KOSPI|2010-01-04|2026-09-01|034730_03,034730,034730_03,2025-06-13,2025-06-16,,NORMAL_EARLY_TREND_HANDOFF,,,,,EXIT4_SCORE_DRAWDOWN_GE_15,EXIT4_SCORE_DRAWDOWN_GE_15,2026-01-31,2026-01-31,2026-02-02,2026-02-02,70.96,70.96,0.0,157.0,157.0,0.0,78.59,78.59,-6.94,-6.94,False,False,False,False,,,,,0.0,0.0,0.0,SKIPPED_CASH_UNAVAILABLE,SKIPPED_CASH_UNAVAILABLE
P2-2,035250|KR7035250000|KOSPI|2010-01-04|2026-09-01|035250_01,035250,035250_01,2025-08-08,2025-08-11,,NEVER_PROGRESSED,,,,,LOSS_GUARD_CLOSE_LE_NEG_15,LOSS_GUARD_CLOSE_LE_NEG_15,2026-05-11,2026-05-11,2026-05-12,2026-05-12,-15.23,-15.23,0.0,182.0,182.0,0.0,3.6,3.6,-15.39,-15.39,False,False,False,False,,,,,0.0,0.0,0.0,SKIPPED_CASH_UNAVAILABLE,SKIPPED_CASH_UNAVAILABLE
P2-2,035420|KR7035420009|KOSPI|2010-01-04|2026-09-01|035420_01,035420,035420_01,2025-02-07,2025-02-10,,NEVER_PROGRESSED,,,,,LOSS_GUARD_CLOSE_LE_NEG_15,LOSS_GUARD_CLOSE_LE_NEG_15,2025-03-28,2025-03-28,2025-03-31,2025-03-31,-16.6,-16.6,0.0,35.0,35.0,0.0,1.09,1.09,-16.6,-16.6,True,True,True,True,-16.9177,-16.9177,-16.9177,-16.9177,-816287.93,-816287.93,0.0,EXECUTED,EXECUTED
P2-2,035420|KR7035420009|KOSPI|2010-01-04|2026-09-01|035420_02,035420,035420_02,2025-06-27,2025-06-30,,NEVER_PROGRESSED,,,,,LOSS_GUARD_CLOSE_LE_NEG_15,LOSS_GUARD_CLOSE_LE_NEG_15,2025-08-27,2025-08-27,2025-08-28,2025-08-28,-15.37,-15.37,0.0,43.0,43.0,0.0,4.67,4.67,-15.76,-15.76,False,False,False,False,,,,,0.0,0.0,0.0,SKIPPED_CASH_UNAVAILABLE,SKIPPED_CASH_UNAVAILABLE
P2-2,035720|KR7035720002|KOSPI|2017-07-10|2026-09-01|035720_01,035720,035720_01,2025-09-12,2025-09-15,C1_PROGRESSED_WITHOUT_DIRECT_HANDOFF,PROGRESSED_WITHOUT_DIRECT_HANDOFF,2025-11-30,2025-11-28,,,EXIT4_SCORE_DRAWDOWN_GE_15,EXIT4_SCORE_DRAWDOWN_GE_15,2026-01-31,2026-01-31,2026-02-02,2026-02-02,-6.92,-6.92,0.0,93.0,93.0,0.0,7.23,7.23,-14.62,-14.62,True,True,True,True,-7.3227,-7.3227,-7.3227,-7.3227,-362155.56,-362155.56,0.0,EXECUTED,EXECUTED
P2-2,035760|KR7035760008|KOSDAQ|2010-01-04|2026-09-01|035760_01,035760,035760_01,2025-06-20,2025-06-23,,NEVER_PROGRESSED,,,,,LOSS_GUARD_CLOSE_LE_NEG_15,LOSS_GUARD_CLOSE_LE_NEG_15,2025-07-24,2025-07-24,2025-07-25,2025-07-25,-16.84,-16.84,0.0,25.0,25.0,0.0,5.66,5.66,-17.61,-17.61,False,False,False,False,,,,,0.0,0.0,0.0,SKIPPED_CASH_UNAVAILABLE,SKIPPED_CASH_UNAVAILABLE
P2-2,035760|KR7035760008|KOSDAQ|2010-01-04|2026-09-01|035760_02,035760,035760_02,2025-08-22,2025-08-25,,NEVER_PROGRESSED,,,,,LOSS_GUARD_CLOSE_LE_NEG_15,LOSS_GUARD_CLOSE_LE_NEG_15,2025-11-06,2025-11-06,2025-11-07,2025-11-07,-15.5,-15.5,0.0,50.0,50.0,0.0,6.33,6.33,-17.83,-17.83,False,False,False,False,,,,,0.0,0.0,0.0,SKIPPED_CASH_UNAVAILABLE,SKIPPED_CASH_UNAVAILABLE
P2-2,036460|KR7036460004|KOSPI|2010-01-04|2026-09-01|036460_01,036460,036460_01,2021-06-18,2021-06-21,,NORMAL_EARLY_TREND_HANDOFF,,,,,EXIT4_SCORE_DRAWDOWN_GE_15,EXIT4_SCORE_DRAWDOWN_GE_15,2021-12-31,2021-12-31,2022-01-03,2022-01-03,2.61,2.61,0.0,134.0,134.0,0.0,35.42,35.42,-13.73,-13.73,False,False,False,False,,,,,0.0,0.0,0.0,SKIPPED_CASH_UNAVAILABLE,SKIPPED_CASH_UNAVAILABLE
P2-2,036460|KR7036460004|KOSPI|2010-01-04|2026-09-01|036460_02,036460,036460_02,2026-02-20,2026-02-23,,NEVER_PROGRESSED,,,,,LOSS_GUARD_CLOSE_LE_NEG_15,LOSS_GUARD_CLOSE_LE_NEG_15,2026-03-04,2026-03-04,2026-03-05,2026-03-05,-17.27,-17.27,0.0,8.0,8.0,0.0,0.11,0.11,-20.57,-20.57,False,True,False,True,,-17.6269,,-17.6269,0.0,-874249.05,-874249.05,SKIPPED_CASH_UNAVAILABLE,EXECUTED
P2-2,036540|KR7036540003|KOSDAQ|2010-01-04|2026-09-01|036540_01,036540,036540_01,2024-01-26,2024-01-29,,NORMAL_EARLY_TREND_HANDOFF,,,,,LOSS_GUARD_CLOSE_LE_NEG_15,LOSS_GUARD_CLOSE_LE_NEG_15,2024-01-31,2024-01-31,2024-02-01,2024-02-01,-14.49,-14.49,0.0,4.0,4.0,0.0,0.0,0.0,-15.43,-15.43,True,True,True,True,-14.8447,-14.8447,-14.8447,-14.8447,-742089.78,-742089.78,0.0,EXECUTED,EXECUTED
P2-2,036570|KR7036570000|KOSPI|2010-01-04|2026-09-01|036570_01,036570,036570_01,2026-04-17,2026-04-20,,NEVER_PROGRESSED,,,,,LOSS_GUARD_CLOSE_LE_NEG_15,LOSS_GUARD_CLOSE_LE_NEG_15,2026-07-14,2026-07-14,2026-07-15,2026-07-15,-15.33,-15.33,0.0,59.0,59.0,0.0,25.36,25.36,-16.97,-16.97,False,True,False,True,,-15.692,,-15.692,0.0,-774817.96,-774817.96,SKIPPED_CASH_UNAVAILABLE,EXECUTED
P2-2,036930|KR7036930006|KOSDAQ|2010-01-04|2026-09-01|036930_01,036930,036930_01,2025-03-21,2025-03-24,,NORMAL_EARLY_TREND_HANDOFF,,,,,LOSS_GUARD_CLOSE_LE_NEG_15,LOSS_GUARD_CLOSE_LE_NEG_15,2025-04-07,2025-04-07,2025-04-08,2025-04-08,-14.9,-14.9,0.0,12.0,12.0,0.0,1.79,1.79,-18.83,-18.83,False,False,False,False,,,,,0.0,0.0,0.0,SKIPPED_CASH_UNAVAILABLE,SKIPPED_CASH_UNAVAILABLE
P2-2,039030|KR7039030002|KOSDAQ|2010-01-04|2026-09-01|039030_01,039030,039030_01,2023-03-31,2023-04-03,,NORMAL_EARLY_TREND_HANDOFF,,,,,EXIT4_SCORE_DRAWDOWN_GE_15,EXIT4_SCORE_DRAWDOWN_GE_15,2023-12-31,2023-12-31,2024-01-02,2024-01-02,70.84,70.84,0.0,184.0,184.0,0.0,104.36,104.36,-11.84,-11.84,True,False,True,False,70.1387,,70.1387,,3456546.76,0.0,-3456546.76,EXECUTED,SKIPPED_CASH_UNAVAILABLE
P2-2,039130|KR7039130000|KOSPI|2011-11-01|2026-09-01|039130_01,039130,039130_01,2023-02-03,2023-02-06,,NEVER_PROGRESSED,,,,,LOSS_GUARD_CLOSE_LE_NEG_15,LOSS_GUARD_CLOSE_LE_NEG_15,2023-06-02,2023-06-02,2023-06-05,2023-06-05,-15.87,-15.87,0.0,82.0,82.0,0.0,5.87,5.87,-16.98,-16.98,False,False,False,False,,,,,0.0,0.0,0.0,SKIPPED_CASH_UNAVAILABLE,SKIPPED_CASH_UNAVAILABLE
P2-2,039130|KR7039130000|KOSPI|2011-11-01|2026-09-01|039130_02,039130,039130_02,2024-02-02,2024-02-05,,NEVER_PROGRESSED,,,,,LOSS_GUARD_CLOSE_LE_NEG_15,LOSS_GUARD_CLOSE_LE_NEG_15,2024-04-15,2024-04-15,2024-04-16,2024-04-16,-17.1,-17.1,0.0,48.0,48.0,0.0,8.78,8.78,-18.18,-18.18,False,False,False,False,,,,,0.0,0.0,0.0,SKIPPED_CASH_UNAVAILABLE,SKIPPED_CASH_UNAVAILABLE
P2-2,039200|KR7039200001|KOSDAQ|2010-01-04|2026-09-01|039200_01,039200,039200_01,2023-08-11,2023-08-14,,NORMAL_EARLY_TREND_HANDOFF,,,,,LOSS_GUARD_CLOSE_LE_NEG_15,LOSS_GUARD_CLOSE_LE_NEG_15,2023-08-31,2023-08-31,2023-09-01,2023-09-01,-16.89,-16.89,0.0,14.0,14.0,0.0,1.49,1.49,-18.24,-18.24,False,False,False,False,,,,,0.0,0.0,0.0,SKIPPED_CASH_UNAVAILABLE,SKIPPED_CASH_UNAVAILABLE
P2-2,039200|KR7039200001|KOSDAQ|2010-01-04|2026-09-01|039200_02,039200,039200_02,2024-04-26,2024-04-29,,NORMAL_EARLY_TREND_HANDOFF,,,,,EXIT4_SCORE_DRAWDOWN_GE_15,EXIT4_SCORE_DRAWDOWN_GE_15,2026-03-31,2026-03-31,2026-04-01,2026-04-01,71.19,71.19,0.0,466.0,466.0,0.0,118.54,118.54,-28.48,-28.48,False,False,False,False,,,,,0.0,0.0,0.0,SKIPPED_CASH_UNAVAILABLE,SKIPPED_CASH_UNAVAILABLE
P2-2,039490|KR7039490008|KOSPI|2010-01-04|2026-09-01|039490_01,039490,039490_01,2024-02-16,2024-02-19,,NORMAL_EARLY_TREND_HANDOFF,,,,,EXIT4_SCORE_DRAWDOWN_GE_15,EXIT4_SCORE_DRAWDOWN_GE_15,2025-09-30,2025-09-30,2025-10-01,2025-10-01,107.04,107.04,0.0,396.0,396.0,0.0,136.8,136.8,-10.31,-10.31,True,False,True,False,106.2555,,106.2555,,5203254.43,0.0,-5203254.43,EXECUTED,SKIPPED_CASH_UNAVAILABLE
P2-2,041510|KR7041510009|KOSDAQ|2010-01-04|2026-09-01|041510_01,041510,041510_01,2021-06-04,2021-06-07,,NORMAL_EARLY_TREND_HANDOFF,,,,,EXIT4_SCORE_DRAWDOWN_GE_15,EXIT4_SCORE_DRAWDOWN_GE_15,2021-10-31,2021-10-31,2021-11-01,2021-11-01,78.43,78.43,0.0,100.0,100.0,0.0,91.01,91.01,-3.6,-3.6,False,False,False,False,,,,,0.0,0.0,0.0,SKIPPED_CASH_UNAVAILABLE,SKIPPED_CASH_UNAVAILABLE
P2-2,041510|KR7041510009|KOSDAQ|2010-01-04|2026-09-01|041510_02,041510,041510_02,2025-02-14,2025-02-17,,NORMAL_EARLY_TREND_HANDOFF,,,,,EXIT4_SCORE_DRAWDOWN_GE_15,EXIT4_SCORE_DRAWDOWN_GE_15,2025-08-31,2025-08-31,2025-09-01,2025-09-01,52.39,52.39,0.0,134.0,134.0,0.0,68.22,68.22,-4.45,-4.45,True,True,True,True,51.8079,51.8079,51.8079,51.8079,2582380.6,2582380.6,0.0,EXECUTED,EXECUTED
P2-2,042660|KR7042660001|KOSPI|2010-01-04|2026-09-01|042660_01,042660,042660_01,2021-06-04,2021-06-07,,NORMAL_EARLY_TREND_HANDOFF,,,,,LOSS_GUARD_CLOSE_LE_NEG_15,LOSS_GUARD_CLOSE_LE_NEG_15,2021-07-09,2021-07-09,2021-07-12,2021-07-12,-15.77,-15.77,0.0,26.0,26.0,0.0,3.46,3.46,-17.82,-17.82,True,True,True,True,-16.1568,-16.1568,-16.1568,-16.1568,-807042.77,-807042.77,0.0,EXECUTED,EXECUTED
P2-2,042660|KR7042660001|KOSPI|2010-01-04|2026-09-01|042660_02,042660,042660_02,2023-04-21,2023-04-24,,NORMAL_EARLY_TREND_HANDOFF,,,,,EXIT4_SCORE_DRAWDOWN_GE_15,EXIT4_SCORE_DRAWDOWN_GE_15,2023-10-31,2023-10-31,2023-11-01,2023-11-01,-5.26,-5.26,0.0,128.0,128.0,0.0,79.5,79.5,-11.87,-11.87,False,False,False,False,,,,,0.0,0.0,0.0,SKIPPED_CASH_UNAVAILABLE,SKIPPED_CASH_UNAVAILABLE
P2-2,042660|KR7042660001|KOSPI|2010-01-04|2026-09-01|042660_03,042660,042660_03,2024-11-08,2024-11-11,,NORMAL_EARLY_TREND_HANDOFF,,,,,LOSS_GUARD_CLOSE_LE_NEG_15,LOSS_GUARD_CLOSE_LE_NEG_15,2024-12-06,2024-12-06,2024-12-09,2024-12-09,-17.71,-17.71,0.0,21.0,21.0,0.0,9.32,9.32,-18.77,-18.77,True,True,True,True,-18.0466,-18.0466,-18.0466,-18.0466,-902309.62,-902309.62,0.0,EXECUTED,EXECUTED
P2-2,042660|KR7042660001|KOSPI|2010-01-04|2026-09-01|042660_04,042660,042660_04,2025-01-03,2025-01-06,,NORMAL_EARLY_TREND_HANDOFF,,,,,EXIT4_SCORE_DRAWDOWN_GE_15,EXIT4_SCORE_DRAWDOWN_GE_15,2025-04-30,2025-04-30,2025-05-02,2025-05-02,109.33,109.33,0.0,79.0,79.0,0.0,154.13,154.13,-3.2,-3.2,True,True,True,True,108.5391,108.5391,108.5391,108.5391,5419613.53,5419613.53,0.0,EXECUTED,EXECUTED
P2-2,046890|KR7046890000|KOSDAQ|2010-01-04|2026-09-01|046890_01,046890,046890_01,2021-01-08,2021-01-11,,SKIPPED_EARLY_TREND_HANDOFF,,,,,LOSS_GUARD_CLOSE_LE_NEG_15,LOSS_GUARD_CLOSE_LE_NEG_15,2021-03-08,2021-03-08,2021-03-09,2021-03-09,-15.11,-15.11,0.0,39.0,39.0,0.0,1.11,1.11,-16.0,-16.0,True,True,True,True,-15.501,-15.501,-15.501,-15.501,-771671.57,-771671.57,0.0,EXECUTED,EXECUTED
P2-2,047040|KR7047040001|KOSPI|2010-01-04|2026-09-01|047040_01,047040,047040_01,2021-01-08,2021-01-11,,NORMAL_EARLY_TREND_HANDOFF,,,,,EXIT4_SCORE_DRAWDOWN_GE_15,EXIT4_SCORE_DRAWDOWN_GE_15,2021-07-31,2021-07-31,2021-08-02,2021-08-02,26.4,26.4,0.0,141.0,141.0,0.0,61.42,61.42,-11.0,-11.0,True,True,True,True,25.8155,25.8155,25.8155,25.8155,1290694.76,1290694.76,0.0,EXECUTED,EXECUTED
P2-2,047040|KR7047040001|KOSPI|2010-01-04|2026-09-01|047040_02,047040,047040_02,2025-05-30,2025-06-02,,NORMAL_EARLY_TREND_HANDOFF,,,,,LOSS_GUARD_CLOSE_LE_NEG_15,LOSS_GUARD_CLOSE_LE_NEG_15,2025-09-25,2025-09-25,2025-09-26,2025-09-26,-15.56,-15.56,0.0,82.0,82.0,0.0,12.4,12.4,-17.19,-17.19,False,False,False,False,,,,,0.0,0.0,0.0,SKIPPED_CASH_UNAVAILABLE,SKIPPED_CASH_UNAVAILABLE
P2-2,047040|KR7047040001|KOSPI|2010-01-04|2026-09-01|047040_03,047040,047040_03,2026-01-23,2026-01-26,,NORMAL_EARLY_TREND_HANDOFF,,,,,EXIT4_SCORE_DRAWDOWN_GE_15,EXIT4_SCORE_DRAWDOWN_GE_15,2026-04-30,2026-04-30,2026-05-04,2026-05-04,586.27,586.27,0.0,66.0,66.0,0.0,691.18,691.18,-6.67,-6.67,True,True,True,True,583.3283,583.3283,583.3283,583.3283,29158496.34,29158496.34,0.0,EXECUTED,EXECUTED
P2-2,047050|KR7047050000|KOSPI|2010-01-04|2026-09-01|047050_01,047050,047050_01,2021-02-05,2021-02-08,,NORMAL_EARLY_TREND_HANDOFF,,,,,EXIT4_SCORE_DRAWDOWN_GE_15,EXIT4_SCORE_DRAWDOWN_GE_15,2021-10-31,2021-10-31,2021-11-01,2021-11-01,-0.46,-0.46,0.0,180.0,180.0,0.0,30.73,30.73,-11.24,-11.24,False,False,False,False,,,,,0.0,0.0,0.0,SKIPPED_CASH_UNAVAILABLE,SKIPPED_CASH_UNAVAILABLE
P2-2,047050|KR7047050000|KOSPI|2010-01-04|2026-09-01|047050_02,047050,047050_02,2022-08-19,2022-08-22,,NORMAL_EARLY_TREND_HANDOFF,,,,,LOSS_GUARD_CLOSE_LE_NEG_15,LOSS_GUARD_CLOSE_LE_NEG_15,2022-09-26,2022-09-26,2022-09-27,2022-09-27,-17.22,-17.22,0.0,25.0,25.0,0.0,5.0,5.0,-18.33,-18.33,True,True,True,True,-17.6024,-17.6024,-17.6024,-17.6024,-875491.65,-875491.65,0.0,EXECUTED,EXECUTED
P2-2,047050|KR7047050000|KOSPI|2010-01-04|2026-09-01|047050_03,047050,047050_03,2023-04-14,2023-04-17,,NORMAL_EARLY_TREND_HANDOFF,,,,,EXIT4_SCORE_DRAWDOWN_GE_15,EXIT4_SCORE_DRAWDOWN_GE_15,2023-08-31,2023-08-31,2023-09-01,2023-09-01,191.07,191.07,0.0,95.0,95.0,0.0,252.28,252.28,-4.92,-4.92,True,True,True,True,189.8251,189.8251,189.8251,189.8251,9442211.65,9442211.65,0.0,EXECUTED,EXECUTED
P2-2,047050|KR7047050000|KOSPI|2010-01-04|2026-09-01|047050_04,047050,047050_04,2026-02-06,2026-02-09,,PROGRESSED_WITHOUT_DIRECT_HANDOFF,,,,,LOSS_GUARD_CLOSE_LE_NEG_15,LOSS_GUARD_CLOSE_LE_NEG_15,2026-06-08,2026-06-08,2026-06-09,2026-06-09,-16.21,-16.21,0.0,79.0,79.0,0.0,39.45,39.45,-17.43,-17.43,True,True,True,True,-16.5677,-16.5677,-16.5677,-16.5677,-824426.87,-824426.87,0.0,EXECUTED,EXECUTED
P2-2,047810|KR7047810007|KOSPI|2011-06-30|2026-09-01|047810_01,047810,047810_01,2021-02-05,2021-02-08,,NORMAL_EARLY_TREND_HANDOFF,,,,,LOSS_GUARD_CLOSE_LE_NEG_15,LOSS_GUARD_CLOSE_LE_NEG_15,2021-02-26,2021-02-26,2021-03-02,2021-03-02,-11.25,-11.25,0.0,14.0,14.0,0.0,4.86,4.86,-16.37,-16.37,True,True,True,True,-11.6608,-11.6608,-11.6608,-11.6608,-579704.31,-579704.31,0.0,EXECUTED,EXECUTED
P2-2,047810|KR7047810007|KOSPI|2011-06-30|2026-09-01|047810_02,047810,047810_02,2021-03-19,2021-03-22,,NORMAL_EARLY_TREND_HANDOFF,,,,,LOSS_GUARD_CLOSE_LE_NEG_15,LOSS_GUARD_CLOSE_LE_NEG_15,2021-05-03,2021-05-03,2021-05-04,2021-05-04,-15.55,-15.55,0.0,32.0,32.0,0.0,4.56,4.56,-15.55,-15.55,True,True,True,True,-15.9374,-15.9374,-15.9374,-15.9374,-791549.29,-791549.29,0.0,EXECUTED,EXECUTED
P2-2,047810|KR7047810007|KOSPI|2011-06-30|2026-09-01|047810_03,047810,047810_03,2022-01-21,2022-01-24,,NORMAL_EARLY_TREND_HANDOFF,,,,,EXIT4_SCORE_DRAWDOWN_GE_15,EXIT4_SCORE_DRAWDOWN_GE_15,2022-06-30,2022-06-30,2022-07-01,2022-07-01,48.31,48.31,0.0,107.0,107.0,0.0,62.38,62.38,-11.23,-11.23,True,True,True,True,47.6274,47.6274,47.6274,47.6274,2378507.79,2378507.79,0.0,EXECUTED,EXECUTED
P2-2,047810|KR7047810007|KOSPI|2011-06-30|2026-09-01|047810_04,047810,047810_04,2025-03-07,2025-03-10,,NORMAL_EARLY_TREND_HANDOFF,,,,,EXIT4_SCORE_DRAWDOWN_GE_15,EXIT4_SCORE_DRAWDOWN_GE_15,2025-08-31,2025-08-31,2025-09-01,2025-09-01,19.4,19.4,0.0,120.0,120.0,0.0,30.66,30.66,-11.64,-11.64,True,True,True,True,18.9462,18.9462,18.9462,18.9462,939637.93,939637.93,0.0,EXECUTED,EXECUTED
P2-2,048410|KR7048410005|KOSDAQ|2010-01-04|2026-09-01|048410_01,048410,048410_01,2022-09-02,2022-09-05,,SKIPPED_EARLY_TREND_HANDOFF,,,,,LOSS_GUARD_CLOSE_LE_NEG_15,LOSS_GUARD_CLOSE_LE_NEG_15,2022-09-16,2022-09-16,2022-09-19,2022-09-19,-19.38,-19.38,0.0,9.0,9.0,0.0,4.0,4.0,-23.75,-23.75,True,True,True,True,-19.7484,-19.7484,-19.7484,-19.7484,-987405.32,-987405.32,0.0,EXECUTED,EXECUTED
P2-2,051600|KR7051600005|KOSPI|2010-01-04|2026-09-01|051600_01,051600,051600_01,2021-04-16,2021-04-19,C1_PROGRESSED_WITHOUT_DIRECT_HANDOFF,PROGRESSED_WITHOUT_DIRECT_HANDOFF,2022-03-31,2022-03-31,2022-05-31,TRANSITION,NO_EXIT_BEFORE_CUTOFF,EXIT3_PROGRESSED_TO_TRANSITION,,2022-05-31,,2022-06-02,28.65,6.46,-22.19,1315.0,278.0,-1037.0,93.82,42.7,-16.85,-9.97,False,False,False,False,,,,,0.0,0.0,0.0,SKIPPED_CASH_UNAVAILABLE,SKIPPED_CASH_UNAVAILABLE
P2-2,051900|KR7051900009|KOSPI|2010-01-04|2026-09-01|051900_01,051900,051900_01,2021-06-25,2021-06-28,,NEVER_PROGRESSED,,,,,LOSS_GUARD_CLOSE_LE_NEG_15,LOSS_GUARD_CLOSE_LE_NEG_15,2021-07-26,2021-07-26,2021-07-27,2021-07-27,-15.25,-15.25,0.0,22.0,22.0,0.0,1.54,1.54,-15.77,-15.77,False,False,False,False,,,,,0.0,0.0,0.0,SKIPPED_CASH_UNAVAILABLE,SKIPPED_CASH_UNAVAILABLE
P2-2,052690|KR7052690005|KOSPI|2010-01-04|2026-09-01|052690_01,052690,052690_01,2021-04-09,2021-04-12,,NORMAL_EARLY_TREND_HANDOFF,,,,,EXIT3_PROGRESSED_TO_TRANSITION,EXIT3_PROGRESSED_TO_TRANSITION,2023-01-31,2023-01-31,2023-02-01,2023-02-01,130.93,130.93,0.0,448.0,448.0,0.0,309.49,309.49,-2.28,-2.28,False,False,False,False,,,,,0.0,0.0,0.0,SKIPPED_CASH_UNAVAILABLE,SKIPPED_CASH_UNAVAILABLE
P2-2,052690|KR7052690005|KOSPI|2010-01-04|2026-09-01|052690_02,052690,052690_02,2023-03-10,2023-03-13,,NORMAL_EARLY_TREND_HANDOFF,,,,,LOSS_GUARD_CLOSE_LE_NEG_15,LOSS_GUARD_CLOSE_LE_NEG_15,2023-10-19,2023-10-19,2023-10-20,2023-10-20,-21.13,-21.13,0.0,150.0,150.0,0.0,19.01,19.01,-21.13,-21.13,False,True,False,True,,-21.4654,,-21.4654,0.0,-1068055.82,-1068055.82,SKIPPED_CASH_UNAVAILABLE,EXECUTED
P2-2,053800|KR7053800009|KOSDAQ|2010-01-04|2026-09-01|053800_01,053800,053800_01,2025-04-04,2025-04-07,,NEVER_PROGRESSED,,,,,LOSS_GUARD_CLOSE_LE_NEG_15,LOSS_GUARD_CLOSE_LE_NEG_15,2025-04-16,2025-04-16,2025-04-17,2025-04-17,-16.94,-16.94,0.0,9.0,9.0,0.0,19.08,19.08,-17.55,-17.55,False,True,False,True,,-17.2539,,-17.2539,0.0,-846414.52,-846414.52,SKIPPED_CASH_UNAVAILABLE,EXECUTED
P2-2,055550|KR7055550008|KOSPI|2010-01-04|2026-09-01|055550_01,055550,055550_01,2021-04-09,2021-04-12,,NORMAL_EARLY_TREND_HANDOFF,,,,,EXIT3_PROGRESSED_TO_EARLY_TREND,EXIT3_PROGRESSED_TO_EARLY_TREND,2025-07-31,2025-07-31,2025-08-01,2025-08-01,79.81,79.81,0.0,1058.0,1058.0,0.0,97.85,97.85,-12.79,-12.79,False,False,False,False,,,,,0.0,0.0,0.0,SKIPPED_CASH_UNAVAILABLE,SKIPPED_CASH_UNAVAILABLE
P2-2,056190|KR7056190002|KOSDAQ|2010-01-04|2026-09-01|056190_01,056190,056190_01,2021-02-05,2021-02-08,,PROGRESSED_WITHOUT_DIRECT_HANDOFF,,,,,LOSS_GUARD_CLOSE_LE_NEG_15,LOSS_GUARD_CLOSE_LE_NEG_15,2021-10-01,2021-10-01,2021-10-05,2021-10-05,-15.64,-15.64,0.0,162.0,162.0,0.0,10.39,10.39,-15.75,-15.75,False,False,False,False,,,,,0.0,0.0,0.0,SKIPPED_CASH_UNAVAILABLE,SKIPPED_CASH_UNAVAILABLE
P2-2,056190|KR7056190002|KOSDAQ|2010-01-04|2026-09-01|056190_02,056190,056190_02,2022-03-25,2022-03-28,,PROGRESSED_WITHOUT_DIRECT_HANDOFF,,,,,LOSS_GUARD_CLOSE_LE_NEG_15,LOSS_GUARD_CLOSE_LE_NEG_15,2023-08-17,2023-08-17,2023-08-18,2023-08-18,-17.9,-17.9,0.0,348.0,348.0,0.0,8.89,8.89,-17.9,-17.9,True,True,True,True,-18.2537,-18.2537,-18.2537,-18.2537,-910353.39,-910353.39,0.0,EXECUTED,EXECUTED
P2-2,058470|KR7058470006|KOSDAQ|2010-01-04|2026-09-01|058470_01,058470,058470_01,2022-12-02,2022-12-05,,NORMAL_EARLY_TREND_HANDOFF,,,,,LOSS_GUARD_CLOSE_LE_NEG_15,LOSS_GUARD_CLOSE_LE_NEG_15,2023-03-08,2023-03-08,2023-03-09,2023-03-09,-18.59,-18.59,0.0,65.0,65.0,0.0,3.05,3.05,-21.53,-21.53,False,True,False,True,,-18.944,,-18.944,0.0,-943245.59,-943245.59,SKIPPED_CASH_UNAVAILABLE,EXECUTED
P2-2,058470|KR7058470006|KOSDAQ|2010-01-04|2026-09-01|058470_02,058470,058470_02,2024-01-05,2024-01-08,,NORMAL_EARLY_TREND_HANDOFF,,,,,EXIT4_SCORE_DRAWDOWN_GE_15,EXIT4_SCORE_DRAWDOWN_GE_15,2024-05-31,2024-05-31,2024-06-03,2024-06-03,31.38,31.38,0.0,99.0,99.0,0.0,51.47,51.47,-7.89,-7.89,True,True,True,True,30.8386,30.8386,30.8386,30.8386,1538520.37,1538520.37,0.0,EXECUTED,EXECUTED
P2-2,058470|KR7058470006|KOSDAQ|2010-01-04|2026-09-01|058470_03,058470,058470_03,2025-10-17,2025-10-20,,NORMAL_EARLY_TREND_HANDOFF,,,,,NO_EXIT_BEFORE_CUTOFF,NO_EXIT_BEFORE_CUTOFF,,,,,17.05,17.05,0.0,213.0,213.0,0.0,126.71,126.71,-6.68,-6.68,True,False,False,False,,,16.913,,838206.41,0.0,-838206.41,EXECUTED,SKIPPED_CASH_UNAVAILABLE
P2-2,064350|KR7064350002|KOSPI|2013-10-30|2026-09-01|064350_01,064350,064350_01,2021-06-11,2021-06-14,,NORMAL_EARLY_TREND_HANDOFF,,,,,EXIT3_PROGRESSED_TO_TRANSITION,EXIT3_PROGRESSED_TO_TRANSITION,2022-03-31,2022-03-31,2022-04-01,2022-04-01,-19.48,-19.48,0.0,198.0,198.0,0.0,9.34,9.34,-29.82,-29.82,False,False,False,False,,,,,0.0,0.0,0.0,SKIPPED_CASH_UNAVAILABLE,SKIPPED_CASH_UNAVAILABLE
P2-2,064350|KR7064350002|KOSPI|2013-10-30|2026-09-01|064350_02,064350,064350_02,2022-07-22,2022-07-25,,NORMAL_EARLY_TREND_HANDOFF,,,,,EXIT4_SCORE_DRAWDOWN_GE_15,EXIT4_SCORE_DRAWDOWN_GE_15,2023-09-30,2023-09-30,2023-10-04,2023-10-04,12.68,12.68,0.0,295.0,295.0,0.0,64.62,64.62,-5.73,-5.73,True,True,True,True,12.1952,12.1952,12.1952,12.1952,608971.74,608971.74,0.0,EXECUTED,EXECUTED
P2-2,064350|KR7064350002|KOSPI|2013-10-30|2026-09-01|064350_03,064350,064350_03,2024-02-23,2024-02-26,,NORMAL_EARLY_TREND_HANDOFF,,,,,EXIT4_SCORE_DRAWDOWN_GE_15,EXIT4_SCORE_DRAWDOWN_GE_15,2024-10-31,2024-10-31,2024-11-01,2024-11-01,88.13,88.13,0.0,167.0,167.0,0.0,107.0,107.0,-8.98,-8.98,False,False,False,False,,,,,0.0,0.0,0.0,SKIPPED_CASH_UNAVAILABLE,SKIPPED_CASH_UNAVAILABLE
P2-2,064760|KR7064760002|KOSDAQ|2010-01-04|2026-09-01|064760_01,064760,064760_01,2024-04-12,2024-04-15,,PROGRESSED_WITHOUT_DIRECT_HANDOFF,,,,,LOSS_GUARD_CLOSE_LE_NEG_15,LOSS_GUARD_CLOSE_LE_NEG_15,2024-05-24,2024-05-24,2024-05-27,2024-05-27,-15.75,-15.75,0.0,28.0,28.0,0.0,8.88,8.88,-16.22,-16.22,False,False,False,False,,,,,0.0,0.0,0.0,SKIPPED_CASH_UNAVAILABLE,SKIPPED_CASH_UNAVAILABLE
P2-2,064760|KR7064760002|KOSDAQ|2010-01-04|2026-09-01|064760_02,064760,064760_02,2024-06-14,2024-06-17,,PROGRESSED_WITHOUT_DIRECT_HANDOFF,,,,,LOSS_GUARD_CLOSE_LE_NEG_15,LOSS_GUARD_CLOSE_LE_NEG_15,2024-07-19,2024-07-19,2024-07-22,2024-07-22,-15.15,-15.15,0.0,26.0,26.0,0.0,3.26,3.26,-17.91,-17.91,False,False,False,False,,,,,0.0,0.0,0.0,SKIPPED_CASH_UNAVAILABLE,SKIPPED_CASH_UNAVAILABLE
P2-2,064760|KR7064760002|KOSDAQ|2010-01-04|2026-09-01|064760_03,064760,064760_03,2025-06-20,2025-06-23,C1_PROGRESSED_WITHOUT_DIRECT_HANDOFF,PROGRESSED_WITHOUT_DIRECT_HANDOFF,2025-12-31,2025-12-30,,,EXIT4_SCORE_DRAWDOWN_GE_15,EXIT4_SCORE_DRAWDOWN_GE_15,2026-01-31,2026-01-31,2026-02-02,2026-02-02,120.34,120.34,0.0,152.0,152.0,0.0,147.76,147.76,-9.87,-9.87,False,False,False,False,,,,,0.0,0.0,0.0,SKIPPED_CASH_UNAVAILABLE,SKIPPED_CASH_UNAVAILABLE
P2-2,066570|KR7066570003|KOSPI|2010-01-04|2026-09-01|066570_01,066570,066570_01,2023-07-14,2023-07-17,,NORMAL_EARLY_TREND_HANDOFF,,,,,LOSS_GUARD_CLOSE_LE_NEG_15,LOSS_GUARD_CLOSE_LE_NEG_15,2023-08-02,2023-08-02,2023-08-03,2023-08-03,-15.0,-15.0,0.0,14.0,14.0,0.0,0.72,0.72,-15.4,-15.4,True,True,True,True,-15.3609,-15.3609,-15.3609,-15.3609,-767083.83,-767083.83,0.0,EXECUTED,EXECUTED
P2-2,066570|KR7066570003|KOSPI|2010-01-04|2026-09-01|066570_02,066570,066570_02,2025-11-07,2025-11-10,,NORMAL_EARLY_TREND_HANDOFF,,,,,NO_EXIT_BEFORE_CUTOFF,NO_EXIT_BEFORE_CUTOFF,,,,,143.26,143.26,0.0,198.0,198.0,0.0,392.13,392.13,-5.62,-5.62,True,True,False,False,,,142.979,142.979,7134267.65,7134267.65,0.0,EXECUTED,EXECUTED
P2-2,067630|KR7067630004|KOSDAQ|2010-01-04|2026-09-01|067630_01,067630,067630_01,2024-01-26,2024-01-29,,NEVER_PROGRESSED,,,,,LOSS_GUARD_CLOSE_LE_NEG_15,LOSS_GUARD_CLOSE_LE_NEG_15,2024-05-17,2024-05-17,2024-05-20,2024-05-20,-33.47,-33.47,0.0,74.0,74.0,0.0,102.6,102.6,-33.47,-33.47,True,True,True,True,-33.7388,-33.7388,-33.7388,-33.7388,-1685486.73,-1685486.73,0.0,EXECUTED,EXECUTED
P2-2,068270|KR7068270008|KOSPI|2018-02-09|2026-09-01|068270_01,068270,068270_01,2023-12-22,2023-12-26,,NEVER_PROGRESSED,,,,,LOSS_GUARD_CLOSE_LE_NEG_15,LOSS_GUARD_CLOSE_LE_NEG_15,2025-05-12,2025-05-12,2025-05-13,2025-05-13,-14.86,-14.86,0.0,333.0,333.0,0.0,28.67,28.67,-15.48,-15.48,False,False,False,False,,,,,0.0,0.0,0.0,SKIPPED_CASH_UNAVAILABLE,SKIPPED_CASH_UNAVAILABLE
P2-2,068270|KR7068270008|KOSPI|2018-02-09|2026-09-01|068270_02,068270,068270_02,2025-11-14,2025-11-17,,NEVER_PROGRESSED,,,,,LOSS_GUARD_CLOSE_LE_NEG_15,LOSS_GUARD_CLOSE_LE_NEG_15,2026-06-08,2026-06-08,2026-06-09,2026-06-09,-15.64,-15.64,0.0,136.0,136.0,0.0,26.07,26.07,-16.48,-16.48,True,True,True,True,-15.9991,-15.9991,-15.9991,-15.9991,-790328.25,-790328.25,0.0,EXECUTED,EXECUTED
P2-2,069260|KR7069260008|KOSPI|2010-01-04|2026-09-01|069260_01,069260,069260_01,2021-08-27,2021-08-30,,NEVER_PROGRESSED,,,,,LOSS_GUARD_CLOSE_LE_NEG_15,LOSS_GUARD_CLOSE_LE_NEG_15,2021-11-29,2021-11-29,2021-11-30,2021-11-30,-15.95,-15.95,0.0,62.0,62.0,0.0,12.38,12.38,-17.82,-17.82,True,True,True,True,-16.3335,-16.3335,-16.3335,-16.3335,-814922.93,-814922.93,0.0,EXECUTED,EXECUTED
P2-2,069260|KR7069260008|KOSPI|2010-01-04|2026-09-01|069260_02,069260,069260_02,2022-05-20,2022-05-23,,NEVER_PROGRESSED,,,,,LOSS_GUARD_CLOSE_LE_NEG_15,LOSS_GUARD_CLOSE_LE_NEG_15,2022-06-17,2022-06-17,2022-06-20,2022-06-20,-14.73,-14.73,0.0,19.0,19.0,0.0,1.77,1.77,-16.31,-16.31,True,True,True,True,-15.1263,-15.1263,-15.1263,-15.1263,-755400.3,-755400.3,0.0,EXECUTED,EXECUTED
P2-2,069620|KR7069620003|KOSPI|2010-01-04|2026-09-01|069620_01,069620,069620_01,2022-03-18,2022-03-21,,NEVER_PROGRESSED,,,,,LOSS_GUARD_CLOSE_LE_NEG_15,LOSS_GUARD_CLOSE_LE_NEG_15,2022-10-13,2022-10-13,2022-10-14,2022-10-14,-15.74,-15.74,0.0,142.0,142.0,0.0,13.99,13.99,-16.33,-16.33,True,True,True,True,-16.1304,-16.1304,-16.1304,-16.1304,-803167.23,-803167.23,0.0,EXECUTED,EXECUTED
P2-2,069620|KR7069620003|KOSPI|2010-01-04|2026-09-01|069620_02,069620,069620_02,2024-10-04,2024-10-07,,NEVER_PROGRESSED,,,,,LOSS_GUARD_CLOSE_LE_NEG_15,LOSS_GUARD_CLOSE_LE_NEG_15,2024-12-09,2024-12-09,2024-12-10,2024-12-10,-16.89,-16.89,0.0,46.0,46.0,0.0,17.18,17.18,-18.03,-18.03,True,True,True,True,-17.2326,-17.2326,-17.2326,-17.2326,-847178.8,-847178.8,0.0,EXECUTED,EXECUTED
P2-2,069620|KR7069620003|KOSPI|2010-01-04|2026-09-01|069620_03,069620,069620_03,2025-07-11,2025-07-14,,NEVER_PROGRESSED,,,,,LOSS_GUARD_CLOSE_LE_NEG_15,LOSS_GUARD_CLOSE_LE_NEG_15,2025-08-06,2025-08-06,2025-08-07,2025-08-07,-15.47,-15.47,0.0,19.0,19.0,0.0,7.58,7.58,-16.58,-16.58,False,False,False,False,,,,,0.0,0.0,0.0,SKIPPED_CASH_UNAVAILABLE,SKIPPED_CASH_UNAVAILABLE
P2-2,069960|KR7069960003|KOSPI|2010-01-04|2026-09-01|069960_01,069960,069960_01,2021-01-08,2021-01-11,,NORMAL_EARLY_TREND_HANDOFF,,,,,LOSS_GUARD_CLOSE_LE_NEG_15,LOSS_GUARD_CLOSE_LE_NEG_15,2021-11-30,2021-11-30,2021-12-01,2021-12-01,-16.15,-16.15,0.0,222.0,222.0,0.0,21.28,21.28,-16.65,-16.65,True,True,True,True,-16.5303,-16.5303,-16.5303,-16.5303,-819818.74,-819818.74,0.0,EXECUTED,EXECUTED
P2-2,069960|KR7069960003|KOSPI|2010-01-04|2026-09-01|069960_02,069960,069960_02,2022-06-03,2022-06-07,,NORMAL_EARLY_TREND_HANDOFF,,,,,LOSS_GUARD_CLOSE_LE_NEG_15,LOSS_GUARD_CLOSE_LE_NEG_15,2022-07-06,2022-07-06,2022-07-07,2022-07-07,-15.34,-15.34,0.0,23.0,23.0,0.0,0.37,0.37,-16.46,-16.46,True,True,True,True,-15.7255,-15.7255,-15.7255,-15.7255,-782832.5,-782832.5,0.0,EXECUTED,EXECUTED
P2-2,069960|KR7069960003|KOSPI|2010-01-04|2026-09-01|069960_03,069960,069960_03,2025-02-21,2025-02-24,,NORMAL_EARLY_TREND_HANDOFF,,,,,EXIT4_SCORE_DRAWDOWN_GE_15,EXIT4_SCORE_DRAWDOWN_GE_15,2026-01-31,2026-01-31,2026-02-02,2026-02-02,67.72,67.72,0.0,231.0,231.0,0.0,75.09,75.09,-5.61,-5.61,False,False,False,False,,,,,0.0,0.0,0.0,SKIPPED_CASH_UNAVAILABLE,SKIPPED_CASH_UNAVAILABLE
P2-2,071050|KR7071050009|KOSPI|2010-01-04|2026-09-01|071050_01,071050,071050_01,2021-01-08,2021-01-11,,NORMAL_EARLY_TREND_HANDOFF,,,,,EXIT4_SCORE_DRAWDOWN_GE_15,EXIT4_SCORE_DRAWDOWN_GE_15,2021-07-31,2021-07-31,2021-08-02,2021-08-02,5.62,5.62,0.0,141.0,141.0,0.0,33.41,33.41,-11.69,-11.69,True,True,True,True,5.1379,5.1379,5.1379,5.1379,256597.34,256597.34,0.0,EXECUTED,EXECUTED
P2-2,071050|KR7071050009|KOSPI|2010-01-04|2026-09-01|071050_02,071050,071050_02,2024-02-02,2024-02-05,C1_PROGRESSED_WITHOUT_DIRECT_HANDOFF,SKIPPED_EARLY_TREND_HANDOFF,2025-05-31,2025-05-30,,,EXIT4_SCORE_DRAWDOWN_GE_15,EXIT4_SCORE_DRAWDOWN_GE_15,2025-06-30,2025-06-30,2025-07-01,2025-07-01,112.59,112.59,0.0,339.0,339.0,0.0,122.79,122.79,-9.75,-9.75,False,False,False,False,,,,,0.0,0.0,0.0,SKIPPED_CASH_UNAVAILABLE,SKIPPED_CASH_UNAVAILABLE
P2-2,073240|KR7073240004|KOSPI|2010-01-04|2026-09-01|073240_01,073240,073240_01,2021-05-14,2021-05-17,,NORMAL_EARLY_TREND_HANDOFF,,,,,LOSS_GUARD_CLOSE_LE_NEG_15,LOSS_GUARD_CLOSE_LE_NEG_15,2021-05-21,2021-05-21,2021-05-24,2021-05-24,-18.22,-18.22,0.0,5.0,5.0,0.0,0.54,0.54,-19.03,-19.03,True,True,True,True,-18.5982,-18.5982,-18.5982,-18.5982,-929250.49,-929250.49,0.0,EXECUTED,EXECUTED
P2-2,073240|KR7073240004|KOSPI|2010-01-04|2026-09-01|073240_02,073240,073240_02,2021-06-04,2021-06-07,,NORMAL_EARLY_TREND_HANDOFF,,,,,EXIT4_SCORE_DRAWDOWN_GE_15,EXIT4_SCORE_DRAWDOWN_GE_15,2021-10-31,2021-10-31,2021-11-01,2021-11-01,-8.05,-8.05,0.0,100.0,100.0,0.0,42.64,42.64,-11.99,-11.99,False,False,False,False,,,,,0.0,0.0,0.0,SKIPPED_CASH_UNAVAILABLE,SKIPPED_CASH_UNAVAILABLE
P2-2,073240|KR7073240004|KOSPI|2010-01-04|2026-09-01|073240_03,073240,073240_03,2023-04-28,2023-05-02,C1_PROGRESSED_WITHOUT_DIRECT_HANDOFF,SKIPPED_EARLY_TREND_HANDOFF,2024-01-31,2024-01-31,,,EXIT4_SCORE_DRAWDOWN_GE_15,EXIT4_SCORE_DRAWDOWN_GE_15,2024-03-31,2024-03-31,2024-04-01,2024-04-01,30.62,30.62,0.0,225.0,225.0,0.0,51.54,51.54,-10.35,-10.35,False,False,False,False,,,,,0.0,0.0,0.0,SKIPPED_CASH_UNAVAILABLE,SKIPPED_CASH_UNAVAILABLE
P2-2,073240|KR7073240004|KOSPI|2010-01-04|2026-09-01|073240_04,073240,073240_04,2025-11-28,2025-12-01,,NEVER_PROGRESSED,,,,,LOSS_GUARD_CLOSE_LE_NEG_15,LOSS_GUARD_CLOSE_LE_NEG_15,2026-05-13,2026-05-13,2026-05-14,2026-05-14,-16.02,-16.02,0.0,110.0,110.0,0.0,29.66,29.66,-16.95,-16.95,True,True,True,True,-16.3775,-16.3775,-16.3775,-16.3775,-818406.43,-818406.43,0.0,EXECUTED,EXECUTED
P2-2,074600|KR7074600008|KOSDAQ|2010-01-04|2026-09-01|074600_01,074600,074600_01,2024-06-07,2024-06-10,,NORMAL_EARLY_TREND_HANDOFF,,,,,LOSS_GUARD_CLOSE_LE_NEG_15,LOSS_GUARD_CLOSE_LE_NEG_15,2024-07-17,2024-07-17,2024-07-18,2024-07-18,-21.58,-21.58,0.0,29.0,29.0,0.0,0.37,0.37,-21.58,-21.58,False,False,False,False,,,,,0.0,0.0,0.0,SKIPPED_CASH_UNAVAILABLE,SKIPPED_CASH_UNAVAILABLE
P2-2,078340|KR7078340007|KOSDAQ|2010-01-04|2026-09-01|078340_01,078340,078340_01,2021-01-15,2021-01-18,,PROGRESSED_WITHOUT_DIRECT_HANDOFF,,,,,LOSS_GUARD_CLOSE_LE_NEG_15,LOSS_GUARD_CLOSE_LE_NEG_15,2021-02-24,2021-02-24,2021-02-25,2021-02-25,-14.84,-14.84,0.0,27.0,27.0,0.0,7.33,7.33,-15.87,-15.87,True,True,True,True,-15.2348,-15.2348,-15.2348,-15.2348,-761397.08,-761397.08,0.0,EXECUTED,EXECUTED
P2-2,078340|KR7078340007|KOSDAQ|2010-01-04|2026-09-01|078340_02,078340,078340_02,2021-11-19,2021-11-22,,NEVER_PROGRESSED,,,,,LOSS_GUARD_CLOSE_LE_NEG_15,LOSS_GUARD_CLOSE_LE_NEG_15,2021-12-06,2021-12-06,2021-12-07,2021-12-07,-15.3,-15.3,0.0,12.0,12.0,0.0,5.48,5.48,-17.12,-17.12,True,True,True,True,-15.6845,-15.6845,-15.6845,-15.6845,-773038.47,-773038.47,0.0,EXECUTED,EXECUTED
P2-2,078600|KR7078600004|KOSDAQ|2010-01-04|2026-09-01|078600_01,078600,078600_01,2024-05-31,2024-06-03,,NORMAL_EARLY_TREND_HANDOFF,,,,,LOSS_GUARD_CLOSE_LE_NEG_15,LOSS_GUARD_CLOSE_LE_NEG_15,2024-09-06,2024-09-06,2024-09-09,2024-09-09,-23.99,-23.99,0.0,69.0,69.0,0.0,37.54,37.54,-23.99,-23.99,False,False,False,False,,,,,0.0,0.0,0.0,SKIPPED_CASH_UNAVAILABLE,SKIPPED_CASH_UNAVAILABLE
P2-2,078600|KR7078600004|KOSDAQ|2010-01-04|2026-09-01|078600_02,078600,078600_02,2026-02-27,2026-03-03,,NORMAL_EARLY_TREND_HANDOFF,,,,,LOSS_GUARD_CLOSE_LE_NEG_15,LOSS_GUARD_CLOSE_LE_NEG_15,2026-03-04,2026-03-04,2026-03-05,2026-03-05,-11.15,-11.15,0.0,3.0,3.0,0.0,3.1,3.1,-21.47,-21.47,False,False,False,False,,,,,0.0,0.0,0.0,SKIPPED_CASH_UNAVAILABLE,SKIPPED_CASH_UNAVAILABLE
P2-2,078600|KR7078600004|KOSDAQ|2010-01-04|2026-09-01|078600_03,078600,078600_03,2026-04-17,2026-04-20,,NORMAL_EARLY_TREND_HANDOFF,,,,,LOSS_GUARD_CLOSE_LE_NEG_15,LOSS_GUARD_CLOSE_LE_NEG_15,2026-06-08,2026-06-08,2026-06-09,2026-06-09,-17.55,-17.55,0.0,33.0,33.0,0.0,38.03,38.03,-19.8,-19.8,False,True,False,True,,-17.8992,,-17.8992,0.0,-880504.89,-880504.89,SKIPPED_CASH_UNAVAILABLE,EXECUTED
P2-2,078930|KR7078930005|KOSPI|2010-01-04|2026-09-01|078930_01,078930,078930_01,2021-05-07,2021-05-10,,NORMAL_EARLY_TREND_HANDOFF,,,,,LOSS_GUARD_CLOSE_LE_NEG_15,LOSS_GUARD_CLOSE_LE_NEG_15,2021-08-20,2021-08-20,2021-08-23,2021-08-23,-15.8,-15.8,0.0,74.0,74.0,0.0,7.36,7.36,-16.01,-16.01,True,True,True,True,-16.1818,-16.1818,-16.1818,-16.1818,-804528.38,-804528.38,0.0,EXECUTED,EXECUTED
P2-2,078930|KR7078930005|KOSPI|2010-01-04|2026-09-01|078930_02,078930,078930_02,2022-05-06,2022-05-09,,NORMAL_EARLY_TREND_HANDOFF,,,,,LOSS_GUARD_CLOSE_LE_NEG_15,LOSS_GUARD_CLOSE_LE_NEG_15,2022-06-23,2022-06-23,2022-06-24,2022-06-24,-15.3,-15.3,0.0,33.0,33.0,0.0,3.46,3.46,-15.72,-15.72,True,True,True,True,-15.6929,-15.6929,-15.6929,-15.6929,-779390.89,-779390.89,0.0,EXECUTED,EXECUTED
P2-2,078930|KR7078930005|KOSPI|2010-01-04|2026-09-01|078930_03,078930,078930_03,2023-11-24,2023-11-27,,NORMAL_EARLY_TREND_HANDOFF,,,,,LOSS_GUARD_CLOSE_LE_NEG_15,LOSS_GUARD_CLOSE_LE_NEG_15,2025-02-28,2025-02-28,2025-03-04,2025-03-04,-15.13,-15.13,0.0,306.0,306.0,0.0,33.88,33.88,-16.07,-16.07,False,False,False,False,,,,,0.0,0.0,0.0,SKIPPED_CASH_UNAVAILABLE,SKIPPED_CASH_UNAVAILABLE
P2-2,078930|KR7078930005|KOSPI|2010-01-04|2026-09-01|078930_04,078930,078930_04,2025-05-30,2025-06-02,,NORMAL_EARLY_TREND_HANDOFF,,,,,EXIT4_SCORE_DRAWDOWN_GE_15,EXIT4_SCORE_DRAWDOWN_GE_15,2026-04-30,2026-04-30,2026-05-04,2026-05-04,89.21,89.21,0.0,225.0,225.0,0.0,92.88,92.88,-1.72,-1.72,False,False,False,False,,,,,0.0,0.0,0.0,SKIPPED_CASH_UNAVAILABLE,SKIPPED_CASH_UNAVAILABLE
P2-2,079550|KR7079550000|KOSPI|2015-10-02|2026-09-01|079550_01,079550,079550_01,2023-11-10,2023-11-13,,NORMAL_EARLY_TREND_HANDOFF,,,,,EXIT4_SCORE_DRAWDOWN_GE_15,EXIT4_SCORE_DRAWDOWN_GE_15,2024-06-30,2024-06-30,2024-07-01,2024-07-01,122.0,122.0,0.0,155.0,155.0,0.0,125.56,125.56,-8.35,-8.35,False,True,False,True,,121.0872,,121.0872,0.0,5952219.02,5952219.02,SKIPPED_CASH_UNAVAILABLE,EXECUTED
P2-2,081660|KR7081660003|KOSPI|2010-09-28|2026-09-01|081660_01,081660,081660_01,2023-03-03,2023-03-06,,NEVER_PROGRESSED,,,,,LOSS_GUARD_CLOSE_LE_NEG_15,LOSS_GUARD_CLOSE_LE_NEG_15,2023-04-06,2023-04-06,2023-04-07,2023-04-07,-15.37,-15.37,0.0,25.0,25.0,0.0,0.0,0.0,-15.61,-15.61,False,False,False,False,,,,,0.0,0.0,0.0,SKIPPED_CASH_UNAVAILABLE,SKIPPED_CASH_UNAVAILABLE
P2-2,081660|KR7081660003|KOSPI|2010-09-28|2026-09-01|081660_02,081660,081660_02,2024-03-08,2024-03-11,,NEVER_PROGRESSED,,,,,LOSS_GUARD_CLOSE_LE_NEG_15,LOSS_GUARD_CLOSE_LE_NEG_15,2025-04-09,2025-04-09,2025-04-10,2025-04-10,-13.69,-13.69,0.0,264.0,264.0,0.0,10.85,10.85,-17.26,-17.26,False,False,False,False,,,,,0.0,0.0,0.0,SKIPPED_CASH_UNAVAILABLE,SKIPPED_CASH_UNAVAILABLE
P2-2,081660|KR7081660003|KOSPI|2010-09-28|2026-09-01|081660_03,081660,081660_03,2025-09-05,2025-09-08,,NEVER_PROGRESSED,,,,,NO_PROGRESSED_BEFORE_CUTOFF,NO_PROGRESSED_BEFORE_CUTOFF,,,,,3.46,3.46,0.0,238.0,238.0,0.0,37.95,37.95,-11.0,-11.0,True,True,False,False,,,3.3422,3.3422,166477.6,166477.6,0.0,EXECUTED,EXECUTED
P2-2,084370|KR7084370006|KOSDAQ|2010-01-04|2026-09-01|084370_01,084370,084370_01,2023-09-15,2023-09-18,,NORMAL_EARLY_TREND_HANDOFF,,,,,LOSS_GUARD_CLOSE_LE_NEG_15,LOSS_GUARD_CLOSE_LE_NEG_15,2024-02-05,2024-02-05,2024-02-06,2024-02-06,-23.64,-23.64,0.0,94.0,94.0,0.0,10.66,10.66,-25.38,-25.38,False,False,False,False,,,,,0.0,0.0,0.0,SKIPPED_CASH_UNAVAILABLE,SKIPPED_CASH_UNAVAILABLE
P2-2,084370|KR7084370006|KOSDAQ|2010-01-04|2026-09-01|084370_02,084370,084370_02,2024-04-12,2024-04-15,,NORMAL_EARLY_TREND_HANDOFF,,,,,EXIT4_SCORE_DRAWDOWN_GE_15,EXIT4_SCORE_DRAWDOWN_GE_15,2026-01-31,2026-01-31,2026-02-02,2026-02-02,114.95,114.95,0.0,438.0,438.0,0.0,150.26,150.26,-37.07,-37.07,False,False,False,False,,,,,0.0,0.0,0.0,SKIPPED_CASH_UNAVAILABLE,SKIPPED_CASH_UNAVAILABLE
P2-2,085620|KR7085620003|KOSPI|2015-07-08|2026-09-01|085620_01,085620,085620_01,2025-06-13,2025-06-16,,NORMAL_EARLY_TREND_HANDOFF,,,,,EXIT4_SCORE_DRAWDOWN_GE_15,EXIT4_SCORE_DRAWDOWN_GE_15,2026-02-28,2026-02-28,2026-03-03,2026-03-03,92.19,92.19,0.0,174.0,174.0,0.0,200.31,200.31,-13.78,-13.78,False,False,False,False,,,,,0.0,0.0,0.0,SKIPPED_CASH_UNAVAILABLE,SKIPPED_CASH_UNAVAILABLE
P2-2,085660|KR7085660009|KOSDAQ|2010-01-04|2026-09-01|085660_01,085660,085660_01,2021-06-11,2021-06-14,C1_PROGRESSED_WITHOUT_DIRECT_HANDOFF,SKIPPED_EARLY_TREND_HANDOFF,2021-06-30,2021-06-30,2021-07-30,EARLY_TREND,NO_EXIT_BEFORE_CUTOFF,EXIT3_PROGRESSED_TO_EARLY_TREND,,2021-07-30,,2021-08-02,-60.97,15.85,76.82,1273.0,36.0,-1237.0,38.85,38.85,-63.24,-0.44,False,False,False,False,,,,,0.0,0.0,0.0,SKIPPED_CASH_UNAVAILABLE,SKIPPED_CASH_UNAVAILABLE
P2-2,086280|KR7086280005|KOSPI|2010-01-04|2026-09-01|086280_01,086280,086280_01,2021-01-08,2021-01-11,,NORMAL_EARLY_TREND_HANDOFF,,,,,EXIT4_SCORE_DRAWDOWN_GE_15,EXIT4_SCORE_DRAWDOWN_GE_15,2025-10-31,2025-10-31,2025-11-03,2025-11-03,81.54,81.54,0.0,1179.0,1179.0,0.0,89.61,89.61,-29.93,-29.93,True,True,True,True,80.8464,80.8464,80.8464,80.8464,3993484.51,3993484.51,0.0,EXECUTED,EXECUTED
P2-2,086450|KR7086450004|KOSDAQ|2010-01-04|2026-09-01|086450_01,086450,086450_01,2026-03-27,2026-03-30,,NEVER_PROGRESSED,,,,,LOSS_GUARD_CLOSE_LE_NEG_15,LOSS_GUARD_CLOSE_LE_NEG_15,2026-06-01,2026-06-01,2026-06-02,2026-06-02,-15.89,-15.89,0.0,44.0,44.0,0.0,36.76,36.76,-17.02,-17.02,True,True,True,True,-16.2473,-16.2473,-16.2473,-16.2473,-810258.61,-810258.61,0.0,EXECUTED,EXECUTED
P2-2,086790|KR7086790003|KOSPI|2010-01-04|2026-09-01|086790_01,086790,086790_01,2021-01-08,2021-01-11,,NORMAL_EARLY_TREND_HANDOFF,,,,,EXIT4_SCORE_DRAWDOWN_GE_15,EXIT4_SCORE_DRAWDOWN_GE_15,2021-09-30,2021-09-30,2021-10-01,2021-10-01,24.06,24.06,0.0,181.0,181.0,0.0,28.34,28.34,-12.83,-12.83,True,True,True,True,23.4944,23.4944,23.4944,23.4944,1170003.4,1170003.4,0.0,EXECUTED,EXECUTED
P2-2,086790|KR7086790003|KOSPI|2010-01-04|2026-09-01|086790_02,086790,086790_02,2023-01-06,2023-01-09,,NORMAL_EARLY_TREND_HANDOFF,,,,,LOSS_GUARD_CLOSE_LE_NEG_15,LOSS_GUARD_CLOSE_LE_NEG_15,2023-03-14,2023-03-14,2023-03-15,2023-03-15,-14.45,-14.45,0.0,45.0,45.0,0.0,9.22,9.22,-16.6,-16.6,True,True,True,True,-14.814,-14.814,-14.814,-14.814,-738230.11,-738230.11,0.0,EXECUTED,EXECUTED
P2-2,086790|KR7086790003|KOSPI|2010-01-04|2026-09-01|086790_03,086790,086790_03,2023-10-06,2023-10-10,,NORMAL_EARLY_TREND_HANDOFF,,,,,EXIT4_SCORE_DRAWDOWN_GE_15,EXIT4_SCORE_DRAWDOWN_GE_15,2025-11-30,2025-11-30,2025-12-01,2025-12-01,119.0,119.0,0.0,523.0,523.0,0.0,134.3,134.3,-9.73,-9.73,True,True,True,True,118.1725,118.1725,118.1725,118.1725,5870761.72,5870761.72,0.0,EXECUTED,EXECUTED
P2-2,086900|KR7086900008|KOSDAQ|2010-01-04|2026-09-01|086900_01,086900,086900_01,2023-02-10,2023-02-13,,NORMAL_EARLY_TREND_HANDOFF,,,,,EXIT4_SCORE_DRAWDOWN_GE_15,EXIT4_SCORE_DRAWDOWN_GE_15,2023-07-31,2023-07-31,2023-08-01,2023-08-01,31.52,31.52,0.0,117.0,117.0,0.0,70.3,70.3,-0.61,-0.61,False,False,False,False,,,,,0.0,0.0,0.0,SKIPPED_CASH_UNAVAILABLE,SKIPPED_CASH_UNAVAILABLE
P2-2,086900|KR7086900008|KOSDAQ|2010-01-04|2026-09-01|086900_02,086900,086900_02,2024-08-30,2024-09-02,,NEVER_PROGRESSED,,,,,LOSS_GUARD_CLOSE_LE_NEG_15,LOSS_GUARD_CLOSE_LE_NEG_15,2024-10-22,2024-10-22,2024-10-23,2024-10-23,-12.99,-12.99,0.0,32.0,32.0,0.0,0.0,0.0,-18.01,-18.01,False,False,False,False,,,,,0.0,0.0,0.0,SKIPPED_CASH_UNAVAILABLE,SKIPPED_CASH_UNAVAILABLE
P2-2,088350|KR7088350004|KOSPI|2010-03-17|2026-09-01|088350_01,088350,088350_01,2021-05-14,2021-05-17,C1_PROGRESSED_WITHOUT_DIRECT_HANDOFF,SKIPPED_EARLY_TREND_HANDOFF,2021-06-30,2021-06-30,,,EXIT4_SCORE_DRAWDOWN_GE_15,EXIT4_SCORE_DRAWDOWN_GE_15,2021-08-31,2021-08-31,2021-09-01,2021-09-01,-14.56,-14.56,0.0,76.0,76.0,0.0,4.77,4.77,-19.33,-19.33,True,True,True,True,-14.9542,-14.9542,-14.9542,-14.9542,-747606.99,-747606.99,0.0,EXECUTED,EXECUTED
P2-2,088350|KR7088350004|KOSPI|2010-03-17|2026-09-01|088350_02,088350,088350_02,2023-10-06,2023-10-10,,PROGRESSED_WITHOUT_DIRECT_HANDOFF,,,,,LOSS_GUARD_CLOSE_LE_NEG_15,LOSS_GUARD_CLOSE_LE_NEG_15,2024-01-18,2024-01-18,2024-01-19,2024-01-19,-16.24,-16.24,0.0,71.0,71.0,0.0,4.96,4.96,-17.26,-17.26,True,False,True,False,-16.5822,,-16.5822,,-828896.86,0.0,828896.86,EXECUTED,SKIPPED_CASH_UNAVAILABLE
P2-2,088350|KR7088350004|KOSPI|2010-03-17|2026-09-01|088350_03,088350,088350_03,2024-02-16,2024-02-19,,PROGRESSED_WITHOUT_DIRECT_HANDOFF,,,,,LOSS_GUARD_CLOSE_LE_NEG_15,LOSS_GUARD_CLOSE_LE_NEG_15,2024-03-28,2024-03-28,2024-03-29,2024-03-29,-14.79,-14.79,0.0,29.0,29.0,0.0,4.25,4.25,-15.52,-15.52,False,False,False,False,,,,,0.0,0.0,0.0,SKIPPED_CASH_UNAVAILABLE,SKIPPED_CASH_UNAVAILABLE
P2-2,088350|KR7088350004|KOSPI|2010-03-17|2026-09-01|088350_04,088350,088350_04,2025-05-30,2025-06-02,C1_PROGRESSED_WITHOUT_DIRECT_HANDOFF,PROGRESSED_WITHOUT_DIRECT_HANDOFF,2026-05-31,2026-05-29,,,NO_EXIT_BEFORE_CUTOFF,NO_EXIT_BEFORE_CUTOFF,,,,,93.95,93.95,0.0,305.0,305.0,0.0,154.12,154.12,-3.19,-3.19,False,False,False,False,,,,,0.0,0.0,0.0,SKIPPED_CASH_UNAVAILABLE,SKIPPED_CASH_UNAVAILABLE
P2-2,088980|KR7088980008|KOSPI|2010-01-04|2026-09-01|088980_01,088980,088980_01,2021-03-26,2021-03-29,,NEVER_PROGRESSED,,,,,LOSS_GUARD_CLOSE_LE_NEG_15,LOSS_GUARD_CLOSE_LE_NEG_15,2026-08-13,2026-08-13,2026-08-14,2026-08-14,-16.92,-16.92,0.0,1203.0,1203.0,0.0,23.17,23.17,-17.78,-17.78,False,False,False,False,,,,,0.0,0.0,0.0,SKIPPED_CASH_UNAVAILABLE,SKIPPED_CASH_UNAVAILABLE
P2-2,089030|KR7089030001|KOSDAQ|2011-11-10|2026-09-01|089030_01,089030,089030_01,2025-09-12,2025-09-15,C1_PROGRESSED_WITHOUT_DIRECT_HANDOFF,PROGRESSED_WITHOUT_DIRECT_HANDOFF,2026-02-28,2026-02-27,2026-03-31,TRANSITION,NO_EXIT_BEFORE_CUTOFF,EXIT3_PROGRESSED_TO_TRANSITION,,2026-03-31,,2026-04-01,15.35,9.77,-5.58,233.0,131.0,-102.0,72.09,72.09,-26.45,-15.93,False,True,False,True,,9.2962,,9.2962,0.0,464227.94,464227.94,SKIPPED_CASH_UNAVAILABLE,EXECUTED
P2-2,089590|KR7089590004|KOSPI|2015-11-06|2026-09-01|089590_01,089590,089590_01,2022-04-08,2022-04-11,,NEVER_PROGRESSED,,,,,LOSS_GUARD_CLOSE_LE_NEG_15,LOSS_GUARD_CLOSE_LE_NEG_15,2022-05-12,2022-05-12,2022-05-13,2022-05-13,-15.79,-15.79,0.0,22.0,22.0,0.0,4.84,4.84,-18.95,-18.95,True,True,True,True,-16.1779,-16.1779,-16.1779,-16.1779,-805610.99,-805610.99,0.0,EXECUTED,EXECUTED
P2-2,089860|KR7089860001|KOSPI|2021-08-19|2026-09-01|089860_01,089860,089860_01,2024-08-02,2024-08-05,,NEVER_PROGRESSED,,,,,NO_PROGRESSED_BEFORE_CUTOFF,NO_PROGRESSED_BEFORE_CUTOFF,,,,,65.27,65.27,0.0,502.0,502.0,0.0,70.16,70.16,-9.08,-9.08,True,True,False,False,,,65.0806,65.0806,3248066.39,3248066.39,0.0,EXECUTED,EXECUTED
P2-2,090430|KR7090430000|KOSPI|2010-01-04|2026-09-01|090430_01,090430,090430_01,2021-01-15,2021-01-18,,NORMAL_EARLY_TREND_HANDOFF,,,,,EXIT4_SCORE_DRAWDOWN_GE_15,EXIT4_SCORE_DRAWDOWN_GE_15,2021-10-31,2021-10-31,2021-11-01,2021-11-01,-16.97,-16.97,0.0,195.0,195.0,0.0,35.75,35.75,-22.85,-22.85,True,True,True,True,-17.3496,-17.3496,-17.3496,-17.3496,-844509.79,-844509.79,0.0,EXECUTED,EXECUTED
P2-2,090430|KR7090430000|KOSPI|2010-01-04|2026-09-01|090430_02,090430,090430_02,2024-05-03,2024-05-07,,SKIPPED_EARLY_TREND_HANDOFF,,,,,LOSS_GUARD_CLOSE_LE_NEG_15,LOSS_GUARD_CLOSE_LE_NEG_15,2024-08-07,2024-08-07,2024-08-08,2024-08-08,-27.03,-27.03,0.0,66.0,66.0,0.0,18.85,18.85,-27.03,-27.03,True,True,True,True,-27.3289,-27.3289,-27.3289,-27.3289,-1338551.12,-1338551.12,0.0,EXECUTED,EXECUTED
P2-2,090430|KR7090430000|KOSPI|2010-01-04|2026-09-01|090430_03,090430,090430_03,2025-05-30,2025-06-02,,NEVER_PROGRESSED,,,,,LOSS_GUARD_CLOSE_LE_NEG_15,LOSS_GUARD_CLOSE_LE_NEG_15,2026-06-01,2026-06-01,2026-06-02,2026-06-02,-16.93,-16.93,0.0,244.0,244.0,0.0,26.03,26.03,-17.3,-17.3,False,False,False,False,,,,,0.0,0.0,0.0,SKIPPED_CASH_UNAVAILABLE,SKIPPED_CASH_UNAVAILABLE
P2-2,095340|KR7095340006|KOSDAQ|2010-01-04|2026-09-01|095340_01,095340,095340_01,2025-01-03,2025-01-06,,NORMAL_EARLY_TREND_HANDOFF,,,,,LOSS_GUARD_CLOSE_LE_NEG_15,LOSS_GUARD_CLOSE_LE_NEG_15,2025-02-03,2025-02-03,2025-02-04,2025-02-04,-14.17,-14.17,0.0,18.0,18.0,0.0,12.08,12.08,-17.64,-17.64,True,True,True,True,-14.4923,-14.4923,-14.4923,-14.4923,-720807.04,-720807.04,0.0,EXECUTED,EXECUTED
P2-2,095340|KR7095340006|KOSDAQ|2010-01-04|2026-09-01|095340_02,095340,095340_02,2025-02-14,2025-02-17,,NORMAL_EARLY_TREND_HANDOFF,,,,,LOSS_GUARD_CLOSE_LE_NEG_15,LOSS_GUARD_CLOSE_LE_NEG_15,2025-03-04,2025-03-04,2025-03-05,2025-03-05,-13.33,-13.33,0.0,12.0,12.0,0.0,5.47,5.47,-18.0,-18.0,True,True,True,True,-13.6622,-13.6622,-13.6622,-13.6622,-677054.66,-677054.66,0.0,EXECUTED,EXECUTED
P2-2,095340|KR7095340006|KOSDAQ|2010-01-04|2026-09-01|095340_03,095340,095340_03,2025-10-31,2025-11-03,,NORMAL_EARLY_TREND_HANDOFF,,,,,NO_EXIT_BEFORE_CUTOFF,NO_EXIT_BEFORE_CUTOFF,,,,,114.29,114.29,0.0,203.0,203.0,0.0,269.79,269.79,-11.88,-11.88,False,False,False,False,,,,,0.0,0.0,0.0,SKIPPED_CASH_UNAVAILABLE,SKIPPED_CASH_UNAVAILABLE
P2-2,096530|KR7096530001|KOSDAQ|2010-09-10|2026-09-01|096530_01,096530,096530_01,2025-05-16,2025-05-19,,NEVER_PROGRESSED,,,,,LOSS_GUARD_CLOSE_LE_NEG_15,LOSS_GUARD_CLOSE_LE_NEG_15,2025-08-11,2025-08-11,2025-08-12,2025-08-12,-16.37,-16.37,0.0,60.0,60.0,0.0,10.06,10.06,-18.32,-18.32,False,True,False,True,,-16.6837,,-16.6837,0.0,-828746.42,-828746.42,SKIPPED_CASH_UNAVAILABLE,EXECUTED
P2-2,096530|KR7096530001|KOSDAQ|2010-09-10|2026-09-01|096530_02,096530,096530_02,2026-05-15,2026-05-18,,NEVER_PROGRESSED,,,,,LOSS_GUARD_CLOSE_LE_NEG_15,LOSS_GUARD_CLOSE_LE_NEG_15,2026-07-20,2026-07-20,2026-07-21,2026-07-21,-15.47,-15.47,0.0,44.0,44.0,0.0,3.67,3.67,-15.95,-15.95,True,True,True,True,-15.8334,-15.8334,-15.8334,-15.8334,-790146.56,-790146.56,0.0,EXECUTED,EXECUTED
P2-2,096530|KR7096530001|KOSDAQ|2010-09-10|2026-09-01|096530_03,096530,096530_03,2026-08-28,2026-08-31,,NEVER_PROGRESSED,,,,,NO_PROGRESSED_BEFORE_CUTOFF,NO_PROGRESSED_BEFORE_CUTOFF,,,,,-4.41,-4.41,0.0,1.0,1.0,0.0,1.28,1.28,-7.97,-7.97,True,True,False,False,,,-4.5195,-4.5195,-225840.74,-225840.74,0.0,EXECUTED,EXECUTED
P2-2,097950|KR7097950000|KOSPI|2010-01-04|2026-09-01|097950_01,097950,097950_01,2024-05-31,2024-06-03,,NEVER_PROGRESSED,,,,,LOSS_GUARD_CLOSE_LE_NEG_15,LOSS_GUARD_CLOSE_LE_NEG_15,2024-10-02,2024-10-02,2024-10-04,2024-10-04,-17.11,-17.11,0.0,83.0,83.0,0.0,15.28,15.28,-17.96,-17.96,False,False,False,False,,,,,0.0,0.0,0.0,SKIPPED_CASH_UNAVAILABLE,SKIPPED_CASH_UNAVAILABLE
P2-2,098460|KR7098460009|KOSDAQ|2010-01-04|2026-09-01|098460_01,098460,098460_01,2021-01-08,2021-01-11,,NORMAL_EARLY_TREND_HANDOFF,,,,,LOSS_GUARD_CLOSE_LE_NEG_15,LOSS_GUARD_CLOSE_LE_NEG_15,2021-09-28,2021-09-28,2021-09-29,2021-09-29,-17.02,-17.02,0.0,176.0,176.0,0.0,32.17,32.17,-17.02,-17.02,True,True,True,True,-17.4023,-17.4023,-17.4023,-17.4023,-867982.22,-867982.22,0.0,EXECUTED,EXECUTED
P2-2,098460|KR7098460009|KOSDAQ|2010-01-04|2026-09-01|098460_02,098460,098460_02,2025-02-14,2025-02-17,,NORMAL_EARLY_TREND_HANDOFF,,,,,LOSS_GUARD_CLOSE_LE_NEG_15,LOSS_GUARD_CLOSE_LE_NEG_15,2025-02-28,2025-02-28,2025-03-04,2025-03-04,-20.2,-20.2,0.0,11.0,11.0,0.0,9.61,9.61,-20.2,-20.2,True,False,True,False,-20.4998,,-20.4998,,-1024897.82,0.0,1024897.82,EXECUTED,SKIPPED_CASH_UNAVAILABLE
P2-2,101490|KR7101490001|KOSDAQ|2010-01-04|2026-09-01|101490_01,101490,101490_01,2025-10-10,2025-10-13,,NORMAL_EARLY_TREND_HANDOFF,,,,,LOSS_GUARD_CLOSE_LE_NEG_15,LOSS_GUARD_CLOSE_LE_NEG_15,2025-11-21,2025-11-21,2025-11-24,2025-11-24,-14.35,-14.35,0.0,31.0,31.0,0.0,23.89,23.89,-16.28,-16.28,True,True,True,True,-14.6795,-14.6795,-14.6795,-14.6795,-732231.55,-732231.55,0.0,EXECUTED,EXECUTED
P2-2,103140|KR7103140000|KOSPI|2010-01-04|2026-09-01|103140_01,103140,103140_01,2023-01-27,2023-01-30,,NORMAL_EARLY_TREND_HANDOFF,,,,,EXIT4_SCORE_DRAWDOWN_GE_15,EXIT4_SCORE_DRAWDOWN_GE_15,2024-06-30,2024-06-30,2024-07-01,2024-07-01,76.63,76.63,0.0,349.0,349.0,0.0,119.47,119.47,-11.68,-11.68,False,False,False,False,,,,,0.0,0.0,0.0,SKIPPED_CASH_UNAVAILABLE,SKIPPED_CASH_UNAVAILABLE
P2-2,105560|KR7105560007|KOSPI|2010-01-04|2026-09-01|105560_01,105560,105560_01,2021-01-08,2021-01-11,,NORMAL_EARLY_TREND_HANDOFF,,,,,EXIT4_SCORE_DRAWDOWN_GE_15,EXIT4_SCORE_DRAWDOWN_GE_15,2024-11-30,2024-11-30,2024-12-02,2024-12-02,107.95,107.95,0.0,959.0,959.0,0.0,123.2,123.2,-13.53,-13.53,True,True,True,True,107.0972,107.0972,107.0972,107.0972,5340486.55,5340486.55,0.0,EXECUTED,EXECUTED
P2-2,105630|KR7105630008|KOSPI|2010-01-04|2026-09-01|105630_01,105630,105630_01,2021-05-14,2021-05-17,,NORMAL_EARLY_TREND_HANDOFF,,,,,LOSS_GUARD_CLOSE_LE_NEG_15,LOSS_GUARD_CLOSE_LE_NEG_15,2021-06-10,2021-06-10,2021-06-11,2021-06-11,-15.55,-15.55,0.0,19.0,19.0,0.0,0.35,0.35,-16.43,-16.43,False,False,False,False,,,,,0.0,0.0,0.0,SKIPPED_CASH_UNAVAILABLE,SKIPPED_CASH_UNAVAILABLE
P2-2,111770|KR7111770004|KOSPI|2010-01-04|2026-09-01|111770_01,111770,111770_01,2021-01-29,2021-02-01,,NORMAL_EARLY_TREND_HANDOFF,,,,,EXIT3_PROGRESSED_TO_TRANSITION,EXIT3_PROGRESSED_TO_TRANSITION,2022-05-31,2022-05-31,2022-06-02,2022-06-02,29.8,29.8,0.0,330.0,330.0,0.0,49.72,49.72,-4.8,-4.8,True,True,True,True,29.2062,29.2062,29.2062,29.2062,1459472.64,1459472.64,0.0,EXECUTED,EXECUTED
P2-2,111770|KR7111770004|KOSPI|2010-01-04|2026-09-01|111770_02,111770,111770_02,2023-06-09,2023-06-12,,PROGRESSED_WITHOUT_DIRECT_HANDOFF,,,,,LOSS_GUARD_CLOSE_LE_NEG_15,LOSS_GUARD_CLOSE_LE_NEG_15,2024-01-10,2024-01-10,2024-01-11,2024-01-11,-15.2,-15.2,0.0,145.0,145.0,0.0,33.14,33.14,-16.08,-16.08,False,False,False,False,,,,,0.0,0.0,0.0,SKIPPED_CASH_UNAVAILABLE,SKIPPED_CASH_UNAVAILABLE
P2-2,111770|KR7111770004|KOSPI|2010-01-04|2026-09-01|111770_03,111770,111770_03,2025-02-28,2025-03-04,C1_PROGRESSED_WITHOUT_DIRECT_HANDOFF,PROGRESSED_WITHOUT_DIRECT_HANDOFF,2025-10-31,2025-10-31,,,EXIT4_SCORE_DRAWDOWN_GE_15,EXIT4_SCORE_DRAWDOWN_GE_15,2025-11-30,2025-11-30,2025-12-01,2025-12-01,85.34,85.34,0.0,184.0,184.0,0.0,101.88,101.88,-12.46,-12.46,False,False,False,False,,,,,0.0,0.0,0.0,SKIPPED_CASH_UNAVAILABLE,SKIPPED_CASH_UNAVAILABLE
P2-2,112610|KR7112610001|KOSPI|2014-11-27|2026-09-01|112610_01,112610,112610_01,2022-08-26,2022-08-29,,NEVER_PROGRESSED,,,,,LOSS_GUARD_CLOSE_LE_NEG_15,LOSS_GUARD_CLOSE_LE_NEG_15,2023-09-21,2023-09-21,2023-09-22,2023-09-22,-16.52,-16.52,0.0,267.0,267.0,0.0,35.45,35.45,-16.52,-16.52,True,True,True,True,-16.8736,-16.8736,-16.8736,-16.8736,-836201.73,-836201.73,0.0,EXECUTED,EXECUTED
P2-2,112610|KR7112610001|KOSPI|2014-11-27|2026-09-01|112610_02,112610,112610_02,2024-08-30,2024-09-02,,NEVER_PROGRESSED,,,,,LOSS_GUARD_CLOSE_LE_NEG_15,LOSS_GUARD_CLOSE_LE_NEG_15,2024-11-06,2024-11-06,2024-11-07,2024-11-07,-16.93,-16.93,0.0,43.0,43.0,0.0,14.13,14.13,-17.7,-17.7,True,True,True,True,-17.2655,-17.2655,-17.2655,-17.2655,-857147.86,-857147.86,0.0,EXECUTED,EXECUTED
P2-2,112610|KR7112610001|KOSPI|2014-11-27|2026-09-01|112610_03,112610,112610_03,2026-02-27,2026-03-03,,NEVER_PROGRESSED,,,,,LOSS_GUARD_CLOSE_LE_NEG_15,LOSS_GUARD_CLOSE_LE_NEG_15,2026-03-04,2026-03-04,2026-03-05,2026-03-05,-12.98,-12.98,0.0,3.0,3.0,0.0,3.44,3.44,-20.23,-20.23,False,False,False,False,,,,,0.0,0.0,0.0,SKIPPED_CASH_UNAVAILABLE,SKIPPED_CASH_UNAVAILABLE
P2-2,112610|KR7112610001|KOSPI|2014-11-27|2026-09-01|112610_04,112610,112610_04,2026-03-13,2026-03-16,,NEVER_PROGRESSED,,,,,LOSS_GUARD_CLOSE_LE_NEG_15,LOSS_GUARD_CLOSE_LE_NEG_15,2026-05-28,2026-05-28,2026-05-29,2026-05-29,-16.23,-16.23,0.0,52.0,52.0,0.0,37.13,37.13,-20.12,-20.12,True,True,True,True,-16.5945,-16.5945,-16.5945,-16.5945,-827256.74,-827256.74,0.0,EXECUTED,EXECUTED
P2-2,114090|KR7114090004|KOSPI|2010-01-04|2026-09-01|114090_01,114090,114090_01,2022-11-11,2022-11-14,,NEVER_PROGRESSED,,,,,LOSS_GUARD_CLOSE_LE_NEG_15,LOSS_GUARD_CLOSE_LE_NEG_15,2023-07-19,2023-07-19,2023-07-20,2023-07-20,-15.2,-15.2,0.0,171.0,171.0,0.0,27.63,27.63,-15.44,-15.44,True,True,True,True,-15.5593,-15.5593,-15.5593,-15.5593,-775485.69,-775485.69,0.0,EXECUTED,EXECUTED
P2-2,114090|KR7114090004|KOSPI|2010-01-04|2026-09-01|114090_02,114090,114090_02,2025-07-04,2025-07-07,,NEVER_PROGRESSED,,,,,LOSS_GUARD_CLOSE_LE_NEG_15,LOSS_GUARD_CLOSE_LE_NEG_15,2025-11-12,2025-11-12,2025-11-13,2025-11-13,-17.18,-17.18,0.0,88.0,88.0,0.0,10.25,10.25,-18.1,-18.1,False,False,False,False,,,,,0.0,0.0,0.0,SKIPPED_CASH_UNAVAILABLE,SKIPPED_CASH_UNAVAILABLE
P2-2,120110|KR7120110002|KOSPI|2010-02-01|2026-09-01|120110_01,120110,120110_01,2025-07-04,2025-07-07,,NORMAL_EARLY_TREND_HANDOFF,,,,,LOSS_GUARD_CLOSE_LE_NEG_15,LOSS_GUARD_CLOSE_LE_NEG_15,2025-08-11,2025-08-11,2025-08-12,2025-08-12,-15.56,-15.56,0.0,27.0,27.0,0.0,14.39,14.39,-16.14,-16.14,False,False,False,False,,,,,0.0,0.0,0.0,SKIPPED_CASH_UNAVAILABLE,SKIPPED_CASH_UNAVAILABLE
P2-2,122870|KR7122870009|KOSDAQ|2011-11-23|2026-09-01|122870_01,122870,122870_01,2023-04-14,2023-04-17,,NORMAL_EARLY_TREND_HANDOFF,,,,,EXIT4_SCORE_DRAWDOWN_GE_15,EXIT4_SCORE_DRAWDOWN_GE_15,2025-08-31,2025-08-31,2025-09-01,2025-09-01,59.38,59.38,0.0,579.0,579.0,0.0,70.23,70.23,-53.57,-53.57,False,False,False,False,,,,,0.0,0.0,0.0,SKIPPED_CASH_UNAVAILABLE,SKIPPED_CASH_UNAVAILABLE
P2-2,128940|KR7128940004|KOSPI|2010-07-30|2026-09-01|128940_01,128940,128940_01,2022-04-29,2022-05-02,,NORMAL_EARLY_TREND_HANDOFF,,,,,LOSS_GUARD_CLOSE_LE_NEG_15,LOSS_GUARD_CLOSE_LE_NEG_15,2022-09-21,2022-09-21,2022-09-22,2022-09-22,-24.23,-24.23,0.0,97.0,97.0,0.0,6.46,6.46,-24.23,-24.23,True,True,True,True,-24.5808,-24.5808,-24.5808,-24.5808,-1174223.64,-1174223.64,0.0,EXECUTED,EXECUTED
P2-2,128940|KR7128940004|KOSPI|2010-07-30|2026-09-01|128940_02,128940,128940_02,2023-04-21,2023-04-24,,NORMAL_EARLY_TREND_HANDOFF,,,,,LOSS_GUARD_CLOSE_LE_NEG_15,LOSS_GUARD_CLOSE_LE_NEG_15,2024-12-09,2024-12-09,2024-12-10,2024-12-10,-19.96,-19.96,0.0,399.0,399.0,0.0,23.16,23.16,-20.45,-20.45,False,False,False,False,,,,,0.0,0.0,0.0,SKIPPED_CASH_UNAVAILABLE,SKIPPED_CASH_UNAVAILABLE
P2-2,128940|KR7128940004|KOSPI|2010-07-30|2026-09-01|128940_03,128940,128940_03,2025-05-30,2025-06-02,,NORMAL_EARLY_TREND_HANDOFF,,,,,EXIT4_SCORE_DRAWDOWN_GE_15,EXIT4_SCORE_DRAWDOWN_GE_15,2026-05-31,2026-05-31,2026-06-01,2026-06-01,83.57,83.57,0.0,243.0,243.0,0.0,108.37,108.37,-13.85,-13.85,False,False,False,False,,,,,0.0,0.0,0.0,SKIPPED_CASH_UNAVAILABLE,SKIPPED_CASH_UNAVAILABLE
P2-2,131970|KR7131970006|KOSDAQ|2013-10-22|2026-09-01|131970_01,131970,131970_01,2026-01-02,2026-01-05,C1_PROGRESSED_WITHOUT_DIRECT_HANDOFF,SKIPPED_EARLY_TREND_HANDOFF,2026-02-28,2026-02-27,,,EXIT4_SCORE_DRAWDOWN_GE_15,EXIT4_SCORE_DRAWDOWN_GE_15,2026-03-31,2026-03-31,2026-04-01,2026-04-01,91.07,91.07,0.0,59.0,59.0,0.0,109.82,109.82,-12.59,-12.59,True,True,True,True,90.2511,90.2511,90.2511,90.2511,4503290.68,4503290.68,0.0,EXECUTED,EXECUTED
P2-2,137400|KR7137400008|KOSDAQ|2012-07-06|2026-09-01|137400_01,137400,137400_01,2024-06-07,2024-06-10,,NEVER_PROGRESSED,,,,,LOSS_GUARD_CLOSE_LE_NEG_15,LOSS_GUARD_CLOSE_LE_NEG_15,2024-06-27,2024-06-27,2024-06-28,2024-06-28,-15.99,-15.99,0.0,15.0,15.0,0.0,12.72,12.72,-16.12,-16.12,False,False,False,False,,,,,0.0,0.0,0.0,SKIPPED_CASH_UNAVAILABLE,SKIPPED_CASH_UNAVAILABLE
P2-2,137400|KR7137400008|KOSDAQ|2012-07-06|2026-09-01|137400_02,137400,137400_02,2026-02-20,2026-02-23,,NEVER_PROGRESSED,,,,,LOSS_GUARD_CLOSE_LE_NEG_15,LOSS_GUARD_CLOSE_LE_NEG_15,2026-03-04,2026-03-04,2026-03-05,2026-03-05,-16.88,-16.88,0.0,8.0,8.0,0.0,2.57,2.57,-24.77,-24.77,False,True,False,True,,-17.2376,,-17.2376,0.0,-855880.55,-855880.55,SKIPPED_CASH_UNAVAILABLE,EXECUTED
P2-2,137400|KR7137400008|KOSDAQ|2012-07-06|2026-09-01|137400_03,137400,137400_03,2026-04-17,2026-04-20,,NEVER_PROGRESSED,,,,,LOSS_GUARD_CLOSE_LE_NEG_15,LOSS_GUARD_CLOSE_LE_NEG_15,2026-05-19,2026-05-19,2026-05-20,2026-05-20,-16.73,-16.73,0.0,21.0,21.0,0.0,14.6,14.6,-18.11,-18.11,False,False,False,False,,,,,0.0,0.0,0.0,SKIPPED_CASH_UNAVAILABLE,SKIPPED_CASH_UNAVAILABLE
P2-2,138040|KR7138040001|KOSPI|2011-05-13|2026-09-01|138040_01,138040,138040_01,2021-02-26,2021-03-02,,NORMAL_EARLY_TREND_HANDOFF,,,,,EXIT4_SCORE_DRAWDOWN_GE_15,EXIT4_SCORE_DRAWDOWN_GE_15,2021-08-31,2021-08-31,2021-09-01,2021-09-01,134.15,134.15,0.0,129.0,129.0,0.0,142.28,142.28,-1.22,-1.22,True,True,True,True,133.071,133.071,133.071,133.071,6652944.87,6652944.87,0.0,EXECUTED,EXECUTED
P2-2,138040|KR7138040001|KOSPI|2011-05-13|2026-09-01|138040_02,138040,138040_02,2023-08-18,2023-08-21,,NORMAL_EARLY_TREND_HANDOFF,,,,,EXIT4_SCORE_DRAWDOWN_GE_15,EXIT4_SCORE_DRAWDOWN_GE_15,2023-12-31,2023-12-31,2024-01-02,2024-01-02,16.8,16.8,0.0,89.0,89.0,0.0,19.6,19.6,-5.6,-5.6,True,True,True,True,16.3219,16.3219,16.3219,16.3219,808862.31,808862.31,0.0,EXECUTED,EXECUTED
P2-2,138040|KR7138040001|KOSPI|2011-05-13|2026-09-01|138040_03,138040,138040_03,2026-02-13,2026-02-19,,NEVER_PROGRESSED,,,,,LOSS_GUARD_CLOSE_LE_NEG_15,LOSS_GUARD_CLOSE_LE_NEG_15,2026-03-04,2026-03-04,2026-03-05,2026-03-05,-16.74,-16.74,0.0,10.0,10.0,0.0,6.7,6.7,-22.44,-22.44,True,True,True,True,-17.0953,-17.0953,-17.0953,-17.0953,-841031.27,-841031.27,0.0,EXECUTED,EXECUTED
P2-2,138930|KR7138930003|KOSPI|2011-03-30|2026-09-01|138930_01,138930,138930_01,2021-04-23,2021-04-26,,NORMAL_EARLY_TREND_HANDOFF,,,,,EXIT4_SCORE_DRAWDOWN_GE_15,EXIT4_SCORE_DRAWDOWN_GE_15,2022-01-31,2022-01-31,2022-02-03,2022-02-03,16.21,16.21,0.0,192.0,192.0,0.0,32.86,32.86,-0.72,-0.72,False,False,False,False,,,,,0.0,0.0,0.0,SKIPPED_CASH_UNAVAILABLE,SKIPPED_CASH_UNAVAILABLE
P2-2,138930|KR7138930003|KOSPI|2011-03-30|2026-09-01|138930_02,138930,138930_02,2024-02-16,2024-02-19,C1_PROGRESSED_WITHOUT_DIRECT_HANDOFF,PROGRESSED_WITHOUT_DIRECT_HANDOFF,2024-12-31,2024-12-30,,,EXIT4_SCORE_DRAWDOWN_GE_15,EXIT4_SCORE_DRAWDOWN_GE_15,2025-03-31,2025-03-31,2025-04-01,2025-04-01,28.93,28.93,0.0,271.0,271.0,0.0,54.72,54.72,-7.92,-7.92,False,False,False,False,,,,,0.0,0.0,0.0,SKIPPED_CASH_UNAVAILABLE,SKIPPED_CASH_UNAVAILABLE
P2-2,139130|KR7139130009|KOSPI|2011-06-07|2026-09-01|139130_01,139130,139130_01,2021-03-26,2021-03-29,,NORMAL_EARLY_TREND_HANDOFF,,,,,EXIT4_SCORE_DRAWDOWN_GE_15,EXIT4_SCORE_DRAWDOWN_GE_15,2021-08-31,2021-08-31,2021-09-01,2021-09-01,9.38,9.38,0.0,110.0,110.0,0.0,17.67,17.67,-4.93,-4.93,False,False,False,False,,,,,0.0,0.0,0.0,SKIPPED_CASH_UNAVAILABLE,SKIPPED_CASH_UNAVAILABLE
P2-2,139130|KR7139130009|KOSPI|2011-06-07|2026-09-01|139130_02,139130,139130_02,2023-10-06,2023-10-10,,NORMAL_EARLY_TREND_HANDOFF,,,,,EXIT4_SCORE_DRAWDOWN_GE_15,EXIT4_SCORE_DRAWDOWN_GE_15,2025-10-31,2025-10-31,2025-11-03,2025-11-03,65.47,65.47,0.0,503.0,503.0,0.0,93.79,93.79,-7.58,-7.58,False,False,False,False,,,,,0.0,0.0,0.0,SKIPPED_CASH_UNAVAILABLE,SKIPPED_CASH_UNAVAILABLE
P2-2,139480|KR7139480008|KOSPI|2011-06-10|2026-09-01|139480_01,139480,139480_01,2021-01-15,2021-01-18,C1_PROGRESSED_WITHOUT_DIRECT_HANDOFF,SKIPPED_EARLY_TREND_HANDOFF,2021-06-30,2021-06-30,2022-01-28,TRANSITION,NO_EXIT_BEFORE_CUTOFF,EXIT3_PROGRESSED_TO_TRANSITION,,2022-01-28,,2022-02-03,-57.05,-22.54,34.51,1377.0,259.0,-1118.0,10.4,10.4,-68.32,-27.17,True,True,False,True,,-22.8991,-57.1014,-22.8991,-2769171.33,-1110506.53,1658664.79,EXECUTED,EXECUTED
P2-2,140410|KR7140410002|KOSDAQ|2012-01-20|2026-09-01|140410_01,140410,140410_01,2021-08-20,2021-08-23,,NORMAL_EARLY_TREND_HANDOFF,,,,,LOSS_GUARD_CLOSE_LE_NEG_15,LOSS_GUARD_CLOSE_LE_NEG_15,2021-10-06,2021-10-06,2021-10-07,2021-10-07,-14.52,-14.52,0.0,30.0,30.0,0.0,7.53,7.53,-15.86,-15.86,True,True,True,True,-14.9082,-14.9082,-14.9082,-14.9082,-741310.31,-741310.31,0.0,EXECUTED,EXECUTED
P2-2,140410|KR7140410002|KOSDAQ|2012-01-20|2026-09-01|140410_02,140410,140410_02,2021-11-19,2021-11-22,,NORMAL_EARLY_TREND_HANDOFF,,,,,LOSS_GUARD_CLOSE_LE_NEG_15,LOSS_GUARD_CLOSE_LE_NEG_15,2022-03-14,2022-03-14,2022-03-15,2022-03-15,-31.2,-31.2,0.0,76.0,76.0,0.0,22.51,22.51,-36.53,-36.53,True,True,True,True,-31.5162,-31.5162,-31.5162,-31.5162,-1560047.08,-1560047.08,0.0,EXECUTED,EXECUTED
P2-2,140410|KR7140410002|KOSDAQ|2012-01-20|2026-09-01|140410_03,140410,140410_03,2023-09-01,2023-09-04,,NORMAL_EARLY_TREND_HANDOFF,,,,,LOSS_GUARD_CLOSE_LE_NEG_15,LOSS_GUARD_CLOSE_LE_NEG_15,2023-09-25,2023-09-25,2023-09-26,2023-09-26,-16.5,-16.5,0.0,17.0,17.0,0.0,6.29,6.29,-17.09,-17.09,False,False,False,False,,,,,0.0,0.0,0.0,SKIPPED_CASH_UNAVAILABLE,SKIPPED_CASH_UNAVAILABLE
P2-2,140410|KR7140410002|KOSDAQ|2012-01-20|2026-09-01|140410_04,140410,140410_04,2025-04-25,2025-04-28,,NORMAL_EARLY_TREND_HANDOFF,,,,,NO_EXIT_BEFORE_CUTOFF,NO_EXIT_BEFORE_CUTOFF,,,,,81.63,81.63,0.0,327.0,327.0,0.0,358.93,358.93,-9.44,-9.44,True,True,False,False,,,81.424,81.424,4058274.09,4058274.09,0.0,EXECUTED,EXECUTED
P2-2,140860|KR7140860008|KOSDAQ|2015-12-17|2026-09-01|140860_01,140860,140860_01,2024-10-04,2024-10-07,,NORMAL_EARLY_TREND_HANDOFF,,,,,EXIT3_PROGRESSED_TO_TRANSITION,EXIT3_PROGRESSED_TO_TRANSITION,2025-12-31,2025-12-31,2026-01-02,2026-01-02,4.97,4.97,0.0,302.0,302.0,0.0,55.7,55.7,-16.12,-16.12,False,False,False,False,,,,,0.0,0.0,0.0,SKIPPED_CASH_UNAVAILABLE,SKIPPED_CASH_UNAVAILABLE
P2-2,141080|KR7141080002|KOSDAQ|2013-05-10|2026-09-01|141080_01,141080,141080_01,2023-12-01,2023-12-04,,NORMAL_EARLY_TREND_HANDOFF,,,,,EXIT4_SCORE_DRAWDOWN_GE_15,EXIT4_SCORE_DRAWDOWN_GE_15,2024-06-30,2024-06-30,2024-07-01,2024-07-01,44.69,44.69,0.0,140.0,140.0,0.0,71.43,71.43,-7.24,-7.24,False,False,False,False,,,,,0.0,0.0,0.0,SKIPPED_CASH_UNAVAILABLE,SKIPPED_CASH_UNAVAILABLE
P2-2,145020|KR7145020004|KOSDAQ|2015-12-24|2026-09-01|145020_01,145020,145020_01,2023-12-01,2023-12-04,,NORMAL_EARLY_TREND_HANDOFF,,,,,EXIT4_SCORE_DRAWDOWN_GE_15,EXIT4_SCORE_DRAWDOWN_GE_15,2024-07-31,2024-07-31,2024-08-01,2024-08-01,58.69,58.69,0.0,163.0,163.0,0.0,69.68,69.68,-9.83,-9.83,False,False,False,False,,,,,0.0,0.0,0.0,SKIPPED_CASH_UNAVAILABLE,SKIPPED_CASH_UNAVAILABLE
P2-2,145720|KR7145720009|KOSPI|2017-03-15|2026-09-01|145720_01,145720,145720_01,2022-09-16,2022-09-19,,NORMAL_EARLY_TREND_HANDOFF,,,,,LOSS_GUARD_CLOSE_LE_NEG_15,LOSS_GUARD_CLOSE_LE_NEG_15,2022-10-11,2022-10-11,2022-10-12,2022-10-12,-16.17,-16.17,0.0,16.0,16.0,0.0,1.97,1.97,-16.17,-16.17,False,True,False,True,,-16.5508,,-16.5508,0.0,-815484.71,-815484.71,SKIPPED_CASH_UNAVAILABLE,EXECUTED
P2-2,161390|KR7161390000|KOSPI|2012-10-04|2026-09-01|161390_01,161390,161390_01,2021-01-08,2021-01-11,,NORMAL_EARLY_TREND_HANDOFF,,,,,EXIT4_SCORE_DRAWDOWN_GE_15,EXIT4_SCORE_DRAWDOWN_GE_15,2021-05-31,2021-05-31,2021-06-01,2021-06-01,27.31,27.31,0.0,97.0,97.0,0.0,40.44,40.44,-2.21,-2.21,True,True,True,True,26.7235,26.7235,26.7235,26.7235,1327025.47,1327025.47,0.0,EXECUTED,EXECUTED
P2-2,161390|KR7161390000|KOSPI|2012-10-04|2026-09-01|161390_02,161390,161390_02,2022-08-05,2022-08-08,,NORMAL_EARLY_TREND_HANDOFF,,,,,LOSS_GUARD_CLOSE_LE_NEG_15,LOSS_GUARD_CLOSE_LE_NEG_15,2022-11-03,2022-11-03,2022-11-04,2022-11-04,-15.05,-15.05,0.0,60.0,60.0,0.0,10.34,10.34,-15.58,-15.58,True,True,True,True,-15.4425,-15.4425,-15.4425,-15.4425,-767755.13,-767755.13,0.0,EXECUTED,EXECUTED
P2-2,161390|KR7161390000|KOSPI|2012-10-04|2026-09-01|161390_03,161390,161390_03,2023-11-24,2023-11-27,,NORMAL_EARLY_TREND_HANDOFF,,,,,EXIT4_SCORE_DRAWDOWN_GE_15,EXIT4_SCORE_DRAWDOWN_GE_15,2024-07-31,2024-07-31,2024-08-01,2024-08-01,-1.67,-1.67,0.0,168.0,168.0,0.0,40.67,40.67,-10.33,-10.33,False,True,False,True,,-2.0692,,-2.0692,0.0,-102542.88,-102542.88,SKIPPED_CASH_UNAVAILABLE,EXECUTED
P2-2,161390|KR7161390000|KOSPI|2012-10-04|2026-09-01|161390_04,161390,161390_04,2025-08-08,2025-08-11,,NORMAL_EARLY_TREND_HANDOFF,,,,,EXIT4_SCORE_DRAWDOWN_GE_15,EXIT4_SCORE_DRAWDOWN_GE_15,2026-05-31,2026-05-31,2026-06-01,2026-06-01,49.78,49.78,0.0,195.0,195.0,0.0,75.78,75.78,-15.58,-15.58,True,False,True,False,49.1328,,49.1328,,2435165.39,0.0,-2435165.39,EXECUTED,SKIPPED_CASH_UNAVAILABLE
P2-2,161890|KR7161890009|KOSPI|2012-10-19|2026-09-01|161890_01,161890,161890_01,2023-08-04,2023-08-07,,NORMAL_EARLY_TREND_HANDOFF,,,,,EXIT3_PROGRESSED_TO_TRANSITION,EXIT3_PROGRESSED_TO_TRANSITION,2024-12-31,2024-12-31,2025-01-02,2025-01-02,14.93,14.93,0.0,342.0,342.0,0.0,62.1,62.1,-11.12,-11.12,True,True,True,True,14.497,14.497,14.497,14.497,718730.99,718730.99,0.0,EXECUTED,EXECUTED
P2-2,161890|KR7161890009|KOSPI|2012-10-19|2026-09-01|161890_02,161890,161890_02,2026-04-17,2026-04-20,,NEVER_PROGRESSED,,,,,NO_PROGRESSED_BEFORE_CUTOFF,NO_PROGRESSED_BEFORE_CUTOFF,,,,,83.81,83.81,0.0,90.0,90.0,0.0,90.47,90.47,-12.63,-12.63,False,True,False,False,,,,83.6005,0.0,4155289.85,4155289.85,SKIPPED_CASH_UNAVAILABLE,EXECUTED
P2-2,175330|KR7175330000|KOSPI|2013-07-18|2026-09-01|175330_01,175330,175330_01,2021-01-08,2021-01-11,,NORMAL_EARLY_TREND_HANDOFF,,,,,EXIT4_SCORE_DRAWDOWN_GE_15,EXIT4_SCORE_DRAWDOWN_GE_15,2024-10-31,2024-10-31,2024-11-01,2024-11-01,210.99,210.99,0.0,938.0,938.0,0.0,226.53,226.53,-9.95,-9.95,True,True,True,True,209.7217,209.7217,209.7217,209.7217,10478892.46,10478892.46,0.0,EXECUTED,EXECUTED
P2-2,178320|KR7178320008|KOSDAQ|2017-03-27|2026-09-01|178320_01,178320,178320_01,2024-05-03,2024-05-07,,NORMAL_EARLY_TREND_HANDOFF,,,,,EXIT4_SCORE_DRAWDOWN_GE_15,EXIT4_SCORE_DRAWDOWN_GE_15,2024-08-31,2024-08-31,2024-09-02,2024-09-02,-9.17,-9.17,0.0,78.0,78.0,0.0,33.03,33.03,-20.92,-20.92,False,False,False,False,,,,,0.0,0.0,0.0,SKIPPED_CASH_UNAVAILABLE,SKIPPED_CASH_UNAVAILABLE
P2-2,178320|KR7178320008|KOSDAQ|2017-03-27|2026-09-01|178320_02,178320,178320_02,2025-10-17,2025-10-20,,NORMAL_EARLY_TREND_HANDOFF,,,,,LOSS_GUARD_CLOSE_LE_NEG_15,LOSS_GUARD_CLOSE_LE_NEG_15,2025-11-21,2025-11-21,2025-11-24,2025-11-24,-13.68,-13.68,0.0,26.0,26.0,0.0,19.65,19.65,-16.18,-16.18,False,False,False,False,,,,,0.0,0.0,0.0,SKIPPED_CASH_UNAVAILABLE,SKIPPED_CASH_UNAVAILABLE
P2-2,180640|KR7180640005|KOSPI|2013-09-16|2026-09-01|180640_01,180640,180640_01,2023-11-24,2023-11-27,C1_PROGRESSED_WITHOUT_DIRECT_HANDOFF,PROGRESSED_WITHOUT_DIRECT_HANDOFF,2024-04-30,2024-04-30,,,EXIT4_SCORE_DRAWDOWN_GE_15,EXIT4_SCORE_DRAWDOWN_GE_15,2024-11-30,2024-11-30,2024-12-02,2024-12-02,50.83,50.83,0.0,248.0,248.0,0.0,75.42,75.42,-5.36,-5.36,False,False,False,False,,,,,0.0,0.0,0.0,SKIPPED_CASH_UNAVAILABLE,SKIPPED_CASH_UNAVAILABLE
P2-2,181710|KR7181710005|KOSPI|2013-08-29|2026-09-01|181710_01,181710,181710_01,2021-06-25,2021-06-28,,NORMAL_EARLY_TREND_HANDOFF,,,,,LOSS_GUARD_CLOSE_LE_NEG_15,LOSS_GUARD_CLOSE_LE_NEG_15,2021-08-20,2021-08-20,2021-08-23,2021-08-23,-15.74,-15.74,0.0,40.0,40.0,0.0,5.08,5.08,-17.1,-17.1,False,False,False,False,,,,,0.0,0.0,0.0,SKIPPED_CASH_UNAVAILABLE,SKIPPED_CASH_UNAVAILABLE
P2-2,181710|KR7181710005|KOSPI|2013-08-29|2026-09-01|181710_02,181710,181710_02,2021-11-12,2021-11-15,,NORMAL_EARLY_TREND_HANDOFF,,,,,LOSS_GUARD_CLOSE_LE_NEG_15,LOSS_GUARD_CLOSE_LE_NEG_15,2022-01-05,2022-01-05,2022-01-06,2022-01-06,-16.91,-16.91,0.0,38.0,38.0,0.0,7.56,7.56,-17.01,-17.01,True,True,True,True,-17.2882,-17.2882,-17.2882,-17.2882,-856242.73,-856242.73,0.0,EXECUTED,EXECUTED
P2-2,181710|KR7181710005|KOSPI|2013-08-29|2026-09-01|181710_03,181710,181710_03,2025-06-20,2025-06-23,,NORMAL_EARLY_TREND_HANDOFF,,,,,LOSS_GUARD_CLOSE_LE_NEG_15,LOSS_GUARD_CLOSE_LE_NEG_15,2025-07-04,2025-07-04,2025-07-07,2025-07-07,-15.36,-15.36,0.0,11.0,11.0,0.0,4.37,4.37,-15.81,-15.81,False,False,False,False,,,,,0.0,0.0,0.0,SKIPPED_CASH_UNAVAILABLE,SKIPPED_CASH_UNAVAILABLE
P2-2,185750|KR7185750007|KOSPI|2013-12-06|2026-09-01|185750_01,185750,185750_01,2023-10-06,2023-10-10,C1_PROGRESSED_WITHOUT_DIRECT_HANDOFF,SKIPPED_EARLY_TREND_HANDOFF,2024-03-31,2024-03-29,2024-12-30,TRANSITION,NO_EXIT_BEFORE_CUTOFF,EXIT3_PROGRESSED_TO_TRANSITION,,2024-12-30,,2025-01-02,-22.73,0.54,23.27,705.0,302.0,-403.0,47.3,47.3,-28.83,-7.42,False,False,False,False,,,,,0.0,0.0,0.0,SKIPPED_CASH_UNAVAILABLE,SKIPPED_CASH_UNAVAILABLE
P2-2,192080|KR7192080000|KOSPI|2019-03-12|2026-09-01|192080_01,192080,192080_01,2024-02-16,2024-02-19,,NEVER_PROGRESSED,,,,,LOSS_GUARD_CLOSE_LE_NEG_15,LOSS_GUARD_CLOSE_LE_NEG_15,2024-04-11,2024-04-11,2024-04-12,2024-04-12,-15.53,-15.53,0.0,38.0,38.0,0.0,5.32,5.32,-16.38,-16.38,False,False,False,False,,,,,0.0,0.0,0.0,SKIPPED_CASH_UNAVAILABLE,SKIPPED_CASH_UNAVAILABLE
P2-2,192080|KR7192080000|KOSPI|2019-03-12|2026-09-01|192080_02,192080,192080_02,2024-08-23,2024-08-26,,NEVER_PROGRESSED,,,,,NO_PROGRESSED_BEFORE_CUTOFF,NO_PROGRESSED_BEFORE_CUTOFF,,,,,15.84,15.84,0.0,488.0,488.0,0.0,51.49,51.49,-9.8,-9.8,False,True,False,False,,,,15.7085,0.0,778307.91,778307.91,SKIPPED_CASH_UNAVAILABLE,EXECUTED
P2-2,192820|KR7192820009|KOSPI|2014-04-07|2026-09-01|192820_01,192820,192820_01,2021-04-16,2021-04-19,,NORMAL_EARLY_TREND_HANDOFF,,,,,EXIT4_SCORE_DRAWDOWN_GE_15,EXIT4_SCORE_DRAWDOWN_GE_15,2023-11-30,2023-11-30,2023-12-01,2023-12-01,-14.03,-14.03,0.0,649.0,649.0,0.0,22.42,22.42,-67.14,-67.14,False,False,False,False,,,,,0.0,0.0,0.0,SKIPPED_CASH_UNAVAILABLE,SKIPPED_CASH_UNAVAILABLE
P2-2,192820|KR7192820009|KOSPI|2014-04-07|2026-09-01|192820_02,192820,192820_02,2026-08-21,2026-08-24,,NEVER_PROGRESSED,,,,,NO_PROGRESSED_BEFORE_CUTOFF,NO_PROGRESSED_BEFORE_CUTOFF,,,,,10.5,10.5,0.0,6.0,6.0,0.0,12.71,12.71,-2.21,-2.21,True,True,False,False,,,10.3703,10.3703,507379.22,507379.22,0.0,EXECUTED,EXECUTED
P2-2,195870|KR7195870001|KOSPI|2016-06-24|2026-09-01|195870_01,195870,195870_01,2023-06-30,2023-07-03,,NORMAL_EARLY_TREND_HANDOFF,,,,,LOSS_GUARD_CLOSE_LE_NEG_15,LOSS_GUARD_CLOSE_LE_NEG_15,2023-10-19,2023-10-19,2023-10-20,2023-10-20,-18.03,-18.03,0.0,74.0,74.0,0.0,31.8,31.8,-18.03,-18.03,False,False,False,False,,,,,0.0,0.0,0.0,SKIPPED_CASH_UNAVAILABLE,SKIPPED_CASH_UNAVAILABLE
P2-2,195940|KR7195940002|KOSDAQ|2021-08-09|2026-09-01|195940_01,195940,195940_01,2026-02-27,2026-03-03,,NEVER_PROGRESSED,,,,,LOSS_GUARD_CLOSE_LE_NEG_15,LOSS_GUARD_CLOSE_LE_NEG_15,2026-03-04,2026-03-04,2026-03-05,2026-03-05,-9.76,-9.76,0.0,3.0,3.0,0.0,2.42,2.42,-15.52,-15.52,False,False,False,False,,,,,0.0,0.0,0.0,SKIPPED_CASH_UNAVAILABLE,SKIPPED_CASH_UNAVAILABLE
P2-2,195940|KR7195940002|KOSDAQ|2021-08-09|2026-09-01|195940_02,195940,195940_02,2026-03-27,2026-03-30,,NEVER_PROGRESSED,,,,,LOSS_GUARD_CLOSE_LE_NEG_15,LOSS_GUARD_CLOSE_LE_NEG_15,2026-06-02,2026-06-02,2026-06-04,2026-06-04,-17.12,-17.12,0.0,45.0,45.0,0.0,9.2,9.2,-17.91,-17.91,True,True,True,True,-17.4791,-17.4791,-17.4791,-17.4791,-867382.16,-867382.16,0.0,EXECUTED,EXECUTED
P2-2,196170|KR7196170005|KOSDAQ|2014-12-12|2026-09-01|196170_01,196170,196170_01,2023-11-24,2023-11-27,,NORMAL_EARLY_TREND_HANDOFF,,,,,EXIT4_SCORE_DRAWDOWN_GE_15,EXIT4_SCORE_DRAWDOWN_GE_15,2024-02-29,2024-02-29,2024-03-04,2024-03-04,115.94,115.94,0.0,65.0,65.0,0.0,139.1,139.1,-9.95,-9.95,False,False,False,False,,,,,0.0,0.0,0.0,SKIPPED_CASH_UNAVAILABLE,SKIPPED_CASH_UNAVAILABLE
P2-2,204270|KR7204270003|KOSDAQ|2020-03-04|2026-09-01|204270_01,204270,204270_01,2025-09-19,2025-09-22,,NEVER_PROGRESSED,,,,,LOSS_GUARD_CLOSE_LE_NEG_15,LOSS_GUARD_CLOSE_LE_NEG_15,2025-11-21,2025-11-21,2025-11-24,2025-11-24,-16.68,-16.68,0.0,41.0,41.0,0.0,33.19,33.19,-18.14,-18.14,False,False,False,False,,,,,0.0,0.0,0.0,SKIPPED_CASH_UNAVAILABLE,SKIPPED_CASH_UNAVAILABLE
P2-2,204320|KR7204320006|KOSPI|2014-10-06|2026-09-01|204320_01,204320,204320_01,2022-07-29,2022-08-01,,NORMAL_EARLY_TREND_HANDOFF,,,,,LOSS_GUARD_CLOSE_LE_NEG_15,LOSS_GUARD_CLOSE_LE_NEG_15,2022-09-26,2022-09-26,2022-09-27,2022-09-27,-17.23,-17.23,0.0,39.0,39.0,0.0,3.39,3.39,-18.3,-18.3,True,True,True,True,-17.6122,-17.6122,-17.6122,-17.6122,-878804.01,-878804.01,0.0,EXECUTED,EXECUTED
P2-2,204320|KR7204320006|KOSPI|2014-10-06|2026-09-01|204320_02,204320,204320_02,2023-06-30,2023-07-03,,NORMAL_EARLY_TREND_HANDOFF,,,,,LOSS_GUARD_CLOSE_LE_NEG_15,LOSS_GUARD_CLOSE_LE_NEG_15,2023-08-02,2023-08-02,2023-08-03,2023-08-03,-16.67,-16.67,0.0,24.0,24.0,0.0,0.93,0.93,-16.67,-16.67,False,False,False,False,,,,,0.0,0.0,0.0,SKIPPED_CASH_UNAVAILABLE,SKIPPED_CASH_UNAVAILABLE
P2-2,204320|KR7204320006|KOSPI|2014-10-06|2026-09-01|204320_03,204320,204320_03,2024-06-07,2024-06-10,,NORMAL_EARLY_TREND_HANDOFF,,,,,LOSS_GUARD_CLOSE_LE_NEG_15,LOSS_GUARD_CLOSE_LE_NEG_15,2024-07-25,2024-07-25,2024-07-26,2024-07-26,-16.97,-16.97,0.0,35.0,35.0,0.0,3.71,3.71,-18.35,-18.35,True,True,True,True,-17.307,-17.307,-17.307,-17.307,-857812.8,-857812.8,0.0,EXECUTED,EXECUTED
P2-2,204320|KR7204320006|KOSPI|2014-10-06|2026-09-01|204320_04,204320,204320_04,2025-01-17,2025-01-20,,NORMAL_EARLY_TREND_HANDOFF,,,,,LOSS_GUARD_CLOSE_LE_NEG_15,LOSS_GUARD_CLOSE_LE_NEG_15,2025-03-31,2025-03-31,2025-04-01,2025-04-01,-15.6,-15.6,0.0,47.0,47.0,0.0,3.3,3.3,-16.59,-16.59,True,True,True,True,-15.9246,-15.9246,-15.9246,-15.9246,-790689.1,-790689.1,0.0,EXECUTED,EXECUTED
P2-2,204320|KR7204320006|KOSPI|2014-10-06|2026-09-01|204320_05,204320,204320_05,2025-11-28,2025-12-01,,NORMAL_EARLY_TREND_HANDOFF,,,,,EXIT4_SCORE_DRAWDOWN_GE_15,EXIT4_SCORE_DRAWDOWN_GE_15,2026-06-30,2026-06-30,2026-07-01,2026-07-01,0.0,0.0,0.0,142.0,142.0,0.0,59.8,59.8,-11.82,-11.82,True,True,True,True,-0.4293,-0.4293,-0.4293,-0.4293,-21275.1,-21275.1,0.0,EXECUTED,EXECUTED
P2-2,207940|KR7207940008|KOSPI|2016-11-10|2026-09-01|207940_01,207940,207940_01,2022-07-29,2022-08-01,,PROGRESSED_WITHOUT_DIRECT_HANDOFF,,,,,LOSS_GUARD_CLOSE_LE_NEG_15,LOSS_GUARD_CLOSE_LE_NEG_15,2023-07-07,2023-07-07,2023-07-10,2023-07-10,-16.1,-16.1,0.0,233.0,233.0,0.0,7.58,7.58,-16.57,-16.57,True,True,True,True,-16.4629,-16.4629,-16.4629,-16.4629,-623648.01,-623648.01,0.0,EXECUTED,EXECUTED
P2-2,207940|KR7207940008|KOSPI|2016-11-10|2026-09-01|207940_02,207940,207940_02,2024-02-02,2024-02-05,C1_PROGRESSED_WITHOUT_DIRECT_HANDOFF,PROGRESSED_WITHOUT_DIRECT_HANDOFF,2025-05-31,2025-05-30,2025-08-29,TRANSITION,NO_EXIT_BEFORE_CUTOFF,EXIT3_PROGRESSED_TO_TRANSITION,,2025-08-29,,2025-09-01,21.2,17.74,-3.46,607.0,382.0,-225.0,58.65,42.07,-15.28,-15.28,True,True,False,True,,17.2971,21.0628,17.2971,792316.47,650661.01,-141655.46,EXECUTED,EXECUTED
P2-2,213420|KR7213420003|KOSDAQ|2015-02-06|2026-09-01|213420_01,213420,213420_01,2025-07-25,2025-07-28,,NORMAL_EARLY_TREND_HANDOFF,,,,,LOSS_GUARD_CLOSE_LE_NEG_15,LOSS_GUARD_CLOSE_LE_NEG_15,2026-03-04,2026-03-04,2026-03-05,2026-03-05,-9.98,-9.98,0.0,146.0,146.0,0.0,28.93,28.93,-16.21,-16.21,False,False,False,False,,,,,0.0,0.0,0.0,SKIPPED_CASH_UNAVAILABLE,SKIPPED_CASH_UNAVAILABLE
P2-2,213420|KR7213420003|KOSDAQ|2015-02-06|2026-09-01|213420_02,213420,213420_02,2026-03-27,2026-03-30,,NORMAL_EARLY_TREND_HANDOFF,,,,,LOSS_GUARD_CLOSE_LE_NEG_15,LOSS_GUARD_CLOSE_LE_NEG_15,2026-04-07,2026-04-07,2026-04-08,2026-04-08,-11.68,-11.68,0.0,8.0,8.0,0.0,6.79,6.79,-17.86,-17.86,True,True,True,True,-12.0558,-12.0558,-12.0558,-12.0558,-598644.57,-598644.57,0.0,EXECUTED,EXECUTED
P2-2,214150|KR7214150005|KOSDAQ|2017-12-28|2026-09-01|214150_01,214150,214150_01,2021-06-18,2021-06-21,,NORMAL_EARLY_TREND_HANDOFF,,,,,EXIT4_SCORE_DRAWDOWN_GE_15,EXIT4_SCORE_DRAWDOWN_GE_15,2022-06-30,2022-06-30,2022-07-01,2022-07-01,-26.17,-26.17,0.0,255.0,255.0,0.0,40.93,40.93,-28.5,-28.5,False,False,False,False,,,,,0.0,0.0,0.0,SKIPPED_CASH_UNAVAILABLE,SKIPPED_CASH_UNAVAILABLE
P2-2,214150|KR7214150005|KOSDAQ|2017-12-28|2026-09-01|214150_02,214150,214150_02,2022-12-02,2022-12-05,,NORMAL_EARLY_TREND_HANDOFF,,,,,EXIT4_SCORE_DRAWDOWN_GE_15,EXIT4_SCORE_DRAWDOWN_GE_15,2023-09-30,2023-09-30,2023-10-04,2023-10-04,87.85,87.85,0.0,205.0,205.0,0.0,112.66,112.66,-14.68,-14.68,False,False,False,False,,,,,0.0,0.0,0.0,SKIPPED_CASH_UNAVAILABLE,SKIPPED_CASH_UNAVAILABLE
P2-2,214320|KR7214320004|KOSPI|2015-07-17|2026-09-01|214320_01,214320,214320_01,2021-01-08,2021-01-11,,NEVER_PROGRESSED,,,,,LOSS_GUARD_CLOSE_LE_NEG_15,LOSS_GUARD_CLOSE_LE_NEG_15,2021-08-20,2021-08-20,2021-08-23,2021-08-23,-16.74,-16.74,0.0,155.0,155.0,0.0,1.32,1.32,-17.33,-17.33,True,True,True,True,-17.1225,-17.1225,-17.1225,-17.1225,-852187.49,-852187.49,0.0,EXECUTED,EXECUTED
P2-2,214450|KR7214450009|KOSDAQ|2015-07-24|2026-09-01|214450_01,214450,214450_01,2023-04-28,2023-05-02,,NORMAL_EARLY_TREND_HANDOFF,,,,,EXIT4_SCORE_DRAWDOWN_GE_15,EXIT4_SCORE_DRAWDOWN_GE_15,2023-10-31,2023-10-31,2023-11-01,2023-11-01,14.76,14.76,0.0,123.0,123.0,0.0,54.64,54.64,-5.18,-5.18,False,False,False,False,,,,,0.0,0.0,0.0,SKIPPED_CASH_UNAVAILABLE,SKIPPED_CASH_UNAVAILABLE
P2-2,222800|KR7222800005|KOSDAQ|2015-08-07|2026-09-01|222800_01,222800,222800_01,2023-06-30,2023-07-03,,NORMAL_EARLY_TREND_HANDOFF,,,,,LOSS_GUARD_CLOSE_LE_NEG_15,LOSS_GUARD_CLOSE_LE_NEG_15,2024-02-23,2024-02-23,2024-02-26,2024-02-26,-15.94,-15.94,0.0,160.0,160.0,0.0,24.93,24.93,-15.94,-15.94,False,False,False,False,,,,,0.0,0.0,0.0,SKIPPED_CASH_UNAVAILABLE,SKIPPED_CASH_UNAVAILABLE
P2-2,225570|KR7225570001|KOSDAQ|2017-06-12|2026-09-01|225570_01,225570,225570_01,2023-03-31,2023-04-03,,NEVER_PROGRESSED,,,,,LOSS_GUARD_CLOSE_LE_NEG_15,LOSS_GUARD_CLOSE_LE_NEG_15,2023-09-21,2023-09-21,2023-09-22,2023-09-22,-17.63,-17.63,0.0,120.0,120.0,0.0,40.16,40.16,-17.63,-17.63,True,True,True,True,-17.9843,-17.9843,-17.9843,-17.9843,-896731.92,-896731.92,0.0,EXECUTED,EXECUTED
P2-2,232140|KR7232140004|KOSDAQ|2017-04-05|2026-09-01|232140_01,232140,232140_01,2025-09-19,2025-09-22,,NORMAL_EARLY_TREND_HANDOFF,,,,,EXIT4_SCORE_DRAWDOWN_GE_15,EXIT4_SCORE_DRAWDOWN_GE_15,2026-06-30,2026-06-30,2026-07-01,2026-07-01,-5.74,-5.74,0.0,187.0,187.0,0.0,71.28,71.28,-14.33,-14.33,False,False,False,False,,,,,0.0,0.0,0.0,SKIPPED_CASH_UNAVAILABLE,SKIPPED_CASH_UNAVAILABLE
P2-2,237690|KR7237690003|KOSDAQ|2016-06-23|2026-09-01|237690_01,237690,237690_01,2022-08-05,2022-08-08,,NORMAL_EARLY_TREND_HANDOFF,,,,,LOSS_GUARD_CLOSE_LE_NEG_15,LOSS_GUARD_CLOSE_LE_NEG_15,2022-08-23,2022-08-23,2022-08-24,2022-08-24,-14.11,-14.11,0.0,12.0,12.0,0.0,2.89,2.89,-15.43,-15.43,True,True,True,True,-14.5049,-14.5049,-14.5049,-14.5049,-712470.96,-712470.96,0.0,EXECUTED,EXECUTED
P2-2,237690|KR7237690003|KOSDAQ|2016-06-23|2026-09-01|237690_02,237690,237690_02,2024-05-03,2024-05-07,,NORMAL_EARLY_TREND_HANDOFF,,,,,LOSS_GUARD_CLOSE_LE_NEG_15,LOSS_GUARD_CLOSE_LE_NEG_15,2024-06-28,2024-06-28,2024-07-01,2024-07-01,-15.92,-15.92,0.0,38.0,38.0,0.0,11.47,11.47,-15.92,-15.92,False,False,False,False,,,,,0.0,0.0,0.0,SKIPPED_CASH_UNAVAILABLE,SKIPPED_CASH_UNAVAILABLE
P2-2,237690|KR7237690003|KOSDAQ|2016-06-23|2026-09-01|237690_03,237690,237690_03,2024-10-11,2024-10-14,,NORMAL_EARLY_TREND_HANDOFF,,,,,LOSS_GUARD_CLOSE_LE_NEG_15,LOSS_GUARD_CLOSE_LE_NEG_15,2024-10-28,2024-10-28,2024-10-29,2024-10-29,-14.44,-14.44,0.0,12.0,12.0,0.0,3.09,3.09,-15.62,-15.62,False,False,False,False,,,,,0.0,0.0,0.0,SKIPPED_CASH_UNAVAILABLE,SKIPPED_CASH_UNAVAILABLE
P2-2,237690|KR7237690003|KOSDAQ|2016-06-23|2026-09-01|237690_04,237690,237690_04,2026-01-16,2026-01-19,,NORMAL_EARLY_TREND_HANDOFF,,,,,NO_EXIT_BEFORE_CUTOFF,NO_EXIT_BEFORE_CUTOFF,,,,,-14.54,-14.54,0.0,151.0,151.0,0.0,39.81,39.81,-31.68,-31.68,True,True,False,False,,,-14.6392,-14.6392,-721663.34,-721663.34,0.0,EXECUTED,EXECUTED
P2-2,240810|KR7240810002|KOSDAQ|2016-05-02|2026-09-01|240810_01,240810,240810_01,2025-08-22,2025-08-25,,NORMAL_EARLY_TREND_HANDOFF,,,,,EXIT4_SCORE_DRAWDOWN_GE_15,EXIT4_SCORE_DRAWDOWN_GE_15,2026-01-31,2026-01-31,2026-02-02,2026-02-02,160.29,160.29,0.0,108.0,108.0,0.0,192.49,192.49,-10.05,-10.05,False,True,False,True,,159.1731,,159.1731,0.0,7897692.59,7897692.59,SKIPPED_CASH_UNAVAILABLE,EXECUTED
P2-2,241560|KR7241560002|KOSPI|2016-11-18|2026-09-01|241560_01,241560,241560_01,2021-03-26,2021-03-29,,NORMAL_EARLY_TREND_HANDOFF,,,,,EXIT4_SCORE_DRAWDOWN_GE_15,EXIT4_SCORE_DRAWDOWN_GE_15,2021-08-31,2021-08-31,2021-09-01,2021-09-01,5.06,5.06,0.0,110.0,110.0,0.0,46.49,46.49,-2.59,-2.59,False,False,False,False,,,,,0.0,0.0,0.0,SKIPPED_CASH_UNAVAILABLE,SKIPPED_CASH_UNAVAILABLE
P2-2,241560|KR7241560002|KOSPI|2016-11-18|2026-09-01|241560_02,241560,241560_02,2023-04-28,2023-05-02,,NORMAL_EARLY_TREND_HANDOFF,,,,,EXIT4_SCORE_DRAWDOWN_GE_15,EXIT4_SCORE_DRAWDOWN_GE_15,2023-10-31,2023-10-31,2023-11-01,2023-11-01,-23.72,-23.72,0.0,123.0,123.0,0.0,32.41,32.41,-24.21,-24.21,False,False,False,False,,,,,0.0,0.0,0.0,SKIPPED_CASH_UNAVAILABLE,SKIPPED_CASH_UNAVAILABLE
P2-2,241560|KR7241560002|KOSPI|2016-11-18|2026-09-01|241560_03,241560,241560_03,2025-01-24,2025-01-31,,NORMAL_EARLY_TREND_HANDOFF,,,,,LOSS_GUARD_CLOSE_LE_NEG_15,LOSS_GUARD_CLOSE_LE_NEG_15,2025-04-07,2025-04-07,2025-04-08,2025-04-08,-15.2,-15.2,0.0,47.0,47.0,0.0,2.73,2.73,-19.2,-19.2,False,False,False,False,,,,,0.0,0.0,0.0,SKIPPED_CASH_UNAVAILABLE,SKIPPED_CASH_UNAVAILABLE
P2-2,241560|KR7241560002|KOSPI|2016-11-18|2026-09-01|241560_04,241560,241560_04,2026-04-10,2026-04-13,,NORMAL_EARLY_TREND_HANDOFF,,,,,EXIT3_PROGRESSED_TO_TRANSITION,EXIT3_PROGRESSED_TO_TRANSITION,2026-08-31,2026-08-31,2026-09-01,2026-09-01,-9.05,-9.05,0.0,96.0,96.0,0.0,16.35,16.35,-17.96,-17.96,True,True,True,True,-9.4415,-9.4415,-9.4415,-9.4415,-466192.54,-466192.54,0.0,EXECUTED,EXECUTED
P2-2,241590|KR7241590009|KOSPI|2016-10-04|2026-09-01|241590_01,241590,241590_01,2021-03-12,2021-03-15,,NEVER_PROGRESSED,,,,,LOSS_GUARD_CLOSE_LE_NEG_15,LOSS_GUARD_CLOSE_LE_NEG_15,2022-01-26,2022-01-26,2022-01-27,2022-01-27,-15.92,-15.92,0.0,220.0,220.0,0.0,33.03,33.03,-18.92,-18.92,True,True,True,True,-16.3021,-16.3021,-16.3021,-16.3021,-812507.29,-812507.29,0.0,EXECUTED,EXECUTED
P2-2,251270|KR7251270005|KOSPI|2017-05-12|2026-09-01|251270_01,251270,251270_01,2025-09-19,2025-09-22,,NEVER_PROGRESSED,,,,,LOSS_GUARD_CLOSE_LE_NEG_15,LOSS_GUARD_CLOSE_LE_NEG_15,2025-10-13,2025-10-13,2025-10-14,2025-10-14,-16.32,-16.32,0.0,12.0,12.0,0.0,1.47,1.47,-17.35,-17.35,False,True,False,True,,-16.641,,-16.641,0.0,-827009.8,-827009.8,SKIPPED_CASH_UNAVAILABLE,EXECUTED
P2-2,253450|KR7253450001|KOSDAQ|2017-11-24|2026-09-01|253450_01,253450,253450_01,2021-04-09,2021-04-12,,NEVER_PROGRESSED,,,,,LOSS_GUARD_CLOSE_LE_NEG_15,LOSS_GUARD_CLOSE_LE_NEG_15,2021-08-13,2021-08-13,2021-08-17,2021-08-17,-15.86,-15.86,0.0,89.0,89.0,0.0,1.13,1.13,-16.9,-16.9,False,False,False,False,,,,,0.0,0.0,0.0,SKIPPED_CASH_UNAVAILABLE,SKIPPED_CASH_UNAVAILABLE
P2-2,253450|KR7253450001|KOSDAQ|2017-11-24|2026-09-01|253450_02,253450,253450_02,2023-01-06,2023-01-09,,NEVER_PROGRESSED,,,,,LOSS_GUARD_CLOSE_LE_NEG_15,LOSS_GUARD_CLOSE_LE_NEG_15,2023-04-10,2023-04-10,2023-04-11,2023-04-11,-16.13,-16.13,0.0,64.0,64.0,0.0,4.06,4.06,-16.63,-16.63,True,True,True,True,-16.4931,-16.4931,-16.4931,-16.4931,-817873.41,-817873.41,0.0,EXECUTED,EXECUTED
P2-2,263750|KR7263750002|KOSDAQ|2017-09-14|2026-09-01|263750_01,263750,263750_01,2021-01-08,2021-01-11,,NORMAL_EARLY_TREND_HANDOFF,,,,,EXIT4_SCORE_DRAWDOWN_GE_15,EXIT4_SCORE_DRAWDOWN_GE_15,2021-06-30,2021-06-30,2021-07-01,2021-07-01,46.35,46.35,0.0,116.0,116.0,0.0,54.62,54.62,-2.46,-2.46,True,True,True,True,45.6741,45.6741,45.6741,45.6741,2282672.03,2282672.03,0.0,EXECUTED,EXECUTED
P2-2,263750|KR7263750002|KOSDAQ|2017-09-14|2026-09-01|263750_02,263750,263750_02,2026-01-23,2026-01-26,,NORMAL_EARLY_TREND_HANDOFF,,,,,EXIT3_PROGRESSED_TO_WEAK,EXIT3_PROGRESSED_TO_WEAK,2026-06-30,2026-06-30,2026-07-01,2026-07-01,-21.09,-21.09,0.0,105.0,105.0,0.0,68.26,68.26,-27.61,-27.61,True,True,True,True,-21.4257,-21.4257,-21.4257,-21.4257,-1065654.78,-1065654.78,0.0,EXECUTED,EXECUTED
P2-2,267250|KR7267250009|KOSPI|2017-05-10|2026-09-01|267250_01,267250,267250_01,2021-06-04,2021-06-07,,NORMAL_EARLY_TREND_HANDOFF,,,,,LOSS_GUARD_CLOSE_LE_NEG_15,LOSS_GUARD_CLOSE_LE_NEG_15,2021-08-19,2021-08-19,2021-08-20,2021-08-20,-17.14,-17.14,0.0,54.0,54.0,0.0,0.0,0.0,-17.27,-17.27,True,True,True,True,-17.5234,-17.5234,-17.5234,-17.5234,-864544.98,-864544.98,0.0,EXECUTED,EXECUTED
P2-2,267250|KR7267250009|KOSPI|2017-05-10|2026-09-01|267250_02,267250,267250_02,2022-06-03,2022-06-07,,NORMAL_EARLY_TREND_HANDOFF,,,,,LOSS_GUARD_CLOSE_LE_NEG_15,LOSS_GUARD_CLOSE_LE_NEG_15,2022-07-06,2022-07-06,2022-07-07,2022-07-07,-17.62,-17.62,0.0,23.0,23.0,0.0,4.76,4.76,-18.89,-18.89,True,True,True,True,-17.9974,-17.9974,-17.9974,-17.9974,-896759.6,-896759.6,0.0,EXECUTED,EXECUTED
P2-2,267250|KR7267250009|KOSPI|2017-05-10|2026-09-01|267250_03,267250,267250_03,2022-08-12,2022-08-16,,NORMAL_EARLY_TREND_HANDOFF,,,,,EXIT4_SCORE_DRAWDOWN_GE_15,EXIT4_SCORE_DRAWDOWN_GE_15,2025-09-30,2025-09-30,2025-10-01,2025-10-01,161.18,161.18,0.0,767.0,767.0,0.0,176.81,176.81,-10.42,-10.42,True,True,True,True,160.1855,160.1855,160.1855,160.1855,7919861.04,7919861.04,0.0,EXECUTED,EXECUTED
P2-2,267270|KR7267270007|KOSPI|2017-05-10|2026-09-01|267270_01,267270,267270_01,2022-12-02,2022-12-05,,NORMAL_EARLY_TREND_HANDOFF,,,,,EXIT4_SCORE_DRAWDOWN_GE_15,EXIT4_SCORE_DRAWDOWN_GE_15,2026-01-31,2026-01-31,2026-02-02,2026-02-02,85.04,85.04,0.0,772.0,772.0,0.0,132.04,132.04,-22.36,-22.36,False,False,False,False,,,,,0.0,0.0,0.0,SKIPPED_CASH_UNAVAILABLE,SKIPPED_CASH_UNAVAILABLE
P2-2,271560|KR7271560005|KOSPI|2017-07-07|2026-09-01|271560_01,271560,271560_01,2022-12-02,2022-12-05,,NEVER_PROGRESSED,,,,,LOSS_GUARD_CLOSE_LE_NEG_15,LOSS_GUARD_CLOSE_LE_NEG_15,2024-01-16,2024-01-16,2024-01-17,2024-01-17,-15.58,-15.58,0.0,276.0,276.0,0.0,28.23,28.23,-16.88,-16.88,True,True,True,True,-15.93,-15.93,-15.93,-15.93,-792071.92,-792071.92,0.0,EXECUTED,EXECUTED
P2-2,271560|KR7271560005|KOSPI|2017-07-07|2026-09-01|271560_02,271560,271560_02,2025-04-04,2025-04-07,,NEVER_PROGRESSED,,,,,NO_PROGRESSED_BEFORE_CUTOFF,NO_PROGRESSED_BEFORE_CUTOFF,,,,,15.97,15.97,0.0,342.0,342.0,0.0,33.9,33.9,-11.69,-11.69,True,True,False,False,,,15.8347,15.8347,781927.0,781927.0,0.0,EXECUTED,EXECUTED
P2-2,272210|KR7272210006|KOSPI|2019-11-13|2026-09-01|272210_01,272210,272210_01,2023-06-30,2023-07-03,,SKIPPED_EARLY_TREND_HANDOFF,,,,,LOSS_GUARD_CLOSE_LE_NEG_15,LOSS_GUARD_CLOSE_LE_NEG_15,2023-09-19,2023-09-19,2023-09-20,2023-09-20,-15.2,-15.2,0.0,57.0,57.0,0.0,19.73,19.73,-15.74,-15.74,False,False,False,False,,,,,0.0,0.0,0.0,SKIPPED_CASH_UNAVAILABLE,SKIPPED_CASH_UNAVAILABLE
P2-2,272210|KR7272210006|KOSPI|2019-11-13|2026-09-01|272210_02,272210,272210_02,2024-03-08,2024-03-11,C1_PROGRESSED_WITHOUT_DIRECT_HANDOFF,SKIPPED_EARLY_TREND_HANDOFF,2024-09-30,2024-09-30,,,EXIT4_SCORE_DRAWDOWN_GE_15,EXIT4_SCORE_DRAWDOWN_GE_15,2025-02-28,2025-02-28,2025-03-04,2025-03-04,75.18,75.18,0.0,237.0,237.0,0.0,108.22,108.22,-10.22,-10.22,False,False,False,False,,,,,0.0,0.0,0.0,SKIPPED_CASH_UNAVAILABLE,SKIPPED_CASH_UNAVAILABLE
P2-2,277810|KR7277810008|KOSDAQ|2021-02-03|2026-09-01|277810_01,277810,277810_01,2025-01-10,2025-01-13,,NORMAL_EARLY_TREND_HANDOFF,,,,,EXIT4_SCORE_DRAWDOWN_GE_15,EXIT4_SCORE_DRAWDOWN_GE_15,2025-04-30,2025-04-30,2025-05-02,2025-05-02,17.54,17.54,0.0,74.0,74.0,0.0,88.16,88.16,-0.66,-0.66,True,True,True,True,17.0979,17.0979,17.0979,17.0979,819588.17,819588.17,0.0,EXECUTED,EXECUTED
P2-2,278280|KR7278280003|KOSDAQ|2019-02-11|2026-09-01|278280_01,278280,278280_01,2023-04-07,2023-04-10,,NEVER_PROGRESSED,,,,,LOSS_GUARD_CLOSE_LE_NEG_15,LOSS_GUARD_CLOSE_LE_NEG_15,2023-04-21,2023-04-21,2023-04-24,2023-04-24,-14.9,-14.9,0.0,11.0,11.0,0.0,7.54,7.54,-16.88,-16.88,False,False,False,False,,,,,0.0,0.0,0.0,SKIPPED_CASH_UNAVAILABLE,SKIPPED_CASH_UNAVAILABLE
P2-2,280360|KR7280360009|KOSPI|2017-10-30|2026-09-01|280360_01,280360,280360_01,2022-09-23,2022-09-26,,PROGRESSED_WITHOUT_DIRECT_HANDOFF,,,,,LOSS_GUARD_CLOSE_LE_NEG_15,LOSS_GUARD_CLOSE_LE_NEG_15,2023-03-14,2023-03-14,2023-03-15,2023-03-15,-14.14,-14.14,0.0,117.0,117.0,0.0,5.7,5.7,-15.51,-15.51,False,False,False,False,,,,,0.0,0.0,0.0,SKIPPED_CASH_UNAVAILABLE,SKIPPED_CASH_UNAVAILABLE
P2-2,280360|KR7280360009|KOSPI|2017-10-30|2026-09-01|280360_02,280360,280360_02,2023-11-03,2023-11-06,C1_PROGRESSED_WITHOUT_DIRECT_HANDOFF,PROGRESSED_WITHOUT_DIRECT_HANDOFF,2024-10-31,2024-10-31,2024-11-29,WEAK,NO_EXIT_BEFORE_CUTOFF,EXIT3_PROGRESSED_TO_WEAK,,2024-11-29,,2024-12-02,24.11,-4.34,-28.45,686.0,263.0,-423.0,77.6,77.6,-23.34,-12.27,True,True,False,True,,-4.7357,23.963,-4.7357,1182928.84,-233775.93,-1416704.77,EXECUTED,EXECUTED
P2-2,281820|KR7281820001|KOSPI|2017-12-05|2026-09-01|281820_01,281820,281820_01,2026-02-27,2026-03-03,,NORMAL_EARLY_TREND_HANDOFF,,,,,LOSS_GUARD_CLOSE_LE_NEG_15,LOSS_GUARD_CLOSE_LE_NEG_15,2026-03-04,2026-03-04,2026-03-05,2026-03-05,-10.1,-10.1,0.0,3.0,3.0,0.0,5.21,5.21,-17.81,-17.81,False,False,False,False,,,,,0.0,0.0,0.0,SKIPPED_CASH_UNAVAILABLE,SKIPPED_CASH_UNAVAILABLE
P2-2,281820|KR7281820001|KOSPI|2017-12-05|2026-09-01|281820_02,281820,281820_02,2026-03-27,2026-03-30,,NORMAL_EARLY_TREND_HANDOFF,,,,,EXIT4_SCORE_DRAWDOWN_GE_15,EXIT4_SCORE_DRAWDOWN_GE_15,2026-06-30,2026-06-30,2026-07-01,2026-07-01,145.16,145.16,0.0,64.0,64.0,0.0,150.32,150.32,-9.68,-9.68,True,True,True,True,144.1088,144.1088,144.1088,144.1088,7178379.95,7178379.95,0.0,EXECUTED,EXECUTED
P2-2,282330|KR7282330000|KOSPI|2017-12-08|2026-09-01|282330_01,282330,282330_01,2021-01-29,2021-02-01,,NEVER_PROGRESSED,,,,,LOSS_GUARD_CLOSE_LE_NEG_15,LOSS_GUARD_CLOSE_LE_NEG_15,2022-01-04,2022-01-04,2022-01-05,2022-01-05,-16.37,-16.37,0.0,231.0,231.0,0.0,14.88,14.88,-16.37,-16.37,True,True,True,True,-16.7531,-16.7531,-16.7531,-16.7531,-817150.57,-817150.57,0.0,EXECUTED,EXECUTED
P2-2,282330|KR7282330000|KOSPI|2017-12-08|2026-09-01|282330_02,282330,282330_02,2022-05-13,2022-05-16,,NEVER_PROGRESSED,,,,,LOSS_GUARD_CLOSE_LE_NEG_15,LOSS_GUARD_CLOSE_LE_NEG_15,2022-08-12,2022-08-12,2022-08-16,2022-08-16,-16.12,-16.12,0.0,64.0,64.0,0.0,2.77,2.77,-16.12,-16.12,True,True,True,True,-16.5061,-16.5061,-16.5061,-16.5061,-820058.05,-820058.05,0.0,EXECUTED,EXECUTED
P2-2,282330|KR7282330000|KOSPI|2017-12-08|2026-09-01|282330_03,282330,282330_03,2022-11-25,2022-11-28,,NEVER_PROGRESSED,,,,,LOSS_GUARD_CLOSE_LE_NEG_15,LOSS_GUARD_CLOSE_LE_NEG_15,2023-07-04,2023-07-04,2023-07-05,2023-07-05,-16.46,-16.46,0.0,150.0,150.0,0.0,7.86,7.86,-16.46,-16.46,True,True,True,True,-16.8206,-16.8206,-16.8206,-16.8206,-822460.56,-822460.56,0.0,EXECUTED,EXECUTED
P2-2,282330|KR7282330000|KOSPI|2017-12-08|2026-09-01|282330_04,282330,282330_04,2026-02-13,2026-02-19,,NEVER_PROGRESSED,,,,,LOSS_GUARD_CLOSE_LE_NEG_15,LOSS_GUARD_CLOSE_LE_NEG_15,2026-03-04,2026-03-04,2026-03-05,2026-03-05,-14.46,-14.46,0.0,10.0,10.0,0.0,2.35,2.35,-19.16,-19.16,True,True,True,True,-14.8312,-14.8312,-14.8312,-14.8312,-728041.5,-728041.5,0.0,EXECUTED,EXECUTED
P2-2,282330|KR7282330000|KOSPI|2017-12-08|2026-09-01|282330_05,282330,282330_05,2026-03-27,2026-03-30,,NEVER_PROGRESSED,,,,,LOSS_GUARD_CLOSE_LE_NEG_15,LOSS_GUARD_CLOSE_LE_NEG_15,2026-06-22,2026-06-22,2026-06-23,2026-06-23,-15.41,-15.41,0.0,58.0,58.0,0.0,14.48,14.48,-16.96,-16.96,True,True,True,True,-15.7775,-15.7775,-15.7775,-15.7775,-774904.72,-774904.72,0.0,EXECUTED,EXECUTED
P2-2,282330|KR7282330000|KOSPI|2017-12-08|2026-09-01|282330_06,282330,282330_06,2026-08-07,2026-08-10,,NEVER_PROGRESSED,,,,,NO_PROGRESSED_BEFORE_CUTOFF,NO_PROGRESSED_BEFORE_CUTOFF,,,,,-1.92,-1.92,0.0,15.0,15.0,0.0,3.92,3.92,-9.09,-9.09,True,True,False,False,,,-2.037,-2.037,-101419.81,-101419.81,0.0,EXECUTED,EXECUTED
P2-2,284740|KR7284740008|KOSPI|2018-01-11|2026-09-01|284740_01,284740,284740_01,2021-05-14,2021-05-17,,NEVER_PROGRESSED,,,,,LOSS_GUARD_CLOSE_LE_NEG_15,LOSS_GUARD_CLOSE_LE_NEG_15,2021-11-11,2021-11-11,2021-11-12,2021-11-12,-17.1,-17.1,0.0,123.0,123.0,0.0,12.9,12.9,-17.53,-17.53,False,False,False,False,,,,,0.0,0.0,0.0,SKIPPED_CASH_UNAVAILABLE,SKIPPED_CASH_UNAVAILABLE
P2-2,285130|KR7285130001|KOSPI|2018-01-05|2026-09-01|285130_01,285130,285130_01,2025-07-04,2025-07-07,,NEVER_PROGRESSED,,,,,LOSS_GUARD_CLOSE_LE_NEG_15,LOSS_GUARD_CLOSE_LE_NEG_15,2025-08-13,2025-08-13,2025-08-14,2025-08-14,-15.88,-15.88,0.0,29.0,29.0,0.0,3.66,3.66,-16.69,-16.69,True,False,True,False,-16.1944,,-16.1944,,-800580.57,0.0,800580.57,EXECUTED,SKIPPED_CASH_UNAVAILABLE
P2-2,294870|KR7294870001|KOSPI|2018-06-12|2026-09-01|294870_01,294870,294870_01,2026-02-20,2026-02-23,,NEVER_PROGRESSED,,,,,LOSS_GUARD_CLOSE_LE_NEG_15,LOSS_GUARD_CLOSE_LE_NEG_15,2026-03-04,2026-03-04,2026-03-05,2026-03-05,-11.11,-11.11,0.0,8.0,8.0,0.0,2.06,2.06,-17.08,-17.08,False,True,False,True,,-11.4927,,-11.4927,0.0,-573168.15,-573168.15,SKIPPED_CASH_UNAVAILABLE,EXECUTED
P2-2,294870|KR7294870001|KOSPI|2018-06-12|2026-09-01|294870_02,294870,294870_02,2026-03-20,2026-03-23,,NEVER_PROGRESSED,,,,,LOSS_GUARD_CLOSE_LE_NEG_15,LOSS_GUARD_CLOSE_LE_NEG_15,2026-06-01,2026-06-01,2026-06-02,2026-06-02,-16.13,-16.13,0.0,49.0,49.0,0.0,5.47,5.47,-17.22,-17.22,True,True,True,True,-16.4864,-16.4864,-16.4864,-16.4864,-823204.46,-823204.46,0.0,EXECUTED,EXECUTED
P2-2,298020|KR7298020009|KOSPI|2018-07-13|2026-09-01|298020_01,298020,298020_01,2024-05-17,2024-05-20,,NORMAL_EARLY_TREND_HANDOFF,,,,,LOSS_GUARD_CLOSE_LE_NEG_15,LOSS_GUARD_CLOSE_LE_NEG_15,2024-06-18,2024-06-18,2024-06-19,2024-06-19,-15.54,-15.54,0.0,22.0,22.0,0.0,0.96,0.96,-17.23,-17.23,False,False,False,False,,,,,0.0,0.0,0.0,SKIPPED_CASH_UNAVAILABLE,SKIPPED_CASH_UNAVAILABLE
P2-2,298020|KR7298020009|KOSPI|2018-07-13|2026-09-01|298020_02,298020,298020_02,2026-02-13,2026-02-19,,NORMAL_EARLY_TREND_HANDOFF,,,,,LOSS_GUARD_CLOSE_LE_NEG_15,LOSS_GUARD_CLOSE_LE_NEG_15,2026-03-04,2026-03-04,2026-03-05,2026-03-05,-13.68,-13.68,0.0,10.0,10.0,0.0,7.45,7.45,-22.22,-22.22,False,True,False,True,,-14.0458,,-14.0458,0.0,-691005.02,-691005.02,SKIPPED_CASH_UNAVAILABLE,EXECUTED
P2-2,298020|KR7298020009|KOSPI|2018-07-13|2026-09-01|298020_03,298020,298020_03,2026-04-10,2026-04-13,,NORMAL_EARLY_TREND_HANDOFF,,,,,LOSS_GUARD_CLOSE_LE_NEG_15,LOSS_GUARD_CLOSE_LE_NEG_15,2026-05-20,2026-05-20,2026-05-21,2026-05-21,-15.65,-15.65,0.0,27.0,27.0,0.0,19.4,19.4,-20.15,-20.15,True,True,True,True,-16.0106,-16.0106,-16.0106,-16.0106,-747752.24,-747752.24,0.0,EXECUTED,EXECUTED
P2-2,298380|KR7298380007|KOSDAQ|2018-12-19|2026-09-01|298380_01,298380,298380_01,2024-01-05,2024-01-08,,NORMAL_EARLY_TREND_HANDOFF,,,,,LOSS_GUARD_CLOSE_LE_NEG_15,LOSS_GUARD_CLOSE_LE_NEG_15,2024-02-08,2024-02-08,2024-02-13,2024-02-13,-15.14,-15.14,0.0,25.0,25.0,0.0,4.9,4.9,-19.15,-19.15,True,False,True,False,-15.486,,-15.486,,-770755.09,0.0,770755.09,EXECUTED,SKIPPED_CASH_UNAVAILABLE
P2-2,298380|KR7298380007|KOSDAQ|2018-12-19|2026-09-01|298380_02,298380,298380_02,2024-03-08,2024-03-11,,NORMAL_EARLY_TREND_HANDOFF,,,,,LOSS_GUARD_CLOSE_LE_NEG_15,LOSS_GUARD_CLOSE_LE_NEG_15,2024-04-04,2024-04-04,2024-04-05,2024-04-05,-17.77,-17.77,0.0,20.0,20.0,0.0,6.27,6.27,-17.77,-17.77,False,False,False,False,,,,,0.0,0.0,0.0,SKIPPED_CASH_UNAVAILABLE,SKIPPED_CASH_UNAVAILABLE
P2-2,300720|KR7300720000|KOSPI|2018-08-06|2026-09-01|300720_01,300720,300720_01,2024-12-20,2024-12-23,,NORMAL_EARLY_TREND_HANDOFF,,,,,EXIT4_SCORE_DRAWDOWN_GE_15,EXIT4_SCORE_DRAWDOWN_GE_15,2025-10-31,2025-10-31,2025-11-03,2025-11-03,7.56,7.56,0.0,207.0,207.0,0.0,33.54,33.54,-12.62,-12.62,True,True,True,True,7.1529,7.1529,7.1529,7.1529,357023.88,357023.88,0.0,EXECUTED,EXECUTED
P2-2,307950|KR7307950006|KOSPI|2019-03-28|2026-09-01|307950_01,307950,307950_01,2023-04-14,2023-04-17,,NORMAL_EARLY_TREND_HANDOFF,,,,,EXIT4_SCORE_DRAWDOWN_GE_15,EXIT4_SCORE_DRAWDOWN_GE_15,2026-02-28,2026-02-28,2026-03-03,2026-03-03,288.89,288.89,0.0,698.0,698.0,0.0,330.95,330.95,-15.08,-15.08,False,False,False,False,,,,,0.0,0.0,0.0,SKIPPED_CASH_UNAVAILABLE,SKIPPED_CASH_UNAVAILABLE
P2-2,316140|KR7316140003|KOSPI|2019-02-13|2026-09-01|316140_01,316140,316140_01,2023-01-27,2023-01-30,,NORMAL_EARLY_TREND_HANDOFF,,,,,LOSS_GUARD_CLOSE_LE_NEG_15,LOSS_GUARD_CLOSE_LE_NEG_15,2023-03-10,2023-03-10,2023-03-13,2023-03-13,-16.42,-16.42,0.0,30.0,30.0,0.0,0.37,0.37,-16.42,-16.42,False,False,False,False,,,,,0.0,0.0,0.0,SKIPPED_CASH_UNAVAILABLE,SKIPPED_CASH_UNAVAILABLE
P2-2,316140|KR7316140003|KOSPI|2019-02-13|2026-09-01|316140_02,316140,316140_02,2023-10-06,2023-10-10,,NORMAL_EARLY_TREND_HANDOFF,,,,,EXIT4_SCORE_DRAWDOWN_GE_15,EXIT4_SCORE_DRAWDOWN_GE_15,2025-12-31,2025-12-31,2026-01-02,2026-01-02,125.34,125.34,0.0,544.0,544.0,0.0,134.56,134.56,-6.98,-6.98,True,True,True,True,124.3734,124.3734,124.3734,124.3734,6210881.22,6210881.22,0.0,EXECUTED,EXECUTED
P2-2,323410|KR7323410001|KOSPI|2021-08-06|2026-09-01|323410_01,323410,323410_01,2024-12-06,2024-12-09,,NEVER_PROGRESSED,,,,,NO_PROGRESSED_BEFORE_CUTOFF,NO_PROGRESSED_BEFORE_CUTOFF,,,,,-5.62,-5.62,0.0,419.0,419.0,0.0,67.39,67.39,-17.45,-17.45,True,True,False,False,,,-5.724,-5.724,-285224.58,-285224.58,0.0,EXECUTED,EXECUTED
P2-2,326030|KR7326030004|KOSPI|2020-07-02|2026-09-01|326030_01,326030,326030_01,2024-08-16,2024-08-19,,NEVER_PROGRESSED,,,,,LOSS_GUARD_CLOSE_LE_NEG_15,LOSS_GUARD_CLOSE_LE_NEG_15,2025-05-09,2025-05-09,2025-05-12,2025-05-12,-17.38,-17.38,0.0,174.0,174.0,0.0,20.15,20.15,-17.74,-17.74,False,True,False,True,,-17.6887,,-17.6887,0.0,-881415.6,-881415.6,SKIPPED_CASH_UNAVAILABLE,EXECUTED
P2-2,336260|KR7336260005|KOSPI|2019-10-18|2026-09-01|336260_01,336260,336260_01,2025-10-10,2025-10-13,,NORMAL_EARLY_TREND_HANDOFF,,,,,EXIT4_SCORE_DRAWDOWN_GE_15,EXIT4_SCORE_DRAWDOWN_GE_15,2025-12-31,2025-12-31,2026-01-02,2026-01-02,-8.56,-8.56,0.0,57.0,57.0,0.0,46.75,46.75,-11.41,-11.41,True,True,True,True,-8.9504,-8.9504,-8.9504,-8.9504,-446682.23,-446682.23,0.0,EXECUTED,EXECUTED
P2-2,336570|KR7336570007|KOSDAQ|2022-06-30|2026-09-01|336570_01,336570,336570_01,2025-07-11,2025-07-14,,PROGRESSED_WITHOUT_DIRECT_HANDOFF,,,,,LOSS_GUARD_CLOSE_LE_NEG_15,LOSS_GUARD_CLOSE_LE_NEG_15,2025-08-26,2025-08-26,2025-08-27,2025-08-27,-15.42,-15.42,0.0,32.0,32.0,0.0,14.91,14.91,-16.88,-16.88,False,False,False,False,,,,,0.0,0.0,0.0,SKIPPED_CASH_UNAVAILABLE,SKIPPED_CASH_UNAVAILABLE
P2-2,352820|KR7352820005|KOSPI|2020-10-15|2026-09-01|352820_01,352820,352820_01,2024-11-22,2024-11-25,,NORMAL_EARLY_TREND_HANDOFF,,,,,LOSS_GUARD_CLOSE_LE_NEG_15,LOSS_GUARD_CLOSE_LE_NEG_15,2024-12-09,2024-12-09,2024-12-10,2024-12-10,-14.76,-14.76,0.0,12.0,12.0,0.0,1.14,1.14,-17.49,-17.49,True,True,True,True,-15.1097,-15.1097,-15.1097,-15.1097,-730488.84,-730488.84,0.0,EXECUTED,EXECUTED
P2-2,352820|KR7352820005|KOSPI|2020-10-15|2026-09-01|352820_02,352820,352820_02,2025-01-31,2025-02-03,,NORMAL_EARLY_TREND_HANDOFF,,,,,EXIT4_SCORE_DRAWDOWN_GE_15,EXIT4_SCORE_DRAWDOWN_GE_15,2026-02-28,2026-02-28,2026-03-03,2026-03-03,70.88,70.88,0.0,263.0,263.0,0.0,83.07,83.07,-5.42,-5.42,True,True,True,True,70.1468,70.1468,70.1468,70.1468,3422183.17,3422183.17,0.0,EXECUTED,EXECUTED
P2-2,353200|KR7353200009|KOSPI|2020-05-21|2026-09-01|353200_01,353200,353200_01,2023-06-02,2023-06-05,,NORMAL_EARLY_TREND_HANDOFF,,,,,LOSS_GUARD_CLOSE_LE_NEG_15,LOSS_GUARD_CLOSE_LE_NEG_15,2023-10-26,2023-10-26,2023-10-27,2023-10-27,-16.06,-16.06,0.0,98.0,98.0,0.0,51.63,51.63,-17.4,-17.4,False,False,False,False,,,,,0.0,0.0,0.0,SKIPPED_CASH_UNAVAILABLE,SKIPPED_CASH_UNAVAILABLE
P2-2,357780|KR7357780006|KOSDAQ|2020-08-06|2026-09-01|357780_01,357780,357780_01,2023-08-04,2023-08-07,,NORMAL_EARLY_TREND_HANDOFF,,,,,LOSS_GUARD_CLOSE_LE_NEG_15,LOSS_GUARD_CLOSE_LE_NEG_15,2023-09-11,2023-09-11,2023-09-12,2023-09-12,-15.34,-15.34,0.0,26.0,26.0,0.0,1.33,1.33,-17.42,-17.42,True,True,True,True,-15.7044,-15.7044,-15.7044,-15.7044,-747129.31,-747129.31,0.0,EXECUTED,EXECUTED
P2-2,357780|KR7357780006|KOSDAQ|2020-08-06|2026-09-01|357780_02,357780,357780_02,2023-12-01,2023-12-04,,NORMAL_EARLY_TREND_HANDOFF,,,,,LOSS_GUARD_CLOSE_LE_NEG_15,LOSS_GUARD_CLOSE_LE_NEG_15,2024-08-05,2024-08-05,2024-08-06,2024-08-06,-18.58,-18.58,0.0,166.0,166.0,0.0,24.48,24.48,-23.26,-23.26,False,True,False,True,,-18.9097,,-18.9097,0.0,-926883.54,-926883.54,SKIPPED_CASH_UNAVAILABLE,EXECUTED
P2-2,357780|KR7357780006|KOSDAQ|2020-08-06|2026-09-01|357780_03,357780,357780_03,2025-09-12,2025-09-15,,NORMAL_EARLY_TREND_HANDOFF,,,,,EXIT4_SCORE_DRAWDOWN_GE_15,EXIT4_SCORE_DRAWDOWN_GE_15,2026-04-30,2026-04-30,2026-05-04,2026-05-04,81.91,81.91,0.0,153.0,153.0,0.0,106.23,106.23,-11.28,-11.28,True,True,True,True,81.1257,81.1257,81.1257,81.1257,3965923.04,3965923.04,0.0,EXECUTED,EXECUTED
P2-2,373220|KR7373220003|KOSPI|2022-01-27|2026-09-01|373220_01,373220,373220_01,2025-10-31,2025-11-03,,NEVER_PROGRESSED,,,,,LOSS_GUARD_CLOSE_LE_NEG_15,LOSS_GUARD_CLOSE_LE_NEG_15,2025-11-28,2025-11-28,2025-12-01,2025-12-01,-14.27,-14.27,0.0,21.0,21.0,0.0,3.12,3.12,-15.0,-15.0,False,False,False,False,,,,,0.0,0.0,0.0,SKIPPED_CASH_UNAVAILABLE,SKIPPED_CASH_UNAVAILABLE
P2-2,375500|KR7375500006|KOSPI|2021-01-25|2026-09-01|375500_01,375500,375500_01,2025-02-28,2025-03-04,C1_PROGRESSED_WITHOUT_DIRECT_HANDOFF,PROGRESSED_WITHOUT_DIRECT_HANDOFF,2026-01-31,2026-01-30,,,EXIT4_SCORE_DRAWDOWN_GE_15,EXIT4_SCORE_DRAWDOWN_GE_15,2026-04-30,2026-04-30,2026-05-04,2026-05-04,143.95,143.95,0.0,286.0,286.0,0.0,163.21,163.21,-8.27,-8.27,False,False,False,False,,,,,0.0,0.0,0.0,SKIPPED_CASH_UNAVAILABLE,SKIPPED_CASH_UNAVAILABLE
P2-2,383220|KR7383220001|KOSPI|2021-05-21|2026-09-01|383220_01,383220,383220_01,2026-06-12,2026-06-15,,NEVER_PROGRESSED,,,,,LOSS_GUARD_CLOSE_LE_NEG_15,LOSS_GUARD_CLOSE_LE_NEG_15,2026-06-23,2026-06-23,2026-06-24,2026-06-24,-14.53,-14.53,0.0,8.0,8.0,0.0,0.0,0.0,-17.53,-17.53,True,True,True,True,-14.8998,-14.8998,-14.8998,-14.8998,-737179.5,-737179.5,0.0,EXECUTED,EXECUTED
P2-2,383220|KR7383220001|KOSPI|2021-05-21|2026-09-01|383220_02,383220,383220_02,2026-07-31,2026-08-03,,NEVER_PROGRESSED,,,,,LOSS_GUARD_CLOSE_LE_NEG_15,LOSS_GUARD_CLOSE_LE_NEG_15,2026-08-03,2026-08-03,2026-08-04,2026-08-04,-17.05,-17.05,0.0,2.0,2.0,0.0,0.14,0.14,-17.05,-17.05,True,True,True,True,-17.4062,-17.4062,-17.4062,-17.4062,-862823.27,-862823.27,0.0,EXECUTED,EXECUTED
P2-2,403870|KR7403870009|KOSDAQ|2022-07-15|2026-09-01|403870_01,403870,403870_01,2025-10-31,2025-11-03,,SKIPPED_EARLY_TREND_HANDOFF,,,,,LOSS_GUARD_CLOSE_LE_NEG_15,LOSS_GUARD_CLOSE_LE_NEG_15,2025-11-19,2025-11-19,2025-11-20,2025-11-20,-12.14,-12.14,0.0,14.0,14.0,0.0,2.02,2.02,-17.34,-17.34,False,False,False,False,,,,,0.0,0.0,0.0,SKIPPED_CASH_UNAVAILABLE,SKIPPED_CASH_UNAVAILABLE
P2-2,403870|KR7403870009|KOSDAQ|2022-07-15|2026-09-01|403870_02,403870,403870_02,2026-02-27,2026-03-03,C1_PROGRESSED_WITHOUT_DIRECT_HANDOFF,SKIPPED_EARLY_TREND_HANDOFF,2026-05-31,2026-05-29,,,EXIT4_SCORE_DRAWDOWN_GE_15,EXIT4_SCORE_DRAWDOWN_GE_15,2026-06-30,2026-06-30,2026-07-01,2026-07-01,25.49,25.49,0.0,83.0,83.0,0.0,110.29,110.29,-13.26,-13.26,False,False,False,False,,,,,0.0,0.0,0.0,SKIPPED_CASH_UNAVAILABLE,SKIPPED_CASH_UNAVAILABLE
P2-2,950210|KR8702070002|KOSPI|2021-02-05|2026-09-01|950210_01,950210,950210_01,2024-11-01,2024-11-04,,SKIPPED_EARLY_TREND_HANDOFF,,,,,LOSS_GUARD_CLOSE_LE_NEG_15,LOSS_GUARD_CLOSE_LE_NEG_15,2024-11-25,2024-11-25,2024-11-26,2024-11-26,-15.61,-15.61,0.0,17.0,17.0,0.0,10.72,10.72,-17.18,-17.18,True,True,True,True,-15.9541,-15.9541,-15.9541,-15.9541,-795314.94,-795314.94,0.0,EXECUTED,EXECUTED
P3-2,000100|KR7000100008|KOSPI|2010-01-04|2026-09-01|000100_01,000100,000100_01,2023-06-02,2023-06-05,,NORMAL_EARLY_TREND_HANDOFF,,,,,EXIT4_SCORE_DRAWDOWN_GE_15,EXIT4_SCORE_DRAWDOWN_GE_15,2024-10-31,2024-10-31,2024-11-01,2024-11-01,134.92,134.92,0.0,345.0,345.0,0.0,183.1,183.1,-10.88,-10.88,False,False,False,False,,,,,0.0,0.0,0.0,SKIPPED_CASH_UNAVAILABLE,SKIPPED_CASH_UNAVAILABLE
P3-2,000120|KR7000120006|KOSPI|2010-01-04|2026-09-01|000120_01,000120,000120_01,2024-01-05,2024-01-08,,NEVER_PROGRESSED,,,,,LOSS_GUARD_CLOSE_LE_NEG_15,LOSS_GUARD_CLOSE_LE_NEG_15,2024-05-28,2024-05-28,2024-05-29,2024-05-29,-17.04,-17.04,0.0,96.0,96.0,0.0,18.31,18.31,-17.04,-17.04,True,True,True,True,-17.3778,-17.3778,-17.3778,-17.3778,-852214.18,-852214.18,0.0,EXECUTED,EXECUTED
P3-2,000120|KR7000120006|KOSPI|2010-01-04|2026-09-01|000120_02,000120,000120_02,2026-01-30,2026-02-02,,NEVER_PROGRESSED,,,,,LOSS_GUARD_CLOSE_LE_NEG_15,LOSS_GUARD_CLOSE_LE_NEG_15,2026-05-19,2026-05-19,2026-05-20,2026-05-20,-14.5,-14.5,0.0,72.0,72.0,0.0,46.95,46.95,-16.79,-16.79,True,True,True,True,-14.8709,-14.8709,-14.8709,-14.8709,-733321.4,-733321.4,0.0,EXECUTED,EXECUTED
P3-2,000150|KR7000150003|KOSPI|2010-01-04|2026-09-01|000150_01,000150,000150_01,2022-11-25,2022-11-28,,NORMAL_EARLY_TREND_HANDOFF,,,,,LOSS_GUARD_CLOSE_LE_NEG_15,LOSS_GUARD_CLOSE_LE_NEG_15,2022-12-27,2022-12-27,2022-12-28,2022-12-28,-16.14,-16.14,0.0,23.0,23.0,0.0,1.85,1.85,-16.14,-16.14,True,True,True,True,-16.5208,-16.5208,-16.5208,-16.5208,-820754.71,-820754.71,0.0,EXECUTED,EXECUTED
P3-2,000150|KR7000150003|KOSPI|2010-01-04|2026-09-01|000150_02,000150,000150_02,2023-03-10,2023-03-13,,NORMAL_EARLY_TREND_HANDOFF,,,,,LOSS_GUARD_CLOSE_LE_NEG_15,LOSS_GUARD_CLOSE_LE_NEG_15,2023-05-03,2023-05-03,2023-05-04,2023-05-04,-14.83,-14.83,0.0,38.0,38.0,0.0,3.92,3.92,-15.11,-15.11,False,False,False,False,,,,,0.0,0.0,0.0,SKIPPED_CASH_UNAVAILABLE,SKIPPED_CASH_UNAVAILABLE
P3-2,000210|KR7000210005|KOSPI|2010-01-04|2026-09-01|000210_01,000210,000210_01,2025-07-04,2025-07-07,,PROGRESSED_WITHOUT_DIRECT_HANDOFF,,,,,LOSS_GUARD_CLOSE_LE_NEG_15,LOSS_GUARD_CLOSE_LE_NEG_15,2025-08-11,2025-08-11,2025-08-12,2025-08-12,-19.96,-19.96,0.0,27.0,27.0,0.0,12.57,12.57,-22.36,-22.36,False,False,False,False,,,,,0.0,0.0,0.0,SKIPPED_CASH_UNAVAILABLE,SKIPPED_CASH_UNAVAILABLE
P3-2,000210|KR7000210005|KOSPI|2010-01-04|2026-09-01|000210_02,000210,000210_02,2026-02-27,2026-03-03,,PROGRESSED_WITHOUT_DIRECT_HANDOFF,,,,,LOSS_GUARD_CLOSE_LE_NEG_15,LOSS_GUARD_CLOSE_LE_NEG_15,2026-03-04,2026-03-04,2026-03-05,2026-03-05,-13.0,-13.0,0.0,3.0,3.0,0.0,4.2,4.2,-19.8,-19.8,False,False,False,False,,,,,0.0,0.0,0.0,SKIPPED_CASH_UNAVAILABLE,SKIPPED_CASH_UNAVAILABLE
P3-2,000210|KR7000210005|KOSPI|2010-01-04|2026-09-01|000210_03,000210,000210_03,2026-03-27,2026-03-30,,PROGRESSED_WITHOUT_DIRECT_HANDOFF,,,,,LOSS_GUARD_CLOSE_LE_NEG_15,LOSS_GUARD_CLOSE_LE_NEG_15,2026-06-08,2026-06-08,2026-06-09,2026-06-09,-21.2,-21.2,0.0,48.0,48.0,0.0,32.82,32.82,-22.48,-22.48,True,True,True,True,-21.5349,-21.5349,-21.5349,-21.5349,-1072053.97,-1072053.97,0.0,EXECUTED,EXECUTED
P3-2,000240|KR7000240002|KOSPI|2010-01-04|2026-09-01|000240_01,000240,000240_01,2023-12-01,2023-12-04,,NORMAL_EARLY_TREND_HANDOFF,,,,,EXIT3_PROGRESSED_TO_EARLY_TREND,EXIT3_PROGRESSED_TO_EARLY_TREND,2025-11-30,2025-11-30,2025-12-01,2025-12-01,90.01,90.01,0.0,484.0,484.0,0.0,92.87,92.87,-14.96,-14.96,False,False,False,False,,,,,0.0,0.0,0.0,SKIPPED_CASH_UNAVAILABLE,SKIPPED_CASH_UNAVAILABLE
P3-2,000270|KR7000270009|KOSPI|2010-01-04|2026-09-01|000270_01,000270,000270_01,2023-03-31,2023-04-03,,NORMAL_EARLY_TREND_HANDOFF,,,,,EXIT3_PROGRESSED_TO_TRANSITION,EXIT3_PROGRESSED_TO_TRANSITION,2025-01-31,2025-01-31,2025-02-03,2025-02-03,22.94,22.94,0.0,446.0,446.0,0.0,65.64,65.64,-6.01,-6.01,True,True,True,True,22.4783,22.4783,22.4783,22.4783,1118794.78,1118794.78,0.0,EXECUTED,EXECUTED
P3-2,000270|KR7000270009|KOSPI|2010-01-04|2026-09-01|000270_02,000270,000270_02,2025-10-24,2025-10-27,,NORMAL_EARLY_TREND_HANDOFF,,,,,EXIT4_SCORE_DRAWDOWN_GE_15,EXIT4_SCORE_DRAWDOWN_GE_15,2026-05-31,2026-05-31,2026-06-01,2026-06-01,47.75,47.75,0.0,146.0,146.0,0.0,84.14,84.14,-5.63,-5.63,False,False,False,False,,,,,0.0,0.0,0.0,SKIPPED_CASH_UNAVAILABLE,SKIPPED_CASH_UNAVAILABLE
P3-2,000660|KR7000660001|KOSPI|2010-01-04|2026-09-01|000660_01,000660,000660_01,2022-03-04,2022-03-07,,NORMAL_EARLY_TREND_HANDOFF,,,,,LOSS_GUARD_CLOSE_LE_NEG_15,LOSS_GUARD_CLOSE_LE_NEG_15,2022-06-13,2022-06-13,2022-06-14,2022-06-14,-18.57,-18.57,0.0,68.0,68.0,0.0,5.04,5.04,-18.57,-18.57,True,True,True,True,-18.9454,-18.9454,-18.9454,-18.9454,-925408.35,-925408.35,0.0,EXECUTED,EXECUTED
P3-2,000660|KR7000660001|KOSPI|2010-01-04|2026-09-01|000660_02,000660,000660_02,2023-06-02,2023-06-05,,NORMAL_EARLY_TREND_HANDOFF,,,,,EXIT4_SCORE_DRAWDOWN_GE_15,EXIT4_SCORE_DRAWDOWN_GE_15,2024-04-30,2024-04-30,2024-05-02,2024-05-02,53.5,53.5,0.0,224.0,224.0,0.0,73.84,73.84,-3.09,-3.09,True,True,True,True,52.8685,52.8685,52.8685,52.8685,2622381.66,2622381.66,0.0,EXECUTED,EXECUTED
P3-2,000670|KR7000670000|KOSPI|2010-01-04|2026-09-01|000670_01,000670,000670_01,2022-09-23,2022-09-26,,NORMAL_EARLY_TREND_HANDOFF,,,,,LOSS_GUARD_CLOSE_LE_NEG_15,LOSS_GUARD_CLOSE_LE_NEG_15,2022-10-20,2022-10-20,2022-10-21,2022-10-21,-15.32,-15.32,0.0,18.0,18.0,0.0,2.05,2.05,-16.96,-16.96,True,True,True,True,-15.7093,-15.7093,-15.7093,-15.7093,-779998.81,-779998.81,0.0,EXECUTED,EXECUTED
P3-2,000670|KR7000670000|KOSPI|2010-01-04|2026-09-01|000670_02,000670,000670_02,2022-11-11,2022-11-14,,NORMAL_EARLY_TREND_HANDOFF,,,,,LOSS_GUARD_CLOSE_LE_NEG_15,LOSS_GUARD_CLOSE_LE_NEG_15,2022-12-23,2022-12-23,2022-12-26,2022-12-26,-16.56,-16.56,0.0,31.0,31.0,0.0,19.6,19.6,-17.09,-17.09,True,True,True,True,-16.9398,-16.9398,-16.9398,-16.9398,-844584.31,-844584.31,0.0,EXECUTED,EXECUTED
P3-2,000670|KR7000670000|KOSPI|2010-01-04|2026-09-01|000670_03,000670,000670_03,2025-11-14,2025-11-17,,NORMAL_EARLY_TREND_HANDOFF,,,,,LOSS_GUARD_CLOSE_LE_NEG_15,LOSS_GUARD_CLOSE_LE_NEG_15,2026-01-02,2026-01-02,2026-01-05,2026-01-05,-17.37,-17.37,0.0,33.0,33.0,0.0,30.39,30.39,-18.28,-18.28,True,True,True,True,-17.7236,-17.7236,-17.7236,-17.7236,-879350.31,-879350.31,0.0,EXECUTED,EXECUTED
P3-2,000670|KR7000670000|KOSPI|2010-01-04|2026-09-01|000670_04,000670,000670_04,2026-01-30,2026-02-02,,NORMAL_EARLY_TREND_HANDOFF,,,,,EXIT3_PROGRESSED_TO_WEAK,EXIT3_PROGRESSED_TO_WEAK,2026-07-31,2026-07-31,2026-08-03,2026-08-03,-45.64,-45.64,0.0,122.0,122.0,0.0,18.93,18.93,-48.07,-48.07,True,True,True,True,-45.8782,-45.8782,-45.8782,-45.8782,-2275927.37,-2275927.37,0.0,EXECUTED,EXECUTED
P3-2,000720|KR7000720003|KOSPI|2010-01-04|2026-09-01|000720_01,000720,000720_01,2025-03-07,2025-03-10,,NORMAL_EARLY_TREND_HANDOFF,,,,,EXIT4_SCORE_DRAWDOWN_GE_15,EXIT4_SCORE_DRAWDOWN_GE_15,2025-09-30,2025-09-30,2025-10-01,2025-10-01,52.88,52.88,0.0,142.0,142.0,0.0,138.71,138.71,-11.22,-11.22,False,False,False,False,,,,,0.0,0.0,0.0,SKIPPED_CASH_UNAVAILABLE,SKIPPED_CASH_UNAVAILABLE
P3-2,000810|KR7000810002|KOSPI|2010-01-04|2026-09-01|000810_01,000810,000810_01,2022-12-16,2022-12-19,,NORMAL_EARLY_TREND_HANDOFF,,,,,EXIT4_SCORE_DRAWDOWN_GE_15,EXIT4_SCORE_DRAWDOWN_GE_15,2024-06-30,2024-06-30,2024-07-01,2024-07-01,80.9,80.9,0.0,376.0,376.0,0.0,85.61,85.61,-10.14,-10.14,True,True,True,True,80.1557,80.1557,80.1557,80.1557,3912888.59,3912888.59,0.0,EXECUTED,EXECUTED
P3-2,000880|KR7000880005|KOSPI|2010-01-04|2026-09-01|000880_01,000880,000880_01,2023-06-02,2023-06-05,,NORMAL_EARLY_TREND_HANDOFF,,,,,LOSS_GUARD_CLOSE_LE_NEG_15,LOSS_GUARD_CLOSE_LE_NEG_15,2023-08-17,2023-08-17,2023-08-18,2023-08-18,-17.02,-17.02,0.0,53.0,53.0,0.0,10.21,10.21,-18.15,-18.15,False,False,False,False,,,,,0.0,0.0,0.0,SKIPPED_CASH_UNAVAILABLE,SKIPPED_CASH_UNAVAILABLE
P3-2,000880|KR7000880005|KOSPI|2010-01-04|2026-09-01|000880_02,000880,000880_02,2024-02-02,2024-02-05,,NORMAL_EARLY_TREND_HANDOFF,,,,,LOSS_GUARD_CLOSE_LE_NEG_15,LOSS_GUARD_CLOSE_LE_NEG_15,2024-04-16,2024-04-16,2024-04-17,2024-04-17,-15.11,-15.11,0.0,49.0,49.0,0.0,2.73,2.73,-16.08,-16.08,False,False,False,False,,,,,0.0,0.0,0.0,SKIPPED_CASH_UNAVAILABLE,SKIPPED_CASH_UNAVAILABLE
P3-2,000880|KR7000880005|KOSPI|2010-01-04|2026-09-01|000880_03,000880,000880_03,2025-02-14,2025-02-17,,NORMAL_EARLY_TREND_HANDOFF,,,,,EXIT4_SCORE_DRAWDOWN_GE_15,EXIT4_SCORE_DRAWDOWN_GE_15,2025-06-30,2025-06-30,2025-07-01,2025-07-01,137.69,137.69,0.0,91.0,91.0,0.0,145.23,145.23,-9.31,-9.31,True,True,True,True,136.7905,136.7905,136.7905,136.7905,6839282.7,6839282.7,0.0,EXECUTED,EXECUTED
P3-2,000990|KR7000990002|KOSPI|2010-01-04|2026-09-01|000990_01,000990,000990_01,2025-09-19,2025-09-22,,NORMAL_EARLY_TREND_HANDOFF,,,,,EXIT4_SCORE_DRAWDOWN_GE_15,EXIT4_SCORE_DRAWDOWN_GE_15,2026-02-28,2026-02-28,2026-03-03,2026-03-03,61.94,61.94,0.0,105.0,105.0,0.0,96.37,96.37,-9.34,-9.34,False,False,False,False,,,,,0.0,0.0,0.0,SKIPPED_CASH_UNAVAILABLE,SKIPPED_CASH_UNAVAILABLE
P3-2,001040|KR7001040005|KOSPI|2010-01-04|2026-09-01|001040_01,001040,001040_01,2023-01-06,2023-01-09,,NORMAL_EARLY_TREND_HANDOFF,,,,,LOSS_GUARD_CLOSE_LE_NEG_15,LOSS_GUARD_CLOSE_LE_NEG_15,2023-06-29,2023-06-29,2023-06-30,2023-06-30,-16.87,-16.87,0.0,118.0,118.0,0.0,40.71,40.71,-17.24,-17.24,True,True,True,True,-17.2273,-17.2273,-17.2273,-17.2273,-860596.3,-860596.3,0.0,EXECUTED,EXECUTED
P3-2,001040|KR7001040005|KOSPI|2010-01-04|2026-09-01|001040_02,001040,001040_02,2023-12-08,2023-12-11,,NORMAL_EARLY_TREND_HANDOFF,,,,,EXIT4_SCORE_DRAWDOWN_GE_15,EXIT4_SCORE_DRAWDOWN_GE_15,2024-07-31,2024-07-31,2024-08-01,2024-08-01,31.96,31.96,0.0,158.0,158.0,0.0,54.13,54.13,-14.72,-14.72,False,False,False,False,,,,,0.0,0.0,0.0,SKIPPED_CASH_UNAVAILABLE,SKIPPED_CASH_UNAVAILABLE
P3-2,001120|KR7001120005|KOSPI|2010-01-04|2026-09-01|001120_01,001120,001120_01,2025-07-04,2025-07-07,,NORMAL_EARLY_TREND_HANDOFF,,,,,EXIT4_SCORE_DRAWDOWN_GE_15,EXIT4_SCORE_DRAWDOWN_GE_15,2026-06-30,2026-06-30,2026-07-01,2026-07-01,22.28,22.28,0.0,241.0,241.0,0.0,90.43,90.43,-6.11,-6.11,False,False,False,False,,,,,0.0,0.0,0.0,SKIPPED_CASH_UNAVAILABLE,SKIPPED_CASH_UNAVAILABLE
P3-2,001440|KR7001440007|KOSPI|2010-01-04|2026-09-01|001440_01,001440,001440_01,2024-05-03,2024-05-07,,NORMAL_EARLY_TREND_HANDOFF,,,,,LOSS_GUARD_CLOSE_LE_NEG_15,LOSS_GUARD_CLOSE_LE_NEG_15,2024-09-05,2024-09-05,2024-09-06,2024-09-06,-15.92,-15.92,0.0,86.0,86.0,0.0,58.83,58.83,-17.29,-17.29,True,True,True,True,-16.2653,-16.2653,-16.2653,-16.2653,-811892.73,-811892.73,0.0,EXECUTED,EXECUTED
P3-2,001440|KR7001440007|KOSPI|2010-01-04|2026-09-01|001440_02,001440,001440_02,2025-06-20,2025-06-23,,NORMAL_EARLY_TREND_HANDOFF,,,,,EXIT4_SCORE_DRAWDOWN_GE_15,EXIT4_SCORE_DRAWDOWN_GE_15,2026-01-31,2026-01-31,2026-02-02,2026-02-02,77.6,77.6,0.0,152.0,152.0,0.0,88.43,88.43,-8.79,-8.79,False,False,False,False,,,,,0.0,0.0,0.0,SKIPPED_CASH_UNAVAILABLE,SKIPPED_CASH_UNAVAILABLE
P3-2,001450|KR7001450006|KOSPI|2010-01-04|2026-09-01|001450_01,001450,001450_01,2022-06-03,2022-06-07,,NEVER_PROGRESSED,,,,,LOSS_GUARD_CLOSE_LE_NEG_15,LOSS_GUARD_CLOSE_LE_NEG_15,2024-11-26,2024-11-26,2024-11-27,2024-11-27,-15.65,-15.65,0.0,610.0,610.0,0.0,21.13,21.13,-15.65,-15.65,True,True,True,True,-15.9947,-15.9947,-15.9947,-15.9947,-798126.77,-798126.77,0.0,EXECUTED,EXECUTED
P3-2,001450|KR7001450006|KOSPI|2010-01-04|2026-09-01|001450_02,001450,001450_02,2025-07-04,2025-07-07,,NEVER_PROGRESSED,,,,,NO_PROGRESSED_BEFORE_CUTOFF,NO_PROGRESSED_BEFORE_CUTOFF,,,,,86.11,86.11,0.0,282.0,282.0,0.0,93.78,93.78,-6.76,-6.76,False,False,False,False,,,,,0.0,0.0,0.0,SKIPPED_CASH_UNAVAILABLE,SKIPPED_CASH_UNAVAILABLE
P3-2,001720|KR7001720002|KOSPI|2010-01-04|2026-09-01|001720_01,001720,001720_01,2024-04-26,2024-04-29,C1_PROGRESSED_WITHOUT_DIRECT_HANDOFF,PROGRESSED_WITHOUT_DIRECT_HANDOFF,2025-02-28,2025-02-28,,,EXIT4_SCORE_DRAWDOWN_GE_15,EXIT4_SCORE_DRAWDOWN_GE_15,2025-06-30,2025-06-30,2025-07-01,2025-07-01,79.36,79.36,0.0,283.0,283.0,0.0,107.91,107.91,-3.22,-3.22,False,False,False,False,,,,,0.0,0.0,0.0,SKIPPED_CASH_UNAVAILABLE,SKIPPED_CASH_UNAVAILABLE
P3-2,001740|KR7001740000|KOSPI|2010-01-04|2026-09-01|001740_01,001740,001740_01,2023-06-02,2023-06-05,,NORMAL_EARLY_TREND_HANDOFF,,,,,EXIT4_SCORE_DRAWDOWN_GE_15,EXIT4_SCORE_DRAWDOWN_GE_15,2026-08-31,2026-08-31,2026-09-01,2026-09-01,40.84,40.84,0.0,790.0,790.0,0.0,248.12,248.12,-18.44,-18.44,False,False,False,False,,,,,0.0,0.0,0.0,SKIPPED_CASH_UNAVAILABLE,SKIPPED_CASH_UNAVAILABLE
P3-2,001800|KR7001800002|KOSPI|2010-01-04|2026-09-01|001800_01,001800,001800_01,2022-12-23,2022-12-26,,PROGRESSED_WITHOUT_DIRECT_HANDOFF,,,,,LOSS_GUARD_CLOSE_LE_NEG_15,LOSS_GUARD_CLOSE_LE_NEG_15,2024-01-17,2024-01-17,2024-01-18,2024-01-18,-15.44,-15.44,0.0,262.0,262.0,0.0,9.0,9.0,-18.19,-18.19,True,True,True,True,-15.7837,-15.7837,-15.7837,-15.7837,-788826.33,-788826.33,0.0,EXECUTED,EXECUTED
P3-2,001800|KR7001800002|KOSPI|2010-01-04|2026-09-01|001800_02,001800,001800_02,2024-09-27,2024-09-30,C1_PROGRESSED_WITHOUT_DIRECT_HANDOFF,PROGRESSED_WITHOUT_DIRECT_HANDOFF,2025-10-31,2025-10-31,2025-11-28,TRANSITION,NO_EXIT_BEFORE_CUTOFF,EXIT3_PROGRESSED_TO_TRANSITION,,2025-11-28,,2025-12-01,57.99,24.31,-33.68,466.0,284.0,-182.0,83.4,61.36,-10.29,-10.29,False,False,False,False,,,,,0.0,0.0,0.0,SKIPPED_CASH_UNAVAILABLE,SKIPPED_CASH_UNAVAILABLE
P3-2,002380|KR7002380004|KOSPI|2010-01-04|2026-09-01|002380_01,002380,002380_01,2024-05-24,2024-05-27,,NORMAL_EARLY_TREND_HANDOFF,,,,,LOSS_GUARD_CLOSE_LE_NEG_15,LOSS_GUARD_CLOSE_LE_NEG_15,2024-10-23,2024-10-23,2024-10-24,2024-10-24,-16.36,-16.36,0.0,101.0,101.0,0.0,14.05,14.05,-16.36,-16.36,False,False,False,False,,,,,0.0,0.0,0.0,SKIPPED_CASH_UNAVAILABLE,SKIPPED_CASH_UNAVAILABLE
P3-2,002380|KR7002380004|KOSPI|2010-01-04|2026-09-01|002380_02,002380,002380_02,2025-05-30,2025-06-02,,NORMAL_EARLY_TREND_HANDOFF,,,,,EXIT4_SCORE_DRAWDOWN_GE_15,EXIT4_SCORE_DRAWDOWN_GE_15,2026-01-31,2026-01-31,2026-02-02,2026-02-02,59.01,59.01,0.0,165.0,165.0,0.0,64.79,64.79,-1.16,-1.16,False,False,False,False,,,,,0.0,0.0,0.0,SKIPPED_CASH_UNAVAILABLE,SKIPPED_CASH_UNAVAILABLE
P3-2,002790|KR7002790004|KOSPI|2010-01-04|2026-09-01|002790_01,002790,002790_01,2025-07-04,2025-07-07,,NEVER_PROGRESSED,,,,,LOSS_GUARD_CLOSE_LE_NEG_15,LOSS_GUARD_CLOSE_LE_NEG_15,2025-09-03,2025-09-03,2025-09-04,2025-09-04,-15.71,-15.71,0.0,43.0,43.0,0.0,9.94,9.94,-15.87,-15.87,True,False,True,False,-16.025,,-16.025,,-800885.81,0.0,800885.81,EXECUTED,SKIPPED_CASH_UNAVAILABLE
P3-2,002790|KR7002790004|KOSPI|2010-01-04|2026-09-01|002790_02,002790,002790_02,2026-02-13,2026-02-19,,NEVER_PROGRESSED,,,,,LOSS_GUARD_CLOSE_LE_NEG_15,LOSS_GUARD_CLOSE_LE_NEG_15,2026-03-03,2026-03-03,2026-03-04,2026-03-04,-19.88,-19.88,0.0,9.0,9.0,0.0,2.02,2.02,-19.88,-19.88,True,True,True,True,-20.2287,-20.2287,-20.2287,-20.2287,-1004921.12,-1004921.12,0.0,EXECUTED,EXECUTED
P3-2,003090|KR7003090008|KOSPI|2010-01-04|2026-09-01|003090_01,003090,003090_01,2024-10-11,2024-10-14,,SKIPPED_EARLY_TREND_HANDOFF,,,,,LOSS_GUARD_CLOSE_LE_NEG_15,LOSS_GUARD_CLOSE_LE_NEG_15,2024-11-12,2024-11-12,2024-11-13,2024-11-13,-19.96,-19.96,0.0,23.0,23.0,0.0,2.0,2.0,-20.15,-20.15,False,False,False,False,,,,,0.0,0.0,0.0,SKIPPED_CASH_UNAVAILABLE,SKIPPED_CASH_UNAVAILABLE
P3-2,003090|KR7003090008|KOSPI|2010-01-04|2026-09-01|003090_02,003090,003090_02,2025-05-30,2025-06-02,,NEVER_PROGRESSED,,,,,LOSS_GUARD_CLOSE_LE_NEG_15,LOSS_GUARD_CLOSE_LE_NEG_15,2025-08-22,2025-08-22,2025-08-25,2025-08-25,-14.6,-14.6,0.0,58.0,58.0,0.0,15.4,15.4,-15.6,-15.6,False,False,False,False,,,,,0.0,0.0,0.0,SKIPPED_CASH_UNAVAILABLE,SKIPPED_CASH_UNAVAILABLE
P3-2,003090|KR7003090008|KOSPI|2010-01-04|2026-09-01|003090_03,003090,003090_03,2026-02-13,2026-02-19,,NEVER_PROGRESSED,,,,,LOSS_GUARD_CLOSE_LE_NEG_15,LOSS_GUARD_CLOSE_LE_NEG_15,2026-03-04,2026-03-04,2026-03-05,2026-03-05,-15.6,-15.6,0.0,10.0,10.0,0.0,12.29,12.29,-20.37,-20.37,True,True,True,True,-15.9587,-15.9587,-15.9587,-15.9587,-796734.81,-796734.81,0.0,EXECUTED,EXECUTED
P3-2,003240|KR7003240009|KOSPI|2010-01-04|2026-09-01|003240_01,003240,003240_01,2024-02-02,2024-02-05,,PROGRESSED_WITHOUT_DIRECT_HANDOFF,,,,,LOSS_GUARD_CLOSE_LE_NEG_15,LOSS_GUARD_CLOSE_LE_NEG_15,2024-02-26,2024-02-26,2024-02-27,2024-02-27,-15.46,-15.46,0.0,15.0,15.0,0.0,4.0,4.0,-15.68,-15.68,False,False,False,False,,,,,0.0,0.0,0.0,SKIPPED_CASH_UNAVAILABLE,SKIPPED_CASH_UNAVAILABLE
P3-2,003240|KR7003240009|KOSPI|2010-01-04|2026-09-01|003240_02,003240,003240_02,2026-02-13,2026-02-19,C1_PROGRESSED_WITHOUT_DIRECT_HANDOFF,SKIPPED_EARLY_TREND_HANDOFF,2026-02-28,2026-02-27,,,EXIT4_SCORE_DRAWDOWN_GE_15,EXIT4_SCORE_DRAWDOWN_GE_15,2026-05-31,2026-05-31,2026-06-01,2026-06-01,-15.66,-15.66,0.0,69.0,69.0,0.0,43.71,43.71,-16.62,-16.62,True,True,True,True,-16.0173,-16.0173,-16.0173,-16.0173,-729306.03,-729306.03,0.0,EXECUTED,EXECUTED
P3-2,003380|KR7003380003|KOSDAQ|2017-06-30|2026-09-01|003380_01,003380,003380_01,2023-02-03,2023-02-06,,PROGRESSED_WITHOUT_DIRECT_HANDOFF,,,,,LOSS_GUARD_CLOSE_LE_NEG_15,LOSS_GUARD_CLOSE_LE_NEG_15,2023-05-31,2023-05-31,2023-06-01,2023-06-01,-15.44,-15.44,0.0,80.0,80.0,0.0,89.12,89.12,-15.44,-15.44,False,False,False,False,,,,,0.0,0.0,0.0,SKIPPED_CASH_UNAVAILABLE,SKIPPED_CASH_UNAVAILABLE
P3-2,003490|KR7003490000|KOSPI|2010-01-04|2026-09-01|003490_01,003490,003490_01,2025-01-17,2025-01-20,,NEVER_PROGRESSED,,,,,LOSS_GUARD_CLOSE_LE_NEG_15,LOSS_GUARD_CLOSE_LE_NEG_15,2025-04-09,2025-04-09,2025-04-10,2025-04-10,-12.71,-12.71,0.0,54.0,54.0,0.0,3.96,3.96,-16.71,-16.71,False,False,False,False,,,,,0.0,0.0,0.0,SKIPPED_CASH_UNAVAILABLE,SKIPPED_CASH_UNAVAILABLE
P3-2,003490|KR7003490000|KOSPI|2010-01-04|2026-09-01|003490_02,003490,003490_02,2025-07-18,2025-07-21,,NEVER_PROGRESSED,,,,,LOSS_GUARD_CLOSE_LE_NEG_15,LOSS_GUARD_CLOSE_LE_NEG_15,2025-11-07,2025-11-07,2025-11-10,2025-11-10,-15.31,-15.31,0.0,75.0,75.0,0.0,0.39,0.39,-16.47,-16.47,False,False,False,False,,,,,0.0,0.0,0.0,SKIPPED_CASH_UNAVAILABLE,SKIPPED_CASH_UNAVAILABLE
P3-2,003490|KR7003490000|KOSPI|2010-01-04|2026-09-01|003490_03,003490,003490_03,2026-02-27,2026-03-03,,NEVER_PROGRESSED,,,,,NO_PROGRESSED_BEFORE_CUTOFF,NO_PROGRESSED_BEFORE_CUTOFF,,,,,7.66,7.66,0.0,124.0,124.0,0.0,19.54,19.54,-15.71,-15.71,False,False,False,False,,,,,0.0,0.0,0.0,SKIPPED_CASH_UNAVAILABLE,SKIPPED_CASH_UNAVAILABLE
P3-2,003540|KR7003540002|KOSPI|2010-01-04|2026-09-01|003540_01,003540,003540_01,2025-07-04,2025-07-07,,NORMAL_EARLY_TREND_HANDOFF,,,,,EXIT4_SCORE_DRAWDOWN_GE_15,EXIT4_SCORE_DRAWDOWN_GE_15,2026-02-28,2026-02-28,2026-03-03,2026-03-03,79.04,79.04,0.0,159.0,159.0,0.0,115.51,115.51,-1.68,-1.68,False,False,False,False,,,,,0.0,0.0,0.0,SKIPPED_CASH_UNAVAILABLE,SKIPPED_CASH_UNAVAILABLE
P3-2,003550|KR7003550001|KOSPI|2010-01-04|2026-09-01|003550_01,003550,003550_01,2022-08-12,2022-08-16,,NORMAL_EARLY_TREND_HANDOFF,,,,,LOSS_GUARD_CLOSE_LE_NEG_15,LOSS_GUARD_CLOSE_LE_NEG_15,2024-01-17,2024-01-17,2024-01-18,2024-01-18,-15.28,-15.28,0.0,352.0,352.0,0.0,15.16,15.16,-15.63,-15.63,True,True,True,True,-15.623,-15.623,-15.623,-15.623,-772005.07,-772005.07,0.0,EXECUTED,EXECUTED
P3-2,003550|KR7003550001|KOSPI|2010-01-04|2026-09-01|003550_02,003550,003550_02,2024-02-02,2024-02-05,,NORMAL_EARLY_TREND_HANDOFF,,,,,LOSS_GUARD_CLOSE_LE_NEG_15,LOSS_GUARD_CLOSE_LE_NEG_15,2024-04-15,2024-04-15,2024-04-16,2024-04-16,-16.04,-16.04,0.0,48.0,48.0,0.0,13.85,13.85,-16.48,-16.48,True,True,True,True,-16.3876,-16.3876,-16.3876,-16.3876,-806214.31,-806214.31,0.0,EXECUTED,EXECUTED
P3-2,003550|KR7003550001|KOSPI|2010-01-04|2026-09-01|003550_03,003550,003550_03,2026-01-23,2026-01-26,,NORMAL_EARLY_TREND_HANDOFF,,,,,EXIT4_SCORE_DRAWDOWN_GE_15,EXIT4_SCORE_DRAWDOWN_GE_15,2026-08-31,2026-08-31,2026-09-01,2026-09-01,25.72,25.72,0.0,147.0,147.0,0.0,98.4,98.4,-12.7,-12.7,True,True,True,True,25.1807,25.1807,25.1807,25.1807,1251934.95,1251934.95,0.0,EXECUTED,EXECUTED
P3-2,003670|KR7003670007|KOSPI|2019-05-29|2026-09-01|003670_01,003670,003670_01,2022-08-12,2022-08-16,C1_PROGRESSED_WITHOUT_DIRECT_HANDOFF,PROGRESSED_WITHOUT_DIRECT_HANDOFF,2023-03-31,2023-03-31,,,EXIT4_SCORE_DRAWDOWN_GE_15,EXIT4_SCORE_DRAWDOWN_GE_15,2023-05-31,2023-05-31,2023-06-01,2023-06-01,117.65,117.65,0.0,197.0,197.0,0.0,161.61,161.61,-8.98,-8.98,True,True,True,True,116.7124,116.7124,116.7124,116.7124,5670409.56,5670409.56,0.0,EXECUTED,EXECUTED
P3-2,003670|KR7003670007|KOSPI|2019-05-29|2026-09-01|003670_02,003670,003670_02,2026-05-08,2026-05-11,,NEVER_PROGRESSED,,,,,LOSS_GUARD_CLOSE_LE_NEG_15,LOSS_GUARD_CLOSE_LE_NEG_15,2026-05-15,2026-05-15,2026-05-18,2026-05-18,-19.83,-19.83,0.0,6.0,6.0,0.0,0.0,0.0,-20.34,-20.34,True,True,True,True,-20.1718,-20.1718,-20.1718,-20.1718,-995612.12,-995612.12,0.0,EXECUTED,EXECUTED
P3-2,003690|KR7003690005|KOSPI|2010-01-04|2026-09-01|003690_01,003690,003690_01,2022-04-08,2022-04-12,,NORMAL_EARLY_TREND_HANDOFF,,,,,LOSS_GUARD_CLOSE_LE_NEG_15,LOSS_GUARD_CLOSE_LE_NEG_15,2022-06-23,2022-06-23,2022-06-27,2022-06-27,-14.59,-14.59,0.0,50.0,50.0,0.0,0.96,0.96,-15.92,-15.92,True,True,True,True,-14.9808,-14.9808,-14.9808,-14.9808,-748779.1,-748779.1,0.0,EXECUTED,EXECUTED
P3-2,003690|KR7003690005|KOSPI|2010-01-04|2026-09-01|003690_02,003690,003690_02,2023-02-24,2023-02-27,,NORMAL_EARLY_TREND_HANDOFF,,,,,LOSS_GUARD_CLOSE_LE_NEG_15,LOSS_GUARD_CLOSE_LE_NEG_15,2023-07-06,2023-07-06,2023-07-07,2023-07-07,-15.6,-15.6,0.0,88.0,88.0,0.0,4.77,4.77,-16.12,-16.12,False,False,False,False,,,,,0.0,0.0,0.0,SKIPPED_CASH_UNAVAILABLE,SKIPPED_CASH_UNAVAILABLE
P3-2,003690|KR7003690005|KOSPI|2010-01-04|2026-09-01|003690_03,003690,003690_03,2023-09-15,2023-09-18,,NORMAL_EARLY_TREND_HANDOFF,,,,,EXIT4_SCORE_DRAWDOWN_GE_15,EXIT4_SCORE_DRAWDOWN_GE_15,2025-10-31,2025-10-31,2025-11-03,2025-11-03,77.81,77.81,0.0,512.0,512.0,0.0,95.91,95.91,-2.87,-2.87,True,True,True,True,77.1367,77.1367,77.1367,77.1367,3852319.82,3852319.82,0.0,EXECUTED,EXECUTED
P3-2,004000|KR7004000006|KOSPI|2010-01-04|2026-09-01|004000_01,004000,004000_01,2026-04-17,2026-04-20,,NEVER_PROGRESSED,,,,,LOSS_GUARD_CLOSE_LE_NEG_15,LOSS_GUARD_CLOSE_LE_NEG_15,2026-06-08,2026-06-08,2026-06-09,2026-06-09,-17.18,-17.18,0.0,33.0,33.0,0.0,31.26,31.26,-17.82,-17.82,True,True,True,True,-17.5402,-17.5402,-17.5402,-17.5402,-874101.48,-874101.48,0.0,EXECUTED,EXECUTED
P3-2,004020|KR7004020004|KOSPI|2010-01-04|2026-09-01|004020_01,004020,004020_01,2025-07-04,2025-07-07,,PROGRESSED_WITHOUT_DIRECT_HANDOFF,,,,,LOSS_GUARD_CLOSE_LE_NEG_15,LOSS_GUARD_CLOSE_LE_NEG_15,2025-11-21,2025-11-21,2025-11-24,2025-11-24,-14.33,-14.33,0.0,95.0,95.0,0.0,9.08,9.08,-15.6,-15.6,True,True,True,True,-14.6513,-14.6513,-14.6513,-14.6513,-729043.74,-729043.74,0.0,EXECUTED,EXECUTED
P3-2,004020|KR7004020004|KOSPI|2010-01-04|2026-09-01|004020_02,004020,004020_02,2026-02-20,2026-02-23,C1_PROGRESSED_WITHOUT_DIRECT_HANDOFF,PROGRESSED_WITHOUT_DIRECT_HANDOFF,2026-04-30,2026-04-30,,,EXIT4_SCORE_DRAWDOWN_GE_15,EXIT4_SCORE_DRAWDOWN_GE_15,2026-06-30,2026-06-30,2026-07-01,2026-07-01,-26.44,-26.44,0.0,88.0,88.0,0.0,28.74,28.74,-34.61,-34.61,True,True,True,True,-26.7526,-26.7526,-26.7526,-26.7526,-1331682.18,-1331682.18,0.0,EXECUTED,EXECUTED
P3-2,004170|KR7004170007|KOSPI|2010-01-04|2026-09-01|004170_01,004170,004170_01,2025-06-20,2025-06-23,,NORMAL_EARLY_TREND_HANDOFF,,,,,EXIT4_SCORE_DRAWDOWN_GE_15,EXIT4_SCORE_DRAWDOWN_GE_15,2026-04-30,2026-04-30,2026-05-04,2026-05-04,128.65,128.65,0.0,212.0,212.0,0.0,142.16,142.16,-13.08,-13.08,False,False,False,False,,,,,0.0,0.0,0.0,SKIPPED_CASH_UNAVAILABLE,SKIPPED_CASH_UNAVAILABLE
P3-2,004370|KR7004370003|KOSPI|2010-01-04|2026-09-01|004370_01,004370,004370_01,2022-02-04,2022-02-07,,PROGRESSED_WITHOUT_DIRECT_HANDOFF,,,,,LOSS_GUARD_CLOSE_LE_NEG_15,LOSS_GUARD_CLOSE_LE_NEG_15,2022-03-14,2022-03-14,2022-03-15,2022-03-15,-15.3,-15.3,0.0,25.0,25.0,0.0,3.71,3.71,-16.05,-16.05,True,True,True,True,-15.6936,-15.6936,-15.6936,-15.6936,-740174.08,-740174.08,0.0,EXECUTED,EXECUTED
P3-2,004370|KR7004370003|KOSPI|2010-01-04|2026-09-01|004370_02,004370,004370_02,2022-12-02,2022-12-05,C1_PROGRESSED_WITHOUT_DIRECT_HANDOFF,PROGRESSED_WITHOUT_DIRECT_HANDOFF,2023-09-30,2023-09-27,,,EXIT4_SCORE_DRAWDOWN_GE_15,EXIT4_SCORE_DRAWDOWN_GE_15,2024-01-31,2024-01-31,2024-02-01,2024-02-01,15.54,15.54,0.0,287.0,287.0,0.0,53.85,53.85,-0.31,-0.31,True,True,True,True,15.0655,15.0655,15.0655,15.0655,735288.13,735288.13,0.0,EXECUTED,EXECUTED
P3-2,004370|KR7004370003|KOSPI|2010-01-04|2026-09-01|004370_03,004370,004370_03,2024-05-31,2024-06-03,,NEVER_PROGRESSED,,,,,LOSS_GUARD_CLOSE_LE_NEG_15,LOSS_GUARD_CLOSE_LE_NEG_15,2024-08-23,2024-08-23,2024-08-26,2024-08-26,-14.99,-14.99,0.0,59.0,59.0,0.0,28.27,28.27,-15.42,-15.42,False,False,False,False,,,,,0.0,0.0,0.0,SKIPPED_CASH_UNAVAILABLE,SKIPPED_CASH_UNAVAILABLE
P3-2,004370|KR7004370003|KOSPI|2010-01-04|2026-09-01|004370_04,004370,004370_04,2025-04-04,2025-04-07,,NEVER_PROGRESSED,,,,,NO_PROGRESSED_BEFORE_CUTOFF,NO_PROGRESSED_BEFORE_CUTOFF,,,,,14.45,14.45,0.0,342.0,342.0,0.0,49.42,49.42,-17.68,-17.68,False,True,False,False,,,,14.3201,0.0,666651.8,666651.8,SKIPPED_CASH_UNAVAILABLE,EXECUTED
P3-2,004490|KR7004490009|KOSPI|2010-01-04|2026-09-01|004490_01,004490,004490_01,2024-02-16,2024-02-19,,NORMAL_EARLY_TREND_HANDOFF,,,,,EXIT4_SCORE_DRAWDOWN_GE_15,EXIT4_SCORE_DRAWDOWN_GE_15,2024-07-31,2024-07-31,2024-08-01,2024-08-01,11.37,11.37,0.0,113.0,113.0,0.0,49.76,49.76,-9.41,-9.41,False,False,False,False,,,,,0.0,0.0,0.0,SKIPPED_CASH_UNAVAILABLE,SKIPPED_CASH_UNAVAILABLE
P3-2,004800|KR7004800009|KOSPI|2010-01-04|2026-09-01|004800_01,004800,004800_01,2025-05-30,2025-06-02,,NORMAL_EARLY_TREND_HANDOFF,,,,,EXIT4_SCORE_DRAWDOWN_GE_15,EXIT4_SCORE_DRAWDOWN_GE_15,2025-10-31,2025-10-31,2025-11-03,2025-11-03,110.2,110.2,0.0,103.0,103.0,0.0,110.2,110.2,-0.47,-0.47,False,False,False,False,,,,,0.0,0.0,0.0,SKIPPED_CASH_UNAVAILABLE,SKIPPED_CASH_UNAVAILABLE
P3-2,004990|KR7004990008|KOSPI|2010-01-04|2026-09-01|004990_01,004990,004990_01,2022-04-29,2022-05-02,,NEVER_PROGRESSED,,,,,LOSS_GUARD_CLOSE_LE_NEG_15,LOSS_GUARD_CLOSE_LE_NEG_15,2023-03-14,2023-03-14,2023-03-15,2023-03-15,-14.87,-14.87,0.0,216.0,216.0,0.0,22.68,22.68,-16.05,-16.05,True,True,True,True,-15.2403,-15.2403,-15.2403,-15.2403,-761463.01,-761463.01,0.0,EXECUTED,EXECUTED
P3-2,004990|KR7004990008|KOSPI|2010-01-04|2026-09-01|004990_02,004990,004990_02,2024-02-23,2024-02-26,,NEVER_PROGRESSED,,,,,LOSS_GUARD_CLOSE_LE_NEG_15,LOSS_GUARD_CLOSE_LE_NEG_15,2024-04-16,2024-04-16,2024-04-17,2024-04-17,-15.5,-15.5,0.0,36.0,36.0,0.0,3.0,3.0,-16.83,-16.83,False,False,False,False,,,,,0.0,0.0,0.0,SKIPPED_CASH_UNAVAILABLE,SKIPPED_CASH_UNAVAILABLE
P3-2,004990|KR7004990008|KOSPI|2010-01-04|2026-09-01|004990_03,004990,004990_03,2025-05-30,2025-06-02,,NEVER_PROGRESSED,,,,,LOSS_GUARD_CLOSE_LE_NEG_15,LOSS_GUARD_CLOSE_LE_NEG_15,2026-06-08,2026-06-08,2026-06-09,2026-06-09,-18.31,-18.31,0.0,248.0,248.0,0.0,34.24,34.24,-19.49,-19.49,False,False,False,False,,,,,0.0,0.0,0.0,SKIPPED_CASH_UNAVAILABLE,SKIPPED_CASH_UNAVAILABLE
P3-2,005290|KR7005290002|KOSDAQ|2010-01-04|2026-09-01|005290_01,005290,005290_01,2023-03-03,2023-03-06,,NORMAL_EARLY_TREND_HANDOFF,,,,,LOSS_GUARD_CLOSE_LE_NEG_15,LOSS_GUARD_CLOSE_LE_NEG_15,2023-03-14,2023-03-14,2023-03-15,2023-03-15,-15.66,-15.66,0.0,8.0,8.0,0.0,4.4,4.4,-19.09,-19.09,False,False,False,False,,,,,0.0,0.0,0.0,SKIPPED_CASH_UNAVAILABLE,SKIPPED_CASH_UNAVAILABLE
P3-2,005290|KR7005290002|KOSDAQ|2010-01-04|2026-09-01|005290_02,005290,005290_02,2023-06-02,2023-06-05,,NORMAL_EARLY_TREND_HANDOFF,,,,,LOSS_GUARD_CLOSE_LE_NEG_15,LOSS_GUARD_CLOSE_LE_NEG_15,2023-10-10,2023-10-10,2023-10-11,2023-10-11,-13.72,-13.72,0.0,86.0,86.0,0.0,18.47,18.47,-16.49,-16.49,False,False,False,False,,,,,0.0,0.0,0.0,SKIPPED_CASH_UNAVAILABLE,SKIPPED_CASH_UNAVAILABLE
P3-2,005290|KR7005290002|KOSDAQ|2010-01-04|2026-09-01|005290_03,005290,005290_03,2024-05-10,2024-05-13,,NORMAL_EARLY_TREND_HANDOFF,,,,,LOSS_GUARD_CLOSE_LE_NEG_15,LOSS_GUARD_CLOSE_LE_NEG_15,2024-06-25,2024-06-25,2024-06-26,2024-06-26,-15.51,-15.51,0.0,31.0,31.0,0.0,0.21,0.21,-17.01,-17.01,False,False,False,False,,,,,0.0,0.0,0.0,SKIPPED_CASH_UNAVAILABLE,SKIPPED_CASH_UNAVAILABLE
P3-2,005290|KR7005290002|KOSDAQ|2010-01-04|2026-09-01|005290_04,005290,005290_04,2025-10-10,2025-10-13,,NORMAL_EARLY_TREND_HANDOFF,,,,,LOSS_GUARD_CLOSE_LE_NEG_15,LOSS_GUARD_CLOSE_LE_NEG_15,2025-11-06,2025-11-06,2025-11-07,2025-11-07,-19.67,-19.67,0.0,20.0,20.0,0.0,4.44,4.44,-19.67,-19.67,True,True,True,True,-19.9715,-19.9715,-19.9715,-19.9715,-989724.41,-989724.41,0.0,EXECUTED,EXECUTED
P3-2,005300|KR7005300009|KOSPI|2010-01-04|2026-09-01|005300_01,005300,005300_01,2023-11-10,2023-11-13,,NEVER_PROGRESSED,,,,,LOSS_GUARD_CLOSE_LE_NEG_15,LOSS_GUARD_CLOSE_LE_NEG_15,2024-01-18,2024-01-18,2024-01-19,2024-01-19,-18.08,-18.08,0.0,47.0,47.0,0.0,0.13,0.13,-18.08,-18.08,True,True,True,True,-18.4198,-18.4198,-18.4198,-18.4198,-907239.03,-907239.03,0.0,EXECUTED,EXECUTED
P3-2,005300|KR7005300009|KOSPI|2010-01-04|2026-09-01|005300_02,005300,005300_02,2025-07-11,2025-07-14,,NEVER_PROGRESSED,,,,,LOSS_GUARD_CLOSE_LE_NEG_15,LOSS_GUARD_CLOSE_LE_NEG_15,2026-05-28,2026-05-28,2026-05-29,2026-05-29,-14.14,-14.14,0.0,214.0,214.0,0.0,20.94,20.94,-16.48,-16.48,False,False,False,False,,,,,0.0,0.0,0.0,SKIPPED_CASH_UNAVAILABLE,SKIPPED_CASH_UNAVAILABLE
P3-2,005380|KR7005380001|KOSPI|2010-01-04|2026-09-01|005380_01,005380,005380_01,2023-04-07,2023-04-10,,NORMAL_EARLY_TREND_HANDOFF,,,,,EXIT4_SCORE_DRAWDOWN_GE_15,EXIT4_SCORE_DRAWDOWN_GE_15,2024-09-30,2024-09-30,2024-10-02,2024-10-02,27.69,27.69,0.0,362.0,362.0,0.0,61.02,61.02,-8.98,-8.98,True,True,True,True,27.1655,27.1655,27.1655,27.1655,1315233.67,1315233.67,0.0,EXECUTED,EXECUTED
P3-2,005380|KR7005380001|KOSPI|2010-01-04|2026-09-01|005380_02,005380,005380_02,2025-10-17,2025-10-20,,NORMAL_EARLY_TREND_HANDOFF,,,,,NO_EXIT_BEFORE_CUTOFF,NO_EXIT_BEFORE_CUTOFF,,,,,60.44,60.44,0.0,213.0,213.0,0.0,211.33,211.33,-3.98,-3.98,False,False,False,False,,,,,0.0,0.0,0.0,SKIPPED_CASH_UNAVAILABLE,SKIPPED_CASH_UNAVAILABLE
P3-2,005490|KR7005490008|KOSPI|2010-01-04|2026-09-01|005490_01,005490,005490_01,2023-03-03,2023-03-06,,NORMAL_EARLY_TREND_HANDOFF,,,,,EXIT4_SCORE_DRAWDOWN_GE_15,EXIT4_SCORE_DRAWDOWN_GE_15,2023-09-30,2023-09-30,2023-10-04,2023-10-04,58.38,58.38,0.0,144.0,144.0,0.0,128.74,128.74,-5.84,-5.84,False,False,False,False,,,,,0.0,0.0,0.0,SKIPPED_CASH_UNAVAILABLE,SKIPPED_CASH_UNAVAILABLE
P3-2,005490|KR7005490008|KOSPI|2010-01-04|2026-09-01|005490_02,005490,005490_02,2026-02-27,2026-03-03,,SKIPPED_EARLY_TREND_HANDOFF,,,,,LOSS_GUARD_CLOSE_LE_NEG_15,LOSS_GUARD_CLOSE_LE_NEG_15,2026-03-04,2026-03-04,2026-03-05,2026-03-05,-13.03,-13.03,0.0,3.0,3.0,0.0,0.25,0.25,-21.09,-21.09,False,True,False,True,,-13.4007,,-13.4007,0.0,-648801.98,-648801.98,SKIPPED_CASH_UNAVAILABLE,EXECUTED
P3-2,005490|KR7005490008|KOSPI|2010-01-04|2026-09-01|005490_03,005490,005490_03,2026-04-17,2026-04-20,,SKIPPED_EARLY_TREND_HANDOFF,,,,,LOSS_GUARD_CLOSE_LE_NEG_15,LOSS_GUARD_CLOSE_LE_NEG_15,2026-06-23,2026-06-23,2026-06-24,2026-06-24,-16.69,-16.69,0.0,44.0,44.0,0.0,40.23,40.23,-17.21,-17.21,True,True,True,True,-17.0459,-17.0459,-17.0459,-17.0459,-791497.69,-791497.69,0.0,EXECUTED,EXECUTED
P3-2,005830|KR7005830005|KOSPI|2010-01-04|2026-09-01|005830_01,005830,005830_01,2022-12-23,2022-12-26,,NORMAL_EARLY_TREND_HANDOFF,,,,,EXIT4_SCORE_DRAWDOWN_GE_15,EXIT4_SCORE_DRAWDOWN_GE_15,2026-05-31,2026-05-31,2026-06-01,2026-06-01,107.7,107.7,0.0,835.0,835.0,0.0,217.04,217.04,-7.85,-7.85,True,True,True,True,106.812,106.812,106.812,106.812,5269215.65,5269215.65,0.0,EXECUTED,EXECUTED
P3-2,005850|KR7005850003|KOSPI|2010-01-04|2026-09-01|005850_01,005850,005850_01,2024-06-07,2024-06-10,,NORMAL_EARLY_TREND_HANDOFF,,,,,LOSS_GUARD_CLOSE_LE_NEG_15,LOSS_GUARD_CLOSE_LE_NEG_15,2024-09-04,2024-09-04,2024-09-05,2024-09-05,-16.33,-16.33,0.0,63.0,63.0,0.0,28.61,28.61,-16.87,-16.87,False,False,False,False,,,,,0.0,0.0,0.0,SKIPPED_CASH_UNAVAILABLE,SKIPPED_CASH_UNAVAILABLE
P3-2,005850|KR7005850003|KOSPI|2010-01-04|2026-09-01|005850_02,005850,005850_02,2025-03-28,2025-03-31,,NORMAL_EARLY_TREND_HANDOFF,,,,,LOSS_GUARD_CLOSE_LE_NEG_15,LOSS_GUARD_CLOSE_LE_NEG_15,2025-04-07,2025-04-07,2025-04-08,2025-04-08,-16.03,-16.03,0.0,7.0,7.0,0.0,2.37,2.37,-18.79,-18.79,False,False,False,False,,,,,0.0,0.0,0.0,SKIPPED_CASH_UNAVAILABLE,SKIPPED_CASH_UNAVAILABLE
P3-2,005850|KR7005850003|KOSPI|2010-01-04|2026-09-01|005850_03,005850,005850_03,2025-11-28,2025-12-01,,NORMAL_EARLY_TREND_HANDOFF,,,,,EXIT4_SCORE_DRAWDOWN_GE_15,EXIT4_SCORE_DRAWDOWN_GE_15,2026-05-31,2026-05-31,2026-06-01,2026-06-01,78.42,78.42,0.0,121.0,121.0,0.0,92.73,92.73,-3.27,-3.27,True,True,True,True,77.6583,77.6583,77.6583,77.6583,3880575.82,3880575.82,0.0,EXECUTED,EXECUTED
P3-2,005880|KR7005880000|KOSPI|2010-01-04|2026-09-01|005880_01,005880,005880_01,2022-05-27,2022-05-30,,NEVER_PROGRESSED,,,,,LOSS_GUARD_CLOSE_LE_NEG_15,LOSS_GUARD_CLOSE_LE_NEG_15,2022-06-15,2022-06-15,2022-06-16,2022-06-16,-16.39,-16.39,0.0,12.0,12.0,0.0,0.0,0.0,-18.65,-18.65,True,True,True,True,-16.7749,-16.7749,-16.7749,-16.7749,-838729.47,-838729.47,0.0,EXECUTED,EXECUTED
P3-2,005930|KR7005930003|KOSPI|2010-01-04|2026-09-01|005930_01,005930,005930_01,2023-06-02,2023-06-05,,NORMAL_EARLY_TREND_HANDOFF,,,,,LOSS_GUARD_CLOSE_LE_NEG_15,LOSS_GUARD_CLOSE_LE_NEG_15,2024-09-30,2024-09-30,2024-10-02,2024-10-02,-16.78,-16.78,0.0,325.0,325.0,0.0,22.15,22.15,-16.78,-16.78,True,True,True,True,-17.1219,-17.1219,-17.1219,-17.1219,-847414.16,-847414.16,0.0,EXECUTED,EXECUTED
P3-2,005930|KR7005930003|KOSPI|2010-01-04|2026-09-01|005930_02,005930,005930_02,2025-08-29,2025-09-01,,NORMAL_EARLY_TREND_HANDOFF,,,,,NO_EXIT_BEFORE_CUTOFF,NO_EXIT_BEFORE_CUTOFF,,,,,280.12,280.12,0.0,243.0,243.0,0.0,447.51,447.51,-1.32,-1.32,False,True,False,False,,,,279.6803,0.0,13981057.07,13981057.07,SKIPPED_CASH_UNAVAILABLE,EXECUTED
P3-2,005940|KR7005940002|KOSPI|2010-01-04|2026-09-01|005940_01,005940,005940_01,2024-02-23,2024-02-26,C1_PROGRESSED_WITHOUT_DIRECT_HANDOFF,PROGRESSED_WITHOUT_DIRECT_HANDOFF,2024-12-31,2024-12-30,,,EXIT4_SCORE_DRAWDOWN_GE_15,EXIT4_SCORE_DRAWDOWN_GE_15,2025-04-30,2025-04-30,2025-05-02,2025-05-02,31.03,31.03,0.0,288.0,288.0,0.0,32.33,32.33,-6.9,-6.9,False,False,False,False,,,,,0.0,0.0,0.0,SKIPPED_CASH_UNAVAILABLE,SKIPPED_CASH_UNAVAILABLE
P3-2,006040|KR7006040000|KOSPI|2010-01-04|2026-09-01|006040_01,006040,006040_01,2022-12-02,2022-12-05,,PROGRESSED_WITHOUT_DIRECT_HANDOFF,,,,,LOSS_GUARD_CLOSE_LE_NEG_15,LOSS_GUARD_CLOSE_LE_NEG_15,2023-06-29,2023-06-29,2023-06-30,2023-06-30,-15.63,-15.63,0.0,142.0,142.0,0.0,15.63,15.63,-16.17,-16.17,True,True,True,True,-15.9919,-15.9919,-15.9919,-15.9919,-795438.31,-795438.31,0.0,EXECUTED,EXECUTED
P3-2,006040|KR7006040000|KOSPI|2010-01-04|2026-09-01|006040_02,006040,006040_02,2025-01-03,2025-01-06,C1_PROGRESSED_WITHOUT_DIRECT_HANDOFF,PROGRESSED_WITHOUT_DIRECT_HANDOFF,2025-09-30,2025-09-30,,,EXIT4_SCORE_DRAWDOWN_GE_15,EXIT4_SCORE_DRAWDOWN_GE_15,2026-02-28,2026-02-28,2026-03-03,2026-03-03,16.67,16.67,0.0,279.0,279.0,0.0,52.62,52.62,-10.33,-10.33,True,True,True,True,16.1658,16.1658,16.1658,16.1658,804866.52,804866.52,0.0,EXECUTED,EXECUTED
P3-2,006260|KR7006260004|KOSPI|2010-01-04|2026-09-01|006260_01,006260,006260_01,2022-06-03,2022-06-07,,NORMAL_EARLY_TREND_HANDOFF,,,,,LOSS_GUARD_CLOSE_LE_NEG_15,LOSS_GUARD_CLOSE_LE_NEG_15,2022-07-06,2022-07-06,2022-07-07,2022-07-07,-21.46,-21.46,0.0,23.0,23.0,0.0,0.88,0.88,-22.77,-22.77,True,True,True,True,-21.8205,-21.8205,-21.8205,-21.8205,-1077426.97,-1077426.97,0.0,EXECUTED,EXECUTED
P3-2,006260|KR7006260004|KOSPI|2010-01-04|2026-09-01|006260_02,006260,006260_02,2022-08-12,2022-08-16,,NORMAL_EARLY_TREND_HANDOFF,,,,,EXIT4_SCORE_DRAWDOWN_GE_15,EXIT4_SCORE_DRAWDOWN_GE_15,2023-10-31,2023-10-31,2023-11-01,2023-11-01,24.29,24.29,0.0,299.0,299.0,0.0,140.16,140.16,-11.9,-11.9,True,True,True,True,23.7521,23.7521,23.7521,23.7521,1183504.05,1183504.05,0.0,EXECUTED,EXECUTED
P3-2,006260|KR7006260004|KOSPI|2010-01-04|2026-09-01|006260_03,006260,006260_03,2025-05-16,2025-05-19,,NORMAL_EARLY_TREND_HANDOFF,,,,,EXIT4_SCORE_DRAWDOWN_GE_15,EXIT4_SCORE_DRAWDOWN_GE_15,2025-11-30,2025-11-30,2025-12-01,2025-12-01,16.77,16.77,0.0,133.0,133.0,0.0,51.61,51.61,-10.26,-10.26,True,True,True,True,16.3311,16.3311,16.3311,16.3311,810956.01,810956.01,0.0,EXECUTED,EXECUTED
P3-2,006280|KR7006280002|KOSPI|2010-01-04|2026-09-01|006280_01,006280,006280_01,2024-10-18,2024-10-21,,SKIPPED_EARLY_TREND_HANDOFF,,,,,LOSS_GUARD_CLOSE_LE_NEG_15,LOSS_GUARD_CLOSE_LE_NEG_15,2024-11-12,2024-11-12,2024-11-13,2024-11-13,-17.05,-17.05,0.0,18.0,18.0,0.0,3.3,3.3,-17.61,-17.61,False,False,False,False,,,,,0.0,0.0,0.0,SKIPPED_CASH_UNAVAILABLE,SKIPPED_CASH_UNAVAILABLE
P3-2,006280|KR7006280002|KOSPI|2010-01-04|2026-09-01|006280_02,006280,006280_02,2025-12-12,2025-12-15,,NEVER_PROGRESSED,,,,,LOSS_GUARD_CLOSE_LE_NEG_15,LOSS_GUARD_CLOSE_LE_NEG_15,2026-05-11,2026-05-11,2026-05-12,2026-05-12,-15.55,-15.55,0.0,98.0,98.0,0.0,15.24,15.24,-15.92,-15.92,True,True,True,True,-15.9111,-15.9111,-15.9111,-15.9111,-787631.39,-787631.39,0.0,EXECUTED,EXECUTED
P3-2,006360|KR7006360002|KOSPI|2010-01-04|2026-09-01|006360_01,006360,006360_01,2026-02-13,2026-02-19,,PROGRESSED_WITHOUT_DIRECT_HANDOFF,,,,,LOSS_GUARD_CLOSE_LE_NEG_15,LOSS_GUARD_CLOSE_LE_NEG_15,2026-03-04,2026-03-04,2026-03-05,2026-03-05,-10.81,-10.81,0.0,10.0,10.0,0.0,8.97,8.97,-16.82,-16.82,True,True,True,True,-11.1901,-11.1901,-11.1901,-11.1901,-557111.78,-557111.78,0.0,EXECUTED,EXECUTED
P3-2,006360|KR7006360002|KOSPI|2010-01-04|2026-09-01|006360_02,006360,006360_02,2026-03-13,2026-03-16,C1_PROGRESSED_WITHOUT_DIRECT_HANDOFF,PROGRESSED_WITHOUT_DIRECT_HANDOFF,2026-06-30,2026-06-30,,,NO_EXIT_BEFORE_CUTOFF,NO_EXIT_BEFORE_CUTOFF,,,,,52.84,52.84,0.0,115.0,115.0,0.0,88.84,88.84,-12.0,-12.0,True,True,False,False,,,52.6665,52.6665,2629763.63,2629763.63,0.0,EXECUTED,EXECUTED
P3-2,006400|KR7006400006|KOSPI|2010-01-04|2026-09-01|006400_01,006400,006400_01,2022-10-28,2022-10-31,,NORMAL_EARLY_TREND_HANDOFF,,,,,LOSS_GUARD_CLOSE_LE_NEG_15,LOSS_GUARD_CLOSE_LE_NEG_15,2022-12-23,2022-12-23,2022-12-26,2022-12-26,-15.8,-15.8,0.0,40.0,40.0,0.0,6.68,6.68,-16.35,-16.35,True,True,True,True,-16.1905,-16.1905,-16.1905,-16.1905,-698882.5,-698882.5,0.0,EXECUTED,EXECUTED
P3-2,006650|KR7006650006|KOSPI|2010-01-04|2026-09-01|006650_01,006650,006650_01,2026-01-16,2026-01-19,,NORMAL_EARLY_TREND_HANDOFF,,,,,LOSS_GUARD_CLOSE_LE_NEG_15,LOSS_GUARD_CLOSE_LE_NEG_15,2026-03-06,2026-03-06,2026-03-09,2026-03-09,-25.53,-25.53,0.0,32.0,32.0,0.0,30.23,30.23,-25.53,-25.53,True,True,True,True,-25.8502,-25.8502,-25.8502,-25.8502,-1287787.82,-1287787.82,0.0,EXECUTED,EXECUTED
P3-2,006800|KR7006800007|KOSPI|2010-01-04|2026-09-01|006800_01,006800,006800_01,2024-02-16,2024-02-19,,NORMAL_EARLY_TREND_HANDOFF,,,,,LOSS_GUARD_CLOSE_LE_NEG_15,LOSS_GUARD_CLOSE_LE_NEG_15,2024-04-12,2024-04-12,2024-04-15,2024-04-15,-16.65,-16.65,0.0,39.0,39.0,0.0,2.79,2.79,-17.1,-17.1,False,False,False,False,,,,,0.0,0.0,0.0,SKIPPED_CASH_UNAVAILABLE,SKIPPED_CASH_UNAVAILABLE
P3-2,006800|KR7006800007|KOSPI|2010-01-04|2026-09-01|006800_02,006800,006800_02,2024-09-13,2024-09-19,,NORMAL_EARLY_TREND_HANDOFF,,,,,EXIT4_SCORE_DRAWDOWN_GE_15,EXIT4_SCORE_DRAWDOWN_GE_15,2025-07-31,2025-07-31,2025-08-01,2025-08-01,112.51,112.51,0.0,211.0,211.0,0.0,188.39,188.39,-9.91,-9.91,True,True,True,True,111.7051,111.7051,111.7051,111.7051,5578976.02,5578976.02,0.0,EXECUTED,EXECUTED
P3-2,007070|KR7007070006|KOSPI|2011-12-23|2026-09-01|007070_01,007070,007070_01,2025-11-14,2025-11-17,,PROGRESSED_WITHOUT_DIRECT_HANDOFF,,,,,LOSS_GUARD_CLOSE_LE_NEG_15,LOSS_GUARD_CLOSE_LE_NEG_15,2026-03-09,2026-03-09,2026-03-10,2026-03-10,-13.35,-13.35,0.0,75.0,75.0,0.0,10.55,10.55,-18.35,-18.35,True,True,True,True,-13.7206,-13.7206,-13.7206,-13.7206,-685748.78,-685748.78,0.0,EXECUTED,EXECUTED
P3-2,007070|KR7007070006|KOSPI|2011-12-23|2026-09-01|007070_02,007070,007070_02,2026-08-07,2026-08-10,C1_PROGRESSED_WITHOUT_DIRECT_HANDOFF,SKIPPED_EARLY_TREND_HANDOFF,2026-08-31,2026-08-31,,,NO_EXIT_BEFORE_CUTOFF,NO_EXIT_BEFORE_CUTOFF,,,,,-5.89,-5.89,0.0,15.0,15.0,0.0,5.89,5.89,-9.82,-9.82,True,True,False,False,,,-6.001,-6.001,-299432.35,-299432.35,0.0,EXECUTED,EXECUTED
P3-2,007310|KR7007310006|KOSPI|2010-01-04|2026-09-01|007310_01,007310,007310_01,2024-05-31,2024-06-03,,NEVER_PROGRESSED,,,,,LOSS_GUARD_CLOSE_LE_NEG_15,LOSS_GUARD_CLOSE_LE_NEG_15,2024-11-13,2024-11-13,2024-11-14,2024-11-14,-16.03,-16.03,0.0,111.0,111.0,0.0,12.62,12.62,-16.03,-16.03,False,False,False,False,,,,,0.0,0.0,0.0,SKIPPED_CASH_UNAVAILABLE,SKIPPED_CASH_UNAVAILABLE
P3-2,007340|KR7007340003|KOSPI|2010-01-04|2026-09-01|007340_01,007340,007340_01,2024-09-20,2024-09-23,,NORMAL_EARLY_TREND_HANDOFF,,,,,LOSS_GUARD_CLOSE_LE_NEG_15,LOSS_GUARD_CLOSE_LE_NEG_15,2024-12-09,2024-12-09,2024-12-10,2024-12-10,-15.45,-15.45,0.0,47.0,47.0,0.0,2.25,2.25,-16.08,-16.08,True,True,True,True,-15.7943,-15.7943,-15.7943,-15.7943,-788971.85,-788971.85,0.0,EXECUTED,EXECUTED
P3-2,007340|KR7007340003|KOSPI|2010-01-04|2026-09-01|007340_02,007340,007340_02,2025-01-24,2025-01-31,,NORMAL_EARLY_TREND_HANDOFF,,,,,EXIT4_SCORE_DRAWDOWN_GE_15,EXIT4_SCORE_DRAWDOWN_GE_15,2025-10-31,2025-10-31,2025-11-03,2025-11-03,10.9,10.9,0.0,185.0,185.0,0.0,49.76,49.76,-13.13,-13.13,False,False,False,False,,,,,0.0,0.0,0.0,SKIPPED_CASH_UNAVAILABLE,SKIPPED_CASH_UNAVAILABLE
P3-2,007660|KR7007660004|KOSPI|2010-01-04|2026-09-01|007660_01,007660,007660_01,2025-06-13,2025-06-16,,NORMAL_EARLY_TREND_HANDOFF,,,,,EXIT4_SCORE_DRAWDOWN_GE_15,EXIT4_SCORE_DRAWDOWN_GE_15,2025-10-31,2025-10-31,2025-11-03,2025-11-03,161.84,161.84,0.0,95.0,95.0,0.0,172.41,172.41,-3.33,-3.33,False,False,False,False,,,,,0.0,0.0,0.0,SKIPPED_CASH_UNAVAILABLE,SKIPPED_CASH_UNAVAILABLE
P3-2,008770|KR7008770000|KOSPI|2010-01-04|2026-09-01|008770_01,008770,008770_01,2023-01-06,2023-01-09,,NEVER_PROGRESSED,,,,,LOSS_GUARD_CLOSE_LE_NEG_15,LOSS_GUARD_CLOSE_LE_NEG_15,2023-03-15,2023-03-15,2023-03-16,2023-03-16,-16.63,-16.63,0.0,46.0,46.0,0.0,1.76,1.76,-16.63,-16.63,True,True,True,True,-16.9856,-16.9856,-16.9856,-16.9856,-842296.28,-842296.28,0.0,EXECUTED,EXECUTED
P3-2,008770|KR7008770000|KOSPI|2010-01-04|2026-09-01|008770_02,008770,008770_02,2023-09-01,2023-09-04,,NEVER_PROGRESSED,,,,,LOSS_GUARD_CLOSE_LE_NEG_15,LOSS_GUARD_CLOSE_LE_NEG_15,2023-10-10,2023-10-10,2023-10-11,2023-10-11,-16.72,-16.72,0.0,23.0,23.0,0.0,3.05,3.05,-18.42,-18.42,True,True,True,True,-17.0807,-17.0807,-17.0807,-17.0807,-847491.95,-847491.95,0.0,EXECUTED,EXECUTED
P3-2,008770|KR7008770000|KOSPI|2010-01-04|2026-09-01|008770_03,008770,008770_03,2026-04-24,2026-04-27,,NEVER_PROGRESSED,,,,,LOSS_GUARD_CLOSE_LE_NEG_15,LOSS_GUARD_CLOSE_LE_NEG_15,2026-05-27,2026-05-27,2026-05-28,2026-05-28,-15.85,-15.85,0.0,21.0,21.0,0.0,8.15,8.15,-16.92,-16.92,True,True,True,True,-16.2074,-16.2074,-16.2074,-16.2074,-801567.98,-801567.98,0.0,EXECUTED,EXECUTED
P3-2,008930|KR7008930000|KOSPI|2010-01-04|2026-09-01|008930_01,008930,008930_01,2025-06-20,2025-06-23,,NEVER_PROGRESSED,,,,,LOSS_GUARD_CLOSE_LE_NEG_15,LOSS_GUARD_CLOSE_LE_NEG_15,2025-12-30,2025-12-30,2026-01-02,2026-01-02,-15.12,-15.12,0.0,131.0,131.0,0.0,23.8,23.8,-15.83,-15.83,False,False,False,False,,,,,0.0,0.0,0.0,SKIPPED_CASH_UNAVAILABLE,SKIPPED_CASH_UNAVAILABLE
P3-2,008930|KR7008930000|KOSPI|2010-01-04|2026-09-01|008930_02,008930,008930_02,2026-02-06,2026-02-09,,NEVER_PROGRESSED,,,,,LOSS_GUARD_CLOSE_LE_NEG_15,LOSS_GUARD_CLOSE_LE_NEG_15,2026-03-04,2026-03-04,2026-03-05,2026-03-05,-20.57,-20.57,0.0,15.0,15.0,0.0,17.71,17.71,-25.98,-25.98,True,True,True,True,-20.9136,-20.9136,-20.9136,-20.9136,-1036572.24,-1036572.24,0.0,EXECUTED,EXECUTED
P3-2,009150|KR7009150004|KOSPI|2010-01-04|2026-09-01|009150_01,009150,009150_01,2025-08-08,2025-08-11,,NORMAL_EARLY_TREND_HANDOFF,,,,,EXIT4_SCORE_DRAWDOWN_GE_15,EXIT4_SCORE_DRAWDOWN_GE_15,2026-01-31,2026-01-31,2026-02-02,2026-02-02,79.84,79.84,0.0,117.0,117.0,0.0,83.88,83.88,-4.29,-4.29,True,True,True,True,79.0662,79.0662,79.0662,79.0662,3943368.71,3943368.71,0.0,EXECUTED,EXECUTED
P3-2,009420|KR7009420001|KOSPI|2010-01-04|2026-09-01|009420_01,009420,009420_01,2023-05-12,2023-05-15,,NORMAL_EARLY_TREND_HANDOFF,,,,,EXIT4_SCORE_DRAWDOWN_GE_15,EXIT4_SCORE_DRAWDOWN_GE_15,2023-11-30,2023-11-30,2023-12-01,2023-12-01,64.39,64.39,0.0,137.0,137.0,0.0,87.74,87.74,-13.21,-13.21,True,True,True,True,63.6811,63.6811,63.6811,63.6811,3176239.85,3176239.85,0.0,EXECUTED,EXECUTED
P3-2,009450|KR7009450008|KOSPI|2010-01-04|2026-09-01|009450_01,009450,009450_01,2024-08-16,2024-08-19,,NORMAL_EARLY_TREND_HANDOFF,,,,,EXIT4_SCORE_DRAWDOWN_GE_15,EXIT4_SCORE_DRAWDOWN_GE_15,2024-10-31,2024-10-31,2024-11-01,2024-11-01,18.03,18.03,0.0,49.0,49.0,0.0,30.51,30.51,-14.84,-14.84,True,True,True,True,17.5474,17.5474,17.5474,17.5474,873967.46,873967.46,0.0,EXECUTED,EXECUTED
P3-2,009450|KR7009450008|KOSPI|2010-01-04|2026-09-01|009450_02,009450,009450_02,2026-05-08,2026-05-11,,NEVER_PROGRESSED,,,,,LOSS_GUARD_CLOSE_LE_NEG_15,LOSS_GUARD_CLOSE_LE_NEG_15,2026-06-23,2026-06-23,2026-06-24,2026-06-24,-14.86,-14.86,0.0,31.0,31.0,0.0,9.9,9.9,-15.96,-15.96,True,True,True,True,-15.2211,-15.2211,-15.2211,-15.2211,-753335.81,-753335.81,0.0,EXECUTED,EXECUTED
P3-2,009830|KR7009830001|KOSPI|2010-01-04|2026-09-01|009830_01,009830,009830_01,2022-06-10,2022-06-13,,NORMAL_EARLY_TREND_HANDOFF,,,,,LOSS_GUARD_CLOSE_LE_NEG_15,LOSS_GUARD_CLOSE_LE_NEG_15,2022-07-06,2022-07-06,2022-07-07,2022-07-07,-17.08,-17.08,0.0,19.0,19.0,0.0,0.75,0.75,-18.2,-18.2,True,True,True,True,-17.4635,-17.4635,-17.4635,-17.4635,-866267.38,-866267.38,0.0,EXECUTED,EXECUTED
P3-2,009830|KR7009830001|KOSPI|2010-01-04|2026-09-01|009830_02,009830,009830_02,2022-07-29,2022-08-01,,NORMAL_EARLY_TREND_HANDOFF,,,,,LOSS_GUARD_CLOSE_LE_NEG_15,LOSS_GUARD_CLOSE_LE_NEG_15,2023-05-03,2023-05-03,2023-05-04,2023-05-04,-16.16,-16.16,0.0,166.0,166.0,0.0,28.51,28.51,-16.71,-16.71,True,True,True,True,-16.5197,-16.5197,-16.5197,-16.5197,-821199.22,-821199.22,0.0,EXECUTED,EXECUTED
P3-2,009830|KR7009830001|KOSPI|2010-01-04|2026-09-01|009830_03,009830,009830_03,2026-02-06,2026-02-09,,NORMAL_EARLY_TREND_HANDOFF,,,,,EXIT4_SCORE_DRAWDOWN_GE_15,EXIT4_SCORE_DRAWDOWN_GE_15,2026-05-31,2026-05-31,2026-06-01,2026-06-01,-2.03,-2.03,0.0,74.0,74.0,0.0,41.53,41.53,-19.81,-19.81,True,True,True,True,-2.4474,-2.4474,-2.4474,-2.4474,-122010.82,-122010.82,0.0,EXECUTED,EXECUTED
P3-2,009970|KR7009970005|KOSPI|2010-01-04|2026-09-01|009970_01,009970,009970_01,2023-06-23,2023-06-26,,NORMAL_EARLY_TREND_HANDOFF,,,,,EXIT4_SCORE_DRAWDOWN_GE_15,EXIT4_SCORE_DRAWDOWN_GE_15,2023-10-31,2023-10-31,2023-11-01,2023-11-01,8.38,8.38,0.0,87.0,87.0,0.0,14.05,14.05,-2.03,-2.03,False,False,False,False,,,,,0.0,0.0,0.0,SKIPPED_CASH_UNAVAILABLE,SKIPPED_CASH_UNAVAILABLE
P3-2,009970|KR7009970005|KOSPI|2010-01-04|2026-09-01|009970_02,009970,009970_02,2025-03-14,2025-03-17,,NORMAL_EARLY_TREND_HANDOFF,,,,,EXIT4_SCORE_DRAWDOWN_GE_15,EXIT4_SCORE_DRAWDOWN_GE_15,2025-10-31,2025-10-31,2025-11-03,2025-11-03,51.29,51.29,0.0,155.0,155.0,0.0,62.9,62.9,-11.08,-11.08,False,False,False,False,,,,,0.0,0.0,0.0,SKIPPED_CASH_UNAVAILABLE,SKIPPED_CASH_UNAVAILABLE
P3-2,010060|KR7010060002|KOSPI|2010-01-04|2026-09-01|010060_01,010060,010060_01,2022-07-01,2022-07-04,,NORMAL_EARLY_TREND_HANDOFF,,,,,LOSS_GUARD_CLOSE_LE_NEG_15,LOSS_GUARD_CLOSE_LE_NEG_15,2022-07-12,2022-07-12,2022-07-13,2022-07-13,-16.43,-16.43,0.0,8.0,8.0,0.0,0.35,0.35,-16.43,-16.43,True,True,True,True,-16.8178,-16.8178,-16.8178,-16.8178,-822722.49,-822722.49,0.0,EXECUTED,EXECUTED
P3-2,010060|KR7010060002|KOSPI|2010-01-04|2026-09-01|010060_02,010060,010060_02,2023-04-21,2023-04-24,,NORMAL_EARLY_TREND_HANDOFF,,,,,LOSS_GUARD_CLOSE_LE_NEG_15,LOSS_GUARD_CLOSE_LE_NEG_15,2024-07-18,2024-07-18,2024-07-19,2024-07-19,-15.79,-15.79,0.0,284.0,284.0,0.0,27.41,27.41,-20.09,-20.09,False,False,False,False,,,,,0.0,0.0,0.0,SKIPPED_CASH_UNAVAILABLE,SKIPPED_CASH_UNAVAILABLE
P3-2,010120|KR7010120004|KOSPI|2010-01-04|2026-09-01|010120_01,010120,010120_01,2023-04-14,2023-04-17,,NORMAL_EARLY_TREND_HANDOFF,,,,,EXIT4_SCORE_DRAWDOWN_GE_15,EXIT4_SCORE_DRAWDOWN_GE_15,2023-10-31,2023-10-31,2023-11-01,2023-11-01,3.7,3.7,0.0,133.0,133.0,0.0,121.42,121.42,-3.06,-3.06,True,True,True,True,3.2585,3.2585,3.2585,3.2585,162878.67,162878.67,0.0,EXECUTED,EXECUTED
P3-2,010130|KR7010130003|KOSPI|2010-01-04|2026-09-01|010130_01,010130,010130_01,2024-09-27,2024-09-30,,NORMAL_EARLY_TREND_HANDOFF,,,,,EXIT3_PROGRESSED_TO_WEAK,EXIT3_PROGRESSED_TO_WEAK,2025-01-31,2025-01-31,2025-02-03,2025-02-03,14.31,14.31,0.0,81.0,81.0,0.0,240.93,240.93,-5.95,-5.95,True,True,True,True,13.8723,13.8723,13.8723,13.8723,686355.43,686355.43,0.0,EXECUTED,EXECUTED
P3-2,010140|KR7010140002|KOSPI|2010-01-04|2026-09-01|010140_01,010140,010140_01,2023-06-09,2023-06-12,,NORMAL_EARLY_TREND_HANDOFF,,,,,EXIT3_PROGRESSED_TO_TRANSITION,EXIT3_PROGRESSED_TO_TRANSITION,2024-01-31,2024-01-31,2024-02-01,2024-02-01,12.19,12.19,0.0,160.0,160.0,0.0,46.14,46.14,-1.08,-1.08,False,False,False,False,,,,,0.0,0.0,0.0,SKIPPED_CASH_UNAVAILABLE,SKIPPED_CASH_UNAVAILABLE
P3-2,010140|KR7010140002|KOSPI|2010-01-04|2026-09-01|010140_02,010140,010140_02,2024-03-15,2024-03-18,C1_PROGRESSED_WITHOUT_DIRECT_HANDOFF,SKIPPED_EARLY_TREND_HANDOFF,2024-03-31,2024-03-29,,,EXIT4_SCORE_DRAWDOWN_GE_15,EXIT4_SCORE_DRAWDOWN_GE_15,2024-07-31,2024-07-31,2024-08-01,2024-08-01,28.65,28.65,0.0,94.0,94.0,0.0,35.84,35.84,-8.3,-8.3,False,False,False,False,,,,,0.0,0.0,0.0,SKIPPED_CASH_UNAVAILABLE,SKIPPED_CASH_UNAVAILABLE
P3-2,010780|KR7010780005|KOSPI|2010-01-04|2026-09-01|010780_01,010780,010780_01,2022-04-01,2022-04-04,,NEVER_PROGRESSED,,,,,LOSS_GUARD_CLOSE_LE_NEG_15,LOSS_GUARD_CLOSE_LE_NEG_15,2022-06-13,2022-06-13,2022-06-14,2022-06-14,-16.67,-16.67,0.0,49.0,49.0,0.0,2.54,2.54,-16.67,-16.67,True,True,True,True,-17.0494,-17.0494,-17.0494,-17.0494,-847986.8,-847986.8,0.0,EXECUTED,EXECUTED
P3-2,010950|KR7010950004|KOSPI|2010-01-04|2026-09-01|010950_01,010950,010950_01,2024-04-05,2024-04-08,,NORMAL_EARLY_TREND_HANDOFF,,,,,LOSS_GUARD_CLOSE_LE_NEG_15,LOSS_GUARD_CLOSE_LE_NEG_15,2024-05-02,2024-05-02,2024-05-03,2024-05-03,-15.57,-15.57,0.0,18.0,18.0,0.0,1.2,1.2,-16.17,-16.17,False,False,False,False,,,,,0.0,0.0,0.0,SKIPPED_CASH_UNAVAILABLE,SKIPPED_CASH_UNAVAILABLE
P3-2,010950|KR7010950004|KOSPI|2010-01-04|2026-09-01|010950_02,010950,010950_02,2025-10-31,2025-11-03,,NORMAL_EARLY_TREND_HANDOFF,,,,,EXIT4_SCORE_DRAWDOWN_GE_15,EXIT4_SCORE_DRAWDOWN_GE_15,2026-04-30,2026-04-30,2026-05-04,2026-05-04,82.26,82.26,0.0,123.0,123.0,0.0,143.6,143.6,-2.75,-2.75,False,False,False,False,,,,,0.0,0.0,0.0,SKIPPED_CASH_UNAVAILABLE,SKIPPED_CASH_UNAVAILABLE
P3-2,011070|KR7011070000|KOSPI|2010-01-04|2026-09-01|011070_01,011070,011070_01,2025-10-31,2025-11-03,,NORMAL_EARLY_TREND_HANDOFF,,,,,NO_EXIT_BEFORE_CUTOFF,NO_EXIT_BEFORE_CUTOFF,,,,,163.11,163.11,0.0,203.0,203.0,0.0,632.79,632.79,-8.61,-8.61,False,False,False,False,,,,,0.0,0.0,0.0,SKIPPED_CASH_UNAVAILABLE,SKIPPED_CASH_UNAVAILABLE
P3-2,011200|KR7011200003|KOSPI|2010-01-04|2026-09-01|011200_01,011200,011200_01,2025-05-30,2025-06-02,,NEVER_PROGRESSED,,,,,LOSS_GUARD_CLOSE_LE_NEG_15,LOSS_GUARD_CLOSE_LE_NEG_15,2025-11-18,2025-11-18,2025-11-19,2025-11-19,-15.3,-15.3,0.0,115.0,115.0,0.0,17.45,17.45,-16.15,-16.15,False,True,False,True,,-15.6234,,-15.6234,0.0,-779572.12,-779572.12,SKIPPED_CASH_UNAVAILABLE,EXECUTED
P3-2,011210|KR7011210002|KOSPI|2011-02-21|2026-09-01|011210_01,011210,011210_01,2022-09-02,2022-09-05,,NORMAL_EARLY_TREND_HANDOFF,,,,,LOSS_GUARD_CLOSE_LE_NEG_15,LOSS_GUARD_CLOSE_LE_NEG_15,2022-09-28,2022-09-28,2022-09-29,2022-09-29,-16.47,-16.47,0.0,17.0,17.0,0.0,4.78,4.78,-19.39,-19.39,True,True,True,True,-16.8511,-16.8511,-16.8511,-16.8511,-838428.17,-838428.17,0.0,EXECUTED,EXECUTED
P3-2,011210|KR7011210002|KOSPI|2011-02-21|2026-09-01|011210_02,011210,011210_02,2025-09-05,2025-09-08,,NORMAL_EARLY_TREND_HANDOFF,,,,,EXIT4_SCORE_DRAWDOWN_GE_15,EXIT4_SCORE_DRAWDOWN_GE_15,2026-04-30,2026-04-30,2026-05-04,2026-05-04,60.92,60.92,0.0,158.0,158.0,0.0,115.71,115.71,-10.06,-10.06,True,True,True,True,60.2287,60.2287,60.2287,60.2287,2990176.56,2990176.56,0.0,EXECUTED,EXECUTED
P3-2,011780|KR7011780004|KOSPI|2010-01-04|2026-09-01|011780_01,011780,011780_01,2024-02-23,2024-02-26,,NEVER_PROGRESSED,,,,,LOSS_GUARD_CLOSE_LE_NEG_15,LOSS_GUARD_CLOSE_LE_NEG_15,2024-04-09,2024-04-09,2024-04-11,2024-04-11,-17.61,-17.61,0.0,32.0,32.0,0.0,7.85,7.85,-17.61,-17.61,False,False,False,False,,,,,0.0,0.0,0.0,SKIPPED_CASH_UNAVAILABLE,SKIPPED_CASH_UNAVAILABLE
P3-2,011780|KR7011780004|KOSPI|2010-01-04|2026-09-01|011780_02,011780,011780_02,2024-07-12,2024-07-15,,NEVER_PROGRESSED,,,,,LOSS_GUARD_CLOSE_LE_NEG_15,LOSS_GUARD_CLOSE_LE_NEG_15,2024-07-31,2024-07-31,2024-08-01,2024-08-01,-16.5,-16.5,0.0,14.0,14.0,0.0,0.54,0.54,-17.64,-17.64,True,True,True,True,-16.8379,-16.8379,-16.8379,-16.8379,-839998.03,-839998.03,0.0,EXECUTED,EXECUTED
P3-2,011780|KR7011780004|KOSPI|2010-01-04|2026-09-01|011780_03,011780,011780_03,2024-09-27,2024-09-30,,NEVER_PROGRESSED,,,,,LOSS_GUARD_CLOSE_LE_NEG_15,LOSS_GUARD_CLOSE_LE_NEG_15,2024-10-22,2024-10-22,2024-10-23,2024-10-23,-15.6,-15.6,0.0,15.0,15.0,0.0,1.69,1.69,-16.92,-16.92,False,False,False,False,,,,,0.0,0.0,0.0,SKIPPED_CASH_UNAVAILABLE,SKIPPED_CASH_UNAVAILABLE
P3-2,011780|KR7011780004|KOSPI|2010-01-04|2026-09-01|011780_04,011780,011780_04,2026-01-16,2026-01-19,,NEVER_PROGRESSED,,,,,LOSS_GUARD_CLOSE_LE_NEG_15,LOSS_GUARD_CLOSE_LE_NEG_15,2026-03-09,2026-03-09,2026-03-10,2026-03-10,-14.75,-14.75,0.0,33.0,33.0,0.0,16.18,16.18,-21.26,-21.26,True,True,True,True,-15.1119,-15.1119,-15.1119,-15.1119,-739745.47,-739745.47,0.0,EXECUTED,EXECUTED
P3-2,011790|KR7011790003|KOSPI|2010-01-04|2026-09-01|011790_01,011790,011790_01,2024-05-31,2024-06-03,,SKIPPED_EARLY_TREND_HANDOFF,,,,,LOSS_GUARD_CLOSE_LE_NEG_15,LOSS_GUARD_CLOSE_LE_NEG_15,2024-08-05,2024-08-05,2024-08-06,2024-08-06,-19.47,-19.47,0.0,46.0,46.0,0.0,37.08,37.08,-26.25,-26.25,True,True,True,True,-19.795,-19.795,-19.795,-19.795,-978383.36,-978383.36,0.0,EXECUTED,EXECUTED
P3-2,011790|KR7011790003|KOSPI|2010-01-04|2026-09-01|011790_02,011790,011790_02,2025-01-24,2025-01-31,C1_PROGRESSED_WITHOUT_DIRECT_HANDOFF,SKIPPED_EARLY_TREND_HANDOFF,2025-01-31,2025-01-31,,,EXIT4_SCORE_DRAWDOWN_GE_15,EXIT4_SCORE_DRAWDOWN_GE_15,2025-04-30,2025-04-30,2025-05-02,2025-05-02,-32.87,-32.87,0.0,64.0,64.0,0.0,9.3,9.3,-42.76,-42.76,False,False,False,False,,,,,0.0,0.0,0.0,SKIPPED_CASH_UNAVAILABLE,SKIPPED_CASH_UNAVAILABLE
P3-2,011790|KR7011790003|KOSPI|2010-01-04|2026-09-01|011790_03,011790,011790_03,2025-10-31,2025-11-03,,NEVER_PROGRESSED,,,,,LOSS_GUARD_CLOSE_LE_NEG_15,LOSS_GUARD_CLOSE_LE_NEG_15,2025-11-19,2025-11-19,2025-11-20,2025-11-20,-12.18,-12.18,0.0,14.0,14.0,0.0,6.79,6.79,-17.5,-17.5,False,False,False,False,,,,,0.0,0.0,0.0,SKIPPED_CASH_UNAVAILABLE,SKIPPED_CASH_UNAVAILABLE
P3-2,012330|KR7012330007|KOSPI|2010-01-04|2026-09-01|012330_01,012330,012330_01,2024-03-29,2024-04-01,,NORMAL_EARLY_TREND_HANDOFF,,,,,LOSS_GUARD_CLOSE_LE_NEG_15,LOSS_GUARD_CLOSE_LE_NEG_15,2024-05-29,2024-05-29,2024-05-30,2024-05-30,-16.7,-16.7,0.0,40.0,40.0,0.0,0.58,0.58,-17.09,-17.09,False,False,False,False,,,,,0.0,0.0,0.0,SKIPPED_CASH_UNAVAILABLE,SKIPPED_CASH_UNAVAILABLE
P3-2,012330|KR7012330007|KOSPI|2010-01-04|2026-09-01|012330_02,012330,012330_02,2025-06-20,2025-06-23,,NORMAL_EARLY_TREND_HANDOFF,,,,,EXIT4_SCORE_DRAWDOWN_GE_15,EXIT4_SCORE_DRAWDOWN_GE_15,2026-05-31,2026-05-31,2026-06-01,2026-06-01,170.18,170.18,0.0,230.0,230.0,0.0,178.95,178.95,-2.46,-2.46,False,False,False,False,,,,,0.0,0.0,0.0,SKIPPED_CASH_UNAVAILABLE,SKIPPED_CASH_UNAVAILABLE
P3-2,012750|KR7012750006|KOSPI|2010-01-04|2026-09-01|012750_01,012750,012750_01,2024-11-29,2024-12-02,,NEVER_PROGRESSED,,,,,NO_PROGRESSED_BEFORE_CUTOFF,NO_PROGRESSED_BEFORE_CUTOFF,,,,,29.68,29.68,0.0,424.0,424.0,0.0,63.49,63.49,-10.79,-10.79,True,True,False,False,,,29.5336,29.5336,1471575.7,1471575.7,0.0,EXECUTED,EXECUTED
P3-2,014680|KR7014680003|KOSPI|2010-01-04|2026-09-01|014680_01,014680,014680_01,2025-08-29,2025-09-01,,NORMAL_EARLY_TREND_HANDOFF,,,,,EXIT4_SCORE_DRAWDOWN_GE_15,EXIT4_SCORE_DRAWDOWN_GE_15,2026-01-31,2026-01-31,2026-02-02,2026-02-02,59.71,59.71,0.0,103.0,103.0,0.0,70.29,70.29,-9.37,-9.37,False,False,False,False,,,,,0.0,0.0,0.0,SKIPPED_CASH_UNAVAILABLE,SKIPPED_CASH_UNAVAILABLE
P3-2,015760|KR7015760002|KOSPI|2010-01-04|2026-09-01|015760_01,015760,015760_01,2024-02-02,2024-02-05,,NORMAL_EARLY_TREND_HANDOFF,,,,,EXIT4_SCORE_DRAWDOWN_GE_15,EXIT4_SCORE_DRAWDOWN_GE_15,2025-10-31,2025-10-31,2025-11-03,2025-11-03,111.27,111.27,0.0,422.0,422.0,0.0,124.51,124.51,-10.83,-10.83,True,True,True,True,110.4729,110.4729,110.4729,110.4729,5505223.91,5505223.91,0.0,EXECUTED,EXECUTED
P3-2,016360|KR7016360000|KOSPI|2010-01-04|2026-09-01|016360_01,016360,016360_01,2024-07-05,2024-07-08,,NORMAL_EARLY_TREND_HANDOFF,,,,,EXIT4_SCORE_DRAWDOWN_GE_15,EXIT4_SCORE_DRAWDOWN_GE_15,2025-08-31,2025-08-31,2025-09-01,2025-09-01,59.02,59.02,0.0,280.0,280.0,0.0,88.36,88.36,-8.03,-8.03,True,True,True,True,58.4188,58.4188,58.4188,58.4188,2913887.38,2913887.38,0.0,EXECUTED,EXECUTED
P3-2,017670|KR7017670001|KOSPI|2010-01-04|2026-09-01|017670_01,017670,017670_01,2023-10-06,2023-10-10,,NORMAL_EARLY_TREND_HANDOFF,,,,,EXIT4_SCORE_DRAWDOWN_GE_15,EXIT4_SCORE_DRAWDOWN_GE_15,2026-08-31,2026-08-31,2026-09-01,2026-09-01,92.85,92.85,0.0,706.0,706.0,0.0,184.98,184.98,-1.23,-1.23,True,True,True,True,92.0219,92.0219,92.0219,92.0219,4599847.4,4599847.4,0.0,EXECUTED,EXECUTED
P3-2,017800|KR7017800004|KOSPI|2010-01-04|2026-09-01|017800_01,017800,017800_01,2023-06-30,2023-07-03,,NORMAL_EARLY_TREND_HANDOFF,,,,,EXIT4_SCORE_DRAWDOWN_GE_15,EXIT4_SCORE_DRAWDOWN_GE_15,2026-03-31,2026-03-31,2026-04-01,2026-04-01,115.11,115.11,0.0,668.0,668.0,0.0,185.64,185.64,-5.42,-5.42,False,False,False,False,,,,,0.0,0.0,0.0,SKIPPED_CASH_UNAVAILABLE,SKIPPED_CASH_UNAVAILABLE
P3-2,018260|KR7018260000|KOSPI|2014-11-14|2026-09-01|018260_01,018260,018260_01,2023-09-01,2023-09-04,,PROGRESSED_WITHOUT_DIRECT_HANDOFF,,,,,LOSS_GUARD_CLOSE_LE_NEG_15,LOSS_GUARD_CLOSE_LE_NEG_15,2025-01-24,2025-01-24,2025-01-31,2025-01-31,-19.08,-19.08,0.0,340.0,340.0,0.0,22.54,22.54,-20.35,-20.35,True,True,True,True,-19.3915,-19.3915,-19.3915,-19.3915,-964866.59,-964866.59,0.0,EXECUTED,EXECUTED
P3-2,018260|KR7018260000|KOSPI|2014-11-14|2026-09-01|018260_02,018260,018260_02,2025-06-20,2025-06-23,C1_PROGRESSED_WITHOUT_DIRECT_HANDOFF,PROGRESSED_WITHOUT_DIRECT_HANDOFF,2026-05-31,2026-05-29,,,NO_EXIT_BEFORE_CUTOFF,NO_EXIT_BEFORE_CUTOFF,,,,,40.35,40.35,0.0,292.0,292.0,0.0,127.19,127.19,-15.96,-15.96,False,False,False,False,,,,,0.0,0.0,0.0,SKIPPED_CASH_UNAVAILABLE,SKIPPED_CASH_UNAVAILABLE
P3-2,018670|KR7018670000|KOSPI|2010-01-04|2026-09-01|018670_01,018670,018670_01,2023-06-02,2023-06-05,C1_PROGRESSED_WITHOUT_DIRECT_HANDOFF,PROGRESSED_WITHOUT_DIRECT_HANDOFF,2024-07-31,2024-07-31,,,EXIT4_SCORE_DRAWDOWN_GE_15,EXIT4_SCORE_DRAWDOWN_GE_15,2025-03-31,2025-03-31,2025-04-01,2025-04-01,92.58,92.58,0.0,444.0,444.0,0.0,107.03,107.03,-7.97,-7.97,False,False,False,False,,,,,0.0,0.0,0.0,SKIPPED_CASH_UNAVAILABLE,SKIPPED_CASH_UNAVAILABLE
P3-2,020150|KR7020150009|KOSPI|2011-03-04|2026-09-01|020150_01,020150,020150_01,2026-04-10,2026-04-13,,NORMAL_EARLY_TREND_HANDOFF,,,,,EXIT4_SCORE_DRAWDOWN_GE_15,EXIT4_SCORE_DRAWDOWN_GE_15,2026-06-30,2026-06-30,2026-07-01,2026-07-01,-7.3,-7.3,0.0,54.0,54.0,0.0,70.99,70.99,-14.3,-14.3,True,True,True,True,-7.7025,-7.7025,-7.7025,-7.7025,-382266.21,-382266.21,0.0,EXECUTED,EXECUTED
P3-2,021240|KR7021240007|KOSPI|2010-01-04|2026-09-01|021240_01,021240,021240_01,2024-02-02,2024-02-05,C1_PROGRESSED_WITHOUT_DIRECT_HANDOFF,PROGRESSED_WITHOUT_DIRECT_HANDOFF,2025-01-31,2025-01-31,,,EXIT4_SCORE_DRAWDOWN_GE_15,EXIT4_SCORE_DRAWDOWN_GE_15,2025-04-30,2025-04-30,2025-05-02,2025-05-02,54.89,54.89,0.0,301.0,301.0,0.0,55.75,55.75,-14.92,-14.92,True,True,True,True,54.3008,54.3008,54.3008,54.3008,2693973.02,2693973.02,0.0,EXECUTED,EXECUTED
P3-2,021240|KR7021240007|KOSPI|2010-01-04|2026-09-01|021240_02,021240,021240_02,2026-05-15,2026-05-18,,NEVER_PROGRESSED,,,,,NO_PROGRESSED_BEFORE_CUTOFF,NO_PROGRESSED_BEFORE_CUTOFF,,,,,2.43,2.43,0.0,72.0,72.0,0.0,7.51,7.51,-12.16,-12.16,True,True,False,False,,,2.3136,2.3136,113942.18,113942.18,0.0,EXECUTED,EXECUTED
P3-2,023530|KR7023530009|KOSPI|2010-01-04|2026-09-01|023530_01,023530,023530_01,2025-05-16,2025-05-19,,NORMAL_EARLY_TREND_HANDOFF,,,,,EXIT4_SCORE_DRAWDOWN_GE_15,EXIT4_SCORE_DRAWDOWN_GE_15,2026-05-31,2026-05-31,2026-06-01,2026-06-01,92.96,92.96,0.0,253.0,253.0,0.0,140.87,140.87,-15.16,-15.16,True,True,True,True,92.1351,92.1351,92.1351,92.1351,4567130.07,4567130.07,0.0,EXECUTED,EXECUTED
P3-2,023590|KR7023590003|KOSPI|2010-01-04|2026-09-01|023590_01,023590,023590_01,2024-02-16,2024-02-19,,NORMAL_EARLY_TREND_HANDOFF,,,,,LOSS_GUARD_CLOSE_LE_NEG_15,LOSS_GUARD_CLOSE_LE_NEG_15,2024-04-11,2024-04-11,2024-04-12,2024-04-12,-15.51,-15.51,0.0,38.0,38.0,0.0,3.89,3.89,-16.93,-16.93,False,False,False,False,,,,,0.0,0.0,0.0,SKIPPED_CASH_UNAVAILABLE,SKIPPED_CASH_UNAVAILABLE
P3-2,023590|KR7023590003|KOSPI|2010-01-04|2026-09-01|023590_02,023590,023590_02,2025-05-09,2025-05-12,,NORMAL_EARLY_TREND_HANDOFF,,,,,EXIT4_SCORE_DRAWDOWN_GE_15,EXIT4_SCORE_DRAWDOWN_GE_15,2025-10-31,2025-10-31,2025-11-03,2025-11-03,68.56,68.56,0.0,118.0,118.0,0.0,84.93,84.93,-0.44,-0.44,True,True,True,True,67.9194,67.9194,67.9194,67.9194,3394572.89,3394572.89,0.0,EXECUTED,EXECUTED
P3-2,024110|KR7024110009|KOSPI|2010-01-04|2026-09-01|024110_01,024110,024110_01,2023-09-01,2023-09-04,C1_PROGRESSED_WITHOUT_DIRECT_HANDOFF,PROGRESSED_WITHOUT_DIRECT_HANDOFF,2026-02-28,2026-02-27,,,EXIT4_SCORE_DRAWDOWN_GE_15,EXIT4_SCORE_DRAWDOWN_GE_15,2026-04-30,2026-04-30,2026-05-04,2026-05-04,113.35,113.35,0.0,646.0,646.0,0.0,175.91,175.91,0.0,0.0,True,True,True,True,112.4361,112.4361,112.4361,112.4361,5617981.14,5617981.14,0.0,EXECUTED,EXECUTED
P3-2,026960|KR7026960005|KOSPI|2016-07-15|2026-09-01|026960_01,026960,026960_01,2024-11-08,2024-11-11,C1_PROGRESSED_WITHOUT_DIRECT_HANDOFF,PROGRESSED_WITHOUT_DIRECT_HANDOFF,2025-03-31,2025-03-31,2025-12-30,TRANSITION,NO_EXIT_BEFORE_CUTOFF,EXIT3_PROGRESSED_TO_TRANSITION,,2025-12-30,,2026-01-02,-2.27,1.32,3.59,439.0,278.0,-161.0,21.74,21.74,-15.5,-15.12,True,True,False,True,,0.8883,-2.3807,0.8883,-118519.24,44220.64,162739.87,EXECUTED,EXECUTED
P3-2,028050|KR7028050003|KOSPI|2010-01-04|2026-09-01|028050_01,028050,028050_01,2023-02-17,2023-02-20,,NORMAL_EARLY_TREND_HANDOFF,,,,,LOSS_GUARD_CLOSE_LE_NEG_15,LOSS_GUARD_CLOSE_LE_NEG_15,2023-10-30,2023-10-30,2023-10-31,2023-10-31,-17.52,-17.52,0.0,171.0,171.0,0.0,33.81,33.81,-17.88,-17.88,False,False,False,False,,,,,0.0,0.0,0.0,SKIPPED_CASH_UNAVAILABLE,SKIPPED_CASH_UNAVAILABLE
P3-2,028050|KR7028050003|KOSPI|2010-01-04|2026-09-01|028050_02,028050,028050_02,2025-07-04,2025-07-07,,NORMAL_EARLY_TREND_HANDOFF,,,,,EXIT4_SCORE_DRAWDOWN_GE_15,EXIT4_SCORE_DRAWDOWN_GE_15,2026-05-31,2026-05-31,2026-06-01,2026-06-01,111.69,111.69,0.0,220.0,220.0,0.0,181.0,181.0,-3.34,-3.34,True,True,True,True,110.7822,110.7822,110.7822,110.7822,5525074.45,5525074.45,0.0,EXECUTED,EXECUTED
P3-2,028260|KR7028260008|KOSPI|2014-12-18|2026-09-01|028260_01,028260,028260_01,2022-07-01,2022-07-04,,NORMAL_EARLY_TREND_HANDOFF,,,,,LOSS_GUARD_CLOSE_LE_NEG_15,LOSS_GUARD_CLOSE_LE_NEG_15,2022-09-28,2022-09-28,2022-09-29,2022-09-29,-14.63,-14.63,0.0,61.0,61.0,0.0,2.03,2.03,-17.07,-17.07,True,True,True,True,-15.0262,-15.0262,-15.0262,-15.0262,-740138.45,-740138.45,0.0,EXECUTED,EXECUTED
P3-2,028260|KR7028260008|KOSPI|2014-12-18|2026-09-01|028260_02,028260,028260_02,2023-12-01,2023-12-04,,NORMAL_EARLY_TREND_HANDOFF,,,,,EXIT4_SCORE_DRAWDOWN_GE_15,EXIT4_SCORE_DRAWDOWN_GE_15,2026-01-31,2026-01-31,2026-02-02,2026-02-02,151.46,151.46,0.0,526.0,526.0,0.0,160.25,160.25,-9.54,-9.54,True,True,True,True,150.3849,150.3849,150.3849,150.3849,7376581.75,7376581.75,0.0,EXECUTED,EXECUTED
P3-2,028670|KR7028670008|KOSPI|2010-01-04|2026-09-01|028670_01,028670,028670_01,2023-02-24,2023-02-27,,NORMAL_EARLY_TREND_HANDOFF,,,,,LOSS_GUARD_CLOSE_LE_NEG_15,LOSS_GUARD_CLOSE_LE_NEG_15,2023-03-20,2023-03-20,2023-03-21,2023-03-21,-14.07,-14.07,0.0,16.0,16.0,0.0,2.84,2.84,-16.32,-16.32,False,False,False,False,,,,,0.0,0.0,0.0,SKIPPED_CASH_UNAVAILABLE,SKIPPED_CASH_UNAVAILABLE
P3-2,028670|KR7028670008|KOSPI|2010-01-04|2026-09-01|028670_02,028670,028670_02,2026-01-30,2026-02-02,,NORMAL_EARLY_TREND_HANDOFF,,,,,NO_EXIT_BEFORE_CUTOFF,NO_EXIT_BEFORE_CUTOFF,,,,,22.33,22.33,0.0,141.0,141.0,0.0,42.39,42.39,-5.07,-5.07,True,True,False,False,,,22.1896,22.1896,1108953.57,1108953.57,0.0,EXECUTED,EXECUTED
P3-2,029780|KR7029780004|KOSPI|2010-01-04|2026-09-01|029780_01,029780,029780_01,2023-11-17,2023-11-20,C1_PROGRESSED_WITHOUT_DIRECT_HANDOFF,PROGRESSED_WITHOUT_DIRECT_HANDOFF,2025-01-31,2025-01-31,2025-03-31,TRANSITION,NO_EXIT_BEFORE_CUTOFF,EXIT3_PROGRESSED_TO_TRANSITION,,2025-03-31,,2025-04-01,42.06,20.73,-21.33,676.0,331.0,-345.0,109.38,39.18,-5.45,-5.45,True,True,False,True,,20.2681,41.8943,20.2681,2093160.12,1012654.08,-1080506.04,EXECUTED,EXECUTED
P3-2,030000|KR7030000004|KOSPI|2010-01-04|2026-09-01|030000_01,030000,030000_01,2022-04-22,2022-04-25,,NEVER_PROGRESSED,,,,,LOSS_GUARD_CLOSE_LE_NEG_15,LOSS_GUARD_CLOSE_LE_NEG_15,2023-01-03,2023-01-03,2023-01-04,2023-01-04,-14.77,-14.77,0.0,174.0,174.0,0.0,6.39,6.39,-16.97,-16.97,True,True,True,True,-15.1364,-15.1364,-15.1364,-15.1364,-755407.55,-755407.55,0.0,EXECUTED,EXECUTED
P3-2,030000|KR7030000004|KOSPI|2010-01-04|2026-09-01|030000_02,030000,030000_02,2023-10-06,2023-10-10,,NEVER_PROGRESSED,,,,,LOSS_GUARD_CLOSE_LE_NEG_15,LOSS_GUARD_CLOSE_LE_NEG_15,2024-08-05,2024-08-05,2024-08-06,2024-08-06,-17.48,-17.48,0.0,205.0,205.0,0.0,1.7,1.7,-20.39,-20.39,True,True,True,True,-17.8135,-17.8135,-17.8135,-17.8135,-889062.01,-889062.01,0.0,EXECUTED,EXECUTED
P3-2,030000|KR7030000004|KOSPI|2010-01-04|2026-09-01|030000_03,030000,030000_03,2025-06-27,2025-06-30,,NEVER_PROGRESSED,,,,,NO_PROGRESSED_BEFORE_CUTOFF,NO_PROGRESSED_BEFORE_CUTOFF,,,,,-5.23,-5.23,0.0,287.0,287.0,0.0,15.06,15.06,-12.3,-12.3,False,False,False,False,,,,,0.0,0.0,0.0,SKIPPED_CASH_UNAVAILABLE,SKIPPED_CASH_UNAVAILABLE
P3-2,030200|KR7030200000|KOSPI|2010-01-04|2026-09-01|030200_01,030200,030200_01,2023-10-06,2023-10-10,,NORMAL_EARLY_TREND_HANDOFF,,,,,EXIT3_PROGRESSED_TO_TRANSITION,EXIT3_PROGRESSED_TO_TRANSITION,2025-11-30,2025-11-30,2025-12-01,2025-12-01,50.37,50.37,0.0,523.0,523.0,0.0,76.98,76.98,-3.89,-3.89,True,True,True,True,49.8032,49.8032,49.8032,49.8032,2485069.01,2485069.01,0.0,EXECUTED,EXECUTED
P3-2,030200|KR7030200000|KOSPI|2010-01-04|2026-09-01|030200_02,030200,030200_02,2026-02-27,2026-03-03,,NEVER_PROGRESSED,,,,,LOSS_GUARD_CLOSE_LE_NEG_15,LOSS_GUARD_CLOSE_LE_NEG_15,2026-05-27,2026-05-27,2026-05-28,2026-05-28,-16.19,-16.19,0.0,60.0,60.0,0.0,3.49,3.49,-16.9,-16.9,False,True,False,True,,-16.5503,,-16.5503,0.0,-824654.61,-824654.61,SKIPPED_CASH_UNAVAILABLE,EXECUTED
P3-2,031430|KR7031430002|KOSPI|2011-07-14|2026-09-01|031430_01,031430,031430_01,2022-06-03,2022-06-07,,NEVER_PROGRESSED,,,,,LOSS_GUARD_CLOSE_LE_NEG_15,LOSS_GUARD_CLOSE_LE_NEG_15,2022-06-23,2022-06-23,2022-06-24,2022-06-24,-15.35,-15.35,0.0,14.0,14.0,0.0,1.41,1.41,-15.63,-15.63,True,True,True,True,-15.7409,-15.7409,-15.7409,-15.7409,-783220.09,-783220.09,0.0,EXECUTED,EXECUTED
P3-2,032350|KR7032350001|KOSPI|2010-01-04|2026-09-01|032350_01,032350,032350_01,2023-01-06,2023-01-09,,NORMAL_EARLY_TREND_HANDOFF,,,,,LOSS_GUARD_CLOSE_LE_NEG_15,LOSS_GUARD_CLOSE_LE_NEG_15,2023-03-14,2023-03-14,2023-03-15,2023-03-15,-13.15,-13.15,0.0,45.0,45.0,0.0,8.74,8.74,-15.94,-15.94,True,True,True,True,-13.5197,-13.5197,-13.5197,-13.5197,-675504.66,-675504.66,0.0,EXECUTED,EXECUTED
P3-2,032350|KR7032350001|KOSPI|2010-01-04|2026-09-01|032350_02,032350,032350_02,2025-06-13,2025-06-16,,NORMAL_EARLY_TREND_HANDOFF,,,,,EXIT4_SCORE_DRAWDOWN_GE_15,EXIT4_SCORE_DRAWDOWN_GE_15,2025-11-30,2025-11-30,2025-12-01,2025-12-01,45.41,45.41,0.0,115.0,115.0,0.0,71.51,71.51,-1.27,-1.27,False,False,False,False,,,,,0.0,0.0,0.0,SKIPPED_CASH_UNAVAILABLE,SKIPPED_CASH_UNAVAILABLE
P3-2,032640|KR7032640005|KOSPI|2010-01-04|2026-09-01|032640_01,032640,032640_01,2024-12-06,2024-12-09,C1_PROGRESSED_WITHOUT_DIRECT_HANDOFF,PROGRESSED_WITHOUT_DIRECT_HANDOFF,2025-10-31,2025-10-31,,,EXIT4_SCORE_DRAWDOWN_GE_15,EXIT4_SCORE_DRAWDOWN_GE_15,2025-12-31,2025-12-31,2026-01-02,2026-01-02,32.5,32.5,0.0,258.0,258.0,0.0,47.72,47.72,-11.73,-11.73,True,True,True,True,31.9289,31.9289,31.9289,31.9289,1596042.4,1596042.4,0.0,EXECUTED,EXECUTED
P3-2,032830|KR7032830002|KOSPI|2010-05-12|2026-09-01|032830_01,032830,032830_01,2022-05-27,2022-05-30,,NORMAL_EARLY_TREND_HANDOFF,,,,,LOSS_GUARD_CLOSE_LE_NEG_15,LOSS_GUARD_CLOSE_LE_NEG_15,2022-07-07,2022-07-07,2022-07-08,2022-07-08,-14.96,-14.96,0.0,28.0,28.0,0.0,1.15,1.15,-15.11,-15.11,True,True,True,True,-15.3545,-15.3545,-15.3545,-15.3545,-758541.68,-758541.68,0.0,EXECUTED,EXECUTED
P3-2,032830|KR7032830002|KOSPI|2010-05-12|2026-09-01|032830_02,032830,032830_02,2022-12-09,2022-12-12,,NORMAL_EARLY_TREND_HANDOFF,,,,,LOSS_GUARD_CLOSE_LE_NEG_15,LOSS_GUARD_CLOSE_LE_NEG_15,2023-03-24,2023-03-24,2023-03-27,2023-03-27,-15.16,-15.16,0.0,72.0,72.0,0.0,1.08,1.08,-15.83,-15.83,True,True,True,True,-15.5199,-15.5199,-15.5199,-15.5199,-769318.54,-769318.54,0.0,EXECUTED,EXECUTED
P3-2,032830|KR7032830002|KOSPI|2010-05-12|2026-09-01|032830_03,032830,032830_03,2023-12-01,2023-12-04,,NORMAL_EARLY_TREND_HANDOFF,,,,,EXIT4_SCORE_DRAWDOWN_GE_15,EXIT4_SCORE_DRAWDOWN_GE_15,2026-01-31,2026-01-31,2026-02-02,2026-02-02,168.96,168.96,0.0,526.0,526.0,0.0,186.12,186.12,-14.16,-14.16,True,True,True,True,167.801,167.801,167.801,167.801,8337374.42,8337374.42,0.0,EXECUTED,EXECUTED
P3-2,033780|KR7033780008|KOSPI|2010-01-04|2026-09-01|033780_01,033780,033780_01,2022-09-23,2022-09-26,C1_PROGRESSED_WITHOUT_DIRECT_HANDOFF,PROGRESSED_WITHOUT_DIRECT_HANDOFF,2026-02-28,2026-02-27,,,EXIT4_SCORE_DRAWDOWN_GE_15,EXIT4_SCORE_DRAWDOWN_GE_15,2026-07-31,2026-07-31,2026-08-03,2026-08-03,103.95,103.95,0.0,941.0,941.0,0.0,123.46,123.46,-5.92,-5.92,True,True,True,True,103.0733,103.0733,103.0733,103.0733,5153196.16,5153196.16,0.0,EXECUTED,EXECUTED
P3-2,034020|KR7034020008|KOSPI|2010-01-04|2026-09-01|034020_01,034020,034020_01,2023-04-21,2023-04-24,,NORMAL_EARLY_TREND_HANDOFF,,,,,LOSS_GUARD_CLOSE_LE_NEG_15,LOSS_GUARD_CLOSE_LE_NEG_15,2023-05-03,2023-05-03,2023-05-04,2023-05-04,-13.29,-13.29,0.0,8.0,8.0,0.0,2.22,2.22,-15.67,-15.67,False,False,False,False,,,,,0.0,0.0,0.0,SKIPPED_CASH_UNAVAILABLE,SKIPPED_CASH_UNAVAILABLE
P3-2,034020|KR7034020008|KOSPI|2010-01-04|2026-09-01|034020_02,034020,034020_02,2024-06-21,2024-06-24,,NORMAL_EARLY_TREND_HANDOFF,,,,,LOSS_GUARD_CLOSE_LE_NEG_15,LOSS_GUARD_CLOSE_LE_NEG_15,2024-08-02,2024-08-02,2024-08-05,2024-08-05,-18.1,-18.1,0.0,31.0,31.0,0.0,18.48,18.48,-18.1,-18.1,False,False,False,False,,,,,0.0,0.0,0.0,SKIPPED_CASH_UNAVAILABLE,SKIPPED_CASH_UNAVAILABLE
P3-2,034020|KR7034020008|KOSPI|2010-01-04|2026-09-01|034020_03,034020,034020_03,2025-01-24,2025-01-31,,NORMAL_EARLY_TREND_HANDOFF,,,,,EXIT4_SCORE_DRAWDOWN_GE_15,EXIT4_SCORE_DRAWDOWN_GE_15,2025-06-30,2025-06-30,2025-07-01,2025-07-01,188.51,188.51,0.0,102.0,102.0,0.0,207.23,207.23,-15.06,-15.06,False,False,False,False,,,,,0.0,0.0,0.0,SKIPPED_CASH_UNAVAILABLE,SKIPPED_CASH_UNAVAILABLE
P3-2,034220|KR7034220004|KOSPI|2010-01-04|2026-09-01|034220_01,034220,034220_01,2025-08-29,2025-09-01,,NORMAL_EARLY_TREND_HANDOFF,,,,,EXIT3_PROGRESSED_TO_WEAK,EXIT3_PROGRESSED_TO_WEAK,2026-07-31,2026-07-31,2026-08-03,2026-08-03,-24.64,-24.64,0.0,224.0,224.0,0.0,50.97,50.97,-31.71,-31.71,False,False,False,False,,,,,0.0,0.0,0.0,SKIPPED_CASH_UNAVAILABLE,SKIPPED_CASH_UNAVAILABLE
P3-2,034730|KR7034730002|KOSPI|2010-01-04|2026-09-01|034730_01,034730,034730_01,2024-02-23,2024-02-26,,NORMAL_EARLY_TREND_HANDOFF,,,,,LOSS_GUARD_CLOSE_LE_NEG_15,LOSS_GUARD_CLOSE_LE_NEG_15,2024-04-09,2024-04-09,2024-04-11,2024-04-11,-19.17,-19.17,0.0,32.0,32.0,0.0,0.05,0.05,-19.17,-19.17,False,False,False,False,,,,,0.0,0.0,0.0,SKIPPED_CASH_UNAVAILABLE,SKIPPED_CASH_UNAVAILABLE
P3-2,034730|KR7034730002|KOSPI|2010-01-04|2026-09-01|034730_02,034730,034730_02,2025-06-13,2025-06-16,,NORMAL_EARLY_TREND_HANDOFF,,,,,EXIT4_SCORE_DRAWDOWN_GE_15,EXIT4_SCORE_DRAWDOWN_GE_15,2026-01-31,2026-01-31,2026-02-02,2026-02-02,70.96,70.96,0.0,157.0,157.0,0.0,78.59,78.59,-6.94,-6.94,False,False,False,False,,,,,0.0,0.0,0.0,SKIPPED_CASH_UNAVAILABLE,SKIPPED_CASH_UNAVAILABLE
P3-2,035250|KR7035250000|KOSPI|2010-01-04|2026-09-01|035250_01,035250,035250_01,2025-08-08,2025-08-11,,NEVER_PROGRESSED,,,,,LOSS_GUARD_CLOSE_LE_NEG_15,LOSS_GUARD_CLOSE_LE_NEG_15,2026-05-11,2026-05-11,2026-05-12,2026-05-12,-15.23,-15.23,0.0,182.0,182.0,0.0,3.6,3.6,-15.39,-15.39,True,True,True,True,-15.594,-15.594,-15.594,-15.594,-779383.27,-779383.27,0.0,EXECUTED,EXECUTED
P3-2,035420|KR7035420009|KOSPI|2010-01-04|2026-09-01|035420_01,035420,035420_01,2025-02-07,2025-02-10,,NEVER_PROGRESSED,,,,,LOSS_GUARD_CLOSE_LE_NEG_15,LOSS_GUARD_CLOSE_LE_NEG_15,2025-03-28,2025-03-28,2025-03-31,2025-03-31,-16.6,-16.6,0.0,35.0,35.0,0.0,1.09,1.09,-16.6,-16.6,True,True,True,True,-16.9177,-16.9177,-16.9177,-16.9177,-816287.93,-816287.93,0.0,EXECUTED,EXECUTED
P3-2,035420|KR7035420009|KOSPI|2010-01-04|2026-09-01|035420_02,035420,035420_02,2025-06-27,2025-06-30,,NEVER_PROGRESSED,,,,,LOSS_GUARD_CLOSE_LE_NEG_15,LOSS_GUARD_CLOSE_LE_NEG_15,2025-08-27,2025-08-27,2025-08-28,2025-08-28,-15.37,-15.37,0.0,43.0,43.0,0.0,4.67,4.67,-15.76,-15.76,False,False,False,False,,,,,0.0,0.0,0.0,SKIPPED_CASH_UNAVAILABLE,SKIPPED_CASH_UNAVAILABLE
P3-2,035720|KR7035720002|KOSPI|2017-07-10|2026-09-01|035720_01,035720,035720_01,2025-09-12,2025-09-15,C1_PROGRESSED_WITHOUT_DIRECT_HANDOFF,PROGRESSED_WITHOUT_DIRECT_HANDOFF,2025-11-30,2025-11-28,,,EXIT4_SCORE_DRAWDOWN_GE_15,EXIT4_SCORE_DRAWDOWN_GE_15,2026-01-31,2026-01-31,2026-02-02,2026-02-02,-6.92,-6.92,0.0,93.0,93.0,0.0,7.23,7.23,-14.62,-14.62,True,True,True,True,-7.3227,-7.3227,-7.3227,-7.3227,-362155.56,-362155.56,0.0,EXECUTED,EXECUTED
P3-2,035760|KR7035760008|KOSDAQ|2010-01-04|2026-09-01|035760_01,035760,035760_01,2025-06-20,2025-06-23,,NEVER_PROGRESSED,,,,,LOSS_GUARD_CLOSE_LE_NEG_15,LOSS_GUARD_CLOSE_LE_NEG_15,2025-07-24,2025-07-24,2025-07-25,2025-07-25,-16.84,-16.84,0.0,25.0,25.0,0.0,5.66,5.66,-17.61,-17.61,False,False,False,False,,,,,0.0,0.0,0.0,SKIPPED_CASH_UNAVAILABLE,SKIPPED_CASH_UNAVAILABLE
P3-2,035760|KR7035760008|KOSDAQ|2010-01-04|2026-09-01|035760_02,035760,035760_02,2025-08-22,2025-08-25,,NEVER_PROGRESSED,,,,,LOSS_GUARD_CLOSE_LE_NEG_15,LOSS_GUARD_CLOSE_LE_NEG_15,2025-11-06,2025-11-06,2025-11-07,2025-11-07,-15.5,-15.5,0.0,50.0,50.0,0.0,6.33,6.33,-17.83,-17.83,True,True,True,True,-15.8245,-15.8245,-15.8245,-15.8245,-784782.32,-784782.32,0.0,EXECUTED,EXECUTED
P3-2,036460|KR7036460004|KOSPI|2010-01-04|2026-09-01|036460_01,036460,036460_01,2026-02-20,2026-02-23,,NEVER_PROGRESSED,,,,,LOSS_GUARD_CLOSE_LE_NEG_15,LOSS_GUARD_CLOSE_LE_NEG_15,2026-03-04,2026-03-04,2026-03-05,2026-03-05,-17.27,-17.27,0.0,8.0,8.0,0.0,0.11,0.11,-20.57,-20.57,True,True,True,True,-17.6269,-17.6269,-17.6269,-17.6269,-874249.05,-874249.05,0.0,EXECUTED,EXECUTED
P3-2,036540|KR7036540003|KOSDAQ|2010-01-04|2026-09-01|036540_01,036540,036540_01,2024-01-26,2024-01-29,,NORMAL_EARLY_TREND_HANDOFF,,,,,LOSS_GUARD_CLOSE_LE_NEG_15,LOSS_GUARD_CLOSE_LE_NEG_15,2024-01-31,2024-01-31,2024-02-01,2024-02-01,-14.49,-14.49,0.0,4.0,4.0,0.0,0.0,0.0,-15.43,-15.43,True,True,True,True,-14.8447,-14.8447,-14.8447,-14.8447,-742089.78,-742089.78,0.0,EXECUTED,EXECUTED
P3-2,036570|KR7036570000|KOSPI|2010-01-04|2026-09-01|036570_01,036570,036570_01,2026-04-17,2026-04-20,,NEVER_PROGRESSED,,,,,LOSS_GUARD_CLOSE_LE_NEG_15,LOSS_GUARD_CLOSE_LE_NEG_15,2026-07-14,2026-07-14,2026-07-15,2026-07-15,-15.33,-15.33,0.0,59.0,59.0,0.0,25.36,25.36,-16.97,-16.97,True,True,True,True,-15.692,-15.692,-15.692,-15.692,-774817.96,-774817.96,0.0,EXECUTED,EXECUTED
P3-2,036930|KR7036930006|KOSDAQ|2010-01-04|2026-09-01|036930_01,036930,036930_01,2025-03-21,2025-03-24,,NORMAL_EARLY_TREND_HANDOFF,,,,,LOSS_GUARD_CLOSE_LE_NEG_15,LOSS_GUARD_CLOSE_LE_NEG_15,2025-04-07,2025-04-07,2025-04-08,2025-04-08,-14.9,-14.9,0.0,12.0,12.0,0.0,1.79,1.79,-18.83,-18.83,False,False,False,False,,,,,0.0,0.0,0.0,SKIPPED_CASH_UNAVAILABLE,SKIPPED_CASH_UNAVAILABLE
P3-2,039030|KR7039030002|KOSDAQ|2010-01-04|2026-09-01|039030_01,039030,039030_01,2023-03-31,2023-04-03,,NORMAL_EARLY_TREND_HANDOFF,,,,,EXIT4_SCORE_DRAWDOWN_GE_15,EXIT4_SCORE_DRAWDOWN_GE_15,2023-12-31,2023-12-31,2024-01-02,2024-01-02,70.84,70.84,0.0,184.0,184.0,0.0,104.36,104.36,-11.84,-11.84,True,True,True,True,70.1387,70.1387,70.1387,70.1387,3456546.76,3456546.76,0.0,EXECUTED,EXECUTED
P3-2,039130|KR7039130000|KOSPI|2011-11-01|2026-09-01|039130_01,039130,039130_01,2023-02-03,2023-02-06,,NEVER_PROGRESSED,,,,,LOSS_GUARD_CLOSE_LE_NEG_15,LOSS_GUARD_CLOSE_LE_NEG_15,2023-06-02,2023-06-02,2023-06-05,2023-06-05,-15.87,-15.87,0.0,82.0,82.0,0.0,5.87,5.87,-16.98,-16.98,False,False,False,False,,,,,0.0,0.0,0.0,SKIPPED_CASH_UNAVAILABLE,SKIPPED_CASH_UNAVAILABLE
P3-2,039130|KR7039130000|KOSPI|2011-11-01|2026-09-01|039130_02,039130,039130_02,2024-02-02,2024-02-05,,NEVER_PROGRESSED,,,,,LOSS_GUARD_CLOSE_LE_NEG_15,LOSS_GUARD_CLOSE_LE_NEG_15,2024-04-15,2024-04-15,2024-04-16,2024-04-16,-17.1,-17.1,0.0,48.0,48.0,0.0,8.78,8.78,-18.18,-18.18,False,False,False,False,,,,,0.0,0.0,0.0,SKIPPED_CASH_UNAVAILABLE,SKIPPED_CASH_UNAVAILABLE
P3-2,039200|KR7039200001|KOSDAQ|2010-01-04|2026-09-01|039200_01,039200,039200_01,2023-08-11,2023-08-14,,NORMAL_EARLY_TREND_HANDOFF,,,,,LOSS_GUARD_CLOSE_LE_NEG_15,LOSS_GUARD_CLOSE_LE_NEG_15,2023-08-31,2023-08-31,2023-09-01,2023-09-01,-16.89,-16.89,0.0,14.0,14.0,0.0,1.49,1.49,-18.24,-18.24,True,True,True,True,-17.2477,-17.2477,-17.2477,-17.2477,-860621.43,-860621.43,0.0,EXECUTED,EXECUTED
P3-2,039200|KR7039200001|KOSDAQ|2010-01-04|2026-09-01|039200_02,039200,039200_02,2024-04-26,2024-04-29,,NORMAL_EARLY_TREND_HANDOFF,,,,,EXIT4_SCORE_DRAWDOWN_GE_15,EXIT4_SCORE_DRAWDOWN_GE_15,2026-03-31,2026-03-31,2026-04-01,2026-04-01,71.19,71.19,0.0,466.0,466.0,0.0,118.54,118.54,-28.48,-28.48,True,True,True,True,70.4571,70.4571,70.4571,70.4571,3514916.07,3514916.07,0.0,EXECUTED,EXECUTED
P3-2,039490|KR7039490008|KOSPI|2010-01-04|2026-09-01|039490_01,039490,039490_01,2024-02-16,2024-02-19,,NORMAL_EARLY_TREND_HANDOFF,,,,,EXIT4_SCORE_DRAWDOWN_GE_15,EXIT4_SCORE_DRAWDOWN_GE_15,2025-09-30,2025-09-30,2025-10-01,2025-10-01,107.04,107.04,0.0,396.0,396.0,0.0,136.8,136.8,-10.31,-10.31,False,False,False,False,,,,,0.0,0.0,0.0,SKIPPED_CASH_UNAVAILABLE,SKIPPED_CASH_UNAVAILABLE
P3-2,041510|KR7041510009|KOSDAQ|2010-01-04|2026-09-01|041510_01,041510,041510_01,2025-02-14,2025-02-17,,NORMAL_EARLY_TREND_HANDOFF,,,,,EXIT4_SCORE_DRAWDOWN_GE_15,EXIT4_SCORE_DRAWDOWN_GE_15,2025-08-31,2025-08-31,2025-09-01,2025-09-01,52.39,52.39,0.0,134.0,134.0,0.0,68.22,68.22,-4.45,-4.45,True,True,True,True,51.8079,51.8079,51.8079,51.8079,2582380.6,2582380.6,0.0,EXECUTED,EXECUTED
P3-2,042660|KR7042660001|KOSPI|2010-01-04|2026-09-01|042660_01,042660,042660_01,2023-04-21,2023-04-24,,NORMAL_EARLY_TREND_HANDOFF,,,,,EXIT4_SCORE_DRAWDOWN_GE_15,EXIT4_SCORE_DRAWDOWN_GE_15,2023-10-31,2023-10-31,2023-11-01,2023-11-01,-5.26,-5.26,0.0,128.0,128.0,0.0,79.5,79.5,-11.87,-11.87,False,False,False,False,,,,,0.0,0.0,0.0,SKIPPED_CASH_UNAVAILABLE,SKIPPED_CASH_UNAVAILABLE
P3-2,042660|KR7042660001|KOSPI|2010-01-04|2026-09-01|042660_02,042660,042660_02,2024-11-08,2024-11-11,,NORMAL_EARLY_TREND_HANDOFF,,,,,LOSS_GUARD_CLOSE_LE_NEG_15,LOSS_GUARD_CLOSE_LE_NEG_15,2024-12-06,2024-12-06,2024-12-09,2024-12-09,-17.71,-17.71,0.0,21.0,21.0,0.0,9.32,9.32,-18.77,-18.77,True,True,True,True,-18.0466,-18.0466,-18.0466,-18.0466,-902309.62,-902309.62,0.0,EXECUTED,EXECUTED
P3-2,042660|KR7042660001|KOSPI|2010-01-04|2026-09-01|042660_03,042660,042660_03,2025-01-03,2025-01-06,,NORMAL_EARLY_TREND_HANDOFF,,,,,EXIT4_SCORE_DRAWDOWN_GE_15,EXIT4_SCORE_DRAWDOWN_GE_15,2025-04-30,2025-04-30,2025-05-02,2025-05-02,109.33,109.33,0.0,79.0,79.0,0.0,154.13,154.13,-3.2,-3.2,True,True,True,True,108.5391,108.5391,108.5391,108.5391,5419613.53,5419613.53,0.0,EXECUTED,EXECUTED
P3-2,047040|KR7047040001|KOSPI|2010-01-04|2026-09-01|047040_01,047040,047040_01,2025-05-30,2025-06-02,,NORMAL_EARLY_TREND_HANDOFF,,,,,LOSS_GUARD_CLOSE_LE_NEG_15,LOSS_GUARD_CLOSE_LE_NEG_15,2025-09-25,2025-09-25,2025-09-26,2025-09-26,-15.56,-15.56,0.0,82.0,82.0,0.0,12.4,12.4,-17.19,-17.19,False,False,False,False,,,,,0.0,0.0,0.0,SKIPPED_CASH_UNAVAILABLE,SKIPPED_CASH_UNAVAILABLE
P3-2,047040|KR7047040001|KOSPI|2010-01-04|2026-09-01|047040_02,047040,047040_02,2026-01-23,2026-01-26,,NORMAL_EARLY_TREND_HANDOFF,,,,,EXIT4_SCORE_DRAWDOWN_GE_15,EXIT4_SCORE_DRAWDOWN_GE_15,2026-04-30,2026-04-30,2026-05-04,2026-05-04,586.27,586.27,0.0,66.0,66.0,0.0,691.18,691.18,-6.67,-6.67,True,True,True,True,583.3283,583.3283,583.3283,583.3283,29158496.34,29158496.34,0.0,EXECUTED,EXECUTED
P3-2,047050|KR7047050000|KOSPI|2010-01-04|2026-09-01|047050_01,047050,047050_01,2022-08-19,2022-08-22,,NORMAL_EARLY_TREND_HANDOFF,,,,,LOSS_GUARD_CLOSE_LE_NEG_15,LOSS_GUARD_CLOSE_LE_NEG_15,2022-09-26,2022-09-26,2022-09-27,2022-09-27,-17.22,-17.22,0.0,25.0,25.0,0.0,5.0,5.0,-18.33,-18.33,True,True,True,True,-17.6024,-17.6024,-17.6024,-17.6024,-875491.65,-875491.65,0.0,EXECUTED,EXECUTED
P3-2,047050|KR7047050000|KOSPI|2010-01-04|2026-09-01|047050_02,047050,047050_02,2023-04-14,2023-04-17,,NORMAL_EARLY_TREND_HANDOFF,,,,,EXIT4_SCORE_DRAWDOWN_GE_15,EXIT4_SCORE_DRAWDOWN_GE_15,2023-08-31,2023-08-31,2023-09-01,2023-09-01,191.07,191.07,0.0,95.0,95.0,0.0,252.28,252.28,-4.92,-4.92,True,True,True,True,189.8251,189.8251,189.8251,189.8251,9442211.65,9442211.65,0.0,EXECUTED,EXECUTED
P3-2,047050|KR7047050000|KOSPI|2010-01-04|2026-09-01|047050_03,047050,047050_03,2026-02-06,2026-02-09,,PROGRESSED_WITHOUT_DIRECT_HANDOFF,,,,,LOSS_GUARD_CLOSE_LE_NEG_15,LOSS_GUARD_CLOSE_LE_NEG_15,2026-06-08,2026-06-08,2026-06-09,2026-06-09,-16.21,-16.21,0.0,79.0,79.0,0.0,39.45,39.45,-17.43,-17.43,True,True,True,True,-16.5677,-16.5677,-16.5677,-16.5677,-824426.87,-824426.87,0.0,EXECUTED,EXECUTED
P3-2,047810|KR7047810007|KOSPI|2011-06-30|2026-09-01|047810_01,047810,047810_01,2022-01-21,2022-01-24,,NORMAL_EARLY_TREND_HANDOFF,,,,,EXIT4_SCORE_DRAWDOWN_GE_15,EXIT4_SCORE_DRAWDOWN_GE_15,2022-06-30,2022-06-30,2022-07-01,2022-07-01,48.31,48.31,0.0,107.0,107.0,0.0,62.38,62.38,-11.23,-11.23,True,True,True,True,47.6274,47.6274,47.6274,47.6274,2378507.79,2378507.79,0.0,EXECUTED,EXECUTED
P3-2,047810|KR7047810007|KOSPI|2011-06-30|2026-09-01|047810_02,047810,047810_02,2025-03-07,2025-03-10,,NORMAL_EARLY_TREND_HANDOFF,,,,,EXIT4_SCORE_DRAWDOWN_GE_15,EXIT4_SCORE_DRAWDOWN_GE_15,2025-08-31,2025-08-31,2025-09-01,2025-09-01,19.4,19.4,0.0,120.0,120.0,0.0,30.66,30.66,-11.64,-11.64,False,False,False,False,,,,,0.0,0.0,0.0,SKIPPED_CASH_UNAVAILABLE,SKIPPED_CASH_UNAVAILABLE
P3-2,048410|KR7048410005|KOSDAQ|2010-01-04|2026-09-01|048410_01,048410,048410_01,2022-09-02,2022-09-05,,SKIPPED_EARLY_TREND_HANDOFF,,,,,LOSS_GUARD_CLOSE_LE_NEG_15,LOSS_GUARD_CLOSE_LE_NEG_15,2022-09-16,2022-09-16,2022-09-19,2022-09-19,-19.38,-19.38,0.0,9.0,9.0,0.0,4.0,4.0,-23.75,-23.75,True,True,True,True,-19.7484,-19.7484,-19.7484,-19.7484,-987405.32,-987405.32,0.0,EXECUTED,EXECUTED
P3-2,051600|KR7051600005|KOSPI|2010-01-04|2026-09-01|051600_01,051600,051600_01,2025-06-13,2025-06-16,,NEVER_PROGRESSED,,,,,LOSS_GUARD_CLOSE_LE_NEG_15,LOSS_GUARD_CLOSE_LE_NEG_15,2026-06-26,2026-06-26,2026-06-29,2026-06-29,-16.89,-16.89,0.0,254.0,254.0,0.0,30.19,30.19,-20.09,-20.09,False,False,False,False,,,,,0.0,0.0,0.0,SKIPPED_CASH_UNAVAILABLE,SKIPPED_CASH_UNAVAILABLE
P3-2,052690|KR7052690005|KOSPI|2010-01-04|2026-09-01|052690_01,052690,052690_01,2023-03-10,2023-03-13,,NORMAL_EARLY_TREND_HANDOFF,,,,,LOSS_GUARD_CLOSE_LE_NEG_15,LOSS_GUARD_CLOSE_LE_NEG_15,2023-10-19,2023-10-19,2023-10-20,2023-10-20,-21.13,-21.13,0.0,150.0,150.0,0.0,19.01,19.01,-21.13,-21.13,True,True,True,True,-21.4654,-21.4654,-21.4654,-21.4654,-1068055.82,-1068055.82,0.0,EXECUTED,EXECUTED
P3-2,053800|KR7053800009|KOSDAQ|2010-01-04|2026-09-01|053800_01,053800,053800_01,2025-04-04,2025-04-07,,NEVER_PROGRESSED,,,,,LOSS_GUARD_CLOSE_LE_NEG_15,LOSS_GUARD_CLOSE_LE_NEG_15,2025-04-16,2025-04-16,2025-04-17,2025-04-17,-16.94,-16.94,0.0,9.0,9.0,0.0,19.08,19.08,-17.55,-17.55,False,False,False,False,,,,,0.0,0.0,0.0,SKIPPED_CASH_UNAVAILABLE,SKIPPED_CASH_UNAVAILABLE
P3-2,055550|KR7055550008|KOSPI|2010-01-04|2026-09-01|055550_01,055550,055550_01,2023-01-06,2023-01-09,,NORMAL_EARLY_TREND_HANDOFF,,,,,LOSS_GUARD_CLOSE_LE_NEG_15,LOSS_GUARD_CLOSE_LE_NEG_15,2023-03-16,2023-03-16,2023-03-17,2023-03-17,-15.49,-15.49,0.0,47.0,47.0,0.0,9.51,9.51,-16.22,-16.22,True,True,True,True,-15.8506,-15.8506,-15.8506,-15.8506,-787253.73,-787253.73,0.0,EXECUTED,EXECUTED
P3-2,055550|KR7055550008|KOSPI|2010-01-04|2026-09-01|055550_02,055550,055550_02,2024-01-05,2024-01-08,,NORMAL_EARLY_TREND_HANDOFF,,,,,EXIT3_PROGRESSED_TO_EARLY_TREND,EXIT3_PROGRESSED_TO_EARLY_TREND,2025-07-31,2025-07-31,2025-08-01,2025-08-01,80.05,80.05,0.0,382.0,382.0,0.0,98.11,98.11,-2.7,-2.7,True,True,True,True,79.3708,79.3708,79.3708,79.3708,3950376.23,3950376.23,0.0,EXECUTED,EXECUTED
P3-2,056190|KR7056190002|KOSDAQ|2010-01-04|2026-09-01|056190_01,056190,056190_01,2022-03-25,2022-03-28,,PROGRESSED_WITHOUT_DIRECT_HANDOFF,,,,,LOSS_GUARD_CLOSE_LE_NEG_15,LOSS_GUARD_CLOSE_LE_NEG_15,2023-08-17,2023-08-17,2023-08-18,2023-08-18,-17.9,-17.9,0.0,348.0,348.0,0.0,8.89,8.89,-17.9,-17.9,True,True,True,True,-18.2537,-18.2537,-18.2537,-18.2537,-910353.39,-910353.39,0.0,EXECUTED,EXECUTED
P3-2,058470|KR7058470006|KOSDAQ|2010-01-04|2026-09-01|058470_01,058470,058470_01,2022-12-02,2022-12-05,,NORMAL_EARLY_TREND_HANDOFF,,,,,LOSS_GUARD_CLOSE_LE_NEG_15,LOSS_GUARD_CLOSE_LE_NEG_15,2023-03-08,2023-03-08,2023-03-09,2023-03-09,-18.59,-18.59,0.0,65.0,65.0,0.0,3.05,3.05,-21.53,-21.53,True,True,True,True,-18.944,-18.944,-18.944,-18.944,-943245.59,-943245.59,0.0,EXECUTED,EXECUTED
P3-2,058470|KR7058470006|KOSDAQ|2010-01-04|2026-09-01|058470_02,058470,058470_02,2024-01-05,2024-01-08,,NORMAL_EARLY_TREND_HANDOFF,,,,,EXIT4_SCORE_DRAWDOWN_GE_15,EXIT4_SCORE_DRAWDOWN_GE_15,2024-05-31,2024-05-31,2024-06-03,2024-06-03,31.38,31.38,0.0,99.0,99.0,0.0,51.47,51.47,-7.89,-7.89,True,True,True,True,30.8386,30.8386,30.8386,30.8386,1538520.37,1538520.37,0.0,EXECUTED,EXECUTED
P3-2,058470|KR7058470006|KOSDAQ|2010-01-04|2026-09-01|058470_03,058470,058470_03,2025-10-17,2025-10-20,,NORMAL_EARLY_TREND_HANDOFF,,,,,NO_EXIT_BEFORE_CUTOFF,NO_EXIT_BEFORE_CUTOFF,,,,,17.05,17.05,0.0,213.0,213.0,0.0,126.71,126.71,-6.68,-6.68,False,False,False,False,,,,,0.0,0.0,0.0,SKIPPED_CASH_UNAVAILABLE,SKIPPED_CASH_UNAVAILABLE
P3-2,064350|KR7064350002|KOSPI|2013-10-30|2026-09-01|064350_01,064350,064350_01,2022-07-22,2022-07-25,,NORMAL_EARLY_TREND_HANDOFF,,,,,EXIT4_SCORE_DRAWDOWN_GE_15,EXIT4_SCORE_DRAWDOWN_GE_15,2023-09-30,2023-09-30,2023-10-04,2023-10-04,12.68,12.68,0.0,295.0,295.0,0.0,64.62,64.62,-5.73,-5.73,True,True,True,True,12.1952,12.1952,12.1952,12.1952,608971.74,608971.74,0.0,EXECUTED,EXECUTED
P3-2,064350|KR7064350002|KOSPI|2013-10-30|2026-09-01|064350_02,064350,064350_02,2024-02-23,2024-02-26,,NORMAL_EARLY_TREND_HANDOFF,,,,,EXIT4_SCORE_DRAWDOWN_GE_15,EXIT4_SCORE_DRAWDOWN_GE_15,2024-10-31,2024-10-31,2024-11-01,2024-11-01,88.13,88.13,0.0,167.0,167.0,0.0,107.0,107.0,-8.98,-8.98,False,False,False,False,,,,,0.0,0.0,0.0,SKIPPED_CASH_UNAVAILABLE,SKIPPED_CASH_UNAVAILABLE
P3-2,064760|KR7064760002|KOSDAQ|2010-01-04|2026-09-01|064760_01,064760,064760_01,2024-04-12,2024-04-15,,PROGRESSED_WITHOUT_DIRECT_HANDOFF,,,,,LOSS_GUARD_CLOSE_LE_NEG_15,LOSS_GUARD_CLOSE_LE_NEG_15,2024-05-24,2024-05-24,2024-05-27,2024-05-27,-15.75,-15.75,0.0,28.0,28.0,0.0,8.88,8.88,-16.22,-16.22,False,False,False,False,,,,,0.0,0.0,0.0,SKIPPED_CASH_UNAVAILABLE,SKIPPED_CASH_UNAVAILABLE
P3-2,064760|KR7064760002|KOSDAQ|2010-01-04|2026-09-01|064760_02,064760,064760_02,2024-06-14,2024-06-17,,PROGRESSED_WITHOUT_DIRECT_HANDOFF,,,,,LOSS_GUARD_CLOSE_LE_NEG_15,LOSS_GUARD_CLOSE_LE_NEG_15,2024-07-19,2024-07-19,2024-07-22,2024-07-22,-15.15,-15.15,0.0,26.0,26.0,0.0,3.26,3.26,-17.91,-17.91,False,False,False,False,,,,,0.0,0.0,0.0,SKIPPED_CASH_UNAVAILABLE,SKIPPED_CASH_UNAVAILABLE
P3-2,064760|KR7064760002|KOSDAQ|2010-01-04|2026-09-01|064760_03,064760,064760_03,2025-06-20,2025-06-23,C1_PROGRESSED_WITHOUT_DIRECT_HANDOFF,PROGRESSED_WITHOUT_DIRECT_HANDOFF,2025-12-31,2025-12-30,,,EXIT4_SCORE_DRAWDOWN_GE_15,EXIT4_SCORE_DRAWDOWN_GE_15,2026-01-31,2026-01-31,2026-02-02,2026-02-02,120.34,120.34,0.0,152.0,152.0,0.0,147.76,147.76,-9.87,-9.87,False,False,False,False,,,,,0.0,0.0,0.0,SKIPPED_CASH_UNAVAILABLE,SKIPPED_CASH_UNAVAILABLE
P3-2,066570|KR7066570003|KOSPI|2010-01-04|2026-09-01|066570_01,066570,066570_01,2023-07-14,2023-07-17,,NORMAL_EARLY_TREND_HANDOFF,,,,,LOSS_GUARD_CLOSE_LE_NEG_15,LOSS_GUARD_CLOSE_LE_NEG_15,2023-08-02,2023-08-02,2023-08-03,2023-08-03,-15.0,-15.0,0.0,14.0,14.0,0.0,0.72,0.72,-15.4,-15.4,True,True,True,True,-15.3609,-15.3609,-15.3609,-15.3609,-767083.83,-767083.83,0.0,EXECUTED,EXECUTED
P3-2,066570|KR7066570003|KOSPI|2010-01-04|2026-09-01|066570_02,066570,066570_02,2025-11-07,2025-11-10,,NORMAL_EARLY_TREND_HANDOFF,,,,,NO_EXIT_BEFORE_CUTOFF,NO_EXIT_BEFORE_CUTOFF,,,,,143.26,143.26,0.0,198.0,198.0,0.0,392.13,392.13,-5.62,-5.62,True,True,False,False,,,142.979,142.979,7134267.65,7134267.65,0.0,EXECUTED,EXECUTED
P3-2,067630|KR7067630004|KOSDAQ|2010-01-04|2026-09-01|067630_01,067630,067630_01,2024-01-26,2024-01-29,,NEVER_PROGRESSED,,,,,LOSS_GUARD_CLOSE_LE_NEG_15,LOSS_GUARD_CLOSE_LE_NEG_15,2024-05-17,2024-05-17,2024-05-20,2024-05-20,-33.47,-33.47,0.0,74.0,74.0,0.0,102.6,102.6,-33.47,-33.47,True,True,True,True,-33.7388,-33.7388,-33.7388,-33.7388,-1685486.73,-1685486.73,0.0,EXECUTED,EXECUTED
P3-2,068270|KR7068270008|KOSPI|2018-02-09|2026-09-01|068270_01,068270,068270_01,2023-12-22,2023-12-26,,NEVER_PROGRESSED,,,,,LOSS_GUARD_CLOSE_LE_NEG_15,LOSS_GUARD_CLOSE_LE_NEG_15,2025-05-12,2025-05-12,2025-05-13,2025-05-13,-14.86,-14.86,0.0,333.0,333.0,0.0,28.67,28.67,-15.48,-15.48,False,False,False,False,,,,,0.0,0.0,0.0,SKIPPED_CASH_UNAVAILABLE,SKIPPED_CASH_UNAVAILABLE
P3-2,068270|KR7068270008|KOSPI|2018-02-09|2026-09-01|068270_02,068270,068270_02,2025-11-14,2025-11-17,,NEVER_PROGRESSED,,,,,LOSS_GUARD_CLOSE_LE_NEG_15,LOSS_GUARD_CLOSE_LE_NEG_15,2026-06-08,2026-06-08,2026-06-09,2026-06-09,-15.64,-15.64,0.0,136.0,136.0,0.0,26.07,26.07,-16.48,-16.48,True,True,True,True,-15.9991,-15.9991,-15.9991,-15.9991,-790328.25,-790328.25,0.0,EXECUTED,EXECUTED
P3-2,069260|KR7069260008|KOSPI|2010-01-04|2026-09-01|069260_01,069260,069260_01,2022-05-20,2022-05-23,,NEVER_PROGRESSED,,,,,LOSS_GUARD_CLOSE_LE_NEG_15,LOSS_GUARD_CLOSE_LE_NEG_15,2022-06-17,2022-06-17,2022-06-20,2022-06-20,-14.73,-14.73,0.0,19.0,19.0,0.0,1.77,1.77,-16.31,-16.31,True,True,True,True,-15.1263,-15.1263,-15.1263,-15.1263,-755400.3,-755400.3,0.0,EXECUTED,EXECUTED
P3-2,069620|KR7069620003|KOSPI|2010-01-04|2026-09-01|069620_01,069620,069620_01,2022-03-18,2022-03-21,,NEVER_PROGRESSED,,,,,LOSS_GUARD_CLOSE_LE_NEG_15,LOSS_GUARD_CLOSE_LE_NEG_15,2022-10-13,2022-10-13,2022-10-14,2022-10-14,-15.74,-15.74,0.0,142.0,142.0,0.0,13.99,13.99,-16.33,-16.33,True,True,True,True,-16.1304,-16.1304,-16.1304,-16.1304,-803167.23,-803167.23,0.0,EXECUTED,EXECUTED
P3-2,069620|KR7069620003|KOSPI|2010-01-04|2026-09-01|069620_02,069620,069620_02,2024-10-04,2024-10-07,,NEVER_PROGRESSED,,,,,LOSS_GUARD_CLOSE_LE_NEG_15,LOSS_GUARD_CLOSE_LE_NEG_15,2024-12-09,2024-12-09,2024-12-10,2024-12-10,-16.89,-16.89,0.0,46.0,46.0,0.0,17.18,17.18,-18.03,-18.03,True,True,True,True,-17.2326,-17.2326,-17.2326,-17.2326,-847178.8,-847178.8,0.0,EXECUTED,EXECUTED
P3-2,069620|KR7069620003|KOSPI|2010-01-04|2026-09-01|069620_03,069620,069620_03,2025-07-11,2025-07-14,,NEVER_PROGRESSED,,,,,LOSS_GUARD_CLOSE_LE_NEG_15,LOSS_GUARD_CLOSE_LE_NEG_15,2025-08-06,2025-08-06,2025-08-07,2025-08-07,-15.47,-15.47,0.0,19.0,19.0,0.0,7.58,7.58,-16.58,-16.58,False,False,False,False,,,,,0.0,0.0,0.0,SKIPPED_CASH_UNAVAILABLE,SKIPPED_CASH_UNAVAILABLE
P3-2,069960|KR7069960003|KOSPI|2010-01-04|2026-09-01|069960_01,069960,069960_01,2022-06-03,2022-06-07,,NORMAL_EARLY_TREND_HANDOFF,,,,,LOSS_GUARD_CLOSE_LE_NEG_15,LOSS_GUARD_CLOSE_LE_NEG_15,2022-07-06,2022-07-06,2022-07-07,2022-07-07,-15.34,-15.34,0.0,23.0,23.0,0.0,0.37,0.37,-16.46,-16.46,True,True,True,True,-15.7255,-15.7255,-15.7255,-15.7255,-782832.5,-782832.5,0.0,EXECUTED,EXECUTED
P3-2,069960|KR7069960003|KOSPI|2010-01-04|2026-09-01|069960_02,069960,069960_02,2025-02-21,2025-02-24,,NORMAL_EARLY_TREND_HANDOFF,,,,,EXIT4_SCORE_DRAWDOWN_GE_15,EXIT4_SCORE_DRAWDOWN_GE_15,2026-01-31,2026-01-31,2026-02-02,2026-02-02,67.72,67.72,0.0,231.0,231.0,0.0,75.09,75.09,-5.61,-5.61,False,False,False,False,,,,,0.0,0.0,0.0,SKIPPED_CASH_UNAVAILABLE,SKIPPED_CASH_UNAVAILABLE
P3-2,071050|KR7071050009|KOSPI|2010-01-04|2026-09-01|071050_01,071050,071050_01,2024-02-02,2024-02-05,C1_PROGRESSED_WITHOUT_DIRECT_HANDOFF,SKIPPED_EARLY_TREND_HANDOFF,2025-05-31,2025-05-30,,,EXIT4_SCORE_DRAWDOWN_GE_15,EXIT4_SCORE_DRAWDOWN_GE_15,2025-06-30,2025-06-30,2025-07-01,2025-07-01,112.59,112.59,0.0,339.0,339.0,0.0,122.79,122.79,-9.75,-9.75,False,False,False,False,,,,,0.0,0.0,0.0,SKIPPED_CASH_UNAVAILABLE,SKIPPED_CASH_UNAVAILABLE
P3-2,073240|KR7073240004|KOSPI|2010-01-04|2026-09-01|073240_01,073240,073240_01,2023-04-28,2023-05-02,C1_PROGRESSED_WITHOUT_DIRECT_HANDOFF,SKIPPED_EARLY_TREND_HANDOFF,2024-01-31,2024-01-31,,,EXIT4_SCORE_DRAWDOWN_GE_15,EXIT4_SCORE_DRAWDOWN_GE_15,2024-03-31,2024-03-31,2024-04-01,2024-04-01,30.62,30.62,0.0,225.0,225.0,0.0,51.54,51.54,-10.35,-10.35,False,False,False,False,,,,,0.0,0.0,0.0,SKIPPED_CASH_UNAVAILABLE,SKIPPED_CASH_UNAVAILABLE
P3-2,073240|KR7073240004|KOSPI|2010-01-04|2026-09-01|073240_02,073240,073240_02,2025-11-28,2025-12-01,,NEVER_PROGRESSED,,,,,LOSS_GUARD_CLOSE_LE_NEG_15,LOSS_GUARD_CLOSE_LE_NEG_15,2026-05-13,2026-05-13,2026-05-14,2026-05-14,-16.02,-16.02,0.0,110.0,110.0,0.0,29.66,29.66,-16.95,-16.95,True,True,True,True,-16.3775,-16.3775,-16.3775,-16.3775,-818406.43,-818406.43,0.0,EXECUTED,EXECUTED
P3-2,074600|KR7074600008|KOSDAQ|2010-01-04|2026-09-01|074600_01,074600,074600_01,2024-06-07,2024-06-10,,NORMAL_EARLY_TREND_HANDOFF,,,,,LOSS_GUARD_CLOSE_LE_NEG_15,LOSS_GUARD_CLOSE_LE_NEG_15,2024-07-17,2024-07-17,2024-07-18,2024-07-18,-21.58,-21.58,0.0,29.0,29.0,0.0,0.37,0.37,-21.58,-21.58,False,False,False,False,,,,,0.0,0.0,0.0,SKIPPED_CASH_UNAVAILABLE,SKIPPED_CASH_UNAVAILABLE
P3-2,078600|KR7078600004|KOSDAQ|2010-01-04|2026-09-01|078600_01,078600,078600_01,2024-05-31,2024-06-03,,NORMAL_EARLY_TREND_HANDOFF,,,,,LOSS_GUARD_CLOSE_LE_NEG_15,LOSS_GUARD_CLOSE_LE_NEG_15,2024-09-06,2024-09-06,2024-09-09,2024-09-09,-23.99,-23.99,0.0,69.0,69.0,0.0,37.54,37.54,-23.99,-23.99,False,False,False,False,,,,,0.0,0.0,0.0,SKIPPED_CASH_UNAVAILABLE,SKIPPED_CASH_UNAVAILABLE
P3-2,078600|KR7078600004|KOSDAQ|2010-01-04|2026-09-01|078600_02,078600,078600_02,2026-02-27,2026-03-03,,NORMAL_EARLY_TREND_HANDOFF,,,,,LOSS_GUARD_CLOSE_LE_NEG_15,LOSS_GUARD_CLOSE_LE_NEG_15,2026-03-04,2026-03-04,2026-03-05,2026-03-05,-11.15,-11.15,0.0,3.0,3.0,0.0,3.1,3.1,-21.47,-21.47,False,False,False,False,,,,,0.0,0.0,0.0,SKIPPED_CASH_UNAVAILABLE,SKIPPED_CASH_UNAVAILABLE
P3-2,078600|KR7078600004|KOSDAQ|2010-01-04|2026-09-01|078600_03,078600,078600_03,2026-04-17,2026-04-20,,NORMAL_EARLY_TREND_HANDOFF,,,,,LOSS_GUARD_CLOSE_LE_NEG_15,LOSS_GUARD_CLOSE_LE_NEG_15,2026-06-08,2026-06-08,2026-06-09,2026-06-09,-17.55,-17.55,0.0,33.0,33.0,0.0,38.03,38.03,-19.8,-19.8,True,True,True,True,-17.8992,-17.8992,-17.8992,-17.8992,-880504.89,-880504.89,0.0,EXECUTED,EXECUTED
P3-2,078930|KR7078930005|KOSPI|2010-01-04|2026-09-01|078930_01,078930,078930_01,2022-05-06,2022-05-09,,NORMAL_EARLY_TREND_HANDOFF,,,,,LOSS_GUARD_CLOSE_LE_NEG_15,LOSS_GUARD_CLOSE_LE_NEG_15,2022-06-23,2022-06-23,2022-06-24,2022-06-24,-15.3,-15.3,0.0,33.0,33.0,0.0,3.46,3.46,-15.72,-15.72,True,True,True,True,-15.6929,-15.6929,-15.6929,-15.6929,-779390.89,-779390.89,0.0,EXECUTED,EXECUTED
P3-2,078930|KR7078930005|KOSPI|2010-01-04|2026-09-01|078930_02,078930,078930_02,2023-11-24,2023-11-27,,NORMAL_EARLY_TREND_HANDOFF,,,,,LOSS_GUARD_CLOSE_LE_NEG_15,LOSS_GUARD_CLOSE_LE_NEG_15,2025-02-28,2025-02-28,2025-03-04,2025-03-04,-15.13,-15.13,0.0,306.0,306.0,0.0,33.88,33.88,-16.07,-16.07,False,False,False,False,,,,,0.0,0.0,0.0,SKIPPED_CASH_UNAVAILABLE,SKIPPED_CASH_UNAVAILABLE
P3-2,078930|KR7078930005|KOSPI|2010-01-04|2026-09-01|078930_03,078930,078930_03,2025-05-30,2025-06-02,,NORMAL_EARLY_TREND_HANDOFF,,,,,EXIT4_SCORE_DRAWDOWN_GE_15,EXIT4_SCORE_DRAWDOWN_GE_15,2026-04-30,2026-04-30,2026-05-04,2026-05-04,89.21,89.21,0.0,225.0,225.0,0.0,92.88,92.88,-1.72,-1.72,False,False,False,False,,,,,0.0,0.0,0.0,SKIPPED_CASH_UNAVAILABLE,SKIPPED_CASH_UNAVAILABLE
P3-2,079550|KR7079550000|KOSPI|2015-10-02|2026-09-01|079550_01,079550,079550_01,2023-11-10,2023-11-13,,NORMAL_EARLY_TREND_HANDOFF,,,,,EXIT4_SCORE_DRAWDOWN_GE_15,EXIT4_SCORE_DRAWDOWN_GE_15,2024-06-30,2024-06-30,2024-07-01,2024-07-01,122.0,122.0,0.0,155.0,155.0,0.0,125.56,125.56,-8.35,-8.35,True,True,True,True,121.0872,121.0872,121.0872,121.0872,5952219.02,5952219.02,0.0,EXECUTED,EXECUTED
P3-2,081660|KR7081660003|KOSPI|2010-09-28|2026-09-01|081660_01,081660,081660_01,2023-03-03,2023-03-06,,NEVER_PROGRESSED,,,,,LOSS_GUARD_CLOSE_LE_NEG_15,LOSS_GUARD_CLOSE_LE_NEG_15,2023-04-06,2023-04-06,2023-04-07,2023-04-07,-15.37,-15.37,0.0,25.0,25.0,0.0,0.0,0.0,-15.61,-15.61,False,False,False,False,,,,,0.0,0.0,0.0,SKIPPED_CASH_UNAVAILABLE,SKIPPED_CASH_UNAVAILABLE
P3-2,081660|KR7081660003|KOSPI|2010-09-28|2026-09-01|081660_02,081660,081660_02,2024-03-08,2024-03-11,,NEVER_PROGRESSED,,,,,LOSS_GUARD_CLOSE_LE_NEG_15,LOSS_GUARD_CLOSE_LE_NEG_15,2025-04-09,2025-04-09,2025-04-10,2025-04-10,-13.69,-13.69,0.0,264.0,264.0,0.0,10.85,10.85,-17.26,-17.26,False,False,False,False,,,,,0.0,0.0,0.0,SKIPPED_CASH_UNAVAILABLE,SKIPPED_CASH_UNAVAILABLE
P3-2,081660|KR7081660003|KOSPI|2010-09-28|2026-09-01|081660_03,081660,081660_03,2025-09-05,2025-09-08,,NEVER_PROGRESSED,,,,,NO_PROGRESSED_BEFORE_CUTOFF,NO_PROGRESSED_BEFORE_CUTOFF,,,,,3.46,3.46,0.0,238.0,238.0,0.0,37.95,37.95,-11.0,-11.0,True,True,False,False,,,3.3422,3.3422,166477.6,166477.6,0.0,EXECUTED,EXECUTED
P3-2,084370|KR7084370006|KOSDAQ|2010-01-04|2026-09-01|084370_01,084370,084370_01,2023-09-15,2023-09-18,,NORMAL_EARLY_TREND_HANDOFF,,,,,LOSS_GUARD_CLOSE_LE_NEG_15,LOSS_GUARD_CLOSE_LE_NEG_15,2024-02-05,2024-02-05,2024-02-06,2024-02-06,-23.64,-23.64,0.0,94.0,94.0,0.0,10.66,10.66,-25.38,-25.38,False,False,False,False,,,,,0.0,0.0,0.0,SKIPPED_CASH_UNAVAILABLE,SKIPPED_CASH_UNAVAILABLE
P3-2,084370|KR7084370006|KOSDAQ|2010-01-04|2026-09-01|084370_02,084370,084370_02,2024-04-12,2024-04-15,,NORMAL_EARLY_TREND_HANDOFF,,,,,EXIT4_SCORE_DRAWDOWN_GE_15,EXIT4_SCORE_DRAWDOWN_GE_15,2026-01-31,2026-01-31,2026-02-02,2026-02-02,114.95,114.95,0.0,438.0,438.0,0.0,150.26,150.26,-37.07,-37.07,False,False,False,False,,,,,0.0,0.0,0.0,SKIPPED_CASH_UNAVAILABLE,SKIPPED_CASH_UNAVAILABLE
P3-2,085620|KR7085620003|KOSPI|2015-07-08|2026-09-01|085620_01,085620,085620_01,2025-06-13,2025-06-16,,NORMAL_EARLY_TREND_HANDOFF,,,,,EXIT4_SCORE_DRAWDOWN_GE_15,EXIT4_SCORE_DRAWDOWN_GE_15,2026-02-28,2026-02-28,2026-03-03,2026-03-03,92.19,92.19,0.0,174.0,174.0,0.0,200.31,200.31,-13.78,-13.78,False,False,False,False,,,,,0.0,0.0,0.0,SKIPPED_CASH_UNAVAILABLE,SKIPPED_CASH_UNAVAILABLE
P3-2,085660|KR7085660009|KOSDAQ|2010-01-04|2026-09-01|085660_01,085660,085660_01,2026-01-02,2026-01-05,C1_PROGRESSED_WITHOUT_DIRECT_HANDOFF,PROGRESSED_WITHOUT_DIRECT_HANDOFF,2026-04-30,2026-04-30,2026-05-29,BASE,NO_EXIT_BEFORE_CUTOFF,EXIT3_PROGRESSED_TO_BASE,,2026-05-29,,2026-06-01,-45.66,-7.68,37.98,161.0,99.0,-62.0,61.28,61.28,-48.82,-14.48,True,True,False,True,,-8.0731,-45.719,-8.0731,-2283818.79,-403279.55,1880539.24,EXECUTED,EXECUTED
P3-2,086280|KR7086280005|KOSPI|2010-01-04|2026-09-01|086280_01,086280,086280_01,2022-04-15,2022-04-18,,NORMAL_EARLY_TREND_HANDOFF,,,,,LOSS_GUARD_CLOSE_LE_NEG_15,LOSS_GUARD_CLOSE_LE_NEG_15,2022-09-07,2022-09-07,2022-09-08,2022-09-08,-14.54,-14.54,0.0,100.0,100.0,0.0,9.18,9.18,-17.35,-17.35,True,True,True,True,-14.9338,-14.9338,-14.9338,-14.9338,-732880.05,-732880.05,0.0,EXECUTED,EXECUTED
P3-2,086280|KR7086280005|KOSPI|2010-01-04|2026-09-01|086280_02,086280,086280_02,2023-06-16,2023-06-19,,NORMAL_EARLY_TREND_HANDOFF,,,,,EXIT4_SCORE_DRAWDOWN_GE_15,EXIT4_SCORE_DRAWDOWN_GE_15,2025-10-31,2025-10-31,2025-11-03,2025-11-03,93.59,93.59,0.0,578.0,578.0,0.0,102.2,102.2,-15.52,-15.52,False,False,False,False,,,,,0.0,0.0,0.0,SKIPPED_CASH_UNAVAILABLE,SKIPPED_CASH_UNAVAILABLE
P3-2,086450|KR7086450004|KOSDAQ|2010-01-04|2026-09-01|086450_01,086450,086450_01,2026-03-27,2026-03-30,,NEVER_PROGRESSED,,,,,LOSS_GUARD_CLOSE_LE_NEG_15,LOSS_GUARD_CLOSE_LE_NEG_15,2026-06-01,2026-06-01,2026-06-02,2026-06-02,-15.89,-15.89,0.0,44.0,44.0,0.0,36.76,36.76,-17.02,-17.02,True,True,True,True,-16.2473,-16.2473,-16.2473,-16.2473,-810258.61,-810258.61,0.0,EXECUTED,EXECUTED
P3-2,086790|KR7086790003|KOSPI|2010-01-04|2026-09-01|086790_01,086790,086790_01,2023-01-06,2023-01-09,,NORMAL_EARLY_TREND_HANDOFF,,,,,LOSS_GUARD_CLOSE_LE_NEG_15,LOSS_GUARD_CLOSE_LE_NEG_15,2023-03-14,2023-03-14,2023-03-15,2023-03-15,-14.45,-14.45,0.0,45.0,45.0,0.0,9.22,9.22,-16.6,-16.6,True,True,True,True,-14.814,-14.814,-14.814,-14.814,-738230.11,-738230.11,0.0,EXECUTED,EXECUTED
P3-2,086790|KR7086790003|KOSPI|2010-01-04|2026-09-01|086790_02,086790,086790_02,2023-10-06,2023-10-10,,NORMAL_EARLY_TREND_HANDOFF,,,,,EXIT4_SCORE_DRAWDOWN_GE_15,EXIT4_SCORE_DRAWDOWN_GE_15,2025-11-30,2025-11-30,2025-12-01,2025-12-01,119.0,119.0,0.0,523.0,523.0,0.0,134.3,134.3,-9.73,-9.73,True,True,True,True,118.1725,118.1725,118.1725,118.1725,5870761.72,5870761.72,0.0,EXECUTED,EXECUTED
P3-2,086900|KR7086900008|KOSDAQ|2010-01-04|2026-09-01|086900_01,086900,086900_01,2023-02-10,2023-02-13,,NORMAL_EARLY_TREND_HANDOFF,,,,,EXIT4_SCORE_DRAWDOWN_GE_15,EXIT4_SCORE_DRAWDOWN_GE_15,2023-07-31,2023-07-31,2023-08-01,2023-08-01,31.52,31.52,0.0,117.0,117.0,0.0,70.3,70.3,-0.61,-0.61,False,False,False,False,,,,,0.0,0.0,0.0,SKIPPED_CASH_UNAVAILABLE,SKIPPED_CASH_UNAVAILABLE
P3-2,086900|KR7086900008|KOSDAQ|2010-01-04|2026-09-01|086900_02,086900,086900_02,2024-08-30,2024-09-02,,NEVER_PROGRESSED,,,,,LOSS_GUARD_CLOSE_LE_NEG_15,LOSS_GUARD_CLOSE_LE_NEG_15,2024-10-22,2024-10-22,2024-10-23,2024-10-23,-12.99,-12.99,0.0,32.0,32.0,0.0,0.0,0.0,-18.01,-18.01,True,True,True,True,-13.3413,-13.3413,-13.3413,-13.3413,-644323.06,-644323.06,0.0,EXECUTED,EXECUTED
P3-2,088350|KR7088350004|KOSPI|2010-03-17|2026-09-01|088350_01,088350,088350_01,2023-10-06,2023-10-10,,PROGRESSED_WITHOUT_DIRECT_HANDOFF,,,,,LOSS_GUARD_CLOSE_LE_NEG_15,LOSS_GUARD_CLOSE_LE_NEG_15,2024-01-18,2024-01-18,2024-01-19,2024-01-19,-16.24,-16.24,0.0,71.0,71.0,0.0,4.96,4.96,-17.26,-17.26,True,True,True,True,-16.5822,-16.5822,-16.5822,-16.5822,-828896.86,-828896.86,0.0,EXECUTED,EXECUTED
P3-2,088350|KR7088350004|KOSPI|2010-03-17|2026-09-01|088350_02,088350,088350_02,2024-02-16,2024-02-19,,PROGRESSED_WITHOUT_DIRECT_HANDOFF,,,,,LOSS_GUARD_CLOSE_LE_NEG_15,LOSS_GUARD_CLOSE_LE_NEG_15,2024-03-28,2024-03-28,2024-03-29,2024-03-29,-14.79,-14.79,0.0,29.0,29.0,0.0,4.25,4.25,-15.52,-15.52,False,False,False,False,,,,,0.0,0.0,0.0,SKIPPED_CASH_UNAVAILABLE,SKIPPED_CASH_UNAVAILABLE
P3-2,088350|KR7088350004|KOSPI|2010-03-17|2026-09-01|088350_03,088350,088350_03,2025-05-30,2025-06-02,C1_PROGRESSED_WITHOUT_DIRECT_HANDOFF,PROGRESSED_WITHOUT_DIRECT_HANDOFF,2026-05-31,2026-05-29,,,NO_EXIT_BEFORE_CUTOFF,NO_EXIT_BEFORE_CUTOFF,,,,,93.95,93.95,0.0,305.0,305.0,0.0,154.12,154.12,-3.19,-3.19,False,False,False,False,,,,,0.0,0.0,0.0,SKIPPED_CASH_UNAVAILABLE,SKIPPED_CASH_UNAVAILABLE
P3-2,088980|KR7088980008|KOSPI|2010-01-04|2026-09-01|088980_01,088980,088980_01,2022-01-28,2022-02-03,,NEVER_PROGRESSED,,,,,LOSS_GUARD_CLOSE_LE_NEG_15,LOSS_GUARD_CLOSE_LE_NEG_15,2022-07-15,2022-07-15,2022-07-19,2022-07-19,-10.99,-10.99,0.0,85.0,85.0,0.0,4.77,4.77,-17.22,-17.22,True,True,True,True,-11.3989,-11.3989,-11.3989,-11.3989,-569345.63,-569345.63,0.0,EXECUTED,EXECUTED
P3-2,088980|KR7088980008|KOSPI|2010-01-04|2026-09-01|088980_02,088980,088980_02,2023-06-02,2023-06-07,,NEVER_PROGRESSED,,,,,LOSS_GUARD_CLOSE_LE_NEG_15,LOSS_GUARD_CLOSE_LE_NEG_15,2024-11-12,2024-11-12,2024-11-13,2024-11-13,-15.32,-15.32,0.0,346.0,346.0,0.0,2.91,2.91,-21.39,-21.39,False,False,False,False,,,,,0.0,0.0,0.0,SKIPPED_CASH_UNAVAILABLE,SKIPPED_CASH_UNAVAILABLE
P3-2,089030|KR7089030001|KOSDAQ|2011-11-10|2026-09-01|089030_01,089030,089030_01,2025-09-12,2025-09-15,C1_PROGRESSED_WITHOUT_DIRECT_HANDOFF,PROGRESSED_WITHOUT_DIRECT_HANDOFF,2026-02-28,2026-02-27,2026-03-31,TRANSITION,NO_EXIT_BEFORE_CUTOFF,EXIT3_PROGRESSED_TO_TRANSITION,,2026-03-31,,2026-04-01,15.35,9.77,-5.58,233.0,131.0,-102.0,72.09,72.09,-26.45,-15.93,False,False,False,False,,,,,0.0,0.0,0.0,SKIPPED_CASH_UNAVAILABLE,SKIPPED_CASH_UNAVAILABLE
P3-2,089590|KR7089590004|KOSPI|2015-11-06|2026-09-01|089590_01,089590,089590_01,2022-04-08,2022-04-11,,NEVER_PROGRESSED,,,,,LOSS_GUARD_CLOSE_LE_NEG_15,LOSS_GUARD_CLOSE_LE_NEG_15,2022-05-12,2022-05-12,2022-05-13,2022-05-13,-15.79,-15.79,0.0,22.0,22.0,0.0,4.84,4.84,-18.95,-18.95,True,True,True,True,-16.1779,-16.1779,-16.1779,-16.1779,-805610.99,-805610.99,0.0,EXECUTED,EXECUTED
P3-2,089860|KR7089860001|KOSPI|2021-08-19|2026-09-01|089860_01,089860,089860_01,2024-08-02,2024-08-05,,NEVER_PROGRESSED,,,,,NO_PROGRESSED_BEFORE_CUTOFF,NO_PROGRESSED_BEFORE_CUTOFF,,,,,65.27,65.27,0.0,502.0,502.0,0.0,70.16,70.16,-9.08,-9.08,True,True,False,False,,,65.0806,65.0806,3248066.39,3248066.39,0.0,EXECUTED,EXECUTED
P3-2,090430|KR7090430000|KOSPI|2010-01-04|2026-09-01|090430_01,090430,090430_01,2024-05-03,2024-05-07,,SKIPPED_EARLY_TREND_HANDOFF,,,,,LOSS_GUARD_CLOSE_LE_NEG_15,LOSS_GUARD_CLOSE_LE_NEG_15,2024-08-07,2024-08-07,2024-08-08,2024-08-08,-27.03,-27.03,0.0,66.0,66.0,0.0,18.85,18.85,-27.03,-27.03,True,True,True,True,-27.3289,-27.3289,-27.3289,-27.3289,-1338551.12,-1338551.12,0.0,EXECUTED,EXECUTED
P3-2,090430|KR7090430000|KOSPI|2010-01-04|2026-09-01|090430_02,090430,090430_02,2025-05-30,2025-06-02,,NEVER_PROGRESSED,,,,,LOSS_GUARD_CLOSE_LE_NEG_15,LOSS_GUARD_CLOSE_LE_NEG_15,2026-06-01,2026-06-01,2026-06-02,2026-06-02,-16.93,-16.93,0.0,244.0,244.0,0.0,26.03,26.03,-17.3,-17.3,False,False,False,False,,,,,0.0,0.0,0.0,SKIPPED_CASH_UNAVAILABLE,SKIPPED_CASH_UNAVAILABLE
P3-2,095340|KR7095340006|KOSDAQ|2010-01-04|2026-09-01|095340_01,095340,095340_01,2025-01-03,2025-01-06,,NORMAL_EARLY_TREND_HANDOFF,,,,,LOSS_GUARD_CLOSE_LE_NEG_15,LOSS_GUARD_CLOSE_LE_NEG_15,2025-02-03,2025-02-03,2025-02-04,2025-02-04,-14.17,-14.17,0.0,18.0,18.0,0.0,12.08,12.08,-17.64,-17.64,True,True,True,True,-14.4923,-14.4923,-14.4923,-14.4923,-720807.04,-720807.04,0.0,EXECUTED,EXECUTED
P3-2,095340|KR7095340006|KOSDAQ|2010-01-04|2026-09-01|095340_02,095340,095340_02,2025-02-14,2025-02-17,,NORMAL_EARLY_TREND_HANDOFF,,,,,LOSS_GUARD_CLOSE_LE_NEG_15,LOSS_GUARD_CLOSE_LE_NEG_15,2025-03-04,2025-03-04,2025-03-05,2025-03-05,-13.33,-13.33,0.0,12.0,12.0,0.0,5.47,5.47,-18.0,-18.0,False,False,False,False,,,,,0.0,0.0,0.0,SKIPPED_CASH_UNAVAILABLE,SKIPPED_CASH_UNAVAILABLE
P3-2,095340|KR7095340006|KOSDAQ|2010-01-04|2026-09-01|095340_03,095340,095340_03,2025-10-31,2025-11-03,,NORMAL_EARLY_TREND_HANDOFF,,,,,NO_EXIT_BEFORE_CUTOFF,NO_EXIT_BEFORE_CUTOFF,,,,,114.29,114.29,0.0,203.0,203.0,0.0,269.79,269.79,-11.88,-11.88,False,False,False,False,,,,,0.0,0.0,0.0,SKIPPED_CASH_UNAVAILABLE,SKIPPED_CASH_UNAVAILABLE
P3-2,096530|KR7096530001|KOSDAQ|2010-09-10|2026-09-01|096530_01,096530,096530_01,2025-05-16,2025-05-19,,NEVER_PROGRESSED,,,,,LOSS_GUARD_CLOSE_LE_NEG_15,LOSS_GUARD_CLOSE_LE_NEG_15,2025-08-11,2025-08-11,2025-08-12,2025-08-12,-16.37,-16.37,0.0,60.0,60.0,0.0,10.06,10.06,-18.32,-18.32,False,True,False,True,,-16.6837,,-16.6837,0.0,-828746.42,-828746.42,SKIPPED_CASH_UNAVAILABLE,EXECUTED
P3-2,096530|KR7096530001|KOSDAQ|2010-09-10|2026-09-01|096530_02,096530,096530_02,2026-05-15,2026-05-18,,NEVER_PROGRESSED,,,,,LOSS_GUARD_CLOSE_LE_NEG_15,LOSS_GUARD_CLOSE_LE_NEG_15,2026-07-20,2026-07-20,2026-07-21,2026-07-21,-15.47,-15.47,0.0,44.0,44.0,0.0,3.67,3.67,-15.95,-15.95,True,True,True,True,-15.8334,-15.8334,-15.8334,-15.8334,-790146.56,-790146.56,0.0,EXECUTED,EXECUTED
P3-2,096530|KR7096530001|KOSDAQ|2010-09-10|2026-09-01|096530_03,096530,096530_03,2026-08-28,2026-08-31,,NEVER_PROGRESSED,,,,,NO_PROGRESSED_BEFORE_CUTOFF,NO_PROGRESSED_BEFORE_CUTOFF,,,,,-4.41,-4.41,0.0,1.0,1.0,0.0,1.28,1.28,-7.97,-7.97,True,True,False,False,,,-4.5195,-4.5195,-225840.74,-225840.74,0.0,EXECUTED,EXECUTED
P3-2,097950|KR7097950000|KOSPI|2010-01-04|2026-09-01|097950_01,097950,097950_01,2024-05-31,2024-06-03,,NEVER_PROGRESSED,,,,,LOSS_GUARD_CLOSE_LE_NEG_15,LOSS_GUARD_CLOSE_LE_NEG_15,2024-10-02,2024-10-02,2024-10-04,2024-10-04,-17.11,-17.11,0.0,83.0,83.0,0.0,15.28,15.28,-17.96,-17.96,False,False,False,False,,,,,0.0,0.0,0.0,SKIPPED_CASH_UNAVAILABLE,SKIPPED_CASH_UNAVAILABLE
P3-2,098460|KR7098460009|KOSDAQ|2010-01-04|2026-09-01|098460_01,098460,098460_01,2025-02-14,2025-02-17,,NORMAL_EARLY_TREND_HANDOFF,,,,,LOSS_GUARD_CLOSE_LE_NEG_15,LOSS_GUARD_CLOSE_LE_NEG_15,2025-02-28,2025-02-28,2025-03-04,2025-03-04,-20.2,-20.2,0.0,11.0,11.0,0.0,9.61,9.61,-20.2,-20.2,False,False,False,False,,,,,0.0,0.0,0.0,SKIPPED_CASH_UNAVAILABLE,SKIPPED_CASH_UNAVAILABLE
P3-2,101490|KR7101490001|KOSDAQ|2010-01-04|2026-09-01|101490_01,101490,101490_01,2025-10-10,2025-10-13,,NORMAL_EARLY_TREND_HANDOFF,,,,,LOSS_GUARD_CLOSE_LE_NEG_15,LOSS_GUARD_CLOSE_LE_NEG_15,2025-11-21,2025-11-21,2025-11-24,2025-11-24,-14.35,-14.35,0.0,31.0,31.0,0.0,23.89,23.89,-16.28,-16.28,False,False,False,False,,,,,0.0,0.0,0.0,SKIPPED_CASH_UNAVAILABLE,SKIPPED_CASH_UNAVAILABLE
P3-2,103140|KR7103140000|KOSPI|2010-01-04|2026-09-01|103140_01,103140,103140_01,2023-01-27,2023-01-30,,NORMAL_EARLY_TREND_HANDOFF,,,,,EXIT4_SCORE_DRAWDOWN_GE_15,EXIT4_SCORE_DRAWDOWN_GE_15,2024-06-30,2024-06-30,2024-07-01,2024-07-01,76.63,76.63,0.0,349.0,349.0,0.0,119.47,119.47,-11.68,-11.68,True,True,True,True,75.9112,75.9112,75.9112,75.9112,3770360.23,3770360.23,0.0,EXECUTED,EXECUTED
P3-2,105560|KR7105560007|KOSPI|2010-01-04|2026-09-01|105560_01,105560,105560_01,2023-01-06,2023-01-09,,NORMAL_EARLY_TREND_HANDOFF,,,,,LOSS_GUARD_CLOSE_LE_NEG_15,LOSS_GUARD_CLOSE_LE_NEG_15,2023-03-14,2023-03-14,2023-03-15,2023-03-15,-15.1,-15.1,0.0,45.0,45.0,0.0,5.93,5.93,-15.71,-15.71,True,True,True,True,-15.4605,-15.4605,-15.4605,-15.4605,-771607.05,-771607.05,0.0,EXECUTED,EXECUTED
P3-2,105560|KR7105560007|KOSPI|2010-01-04|2026-09-01|105560_02,105560,105560_02,2023-09-08,2023-09-11,,NORMAL_EARLY_TREND_HANDOFF,,,,,EXIT4_SCORE_DRAWDOWN_GE_15,EXIT4_SCORE_DRAWDOWN_GE_15,2024-11-30,2024-11-30,2024-12-02,2024-12-02,76.32,76.32,0.0,298.0,298.0,0.0,89.25,89.25,-10.93,-10.93,False,False,False,False,,,,,0.0,0.0,0.0,SKIPPED_CASH_UNAVAILABLE,SKIPPED_CASH_UNAVAILABLE
P3-2,111770|KR7111770004|KOSPI|2010-01-04|2026-09-01|111770_01,111770,111770_01,2023-06-09,2023-06-12,,PROGRESSED_WITHOUT_DIRECT_HANDOFF,,,,,LOSS_GUARD_CLOSE_LE_NEG_15,LOSS_GUARD_CLOSE_LE_NEG_15,2024-01-10,2024-01-10,2024-01-11,2024-01-11,-15.2,-15.2,0.0,145.0,145.0,0.0,33.14,33.14,-16.08,-16.08,False,False,False,False,,,,,0.0,0.0,0.0,SKIPPED_CASH_UNAVAILABLE,SKIPPED_CASH_UNAVAILABLE
P3-2,111770|KR7111770004|KOSPI|2010-01-04|2026-09-01|111770_02,111770,111770_02,2025-02-28,2025-03-04,C1_PROGRESSED_WITHOUT_DIRECT_HANDOFF,PROGRESSED_WITHOUT_DIRECT_HANDOFF,2025-10-31,2025-10-31,,,EXIT4_SCORE_DRAWDOWN_GE_15,EXIT4_SCORE_DRAWDOWN_GE_15,2025-11-30,2025-11-30,2025-12-01,2025-12-01,85.34,85.34,0.0,184.0,184.0,0.0,101.88,101.88,-12.46,-12.46,False,False,False,False,,,,,0.0,0.0,0.0,SKIPPED_CASH_UNAVAILABLE,SKIPPED_CASH_UNAVAILABLE
P3-2,112610|KR7112610001|KOSPI|2014-11-27|2026-09-01|112610_01,112610,112610_01,2022-08-26,2022-08-29,,NEVER_PROGRESSED,,,,,LOSS_GUARD_CLOSE_LE_NEG_15,LOSS_GUARD_CLOSE_LE_NEG_15,2023-09-21,2023-09-21,2023-09-22,2023-09-22,-16.52,-16.52,0.0,267.0,267.0,0.0,35.45,35.45,-16.52,-16.52,True,True,True,True,-16.8736,-16.8736,-16.8736,-16.8736,-836201.73,-836201.73,0.0,EXECUTED,EXECUTED
P3-2,112610|KR7112610001|KOSPI|2014-11-27|2026-09-01|112610_02,112610,112610_02,2024-08-30,2024-09-02,,NEVER_PROGRESSED,,,,,LOSS_GUARD_CLOSE_LE_NEG_15,LOSS_GUARD_CLOSE_LE_NEG_15,2024-11-06,2024-11-06,2024-11-07,2024-11-07,-16.93,-16.93,0.0,43.0,43.0,0.0,14.13,14.13,-17.7,-17.7,True,True,True,True,-17.2655,-17.2655,-17.2655,-17.2655,-857147.86,-857147.86,0.0,EXECUTED,EXECUTED
P3-2,112610|KR7112610001|KOSPI|2014-11-27|2026-09-01|112610_03,112610,112610_03,2026-02-27,2026-03-03,,NEVER_PROGRESSED,,,,,LOSS_GUARD_CLOSE_LE_NEG_15,LOSS_GUARD_CLOSE_LE_NEG_15,2026-03-04,2026-03-04,2026-03-05,2026-03-05,-12.98,-12.98,0.0,3.0,3.0,0.0,3.44,3.44,-20.23,-20.23,False,False,False,False,,,,,0.0,0.0,0.0,SKIPPED_CASH_UNAVAILABLE,SKIPPED_CASH_UNAVAILABLE
P3-2,112610|KR7112610001|KOSPI|2014-11-27|2026-09-01|112610_04,112610,112610_04,2026-03-13,2026-03-16,,NEVER_PROGRESSED,,,,,LOSS_GUARD_CLOSE_LE_NEG_15,LOSS_GUARD_CLOSE_LE_NEG_15,2026-05-28,2026-05-28,2026-05-29,2026-05-29,-16.23,-16.23,0.0,52.0,52.0,0.0,37.13,37.13,-20.12,-20.12,True,True,True,True,-16.5945,-16.5945,-16.5945,-16.5945,-827256.74,-827256.74,0.0,EXECUTED,EXECUTED
P3-2,114090|KR7114090004|KOSPI|2010-01-04|2026-09-01|114090_01,114090,114090_01,2022-11-11,2022-11-14,,NEVER_PROGRESSED,,,,,LOSS_GUARD_CLOSE_LE_NEG_15,LOSS_GUARD_CLOSE_LE_NEG_15,2023-07-19,2023-07-19,2023-07-20,2023-07-20,-15.2,-15.2,0.0,171.0,171.0,0.0,27.63,27.63,-15.44,-15.44,True,True,True,True,-15.5593,-15.5593,-15.5593,-15.5593,-775485.69,-775485.69,0.0,EXECUTED,EXECUTED
P3-2,114090|KR7114090004|KOSPI|2010-01-04|2026-09-01|114090_02,114090,114090_02,2025-07-04,2025-07-07,,NEVER_PROGRESSED,,,,,LOSS_GUARD_CLOSE_LE_NEG_15,LOSS_GUARD_CLOSE_LE_NEG_15,2025-11-12,2025-11-12,2025-11-13,2025-11-13,-17.18,-17.18,0.0,88.0,88.0,0.0,10.25,10.25,-18.1,-18.1,False,False,False,False,,,,,0.0,0.0,0.0,SKIPPED_CASH_UNAVAILABLE,SKIPPED_CASH_UNAVAILABLE
P3-2,120110|KR7120110002|KOSPI|2010-02-01|2026-09-01|120110_01,120110,120110_01,2025-07-04,2025-07-07,,NORMAL_EARLY_TREND_HANDOFF,,,,,LOSS_GUARD_CLOSE_LE_NEG_15,LOSS_GUARD_CLOSE_LE_NEG_15,2025-08-11,2025-08-11,2025-08-12,2025-08-12,-15.56,-15.56,0.0,27.0,27.0,0.0,14.39,14.39,-16.14,-16.14,False,False,False,False,,,,,0.0,0.0,0.0,SKIPPED_CASH_UNAVAILABLE,SKIPPED_CASH_UNAVAILABLE
P3-2,122870|KR7122870009|KOSDAQ|2011-11-23|2026-09-01|122870_01,122870,122870_01,2023-04-14,2023-04-17,,NORMAL_EARLY_TREND_HANDOFF,,,,,EXIT4_SCORE_DRAWDOWN_GE_15,EXIT4_SCORE_DRAWDOWN_GE_15,2025-08-31,2025-08-31,2025-09-01,2025-09-01,59.38,59.38,0.0,579.0,579.0,0.0,70.23,70.23,-53.57,-53.57,False,False,False,False,,,,,0.0,0.0,0.0,SKIPPED_CASH_UNAVAILABLE,SKIPPED_CASH_UNAVAILABLE
P3-2,128940|KR7128940004|KOSPI|2010-07-30|2026-09-01|128940_01,128940,128940_01,2022-04-29,2022-05-02,,NORMAL_EARLY_TREND_HANDOFF,,,,,LOSS_GUARD_CLOSE_LE_NEG_15,LOSS_GUARD_CLOSE_LE_NEG_15,2022-09-21,2022-09-21,2022-09-22,2022-09-22,-24.23,-24.23,0.0,97.0,97.0,0.0,6.46,6.46,-24.23,-24.23,True,True,True,True,-24.5808,-24.5808,-24.5808,-24.5808,-1174223.64,-1174223.64,0.0,EXECUTED,EXECUTED
P3-2,128940|KR7128940004|KOSPI|2010-07-30|2026-09-01|128940_02,128940,128940_02,2023-04-21,2023-04-24,,NORMAL_EARLY_TREND_HANDOFF,,,,,LOSS_GUARD_CLOSE_LE_NEG_15,LOSS_GUARD_CLOSE_LE_NEG_15,2024-12-09,2024-12-09,2024-12-10,2024-12-10,-19.96,-19.96,0.0,399.0,399.0,0.0,23.16,23.16,-20.45,-20.45,False,False,False,False,,,,,0.0,0.0,0.0,SKIPPED_CASH_UNAVAILABLE,SKIPPED_CASH_UNAVAILABLE
P3-2,128940|KR7128940004|KOSPI|2010-07-30|2026-09-01|128940_03,128940,128940_03,2025-05-30,2025-06-02,,NORMAL_EARLY_TREND_HANDOFF,,,,,EXIT4_SCORE_DRAWDOWN_GE_15,EXIT4_SCORE_DRAWDOWN_GE_15,2026-05-31,2026-05-31,2026-06-01,2026-06-01,83.57,83.57,0.0,243.0,243.0,0.0,108.37,108.37,-13.85,-13.85,False,False,False,False,,,,,0.0,0.0,0.0,SKIPPED_CASH_UNAVAILABLE,SKIPPED_CASH_UNAVAILABLE
P3-2,131970|KR7131970006|KOSDAQ|2013-10-22|2026-09-01|131970_01,131970,131970_01,2026-01-02,2026-01-05,C1_PROGRESSED_WITHOUT_DIRECT_HANDOFF,SKIPPED_EARLY_TREND_HANDOFF,2026-02-28,2026-02-27,,,EXIT4_SCORE_DRAWDOWN_GE_15,EXIT4_SCORE_DRAWDOWN_GE_15,2026-03-31,2026-03-31,2026-04-01,2026-04-01,91.07,91.07,0.0,59.0,59.0,0.0,109.82,109.82,-12.59,-12.59,True,True,True,True,90.2511,90.2511,90.2511,90.2511,4503290.68,4503290.68,0.0,EXECUTED,EXECUTED
P3-2,137400|KR7137400008|KOSDAQ|2012-07-06|2026-09-01|137400_01,137400,137400_01,2024-06-07,2024-06-10,,NEVER_PROGRESSED,,,,,LOSS_GUARD_CLOSE_LE_NEG_15,LOSS_GUARD_CLOSE_LE_NEG_15,2024-06-27,2024-06-27,2024-06-28,2024-06-28,-15.99,-15.99,0.0,15.0,15.0,0.0,12.72,12.72,-16.12,-16.12,False,False,False,False,,,,,0.0,0.0,0.0,SKIPPED_CASH_UNAVAILABLE,SKIPPED_CASH_UNAVAILABLE
P3-2,137400|KR7137400008|KOSDAQ|2012-07-06|2026-09-01|137400_02,137400,137400_02,2026-02-20,2026-02-23,,NEVER_PROGRESSED,,,,,LOSS_GUARD_CLOSE_LE_NEG_15,LOSS_GUARD_CLOSE_LE_NEG_15,2026-03-04,2026-03-04,2026-03-05,2026-03-05,-16.88,-16.88,0.0,8.0,8.0,0.0,2.57,2.57,-24.77,-24.77,True,True,True,True,-17.2376,-17.2376,-17.2376,-17.2376,-855880.55,-855880.55,0.0,EXECUTED,EXECUTED
P3-2,137400|KR7137400008|KOSDAQ|2012-07-06|2026-09-01|137400_03,137400,137400_03,2026-04-17,2026-04-20,,NEVER_PROGRESSED,,,,,LOSS_GUARD_CLOSE_LE_NEG_15,LOSS_GUARD_CLOSE_LE_NEG_15,2026-05-19,2026-05-19,2026-05-20,2026-05-20,-16.73,-16.73,0.0,21.0,21.0,0.0,14.6,14.6,-18.11,-18.11,True,True,True,True,-17.0858,-17.0858,-17.0858,-17.0858,-851371.11,-851371.11,0.0,EXECUTED,EXECUTED
P3-2,138040|KR7138040001|KOSPI|2011-05-13|2026-09-01|138040_01,138040,138040_01,2023-08-18,2023-08-21,,NORMAL_EARLY_TREND_HANDOFF,,,,,EXIT4_SCORE_DRAWDOWN_GE_15,EXIT4_SCORE_DRAWDOWN_GE_15,2023-12-31,2023-12-31,2024-01-02,2024-01-02,16.8,16.8,0.0,89.0,89.0,0.0,19.6,19.6,-5.6,-5.6,True,True,True,True,16.3219,16.3219,16.3219,16.3219,808862.31,808862.31,0.0,EXECUTED,EXECUTED
P3-2,138040|KR7138040001|KOSPI|2011-05-13|2026-09-01|138040_02,138040,138040_02,2026-02-13,2026-02-19,,NEVER_PROGRESSED,,,,,LOSS_GUARD_CLOSE_LE_NEG_15,LOSS_GUARD_CLOSE_LE_NEG_15,2026-03-04,2026-03-04,2026-03-05,2026-03-05,-16.74,-16.74,0.0,10.0,10.0,0.0,6.7,6.7,-22.44,-22.44,True,True,True,True,-17.0953,-17.0953,-17.0953,-17.0953,-841031.27,-841031.27,0.0,EXECUTED,EXECUTED
P3-2,138930|KR7138930003|KOSPI|2011-03-30|2026-09-01|138930_01,138930,138930_01,2024-02-16,2024-02-19,C1_PROGRESSED_WITHOUT_DIRECT_HANDOFF,PROGRESSED_WITHOUT_DIRECT_HANDOFF,2024-12-31,2024-12-30,,,EXIT4_SCORE_DRAWDOWN_GE_15,EXIT4_SCORE_DRAWDOWN_GE_15,2025-03-31,2025-03-31,2025-04-01,2025-04-01,28.93,28.93,0.0,271.0,271.0,0.0,54.72,54.72,-7.92,-7.92,False,False,False,False,,,,,0.0,0.0,0.0,SKIPPED_CASH_UNAVAILABLE,SKIPPED_CASH_UNAVAILABLE
P3-2,139130|KR7139130009|KOSPI|2011-06-07|2026-09-01|139130_01,139130,139130_01,2023-10-06,2023-10-10,,NORMAL_EARLY_TREND_HANDOFF,,,,,EXIT4_SCORE_DRAWDOWN_GE_15,EXIT4_SCORE_DRAWDOWN_GE_15,2025-10-31,2025-10-31,2025-11-03,2025-11-03,65.47,65.47,0.0,503.0,503.0,0.0,93.79,93.79,-7.58,-7.58,False,False,False,False,,,,,0.0,0.0,0.0,SKIPPED_CASH_UNAVAILABLE,SKIPPED_CASH_UNAVAILABLE
P3-2,139480|KR7139480008|KOSPI|2011-06-10|2026-09-01|139480_01,139480,139480_01,2025-05-02,2025-05-07,,SKIPPED_EARLY_TREND_HANDOFF,,,,,LOSS_GUARD_CLOSE_LE_NEG_15,LOSS_GUARD_CLOSE_LE_NEG_15,2025-08-19,2025-08-19,2025-08-20,2025-08-20,-15.51,-15.51,0.0,73.0,73.0,0.0,11.99,11.99,-16.28,-16.28,True,True,True,True,-15.8321,-15.8321,-15.8321,-15.8321,-778028.86,-778028.86,0.0,EXECUTED,EXECUTED
P3-2,140410|KR7140410002|KOSDAQ|2012-01-20|2026-09-01|140410_01,140410,140410_01,2023-09-01,2023-09-04,,NORMAL_EARLY_TREND_HANDOFF,,,,,LOSS_GUARD_CLOSE_LE_NEG_15,LOSS_GUARD_CLOSE_LE_NEG_15,2023-09-25,2023-09-25,2023-09-26,2023-09-26,-16.5,-16.5,0.0,17.0,17.0,0.0,6.29,6.29,-17.09,-17.09,False,False,False,False,,,,,0.0,0.0,0.0,SKIPPED_CASH_UNAVAILABLE,SKIPPED_CASH_UNAVAILABLE
P3-2,140410|KR7140410002|KOSDAQ|2012-01-20|2026-09-01|140410_02,140410,140410_02,2025-04-25,2025-04-28,,NORMAL_EARLY_TREND_HANDOFF,,,,,NO_EXIT_BEFORE_CUTOFF,NO_EXIT_BEFORE_CUTOFF,,,,,81.63,81.63,0.0,327.0,327.0,0.0,358.93,358.93,-9.44,-9.44,False,False,False,False,,,,,0.0,0.0,0.0,SKIPPED_CASH_UNAVAILABLE,SKIPPED_CASH_UNAVAILABLE
P3-2,140860|KR7140860008|KOSDAQ|2015-12-17|2026-09-01|140860_01,140860,140860_01,2024-10-04,2024-10-07,,NORMAL_EARLY_TREND_HANDOFF,,,,,EXIT3_PROGRESSED_TO_TRANSITION,EXIT3_PROGRESSED_TO_TRANSITION,2025-12-31,2025-12-31,2026-01-02,2026-01-02,4.97,4.97,0.0,302.0,302.0,0.0,55.7,55.7,-16.12,-16.12,True,True,True,True,4.5217,4.5217,4.5217,4.5217,225327.61,225327.61,0.0,EXECUTED,EXECUTED
P3-2,141080|KR7141080002|KOSDAQ|2013-05-10|2026-09-01|141080_01,141080,141080_01,2023-12-01,2023-12-04,,NORMAL_EARLY_TREND_HANDOFF,,,,,EXIT4_SCORE_DRAWDOWN_GE_15,EXIT4_SCORE_DRAWDOWN_GE_15,2024-06-30,2024-06-30,2024-07-01,2024-07-01,44.69,44.69,0.0,140.0,140.0,0.0,71.43,71.43,-7.24,-7.24,False,False,False,False,,,,,0.0,0.0,0.0,SKIPPED_CASH_UNAVAILABLE,SKIPPED_CASH_UNAVAILABLE
P3-2,145020|KR7145020004|KOSDAQ|2015-12-24|2026-09-01|145020_01,145020,145020_01,2023-12-01,2023-12-04,,NORMAL_EARLY_TREND_HANDOFF,,,,,EXIT4_SCORE_DRAWDOWN_GE_15,EXIT4_SCORE_DRAWDOWN_GE_15,2024-07-31,2024-07-31,2024-08-01,2024-08-01,58.69,58.69,0.0,163.0,163.0,0.0,69.68,69.68,-9.83,-9.83,False,False,False,False,,,,,0.0,0.0,0.0,SKIPPED_CASH_UNAVAILABLE,SKIPPED_CASH_UNAVAILABLE
P3-2,145720|KR7145720009|KOSPI|2017-03-15|2026-09-01|145720_01,145720,145720_01,2022-09-16,2022-09-19,,NORMAL_EARLY_TREND_HANDOFF,,,,,LOSS_GUARD_CLOSE_LE_NEG_15,LOSS_GUARD_CLOSE_LE_NEG_15,2022-10-11,2022-10-11,2022-10-12,2022-10-12,-16.17,-16.17,0.0,16.0,16.0,0.0,1.97,1.97,-16.17,-16.17,True,True,True,True,-16.5508,-16.5508,-16.5508,-16.5508,-815484.71,-815484.71,0.0,EXECUTED,EXECUTED
P3-2,161390|KR7161390000|KOSPI|2012-10-04|2026-09-01|161390_01,161390,161390_01,2022-08-05,2022-08-08,,NORMAL_EARLY_TREND_HANDOFF,,,,,LOSS_GUARD_CLOSE_LE_NEG_15,LOSS_GUARD_CLOSE_LE_NEG_15,2022-11-03,2022-11-03,2022-11-04,2022-11-04,-15.05,-15.05,0.0,60.0,60.0,0.0,10.34,10.34,-15.58,-15.58,True,True,True,True,-15.4425,-15.4425,-15.4425,-15.4425,-767755.13,-767755.13,0.0,EXECUTED,EXECUTED
P3-2,161390|KR7161390000|KOSPI|2012-10-04|2026-09-01|161390_02,161390,161390_02,2023-11-24,2023-11-27,,NORMAL_EARLY_TREND_HANDOFF,,,,,EXIT4_SCORE_DRAWDOWN_GE_15,EXIT4_SCORE_DRAWDOWN_GE_15,2024-07-31,2024-07-31,2024-08-01,2024-08-01,-1.67,-1.67,0.0,168.0,168.0,0.0,40.67,40.67,-10.33,-10.33,False,False,False,False,,,,,0.0,0.0,0.0,SKIPPED_CASH_UNAVAILABLE,SKIPPED_CASH_UNAVAILABLE
P3-2,161390|KR7161390000|KOSPI|2012-10-04|2026-09-01|161390_03,161390,161390_03,2025-08-08,2025-08-11,,NORMAL_EARLY_TREND_HANDOFF,,,,,EXIT4_SCORE_DRAWDOWN_GE_15,EXIT4_SCORE_DRAWDOWN_GE_15,2026-05-31,2026-05-31,2026-06-01,2026-06-01,49.78,49.78,0.0,195.0,195.0,0.0,75.78,75.78,-15.58,-15.58,True,True,True,True,49.1328,49.1328,49.1328,49.1328,2435165.39,2435165.39,0.0,EXECUTED,EXECUTED
P3-2,161890|KR7161890009|KOSPI|2012-10-19|2026-09-01|161890_01,161890,161890_01,2023-08-04,2023-08-07,,NORMAL_EARLY_TREND_HANDOFF,,,,,EXIT3_PROGRESSED_TO_TRANSITION,EXIT3_PROGRESSED_TO_TRANSITION,2024-12-31,2024-12-31,2025-01-02,2025-01-02,14.93,14.93,0.0,342.0,342.0,0.0,62.1,62.1,-11.12,-11.12,True,True,True,True,14.497,14.497,14.497,14.497,718730.99,718730.99,0.0,EXECUTED,EXECUTED
P3-2,161890|KR7161890009|KOSPI|2012-10-19|2026-09-01|161890_02,161890,161890_02,2026-04-17,2026-04-20,,NEVER_PROGRESSED,,,,,NO_PROGRESSED_BEFORE_CUTOFF,NO_PROGRESSED_BEFORE_CUTOFF,,,,,83.81,83.81,0.0,90.0,90.0,0.0,90.47,90.47,-12.63,-12.63,True,True,False,False,,,83.6005,83.6005,4155289.85,4155289.85,0.0,EXECUTED,EXECUTED
P3-2,175330|KR7175330000|KOSPI|2013-07-18|2026-09-01|175330_01,175330,175330_01,2023-01-06,2023-01-09,,NORMAL_EARLY_TREND_HANDOFF,,,,,EXIT4_SCORE_DRAWDOWN_GE_15,EXIT4_SCORE_DRAWDOWN_GE_15,2024-10-31,2024-10-31,2024-11-01,2024-11-01,105.3,105.3,0.0,444.0,444.0,0.0,115.55,115.55,-7.83,-7.83,True,True,True,True,104.4591,104.4591,104.4591,104.4591,5219552.41,5219552.41,0.0,EXECUTED,EXECUTED
P3-2,178320|KR7178320008|KOSDAQ|2017-03-27|2026-09-01|178320_01,178320,178320_01,2024-05-03,2024-05-07,,NORMAL_EARLY_TREND_HANDOFF,,,,,EXIT4_SCORE_DRAWDOWN_GE_15,EXIT4_SCORE_DRAWDOWN_GE_15,2024-08-31,2024-08-31,2024-09-02,2024-09-02,-9.17,-9.17,0.0,78.0,78.0,0.0,33.03,33.03,-20.92,-20.92,False,False,False,False,,,,,0.0,0.0,0.0,SKIPPED_CASH_UNAVAILABLE,SKIPPED_CASH_UNAVAILABLE
P3-2,178320|KR7178320008|KOSDAQ|2017-03-27|2026-09-01|178320_02,178320,178320_02,2025-10-17,2025-10-20,,NORMAL_EARLY_TREND_HANDOFF,,,,,LOSS_GUARD_CLOSE_LE_NEG_15,LOSS_GUARD_CLOSE_LE_NEG_15,2025-11-21,2025-11-21,2025-11-24,2025-11-24,-13.68,-13.68,0.0,26.0,26.0,0.0,19.65,19.65,-16.18,-16.18,False,False,False,False,,,,,0.0,0.0,0.0,SKIPPED_CASH_UNAVAILABLE,SKIPPED_CASH_UNAVAILABLE
P3-2,180640|KR7180640005|KOSPI|2013-09-16|2026-09-01|180640_01,180640,180640_01,2023-11-24,2023-11-27,C1_PROGRESSED_WITHOUT_DIRECT_HANDOFF,PROGRESSED_WITHOUT_DIRECT_HANDOFF,2024-04-30,2024-04-30,,,EXIT4_SCORE_DRAWDOWN_GE_15,EXIT4_SCORE_DRAWDOWN_GE_15,2024-11-30,2024-11-30,2024-12-02,2024-12-02,50.83,50.83,0.0,248.0,248.0,0.0,75.42,75.42,-5.36,-5.36,False,False,False,False,,,,,0.0,0.0,0.0,SKIPPED_CASH_UNAVAILABLE,SKIPPED_CASH_UNAVAILABLE
P3-2,181710|KR7181710005|KOSPI|2013-08-29|2026-09-01|181710_01,181710,181710_01,2025-06-20,2025-06-23,,NORMAL_EARLY_TREND_HANDOFF,,,,,LOSS_GUARD_CLOSE_LE_NEG_15,LOSS_GUARD_CLOSE_LE_NEG_15,2025-07-04,2025-07-04,2025-07-07,2025-07-07,-15.36,-15.36,0.0,11.0,11.0,0.0,4.37,4.37,-15.81,-15.81,False,False,False,False,,,,,0.0,0.0,0.0,SKIPPED_CASH_UNAVAILABLE,SKIPPED_CASH_UNAVAILABLE
P3-2,185750|KR7185750007|KOSPI|2013-12-06|2026-09-01|185750_01,185750,185750_01,2023-10-06,2023-10-10,C1_PROGRESSED_WITHOUT_DIRECT_HANDOFF,SKIPPED_EARLY_TREND_HANDOFF,2024-03-31,2024-03-29,2024-12-30,TRANSITION,NO_EXIT_BEFORE_CUTOFF,EXIT3_PROGRESSED_TO_TRANSITION,,2024-12-30,,2025-01-02,-22.73,0.54,23.27,705.0,302.0,-403.0,47.3,47.3,-28.83,-7.42,False,False,False,False,,,,,0.0,0.0,0.0,SKIPPED_CASH_UNAVAILABLE,SKIPPED_CASH_UNAVAILABLE
P3-2,192080|KR7192080000|KOSPI|2019-03-12|2026-09-01|192080_01,192080,192080_01,2024-02-16,2024-02-19,,NEVER_PROGRESSED,,,,,LOSS_GUARD_CLOSE_LE_NEG_15,LOSS_GUARD_CLOSE_LE_NEG_15,2024-04-11,2024-04-11,2024-04-12,2024-04-12,-15.53,-15.53,0.0,38.0,38.0,0.0,5.32,5.32,-16.38,-16.38,False,False,False,False,,,,,0.0,0.0,0.0,SKIPPED_CASH_UNAVAILABLE,SKIPPED_CASH_UNAVAILABLE
P3-2,192080|KR7192080000|KOSPI|2019-03-12|2026-09-01|192080_02,192080,192080_02,2024-08-23,2024-08-26,,NEVER_PROGRESSED,,,,,NO_PROGRESSED_BEFORE_CUTOFF,NO_PROGRESSED_BEFORE_CUTOFF,,,,,15.84,15.84,0.0,488.0,488.0,0.0,51.49,51.49,-9.8,-9.8,True,True,False,False,,,15.7085,15.7085,778307.91,778307.91,0.0,EXECUTED,EXECUTED
P3-2,192820|KR7192820009|KOSPI|2014-04-07|2026-09-01|192820_01,192820,192820_01,2026-08-21,2026-08-24,,NEVER_PROGRESSED,,,,,NO_PROGRESSED_BEFORE_CUTOFF,NO_PROGRESSED_BEFORE_CUTOFF,,,,,10.5,10.5,0.0,6.0,6.0,0.0,12.71,12.71,-2.21,-2.21,True,True,False,False,,,10.3703,10.3703,507379.22,507379.22,0.0,EXECUTED,EXECUTED
P3-2,195870|KR7195870001|KOSPI|2016-06-24|2026-09-01|195870_01,195870,195870_01,2023-06-30,2023-07-03,,NORMAL_EARLY_TREND_HANDOFF,,,,,LOSS_GUARD_CLOSE_LE_NEG_15,LOSS_GUARD_CLOSE_LE_NEG_15,2023-10-19,2023-10-19,2023-10-20,2023-10-20,-18.03,-18.03,0.0,74.0,74.0,0.0,31.8,31.8,-18.03,-18.03,False,False,False,False,,,,,0.0,0.0,0.0,SKIPPED_CASH_UNAVAILABLE,SKIPPED_CASH_UNAVAILABLE
P3-2,195940|KR7195940002|KOSDAQ|2021-08-09|2026-09-01|195940_01,195940,195940_01,2026-02-27,2026-03-03,,NEVER_PROGRESSED,,,,,LOSS_GUARD_CLOSE_LE_NEG_15,LOSS_GUARD_CLOSE_LE_NEG_15,2026-03-04,2026-03-04,2026-03-05,2026-03-05,-9.76,-9.76,0.0,3.0,3.0,0.0,2.42,2.42,-15.52,-15.52,False,False,False,False,,,,,0.0,0.0,0.0,SKIPPED_CASH_UNAVAILABLE,SKIPPED_CASH_UNAVAILABLE
P3-2,195940|KR7195940002|KOSDAQ|2021-08-09|2026-09-01|195940_02,195940,195940_02,2026-03-27,2026-03-30,,NEVER_PROGRESSED,,,,,LOSS_GUARD_CLOSE_LE_NEG_15,LOSS_GUARD_CLOSE_LE_NEG_15,2026-06-02,2026-06-02,2026-06-04,2026-06-04,-17.12,-17.12,0.0,45.0,45.0,0.0,9.2,9.2,-17.91,-17.91,True,True,True,True,-17.4791,-17.4791,-17.4791,-17.4791,-867382.16,-867382.16,0.0,EXECUTED,EXECUTED
P3-2,196170|KR7196170005|KOSDAQ|2014-12-12|2026-09-01|196170_01,196170,196170_01,2023-11-24,2023-11-27,,NORMAL_EARLY_TREND_HANDOFF,,,,,EXIT4_SCORE_DRAWDOWN_GE_15,EXIT4_SCORE_DRAWDOWN_GE_15,2024-02-29,2024-02-29,2024-03-04,2024-03-04,115.94,115.94,0.0,65.0,65.0,0.0,139.1,139.1,-9.95,-9.95,False,False,False,False,,,,,0.0,0.0,0.0,SKIPPED_CASH_UNAVAILABLE,SKIPPED_CASH_UNAVAILABLE
P3-2,204270|KR7204270003|KOSDAQ|2020-03-04|2026-09-01|204270_01,204270,204270_01,2025-09-19,2025-09-22,,NEVER_PROGRESSED,,,,,LOSS_GUARD_CLOSE_LE_NEG_15,LOSS_GUARD_CLOSE_LE_NEG_15,2025-11-21,2025-11-21,2025-11-24,2025-11-24,-16.68,-16.68,0.0,41.0,41.0,0.0,33.19,33.19,-18.14,-18.14,False,False,False,False,,,,,0.0,0.0,0.0,SKIPPED_CASH_UNAVAILABLE,SKIPPED_CASH_UNAVAILABLE
P3-2,204320|KR7204320006|KOSPI|2014-10-06|2026-09-01|204320_01,204320,204320_01,2022-07-29,2022-08-01,,NORMAL_EARLY_TREND_HANDOFF,,,,,LOSS_GUARD_CLOSE_LE_NEG_15,LOSS_GUARD_CLOSE_LE_NEG_15,2022-09-26,2022-09-26,2022-09-27,2022-09-27,-17.23,-17.23,0.0,39.0,39.0,0.0,3.39,3.39,-18.3,-18.3,True,True,True,True,-17.6122,-17.6122,-17.6122,-17.6122,-878804.01,-878804.01,0.0,EXECUTED,EXECUTED
P3-2,204320|KR7204320006|KOSPI|2014-10-06|2026-09-01|204320_02,204320,204320_02,2023-06-30,2023-07-03,,NORMAL_EARLY_TREND_HANDOFF,,,,,LOSS_GUARD_CLOSE_LE_NEG_15,LOSS_GUARD_CLOSE_LE_NEG_15,2023-08-02,2023-08-02,2023-08-03,2023-08-03,-16.67,-16.67,0.0,24.0,24.0,0.0,0.93,0.93,-16.67,-16.67,True,True,True,True,-17.0244,-17.0244,-17.0244,-17.0244,-846746.04,-846746.04,0.0,EXECUTED,EXECUTED
P3-2,204320|KR7204320006|KOSPI|2014-10-06|2026-09-01|204320_03,204320,204320_03,2024-06-07,2024-06-10,,NORMAL_EARLY_TREND_HANDOFF,,,,,LOSS_GUARD_CLOSE_LE_NEG_15,LOSS_GUARD_CLOSE_LE_NEG_15,2024-07-25,2024-07-25,2024-07-26,2024-07-26,-16.97,-16.97,0.0,35.0,35.0,0.0,3.71,3.71,-18.35,-18.35,True,True,True,True,-17.307,-17.307,-17.307,-17.307,-857812.8,-857812.8,0.0,EXECUTED,EXECUTED
P3-2,204320|KR7204320006|KOSPI|2014-10-06|2026-09-01|204320_04,204320,204320_04,2025-01-17,2025-01-20,,NORMAL_EARLY_TREND_HANDOFF,,,,,LOSS_GUARD_CLOSE_LE_NEG_15,LOSS_GUARD_CLOSE_LE_NEG_15,2025-03-31,2025-03-31,2025-04-01,2025-04-01,-15.6,-15.6,0.0,47.0,47.0,0.0,3.3,3.3,-16.59,-16.59,False,False,False,False,,,,,0.0,0.0,0.0,SKIPPED_CASH_UNAVAILABLE,SKIPPED_CASH_UNAVAILABLE
P3-2,204320|KR7204320006|KOSPI|2014-10-06|2026-09-01|204320_05,204320,204320_05,2025-11-28,2025-12-01,,NORMAL_EARLY_TREND_HANDOFF,,,,,EXIT4_SCORE_DRAWDOWN_GE_15,EXIT4_SCORE_DRAWDOWN_GE_15,2026-06-30,2026-06-30,2026-07-01,2026-07-01,0.0,0.0,0.0,142.0,142.0,0.0,59.8,59.8,-11.82,-11.82,True,True,True,True,-0.4293,-0.4293,-0.4293,-0.4293,-21275.1,-21275.1,0.0,EXECUTED,EXECUTED
P3-2,207940|KR7207940008|KOSPI|2016-11-10|2026-09-01|207940_01,207940,207940_01,2022-07-29,2022-08-01,,PROGRESSED_WITHOUT_DIRECT_HANDOFF,,,,,LOSS_GUARD_CLOSE_LE_NEG_15,LOSS_GUARD_CLOSE_LE_NEG_15,2023-07-07,2023-07-07,2023-07-10,2023-07-10,-16.1,-16.1,0.0,233.0,233.0,0.0,7.58,7.58,-16.57,-16.57,True,True,True,True,-16.4629,-16.4629,-16.4629,-16.4629,-623648.01,-623648.01,0.0,EXECUTED,EXECUTED
P3-2,207940|KR7207940008|KOSPI|2016-11-10|2026-09-01|207940_02,207940,207940_02,2024-02-02,2024-02-05,C1_PROGRESSED_WITHOUT_DIRECT_HANDOFF,PROGRESSED_WITHOUT_DIRECT_HANDOFF,2025-05-31,2025-05-30,2025-08-29,TRANSITION,NO_EXIT_BEFORE_CUTOFF,EXIT3_PROGRESSED_TO_TRANSITION,,2025-08-29,,2025-09-01,21.2,17.74,-3.46,607.0,382.0,-225.0,58.65,42.07,-15.28,-15.28,True,True,False,True,,17.2971,21.0628,17.2971,792316.47,650661.01,-141655.46,EXECUTED,EXECUTED
P3-2,213420|KR7213420003|KOSDAQ|2015-02-06|2026-09-01|213420_01,213420,213420_01,2025-07-25,2025-07-28,,NORMAL_EARLY_TREND_HANDOFF,,,,,LOSS_GUARD_CLOSE_LE_NEG_15,LOSS_GUARD_CLOSE_LE_NEG_15,2026-03-04,2026-03-04,2026-03-05,2026-03-05,-9.98,-9.98,0.0,146.0,146.0,0.0,28.93,28.93,-16.21,-16.21,False,False,False,False,,,,,0.0,0.0,0.0,SKIPPED_CASH_UNAVAILABLE,SKIPPED_CASH_UNAVAILABLE
P3-2,213420|KR7213420003|KOSDAQ|2015-02-06|2026-09-01|213420_02,213420,213420_02,2026-03-27,2026-03-30,,NORMAL_EARLY_TREND_HANDOFF,,,,,LOSS_GUARD_CLOSE_LE_NEG_15,LOSS_GUARD_CLOSE_LE_NEG_15,2026-04-07,2026-04-07,2026-04-08,2026-04-08,-11.68,-11.68,0.0,8.0,8.0,0.0,6.79,6.79,-17.86,-17.86,True,True,True,True,-12.0558,-12.0558,-12.0558,-12.0558,-598644.57,-598644.57,0.0,EXECUTED,EXECUTED
P3-2,214150|KR7214150005|KOSDAQ|2017-12-28|2026-09-01|214150_01,214150,214150_01,2022-12-02,2022-12-05,,NORMAL_EARLY_TREND_HANDOFF,,,,,EXIT4_SCORE_DRAWDOWN_GE_15,EXIT4_SCORE_DRAWDOWN_GE_15,2023-09-30,2023-09-30,2023-10-04,2023-10-04,87.85,87.85,0.0,205.0,205.0,0.0,112.66,112.66,-14.68,-14.68,True,True,True,True,87.0417,87.0417,87.0417,87.0417,4337045.82,4337045.82,0.0,EXECUTED,EXECUTED
P3-2,214450|KR7214450009|KOSDAQ|2015-07-24|2026-09-01|214450_01,214450,214450_01,2023-04-28,2023-05-02,,NORMAL_EARLY_TREND_HANDOFF,,,,,EXIT4_SCORE_DRAWDOWN_GE_15,EXIT4_SCORE_DRAWDOWN_GE_15,2023-10-31,2023-10-31,2023-11-01,2023-11-01,14.76,14.76,0.0,123.0,123.0,0.0,54.64,54.64,-5.18,-5.18,False,False,False,False,,,,,0.0,0.0,0.0,SKIPPED_CASH_UNAVAILABLE,SKIPPED_CASH_UNAVAILABLE
P3-2,222800|KR7222800005|KOSDAQ|2015-08-07|2026-09-01|222800_01,222800,222800_01,2023-06-30,2023-07-03,,NORMAL_EARLY_TREND_HANDOFF,,,,,LOSS_GUARD_CLOSE_LE_NEG_15,LOSS_GUARD_CLOSE_LE_NEG_15,2024-02-23,2024-02-23,2024-02-26,2024-02-26,-15.94,-15.94,0.0,160.0,160.0,0.0,24.93,24.93,-15.94,-15.94,False,False,False,False,,,,,0.0,0.0,0.0,SKIPPED_CASH_UNAVAILABLE,SKIPPED_CASH_UNAVAILABLE
P3-2,225570|KR7225570001|KOSDAQ|2017-06-12|2026-09-01|225570_01,225570,225570_01,2023-03-31,2023-04-03,,NEVER_PROGRESSED,,,,,LOSS_GUARD_CLOSE_LE_NEG_15,LOSS_GUARD_CLOSE_LE_NEG_15,2023-09-21,2023-09-21,2023-09-22,2023-09-22,-17.63,-17.63,0.0,120.0,120.0,0.0,40.16,40.16,-17.63,-17.63,True,True,True,True,-17.9843,-17.9843,-17.9843,-17.9843,-896731.92,-896731.92,0.0,EXECUTED,EXECUTED
P3-2,232140|KR7232140004|KOSDAQ|2017-04-05|2026-09-01|232140_01,232140,232140_01,2025-09-19,2025-09-22,,NORMAL_EARLY_TREND_HANDOFF,,,,,EXIT4_SCORE_DRAWDOWN_GE_15,EXIT4_SCORE_DRAWDOWN_GE_15,2026-06-30,2026-06-30,2026-07-01,2026-07-01,-5.74,-5.74,0.0,187.0,187.0,0.0,71.28,71.28,-14.33,-14.33,False,False,False,False,,,,,0.0,0.0,0.0,SKIPPED_CASH_UNAVAILABLE,SKIPPED_CASH_UNAVAILABLE
P3-2,237690|KR7237690003|KOSDAQ|2016-06-23|2026-09-01|237690_01,237690,237690_01,2022-08-05,2022-08-08,,NORMAL_EARLY_TREND_HANDOFF,,,,,LOSS_GUARD_CLOSE_LE_NEG_15,LOSS_GUARD_CLOSE_LE_NEG_15,2022-08-23,2022-08-23,2022-08-24,2022-08-24,-14.11,-14.11,0.0,12.0,12.0,0.0,2.89,2.89,-15.43,-15.43,True,True,True,True,-14.5049,-14.5049,-14.5049,-14.5049,-712470.96,-712470.96,0.0,EXECUTED,EXECUTED
P3-2,237690|KR7237690003|KOSDAQ|2016-06-23|2026-09-01|237690_02,237690,237690_02,2024-05-03,2024-05-07,,NORMAL_EARLY_TREND_HANDOFF,,,,,LOSS_GUARD_CLOSE_LE_NEG_15,LOSS_GUARD_CLOSE_LE_NEG_15,2024-06-28,2024-06-28,2024-07-01,2024-07-01,-15.92,-15.92,0.0,38.0,38.0,0.0,11.47,11.47,-15.92,-15.92,False,False,False,False,,,,,0.0,0.0,0.0,SKIPPED_CASH_UNAVAILABLE,SKIPPED_CASH_UNAVAILABLE
P3-2,237690|KR7237690003|KOSDAQ|2016-06-23|2026-09-01|237690_03,237690,237690_03,2024-10-11,2024-10-14,,NORMAL_EARLY_TREND_HANDOFF,,,,,LOSS_GUARD_CLOSE_LE_NEG_15,LOSS_GUARD_CLOSE_LE_NEG_15,2024-10-28,2024-10-28,2024-10-29,2024-10-29,-14.44,-14.44,0.0,12.0,12.0,0.0,3.09,3.09,-15.62,-15.62,False,False,False,False,,,,,0.0,0.0,0.0,SKIPPED_CASH_UNAVAILABLE,SKIPPED_CASH_UNAVAILABLE
P3-2,237690|KR7237690003|KOSDAQ|2016-06-23|2026-09-01|237690_04,237690,237690_04,2026-01-16,2026-01-19,,NORMAL_EARLY_TREND_HANDOFF,,,,,NO_EXIT_BEFORE_CUTOFF,NO_EXIT_BEFORE_CUTOFF,,,,,-14.54,-14.54,0.0,151.0,151.0,0.0,39.81,39.81,-31.68,-31.68,True,True,False,False,,,-14.6392,-14.6392,-721663.34,-721663.34,0.0,EXECUTED,EXECUTED
P3-2,240810|KR7240810002|KOSDAQ|2016-05-02|2026-09-01|240810_01,240810,240810_01,2025-08-22,2025-08-25,,NORMAL_EARLY_TREND_HANDOFF,,,,,EXIT4_SCORE_DRAWDOWN_GE_15,EXIT4_SCORE_DRAWDOWN_GE_15,2026-01-31,2026-01-31,2026-02-02,2026-02-02,160.29,160.29,0.0,108.0,108.0,0.0,192.49,192.49,-10.05,-10.05,True,True,True,True,159.1731,159.1731,159.1731,159.1731,7897692.59,7897692.59,0.0,EXECUTED,EXECUTED
P3-2,241560|KR7241560002|KOSPI|2016-11-18|2026-09-01|241560_01,241560,241560_01,2023-04-28,2023-05-02,,NORMAL_EARLY_TREND_HANDOFF,,,,,EXIT4_SCORE_DRAWDOWN_GE_15,EXIT4_SCORE_DRAWDOWN_GE_15,2023-10-31,2023-10-31,2023-11-01,2023-11-01,-23.72,-23.72,0.0,123.0,123.0,0.0,32.41,32.41,-24.21,-24.21,True,True,True,True,-24.0429,-24.0429,-24.0429,-24.0429,-1193611.05,-1193611.05,0.0,EXECUTED,EXECUTED
P3-2,241560|KR7241560002|KOSPI|2016-11-18|2026-09-01|241560_02,241560,241560_02,2025-01-24,2025-01-31,,NORMAL_EARLY_TREND_HANDOFF,,,,,LOSS_GUARD_CLOSE_LE_NEG_15,LOSS_GUARD_CLOSE_LE_NEG_15,2025-04-07,2025-04-07,2025-04-08,2025-04-08,-15.2,-15.2,0.0,47.0,47.0,0.0,2.73,2.73,-19.2,-19.2,False,False,False,False,,,,,0.0,0.0,0.0,SKIPPED_CASH_UNAVAILABLE,SKIPPED_CASH_UNAVAILABLE
P3-2,241560|KR7241560002|KOSPI|2016-11-18|2026-09-01|241560_03,241560,241560_03,2026-04-10,2026-04-13,,NORMAL_EARLY_TREND_HANDOFF,,,,,EXIT3_PROGRESSED_TO_TRANSITION,EXIT3_PROGRESSED_TO_TRANSITION,2026-08-31,2026-08-31,2026-09-01,2026-09-01,-9.05,-9.05,0.0,96.0,96.0,0.0,16.35,16.35,-17.96,-17.96,True,True,True,True,-9.4415,-9.4415,-9.4415,-9.4415,-466192.54,-466192.54,0.0,EXECUTED,EXECUTED
P3-2,251270|KR7251270005|KOSPI|2017-05-12|2026-09-01|251270_01,251270,251270_01,2025-09-19,2025-09-22,,NEVER_PROGRESSED,,,,,LOSS_GUARD_CLOSE_LE_NEG_15,LOSS_GUARD_CLOSE_LE_NEG_15,2025-10-13,2025-10-13,2025-10-14,2025-10-14,-16.32,-16.32,0.0,12.0,12.0,0.0,1.47,1.47,-17.35,-17.35,False,False,False,False,,,,,0.0,0.0,0.0,SKIPPED_CASH_UNAVAILABLE,SKIPPED_CASH_UNAVAILABLE
P3-2,253450|KR7253450001|KOSDAQ|2017-11-24|2026-09-01|253450_01,253450,253450_01,2023-01-06,2023-01-09,,NEVER_PROGRESSED,,,,,LOSS_GUARD_CLOSE_LE_NEG_15,LOSS_GUARD_CLOSE_LE_NEG_15,2023-04-10,2023-04-10,2023-04-11,2023-04-11,-16.13,-16.13,0.0,64.0,64.0,0.0,4.06,4.06,-16.63,-16.63,True,True,True,True,-16.4931,-16.4931,-16.4931,-16.4931,-817873.41,-817873.41,0.0,EXECUTED,EXECUTED
P3-2,263750|KR7263750002|KOSDAQ|2017-09-14|2026-09-01|263750_01,263750,263750_01,2026-01-23,2026-01-26,,NORMAL_EARLY_TREND_HANDOFF,,,,,EXIT3_PROGRESSED_TO_WEAK,EXIT3_PROGRESSED_TO_WEAK,2026-06-30,2026-06-30,2026-07-01,2026-07-01,-21.09,-21.09,0.0,105.0,105.0,0.0,68.26,68.26,-27.61,-27.61,True,True,True,True,-21.4257,-21.4257,-21.4257,-21.4257,-1065654.78,-1065654.78,0.0,EXECUTED,EXECUTED
P3-2,267250|KR7267250009|KOSPI|2017-05-10|2026-09-01|267250_01,267250,267250_01,2022-06-03,2022-06-07,,NORMAL_EARLY_TREND_HANDOFF,,,,,LOSS_GUARD_CLOSE_LE_NEG_15,LOSS_GUARD_CLOSE_LE_NEG_15,2022-07-06,2022-07-06,2022-07-07,2022-07-07,-17.62,-17.62,0.0,23.0,23.0,0.0,4.76,4.76,-18.89,-18.89,True,True,True,True,-17.9974,-17.9974,-17.9974,-17.9974,-896759.6,-896759.6,0.0,EXECUTED,EXECUTED
P3-2,267250|KR7267250009|KOSPI|2017-05-10|2026-09-01|267250_02,267250,267250_02,2022-08-12,2022-08-16,,NORMAL_EARLY_TREND_HANDOFF,,,,,EXIT4_SCORE_DRAWDOWN_GE_15,EXIT4_SCORE_DRAWDOWN_GE_15,2025-09-30,2025-09-30,2025-10-01,2025-10-01,161.18,161.18,0.0,767.0,767.0,0.0,176.81,176.81,-10.42,-10.42,True,True,True,True,160.1855,160.1855,160.1855,160.1855,7919861.04,7919861.04,0.0,EXECUTED,EXECUTED
P3-2,267270|KR7267270007|KOSPI|2017-05-10|2026-09-01|267270_01,267270,267270_01,2022-12-02,2022-12-05,,NORMAL_EARLY_TREND_HANDOFF,,,,,EXIT4_SCORE_DRAWDOWN_GE_15,EXIT4_SCORE_DRAWDOWN_GE_15,2026-01-31,2026-01-31,2026-02-02,2026-02-02,85.04,85.04,0.0,772.0,772.0,0.0,132.04,132.04,-22.36,-22.36,True,True,True,True,84.2408,84.2408,84.2408,84.2408,4167633.42,4167633.42,0.0,EXECUTED,EXECUTED
P3-2,271560|KR7271560005|KOSPI|2017-07-07|2026-09-01|271560_01,271560,271560_01,2022-12-02,2022-12-05,,NEVER_PROGRESSED,,,,,LOSS_GUARD_CLOSE_LE_NEG_15,LOSS_GUARD_CLOSE_LE_NEG_15,2024-01-16,2024-01-16,2024-01-17,2024-01-17,-15.58,-15.58,0.0,276.0,276.0,0.0,28.23,28.23,-16.88,-16.88,True,True,True,True,-15.93,-15.93,-15.93,-15.93,-792071.92,-792071.92,0.0,EXECUTED,EXECUTED
P3-2,271560|KR7271560005|KOSPI|2017-07-07|2026-09-01|271560_02,271560,271560_02,2025-04-04,2025-04-07,,NEVER_PROGRESSED,,,,,NO_PROGRESSED_BEFORE_CUTOFF,NO_PROGRESSED_BEFORE_CUTOFF,,,,,15.97,15.97,0.0,342.0,342.0,0.0,33.9,33.9,-11.69,-11.69,True,True,False,False,,,15.8347,15.8347,781927.0,781927.0,0.0,EXECUTED,EXECUTED
P3-2,272210|KR7272210006|KOSPI|2019-11-13|2026-09-01|272210_01,272210,272210_01,2023-06-30,2023-07-03,,SKIPPED_EARLY_TREND_HANDOFF,,,,,LOSS_GUARD_CLOSE_LE_NEG_15,LOSS_GUARD_CLOSE_LE_NEG_15,2023-09-19,2023-09-19,2023-09-20,2023-09-20,-15.2,-15.2,0.0,57.0,57.0,0.0,19.73,19.73,-15.74,-15.74,True,True,True,True,-15.5667,-15.5667,-15.5667,-15.5667,-777299.85,-777299.85,0.0,EXECUTED,EXECUTED
P3-2,272210|KR7272210006|KOSPI|2019-11-13|2026-09-01|272210_02,272210,272210_02,2024-03-08,2024-03-11,C1_PROGRESSED_WITHOUT_DIRECT_HANDOFF,SKIPPED_EARLY_TREND_HANDOFF,2024-09-30,2024-09-30,,,EXIT4_SCORE_DRAWDOWN_GE_15,EXIT4_SCORE_DRAWDOWN_GE_15,2025-02-28,2025-02-28,2025-03-04,2025-03-04,75.18,75.18,0.0,237.0,237.0,0.0,108.22,108.22,-10.22,-10.22,False,False,False,False,,,,,0.0,0.0,0.0,SKIPPED_CASH_UNAVAILABLE,SKIPPED_CASH_UNAVAILABLE
P3-2,277810|KR7277810008|KOSDAQ|2021-02-03|2026-09-01|277810_01,277810,277810_01,2025-01-10,2025-01-13,,NORMAL_EARLY_TREND_HANDOFF,,,,,EXIT4_SCORE_DRAWDOWN_GE_15,EXIT4_SCORE_DRAWDOWN_GE_15,2025-04-30,2025-04-30,2025-05-02,2025-05-02,17.54,17.54,0.0,74.0,74.0,0.0,88.16,88.16,-0.66,-0.66,False,True,False,True,,17.0979,,17.0979,0.0,819588.17,819588.17,SKIPPED_CASH_UNAVAILABLE,EXECUTED
P3-2,278280|KR7278280003|KOSDAQ|2019-02-11|2026-09-01|278280_01,278280,278280_01,2023-04-07,2023-04-10,,NEVER_PROGRESSED,,,,,LOSS_GUARD_CLOSE_LE_NEG_15,LOSS_GUARD_CLOSE_LE_NEG_15,2023-04-21,2023-04-21,2023-04-24,2023-04-24,-14.9,-14.9,0.0,11.0,11.0,0.0,7.54,7.54,-16.88,-16.88,True,True,True,True,-15.2666,-15.2666,-15.2666,-15.2666,-723628.07,-723628.07,0.0,EXECUTED,EXECUTED
P3-2,280360|KR7280360009|KOSPI|2017-10-30|2026-09-01|280360_01,280360,280360_01,2022-09-23,2022-09-26,,PROGRESSED_WITHOUT_DIRECT_HANDOFF,,,,,LOSS_GUARD_CLOSE_LE_NEG_15,LOSS_GUARD_CLOSE_LE_NEG_15,2023-03-14,2023-03-14,2023-03-15,2023-03-15,-14.14,-14.14,0.0,117.0,117.0,0.0,5.7,5.7,-15.51,-15.51,True,True,True,True,-14.5131,-14.5131,-14.5131,-14.5131,-706945.57,-706945.57,0.0,EXECUTED,EXECUTED
P3-2,280360|KR7280360009|KOSPI|2017-10-30|2026-09-01|280360_02,280360,280360_02,2023-11-03,2023-11-06,C1_PROGRESSED_WITHOUT_DIRECT_HANDOFF,PROGRESSED_WITHOUT_DIRECT_HANDOFF,2024-10-31,2024-10-31,2024-11-29,WEAK,NO_EXIT_BEFORE_CUTOFF,EXIT3_PROGRESSED_TO_WEAK,,2024-11-29,,2024-12-02,24.11,-4.34,-28.45,686.0,263.0,-423.0,77.6,77.6,-23.34,-12.27,True,True,False,True,,-4.7357,23.963,-4.7357,1182928.84,-233775.93,-1416704.77,EXECUTED,EXECUTED
P3-2,281820|KR7281820001|KOSPI|2017-12-05|2026-09-01|281820_01,281820,281820_01,2026-02-27,2026-03-03,,NORMAL_EARLY_TREND_HANDOFF,,,,,LOSS_GUARD_CLOSE_LE_NEG_15,LOSS_GUARD_CLOSE_LE_NEG_15,2026-03-04,2026-03-04,2026-03-05,2026-03-05,-10.1,-10.1,0.0,3.0,3.0,0.0,5.21,5.21,-17.81,-17.81,False,False,False,False,,,,,0.0,0.0,0.0,SKIPPED_CASH_UNAVAILABLE,SKIPPED_CASH_UNAVAILABLE
P3-2,281820|KR7281820001|KOSPI|2017-12-05|2026-09-01|281820_02,281820,281820_02,2026-03-27,2026-03-30,,NORMAL_EARLY_TREND_HANDOFF,,,,,EXIT4_SCORE_DRAWDOWN_GE_15,EXIT4_SCORE_DRAWDOWN_GE_15,2026-06-30,2026-06-30,2026-07-01,2026-07-01,145.16,145.16,0.0,64.0,64.0,0.0,150.32,150.32,-9.68,-9.68,True,True,True,True,144.1088,144.1088,144.1088,144.1088,7178379.95,7178379.95,0.0,EXECUTED,EXECUTED
P3-2,282330|KR7282330000|KOSPI|2017-12-08|2026-09-01|282330_01,282330,282330_01,2022-05-13,2022-05-16,,NEVER_PROGRESSED,,,,,LOSS_GUARD_CLOSE_LE_NEG_15,LOSS_GUARD_CLOSE_LE_NEG_15,2022-08-12,2022-08-12,2022-08-16,2022-08-16,-16.12,-16.12,0.0,64.0,64.0,0.0,2.77,2.77,-16.12,-16.12,True,True,True,True,-16.5061,-16.5061,-16.5061,-16.5061,-820058.05,-820058.05,0.0,EXECUTED,EXECUTED
P3-2,282330|KR7282330000|KOSPI|2017-12-08|2026-09-01|282330_02,282330,282330_02,2022-11-25,2022-11-28,,NEVER_PROGRESSED,,,,,LOSS_GUARD_CLOSE_LE_NEG_15,LOSS_GUARD_CLOSE_LE_NEG_15,2023-07-04,2023-07-04,2023-07-05,2023-07-05,-16.46,-16.46,0.0,150.0,150.0,0.0,7.86,7.86,-16.46,-16.46,True,True,True,True,-16.8206,-16.8206,-16.8206,-16.8206,-822460.56,-822460.56,0.0,EXECUTED,EXECUTED
P3-2,282330|KR7282330000|KOSPI|2017-12-08|2026-09-01|282330_03,282330,282330_03,2026-02-13,2026-02-19,,NEVER_PROGRESSED,,,,,LOSS_GUARD_CLOSE_LE_NEG_15,LOSS_GUARD_CLOSE_LE_NEG_15,2026-03-04,2026-03-04,2026-03-05,2026-03-05,-14.46,-14.46,0.0,10.0,10.0,0.0,2.35,2.35,-19.16,-19.16,True,True,True,True,-14.8312,-14.8312,-14.8312,-14.8312,-728041.5,-728041.5,0.0,EXECUTED,EXECUTED
P3-2,282330|KR7282330000|KOSPI|2017-12-08|2026-09-01|282330_04,282330,282330_04,2026-03-27,2026-03-30,,NEVER_PROGRESSED,,,,,LOSS_GUARD_CLOSE_LE_NEG_15,LOSS_GUARD_CLOSE_LE_NEG_15,2026-06-22,2026-06-22,2026-06-23,2026-06-23,-15.41,-15.41,0.0,58.0,58.0,0.0,14.48,14.48,-16.96,-16.96,True,True,True,True,-15.7775,-15.7775,-15.7775,-15.7775,-774904.72,-774904.72,0.0,EXECUTED,EXECUTED
P3-2,282330|KR7282330000|KOSPI|2017-12-08|2026-09-01|282330_05,282330,282330_05,2026-08-07,2026-08-10,,NEVER_PROGRESSED,,,,,NO_PROGRESSED_BEFORE_CUTOFF,NO_PROGRESSED_BEFORE_CUTOFF,,,,,-1.92,-1.92,0.0,15.0,15.0,0.0,3.92,3.92,-9.09,-9.09,True,True,False,False,,,-2.037,-2.037,-101419.81,-101419.81,0.0,EXECUTED,EXECUTED
P3-2,285130|KR7285130001|KOSPI|2018-01-05|2026-09-01|285130_01,285130,285130_01,2025-07-04,2025-07-07,,NEVER_PROGRESSED,,,,,LOSS_GUARD_CLOSE_LE_NEG_15,LOSS_GUARD_CLOSE_LE_NEG_15,2025-08-13,2025-08-13,2025-08-14,2025-08-14,-15.88,-15.88,0.0,29.0,29.0,0.0,3.66,3.66,-16.69,-16.69,False,False,False,False,,,,,0.0,0.0,0.0,SKIPPED_CASH_UNAVAILABLE,SKIPPED_CASH_UNAVAILABLE
P3-2,294870|KR7294870001|KOSPI|2018-06-12|2026-09-01|294870_01,294870,294870_01,2026-02-20,2026-02-23,,NEVER_PROGRESSED,,,,,LOSS_GUARD_CLOSE_LE_NEG_15,LOSS_GUARD_CLOSE_LE_NEG_15,2026-03-04,2026-03-04,2026-03-05,2026-03-05,-11.11,-11.11,0.0,8.0,8.0,0.0,2.06,2.06,-17.08,-17.08,True,True,True,True,-11.4927,-11.4927,-11.4927,-11.4927,-573168.15,-573168.15,0.0,EXECUTED,EXECUTED
P3-2,294870|KR7294870001|KOSPI|2018-06-12|2026-09-01|294870_02,294870,294870_02,2026-03-20,2026-03-23,,NEVER_PROGRESSED,,,,,LOSS_GUARD_CLOSE_LE_NEG_15,LOSS_GUARD_CLOSE_LE_NEG_15,2026-06-01,2026-06-01,2026-06-02,2026-06-02,-16.13,-16.13,0.0,49.0,49.0,0.0,5.47,5.47,-17.22,-17.22,True,True,True,True,-16.4864,-16.4864,-16.4864,-16.4864,-823204.46,-823204.46,0.0,EXECUTED,EXECUTED
P3-2,298020|KR7298020009|KOSPI|2018-07-13|2026-09-01|298020_01,298020,298020_01,2024-05-17,2024-05-20,,NORMAL_EARLY_TREND_HANDOFF,,,,,LOSS_GUARD_CLOSE_LE_NEG_15,LOSS_GUARD_CLOSE_LE_NEG_15,2024-06-18,2024-06-18,2024-06-19,2024-06-19,-15.54,-15.54,0.0,22.0,22.0,0.0,0.96,0.96,-17.23,-17.23,False,False,False,False,,,,,0.0,0.0,0.0,SKIPPED_CASH_UNAVAILABLE,SKIPPED_CASH_UNAVAILABLE
P3-2,298020|KR7298020009|KOSPI|2018-07-13|2026-09-01|298020_02,298020,298020_02,2026-02-13,2026-02-19,,NORMAL_EARLY_TREND_HANDOFF,,,,,LOSS_GUARD_CLOSE_LE_NEG_15,LOSS_GUARD_CLOSE_LE_NEG_15,2026-03-04,2026-03-04,2026-03-05,2026-03-05,-13.68,-13.68,0.0,10.0,10.0,0.0,7.45,7.45,-22.22,-22.22,True,True,True,True,-14.0458,-14.0458,-14.0458,-14.0458,-691005.02,-691005.02,0.0,EXECUTED,EXECUTED
P3-2,298020|KR7298020009|KOSPI|2018-07-13|2026-09-01|298020_03,298020,298020_03,2026-04-10,2026-04-13,,NORMAL_EARLY_TREND_HANDOFF,,,,,LOSS_GUARD_CLOSE_LE_NEG_15,LOSS_GUARD_CLOSE_LE_NEG_15,2026-05-20,2026-05-20,2026-05-21,2026-05-21,-15.65,-15.65,0.0,27.0,27.0,0.0,19.4,19.4,-20.15,-20.15,True,True,True,True,-16.0106,-16.0106,-16.0106,-16.0106,-747752.24,-747752.24,0.0,EXECUTED,EXECUTED
P3-2,298380|KR7298380007|KOSDAQ|2018-12-19|2026-09-01|298380_01,298380,298380_01,2024-01-05,2024-01-08,,NORMAL_EARLY_TREND_HANDOFF,,,,,LOSS_GUARD_CLOSE_LE_NEG_15,LOSS_GUARD_CLOSE_LE_NEG_15,2024-02-08,2024-02-08,2024-02-13,2024-02-13,-15.14,-15.14,0.0,25.0,25.0,0.0,4.9,4.9,-19.15,-19.15,False,False,False,False,,,,,0.0,0.0,0.0,SKIPPED_CASH_UNAVAILABLE,SKIPPED_CASH_UNAVAILABLE
P3-2,298380|KR7298380007|KOSDAQ|2018-12-19|2026-09-01|298380_02,298380,298380_02,2024-03-08,2024-03-11,,NORMAL_EARLY_TREND_HANDOFF,,,,,LOSS_GUARD_CLOSE_LE_NEG_15,LOSS_GUARD_CLOSE_LE_NEG_15,2024-04-04,2024-04-04,2024-04-05,2024-04-05,-17.77,-17.77,0.0,20.0,20.0,0.0,6.27,6.27,-17.77,-17.77,False,False,False,False,,,,,0.0,0.0,0.0,SKIPPED_CASH_UNAVAILABLE,SKIPPED_CASH_UNAVAILABLE
P3-2,300720|KR7300720000|KOSPI|2018-08-06|2026-09-01|300720_01,300720,300720_01,2024-12-20,2024-12-23,,NORMAL_EARLY_TREND_HANDOFF,,,,,EXIT4_SCORE_DRAWDOWN_GE_15,EXIT4_SCORE_DRAWDOWN_GE_15,2025-10-31,2025-10-31,2025-11-03,2025-11-03,7.56,7.56,0.0,207.0,207.0,0.0,33.54,33.54,-12.62,-12.62,True,True,True,True,7.1529,7.1529,7.1529,7.1529,357023.88,357023.88,0.0,EXECUTED,EXECUTED
P3-2,307950|KR7307950006|KOSPI|2019-03-28|2026-09-01|307950_01,307950,307950_01,2023-04-14,2023-04-17,,NORMAL_EARLY_TREND_HANDOFF,,,,,EXIT4_SCORE_DRAWDOWN_GE_15,EXIT4_SCORE_DRAWDOWN_GE_15,2026-02-28,2026-02-28,2026-03-03,2026-03-03,288.89,288.89,0.0,698.0,698.0,0.0,330.95,330.95,-15.08,-15.08,True,True,True,True,287.2194,287.2194,287.2194,287.2194,14130192.75,14130192.75,0.0,EXECUTED,EXECUTED
P3-2,316140|KR7316140003|KOSPI|2019-02-13|2026-09-01|316140_01,316140,316140_01,2023-01-27,2023-01-30,,NORMAL_EARLY_TREND_HANDOFF,,,,,LOSS_GUARD_CLOSE_LE_NEG_15,LOSS_GUARD_CLOSE_LE_NEG_15,2023-03-10,2023-03-10,2023-03-13,2023-03-13,-16.42,-16.42,0.0,30.0,30.0,0.0,0.37,0.37,-16.42,-16.42,True,True,True,True,-16.7778,-16.7778,-16.7778,-16.7778,-838791.8,-838791.8,0.0,EXECUTED,EXECUTED
P3-2,316140|KR7316140003|KOSPI|2019-02-13|2026-09-01|316140_02,316140,316140_02,2023-10-06,2023-10-10,,NORMAL_EARLY_TREND_HANDOFF,,,,,EXIT4_SCORE_DRAWDOWN_GE_15,EXIT4_SCORE_DRAWDOWN_GE_15,2025-12-31,2025-12-31,2026-01-02,2026-01-02,125.34,125.34,0.0,544.0,544.0,0.0,134.56,134.56,-6.98,-6.98,True,True,True,True,124.3734,124.3734,124.3734,124.3734,6210881.22,6210881.22,0.0,EXECUTED,EXECUTED
P3-2,323410|KR7323410001|KOSPI|2021-08-06|2026-09-01|323410_01,323410,323410_01,2024-12-06,2024-12-09,,NEVER_PROGRESSED,,,,,NO_PROGRESSED_BEFORE_CUTOFF,NO_PROGRESSED_BEFORE_CUTOFF,,,,,-5.62,-5.62,0.0,419.0,419.0,0.0,67.39,67.39,-17.45,-17.45,True,True,False,False,,,-5.724,-5.724,-285224.58,-285224.58,0.0,EXECUTED,EXECUTED
P3-2,326030|KR7326030004|KOSPI|2020-07-02|2026-09-01|326030_01,326030,326030_01,2024-08-16,2024-08-19,,NEVER_PROGRESSED,,,,,LOSS_GUARD_CLOSE_LE_NEG_15,LOSS_GUARD_CLOSE_LE_NEG_15,2025-05-09,2025-05-09,2025-05-12,2025-05-12,-17.38,-17.38,0.0,174.0,174.0,0.0,20.15,20.15,-17.74,-17.74,True,True,True,True,-17.6887,-17.6887,-17.6887,-17.6887,-881415.6,-881415.6,0.0,EXECUTED,EXECUTED
P3-2,336260|KR7336260005|KOSPI|2019-10-18|2026-09-01|336260_01,336260,336260_01,2025-10-10,2025-10-13,,NORMAL_EARLY_TREND_HANDOFF,,,,,EXIT4_SCORE_DRAWDOWN_GE_15,EXIT4_SCORE_DRAWDOWN_GE_15,2025-12-31,2025-12-31,2026-01-02,2026-01-02,-8.56,-8.56,0.0,57.0,57.0,0.0,46.75,46.75,-11.41,-11.41,True,True,True,True,-8.9504,-8.9504,-8.9504,-8.9504,-446682.23,-446682.23,0.0,EXECUTED,EXECUTED
P3-2,336570|KR7336570007|KOSDAQ|2022-06-30|2026-09-01|336570_01,336570,336570_01,2025-07-11,2025-07-14,,PROGRESSED_WITHOUT_DIRECT_HANDOFF,,,,,LOSS_GUARD_CLOSE_LE_NEG_15,LOSS_GUARD_CLOSE_LE_NEG_15,2025-08-26,2025-08-26,2025-08-27,2025-08-27,-15.42,-15.42,0.0,32.0,32.0,0.0,14.91,14.91,-16.88,-16.88,False,False,False,False,,,,,0.0,0.0,0.0,SKIPPED_CASH_UNAVAILABLE,SKIPPED_CASH_UNAVAILABLE
P3-2,352820|KR7352820005|KOSPI|2020-10-15|2026-09-01|352820_01,352820,352820_01,2024-11-22,2024-11-25,,NORMAL_EARLY_TREND_HANDOFF,,,,,LOSS_GUARD_CLOSE_LE_NEG_15,LOSS_GUARD_CLOSE_LE_NEG_15,2024-12-09,2024-12-09,2024-12-10,2024-12-10,-14.76,-14.76,0.0,12.0,12.0,0.0,1.14,1.14,-17.49,-17.49,True,True,True,True,-15.1097,-15.1097,-15.1097,-15.1097,-730488.84,-730488.84,0.0,EXECUTED,EXECUTED
P3-2,352820|KR7352820005|KOSPI|2020-10-15|2026-09-01|352820_02,352820,352820_02,2025-01-31,2025-02-03,,NORMAL_EARLY_TREND_HANDOFF,,,,,EXIT4_SCORE_DRAWDOWN_GE_15,EXIT4_SCORE_DRAWDOWN_GE_15,2026-02-28,2026-02-28,2026-03-03,2026-03-03,70.88,70.88,0.0,263.0,263.0,0.0,83.07,83.07,-5.42,-5.42,True,True,True,True,70.1468,70.1468,70.1468,70.1468,3422183.17,3422183.17,0.0,EXECUTED,EXECUTED
P3-2,353200|KR7353200009|KOSPI|2020-05-21|2026-09-01|353200_01,353200,353200_01,2023-06-02,2023-06-05,,NORMAL_EARLY_TREND_HANDOFF,,,,,LOSS_GUARD_CLOSE_LE_NEG_15,LOSS_GUARD_CLOSE_LE_NEG_15,2023-10-26,2023-10-26,2023-10-27,2023-10-27,-16.06,-16.06,0.0,98.0,98.0,0.0,51.63,51.63,-17.4,-17.4,False,False,False,False,,,,,0.0,0.0,0.0,SKIPPED_CASH_UNAVAILABLE,SKIPPED_CASH_UNAVAILABLE
P3-2,357780|KR7357780006|KOSDAQ|2020-08-06|2026-09-01|357780_01,357780,357780_01,2023-08-04,2023-08-07,,NORMAL_EARLY_TREND_HANDOFF,,,,,LOSS_GUARD_CLOSE_LE_NEG_15,LOSS_GUARD_CLOSE_LE_NEG_15,2023-09-11,2023-09-11,2023-09-12,2023-09-12,-15.34,-15.34,0.0,26.0,26.0,0.0,1.33,1.33,-17.42,-17.42,True,True,True,True,-15.7044,-15.7044,-15.7044,-15.7044,-747129.31,-747129.31,0.0,EXECUTED,EXECUTED
P3-2,357780|KR7357780006|KOSDAQ|2020-08-06|2026-09-01|357780_02,357780,357780_02,2023-12-01,2023-12-04,,NORMAL_EARLY_TREND_HANDOFF,,,,,LOSS_GUARD_CLOSE_LE_NEG_15,LOSS_GUARD_CLOSE_LE_NEG_15,2024-08-05,2024-08-05,2024-08-06,2024-08-06,-18.58,-18.58,0.0,166.0,166.0,0.0,24.48,24.48,-23.26,-23.26,False,False,False,False,,,,,0.0,0.0,0.0,SKIPPED_CASH_UNAVAILABLE,SKIPPED_CASH_UNAVAILABLE
P3-2,357780|KR7357780006|KOSDAQ|2020-08-06|2026-09-01|357780_03,357780,357780_03,2025-09-12,2025-09-15,,NORMAL_EARLY_TREND_HANDOFF,,,,,EXIT4_SCORE_DRAWDOWN_GE_15,EXIT4_SCORE_DRAWDOWN_GE_15,2026-04-30,2026-04-30,2026-05-04,2026-05-04,81.91,81.91,0.0,153.0,153.0,0.0,106.23,106.23,-11.28,-11.28,True,True,True,True,81.1257,81.1257,81.1257,81.1257,3965923.04,3965923.04,0.0,EXECUTED,EXECUTED
P3-2,373220|KR7373220003|KOSPI|2022-01-27|2026-09-01|373220_01,373220,373220_01,2025-10-31,2025-11-03,,NEVER_PROGRESSED,,,,,LOSS_GUARD_CLOSE_LE_NEG_15,LOSS_GUARD_CLOSE_LE_NEG_15,2025-11-28,2025-11-28,2025-12-01,2025-12-01,-14.27,-14.27,0.0,21.0,21.0,0.0,3.12,3.12,-15.0,-15.0,False,False,False,False,,,,,0.0,0.0,0.0,SKIPPED_CASH_UNAVAILABLE,SKIPPED_CASH_UNAVAILABLE
P3-2,375500|KR7375500006|KOSPI|2021-01-25|2026-09-01|375500_01,375500,375500_01,2025-02-28,2025-03-04,C1_PROGRESSED_WITHOUT_DIRECT_HANDOFF,PROGRESSED_WITHOUT_DIRECT_HANDOFF,2026-01-31,2026-01-30,,,EXIT4_SCORE_DRAWDOWN_GE_15,EXIT4_SCORE_DRAWDOWN_GE_15,2026-04-30,2026-04-30,2026-05-04,2026-05-04,143.95,143.95,0.0,286.0,286.0,0.0,163.21,163.21,-8.27,-8.27,False,False,False,False,,,,,0.0,0.0,0.0,SKIPPED_CASH_UNAVAILABLE,SKIPPED_CASH_UNAVAILABLE
P3-2,383220|KR7383220001|KOSPI|2021-05-21|2026-09-01|383220_01,383220,383220_01,2026-06-12,2026-06-15,,NEVER_PROGRESSED,,,,,LOSS_GUARD_CLOSE_LE_NEG_15,LOSS_GUARD_CLOSE_LE_NEG_15,2026-06-23,2026-06-23,2026-06-24,2026-06-24,-14.53,-14.53,0.0,8.0,8.0,0.0,0.0,0.0,-17.53,-17.53,True,True,True,True,-14.8998,-14.8998,-14.8998,-14.8998,-737179.5,-737179.5,0.0,EXECUTED,EXECUTED
P3-2,383220|KR7383220001|KOSPI|2021-05-21|2026-09-01|383220_02,383220,383220_02,2026-07-31,2026-08-03,,NEVER_PROGRESSED,,,,,LOSS_GUARD_CLOSE_LE_NEG_15,LOSS_GUARD_CLOSE_LE_NEG_15,2026-08-03,2026-08-03,2026-08-04,2026-08-04,-17.05,-17.05,0.0,2.0,2.0,0.0,0.14,0.14,-17.05,-17.05,True,True,True,True,-17.4062,-17.4062,-17.4062,-17.4062,-862823.27,-862823.27,0.0,EXECUTED,EXECUTED
P3-2,403870|KR7403870009|KOSDAQ|2022-07-15|2026-09-01|403870_01,403870,403870_01,2025-10-31,2025-11-03,,SKIPPED_EARLY_TREND_HANDOFF,,,,,LOSS_GUARD_CLOSE_LE_NEG_15,LOSS_GUARD_CLOSE_LE_NEG_15,2025-11-19,2025-11-19,2025-11-20,2025-11-20,-12.14,-12.14,0.0,14.0,14.0,0.0,2.02,2.02,-17.34,-17.34,False,False,False,False,,,,,0.0,0.0,0.0,SKIPPED_CASH_UNAVAILABLE,SKIPPED_CASH_UNAVAILABLE
P3-2,403870|KR7403870009|KOSDAQ|2022-07-15|2026-09-01|403870_02,403870,403870_02,2026-02-27,2026-03-03,C1_PROGRESSED_WITHOUT_DIRECT_HANDOFF,SKIPPED_EARLY_TREND_HANDOFF,2026-05-31,2026-05-29,,,EXIT4_SCORE_DRAWDOWN_GE_15,EXIT4_SCORE_DRAWDOWN_GE_15,2026-06-30,2026-06-30,2026-07-01,2026-07-01,25.49,25.49,0.0,83.0,83.0,0.0,110.29,110.29,-13.26,-13.26,False,False,False,False,,,,,0.0,0.0,0.0,SKIPPED_CASH_UNAVAILABLE,SKIPPED_CASH_UNAVAILABLE
P3-2,950210|KR8702070002|KOSPI|2021-02-05|2026-09-01|950210_01,950210,950210_01,2024-11-01,2024-11-04,,SKIPPED_EARLY_TREND_HANDOFF,,,,,LOSS_GUARD_CLOSE_LE_NEG_15,LOSS_GUARD_CLOSE_LE_NEG_15,2024-11-25,2024-11-25,2024-11-26,2024-11-26,-15.61,-15.61,0.0,17.0,17.0,0.0,10.72,10.72,-17.18,-17.18,True,True,True,True,-15.9541,-15.9541,-15.9541,-15.9541,-795314.94,-795314.94,0.0,EXECUTED,EXECUTED
