ticker,close,market_cap,volume,trading_value,shares_outstanding,effective_date
095570,4170,188704005030,99988,419229047,45252759,2026-09-22
006840,6890,91275695290,2922,20270770,13247561,2026-09-22
027410,3765,360373718115,45399,169564310,95716791,2026-09-22
282330,134000,2316043404000,33487,4501152900,17283906,2026-09-22
138930,15630,4795905308130,522631,8150309715,306839751,2026-09-22
001460,36100,225486015000,3323,118577950,6246150,2026-09-22
001465,26800,57723180000,1059,28467300,2153850,2026-09-22
001040,129400,3775503541200,98171,12693403100,29176998,2026-09-22
079160,5240,867653856280,220488,1161058235,165582797,2026-09-22
00104K,127800,540148233600,2812,357305100,4226512,2026-09-22
000120,71300,1626520127200,26888,1907135400,22812344,2026-09-22
011150,1878,67477991694,28796,54314906,35930773,2026-09-22
011155,5890,1178000000,1062,6200980,200000,2026-09-22
001045,65800,148722673400,2329,153170700,2260223,2026-09-22
097950,174200,2622439201200,56873,9896216300,15054186,2026-09-22
097955,110000,146017630000,6645,725778700,1327433,2026-09-22
000480,4285,200925749650,5265,22536595,46890490,2026-09-22
000590,67700,78158431400,382,25685300,1154482,2026-09-22
012030,1696,341190990368,874069,1463876303,201173933,2026-09-22
005830,185900,12176514879100,141995,26206441650,65500349,2026-09-22
016610,10330,438471198370,23314,241003300,42446389,2026-09-22
000990,130700,5686049651600,559829,73522379400,43504588,2026-09-22
000300,4200,174035631000,0,0,41437055,2026-09-22
001530,25350,525140992350,30941,786398550,20715621,2026-09-22
015590,2110,112666209880,120721,268983001,53396308,2026-09-22
000210,51600,1081323614400,30194,1564756500,20955884,2026-09-22
000215,25100,42321486500,1570,39275150,1686115,2026-09-22
375500,85200,3296696679600,284798,24260021450,38693623,2026-09-22
37550L,53700,113411768700,2400,127567800,2111951,2026-09-22
37550K,27000,57074895000,3271,88323925,2113885,2026-09-22
007340,49600,2902138904000,161405,7971436225,58510865,2026-09-22
004840,3950,76125837800,96683,381629355,19272364,2026-09-22
155660,4355,69680000000,10857,47163508,16000000,2026-09-22
069730,5350,77040000000,20997,112707190,14400000,2026-09-22
017860,12110,213785507740,60736,724531955,17653634,2026-09-22
092780,3545,46682190700,225197,810028807,13168460,2026-09-22
017940,93500,641410000000,9401,866853350,6860000,2026-09-22
365550,3165,778871685000,188839,593157757,246089000,2026-09-22
383220,68500,2624034637500,35342,2409023100,38307075,2026-09-22
007700,13350,522176799450,13568,181516750,39114367,2026-09-22
114090,8880,549278349600,65504,583642585,61855670,2026-09-22
078930,110600,10274241747000,541775,59370592050,92895495,2026-09-22
006360,37450,3205026800500,1420155,53069867800,85581490,2026-09-22
001250,2555,210873767020,198590,510094236,82533764,2026-09-22
007070,23250,1943872398750,134792,3115647875,83607415,2026-09-22
078935,59200,105356819200,4642,273604250,1779676,2026-09-22
499790,36350,720851070350,147413,5370880725,19830841,2026-09-22
012630,25850,1544323487850,65668,1696778350,59741721,2026-09-22
039570,7490,194422431490,4489,33548600,25957601,2026-09-22
089470,3795,121060500000,32647,123013770,31900000,2026-09-22
267270,137500,6530890575000,261594,36819714100,47497386,2026-09-22
009540,339500,24027472882000,132159,45093156250,70773116,2026-09-22
267250,207000,16351568595000,142945,29762832500,78993085,2026-09-22
443060,243000,10894530780000,66338,15838305690,44833460,2026-09-22
071970,50100,1699466899500,190253,9560781100,33921495,2026-09-22
322000,116800,1308160000000,223498,26246380450,11200000,2026-09-22
267260,714000,25737654390000,78931,56988808500,36047135,2026-09-22
329180,455500,47809837987500,153572,69620453000,104961225,2026-09-22
097230,15050,1358944927200,355981,5449255305,90295344,2026-09-22
014790,2450,92753572450,14992,37028600,37858601,2026-09-22
003580,1579,79997674395,31575,50075887,50663505,2026-09-22
204320,45800,2150636096000,385429,17998333050,46957120,2026-09-22
060980,38950,348849715650,22025,859384025,8956347,2026-09-22
011200,21200,19996644964000,385779,8133613700,943237970,2026-09-22
035000,6320,102432310080,10511,66514565,16207644,2026-09-22
002460,11000,111650000000,5238,57800140,10150000,2026-09-22
487570,48200,179589681400,1012,48499800,3725927,2026-09-22
298050,159400,714103711200,11491,1833722150,4479948,2026-09-22
015360,14470,394307500000,5218,75593440,27250000,2026-09-22
294870,23650,1558708354500,155188,3639203125,65907330,2026-09-22
175330,30800,5744872179200,427825,12958616625,186521824,2026-09-22
234080,10940,173230020760,9287,101443260,15834554,2026-09-22
001060,26600,619405738000,28879,773011750,23285930,2026-09-22
001067,50400,10582639200,1,50400,209973,2026-09-22
001065,22100,7557117100,54,1199300,341951,2026-09-22
096760,4275,316029127050,56827,244317650,73924942,2026-09-22
008970,1170,121407281190,1388569,1632258111,103766907,2026-09-22
105560,175700,62318634863800,686118,120575362600,354687734,2026-09-22
415640,10410,1275699154680,224129,2372301245,122545548,2026-09-22
432320,1633,246198077405,606720,992741883,150764285,2026-09-22
002380,467500,4017178880000,23993,11251478750,8592896,2026-09-22
344820,23500,375307032000,14989,351149550,15970512,2026-09-22
009070,4120,123600000000,103997,430583525,30000000,2026-09-22
009440,756,17568790596,0,0,23239141,2026-09-22
119650,918,100782913662,0,0,109785309,2026-09-22
092220,2995,120257120860,812397,2475050240,40152628,2026-09-22
003620,2515,508972903680,602204,1529009375,202374912,2026-09-22
016380,5610,561049912170,130012,729820890,100008897,2026-09-22
001390,4225,280555362100,83887,356666064,66403636,2026-09-22
001940,27600,391268088000,4395,116801000,14176380,2026-09-22
025000,56500,234290527500,4187,236792400,4146735,2026-09-22
092230,96300,406833409800,2791,269032300,4224646,2026-09-22
000040,1010,19871786360,34430,35127781,19675036,2026-09-22
044450,10060,227129901500,658877,7578290365,22577525,2026-09-22
030200,53100,13382351473500,234575,12460804400,252021685,2026-09-22
033780,177300,18405593848800,368592,63800913400,103810456,2026-09-22
058850,2100,86949345000,118604,248222200,41404450,2026-09-22
058860,2450,85264900000,26786,65585941,34802000,2026-09-22
093050,21450,627198000000,14189,304678525,29240000,2026-09-22
003550,116500,17613868466000,253416,29487963550,151192004,2026-09-22
034220,8470,4235000000000,2924118,24878200805,500000000,2026-09-22
051900,296500,4440242569500,58953,17578874250,14975523,2026-09-22
051905,99000,207529641000,17681,1742404650,2096259,2026-09-22
064400,71600,6937033876800,726934,51867887700,96885948,2026-09-22
373220,350500,82017000000000,259262,91002534500,234000000,2026-09-22
003555,68300,205664891700,8308,566982400,3011199,2026-09-22
032640,14570,6183912055240,1053339,15372266220,424427732,2026-09-22
011070,542000,12827571994000,225118,123241208500,23667107,2026-09-22
066570,216500,35264524127000,1625088,350449595250,162884638,2026-09-22
066575,72300,1242207917700,154927,11165834600,17181299,2026-09-22
037560,1567,121359237455,100823,156684520,77446865,2026-09-22
051910,254000,17930455122000,191258,48935106750,70592343,2026-09-22
051915,114300,878829840000,15356,1770288400,7688800,2026-09-22
079550,704000,15488000000000,63701,45387339500,22000000,2026-09-22
006260,326500,10186800000000,116161,38328577750,31200000,2026-09-22
010120,212000,31800000000000,444006,95096327750,150000000,2026-09-22
000680,2930,230892836880,32094,94442726,78803016,2026-09-22
229640,59500,1822180300500,250400,15113866350,30624879,2026-09-22
108320,36050,586328015000,51484,1874414250,16264300,2026-09-22
001120,41400,1604664000000,87419,3615003350,38760000,2026-09-22
108670,32900,295036343000,12423,410752675,8967670,2026-09-22
108675,18180,18767759400,252,4587020,1032330,2026-09-22
383800,8110,618636395900,131556,1065412960,76280690,2026-09-22
38380K,7310,10711233350,1455,10945110,1465285,2026-09-22
009810,1934,39360102704,2487,4833140,20351656,2026-09-22
023150,4105,25456882465,942,3874407,6201433,2026-09-22
035420,201000,30570968169000,496158,100182681500,152094369,2026-09-22
036570,223000,4804316906000,131544,28737114000,21544022,2026-09-22
181710,57200,1849216798000,170517,9761491650,32328965,2026-09-22
400760,2795,153527323625,67496,187718285,54929275,2026-09-22
005940,26100,9636279340500,583599,15364399225,369206105,2026-09-22
005945,23000,434032264000,29080,669588875,18870968,2026-09-22
338100,3775,70441500000,35313,133704147,18660000,2026-09-22
034310,11850,435572310450,31007,365308405,36757157,2026-09-22
030190,15440,899669361040,27685,425451785,58268741,2026-09-22
008260,3275,93665383175,26045,85355394,28600117,2026-09-22
004250,2830,103917600000,6765,19208855,36720000,2026-09-22
004255,1885,9952800000,1174,2212688,5280000,2026-09-22
456040,73500,658008382500,21890,1614359900,8952495,2026-09-22
010060,188000,3510003616000,307520,58305451450,18670232,2026-09-22
178920,18160,533292407520,41218,757232845,29366322,2026-09-22
001340,4840,217935950760,96370,471377425,45028089,2026-09-22
005490,317500,25159184822500,169829,53935521000,79241527,2026-09-22
010950,154300,17371524805600,437500,66405174100,112582792,2026-09-22
010955,79100,318134425700,21873,1711189000,4021927,2026-09-22
034120,11880,220388707440,3207,38035730,18551238,2026-09-22
003080,2210,44244200000,18473,40966430,20020000,2026-09-22
005090,52500,756489982500,87529,4666718300,14409333,2026-09-22
001380,1171,26326505141,80851,95097860,22482071,2026-09-22
004060,2140,43318941440,36493,77884297,20242496,2026-09-22
001770,4700,5709926600,80815,394957940,1214878,2026-09-22
002360,2120,23560350760,292486,589014795,11113373,2026-09-22
009160,4720,308550968960,44553,211214890,65370968,2026-09-22
033530,6710,181520926290,22106,148269575,27052299,2026-09-22
123700,3345,52198383810,10914,36423620,15604898,2026-09-22
025530,3615,53986438920,1975,7126745,14934008,2026-09-22
034730,588000,42631589364000,115181,67686022500,72502703,2026-09-22
011790,88400,4384489543200,138571,12362854850,49598298,2026-09-22
018670,239500,2219983938000,15048,3579541250,9269244,2026-09-22
001740,6170,1237664295130,688533,4271113340,200593889,2026-09-22
006120,57500,1001290682500,21495,1224136800,17413751,2026-09-22
006125,41600,51238928000,229,9515700,1231705,2026-09-22
210980,3385,63019838070,118546,401177895,18617382,2026-09-22
395400,5380,1619474795600,223987,1192647325,301017620,2026-09-22
302440,35750,2804821769750,51840,1850078625,78456553,2026-09-22
326030,76900,6022288925000,95942,7407507100,78313250,2026-09-22
402340,1133000,149469889734000,585196,674630003500,131923998,2026-09-22
361610,16170,1322497407000,234294,3793110550,81787100,2026-09-22
100090,11540,720997608660,345190,4004634525,62478129,2026-09-22
03473K,382500,216546637500,626,239814250,566135,2026-09-22
096770,141000,23836443108000,702566,98407732200,169052788,2026-09-22
096775,68400,85392338400,1379,94159250,1248426,2026-09-22
475150,50500,1720383702000,765566,39243139850,34067004,2026-09-22
001510,2335,540074023475,3492728,8332381534,231295085,2026-09-22
001515,4010,7844590570,1832,7465835,1956257,2026-09-22
285130,49800,861478546800,85782,4274667675,17298766,2026-09-22
28513K,25250,53414582250,4036,102196850,2115429,2026-09-22
017670,87300,18751171626900,795394,69633404350,214790053,2026-09-22
000660,1840000,1344105951600000,3271767,6171466634764,730492365,2026-09-22
003570,27150,902810723550,25474,693994325,33252697,2026-09-22
064960,25450,675449922400,72732,1846977850,26540272,2026-09-22
100840,38500,796210145500,589505,22985165075,20680783,2026-09-22
036530,46000,749978756000,13112,600234700,16303886,2026-09-22
000390,7060,192056491140,92473,657404035,27203469,2026-09-22
011810,3530,109493282310,0,0,31017927,2026-09-22
465770,2675,19309166500,281715,747752395,7218380,2026-09-22
077970,22800,915375836400,131339,3020569700,40148063,2026-09-22
002820,1423,17165939292,41013,57672440,12063204,2026-09-22
002170,53400,160200000000,773,41295000,3000000,2026-09-22
084870,2195,44905871920,14470,31297740,20458256,2026-09-22
002710,11860,310894446420,198527,2327462690,26213697,2026-09-22
069260,16150,660189196200,31074,501578740,40878588,2026-09-22
007980,1712,80288263200,141177,241499577,46897350,2026-09-22
002900,6690,276966000000,154966,1039210035,41400000,2026-09-22
024070,1988,30468958744,8836,17556085,15326438,2026-09-22
037270,3080,196082378800,91815,284694518,63663110,2026-09-22
139130,18100,2866377684800,208263,3734734770,158363408,2026-09-22
000500,321500,9573500650500,423015,140782102500,29777607,2026-09-22
000860,12330,160290000000,3349,41170480,13000000,2026-09-22
035250,14370,3074324985000,182116,2613293125,213940500,2026-09-22
011420,1410,38844998040,17363,24616004,27549644,2026-09-22
002100,8970,175117497750,16391,147256005,19522575,2026-09-22
009450,61100,890140971200,29024,1779210500,14568592,2026-09-22
267290,21500,126751229000,7030,151279125,5895406,2026-09-22
012320,44200,104534016600,6561,289922350,2365023,2026-09-22
000050,7990,219048007300,30272,241422240,27415270,2026-09-22
214390,5340,127662632400,17320,92465130,23906860,2026-09-22
012610,3185,132548122525,110178,353478165,41616365,2026-09-22
013580,22900,204517770300,43955,1005568300,8930907,2026-09-22
012200,3820,103991206780,825968,3305942098,27222829,2026-09-22
012205,5170,6044138430,12418,64948420,1169079,2026-09-22
002140,1930,48133090250,117862,229195341,24939425,2026-09-22
010130,1110000,23168995590000,19155,21452041500,20872969,2026-09-22
002240,16810,453870000000,15744,264475180,27000000,2026-09-22
009290,6400,318718771200,188084,1192852545,49799808,2026-09-22
017040,932,40390657180,0,0,43337615,2026-09-22
017900,10200,591026382600,4148459,43164414725,57943763,2026-09-22
037710,34500,263137434000,16827,580931825,7627172,2026-09-22
030610,9990,1138489980390,22816,229561215,113962961,2026-09-22
339770,3805,190117129400,22117,83923944,49965080,2026-09-22
007690,37500,347281200000,5802,217265150,9260832,2026-09-22
002720,3230,68346257360,31618,102370615,21159832,2026-09-22
083420,4625,111000000000,24341,112904780,24000000,2026-09-22
014530,3275,114197350500,111540,365192750,34869420,2026-09-22
014280,4460,130808932220,1124705,5175547824,29329357,2026-09-22
014285,5490,3238413750,413,2241810,589875,2026-09-22
008870,40100,40100000000,80,3191250,1000000,2026-09-22
001570,9900,633275240400,0,0,63967196,2026-09-22
002990,13230,492949456020,1895575,25613658790,37259974,2026-09-22
002995,17000,4968522000,4613,78581340,292266,2026-09-22
011780,117200,2948438490000,73716,8660862200,25157325,2026-09-22
011785,49750,150418428500,8796,439607475,3023486,2026-09-22
214330,6540,68388315660,49443,322740260,10456929,2026-09-22
001210,10140,127017351240,1668187,17207610670,12526366,2026-09-22
073240,6720,1930389128640,964728,6549321235,287260287,2026-09-22
092440,1850,54020000000,126554,235675162,29200000,2026-09-22
000270,118500,46263940263000,786788,94067790500,390412998,2026-09-22
024110,20000,15948517380000,681609,13647726540,797425869,2026-09-22
013700,1621,96856095430,183338,300523569,59750830,2026-09-22
004540,1223,45545367539,31887,38526335,37240693,2026-09-22
004545,3305,1210158800,935,3293595,366160,2026-09-22
001260,7560,74334244320,16929,128645415,9832572,2026-09-22
008350,1067,137727389030,687784,732200315,129079090,2026-09-22
008355,7100,2186019000,152,1061700,307890,2026-09-22
004270,5540,25263109120,8371,46157460,4560128,2026-09-22
003920,42500,241121497500,9779,415583350,5673447,2026-09-22
003925,31250,59098406250,3709,115359800,1891149,2026-09-22
025860,6190,307512038170,255176,1582858560,49678843,2026-09-22
005720,5410,284262915570,22383,122679770,52543977,2026-09-22
005725,4300,15482580000,5,21410,3600600,2026-09-22
002350,5590,545963432430,102912,572898510,97667877,2026-09-22
002355,3940,25610000000,31740,124738535,6500000,2026-09-22
092790,14250,370528500000,1088473,15590861470,26002000,2026-09-22
251270,34700,2885597347500,96768,3340920400,83158425,2026-09-22
090350,7730,154600000000,20802,161711150,20000000,2026-09-22
090355,11350,5256480100,391,4453870,463126,2026-09-22
000320,15800,210000185800,7131,113352530,13291151,2026-09-22
000325,27750,6758762250,22,604350,243559,2026-09-22
006280,123300,1440950135400,18851,2334284300,11686538,2026-09-22
005250,9520,447708559200,33365,317906030,47028210,2026-09-22
005257,18490,15642355100,11,201150,845990,2026-09-22
004370,392500,2387436985000,13325,5217319500,6082642,2026-09-22
072710,89700,416009763000,1662,148837200,4637790,2026-09-22
058730,3170,64196465670,253607,808914125,20251251,2026-09-22
030210,3850,234507758100,32762,126047282,60911106,2026-09-22
023590,39700,1718506286400,29445,1169566325,43287312,2026-09-22
145210,2240,9461011840,0,0,4223666,2026-09-22
483650,179200,2244867968000,141383,25436813400,12527165,2026-09-22
019680,1637,65862812450,12820,20917512,40233850,2026-09-22
019685,979,9509511605,34885,34251401,9713495,2026-09-22
006370,3030,32789481330,79835,244417512,10821611,2026-09-22
008060,14630,457730243740,103284,1514457630,31287098,2026-09-22
00806K,10520,12753995640,3757,39582970,1212357,2026-09-22
353200,112300,5549520677500,2888270,333853613700,49416925,2026-09-22
35320K,24250,50816335750,29208,695256325,2095519,2026-09-22
000490,7670,221102054550,106580,825750025,28826865,2026-09-22
005750,4350,72176244000,10229,44710370,16592240,2026-09-22
006570,1939,29521275000,14802,28433075,15225000,2026-09-22
001680,17820,617427805500,41127,728815580,34648025,2026-09-22
001685,14440,19786020120,1351,19479280,1370223,2026-09-22
084690,7760,281009294880,31340,243828480,36212538,2026-09-22
084695,13050,11920940100,1137,14872690,913482,2026-09-22
128820,4055,183429863290,61741,249366300,45235478,2026-09-22
117580,7010,192775000000,133274,936427010,27500000,2026-09-22
016710,7050,113430685950,1568,10957675,16089459,2026-09-22
0030R0,3710,221783800000,7189,26781340,59780000,2026-09-22
003540,26500,1263152339000,56675,1504669600,47666126,2026-09-22
003547,19510,187426053660,4302,84108890,9606666,2026-09-22
003545,20400,497420013600,15635,318331925,24383334,2026-09-22
009190,1131,49748477025,0,0,43986275,2026-09-22
014160,655,70998429595,0,0,108394549,2026-09-22
047040,18800,7725063594400,9155369,173663847980,410907638,2026-09-22
003090,16100,936085878000,64233,1026550215,58141980,2026-09-22
069620,108800,1260619360000,15299,1660059900,11586575,2026-09-22
000430,5020,311240000000,104021,524235105,62000000,2026-09-22
006340,13660,1071140922560,7439697,105454820360,78414416,2026-09-22
006345,10150,26605180000,100175,1050508705,2621200,2026-09-22
003220,7810,175159423230,32153,251401975,22427583,2026-09-22
024890,1707,14082459810,47023,78525390,8249830,2026-09-22
012800,1173,106907805327,366994,431219328,91140499,2026-09-22
015230,6830,185390924600,42890,292307090,27143620,2026-09-22
001070,5880,31164000000,1295,7574050,5300000,2026-09-22
006650,96800,629200000000,47784,4576300750,6500000,2026-09-22
001440,31600,6193366033600,9221371,297225591525,195992596,2026-09-22
084010,7990,274629052040,12448,99682130,34371596,2026-09-22
001790,2835,244495829025,78803,222988075,86241915,2026-09-22
001795,2100,13613796000,7672,16210152,6482760,2026-09-22
001130,10910,184379000000,18190,198544890,16900000,2026-09-22
439260,46100,1755890453000,24192,1118688750,38088730,2026-09-22
003490,31400,11562127122600,7326416,225281262575,368220609,2026-09-22
003495,22200,24659560200,8765,193755875,1110791,2026-09-22
005880,2025,653563363500,975251,1975056956,322747340,2026-09-22
003830,111700,148337600000,22,2453900,1328000,2026-09-22
016090,1400,61995234000,24219,33819569,44282310,2026-09-22
069460,2660,46322277400,0,0,17414390,2026-09-22
475560,14560,215895243200,14677,215338980,14827970,2026-09-22
192080,58600,1240765224800,30630,1788288500,21173468,2026-09-22
004830,3240,50803200000,19320,62863005,15680000,2026-09-22
004835,4290,5971680000,17639,75694515,1392000,2026-09-22
145720,37300,321671134300,7608,285681100,8623891,2026-09-22
002150,5010,168937200000,22711,114416275,33720000,2026-09-22
460850,5340,159658823040,29167,155222850,29898656,2026-09-22
460860,9930,492607608810,105499,1053422605,49608017,2026-09-22
001230,2125,330453894375,448547,956957319,155507715,2026-09-22
023450,32000,112000000000,378,12137950,3500000,2026-09-22
004140,1783,85533658778,61099,109158700,47971766,2026-09-22
007590,5570,75849903890,3697,20586390,13617577,2026-09-22
005960,8580,196882368540,33132,286359360,22946663,2026-09-22
005965,17300,3905163600,124,2145200,225732,2026-09-22
026960,25500,2542350000000,31570,801802825,99700000,2026-09-22
002210,1292,124832403044,102410,133704083,96619507,2026-09-22
102260,3570,180890439870,72730,260572765,50669591,2026-09-22
000640,93000,626125011000,12531,1169273200,6732527,2026-09-22
170900,34850,339016652850,7423,260784850,9727881,2026-09-22
028100,19110,214454655870,45608,872704615,11222117,2026-09-22
001520,1161,124368679152,2873807,3413872830,107122032,2026-09-22
001527,5180,1065551900,3543,18167880,205705,2026-09-22
084670,24050,69638434450,13796,337257650,2895569,2026-09-22
001525,8430,2213844450,6311,53226660,262615,2026-09-22
018500,1316,61529491828,53840,71358770,46754933,2026-09-22
006040,35200,1553756828800,27037,947663400,44140819,2026-09-22
030720,5140,23920557700,16550,84468165,4653805,2026-09-22
014820,21000,608816922000,25647,539383650,28991282,2026-09-22
014825,13310,3515317410,182,2515100,264111,2026-09-22
111380,12990,79602720000,1444,18599740,6128000,2026-09-22
163560,5360,74504000000,9730,52453500,13900000,2026-09-22
004890,34800,84397482000,316,10995750,2425215,2026-09-22
002690,1424,28907712640,20576,29297069,20300360,2026-09-22
000020,5000,139657350000,72444,361875557,27931470,2026-09-22
000150,1473000,23853518955000,88725,131349795000,16193835,2026-09-22
000157,400500,357661719000,778,309190000,893038,2026-09-22
454910,71000,4602218580000,328368,23386808000,64819980,2026-09-22
241560,58300,5588408589500,149775,8713512400,95856065,2026-09-22
034020,86500,55408539129000,3019059,261112195100,640561146,2026-09-22
000155,480000,1918301760000,13186,6353001500,3996462,2026-09-22
336260,47600,3117501357600,718619,34364779425,65493726,2026-09-22
33626K,6480,86600016000,23343,151163610,13364200,2026-09-22
33626L,7700,22994510000,120,927165,2986300,2026-09-22
016740,3995,114552725880,21224,84710280,28674024,2026-09-22
192650,8530,562014651370,2413660,20393783950,65886829,2026-09-22
024090,11500,131100000000,1928,22201240,11400000,2026-09-22
003160,34800,984840000000,710771,24839720875,28300000,2026-09-22
092200,5570,216609329330,194572,1105451290,38888569,2026-09-22
377190,2235,197574000000,79031,177813305,88400000,2026-09-22
013570,4145,109094878785,26487,109738255,26319633,2026-09-22
024900,2110,68712107800,306133,646805659,32564980,2026-09-22
002880,3445,32227282555,7787,26870160,9354799,2026-09-22
210540,11150,123115044200,8219,91802985,11041708,2026-09-22
032350,11470,914451003260,247026,2861142520,79725458,2026-09-22
089860,49650,1802761114200,59314,2950050200,36309388,2026-09-22
330590,4060,1173213669040,170270,688077616,288968884,2026-09-22
000400,2030,629982729600,209236,426166119,310336320,2026-09-22
023530,110700,3131565178500,128507,14075925550,28288755,2026-09-22
020150,40100,2099855066300,282064,11291714200,52365463,2026-09-22
280360,123900,1140446718600,9592,1201236400,9204574,2026-09-22
286940,17810,269454026270,8116,144171580,15129367,2026-09-22
004000,43700,1127460000000,73391,3217671575,25800000,2026-09-22
004990,24500,2441762512000,81339,1986220075,99663776,2026-09-22
00499K,24900,20059514700,57,1417600,805603,2026-09-22
005300,94900,880566091600,13092,1239934300,9278884,2026-09-22
005305,65200,50550212000,234,15189800,775310,2026-09-22
011170,62500,2673463687500,153366,9684896000,42775419,2026-09-22
071840,6060,143062734720,7438,44799400,23607712,2026-09-22
027740,1179,37439868906,89417,106843640,31755614,2026-09-22
357430,891,27180228537,24402,21818791,30505307,2026-09-22
001080,3770,132383399200,10804,40773640,35114960,2026-09-22
088980,9800,4693435531400,605786,5935421530,478921993,2026-09-22
094800,7760,720394408560,56645,441102290,92834331,2026-09-22
138040,128900,21571063489700,169345,21809433700,167347273,2026-09-22
090370,1188,32437970532,37199,43824901,27304689,2026-09-22
118000,1282,28275516370,12515,16116563,22055785,2026-09-22
017180,1235,41932515690,110905,137343950,33953454,2026-09-22
009900,8280,434452701240,336577,2831698320,52470133,2026-09-22
317450,42050,613930000000,4384,184885850,14600000,2026-09-22
012690,1418,51858039590,97953,138727000,36571255,2026-09-22
005360,1213,22922433391,176499,216548644,18897307,2026-09-22
070960,1998,96170399334,58958,116570639,48133333,2026-09-22
009680,10160,220808235040,12268,124278880,21733094,2026-09-22
009580,1815,113198508060,11874644,22953931083,62368324,2026-09-22
009200,1503,62538792930,1290169,2024169470,41609310,2026-09-22
033920,7460,212610000000,13128,97888050,28500000,2026-09-22
008420,2110,43262395550,43577,92129685,20503505,2026-09-22
025560,6320,175561244960,404316,2579880220,27778678,2026-09-22
007120,1023,27951545622,13995,14355342,27323114,2026-09-22
396690,1425,56438464500,136637,196675374,39605940,2026-09-22
357250,1839,45965998095,43223,80020249,24995105,2026-09-22
085620,19770,2672508600000,128415,2556347960,135180000,2026-09-22
006800,32850,17838241525350,1937846,64827514000,543021051,2026-09-22
00680K,10850,1380891977500,187148,2063935840,127271150,2026-09-22
006805,11910,160238724030,22058,267073305,13454133,2026-09-22
081660,37750,2004216960000,105442,3990586500,53091840,2026-09-22
002840,136200,612900000000,1276,173280800,4500000,2026-09-22
268280,134600,673000000000,1080,141446300,5000000,2026-09-22
107590,60400,140128000000,44,2684400,2320000,2026-09-22
134380,10030,220586580400,10894,109512040,21992680,2026-09-22
003650,126100,219372639200,1518,192020300,1739672,2026-09-22
377740,4670,475807844160,44620,206555552,101886048,2026-09-22
003610,5690,182710326820,73852,416631210,32110778,2026-09-22
035150,10390,205421510810,27480,285099005,19771079,2026-09-22
002410,1935,53173451700,0,0,27479820,2026-09-22
007210,1430,93464800000,57832,82149898,65360000,2026-09-22
002760,987,59121300000,65818,65348416,59900000,2026-09-22
003850,8260,708602329820,324362,2729347215,85787207,2026-09-22
000890,1297,35828360425,227994,296800567,27624025,2026-09-22
003000,3935,388245480385,178294,710503426,98664671,2026-09-22
001270,51100,529901174600,1033,53127900,10369886,2026-09-22
001275,30100,90300000000,247,7424400,3000000,2026-09-22
026940,2125,42500000000,103002,219664590,20000000,2026-09-22
011390,50200,53011200000,3820,191000850,1056000,2026-09-22
005030,486,45092532168,0,0,92782988,2026-09-22
006740,4800,28564603200,15296,73428455,5950959,2026-09-22
002070,3855,18510939000,66059,255447769,4801800,2026-09-22
100220,4945,64268884245,26859,133206890,12996741,2026-09-22
090460,20150,679287490700,924004,18337665365,33711538,2026-09-22
005180,84800,749784724800,36740,3099863100,8841801,2026-09-22
003960,26600,243774822200,3147,83895200,9164467,2026-09-22
008040,7910,111645378600,17899,134646920,14114460,2026-09-22
007160,49250,246250000000,649,31884400,5000000,2026-09-22
014710,9560,164609271080,9648,92434890,17218543,2026-09-22
006090,8800,82920076800,2037,17962530,9422736,2026-09-22
062040,205000,6281784250000,239074,50001385000,30642850,2026-09-22
005610,39050,336962801450,1824,71473500,8629009,2026-09-22
001470,5820,227794235460,0,0,39139903,2026-09-22
028050,51200,10035200000000,1598565,82793920150,196000000,2026-09-22
448730,4795,436584750000,314468,1539073382,91050000,2026-09-22
006400,529000,42629745370000,209039,111168604500,80585530,2026-09-22
006405,213000,344611848000,3595,771067250,1617896,2026-09-22
006660,12570,102147766980,199597,2601781610,8126314,2026-09-22
028260,367000,59515502227000,266661,97904732500,162167581,2026-09-22
02826K,240000,352221600000,5367,1283919250,1467590,2026-09-22
207940,1391000,64390712841000,30116,42002243000,46290951,2026-09-22
032830,291000,58200000000000,217843,63575462000,200000000,2026-09-22
018260,226000,17487382800000,110426,24975938500,77377800,2026-09-22
0126Z0,331500,8248730743500,31658,10602385250,24883049,2026-09-22
009150,1486000,110994832256000,908255,1367682412000,74693696,2026-09-22
009155,517000,1502910728000,59831,31431938000,2906984,2026-09-22
005930,276500,1616496035112000,18157410,5066867516850,5846278608,2026-09-22
005935,211500,169701509434500,5382337,1145037192772,802371203,2026-09-22
001360,1308,123163999332,187578,247030843,94162079,2026-09-22
010140,20600,18128000000000,1641316,33866164350,880000000,2026-09-22
016360,90700,8099510000000,434628,39437152650,89300000,2026-09-22
068290,6160,61600000000,6820,41973660,10000000,2026-09-22
029780,42850,4964553479350,154767,6628598000,115858891,2026-09-22
000810,655000,29244094815000,94384,61199500000,44647473,2026-09-22
000815,407500,1225360650000,6272,2561430750,3007020,2026-09-22
006110,55000,831790025000,116881,6494832750,15123455,2026-09-22
0120G0,46900,348742303000,22503,1070239250,7435870,2026-09-22
145990,45800,472355964200,7668,348080250,10313449,2026-09-22
145995,33050,12230813500,20,661000,370070,2026-09-22
003230,1252000,9431334780000,55222,69195469500,7533015,2026-09-22
272550,9670,145711486020,8840,84986860,15068406,2026-09-22
000070,58100,451041397100,5804,336706750,7763191,2026-09-22
003720,6440,218960000000,96947,630012275,34000000,2026-09-22
002810,21450,396116034600,5442,116314750,18466948,2026-09-22
005680,12680,253600000000,24581,311772070,20000000,2026-09-22
023000,2190,87030503640,9527,20985437,39739956,2026-09-22
004380,7590,157113000000,24086,183826430,20700000,2026-09-22
002450,1093,98950290095,106829,116276596,90530915,2026-09-22
004440,5140,65442207580,33774,172840770,12731947,2026-09-22
000520,7910,171582225010,101277,810006685,21691811,2026-09-22
009770,27600,68999199600,857,23909400,2499971,2026-09-22
005500,18460,245887200000,16834,311130450,13320000,2026-09-22
004690,130500,473294398500,2958,384868500,3626777,2026-09-22
010960,3075,74169000000,136086,416147142,24120000,2026-09-22
004450,27600,59460860400,684,18733450,2154379,2026-09-22
009470,26200,173282084000,104113,2805728975,6613820,2026-09-22
011230,2690,51555961650,283967,782016751,19165785,2026-09-22
001820,147400,1532223000000,1426070,215037921750,10395000,2026-09-22
001290,4060,87969741440,43676,177366925,21667424,2026-09-22
041650,2160,46378332000,5697,12324520,21471450,2026-09-22
075180,2990,57408000000,30325,90139040,19200000,2026-09-22
007540,47000,135162600000,24417,1147680550,2875800,2026-09-22
248170,22250,101644363500,29183,651497100,4568286,2026-09-22
007860,7310,171637659640,32580,237793850,23479844,2026-09-22
200880,10970,296501953890,26187,286232920,27028437,2026-09-22
017390,54700,270765000000,4502,245340050,4950000,2026-09-22
031210,41300,2883631997400,37995,1570849225,69821598,2026-09-22
004410,1203,47464380639,100698,122560332,39455013,2026-09-22
004415,4305,957647250,1049,4525840,222450,2026-09-22
021050,1073,50940235070,126657,136888184,47474590,2026-09-22
008490,20300,234852993900,11462,231539250,11569113,2026-09-22
007610,4495,80910000000,1236584,5821941566,18000000,2026-09-22
136490,10290,244692125160,57997,592184680,23779604,2026-09-22
014910,2065,45135235705,302167,627955234,21857257,2026-09-22
014915,4850,2910000000,1324,6395025,600000,2026-09-22
004980,8100,198580191300,44135,359774960,24516073,2026-09-22
004985,9000,6620805000,488,4488360,735645,2026-09-22
000180,4970,69333090400,6927,34603050,13950320,2026-09-22
004360,13480,257678328440,7005,93828460,19115603,2026-09-22
004365,9200,33941100000,2049,18888670,3689250,2026-09-22
004490,59300,821898000000,62597,3705739850,13860000,2026-09-22
001430,45600,1635312626400,139300,6229034100,35862119,2026-09-22
306200,142700,404740010000,4919,703252000,2836300,2026-09-22
003030,107500,445228127500,12736,1364559800,4141657,2026-09-22
058650,130300,528397250800,903,116668600,4055236,2026-09-22
013000,1189,34130281859,80793,95775255,28705031,2026-09-22
021820,10430,104300000000,5287,55406990,10000000,2026-09-22
067830,2295,94188854025,96474,221612330,41040895,2026-09-22
075580,10060,571905527360,83966,849486060,56849456,2026-09-22
068270,178500,41522165916000,337067,60435748150,232617176,2026-09-22
336370,7820,549060170360,166615,1296544675,70212298,2026-09-22
33637K,1490,25191570060,10387,15476213,16907094,2026-09-22
33637L,2285,8632483220,604,1358400,3777892,2026-09-22
248070,13130,627827178680,177883,2334752875,47816236,2026-09-22
004430,11310,271440000000,72749,825624960,24000000,2026-09-22
017550,1847,115251193110,202885,374551560,62399130,2026-09-22
126720,21650,309291900000,17400,375096250,14286000,2026-09-22
053210,4000,190091820000,22358,89136086,47522955,2026-09-22
026890,7900,306289612300,40921,319680515,38770837,2026-09-22
134790,18990,37980000000,247,4711200,2000000,2026-09-22
462870,30850,1812187306500,39905,1228332075,58741890,2026-09-22
016590,9800,394918636000,10930,107033490,40297820,2026-09-22
029530,39150,380370790350,3145,122444950,9715729,2026-09-22
004970,8980,143680000000,7401,66774925,16000000,2026-09-22
011930,16560,336270373920,143889,2423790350,20306182,2026-09-22
004170,357500,3376652207500,50589,18085408000,9445181,2026-09-22
035510,16050,224393445000,185193,2924691330,13980900,2026-09-22
031430,10510,367702860000,24204,253146885,34986000,2026-09-22
006880,4260,50390935080,22443,95331500,11828858,2026-09-22
005800,13580,122220000000,9579,129848870,9000000,2026-09-22
001720,139600,2295024000000,6962,969917650,16440000,2026-09-22
009270,1121,128657610553,273872,306937489,114770393,2026-09-22
002700,926,63475004446,522361,484068377,68547521,2026-09-22
002870,1228,42929283600,376879,465009961,34958700,2026-09-22
019170,9270,485919698940,141108,1315961565,52418522,2026-09-22
019175,13910,27698009300,2173,30469490,1991230,2026-09-22
481850,980,42608110720,21141,20688771,43477664,2026-09-22
404990,3875,238807957500,36299,139562324,61627860,2026-09-22
293940,5550,671217682650,119051,658498630,120940123,2026-09-22
055550,113200,53141767054800,730685,82548079050,469450239,2026-09-22
004080,14650,136245000000,5012,73475340,9300000,2026-09-22
004770,1893,67215580134,1331752,2594806927,35507438,2026-09-22
403550,10680,405198580560,12342,133036980,37939942,2026-09-22
004920,907,47327143904,0,0,52179872,2026-09-22
112610,50400,2125438711200,215128,10792894200,42171403,2026-09-22
480370,1876,60935121408,165665,313483577,32481408,2026-09-22
308170,3380,29101800000,8055,27385875,8610000,2026-09-22
008700,1246,96097525720,236732,294261598,77124820,2026-09-22
090430,142000,8305971778000,187053,26615636174,58492759,2026-09-22
090435,42050,443956751500,46102,1954066250,10557830,2026-09-22
002790,26200,2003204316000,61510,1615937225,76458180,2026-09-22
00279K,21550,152836910000,873,18691550,7092200,2026-09-22
002795,11390,72681549080,27039,307740725,6381172,2026-09-22
002030,212000,436476624000,1491,316332250,2058852,2026-09-22
183190,10500,377771856000,14012,146991290,35978272,2026-09-22
002310,8350,329403408500,50657,418049690,39449510,2026-09-22
012170,2820,20576753220,43679,126135816,7296721,2026-09-22
267850,9160,101676000000,8629,78917770,11100000,2026-09-22
020560,8370,1724142251070,607129,4975364410,205990711,2026-09-22
122900,8340,278796525600,12823,106834205,33428840,2026-09-22
010780,15370,456868147160,56729,874232225,29724668,2026-09-22
031820,5710,69120383660,25136,142988080,12105146,2026-09-22
139990,2135,82742808890,12581,26803875,38755414,2026-09-22
009320,1018,50187165860,283522,285727242,49299770,2026-09-22
001780,1537,148827912884,669816,1028482833,96830132,2026-09-22
018250,11080,292622079800,7841,86957330,26409935,2026-09-22
161000,10030,487946551270,119843,1201278570,48648709,2026-09-22
011090,1683,19955421882,108408,177353401,11857054,2026-09-22
137310,6110,737777013220,58528,357945590,120749102,2026-09-22
005850,49200,2285267184000,58410,2896693875,46448520,2026-09-22
010580,2710,301492269600,1894931,5242772453,111251760,2026-09-22
012750,83400,3169131445200,36410,3014389200,37999178,2026-09-22
023960,1028,39100980244,35982,36473228,38035973,2026-09-22
298690,1526,248608094672,65062,99380578,162914872,2026-09-22
078520,10660,266110121160,71049,764267650,24963426,2026-09-22
015260,263,12391743122,935160,246895089,47116894,2026-09-22
007460,2030,50396684590,90867,184773742,24825953,2026-09-22
003060,1601,26034186003,135740,216973754,16261203,2026-09-22
244920,12720,287569854960,52987,677961495,22607693,2026-09-22
278470,361500,13533893032500,202998,73520542250,37438155,2026-09-22
450080,35400,2506810998000,219533,7721043775,70813870,2026-09-22
019490,541,41349858070,0,0,76432270,2026-09-22
085310,8840,65575774160,11992,103897790,7418074,2026-09-22
900140,1107,213917158224,150685,167025770,193240432,2026-09-22
066970,108400,4410382345600,495830,53919527000,40686184,2026-09-22
097520,18160,316011240000,42738,785755865,17401500,2026-09-22
484870,17830,489642111000,88225,1590671425,27461700,2026-09-22
014440,4695,93900000000,4658,21891800,20000000,2026-09-22
111770,72100,3194856842800,74079,5301186856,44311468,2026-09-22
009970,166200,2152924385400,12176,2024051400,12953817,2026-09-22
003520,1019,186367692889,584889,595144035,182892731,2026-09-22
000670,43800,806387915400,189579,8505880200,18410683,2026-09-22
012280,3600,35657643600,31640,114238690,9904901,2026-09-22
012160,2180,34053132540,5078,10969412,15620703,2026-09-22
007310,312500,1252446875000,4099,1280803000,4007830,2026-09-22
002630,1855,54992868105,184192,343300874,29645751,2026-09-22
271560,110900,4383742589200,99266,10979582600,39528788,2026-09-22
001800,23850,1434736150200,77471,1843922100,60156652,2026-09-22
005320,1227,41948485815,233857,284603699,34187845,2026-09-22
011690,3350,122940852700,81540,274073440,36698762,2026-09-22
316140,35750,26340119412750,1470362,52674613500,736786557,2026-09-22
006980,17690,54662100000,2605,46109560,3090000,2026-09-22
011300,2720,46889821600,879371,2347994540,17238905,2026-09-22
017370,3385,61993072790,8708,29392325,18314054,2026-09-22
002420,6290,196045990360,25408,158482100,31167884,2026-09-22
105840,14550,293876098500,491890,7177131820,20197670,2026-09-22
010400,4170,31783740000,12170,49317970,7622000,2026-09-22
049800,1809,36180000000,8252,14981964,20000000,2026-09-22
016880,1824,145786993920,69714,126151907,79927080,2026-09-22
095720,1212,68874427020,11890,14647676,56827085,2026-09-22
005820,14500,33320565000,1557,22656900,2297970,2026-09-22
008600,2620,17615839860,0,0,6723603,2026-09-22
033270,17650,280825178750,37303,659042175,15910775,2026-09-22
014830,60100,406732760000,8255,496653650,6767600,2026-09-22
446070,3855,40906233825,51986,200656037,10611215,2026-09-22
000910,2975,46444566525,313985,968214601,15611619,2026-09-22
047400,979,41118000000,3465665,3615173657,42000000,2026-09-22
011330,4280,42880395520,921778,4173212301,10018784,2026-09-22
077500,8540,184464871080,494624,4272961250,21600102,2026-09-22
002920,1859,48236402500,68408,126745313,25947500,2026-09-22
000700,6710,174740558520,22496,150583500,26041812,2026-09-22
003470,4450,857426453900,378005,1701301415,192680102,2026-09-22
003475,4285,54896720450,10016,42639780,12811370,2026-09-22
072130,4795,60874701930,32658,155905375,12695454,2026-09-22
000220,3735,58816770570,64428,240887500,15747462,2026-09-22
000225,3640,8251625200,4434,16213865,2266930,2026-09-22
000227,7690,2483562400,421,3301940,322960,2026-09-22
001200,4200,406838955600,350291,1478392568,96866418,2026-09-22
000100,75100,5528545153100,184474,13826103150,73615781,2026-09-22
000105,65700,75445938000,918,60220800,1148340,2026-09-22
003460,2980,168973196700,89700,267536930,56702415,2026-09-22
003465,3000,52429275000,467,1406595,17476425,2026-09-22
008730,14570,361336000000,54672,805272900,24800000,2026-09-22
008250,3070,33624589450,25748,78396530,10952635,2026-09-22
025820,4310,144135020000,90213,390196746,33442000,2026-09-22
214320,18060,722400000000,81249,1464210700,40000000,2026-09-22
088260,3280,207760415200,36244,118889725,63341590,2026-09-22
139480,72700,2006216041300,89482,6501191000,27595819,2026-09-22
457190,64100,1937029695200,85170,5514062300,30218872,2026-09-22
007660,112900,8287900825100,1026184,118426865650,73409219,2026-09-22
005950,10590,278455249710,250014,2699533505,26294169,2026-09-22
015020,928,19883142400,0,0,21425800,2026-09-22
074610,5110,44815400070,0,0,8770137,2026-09-22
102460,10010,186053978110,10962,109725250,18586811,2026-09-22
084680,532,75440894676,0,0,141806193,2026-09-22
350520,3345,123317445690,13158,44391715,36866202,2026-09-22
334890,3610,250709745630,48696,175439765,69448683,2026-09-22
000760,12720,35616000000,227,2903630,2800000,2026-09-22
014990,4300,64597175700,572489,2468129045,15022599,2026-09-22
101140,4670,46906488720,10622,50564140,10044216,2026-09-22
023800,5050,79836444850,13356,67789950,15809197,2026-09-22
034590,26400,115493505600,802,21089700,4374754,2026-09-22
129260,1861,55360793514,8718,16282529,29747874,2026-09-22
023810,5130,51300000000,14335,73183530,10000000,2026-09-22
249420,14010,443251910520,136089,1919151605,31638252,2026-09-22
000230,5940,68549976000,20747,123220995,11540400,2026-09-22
013360,1380,74554334400,130432,180968000,54024880,2026-09-22
003120,21850,290605000000,385,8420650,13300000,2026-09-22
003200,11100,254856000000,70553,788333450,22960000,2026-09-22
007110,603,46706335830,0,0,77456610,2026-09-22
007570,7810,149059035840,9464,74386760,19085664,2026-09-22
007575,7650,3404862000,195,1477720,445080,2026-09-22
081000,9160,130099251000,25950,240244435,14202975,2026-09-22
020760,902,55503470462,0,0,61533781,2026-09-22
103590,76500,3647932335000,735406,56939253750,47685390,2026-09-22
271940,11310,410702178900,42530,480669300,36313190,2026-09-22
015860,6980,344445431340,109502,761134550,49347483,2026-09-22
226320,10510,230477100650,13668,144359395,21929315,2026-09-22
317400,10070,390539976400,749859,7520230760,38782520,2026-09-22
033240,26800,579027453600,99844,2710231750,21605502,2026-09-22
000950,29950,50316000000,1270,38429800,1680000,2026-09-22
079900,42000,612886890000,104705,4436773925,14592545,2026-09-22
348950,1182,233298432000,0,0,197376000,2026-09-22
194370,13150,381570367700,29843,385860480,29016758,2026-09-22
030000,17630,2028176796750,224745,3938777255,115041225,2026-09-22
271980,9920,145872330240,8060,79884240,14704872,2026-09-22
001560,8950,68020000000,1137,10235440,7600000,2026-09-22
002620,7640,122036432200,283,2146410,15973355,2026-09-22
006220,9630,364000103910,66570,643293065,37798557,2026-09-22
089590,4585,369738916225,460238,2081428142,80640985,2026-09-22
004910,3500,44800000000,15317,53459880,12800000,2026-09-22
004700,65800,437513280400,363,24183000,6649138,2026-09-22
001550,10570,54881966230,33159,349800870,5192239,2026-09-22
462520,12600,149375116800,13461,169552070,11855168,2026-09-22
120030,83800,105391153800,483,40195800,1257651,2026-09-22
018470,5120,129670881280,58290,295730040,25326344,2026-09-22
002600,138000,82800000000,12,1656000,600000,2026-09-22
185750,64600,891659588000,21011,1347449600,13802780,2026-09-22
063160,12840,70439752080,6530,84151840,5485962,2026-09-22
001630,37450,187619294450,2417,90766575,5009861,2026-09-22
109070,1550,81855856500,0,0,52810230,2026-09-22
044380,427,5933726932,477285,218342552,13896316,2026-09-22
013890,7510,164662855630,15786,116697780,21925813,2026-09-22
013870,3815,72760748200,6684,25551910,19072280,2026-09-22
071320,77900,901984157600,15465,1201161850,11578744,2026-09-22
088790,2400,29874585600,32789,78634410,12447744,2026-09-22
003780,4250,55250000000,40760,174602095,13000000,2026-09-22
010640,2040,34068000000,47978,97763880,16700000,2026-09-22
100250,3065,195853500000,18543,56903165,63900000,2026-09-22
051630,1605,34026000000,247469,388695952,21200000,2026-09-22
272450,5960,311112000000,153945,923829490,52200000,2026-09-22
011000,2670,48531471270,0,0,18176581,2026-09-22
002780,6750,98193424500,42469,289386650,14547174,2026-09-22
002787,14120,416257600,1357,19267020,29480,2026-09-22
002785,10390,890641190,1170,11943320,85721,2026-09-22
025620,4690,85376633370,6612,31120960,18203973,2026-09-22
009310,5330,23329484620,0,0,4377014,2026-09-22
000650,144500,206522290000,1118,162897300,1429220,2026-09-22
033250,4250,27200000000,61616,259616014,6400000,2026-09-22
035720,34150,15128446687450,1587572,54149766900,442999903,2026-09-22
323410,20200,9637832827400,888978,17940273725,477120437,2026-09-22
377300,40950,5540560470900,315263,13039784900,135300622,2026-09-22
279570,5330,2162355154830,518730,2784138510,405695151,2026-09-22
001620,2190,48746347140,13288,29424790,22258606,2026-09-22
029460,43450,478842245750,33597,1464827325,11020535,2026-09-22
281820,80600,1595772076600,286876,22808671750,19798661,2026-09-22
009140,22400,35185852800,4930,110207600,1570797,2026-09-22
381970,6380,311477010240,27057,172119890,48820848,2026-09-22
145270,794,38160254556,13067,10275791,48060774,2026-09-22
417310,2385,96354000000,165458,394109916,40400000,2026-09-22
357120,4235,412215224190,71145,294531615,97335354,2026-09-22
007815,19000,56329110000,7034,143722180,2964690,2026-09-22
007810,65600,1573259872000,2974905,195399523050,23982620,2026-09-22
00781K,14330,11230406670,11117,169812190,783699,2026-09-22
003690,14720,2601333576320,192376,2826786725,176721031,2026-09-22
192820,270000,3064367430000,64088,17238597000,11349509,2026-09-22
044820,25200,242018809200,12851,327656850,9603921,2026-09-22
005070,40050,1330243568550,91400,3695303875,33214571,2026-09-22
005420,10120,388691267360,75212,765442215,38408228,2026-09-22
071950,1795,25954255025,46525,81871002,14459195,2026-09-22
002020,23900,308493552000,19946,480359375,12907680,2026-09-22
003070,9210,234154662390,6651,61575860,25423959,2026-09-22
003075,13330,9874024210,188,2448440,740737,2026-09-22
002025,13090,15190120330,5683,73798040,1160437,2026-09-22
120110,55200,1653020966400,136394,7617732150,29946032,2026-09-22
120115,25150,69611679000,2702,67906325,2767860,2026-09-22
021240,99800,7062589114800,126495,12555437550,70767426,2026-09-22
036420,1546,29779528168,22297,34423389,19262308,2026-09-22
024720,9420,323070759780,14494,136214670,34296259,2026-09-22
192400,26900,956622776500,19354,520192425,35562185,2026-09-22
284740,23800,534008454000,9149,218180300,22437330,2026-09-22
264900,7730,96809360500,7691,59566860,12523850,2026-09-22
26490K,7420,5739815200,24,178610,773560,2026-09-22
005740,5190,77057730930,18258,94401590,14847347,2026-09-22
005745,5250,3153811500,137,719680,600726,2026-09-22
259960,202000,9241084486000,54435,10998367500,45747943,2026-09-22
020120,7510,278348882660,824656,6269858070,37063766,2026-09-22
039490,262000,6871818792000,74699,19740194000,26228316,2026-09-22
014580,3810,105091611000,26728,100900585,27583100,2026-09-22
015890,4745,138690418750,13426,63929195,29228750,2026-09-22
006890,4995,57942000000,23539,117941473,11600000,2026-09-22
003240,902000,1004286800000,1214,1094447000,1113400,2026-09-22
011280,1396,98845092240,345911,475771542,70805940,2026-09-22
004100,3050,111935000000,658597,1988427124,36700000,2026-09-22
004105,3680,12144000000,78058,286811065,3300000,2026-09-22
009410,1629,520389160173,134727,219824030,319453137,2026-09-22
009415,6270,4075336980,378,2365680,649974,2026-09-22
001420,2950,22420000000,25830,77643870,7600000,2026-09-22
055490,14780,70746687000,15591,229463850,4786650,2026-09-22
078000,13270,122615821790,2367,31543365,9240077,2026-09-22
214420,5010,120514542990,27238,137454090,24054799,2026-09-22
091810,2600,265475836600,75732,195839002,102106091,2026-09-22
019180,4990,89820000000,89955,451189857,18000000,2026-09-22
217590,14610,352016627250,1097073,15974574300,24094225,2026-09-22
363280,2045,93042045985,18101,36528832,45497333,2026-09-22
36328K,2800,3289857200,3119,8604110,1174949,2026-09-22
004870,1009,22836392282,509865,499265353,22632698,2026-09-22
034230,9550,884610598100,170778,1631677430,92629382,2026-09-22
005690,12590,755450536260,2136135,27259316355,60004014,2026-09-22
036580,2505,92003497215,19595,48829102,36727943,2026-09-22
004720,2815,63772037475,17512,49503915,22654365,2026-09-22
028670,5790,3095157474480,1108933,6385488700,534569512,2026-09-22
010820,6340,309214086920,430432,2714037520,48771938,2026-09-22
016800,24850,285775000000,686,17208600,11500000,2026-09-22
001020,2055,73151140410,6295,12842050,35596662,2026-09-22
090080,976,53584604784,96394,94581975,54902259,2026-09-22
010770,3475,50823494350,22457,77876380,14625466,2026-09-22
022100,20300,3086304998700,215540,4395183800,152034729,2026-09-22
058430,4620,277200000000,157187,736153585,60000000,2026-09-22
047050,56700,9974822079600,492112,28035755500,175922788,2026-09-22
003670,184200,16383893724000,365081,67103021600,88946220,2026-09-22
017810,8810,335841975020,15189,134453100,38120542,2026-09-22
103140,79000,2213917962000,64901,5113783550,28024278,2026-09-22
005810,37500,540648450000,10810,404123250,14417292,2026-09-22
950210,5860,352163468300,23746,139478760,60096155,2026-09-22
006490,1381,24507685873,177256,262111492,17746333,2026-09-22
086790,136000,36851907760000,493121,66748076000,270969910,2026-09-22
293480,8150,144849509900,13821,112498990,17772946,2026-09-22
039130,30450,471668429400,21967,667342225,15489932,2026-09-22
352820,156300,6737598466800,370465,58754650855,43106836,2026-09-22
071090,3530,71275892630,6382775,22913720135,20191471,2026-09-22
000080,15080,1057614853880,56590,848986195,70133611,2026-09-22
000087,12350,13957204300,224,2750935,1130138,2026-09-22
000140,7780,180548631700,5473,42782020,23206765,2026-09-22
000145,9190,4326743900,501,4604190,470810,2026-09-22
036460,35800,3304805400000,118544,4233251650,92313000,2026-09-22
005430,82500,261224287500,4372,359312100,3166355,2026-09-22
071050,186300,10381752309600,203353,38184841550,55725992,2026-09-22
071055,145800,854132995800,12938,1884530300,5858251,2026-09-22
010040,1569,64434220278,10164,15811326,41067062,2026-09-22
025540,56400,570486000000,15709,886898650,10115000,2026-09-22
010100,3360,102313411200,58144,196406417,30450420,2026-09-22
004090,11590,147124850800,153856,1771386740,12694120,2026-09-22
002200,2815,94302333915,33040,92948155,33499941,2026-09-22
002960,508000,660400000000,816,411297000,1300000,2026-09-22
000240,24600,2335406904000,87821,2147364500,94935240,2026-09-22
123890,2430,297368640180,157156,382817354,122373926,2026-09-22
015760,30850,19804591775450,1159569,35826487525,641964077,2026-09-22
006200,1935,18112813245,11327,21954804,9360627,2026-09-22
027970,2735,104012443840,24085,64964835,38030144,2026-09-22
023350,4000,43800000000,5964,23850655,10950000,2026-09-22
025890,2700,30090463200,75481,202829495,11144616,2026-09-22
000970,6590,150255295000,7484,49051310,22800500,2026-09-22
104700,9560,348462000000,13317,125910650,36450000,2026-09-22
017960,20550,1061951787300,103352,2128742175,51676486,2026-09-22
161890,146100,3448701749700,266921,39021653100,23605077,2026-09-22
161390,57500,7122816467500,269159,15515715950,123875069,2026-09-22
034830,1154,291372571420,193891,223446933,252489230,2026-09-22
007280,2300,65887042000,4999,11507635,28646540,2026-09-22
047810,130300,12701006442100,127573,16600224800,97475107,2026-09-22
123690,6390,102674520000,37020,236888635,16068000,2026-09-22
003350,15060,341259600000,857810,13171519855,22660000,2026-09-22
011500,12990,203125175580,27261,357352930,15637042,2026-09-22
002390,8370,115200771210,2823,23795675,13763533,2026-09-22
053690,22300,244353365000,239138,5340937125,10957550,2026-09-22
042700,240000,22874928000000,539012,130206983500,95312200,2026-09-22
008930,50700,3467451585000,83261,4204261700,68391550,2026-09-22
128940,502000,6431117482000,57667,28966000500,12810991,2026-09-22
009240,39650,933120245200,19328,765578100,23533928,2026-09-22
020000,19920,427821720480,353277,7031972955,21476994,2026-09-22
003680,4580,28439578700,74311,342024804,6209515,2026-09-22
105630,8600,344000000000,39042,336567060,40000000,2026-09-22
069640,1305,28364802705,35965,48884962,21735481,2026-09-22
016450,4310,172400000000,11954,51572455,40000000,2026-09-22
009180,2755,77569297875,12269,33714682,28155825,2026-09-22
213500,7480,178028308480,24658,184935680,23800576,2026-09-22
014680,225000,2428658100000,74683,16792563750,10794036,2026-09-22
004710,9810,521105404770,676979,6767286355,53119817,2026-09-22
004150,3460,141952105200,27717,96325635,41026620,2026-09-22
025750,1901,30630868129,21305,40408544,16113029,2026-09-22
004960,11340,131211760680,13915,155773250,11570702,2026-09-22
011700,2455,79655300705,204332,507895559,32446151,2026-09-22
001750,19180,289799941480,9180,177340950,15109486,2026-09-22
001755,19360,9154763200,577,11165490,472870,2026-09-22
018880,3320,3407154455440,2948199,9928312185,1026251342,2026-09-22
009420,45950,2400457316100,157939,7345427950,52240638,2026-09-22
014130,2595,30667406385,9551,24856650,11817883,2026-09-22
300720,16260,1195845098340,35456,572658715,73545209,2026-09-22
002220,2950,78757507000,103866,301969636,26697460,2026-09-22
003300,17600,542633414400,12697,222386045,30831444,2026-09-22
051600,46850,2108250000000,133649,6229350725,45000000,2026-09-22
052690,138100,5278182000000,2023424,274892437750,38220000,2026-09-22
130660,13070,426082000000,727079,9561643465,32600000,2026-09-22
002320,14170,219898788720,25771,367636410,15518616,2026-09-22
003480,4750,140266607000,16935,80231020,29529812,2026-09-22
180640,143500,9580386462500,56425,8022678500,66762275,2026-09-22
18064K,30950,16412692150,2011,61969850,530297,2026-09-22
005110,1254,26467434378,0,0,21106407,2026-09-22
009460,2595,32021485170,7703,20675595,12339686,2026-09-22
372910,2090,57839508540,486692,1022605638,27674406,2026-09-22
000880,132300,7055413073100,68258,9022951100,53328897,2026-09-22
00088K,40400,592935165200,10491,421673975,14676613,2026-09-22
452260,2720,527298139200,1071061,2904350589,193859610,2026-09-22
45226K,4550,13215338500,4944,22537400,2904470,2026-09-22
451800,5370,964452000000,131332,696572465,179600000,2026-09-22
0220W0,6550,553576754250,1593008,10412740380,84515535,2026-09-22
0220WL,2515,59452437100,253430,637056025,23639140,2026-09-22
489790,47750,2410820622500,204611,9893871575,50488390,2026-09-22
088350,5650,4907194500000,4271060,24132268675,868530000,2026-09-22
000370,7790,909396147850,701760,5479350875,116738915,2026-09-22
009830,27450,6173300113200,1009032,27844757450,224892536,2026-09-22
009835,16180,41171886880,6547,107035160,2544616,2026-09-22
272210,77400,14622360708600,440247,33998506300,188919389,2026-09-22
012450,1057000,54502514857000,90474,95946677500,51563401,2026-09-22
082740,49250,4109771743500,669643,33142120275,83447142,2026-09-22
042660,81600,25003332950400,451411,36956437300,306413394,2026-09-22
003530,4665,1000865370375,2463624,11865521047,214547775,2026-09-22
003535,6460,31008000000,22682,150215280,4800000,2026-09-22
195870,59700,1014900000000,329818,19960186500,17000000,2026-09-22
101530,5530,161016025660,0,0,29116822,2026-09-22
143210,1199,33571739817,0,0,27999783,2026-09-22
000720,131300,14621011944500,1023754,134330315300,111355765,2026-09-22
000725,54300,57269829900,2918,158152900,1054693,2026-09-22
453340,18750,608842256250,23185,437619610,32471587,2026-09-22
086280,203000,15225000000000,153696,31231079250,75000000,2026-09-22
064350,117100,12780562510300,274170,32440153300,109142293,2026-09-22
079430,5640,113444099280,10960,62045800,20114202,2026-09-22
012330,372500,33458167912500,268939,101443656750,89820585,2026-09-22
069960,98900,2132769796800,78908,7823707800,21564912,2026-09-22
004560,12510,188635925610,41024,521414910,15078811,2026-09-22
004310,8950,286400000000,1967729,17811792090,32000000,2026-09-22
017800,74100,2896745728500,100758,7474265300,39092385,2026-09-22
307950,385000,10558233070000,125630,48714139250,27423982,2026-09-22
011210,53400,1452217432200,57491,3085888400,27195083,2026-09-22
004020,35600,4750669946000,685605,24385714675,133445785,2026-09-22
005440,13210,2422676998790,375968,4986357055,183397199,2026-09-22
005380,360500,73349670366000,457837,166677834500,203466492,2026-09-22
005387,175500,6012111748500,96953,17214625700,34257047,2026-09-22
005389,174500,405176087000,5647,984945950,2321926,2026-09-22
005385,175000,3996831475000,67486,11912397250,22839037,2026-09-22
001500,7870,486626056280,48643,386922800,61833044,2026-09-22
011760,25950,343291667700,25361,657957400,13228966,2026-09-22
227840,12920,117582801120,10464,134148470,9100836,2026-09-22
126560,3350,365823484000,37690,126624195,109201040,2026-09-22
001450,47800,4074866350000,425380,20199093200,85248250,2026-09-22
093240,296,18171516664,1056336,314829209,61390259,2026-09-22
003010,9980,126873215060,469426,4888228710,12712747,2026-09-22
111110,6340,57478440000,3904,24850120,9066000,2026-09-22
008770,40500,1589548900500,78884,3194179425,39248121,2026-09-22
008775,27800,20902236200,1364,38037100,751879,2026-09-22
378850,2825,53656984975,32247,92123031,18993623,2026-09-22
241590,2700,163591045200,61237,164058051,60589276,2026-09-22
006060,2205,121980600000,89344,197405298,55320000,2026-09-22
013520,2445,122375311140,135978,331712905,50051252,2026-09-22
010690,7510,262252279100,168601,1282060210,34920410,2026-09-22
133820,998,37040272996,17925,17892391,37114502,2026-09-22
010660,2995,65890000000,31341,94407155,22000000,2026-09-22
000850,38150,83930000000,5612,215957100,2200000,2026-09-22
016580,10070,187302704900,41076,413573990,18600070,2026-09-22
032560,5510,93670000000,10801,59259040,17000000,2026-09-22
004800,165600,2772211399200,18308,3032224450,16740407,2026-09-22
094280,12010,138813982000,3261,39144135,11558200,2026-09-22
298040,2901000,27050513748000,34643,102248987000,9324548,2026-09-22
298020,313000,1354564466000,22251,6910643500,4327682,2026-09-22
298000,51900,196794990900,10068,525361900,3791811,2026-09-22
093370,13600,1458672488000,2931423,40454966420,107255330,2026-09-22
005870,4410,62251626150,24466,107798835,14116015,2026-09-22
079980,1926,66447000000,39141,74705158,34500000,2026-09-22
005010,4020,225876061500,504173,2059209309,56188075,2026-09-22
000540,3465,222600764925,31769,109567025,64242645,2026-09-22
000545,5790,4446720000,348,2021240,768000,2026-09-22
003280,1801,433005243099,2467030,4410912309,240424899,2026-09-22
060310,1101,58418003040,237667,263617071,53059040,2026-09-22
054620,3680,67690733280,26654,99238350,18394221,2026-09-22
079810,3650,78577543100,43036,157632875,21528094,2026-09-22
265520,18900,284460516900,60418,1144567300,15050821,2026-09-22
211270,8820,133025921280,111543,1004080490,15082304,2026-09-22
126600,2995,187986862505,46966,140825852,62766899,2026-09-22
083790,949,72972578718,85043,81656476,76894182,2026-09-22
035760,37800,828922021200,62300,2401025850,21929154,2026-09-22
311690,3705,48407536710,3586,13413675,13065462,2026-09-22
051500,21950,260581312700,7649,166085650,11871586,2026-09-22
058820,549,81319832244,858349,475332722,148123556,2026-09-22
056730,1295,19194796915,7321,9312678,14822237,2026-09-22
065770,909,9558193176,61046,55007172,10515064,2026-09-22
083660,1552,27042294768,36115,56794598,17424159,2026-09-22
477760,2065,12059600000,16191,33384225,5840000,2026-09-22
099520,1284,58141862016,0,0,45281824,2026-09-22
290120,2130,33707627010,7305,15584290,15825177,2026-09-22
025440,3275,31951699100,8103,26104632,9756244,2026-09-22
068790,7730,171483278520,192367,1519616845,22184124,2026-09-22
241520,8100,215460000000,132230,1086389625,26600000,2026-09-22
180400,2370,233277753840,31766,73750700,98429432,2026-09-22
418620,652,12942511004,693638,454861822,19850477,2026-09-22
245620,741,167118555474,0,0,225531114,2026-09-22
037370,4320,37259879040,14054,61837687,8624972,2026-09-22
050120,3190,43269434340,5537,18215630,13564086,2026-09-22
214270,1351,61134960236,47291,64632919,45251636,2026-09-22
032620,3085,161028173815,27718,85210165,52197139,2026-09-22
130500,1897,27591963644,2315,4391998,14545052,2026-09-22
019570,2710,25866960840,11178,30501769,9545004,2026-09-22
900290,3530,327413448050,244385,870223467,92751685,2026-09-22
083450,49050,903991500000,159723,7848960150,18430000,2026-09-22
297890,1581,115635785034,450527,717226658,73140914,2026-09-22
440290,1730,47586123900,50656,87045130,27506430,2026-09-22
078150,2020,191742031960,1300526,2699736449,94921798,2026-09-22
225530,2100,76311326700,7954,16607285,36338727,2026-09-22
060560,1964,49862033964,6188,12207512,25388001,2026-09-22
376270,34000,245450998000,2634,89526800,7219147,2026-09-22
195940,38450,1089284308950,97005,3756604275,28329891,2026-09-22
028300,31050,4135804824150,576275,18140857050,133198223,2026-09-22
278650,2545,44365447820,48685,124190030,17432396,2026-09-22
067630,2625,320032277250,194750,515800966,121917058,2026-09-22
024850,14300,454075679200,73780,1073958395,31753544,2026-09-22
187420,1800,58760904600,156764,281358566,32644947,2026-09-22
047920,7440,244027208640,341751,2542599015,32799356,2026-09-22
115450,1982,187662288708,198099,397406737,94683294,2026-09-22
046210,1133,51583178680,44382,50760972,45527960,2026-09-22
196300,4265,40491683955,9009,39157935,9493947,2026-09-22
403870,54300,4468890000000,1276316,69925435350,82300000,2026-09-22
036640,5030,82264644000,25363,127453400,16354800,2026-09-22
396300,4625,122513937500,2698355,13034438040,26489500,2026-09-22
469480,2130,9009900000,0,0,4230000,2026-09-22
0099X0,2180,13036400000,0,0,5980000,2026-09-22
095340,208000,4408988064000,226430,48138009250,21197058,2026-09-22
950170,4205,205090948575,23299,98437977,48773115,2026-09-22
067290,3200,179318729600,3954562,12769186538,56037103,2026-09-22
035900,37500,1332468450000,189361,7161353425,35532492,2026-09-22
318000,2745,23991912135,3543,9651875,8740223,2026-09-22
024840,6430,279488739810,8529670,57376400040,43466367,2026-09-22
024120,3055,35132500000,2975,9068485,11500000,2026-09-22
478390,2070,12875400000,3536,7282288,6220000,2026-09-22
486630,2045,10858950000,14984,30577710,5310000,2026-09-22
492220,2030,12606300000,12959,26371765,6210000,2026-09-22
0037T0,1988,12584040000,53112,104958707,6330000,2026-09-22
0072Z0,1964,15486140000,61237,120222001,7885000,2026-09-22
0209J0,1914,13799940000,118773329,387424367072,7210000,2026-09-22
021320,5880,125832000000,9190,54205530,21400000,2026-09-22
044180,205,5477148795,0,0,26717799,2026-09-22
151860,5490,261340480980,45361,247765000,47603002,2026-09-22
035600,9950,274166618300,41722,414874705,27554434,2026-09-22
046440,4060,147176567160,52822,213592884,36250386,2026-09-22
060720,11010,260688636420,243068,2690647820,23677442,2026-09-22
058400,5700,75484940400,25082,143457080,13242972,2026-09-22
101000,1379,13666561573,146976,264669348,9910487,2026-09-22
089600,12400,141441344000,8505,105695580,11406560,2026-09-22
418470,9450,80946706050,28077,264825560,8565789,2026-09-22
043610,1168,67878831584,72969,84667228,58115438,2026-09-22
122450,2585,115859270890,30881,80099715,44819834,2026-09-22
052900,1110,85101579900,1632123,1836065354,76668090,2026-09-22
036560,11950,188212500000,9266,111029240,15750000,2026-09-22
061970,4320,302758585920,438401,1905362056,70083006,2026-09-22
309960,4305,99950213895,20860,89000375,23217239,2026-09-22
073490,32000,243323072000,42301,1353473400,7603846,2026-09-22
225190,821,57854589240,0,0,70468440,2026-09-22
091970,3645,27464273100,15624,57298055,7534780,2026-09-22
060370,33150,1731718010100,113089,3753332925,52238854,2026-09-22
417200,13350,903162997650,1176111,16115853970,67652659,2026-09-22
078020,6610,366730665900,59677,393614380,55481190,2026-09-22
322180,4070,87489151420,42821,172691401,21496106,2026-09-22
476080,4025,32509925000,8142,32221420,8077000,2026-09-22
086960,2070,88034346900,1057198,2198366142,42528670,2026-09-22
123010,3340,67520661780,704153,2368040123,20215767,2026-09-22
160550,1038,28966538028,29294,30799821,27906106,2026-09-22
053290,1565,25863670455,9828,15227162,16526307,2026-09-22
060250,13110,526505610210,200913,2690656020,40160611,2026-09-22
104200,2155,31953370250,66218,145132320,14827550,2026-09-22
054050,7000,112213927000,15420,108799250,16030561,2026-09-22
063570,3230,110297161440,16236,52710765,34147728,2026-09-22
024940,2020,20200000000,11664,23583265,10000000,2026-09-22
332570,8760,402439682280,2717234,24360273315,45940603,2026-09-22
218410,59000,1567951078000,582477,34529498650,26575442,2026-09-22
327260,48250,867961481750,794340,38319587900,17988839,2026-09-22
474610,7680,110708889600,113529,876641790,14415220,2026-09-22
091340,2505,29317821105,10004,25113535,11703721,2026-09-22
419530,17300,176586930100,29016,504996010,10207337,2026-09-22
019550,948,76373699352,168946,161363560,80562974,2026-09-22
246960,2445,83171679915,127444,308640208,34017047,2026-09-22
099220,5130,32290451550,16205,83238080,6294435,2026-09-22
056190,27950,1003649842000,114219,3234246500,35908760,2026-09-22
222080,7630,593462498720,326346,2519176440,77780144,2026-09-22
036540,10620,1746568417860,15069092,160918636340,164460303,2026-09-22
255220,1125,123258714750,1418731,1599793321,109563302,2026-09-22
040610,3200,54539513600,14489,46214076,17043598,2026-09-22
184230,2095,39457129440,103413,216998347,18833952,2026-09-22
016250,11880,59839393680,1401,16627750,5036986,2026-09-22
357880,1916,103858356868,1301064,2567517355,54205823,2026-09-22
048550,1075,103968216500,249565,266344317,96714620,2026-09-22
063440,1079,48899593756,73771,79928661,45319364,2026-09-22
067160,36400,418409518800,26445,968182325,11494767,2026-09-22
289080,2670,160569082110,1322201,3622739273,60138233,2026-09-22
041930,4985,75772000000,29787,149251505,15200000,2026-09-22
089230,2060,81207989240,242691,518655495,39421354,2026-09-22
032540,3785,79096708205,4359,16438825,20897413,2026-09-22
048770,4215,66167032065,438023,1876211918,15697991,2026-09-22
246690,2165,51479746710,43344,94559315,23778174,2026-09-22
317240,1021,29789421931,128902,131550889,29176711,2026-09-22
057030,2080,33930409760,37050,74879266,16312697,2026-09-22
040300,2230,106319665400,188228,420646447,47676980,2026-09-22
051390,3985,45251141480,7781,30239575,11355368,2026-09-22
052220,1642,37766000000,49030,81355034,23000000,2026-09-22
079940,41250,553603215000,13128,540558450,13420684,2026-09-22
078890,4455,82083121065,61201,271783919,18424943,2026-09-22
399720,45200,536019748800,334151,15540451750,11858844,2026-09-22
036620,3655,328449060320,158795,588544839,89862944,2026-09-22
198440,1622,98831535312,727214,1184563398,60931896,2026-09-22
217730,2060,193751546940,292770,604175879,94054149,2026-09-22
114190,8430,220217210340,47679,404383020,26123038,2026-09-22
094480,5540,217333302520,886121,5018402910,39229838,2026-09-22
039240,1889,50964471956,28016,52895353,26979604,2026-09-22
053950,2030,39827887470,143169,295321720,19619649,2026-09-22
011040,5020,154459205320,21123,105929335,30768766,2026-09-22
024910,1502,53800145510,12750,19183118,35819005,2026-09-22
049720,9130,130559000000,33212,302831725,14300000,2026-09-22
014570,3360,36960000000,1176,3971445,11000000,2026-09-22
348150,2610,50683300290,17979,47507742,19418889,2026-09-22
950190,9960,129649907640,39065,390570600,13017059,2026-09-22
098460,28900,1971101755700,1221883,35460708950,68204213,2026-09-22
035290,384,1830776832,0,0,4767648,2026-09-22
215000,35750,224346086250,29613,1048514800,6275415,2026-09-22
121440,7700,329843498600,6429,49789980,42836818,2026-09-22
029480,1398,83487346536,99968,139772986,59719132,2026-09-22
026910,2985,23666053110,481070,1448520004,7928326,2026-09-22
482520,2065,12596500000,0,0,6100000,2026-09-22
489210,2030,10515400000,17158,34838649,5180000,2026-09-22
0041B0,2005,10105200000,2039,4086910,5040000,2026-09-22
0098T0,1991,10751400000,11172,22231186,5400000,2026-09-22
0132G0,1985,11850450000,1352,2683617,5970000,2026-09-22
053270,1922,52682798410,18032,35130544,27410405,2026-09-22
066620,24950,187125000000,2836,70251950,7500000,2026-09-22
043650,3595,64200602880,36470,130581765,17858304,2026-09-22
006050,4055,14150019820,178959,807604218,3489524,2026-09-22
060480,1605,17799450000,131935,210929330,11090000,2026-09-22
078130,3470,391209836890,66971,230215170,112740587,2026-09-22
307750,2290,123628599520,66233,151946302,53986288,2026-09-22
035080,11890,132860393810,29259,345687000,11174129,2026-09-22
318060,15860,177428627220,42615,680097570,11187177,2026-09-22
453450,12600,100078650000,11760,148816910,7942750,2026-09-22
204020,1766,34350169312,29047,51461742,19450832,2026-09-22
0015G0,14180,165942031380,55606,799185430,11702541,2026-09-22
402490,7200,121933562400,240967,1779650440,16935217,2026-09-22
114450,2200,44000000000,37150,81307645,20000000,2026-09-22
186230,3170,34616995960,26835,83432615,10920188,2026-09-22
900070,981,26361416304,18927,18388544,26871984,2026-09-22
204620,5850,411157480500,706909,4090006310,70283330,2026-09-22
019660,1509,21041998497,26125,39020543,13944333,2026-09-22
053260,7320,137030400000,2707237,20441852115,18720000,2026-09-22
282720,7410,89805495000,17450,130799025,12119500,2026-09-22
036190,34700,208200000000,3276,111626100,6000000,2026-09-22
049080,9800,83185673200,323126,3206497450,8488334,2026-09-22
420770,119500,1514753081000,376016,44140649800,12675758,2026-09-22
282620,12720,74548193040,75581,972307565,5860707,2026-09-22
035460,2455,36629434700,77014,192341483,14920340,2026-09-22
407400,1882,27542192988,40540,77456376,14634534,2026-09-22
187790,3005,92676694150,1739897,5727259170,30840830,2026-09-22
121600,51200,627824179200,47721,2452496500,12262191,2026-09-22
286750,2495,39955997860,21295,52705860,16014428,2026-09-22
247660,4100,21446772000,17565,71782440,5230920,2026-09-22
039860,4170,158848031010,136039,572610787,38093053,2026-09-22
417010,6320,127491640960,157565,1027860565,20172728,2026-09-22
405920,1912,24622881312,1718,3283091,12878076,2026-09-22
478340,13030,151283707450,1162479,16016896135,11610415,2026-09-22
051490,2570,36494000000,48805,128106147,14200000,2026-09-22
137080,6170,66080385330,6423,39600490,10709949,2026-09-22
242040,3025,104683948600,230734,704913588,34606264,2026-09-22
190510,15740,221702889580,72996,1157369870,14085317,2026-09-22
293580,1238,117523278100,288830,350534061,94929950,2026-09-22
459510,15580,202203191560,24636,386504695,12978382,2026-09-22
138610,15190,172676775670,90160,1383928870,11367793,2026-09-22
130580,6750,103950000000,33904,226365085,15400000,2026-09-22
036800,7460,339430000000,123755,925311210,45500000,2026-09-22
366030,4445,100696363250,30800,135434424,22653850,2026-09-22
267320,2175,124878266625,189837,416377113,57415295,2026-09-22
111710,3155,64955140000,24083,75946368,20588000,2026-09-22
091590,5910,69383400000,120123,727695460,11740000,2026-09-22
168330,2340,74306466000,15986,37330560,31754900,2026-09-22
094860,1350,71698518900,98665,136255356,53110014,2026-09-22
0218L0,12310,64949714250,12952,162060880,5276175,2026-09-22
0161M0,30750,375637233750,13497922,468843935600,12215845,2026-09-22
253590,13200,579072964800,1254338,16631094140,43869164,2026-09-22
212560,10350,139583701800,94014,981184845,13486348,2026-09-22
095660,17720,383398053480,35999,636160700,21636459,2026-09-22
042420,23100,188086737300,8494,194430600,8142283,2026-09-22
950220,1845,63120844800,280469,532644548,34211840,2026-09-22
311390,2330,29483328370,4343,10094440,12653789,2026-09-22
085910,15960,220165295280,781638,12499042565,13794818,2026-09-22
092730,23500,376657741500,53367,1244173900,16027989,2026-09-22
153460,5400,35262075600,9772,53806695,6530014,2026-09-22
007390,24900,1604432894400,115822,2890109450,64435056,2026-09-22
033640,27500,634128055000,324428,9095586100,23059202,2026-09-22
330860,27700,337498046500,206223,5835818600,12184045,2026-09-22
351320,3650,108400043300,262521,965637935,29698642,2026-09-22
089140,2110,32317253740,15695,33256645,15316234,2026-09-22
389650,28300,234247193800,25180,724582450,8277286,2026-09-22
137940,1869,18338753223,24761,46266500,9812067,2026-09-22
396270,2290,75312216990,435923,1005529684,32887431,2026-09-22
348210,33000,345741165000,60434,2047665500,10477005,2026-09-22
225570,10890,717217294860,119406,1299727180,65860174,2026-09-22
205500,1799,150327672803,113930,205204688,83561797,2026-09-22
217270,2385,108885641445,25904,61810550,45654357,2026-09-22
104620,3125,52532975000,71986,225786767,16810552,2026-09-22
473980,10190,110895242880,26949,276733390,10882752,2026-09-22
194700,10100,184373964800,49610,502595890,18254848,2026-09-22
285490,12190,128919379890,28771,353549340,10575831,2026-09-22
145170,2620,44300021100,194642,525876597,16908405,2026-09-22
376930,1567,16074699688,77474,121528402,10258264,2026-09-22
486990,22550,482399296500,2447794,52652009940,21392430,2026-09-22
142280,3205,76801514355,475635,1540084120,23963031,2026-09-22
234690,8930,160412179700,116124,1040122955,17963290,2026-09-22
069140,1727,26070453508,13498,23323255,15095804,2026-09-22
040160,6630,78786617130,22147,152194505,11883351,2026-09-22
332290,4370,34694518130,11090,47994364,7939249,2026-09-22
348340,19570,458102857680,364532,7250661580,23408424,2026-09-22
380550,7370,89905642420,247708,1853034630,12198866,2026-09-22
060260,875,11674561500,31120,27529392,13342356,2026-09-22
463020,6730,60483856000,229747,1623236255,8987200,2026-09-22
123840,1773,27575557650,9790,17364540,15553050,2026-09-22
012340,434,9567440162,331185,147821374,22044793,2026-09-22
462310,3800,30014699000,6179,23688400,7898605,2026-09-22
270870,3715,33415852890,2741,10092730,8994846,2026-09-22
144960,12220,533923865280,1290477,15669904405,43692624,2026-09-22
085670,3090,75707351490,1360465,4378488421,24500761,2026-09-22
417030,34250,197881293000,281894,9489550375,5777556,2026-09-22
064260,4380,331327101660,1705597,7703114348,75645457,2026-09-22
340360,986,52265367392,127587,125459368,53007472,2026-09-22
039560,2490,106792285320,139619,352454732,42888468,2026-09-22
208860,1303,44236814819,0,0,33949973,2026-09-22
154040,1055,22804472770,0,0,21615614,2026-09-22
032190,19820,759106000000,36026,720243170,38300000,2026-09-22
323350,9490,76022226280,193593,1764027250,8010772,2026-09-22
068240,2530,96553495610,0,0,38163437,2026-09-22
290660,1499,64213994112,555233,842196907,42837888,2026-09-22
464580,1498,27572321322,13634,20496526,18406089,2026-09-22
020400,2675,24271698100,4110,10948870,9073532,2026-09-22
008830,6260,120078794160,210665,1331787920,19181916,2026-09-22
048470,2735,26392750000,12370,34320855,9650000,2026-09-22
004780,4200,66793435800,39112,165414340,15903199,2026-09-22
017650,10800,94878000000,0,0,8785000,2026-09-22
389260,12760,228612307000,72500,936208275,17916325,2026-09-22
317850,6270,52194113400,138077,866830345,8324420,2026-09-22
290670,5380,42274210800,14464,78782525,7857660,2026-09-22
078140,7370,81708087230,15531,114318950,11086579,2026-09-22
065150,1231,19619973440,25931,32417103,15938240,2026-09-22
036480,6110,23218000000,3494,21411920,3800000,2026-09-22
027830,787,42498000000,138281,108824393,54000000,2026-09-22
129920,5640,91642645440,352171,1989048025,16248696,2026-09-22
482690,2070,11623050000,15831,32771540,5615000,2026-09-22
0134X0,1973,13298020000,4484,8838176,6740000,2026-09-22
020180,3970,30512558510,9963,39621684,7685783,2026-09-22
045390,3260,229743209020,1995929,6478671288,70473377,2026-09-22
108380,19030,182066346990,23098,436462545,9567333,2026-09-22
007680,3255,43040012190,1268,4129935,13222738,2026-09-22
048910,6660,83775780360,35263,235176175,12578946,2026-09-22
005710,11000,220413600000,10691,116001310,20037600,2026-09-22
120240,14710,105770651610,16438,239563050,7190391,2026-09-22
003310,1622,57406391700,90897,148037468,35392350,2026-09-22
078600,86900,1364689592200,108366,9507022150,15704138,2026-09-22
393970,2825,50428566500,0,0,17850820,2026-09-22
096350,1927,71019126374,132700,255093576,36854762,2026-09-22
140520,1999,42197376757,7970,15909366,21109243,2026-09-22
131220,3590,26761619100,2632,9453080,7454490,2026-09-22
010170,17810,2769199604600,10766623,192686345380,155485660,2026-09-22
054670,5420,77803666400,11118,60433710,14354920,2026-09-22
023910,26200,157200000000,1133,29610950,6000000,2026-09-22
021040,936,20315668464,12634,11884735,21704774,2026-09-22
021045,2210,1875167320,6882,15160985,848492,2026-09-22
067080,11020,205155483000,34554,381950310,18616650,2026-09-22
298540,6670,96624194620,6951,46273600,14486386,2026-09-22
032860,2805,22662077460,4135,11518045,8079172,2026-09-22
393890,9910,335385557040,135533,1355827175,33843144,2026-09-22
299170,1545,64134939960,3851327,5817185803,41511288,2026-09-22
462860,2970,213151265910,3250164,10058801195,71768103,2026-09-22
224060,4180,21571817960,889648,4081347590,5160722,2026-09-22
403850,12310,176660933100,96757,1202079100,14351010,2026-09-22
213420,28700,712654837300,94678,2760220125,24831179,2026-09-22
317330,12620,258414490080,29830,381004730,20476584,2026-09-22
077360,12930,587500435860,1039077,13218920265,45437002,2026-09-22
090410,3440,31705857360,6184,21225025,9216819,2026-09-22
0001A0,8470,215722108140,66637,567172230,25468962,2026-09-22
263600,3405,54242705550,29247,99790900,15930310,2026-09-22
194480,14130,171950089500,88635,1247288740,12169150,2026-09-22
373160,3090,41969832300,10983,34678465,13582470,2026-09-22
263800,4585,74393367300,138708,648388230,16225380,2026-09-22
206560,919,23353385384,340012,318955128,25411736,2026-09-22
261200,2560,40472832000,12126,31306075,15809700,2026-09-22
484120,22700,248733479400,65464,1476385150,10957422,2026-09-22
067990,3780,110306259000,26614,101032195,29181550,2026-09-22
006620,3520,100196771840,74817,258484387,28464992,2026-09-22
100130,1473,84171639000,3254744,4926626606,57143000,2026-09-22
005160,3680,199619693760,12346663,46133671688,54244482,2026-09-22
303810,3035,97071864900,14286739,40474924692,31984140,2026-09-22
075970,1653,30415200000,32047,52677593,18400000,2026-09-22
086450,20500,927223610000,376760,7680903925,45230420,2026-09-22
240550,6190,129581088600,373206,2335069830,20933940,2026-09-22
099410,3110,43540000000,20694,64425860,14000000,2026-09-22
033500,16220,486429592680,108242,1764677370,29989494,2026-09-22
025950,9990,83916000000,10443,104391050,8400000,2026-09-22
088130,5610,98092611540,63114,355124610,17485314,2026-09-22
060380,1285,25314500000,6161,7947645,19700000,2026-09-22
079960,16790,126792337820,41889,705211190,7551658,2026-09-22
228340,3485,69700000000,344285,1193455060,20000000,2026-09-22
088910,1999,51417806236,38134,76469810,25721764,2026-09-22
094170,27450,573977743200,53181,1469856050,20909936,2026-09-22
013120,2105,191151050500,40277,84157598,90808100,2026-09-22
109860,7370,67067000000,416,3119310,9100000,2026-09-22
032960,2190,38528615250,21146,45644275,17592975,2026-09-22
023790,1477,19304106416,196877,293805756,13069808,2026-09-22
005290,42950,2189166911700,329055,14189244800,50970126,2026-09-22
025900,6750,341261673750,38350,261329660,50557285,2026-09-22
131970,93400,1805164029200,433364,41605071050,19327238,2026-09-22
073190,1622,19412160880,0,0,11968040,2026-09-22
176750,6330,180333597600,162198,1032017925,28488720,2026-09-22
030350,973,15171092867,0,0,15592079,2026-09-22
203650,2690,273585061960,3785438,10436847875,101704484,2026-09-22
223250,3460,85117536240,1146469,3995718607,24600444,2026-09-22
060570,4875,72249030750,2507,12223975,14820314,2026-09-22
362990,1327,22294361698,30135,39897472,16800574,2026-09-22
016670,2440,24873930960,11634,28379185,10194234,2026-09-22
187870,11210,155401674120,182478,2029064825,13862772,2026-09-22
489730,2025,12822300000,1523,3086200,6332000,2026-09-22
0004Y0,2000,10630000000,738,1475480,5315000,2026-09-22
110990,17210,325269000000,92051,1612729720,18900000,2026-09-22
263690,4935,55891885350,12301,60654045,11325610,2026-09-22
214680,3930,65612965230,91616,365750566,16695411,2026-09-22
347850,42800,1968636889200,638823,27934885500,45996189,2026-09-22
263720,6890,84371915290,13073,89577220,12245561,2026-09-22
376300,16710,396668764260,47571,806541195,23738406,2026-09-22
104040,2450,65693234250,42170,100222770,26813565,2026-09-22
109740,4045,103998527550,52636,208273060,25710390,2026-09-22
031860,6930,18714756060,0,0,2700542,2026-09-22
196490,6090,69131518050,0,0,11351645,2026-09-22
066900,1736,39484457208,26352,46558675,22744503,2026-09-22
092070,12800,148119782400,22557,287939010,11571858,2026-09-22
039840,9680,129865215040,58911,568081890,13415828,2026-09-22
219550,1125,46551611250,16925,18981872,41379210,2026-09-22
310870,1500,32883903000,57126,86140028,21922602,2026-09-22
104460,6690,70366095690,18779,123290495,10518101,2026-09-22
113810,3025,19739970250,15232,45722935,6525610,2026-09-22
043360,2370,21330000000,11834,27388495,9000000,2026-09-22
197140,2400,31231569600,19662,47553645,13013154,2026-09-22
068930,9570,264853022940,411748,3920956100,27675342,2026-09-22
033130,1748,64877486716,21121,36587225,37115267,2026-09-22
105740,8010,81449789130,30976,247017755,10168513,2026-09-22
263020,3070,42476968220,25528,78517384,13836146,2026-09-22
290550,21350,427026260500,291920,6314240800,20001230,2026-09-22
066670,3230,60374895140,10619,34279305,18691918,2026-09-22
187220,1981,22830892273,4456,8811237,11524933,2026-09-22
383930,1636,20914833408,21100,35088797,12784128,2026-09-22
131180,4190,24595300000,6289,26518345,5870000,2026-09-22
483350,3085,68343424100,308066,948765219,22153460,2026-09-22
315640,1894,55631007408,104668,201550211,29372232,2026-09-22
900110,5440,20059597440,8025,43885390,3687426,2026-09-22
317120,1453,22172780000,32250,46346796,15260000,2026-09-22
462510,2640,23239827600,19863,52710555,8802965,2026-09-22
232680,10110,134033325000,181645,1846539740,13257500,2026-09-22
042510,10710,118943417880,484644,5286826230,11105828,2026-09-22
418420,4100,126175687800,399028,1727109102,30774558,2026-09-22
300120,3250,32177609750,477560,1674126465,9900803,2026-09-22
171120,1993,71552207680,57238,114127729,35901760,2026-09-22
388790,5250,160724340000,1199475,6476092295,30614160,2026-09-22
214260,7540,67275371020,8679,65677405,8922463,2026-09-22
171010,2560,36604805120,19276,49104500,14298752,2026-09-22
084650,500,37119995000,0,0,74239990,2026-09-22
217500,1507,47940684000,34085,51591665,31812000,2026-09-22
038390,9950,166372178900,5466,54798350,16720822,2026-09-22
387690,15520,118352276320,544283,8775409105,7625791,2026-09-22
294140,2775,69138619950,25246,68611510,24914818,2026-09-22
365660,4370,58800792830,261854,1156430156,13455559,2026-09-22
443250,5080,54913870360,10888,54933805,10809817,2026-09-22
228670,4315,67486690615,77352,334370455,15640021,2026-09-22
228850,7890,130903100460,97034,772209580,16591014,2026-09-22
412350,5430,79294523490,343409,1861100635,14603043,2026-09-22
199550,3170,47061157470,44981,139626090,14845791,2026-09-22
281740,10560,694114586880,250850,2673041440,65730548,2026-09-22
277810,438000,8497137804000,59474,26534631250,19399858,2026-09-22
215100,4050,82411238700,47962,195878332,20348454,2026-09-22
090360,79000,770250000000,120607,9631423950,9750000,2026-09-22
108490,300000,4400108400000,280855,85737700750,14667028,2026-09-22
900260,1904,87640560224,29498,58027096,46029706,2026-09-22
033290,1522,85469890122,6175,9372902,56156301,2026-09-22
067730,2200,21282628400,13895,30493540,9673922,2026-09-22
071280,7290,111512235870,204268,1499363045,15296603,2026-09-22
376900,28050,489340384500,94368,2687786075,17445290,2026-09-22
214610,2290,19197807380,0,0,8383322,2026-09-22
328130,9500,707352710000,854510,8330690180,74458180,2026-09-22
038060,689,33143014541,0,0,48103069,2026-09-22
474170,7030,125258402880,49683,353929970,17817696,2026-09-22
195990,1149,18714767226,28735,33520543,16287874,2026-09-22
141080,80200,2968957323600,152873,12391910950,37019418,2026-09-22
058470,75000,5715888750000,1795192,133567687300,76211850,2026-09-22
016100,1214,23188485316,12984,16012490,19100894,2026-09-22
012700,2890,75125122280,20876,60356665,25994852,2026-09-22
302550,2605,78866408865,25312,65958975,30275013,2026-09-22
491000,29050,733665622550,147989,4333221500,25255271,2026-09-22
394420,9530,104827150530,126543,1239157900,10999701,2026-09-22
073570,2095,25218202160,34009,71275068,12037328,2026-09-22
377450,14490,251111700000,15190,219931665,17330000,2026-09-22
277070,3365,46073580000,6842,23395610,13692000,2026-09-22
042500,4190,93399893360,38984,163750305,22291144,2026-09-22
193250,2000,26737866000,26801,55017550,13368933,2026-09-22
474650,27750,159653575500,28371,806068825,5753282,2026-09-22
219420,3205,36759769935,30183,98376580,11469507,2026-09-22
439090,15570,255243058200,55695,870816860,16393260,2026-09-22
195500,1722,27514116000,25542,43822646,15978000,2026-09-22
377480,10320,73378038000,141246,1484395370,7110275,2026-09-22
305090,538,10087410692,0,0,18749834,2026-09-22
098120,56900,472996385400,123709,7101147100,8312766,2026-09-22
424980,8470,50132998300,24589,212913430,5918890,2026-09-22
038290,11830,128253762000,13273,157587290,10841400,2026-09-22
477850,22000,390604192000,706251,15541578350,17754736,2026-09-22
0039P0,7460,140303204000,685464,5331630010,18807400,2026-09-22
267980,33850,259414146300,2518,85561450,7663638,2026-09-22
005990,10800,143621683200,272,2930300,13298304,2026-09-22
093520,28350,337417078950,58134,1690539600,11901837,2026-09-22
100590,4890,83812375050,490718,2411842956,17139545,2026-09-22
067280,25350,150243847650,80171,2033294700,5926779,2026-09-22
072870,13190,157237449210,18990,250173325,11920959,2026-09-22
215200,36200,375220819200,29526,1072872750,10365216,2026-09-22
133750,1371,32091102567,3355,4615051,23407077,2026-09-22
446540,9440,274506807840,560570,5345447965,29079111,2026-09-22
235980,2735,93742455935,120913,333504543,34275121,2026-09-22
041920,8580,159572753340,81635,697798680,18598223,2026-09-22
014100,1546,18242800000,20129,31103517,11800000,2026-09-22
054180,2295,12686716395,0,0,5527981,2026-09-22
086900,67300,491188848100,18815,1277529300,7298497,2026-09-22
078160,8970,351665288910,58543,524424550,39204603,2026-09-22
0088D0,2065,11966675000,4277,8743640,5795000,2026-09-22
0165X0,1933,13994920000,44129,85466080,7240000,2026-09-22
408920,2880,124509470400,8486,24335040,43232455,2026-09-22
021880,1193,25313598920,29294,34439869,21218440,2026-09-22
0088M0,13030,128759202500,186416,2437354385,9881750,2026-09-22
140410,78800,2412987911200,101901,8123921000,30621674,2026-09-22
241770,41150,419427136000,22820,934862850,10192640,2026-09-22
059210,3710,100806060950,55288,204168820,27171445,2026-09-22
058110,1495,23995542350,45833,69024257,16050530,2026-09-22
072770,787,32670021126,171971,131696985,41512098,2026-09-22
434480,2770,34099531000,54693,154396117,12310300,2026-09-22
080420,1591,126837100602,714,1121510,79721622,2026-09-22
417970,10350,66205845000,13582,141444360,6396700,2026-09-22
080160,8380,158382000000,129851,1087689840,18900000,2026-09-22
087260,247,8040556667,0,0,32552861,2026-09-22
101330,3525,81593277225,36329,127117440,23147029,2026-09-22
012860,2280,166972281960,307804,709248818,73233457,2026-09-22
363260,4290,27596510370,6620,28335310,6432753,2026-09-22
348030,2865,27514887000,2910,8345657,9603800,2026-09-22
250060,3035,97639937990,103678,316916516,32171314,2026-09-22
288980,252,9168107508,796141,202732132,36381379,2026-09-22
142760,470,9909240300,114728,55118469,21083490,2026-09-22
033200,2565,23609616885,6442,16325410,9204529,2026-09-22
118990,6820,167344870220,86209,587917895,24537371,2026-09-22
463480,4020,49809239160,41967,169818105,12390358,2026-09-22
006920,3020,32978400000,62968,191301100,10920000,2026-09-22
001810,1165,25790187500,460754,573702632,22137500,2026-09-22
279600,3885,18200374185,6098,24047725,4684781,2026-09-22
095500,6480,200944793520,56456,369797955,31009999,2026-09-22
254490,16170,233462460000,126711,2109415370,14438000,2026-09-22
218150,1931,39422913662,59480,113962183,20415802,2026-09-22
100790,17300,918985999400,648477,11335428665,53120578,2026-09-22
0097F0,1964,12766000000,12809,25126570,6500000,2026-09-22
0099W0,1967,13769000000,2228,4384671,7000000,2026-09-22
477380,2075,16807500000,19437,40236260,8100000,2026-09-22
477470,2075,11371000000,112,231130,5480000,2026-09-22
478440,2060,14275800000,2203,4539190,6930000,2026-09-22
482680,2055,16881825000,0,0,8215000,2026-09-22
0093G0,1961,12550400000,12114,23741155,6400000,2026-09-22
0096D0,1972,10846000000,4180,8210590,5500000,2026-09-22
049950,10390,91617814760,18786,199511490,8817884,2026-09-22
207760,2070,34395028920,14716,30375870,16615956,2026-09-22
059090,22600,755219182800,1556517,34155615840,33416778,2026-09-22
201490,3725,121895879350,4270918,16441160910,32723726,2026-09-22
475460,2555,14426871375,35042,90127010,5646525,2026-09-22
452200,1695,41244096000,48571,83256807,24332800,2026-09-22
206640,9300,203743665300,36289,338966370,21907921,2026-09-22
035620,664,12356985552,169654,110823057,18609918,2026-09-22
053030,6000,196105128000,88561,536089605,32684188,2026-09-22
301300,1621,21323788152,56585,95166729,13154712,2026-09-22
064550,8260,213193003660,318987,2665742155,25810291,2026-09-22
314930,6710,199717131130,30594,203473940,29764103,2026-09-22
489460,11310,166859675970,21505,243846130,14753287,2026-09-22
086820,6450,167210348250,80605,527433625,25924085,2026-09-22
038460,2850,72032444700,69459,196299415,25274542,2026-09-22
251120,8800,76522160000,17735,157503160,8695700,2026-09-22
199730,795,3867171765,108594,80938866,4864367,2026-09-22
086040,2290,36544385630,11576,26537621,15958247,2026-09-22
188040,4970,23256160760,1735,8637055,4679308,2026-09-22
099430,3305,203722586210,96538,317699482,61640722,2026-09-22
308080,5590,114590863400,93840,533914405,20499260,2026-09-22
043150,17600,261434905600,14129,249318175,14854256,2026-09-22
323990,4190,97448275550,170007,709735456,23257345,2026-09-22
267790,3130,24067537170,3744,11863160,7689309,2026-09-22
046310,2290,37598687890,14412,32854815,16418641,2026-09-22
331520,2250,22052668500,24189,54565074,9801186,2026-09-22
199480,3980,40582420240,11526,45912530,10196588,2026-09-22
438700,1855,20673770950,19535,36183122,11144890,2026-09-22
066410,1153,159637252154,0,0,138453818,2026-09-22
382900,23600,206759600000,105469,2518157775,8761000,2026-09-22
206400,656,24606663648,40018,26222388,37510158,2026-09-22
019010,4970,239554000000,257908,1274557211,48200000,2026-09-22
177350,1509,14963019159,58876,88841199,9915851,2026-09-22
457600,4360,59764700000,50532,223311330,13707500,2026-09-22
424760,2010,20209279680,49520,100721930,10054368,2026-09-22
250000,5610,37871612130,2070,11693260,6750733,2026-09-22
310210,146700,2719247043600,102352,15495608100,18536108,2026-09-22
006910,7550,370930171200,1335928,10166845715,49129824,2026-09-22
0010F0,2285,25463128285,62056,141467455,11143601,2026-09-22
226340,4720,39603084480,182475,882031362,8390484,2026-09-22
014470,1035,59046377400,67663,70251441,57049640,2026-09-22
008470,1692,28441843200,16271,27466236,16809600,2026-09-22
338220,5150,72109388450,130772,672546270,14001823,2026-09-22
100120,25300,226976698300,24511,626415750,8971411,2026-09-22
406820,2320,32795884240,631939,1509909116,14136157,2026-09-22
099390,3770,30945226910,4487,16713660,8208283,2026-09-22
064480,2630,31435075000,20719,54227690,11952500,2026-09-22
365900,2630,19226089000,8630,22609395,7310300,2026-09-22
089970,56600,1490094899000,671798,38562060200,26326765,2026-09-22
251630,3615,57633532890,52214,181519970,15942886,2026-09-22
018290,11310,395192187780,118279,1343366965,34941838,2026-09-22
478560,3180,82140347640,59531,188833810,25830298,2026-09-22
439580,3120,105601226640,8973030,28360328349,33846547,2026-09-22
033560,4750,81225000000,3145,14811452,17100000,2026-09-22
369370,3200,31918022400,10025,31447815,9974382,2026-09-22
126340,81900,588075906600,138954,11705529550,7180414,2026-09-22
121800,3320,256309348520,0,0,77201611,2026-09-22
082800,2830,171836654780,185182,531078443,60719666,2026-09-22
318410,6390,35498002770,3481,21846400,5555243,2026-09-22
419540,3130,18649331890,13261,42644801,5958253,2026-09-22
146320,10450,133738295350,35659,379255285,12797923,2026-09-22
200780,3000,31996983000,7471,22270090,10665661,2026-09-22
413640,5890,42448876600,10361,60775060,7206940,2026-09-22
141000,9250,112061067500,35338,328245520,12114710,2026-09-22
083650,64300,1989723312500,609616,38829860800,30944375,2026-09-22
0068Y0,1977,8520870000,276,544307,4310000,2026-09-22
065170,2250,62806034250,1047239,2434901676,27913793,2026-09-22
086670,18750,186110343750,117406,2216740735,9925885,2026-09-22
488900,10580,306570766940,75768,805850885,28976443,2026-09-22
082920,29000,1309044833000,208083,6127415725,45139477,2026-09-22
054220,1705,21467000280,63358,109934631,12590616,2026-09-22
042370,10970,287414274250,1656046,18242608275,26200025,2026-09-22
050090,847,19933920545,53334,44821719,23534735,2026-09-22
148780,3920,24653448400,253234,1036333796,6289145,2026-09-22
307870,1189,88341849865,449943,535274654,74299285,2026-09-22
377030,1955,27940277410,114484,237281453,14291702,2026-09-22
032850,4145,68903549485,51449,214714948,16623293,2026-09-22
049470,3180,74872778820,4410725,14515300086,23544899,2026-09-22
238200,2625,21472500000,7906,20970400,8180000,2026-09-22
093190,8270,159105744350,11363,92140490,19238905,2026-09-22
065450,2895,85390349685,213684,620340488,29495803,2026-09-22
044480,3470,23076135010,14598,49895483,6650183,2026-09-22
069540,3930,442879155210,5129014,20496067793,112691897,2026-09-22
072950,13000,104683930000,962008,12732243725,8052610,2026-09-22
451250,7260,74239867020,4854,35219105,10225877,2026-09-22
143240,17490,187715465190,5435,93851350,10732731,2026-09-22
466410,8640,43519878720,7806,67628345,5037023,2026-09-22
223310,3105,16160413410,28133,87174107,5204642,2026-09-22
452430,41050,338885032050,166144,6861407975,8255421,2026-09-22
419120,2215,31504142135,35910,79597745,14223089,2026-09-22
122350,1602,61419763656,2204423,3616351856,38339428,2026-09-22
419050,1603,91685572720,8027349,13697342752,57196240,2026-09-22
014970,4370,64785250000,27702,121750455,14825000,2026-09-22
018310,14720,216384000000,12103,177285070,14700000,2026-09-22
012210,13540,312118379660,23219113,306192261525,23051579,2026-09-22
053700,3855,102989243235,143869,559522027,26715757,2026-09-22
009620,5030,17577883270,26174,130476615,3494609,2026-09-22
023600,9070,145195281000,4912,44548305,16008300,2026-09-22
0044K0,1978,14874560000,40513,79850252,7520000,2026-09-22
0071M0,1972,11358720000,7573,14924785,5760000,2026-09-22
0096B0,1976,13002080000,3553,7023557,6580000,2026-09-22
0115H0,1974,14508900000,7499,14809803,7350000,2026-09-22
009300,14030,89371100000,735,10249560,6370000,2026-09-22
482630,13730,300526084400,117473,1624152635,21888280,2026-09-22
484590,6480,267043716000,64405,419026445,41210450,2026-09-22
036670,5040,54231408000,14095,70833350,10760200,2026-09-22
361670,3590,20346892220,2916,10389905,5667658,2026-09-22
054540,6720,87360000000,77330,520801890,13000000,2026-09-22
065570,764,12295692232,0,0,16093838,2026-09-22
014950,9350,94131947800,584025,5520699840,10067588,2026-09-22
032280,1340,21726210600,9615,12828422,16213590,2026-09-22
002290,3255,40362000000,7457,24233400,12400000,2026-09-22
037460,30550,498530847100,67032,2043605550,16318522,2026-09-22
032750,2965,26777276730,3629,10695780,9031122,2026-09-22
0013V0,4975,49345313600,45856,232067795,9918656,2026-09-22
054090,1023,25533294336,106532,107980592,24959232,2026-09-22
000250,162600,3814184947200,65829,10610765400,23457472,2026-09-22
024950,4365,54126000000,13813,60575725,12400000,2026-09-22
038500,6700,723039250200,284309,1938975240,107916306,2026-09-22
437730,53900,1709037861300,466358,25154502950,31707567,2026-09-22
017480,4840,74743587600,5483,26514200,15442890,2026-09-22
046390,2100,36265263300,4203,8825775,17269173,2026-09-22
027580,1882,22275831910,78010,148426984,11836255,2026-09-22
038540,1882,104127885066,79237,149342849,55328313,2026-09-22
091580,21150,281891831850,166236,3532315075,13328219,2026-09-22
263810,2570,40926800250,12978,33445470,15924825,2026-09-22
089980,15550,248629525350,42218,665448375,15989037,2026-09-22
042940,5670,38718797040,25174,143469250,6828712,2026-09-22
042600,11640,144610401360,5306,61323155,12423574,2026-09-22
107600,13150,74298210100,16217,215335345,5650054,2026-09-22
411080,6350,96949501300,332751,2084873095,15267638,2026-09-22
252990,17370,1045984731930,697494,12221807450,60217889,2026-09-22
378800,510,23583945810,0,0,46243031,2026-09-22
294630,3090,81882463110,121392,376992850,26499179,2026-09-22
038070,3985,37063193860,8876,35222615,9300676,2026-09-22
006730,10700,687763076100,326139,3518588110,64276923,2026-09-22
079650,5850,117000000000,617981,3694763515,20000000,2026-09-22
100660,3080,38808000000,12099,37202515,12600000,2026-09-22
019770,3190,37163500000,15584,49752790,11650000,2026-09-22
092190,8000,366947064000,255245,2135334290,45868383,2026-09-22
046890,10440,608708376000,1567749,17069721100,58305400,2026-09-22
063170,5800,103090748600,16723,97334080,17774267,2026-09-22
027040,1704,23715878376,174913,320707683,13917769,2026-09-22
018680,1949,22724012731,1269,2472019,11659319,2026-09-22
036120,1651,58024395000,71169,116878764,35145000,2026-09-22
093920,4845,90117000000,1721,8321850,18600000,2026-09-22
189860,5240,50821607200,714280,3775885410,9698780,2026-09-22
178320,31500,2007289903500,998177,31988132000,63723489,2026-09-22
122690,1621,37411328086,4398,7092396,23079166,2026-09-22
140070,2155,79709140000,53127,112944800,36988000,2026-09-22
011370,3665,73955936045,21489,79068495,20178973,2026-09-22
065710,44950,231492500000,11065,497546775,5150000,2026-09-22
035890,2305,478491575480,308708,707584779,207588536,2026-09-22
357550,30250,165013750000,2007,61122650,5455000,2026-09-22
003100,20400,134640000000,5839,118474100,6600000,2026-09-22
067370,5660,69130340060,12240,69001000,12213841,2026-09-22
171090,69700,705895532200,24880,1751241500,10127626,2026-09-22
086710,6770,82616205600,4169,28207740,12203280,2026-09-22
014620,31850,845852043400,173010,5566719225,26557364,2026-09-22
037350,7710,117269100000,203277,1580998140,15210000,2026-09-22
458650,7600,114347092000,5249,40012390,15045670,2026-09-22
081580,2375,36831839625,65713,154827160,15508143,2026-09-22
045300,2700,28476932400,27068,73509610,10547012,2026-09-22
015750,5830,466400000000,208412,1224572520,80000000,2026-09-22
340930,806,55513882710,0,0,68875785,2026-09-22
365340,34650,447716634750,26091,914353625,12921115,2026-09-22
080470,2700,19710000000,7350,19979455,7300000,2026-09-22
043260,26950,2033427303600,5476915,150288976050,75451848,2026-09-22
148150,3960,140749559280,64919,258768440,35542818,2026-09-22
061090,37300,203939615000,6002,224242700,5467550,2026-09-22
188260,1998,27774833364,4376,8907179,13901318,2026-09-22
053060,1218,21506736342,22876,27944658,17657419,2026-09-22
340440,756,21454043184,0,0,28378364,2026-09-22
017510,7820,119223720000,283357,2260046725,15246000,2026-09-22
0017J0,2520,75980623320,268395,691453419,30151041,2026-09-22
490470,15670,533178644800,362466,5809979470,34025440,2026-09-22
011560,24050,242541171600,47952,1171109175,10084872,2026-09-22
100700,2305,100959000000,194617,446483815,43800000,2026-09-22
024830,8390,70056500000,1326,11107590,8350000,2026-09-22
258830,412,31223976612,0,0,75786351,2026-09-22
036630,7870,110180000000,4100,32392370,14000000,2026-09-22
039310,1256,22760813752,27429,34363245,18121667,2026-09-22
067770,1700,14274208100,167911,354053676,8396593,2026-09-22
053450,2995,44304444985,42576,127183014,14792803,2026-09-22
252500,2270,18834821060,8262,18762035,8297278,2026-09-22
321370,1727,121964627477,11911067,21071837900,70622251,2026-09-22
347000,1830,69193848180,23154,42445938,37810846,2026-09-22
331920,10930,122214396150,14314,155245400,11181555,2026-09-22
352770,5250,13610136750,0,0,2592407,2026-09-22
471820,4035,45607116765,607,2452635,11302879,2026-09-22
049180,1009,83975227728,0,0,83226192,2026-09-22
299660,2885,85116088645,1991482,5505177514,29502977,2026-09-22
108860,8900,239541631000,308869,2791737850,26914790,2026-09-22
208370,2320,59718108480,164005,387772280,25740564,2026-09-22
318160,7180,67043343340,9102,64578180,9337513,2026-09-22
308430,14130,182351196630,19205,268522775,12905251,2026-09-22
068760,38800,1722810481600,37004,1447020775,44402332,2026-09-22
068940,778,35720093048,0,0,45912716,2026-09-22
007720,1143,23042982870,12781,14526999,20160090,2026-09-22
950200,3105,59727944565,76091,237344990,19236053,2026-09-22
032680,999,23032825119,139276,137802745,23055881,2026-09-22
032685,6660,475270920,510,3423240,71362,2026-09-22
258790,6880,34388001280,101514,717101450,4998256,2026-09-22
066910,1813,27895963816,13189,23689700,15386632,2026-09-22
215090,1464,33899887704,44103,65402606,23155661,2026-09-22
035610,5180,141652264460,20984,109154180,27345997,2026-09-22
357780,337000,2621376742000,15954,5395374500,7778566,2026-09-22
036830,39200,803756055200,48005,1921039700,20503981,2026-09-22
304100,15220,191678473100,128995,2007054760,12593855,2026-09-22
328380,3670,25148876850,8527,31823931,6852555,2026-09-22
086980,1789,111701582000,132133,238079406,62438000,2026-09-22
050960,8700,58733700000,2383,20663490,6751000,2026-09-22
084180,210,3795599430,4978518,1040759762,18074283,2026-09-22
253840,4500,75344400000,90769,410358010,16743200,2026-09-22
298830,4050,216506920950,123044,503392276,53458499,2026-09-22
236200,51800,361269309800,29818,1542291800,6974311,2026-09-22
094840,12100,118653918900,9795,117785280,9806109,2026-09-22
192440,30000,186490890000,4825,144364775,6216363,2026-09-22
424960,3855,63550099050,6155,24055645,16485110,2026-09-22
099440,4180,285257386920,120808,510649547,68243394,2026-09-22
066590,2285,88379086045,70567,161343110,38677937,2026-09-22
386380,23950,449349349150,4740256,118052860725,18761977,2026-09-22
276040,327,7073119545,0,0,21630335,2026-09-22
115570,2845,22715925260,15574,42792995,7984508,2026-09-22
330730,4590,83619839700,16513,75893055,18217830,2026-09-22
352090,3645,97952077710,28842,105137525,26872998,2026-09-22
253450,20150,605678734700,41204,841730650,30058498,2026-09-22
408900,979,32065117491,54434,53460149,32752929,2026-09-22
415380,2140,24487966500,5199,11046545,11442975,2026-09-22
475040,3120,167935004640,695561,2230221976,53825322,2026-09-22
013810,1556,22803911320,17422,26980336,14655470,2026-09-22
347700,22550,1162483213100,956085,21819064725,51551362,2026-09-22
049830,6450,39552122400,1203,7647930,6132112,2026-09-22
020710,3720,74578448400,1050391,4061100803,20047970,2026-09-22
033170,2900,49722422700,3404683,10651631818,17145663,2026-09-22
048870,1470,129517235610,170800,252614417,88106963,2026-09-22
025320,3770,347672238810,350477,1337440414,92220753,2026-09-22
340810,4395,61307973390,310930,1381074738,13949482,2026-09-22
056090,1190,122878252840,0,0,103259036,2026-09-22
429270,3360,21669416160,75190,256111474,6449231,2026-09-22
418250,6550,47629012750,0,0,7271605,2026-09-22
131090,4310,33006932510,25317,109406035,7658221,2026-09-22
290520,1575,24784458300,7624,12251285,15736164,2026-09-22
001000,1710,8302918680,26237,44939101,4855508,2026-09-22
025870,1059,4236000000,0,0,4000000,2026-09-22
215600,2235,309667215540,545483,1226583178,138553564,2026-09-22
065350,30950,850628190600,74502,2318056600,27483948,2026-09-22
416180,24500,221474561000,9721,236565700,9039778,2026-09-22
162300,2240,92895895680,2604581,6121883181,41471382,2026-09-22
002800,4400,66750200000,18114,79654605,15170500,2026-09-22
0091W0,2030,12318040000,2266,4577535,6068000,2026-09-22
017000,2330,27186502910,8364,19539205,11668027,2026-09-22
012790,6110,73236995650,4722,28891520,11986415,2026-09-22
138070,1517,26552360468,10798,16186745,17503204,2026-09-22
226330,1292,31341949700,250188,332101086,24258475,2026-09-22
474660,2080,11481600000,253,526485,5520000,2026-09-22
474930,2090,7565800000,13111,27206205,3620000,2026-09-22
487360,2030,11449200000,3686,7445370,5640000,2026-09-22
487830,2035,8852250000,2244,4542980,4350000,2026-09-22
496070,1986,11161320000,2079,4128336,5620000,2026-09-22
0130D0,1957,10450380000,6808,13344010,5340000,2026-09-22
0129K0,1966,11048920000,4484,8815540,5620000,2026-09-22
056700,1417,41284423947,21268,30048658,29135091,2026-09-22
187270,2940,29822904300,4895,14434220,10143845,2026-09-22
095190,1846,120470812852,41146,76017914,65260462,2026-09-22
243840,5480,211299127800,92090,509946180,38558235,2026-09-22
257720,39800,2609934829600,859673,34833894800,65576252,2026-09-22
222800,148100,5699558300600,1870126,280604088950,38484526,2026-09-22
036710,4160,219763456640,1394389,6014964607,52827754,2026-09-22
444530,4650,29907804900,2821,13132642,6431786,2026-09-22
234030,3480,82145400000,520012,1884878133,23605000,2026-09-22
160980,26150,285668954450,109495,2853731175,10924243,2026-09-22
356890,2510,30004100750,19189,48142699,11953825,2026-09-22
217330,3005,69504288735,38021,115905278,23129547,2026-09-22
208640,888,12364534200,569473,518026829,13924025,2026-09-22
222420,914,44254530022,121031,110659672,48418523,2026-09-22
037760,2405,81368175005,77904,186597060,33832921,2026-09-22
081180,6030,53217976050,55510,344646325,8825535,2026-09-22
099320,77600,849819172800,67538,5266823050,10951278,2026-09-22
049960,15150,142410000000,9406,142623820,9400000,2026-09-22
088280,3260,56419157400,201243,649082756,17306490,2026-09-22
050890,9500,577187073000,1355931,12950327650,60756534,2026-09-22
394800,4705,149725111865,386634,1849040055,31822553,2026-09-22
177900,3595,34611222000,27641,98244463,9627600,2026-09-22
475400,18130,214058988220,33016,606615720,11806894,2026-09-22
109670,8770,51186999540,344401,2775239985,5836602,2026-09-22
066790,2205,97355245995,0,0,44152039,2026-09-22
352480,22000,299857822000,10431,230910950,13629901,2026-09-22
264660,13280,129097164160,24836,330921170,9721172,2026-09-22
352700,1456,38259164944,15677,22665998,26276899,2026-09-22
458870,25600,981641267200,214972,5596269200,38345362,2026-09-22
297090,4550,124078500000,105666,480774493,27270000,2026-09-22
900120,1040,17336446400,0,0,16669660,2026-09-22
359090,2315,26608941045,17722,40446373,11494143,2026-09-22
115530,2975,25531613625,35608,103277750,8582055,2026-09-22
388210,84800,818696342400,99327,8549903800,9654438,2026-09-22
115480,2280,27644797080,6980,15884275,12124911,2026-09-22
376290,2830,49970725000,6912,19504424,17657500,2026-09-22
189330,11280,105832163520,133003,1520184410,9382284,2026-09-22
096530,34200,1598316548400,210566,7182381250,46734402,2026-09-22
101240,3325,37762197900,5184,17115800,11357052,2026-09-22
060590,3040,73510300800,31383,95370695,24181020,2026-09-22
260930,2350,45452738850,8964,20974765,19341591,2026-09-22
413630,4250,154855571250,1057758,4559820119,36436605,2026-09-22
013990,4800,157860172800,49138,235762350,32887536,2026-09-22
175140,2295,57247060635,16571,37888702,24944253,2026-09-22
123860,13350,161847590250,10504,139379855,12123415,2026-09-22
025980,5470,532236415300,2889184,15782017150,97300990,2026-09-22
0015N0,11430,143754218460,791937,9193679230,12576922,2026-09-22
261780,3445,99753337320,1043303,3606339184,28955976,2026-09-22
290690,3900,206983939500,609639,2438927405,53072805,2026-09-22
125210,6160,101620226400,312974,1972119265,16496790,2026-09-22
357580,6970,82174641140,244672,1744880510,11789762,2026-09-22
052710,19350,361473480000,2837584,53961591850,18680800,2026-09-22
074430,1047,93541065624,88802,91686732,89341992,2026-09-22
092040,897,63377882139,229117,205755463,70655387,2026-09-22
083930,12080,177301167920,49078,589594125,14677249,2026-09-22
149950,12430,169889548290,402240,5199778375,13667703,2026-09-22
036010,7300,97038418200,209619,1565065920,13292934,2026-09-22
050860,1691,38047500000,20386,34198948,22500000,2026-09-22
136410,3715,40935978790,21102,78160220,11019106,2026-09-22
246720,6070,99434491000,0,0,16381300,2026-09-22
450950,5190,195287202480,23522,120950920,37627592,2026-09-22
067390,5990,252273384430,90491,544522210,42115757,2026-09-22
159010,24250,323367420750,207524,4810156100,13334739,2026-09-22
127710,1187,52286412270,46554,56812548,44049210,2026-09-22
154030,1650,19902080550,17916,29341644,12061867,2026-09-22
227610,1017,19703938707,27916,28726486,19374571,2026-09-22
331740,6260,61041203660,27121,170707820,9750991,2026-09-22
143160,15930,170712092700,2714,43012680,10716390,2026-09-22
054800,14610,151180715160,2316,33843240,10347756,2026-09-22
332370,5250,69687061500,2648,13971860,13273726,2026-09-22
066430,2095,82026532220,472086,1008207050,39153476,2026-09-22
339950,2370,106523572350,39222,92970785,44946655,2026-09-22
469750,991,34146372671,0,0,34456481,2026-09-22
460470,2585,39083571450,27050,70564827,15119370,2026-09-22
099190,16100,476135169300,25085,400531410,29573613,2026-09-22
461300,18560,247477796480,14385,267186580,13333933,2026-09-22
289010,1168,16288059008,198680,230911014,13945256,2026-09-22
214430,69600,508582164000,38359,2611562450,7307215,2026-09-22
040910,4115,74787141625,10888,45058456,18174275,2026-09-22
368600,956,24660416740,0,0,25795415,2026-09-22
456010,22250,322677287500,926747,20823306825,14502350,2026-09-22
052860,6840,122209281360,35774,249226000,17866854,2026-09-22
464500,1684,23564654892,71095,120709502,13993263,2026-09-22
212710,6830,66353299740,100413,692069400,9714978,2026-09-22
038880,3020,22693557460,34648,109576142,7514423,2026-09-22
307180,5750,212265137000,283191,1665738835,36915676,2026-09-22
493280,15920,236197860080,478429,7335536880,14836549,2026-09-22
461030,2685,38488178145,16613,44254320,14334517,2026-09-22
451220,8160,64256825760,46154,385926490,7874611,2026-09-22
078860,3350,20693579800,280453,929896666,6177188,2026-09-22
090150,6040,25292675160,13261,78833910,4187529,2026-09-22
031310,997,29657411047,39763,39286221,29746651,2026-09-22
462980,1620,29539787940,74167,119136983,18234437,2026-09-22
185490,1930,83433483120,65480,126651560,43229784,2026-09-22
059100,6920,48930351200,38119,263902240,7070860,2026-09-22
262840,2705,28583605160,5551,14883405,10566952,2026-09-22
175250,1780,109890644260,320248,569199420,61736317,2026-09-22
052460,5960,87063298560,154462,914399535,14607936,2026-09-22
119830,6270,166396620720,96682,600438795,26538536,2026-09-22
052770,312,4545457488,0,0,14568774,2026-09-22
124500,29300,679892641100,184224,5506002375,23204527,2026-09-22
010280,5080,66165765560,12360,62595530,13024757,2026-09-22
232830,2765,45715752390,1558918,4607363157,16533726,2026-09-22
372800,3115,21920843735,46315,141310758,7037189,2026-09-22
084850,8110,183958594740,26350,213107230,22682934,2026-09-22
309710,21000,268443021000,0,0,12783001,2026-09-22
114840,8310,138622309350,8794,73467605,16681385,2026-09-22
027360,3970,480947261820,3114178,12397654616,121145406,2026-09-22
032080,1010,21705939290,0,0,21491029,2026-09-22
013310,2285,88673039870,57270,131403527,38806582,2026-09-22
059120,7300,133663481800,601991,4416654110,18310066,2026-09-22
0007C0,20650,165826190600,1509486,33095293260,8030324,2026-09-22
158430,5380,131713654960,918238,5019763620,24482092,2026-09-22
297570,3905,27039168915,10149,39747075,6924243,2026-09-22
200350,2470,24690181750,31388,78643785,9996025,2026-09-22
321820,2850,44435421600,79860,229300620,15591376,2026-09-22
001540,10030,130815472600,14417,144046450,13042420,2026-09-22
053800,70800,787756624800,119576,8442223450,11126506,2026-09-22
065660,14560,145688816000,19511,281006760,10006100,2026-09-22
260660,2320,35558688720,33691,77839320,15327021,2026-09-22
354320,37450,239357218450,128115,4725823800,6391381,2026-09-22
361570,1670,48001295970,13506,22565142,28743291,2026-09-22
131370,1450,77237270350,51127,75238070,53267083,2026-09-22
140670,10430,133919531200,47655,505493705,12839840,2026-09-22
061040,7430,67228296890,5742,43848010,9048223,2026-09-22
148250,2035,27697782640,43906,88725970,13610704,2026-09-22
476830,25250,708399759000,200236,5157627100,28055436,2026-09-22
347860,1473,62092322031,112733,168634309,42153647,2026-09-22
196170,249500,17378955683500,276847,69822092250,69655133,2026-09-22
123750,1787,24695015833,8507,15328468,13819259,2026-09-22
459550,2065,52080871465,791220,1659896735,25220761,2026-09-22
085810,1458,20611677474,14026,20419772,14136953,2026-09-22
043100,520,10457241600,0,0,20110080,2026-09-22
117670,11340,75544154280,69807,791266455,6661742,2026-09-22
314140,6000,51998166000,13039,77019700,8666361,2026-09-22
293780,6270,176145649350,41199,263318175,28093405,2026-09-22
310200,1931,100726436316,143243,273153245,52162836,2026-09-22
179530,1783,52517321793,356469,680821951,29454471,2026-09-22
397810,6340,32719281800,11551,72319010,5160770,2026-09-22
0011A0,12080,112751579200,373888,4664576300,9333740,2026-09-22
052790,3995,43643565265,12511,50006520,10924547,2026-09-22
290740,12740,128228240140,48182,616773755,10065011,2026-09-22
238090,1884,57443988960,15617,29125614,30490440,2026-09-22
138360,1691,148763922394,372247,632505960,87973934,2026-09-22
092600,2800,14046768400,1206902,3413413243,5016703,2026-09-22
129890,923,42038590646,69333,64349627,45545602,2026-09-22
174900,19220,383479919380,133396,2610534405,19952129,2026-09-22
109960,1884,28509126972,859,1576616,15132233,2026-09-22
270520,2415,55928777310,563953,1368983687,23158914,2026-09-22
255440,7060,92189480000,35588,250009100,13058000,2026-09-22
030960,4870,77822600000,28295,136466440,15980000,2026-09-22
102120,7770,138156450810,252442,1990206890,17780753,2026-09-22
238120,2885,41019720490,12987,37899312,14218274,2026-09-22
019990,5390,52585314320,156680,851742740,9756088,2026-09-22
435570,7090,54004409470,1016,7124540,7616983,2026-09-22
270660,13360,169546188880,20601,276990670,12690583,2026-09-22
038680,3680,73278522560,56017,208008985,19912642,2026-09-22
217480,499,54756837359,0,0,109733141,2026-09-22
121890,2735,36352104810,13522,37178255,13291446,2026-09-22
304360,20100,250870672800,18621,377821805,12481128,2026-09-22
389500,43800,291860073600,183217,8054666875,6663472,2026-09-22
042110,991,47894597924,195079,194576206,48329564,2026-09-22
065420,940,7283384140,0,0,7748281,2026-09-22
103230,2230,16056000000,27501,61272474,7200000,2026-09-22
260970,56200,162572774800,7090,397960300,2892754,2026-09-22
101490,43050,918466540950,214304,9363966650,21334879,2026-09-22
095910,575,20951064550,246164,141714979,36436634,2026-09-22
275630,3905,20516120240,3864,14794892,5253808,2026-09-22
031330,8250,824959302750,575845,4813192720,99995067,2026-09-22
060540,1400,36586107600,31061,43190061,26132934,2026-09-22
0008Z0,23250,219400113000,11196,262353875,9436564,2026-09-22
246250,1969,30220617614,0,0,15348206,2026-09-22
041510,81600,1868206704000,127540,10502309050,22894690,2026-09-22
460870,3070,61625043280,115997,349600059,20073304,2026-09-22
464080,9660,174011076540,100252,985975545,18013569,2026-09-22
109610,1888,92337171200,89832,171165708,48907400,2026-09-22
365330,1588,79671548000,348512,554291525,50171000,2026-09-22
306040,1599,14849983356,11797,18537655,9287044,2026-09-22
398120,2040,24156682440,22894,46526854,11841511,2026-09-22
472230,2100,8725500000,4703,9882305,4155000,2026-09-22
473000,2080,6884800000,15785,32832260,3310000,2026-09-22
473950,2045,9038900000,9784,20012120,4420000,2026-09-22
475660,3180,25216875300,29962,93124800,7929835,2026-09-22
096630,1783,28307483909,55498,97509552,15876323,2026-09-22
069510,13050,142375500000,9442,125963720,10910000,2026-09-22
488280,14520,157186056720,1051258,15793001805,10825486,2026-09-22
234300,3135,85296390300,156503,495436005,27207780,2026-09-22
039440,20800,322546577600,95634,1999363400,15507047,2026-09-22
098660,1652,20651612352,23342,37920269,12500976,2026-09-22
052020,7700,523471340700,218191,1661242610,67983291,2026-09-22
237690,90600,1891423402800,42996,3927619300,20876638,2026-09-22
458350,2990,25962768000,19151,57557717,8683200,2026-09-22
050760,1185,19356593430,28174,33251195,16334678,2026-09-22
288620,4150,28964161400,17353,72021530,6979316,2026-09-22
443670,5000,120052820000,519893,2633754639,24010564,2026-09-22
317830,4700,50636944600,78531,371574942,10773818,2026-09-22
058610,98800,2191123168000,200795,20002902500,22177360,2026-09-22
043340,662,31445000000,404778,273909741,47500000,2026-09-22
163280,3695,50263373210,78470,291341866,13603078,2026-09-22
200710,26200,352704583400,133186,3571254975,13462007,2026-09-22
475580,7560,103004244000,50132,377132025,13624900,2026-09-22
096690,6810,27395554020,69462,492168920,4022842,2026-09-22
298380,51100,2860959359300,457081,23717696600,55987463,2026-09-22
203400,676,60908481504,0,0,90101304,2026-09-22
003800,32700,362643000000,1700,55074300,11090000,2026-09-22
088800,2180,164604026120,330556,738420843,75506434,2026-09-22
241840,2300,21941986200,11510,26065920,9539994,2026-09-22
364950,3365,27917537425,10635,35671980,8296445,2026-09-22
453860,7870,50717609010,10256,81132910,6444423,2026-09-22
312610,89,1802863032,0,0,20256888,2026-09-22
172670,13130,117648200670,78980,1051466675,8960259,2026-09-22
481070,15680,224698320000,14680,230224460,14330250,2026-09-22
060900,3060,20023985160,10325,30792100,6543786,2026-09-22
445090,22100,241457041800,30564,676865900,10925658,2026-09-22
295310,58200,721945275600,194005,11472290400,12404558,2026-09-22
072990,3090,44799456540,54067,167129050,14498206,2026-09-22
044990,10670,82003484750,21221,229437400,7685425,2026-09-22
239610,5230,28200761450,2422,12568870,5392115,2026-09-22
0156T0,8340,64903222740,65828,553915180,7782161,2026-09-22
036170,2595,159243799470,465283,1256726902,61365626,2026-09-22
477340,2055,15433050000,144,295655,7510000,2026-09-22
148930,3115,31695788495,20118,63243865,10175213,2026-09-22
044780,1374,25426951338,16872,22975725,18505787,2026-09-22
357230,2155,88987440780,14794,31433705,41293476,2026-09-22
355690,4960,47469129440,24407,120469590,9570389,2026-09-22
071670,4945,49450000000,15270,76317100,10000000,2026-09-22
045660,8600,71036000000,9117,78620640,8260000,2026-09-22
224110,8470,43030869420,2296,19524570,5080386,2026-09-22
021080,2075,99600000000,228877,477634710,48000000,2026-09-22
200470,7820,342700207920,955846,7623156890,43823556,2026-09-22
262260,4525,68226411500,40872,188023478,15077660,2026-09-22
397030,17800,490546319600,113333,2046208260,27558782,2026-09-22
0009K0,21200,1377844413200,133603,2857079400,64992661,2026-09-22
230240,13690,182200210000,173556,2337498600,13309000,2026-09-22
159910,3120,32657342640,11126,34161715,10467097,2026-09-22
097780,1466,29749668474,1808,2689883,20293089,2026-09-22
038870,2155,30202215095,729247,1570966123,14014949,2026-09-22
448280,9240,273791631960,10248,93755910,29631129,2026-09-22
101360,7350,130727937900,39835,295410670,17786114,2026-09-22
128540,1077,28745625420,41964,46348077,26690460,2026-09-22
086520,80100,10875669775200,337516,27174426300,135776152,2026-09-22
247540,104300,10203714266200,274754,28736578500,97830434,2026-09-22
383310,22000,461448504000,99353,2176984525,20974932,2026-09-22
038110,1984,81680030080,111368,221694481,41169370,2026-09-22
073540,2670,30438000000,31724,83826415,11400000,2026-09-22
064850,18630,212574485160,38971,740222865,11410332,2026-09-22
036810,30200,653823627800,159839,4808614525,21649789,2026-09-22
173940,2030,31247400240,16406,33105389,15392808,2026-09-22
083500,11840,98347503680,65769,776869845,8306377,2026-09-22
317530,3200,55983622400,6927,22682240,17494882,2026-09-22
054940,3685,24448902665,48073,179902240,6634709,2026-09-22
950130,2200,77382434800,77393,169709450,35173834,2026-09-22
373110,998,17259805212,59059,58929867,17294394,2026-09-22
205100,1379,93136796746,682786,953954337,67539374,2026-09-22
356680,16540,472109357680,2544205,43307866225,28543492,2026-09-22
317770,2635,97487100270,233569,624646967,36997002,2026-09-22
373200,1696,42473329952,43729,74149993,25043237,2026-09-22
069920,1206,27369468108,182366,224907886,22694418,2026-09-22
092870,38000,495930286000,281428,10612926125,13050797,2026-09-22
317870,4880,43148447600,6462,31629345,8841895,2026-09-22
067570,1616,68146720000,43170,69949777,42170000,2026-09-22
0004V0,6360,70026042240,331134,2146419455,11010384,2026-09-22
236810,1702,28892175052,21333,35706538,16975426,2026-09-22
333620,4970,54659612700,32072,159068525,10997910,2026-09-22
101400,1670,25314935480,304573,499602040,15158644,2026-09-22
475230,10330,112583395390,86356,907212670,10898683,2026-09-22
481890,2070,13134150000,1145,2364975,6345000,2026-09-22
0054V0,1999,12426783500,2563,5090216,6216500,2026-09-22
0130H0,1994,15353800000,3938,7763780,7700000,2026-09-22
0197V0,1921,17385050000,622586,1196246769,9050000,2026-09-22
265740,7530,134512908000,575025,4430731690,17863600,2026-09-22
354200,1309,11697987147,207399,276140544,8936583,2026-09-22
455900,21200,326331197200,21478,460050550,15392981,2026-09-22
419080,4670,50771385390,65048,325813955,10871817,2026-09-22
183490,990,83793832650,0,0,84640235,2026-09-22
182400,3670,265496721770,0,0,72342431,2026-09-22
348370,20200,442602078800,450921,8251143350,21910994,2026-09-22
069410,2540,26021852960,24053,60787788,10244824,2026-09-22
227950,1217,41996490353,96972,119141169,34508209,2026-09-22
048830,1044,19547775612,102891,107119335,18723923,2026-09-22
096870,2340,19534317660,50477,118478305,8347999,2026-09-22
290650,46950,1266227602800,124256,5903488825,26969704,2026-09-22
156100,5740,128295618220,274851,1601232540,22351153,2026-09-22
0041J0,1978,8129580000,7915,15633627,4110000,2026-09-22
073110,5150,45813138250,1859,9582675,8895755,2026-09-22
083310,10630,189320650790,117923,1246409975,17810033,2026-09-22
037950,2700,45601658100,19256,51646323,16889503,2026-09-22
489500,22600,144441978800,18450,418628600,6391238,2026-09-22
170920,35300,372913647800,180155,6498006550,10564126,2026-09-22
058630,3880,72837587120,39945,154493326,18772574,2026-09-22
226590,14580,156250710720,100921,1478265285,10716784,2026-09-22
058970,16520,204233356880,27862,466446755,12362794,2026-09-22
169330,1574,28830828932,49040,79313157,18316918,2026-09-22
373170,1838,27779146020,28430,52062796,15113790,2026-09-22
179290,4525,146454692950,30579,138121255,32365678,2026-09-22
009780,6750,118800000000,7914,53462610,17600000,2026-09-22
123040,1647,103148808453,76251,126093024,62628299,2026-09-22
432980,2600,22338529200,18172,47029495,8591742,2026-09-22
007820,3430,79999327170,95569,332610310,23323419,2026-09-22
347890,4230,71965852920,20879,87368500,17013204,2026-09-22
413390,6100,68841672000,27195,165738680,11285520,2026-09-22
032790,1225,31458129850,135375,166750261,25680106,2026-09-22
033160,15680,385164429440,2188127,34701814785,24564058,2026-09-22
033310,1468,58679565408,46834,68352532,39972456,2026-09-22
259630,9000,110001564000,56211,508422005,12222396,2026-09-22
105550,1710,26781011100,25731,44208727,15661410,2026-09-22
060850,4400,35776400000,13426,59167195,8131000,2026-09-22
143540,1000,44599895000,115146,114929541,44599895,2026-09-22
265560,6460,69058562800,4403,28362150,10690180,2026-09-22
036000,2715,62538062055,12296,33387950,23034277,2026-09-22
250930,981,6474686328,126065,126887200,6600088,2026-09-22
053280,2800,70000000000,99804,282378290,25000000,2026-09-22
122640,31400,679851605000,382025,12239806225,21651325,2026-09-22
476040,6630,43663588800,77821,524107570,6585760,2026-09-22
900300,3015,62048992455,62878,191427171,20580097,2026-09-22
045060,2090,35408725660,6123,12829068,16941974,2026-09-22
192410,3740,94195299660,33116,126141961,25185909,2026-09-22
080520,2910,32948233470,12220,36268220,11322417,2026-09-22
039830,15780,169838404200,66185,1045087205,10762890,2026-09-22
322310,13840,129632941280,105318,1483359530,9366542,2026-09-22
046120,5810,196700065730,1382828,7958599725,33855433,2026-09-22
475830,25400,552524066400,1450215,37266782350,21752916,2026-09-22
014940,4540,206904420940,60791,277859475,45573661,2026-09-22
065500,1031,36850942272,57977,59606744,35742912,2026-09-22
010470,4940,59156747000,2155,10661930,11975050,2026-09-22
417860,7100,33419032600,19819,141398110,4706906,2026-09-22
352910,4795,60598260590,5173,24981080,12637802,2026-09-22
053980,2395,45463765285,34467,82383817,18982783,2026-09-22
036220,6490,92868109840,29561,192755040,14309416,2026-09-22
052420,9870,96153628830,22006,217054685,9742009,2026-09-22
052300,1621,26331731488,83665,134150158,16244128,2026-09-22
039200,36200,1384945971200,68511,2499850150,38258176,2026-09-22
226400,4130,85332412130,182904,757049763,20661601,2026-09-22
031510,1147,32116000000,98604,112946548,28000000,2026-09-22
342870,3580,19511705260,8235,29753243,5450197,2026-09-22
368970,2810,31583607580,68079,189955680,11239718,2026-09-22
138080,28300,350290551400,578279,16141314650,12377758,2026-09-22
080580,23000,485091965000,389292,9039383725,21090955,2026-09-22
067170,2450,67294363150,234972,582683874,27467087,2026-09-22
353590,1543,19867004510,5840,9083293,12875570,2026-09-22
173130,7170,93543211410,56053,402224655,13046473,2026-09-22
440320,2120,21157600000,15479,33211880,9980000,2026-09-22
049480,1878,59011235274,139981,266615035,31422383,2026-09-22
394280,9690,255297875700,251560,2456106455,26346530,2026-09-22
476060,14730,668857483200,163340,2427533705,45407840,2026-09-22
382150,3625,47293033250,88752,324269605,13046354,2026-09-22
244460,1651,13415218661,0,0,8125511,2026-09-22
226950,102200,2325105085800,181195,18649354800,22750539,2026-09-22
057540,602,35755349336,175811,105993274,59394268,2026-09-22
131030,5820,102703153800,28911,167075760,17646590,2026-09-22
082210,1777,62129837410,35516,63720178,34963330,2026-09-22
109080,9370,52809320000,29492,279474695,5636000,2026-09-22
380540,8450,206658126350,0,0,24456583,2026-09-22
153710,4570,67041708060,9911,45737000,14669958,2026-09-22
432430,2075,34254764000,13176,27082430,16508320,2026-09-22
338840,8000,123230904000,36057,289312605,15403863,2026-09-22
122990,6510,166968994290,38096,250602960,25648079,2026-09-22
232140,14310,1174068958500,7897833,116565186020,82045350,2026-09-22
112290,10300,208277227000,121881,1281825410,20221090,2026-09-22
065530,1254,59989803786,137354,173823178,47838759,2026-09-22
067900,5910,107559984690,24884,146907650,18199659,2026-09-22
007530,1781,39634785411,25792,46867715,22254231,2026-09-22
155650,3245,61571791710,97406,323910880,18974358,2026-09-22
273640,5240,57461840000,25593,135206410,10966000,2026-09-22
251370,7470,134558701110,48203,364000320,18013213,2026-09-22
209640,3700,105239640200,861437,3261998579,28443146,2026-09-22
096250,5450,64391101450,28755,156469600,11814881,2026-09-22
273060,3885,38185105560,24086,94216615,9828856,2026-09-22
019210,12620,469384847360,485014,6160830120,37193728,2026-09-22
122870,42500,794369582500,131351,5653135275,18691049,2026-09-22
079000,3840,27648000000,11223,43261240,7200000,2026-09-22
403490,2120,19475363040,11149,23801125,9186492,2026-09-22
032820,13420,2318769493040,5641883,76106554405,172784612,2026-09-22
041190,5980,477204000000,11535793,72772853010,79800000,2026-09-22
115440,9330,100710744360,714593,6940425820,10794292,2026-09-22
046970,7610,333508242390,1942894,15126360910,43824999,2026-09-22
082850,4520,43804743800,33033,149401320,9691315,2026-09-22
215360,6130,55980159190,8753,53449570,9132163,2026-09-22
072470,2390,45140744990,6471,15311850,18887341,2026-09-22
073560,1523,105448930289,58843,89699443,69237643,2026-09-22
037400,3470,18199001430,7453,26218885,5244669,2026-09-22
153490,3100,31917600000,13113,39553820,10296000,2026-09-22
101170,8500,114750000000,33030,285546170,13500000,2026-09-22
103840,1582,25891689096,13041,20596877,16366428,2026-09-22
101970,9670,143019387030,5818,56194950,14790009,2026-09-22
046940,2740,49523719000,90098,247876544,18074350,2026-09-22
065680,25750,237942128250,147693,3832644425,9240471,2026-09-22
018620,2885,20001653070,72304,206949185,6932982,2026-09-22
457550,14440,134565753520,77541,1127378870,9318958,2026-09-22
396470,6720,108326400000,60664,413226465,16120000,2026-09-22
307280,6000,42567762000,111691,665736370,7094627,2026-09-22
032940,9310,169378515110,343662,3204188335,18193181,2026-09-22
240810,130300,6395632300300,1374677,178814802150,49083901,2026-09-22
074600,28650,753151200000,188519,5415839425,26288000,2026-09-22
104830,34250,431824000000,48267,1689614175,12608000,2026-09-22
014190,1297,45907407087,91295,119119805,35395071,2026-09-22
217820,2255,107010030545,254429,579887714,47454559,2026-09-22
030530,26500,2046806496500,1212583,32275386950,77237981,2026-09-22
012620,6970,30668000000,7316,50297250,4400000,2026-09-22
136150,8800,73753064000,65085,568682900,8381030,2026-09-22
382840,4980,76052473380,46874,238787590,15271581,2026-09-22
336570,4915,438814375090,291115,1440984095,89280646,2026-09-22
376980,3165,30910637010,4071,12851747,9766394,2026-09-22
008370,5350,64200000000,15501,82812320,12000000,2026-09-22
101160,30650,506061935450,43035,1327686550,16510993,2026-09-22
336060,3030,29182051200,9727,29168475,9631040,2026-09-22
095270,4115,59142450690,32599,136073790,14372406,2026-09-22
289930,7980,104929099800,75468,603855190,13149010,2026-09-22
065950,1131,31929602562,22224,25034062,28231302,2026-09-22
076080,1109,25056919004,22886,25548961,22594156,2026-09-22
043590,1659,22509944079,75626,123761698,13568381,2026-09-22
196700,1327,19061219088,29255,38806525,14364144,2026-09-22
069080,11140,344967645500,65306,722262570,30966575,2026-09-22
053580,6900,89385608400,7481,51907920,12954436,2026-09-22
479960,6030,42969780000,8051,48507860,7126000,2026-09-22
044340,2775,49598754375,65475,185054264,17873425,2026-09-22
330350,7100,93717728000,120945,864901580,13199680,2026-09-22
348350,9600,93826560000,60947,593653660,9773600,2026-09-22
112040,14970,508208790510,84445,1277242680,33948483,2026-09-22
101730,4640,388847247040,353701,1660893384,83803286,2026-09-22
123420,6470,67294735270,13517,87095610,10401041,2026-09-22
065370,2920,21561145680,10815,31160615,7383954,2026-09-22
038620,1983,30034305819,45767,91771769,15145893,2026-09-22
036090,1400,59570719600,1095760,1590829598,42550514,2026-09-22
459100,3980,53595078000,6927,27519390,13466100,2026-09-22
136540,10750,132007269500,10208,109650200,12279746,2026-09-22
097800,2470,67406411150,233014,589055388,27290045,2026-09-22
192390,1864,22306946544,24637,45902816,11967246,2026-09-22
335870,5130,17185982220,1142,5939510,3350094,2026-09-22
900340,1287,45794976084,56226,72609522,35582732,2026-09-22
036200,9290,284870631670,233014,2194136040,30664223,2026-09-22
018000,1245,363430535865,1454483,1791717430,291912077,2026-09-22
203450,2700,38013318900,23096,62265202,14079007,2026-09-22
011320,3850,74384675750,23427,89137040,19320695,2026-09-22
086390,12290,259738408540,239365,3014601925,21134126,2026-09-22
241690,2510,61421472060,12634,31523625,24470706,2026-09-22
142210,6180,128243670540,154659,960347005,20751403,2026-09-22
389680,2785,23173130005,139240,381321950,8320693,2026-09-22
088340,6690,29197621920,16624,112772270,4364368,2026-09-22
048430,6220,71654400000,70067,441088700,11520000,2026-09-22
206650,8320,305779194240,81082,678354955,36752307,2026-09-22
089850,4220,62161439780,5103,21208370,14730199,2026-09-22
084440,5210,19935981640,2763,14533935,3826484,2026-09-22
264450,10650,156187500450,105570,1137485295,14665493,2026-09-22
078070,8680,148070757240,24967,215516935,17058843,2026-09-22
024800,4470,157457403900,38055,172073865,35225370,2026-09-22
054930,18410,55230000000,37415,699165470,3000000,2026-09-22
069330,1206,20444804244,21898,26539812,16952574,2026-09-22
049520,3760,115968270000,40191,151476630,30842625,2026-09-22
473050,2100,14721000000,16199,34018037,7010000,2026-09-22
474490,2075,11433250000,178,369310,5510000,2026-09-22
493790,2020,10726200000,1633,3292735,5310000,2026-09-22
263770,1654,39200084488,2076,3423774,23700172,2026-09-22
388720,68300,804665863500,16246,1124794750,11781345,2026-09-22
023410,3240,250487196120,182227,595287172,77310863,2026-09-22
056080,12220,467237638920,376352,4709118230,38235486,2026-09-22
468760,2080,8819200000,0,0,4240000,2026-09-22
488060,2045,9652400000,207,421770,4720000,2026-09-22
0105P0,1986,11240760000,250,497047,5660000,2026-09-22
084370,149400,3423656674800,151003,22450399300,22916042,2026-09-22
240600,1156,9594117960,64365,75811112,8299410,2026-09-22
179900,2320,50040820080,222311,526829837,21569319,2026-09-22
263050,959,35324626904,0,0,36834856,2026-09-22
191410,1833,28430145276,23200,42186366,15510172,2026-09-22
372170,20000,159580960000,5212,105154880,7979048,2026-09-22
146060,1070,25696686650,54347,57615686,24015595,2026-09-22
039020,2465,55671307685,18624,46005800,22584709,2026-09-22
067920,5800,63777490200,40138,231745860,10996119,2026-09-22
044960,3085,39000209055,8410,25898700,12641883,2026-09-22
303530,3095,22715130405,5663,17150970,7339299,2026-09-22
302430,7170,70289001360,62934,457878280,9803208,2026-09-22
462350,6510,220569033720,203019,1343542655,33881572,2026-09-22
274400,2220,20172014460,22862,50318190,9086493,2026-09-22
296640,6240,32312292480,9542,58986070,5178252,2026-09-22
215790,687,27674523363,1565371,1100895323,40283149,2026-09-22
344860,1377,20696310000,50736,70306690,15030000,2026-09-22
333050,5700,28069194000,8372,47118010,4924420,2026-09-22
469610,16200,144874980000,174213,2901823780,8942900,2026-09-22
088390,8040,75462185760,5942,47693230,9385844,2026-09-22
272290,20900,416693938100,114005,2401850000,19937509,2026-09-22
053350,4540,99975635100,46649,208396970,22021065,2026-09-22
452400,5630,51072139640,3152,17613630,9071428,2026-09-22
264850,5660,171467503920,211614,1213360225,30294612,2026-09-22
054210,6820,172486052200,150010,1018980065,25291210,2026-09-22
009730,1998,15935054994,95300,187688081,7975503,2026-09-22
065440,1418,38675978360,170368,244539864,27275020,2026-09-22
424870,3145,287460136005,853385,2697374561,91402269,2026-09-22
115610,1613,19063674397,25226,40597173,11818769,2026-09-22
478110,2055,10316100000,44,90440,5020000,2026-09-22
131400,766,45647381612,0,0,59591882,2026-09-22
351330,3510,29092705200,290670,1087190747,8288520,2026-09-22
080010,7460,73369629660,2140,15639940,9835071,2026-09-22
086890,3530,143935714700,31877,113070300,40774990,2026-09-22
047560,7600,89323423200,24869,191164310,11753082,2026-09-22
239340,2245,12113853870,6285,14200100,5395926,2026-09-22
067010,2525,27493462500,33941,85297484,10888500,2026-09-22
456070,5900,65074150300,520631,3213438755,11029517,2026-09-22
102710,43050,615091339800,54939,2402634900,14287836,2026-09-22
041520,12440,151627801200,33460,421699250,12188730,2026-09-22
063760,2430,22660065900,7476,17777155,9325130,2026-09-22
123570,1635,36421387530,897,1464362,22276078,2026-09-22
083470,898,19163615442,61598,55817670,21340329,2026-09-22
091120,4660,79839481760,33624,159278349,17132936,2026-09-22
039030,473500,5833306925000,80702,38581684250,12319550,2026-09-22
294090,1490,62295566450,0,0,41809105,2026-09-22
088290,2115,16869392280,4000,8458530,7976072,2026-09-22
353810,6260,207092819200,58977,368343980,33081920,2026-09-22
261520,5070,52108446000,26557,136263730,10277800,2026-09-22
099750,7210,98482637330,213953,1608222810,13659173,2026-09-22
377330,2550,20756882700,1874,4926210,8139954,2026-09-22
035810,4585,295806708225,155753,713422900,64516185,2026-09-22
092130,14240,171500864000,3337,47250975,12043600,2026-09-22
134060,5300,25277025000,2459,12923385,4769250,2026-09-22
001840,2215,62588831935,0,0,28256809,2026-09-22
041830,54200,730663804400,146623,8039803800,13480882,2026-09-22
352940,2180,23691651400,17883,39093952,10867730,2026-09-22
079950,1308,18049222800,50042,65847556,13799100,2026-09-22
0007J0,13800,108546853200,2771404,38269887345,7865714,2026-09-22
389470,25000,332692700000,75412,1892649100,13307708,2026-09-22
277410,5600,21510440000,3770,21400445,3841150,2026-09-22
060150,2760,125755569120,82807,228589578,45563612,2026-09-22
033230,989,49959710820,147233,148656631,50515380,2026-09-22
450520,1924,28291608072,5259,9879277,14704578,2026-09-22
465480,3920,39740066240,16028,63162355,10137772,2026-09-22
950260,23450,1159476034150,5185167,116259287875,49444607,2026-09-22
037330,700,30719656800,56184,39080864,43885224,2026-09-22
100030,19770,64919025780,10227,204960210,3283714,2026-09-22
211050,10010,493129206570,75265,753229315,49263657,2026-09-22
083640,5370,24657257160,4601,24768965,4591668,2026-09-22
064090,798,39694710510,0,0,49742745,2026-09-22
216050,4915,59956227130,6757,33189610,12198622,2026-09-22
049070,18130,285407899000,76355,1390375480,15742300,2026-09-22
119610,14470,165156919090,39310,564726570,11413747,2026-09-22
017250,1063,22371331421,12384,13091230,21045467,2026-09-22
051370,7130,166324875360,2331316,16994685150,23327472,2026-09-22
064290,55600,720441336800,695711,38878326550,12957578,2026-09-22
189300,68100,731223545700,61132,4237672950,10737497,2026-09-22
287840,17100,256875516000,72000,1255943530,15021960,2026-09-22
048530,2845,87887051510,34223,97884485,30891758,2026-09-22
070590,2130,29563379730,18556,39338679,13879521,2026-09-22
115310,9480,140603084520,3963,37242530,14831549,2026-09-22
039290,4005,34819381890,9420,37704295,8693978,2026-09-22
071200,11990,292513531420,53913,646123175,24396458,2026-09-22
101930,6390,291988947690,9346,59621545,45694671,2026-09-22
333430,3775,115993469925,61902,233889681,30726747,2026-09-22
068330,1026,45365759640,28374,29105205,44216140,2026-09-22
178780,2535,47250359325,4176,10458106,18639195,2026-09-22
019540,5000,67567500000,22685,113455125,13513500,2026-09-22
094820,12210,184111036890,98945,1207580790,15078709,2026-09-22
950140,8200,162916501200,6842,55813250,19867866,2026-09-22
049550,3450,67641655650,827,2891075,19606277,2026-09-22
389020,16120,111309921840,108670,1805449900,6905082,2026-09-22
254120,910,27986385700,65281,59519559,30754270,2026-09-22
043910,3200,36285264000,14424,46033610,11339145,2026-09-22
234920,5310,71849132100,0,0,13530910,2026-09-22
289220,989,22066786569,12885,12728289,22312221,2026-09-22
049630,7030,164256927170,203570,1463205070,23365139,2026-09-22
417840,15880,363165770280,1407419,22428769460,22869381,2026-09-22
110020,2030,18389286860,3869,7989335,9058762,2026-09-22
208140,2255,73702974730,17974,40412877,32684246,2026-09-22
040420,5820,91243352640,4585,26649675,15677552,2026-09-22
045510,1121,35289031797,14172,15905418,31479957,2026-09-22
217190,7260,95496304860,75635,561305245,13153761,2026-09-22
095700,2725,124097846150,439623,1211974852,45540494,2026-09-22
122310,3385,49264761940,3297,11011255,14553844,2026-09-22
361390,12840,125015132040,16196,208671150,9736381,2026-09-22
225220,1414,27134689694,18873,26494836,19190021,2026-09-22
123330,24300,193638924000,237120,5730906400,7968680,2026-09-22
381620,6070,79625774400,36739,225903410,13117920,2026-09-22
159580,2060,41267230160,51122,106955860,20032636,2026-09-22
147830,7100,142000000000,148908,1060909815,20000000,2026-09-22
033100,47600,764570668400,96429,4653374150,16062409,2026-09-22
079370,11150,345839438500,225278,2581119975,31016990,2026-09-22
054950,23000,278067516000,8615,199421600,12089892,2026-09-22
090470,4250,74275524500,34841,151283910,17476594,2026-09-22
023440,521,46964378481,0,0,90142761,2026-09-22
137950,3580,79718774120,95390,337945560,22267814,2026-09-22
033320,3090,59063594880,63089,194698587,19114432,2026-09-22
417500,3990,130811128560,165195,667659969,32784744,2026-09-22
204270,25050,1449104073300,1955632,49850470100,57848466,2026-09-22
127120,32750,1218027847500,135842,4492885875,37191690,2026-09-22
026040,2215,36555894850,120178,268571960,16503790,2026-09-22
452160,2975,28612142825,6772,20083895,9617527,2026-09-22
126880,2645,61279685335,133931,353620320,23168123,2026-09-22
322510,4800,123484281600,73308,352255226,25725892,2026-09-22
033050,807,25694337696,19782,16147672,31839328,2026-09-22
094970,2640,44215353600,44976,119624002,16748240,2026-09-22
418550,4800,153684830400,29979,143336959,32017673,2026-09-22
060230,1183,23121992894,91209,109944333,19545218,2026-09-22
420570,9210,53855318430,26250,241859250,5847483,2026-09-22
089790,5890,60758371570,136605,810449105,10315513,2026-09-22
0010V0,8660,44212764000,2789,24017050,5105400,2026-09-22
412540,3935,81063616775,0,0,20600665,2026-09-22
199820,7680,170649600000,197909,1530094025,22220000,2026-09-22
038010,5350,48150000000,62688,326821060,9000000,2026-09-22
080220,75600,2603878174800,1444233,112134287050,34442833,2026-09-22
216080,7110,265111273890,136051,990387715,37287099,2026-09-22
337930,2330,69146186750,96542,227198210,29676475,2026-09-22
229000,1957,45848918905,0,0,23428165,2026-09-22
082270,10480,476636551760,88292,921986635,45480587,2026-09-22
153890,10420,125564178100,306039,3235874580,12050305,2026-09-22
034940,2675,16574206375,27488,74126104,6195965,2026-09-22
067000,1142,79829735332,246930,278406399,69903446,2026-09-22
309930,858,16521552762,46114,39150591,19255889,2026-09-22
018700,1308,21872716080,9992,13098188,16722260,2026-09-22
033340,460,44597256680,0,0,96950558,2026-09-22
036930,203500,9458908123500,894576,184636479250,46481121,2026-09-22
072020,9150,84699546150,10281,93662330,9256781,2026-09-22
000440,12560,78212752800,13457,168490500,6227130,2026-09-22
051980,1035,114979918815,0,0,111091709,2026-09-22
221800,3510,57279167010,69963,247725235,16318851,2026-09-22
228760,10900,270965301800,159534,1758889235,24859202,2026-09-22
314130,4230,221226567750,807851,3362613330,52299425,2026-09-22
389030,1945,76617967095,87230,171431728,39392271,2026-09-22
263860,17770,161344492000,237679,4172428300,9079600,2026-09-22
303030,1454,13314970104,40911,60755567,9157476,2026-09-22
208350,3000,24304710000,5115,15398710,8101570,2026-09-22
446840,3150,34702340400,9407,29545425,11016616,2026-09-22
144510,13950,220414798800,56306,786540905,15800344,2026-09-22
340450,7290,172414280970,808005,5841897010,23650793,2026-09-22
306620,2050,98281477200,427939,889827539,47942184,2026-09-22
358570,8770,565805372620,339364,3083349895,64516006,2026-09-22
382480,1609,63325638260,56929,91200062,39357140,2026-09-22
382800,5160,164248171560,691100,3652300715,31831041,2026-09-22
051160,11570,179039155100,173405,2055170020,15474430,2026-09-22
053050,1857,55686967629,58257,108415213,29987597,2026-09-22
388610,5680,30248175440,7021,40218810,5325383,2026-09-22
493330,11280,90685706640,34132,388527290,8039513,2026-09-22
119850,54900,903045104100,776165,43569365700,16448909,2026-09-22
065060,3035,18180821510,13091,41115684,5990386,2026-09-22
204840,4460,69173712460,35705,157057225,15509801,2026-09-22
311320,8240,103943974400,15656,131810610,12614560,2026-09-22
456160,31900,530478689400,97411,3107268975,16629426,2026-09-22
388050,10760,201313542120,2726581,29970606045,18709437,2026-09-22
018120,16710,110638915200,241,4015120,6621120,2026-09-22
109820,1588,32385100320,33320,52772813,20393640,2026-09-22
086060,4780,41158605860,11814,56532940,8610587,2026-09-22
036890,12030,265052454690,38727,469187120,22032623,2026-09-22
363250,4160,35394869120,4208,17523770,8508382,2026-09-22
007370,3945,55760945715,7330,28820600,14134587,2026-09-22
285800,4645,16693117390,149135,696695782,3593782,2026-09-22
085660,7810,726117927260,203089,1605825675,92972846,2026-09-22
351870,2235,24944034870,2381,5315541,11160642,2026-09-22
094850,4320,60480000000,18860,81202325,14000000,2026-09-22
004650,9280,85291412800,8102,74930040,9190885,2026-09-22
0011T0,5530,259631238230,206176,1154975710,46949591,2026-09-22
278280,34450,422116711250,65001,2261021975,12253025,2026-09-22
362320,4295,88876078515,35231,152702510,20692917,2026-09-22
013720,2235,27190178580,11089,24610635,12165628,2026-09-22
066360,1501,35987986507,16178,24408374,23976007,2026-09-22
047820,3230,78986193900,17785,57362985,24453930,2026-09-22
291650,1759,53684013339,21694,38252698,30519621,2026-09-22
094360,11630,248361836620,142792,1690784570,21355274,2026-09-22
0082N0,11920,158542913600,48522,574515155,13300580,2026-09-22
016920,1095,28140111540,41840,44223039,25698732,2026-09-22
284620,1087,35965517911,0,0,33086953,2026-09-22
293490,8890,948965405850,200722,1782862085,106745265,2026-09-22
140430,2500,26723767500,164025,434414219,10689507,2026-09-22
042000,15000,362672535000,60768,914327080,24178169,2026-09-22
313760,468,5244963048,0,0,11207186,2026-09-22
071850,1225,29719649050,5036,5969934,24260938,2026-09-22
198080,2135,45977619975,22858,48424976,21535185,2026-09-22
210120,1912,18536822792,732471,1456722595,9694991,2026-09-22
050110,1079,31533584017,0,0,29224823,2026-09-22
452300,2425,34361049625,115047,279958845,14169505,2026-09-22
451760,8150,134538358100,85396,707841510,16507774,2026-09-22
900310,2055,26321128425,5833,12082700,12808335,2026-09-22
078340,35000,423195955000,83879,2931181425,12091313,2026-09-22
291230,2570,61708863670,32813,84163940,24011231,2026-09-22
063080,11890,78416832880,7608,91652320,6595192,2026-09-22
307930,6420,100216200000,78701,508714955,15610000,2026-09-22
079190,1382,13251829396,16412,22524155,9588878,2026-09-22
263700,2110,40963962000,21762,45174845,19414200,2026-09-22
214370,39350,2113685250000,55039,2182588025,53715000,2026-09-22
221980,9590,38693732000,1247,11867240,4034800,2026-09-22
038530,4290,22213722960,16782,71989355,5178024,2026-09-22
192250,7890,55759616250,37089,293554495,7067125,2026-09-22
431190,3850,28822801700,117685,455604505,7486442,2026-09-22
115500,9650,115800000000,136755,1355284680,12000000,2026-09-22
089150,1646,28228900000,36751,60923664,17150000,2026-09-22
025880,2305,38530052690,59760,137793459,16715858,2026-09-22
093320,141800,691984000000,10380,1443921600,4880000,2026-09-22
093640,4760,156336088160,11530,54985705,32843716,2026-09-22
487400,6860,70389650520,487460,3607937730,10260882,2026-09-22
073010,3405,136851206250,346980,1183865281,40191250,2026-09-22
105330,7890,126394012800,29460,235355850,16019520,2026-09-22
053080,8640,112318332480,47554,417336395,12999807,2026-09-22
199430,18180,203562241740,78852,1454132505,11197043,2026-09-22
432470,10180,89294440080,65891,676776190,8771556,2026-09-22
272110,29750,238755501250,94412,2858178800,8025395,2026-09-22
039420,2665,61153739010,4080,10861165,22946994,2026-09-22
083550,3310,44870906150,5224,17060755,13556165,2026-09-22
032500,19510,823160086510,234800,4524480990,42191701,2026-09-22
225430,698,4527001150,0,0,6485675,2026-09-22
102370,3005,77794311450,70290,209811701,25888290,2026-09-22
068100,2325,27731521200,10940,24856625,11927536,2026-09-22
106080,1650,9506998050,0,0,5761817,2026-09-22
455180,1274,18739183190,33494,41791088,14708935,2026-09-22
036030,4900,240193790900,40026,196589005,49019141,2026-09-22
064820,7830,241635483450,31053,243724190,30860215,2026-09-22
024880,3835,76476128040,46256,179609799,19941624,2026-09-22
042040,5110,44308764010,4280,21910950,8670991,2026-09-22
054410,3400,19469909600,6891,23626200,5726444,2026-09-22
288180,7430,54931936660,28039,212018290,7393262,2026-09-22
258610,1186,43271284718,19657,23498816,36485063,2026-09-22
274090,12470,171764361290,2832861,37761574605,13774207,2026-09-22
089010,22850,383195116950,90339,2094031375,16770027,2026-09-22
220260,3860,123798132300,69137,268995311,32072055,2026-09-22
052400,37700,549036070700,35439,1349459700,14563291,2026-09-22
402030,12960,162226644480,18114,238772510,12517488,2026-09-22
391710,1256,53531310320,126993,161211467,42620470,2026-09-22
047770,3765,142477396530,1139771,4330770107,37842602,2026-09-22
080530,2465,27291701060,10594,25738780,11071684,2026-09-22
104540,3970,53227417700,8596,34300065,13407410,2026-09-22
027050,1302,52080000000,92699,121252589,40000000,2026-09-22
190650,6550,41841400000,1971,12862205,6388000,2026-09-22
123410,5870,163427045680,76443,447465090,27841064,2026-09-22
036690,2885,125692107675,0,0,43567455,2026-09-22
049430,23000,208104000000,26135,599269100,9048000,2026-09-22
183300,30950,1589693361250,697800,22243590625,51363275,2026-09-22
041960,9870,736481643870,119451,1173340525,74618201,2026-09-22
089890,27100,449452470200,138448,3840776150,16584962,2026-09-22
360350,7350,39969079500,30343,219527980,5437970,2026-09-22
043710,3010,52110631020,4154,12762515,17312502,2026-09-22
222040,7350,151615800000,95085,690853255,20628000,2026-09-22
241710,127400,1360632000000,68370,8743092200,10680000,2026-09-22
439960,11460,371884173960,547006,6364149210,32450626,2026-09-22
355150,20500,159845675000,130765,2724641150,7797350,2026-09-22
166480,2070,109441678320,74305,156074280,52870376,2026-09-22
045970,3500,92102066000,79317,283438185,26314876,2026-09-22
196450,3875,35123000000,9341,36276835,9064000,2026-09-22
384470,2550,45764064600,108097,273770385,17946692,2026-09-22
102940,13800,180650321400,25608,354668710,13090603,2026-09-22
950160,15320,1301742851200,513023,7913894540,84970160,2026-09-22
056360,5830,57115344000,69815,409978085,9796800,2026-09-22
282880,10990,128517961180,29110,317312470,11694082,2026-09-22
448710,10950,57873947400,17247,191596500,5285292,2026-09-22
126730,23050,202151404300,587760,14058979375,8770126,2026-09-22
015710,2910,51013755000,3826,11205290,17530500,2026-09-22
052330,10570,187739995730,10256,107715320,17761589,2026-09-22
322780,1873,28111976872,14133,26245182,15009064,2026-09-22
215380,2155,36267736280,22338,47195350,16829576,2026-09-22
200130,7670,220708529860,36909,284142550,28775558,2026-09-22
294570,26050,262889618600,179611,4852011900,10091732,2026-09-22
464490,4440,51095355720,36741,165535390,11507963,2026-09-22
317690,2175,43793688075,70353,153603580,20135029,2026-09-22
070300,1448,51439807592,258491,371595133,35524729,2026-09-22
432720,10700,151807020400,281587,3073214495,14187572,2026-09-22
365270,9220,204287466240,84514,784034570,22156992,2026-09-22
348080,3815,48937877695,241697,955758269,12827753,2026-09-22
060280,7930,327190134700,199137,1616942510,41259790,2026-09-22
372320,20900,318247476800,17546,368973925,15227152,2026-09-22
051780,2550,19380061200,27381,69829973,7600024,2026-09-22
115180,22500,844518397500,90826,2012633175,37534151,2026-09-22
494120,8000,122078112000,57596,458088385,15259764,2026-09-22
445680,47200,813005792800,28415,1350573275,17224699,2026-09-22
182360,6350,98708121100,12455,78772150,15544586,2026-09-22
405100,14020,172296000020,30285,429397635,12289301,2026-09-22
066310,8050,74636549050,48660,393671335,9271621,2026-09-22
377460,4080,253187202960,0,0,62055687,2026-09-22
016600,2390,33368226390,14192,34430725,13961601,2026-09-22
355390,1403,22271704632,262847,365469455,15874344,2026-09-22
096240,8450,86512621000,8499,71692590,10238180,2026-09-22
040350,3800,75453544800,102181,390906411,19856196,2026-09-22
110790,2960,69355641600,1009,2999710,23430960,2026-09-22
900250,1238,44338971238,60155,74846781,35815001,2026-09-22
045520,3200,20800000000,41979,134386790,6500000,2026-09-22
214150,30550,1992949382450,90066,2769090975,65235659,2026-09-22
466100,22900,708840623100,161827,3773619600,30953739,2026-09-22
237880,12080,218301944240,45406,550032730,18071353,2026-09-22
139670,2115,29861283150,6747,14152860,14118810,2026-09-22
475430,4335,77371556850,180860,795534459,17848110,2026-09-22
487720,2040,8629200000,10873,22094825,4230000,2026-09-22
489480,2200,14520000000,0,0,6600000,2026-09-22
466690,2010,10240950000,1504,3020200,5095000,2026-09-22
0131D0,1966,12405460000,11056,21638830,6310000,2026-09-22
054780,1331,26164522483,15406,20381923,19657793,2026-09-22
256940,5970,119866537590,23780,141085790,20078147,2026-09-22
219130,76900,485568901000,17496,1341038500,6314290,2026-09-22
336680,2985,116849490630,8567,25542336,39145558,2026-09-22
360070,8980,73564546140,13074,116715570,8192043,2026-09-22
065130,2765,44251060000,21323,58245286,16004000,2026-09-22
134580,3245,159959513505,556662,1812235186,49294149,2026-09-22
023160,27100,701002258200,205539,5609964825,25867242,2026-09-22
323280,46500,1420016070000,392962,18679863650,30537980,2026-09-22
053620,6800,58480000000,3574,24258710,8600000,2026-09-22
044490,39800,796293763800,572188,22612404350,20007381,2026-09-22
124560,1980,76667205780,23148,45467324,38720811,2026-09-22
191420,7270,58951223180,1816,13144240,8108834,2026-09-22
950250,3310,118156844920,542806,1839308361,35696932,2026-09-22
073640,654,76111715580,0,0,116378770,2026-09-22
066700,2100,78019989600,42383,89241295,37152376,2026-09-22
095610,148600,2876896000000,173613,26126167300,19360000,2026-09-22
064520,1470,32856061140,4991,7145417,22351062,2026-09-22
089030,47600,1763753502000,680695,32946709475,37053645,2026-09-22
054450,10080,152653868640,143584,1471449610,15144233,2026-09-22
200230,2160,20481701040,6135,13327317,9482269,2026-09-22
393210,3315,51762213360,4435367,13788959032,15614544,2026-09-22
475960,27300,367899550200,14562,399590850,13476174,2026-09-22
215480,2005,21533700000,8566,17144129,10740000,2026-09-22
051360,11840,114157349120,14581,173299760,9641668,2026-09-22
045340,6770,57937930800,16210,107813250,8558040,2026-09-22
108230,3220,122434848900,181928,593300980,38023245,2026-09-22
079970,596,7646223464,0,0,12829234,2026-09-22
199800,34100,306819148900,43410,1478678375,8997629,2026-09-22
417790,6550,68567961050,4506,29540830,10468391,2026-09-22
290090,4510,33556961680,3090,13679750,7440568,2026-09-22
026150,3975,69746665725,38810,155510317,17546331,2026-09-22
464280,5500,30415000000,7756,42278750,5530000,2026-09-22
117730,13140,296412685020,54266,718566590,22558043,2026-09-22
033830,1696,32066492480,25215,43255952,18907130,2026-09-22
057680,1782,28142963838,202206,369160712,15792909,2026-09-22
204610,2970,165506873400,63078,187503750,55726220,2026-09-22
125020,6160,215837468000,926827,5888576485,35038550,2026-09-22
064760,272500,3046390860000,36106,9927121500,11179416,2026-09-22
246710,2265,107960101560,105674,238953048,47664504,2026-09-22
340570,27650,444338818000,73987,2054838375,16070120,2026-09-22
043220,1710,28191099330,0,0,16486023,2026-09-22
277880,3475,68955161700,27425,95268230,19843212,2026-09-22
131290,281000,3108261549000,97212,26581927500,11061429,2026-09-22
425420,64400,795158456400,538357,35004236000,12347181,2026-09-22
484810,12050,186183525750,89269,1091825225,15450915,2026-09-22
131100,2400,15478425600,20935,51745590,6449344,2026-09-22
356860,44500,1054706070000,2484354,110217816275,23701260,2026-09-22
321550,4475,134422175625,49293,223884215,30038475,2026-09-22
425040,12460,273159309080,2260746,28977552200,21922898,2026-09-22
241790,6230,62316409820,150390,956280270,10002634,2026-09-22
022220,835,43248473465,8485,6983476,51794579,2026-09-22
104480,1806,164157153804,154282,281214557,90895434,2026-09-22
081150,2610,63340529220,93298,246031889,24268402,2026-09-22
130740,1959,22091014161,13967,27273016,11276679,2026-09-22
084730,6850,76099554400,8305,56392775,11109424,2026-09-22
440110,72300,3623027252100,638496,45490796200,50111027,2026-09-22
290560,1300,29071549000,496695,671327458,22362730,2026-09-22
288330,416,44129674368,0,0,106080948,2026-09-22
033540,2705,28265264530,17084,47262225,10449266,2026-09-22
388870,5480,70943707360,34701,187578060,12945932,2026-09-22
043200,1240,25918674680,117340,144952096,20902157,2026-09-22
214450,324000,3366245952000,60271,19622519000,10389648,2026-09-22
177830,2160,24464144880,5353,11501875,11325993,2026-09-22
037070,6380,127600000000,37720,239124160,20000000,2026-09-22
150900,4030,47166805660,85511,343362764,11703922,2026-09-22
037030,3700,94398070400,288462,1063945867,25512992,2026-09-22
047310,3145,115140824475,69255,218532390,36610755,2026-09-22
368770,13430,441232241750,196178,2661824635,32854225,2026-09-22
170790,8300,53097880500,9188,76038060,6397335,2026-09-22
900100,801,4226116050,241101,227745538,5276050,2026-09-22
049120,2865,30373764495,12992,37572885,10601663,2026-09-22
038950,2945,30070702925,1030,3090640,10210765,2026-09-22
387570,6290,35386911000,4980,31136190,5625900,2026-09-22
441270,8360,353565509000,435544,3684309810,42292525,2026-09-22
106240,1292,34343832888,38367,50263684,26581914,2026-09-22
131760,1213,10536501308,190499,235211599,8686316,2026-09-22
065690,1857,22310939499,30420,56751853,12014507,2026-09-22
140860,251500,1761120953500,42138,10734363500,7002469,2026-09-22
091700,5160,258000000000,68954,358482110,50000000,2026-09-22
032800,1457,22010933968,26998,40080153,15107024,2026-09-22
318010,3505,27792329690,126,438300,7929338,2026-09-22
027710,1123,125120841800,137103,153573426,111416600,2026-09-22
225590,3215,16465223840,12600,40641295,5121376,2026-09-22
054300,1065,61952056425,144330,155293983,58170945,2026-09-22
068050,1181,32706703756,21025,24416967,27694076,2026-09-22
222110,4830,65275078470,1316,6324770,13514509,2026-09-22
271830,1075,31701967150,106046,115021972,29490202,2026-09-22
263750,34150,2146119526500,218977,7560817575,62843910,2026-09-22
251970,57400,711760000000,69151,3996141700,12400000,2026-09-22
187660,6630,424096257390,1189141,7766823505,63966253,2026-09-22
0015S0,8060,79525843800,467384,3955364070,9866730,2026-09-22
168360,14300,320213565100,159462,2293845480,22392557,2026-09-22
087010,142000,3311063700000,244757,36205194500,23317350,2026-09-22
064800,2140,54701522260,100778,217367080,25561459,2026-09-22
119500,2390,28314884480,42721,102632555,11847232,2026-09-22
389140,5480,78198147800,71075,390411350,14269735,2026-09-22
105760,5060,51565888220,16749,83740045,10190887,2026-09-22
009520,12450,518451652350,87290,1093538630,41642703,2026-09-22
189690,1514,41365461066,67313,100649622,27321969,2026-09-22
318020,2595,31921800840,8887,23231205,12301272,2026-09-22
256630,4330,50225462620,11096,47372005,11599414,2026-09-22
331380,2030,75029260810,5058,10313635,36960227,2026-09-22
208710,2705,35652257060,39247,107698630,13180132,2026-09-22
472850,4925,283540386100,17444,85910390,57571652,2026-09-22
039980,5110,73488003540,147680,778073095,14381214,2026-09-22
041910,5350,71065922500,21253,114964700,13283350,2026-09-22
220180,1389,33239939538,2283,3174624,23930842,2026-09-22
234100,2680,39132384480,6488,17316855,14601636,2026-09-22
041020,3020,150045054860,203318,625919782,49683793,2026-09-22
114630,1581,27248927088,37398,59277079,17235248,2026-09-22
487580,2895,72904382595,137245,400508997,25182861,2026-09-22
290720,3035,115783043555,113726,342826395,38149273,2026-09-22
005670,6210,62100000000,21138,131401240,10000000,2026-09-22
094940,6110,51088068460,48791,302587630,8361386,2026-09-22
007330,10010,150978828000,12719,126866270,15082800,2026-09-22
093380,3125,30872853125,75840,236333610,9879313,2026-09-22
023900,7150,90090000000,15672,111881415,12600000,2026-09-22
371950,3140,73994131400,129787,407975785,23565010,2026-09-22
298060,2545,24527302615,57093,138125789,9637447,2026-09-22
370090,6180,52881209400,9192,56998800,8556830,2026-09-22
445180,7990,137341612120,21082,169480310,17189188,2026-09-22
220100,5980,134115971600,172762,1044762570,22427420,2026-09-22
035200,2655,24479049555,66436,177267642,9219981,2026-09-22
334970,1375,106909875875,296469,400990020,77752637,2026-09-22
321260,1699,47898350716,92772,157890445,28192084,2026-09-22
053610,73200,658800000000,97497,7238751050,9000000,2026-09-22
468530,39950,443650662600,96440,3891093800,11105148,2026-09-22
303360,5330,68648880950,15824,85084830,12879715,2026-09-22
377220,2705,15315710000,79374,211712076,5662000,2026-09-22
335810,1491,32726713446,14070,21010799,21949506,2026-09-22
053160,9370,56220000000,5527,51910980,6000000,2026-09-22
405000,3720,19989539040,65766,239001757,5373532,2026-09-22
041590,2370,116064014460,0,0,48972158,2026-09-22
367000,3520,29526488640,1647,5785550,8388207,2026-09-22
075130,2170,34985434400,26611,56980790,16122320,2026-09-22
237820,2300,29502422000,15472,35392930,12827140,2026-09-22
023770,2620,23439816900,9432,24544305,8946495,2026-09-22
300080,8560,141286660560,59901,520205790,16505451,2026-09-22
033790,7480,623247714760,1005538,7627368760,83321887,2026-09-22
032580,6350,210388606400,1043677,6913812520,33132064,2026-09-22
0117P0,5510,78070699610,50227,279346075,14168911,2026-09-22
051380,1519,23301569368,19906,30109637,15340072,2026-09-22
241820,6040,16803871920,0,0,2782098,2026-09-22
452450,5260,189509910000,247424,1311211010,36028500,2026-09-22
237750,3395,22055957000,6229,20919995,6496600,2026-09-22
460940,5090,68487375200,44561,227115575,13455280,2026-09-22
319660,130900,3791742862600,222893,29593425250,28966714,2026-09-22
031980,158200,3411170889000,174414,28336484550,21562395,2026-09-22
002230,4960,91368507200,54263,274122289,18421070,2026-09-22
043370,11250,236250000000,23987,268072380,21000000,2026-09-22
239890,3575,35520324125,5589,19799900,9935755,2026-09-22
347740,1725,51768243600,37947,64985835,30010576,2026-09-22
137400,28650,678739357200,142043,4139117775,23690728,2026-09-22
257370,1792,22408710912,14045,25452612,12504861,2026-09-22
147760,3390,67800000000,80608,266963902,20000000,2026-09-22
128660,2820,69945500580,56409,158370915,24803369,2026-09-22
006140,4450,66149250000,37595,168528620,14865000,2026-09-22
376180,1450,26913505100,122521,179669632,18561038,2026-09-22
304840,561,13643890260,0,0,24320660,2026-09-22
087600,3995,32625399210,1391,5564420,8166558,2026-09-22
291810,1193,16732934490,2648242,3289370526,14025930,2026-09-22
378340,12020,260159461640,35605,432533475,21643882,2026-09-22
161580,32150,753668241050,169895,5510110625,23442247,2026-09-22
347770,861,19510003422,55307,46952054,22659702,2026-09-22
163730,11910,152039689470,406266,4835838570,12765717,2026-09-22
417180,4240,24231129360,1105,4717330,5714889,2026-09-22
469900,2095,11742475000,52088,108974380,5605000,2026-09-22
475240,2090,6688000000,20933,43749975,3200000,2026-09-22
475250,2085,7714500000,15,31215,3700000,2026-09-22
484130,2020,9130400000,17088,34521430,4520000,2026-09-22
0041L0,1970,11879100000,45519,89610658,6030000,2026-09-22
0101C0,1970,15247800000,4053,7984322,7740000,2026-09-22
299030,13200,105532812000,19410,258200770,7994910,2026-09-22
067310,45650,3035308169850,3844529,176697286150,66490869,2026-09-22
166090,56800,1123371883200,89873,5143709600,19777674,2026-09-22
136480,2645,280924661790,134321,354878088,106209702,2026-09-22
003380,10850,1215260987850,343031,3713661020,112005621,2026-09-22
450330,5070,41507294010,5684,29633550,8186843,2026-09-22
101670,487,27650490069,240659,116509982,56777187,2026-09-22
365590,1271,23395646525,75014,98115128,18407275,2026-09-22
149980,4515,77653692690,23893,110153963,17199046,2026-09-22
013030,37800,444835843200,35414,1325163150,11768144,2026-09-22
126700,10600,158386387200,33270,354176870,14942112,2026-09-22
160190,28800,889574400000,292831,8454041250,30888000,2026-09-22
221840,2090,39084172490,6344,13063935,18700561,2026-09-22
106190,9820,104417758860,108828,1058721870,10633173,2026-09-22
065650,1400,15324381800,14269,21185422,10945987,2026-09-22
066130,3380,43264000000,9414,31776859,12800000,2026-09-22
004590,5260,78900000000,20300,107050100,15000000,2026-09-22
039340,4880,107360000000,3148,15306240,22000000,2026-09-22
034950,104100,472667507400,574,59600800,4540514,2026-09-22
222980,2165,23883160695,9786,21247295,11031483,2026-09-22
256840,2705,185008166630,1581899,4351136498,68394886,2026-09-22
219750,1620,21198310740,14595,23728358,13085377,2026-09-22
025550,2210,56385948840,63197,139416132,25514004,2026-09-22
017890,14400,297698486400,65113,936267795,20673506,2026-09-22
080720,2410,192441519730,0,0,79851253,2026-09-22
041460,3380,64220000000,17741,59845615,19000000,2026-09-22
101680,2955,24833820000,10295,30717265,8404000,2026-09-22
039740,3050,24456110850,5140,15654745,8018397,2026-09-22
053300,5070,200595290220,134515,685203855,39565146,2026-09-22
025770,7910,296184183610,14672,116506950,37444271,2026-09-22
479880,2070,14220900000,44642,91980420,6870000,2026-09-22
0164H0,1950,13162500000,44063,85941451,6750000,2026-09-22
0200G0,2155,18748500000,222365814,862361815103,8700000,2026-09-22
062970,2985,89915432655,2270203,6680388737,30122423,2026-09-22
023760,1402,221242312776,62856,88036583,157804788,2026-09-22
054040,4390,70552963100,47920,210392760,16071290,2026-09-22
021650,1977,32325063051,1447,2851018,16350563,2026-09-22
032300,7220,78746381220,4285,31027380,10906701,2026-09-22
037230,1370,40826447990,23223,31889779,29800327,2026-09-22
448900,55800,338954700600,55659,3146473150,6074457,2026-09-22
052600,2890,33419093000,10161,29304507,11563700,2026-09-22
256150,4930,41387350000,6046,29819315,8395000,2026-09-22
092460,16000,273754880000,27328,439201855,17109680,2026-09-22
125490,12400,452629164800,3012621,38322179435,36502352,2026-09-22
452190,4715,112785426255,475053,2278729860,23920557,2026-09-22
047080,1051,26088302462,41586,43465800,24822362,2026-09-22
452280,13440,258688684800,896092,12063994130,19247670,2026-09-22
066980,1477,79420066831,212323,317748999,53771203,2026-09-22
114810,13530,380777144220,105857,1451450340,28143174,2026-09-22
042520,17320,247006876440,94081,1656013860,14261367,2026-09-22
430690,2850,31051616400,62562,177592702,10895304,2026-09-22
078350,28350,432178229700,597525,16989398100,15244382,2026-09-22
045100,31600,553000000000,43312,1377488300,17500000,2026-09-22
320000,10400,71902168000,290630,3151396435,6913670,2026-09-22
091440,2955,108815942430,418450,1208946980,36824346,2026-09-22
276730,928,21908205440,159233,149499434,23607980,2026-09-22
024740,2210,72702478290,61061,135817580,32897049,2026-09-22
005860,2330,91810586050,288329,676168545,39403685,2026-09-22
007770,8000,28080000000,343,2775450,3510000,2026-09-22
198940,1339,26659168640,15918,21272864,19909760,2026-09-22
058450,910,4912154520,15155,13726952,5397972,2026-09-22
107640,38750,351266657500,101221,3981886075,9064946,2026-09-22
079170,5920,30784000000,7402,44250520,5200000,2026-09-22
030520,16500,398965776000,105883,1765678895,24179744,2026-09-22
054920,4745,133890049345,1283793,6271943701,28217081,2026-09-22
457370,11400,91965327600,1650165,19430502500,8067134,2026-09-22
002680,2650,20553479500,65338,171653835,7756030,2026-09-22
098070,26100,290261780100,330338,8583617375,11121141,2026-09-22
408470,4920,52014240000,49696,248513655,10572000,2026-09-22
498390,2035,10093600000,0,0,4960000,2026-09-22
034810,5940,187586102880,12023,71600940,31580152,2026-09-22
03481K,5970,8223394410,375,2200200,1377453,2026-09-22
059270,5210,58171207790,36182,186465965,11165299,2026-09-22
076610,1138,69320167278,936081,1079620391,60914031,2026-09-22
0155E0,12840,70455006000,1396821,18859275010,5487150,2026-09-22
900270,2770,29673037760,160847,452034145,10712288,2026-09-22
214180,13950,181257469650,30066,421836795,12993367,2026-09-22
234340,21400,298972038400,602486,13191300025,13970656,2026-09-22
084990,2980,137356535060,56252,168970251,46092797,2026-09-22
170030,4740,72711600000,8607,40966035,15340000,2026-09-22
319400,21350,2377878432650,843151,18185112950,111376039,2026-09-22
048410,6830,659133056760,1016184,7089261645,96505572,2026-09-22
052260,3880,116400000000,31132,119660375,30000000,2026-09-22
016790,994,187340898626,0,0,188471729,2026-09-22
041440,6800,121323641600,57140,388987250,17841712,2026-09-22
039010,8510,73398750000,82698,692518260,8625000,2026-09-22
090850,4895,110029335185,41713,205137237,22477903,2026-09-22
460930,13050,463414256550,61976,813159675,35510671,2026-09-22
092300,2450,49367183950,117274,291359325,20149871,2026-09-22
011080,501,3555227262,520491,280394922,7096262,2026-09-22
308100,277,7152139446,127838,35977595,25819998,2026-09-22
064240,1777,61651684027,60036,103283266,34694251,2026-09-22
039610,6170,64232168000,329597,2080131590,10410400,2026-09-22
126640,3930,137769726300,1027887,4108577694,35055910,2026-09-22
127980,2650,31377812600,11656,31157550,11840684,2026-09-22
061250,6420,54040889280,19267,122459225,8417584,2026-09-22
097870,4330,36761700000,24170,104039650,8490000,2026-09-22
290270,2815,27045596680,11549,32510340,9607672,2026-09-22
353190,2605,20516156820,6294,16146095,7875684,2026-09-22
090710,6400,765177785600,1218855,7981174995,119559029,2026-09-22
078590,2915,29115984865,53236,155635455,9988331,2026-09-22
205470,2620,64648502620,45558,119127360,24675001,2026-09-22
115160,5560,23949883480,11690,64427530,4307533,2026-09-22
028080,5200,12620712000,3911,20812640,2427060,2026-09-22
200670,24200,271764306000,26951,656295950,11229930,2026-09-22
065510,6580,71576549100,28969,191152300,10877895,2026-09-22
263920,3175,31143657550,2369,7609080,9809026,2026-09-22
243070,18950,227014651750,63191,1205509600,11979665,2026-09-22
084110,21450,271552967400,40873,879385325,12659812,2026-09-22
145020,190400,2382888939200,204511,39392779800,12515173,2026-09-22
024060,12860,192900000000,1514783,19204391635,15000000,2026-09-22
010240,5210,60988260000,10775,56300840,11706000,2026-09-22
189980,1176,47202084552,35106,40947630,40137827,2026-09-22
037440,4200,58474395000,176750,747726805,13922475,2026-09-22
238490,2295,25961581620,12113,28060200,11312236,2026-09-22
