date,strategy_id,valuation_basis_date,cash,pending_sale_proceeds,invested_market_value,equity,drawdown,exposure,cash_ratio,open_positions,valuation_is_execution_support_only,valuation_valid,mdd_type,coverage_pct
2014-01-02,PATTERN_B_PROGRESSED_PREVIOUS_ET_ONLY_CANDIDATE_V01_battle_a_all_universe_P1,2014-01-02,200000000.0,0.0,0.0,200000000.0,0.0,0.0,1.0,0,False,True,EXACT,100.0
2014-01-03,PATTERN_B_PROGRESSED_PREVIOUS_ET_ONLY_CANDIDATE_V01_battle_a_all_universe_P1,2014-01-03,200000000.0,0.0,0.0,200000000.0,0.0,0.0,1.0,0,False,True,EXACT,100.0
2014-01-06,PATTERN_B_PROGRESSED_PREVIOUS_ET_ONLY_CANDIDATE_V01_battle_a_all_universe_P1,2014-01-06,200000000.0,0.0,0.0,200000000.0,0.0,0.0,1.0,0,False,True,EXACT,100.0
2014-01-07,PATTERN_B_PROGRESSED_PREVIOUS_ET_ONLY_CANDIDATE_V01_battle_a_all_universe_P1,2014-01-07,200000000.0,0.0,0.0,200000000.0,0.0,0.0,1.0,0,False,True,EXACT,100.0
2014-01-08,PATTERN_B_PROGRESSED_PREVIOUS_ET_ONLY_CANDIDATE_V01_battle_a_all_universe_P1,2014-01-08,200000000.0,0.0,0.0,200000000.0,0.0,0.0,1.0,0,False,True,EXACT,100.0
2014-01-09,PATTERN_B_PROGRESSED_PREVIOUS_ET_ONLY_CANDIDATE_V01_battle_a_all_universe_P1,2014-01-09,200000000.0,0.0,0.0,200000000.0,0.0,0.0,1.0,0,False,True,EXACT,100.0
2014-01-10,PATTERN_B_PROGRESSED_PREVIOUS_ET_ONLY_CANDIDATE_V01_battle_a_all_universe_P1,2014-01-10,200000000.0,0.0,0.0,200000000.0,0.0,0.0,1.0,0,False,True,EXACT,100.0
2014-01-13,PATTERN_B_PROGRESSED_PREVIOUS_ET_ONLY_CANDIDATE_V01_battle_a_all_universe_P1,2014-01-13,200000000.0,0.0,0.0,200000000.0,0.0,0.0,1.0,0,False,True,EXACT,100.0
2014-01-14,PATTERN_B_PROGRESSED_PREVIOUS_ET_ONLY_CANDIDATE_V01_battle_a_all_universe_P1,2014-01-14,200000000.0,0.0,0.0,200000000.0,0.0,0.0,1.0,0,False,True,EXACT,100.0
2014-01-15,PATTERN_B_PROGRESSED_PREVIOUS_ET_ONLY_CANDIDATE_V01_battle_a_all_universe_P1,2014-01-15,200000000.0,0.0,0.0,200000000.0,0.0,0.0,1.0,0,False,True,EXACT,100.0
2014-01-16,PATTERN_B_PROGRESSED_PREVIOUS_ET_ONLY_CANDIDATE_V01_battle_a_all_universe_P1,2014-01-16,200000000.0,0.0,0.0,200000000.0,0.0,0.0,1.0,0,False,True,EXACT,100.0
2014-01-17,PATTERN_B_PROGRESSED_PREVIOUS_ET_ONLY_CANDIDATE_V01_battle_a_all_universe_P1,2014-01-17,200000000.0,0.0,0.0,200000000.0,0.0,0.0,1.0,0,False,True,EXACT,100.0
2014-01-20,PATTERN_B_PROGRESSED_PREVIOUS_ET_ONLY_CANDIDATE_V01_battle_a_all_universe_P1,2014-01-20,200000000.0,0.0,0.0,200000000.0,0.0,0.0,1.0,0,False,True,EXACT,100.0
2014-01-21,PATTERN_B_PROGRESSED_PREVIOUS_ET_ONLY_CANDIDATE_V01_battle_a_all_universe_P1,2014-01-21,200000000.0,0.0,0.0,200000000.0,0.0,0.0,1.0,0,False,True,EXACT,100.0
2014-01-22,PATTERN_B_PROGRESSED_PREVIOUS_ET_ONLY_CANDIDATE_V01_battle_a_all_universe_P1,2014-01-22,200000000.0,0.0,0.0,200000000.0,0.0,0.0,1.0,0,False,True,EXACT,100.0
2014-01-23,PATTERN_B_PROGRESSED_PREVIOUS_ET_ONLY_CANDIDATE_V01_battle_a_all_universe_P1,2014-01-23,200000000.0,0.0,0.0,200000000.0,0.0,0.0,1.0,0,False,True,EXACT,100.0
2014-01-24,PATTERN_B_PROGRESSED_PREVIOUS_ET_ONLY_CANDIDATE_V01_battle_a_all_universe_P1,2014-01-24,200000000.0,0.0,0.0,200000000.0,0.0,0.0,1.0,0,False,True,EXACT,100.0
2014-01-27,PATTERN_B_PROGRESSED_PREVIOUS_ET_ONLY_CANDIDATE_V01_battle_a_all_universe_P1,2014-01-27,200000000.0,0.0,0.0,200000000.0,0.0,0.0,1.0,0,False,True,EXACT,100.0
2014-01-28,PATTERN_B_PROGRESSED_PREVIOUS_ET_ONLY_CANDIDATE_V01_battle_a_all_universe_P1,2014-01-28,200000000.0,0.0,0.0,200000000.0,0.0,0.0,1.0,0,False,True,EXACT,100.0
2014-01-29,PATTERN_B_PROGRESSED_PREVIOUS_ET_ONLY_CANDIDATE_V01_battle_a_all_universe_P1,2014-01-29,200000000.0,0.0,0.0,200000000.0,0.0,0.0,1.0,0,False,True,EXACT,100.0
2014-02-03,PATTERN_B_PROGRESSED_PREVIOUS_ET_ONLY_CANDIDATE_V01_battle_a_all_universe_P1,2014-02-03,195001247.28954852,0.0,5136350.0,200137597.28954852,0.0,0.02566409345151176,0.9743359065484882,1,False,True,EXACT,100.0
2014-02-04,PATTERN_B_PROGRESSED_PREVIOUS_ET_ONLY_CANDIDATE_V01_battle_a_all_universe_P1,2014-02-04,195001247.28954852,0.0,5004955.0,200006202.28954852,-0.0006565233208526422,0.025023998969563643,0.9749760010304364,1,False,True,EXACT,100.0
2014-02-05,PATTERN_B_PROGRESSED_PREVIOUS_ET_ONLY_CANDIDATE_V01_battle_a_all_universe_P1,2014-02-05,195001247.28954852,0.0,5004955.0,200006202.28954852,-0.0006565233208526422,0.025023998969563643,0.9749760010304364,1,False,True,EXACT,100.0
2014-02-06,PATTERN_B_PROGRESSED_PREVIOUS_ET_ONLY_CANDIDATE_V01_battle_a_all_universe_P1,2014-02-06,195001247.28954852,0.0,4993010.0,199994257.28954852,-0.0007162072591119228,0.024965766855851262,0.9750342331441487,1,False,True,EXACT,100.0
2014-02-07,PATTERN_B_PROGRESSED_PREVIOUS_ET_ONLY_CANDIDATE_V01_battle_a_all_universe_P1,2014-02-07,195001247.28954852,0.0,5136350.0,200137597.28954852,0.0,0.02566409345151176,0.9743359065484882,1,False,True,EXACT,100.0
2014-02-10,PATTERN_B_PROGRESSED_PREVIOUS_ET_ONLY_CANDIDATE_V01_battle_a_all_universe_P1,2014-02-10,195001247.28954852,0.0,4993010.0,199994257.28954852,-0.0007162072591119228,0.024965766855851262,0.9750342331441487,1,False,True,EXACT,100.0
2014-02-11,PATTERN_B_PROGRESSED_PREVIOUS_ET_ONLY_CANDIDATE_V01_battle_a_all_universe_P1,2014-02-11,195001247.28954852,0.0,5351360.0,200352607.28954852,0.0,0.026709709808099693,0.9732902901919003,1,False,True,EXACT,100.0
2014-02-12,PATTERN_B_PROGRESSED_PREVIOUS_ET_ONLY_CANDIDATE_V01_battle_a_all_universe_P1,2014-02-12,195001247.28954852,0.0,5351360.0,200352607.28954852,0.0,0.026709709808099693,0.9732902901919003,1,False,True,EXACT,100.0
2014-02-13,PATTERN_B_PROGRESSED_PREVIOUS_ET_ONLY_CANDIDATE_V01_battle_a_all_universe_P1,2014-02-13,195001247.28954852,0.0,5387195.0,200388442.28954852,0.0,0.026883761051527347,0.9731162389484727,1,False,True,EXACT,100.0
2014-02-14,PATTERN_B_PROGRESSED_PREVIOUS_ET_ONLY_CANDIDATE_V01_battle_a_all_universe_P1,2014-02-14,195001247.28954852,0.0,5399140.0,200400387.28954852,0.0,0.02694176430008118,0.9730582356999188,1,False,True,EXACT,100.0
2014-02-17,PATTERN_B_PROGRESSED_PREVIOUS_ET_ONLY_CANDIDATE_V01_battle_a_all_universe_P1,2014-02-17,195001247.28954852,0.0,5315525.0,200316772.28954852,-0.0004172397126118721,0.026535596292040175,0.9734644037079598,1,False,True,EXACT,100.0
2014-02-18,PATTERN_B_PROGRESSED_PREVIOUS_ET_ONLY_CANDIDATE_V01_battle_a_all_universe_P1,2014-02-18,195001247.28954852,0.0,5375250.0,200376497.28954852,-0.00011921134646053488,0.026825750887503757,0.9731742491124963,1,False,True,EXACT,100.0
2014-02-19,PATTERN_B_PROGRESSED_PREVIOUS_ET_ONLY_CANDIDATE_V01_battle_a_all_universe_P1,2014-02-19,195001247.28954852,0.0,5327470.0,200328717.28954852,-0.00035763403938160465,0.02659364105197085,0.9734063589480292,1,False,True,EXACT,100.0
2014-02-20,PATTERN_B_PROGRESSED_PREVIOUS_ET_ONLY_CANDIDATE_V01_battle_a_all_universe_P1,2014-02-20,195001247.28954852,0.0,5064680.0,200065927.28954852,-0.0016689588504474884,0.02531505523511789,0.9746849447648821,1,False,True,EXACT,100.0
2014-02-21,PATTERN_B_PROGRESSED_PREVIOUS_ET_ONLY_CANDIDATE_V01_battle_a_all_universe_P1,2014-02-21,195001247.28954852,0.0,5004955.0,200006202.28954852,-0.0019669872165988256,0.025023998969563643,0.9749760010304364,1,False,True,EXACT,100.0
2014-02-24,PATTERN_B_PROGRESSED_PREVIOUS_ET_ONLY_CANDIDATE_V01_battle_a_all_universe_P1,2014-02-24,195001247.28954852,0.0,5184130.0,200185377.28954852,-0.001072902118144814,0.025896646749086295,0.9741033532509137,1,False,True,EXACT,100.0
2014-02-25,PATTERN_B_PROGRESSED_PREVIOUS_ET_ONLY_CANDIDATE_V01_battle_a_all_universe_P1,2014-02-25,195001247.28954852,0.0,5196075.0,200197322.28954852,-0.0010132964449145465,0.025954767729035034,0.974045232270965,1,False,True,EXACT,100.0
2014-02-26,PATTERN_B_PROGRESSED_PREVIOUS_ET_ONLY_CANDIDATE_V01_battle_a_all_universe_P1,2014-02-26,195001247.28954852,0.0,5267745.0,200268992.28954852,-0.0006556624055329419,0.026303348010978677,0.9736966519890213,1,False,True,EXACT,100.0
2014-02-27,PATTERN_B_PROGRESSED_PREVIOUS_ET_ONLY_CANDIDATE_V01_battle_a_all_universe_P1,2014-02-27,195001247.28954852,0.0,5327470.0,200328717.28954852,-0.00035763403938160465,0.02659364105197085,0.9734063589480292,1,False,True,EXACT,100.0
2014-02-28,PATTERN_B_PROGRESSED_PREVIOUS_ET_ONLY_CANDIDATE_V01_battle_a_all_universe_P1,2014-02-28,195001247.28954852,0.0,5399140.0,200400387.28954852,0.0,0.02694176430008118,0.9730582356999188,1,False,True,EXACT,100.0
2014-03-03,PATTERN_B_PROGRESSED_PREVIOUS_ET_ONLY_CANDIDATE_V01_battle_a_all_universe_P1,2014-03-03,190008431.3994865,5416794.3289545,4867380.0,200292605.728441,-0.0005378311018520154,0.024301346434122732,0.9756986535658773,1,False,True,EXACT,100.0
2014-03-04,PATTERN_B_PROGRESSED_PREVIOUS_ET_ONLY_CANDIDATE_V01_battle_a_all_universe_P1,2014-03-04,195425225.728441,0.0,4867380.0,200292605.728441,-0.0005378311018520154,0.024301346434122732,0.9756986535658773,1,False,True,EXACT,100.0
2014-03-05,PATTERN_B_PROGRESSED_PREVIOUS_ET_ONLY_CANDIDATE_V01_battle_a_all_universe_P1,2014-03-05,195425225.728441,0.0,4901400.0,200326625.728441,-0.0003680709508856461,0.02446704217263783,0.9755329578273622,1,False,True,EXACT,100.0
2014-03-06,PATTERN_B_PROGRESSED_PREVIOUS_ET_ONLY_CANDIDATE_V01_battle_a_all_universe_P1,2014-03-06,195425225.728441,0.0,4847220.0,200272445.728441,-0.0006384297098321889,0.02420312980335087,0.9757968701966492,1,False,True,EXACT,100.0
2014-03-07,PATTERN_B_PROGRESSED_PREVIOUS_ET_ONLY_CANDIDATE_V01_battle_a_all_universe_P1,2014-03-07,195425225.728441,0.0,4901400.0,200326625.728441,-0.0003680709508856461,0.02446704217263783,0.9755329578273622,1,False,True,EXACT,100.0
2014-03-10,PATTERN_B_PROGRESSED_PREVIOUS_ET_ONLY_CANDIDATE_V01_battle_a_all_universe_P1,2014-03-10,195425225.728441,0.0,4960620.0,200385845.728441,-7.256253994414319e-05,0.024755341286542443,0.9752446587134576,1,False,True,EXACT,100.0
2014-03-11,PATTERN_B_PROGRESSED_PREVIOUS_ET_ONLY_CANDIDATE_V01_battle_a_all_universe_P1,2014-03-11,195425225.728441,0.0,4934160.0,200359385.728441,-0.00020459821291796132,0.024626547850808252,0.9753734521491918,1,False,True,EXACT,100.0
2014-03-12,PATTERN_B_PROGRESSED_PREVIOUS_ET_ONLY_CANDIDATE_V01_battle_a_all_universe_P1,2014-03-12,195425225.728441,0.0,4867380.0,200292605.728441,-0.0005378311018520154,0.024301346434122732,0.9756986535658773,1,False,True,EXACT,100.0
2014-03-13,PATTERN_B_PROGRESSED_PREVIOUS_ET_ONLY_CANDIDATE_V01_battle_a_all_universe_P1,2014-03-13,195425225.728441,0.0,4873680.0,200298905.728441,-0.0005063940368582598,0.024332035076654802,0.9756679649233452,1,False,True,EXACT,100.0
2014-03-14,PATTERN_B_PROGRESSED_PREVIOUS_ET_ONLY_CANDIDATE_V01_battle_a_all_universe_P1,2014-03-14,195425225.728441,0.0,4820760.0,200245985.728441,-0.0007704653828060071,0.024074190463610905,0.9759258095363891,1,False,True,EXACT,100.0
2014-03-17,PATTERN_B_PROGRESSED_PREVIOUS_ET_ONLY_CANDIDATE_V01_battle_a_all_universe_P1,2014-03-17,195425225.728441,0.0,4701060.0,200126285.728441,-0.0013677696176878085,0.02349046744603579,0.9765095325539642,1,False,True,EXACT,100.0
2014-03-18,PATTERN_B_PROGRESSED_PREVIOUS_ET_ONLY_CANDIDATE_V01_battle_a_all_universe_P1,2014-03-18,195425225.728441,0.0,4788000.0,200213225.728441,-0.0009339381207736919,0.023914504062255103,0.9760854959377449,1,False,True,EXACT,100.0
2014-03-19,PATTERN_B_PROGRESSED_PREVIOUS_ET_ONLY_CANDIDATE_V01_battle_a_all_universe_P1,2014-03-19,195425225.728441,0.0,4814460.0,200239685.728441,-0.0008019024477997627,0.024043485598200673,0.9759565144017993,1,False,True,EXACT,100.0
2014-03-20,PATTERN_B_PROGRESSED_PREVIOUS_ET_ONLY_CANDIDATE_V01_battle_a_all_universe_P1,2014-03-20,195425225.728441,0.0,4800600.0,200225825.728441,-0.0008710639907860696,0.023975928092866895,0.9760240719071331,1,False,True,EXACT,100.0
2014-03-21,PATTERN_B_PROGRESSED_PREVIOUS_ET_ONLY_CANDIDATE_V01_battle_a_all_universe_P1,2014-03-21,195425225.728441,0.0,4827060.0,200252285.728441,-0.0007390283178122514,0.02410489339705166,0.9758951066029483,1,False,True,EXACT,100.0
2014-03-24,PATTERN_B_PROGRESSED_PREVIOUS_ET_ONLY_CANDIDATE_V01_battle_a_all_universe_P1,2014-03-24,195425225.728441,0.0,4800600.0,200225825.728441,-0.0008710639907860696,0.023975928092866895,0.9760240719071331,1,False,True,EXACT,100.0
2014-03-25,PATTERN_B_PROGRESSED_PREVIOUS_ET_ONLY_CANDIDATE_V01_battle_a_all_universe_P1,2014-03-25,195425225.728441,0.0,4753980.0,200179205.728441,-0.0011036982717400612,0.023748620555769172,0.9762513794442308,1,False,True,EXACT,100.0
2014-03-26,PATTERN_B_PROGRESSED_PREVIOUS_ET_ONLY_CANDIDATE_V01_battle_a_all_universe_P1,2014-03-26,195425225.728441,0.0,4721220.0,200146445.728441,-0.001267171009707746,0.02358882758480637,0.9764111724151936,1,False,True,EXACT,100.0
2014-03-27,PATTERN_B_PROGRESSED_PREVIOUS_ET_ONLY_CANDIDATE_V01_battle_a_all_universe_P1,2014-03-27,195425225.728441,0.0,4721220.0,200146445.728441,-0.001267171009707746,0.02358882758480637,0.9764111724151936,1,False,True,EXACT,100.0
2014-03-28,PATTERN_B_PROGRESSED_PREVIOUS_ET_ONLY_CANDIDATE_V01_battle_a_all_universe_P1,2014-03-28,195425225.728441,0.0,4760280.0,200185505.728441,-0.0010722612067463055,0.023779343977368146,0.9762206560226319,1,False,True,EXACT,100.0
2014-03-31,PATTERN_B_PROGRESSED_PREVIOUS_ET_ONLY_CANDIDATE_V01_battle_a_all_universe_P1,2014-03-31,195425225.728441,0.0,4780440.0,200205665.728441,-0.0009716625987662431,0.023877645932778895,0.9761223540672211,1,False,True,EXACT,100.0
2014-04-01,PATTERN_B_PROGRESSED_PREVIOUS_ET_ONLY_CANDIDATE_V01_battle_a_all_universe_P1,2014-04-01,195425225.728441,0.0,4767840.0,200193065.728441,-0.0010345367287537544,0.023816209530791173,0.9761837904692088,1,False,True,EXACT,100.0
2014-04-02,PATTERN_B_PROGRESSED_PREVIOUS_ET_ONLY_CANDIDATE_V01_battle_a_all_universe_P1,2014-04-02,195425225.728441,0.0,4767840.0,200193065.728441,-0.0010345367287537544,0.023816209530791173,0.9761837904692088,1,False,True,EXACT,100.0
2014-04-03,PATTERN_B_PROGRESSED_PREVIOUS_ET_ONLY_CANDIDATE_V01_battle_a_all_universe_P1,2014-04-03,195425225.728441,0.0,4788000.0,200213225.728441,-0.0009339381207736919,0.023914504062255103,0.9760854959377449,1,False,True,EXACT,100.0
2014-04-04,PATTERN_B_PROGRESSED_PREVIOUS_ET_ONLY_CANDIDATE_V01_battle_a_all_universe_P1,2014-04-04,195425225.728441,0.0,4788000.0,200213225.728441,-0.0009339381207736919,0.023914504062255103,0.9760854959377449,1,False,True,EXACT,100.0
2014-04-07,PATTERN_B_PROGRESSED_PREVIOUS_ET_ONLY_CANDIDATE_V01_battle_a_all_universe_P1,2014-04-07,195425225.728441,0.0,4774140.0,200199365.728441,-0.0010030996637599987,0.02384692869844477,0.9761530713015553,1,False,True,EXACT,100.0
2014-04-08,PATTERN_B_PROGRESSED_PREVIOUS_ET_ONLY_CANDIDATE_V01_battle_a_all_universe_P1,2014-04-08,195425225.728441,0.0,4800600.0,200225825.728441,-0.0008710639907860696,0.023975928092866895,0.9760240719071331,1,False,True,EXACT,100.0
2014-04-09,PATTERN_B_PROGRESSED_PREVIOUS_ET_ONLY_CANDIDATE_V01_battle_a_all_universe_P1,2014-04-09,195425225.728441,0.0,4693500.0,200118725.728441,-0.0014054940956803597,0.023453577284761596,0.9765464227152384,1,False,True,EXACT,100.0
2014-04-10,PATTERN_B_PROGRESSED_PREVIOUS_ET_ONLY_CANDIDATE_V01_battle_a_all_universe_P1,2014-04-10,195425225.728441,0.0,4654440.0,200079665.728441,-0.0016004038986418,0.023262933707202706,0.9767370662927973,1,False,True,EXACT,100.0
2014-04-11,PATTERN_B_PROGRESSED_PREVIOUS_ET_ONLY_CANDIDATE_V01_battle_a_all_universe_P1,2014-04-11,195425225.728441,0.0,4654440.0,200079665.728441,-0.0016004038986418,0.023262933707202706,0.9767370662927973,1,False,True,EXACT,100.0
2014-04-14,PATTERN_B_PROGRESSED_PREVIOUS_ET_ONLY_CANDIDATE_V01_battle_a_all_universe_P1,2014-04-14,195425225.728441,0.0,4239900.0,199665125.728441,-0.0036689627752324316,0.021235055368490192,0.9787649446315098,1,False,True,EXACT,100.0
2014-04-15,PATTERN_B_PROGRESSED_PREVIOUS_ET_ONLY_CANDIDATE_V01_battle_a_all_universe_P1,2014-04-15,195425225.728441,0.0,4112640.0,199537865.728441,-0.004303991488106784,0.020610824842624383,0.9793891751573757,1,False,True,EXACT,100.0
2014-04-16,PATTERN_B_PROGRESSED_PREVIOUS_ET_ONLY_CANDIDATE_V01_battle_a_all_universe_P1,2014-04-16,195425225.728441,0.0,3499020.0,198924245.728441,-0.007365961618500783,0.01758971103390104,0.9824102889660989,1,False,True,EXACT,100.0
2014-04-17,PATTERN_B_PROGRESSED_PREVIOUS_ET_ONLY_CANDIDATE_V01_battle_a_all_universe_P1,2014-04-17,195425225.728441,0.0,3084480.0,198509705.728441,-0.009434520495091525,0.015538182320513502,0.9844618176794865,1,False,True,EXACT,100.0
2014-04-18,PATTERN_B_PROGRESSED_PREVIOUS_ET_ONLY_CANDIDATE_V01_battle_a_all_universe_P1,2014-04-18,195425225.728441,0.0,2637180.0,198062405.728441,-0.01166655210964973,0.013314894314753398,0.9866851056852466,1,False,True,EXACT,100.0
2014-04-21,PATTERN_B_PROGRESSED_PREVIOUS_ET_ONLY_CANDIDATE_V01_battle_a_all_universe_P1,2014-04-21,195425225.728441,0.0,2724120.0,198149345.728441,-0.011232720612735614,0.01374781223720689,0.9862521877627931,1,False,True,EXACT,100.0
2014-04-22,PATTERN_B_PROGRESSED_PREVIOUS_ET_ONLY_CANDIDATE_V01_battle_a_all_universe_P1,2014-04-22,195425225.728441,0.0,2750580.0,198175805.728441,-0.011100684939761796,0.01387949447153555,0.9861205055284644,1,False,True,EXACT,100.0
2014-04-23,PATTERN_B_PROGRESSED_PREVIOUS_ET_ONLY_CANDIDATE_V01_battle_a_all_universe_P1,2014-04-23,195425225.728441,0.0,3157560.0,198582785.728441,-0.009069850541163604,0.01590047187835262,0.9840995281216474,1,False,True,EXACT,100.0
2014-04-24,PATTERN_B_PROGRESSED_PREVIOUS_ET_ONLY_CANDIDATE_V01_battle_a_all_universe_P1,2014-04-24,195425225.728441,0.0,3337740.0,198762965.728441,-0.008170750482341615,0.01679256489139014,0.9832074351086099,1,False,True,EXACT,100.0
2014-04-25,PATTERN_B_PROGRESSED_PREVIOUS_ET_ONLY_CANDIDATE_V01_battle_a_all_universe_P1,2014-04-25,195425225.728441,0.0,3090780.0,198516005.728441,-0.009403083430097658,0.015569424685221692,0.9844305753147783,1,False,True,EXACT,100.0
2014-04-28,PATTERN_B_PROGRESSED_PREVIOUS_ET_ONLY_CANDIDATE_V01_battle_a_all_universe_P1,2014-04-28,195425225.728441,0.0,3331440.0,198756665.728441,-0.008202187547335371,0.01676140011601779,0.9832385998839822,1,False,True,EXACT,100.0
2014-04-29,PATTERN_B_PROGRESSED_PREVIOUS_ET_ONLY_CANDIDATE_V01_battle_a_all_universe_P1,2014-04-29,195425225.728441,0.0,3231900.0,198657125.728441,-0.00869889317423711,0.016268734323771104,0.9837312656762289,1,False,True,EXACT,100.0
2014-04-30,PATTERN_B_PROGRESSED_PREVIOUS_ET_ONLY_CANDIDATE_V01_battle_a_all_universe_P1,2014-04-30,195425225.728441,0.0,3218040.0,198643265.728441,-0.008768054717223417,0.016200096128097703,0.9837999038719023,1,False,True,EXACT,100.0
2014-05-02,PATTERN_B_PROGRESSED_PREVIOUS_ET_ONLY_CANDIDATE_V01_battle_a_all_universe_P1,2014-05-02,195425225.728441,0.0,3258360.0,198683585.728441,-0.008566857501263181,0.016399744287147595,0.9836002557128524,1,False,True,EXACT,100.0
2014-05-07,PATTERN_B_PROGRESSED_PREVIOUS_ET_ONLY_CANDIDATE_V01_battle_a_all_universe_P1,2014-05-07,195425225.728441,0.0,3064320.0,198489545.728441,-0.009535119103071588,0.015438193426027487,0.9845618065739725,1,False,True,EXACT,100.0
2014-05-08,PATTERN_B_PROGRESSED_PREVIOUS_ET_ONLY_CANDIDATE_V01_battle_a_all_universe_P1,2014-05-08,195425225.728441,0.0,2918160.0,198343385.728441,-0.010264459010927207,0.014712666062862095,0.9852873339371379,1,False,True,EXACT,100.0
2014-05-09,PATTERN_B_PROGRESSED_PREVIOUS_ET_ONLY_CANDIDATE_V01_battle_a_all_universe_P1,2014-05-09,195425225.728441,0.0,2890440.0,198315665.728441,-0.01040278209689982,0.014574945400218446,0.9854250545997816,1,False,True,EXACT,100.0
2014-05-12,PATTERN_B_PROGRESSED_PREVIOUS_ET_ONLY_CANDIDATE_V01_battle_a_all_universe_P1,2014-05-12,195425225.728441,0.0,2904300.0,198329525.728441,-0.010333620553913514,0.014643810543754632,0.9853561894562454,1,False,True,EXACT,100.0
2014-05-13,PATTERN_B_PROGRESSED_PREVIOUS_ET_ONLY_CANDIDATE_V01_battle_a_all_universe_P1,2014-05-13,195425225.728441,0.0,2898000.0,198323225.728441,-0.01036505761890738,0.01461250939901592,0.9853874906009841,1,False,True,EXACT,100.0
2014-05-14,PATTERN_B_PROGRESSED_PREVIOUS_ET_ONLY_CANDIDATE_V01_battle_a_all_universe_P1,2014-05-14,195425225.728441,0.0,2997540.0,198422765.728441,-0.009868351992005642,0.01510683509019523,0.9848931649098047,1,False,True,EXACT,100.0
2014-05-15,PATTERN_B_PROGRESSED_PREVIOUS_ET_ONLY_CANDIDATE_V01_battle_a_all_universe_P1,2014-05-15,195425225.728441,0.0,3252060.0,198677285.728441,-0.008598294566256937,0.016368554603896836,0.9836314453961031,1,False,True,EXACT,100.0
2014-05-16,PATTERN_B_PROGRESSED_PREVIOUS_ET_ONLY_CANDIDATE_V01_battle_a_all_universe_P1,2014-05-16,195425225.728441,0.0,3144960.0,198570185.728441,-0.009132724671151227,0.015838027186523152,0.9841619728134768,1,False,True,EXACT,100.0
2014-05-19,PATTERN_B_PROGRESSED_PREVIOUS_ET_ONLY_CANDIDATE_V01_battle_a_all_universe_P1,2014-05-19,195425225.728441,0.0,3090780.0,198516005.728441,-0.009403083430097658,0.015569424685221692,0.9844305753147783,1,False,True,EXACT,100.0
2014-05-20,PATTERN_B_PROGRESSED_PREVIOUS_ET_ONLY_CANDIDATE_V01_battle_a_all_universe_P1,2014-05-20,195425225.728441,0.0,3104640.0,198529865.728441,-0.009333921887111352,0.015638150907968076,0.984361849092032,1,False,True,EXACT,100.0
2014-05-21,PATTERN_B_PROGRESSED_PREVIOUS_ET_ONLY_CANDIDATE_V01_battle_a_all_universe_P1,2014-05-21,195425225.728441,0.0,3157560.0,198582785.728441,-0.009069850541163604,0.01590047187835262,0.9840995281216474,1,False,True,EXACT,100.0
2014-05-22,PATTERN_B_PROGRESSED_PREVIOUS_ET_ONLY_CANDIDATE_V01_battle_a_all_universe_P1,2014-05-22,195425225.728441,0.0,2910600.0,198335825.728441,-0.010302183488919758,0.014675109699975021,0.985324890300025,1,False,True,EXACT,100.0
2014-05-23,PATTERN_B_PROGRESSED_PREVIOUS_ET_ONLY_CANDIDATE_V01_battle_a_all_universe_P1,2014-05-23,195425225.728441,0.0,2991240.0,198416465.728441,-0.009899789056999397,0.015075563356187913,0.9849244366438121,1,False,True,EXACT,100.0
2014-05-26,PATTERN_B_PROGRESSED_PREVIOUS_ET_ONLY_CANDIDATE_V01_battle_a_all_universe_P1,2014-05-26,195425225.728441,0.0,2937060.0,198362285.728441,-0.01017014781594594,0.01480654444575644,0.9851934555542435,1,False,True,EXACT,100.0
2014-05-27,PATTERN_B_PROGRESSED_PREVIOUS_ET_ONLY_CANDIDATE_V01_battle_a_all_universe_P1,2014-05-27,195425225.728441,0.0,2843820.0,198269045.728441,-0.010635416377853812,0.014343237440578775,0.9856567625594213,1,False,True,EXACT,100.0
2014-05-28,PATTERN_B_PROGRESSED_PREVIOUS_ET_ONLY_CANDIDATE_V01_battle_a_all_universe_P1,2014-05-28,195425225.728441,0.0,3264660.0,198689885.728441,-0.008535420436269425,0.016430931992491894,0.9835690680075081,1,False,True,EXACT,100.0
2014-05-29,PATTERN_B_PROGRESSED_PREVIOUS_ET_ONLY_CANDIDATE_V01_battle_a_all_universe_P1,2014-05-29,195425225.728441,0.0,3725820.0,199151045.728441,-0.006234227278724802,0.018708513361664517,0.9812914866383354,1,False,True,EXACT,100.0
2014-05-30,PATTERN_B_PROGRESSED_PREVIOUS_ET_ONLY_CANDIDATE_V01_battle_a_all_universe_P1,2014-05-30,195425225.728441,0.0,4272660.0,199697885.728441,-0.003505490037264747,0.02139561961016539,0.9786043803898347,1,False,True,EXACT,100.0
2014-06-02,PATTERN_B_PROGRESSED_PREVIOUS_ET_ONLY_CANDIDATE_V01_battle_a_all_universe_P1,2014-06-02,195425225.728441,0.0,4033260.0,199458485.728441,-0.00470009850702835,0.020221049935630255,0.9797789500643698,1,False,True,EXACT,100.0
2014-06-03,PATTERN_B_PROGRESSED_PREVIOUS_ET_ONLY_CANDIDATE_V01_battle_a_all_universe_P1,2014-06-03,195425225.728441,0.0,3772440.0,199197665.728441,-0.0060015929977708105,0.01893817372911805,0.9810618262708819,1,False,True,EXACT,100.0
2014-06-05,PATTERN_B_PROGRESSED_PREVIOUS_ET_ONLY_CANDIDATE_V01_battle_a_all_universe_P1,2014-06-05,195425225.728441,0.0,3598560.0,199023785.728441,-0.006869255991599155,0.01808105491928524,0.9819189450807148,1,False,True,EXACT,100.0
2014-06-09,PATTERN_B_PROGRESSED_PREVIOUS_ET_ONLY_CANDIDATE_V01_battle_a_all_universe_P1,2014-06-09,195425225.728441,0.0,3491460.0,198916685.728441,-0.007403686096493334,0.01755237368456111,0.9824476263154389,1,False,True,EXACT,100.0
2014-06-10,PATTERN_B_PROGRESSED_PREVIOUS_ET_ONLY_CANDIDATE_V01_battle_a_all_universe_P1,2014-06-10,195425225.728441,0.0,3919860.0,199345085.728441,-0.005265965676916395,0.019663690156575278,0.9803363098434247,1,False,True,EXACT,100.0
2014-06-11,PATTERN_B_PROGRESSED_PREVIOUS_ET_ONLY_CANDIDATE_V01_battle_a_all_universe_P1,2014-06-11,195425225.728441,0.0,3906000.0,199331225.728441,-0.005335127219902702,0.019595524914502564,0.9804044750854974,1,False,True,EXACT,100.0
2014-06-12,PATTERN_B_PROGRESSED_PREVIOUS_ET_ONLY_CANDIDATE_V01_battle_a_all_universe_P1,2014-06-12,195425225.728441,0.0,3906000.0,199331225.728441,-0.005335127219902702,0.019595524914502564,0.9804044750854974,1,False,True,EXACT,100.0
2014-06-13,PATTERN_B_PROGRESSED_PREVIOUS_ET_ONLY_CANDIDATE_V01_battle_a_all_universe_P1,2014-06-13,195425225.728441,0.0,3839220.0,199264445.728441,-0.005668360108836756,0.019266959471696803,0.9807330405283032,1,False,True,EXACT,100.0
2014-06-16,PATTERN_B_PROGRESSED_PREVIOUS_ET_ONLY_CANDIDATE_V01_battle_a_all_universe_P1,2014-06-16,195425225.728441,0.0,3792600.0,199217825.728441,-0.005900994389790748,0.019037453029779532,0.9809625469702205,1,False,True,EXACT,100.0
2014-06-17,PATTERN_B_PROGRESSED_PREVIOUS_ET_ONLY_CANDIDATE_V01_battle_a_all_universe_P1,2014-06-17,195425225.728441,0.0,3625020.0,199050245.728441,-0.0067372203186252255,0.018211582642030592,0.9817884173579694,1,False,True,EXACT,100.0
2014-06-18,PATTERN_B_PROGRESSED_PREVIOUS_ET_ONLY_CANDIDATE_V01_battle_a_all_universe_P1,2014-06-18,195425225.728441,0.0,3705660.0,199130885.728441,-0.006334825886704865,0.018609167465128876,0.9813908325348711,1,False,True,EXACT,100.0
2014-06-19,PATTERN_B_PROGRESSED_PREVIOUS_ET_ONLY_CANDIDATE_V01_battle_a_all_universe_P1,2014-06-19,195425225.728441,0.0,3671640.0,199096865.728441,-0.006504586037671345,0.018441475643358185,0.9815585243566418,1,False,True,EXACT,100.0
2014-06-20,PATTERN_B_PROGRESSED_PREVIOUS_ET_ONLY_CANDIDATE_V01_battle_a_all_universe_P1,2014-06-20,195425225.728441,0.0,3638880.0,199064105.728441,-0.006668058775638919,0.018279940457794446,0.9817200595422055,1,False,True,EXACT,100.0
2014-06-23,PATTERN_B_PROGRESSED_PREVIOUS_ET_ONLY_CANDIDATE_V01_battle_a_all_universe_P1,2014-06-23,195425225.728441,0.0,3618720.0,199043945.728441,-0.006768657383618981,0.018180507760517772,0.9818194922394822,1,False,True,EXACT,100.0
2014-06-24,PATTERN_B_PROGRESSED_PREVIOUS_ET_ONLY_CANDIDATE_V01_battle_a_all_universe_P1,2014-06-24,195425225.728441,0.0,3551940.0,198977165.728441,-0.007101890272553035,0.017850993037299555,0.9821490069627005,1,False,True,EXACT,100.0
2014-06-25,PATTERN_B_PROGRESSED_PREVIOUS_ET_ONLY_CANDIDATE_V01_battle_a_all_universe_P1,2014-06-25,195425225.728441,0.0,3572100.0,198997325.728441,-0.007001291664572973,0.017950492484882022,0.982049507515118,1,False,True,EXACT,100.0
2014-06-26,PATTERN_B_PROGRESSED_PREVIOUS_ET_ONLY_CANDIDATE_V01_battle_a_all_universe_P1,2014-06-26,195425225.728441,0.0,3538080.0,198963305.728441,-0.007171051815539453,0.017782575470619785,0.9822174245293802,1,False,True,EXACT,100.0
2014-06-27,PATTERN_B_PROGRESSED_PREVIOUS_ET_ONLY_CANDIDATE_V01_battle_a_all_universe_P1,2014-06-27,195425225.728441,0.0,3485160.0,198910385.728441,-0.0074351231614872,0.017521257058734252,0.9824787429412657,1,False,True,EXACT,100.0
2014-06-30,PATTERN_B_PROGRESSED_PREVIOUS_ET_ONLY_CANDIDATE_V01_battle_a_all_universe_P1,2014-06-30,195425225.728441,0.0,3418380.0,198843605.728441,-0.0077683560504212545,0.017191299601901466,0.9828087003980985,1,False,True,EXACT,100.0
2014-07-01,PATTERN_B_PROGRESSED_PREVIOUS_ET_ONLY_CANDIDATE_V01_battle_a_all_universe_P1,2014-07-01,185435882.68471095,0.0,13665739.0,199101621.68471095,-0.006480853766819505,0.06863700498452241,0.9313629950154776,3,False,True,EXACT,100.0
2014-07-02,PATTERN_B_PROGRESSED_PREVIOUS_ET_ONLY_CANDIDATE_V01_battle_a_all_universe_P1,2014-07-02,185435882.68471095,0.0,13598718.0,199034600.68471095,-0.00681528924823982,0.06832338675395247,0.9316766132460476,3,False,True,EXACT,100.0
2014-07-03,PATTERN_B_PROGRESSED_PREVIOUS_ET_ONLY_CANDIDATE_V01_battle_a_all_universe_P1,2014-07-03,185435882.68471095,0.0,14196425.0,199632307.68471095,-0.003832725152011829,0.07111286326670685,0.9288871367332932,3,False,True,EXACT,100.0
2014-07-04,PATTERN_B_PROGRESSED_PREVIOUS_ET_ONLY_CANDIDATE_V01_battle_a_all_universe_P1,2014-07-04,185435882.68471095,0.0,14154020.0,199589902.68471095,-0.004044326539481835,0.07091551130399058,0.9290844886960095,3,False,True,EXACT,100.0
2014-07-07,PATTERN_B_PROGRESSED_PREVIOUS_ET_ONLY_CANDIDATE_V01_battle_a_all_universe_P1,2014-07-07,185435882.68471095,0.0,14325105.0,199760987.68471095,-0.0031906106244881105,0.07171122432879519,0.9282887756712048,3,False,True,EXACT,100.0
2014-07-08,PATTERN_B_PROGRESSED_PREVIOUS_ET_ONLY_CANDIDATE_V01_battle_a_all_universe_P1,2014-07-08,185435882.68471095,0.0,14680508.0,200116390.68471095,-0.0014171459879827042,0.07335984798531349,0.9266401520146865,3,False,True,EXACT,100.0
2014-07-09,PATTERN_B_PROGRESSED_PREVIOUS_ET_ONLY_CANDIDATE_V01_battle_a_all_universe_P1,2014-07-09,185435882.68471095,0.0,14839760.0,200275642.68471095,-0.0006224768650637813,0.07409667896241318,0.9259033210375869,3,False,True,EXACT,100.0
2014-07-10,PATTERN_B_PROGRESSED_PREVIOUS_ET_ONLY_CANDIDATE_V01_battle_a_all_universe_P1,2014-07-10,185435882.68471095,0.0,14884210.0,200320092.68471095,-0.00040067090649653636,0.07430213215519348,0.9256978678448066,3,False,True,EXACT,100.0
2014-07-11,PATTERN_B_PROGRESSED_PREVIOUS_ET_ONLY_CANDIDATE_V01_battle_a_all_universe_P1,2014-07-11,185435882.68471095,0.0,14581044.0,200016926.68471095,-0.0019134723741003334,0.0728990503037989,0.927100949696201,3,False,True,EXACT,100.0
2014-07-14,PATTERN_B_PROGRESSED_PREVIOUS_ET_ONLY_CANDIDATE_V01_battle_a_all_universe_P1,2014-07-14,185435882.68471095,0.0,14510335.0,199946217.68471095,-0.00226631101356789,0.07257119023317012,0.9274288097668298,3,False,True,EXACT,100.0
2014-07-15,PATTERN_B_PROGRESSED_PREVIOUS_ET_ONLY_CANDIDATE_V01_battle_a_all_universe_P1,2014-07-15,185435882.68471095,0.0,14904597.0,200340479.68471095,-0.0002989395661746608,0.07439633280032247,0.9256036671996776,3,False,True,EXACT,100.0
2014-07-16,PATTERN_B_PROGRESSED_PREVIOUS_ET_ONLY_CANDIDATE_V01_battle_a_all_universe_P1,2014-07-16,185435882.68471095,0.0,15097495.0,200533377.68471095,0.0,0.07528669378788937,0.9247133062121107,3,False,True,EXACT,100.0
2014-07-17,PATTERN_B_PROGRESSED_PREVIOUS_ET_ONLY_CANDIDATE_V01_battle_a_all_universe_P1,2014-07-17,185435882.68471095,0.0,14974828.0,200410710.68471095,-0.0006117036546048338,0.07472069705674872,0.9252793029432513,3,False,True,EXACT,100.0
2014-07-18,PATTERN_B_PROGRESSED_PREVIOUS_ET_ONLY_CANDIDATE_V01_battle_a_all_universe_P1,2014-07-18,185435882.68471095,0.0,14548238.0,199984120.68471095,-0.002738980444759509,0.07274696586003607,0.927253034139964,3,False,True,EXACT,100.0
2014-07-21,PATTERN_B_PROGRESSED_PREVIOUS_ET_ONLY_CANDIDATE_V01_battle_a_all_universe_P1,2014-07-21,185435882.68471095,0.0,15169198.0,200605080.68471095,0.0,0.07561721741156337,0.9243827825884366,3,False,True,EXACT,100.0
2014-07-22,PATTERN_B_PROGRESSED_PREVIOUS_ET_ONLY_CANDIDATE_V01_battle_a_all_universe_P1,2014-07-22,185435882.68471095,0.0,14934345.0,200370227.68471095,-0.0011707230903543753,0.07453375270651325,0.9254662472934867,3,False,True,EXACT,100.0
2014-07-23,PATTERN_B_PROGRESSED_PREVIOUS_ET_ONLY_CANDIDATE_V01_battle_a_all_universe_P1,2014-07-23,185435882.68471095,0.0,14658425.0,200094307.68471095,-0.00254616183327272,0.07325758123563071,0.9267424187643692,3,False,True,EXACT,100.0
2014-07-24,PATTERN_B_PROGRESSED_PREVIOUS_ET_ONLY_CANDIDATE_V01_battle_a_all_universe_P1,2014-07-24,185435882.68471095,0.0,14866315.0,200302197.68471095,-0.0015098471034042937,0.07421943030001385,0.9257805696999861,3,False,True,EXACT,100.0
2014-07-25,PATTERN_B_PROGRESSED_PREVIOUS_ET_ONLY_CANDIDATE_V01_battle_a_all_universe_P1,2014-07-25,185435882.68471095,0.0,14813983.0,200249865.68471095,-0.0017707178641117594,0.07397749281552225,0.9260225071844778,3,False,True,EXACT,100.0
2014-07-28,PATTERN_B_PROGRESSED_PREVIOUS_ET_ONLY_CANDIDATE_V01_battle_a_all_universe_P1,2014-07-28,185435882.68471095,0.0,14561192.0,199997074.68471095,-0.0030308604244954074,0.07280702491751571,0.9271929750824843,3,False,True,EXACT,100.0
2014-07-29,PATTERN_B_PROGRESSED_PREVIOUS_ET_ONLY_CANDIDATE_V01_battle_a_all_universe_P1,2014-07-29,185435882.68471095,0.0,14164934.0,199600816.68471095,-0.005006174303124444,0.07096631284016688,0.9290336871598331,3,False,True,EXACT,100.0
2014-07-30,PATTERN_B_PROGRESSED_PREVIOUS_ET_ONLY_CANDIDATE_V01_battle_a_all_universe_P1,2014-07-30,185435882.68471095,0.0,14263473.0,199699355.68471095,-0.004514965408196847,0.07142473219853265,0.9285752678014674,3,False,True,EXACT,100.0
2014-07-31,PATTERN_B_PROGRESSED_PREVIOUS_ET_ONLY_CANDIDATE_V01_battle_a_all_universe_P1,2014-07-31,185435882.68471095,0.0,13913000.0,199348882.68471095,-0.006262044788259202,0.06979221459698232,0.9302077854030176,3,False,True,EXACT,100.0
2014-08-01,PATTERN_B_PROGRESSED_PREVIOUS_ET_ONLY_CANDIDATE_V01_battle_a_all_universe_P1,2014-08-01,180436083.7723527,5116110.4683,13734570.0,199286764.24065268,-0.006571700176080109,0.06891862614325228,0.9310813738567477,3,False,True,EXACT,100.0
2014-08-04,PATTERN_B_PROGRESSED_PREVIOUS_ET_ONLY_CANDIDATE_V01_battle_a_all_universe_P1,2014-08-04,185552194.24065268,0.0,13774013.0,199326207.24065268,-0.006375080031339131,0.06910287006750802,0.930897129932492,3,False,True,EXACT,100.0
2014-08-05,PATTERN_B_PROGRESSED_PREVIOUS_ET_ONLY_CANDIDATE_V01_battle_a_all_universe_P1,2014-08-05,185552194.24065268,0.0,14144888.0,199697082.24065268,-0.004526298341792079,0.07083172093097563,0.9291682790690243,3,False,True,EXACT,100.0
2014-08-06,PATTERN_B_PROGRESSED_PREVIOUS_ET_ONLY_CANDIDATE_V01_battle_a_all_universe_P1,2014-08-06,185552194.24065268,0.0,14132307.0,199684501.24065268,-0.004589013602826597,0.07077317925124417,0.9292268207487558,3,False,True,EXACT,100.0
2014-08-07,PATTERN_B_PROGRESSED_PREVIOUS_ET_ONLY_CANDIDATE_V01_battle_a_all_universe_P1,2014-08-07,185552194.24065268,0.0,14201070.0,199753264.24065268,-0.004246235644435492,0.0710930559957772,0.9289069440042228,3,False,True,EXACT,100.0
2014-08-08,PATTERN_B_PROGRESSED_PREVIOUS_ET_ONLY_CANDIDATE_V01_battle_a_all_universe_P1,2014-08-08,185552194.24065268,0.0,14053962.0,199606156.24065268,-0.004979557051340455,0.07040845966221611,0.9295915403377839,3,False,True,EXACT,100.0
2014-08-11,PATTERN_B_PROGRESSED_PREVIOUS_ET_ONLY_CANDIDATE_V01_battle_a_all_universe_P1,2014-08-11,185552194.24065268,0.0,13916198.0,199468392.24065268,-0.00566629937875196,0.06976643188265398,0.930233568117346,3,False,True,EXACT,100.0
2014-08-12,PATTERN_B_PROGRESSED_PREVIOUS_ET_ONLY_CANDIDATE_V01_battle_a_all_universe_P1,2014-08-12,185552194.24065268,0.0,13922498.0,199474692.24065268,-0.005634894391507883,0.06979581140650891,0.9302041885934911,3,False,True,EXACT,100.0
2014-08-13,PATTERN_B_PROGRESSED_PREVIOUS_ET_ONLY_CANDIDATE_V01_battle_a_all_universe_P1,2014-08-13,185552194.24065268,0.0,13914158.0,199466352.24065268,-0.005676468612716756,0.0697569181152559,0.9302430818847441,3,False,True,EXACT,100.0
2014-08-14,PATTERN_B_PROGRESSED_PREVIOUS_ET_ONLY_CANDIDATE_V01_battle_a_all_universe_P1,2014-08-14,185552194.24065268,0.0,13897872.0,199450066.24065268,-0.00575765299720199,0.06968095956022943,0.9303190404397705,3,False,True,EXACT,100.0
2014-08-18,PATTERN_B_PROGRESSED_PREVIOUS_ET_ONLY_CANDIDATE_V01_battle_a_all_universe_P1,2014-08-18,185552194.24065268,0.0,13742899.0,199295093.24065268,-0.006530180788975937,0.06895753817383343,0.9310424618261666,3,False,True,EXACT,100.0
2014-08-19,PATTERN_B_PROGRESSED_PREVIOUS_ET_ONLY_CANDIDATE_V01_battle_a_all_universe_P1,2014-08-19,185552194.24065268,0.0,13643813.0,199196007.24065268,-0.007024116434383276,0.0684944100486745,0.9315055899513255,3,False,True,EXACT,100.0
2014-08-20,PATTERN_B_PROGRESSED_PREVIOUS_ET_ONLY_CANDIDATE_V01_battle_a_all_universe_P1,2014-08-20,185552194.24065268,0.0,13842765.0,199394959.24065268,-0.006032356907052616,0.06942384628336049,0.9305761537166395,3,False,True,EXACT,100.0
2014-08-21,PATTERN_B_PROGRESSED_PREVIOUS_ET_ONLY_CANDIDATE_V01_battle_a_all_universe_P1,2014-08-21,185552194.24065268,0.0,13780223.0,199332417.24065268,-0.0063441236867699535,0.06913187122676202,0.930868128773238,3,False,True,EXACT,100.0
2014-08-22,PATTERN_B_PROGRESSED_PREVIOUS_ET_ONLY_CANDIDATE_V01_battle_a_all_universe_P1,2014-08-22,185552194.24065268,0.0,13841888.0,199394082.24065268,-0.006036728680673731,0.06941975330689078,0.9305802466931092,3,False,True,EXACT,100.0
2014-08-25,PATTERN_B_PROGRESSED_PREVIOUS_ET_ONLY_CANDIDATE_V01_battle_a_all_universe_P1,2014-08-25,185552194.24065268,0.0,13715817.0,199268011.24065268,-0.006665182354776533,0.06883100260099266,0.9311689973990074,3,False,True,EXACT,100.0
2014-08-26,PATTERN_B_PROGRESSED_PREVIOUS_ET_ONLY_CANDIDATE_V01_battle_a_all_universe_P1,2014-08-26,185552194.24065268,0.0,13699354.0,199251548.24065268,-0.0067472490698557985,0.06875406550645292,0.9312459344935471,3,False,True,EXACT,100.0
2014-08-27,PATTERN_B_PROGRESSED_PREVIOUS_ET_ONLY_CANDIDATE_V01_battle_a_all_universe_P1,2014-08-27,185552194.24065268,0.0,13653030.0,199205224.24065268,-0.0069781704395533994,0.06853750975680369,0.9314624902431963,3,False,True,EXACT,100.0
2014-08-28,PATTERN_B_PROGRESSED_PREVIOUS_ET_ONLY_CANDIDATE_V01_battle_a_all_universe_P1,2014-08-28,185552194.24065268,0.0,13673228.0,199225422.24065268,-0.006877485053465193,0.06863194388657658,0.9313680561134234,3,False,True,EXACT,100.0
2014-08-29,PATTERN_B_PROGRESSED_PREVIOUS_ET_ONLY_CANDIDATE_V01_battle_a_all_universe_P1,2014-08-29,185552194.24065268,0.0,13616393.0,199168587.24065268,-0.007160802902674179,0.06836616751991868,0.9316338324800814,3,False,True,EXACT,100.0
2014-09-01,PATTERN_B_PROGRESSED_PREVIOUS_ET_ONLY_CANDIDATE_V01_battle_a_all_universe_P1,2014-09-01,185552194.24065268,0.0,13563848.0,199116042.24065268,-0.007422735451045659,0.06812031741574424,0.9318796825842558,3,False,True,EXACT,100.0
2014-09-02,PATTERN_B_PROGRESSED_PREVIOUS_ET_ONLY_CANDIDATE_V01_battle_a_all_universe_P1,2014-09-02,185552194.24065268,0.0,13457517.0,199009711.24065268,-0.007952786831783687,0.06762241358024225,0.9323775864197578,3,False,True,EXACT,100.0
2014-09-03,PATTERN_B_PROGRESSED_PREVIOUS_ET_ONLY_CANDIDATE_V01_battle_a_all_universe_P1,2014-09-03,185552194.24065268,0.0,13412059.0,198964253.24065268,-0.008179391261964764,0.06740939028770032,0.9325906097122997,3,False,True,EXACT,100.0
2014-09-04,PATTERN_B_PROGRESSED_PREVIOUS_ET_ONLY_CANDIDATE_V01_battle_a_all_universe_P1,2014-09-04,185552194.24065268,0.0,13383964.0,198936158.24065268,-0.00831944255031758,0.06727768404881652,0.9327223159511835,3,False,True,EXACT,100.0
2014-09-05,PATTERN_B_PROGRESSED_PREVIOUS_ET_ONLY_CANDIDATE_V01_battle_a_all_universe_P1,2014-09-05,185552194.24065268,0.0,13455525.0,199007719.24065268,-0.0079627167896551,0.06761308079576919,0.9323869192042308,3,False,True,EXACT,100.0
2014-09-11,PATTERN_B_PROGRESSED_PREVIOUS_ET_ONLY_CANDIDATE_V01_battle_a_all_universe_P1,2014-09-11,185552194.24065268,0.0,13241273.0,198793467.24065268,-0.009030745571721455,0.0666081898152647,0.9333918101847353,3,False,True,EXACT,100.0
2014-09-12,PATTERN_B_PROGRESSED_PREVIOUS_ET_ONLY_CANDIDATE_V01_battle_a_all_universe_P1,2014-09-12,185552194.24065268,0.0,13157625.0,198709819.24065268,-0.009447724043624928,0.06621527335830907,0.933784726641691,3,False,True,EXACT,100.0
2014-09-15,PATTERN_B_PROGRESSED_PREVIOUS_ET_ONLY_CANDIDATE_V01_battle_a_all_universe_P1,2014-09-15,185552194.24065268,0.0,13011908.0,198564102.24065268,-0.010174111428743249,0.06553001198691004,0.93446998801309,3,False,True,EXACT,100.0
2014-09-16,PATTERN_B_PROGRESSED_PREVIOUS_ET_ONLY_CANDIDATE_V01_battle_a_all_universe_P1,2014-09-16,185552194.24065268,0.0,13175359.0,198727553.24065268,-0.009359321496992146,0.06629860220764186,0.9337013977923582,3,False,True,EXACT,100.0
2014-09-17,PATTERN_B_PROGRESSED_PREVIOUS_ET_ONLY_CANDIDATE_V01_battle_a_all_universe_P1,2014-09-17,185552194.24065268,0.0,13216095.0,198768289.24065268,-0.009156255852488249,0.06648995697698547,0.9335100430230145,3,False,True,EXACT,100.0
2014-09-18,PATTERN_B_PROGRESSED_PREVIOUS_ET_ONLY_CANDIDATE_V01_battle_a_all_universe_P1,2014-09-18,185552194.24065268,0.0,13046982.0,198599176.24065268,-0.009999270393410087,0.06569504590588186,0.9343049540941182,3,False,True,EXACT,100.0
2014-09-19,PATTERN_B_PROGRESSED_PREVIOUS_ET_ONLY_CANDIDATE_V01_battle_a_all_universe_P1,2014-09-19,185552194.24065268,0.0,13057845.0,198610039.24065268,-0.009945119222547816,0.06574614782779441,0.9342538521722056,3,False,True,EXACT,100.0
2014-09-22,PATTERN_B_PROGRESSED_PREVIOUS_ET_ONLY_CANDIDATE_V01_battle_a_all_universe_P1,2014-09-22,185552194.24065268,0.0,13099635.0,198651829.24065268,-0.009736799473828772,0.0659426849985394,0.9340573150014606,3,False,True,EXACT,100.0
2014-09-23,PATTERN_B_PROGRESSED_PREVIOUS_ET_ONLY_CANDIDATE_V01_battle_a_all_universe_P1,2014-09-23,185552194.24065268,0.0,12877665.0,198429859.24065268,-0.010843301857728305,0.06489781855049429,0.9351021814495057,3,False,True,EXACT,100.0
2014-09-24,PATTERN_B_PROGRESSED_PREVIOUS_ET_ONLY_CANDIDATE_V01_battle_a_all_universe_P1,2014-09-24,185552194.24065268,0.0,12889279.0,198441473.24065268,-0.0107854070129898,0.06495254640832562,0.9350474535916744,3,False,True,EXACT,100.0
2014-09-25,PATTERN_B_PROGRESSED_PREVIOUS_ET_ONLY_CANDIDATE_V01_battle_a_all_universe_P1,2014-09-25,185552194.24065268,0.0,12917295.0,198469489.24065268,-0.010645749533207294,0.06508453792782845,0.9349154620721716,3,False,True,EXACT,100.0
2014-09-26,PATTERN_B_PROGRESSED_PREVIOUS_ET_ONLY_CANDIDATE_V01_battle_a_all_universe_P1,2014-09-26,185552194.24065268,0.0,12960240.0,198512434.24065268,-0.010431672203493503,0.06528679198144616,0.9347132080185538,3,False,True,EXACT,100.0
2014-09-29,PATTERN_B_PROGRESSED_PREVIOUS_ET_ONLY_CANDIDATE_V01_battle_a_all_universe_P1,2014-09-29,185552194.24065268,0.0,12720274.0,198272468.24065268,-0.011627883182701693,0.06415552352211,0.93584447647789,3,False,True,EXACT,100.0
2014-09-30,PATTERN_B_PROGRESSED_PREVIOUS_ET_ONLY_CANDIDATE_V01_battle_a_all_universe_P1,2014-09-30,185552194.24065268,0.0,12676148.0,198228342.24065268,-0.0118478477012941,0.06394720279005782,0.9360527972099422,3,False,True,EXACT,100.0
2014-10-01,PATTERN_B_PROGRESSED_PREVIOUS_ET_ONLY_CANDIDATE_V01_battle_a_all_universe_P1,2014-10-01,180553161.20815918,0.0,17580783.0,198133944.20815918,-0.012318414210234496,0.08873180751668508,0.9112681924833149,4,False,True,EXACT,100.0
2014-10-02,PATTERN_B_PROGRESSED_PREVIOUS_ET_ONLY_CANDIDATE_V01_battle_a_all_universe_P1,2014-10-02,180553161.20815918,0.0,17628813.0,198181974.20815918,-0.012078988569387938,0.08895265611535229,0.9110473438846477,4,False,True,EXACT,100.0
2014-10-06,PATTERN_B_PROGRESSED_PREVIOUS_ET_ONLY_CANDIDATE_V01_battle_a_all_universe_P1,2014-10-06,180553161.20815918,0.0,17625965.0,198179126.20815918,-0.012093185617589763,0.08893956360210416,0.9110604363978958,4,False,True,EXACT,100.0
2014-10-07,PATTERN_B_PROGRESSED_PREVIOUS_ET_ONLY_CANDIDATE_V01_battle_a_all_universe_P1,2014-10-07,180553161.20815918,0.0,17649895.0,198203056.20815918,-0.011973896515248383,0.08904956027248902,0.910950439727511,4,False,True,EXACT,100.0
2014-10-08,PATTERN_B_PROGRESSED_PREVIOUS_ET_ONLY_CANDIDATE_V01_battle_a_all_universe_P1,2014-10-08,180553161.20815918,0.0,17800568.0,198353729.20815918,-0.011222803873498055,0.08974153433394477,0.9102584656660553,4,False,True,EXACT,100.0
2014-10-10,PATTERN_B_PROGRESSED_PREVIOUS_ET_ONLY_CANDIDATE_V01_battle_a_all_universe_P1,2014-10-10,180553161.20815918,0.0,17598868.0,198152029.20815918,-0.012228261957169528,0.0888149774207578,0.9111850225792422,4,False,True,EXACT,100.0
2014-10-13,PATTERN_B_PROGRESSED_PREVIOUS_ET_ONLY_CANDIDATE_V01_battle_a_all_universe_P1,2014-10-13,180553161.20815918,0.0,16976335.0,197529496.20815918,-0.015331538294314884,0.08594329113313849,0.9140567088668615,4,False,True,EXACT,100.0
2014-10-14,PATTERN_B_PROGRESSED_PREVIOUS_ET_ONLY_CANDIDATE_V01_battle_a_all_universe_P1,2014-10-14,180553161.20815918,0.0,16906114.0,197459275.20815918,-0.01568158426403965,0.08561823182110731,0.9143817681788927,4,False,True,EXACT,100.0
2014-10-15,PATTERN_B_PROGRESSED_PREVIOUS_ET_ONLY_CANDIDATE_V01_battle_a_all_universe_P1,2014-10-15,180553161.20815918,0.0,16948869.0,197502030.20815918,-0.01546845406886177,0.08581617607746399,0.914183823922536,4,False,True,EXACT,100.0
2014-10-16,PATTERN_B_PROGRESSED_PREVIOUS_ET_ONLY_CANDIDATE_V01_battle_a_all_universe_P1,2014-10-16,180553161.20815918,0.0,16815125.0,197368286.20815918,-0.016135157023460467,0.0851966915407348,0.9148033084592652,4,False,True,EXACT,100.0
2014-10-17,PATTERN_B_PROGRESSED_PREVIOUS_ET_ONLY_CANDIDATE_V01_battle_a_all_universe_P1,2014-10-17,180553161.20815918,0.0,17275013.0,197828174.20815918,-0.013842652773666364,0.08732332019514495,0.912676679804855,4,False,True,EXACT,100.0
2014-10-20,PATTERN_B_PROGRESSED_PREVIOUS_ET_ONLY_CANDIDATE_V01_battle_a_all_universe_P1,2014-10-20,180553161.20815918,0.0,17509769.0,198062930.20815918,-0.012672413220417122,0.08840507904027105,0.9115949209597289,4,False,True,EXACT,100.0
2014-10-21,PATTERN_B_PROGRESSED_PREVIOUS_ET_ONLY_CANDIDATE_V01_battle_a_all_universe_P1,2014-10-21,180553161.20815918,0.0,17253164.0,197806325.20815918,-0.01395156826037991,0.08722250909744081,0.9127774909025592,4,False,True,EXACT,100.0
2014-10-22,PATTERN_B_PROGRESSED_PREVIOUS_ET_ONLY_CANDIDATE_V01_battle_a_all_universe_P1,2014-10-22,180553161.20815918,0.0,17020647.0,197573808.20815918,-0.015110646580861031,0.0861482964486236,0.9138517035513763,4,False,True,EXACT,100.0
2014-10-23,PATTERN_B_PROGRESSED_PREVIOUS_ET_ONLY_CANDIDATE_V01_battle_a_all_universe_P1,2014-10-23,180553161.20815918,0.0,17145743.0,197698904.20815918,-0.014487053202403066,0.0867265454438082,0.9132734545561918,4,False,True,EXACT,100.0
2014-10-24,PATTERN_B_PROGRESSED_PREVIOUS_ET_ONLY_CANDIDATE_V01_battle_a_all_universe_P1,2014-10-24,180553161.20815918,0.0,16891133.0,197444294.20815918,-0.015756263329738673,0.08554885350190075,0.9144511464980992,4,False,True,EXACT,100.0
2014-10-27,PATTERN_B_PROGRESSED_PREVIOUS_ET_ONLY_CANDIDATE_V01_battle_a_all_universe_P1,2014-10-27,180553161.20815918,0.0,16781818.0,197334979.20815918,-0.01630118970760941,0.08504228731946031,0.9149577126805397,4,False,True,EXACT,100.0
2014-10-28,PATTERN_B_PROGRESSED_PREVIOUS_ET_ONLY_CANDIDATE_V01_battle_a_all_universe_P1,2014-10-28,180553161.20815918,0.0,16637995.0,197191156.20815918,-0.01701813565688004,0.0843749553475744,0.9156250446524256,4,False,True,EXACT,100.0
2014-10-29,PATTERN_B_PROGRESSED_PREVIOUS_ET_ONLY_CANDIDATE_V01_battle_a_all_universe_P1,2014-10-29,180553161.20815918,0.0,16701750.0,197254911.20815918,-0.01670032217088857,0.08467089563298617,0.9153291043670139,4,False,True,EXACT,100.0
2014-10-30,PATTERN_B_PROGRESSED_PREVIOUS_ET_ONLY_CANDIDATE_V01_battle_a_all_universe_P1,2014-10-30,180553161.20815918,0.0,16627925.0,197181086.20815918,-0.01706833378728445,0.08432819455333719,0.9156718054466628,4,False,True,EXACT,100.0
2014-10-31,PATTERN_B_PROGRESSED_PREVIOUS_ET_ONLY_CANDIDATE_V01_battle_a_all_universe_P1,2014-10-31,180553161.20815918,0.0,16588373.0,197141534.20815918,-0.017265497288153853,0.0841444856692885,0.9158555143307114,4,False,True,EXACT,100.0
2014-11-03,PATTERN_B_PROGRESSED_PREVIOUS_ET_ONLY_CANDIDATE_V01_battle_a_all_universe_P1,2014-11-03,180553161.20815918,0.0,16510245.0,197063406.20815918,-0.01765495900932934,0.08378138446749538,0.9162186155325046,4,False,True,EXACT,100.0
2014-11-04,PATTERN_B_PROGRESSED_PREVIOUS_ET_ONLY_CANDIDATE_V01_battle_a_all_universe_P1,2014-11-04,180553161.20815918,0.0,16235865.0,196789026.20815918,-0.019022720977587948,0.08250391453650496,0.917496085463495,4,False,True,EXACT,100.0
2014-11-05,PATTERN_B_PROGRESSED_PREVIOUS_ET_ONLY_CANDIDATE_V01_battle_a_all_universe_P1,2014-11-05,180553161.20815918,0.0,16240815.0,196793976.20815918,-0.018998045630467586,0.08252699250723634,0.9174730074927636,4,False,True,EXACT,100.0
2014-11-06,PATTERN_B_PROGRESSED_PREVIOUS_ET_ONLY_CANDIDATE_V01_battle_a_all_universe_P1,2014-11-06,180553161.20815918,0.0,16134378.0,196687539.20815918,-0.01952862541257827,0.08203050414355227,0.9179694958564477,4,False,True,EXACT,100.0
2014-11-07,PATTERN_B_PROGRESSED_PREVIOUS_ET_ONLY_CANDIDATE_V01_battle_a_all_universe_P1,2014-11-07,180553161.20815918,0.0,16504995.0,197058156.20815918,-0.017681129832032738,0.08375697467992757,0.9162430253200724,4,False,True,EXACT,100.0
2014-11-10,PATTERN_B_PROGRESSED_PREVIOUS_ET_ONLY_CANDIDATE_V01_battle_a_all_universe_P1,2014-11-10,180553161.20815918,0.0,16724273.0,197277434.20815918,-0.0165880468490317,0.08477539799282478,0.9152246020071753,4,False,True,EXACT,100.0
2014-11-11,PATTERN_B_PROGRESSED_PREVIOUS_ET_ONLY_CANDIDATE_V01_battle_a_all_universe_P1,2014-11-11,180553161.20815918,0.0,16920008.0,197473169.20815918,-0.015612323804869987,0.08568256673981055,0.9143174332601894,4,False,True,EXACT,100.0
2014-11-12,PATTERN_B_PROGRESSED_PREVIOUS_ET_ONLY_CANDIDATE_V01_battle_a_all_universe_P1,2014-11-12,180553161.20815918,0.0,16894168.0,197447329.20815918,-0.015741134101756815,0.08556290970231001,0.91443709029769,4,False,True,EXACT,100.0
2014-11-13,PATTERN_B_PROGRESSED_PREVIOUS_ET_ONLY_CANDIDATE_V01_battle_a_all_universe_P1,2014-11-13,180553161.20815918,0.0,17444054.0,197997215.20815918,-0.01299999714688449,0.08810252195547624,0.9118974780445237,4,False,True,EXACT,100.0
2014-11-14,PATTERN_B_PROGRESSED_PREVIOUS_ET_ONLY_CANDIDATE_V01_battle_a_all_universe_P1,2014-11-14,180553161.20815918,0.0,17521298.0,198074459.20815918,-0.012614942093760462,0.08845813877288755,0.9115418612271124,4,False,True,EXACT,100.0
2014-11-17,PATTERN_B_PROGRESSED_PREVIOUS_ET_ONLY_CANDIDATE_V01_battle_a_all_universe_P1,2014-11-17,180553161.20815918,0.0,17302227.0,197855388.20815918,-0.01370699319860913,0.08744885421971282,0.9125511457802872,4,False,True,EXACT,100.0
2014-11-18,PATTERN_B_PROGRESSED_PREVIOUS_ET_ONLY_CANDIDATE_V01_battle_a_all_universe_P1,2014-11-18,180553161.20815918,0.0,17002655.0,197555816.20815918,-0.015200335236495222,0.08606506923635579,0.9139349307636442,4,False,True,EXACT,100.0
2014-11-19,PATTERN_B_PROGRESSED_PREVIOUS_ET_ONLY_CANDIDATE_V01_battle_a_all_universe_P1,2014-11-19,180553161.20815918,0.0,16886054.0,197439215.20815918,-0.015781581731359684,0.08552532981959596,0.9144746701804041,4,False,True,EXACT,100.0
2014-11-20,PATTERN_B_PROGRESSED_PREVIOUS_ET_ONLY_CANDIDATE_V01_battle_a_all_universe_P1,2014-11-20,180553161.20815918,0.0,18053660.0,198606821.20815918,-0.009961160852612783,0.09090151028135139,0.9090984897186486,4,False,True,EXACT,100.0
2014-11-21,PATTERN_B_PROGRESSED_PREVIOUS_ET_ONLY_CANDIDATE_V01_battle_a_all_universe_P1,2014-11-21,180553161.20815918,0.0,18097880.0,198651041.20815918,-0.009740727751671008,0.0911038768784297,0.9088961231215703,4,False,True,EXACT,100.0
2014-11-24,PATTERN_B_PROGRESSED_PREVIOUS_ET_ONLY_CANDIDATE_V01_battle_a_all_universe_P1,2014-11-24,180553161.20815918,0.0,18451220.0,199004381.20815918,-0.007979356609953303,0.092717657209265,0.907282342790735,4,False,True,EXACT,100.0
2014-11-25,PATTERN_B_PROGRESSED_PREVIOUS_ET_ONLY_CANDIDATE_V01_battle_a_all_universe_P1,2014-11-25,180553161.20815918,0.0,18830184.0,199383345.20815918,-0.006090251913768663,0.09444211090119392,0.9055578890988061,4,False,True,EXACT,100.0
2014-11-26,PATTERN_B_PROGRESSED_PREVIOUS_ET_ONLY_CANDIDATE_V01_battle_a_all_universe_P1,2014-11-26,180553161.20815918,0.0,18158485.0,198711646.20815918,-0.009438616759301688,0.09138108080981922,0.9086189191901808,4,False,True,EXACT,100.0
2014-11-27,PATTERN_B_PROGRESSED_PREVIOUS_ET_ONLY_CANDIDATE_V01_battle_a_all_universe_P1,2014-11-27,180553161.20815918,0.0,18492055.0,199045216.20815918,-0.007775797458506983,0.09290379016525181,0.9070962098347481,4,False,True,EXACT,100.0
2014-11-28,PATTERN_B_PROGRESSED_PREVIOUS_ET_ONLY_CANDIDATE_V01_battle_a_all_universe_P1,2014-11-28,180553161.20815918,0.0,18640714.0,199193875.20815918,-0.007034744442837693,0.09358075884873622,0.9064192411512638,4,False,True,EXACT,100.0
2014-12-01,PATTERN_B_PROGRESSED_PREVIOUS_ET_ONLY_CANDIDATE_V01_battle_a_all_universe_P1,2014-12-01,180553161.20815918,0.0,18284333.0,198837494.20815918,-0.0088112747220489,0.0919561628595987,0.9080438371404013,4,False,True,EXACT,100.0
2014-12-02,PATTERN_B_PROGRESSED_PREVIOUS_ET_ONLY_CANDIDATE_V01_battle_a_all_universe_P1,2014-12-02,180553161.20815918,0.0,18188207.0,198741368.20815918,-0.009290455008370113,0.09151696581332731,0.9084830341866726,4,False,True,EXACT,100.0
2014-12-03,PATTERN_B_PROGRESSED_PREVIOUS_ET_ONLY_CANDIDATE_V01_battle_a_all_universe_P1,2014-12-03,180553161.20815918,0.0,17890638.0,198443799.20815918,-0.01077381225427998,0.09015468395277736,0.9098453160472226,4,False,True,EXACT,100.0
2014-12-04,PATTERN_B_PROGRESSED_PREVIOUS_ET_ONLY_CANDIDATE_V01_battle_a_all_universe_P1,2014-12-04,180553161.20815918,0.0,17508687.0,198061848.20815918,-0.012677806902353317,0.08840009905188155,0.9115999009481185,4,False,True,EXACT,100.0
2014-12-05,PATTERN_B_PROGRESSED_PREVIOUS_ET_ONLY_CANDIDATE_V01_battle_a_all_universe_P1,2014-12-05,180553161.20815918,0.0,17457143.0,198010304.20815918,-0.012934749547195978,0.08816280076842922,0.9118371992315708,4,False,True,EXACT,100.0
2014-12-08,PATTERN_B_PROGRESSED_PREVIOUS_ET_ONLY_CANDIDATE_V01_battle_a_all_universe_P1,2014-12-08,180553161.20815918,0.0,17945914.0,198499075.20815918,-0.010498265893184255,0.09040804840617386,0.9095919515938261,4,False,True,EXACT,100.0
2014-12-09,PATTERN_B_PROGRESSED_PREVIOUS_ET_ONLY_CANDIDATE_V01_battle_a_all_universe_P1,2014-12-09,180553161.20815918,0.0,17583833.0,198136994.20815918,-0.01230321020847347,0.08874583502325033,0.9112541649767497,4,False,True,EXACT,100.0
2014-12-10,PATTERN_B_PROGRESSED_PREVIOUS_ET_ONLY_CANDIDATE_V01_battle_a_all_universe_P1,2014-12-10,180553161.20815918,0.0,17485315.0,198038476.20815918,-0.012794314420110253,0.08829251433757299,0.911707485662427,4,False,True,EXACT,100.0
2014-12-11,PATTERN_B_PROGRESSED_PREVIOUS_ET_ONLY_CANDIDATE_V01_battle_a_all_universe_P1,2014-12-11,180553161.20815918,0.0,17550828.0,198103989.20815918,-0.012467737447202087,0.08859401605264164,0.9114059839473584,4,False,True,EXACT,100.0
2014-12-12,PATTERN_B_PROGRESSED_PREVIOUS_ET_ONLY_CANDIDATE_V01_battle_a_all_universe_P1,2014-12-12,180553161.20815918,0.0,17499763.0,198052924.20815918,-0.012722292316030503,0.08835902357900688,0.9116409764209931,4,False,True,EXACT,100.0
2014-12-15,PATTERN_B_PROGRESSED_PREVIOUS_ET_ONLY_CANDIDATE_V01_battle_a_all_universe_P1,2014-12-15,180553161.20815918,0.0,17192985.0,197746146.20815918,-0.014251555677421424,0.08694472853039399,0.913055271469606,4,False,True,EXACT,100.0
2014-12-16,PATTERN_B_PROGRESSED_PREVIOUS_ET_ONLY_CANDIDATE_V01_battle_a_all_universe_P1,2014-12-16,180553161.20815918,0.0,17613373.0,198166534.20815918,-0.012155955712728983,0.08888167253053164,0.9111183274694684,4,False,True,EXACT,100.0
2014-12-17,PATTERN_B_PROGRESSED_PREVIOUS_ET_ONLY_CANDIDATE_V01_battle_a_all_universe_P1,2014-12-17,180553161.20815918,0.0,17215869.0,197769030.20815918,-0.014137480799946256,0.08705037882766409,0.9129496211723359,4,False,True,EXACT,100.0
2014-12-18,PATTERN_B_PROGRESSED_PREVIOUS_ET_ONLY_CANDIDATE_V01_battle_a_all_universe_P1,2014-12-18,180553161.20815918,0.0,16800790.0,197353951.20815918,-0.016206615831737325,0.0851302438950379,0.9148697561049621,4,False,True,EXACT,100.0
2014-12-19,PATTERN_B_PROGRESSED_PREVIOUS_ET_ONLY_CANDIDATE_V01_battle_a_all_universe_P1,2014-12-19,180553161.20815918,0.0,16706300.0,197259461.20815918,-0.016677640791212256,0.084692008675673,0.9153079913243269,4,False,True,EXACT,100.0
2014-12-22,PATTERN_B_PROGRESSED_PREVIOUS_ET_ONLY_CANDIDATE_V01_battle_a_all_universe_P1,2014-12-22,180553161.20815918,0.0,16748168.0,197301329.20815918,-0.016468932218841714,0.08488624008371555,0.9151137599162844,4,False,True,EXACT,100.0
2014-12-23,PATTERN_B_PROGRESSED_PREVIOUS_ET_ONLY_CANDIDATE_V01_battle_a_all_universe_P1,2014-12-23,180553161.20815918,0.0,17001392.0,197554553.20815918,-0.015206631188699804,0.08605922629424786,0.9139407737057521,4,False,True,EXACT,100.0
2014-12-24,PATTERN_B_PROGRESSED_PREVIOUS_ET_ONLY_CANDIDATE_V01_battle_a_all_universe_P1,2014-12-24,180553161.20815918,0.0,16910269.0,197463430.20815918,-0.015660871927214437,0.08563747212419927,0.9143625278758007,4,False,True,EXACT,100.0
2014-12-26,PATTERN_B_PROGRESSED_PREVIOUS_ET_ONLY_CANDIDATE_V01_battle_a_all_universe_P1,2014-12-26,180553161.20815918,0.0,16977573.0,197530734.20815918,-0.015325366965075471,0.08594901987307414,0.9140509801269259,4,False,True,EXACT,100.0
2014-12-29,PATTERN_B_PROGRESSED_PREVIOUS_ET_ONLY_CANDIDATE_V01_battle_a_all_universe_P1,2014-12-29,180553161.20815918,0.0,17053613.0,197606774.20815918,-0.014946313753958163,0.08630075091472171,0.9136992490852783,4,False,True,EXACT,100.0
2014-12-30,PATTERN_B_PROGRESSED_PREVIOUS_ET_ONLY_CANDIDATE_V01_battle_a_all_universe_P1,2014-12-30,180553161.20815918,0.0,16925055.0,197478216.20815918,-0.01558716492064438,0.08570593417837805,0.914294065821622,4,False,True,EXACT,100.0
2015-01-02,PATTERN_B_PROGRESSED_PREVIOUS_ET_ONLY_CANDIDATE_V01_battle_a_all_universe_P1,2015-01-02,180553161.20815918,4133441.6907300004,13042550.0,197729152.89888918,-0.014336265941049753,0.0659616946150042,0.9340383053849958,3,False,True,EXACT,100.0
2015-01-05,PATTERN_B_PROGRESSED_PREVIOUS_ET_ONLY_CANDIDATE_V01_battle_a_all_universe_P1,2015-01-05,184686602.89888918,0.0,13099350.0,197785952.89888918,-0.014053122563992049,0.06622993093294427,0.9337700690670557,3,False,True,EXACT,100.0
2015-01-06,PATTERN_B_PROGRESSED_PREVIOUS_ET_ONLY_CANDIDATE_V01_battle_a_all_universe_P1,2015-01-06,184686602.89888918,0.0,12942894.0,197629496.89888918,-0.014833042990064937,0.06549069953166868,0.9345093004683314,3,False,True,EXACT,100.0
2015-01-07,PATTERN_B_PROGRESSED_PREVIOUS_ET_ONLY_CANDIDATE_V01_battle_a_all_universe_P1,2015-01-07,184686602.89888918,0.0,12896583.0,197583185.89888918,-0.015063899555820548,0.06527166237009495,0.934728337629905,3,False,True,EXACT,100.0
2015-01-08,PATTERN_B_PROGRESSED_PREVIOUS_ET_ONLY_CANDIDATE_V01_battle_a_all_universe_P1,2015-01-08,184686602.89888918,0.0,12897282.0,197583884.89888918,-0.015060415097712054,0.06527496919397048,0.9347250308060295,3,False,True,EXACT,100.0
2015-01-09,PATTERN_B_PROGRESSED_PREVIOUS_ET_ONLY_CANDIDATE_V01_battle_a_all_universe_P1,2015-01-09,184686602.89888918,0.0,12923532.0,197610134.89888918,-0.014929560984195067,0.06539913555857123,0.9346008644414288,3,False,True,EXACT,100.0
2015-01-12,PATTERN_B_PROGRESSED_PREVIOUS_ET_ONLY_CANDIDATE_V01_battle_a_all_universe_P1,2015-01-12,184686602.89888918,0.0,12882835.0,197569437.89888918,-0.015132432216873215,0.06520661868053243,0.9347933813194675,3,False,True,EXACT,100.0
2015-01-13,PATTERN_B_PROGRESSED_PREVIOUS_ET_ONLY_CANDIDATE_V01_battle_a_all_universe_P1,2015-01-13,184686602.89888918,0.0,12974455.0,197661057.89888918,-0.014675713973809401,0.06563991480120938,0.9343600851987907,3,False,True,EXACT,100.0
2015-01-14,PATTERN_B_PROGRESSED_PREVIOUS_ET_ONLY_CANDIDATE_V01_battle_a_all_universe_P1,2015-01-14,184686602.89888918,0.0,12988492.0,197675094.89888918,-0.0146057406712784,0.06570626414340974,0.9342937358565903,3,False,True,EXACT,100.0
2015-01-15,PATTERN_B_PROGRESSED_PREVIOUS_ET_ONLY_CANDIDATE_V01_battle_a_all_universe_P1,2015-01-15,184686602.89888918,0.0,13009153.0,197695755.89888918,-0.014502747267873706,0.06580390631477939,0.9341960936852206,3,False,True,EXACT,100.0
2015-01-16,PATTERN_B_PROGRESSED_PREVIOUS_ET_ONLY_CANDIDATE_V01_battle_a_all_universe_P1,2015-01-16,184686602.89888918,0.0,13179695.0,197866297.89888918,-0.013652609278257954,0.0666090948279373,0.9333909051720627,3,False,True,EXACT,100.0
2015-01-19,PATTERN_B_PROGRESSED_PREVIOUS_ET_ONLY_CANDIDATE_V01_battle_a_all_universe_P1,2015-01-19,184686602.89888918,0.0,13649600.0,198336202.89888918,-0.011310171098745658,0.06882051688242967,0.9311794831175704,3,False,True,EXACT,100.0
2015-01-20,PATTERN_B_PROGRESSED_PREVIOUS_ET_ONLY_CANDIDATE_V01_battle_a_all_universe_P1,2015-01-20,184686602.89888918,0.0,13553484.0,198240086.89888918,-0.01178930153588087,0.06836903782690959,0.9316309621730904,3,False,True,EXACT,100.0
2015-01-21,PATTERN_B_PROGRESSED_PREVIOUS_ET_ONLY_CANDIDATE_V01_battle_a_all_universe_P1,2015-01-21,184686602.89888918,0.0,13513607.0,198200209.89888918,-0.011988085135298587,0.06818159782420966,0.9318184021757904,3,False,True,EXACT,100.0
2015-01-22,PATTERN_B_PROGRESSED_PREVIOUS_ET_ONLY_CANDIDATE_V01_battle_a_all_universe_P1,2015-01-22,184686602.89888918,0.0,13425189.0,198111791.89888918,-0.012428841668972734,0.06776572394464964,0.9322342760553504,3,False,True,EXACT,100.0
2015-01-23,PATTERN_B_PROGRESSED_PREVIOUS_ET_ONLY_CANDIDATE_V01_battle_a_all_universe_P1,2015-01-23,184686602.89888918,0.0,13583007.0,198269609.89888918,-0.01164213178375284,0.06850776075530121,0.9314922392446988,3,False,True,EXACT,100.0
2015-01-26,PATTERN_B_PROGRESSED_PREVIOUS_ET_ONLY_CANDIDATE_V01_battle_a_all_universe_P1,2015-01-26,184686602.89888918,0.0,13616518.0,198303120.89888918,-0.011475082176207407,0.06866517248078406,0.9313348275192159,3,False,True,EXACT,100.0
2015-01-27,PATTERN_B_PROGRESSED_PREVIOUS_ET_ONLY_CANDIDATE_V01_battle_a_all_universe_P1,2015-01-27,184686602.89888918,0.0,13642075.0,198328677.89888918,-0.011347682611287269,0.06878518600802112,0.9312148139919789,3,False,True,EXACT,100.0
2015-01-28,PATTERN_B_PROGRESSED_PREVIOUS_ET_ONLY_CANDIDATE_V01_battle_a_all_universe_P1,2015-01-28,184686602.89888918,0.0,13975238.0,198661840.89888918,-0.009686892172366957,0.07034686649819594,0.929653133501804,3,False,True,EXACT,100.0
2015-01-29,PATTERN_B_PROGRESSED_PREVIOUS_ET_ONLY_CANDIDATE_V01_battle_a_all_universe_P1,2015-01-29,184686602.89888918,0.0,13893054.0,198579656.89888918,-0.010096572723425234,0.06996212108007582,0.9300378789199242,3,False,True,EXACT,100.0
2015-01-30,PATTERN_B_PROGRESSED_PREVIOUS_ET_ONLY_CANDIDATE_V01_battle_a_all_universe_P1,2015-01-30,184686602.89888918,0.0,13784463.0,198471065.89888918,-0.010637890020222196,0.06945326230586416,0.9305467376941359,3,False,True,EXACT,100.0
2015-02-02,PATTERN_B_PROGRESSED_PREVIOUS_ET_ONLY_CANDIDATE_V01_battle_a_all_universe_P1,2015-02-02,174704134.75323918,0.0,23960388.0,198664522.75323918,-0.009673523346707902,0.12060728140052036,0.8793927185994797,5,False,True,EXACT,100.0
2015-02-03,PATTERN_B_PROGRESSED_PREVIOUS_ET_ONLY_CANDIDATE_V01_battle_a_all_universe_P1,2015-02-03,174704134.75323918,0.0,23716850.0,198420984.75323918,-0.01088754045519158,0.11952793213628493,0.8804720678637151,5,False,True,EXACT,100.0
2015-02-04,PATTERN_B_PROGRESSED_PREVIOUS_ET_ONLY_CANDIDATE_V01_battle_a_all_universe_P1,2015-02-04,174704134.75323918,0.0,23441220.0,198145354.75323918,-0.01226153357171289,0.11830315189166349,0.8816968481083365,5,False,True,EXACT,100.0
2015-02-05,PATTERN_B_PROGRESSED_PREVIOUS_ET_ONLY_CANDIDATE_V01_battle_a_all_universe_P1,2015-02-05,174704134.75323918,0.0,23609302.0,198313436.75323918,-0.011423658481878207,0.11905044048718183,0.8809495595128182,5,False,True,EXACT,100.0
2015-02-06,PATTERN_B_PROGRESSED_PREVIOUS_ET_ONLY_CANDIDATE_V01_battle_a_all_universe_P1,2015-02-06,174704134.75323918,0.0,23387733.0,198091867.75323918,-0.012528161913415103,0.11806508396969549,0.8819349160303045,5,False,True,EXACT,100.0
2015-02-09,PATTERN_B_PROGRESSED_PREVIOUS_ET_ONLY_CANDIDATE_V01_battle_a_all_universe_P1,2015-02-09,174704134.75323918,0.0,23267117.0,197971251.75323918,-0.013129422856499429,0.11752775614613603,0.882472243853864,5,False,True,EXACT,100.0
2015-02-10,PATTERN_B_PROGRESSED_PREVIOUS_ET_ONLY_CANDIDATE_V01_battle_a_all_universe_P1,2015-02-10,174704134.75323918,0.0,23079022.0,197783156.75323918,-0.014067061122479574,0.11668851068442675,0.8833114893155732,5,False,True,EXACT,100.0
2015-02-11,PATTERN_B_PROGRESSED_PREVIOUS_ET_ONLY_CANDIDATE_V01_battle_a_all_universe_P1,2015-02-11,174704134.75323918,0.0,23255698.0,197959832.75323918,-0.013186345642108965,0.11747685212983931,0.8825231478701607,5,False,True,EXACT,100.0
2015-02-12,PATTERN_B_PROGRESSED_PREVIOUS_ET_ONLY_CANDIDATE_V01_battle_a_all_universe_P1,2015-02-12,174704134.75323918,0.0,23507995.0,198212129.75323918,-0.011928665631518842,0.11860018369847435,0.8813998163015256,5,False,True,EXACT,100.0
2015-02-13,PATTERN_B_PROGRESSED_PREVIOUS_ET_ONLY_CANDIDATE_V01_battle_a_all_universe_P1,2015-02-13,174704134.75323918,0.0,24295643.0,198999777.75323918,-0.008002304458055054,0.12208879464240774,0.8779112053575923,5,False,True,EXACT,100.0
2015-02-16,PATTERN_B_PROGRESSED_PREVIOUS_ET_ONLY_CANDIDATE_V01_battle_a_all_universe_P1,2015-02-16,174704134.75323918,0.0,25869538.0,200573672.75323918,-0.00015656598210056494,0.12897773493845652,0.8710222650615435,5,False,True,EXACT,100.0
2015-02-17,PATTERN_B_PROGRESSED_PREVIOUS_ET_ONLY_CANDIDATE_V01_battle_a_all_universe_P1,2015-02-17,174704134.75323918,0.0,25654808.0,200358942.75323918,-0.001226977555262465,0.12804423724473482,0.8719557627552652,5,False,True,EXACT,100.0
2015-02-23,PATTERN_B_PROGRESSED_PREVIOUS_ET_ONLY_CANDIDATE_V01_battle_a_all_universe_P1,2015-02-23,174704134.75323918,0.0,26109807.0,200813941.75323918,0.0,0.13001989190612978,0.8699801080938703,5,False,True,EXACT,100.0
2015-02-24,PATTERN_B_PROGRESSED_PREVIOUS_ET_ONLY_CANDIDATE_V01_battle_a_all_universe_P1,2015-02-24,174704134.75323918,0.0,26171168.0,200875302.75323918,0.0,0.1302856430894812,0.8697143569105188,5,False,True,EXACT,100.0
2015-02-25,PATTERN_B_PROGRESSED_PREVIOUS_ET_ONLY_CANDIDATE_V01_battle_a_all_universe_P1,2015-02-25,174704134.75323918,0.0,26351597.0,201055731.75323918,0.0,0.13106613161539699,0.868933868384603,5,False,True,EXACT,100.0
2015-02-26,PATTERN_B_PROGRESSED_PREVIOUS_ET_ONLY_CANDIDATE_V01_battle_a_all_universe_P1,2015-02-26,174704134.75323918,0.0,27110909.0,201815043.75323918,0.0,0.13433542166038284,0.8656645783396172,5,False,True,EXACT,100.0
2015-02-27,PATTERN_B_PROGRESSED_PREVIOUS_ET_ONLY_CANDIDATE_V01_battle_a_all_universe_P1,2015-02-27,174704134.75323918,0.0,26602350.0,201306484.75323918,-0.002519926119193716,0.13214849999794628,0.8678515000020537,5,False,True,EXACT,100.0
2015-03-02,PATTERN_B_PROGRESSED_PREVIOUS_ET_ONLY_CANDIDATE_V01_battle_a_all_universe_P1,2015-03-02,174704134.75323918,16540139.426877,10125649.0,201369923.18011618,-0.0022055866839504334,0.050283820145986105,0.9497161798540139,2,False,True,EXACT,100.0
2015-03-03,PATTERN_B_PROGRESSED_PREVIOUS_ET_ONLY_CANDIDATE_V01_battle_a_all_universe_P1,2015-03-03,191244274.18011618,0.0,10265742.0,201510016.18011618,-0.0015114213858902215,0.05094407808902237,0.9490559219109777,2,False,True,EXACT,100.0
2015-03-04,PATTERN_B_PROGRESSED_PREVIOUS_ET_ONLY_CANDIDATE_V01_battle_a_all_universe_P1,2015-03-04,191244274.18011618,0.0,10379468.0,201623742.18011618,-0.0009479054165898448,0.0514793936853316,0.9485206063146684,2,False,True,EXACT,100.0
2015-03-05,PATTERN_B_PROGRESSED_PREVIOUS_ET_ONLY_CANDIDATE_V01_battle_a_all_universe_P1,2015-03-05,191244274.18011618,0.0,10314698.0,201558972.18011618,-0.0012688428392687578,0.05117459118010697,0.9488254088198931,2,False,True,EXACT,100.0
2015-03-06,PATTERN_B_PROGRESSED_PREVIOUS_ET_ONLY_CANDIDATE_V01_battle_a_all_universe_P1,2015-03-06,191244274.18011618,0.0,11375839.0,202620113.18011618,0.0,0.056143681007065745,0.9438563189929342,2,False,True,EXACT,100.0
2015-03-09,PATTERN_B_PROGRESSED_PREVIOUS_ET_ONLY_CANDIDATE_V01_battle_a_all_universe_P1,2015-03-09,191244274.18011618,0.0,10798999.0,202043273.18011618,-0.0028469039472267532,0.053448941061121004,0.946551058938879,2,False,True,EXACT,100.0
2015-03-10,PATTERN_B_PROGRESSED_PREVIOUS_ET_ONLY_CANDIDATE_V01_battle_a_all_universe_P1,2015-03-10,191244274.18011618,0.0,10901858.0,202146132.18011618,-0.0023392593783553295,0.05393057924198238,0.9460694207580176,2,False,True,EXACT,100.0
2015-03-11,PATTERN_B_PROGRESSED_PREVIOUS_ET_ONLY_CANDIDATE_V01_battle_a_all_universe_P1,2015-03-11,191244274.18011618,0.0,10878435.0,202122709.18011618,-0.002454859945507204,0.05382094394106887,0.9461790560589312,2,False,True,EXACT,100.0
2015-03-12,PATTERN_B_PROGRESSED_PREVIOUS_ET_ONLY_CANDIDATE_V01_battle_a_all_universe_P1,2015-03-12,191244274.18011618,0.0,10863117.0,202107391.18011618,-0.002530459547933517,0.05374923171572134,0.9462507682842787,2,False,True,EXACT,100.0
2015-03-13,PATTERN_B_PROGRESSED_PREVIOUS_ET_ONLY_CANDIDATE_V01_battle_a_all_universe_P1,2015-03-13,191244274.18011618,0.0,11362962.0,202607236.18011618,-6.355242723876664e-05,0.05608369283463509,0.9439163071653649,2,False,True,EXACT,100.0
2015-03-16,PATTERN_B_PROGRESSED_PREVIOUS_ET_ONLY_CANDIDATE_V01_battle_a_all_universe_P1,2015-03-16,191244274.18011618,0.0,11513363.0,202757637.18011618,0.0,0.05678386846544432,0.9432161315345556,2,False,True,EXACT,100.0
2015-03-17,PATTERN_B_PROGRESSED_PREVIOUS_ET_ONLY_CANDIDATE_V01_battle_a_all_universe_P1,2015-03-17,191244274.18011618,0.0,11380737.0,202625011.18011618,-0.0006541109959876668,0.056166496592483864,0.9438335034075162,2,False,True,EXACT,100.0
2015-03-18,PATTERN_B_PROGRESSED_PREVIOUS_ET_ONLY_CANDIDATE_V01_battle_a_all_universe_P1,2015-03-18,191244274.18011618,0.0,12116824.0,203361098.18011618,0.0,0.05958280176707235,0.9404171982329277,2,False,True,EXACT,100.0
2015-03-19,PATTERN_B_PROGRESSED_PREVIOUS_ET_ONLY_CANDIDATE_V01_battle_a_all_universe_P1,2015-03-19,191244274.18011618,0.0,11134208.0,202378482.18011618,-0.004831877919589611,0.0550167581061834,0.9449832418938166,2,False,True,EXACT,100.0
2015-03-20,PATTERN_B_PROGRESSED_PREVIOUS_ET_ONLY_CANDIDATE_V01_battle_a_all_universe_P1,2015-03-20,191244274.18011618,0.0,11007323.0,202251597.18011618,-0.005455817311811106,0.0544239113731071,0.9455760886268929,2,False,True,EXACT,100.0
2015-03-23,PATTERN_B_PROGRESSED_PREVIOUS_ET_ONLY_CANDIDATE_V01_battle_a_all_universe_P1,2015-03-23,191244274.18011618,0.0,11245272.0,202489546.18011618,-0.004285736100953175,0.055535074339083335,0.9444649256609167,2,False,True,EXACT,100.0
2015-03-24,PATTERN_B_PROGRESSED_PREVIOUS_ET_ONLY_CANDIDATE_V01_battle_a_all_universe_P1,2015-03-24,191244274.18011618,0.0,11439582.0,202683856.18011618,-0.003330243621128437,0.05644051882372984,0.9435594811762702,2,False,True,EXACT,100.0
2015-03-25,PATTERN_B_PROGRESSED_PREVIOUS_ET_ONLY_CANDIDATE_V01_battle_a_all_universe_P1,2015-03-25,191244274.18011618,0.0,11473369.0,202717643.18011618,-0.0031641007339078264,0.05659778211709882,0.9434022178829011,2,False,True,EXACT,100.0
2015-03-26,PATTERN_B_PROGRESSED_PREVIOUS_ET_ONLY_CANDIDATE_V01_battle_a_all_universe_P1,2015-03-26,191244274.18011618,0.0,12278374.0,203522648.18011618,0.0,0.060329275929692706,0.9396707240703073,2,False,True,EXACT,100.0
2015-03-27,PATTERN_B_PROGRESSED_PREVIOUS_ET_ONLY_CANDIDATE_V01_battle_a_all_universe_P1,2015-03-27,191244274.18011618,0.0,12549889.0,203794163.18011618,0.0,0.06158119940318521,0.9384188005968148,2,False,True,EXACT,100.0
2015-03-30,PATTERN_B_PROGRESSED_PREVIOUS_ET_ONLY_CANDIDATE_V01_battle_a_all_universe_P1,2015-03-30,191244274.18011618,0.0,13191930.0,204436204.18011618,0.0,0.06452834542152525,0.9354716545784748,2,False,True,EXACT,100.0
2015-03-31,PATTERN_B_PROGRESSED_PREVIOUS_ET_ONLY_CANDIDATE_V01_battle_a_all_universe_P1,2015-03-31,191244274.18011618,0.0,13783939.0,205028213.18011618,0.0,0.06722947435478493,0.932770525645215,2,False,True,EXACT,100.0
2015-04-01,PATTERN_B_PROGRESSED_PREVIOUS_ET_ONLY_CANDIDATE_V01_battle_a_all_universe_P1,2015-04-01,186292104.98614419,5384824.1322034495,12952240.0,204629169.11834764,-0.0019462885403872532,0.06329615692525756,0.9367038430747424,2,False,True,EXACT,100.0
2015-04-02,PATTERN_B_PROGRESSED_PREVIOUS_ET_ONLY_CANDIDATE_V01_battle_a_all_universe_P1,2015-04-02,191676929.11834764,0.0,12476940.0,204153869.11834764,-0.004264506080440822,0.06111537368300936,0.9388846263169907,2,False,True,EXACT,100.0
2015-04-03,PATTERN_B_PROGRESSED_PREVIOUS_ET_ONLY_CANDIDATE_V01_battle_a_all_universe_P1,2015-04-03,191676929.11834764,0.0,12218420.0,203895349.11834764,-0.0055254057195207595,0.05992495686062963,0.9400750431393704,2,False,True,EXACT,100.0
2015-04-06,PATTERN_B_PROGRESSED_PREVIOUS_ET_ONLY_CANDIDATE_V01_battle_a_all_universe_P1,2015-04-06,191676929.11834764,0.0,11740200.0,203417129.11834764,-0.0078578652019623,0.05771490361153203,0.942285096388468,2,False,True,EXACT,100.0
2015-04-07,PATTERN_B_PROGRESSED_PREVIOUS_ET_ONLY_CANDIDATE_V01_battle_a_all_universe_P1,2015-04-07,191676929.11834764,0.0,11817740.0,203494669.11834764,-0.007479673348278815,0.0580739537364838,0.9419260462635162,2,False,True,EXACT,100.0
2015-04-08,PATTERN_B_PROGRESSED_PREVIOUS_ET_ONLY_CANDIDATE_V01_battle_a_all_universe_P1,2015-04-08,191676929.11834764,0.0,11907220.0,203584149.11834764,-0.007043245606885962,0.05848795228688501,0.941512047713115,2,False,True,EXACT,100.0
2015-04-09,PATTERN_B_PROGRESSED_PREVIOUS_ET_ONLY_CANDIDATE_V01_battle_a_all_universe_P1,2015-04-09,191676929.11834764,0.0,12341220.0,204018149.11834764,-0.004926463758825217,0.06049079483042,0.93950920516958,2,False,True,EXACT,100.0
2015-04-10,PATTERN_B_PROGRESSED_PREVIOUS_ET_ONLY_CANDIDATE_V01_battle_a_all_universe_P1,2015-04-10,191676929.11834764,0.0,12199120.0,203876049.11834764,-0.0056195391058515565,0.05983596431633102,0.940164035683669,2,False,True,EXACT,100.0
2015-04-13,PATTERN_B_PROGRESSED_PREVIOUS_ET_ONLY_CANDIDATE_V01_battle_a_all_universe_P1,2015-04-13,191676929.11834764,0.0,11998780.0,203675709.11834764,-0.006596672920230584,0.05891119786418909,0.9410888021358109,2,False,True,EXACT,100.0
2015-04-14,PATTERN_B_PROGRESSED_PREVIOUS_ET_ONLY_CANDIDATE_V01_battle_a_all_universe_P1,2015-04-14,191676929.11834764,0.0,11666280.0,203343209.11834764,-0.008218400948986737,0.057372360997854206,0.9426276390021457,2,False,True,EXACT,100.0
2015-04-15,PATTERN_B_PROGRESSED_PREVIOUS_ET_ONLY_CANDIDATE_V01_battle_a_all_universe_P1,2015-04-15,191676929.11834764,0.0,12768840.0,204445769.11834764,-0.0028407995794064167,0.06245587793312805,0.937544122066872,2,False,True,EXACT,100.0
2015-04-16,PATTERN_B_PROGRESSED_PREVIOUS_ET_ONLY_CANDIDATE_V01_battle_a_all_universe_P1,2015-04-16,191676929.11834764,0.0,13970880.0,205647809.11834764,0.0,0.06793595351147136,0.9320640464885287,2,False,True,EXACT,100.0
2015-04-17,PATTERN_B_PROGRESSED_PREVIOUS_ET_ONLY_CANDIDATE_V01_battle_a_all_universe_P1,2015-04-17,191676929.11834764,0.0,15070660.0,206747589.11834764,0.0,0.07289400599188205,0.927105994008118,2,False,True,EXACT,100.0
2015-04-20,PATTERN_B_PROGRESSED_PREVIOUS_ET_ONLY_CANDIDATE_V01_battle_a_all_universe_P1,2015-04-20,191676929.11834764,0.0,14148460.0,205825389.11834764,-0.00446051150551563,0.06874011054032197,0.9312598894596781,2,False,True,EXACT,100.0
2015-04-21,PATTERN_B_PROGRESSED_PREVIOUS_ET_ONLY_CANDIDATE_V01_battle_a_all_universe_P1,2015-04-21,191676929.11834764,0.0,15325020.0,207001949.11834764,0.0,0.0740332159444467,0.9259667840555533,2,False,True,EXACT,100.0
2015-04-22,PATTERN_B_PROGRESSED_PREVIOUS_ET_ONLY_CANDIDATE_V01_battle_a_all_universe_P1,2015-04-22,191676929.11834764,0.0,13550840.0,205227769.11834764,-0.008570837171130496,0.06602829655174834,0.9339717034482516,2,False,True,EXACT,100.0
2015-04-23,PATTERN_B_PROGRESSED_PREVIOUS_ET_ONLY_CANDIDATE_V01_battle_a_all_universe_P1,2015-04-23,191676929.11834764,0.0,12237320.0,203914249.11834764,-0.014916284668579083,0.060012088674086285,0.9399879113259137,2,False,True,EXACT,100.0
2015-04-24,PATTERN_B_PROGRESSED_PREVIOUS_ET_ONLY_CANDIDATE_V01_battle_a_all_universe_P1,2015-04-24,191676929.11834764,0.0,12059680.0,203736609.11834764,-0.01577444083936197,0.05919250375368085,0.9408074962463192,2,False,True,EXACT,100.0
2015-04-27,PATTERN_B_PROGRESSED_PREVIOUS_ET_ONLY_CANDIDATE_V01_battle_a_all_universe_P1,2015-04-27,191676929.11834764,0.0,11717260.0,203394189.11834764,-0.017428628162034165,0.05760862712347281,0.9423913728765272,2,False,True,EXACT,100.0
2015-04-28,PATTERN_B_PROGRESSED_PREVIOUS_ET_ONLY_CANDIDATE_V01_battle_a_all_universe_P1,2015-04-28,191676929.11834764,0.0,11164420.0,202841349.11834764,-0.020099327652327026,0.055040158471269716,0.9449598415287302,2,False,True,EXACT,100.0
2015-04-29,PATTERN_B_PROGRESSED_PREVIOUS_ET_ONLY_CANDIDATE_V01_battle_a_all_universe_P1,2015-04-29,191676929.11834764,0.0,11297980.0,202974909.11834764,-0.01945411633635219,0.05566195373149564,0.9443380462685044,2,False,True,EXACT,100.0
2015-04-30,PATTERN_B_PROGRESSED_PREVIOUS_ET_ONLY_CANDIDATE_V01_battle_a_all_universe_P1,2015-04-30,191676929.11834764,0.0,10931300.0,202608229.11834764,-0.021225500623127003,0.05395289247414922,0.9460471075258508,2,False,True,EXACT,100.0
2015-05-04,PATTERN_B_PROGRESSED_PREVIOUS_ET_ONLY_CANDIDATE_V01_battle_a_all_universe_P1,2015-05-04,191676929.11834764,6802469.176545,3957600.0,202436998.29489264,-0.0220526948799169,0.019549786023970343,0.9804502139760296,1,False,True,EXACT,100.0
2015-05-06,PATTERN_B_PROGRESSED_PREVIOUS_ET_ONLY_CANDIDATE_V01_battle_a_all_universe_P1,2015-05-06,198479398.29489264,0.0,3805440.0,202284838.29489264,-0.022787760422285364,0.01881228485573593,0.9811877151442641,1,False,True,EXACT,100.0
2015-05-07,PATTERN_B_PROGRESSED_PREVIOUS_ET_ONLY_CANDIDATE_V01_battle_a_all_universe_P1,2015-05-07,198479398.29489264,0.0,3739360.0,202218758.29489264,-0.02310698446960202,0.018491657408690774,0.9815083425913093,1,False,True,EXACT,100.0
2015-05-08,PATTERN_B_PROGRESSED_PREVIOUS_ET_ONLY_CANDIDATE_V01_battle_a_all_universe_P1,2015-05-08,198479398.29489264,0.0,3849520.0,202328918.29489264,-0.022574815567477202,0.01902604942704907,0.9809739505729509,1,False,True,EXACT,100.0
2015-05-11,PATTERN_B_PROGRESSED_PREVIOUS_ET_ONLY_CANDIDATE_V01_battle_a_all_universe_P1,2015-05-11,198479398.29489264,0.0,3773440.0,202252838.29489264,-0.02294234833866149,0.01865704348978369,0.9813429565102163,1,False,True,EXACT,100.0
2015-05-12,PATTERN_B_PROGRESSED_PREVIOUS_ET_ONLY_CANDIDATE_V01_battle_a_all_universe_P1,2015-05-12,198479398.29489264,0.0,3653280.0,202132678.29489264,-0.023522825964653715,0.018073673345732878,0.9819263266542672,1,False,True,EXACT,100.0
2015-05-13,PATTERN_B_PROGRESSED_PREVIOUS_ET_ONLY_CANDIDATE_V01_battle_a_all_universe_P1,2015-05-13,198479398.29489264,0.0,3675360.0,202154758.29489264,-0.023416160302354272,0.018180922531828708,0.9818190774681713,1,False,True,EXACT,100.0
2015-05-14,PATTERN_B_PROGRESSED_PREVIOUS_ET_ONLY_CANDIDATE_V01_battle_a_all_universe_P1,2015-05-14,198479398.29489264,0.0,3729360.0,202208758.29489264,-0.02315529319346954,0.018443118050115614,0.9815568819498843,1,False,True,EXACT,100.0
2015-05-15,PATTERN_B_PROGRESSED_PREVIOUS_ET_ONLY_CANDIDATE_V01_battle_a_all_universe_P1,2015-05-15,198479398.29489264,0.0,3717360.0,202196758.29489264,-0.023213263662110628,0.018384864482240804,0.9816151355177593,1,False,True,EXACT,100.0
2015-05-18,PATTERN_B_PROGRESSED_PREVIOUS_ET_ONLY_CANDIDATE_V01_battle_a_all_universe_P1,2015-05-18,198479398.29489264,0.0,3555200.0,202034598.29489264,-0.02399663792834661,0.017596986011330487,0.9824030139886695,1,False,True,EXACT,100.0
2015-05-19,PATTERN_B_PROGRESSED_PREVIOUS_ET_ONLY_CANDIDATE_V01_battle_a_all_universe_P1,2015-05-19,198479398.29489264,0.0,3609280.0,202088678.29489264,-0.02373538434967093,0.017859882257893003,0.982140117742107,1,False,True,EXACT,100.0
2015-05-20,PATTERN_B_PROGRESSED_PREVIOUS_ET_ONLY_CANDIDATE_V01_battle_a_all_universe_P1,2015-05-20,198479398.29489264,0.0,3631280.0,202110678.29489264,-0.023629105157162322,0.017966789437526533,0.9820332105624735,1,False,True,EXACT,100.0
2015-05-21,PATTERN_B_PROGRESSED_PREVIOUS_ET_ONLY_CANDIDATE_V01_battle_a_all_universe_P1,2015-05-21,198479398.29489264,0.0,3653280.0,202132678.29489264,-0.023522825964653715,0.018073673345732878,0.9819263266542672,1,False,True,EXACT,100.0
2015-05-22,PATTERN_B_PROGRESSED_PREVIOUS_ET_ONLY_CANDIDATE_V01_battle_a_all_universe_P1,2015-05-22,198479398.29489264,0.0,4043680.0,202523078.29489264,-0.021636853384865207,0.01996651460191624,0.9800334853980838,1,False,True,EXACT,100.0
2015-05-26,PATTERN_B_PROGRESSED_PREVIOUS_ET_ONLY_CANDIDATE_V01_battle_a_all_universe_P1,2015-05-26,198479398.29489264,0.0,3947600.0,202426998.29489264,-0.02210100360378442,0.019501351268614846,0.9804986487313851,1,False,True,EXACT,100.0
2015-05-27,PATTERN_B_PROGRESSED_PREVIOUS_ET_ONLY_CANDIDATE_V01_battle_a_all_universe_P1,2015-05-27,198479398.29489264,0.0,4119760.0,202599158.29489264,-0.02126932061368092,0.02033453660258299,0.979665463397417,1,False,True,EXACT,100.0
2015-05-28,PATTERN_B_PROGRESSED_PREVIOUS_ET_ONLY_CANDIDATE_V01_battle_a_all_universe_P1,2015-05-28,198479398.29489264,0.0,3989600.0,202468998.29489264,-0.021898106963540775,0.019704745089859216,0.9802952549101408,1,False,True,EXACT,100.0
2015-05-29,PATTERN_B_PROGRESSED_PREVIOUS_ET_ONLY_CANDIDATE_V01_battle_a_all_universe_P1,2015-05-29,198479398.29489264,0.0,4055680.0,202535078.29489264,-0.021578882916224118,0.020024580601760742,0.9799754193982393,1,False,True,EXACT,100.0
2015-06-01,PATTERN_B_PROGRESSED_PREVIOUS_ET_ONLY_CANDIDATE_V01_battle_a_all_universe_P1,2015-06-01,198479398.29489264,0.0,3815440.0,202294838.29489264,-0.022739451698417845,0.01886078771045108,0.9811392122895489,1,False,True,EXACT,100.0
2015-06-02,PATTERN_B_PROGRESSED_PREVIOUS_ET_ONLY_CANDIDATE_V01_battle_a_all_universe_P1,2015-06-02,198479398.29489264,0.0,3621280.0,202100678.29489264,-0.02367741388102984,0.01791819815031029,0.9820818018496897,1,False,True,EXACT,100.0
2015-06-03,PATTERN_B_PROGRESSED_PREVIOUS_ET_ONLY_CANDIDATE_V01_battle_a_all_universe_P1,2015-06-03,198479398.29489264,0.0,3609280.0,202088678.29489264,-0.02373538434967093,0.017859882257893003,0.982140117742107,1,False,True,EXACT,100.0
2015-06-04,PATTERN_B_PROGRESSED_PREVIOUS_ET_ONLY_CANDIDATE_V01_battle_a_all_universe_P1,2015-06-04,198479398.29489264,0.0,3641280.0,202120678.29489264,-0.023580796433294804,0.01801537591659671,0.9819846240834033,1,False,True,EXACT,100.0
2015-06-05,PATTERN_B_PROGRESSED_PREVIOUS_ET_ONLY_CANDIDATE_V01_battle_a_all_universe_P1,2015-06-05,198479398.29489264,0.0,3545200.0,202024598.29489264,-0.024044946652214128,0.0175483581203568,0.9824516418796432,1,False,True,EXACT,100.0
2015-06-08,PATTERN_B_PROGRESSED_PREVIOUS_ET_ONLY_CANDIDATE_V01_battle_a_all_universe_P1,2015-06-08,198479398.29489264,0.0,3523200.0,202002598.29489264,-0.024151225844722624,0.017441359812890484,0.9825586401871095,1,False,True,EXACT,100.0
2015-06-09,PATTERN_B_PROGRESSED_PREVIOUS_ET_ONLY_CANDIDATE_V01_battle_a_all_universe_P1,2015-06-09,198479398.29489264,0.0,3675360.0,202154758.29489264,-0.023416160302354272,0.018180922531828708,0.9818190774681713,1,False,True,EXACT,100.0
2015-06-10,PATTERN_B_PROGRESSED_PREVIOUS_ET_ONLY_CANDIDATE_V01_battle_a_all_universe_P1,2015-06-10,198479398.29489264,0.0,3707360.0,202186758.29489264,-0.023261572385978146,0.01833631456018873,0.9816636854398113,1,False,True,EXACT,100.0
2015-06-11,PATTERN_B_PROGRESSED_PREVIOUS_ET_ONLY_CANDIDATE_V01_battle_a_all_universe_P1,2015-06-11,198479398.29489264,0.0,3761440.0,202240838.29489264,-0.023000318807302467,0.01859881531204566,0.9814011846879543,1,False,True,EXACT,100.0
2015-06-12,PATTERN_B_PROGRESSED_PREVIOUS_ET_ONLY_CANDIDATE_V01_battle_a_all_universe_P1,2015-06-12,198479398.29489264,0.0,3621280.0,202100678.29489264,-0.02367741388102984,0.01791819815031029,0.9820818018496897,1,False,True,EXACT,100.0
2015-06-15,PATTERN_B_PROGRESSED_PREVIOUS_ET_ONLY_CANDIDATE_V01_battle_a_all_universe_P1,2015-06-15,198479398.29489264,0.0,3609280.0,202088678.29489264,-0.02373538434967093,0.017859882257893003,0.982140117742107,1,False,True,EXACT,100.0
2015-06-16,PATTERN_B_PROGRESSED_PREVIOUS_ET_ONLY_CANDIDATE_V01_battle_a_all_universe_P1,2015-06-16,198479398.29489264,0.0,3413120.0,201892518.29489264,-0.024683008277056495,0.016905628939724523,0.9830943710602755,1,False,True,EXACT,100.0
2015-06-17,PATTERN_B_PROGRESSED_PREVIOUS_ET_ONLY_CANDIDATE_V01_battle_a_all_universe_P1,2015-06-17,198479398.29489264,0.0,3447120.0,201926518.29489264,-0.02451875861590691,0.01707116048505249,0.9829288395149475,1,False,True,EXACT,100.0
2015-06-18,PATTERN_B_PROGRESSED_PREVIOUS_ET_ONLY_CANDIDATE_V01_battle_a_all_universe_P1,2015-06-18,198479398.29489264,0.0,3413120.0,201892518.29489264,-0.024683008277056495,0.016905628939724523,0.9830943710602755,1,False,True,EXACT,100.0
2015-06-19,PATTERN_B_PROGRESSED_PREVIOUS_ET_ONLY_CANDIDATE_V01_battle_a_all_universe_P1,2015-06-19,198479398.29489264,0.0,3489200.0,201968598.29489264,-0.02431547550587232,0.017275952942474002,0.982724047057526,1,False,True,EXACT,100.0
2015-06-22,PATTERN_B_PROGRESSED_PREVIOUS_ET_ONLY_CANDIDATE_V01_battle_a_all_universe_P1,2015-06-22,198479398.29489264,0.0,3479120.0,201958518.29489264,-0.024364170699530785,0.01722690396708057,0.9827730960329194,1,False,True,EXACT,100.0
2015-06-23,PATTERN_B_PROGRESSED_PREVIOUS_ET_ONLY_CANDIDATE_V01_battle_a_all_universe_P1,2015-06-23,198479398.29489264,0.0,3511200.0,201990598.29489264,-0.024209196313363712,0.017382987275842834,0.9826170127241571,1,False,True,EXACT,100.0
2015-06-24,PATTERN_B_PROGRESSED_PREVIOUS_ET_ONLY_CANDIDATE_V01_battle_a_all_universe_P1,2015-06-24,198479398.29489264,0.0,4065680.0,202545078.29489264,-0.0215305741923566,0.020072963679130387,0.9799270363208696,1,False,True,EXACT,100.0
2015-06-25,PATTERN_B_PROGRESSED_PREVIOUS_ET_ONLY_CANDIDATE_V01_battle_a_all_universe_P1,2015-06-25,198479398.29489264,0.0,4175760.0,202655158.29489264,-0.020998791760022728,0.020605249010852533,0.9793947509891475,1,False,True,EXACT,100.0
2015-06-26,PATTERN_B_PROGRESSED_PREVIOUS_ET_ONLY_CANDIDATE_V01_battle_a_all_universe_P1,2015-06-26,198479398.29489264,0.0,3989600.0,202468998.29489264,-0.021898106963540775,0.019704745089859216,0.9802952549101408,1,False,True,EXACT,100.0
2015-06-29,PATTERN_B_PROGRESSED_PREVIOUS_ET_ONLY_CANDIDATE_V01_battle_a_all_universe_P1,2015-06-29,198479398.29489264,0.0,3815440.0,202294838.29489264,-0.022739451698417845,0.01886078771045108,0.9811392122895489,1,False,True,EXACT,100.0
2015-06-30,PATTERN_B_PROGRESSED_PREVIOUS_ET_ONLY_CANDIDATE_V01_battle_a_all_universe_P1,2015-06-30,198479398.29489264,0.0,4001600.0,202480998.29489264,-0.021840136494899798,0.019762842112088383,0.9802371578879117,1,False,True,EXACT,100.0
2015-07-01,PATTERN_B_PROGRESSED_PREVIOUS_ET_ONLY_CANDIDATE_V01_battle_a_all_universe_P1,2015-07-01,193481656.74609265,0.0,9190320.0,202671976.74609265,-0.020917543968532626,0.045345785577024435,0.9546542144229756,2,False,True,EXACT,100.0
2015-07-02,PATTERN_B_PROGRESSED_PREVIOUS_ET_ONLY_CANDIDATE_V01_battle_a_all_universe_P1,2015-07-02,193481656.74609265,0.0,9117120.0,202598776.74609265,-0.021271163827243034,0.04500086400534417,0.9549991359946558,2,False,True,EXACT,100.0
2015-07-03,PATTERN_B_PROGRESSED_PREVIOUS_ET_ONLY_CANDIDATE_V01_battle_a_all_universe_P1,2015-07-03,193481656.74609265,0.0,8970400.0,202452056.74609265,-0.021979949423827527,0.04430876200606013,0.9556912379939398,2,False,True,EXACT,100.0
2015-07-06,PATTERN_B_PROGRESSED_PREVIOUS_ET_ONLY_CANDIDATE_V01_battle_a_all_universe_P1,2015-07-06,193481656.74609265,0.0,8808240.0,202289896.74609265,-0.02276332369006351,0.04354265903381127,0.9564573409661887,2,False,True,EXACT,100.0
2015-07-07,PATTERN_B_PROGRESSED_PREVIOUS_ET_ONLY_CANDIDATE_V01_battle_a_all_universe_P1,2015-07-07,193481656.74609265,0.0,8682240.0,202163896.74609265,-0.02337201361079444,0.04294654060266974,0.9570534593973302,2,False,True,EXACT,100.0
2015-07-08,PATTERN_B_PROGRESSED_PREVIOUS_ET_ONLY_CANDIDATE_V01_battle_a_all_universe_P1,2015-07-08,193481656.74609265,0.0,8810000.0,202291656.74609265,-0.02275482135466278,0.04355098050859267,0.9564490194914074,2,False,True,EXACT,100.0
2015-07-09,PATTERN_B_PROGRESSED_PREVIOUS_ET_ONLY_CANDIDATE_V01_battle_a_all_universe_P1,2015-07-09,193481656.74609265,0.0,8717280.0,202198936.74609265,-0.02320273984236254,0.04311239287547072,0.9568876071245292,2,False,True,EXACT,100.0
2015-07-10,PATTERN_B_PROGRESSED_PREVIOUS_ET_ONLY_CANDIDATE_V01_battle_a_all_universe_P1,2015-07-10,193481656.74609265,0.0,8767680.0,202249336.74609265,-0.022959263874070213,0.043350846737297825,0.9566491532627022,2,False,True,EXACT,100.0
2015-07-13,PATTERN_B_PROGRESSED_PREVIOUS_ET_ONLY_CANDIDATE_V01_battle_a_all_universe_P1,2015-07-13,193481656.74609265,0.0,8970960.0,202452616.74609265,-0.021977244135290896,0.04431140552384656,0.9556885944761534,2,False,True,EXACT,100.0
2015-07-14,PATTERN_B_PROGRESSED_PREVIOUS_ET_ONLY_CANDIDATE_V01_battle_a_all_universe_P1,2015-07-14,193481656.74609265,0.0,8864000.0,202345656.74609265,-0.022493954245778047,0.04380622812736091,0.9561937718726391,2,False,True,EXACT,100.0
2015-07-15,PATTERN_B_PROGRESSED_PREVIOUS_ET_ONLY_CANDIDATE_V01_battle_a_all_universe_P1,2015-07-15,193481656.74609265,0.0,9101600.0,202583256.74609265,-0.02134613896668547,0.04492770106567826,0.9550722989343218,2,False,True,EXACT,100.0
2015-07-16,PATTERN_B_PROGRESSED_PREVIOUS_ET_ONLY_CANDIDATE_V01_battle_a_all_universe_P1,2015-07-16,193481656.74609265,0.0,9461200.0,202942856.74609265,-0.019608957256408877,0.046620019801126414,0.9533799801988736,2,False,True,EXACT,100.0
2015-07-17,PATTERN_B_PROGRESSED_PREVIOUS_ET_ONLY_CANDIDATE_V01_battle_a_all_universe_P1,2015-07-17,193481656.74609265,0.0,9127280.0,202608936.74609265,-0.02122208216379362,0.04504875326125525,0.9549512467387448,2,False,True,EXACT,100.0
2015-07-20,PATTERN_B_PROGRESSED_PREVIOUS_ET_ONLY_CANDIDATE_V01_battle_a_all_universe_P1,2015-07-20,193481656.74609265,0.0,9247360.0,202729016.74609265,-0.02064199100759223,0.04561438785835887,0.9543856121416411,2,False,True,EXACT,100.0
2015-07-21,PATTERN_B_PROGRESSED_PREVIOUS_ET_ONLY_CANDIDATE_V01_battle_a_all_universe_P1,2015-07-21,193481656.74609265,0.0,9235360.0,202717016.74609265,-0.02069996147623332,0.045557892219613136,0.9544421077803869,2,False,True,EXACT,100.0
2015-07-22,PATTERN_B_PROGRESSED_PREVIOUS_ET_ONLY_CANDIDATE_V01_battle_a_all_universe_P1,2015-07-22,193481656.74609265,0.0,9204560.0,202686216.74609265,-0.020848752345745236,0.04541285612691986,0.9545871438730802,2,False,True,EXACT,100.0
2015-07-23,PATTERN_B_PROGRESSED_PREVIOUS_ET_ONLY_CANDIDATE_V01_battle_a_all_universe_P1,2015-07-23,193481656.74609265,0.0,9375600.0,202857256.74609265,-0.020022479932714998,0.0462177205311172,0.9537822794688828,2,False,True,EXACT,100.0
2015-07-24,PATTERN_B_PROGRESSED_PREVIOUS_ET_ONLY_CANDIDATE_V01_battle_a_all_universe_P1,2015-07-24,193481656.74609265,0.0,9476160.0,202957816.74609265,-0.01953668740550296,0.04669029334235995,0.95330970665764,2,False,True,EXACT,100.0
2015-07-27,PATTERN_B_PROGRESSED_PREVIOUS_ET_ONLY_CANDIDATE_V01_battle_a_all_universe_P1,2015-07-27,193481656.74609265,0.0,9230080.0,202711736.74609265,-0.020725468482435283,0.04553303201955776,0.9544669679804423,2,False,True,EXACT,100.0
2015-07-28,PATTERN_B_PROGRESSED_PREVIOUS_ET_ONLY_CANDIDATE_V01_battle_a_all_universe_P1,2015-07-28,193481656.74609265,0.0,9087440.0,202569096.74609265,-0.02141454411968191,0.044860939531119706,0.9551390604688803,2,False,True,EXACT,100.0
2015-07-29,PATTERN_B_PROGRESSED_PREVIOUS_ET_ONLY_CANDIDATE_V01_battle_a_all_universe_P1,2015-07-29,193481656.74609265,0.0,8922800.0,202404456.74609265,-0.022209898949437035,0.04408400952946038,0.9559159904705397,2,False,True,EXACT,100.0
2015-07-30,PATTERN_B_PROGRESSED_PREVIOUS_ET_ONLY_CANDIDATE_V01_battle_a_all_universe_P1,2015-07-30,193481656.74609265,0.0,8747440.0,202229096.74609265,-0.02305704073117809,0.04325510097581452,0.9567448990241855,2,False,True,EXACT,100.0
2015-07-31,PATTERN_B_PROGRESSED_PREVIOUS_ET_ONLY_CANDIDATE_V01_battle_a_all_universe_P1,2015-07-31,193481656.74609265,0.0,8813440.0,202295096.74609265,-0.02273820315365238,0.04356724479121728,0.9564327552087827,2,False,True,EXACT,100.0
2015-08-03,PATTERN_B_PROGRESSED_PREVIOUS_ET_ONLY_CANDIDATE_V01_battle_a_all_universe_P1,2015-08-03,193481656.74609265,5252193.812736,3523200.0,202257050.55882865,-0.022921999429127204,0.017419417470320716,0.9825805825296793,1,False,True,EXACT,100.0
2015-08-04,PATTERN_B_PROGRESSED_PREVIOUS_ET_ONLY_CANDIDATE_V01_battle_a_all_universe_P1,2015-08-04,198733850.55882865,0.0,3631280.0,202365130.55882865,-0.022399878741566903,0.017944198143090503,0.9820558018569095,1,False,True,EXACT,100.0
2015-08-05,PATTERN_B_PROGRESSED_PREVIOUS_ET_ONLY_CANDIDATE_V01_battle_a_all_universe_P1,2015-08-05,198733850.55882865,0.0,3717360.0,202451210.55882865,-0.02198403724651521,0.01836175733273673,0.9816382426672633,1,False,True,EXACT,100.0
2015-08-06,PATTERN_B_PROGRESSED_PREVIOUS_ET_ONLY_CANDIDATE_V01_battle_a_all_universe_P1,2015-08-06,198733850.55882865,0.0,3729360.0,202463210.55882865,-0.02192606677787412,0.018419939058095594,0.9815800609419044,1,False,True,EXACT,100.0
2015-08-07,PATTERN_B_PROGRESSED_PREVIOUS_ET_ONLY_CANDIDATE_V01_battle_a_all_universe_P1,2015-08-07,198733850.55882865,0.0,3773440.0,202507290.55882865,-0.02171312192306607,0.01863360074388932,0.9813663992561107,1,False,True,EXACT,100.0
2015-08-10,PATTERN_B_PROGRESSED_PREVIOUS_ET_ONLY_CANDIDATE_V01_battle_a_all_universe_P1,2015-08-10,198733850.55882865,0.0,3697360.0,202431210.55882865,-0.022080654694250246,0.01826477246168277,0.9817352275383172,1,False,True,EXACT,100.0
2015-08-11,PATTERN_B_PROGRESSED_PREVIOUS_ET_ONLY_CANDIDATE_V01_battle_a_all_universe_P1,2015-08-11,198733850.55882865,0.0,3577280.0,202311130.55882865,-0.022660745850451636,0.017682072113969962,0.98231792788603,1,False,True,EXACT,100.0
2015-08-12,PATTERN_B_PROGRESSED_PREVIOUS_ET_ONLY_CANDIDATE_V01_battle_a_all_universe_P1,2015-08-12,198733850.55882865,0.0,3447120.0,202180970.55882865,-0.02328953220031149,0.01704967579526477,0.9829503242047353,1,False,True,EXACT,100.0
2015-08-13,PATTERN_B_PROGRESSED_PREVIOUS_ET_ONLY_CANDIDATE_V01_battle_a_all_universe_P1,2015-08-13,198733850.55882865,0.0,3511200.0,202245050.55882865,-0.022979969897768293,0.017361117072077218,0.9826388829279228,1,False,True,EXACT,100.0
2015-08-17,PATTERN_B_PROGRESSED_PREVIOUS_ET_ONLY_CANDIDATE_V01_battle_a_all_universe_P1,2015-08-17,198733850.55882865,0.0,3435120.0,202168970.55882865,-0.02334750266895247,0.01699133151098686,0.9830086684890131,1,False,True,EXACT,100.0
2015-08-18,PATTERN_B_PROGRESSED_PREVIOUS_ET_ONLY_CANDIDATE_V01_battle_a_all_universe_P1,2015-08-18,198733850.55882865,0.0,3206880.0,201940730.55882865,-0.024450100982505107,0.0158803030529088,0.9841196969470912,1,False,True,EXACT,100.0
2015-08-19,PATTERN_B_PROGRESSED_PREVIOUS_ET_ONLY_CANDIDATE_V01_battle_a_all_universe_P1,2015-08-19,198733850.55882865,0.0,2978720.0,201712570.55882865,-0.0255523128262668,0.014767151059290419,0.9852328489407096,1,False,True,EXACT,100.0
2015-08-20,PATTERN_B_PROGRESSED_PREVIOUS_ET_ONLY_CANDIDATE_V01_battle_a_all_universe_P1,2015-08-20,198733850.55882865,0.0,2880640.0,201614490.55882865,-0.026026124789959693,0.014287861909208676,0.9857121380907913,1,False,True,EXACT,100.0
2015-08-21,PATTERN_B_PROGRESSED_PREVIOUS_ET_ONLY_CANDIDATE_V01_battle_a_all_universe_P1,2015-08-21,198733850.55882865,0.0,2544320.0,201278170.55882865,-0.027650843791072632,0.01264081441587009,0.9873591855841299,1,False,True,EXACT,100.0
2015-08-24,PATTERN_B_PROGRESSED_PREVIOUS_ET_ONLY_CANDIDATE_V01_battle_a_all_universe_P1,2015-08-24,198733850.55882865,0.0,2718480.0,201452330.55882865,-0.026809499056195563,0.013494408292318773,0.9865055917076813,1,False,True,EXACT,100.0
2015-08-25,PATTERN_B_PROGRESSED_PREVIOUS_ET_ONLY_CANDIDATE_V01_battle_a_all_universe_P1,2015-08-25,198733850.55882865,0.0,2880640.0,201614490.55882865,-0.026026124789959693,0.014287861909208676,0.9857121380907913,1,False,True,EXACT,100.0
2015-08-26,PATTERN_B_PROGRESSED_PREVIOUS_ET_ONLY_CANDIDATE_V01_battle_a_all_universe_P1,2015-08-26,198733850.55882865,0.0,3044720.0,201778570.55882865,-0.02523347524874109,0.015089412079625721,0.9849105879203742,1,False,True,EXACT,100.0
2015-08-27,PATTERN_B_PROGRESSED_PREVIOUS_ET_ONLY_CANDIDATE_V01_battle_a_all_universe_P1,2015-08-27,198733850.55882865,0.0,3064800.0,201798650.55882865,-0.025136471331215104,0.015187415731041,0.984812584268959,1,False,True,EXACT,100.0
2015-08-28,PATTERN_B_PROGRESSED_PREVIOUS_ET_ONLY_CANDIDATE_V01_battle_a_all_universe_P1,2015-08-28,198733850.55882865,0.0,3098800.0,201832650.55882865,-0.02497222167006552,0.015353313705290637,0.9846466862947094,1,False,True,EXACT,100.0
2015-08-31,PATTERN_B_PROGRESSED_PREVIOUS_ET_ONLY_CANDIDATE_V01_battle_a_all_universe_P1,2015-08-31,198733850.55882865,0.0,3098800.0,201832650.55882865,-0.02497222167006552,0.015353313705290637,0.9846466862947094,1,False,True,EXACT,100.0
2015-09-01,PATTERN_B_PROGRESSED_PREVIOUS_ET_ONLY_CANDIDATE_V01_battle_a_all_universe_P1,2015-09-01,173777411.8864635,0.0,27715738.0,201493149.8864635,-0.026612306093478644,0.13755176300344277,0.8624482369965573,6,False,True,EXACT,100.0
2015-09-02,PATTERN_B_PROGRESSED_PREVIOUS_ET_ONLY_CANDIDATE_V01_battle_a_all_universe_P1,2015-09-02,173777411.8864635,0.0,27435175.0,201212586.8864635,-0.02796767014292334,0.1363491987480913,0.8636508012519087,6,False,True,EXACT,100.0
2015-09-03,PATTERN_B_PROGRESSED_PREVIOUS_ET_ONLY_CANDIDATE_V01_battle_a_all_universe_P1,2015-09-03,173777411.8864635,0.0,27882086.0,201659497.8864635,-0.025808700133686968,0.13826319262035414,0.8617368073796459,6,False,True,EXACT,100.0
2015-09-04,PATTERN_B_PROGRESSED_PREVIOUS_ET_ONLY_CANDIDATE_V01_battle_a_all_universe_P1,2015-09-04,173777411.8864635,0.0,27180962.0,200958373.8864635,-0.029195740704977102,0.1352566776608004,0.8647433223391996,6,False,True,EXACT,100.0
2015-09-07,PATTERN_B_PROGRESSED_PREVIOUS_ET_ONLY_CANDIDATE_V01_battle_a_all_universe_P1,2015-09-07,173777411.8864635,0.0,27651704.0,201429115.8864635,-0.02692164617589199,0.13727759206164622,0.8627224079383538,6,False,True,EXACT,100.0
2015-09-08,PATTERN_B_PROGRESSED_PREVIOUS_ET_ONLY_CANDIDATE_V01_battle_a_all_universe_P1,2015-09-08,173777411.8864635,0.0,26764929.0,200542340.8864635,-0.03120554303665546,0.13346273351398094,0.866537266486019,6,False,True,EXACT,100.0
2015-09-09,PATTERN_B_PROGRESSED_PREVIOUS_ET_ONLY_CANDIDATE_V01_battle_a_all_universe_P1,2015-09-09,173777411.8864635,0.0,27547002.0,201324413.8864635,-0.027427448176529867,0.13682891939541458,0.8631710806045854,6,False,True,EXACT,100.0
2015-09-10,PATTERN_B_PROGRESSED_PREVIOUS_ET_ONLY_CANDIDATE_V01_battle_a_all_universe_P1,2015-09-10,173777411.8864635,0.0,28934781.0,202712192.8864635,-0.02072326492651333,0.1427382368469863,0.8572617631530137,6,False,True,EXACT,100.0
2015-09-11,PATTERN_B_PROGRESSED_PREVIOUS_ET_ONLY_CANDIDATE_V01_battle_a_all_universe_P1,2015-09-11,173777411.8864635,0.0,28648609.0,202426020.8864635,-0.02210572533917543,0.14152631600691495,0.858473683993085,6,False,True,EXACT,100.0
2015-09-14,PATTERN_B_PROGRESSED_PREVIOUS_ET_ONLY_CANDIDATE_V01_battle_a_all_universe_P1,2015-09-14,173777411.8864635,0.0,28778133.0,202555544.8864635,-0.021480011424153567,0.14207526639732687,0.8579247336026732,6,False,True,EXACT,100.0
2015-09-15,PATTERN_B_PROGRESSED_PREVIOUS_ET_ONLY_CANDIDATE_V01_battle_a_all_universe_P1,2015-09-15,173777411.8864635,0.0,29259236.0,203036647.8864635,-0.019155864226269248,0.14410815143264943,0.8558918485673506,6,False,True,EXACT,100.0
2015-09-16,PATTERN_B_PROGRESSED_PREVIOUS_ET_ONLY_CANDIDATE_V01_battle_a_all_universe_P1,2015-09-16,173777411.8864635,0.0,30025603.0,203803014.8864635,-0.015453643047850019,0.14732658894534484,0.8526734110546552,6,False,True,EXACT,100.0
2015-09-17,PATTERN_B_PROGRESSED_PREVIOUS_ET_ONLY_CANDIDATE_V01_battle_a_all_universe_P1,2015-09-17,173777411.8864635,0.0,29886726.0,203664137.8864635,-0.01612454011230513,0.14674515754295894,0.8532548424570411,6,False,True,EXACT,100.0
2015-09-18,PATTERN_B_PROGRESSED_PREVIOUS_ET_ONLY_CANDIDATE_V01_battle_a_all_universe_P1,2015-09-18,173777411.8864635,0.0,30313845.0,204091256.8864635,-0.01406118272934731,0.14853083597237912,0.8514691640276209,6,False,True,EXACT,100.0
2015-09-21,PATTERN_B_PROGRESSED_PREVIOUS_ET_ONLY_CANDIDATE_V01_battle_a_all_universe_P1,2015-09-21,173777411.8864635,0.0,30548909.0,204326320.8864635,-0.012925618542627526,0.14951039527097876,0.8504896047290212,6,False,True,EXACT,100.0
2015-09-22,PATTERN_B_PROGRESSED_PREVIOUS_ET_ONLY_CANDIDATE_V01_battle_a_all_universe_P1,2015-09-22,173777411.8864635,0.0,30809112.0,204586523.8864635,-0.011668611054977074,0.15059208893493736,0.8494079110650626,6,False,True,EXACT,100.0
2015-09-23,PATTERN_B_PROGRESSED_PREVIOUS_ET_ONLY_CANDIDATE_V01_battle_a_all_universe_P1,2015-09-23,173777411.8864635,0.0,29996381.0,203773792.8864635,-0.015594810800735659,0.14720431207124393,0.852795687928756,6,False,True,EXACT,100.0
2015-09-24,PATTERN_B_PROGRESSED_PREVIOUS_ET_ONLY_CANDIDATE_V01_battle_a_all_universe_P1,2015-09-24,173777411.8864635,0.0,30987868.0,204765279.8864635,-0.010805063630610512,0.1513336050778818,0.8486663949221182,6,False,True,EXACT,100.0
2015-09-25,PATTERN_B_PROGRESSED_PREVIOUS_ET_ONLY_CANDIDATE_V01_battle_a_all_universe_P1,2015-09-25,173777411.8864635,0.0,30768552.0,204545963.8864635,-0.011864551238983778,0.15042365742830582,0.8495763425716941,6,False,True,EXACT,100.0
2015-09-30,PATTERN_B_PROGRESSED_PREVIOUS_ET_ONLY_CANDIDATE_V01_battle_a_all_universe_P1,2015-09-30,173777411.8864635,0.0,31129452.0,204906863.8864635,-0.010121089394604432,0.1519200060435675,0.8480799939564325,6,False,True,EXACT,100.0
2015-10-01,PATTERN_B_PROGRESSED_PREVIOUS_ET_ONLY_CANDIDATE_V01_battle_a_all_universe_P1,2015-10-01,163787134.76964352,17932723.32095505,24324040.0,206043898.09059855,-0.004628222255053993,0.11805270733765964,0.8819472926623404,5,False,True,EXACT,100.0
2015-10-02,PATTERN_B_PROGRESSED_PREVIOUS_ET_ONLY_CANDIDATE_V01_battle_a_all_universe_P1,2015-10-02,181719858.09059855,0.0,23816680.0,205536538.09059855,-0.007079213669197282,0.11587565024327613,0.8841243497567238,5,False,True,EXACT,100.0
2015-10-05,PATTERN_B_PROGRESSED_PREVIOUS_ET_ONLY_CANDIDATE_V01_battle_a_all_universe_P1,2015-10-05,181719858.09059855,0.0,23741520.0,205461378.09059855,-0.007442302037785731,0.1155522279692446,0.8844477720307554,5,False,True,EXACT,100.0
2015-10-06,PATTERN_B_PROGRESSED_PREVIOUS_ET_ONLY_CANDIDATE_V01_battle_a_all_universe_P1,2015-10-06,181719858.09059855,0.0,24012280.0,205732138.09059855,-0.006134295030348347,0.11671623219812978,0.8832837678018702,5,False,True,EXACT,100.0
2015-10-07,PATTERN_B_PROGRESSED_PREVIOUS_ET_ONLY_CANDIDATE_V01_battle_a_all_universe_P1,2015-10-07,181719858.09059855,0.0,24070150.0,205790008.09059855,-0.00585473244532686,0.11696461953295213,0.8830353804670479,5,False,True,EXACT,100.0
2015-10-08,PATTERN_B_PROGRESSED_PREVIOUS_ET_ONLY_CANDIDATE_V01_battle_a_all_universe_P1,2015-10-08,181719858.09059855,0.0,23720700.0,205440558.09059855,-0.007542880800877949,0.11546259521714916,0.8845374047828508,5,False,True,EXACT,100.0
2015-10-12,PATTERN_B_PROGRESSED_PREVIOUS_ET_ONLY_CANDIDATE_V01_battle_a_all_universe_P1,2015-10-12,181719858.09059855,0.0,23919530.0,205639388.09059855,-0.006582358444219727,0.11631784271533512,0.8836821572846649,5,False,True,EXACT,100.0
2015-10-13,PATTERN_B_PROGRESSED_PREVIOUS_ET_ONLY_CANDIDATE_V01_battle_a_all_universe_P1,2015-10-13,181719858.09059855,0.0,24006250.0,205726108.09059855,-0.006163425190840455,0.11669034243056804,0.8833096575694319,5,False,True,EXACT,100.0
2015-10-14,PATTERN_B_PROGRESSED_PREVIOUS_ET_ONLY_CANDIDATE_V01_battle_a_all_universe_P1,2015-10-14,181719858.09059855,0.0,24432610.0,206152468.09059855,-0.004103734440024209,0.1185171840351798,0.8814828159648203,5,False,True,EXACT,100.0
2015-10-15,PATTERN_B_PROGRESSED_PREVIOUS_ET_ONLY_CANDIDATE_V01_battle_a_all_universe_P1,2015-10-15,181719858.09059855,0.0,24613260.0,206333118.09059855,-0.003231037343357168,0.11928894511831394,0.8807110548816861,5,False,True,EXACT,100.0
2015-10-16,PATTERN_B_PROGRESSED_PREVIOUS_ET_ONLY_CANDIDATE_V01_battle_a_all_universe_P1,2015-10-16,181719858.09059855,0.0,24364560.0,206084418.09059855,-0.004432475305942707,0.11822611445222843,0.8817738855477716,5,False,True,EXACT,100.0
2015-10-19,PATTERN_B_PROGRESSED_PREVIOUS_ET_ONLY_CANDIDATE_V01_battle_a_all_universe_P1,2015-10-19,181719858.09059855,0.0,24387940.0,206107798.09059855,-0.0043195295095403985,0.11832613916567981,0.8816738608343202,5,False,True,EXACT,100.0
2015-10-20,PATTERN_B_PROGRESSED_PREVIOUS_ET_ONLY_CANDIDATE_V01_battle_a_all_universe_P1,2015-10-20,181719858.09059855,0.0,24224090.0,205943948.09059855,-0.005111067950110071,0.1176246751827025,0.8823753248172975,5,False,True,EXACT,100.0
2015-10-21,PATTERN_B_PROGRESSED_PREVIOUS_ET_ONLY_CANDIDATE_V01_battle_a_all_universe_P1,2015-10-21,181719858.09059855,0.0,24513120.0,206232978.09059855,-0.0037148009041666485,0.11886130058807248,0.8811386994119276,5,False,True,EXACT,100.0
2015-10-22,PATTERN_B_PROGRESSED_PREVIOUS_ET_ONLY_CANDIDATE_V01_battle_a_all_universe_P1,2015-10-22,181719858.09059855,0.0,24448510.0,206168368.09059855,-0.004026923569074747,0.11858516525316995,0.88141483474683,5,False,True,EXACT,100.0
2015-10-23,PATTERN_B_PROGRESSED_PREVIOUS_ET_ONLY_CANDIDATE_V01_battle_a_all_universe_P1,2015-10-23,181719858.09059855,0.0,24339960.0,206059818.09059855,-0.004551314766656933,0.1181208458084653,0.8818791541915347,5,False,True,EXACT,100.0
2015-10-26,PATTERN_B_PROGRESSED_PREVIOUS_ET_ONLY_CANDIDATE_V01_battle_a_all_universe_P1,2015-10-26,181719858.09059855,0.0,25830270.0,207550128.09059855,0.0,0.12445316337614942,0.8755468366238506,5,False,True,EXACT,100.0
2015-10-27,PATTERN_B_PROGRESSED_PREVIOUS_ET_ONLY_CANDIDATE_V01_battle_a_all_universe_P1,2015-10-27,181719858.09059855,0.0,26292970.0,208012828.09059855,0.0,0.12640071403936817,0.8735992859606319,5,False,True,EXACT,100.0
2015-10-28,PATTERN_B_PROGRESSED_PREVIOUS_ET_ONLY_CANDIDATE_V01_battle_a_all_universe_P1,2015-10-28,181719858.09059855,0.0,25728700.0,207448558.09059855,-0.002712669238621346,0.12402448219844248,0.8759755178015576,5,False,True,EXACT,100.0
2015-10-29,PATTERN_B_PROGRESSED_PREVIOUS_ET_ONLY_CANDIDATE_V01_battle_a_all_universe_P1,2015-10-29,181719858.09059855,0.0,25846090.0,207565948.09059855,-0.002148329043463404,0.12451989470218244,0.8754801052978175,5,False,True,EXACT,100.0
2015-10-30,PATTERN_B_PROGRESSED_PREVIOUS_ET_ONLY_CANDIDATE_V01_battle_a_all_universe_P1,2015-10-30,181719858.09059855,0.0,25016710.0,206736568.09059855,-0.0061354869875820395,0.1210076680243472,0.8789923319756529,5,False,True,EXACT,100.0
2015-11-02,PATTERN_B_PROGRESSED_PREVIOUS_ET_ONLY_CANDIDATE_V01_battle_a_all_universe_P1,2015-11-02,181719858.09059855,5394160.3845555,19117610.0,206231628.47515404,-0.008562931583569022,0.09269969956283021,0.9073003004371698,4,False,True,EXACT,100.0
2015-11-03,PATTERN_B_PROGRESSED_PREVIOUS_ET_ONLY_CANDIDATE_V01_battle_a_all_universe_P1,2015-11-03,187114018.47515404,0.0,19275990.0,206390008.47515404,-0.00780153623380242,0.0933959455809631,0.9066040544190369,4,False,True,EXACT,100.0
2015-11-04,PATTERN_B_PROGRESSED_PREVIOUS_ET_ONLY_CANDIDATE_V01_battle_a_all_universe_P1,2015-11-04,187114018.47515404,0.0,19254810.0,206368828.47515404,-0.007903356877242529,0.09330289919399432,0.9066971008060057,4,False,True,EXACT,100.0
2015-11-05,PATTERN_B_PROGRESSED_PREVIOUS_ET_ONLY_CANDIDATE_V01_battle_a_all_universe_P1,2015-11-05,187114018.47515404,0.0,19823880.0,206937898.47515404,-0.005167612138691435,0.09579627582030437,0.9042037241796956,4,False,True,EXACT,100.0
2015-11-06,PATTERN_B_PROGRESSED_PREVIOUS_ET_ONLY_CANDIDATE_V01_battle_a_all_universe_P1,2015-11-06,187114018.47515404,0.0,19770640.0,206884658.47515404,-0.005423557892079378,0.0955635867140645,0.9044364132859355,4,False,True,EXACT,100.0
2015-11-09,PATTERN_B_PROGRESSED_PREVIOUS_ET_ONLY_CANDIDATE_V01_battle_a_all_universe_P1,2015-11-09,187114018.47515404,0.0,18992280.0,206106298.47515404,-0.00916544250152751,0.09214798451338693,0.9078520154866131,4,False,True,EXACT,100.0
2015-11-10,PATTERN_B_PROGRESSED_PREVIOUS_ET_ONLY_CANDIDATE_V01_battle_a_all_universe_P1,2015-11-10,187114018.47515404,0.0,18113720.0,205227738.47515404,-0.013389028172010042,0.08826155827952538,0.9117384417204746,4,False,True,EXACT,100.0
2015-11-11,PATTERN_B_PROGRESSED_PREVIOUS_ET_ONLY_CANDIDATE_V01_battle_a_all_universe_P1,2015-11-11,187114018.47515404,0.0,18867340.0,205981358.47515404,-0.009766078535116685,0.09159731802757201,0.908402681972428,4,False,True,EXACT,100.0
2015-11-12,PATTERN_B_PROGRESSED_PREVIOUS_ET_ONLY_CANDIDATE_V01_battle_a_all_universe_P1,2015-11-12,187114018.47515404,0.0,18854100.0,205968118.47515404,-0.009829728455756359,0.0915389242742166,0.9084610757257834,4,False,True,EXACT,100.0
2015-11-13,PATTERN_B_PROGRESSED_PREVIOUS_ET_ONLY_CANDIDATE_V01_battle_a_all_universe_P1,2015-11-13,187114018.47515404,0.0,18484410.0,205598428.47515404,-0.01160697461597382,0.08990540510008707,0.910094594899913,4,False,True,EXACT,100.0
2015-11-16,PATTERN_B_PROGRESSED_PREVIOUS_ET_ONLY_CANDIDATE_V01_battle_a_all_universe_P1,2015-11-16,187114018.47515404,0.0,18033480.0,205147498.47515404,-0.01377477361250301,0.08790494709436626,0.9120950529056338,4,False,True,EXACT,100.0
2015-11-17,PATTERN_B_PROGRESSED_PREVIOUS_ET_ONLY_CANDIDATE_V01_battle_a_all_universe_P1,2015-11-17,187114018.47515404,0.0,18572860.0,205686878.47515404,-0.01118176045580932,0.09029676631629913,0.9097032336837009,4,False,True,EXACT,100.0
2015-11-18,PATTERN_B_PROGRESSED_PREVIOUS_ET_ONLY_CANDIDATE_V01_battle_a_all_universe_P1,2015-11-18,187114018.47515404,0.0,18326750.0,205440768.47515404,-0.012364908640751127,0.08920697744672053,0.9107930225532794,4,False,True,EXACT,100.0
2015-11-19,PATTERN_B_PROGRESSED_PREVIOUS_ET_ONLY_CANDIDATE_V01_battle_a_all_universe_P1,2015-11-19,187114018.47515404,0.0,18477700.0,205591718.47515404,-0.01163923224191743,0.08987570188646994,0.91012429811353,4,False,True,EXACT,100.0
2015-11-20,PATTERN_B_PROGRESSED_PREVIOUS_ET_ONLY_CANDIDATE_V01_battle_a_all_universe_P1,2015-11-20,187114018.47515404,0.0,18548930.0,205662948.47515404,-0.011296801437750914,0.09019091740893173,0.9098090825910683,4,False,True,EXACT,100.0
2015-11-23,PATTERN_B_PROGRESSED_PREVIOUS_ET_ONLY_CANDIDATE_V01_battle_a_all_universe_P1,2015-11-23,187114018.47515404,0.0,18642000.0,205756018.47515404,-0.01084937710890399,0.09060245303226017,0.9093975469677398,4,False,True,EXACT,100.0
2015-11-24,PATTERN_B_PROGRESSED_PREVIOUS_ET_ONLY_CANDIDATE_V01_battle_a_all_universe_P1,2015-11-24,187114018.47515404,0.0,18749910.0,205863928.47515404,-0.010330611026107328,0.09107914212500297,0.908920857874997,4,False,True,EXACT,100.0
2015-11-25,PATTERN_B_PROGRESSED_PREVIOUS_ET_ONLY_CANDIDATE_V01_battle_a_all_universe_P1,2015-11-25,187114018.47515404,0.0,19129920.0,206243938.47515404,-0.008503752541040854,0.09275385323532578,0.9072461467646742,4,False,True,EXACT,100.0
2015-11-26,PATTERN_B_PROGRESSED_PREVIOUS_ET_ONLY_CANDIDATE_V01_battle_a_all_universe_P1,2015-11-26,187114018.47515404,0.0,19335920.0,206449938.47515404,-0.007513429002387273,0.09365912212333767,0.9063408778766623,4,False,True,EXACT,100.0
2015-11-27,PATTERN_B_PROGRESSED_PREVIOUS_ET_ONLY_CANDIDATE_V01_battle_a_all_universe_P1,2015-11-27,187114018.47515404,0.0,19205340.0,206319358.47515404,-0.008141178748393929,0.09308549688182943,0.9069145031181706,4,False,True,EXACT,100.0
2015-11-30,PATTERN_B_PROGRESSED_PREVIOUS_ET_ONLY_CANDIDATE_V01_battle_a_all_universe_P1,2015-11-30,187114018.47515404,0.0,18840090.0,205954108.47515404,-0.0098970800711764,0.09147712633405823,0.9085228736659418,4,False,True,EXACT,100.0
2015-12-01,PATTERN_B_PROGRESSED_PREVIOUS_ET_ONLY_CANDIDATE_V01_battle_a_all_universe_P1,2015-12-01,157181487.12483245,5444732.16765,43365270.0,205991489.29248247,-0.009717375686251972,0.21051971685309132,0.7894802831469087,9,False,True,EXACT,100.0
2015-12-02,PATTERN_B_PROGRESSED_PREVIOUS_ET_ONLY_CANDIDATE_V01_battle_a_all_universe_P1,2015-12-02,162626219.29248247,0.0,43375492.0,206001711.29248247,-0.009668234486193139,0.21055889161238672,0.7894411083876133,9,False,True,EXACT,100.0
2015-12-03,PATTERN_B_PROGRESSED_PREVIOUS_ET_ONLY_CANDIDATE_V01_battle_a_all_universe_P1,2015-12-03,162626219.29248247,0.0,43496267.0,206122486.29248247,-0.009087621256188894,0.21102145516661353,0.7889785448333865,9,False,True,EXACT,100.0
2015-12-04,PATTERN_B_PROGRESSED_PREVIOUS_ET_ONLY_CANDIDATE_V01_battle_a_all_universe_P1,2015-12-04,162626219.29248247,0.0,43208686.0,205834905.29248247,-0.010470136953128262,0.20991913853776323,0.7900808614622368,9,False,True,EXACT,100.0
2015-12-07,PATTERN_B_PROGRESSED_PREVIOUS_ET_ONLY_CANDIDATE_V01_battle_a_all_universe_P1,2015-12-07,162626219.29248247,0.0,42851026.0,205477245.29248247,-0.012189550141646688,0.20854389953984717,0.7914561004601528,9,False,True,EXACT,100.0
2015-12-08,PATTERN_B_PROGRESSED_PREVIOUS_ET_ONLY_CANDIDATE_V01_battle_a_all_universe_P1,2015-12-08,162626219.29248247,0.0,42145042.0,204771261.29248247,-0.015583494671320253,0.20581521905948832,0.7941847809405117,9,False,True,EXACT,100.0
2015-12-09,PATTERN_B_PROGRESSED_PREVIOUS_ET_ONLY_CANDIDATE_V01_battle_a_all_universe_P1,2015-12-09,162626219.29248247,0.0,41398064.0,204024283.29248247,-0.019174513585185737,0.20290753302465034,0.7970924669753496,9,False,True,EXACT,100.0
2015-12-10,PATTERN_B_PROGRESSED_PREVIOUS_ET_ONLY_CANDIDATE_V01_battle_a_all_universe_P1,2015-12-10,162626219.29248247,0.0,41128768.0,203754987.29248247,-0.020469126049580066,0.201854043164898,0.798145956835102,9,False,True,EXACT,100.0
2015-12-11,PATTERN_B_PROGRESSED_PREVIOUS_ET_ONLY_CANDIDATE_V01_battle_a_all_universe_P1,2015-12-11,162626219.29248247,0.0,40547716.0,203173935.29248247,-0.023262473004830975,0.1995714457252051,0.8004285542747949,9,False,True,EXACT,100.0
2015-12-14,PATTERN_B_PROGRESSED_PREVIOUS_ET_ONLY_CANDIDATE_V01_battle_a_all_universe_P1,2015-12-14,162626219.29248247,0.0,38605794.0,201232013.29248247,-0.03259806070788451,0.19184717862901896,0.8081528213709811,9,False,True,EXACT,100.0
2015-12-15,PATTERN_B_PROGRESSED_PREVIOUS_ET_ONLY_CANDIDATE_V01_battle_a_all_universe_P1,2015-12-15,162626219.29248247,0.0,39574067.0,202200286.29248247,-0.027943189136318436,0.1957171660121003,0.8042828339878997,9,False,True,EXACT,100.0
2015-12-16,PATTERN_B_PROGRESSED_PREVIOUS_ET_ONLY_CANDIDATE_V01_battle_a_all_universe_P1,2015-12-16,162626219.29248247,0.0,40453847.0,203080066.29248247,-0.023713738442937116,0.19920146638979852,0.8007985336102015,9,False,True,EXACT,100.0
2015-12-17,PATTERN_B_PROGRESSED_PREVIOUS_ET_ONLY_CANDIDATE_V01_battle_a_all_universe_P1,2015-12-17,162626219.29248247,0.0,40735925.0,203362144.29248247,-0.02235767784518805,0.2003122318646099,0.7996877681353901,9,False,True,EXACT,100.0
2015-12-18,PATTERN_B_PROGRESSED_PREVIOUS_ET_ONLY_CANDIDATE_V01_battle_a_all_universe_P1,2015-12-18,162626219.29248247,0.0,41948449.0,204574668.29248247,-0.016528595037507143,0.2050520201260983,0.7949479798739016,9,False,True,EXACT,100.0
2015-12-21,PATTERN_B_PROGRESSED_PREVIOUS_ET_ONLY_CANDIDATE_V01_battle_a_all_universe_P1,2015-12-21,162626219.29248247,0.0,42290928.0,204917147.29248247,-0.014882162924912401,0.20638062045455516,0.7936193795454448,9,False,True,EXACT,100.0
2015-12-22,PATTERN_B_PROGRESSED_PREVIOUS_ET_ONLY_CANDIDATE_V01_battle_a_all_universe_P1,2015-12-22,162626219.29248247,0.0,41693835.0,204320054.29248247,-0.017752625316491133,0.20406139350528765,0.7959386064947124,9,False,True,EXACT,100.0
2015-12-23,PATTERN_B_PROGRESSED_PREVIOUS_ET_ONLY_CANDIDATE_V01_battle_a_all_universe_P1,2015-12-23,162626219.29248247,0.0,41774666.0,204400885.29248247,-0.017364038705069307,0.20437615003586487,0.7956238499641352,9,False,True,EXACT,100.0
2015-12-24,PATTERN_B_PROGRESSED_PREVIOUS_ET_ONLY_CANDIDATE_V01_battle_a_all_universe_P1,2015-12-24,162626219.29248247,0.0,41777651.0,204403870.29248247,-0.017349688628550464,0.204387768882361,0.795612231117639,9,False,True,EXACT,100.0
2015-12-28,PATTERN_B_PROGRESSED_PREVIOUS_ET_ONLY_CANDIDATE_V01_battle_a_all_universe_P1,2015-12-28,162626219.29248247,0.0,41336185.0,203962404.29248247,-0.01947199043105141,0.20266570765033656,0.7973342923496635,9,False,True,EXACT,100.0
2015-12-29,PATTERN_B_PROGRESSED_PREVIOUS_ET_ONLY_CANDIDATE_V01_battle_a_all_universe_P1,2015-12-29,162626219.29248247,0.0,41621804.0,204248023.29248247,-0.018098906844708385,0.20378069431985504,0.796219305680145,9,False,True,EXACT,100.0
2015-12-30,PATTERN_B_PROGRESSED_PREVIOUS_ET_ONLY_CANDIDATE_V01_battle_a_all_universe_P1,2015-12-30,162626219.29248247,0.0,41961646.0,204587865.29248247,-0.016465151834887615,0.2051032984777024,0.7948967015222976,9,False,True,EXACT,100.0
2016-01-04,PATTERN_B_PROGRESSED_PREVIOUS_ET_ONLY_CANDIDATE_V01_battle_a_all_universe_P1,2016-01-04,162626219.29248247,0.0,40997105.0,203623324.29248247,-0.021102082205258332,0.20133796136788423,0.7986620386321157,9,False,True,EXACT,100.0
2016-01-05,PATTERN_B_PROGRESSED_PREVIOUS_ET_ONLY_CANDIDATE_V01_battle_a_all_universe_P1,2016-01-05,162626219.29248247,0.0,40796853.0,203423072.29248247,-0.022064772832745883,0.20055174931849484,0.7994482506815052,9,False,True,EXACT,100.0
2016-01-06,PATTERN_B_PROGRESSED_PREVIOUS_ET_ONLY_CANDIDATE_V01_battle_a_all_universe_P1,2016-01-06,162626219.29248247,0.0,40906276.0,203532495.29248247,-0.021538733160075596,0.2009815481366571,0.7990184518633429,9,False,True,EXACT,100.0
2016-01-07,PATTERN_B_PROGRESSED_PREVIOUS_ET_ONLY_CANDIDATE_V01_battle_a_all_universe_P1,2016-01-07,162626219.29248247,0.0,40214958.0,202841177.29248247,-0.02486217242267197,0.19825835432818903,0.8017416456718109,9,False,True,EXACT,100.0
2016-01-08,PATTERN_B_PROGRESSED_PREVIOUS_ET_ONLY_CANDIDATE_V01_battle_a_all_universe_P1,2016-01-08,162626219.29248247,0.0,39838424.0,202464643.29248247,-0.026672320399872662,0.19676731379932352,0.8032326862006764,9,False,True,EXACT,100.0
2016-01-11,PATTERN_B_PROGRESSED_PREVIOUS_ET_ONLY_CANDIDATE_V01_battle_a_all_universe_P1,2016-01-11,162626219.29248247,0.0,39908778.0,202534997.29248247,-0.026334100874443434,0.19704633042934008,0.80295366957066,9,False,True,EXACT,100.0
2016-01-12,PATTERN_B_PROGRESSED_PREVIOUS_ET_ONLY_CANDIDATE_V01_battle_a_all_universe_P1,2016-01-12,162626219.29248247,0.0,39676158.0,202302377.29248247,-0.027452397289790875,0.19612304378725837,0.8038769562127417,9,False,True,EXACT,100.0
2016-01-13,PATTERN_B_PROGRESSED_PREVIOUS_ET_ONLY_CANDIDATE_V01_battle_a_all_universe_P1,2016-01-13,162626219.29248247,0.0,40824604.0,203450823.29248247,-0.02193136279138097,0.20066079526898858,0.7993392047310114,9,False,True,EXACT,100.0
2016-01-14,PATTERN_B_PROGRESSED_PREVIOUS_ET_ONLY_CANDIDATE_V01_battle_a_all_universe_P1,2016-01-14,162626219.29248247,0.0,40197125.0,202823344.29248247,-0.024947902712306957,0.19818786215275855,0.8018121378472415,9,False,True,EXACT,100.0
2016-01-15,PATTERN_B_PROGRESSED_PREVIOUS_ET_ONLY_CANDIDATE_V01_battle_a_all_universe_P1,2016-01-15,162626219.29248247,0.0,39742674.0,202368893.29248247,-0.027132628549513815,0.1963872675953224,0.8036127324046776,9,False,True,EXACT,100.0
2016-01-18,PATTERN_B_PROGRESSED_PREVIOUS_ET_ONLY_CANDIDATE_V01_battle_a_all_universe_P1,2016-01-18,162626219.29248247,0.0,39671470.0,202297689.29248247,-0.027474934361389036,0.19610441492805633,0.8038955850719437,9,False,True,EXACT,100.0
2016-01-19,PATTERN_B_PROGRESSED_PREVIOUS_ET_ONLY_CANDIDATE_V01_battle_a_all_universe_P1,2016-01-19,162626219.29248247,0.0,39232439.0,201858658.29248247,-0.02958553015507137,0.19435598815461402,0.805644011845386,9,False,True,EXACT,100.0
2016-01-20,PATTERN_B_PROGRESSED_PREVIOUS_ET_ONLY_CANDIDATE_V01_battle_a_all_universe_P1,2016-01-20,162626219.29248247,0.0,38236003.0,200862222.29248247,-0.03437579241507971,0.1903593546043876,0.8096406453956124,9,False,True,EXACT,100.0
2016-01-21,PATTERN_B_PROGRESSED_PREVIOUS_ET_ONLY_CANDIDATE_V01_battle_a_all_universe_P1,2016-01-21,162626219.29248247,0.0,38063510.0,200689729.29248247,-0.03520503454203583,0.18966346775288515,0.8103365322471149,9,False,True,EXACT,100.0
2016-01-22,PATTERN_B_PROGRESSED_PREVIOUS_ET_ONLY_CANDIDATE_V01_battle_a_all_universe_P1,2016-01-22,162626219.29248247,0.0,38621765.0,201247984.29248247,-0.032521281789264056,0.19191131347616036,0.8080886865238396,9,False,True,EXACT,100.0
2016-01-25,PATTERN_B_PROGRESSED_PREVIOUS_ET_ONLY_CANDIDATE_V01_battle_a_all_universe_P1,2016-01-25,162626219.29248247,0.0,39245420.0,201871639.29248247,-0.02952312534994883,0.1944077936729841,0.8055922063270159,9,False,True,EXACT,100.0
2016-01-26,PATTERN_B_PROGRESSED_PREVIOUS_ET_ONLY_CANDIDATE_V01_battle_a_all_universe_P1,2016-01-26,162626219.29248247,0.0,38777377.0,201403596.29248247,-0.03177319331112349,0.19253567321452736,0.8074643267854726,9,False,True,EXACT,100.0
2016-01-27,PATTERN_B_PROGRESSED_PREVIOUS_ET_ONLY_CANDIDATE_V01_battle_a_all_universe_P1,2016-01-27,162626219.29248247,0.0,38413949.0,201040168.29248247,-0.033520335558724246,0.1910759890735548,0.8089240109264452,9,False,True,EXACT,100.0
2016-01-28,PATTERN_B_PROGRESSED_PREVIOUS_ET_ONLY_CANDIDATE_V01_battle_a_all_universe_P1,2016-01-28,162626219.29248247,0.0,38530842.0,201157061.29248247,-0.03295838463928824,0.1915460573565257,0.8084539426434744,9,False,True,EXACT,100.0
2016-01-29,PATTERN_B_PROGRESSED_PREVIOUS_ET_ONLY_CANDIDATE_V01_battle_a_all_universe_P1,2016-01-29,162626219.29248247,0.0,38996262.0,201622481.29248247,-0.030720926477346033,0.1934122710424851,0.8065877289575148,9,False,True,EXACT,100.0
2016-02-01,PATTERN_B_PROGRESSED_PREVIOUS_ET_ONLY_CANDIDATE_V01_battle_a_all_universe_P1,2016-02-01,127664697.49372897,4899959.29584,69222946.0,201787602.78956896,-0.029927122082673896,0.3430485572108613,0.6569514427891388,15,False,True,EXACT,100.0
2016-02-02,PATTERN_B_PROGRESSED_PREVIOUS_ET_ONLY_CANDIDATE_V01_battle_a_all_universe_P1,2016-02-02,132564656.78956896,0.0,69674761.0,202239417.78956896,-0.027755068540845085,0.344516226171581,0.655483773828419,15,False,True,EXACT,100.0
2016-02-03,PATTERN_B_PROGRESSED_PREVIOUS_ET_ONLY_CANDIDATE_V01_battle_a_all_universe_P1,2016-02-03,132564656.78956896,0.0,68859612.0,201424268.78956896,-0.031673812435067616,0.34186353220395055,0.6581364677960494,15,False,True,EXACT,100.0
2016-02-04,PATTERN_B_PROGRESSED_PREVIOUS_ET_ONLY_CANDIDATE_V01_battle_a_all_universe_P1,2016-02-04,132564656.78956896,0.0,69355468.0,201920124.78956896,-0.029290036373987305,0.34347972037100705,0.656520279628993,15,False,True,EXACT,100.0
2016-02-05,PATTERN_B_PROGRESSED_PREVIOUS_ET_ONLY_CANDIDATE_V01_battle_a_all_universe_P1,2016-02-05,132564656.78956896,0.0,69540884.0,202105540.78956896,-0.028398668270866012,0.34408202629340845,0.6559179737065916,15,False,True,EXACT,100.0
2016-02-11,PATTERN_B_PROGRESSED_PREVIOUS_ET_ONLY_CANDIDATE_V01_battle_a_all_universe_P1,2016-02-11,132564656.78956896,0.0,66301709.0,198866365.78956896,-0.04397066462192378,0.333398303613379,0.666601696386621,15,False,True,EXACT,100.0
2016-02-12,PATTERN_B_PROGRESSED_PREVIOUS_ET_ONLY_CANDIDATE_V01_battle_a_all_universe_P1,2016-02-12,132564656.78956896,0.0,62210796.0,194775452.78956896,-0.06363730267281476,0.31939751703317126,0.6806024829668287,15,False,True,EXACT,100.0
2016-02-15,PATTERN_B_PROGRESSED_PREVIOUS_ET_ONLY_CANDIDATE_V01_battle_a_all_universe_P1,2016-02-15,132564656.78956896,0.0,64320239.0,196884895.78956896,-0.05349637521481554,0.3266895550420771,0.6733104449579229,15,False,True,EXACT,100.0
2016-02-16,PATTERN_B_PROGRESSED_PREVIOUS_ET_ONLY_CANDIDATE_V01_battle_a_all_universe_P1,2016-02-16,132564656.78956896,0.0,66201472.0,198766128.78956896,-0.04445254355660344,0.3330621389225053,0.6669378610774946,15,False,True,EXACT,100.0
2016-02-17,PATTERN_B_PROGRESSED_PREVIOUS_ET_ONLY_CANDIDATE_V01_battle_a_all_universe_P1,2016-02-17,132564656.78956896,0.0,65504303.0,198068959.78956896,-0.04780411089213499,0.3307146312556628,0.6692853687443372,15,False,True,EXACT,100.0
2016-02-18,PATTERN_B_PROGRESSED_PREVIOUS_ET_ONLY_CANDIDATE_V01_battle_a_all_universe_P1,2016-02-18,132564656.78956896,0.0,66164706.0,198729362.78956896,-0.04462929227127399,0.3329387518343761,0.6670612481656238,15,False,True,EXACT,100.0
2016-02-19,PATTERN_B_PROGRESSED_PREVIOUS_ET_ONLY_CANDIDATE_V01_battle_a_all_universe_P1,2016-02-19,132564656.78956896,0.0,67278750.0,199843406.78956896,-0.039273641803819204,0.33665734126942276,0.6633426587305772,15,False,True,EXACT,100.0
2016-02-22,PATTERN_B_PROGRESSED_PREVIOUS_ET_ONLY_CANDIDATE_V01_battle_a_all_universe_P1,2016-02-22,132564656.78956896,0.0,67495479.0,200060135.78956896,-0.038231739715426816,0.3373759531533777,0.6626240468466223,15,False,True,EXACT,100.0
2016-02-23,PATTERN_B_PROGRESSED_PREVIOUS_ET_ONLY_CANDIDATE_V01_battle_a_all_universe_P1,2016-02-23,132564656.78956896,0.0,66698408.0,199263064.78956896,-0.04206357550803885,0.3347253946456992,0.6652746053543008,15,False,True,EXACT,100.0
2016-02-24,PATTERN_B_PROGRESSED_PREVIOUS_ET_ONLY_CANDIDATE_V01_battle_a_all_universe_P1,2016-02-24,132564656.78956896,0.0,66988839.0,199553495.78956896,-0.04066735873301619,0.3356936381141644,0.6643063618858356,15,False,True,EXACT,100.0
2016-02-25,PATTERN_B_PROGRESSED_PREVIOUS_ET_ONLY_CANDIDATE_V01_battle_a_all_universe_P1,2016-02-25,132564656.78956896,0.0,66864197.0,199428853.78956896,-0.041266562162651343,0.3352784500810148,0.6647215499189851,15,False,True,EXACT,100.0
2016-02-26,PATTERN_B_PROGRESSED_PREVIOUS_ET_ONLY_CANDIDATE_V01_battle_a_all_universe_P1,2016-02-26,132564656.78956896,0.0,68183227.0,200747883.78956896,-0.034925462855903255,0.33964605610225046,0.6603539438977495,15,False,True,EXACT,100.0
2016-02-29,PATTERN_B_PROGRESSED_PREVIOUS_ET_ONLY_CANDIDATE_V01_battle_a_all_universe_P1,2016-02-29,132564656.78956896,0.0,69078532.0,201643188.78956896,-0.03062137734243653,0.342578057878707,0.657421942121293,15,False,True,EXACT,100.0
2016-03-02,PATTERN_B_PROGRESSED_PREVIOUS_ET_ONLY_CANDIDATE_V01_battle_a_all_universe_P1,2016-03-02,97610949.9688863,31321497.516533103,73920255.0,202852702.4854194,-0.02480676625833722,0.3644035997268177,0.6355964002731824,16,False,True,EXACT,100.0
2016-03-03,PATTERN_B_PROGRESSED_PREVIOUS_ET_ONLY_CANDIDATE_V01_battle_a_all_universe_P1,2016-03-03,128932447.48541941,0.0,74329773.0,203262220.4854194,-0.022838051137452298,0.3656841533192436,0.6343158466807565,16,False,True,EXACT,100.0
2016-03-04,PATTERN_B_PROGRESSED_PREVIOUS_ET_ONLY_CANDIDATE_V01_battle_a_all_universe_P1,2016-03-04,128932447.48541941,0.0,75739798.0,204672245.4854194,-0.01605950284818103,0.3700540726485341,0.6299459273514659,16,False,True,EXACT,100.0
2016-03-07,PATTERN_B_PROGRESSED_PREVIOUS_ET_ONLY_CANDIDATE_V01_battle_a_all_universe_P1,2016-03-07,128932447.48541941,0.0,78314342.0,207246789.4854194,-0.003682650787505848,0.3778796390257699,0.6221203609742302,16,False,True,EXACT,100.0
2016-03-08,PATTERN_B_PROGRESSED_PREVIOUS_ET_ONLY_CANDIDATE_V01_battle_a_all_universe_P1,2016-03-08,128932447.48541941,0.0,78525322.0,207457769.4854194,-0.002668386417675195,0.37851232178373023,0.6214876782162698,16,False,True,EXACT,100.0
2016-03-09,PATTERN_B_PROGRESSED_PREVIOUS_ET_ONLY_CANDIDATE_V01_battle_a_all_universe_P1,2016-03-09,128932447.48541941,0.0,78983189.0,207915636.4854194,-0.0004672385163516646,0.3798809475570102,0.6201190524429899,16,False,True,EXACT,100.0
2016-03-10,PATTERN_B_PROGRESSED_PREVIOUS_ET_ONLY_CANDIDATE_V01_battle_a_all_universe_P1,2016-03-10,128932447.48541941,0.0,79071113.0,208003560.4854194,-4.455304638772972e-05,0.3801430745486817,0.6198569254513184,16,False,True,EXACT,100.0
2016-03-11,PATTERN_B_PROGRESSED_PREVIOUS_ET_ONLY_CANDIDATE_V01_battle_a_all_universe_P1,2016-03-11,128932447.48541941,0.0,81001917.0,209934364.4854194,0.0,0.38584400985778505,0.614155990142215,16,False,True,EXACT,100.0
2016-03-14,PATTERN_B_PROGRESSED_PREVIOUS_ET_ONLY_CANDIDATE_V01_battle_a_all_universe_P1,2016-03-14,128932447.48541941,0.0,82483964.0,211416411.4854194,0.0,0.3901492955086347,0.6098507044913654,16,False,True,EXACT,100.0
2016-03-15,PATTERN_B_PROGRESSED_PREVIOUS_ET_ONLY_CANDIDATE_V01_battle_a_all_universe_P1,2016-03-15,128932447.48541941,0.0,82606003.0,211538450.4854194,0.0,0.3905011254948837,0.6094988745051164,16,False,True,EXACT,100.0
2016-03-16,PATTERN_B_PROGRESSED_PREVIOUS_ET_ONLY_CANDIDATE_V01_battle_a_all_universe_P1,2016-03-16,128932447.48541941,0.0,82465619.0,211398066.4854194,-0.0006636334892208273,0.3900963730228244,0.6099036269771757,16,False,True,EXACT,100.0
2016-03-17,PATTERN_B_PROGRESSED_PREVIOUS_ET_ONLY_CANDIDATE_V01_battle_a_all_universe_P1,2016-03-17,128932447.48541941,0.0,83610684.0,212543131.4854194,0.0,0.393382196901224,0.606617803098776,16,False,True,EXACT,100.0
2016-03-18,PATTERN_B_PROGRESSED_PREVIOUS_ET_ONLY_CANDIDATE_V01_battle_a_all_universe_P1,2016-03-18,128932447.48541941,0.0,83873946.0,212806393.4854194,0.0,0.3941326415352586,0.6058673584647414,16,False,True,EXACT,100.0
2016-03-21,PATTERN_B_PROGRESSED_PREVIOUS_ET_ONLY_CANDIDATE_V01_battle_a_all_universe_P1,2016-03-21,128932447.48541941,0.0,84899570.0,213832017.4854194,0.0,0.39703862404884743,0.6029613759511526,16,False,True,EXACT,100.0
2016-03-22,PATTERN_B_PROGRESSED_PREVIOUS_ET_ONLY_CANDIDATE_V01_battle_a_all_universe_P1,2016-03-22,128932447.48541941,0.0,84720775.0,213653222.4854194,-0.0008361470003536153,0.39653403779473395,0.603465962205266,16,False,True,EXACT,100.0
2016-03-23,PATTERN_B_PROGRESSED_PREVIOUS_ET_ONLY_CANDIDATE_V01_battle_a_all_universe_P1,2016-03-23,128932447.48541941,0.0,84634794.0,213567241.4854194,-0.001238243005484696,0.39629108570837707,0.603708914291623,16,False,True,EXACT,100.0
2016-03-24,PATTERN_B_PROGRESSED_PREVIOUS_ET_ONLY_CANDIDATE_V01_battle_a_all_universe_P1,2016-03-24,128932447.48541941,0.0,84518063.0,213450510.4854194,-0.0017841434808798518,0.39596093168291274,0.6040390683170873,16,False,True,EXACT,100.0
2016-03-25,PATTERN_B_PROGRESSED_PREVIOUS_ET_ONLY_CANDIDATE_V01_battle_a_all_universe_P1,2016-03-25,128932447.48541941,0.0,84804766.0,213737213.4854194,-0.0004433573658185752,0.3967711781073873,0.6032288218926127,16,False,True,EXACT,100.0
2016-03-28,PATTERN_B_PROGRESSED_PREVIOUS_ET_ONLY_CANDIDATE_V01_battle_a_all_universe_P1,2016-03-28,128932447.48541941,0.0,84160479.0,213092926.4854194,-0.003456409422178286,0.39494731424488916,0.6050526857551108,16,False,True,EXACT,100.0
2016-03-29,PATTERN_B_PROGRESSED_PREVIOUS_ET_ONLY_CANDIDATE_V01_battle_a_all_universe_P1,2016-03-29,128932447.48541941,0.0,85538907.0,214471354.4854194,0.0,0.3988360459849442,0.6011639540150558,16,False,True,EXACT,100.0
2016-03-30,PATTERN_B_PROGRESSED_PREVIOUS_ET_ONLY_CANDIDATE_V01_battle_a_all_universe_P1,2016-03-30,128932447.48541941,0.0,86152204.0,215084651.4854194,0.0,0.4005502178096621,0.599449782190338,16,False,True,EXACT,100.0
2016-03-31,PATTERN_B_PROGRESSED_PREVIOUS_ET_ONLY_CANDIDATE_V01_battle_a_all_universe_P1,2016-03-31,128932447.48541941,0.0,86217416.0,215149863.4854194,0.0,0.4007319112514469,0.5992680887485532,16,False,True,EXACT,100.0
2016-04-01,PATTERN_B_PROGRESSED_PREVIOUS_ET_ONLY_CANDIDATE_V01_battle_a_all_universe_P1,2016-04-01,123980358.3834594,44670257.77510214,45419086.0,214069702.15856153,-0.005020506680131209,0.21216961364461592,0.787830386355384,9,False,True,EXACT,100.0
2016-04-04,PATTERN_B_PROGRESSED_PREVIOUS_ET_ONLY_CANDIDATE_V01_battle_a_all_universe_P1,2016-04-04,168650616.15856153,0.0,44771476.0,213422092.15856153,-0.008030548097349599,0.2097790137243014,0.7902209862756986,9,False,True,EXACT,100.0
2016-04-05,PATTERN_B_PROGRESSED_PREVIOUS_ET_ONLY_CANDIDATE_V01_battle_a_all_universe_P1,2016-04-05,168650616.15856153,0.0,44891323.0,213541939.15856153,-0.00747350846897854,0.21022251262159233,0.7897774873784077,9,False,True,EXACT,100.0
2016-04-06,PATTERN_B_PROGRESSED_PREVIOUS_ET_ONLY_CANDIDATE_V01_battle_a_all_universe_P1,2016-04-06,168650616.15856153,0.0,46345931.0,214996547.15856153,-0.0007126024826330513,0.21556593169758925,0.7844340683024108,9,False,True,EXACT,100.0
2016-04-07,PATTERN_B_PROGRESSED_PREVIOUS_ET_ONLY_CANDIDATE_V01_battle_a_all_universe_P1,2016-04-07,168650616.15856153,0.0,46772652.0,215423268.15856153,0.0,0.21711977726367587,0.7828802227363241,9,False,True,EXACT,100.0
2016-04-08,PATTERN_B_PROGRESSED_PREVIOUS_ET_ONLY_CANDIDATE_V01_battle_a_all_universe_P1,2016-04-08,168650616.15856153,0.0,47494588.0,216145204.15856153,0.0,0.21973463711532798,0.780265362884672,9,False,True,EXACT,100.0
2016-04-11,PATTERN_B_PROGRESSED_PREVIOUS_ET_ONLY_CANDIDATE_V01_battle_a_all_universe_P1,2016-04-11,168650616.15856153,0.0,49646011.0,218296627.15856153,0.0,0.22742454451180877,0.7725754554881912,9,False,True,EXACT,100.0
2016-04-12,PATTERN_B_PROGRESSED_PREVIOUS_ET_ONLY_CANDIDATE_V01_battle_a_all_universe_P1,2016-04-12,168650616.15856153,0.0,51746567.0,220397183.15856153,0.0,0.23478778747717338,0.7652122125228267,9,False,True,EXACT,100.0
2016-04-14,PATTERN_B_PROGRESSED_PREVIOUS_ET_ONLY_CANDIDATE_V01_battle_a_all_universe_P1,2016-04-14,168650616.15856153,0.0,52745346.0,221395962.15856153,0.0,0.2382398734183974,0.7617601265816026,9,False,True,EXACT,100.0
2016-04-15,PATTERN_B_PROGRESSED_PREVIOUS_ET_ONLY_CANDIDATE_V01_battle_a_all_universe_P1,2016-04-15,168650616.15856153,0.0,57345131.0,225995747.15856153,0.0,0.25374429262939147,0.7462557073706085,9,False,True,EXACT,100.0
2016-04-18,PATTERN_B_PROGRESSED_PREVIOUS_ET_ONLY_CANDIDATE_V01_battle_a_all_universe_P1,2016-04-18,168650616.15856153,0.0,55706102.0,224356718.15856153,-0.007252477184227835,0.2482925515100036,0.7517074484899964,9,False,True,EXACT,100.0
2016-04-19,PATTERN_B_PROGRESSED_PREVIOUS_ET_ONLY_CANDIDATE_V01_battle_a_all_universe_P1,2016-04-19,168650616.15856153,0.0,57828148.0,226478764.15856153,0.0,0.25533585108895046,0.7446641489110495,9,False,True,EXACT,100.0
2016-04-20,PATTERN_B_PROGRESSED_PREVIOUS_ET_ONLY_CANDIDATE_V01_battle_a_all_universe_P1,2016-04-20,168650616.15856153,0.0,58382934.0,227033550.15856153,0.0,0.2571555347622632,0.7428444652377367,9,False,True,EXACT,100.0
2016-04-21,PATTERN_B_PROGRESSED_PREVIOUS_ET_ONLY_CANDIDATE_V01_battle_a_all_universe_P1,2016-04-21,168650616.15856153,0.0,58565426.0,227216042.15856153,0.0,0.2577521615270916,0.7422478384729084,9,False,True,EXACT,100.0
2016-04-22,PATTERN_B_PROGRESSED_PREVIOUS_ET_ONLY_CANDIDATE_V01_battle_a_all_universe_P1,2016-04-22,168650616.15856153,0.0,57213188.0,225863804.15856153,-0.0059513315483963325,0.2533083519652181,0.7466916480347818,9,False,True,EXACT,100.0
2016-04-25,PATTERN_B_PROGRESSED_PREVIOUS_ET_ONLY_CANDIDATE_V01_battle_a_all_universe_P1,2016-04-25,168650616.15856153,0.0,57132925.0,225783541.15856153,-0.006304576852898203,0.2530429131673381,0.7469570868326618,9,False,True,EXACT,100.0
2016-04-26,PATTERN_B_PROGRESSED_PREVIOUS_ET_ONLY_CANDIDATE_V01_battle_a_all_universe_P1,2016-04-26,168650616.15856153,0.0,57167310.0,225817926.15856153,-0.0061532451085665185,0.2531566513451155,0.7468433486548844,9,False,True,EXACT,100.0
2016-04-27,PATTERN_B_PROGRESSED_PREVIOUS_ET_ONLY_CANDIDATE_V01_battle_a_all_universe_P1,2016-04-27,168650616.15856153,0.0,60702367.0,229352983.15856153,0.0,0.26466787640618505,0.735332123593815,9,False,True,EXACT,100.0
2016-04-28,PATTERN_B_PROGRESSED_PREVIOUS_ET_ONLY_CANDIDATE_V01_battle_a_all_universe_P1,2016-04-28,168650616.15856153,0.0,58156453.0,226807069.15856153,-0.011100418075835061,0.25641375824729096,0.743586241752709,9,False,True,EXACT,100.0
2016-04-29,PATTERN_B_PROGRESSED_PREVIOUS_ET_ONLY_CANDIDATE_V01_battle_a_all_universe_P1,2016-04-29,168650616.15856153,0.0,57172420.0,225823036.15856153,-0.015390892027594028,0.25317355116887374,0.7468264488311263,9,False,True,EXACT,100.0
2016-05-02,PATTERN_B_PROGRESSED_PREVIOUS_ET_ONLY_CANDIDATE_V01_battle_a_all_universe_P1,2016-05-02,168650616.15856153,28936539.0179775,27381264.0,224968419.17653903,-0.0191171002950995,0.12171159000994336,0.8782884099900566,6,False,True,EXACT,100.0
2016-05-03,PATTERN_B_PROGRESSED_PREVIOUS_ET_ONLY_CANDIDATE_V01_battle_a_all_universe_P1,2016-05-03,197587155.17653903,0.0,27467484.0,225054639.17653903,-0.01874117320310098,0.12204806841797095,0.8779519315820291,6,False,True,EXACT,100.0
2016-05-04,PATTERN_B_PROGRESSED_PREVIOUS_ET_ONLY_CANDIDATE_V01_battle_a_all_universe_P1,2016-05-04,197587155.17653903,0.0,26979372.0,224566527.17653903,-0.020869386201588735,0.12013977478838883,0.8798602252116111,6,False,True,EXACT,100.0
2016-05-09,PATTERN_B_PROGRESSED_PREVIOUS_ET_ONLY_CANDIDATE_V01_battle_a_all_universe_P1,2016-05-09,197587155.17653903,0.0,26950822.0,224537977.17653903,-0.020993866814863593,0.12002790057563577,0.8799720994243643,6,False,True,EXACT,100.0
2016-05-10,PATTERN_B_PROGRESSED_PREVIOUS_ET_ONLY_CANDIDATE_V01_battle_a_all_universe_P1,2016-05-10,197587155.17653903,0.0,27227314.0,224814469.17653903,-0.019788336386646566,0.1211101496257313,0.8788898503742687,6,False,True,EXACT,100.0
2016-05-11,PATTERN_B_PROGRESSED_PREVIOUS_ET_ONLY_CANDIDATE_V01_battle_a_all_universe_P1,2016-05-11,197587155.17653903,0.0,27246962.0,224834117.17653903,-0.01970266930820086,0.1211869548188088,0.8788130451811912,6,False,True,EXACT,100.0
2016-05-12,PATTERN_B_PROGRESSED_PREVIOUS_ET_ONLY_CANDIDATE_V01_battle_a_all_universe_P1,2016-05-12,197587155.17653903,0.0,27588350.0,225175505.17653903,-0.018214186379840624,0.12251932099972666,0.8774806790002734,6,False,True,EXACT,100.0
2016-05-13,PATTERN_B_PROGRESSED_PREVIOUS_ET_ONLY_CANDIDATE_V01_battle_a_all_universe_P1,2016-05-13,197587155.17653903,0.0,27696524.0,225283679.17653903,-0.017742537838320693,0.12294065908918406,0.8770593409108159,6,False,True,EXACT,100.0
2016-05-16,PATTERN_B_PROGRESSED_PREVIOUS_ET_ONLY_CANDIDATE_V01_battle_a_all_universe_P1,2016-05-16,197587155.17653903,0.0,27700782.0,225287937.17653903,-0.017723972568571944,0.12295723573647553,0.8770427642635245,6,False,True,EXACT,100.0
2016-05-17,PATTERN_B_PROGRESSED_PREVIOUS_ET_ONLY_CANDIDATE_V01_battle_a_all_universe_P1,2016-05-17,197587155.17653903,0.0,27325090.0,224912245.17653903,-0.019362024076889472,0.1214922290182639,0.878507770981736,6,False,True,EXACT,100.0
2016-05-18,PATTERN_B_PROGRESSED_PREVIOUS_ET_ONLY_CANDIDATE_V01_battle_a_all_universe_P1,2016-05-18,197587155.17653903,0.0,26959772.0,224546927.17653903,-0.02095484399564085,0.12006297453718527,0.8799370254628147,6,False,True,EXACT,100.0
2016-05-19,PATTERN_B_PROGRESSED_PREVIOUS_ET_ONLY_CANDIDATE_V01_battle_a_all_universe_P1,2016-05-19,197587155.17653903,0.0,27353104.0,224940259.17653903,-0.01923988047267644,0.12160163814220808,0.878398361857792,6,False,True,EXACT,100.0
2016-05-20,PATTERN_B_PROGRESSED_PREVIOUS_ET_ONLY_CANDIDATE_V01_battle_a_all_universe_P1,2016-05-20,197587155.17653903,0.0,26850494.0,224437649.17653903,-0.02143130607821353,0.11963453591014864,0.8803654640898514,6,False,True,EXACT,100.0
2016-05-23,PATTERN_B_PROGRESSED_PREVIOUS_ET_ONLY_CANDIDATE_V01_battle_a_all_universe_P1,2016-05-23,197587155.17653903,0.0,27188124.0,224775279.17653903,-0.01995920837383547,0.12095691349868766,0.8790430865013124,6,False,True,EXACT,100.0
2016-05-24,PATTERN_B_PROGRESSED_PREVIOUS_ET_ONLY_CANDIDATE_V01_battle_a_all_universe_P1,2016-05-24,197587155.17653903,0.0,26465122.0,224052277.17653903,-0.023111563272573132,0.11812029912620418,0.8818797008737959,6,False,True,EXACT,100.0
2016-05-25,PATTERN_B_PROGRESSED_PREVIOUS_ET_ONLY_CANDIDATE_V01_battle_a_all_universe_P1,2016-05-25,197587155.17653903,0.0,26765418.0,224352573.17653903,-0.021802245225498118,0.11930069542344304,0.880699304576557,6,False,True,EXACT,100.0
2016-05-26,PATTERN_B_PROGRESSED_PREVIOUS_ET_ONLY_CANDIDATE_V01_battle_a_all_universe_P1,2016-05-26,197587155.17653903,0.0,26536334.0,224123489.17653903,-0.022801072434305847,0.11840050365759605,0.881599496342404,6,False,True,EXACT,100.0
2016-05-27,PATTERN_B_PROGRESSED_PREVIOUS_ET_ONLY_CANDIDATE_V01_battle_a_all_universe_P1,2016-05-27,197587155.17653903,0.0,26504676.0,224091831.17653903,-0.02293910421206613,0.11827595794475737,0.8817240420552426,6,False,True,EXACT,100.0
2016-05-30,PATTERN_B_PROGRESSED_PREVIOUS_ET_ONLY_CANDIDATE_V01_battle_a_all_universe_P1,2016-05-30,197587155.17653903,0.0,26446592.0,224033747.17653903,-0.023192355768684614,0.1180473581917997,0.8819526418082003,6,False,True,EXACT,100.0
2016-05-31,PATTERN_B_PROGRESSED_PREVIOUS_ET_ONLY_CANDIDATE_V01_battle_a_all_universe_P1,2016-05-31,197587155.17653903,0.0,26707784.0,224294939.17653903,-0.02205353474092664,0.11907439417961509,0.8809256058203849,6,False,True,EXACT,100.0
2016-06-01,PATTERN_B_PROGRESSED_PREVIOUS_ET_ONLY_CANDIDATE_V01_battle_a_all_universe_P1,2016-06-01,182601979.77734503,0.0,42518484.0,225120463.77734503,-0.018454171918445783,0.18886992007111725,0.8111300799288828,9,False,True,EXACT,100.0
2016-06-02,PATTERN_B_PROGRESSED_PREVIOUS_ET_ONLY_CANDIDATE_V01_battle_a_all_universe_P1,2016-06-02,182601979.77734503,0.0,42602044.0,225204023.77734503,-0.01808984266992575,0.18917088285296285,0.8108291171470371,9,False,True,EXACT,100.0
2016-06-03,PATTERN_B_PROGRESSED_PREVIOUS_ET_ONLY_CANDIDATE_V01_battle_a_all_universe_P1,2016-06-03,182601979.77734503,0.0,42699962.0,225301941.77734503,-0.017662911227170897,0.18952327557921494,0.8104767244207851,9,False,True,EXACT,100.0
2016-06-07,PATTERN_B_PROGRESSED_PREVIOUS_ET_ONLY_CANDIDATE_V01_battle_a_all_universe_P1,2016-06-07,182601979.77734503,0.0,43531134.0,226133113.77734503,-0.014038925227279342,0.19250225353046518,0.8074977464695349,9,False,True,EXACT,100.0
2016-06-08,PATTERN_B_PROGRESSED_PREVIOUS_ET_ONLY_CANDIDATE_V01_battle_a_all_universe_P1,2016-06-08,182601979.77734503,0.0,43699676.0,226301655.77734503,-0.013304066680078774,0.1931036511858114,0.8068963488141886,9,False,True,EXACT,100.0
2016-06-09,PATTERN_B_PROGRESSED_PREVIOUS_ET_ONLY_CANDIDATE_V01_battle_a_all_universe_P1,2016-06-09,182601979.77734503,0.0,43237304.0,225839283.77734503,-0.015320050922500217,0.19145165215201293,0.808548347847987,9,False,True,EXACT,100.0
2016-06-10,PATTERN_B_PROGRESSED_PREVIOUS_ET_ONLY_CANDIDATE_V01_battle_a_all_universe_P1,2016-06-10,182601979.77734503,0.0,44054286.0,226656265.77734503,-0.011757934621465682,0.19436606285253358,0.8056339371474665,9,False,True,EXACT,100.0
2016-06-13,PATTERN_B_PROGRESSED_PREVIOUS_ET_ONLY_CANDIDATE_V01_battle_a_all_universe_P1,2016-06-13,182601979.77734503,0.0,43261608.0,225863587.77734503,-0.015214083257875655,0.19153865581311422,0.8084613441868858,9,False,True,EXACT,100.0
2016-06-14,PATTERN_B_PROGRESSED_PREVIOUS_ET_ONLY_CANDIDATE_V01_battle_a_all_universe_P1,2016-06-14,182601979.77734503,0.0,42759792.0,225361771.77734503,-0.017402046950735328,0.18973844438109141,0.8102615556189086,9,False,True,EXACT,100.0
2016-06-15,PATTERN_B_PROGRESSED_PREVIOUS_ET_ONLY_CANDIDATE_V01_battle_a_all_universe_P1,2016-06-15,182601979.77734503,0.0,42723112.0,225325091.77734503,-0.017561975108175698,0.18960654431782875,0.8103934556821712,9,False,True,EXACT,100.0
2016-06-16,PATTERN_B_PROGRESSED_PREVIOUS_ET_ONLY_CANDIDATE_V01_battle_a_all_universe_P1,2016-06-16,182601979.77734503,0.0,41779336.0,224381315.77734503,-0.02167692485507966,0.18619792764500007,0.8138020723549999,9,False,True,EXACT,100.0
2016-06-17,PATTERN_B_PROGRESSED_PREVIOUS_ET_ONLY_CANDIDATE_V01_battle_a_all_universe_P1,2016-06-17,182601979.77734503,0.0,41855434.0,224457413.77734503,-0.021345130609580876,0.18647383169762138,0.8135261683023787,9,False,True,EXACT,100.0
2016-06-20,PATTERN_B_PROGRESSED_PREVIOUS_ET_ONLY_CANDIDATE_V01_battle_a_all_universe_P1,2016-06-20,182601979.77734503,0.0,42357296.0,224959275.77734503,-0.01915696635251063,0.18828872849823458,0.8117112715017654,9,False,True,EXACT,100.0
2016-06-21,PATTERN_B_PROGRESSED_PREVIOUS_ET_ONLY_CANDIDATE_V01_battle_a_all_universe_P1,2016-06-21,182601979.77734503,0.0,42307014.0,224908993.77734503,-0.01937620047498656,0.1881072574709174,0.8118927425290826,9,False,True,EXACT,100.0
2016-06-22,PATTERN_B_PROGRESSED_PREVIOUS_ET_ONLY_CANDIDATE_V01_battle_a_all_universe_P1,2016-06-22,182601979.77734503,0.0,42495474.0,225097453.77734503,-0.018554497624626354,0.18878700441469393,0.811212995585306,9,False,True,EXACT,100.0
2016-06-23,PATTERN_B_PROGRESSED_PREVIOUS_ET_ONLY_CANDIDATE_V01_battle_a_all_universe_P1,2016-06-23,182601979.77734503,0.0,42007352.0,224609331.77734503,-0.02068275422402943,0.1870240727203705,0.8129759272796295,9,False,True,EXACT,100.0
2016-06-24,PATTERN_B_PROGRESSED_PREVIOUS_ET_ONLY_CANDIDATE_V01_battle_a_all_universe_P1,2016-06-24,182601979.77734503,0.0,39304596.0,221906575.77734503,-0.03246701777612582,0.17712226806400344,0.8228777319359966,9,False,True,EXACT,100.0
2016-06-27,PATTERN_B_PROGRESSED_PREVIOUS_ET_ONLY_CANDIDATE_V01_battle_a_all_universe_P1,2016-06-27,182601979.77734503,0.0,39002602.0,221604581.77734503,-0.033783739258624323,0.17600088268566338,0.8239991173143366,9,False,True,EXACT,100.0
2016-06-28,PATTERN_B_PROGRESSED_PREVIOUS_ET_ONLY_CANDIDATE_V01_battle_a_all_universe_P1,2016-06-28,182601979.77734503,0.0,39645642.0,222247621.77734503,-0.030980025999070016,0.1783849999516229,0.8216150000483771,9,False,True,EXACT,100.0
2016-06-29,PATTERN_B_PROGRESSED_PREVIOUS_ET_ONLY_CANDIDATE_V01_battle_a_all_universe_P1,2016-06-29,182601979.77734503,0.0,40358188.0,222960167.77734503,-0.027873260217404106,0.18101075363516475,0.8189892463648353,9,False,True,EXACT,100.0
2016-06-30,PATTERN_B_PROGRESSED_PREVIOUS_ET_ONLY_CANDIDATE_V01_battle_a_all_universe_P1,2016-06-30,182601979.77734503,0.0,40505186.0,223107165.77734503,-0.02723233548219639,0.18155035881018314,0.8184496411898169,9,False,True,EXACT,100.0
2016-07-01,PATTERN_B_PROGRESSED_PREVIOUS_ET_ONLY_CANDIDATE_V01_battle_a_all_universe_P1,2016-07-01,142732781.89958584,15751996.7160195,65542846.0,224027624.61560535,-0.02321905069477348,0.29256591062133863,0.7074340893786614,14,False,True,EXACT,100.0
2016-07-04,PATTERN_B_PROGRESSED_PREVIOUS_ET_ONLY_CANDIDATE_V01_battle_a_all_universe_P1,2016-07-04,158484778.61560535,0.0,66431678.0,224916456.61560535,-0.019343661817073476,0.2953615711345453,0.7046384288654547,14,False,True,EXACT,100.0
2016-07-05,PATTERN_B_PROGRESSED_PREVIOUS_ET_ONLY_CANDIDATE_V01_battle_a_all_universe_P1,2016-07-05,158484778.61560535,0.0,66746488.0,225231266.61560535,-0.017971061401484634,0.296346457589807,0.7036535424101931,14,False,True,EXACT,100.0
2016-07-06,PATTERN_B_PROGRESSED_PREVIOUS_ET_ONLY_CANDIDATE_V01_battle_a_all_universe_P1,2016-07-06,158484778.61560535,0.0,65707391.0,224192169.61560535,-0.02250161943343154,0.29308512921151686,0.7069148707884831,14,False,True,EXACT,100.0
2016-07-07,PATTERN_B_PROGRESSED_PREVIOUS_ET_ONLY_CANDIDATE_V01_battle_a_all_universe_P1,2016-07-07,158484778.61560535,0.0,66281061.0,224765839.61560535,-0.020000365723540137,0.29488938850028945,0.7051106114997105,14,False,True,EXACT,100.0
2016-07-08,PATTERN_B_PROGRESSED_PREVIOUS_ET_ONLY_CANDIDATE_V01_battle_a_all_universe_P1,2016-07-08,158484778.61560535,0.0,65878650.0,224363428.61560535,-0.021754914517535084,0.2936247248782589,0.7063752751217411,14,False,True,EXACT,100.0
2016-07-11,PATTERN_B_PROGRESSED_PREVIOUS_ET_ONLY_CANDIDATE_V01_battle_a_all_universe_P1,2016-07-11,158484778.61560535,0.0,66995666.0,225480444.61560535,-0.016884622513407277,0.29712406374846784,0.7028759362515321,14,False,True,EXACT,100.0
2016-07-12,PATTERN_B_PROGRESSED_PREVIOUS_ET_ONLY_CANDIDATE_V01_battle_a_all_universe_P1,2016-07-12,158484778.61560535,0.0,68512049.0,226996827.61560535,-0.01027305383391186,0.3018194118378507,0.6981805881621492,14,False,True,EXACT,100.0
2016-07-13,PATTERN_B_PROGRESSED_PREVIOUS_ET_ONLY_CANDIDATE_V01_battle_a_all_universe_P1,2016-07-13,158484778.61560535,0.0,69929797.0,228414575.61560535,-0.004091542782800439,0.3061529537313046,0.6938470462686954,14,False,True,EXACT,100.0
2016-07-14,PATTERN_B_PROGRESSED_PREVIOUS_ET_ONLY_CANDIDATE_V01_battle_a_all_universe_P1,2016-07-14,158484778.61560535,0.0,69662476.0,228147254.61560535,-0.005257086811565892,0.30533997052636486,0.6946600294736351,14,False,True,EXACT,100.0
2016-07-15,PATTERN_B_PROGRESSED_PREVIOUS_ET_ONLY_CANDIDATE_V01_battle_a_all_universe_P1,2016-07-15,158484778.61560535,0.0,69263603.0,227748381.61560535,-0.006996209601716208,0.30412335977387267,0.6958766402261273,14,False,True,EXACT,100.0
2016-07-18,PATTERN_B_PROGRESSED_PREVIOUS_ET_ONLY_CANDIDATE_V01_battle_a_all_universe_P1,2016-07-18,158484778.61560535,0.0,71183774.0,229668552.61560535,0.0,0.3099413184317828,0.6900586815682173,14,False,True,EXACT,100.0
2016-07-19,PATTERN_B_PROGRESSED_PREVIOUS_ET_ONLY_CANDIDATE_V01_battle_a_all_universe_P1,2016-07-19,158484778.61560535,0.0,70162108.0,228646886.61560535,-0.004448436620358542,0.306857919819195,0.693142080180805,14,False,True,EXACT,100.0
2016-07-20,PATTERN_B_PROGRESSED_PREVIOUS_ET_ONLY_CANDIDATE_V01_battle_a_all_universe_P1,2016-07-20,158484778.61560535,0.0,70806509.0,229291287.61560535,-0.001642649791203321,0.3088059286347737,0.6911940713652263,14,False,True,EXACT,100.0
2016-07-21,PATTERN_B_PROGRESSED_PREVIOUS_ET_ONLY_CANDIDATE_V01_battle_a_all_universe_P1,2016-07-21,158484778.61560535,0.0,70783949.0,229268727.61560535,-0.001740878302434301,0.3087379152671759,0.6912620847328241,14,False,True,EXACT,100.0
2016-07-22,PATTERN_B_PROGRESSED_PREVIOUS_ET_ONLY_CANDIDATE_V01_battle_a_all_universe_P1,2016-07-22,158484778.61560535,0.0,70775572.0,229260350.61560535,-0.0017773526037898613,0.30871265707286427,0.6912873429271358,14,False,True,EXACT,100.0
2016-07-25,PATTERN_B_PROGRESSED_PREVIOUS_ET_ONLY_CANDIDATE_V01_battle_a_all_universe_P1,2016-07-25,158484778.61560535,0.0,70397909.0,228882687.61560535,-0.0034217353270619144,0.3075720131276553,0.6924279868723446,14,False,True,EXACT,100.0
2016-07-26,PATTERN_B_PROGRESSED_PREVIOUS_ET_ONLY_CANDIDATE_V01_battle_a_all_universe_P1,2016-07-26,158484778.61560535,0.0,70545044.0,229029822.61560535,-0.002781094724226496,0.30801684773777266,0.6919831522622273,14,False,True,EXACT,100.0
2016-07-27,PATTERN_B_PROGRESSED_PREVIOUS_ET_ONLY_CANDIDATE_V01_battle_a_all_universe_P1,2016-07-27,158484778.61560535,0.0,70250568.0,228735346.61560535,-0.004063272874636481,0.30712598222983695,0.6928740177701631,14,False,True,EXACT,100.0
2016-07-28,PATTERN_B_PROGRESSED_PREVIOUS_ET_ONLY_CANDIDATE_V01_battle_a_all_universe_P1,2016-07-28,158484778.61560535,0.0,70789416.0,229274194.61560535,-0.001717074434043342,0.3087543982814269,0.6912456017185731,14,False,True,EXACT,100.0
2016-07-29,PATTERN_B_PROGRESSED_PREVIOUS_ET_ONLY_CANDIDATE_V01_battle_a_all_universe_P1,2016-07-29,158484778.61560535,0.0,70893446.0,229378224.61560535,-0.0012641173408094453,0.3090678991818166,0.6909321008181833,14,False,True,EXACT,100.0
2016-08-01,PATTERN_B_PROGRESSED_PREVIOUS_ET_ONLY_CANDIDATE_V01_battle_a_all_universe_P1,2016-08-01,158484778.61560535,0.0,70830131.0,229314909.61560535,-0.0015397972250553726,0.3088771293533888,0.6911228706466112,14,False,True,EXACT,100.0
2016-08-02,PATTERN_B_PROGRESSED_PREVIOUS_ET_ONLY_CANDIDATE_V01_battle_a_all_universe_P1,2016-08-02,158484778.61560535,0.0,71601166.0,230085944.61560535,0.0,0.31119313315561703,0.688806866844383,14,False,True,EXACT,100.0
2016-08-03,PATTERN_B_PROGRESSED_PREVIOUS_ET_ONLY_CANDIDATE_V01_battle_a_all_universe_P1,2016-08-03,158484778.61560535,0.0,71733138.0,230217916.61560535,0.0,0.31158799043331087,0.6884120095666891,14,False,True,EXACT,100.0
2016-08-04,PATTERN_B_PROGRESSED_PREVIOUS_ET_ONLY_CANDIDATE_V01_battle_a_all_universe_P1,2016-08-04,158484778.61560535,0.0,72006619.0,230491397.61560535,0.0,0.3124048001135675,0.6875951998864325,14,False,True,EXACT,100.0
2016-08-05,PATTERN_B_PROGRESSED_PREVIOUS_ET_ONLY_CANDIDATE_V01_battle_a_all_universe_P1,2016-08-05,158484778.61560535,0.0,72287272.0,230772050.61560535,0.0,0.3132410177366243,0.6867589822633757,14,False,True,EXACT,100.0
2016-08-08,PATTERN_B_PROGRESSED_PREVIOUS_ET_ONLY_CANDIDATE_V01_battle_a_all_universe_P1,2016-08-08,158484778.61560535,0.0,71890982.0,230375760.61560535,-0.0017172356831898217,0.3120596620403744,0.6879403379596256,14,False,True,EXACT,100.0
2016-08-09,PATTERN_B_PROGRESSED_PREVIOUS_ET_ONLY_CANDIDATE_V01_battle_a_all_universe_P1,2016-08-09,158484778.61560535,0.0,72426520.0,230911298.61560535,0.0,0.31365515864413096,0.686344841355869,14,False,True,EXACT,100.0
2016-08-10,PATTERN_B_PROGRESSED_PREVIOUS_ET_ONLY_CANDIDATE_V01_battle_a_all_universe_P1,2016-08-10,158484778.61560535,0.0,72658081.0,231142859.61560535,0.0,0.31434274509206844,0.6856572549079315,14,False,True,EXACT,100.0
2016-08-11,PATTERN_B_PROGRESSED_PREVIOUS_ET_ONLY_CANDIDATE_V01_battle_a_all_universe_P1,2016-08-11,158484778.61560535,0.0,72316054.0,230800832.61560535,-0.0014797212449858543,0.31332665996244946,0.6866733400375505,14,False,True,EXACT,100.0
2016-08-12,PATTERN_B_PROGRESSED_PREVIOUS_ET_ONLY_CANDIDATE_V01_battle_a_all_universe_P1,2016-08-12,158484778.61560535,0.0,72217603.0,230702381.61560535,-0.001905652637215427,0.31303362580941385,0.6869663741905861,14,False,True,EXACT,100.0
2016-08-16,PATTERN_B_PROGRESSED_PREVIOUS_ET_ONLY_CANDIDATE_V01_battle_a_all_universe_P1,2016-08-16,158484778.61560535,0.0,72296002.0,230780780.61560535,-0.0015664727891752106,0.3132669965287021,0.686733003471298,14,False,True,EXACT,100.0
2016-08-17,PATTERN_B_PROGRESSED_PREVIOUS_ET_ONLY_CANDIDATE_V01_battle_a_all_universe_P1,2016-08-17,158484778.61560535,0.0,71972188.0,230456966.61560535,-0.0029673986085516635,0.31230207121508824,0.6876979287849118,14,False,True,EXACT,100.0
2016-08-18,PATTERN_B_PROGRESSED_PREVIOUS_ET_ONLY_CANDIDATE_V01_battle_a_all_universe_P1,2016-08-18,158484778.61560535,0.0,72146503.0,230631281.61560535,-0.0022132546116750973,0.31282184487118725,0.6871781551288128,14,False,True,EXACT,100.0
2016-08-19,PATTERN_B_PROGRESSED_PREVIOUS_ET_ONLY_CANDIDATE_V01_battle_a_all_universe_P1,2016-08-19,158484778.61560535,0.0,72056633.0,230541411.61560535,-0.002602061776860509,0.31255396804867347,0.6874460319513265,14,False,True,EXACT,100.0
2016-08-22,PATTERN_B_PROGRESSED_PREVIOUS_ET_ONLY_CANDIDATE_V01_battle_a_all_universe_P1,2016-08-22,158484778.61560535,0.0,71316087.0,229800865.61560535,-0.005805907230843177,0.3103386351872691,0.6896613648127309,14,False,True,EXACT,100.0
2016-08-23,PATTERN_B_PROGRESSED_PREVIOUS_ET_ONLY_CANDIDATE_V01_battle_a_all_universe_P1,2016-08-23,158484778.61560535,0.0,71365753.0,229850531.61560535,-0.005591035786911891,0.3104876569063142,0.6895123430936858,14,False,True,EXACT,100.0
2016-08-24,PATTERN_B_PROGRESSED_PREVIOUS_ET_ONLY_CANDIDATE_V01_battle_a_all_universe_P1,2016-08-24,158484778.61560535,0.0,72523181.0,231007959.61560535,-0.0005836217490098328,0.31394234692465905,0.686057653075341,14,False,True,EXACT,100.0
2016-08-25,PATTERN_B_PROGRESSED_PREVIOUS_ET_ONLY_CANDIDATE_V01_battle_a_all_universe_P1,2016-08-25,158484778.61560535,0.0,72179341.0,230664119.61560535,-0.0020711866280280766,0.312919673507456,0.687080326492544,14,False,True,EXACT,100.0
2016-08-26,PATTERN_B_PROGRESSED_PREVIOUS_ET_ONLY_CANDIDATE_V01_battle_a_all_universe_P1,2016-08-26,158484778.61560535,0.0,71350282.0,229835060.61560535,-0.005657968419075954,0.31044124342426566,0.6895587565757343,14,False,True,EXACT,100.0
2016-08-29,PATTERN_B_PROGRESSED_PREVIOUS_ET_ONLY_CANDIDATE_V01_battle_a_all_universe_P1,2016-08-29,158484778.61560535,0.0,69110633.0,227595411.61560535,-0.01534742628822483,0.3036556515327453,0.6963443484672547,14,False,True,EXACT,100.0
2016-08-30,PATTERN_B_PROGRESSED_PREVIOUS_ET_ONLY_CANDIDATE_V01_battle_a_all_universe_P1,2016-08-30,158484778.61560535,0.0,69590699.0,228075477.61560535,-0.013270502948268037,0.30512135599815343,0.6948786440018465,14,False,True,EXACT,100.0
2016-08-31,PATTERN_B_PROGRESSED_PREVIOUS_ET_ONLY_CANDIDATE_V01_battle_a_all_universe_P1,2016-08-31,158484778.61560535,0.0,68406231.0,226891009.61560535,-0.018394900915697288,0.30149379261828224,0.6985062073817178,14,False,True,EXACT,100.0
2016-09-01,PATTERN_B_PROGRESSED_PREVIOUS_ET_ONLY_CANDIDATE_V01_battle_a_all_universe_P1,2016-09-01,113800540.0810698,29531663.925849,85273914.0,228606118.0069188,-0.010974778164920207,0.3730167623834948,0.6269832376165052,18,False,True,EXACT,100.0
2016-09-02,PATTERN_B_PROGRESSED_PREVIOUS_ET_ONLY_CANDIDATE_V01_battle_a_all_universe_P1,2016-09-02,143332204.0069188,0.0,86649390.0,229981594.0069188,-0.005024016794711983,0.37676662940858313,0.6232333705914168,18,False,True,EXACT,100.0
2016-09-05,PATTERN_B_PROGRESSED_PREVIOUS_ET_ONLY_CANDIDATE_V01_battle_a_all_universe_P1,2016-09-05,143332204.0069188,0.0,87458077.0,230790281.0069188,-0.0015253709730549403,0.37895043334765954,0.6210495666523405,18,False,True,EXACT,100.0
2016-09-06,PATTERN_B_PROGRESSED_PREVIOUS_ET_ONLY_CANDIDATE_V01_battle_a_all_universe_P1,2016-09-06,143332204.0069188,0.0,87980372.0,231312576.0069188,0.0,0.38035273965116545,0.6196472603488345,18,False,True,EXACT,100.0
2016-09-07,PATTERN_B_PROGRESSED_PREVIOUS_ET_ONLY_CANDIDATE_V01_battle_a_all_universe_P1,2016-09-07,143332204.0069188,0.0,87550665.0,230882869.0069188,-0.0018576897435406137,0.37919948490148225,0.6208005150985177,18,False,True,EXACT,100.0
2016-09-08,PATTERN_B_PROGRESSED_PREVIOUS_ET_ONLY_CANDIDATE_V01_battle_a_all_universe_P1,2016-09-08,143332204.0069188,0.0,85726218.0,229058422.0069188,-0.009745055971070782,0.3742548178272642,0.6257451821727358,18,False,True,EXACT,100.0
2016-09-09,PATTERN_B_PROGRESSED_PREVIOUS_ET_ONLY_CANDIDATE_V01_battle_a_all_universe_P1,2016-09-09,143332204.0069188,0.0,85501456.0,228833660.0069188,-0.010716736819038508,0.3736402065911757,0.6263597934088243,18,False,True,EXACT,100.0
2016-09-12,PATTERN_B_PROGRESSED_PREVIOUS_ET_ONLY_CANDIDATE_V01_battle_a_all_universe_P1,2016-09-12,143332204.0069188,0.0,83999777.0,227331981.0069188,-0.017208727120314182,0.3695026833793503,0.6304973166206497,18,False,True,EXACT,100.0
2016-09-13,PATTERN_B_PROGRESSED_PREVIOUS_ET_ONLY_CANDIDATE_V01_battle_a_all_universe_P1,2016-09-13,143332204.0069188,0.0,84642445.0,227974649.0069188,-0.014430374074862917,0.3712800759589335,0.6287199240410666,18,False,True,EXACT,100.0
2016-09-19,PATTERN_B_PROGRESSED_PREVIOUS_ET_ONLY_CANDIDATE_V01_battle_a_all_universe_P1,2016-09-19,143332204.0069188,0.0,85004004.0,228336208.0069188,-0.012867298663047921,0.3722756226092022,0.6277243773907978,18,False,True,EXACT,100.0
2016-09-20,PATTERN_B_PROGRESSED_PREVIOUS_ET_ONLY_CANDIDATE_V01_battle_a_all_universe_P1,2016-09-20,143332204.0069188,0.0,85945581.0,229277785.0069188,-0.008796715834158308,0.3748535035673276,0.6251464964326724,18,False,True,EXACT,100.0
2016-09-21,PATTERN_B_PROGRESSED_PREVIOUS_ET_ONLY_CANDIDATE_V01_battle_a_all_universe_P1,2016-09-21,143332204.0069188,0.0,86745324.0,230077528.0069188,-0.005339303298248055,0.3770264951620631,0.6229735048379369,18,False,True,EXACT,100.0
2016-09-22,PATTERN_B_PROGRESSED_PREVIOUS_ET_ONLY_CANDIDATE_V01_battle_a_all_universe_P1,2016-09-22,143332204.0069188,0.0,87989702.0,231321906.0069188,0.0,0.38037773213475184,0.6196222678652481,18,False,True,EXACT,100.0
2016-09-23,PATTERN_B_PROGRESSED_PREVIOUS_ET_ONLY_CANDIDATE_V01_battle_a_all_universe_P1,2016-09-23,143332204.0069188,0.0,88520438.0,231852642.0069188,0.0,0.3817961151262552,0.6182038848737448,18,False,True,EXACT,100.0
2016-09-26,PATTERN_B_PROGRESSED_PREVIOUS_ET_ONLY_CANDIDATE_V01_battle_a_all_universe_P1,2016-09-26,143332204.0069188,0.0,89560829.0,232893033.0069188,0.0,0.3845577853646628,0.6154422146353372,18,False,True,EXACT,100.0
2016-09-27,PATTERN_B_PROGRESSED_PREVIOUS_ET_ONLY_CANDIDATE_V01_battle_a_all_universe_P1,2016-09-27,143332204.0069188,0.0,88593283.0,231925487.0069188,-0.004154465195922219,0.38199028551509345,0.6180097144849066,18,False,True,EXACT,100.0
2016-09-28,PATTERN_B_PROGRESSED_PREVIOUS_ET_ONLY_CANDIDATE_V01_battle_a_all_universe_P1,2016-09-28,143332204.0069188,0.0,88554869.0,231887073.0069188,-0.004319407871553271,0.3818879071251971,0.618112092874803,18,False,True,EXACT,100.0
2016-09-29,PATTERN_B_PROGRESSED_PREVIOUS_ET_ONLY_CANDIDATE_V01_battle_a_all_universe_P1,2016-09-29,143332204.0069188,0.0,88589409.0,231921613.0069188,-0.00417109944191052,0.38197996233044984,0.6180200376695502,18,False,True,EXACT,100.0
2016-09-30,PATTERN_B_PROGRESSED_PREVIOUS_ET_ONLY_CANDIDATE_V01_battle_a_all_universe_P1,2016-09-30,143332204.0069188,0.0,87089181.0,230421385.0069188,-0.010612803517941916,0.3779561562716282,0.6220438437283718,18,False,True,EXACT,100.0
2016-10-04,PATTERN_B_PROGRESSED_PREVIOUS_ET_ONLY_CANDIDATE_V01_battle_a_all_universe_P1,2016-10-04,128556147.84990665,27443759.4665028,75143972.0,231143879.31640947,-0.0075105453689434665,0.32509609262521943,0.6749039073747806,16,False,True,EXACT,100.0
2016-10-05,PATTERN_B_PROGRESSED_PREVIOUS_ET_ONLY_CANDIDATE_V01_battle_a_all_universe_P1,2016-10-05,155999907.31640947,0.0,78020698.0,234020605.31640947,0.0,0.33339242881844305,0.6666075711815569,16,False,True,EXACT,100.0
2016-10-06,PATTERN_B_PROGRESSED_PREVIOUS_ET_ONLY_CANDIDATE_V01_battle_a_all_universe_P1,2016-10-06,155999907.31640947,0.0,79242985.0,235242892.31640947,0.0,0.3368560223847935,0.6631439776152065,16,False,True,EXACT,100.0
2016-10-07,PATTERN_B_PROGRESSED_PREVIOUS_ET_ONLY_CANDIDATE_V01_battle_a_all_universe_P1,2016-10-07,155999907.31640947,0.0,78392017.0,234391924.31640947,-0.003617401536006537,0.33444845520435823,0.6655515447956417,16,False,True,EXACT,100.0
2016-10-10,PATTERN_B_PROGRESSED_PREVIOUS_ET_ONLY_CANDIDATE_V01_battle_a_all_universe_P1,2016-10-10,155999907.31640947,0.0,78614094.0,234614001.31640947,-0.002673368762844963,0.3350784418615239,0.6649215581384761,16,False,True,EXACT,100.0
2016-10-11,PATTERN_B_PROGRESSED_PREVIOUS_ET_ONLY_CANDIDATE_V01_battle_a_all_universe_P1,2016-10-11,155999907.31640947,0.0,77232802.0,233232709.31640947,-0.008545138091977877,0.33114052581374426,0.6688594741862558,16,False,True,EXACT,100.0
2016-10-12,PATTERN_B_PROGRESSED_PREVIOUS_ET_ONLY_CANDIDATE_V01_battle_a_all_universe_P1,2016-10-12,155999907.31640947,0.0,77866648.0,233866555.31640947,-0.005850705993483474,0.3329533284254793,0.6670466715745207,16,False,True,EXACT,100.0
2016-10-13,PATTERN_B_PROGRESSED_PREVIOUS_ET_ONLY_CANDIDATE_V01_battle_a_all_universe_P1,2016-10-13,155999907.31640947,0.0,77598146.0,233598053.31640947,-0.006992087981079753,0.33218661242391867,0.6678133875760813,16,False,True,EXACT,100.0
2016-10-14,PATTERN_B_PROGRESSED_PREVIOUS_ET_ONLY_CANDIDATE_V01_battle_a_all_universe_P1,2016-10-14,155999907.31640947,0.0,78322614.0,234322521.31640947,-0.003912428515638555,0.3342513282973757,0.6657486717026243,16,False,True,EXACT,100.0
2016-10-17,PATTERN_B_PROGRESSED_PREVIOUS_ET_ONLY_CANDIDATE_V01_battle_a_all_universe_P1,2016-10-17,155999907.31640947,0.0,78125505.0,234125412.31640947,-0.004750324181939325,0.33369083785922843,0.6663091621407715,16,False,True,EXACT,100.0
2016-10-18,PATTERN_B_PROGRESSED_PREVIOUS_ET_ONLY_CANDIDATE_V01_battle_a_all_universe_P1,2016-10-18,155999907.31640947,0.0,76165255.0,232165162.31640947,-0.013083200812972318,0.32806496134074214,0.6719350386592579,16,False,True,EXACT,100.0
2016-10-19,PATTERN_B_PROGRESSED_PREVIOUS_ET_ONLY_CANDIDATE_V01_battle_a_all_universe_P1,2016-10-19,155999907.31640947,0.0,76384485.0,232384392.31640947,-0.01215127042459252,0.32869886070488147,0.6713011392951186,16,False,True,EXACT,100.0
2016-10-20,PATTERN_B_PROGRESSED_PREVIOUS_ET_ONLY_CANDIDATE_V01_battle_a_all_universe_P1,2016-10-20,155999907.31640947,0.0,75397642.0,231397549.31640947,-0.016346266457342717,0.32583595730697396,0.674164042693026,16,False,True,EXACT,100.0
2016-10-21,PATTERN_B_PROGRESSED_PREVIOUS_ET_ONLY_CANDIDATE_V01_battle_a_all_universe_P1,2016-10-21,155999907.31640947,0.0,74938071.0,230937978.31640947,-0.018299868521467366,0.32449435794976483,0.6755056420502352,16,False,True,EXACT,100.0
2016-10-24,PATTERN_B_PROGRESSED_PREVIOUS_ET_ONLY_CANDIDATE_V01_battle_a_all_universe_P1,2016-10-24,155999907.31640947,0.0,75372695.0,231372602.31640947,-0.016452314294768677,0.32576326775685144,0.6742367322431486,16,False,True,EXACT,100.0
2016-10-25,PATTERN_B_PROGRESSED_PREVIOUS_ET_ONLY_CANDIDATE_V01_battle_a_all_universe_P1,2016-10-25,155999907.31640947,0.0,74619010.0,230618917.31640947,-0.01965617304934597,0.3235597966910174,0.6764402033089826,16,False,True,EXACT,100.0
2016-10-26,PATTERN_B_PROGRESSED_PREVIOUS_ET_ONLY_CANDIDATE_V01_battle_a_all_universe_P1,2016-10-26,155999907.31640947,0.0,74179297.0,230179204.31640947,-0.021525360235705504,0.3222675880746876,0.6777324119253124,16,False,True,EXACT,100.0
2016-10-27,PATTERN_B_PROGRESSED_PREVIOUS_ET_ONLY_CANDIDATE_V01_battle_a_all_universe_P1,2016-10-27,155999907.31640947,0.0,75715405.0,231715312.31640947,-0.014995479630709907,0.3267604727675912,0.6732395272324089,16,False,True,EXACT,100.0
2016-10-28,PATTERN_B_PROGRESSED_PREVIOUS_ET_ONLY_CANDIDATE_V01_battle_a_all_universe_P1,2016-10-28,155999907.31640947,0.0,74421346.0,230421253.31640947,-0.020496427979276532,0.32297952089430837,0.6770204791056916,16,False,True,EXACT,100.0
2016-10-31,PATTERN_B_PROGRESSED_PREVIOUS_ET_ONLY_CANDIDATE_V01_battle_a_all_universe_P1,2016-10-31,155999907.31640947,0.0,72394519.0,228394426.31640947,-0.02911231847459428,0.3169714785408433,0.6830285214591567,16,False,True,EXACT,100.0
2016-11-01,PATTERN_B_PROGRESSED_PREVIOUS_ET_ONLY_CANDIDATE_V01_battle_a_all_universe_P1,2016-11-01,101077172.5037638,22799218.1402196,105843794.0,229720184.6439834,-0.02347661864741002,0.46075095300848284,0.5392490469915171,23,False,True,EXACT,100.0
2016-11-02,PATTERN_B_PROGRESSED_PREVIOUS_ET_ONLY_CANDIDATE_V01_battle_a_all_universe_P1,2016-11-02,123876390.6439834,0.0,100806611.0,224683001.6439834,-0.0448893081038243,0.4486614931365878,0.5513385068634122,23,False,True,EXACT,100.0
2016-11-03,PATTERN_B_PROGRESSED_PREVIOUS_ET_ONLY_CANDIDATE_V01_battle_a_all_universe_P1,2016-11-03,123876390.6439834,0.0,102198280.0,226074670.6439834,-0.038973426921203314,0.45205541916254405,0.547944580837456,23,False,True,EXACT,100.0
2016-11-04,PATTERN_B_PROGRESSED_PREVIOUS_ET_ONLY_CANDIDATE_V01_battle_a_all_universe_P1,2016-11-04,123876390.6439834,0.0,103060792.0,226937182.6439834,-0.035306952701697925,0.45413797245240617,0.5458620275475938,23,False,True,EXACT,100.0
2016-11-07,PATTERN_B_PROGRESSED_PREVIOUS_ET_ONLY_CANDIDATE_V01_battle_a_all_universe_P1,2016-11-07,123876390.6439834,0.0,104938886.0,228815276.6439834,-0.027323315102675716,0.45861835599060874,0.5413816440093913,23,False,True,EXACT,100.0
2016-11-08,PATTERN_B_PROGRESSED_PREVIOUS_ET_ONLY_CANDIDATE_V01_battle_a_all_universe_P1,2016-11-08,123876390.6439834,0.0,105548443.0,229424833.6439834,-0.02473213373265537,0.4600567485374658,0.5399432514625342,23,False,True,EXACT,100.0
2016-11-09,PATTERN_B_PROGRESSED_PREVIOUS_ET_ONLY_CANDIDATE_V01_battle_a_all_universe_P1,2016-11-09,123876390.6439834,0.0,100392057.0,224268447.6439834,-0.04665154625656054,0.44764235921126144,0.5523576407887385,23,False,True,EXACT,100.0
2016-11-10,PATTERN_B_PROGRESSED_PREVIOUS_ET_ONLY_CANDIDATE_V01_battle_a_all_universe_P1,2016-11-10,123876390.6439834,0.0,104981075.0,228857465.6439834,-0.02714397280848535,0.45871815762965445,0.5412818423703456,23,False,True,EXACT,100.0
2016-11-11,PATTERN_B_PROGRESSED_PREVIOUS_ET_ONLY_CANDIDATE_V01_battle_a_all_universe_P1,2016-11-11,123876390.6439834,0.0,105113506.0,228989896.6439834,-0.026581018499022613,0.45903119543925874,0.5409688045607413,23,False,True,EXACT,100.0
2016-11-14,PATTERN_B_PROGRESSED_PREVIOUS_ET_ONLY_CANDIDATE_V01_battle_a_all_universe_P1,2016-11-14,123876390.6439834,0.0,106598013.0,230474403.6439834,-0.020270489898637667,0.46251562565994636,0.5374843743400537,23,False,True,EXACT,100.0
2016-11-15,PATTERN_B_PROGRESSED_PREVIOUS_ET_ONLY_CANDIDATE_V01_battle_a_all_universe_P1,2016-11-15,123876390.6439834,0.0,105632685.0,229509075.6439834,-0.024374027270137044,0.46025493634011405,0.539745063659886,23,False,True,EXACT,100.0
2016-11-16,PATTERN_B_PROGRESSED_PREVIOUS_ET_ONLY_CANDIDATE_V01_battle_a_all_universe_P1,2016-11-16,123876390.6439834,0.0,108037093.0,231913483.6439834,-0.014153068089079235,0.4658508479215923,0.5341491520784076,23,False,True,EXACT,100.0
2016-11-17,PATTERN_B_PROGRESSED_PREVIOUS_ET_ONLY_CANDIDATE_V01_battle_a_all_universe_P1,2016-11-17,123876390.6439834,0.0,107698921.0,231575311.6439834,-0.015590612053405062,0.4650708239813272,0.5349291760186727,23,False,True,EXACT,100.0
2016-11-18,PATTERN_B_PROGRESSED_PREVIOUS_ET_ONLY_CANDIDATE_V01_battle_a_all_universe_P1,2016-11-18,123876390.6439834,0.0,106000256.0,229876646.6439834,-0.022811510348241693,0.461117984569201,0.538882015430799,23,False,True,EXACT,100.0
2016-11-21,PATTERN_B_PROGRESSED_PREVIOUS_ET_ONLY_CANDIDATE_V01_battle_a_all_universe_P1,2016-11-21,123876390.6439834,0.0,104458898.0,228335288.6439834,-0.029363708311897163,0.45748030722868505,0.542519692771315,23,False,True,EXACT,100.0
2016-11-22,PATTERN_B_PROGRESSED_PREVIOUS_ET_ONLY_CANDIDATE_V01_battle_a_all_universe_P1,2016-11-22,123876390.6439834,0.0,105154993.0,229031383.6439834,-0.026404660354504506,0.459129187131217,0.540870812868783,23,False,True,EXACT,100.0
2016-11-23,PATTERN_B_PROGRESSED_PREVIOUS_ET_ONLY_CANDIDATE_V01_battle_a_all_universe_P1,2016-11-23,123876390.6439834,0.0,102578659.0,226455049.6439834,-0.03735646414602889,0.45297580761067996,0.5470241923893201,23,False,True,EXACT,100.0
2016-11-24,PATTERN_B_PROGRESSED_PREVIOUS_ET_ONLY_CANDIDATE_V01_battle_a_all_universe_P1,2016-11-24,123876390.6439834,0.0,102212006.0,226088396.6439834,-0.03891507871835287,0.45208868529839275,0.5479113147016073,23,False,True,EXACT,100.0
2016-11-25,PATTERN_B_PROGRESSED_PREVIOUS_ET_ONLY_CANDIDATE_V01_battle_a_all_universe_P1,2016-11-25,123876390.6439834,0.0,103766289.0,227642679.6439834,-0.03230793754313965,0.45582967641341654,0.5441703235865835,23,False,True,EXACT,100.0
2016-11-28,PATTERN_B_PROGRESSED_PREVIOUS_ET_ONLY_CANDIDATE_V01_battle_a_all_universe_P1,2016-11-28,123876390.6439834,0.0,105022781.0,228899171.6439834,-0.02696668371129174,0.45881678053141406,0.5411832194685859,23,False,True,EXACT,100.0
2016-11-29,PATTERN_B_PROGRESSED_PREVIOUS_ET_ONLY_CANDIDATE_V01_battle_a_all_universe_P1,2016-11-29,123876390.6439834,0.0,104797222.0,228673612.6439834,-0.02792551820690159,0.458282968412085,0.5417170315879151,23,False,True,EXACT,100.0
2016-11-30,PATTERN_B_PROGRESSED_PREVIOUS_ET_ONLY_CANDIDATE_V01_battle_a_all_universe_P1,2016-11-30,123876390.6439834,0.0,104929970.0,228806360.6439834,-0.027361216354068296,0.4585972597294541,0.5414027402705459,23,False,True,EXACT,100.0
2016-12-01,PATTERN_B_PROGRESSED_PREVIOUS_ET_ONLY_CANDIDATE_V01_battle_a_all_universe_P1,2016-12-01,108885590.7832467,23507678.579211,96103200.0,228496469.3624577,-0.028678541092232557,0.4205894308482908,0.5794105691517092,22,False,True,EXACT,100.0
2016-12-02,PATTERN_B_PROGRESSED_PREVIOUS_ET_ONLY_CANDIDATE_V01_battle_a_all_universe_P1,2016-12-02,132393269.3624577,0.0,95347066.0,227740335.3624577,-0.03189281036325886,0.4186656959482008,0.5813343040517992,22,False,True,EXACT,100.0
2016-12-05,PATTERN_B_PROGRESSED_PREVIOUS_ET_ONLY_CANDIDATE_V01_battle_a_all_universe_P1,2016-12-05,132393269.3624577,0.0,92604491.0,224997760.3624577,-0.04355129225401522,0.4115796123962292,0.5884203876037708,22,False,True,EXACT,100.0
2016-12-06,PATTERN_B_PROGRESSED_PREVIOUS_ET_ONLY_CANDIDATE_V01_battle_a_all_universe_P1,2016-12-06,132393269.3624577,0.0,94505032.0,226898301.3624577,-0.035472234131214586,0.4165083274424049,0.583491672557595,22,False,True,EXACT,100.0
2016-12-07,PATTERN_B_PROGRESSED_PREVIOUS_ET_ONLY_CANDIDATE_V01_battle_a_all_universe_P1,2016-12-07,132393269.3624577,0.0,93897283.0,226290552.3624577,-0.03805572982800509,0.41494124266222726,0.5850587573377728,22,False,True,EXACT,100.0
2016-12-08,PATTERN_B_PROGRESSED_PREVIOUS_ET_ONLY_CANDIDATE_V01_battle_a_all_universe_P1,2016-12-08,132393269.3624577,0.0,94144913.0,226538182.3624577,-0.03700307315658935,0.4155807732639505,0.5844192267360495,22,False,True,EXACT,100.0
2016-12-09,PATTERN_B_PROGRESSED_PREVIOUS_ET_ONLY_CANDIDATE_V01_battle_a_all_universe_P1,2016-12-09,132393269.3624577,0.0,95284411.0,227677680.3624577,-0.03215915209789344,0.4185057175929998,0.5814942824070002,22,False,True,EXACT,100.0
2016-12-12,PATTERN_B_PROGRESSED_PREVIOUS_ET_ONLY_CANDIDATE_V01_battle_a_all_universe_P1,2016-12-12,132393269.3624577,0.0,97022084.0,229415353.3624577,-0.024772433702751506,0.42291016088497335,0.5770898391150266,22,False,True,EXACT,100.0
2016-12-13,PATTERN_B_PROGRESSED_PREVIOUS_ET_ONLY_CANDIDATE_V01_battle_a_all_universe_P1,2016-12-13,132393269.3624577,0.0,99876394.0,232269663.3624577,-0.012638974655832302,0.4300018889860038,0.5699981110139962,22,False,True,EXACT,100.0
2016-12-14,PATTERN_B_PROGRESSED_PREVIOUS_ET_ONLY_CANDIDATE_V01_battle_a_all_universe_P1,2016-12-14,132393269.3624577,0.0,101523346.0,233916615.3624577,-0.005637904469257604,0.4340151119350281,0.5659848880649718,22,False,True,EXACT,100.0
2016-12-15,PATTERN_B_PROGRESSED_PREVIOUS_ET_ONLY_CANDIDATE_V01_battle_a_all_universe_P1,2016-12-15,132393269.3624577,0.0,103431521.0,235824790.3624577,0.0,0.4385947755578536,0.5614052244421465,22,False,True,EXACT,100.0
2016-12-16,PATTERN_B_PROGRESSED_PREVIOUS_ET_ONLY_CANDIDATE_V01_battle_a_all_universe_P1,2016-12-16,132393269.3624577,0.0,102861145.0,235254414.3624577,-0.002418643091438133,0.4372336446002722,0.5627663553997277,22,False,True,EXACT,100.0
2016-12-19,PATTERN_B_PROGRESSED_PREVIOUS_ET_ONLY_CANDIDATE_V01_battle_a_all_universe_P1,2016-12-19,132393269.3624577,0.0,102388077.0,234781346.3624577,-0.004424657808011823,0.43609970973559503,0.563900290264405,22,False,True,EXACT,100.0
2016-12-20,PATTERN_B_PROGRESSED_PREVIOUS_ET_ONLY_CANDIDATE_V01_battle_a_all_universe_P1,2016-12-20,132393269.3624577,0.0,104504067.0,236897336.3624577,0.0,0.44113652185648333,0.5588634781435167,22,False,True,EXACT,100.0
2016-12-21,PATTERN_B_PROGRESSED_PREVIOUS_ET_ONLY_CANDIDATE_V01_battle_a_all_universe_P1,2016-12-21,132393269.3624577,0.0,104238630.0,236631899.3624577,-0.0011204727080336152,0.44050962816443395,0.559490371835566,22,False,True,EXACT,100.0
2016-12-22,PATTERN_B_PROGRESSED_PREVIOUS_ET_ONLY_CANDIDATE_V01_battle_a_all_universe_P1,2016-12-22,132393269.3624577,0.0,103628052.0,236021321.3624577,-0.0036978676647494435,0.4390622482824698,0.5609377517175301,22,False,True,EXACT,100.0
2016-12-23,PATTERN_B_PROGRESSED_PREVIOUS_ET_ONLY_CANDIDATE_V01_battle_a_all_universe_P1,2016-12-23,132393269.3624577,0.0,104104423.0,236497692.3624577,-0.0016869923745724824,0.4401921302489877,0.5598078697510123,22,False,True,EXACT,100.0
2016-12-26,PATTERN_B_PROGRESSED_PREVIOUS_ET_ONLY_CANDIDATE_V01_battle_a_all_universe_P1,2016-12-26,132393269.3624577,0.0,104221379.0,236614648.3624577,-0.0011932932819788133,0.44046883707871154,0.5595311629212885,22,False,True,EXACT,100.0
2016-12-27,PATTERN_B_PROGRESSED_PREVIOUS_ET_ONLY_CANDIDATE_V01_battle_a_all_universe_P1,2016-12-27,132393269.3624577,0.0,103617893.0,236011162.3624577,-0.0037407512199467696,0.4390381029557715,0.5609618970442285,22,False,True,EXACT,100.0
2016-12-28,PATTERN_B_PROGRESSED_PREVIOUS_ET_ONLY_CANDIDATE_V01_battle_a_all_universe_P1,2016-12-28,132393269.3624577,0.0,104054047.0,236447316.3624577,-0.0018996414519050209,0.44007286105329363,0.5599271389467064,22,False,True,EXACT,100.0
2016-12-29,PATTERN_B_PROGRESSED_PREVIOUS_ET_ONLY_CANDIDATE_V01_battle_a_all_universe_P1,2016-12-29,132393269.3624577,0.0,105051422.0,237444691.3624577,0.0,0.4424248080562042,0.5575751919437958,22,False,True,EXACT,100.0
2017-01-02,PATTERN_B_PROGRESSED_PREVIOUS_ET_ONLY_CANDIDATE_V01_battle_a_all_universe_P1,2017-01-02,132393269.3624577,5508139.175171999,99541214.0,237442622.5376297,-8.712870421034857e-06,0.4192221806521902,0.5807778193478098,21,False,True,EXACT,100.0
2017-01-03,PATTERN_B_PROGRESSED_PREVIOUS_ET_ONLY_CANDIDATE_V01_battle_a_all_universe_P1,2017-01-03,137901408.5376297,0.0,101418390.0,239319798.5376297,0.0,0.4237776841687144,0.5762223158312856,21,False,True,EXACT,100.0
2017-01-04,PATTERN_B_PROGRESSED_PREVIOUS_ET_ONLY_CANDIDATE_V01_battle_a_all_universe_P1,2017-01-04,137901408.5376297,0.0,103135254.0,241036662.5376297,0.0,0.42788201974833984,0.5721179802516602,21,False,True,EXACT,100.0
2017-01-05,PATTERN_B_PROGRESSED_PREVIOUS_ET_ONLY_CANDIDATE_V01_battle_a_all_universe_P1,2017-01-05,137901408.5376297,0.0,104071691.0,241973099.5376297,0.0,0.4300961189440631,0.5699038810559369,21,False,True,EXACT,100.0
2017-01-06,PATTERN_B_PROGRESSED_PREVIOUS_ET_ONLY_CANDIDATE_V01_battle_a_all_universe_P1,2017-01-06,137901408.5376297,0.0,104013547.0,241914955.5376297,-0.00024029117332091676,0.4299591431577316,0.5700408568422684,21,False,True,EXACT,100.0
2017-01-09,PATTERN_B_PROGRESSED_PREVIOUS_ET_ONLY_CANDIDATE_V01_battle_a_all_universe_P1,2017-01-09,137901408.5376297,0.0,103452633.0,241354041.5376297,-0.0025583752953651784,0.42863435118351073,0.5713656488164893,21,False,True,EXACT,100.0
2017-01-10,PATTERN_B_PROGRESSED_PREVIOUS_ET_ONLY_CANDIDATE_V01_battle_a_all_universe_P1,2017-01-10,137901408.5376297,0.0,105011492.0,242912900.5376297,0.0,0.4323010089936851,0.5676989910063148,21,False,True,EXACT,100.0
2017-01-11,PATTERN_B_PROGRESSED_PREVIOUS_ET_ONLY_CANDIDATE_V01_battle_a_all_universe_P1,2017-01-11,137901408.5376297,0.0,104948279.0,242849687.5376297,-0.0002602290774186278,0.43215323875489114,0.5678467612451088,21,False,True,EXACT,100.0
2017-01-12,PATTERN_B_PROGRESSED_PREVIOUS_ET_ONLY_CANDIDATE_V01_battle_a_all_universe_P1,2017-01-12,137901408.5376297,0.0,103359934.0,241261342.5376297,-0.006798971962150513,0.4284148173629552,0.5715851826370448,21,False,True,EXACT,100.0
2017-01-13,PATTERN_B_PROGRESSED_PREVIOUS_ET_ONLY_CANDIDATE_V01_battle_a_all_universe_P1,2017-01-13,137901408.5376297,0.0,102724242.0,240625650.5376297,-0.009415926428517074,0.4269047866280395,0.5730952133719606,21,False,True,EXACT,100.0
2017-01-16,PATTERN_B_PROGRESSED_PREVIOUS_ET_ONLY_CANDIDATE_V01_battle_a_all_universe_P1,2017-01-16,137901408.5376297,0.0,100604041.0,238505449.5376297,-0.018144161920775503,0.4218102403740985,0.5781897596259015,21,False,True,EXACT,100.0
2017-01-17,PATTERN_B_PROGRESSED_PREVIOUS_ET_ONLY_CANDIDATE_V01_battle_a_all_universe_P1,2017-01-17,137901408.5376297,0.0,100896038.0,238797446.5376297,-0.016942097315092886,0.42251723987383927,0.5774827601261607,21,False,True,EXACT,100.0
2017-01-18,PATTERN_B_PROGRESSED_PREVIOUS_ET_ONLY_CANDIDATE_V01_battle_a_all_universe_P1,2017-01-18,137901408.5376297,0.0,101279288.0,239180696.5376297,-0.015364371310620628,0.42344256650354717,0.5765574334964528,21,False,True,EXACT,100.0
2017-01-19,PATTERN_B_PROGRESSED_PREVIOUS_ET_ONLY_CANDIDATE_V01_battle_a_all_universe_P1,2017-01-19,137901408.5376297,0.0,101301000.0,239202408.5376297,-0.015274989478894385,0.4234948996513303,0.5765051003486698,21,False,True,EXACT,100.0
2017-01-20,PATTERN_B_PROGRESSED_PREVIOUS_ET_ONLY_CANDIDATE_V01_battle_a_all_universe_P1,2017-01-20,137901408.5376297,0.0,100893531.0,238794939.5376297,-0.016952417886764715,0.42251117714368913,0.5774888228563109,21,False,True,EXACT,100.0
2017-01-23,PATTERN_B_PROGRESSED_PREVIOUS_ET_ONLY_CANDIDATE_V01_battle_a_all_universe_P1,2017-01-23,137901408.5376297,0.0,98333411.0,236234819.5376297,-0.027491668763658383,0.41625282501734057,0.5837471749826594,21,False,True,EXACT,100.0
2017-01-24,PATTERN_B_PROGRESSED_PREVIOUS_ET_ONLY_CANDIDATE_V01_battle_a_all_universe_P1,2017-01-24,137901408.5376297,0.0,98054520.0,235955928.5376297,-0.028639779874195304,0.41556285789344977,0.5844371421065502,21,False,True,EXACT,100.0
2017-01-25,PATTERN_B_PROGRESSED_PREVIOUS_ET_ONLY_CANDIDATE_V01_battle_a_all_universe_P1,2017-01-25,137901408.5376297,0.0,98580327.0,236481735.5376297,-0.026475189196482174,0.4168623288216421,0.5831376711783579,21,False,True,EXACT,100.0
2017-01-26,PATTERN_B_PROGRESSED_PREVIOUS_ET_ONLY_CANDIDATE_V01_battle_a_all_universe_P1,2017-01-26,137901408.5376297,0.0,100737340.0,238638748.5376297,-0.01759540967375628,0.4221332060166887,0.5778667939833113,21,False,True,EXACT,100.0
2017-01-31,PATTERN_B_PROGRESSED_PREVIOUS_ET_ONLY_CANDIDATE_V01_battle_a_all_universe_P1,2017-01-31,137901408.5376297,0.0,102331546.0,240232954.5376297,-0.011032538799168656,0.4259679784439023,0.5740320215560978,21,False,True,EXACT,100.0
2017-02-01,PATTERN_B_PROGRESSED_PREVIOUS_ET_ONLY_CANDIDATE_V01_battle_a_all_universe_P1,2017-02-01,127924656.95933619,39979635.49599885,73037214.0,240941506.45533505,-0.00811564177090407,0.3031325531018019,0.6968674468981981,16,False,True,EXACT,100.0
2017-02-02,PATTERN_B_PROGRESSED_PREVIOUS_ET_ONLY_CANDIDATE_V01_battle_a_all_universe_P1,2017-02-02,167904292.45533505,0.0,70053816.0,237958108.45533505,-0.02039740199605866,0.29439558271303523,0.7056044172869648,16,False,True,EXACT,100.0
2017-02-03,PATTERN_B_PROGRESSED_PREVIOUS_ET_ONLY_CANDIDATE_V01_battle_a_all_universe_P1,2017-02-03,167904292.45533505,0.0,69165784.0,237070076.45533505,-0.024053165020725298,0.29175248531642967,0.7082475146835703,16,False,True,EXACT,100.0
2017-02-06,PATTERN_B_PROGRESSED_PREVIOUS_ET_ONLY_CANDIDATE_V01_battle_a_all_universe_P1,2017-02-06,167904292.45533505,0.0,69433244.0,237337536.45533505,-0.02295211192964597,0.29255062236253876,0.7074493776374613,16,False,True,EXACT,100.0
2017-02-07,PATTERN_B_PROGRESSED_PREVIOUS_ET_ONLY_CANDIDATE_V01_battle_a_all_universe_P1,2017-02-07,167904292.45533505,0.0,70235888.0,238140180.45533505,-0.01964786584710554,0.2949350582741045,0.7050649417258955,16,False,True,EXACT,100.0
2017-02-08,PATTERN_B_PROGRESSED_PREVIOUS_ET_ONLY_CANDIDATE_V01_battle_a_all_universe_P1,2017-02-08,167904292.45533505,0.0,69374067.0,237278359.45533505,-0.023195725998182648,0.2923741851521815,0.7076258148478185,16,False,True,EXACT,100.0
2017-02-09,PATTERN_B_PROGRESSED_PREVIOUS_ET_ONLY_CANDIDATE_V01_battle_a_all_universe_P1,2017-02-09,167904292.45533505,0.0,70295525.0,238199817.45533505,-0.01940235809569335,0.29511158216223715,0.7048884178377629,16,False,True,EXACT,100.0
2017-02-10,PATTERN_B_PROGRESSED_PREVIOUS_ET_ONLY_CANDIDATE_V01_battle_a_all_universe_P1,2017-02-10,167904292.45533505,0.0,70008204.0,237912496.45533505,-0.02058517300327578,0.2942603059656563,0.7057396940343438,16,False,True,EXACT,100.0
2017-02-13,PATTERN_B_PROGRESSED_PREVIOUS_ET_ONLY_CANDIDATE_V01_battle_a_all_universe_P1,2017-02-13,167904292.45533505,0.0,70508751.0,238413043.45533505,-0.018524570215642244,0.295742002946283,0.7042579970537169,16,False,True,EXACT,100.0
2017-02-14,PATTERN_B_PROGRESSED_PREVIOUS_ET_ONLY_CANDIDATE_V01_battle_a_all_universe_P1,2017-02-14,167904292.45533505,0.0,71503879.0,239408171.45533505,-0.014427924883930632,0.2986693334873912,0.7013306665126088,16,False,True,EXACT,100.0
2017-02-15,PATTERN_B_PROGRESSED_PREVIOUS_ET_ONLY_CANDIDATE_V01_battle_a_all_universe_P1,2017-02-15,167904292.45533505,0.0,73383614.0,241287906.45533505,-0.0066896162315714935,0.30413299646074093,0.6958670035392591,16,False,True,EXACT,100.0
2017-02-16,PATTERN_B_PROGRESSED_PREVIOUS_ET_ONLY_CANDIDATE_V01_battle_a_all_universe_P1,2017-02-16,167904292.45533505,0.0,72819444.0,240723736.45533505,-0.009012135944404198,0.302502134073975,0.6974978659260249,16,False,True,EXACT,100.0
2017-02-17,PATTERN_B_PROGRESSED_PREVIOUS_ET_ONLY_CANDIDATE_V01_battle_a_all_universe_P1,2017-02-17,167904292.45533505,0.0,73020993.0,240925285.45533505,-0.00818241879247883,0.3030856344612998,0.6969143655387001,16,False,True,EXACT,100.0
2017-02-20,PATTERN_B_PROGRESSED_PREVIOUS_ET_ONLY_CANDIDATE_V01_battle_a_all_universe_P1,2017-02-20,167904292.45533505,0.0,73228337.0,241132629.45533505,-0.007328845353023361,0.30368489393329523,0.6963151060667048,16,False,True,EXACT,100.0
2017-02-21,PATTERN_B_PROGRESSED_PREVIOUS_ET_ONLY_CANDIDATE_V01_battle_a_all_universe_P1,2017-02-21,167904292.45533505,0.0,73684348.0,241588640.45533505,-0.005451584001358922,0.3049992245542802,0.6950007754457198,16,False,True,EXACT,100.0
2017-02-22,PATTERN_B_PROGRESSED_PREVIOUS_ET_ONLY_CANDIDATE_V01_battle_a_all_universe_P1,2017-02-22,167904292.45533505,0.0,73988390.0,241892682.45533505,-0.004199933721250049,0.3058727913923638,0.6941272086076362,16,False,True,EXACT,100.0
2017-02-23,PATTERN_B_PROGRESSED_PREVIOUS_ET_ONLY_CANDIDATE_V01_battle_a_all_universe_P1,2017-02-23,167904292.45533505,0.0,73673188.0,241577480.45533505,-0.005497526394600771,0.30496711804899107,0.6950328819510089,16,False,True,EXACT,100.0
2017-02-24,PATTERN_B_PROGRESSED_PREVIOUS_ET_ONLY_CANDIDATE_V01_battle_a_all_universe_P1,2017-02-24,167904292.45533505,0.0,72715217.0,240619509.45533505,-0.009441207433688259,0.3022000051641604,0.6977999948358395,16,False,True,EXACT,100.0
2017-02-27,PATTERN_B_PROGRESSED_PREVIOUS_ET_ONLY_CANDIDATE_V01_battle_a_all_universe_P1,2017-02-27,167904292.45533505,0.0,72752590.0,240656882.45533505,-0.009287353933453035,0.30230837056364923,0.6976916294363508,16,False,True,EXACT,100.0
2017-02-28,PATTERN_B_PROGRESSED_PREVIOUS_ET_ONLY_CANDIDATE_V01_battle_a_all_universe_P1,2017-02-28,167904292.45533505,0.0,72687964.0,240592256.45533505,-0.009553399910661176,0.3021209621245404,0.6978790378754596,16,False,True,EXACT,100.0
2017-03-02,PATTERN_B_PROGRESSED_PREVIOUS_ET_ONLY_CANDIDATE_V01_battle_a_all_universe_P1,2017-03-02,152939339.2880209,11550703.1346,76216670.0,240706712.42262092,-0.009082218812281662,0.3166370776822482,0.6833629223177518,17,False,True,EXACT,100.0
2017-03-03,PATTERN_B_PROGRESSED_PREVIOUS_ET_ONLY_CANDIDATE_V01_battle_a_all_universe_P1,2017-03-03,164490042.42262092,0.0,75327814.0,239817856.42262092,-0.01274137399931674,0.31410427531823554,0.6858957246817645,17,False,True,EXACT,100.0
2017-03-06,PATTERN_B_PROGRESSED_PREVIOUS_ET_ONLY_CANDIDATE_V01_battle_a_all_universe_P1,2017-03-06,164490042.42262092,0.0,75447161.0,239937203.42262092,-0.012250057977253426,0.31444544624081816,0.6855545537591818,17,False,True,EXACT,100.0
2017-03-07,PATTERN_B_PROGRESSED_PREVIOUS_ET_ONLY_CANDIDATE_V01_battle_a_all_universe_P1,2017-03-07,164490042.42262092,0.0,75773734.0,240263776.42262092,-0.010905654286559319,0.31537727046591896,0.6846227295340811,17,False,True,EXACT,100.0
2017-03-08,PATTERN_B_PROGRESSED_PREVIOUS_ET_ONLY_CANDIDATE_V01_battle_a_all_universe_P1,2017-03-08,164490042.42262092,0.0,76209874.0,240699916.42262092,-0.009110195918417108,0.31661778339046326,0.6833822166095368,17,False,True,EXACT,100.0
2017-03-09,PATTERN_B_PROGRESSED_PREVIOUS_ET_ONLY_CANDIDATE_V01_battle_a_all_universe_P1,2017-03-09,164490042.42262092,0.0,75776399.0,240266441.42262092,-0.01089468327598686,0.31538486420045553,0.6846151357995445,17,False,True,EXACT,100.0
2017-03-10,PATTERN_B_PROGRESSED_PREVIOUS_ET_ONLY_CANDIDATE_V01_battle_a_all_universe_P1,2017-03-10,164490042.42262092,0.0,77179575.0,241669617.42262092,-0.005118225966002865,0.31935985922894,0.68064014077106,17,False,True,EXACT,100.0
2017-03-13,PATTERN_B_PROGRESSED_PREVIOUS_ET_ONLY_CANDIDATE_V01_battle_a_all_universe_P1,2017-03-13,164490042.42262092,0.0,77645348.0,242135390.42262092,-0.0032007773703576214,0.3206691424350588,0.6793308575649412,17,False,True,EXACT,100.0
2017-03-14,PATTERN_B_PROGRESSED_PREVIOUS_ET_ONLY_CANDIDATE_V01_battle_a_all_universe_P1,2017-03-14,164490042.42262092,0.0,77512366.0,242002408.42262092,-0.0037482246228734972,0.3202958454224814,0.6797041545775186,17,False,True,EXACT,100.0
2017-03-15,PATTERN_B_PROGRESSED_PREVIOUS_ET_ONLY_CANDIDATE_V01_battle_a_all_universe_P1,2017-03-15,164490042.42262092,0.0,76786620.0,241276662.42262092,-0.006735904562447437,0.31825133533014616,0.6817486646698538,17,False,True,EXACT,100.0
2017-03-16,PATTERN_B_PROGRESSED_PREVIOUS_ET_ONLY_CANDIDATE_V01_battle_a_all_universe_P1,2017-03-16,164490042.42262092,0.0,77704915.0,242194957.42262092,-0.0029555577880786554,0.32083622147594054,0.6791637785240594,17,False,True,EXACT,100.0
2017-03-17,PATTERN_B_PROGRESSED_PREVIOUS_ET_ONLY_CANDIDATE_V01_battle_a_all_universe_P1,2017-03-17,164490042.42262092,0.0,77227137.0,241717179.42262092,-0.004922427390074091,0.3194937868482043,0.6805062131517957,17,False,True,EXACT,100.0
2017-03-20,PATTERN_B_PROGRESSED_PREVIOUS_ET_ONLY_CANDIDATE_V01_battle_a_all_universe_P1,2017-03-20,164490042.42262092,0.0,76551503.0,241041545.42262092,-0.007703811163865648,0.3175863433242654,0.6824136566757346,17,False,True,EXACT,100.0
2017-03-21,PATTERN_B_PROGRESSED_PREVIOUS_ET_ONLY_CANDIDATE_V01_battle_a_all_universe_P1,2017-03-21,164490042.42262092,0.0,76467636.0,240957678.42262092,-0.008049066602396793,0.3173488244930786,0.6826511755069214,17,False,True,EXACT,100.0
2017-03-22,PATTERN_B_PROGRESSED_PREVIOUS_ET_ONLY_CANDIDATE_V01_battle_a_all_universe_P1,2017-03-22,164490042.42262092,0.0,75658761.0,240148803.42262092,-0.011378963854497215,0.31504950231566836,0.6849504976843316,17,False,True,EXACT,100.0
2017-03-23,PATTERN_B_PROGRESSED_PREVIOUS_ET_ONLY_CANDIDATE_V01_battle_a_all_universe_P1,2017-03-23,164490042.42262092,0.0,74992114.0,239482156.42262092,-0.014123350828283088,0.3131428041246601,0.6868571958753399,17,False,True,EXACT,100.0
2017-03-24,PATTERN_B_PROGRESSED_PREVIOUS_ET_ONLY_CANDIDATE_V01_battle_a_all_universe_P1,2017-03-24,164490042.42262092,0.0,74534819.0,239024861.42262092,-0.01600589802519148,0.3118287301010695,0.6881712698989305,17,False,True,EXACT,100.0
2017-03-27,PATTERN_B_PROGRESSED_PREVIOUS_ET_ONLY_CANDIDATE_V01_battle_a_all_universe_P1,2017-03-27,164490042.42262092,0.0,73288343.0,237778385.42262092,-0.021137268146914967,0.3082212156068739,0.6917787843931261,17,False,True,EXACT,100.0
2017-03-28,PATTERN_B_PROGRESSED_PREVIOUS_ET_ONLY_CANDIDATE_V01_battle_a_all_universe_P1,2017-03-28,164490042.42262092,0.0,74032349.0,238522391.42262092,-0.018074417230585227,0.31037903216737134,0.6896209678326286,17,False,True,EXACT,100.0
2017-03-29,PATTERN_B_PROGRESSED_PREVIOUS_ET_ONLY_CANDIDATE_V01_battle_a_all_universe_P1,2017-03-29,164490042.42262092,0.0,75091292.0,239581334.42262092,-0.013715064566909185,0.3134271381406497,0.6865728618593503,17,False,True,EXACT,100.0
2017-03-30,PATTERN_B_PROGRESSED_PREVIOUS_ET_ONLY_CANDIDATE_V01_battle_a_all_universe_P1,2017-03-30,164490042.42262092,0.0,76631096.0,241121138.42262092,-0.007376150509269541,0.31781160499369476,0.6821883950063052,17,False,True,EXACT,100.0
2017-03-31,PATTERN_B_PROGRESSED_PREVIOUS_ET_ONLY_CANDIDATE_V01_battle_a_all_universe_P1,2017-03-31,164490042.42262092,0.0,76601391.0,241091433.42262092,-0.007498437139309533,0.3177275522092968,0.6822724477907032,17,False,True,EXACT,100.0
2017-04-03,PATTERN_B_PROGRESSED_PREVIOUS_ET_ONLY_CANDIDATE_V01_battle_a_all_universe_P1,2017-04-03,149505312.5352437,22279578.335883897,70098125.0,241883015.87112758,-0.004239728166856138,0.2898017653184358,0.7101982346815642,16,False,True,EXACT,100.0
2017-04-04,PATTERN_B_PROGRESSED_PREVIOUS_ET_ONLY_CANDIDATE_V01_battle_a_all_universe_P1,2017-04-04,171784890.87112758,0.0,70013029.0,241797919.87112758,-0.004590043032026592,0.2895518250831738,0.7104481749168262,16,False,True,EXACT,100.0
2017-04-05,PATTERN_B_PROGRESSED_PREVIOUS_ET_ONLY_CANDIDATE_V01_battle_a_all_universe_P1,2017-04-05,171784890.87112758,0.0,70896526.0,242681416.87112758,-0.0009529492504918302,0.2921382564601086,0.7078617435398914,16,False,True,EXACT,100.0
2017-04-06,PATTERN_B_PROGRESSED_PREVIOUS_ET_ONLY_CANDIDATE_V01_battle_a_all_universe_P1,2017-04-06,171784890.87112758,0.0,70461831.0,242246721.87112758,-0.0027424589843836333,0.2908680474837751,0.7091319525162249,16,False,True,EXACT,100.0
2017-04-07,PATTERN_B_PROGRESSED_PREVIOUS_ET_ONLY_CANDIDATE_V01_battle_a_all_universe_P1,2017-04-07,171784890.87112758,0.0,70644701.0,242429591.87112758,-0.0019896377073116422,0.29140296139076044,0.7085970386092395,16,False,True,EXACT,100.0
2017-04-10,PATTERN_B_PROGRESSED_PREVIOUS_ET_ONLY_CANDIDATE_V01_battle_a_all_universe_P1,2017-04-10,171784890.87112758,0.0,69149125.0,240934015.87112758,-0.00814647827316839,0.287004409692764,0.712995590307236,16,False,True,EXACT,100.0
2017-04-11,PATTERN_B_PROGRESSED_PREVIOUS_ET_ONLY_CANDIDATE_V01_battle_a_all_universe_P1,2017-04-11,171784890.87112758,0.0,68259364.0,240044254.87112758,-0.011809359075426018,0.28436158172852904,0.715638418271471,16,False,True,EXACT,100.0
2017-04-12,PATTERN_B_PROGRESSED_PREVIOUS_ET_ONLY_CANDIDATE_V01_battle_a_all_universe_P1,2017-04-12,171784890.87112758,0.0,68223044.0,240007934.87112758,-0.011958877688556968,0.2842532853617211,0.7157467146382789,16,False,True,EXACT,100.0
2017-04-13,PATTERN_B_PROGRESSED_PREVIOUS_ET_ONLY_CANDIDATE_V01_battle_a_all_universe_P1,2017-04-13,171784890.87112758,0.0,68368168.0,240153058.87112758,-0.011361445441530171,0.2846858096306329,0.715314190369367,16,False,True,EXACT,100.0
2017-04-14,PATTERN_B_PROGRESSED_PREVIOUS_ET_ONLY_CANDIDATE_V01_battle_a_all_universe_P1,2017-04-14,171784890.87112758,0.0,67460727.0,239245617.87112758,-0.015097109533439568,0.28197267561380585,0.7180273243861942,16,False,True,EXACT,100.0
2017-04-17,PATTERN_B_PROGRESSED_PREVIOUS_ET_ONLY_CANDIDATE_V01_battle_a_all_universe_P1,2017-04-17,171784890.87112758,0.0,68340716.0,240125606.87112758,-0.01147445714218187,0.28460403240824544,0.7153959675917545,16,False,True,EXACT,100.0
2017-04-18,PATTERN_B_PROGRESSED_PREVIOUS_ET_ONLY_CANDIDATE_V01_battle_a_all_universe_P1,2017-04-18,171784890.87112758,0.0,69247689.0,241032579.87112758,-0.007740719666763152,0.28729597068174156,0.7127040293182584,16,False,True,EXACT,100.0
2017-04-19,PATTERN_B_PROGRESSED_PREVIOUS_ET_ONLY_CANDIDATE_V01_battle_a_all_universe_P1,2017-04-19,171784890.87112758,0.0,70074964.0,241859854.87112758,-0.004335075099640484,0.28973375526640704,0.710266244733593,16,False,True,EXACT,100.0
2017-04-20,PATTERN_B_PROGRESSED_PREVIOUS_ET_ONLY_CANDIDATE_V01_battle_a_all_universe_P1,2017-04-20,171784890.87112758,0.0,70165933.0,241950823.87112758,-0.003960582844191429,0.2900008021356154,0.7099991978643846,16,False,True,EXACT,100.0
2017-04-21,PATTERN_B_PROGRESSED_PREVIOUS_ET_ONLY_CANDIDATE_V01_battle_a_all_universe_P1,2017-04-21,171784890.87112758,0.0,70075453.0,241860343.87112758,-0.004333062032409685,0.28973519130254305,0.7102648086974569,16,False,True,EXACT,100.0
2017-04-24,PATTERN_B_PROGRESSED_PREVIOUS_ET_ONLY_CANDIDATE_V01_battle_a_all_universe_P1,2017-04-24,171784890.87112758,0.0,68783343.0,240568233.87112758,-0.009652293728792283,0.28592030582411493,0.7140796941758851,16,False,True,EXACT,100.0
2017-04-25,PATTERN_B_PROGRESSED_PREVIOUS_ET_ONLY_CANDIDATE_V01_battle_a_all_universe_P1,2017-04-25,171784890.87112758,0.0,69673936.0,241458826.87112758,-0.005985987830551043,0.28855410631638106,0.7114458936836189,16,False,True,EXACT,100.0
2017-04-26,PATTERN_B_PROGRESSED_PREVIOUS_ET_ONLY_CANDIDATE_V01_battle_a_all_universe_P1,2017-04-26,171784890.87112758,0.0,69969949.0,241754839.87112758,-0.004767390550024397,0.2894252253121341,0.7105747746878659,16,False,True,EXACT,100.0
2017-04-27,PATTERN_B_PROGRESSED_PREVIOUS_ET_ONLY_CANDIDATE_V01_battle_a_all_universe_P1,2017-04-27,171784890.87112758,0.0,69663571.0,241448461.87112758,-0.006028657445779628,0.2885235650711361,0.7114764349288639,16,False,True,EXACT,100.0
2017-04-28,PATTERN_B_PROGRESSED_PREVIOUS_ET_ONLY_CANDIDATE_V01_battle_a_all_universe_P1,2017-04-28,171784890.87112758,0.0,68900928.0,240685818.87112758,-0.009168231335482835,0.28626916335645103,0.713730836643549,16,False,True,EXACT,100.0
2017-05-02,PATTERN_B_PROGRESSED_PREVIOUS_ET_ONLY_CANDIDATE_V01_battle_a_all_universe_P1,2017-05-02,171784890.87112758,0.0,68650917.0,240435807.87112758,-0.010197452095049964,0.28552700867583153,0.7144729913241685,16,False,True,EXACT,100.0
2017-05-04,PATTERN_B_PROGRESSED_PREVIOUS_ET_ONLY_CANDIDATE_V01_battle_a_all_universe_P1,2017-05-04,171784890.87112758,0.0,68872885.0,240657775.87112758,-0.009283676006959451,0.28618599482479007,0.71381400517521,16,False,True,EXACT,100.0
2017-05-08,PATTERN_B_PROGRESSED_PREVIOUS_ET_ONLY_CANDIDATE_V01_battle_a_all_universe_P1,2017-05-08,171784890.87112758,0.0,69224965.0,241009855.87112758,-0.007834267600815736,0.2872287722416459,0.7127712277583541,16,False,True,EXACT,100.0
2017-05-10,PATTERN_B_PROGRESSED_PREVIOUS_ET_ONLY_CANDIDATE_V01_battle_a_all_universe_P1,2017-05-10,171784890.87112758,0.0,68182392.0,239967282.87112758,-0.012126229854333426,0.28413203326812175,0.7158679667318782,16,False,True,EXACT,100.0
2017-05-11,PATTERN_B_PROGRESSED_PREVIOUS_ET_ONLY_CANDIDATE_V01_battle_a_all_universe_P1,2017-05-11,171784890.87112758,0.0,68213761.0,239998651.87112758,-0.0119970930323261,0.28422560071974423,0.7157743992802558,16,False,True,EXACT,100.0
2017-05-12,PATTERN_B_PROGRESSED_PREVIOUS_ET_ONLY_CANDIDATE_V01_battle_a_all_universe_P1,2017-05-12,171784890.87112758,0.0,67886476.0,239671366.87112758,-0.013344427814775406,0.28324816971775724,0.7167518302822428,16,False,True,EXACT,100.0
2017-05-15,PATTERN_B_PROGRESSED_PREVIOUS_ET_ONLY_CANDIDATE_V01_battle_a_all_universe_P1,2017-05-15,171784890.87112758,0.0,67508414.0,239293304.87112758,-0.014900796369772928,0.2821157659900136,0.7178842340099865,16,False,True,EXACT,100.0
2017-05-16,PATTERN_B_PROGRESSED_PREVIOUS_ET_ONLY_CANDIDATE_V01_battle_a_all_universe_P1,2017-05-16,171784890.87112758,0.0,66556827.0,238341717.87112758,-0.018818196383909247,0.27924959001926625,0.7207504099807337,16,False,True,EXACT,100.0
2017-05-17,PATTERN_B_PROGRESSED_PREVIOUS_ET_ONLY_CANDIDATE_V01_battle_a_all_universe_P1,2017-05-17,171784890.87112758,0.0,66390731.0,238175621.87112758,-0.019501964103253777,0.2787469619200692,0.7212530380799308,16,False,True,EXACT,100.0
2017-05-18,PATTERN_B_PROGRESSED_PREVIOUS_ET_ONLY_CANDIDATE_V01_battle_a_all_universe_P1,2017-05-18,171784890.87112758,0.0,66334235.0,238119125.87112758,-0.01973454129398744,0.2785758378598313,0.7214241621401687,16,False,True,EXACT,100.0
2017-05-19,PATTERN_B_PROGRESSED_PREVIOUS_ET_ONLY_CANDIDATE_V01_battle_a_all_universe_P1,2017-05-19,171784890.87112758,0.0,66670454.0,238455344.87112758,-0.018350427896733246,0.2795930367425055,0.7204069632574944,16,False,True,EXACT,100.0
2017-05-22,PATTERN_B_PROGRESSED_PREVIOUS_ET_ONLY_CANDIDATE_V01_battle_a_all_universe_P1,2017-05-22,171784890.87112758,0.0,66498318.0,238283208.87112758,-0.019059060495574376,0.2790726141176182,0.7209273858823818,16,False,True,EXACT,100.0
2017-05-23,PATTERN_B_PROGRESSED_PREVIOUS_ET_ONLY_CANDIDATE_V01_battle_a_all_universe_P1,2017-05-23,171784890.87112758,0.0,66473592.0,238258482.87112758,-0.01916085006683743,0.278997797681584,0.7210022023184159,16,False,True,EXACT,100.0
2017-05-24,PATTERN_B_PROGRESSED_PREVIOUS_ET_ONLY_CANDIDATE_V01_battle_a_all_universe_P1,2017-05-24,171784890.87112758,0.0,66430954.0,238215844.87112758,-0.019336378002593912,0.2788687462663892,0.7211312537336109,16,False,True,EXACT,100.0
2017-05-25,PATTERN_B_PROGRESSED_PREVIOUS_ET_ONLY_CANDIDATE_V01_battle_a_all_universe_P1,2017-05-25,171784890.87112758,0.0,66273350.0,238058240.87112758,-0.01998518668937499,0.2783913287667994,0.7216086712332006,16,False,True,EXACT,100.0
2017-05-26,PATTERN_B_PROGRESSED_PREVIOUS_ET_ONLY_CANDIDATE_V01_battle_a_all_universe_P1,2017-05-26,171784890.87112758,0.0,67360548.0,239145438.87112758,-0.015509516613418817,0.28167189103823864,0.7183281089617614,16,False,True,EXACT,100.0
2017-05-29,PATTERN_B_PROGRESSED_PREVIOUS_ET_ONLY_CANDIDATE_V01_battle_a_all_universe_P1,2017-05-29,171784890.87112758,0.0,66603344.0,238388234.87112758,-0.018626699761469467,0.2793902309650713,0.7206097690349287,16,False,True,EXACT,100.0
2017-05-30,PATTERN_B_PROGRESSED_PREVIOUS_ET_ONLY_CANDIDATE_V01_battle_a_all_universe_P1,2017-05-30,171784890.87112758,0.0,66760857.0,238545747.87112758,-0.017978265694561624,0.27986605334951103,0.7201339466504889,16,False,True,EXACT,100.0
2017-05-31,PATTERN_B_PROGRESSED_PREVIOUS_ET_ONLY_CANDIDATE_V01_battle_a_all_universe_P1,2017-05-31,171784890.87112758,0.0,67898415.0,239683305.87112758,-0.013295278510750852,0.2832838722464362,0.7167161277535637,16,False,True,EXACT,100.0
2017-06-01,PATTERN_B_PROGRESSED_PREVIOUS_ET_ONLY_CANDIDATE_V01_battle_a_all_universe_P1,2017-06-01,151846034.5412351,5374612.88712,82874252.0,240094899.4283551,-0.011600870530291352,0.3451728970391138,0.6548271029608862,19,False,True,EXACT,100.0
2017-06-02,PATTERN_B_PROGRESSED_PREVIOUS_ET_ONLY_CANDIDATE_V01_battle_a_all_universe_P1,2017-06-02,157220647.4283551,0.0,82992013.0,240212660.4283551,-0.011116083597446869,0.34549391714827155,0.6545060828517285,19,False,True,EXACT,100.0
2017-06-05,PATTERN_B_PROGRESSED_PREVIOUS_ET_ONLY_CANDIDATE_V01_battle_a_all_universe_P1,2017-06-05,157220647.4283551,0.0,83901442.0,241122089.4283551,-0.00737223550215349,0.34796248738102337,0.6520375126189766,19,False,True,EXACT,100.0
2017-06-07,PATTERN_B_PROGRESSED_PREVIOUS_ET_ONLY_CANDIDATE_V01_battle_a_all_universe_P1,2017-06-07,157220647.4283551,0.0,83310889.0,240531536.4283551,-0.009803366161303173,0.3463616049565918,0.6536383950434081,19,False,True,EXACT,100.0
2017-06-08,PATTERN_B_PROGRESSED_PREVIOUS_ET_ONLY_CANDIDATE_V01_battle_a_all_universe_P1,2017-06-08,157220647.4283551,0.0,83467161.0,240687808.4283551,-0.00916004092145739,0.3467859944590648,0.6532140055409352,19,False,True,EXACT,100.0
2017-06-09,PATTERN_B_PROGRESSED_PREVIOUS_ET_ONLY_CANDIDATE_V01_battle_a_all_universe_P1,2017-06-09,157220647.4283551,0.0,83450921.0,240671568.4283551,-0.009226896160368314,0.34674191698236384,0.6532580830176362,19,False,True,EXACT,100.0
2017-06-12,PATTERN_B_PROGRESSED_PREVIOUS_ET_ONLY_CANDIDATE_V01_battle_a_all_universe_P1,2017-06-12,157220647.4283551,0.0,82321424.0,239542071.4283551,-0.013876698610135851,0.34366165203936466,0.6563383479606354,19,False,True,EXACT,100.0
2017-06-13,PATTERN_B_PROGRESSED_PREVIOUS_ET_ONLY_CANDIDATE_V01_battle_a_all_universe_P1,2017-06-13,157220647.4283551,0.0,83085469.0,240306116.4283551,-0.010731353104364127,0.3457484571549435,0.6542515428450565,19,False,True,EXACT,100.0
2017-06-14,PATTERN_B_PROGRESSED_PREVIOUS_ET_ONLY_CANDIDATE_V01_battle_a_all_universe_P1,2017-06-14,157220647.4283551,0.0,83132908.0,240353555.4283551,-0.010536060882769482,0.3458775879218494,0.6541224120781506,19,False,True,EXACT,100.0
2017-06-15,PATTERN_B_PROGRESSED_PREVIOUS_ET_ONLY_CANDIDATE_V01_battle_a_all_universe_P1,2017-06-15,157220647.4283551,0.0,82486324.0,239706971.4283551,-0.013197854466267644,0.34411316245198964,0.6558868375480104,19,False,True,EXACT,100.0
2017-06-16,PATTERN_B_PROGRESSED_PREVIOUS_ET_ONLY_CANDIDATE_V01_battle_a_all_universe_P1,2017-06-16,157220647.4283551,0.0,82685724.0,239906371.4283551,-0.012376984106732714,0.3446583077710923,0.6553416922289077,19,False,True,EXACT,100.0
2017-06-19,PATTERN_B_PROGRESSED_PREVIOUS_ET_ONLY_CANDIDATE_V01_battle_a_all_universe_P1,2017-06-19,157220647.4283551,0.0,81946853.0,239167500.4283551,-0.015418695758788625,0.34263373097611965,0.6573662690238804,19,False,True,EXACT,100.0
2017-06-20,PATTERN_B_PROGRESSED_PREVIOUS_ET_ONLY_CANDIDATE_V01_battle_a_all_universe_P1,2017-06-20,157220647.4283551,0.0,80124025.0,237344672.4283551,-0.022922735255931914,0.3375851001003035,0.6624148998996965,19,False,True,EXACT,100.0
2017-06-21,PATTERN_B_PROGRESSED_PREVIOUS_ET_ONLY_CANDIDATE_V01_battle_a_all_universe_P1,2017-06-21,157220647.4283551,0.0,79137041.0,236357688.4283551,-0.026985854167342338,0.33481898357619144,0.6651810164238086,19,False,True,EXACT,100.0
2017-06-22,PATTERN_B_PROGRESSED_PREVIOUS_ET_ONLY_CANDIDATE_V01_battle_a_all_universe_P1,2017-06-22,157220647.4283551,0.0,78792282.0,236012929.4283551,-0.028405124198851328,0.33384731163179115,0.6661526883682088,19,False,True,EXACT,100.0
2017-06-23,PATTERN_B_PROGRESSED_PREVIOUS_ET_ONLY_CANDIDATE_V01_battle_a_all_universe_P1,2017-06-23,157220647.4283551,0.0,80157015.0,237377662.4283551,-0.022786925260139257,0.33767716043708557,0.6623228395629145,19,False,True,EXACT,100.0
2017-06-26,PATTERN_B_PROGRESSED_PREVIOUS_ET_ONLY_CANDIDATE_V01_battle_a_all_universe_P1,2017-06-26,157220647.4283551,0.0,79324627.0,236545274.4283551,-0.026213618524093985,0.33534648786241494,0.6646535121375851,19,False,True,EXACT,100.0
2017-06-27,PATTERN_B_PROGRESSED_PREVIOUS_ET_ONLY_CANDIDATE_V01_battle_a_all_universe_P1,2017-06-27,157220647.4283551,0.0,78995791.0,236216438.4283551,-0.0275673383111954,0.3344212262516166,0.6655787737483834,19,False,True,EXACT,100.0
2017-06-28,PATTERN_B_PROGRESSED_PREVIOUS_ET_ONLY_CANDIDATE_V01_battle_a_all_universe_P1,2017-06-28,157220647.4283551,0.0,78680933.0,235901580.4283551,-0.02886351483909133,0.33353287780916724,0.6664671221908327,19,False,True,EXACT,100.0
2017-06-29,PATTERN_B_PROGRESSED_PREVIOUS_ET_ONLY_CANDIDATE_V01_battle_a_all_universe_P1,2017-06-29,157220647.4283551,0.0,79173596.0,236394243.4283551,-0.026835368129264014,0.33492184433837724,0.6650781556616228,19,False,True,EXACT,100.0
2017-06-30,PATTERN_B_PROGRESSED_PREVIOUS_ET_ONLY_CANDIDATE_V01_battle_a_all_universe_P1,2017-06-30,157220647.4283551,0.0,79094306.0,236314953.4283551,-0.027161781423183484,0.33469869279338454,0.6653013072066154,19,False,True,EXACT,100.0
2017-07-03,PATTERN_B_PROGRESSED_PREVIOUS_ET_ONLY_CANDIDATE_V01_battle_a_all_universe_P1,2017-07-03,152221464.2233391,5430498.5530125005,77611129.0,235263091.7763516,-0.03149198228808381,0.32989079763424833,0.6701092023657517,19,False,True,EXACT,100.0
2017-07-04,PATTERN_B_PROGRESSED_PREVIOUS_ET_ONLY_CANDIDATE_V01_battle_a_all_universe_P1,2017-07-04,157651962.7763516,0.0,77093735.0,234745697.7763516,-0.033621939152683744,0.32841383561137394,0.6715861643886261,19,False,True,EXACT,100.0
2017-07-05,PATTERN_B_PROGRESSED_PREVIOUS_ET_ONLY_CANDIDATE_V01_battle_a_all_universe_P1,2017-07-05,157651962.7763516,0.0,77706563.0,235358525.7763516,-0.0310991089586361,0.3301625158624605,0.6698374841375395,19,False,True,EXACT,100.0
2017-07-06,PATTERN_B_PROGRESSED_PREVIOUS_ET_ONLY_CANDIDATE_V01_battle_a_all_universe_P1,2017-07-06,157651962.7763516,0.0,78653115.0,236305077.7763516,-0.027202436538583452,0.3328456406444232,0.6671543593555768,19,False,True,EXACT,100.0
2017-07-07,PATTERN_B_PROGRESSED_PREVIOUS_ET_ONLY_CANDIDATE_V01_battle_a_all_universe_P1,2017-07-07,157651962.7763516,0.0,77405149.0,235057111.7763516,-0.032339940546142976,0.3293035824997638,0.6706964175002362,19,False,True,EXACT,100.0
2017-07-10,PATTERN_B_PROGRESSED_PREVIOUS_ET_ONLY_CANDIDATE_V01_battle_a_all_universe_P1,2017-07-10,157651962.7763516,0.0,76925196.0,234577158.7763516,-0.03431576397477831,0.3279313143755028,0.6720686856244972,19,False,True,EXACT,100.0
2017-07-11,PATTERN_B_PROGRESSED_PREVIOUS_ET_ONLY_CANDIDATE_V01_battle_a_all_universe_P1,2017-07-11,157651962.7763516,0.0,77671787.0,235323749.7763516,-0.031242271384028242,0.330063527688209,0.669936472311791,19,False,True,EXACT,100.0
2017-07-12,PATTERN_B_PROGRESSED_PREVIOUS_ET_ONLY_CANDIDATE_V01_battle_a_all_universe_P1,2017-07-12,157651962.7763516,0.0,76901976.0,234553938.7763516,-0.034411353792974886,0.3278647819823074,0.6721352180176926,19,False,True,EXACT,100.0
2017-07-13,PATTERN_B_PROGRESSED_PREVIOUS_ET_ONLY_CANDIDATE_V01_battle_a_all_universe_P1,2017-07-13,157651962.7763516,0.0,77392267.0,235044229.7763516,-0.032392971900062406,0.3292668238383899,0.6707331761616101,19,False,True,EXACT,100.0
2017-07-14,PATTERN_B_PROGRESSED_PREVIOUS_ET_ONLY_CANDIDATE_V01_battle_a_all_universe_P1,2017-07-14,157651962.7763516,0.0,76835005.0,234486967.7763516,-0.03468705343614642,0.32767281580136043,0.6723271841986396,19,False,True,EXACT,100.0
2017-07-17,PATTERN_B_PROGRESSED_PREVIOUS_ET_ONLY_CANDIDATE_V01_battle_a_all_universe_P1,2017-07-17,157651962.7763516,0.0,76529123.0,234181085.7763516,-0.03594627844775766,0.3267946373478134,0.6732053626521867,19,False,True,EXACT,100.0
2017-07-18,PATTERN_B_PROGRESSED_PREVIOUS_ET_ONLY_CANDIDATE_V01_battle_a_all_universe_P1,2017-07-18,157651962.7763516,0.0,76723610.0,234375572.7763516,-0.03514563344467403,0.3273532693324318,0.6726467306675682,19,False,True,EXACT,100.0
2017-07-19,PATTERN_B_PROGRESSED_PREVIOUS_ET_ONLY_CANDIDATE_V01_battle_a_all_universe_P1,2017-07-19,157651962.7763516,0.0,77896686.0,235548648.7763516,-0.03031642924265887,0.33070317492655726,0.6692968250734428,19,False,True,EXACT,100.0
2017-07-20,PATTERN_B_PROGRESSED_PREVIOUS_ET_ONLY_CANDIDATE_V01_battle_a_all_universe_P1,2017-07-20,157651962.7763516,0.0,77967761.0,235619723.7763516,-0.03002383465487579,0.3309050691953378,0.6690949308046622,19,False,True,EXACT,100.0
2017-07-21,PATTERN_B_PROGRESSED_PREVIOUS_ET_ONLY_CANDIDATE_V01_battle_a_all_universe_P1,2017-07-21,157651962.7763516,0.0,77833851.0,235485813.7763516,-0.030575102206758076,0.33052458554433894,0.669475414455661,19,False,True,EXACT,100.0
2017-07-24,PATTERN_B_PROGRESSED_PREVIOUS_ET_ONLY_CANDIDATE_V01_battle_a_all_universe_P1,2017-07-24,157651962.7763516,0.0,78161573.0,235813535.7763516,-0.02922596842557701,0.3314549893952202,0.6685450106047798,19,False,True,EXACT,100.0
2017-07-25,PATTERN_B_PROGRESSED_PREVIOUS_ET_ONLY_CANDIDATE_V01_battle_a_all_universe_P1,2017-07-25,157651962.7763516,0.0,77516695.0,235168657.7763516,-0.03188073891562804,0.32962170951249536,0.6703782904875046,19,False,True,EXACT,100.0
2017-07-26,PATTERN_B_PROGRESSED_PREVIOUS_ET_ONLY_CANDIDATE_V01_battle_a_all_universe_P1,2017-07-26,157651962.7763516,0.0,77226075.0,234878037.7763516,-0.03307713482278973,0.32879223503022387,0.6712077649697761,19,False,True,EXACT,100.0
2017-07-27,PATTERN_B_PROGRESSED_PREVIOUS_ET_ONLY_CANDIDATE_V01_battle_a_all_universe_P1,2017-07-27,157651962.7763516,0.0,77141076.0,234793038.7763516,-0.03342705036787552,0.3285492466132248,0.6714507533867752,19,False,True,EXACT,100.0
2017-07-28,PATTERN_B_PROGRESSED_PREVIOUS_ET_ONLY_CANDIDATE_V01_battle_a_all_universe_P1,2017-07-28,157651962.7763516,0.0,75774042.0,233426004.7763516,-0.03905472183766734,0.3246169683304997,0.6753830316695003,19,False,True,EXACT,100.0
2017-07-31,PATTERN_B_PROGRESSED_PREVIOUS_ET_ONLY_CANDIDATE_V01_battle_a_all_universe_P1,2017-07-31,157651962.7763516,0.0,74381773.0,232033735.7763516,-0.044786278279991154,0.32056447632982876,0.6794355236701712,19,False,True,EXACT,100.0
2017-08-01,PATTERN_B_PROGRESSED_PREVIOUS_ET_ONLY_CANDIDATE_V01_battle_a_all_universe_P1,2017-08-01,142664134.3292601,4679563.010242499,85710115.0,233053812.3395026,-0.04058692715086909,0.3677696328569011,0.6322303671430989,21,False,True,EXACT,100.0
2017-08-02,PATTERN_B_PROGRESSED_PREVIOUS_ET_ONLY_CANDIDATE_V01_battle_a_all_universe_P1,2017-08-02,147343697.3395026,0.0,86200482.0,233544179.3395026,-0.038568232388611956,0.36909711149208546,0.6309028885079145,21,False,True,EXACT,100.0
2017-08-03,PATTERN_B_PROGRESSED_PREVIOUS_ET_ONLY_CANDIDATE_V01_battle_a_all_universe_P1,2017-08-03,147343697.3395026,0.0,84171990.0,231515687.3395026,-0.04691892926601293,0.3635692724206947,0.6364307275793053,21,False,True,EXACT,100.0
2017-08-04,PATTERN_B_PROGRESSED_PREVIOUS_ET_ONLY_CANDIDATE_V01_battle_a_all_universe_P1,2017-08-04,147343697.3395026,0.0,84901892.0,232245589.3395026,-0.04391414031332852,0.36556944845091643,0.6344305515490836,21,False,True,EXACT,100.0
2017-08-07,PATTERN_B_PROGRESSED_PREVIOUS_ET_ONLY_CANDIDATE_V01_battle_a_all_universe_P1,2017-08-07,147343697.3395026,0.0,86498463.0,233842160.3395026,-0.03734153343873947,0.3699010600758119,0.6300989399241881,21,False,True,EXACT,100.0
2017-08-08,PATTERN_B_PROGRESSED_PREVIOUS_ET_ONLY_CANDIDATE_V01_battle_a_all_universe_P1,2017-08-08,147343697.3395026,0.0,87224162.0,234567859.3395026,-0.03435404698415501,0.37185044125655686,0.6281495587434431,21,False,True,EXACT,100.0
2017-08-09,PATTERN_B_PROGRESSED_PREVIOUS_ET_ONLY_CANDIDATE_V01_battle_a_all_universe_P1,2017-08-09,147343697.3395026,0.0,85680492.0,233024189.3395026,-0.04070887621135311,0.36768926111429806,0.632310738885702,21,False,True,EXACT,100.0
2017-08-10,PATTERN_B_PROGRESSED_PREVIOUS_ET_ONLY_CANDIDATE_V01_battle_a_all_universe_P1,2017-08-10,147343697.3395026,0.0,84901967.0,232245664.3395026,-0.043913831560685734,0.36556965333005376,0.6344303466699462,21,False,True,EXACT,100.0
2017-08-11,PATTERN_B_PROGRESSED_PREVIOUS_ET_ONLY_CANDIDATE_V01_battle_a_all_universe_P1,2017-08-11,147343697.3395026,0.0,82941885.0,230285582.3395026,-0.0519829048608762,0.36016968217194534,0.6398303178280547,21,False,True,EXACT,100.0
2017-08-14,PATTERN_B_PROGRESSED_PREVIOUS_ET_ONLY_CANDIDATE_V01_battle_a_all_universe_P1,2017-08-14,147343697.3395026,0.0,81140800.0,228484497.3395026,-0.05939743490853411,0.35512606301439253,0.6448739369856075,21,False,True,EXACT,100.0
2017-08-16,PATTERN_B_PROGRESSED_PREVIOUS_ET_ONLY_CANDIDATE_V01_battle_a_all_universe_P1,2017-08-16,147343697.3395026,0.0,81476993.0,228820690.3395026,-0.05801342854552949,0.3560735389754838,0.6439264610245161,21,False,True,EXACT,100.0
2017-08-17,PATTERN_B_PROGRESSED_PREVIOUS_ET_ONLY_CANDIDATE_V01_battle_a_all_universe_P1,2017-08-17,147343697.3395026,0.0,82857804.0,230201501.3395026,-0.05232904127361471,0.3599359844217558,0.6400640155782442,21,False,True,EXACT,100.0
2017-08-18,PATTERN_B_PROGRESSED_PREVIOUS_ET_ONLY_CANDIDATE_V01_battle_a_all_universe_P1,2017-08-18,147343697.3395026,0.0,83102149.0,230445846.3395026,-0.05132314574703212,0.3606146533774811,0.6393853466225189,21,False,True,EXACT,100.0
2017-08-21,PATTERN_B_PROGRESSED_PREVIOUS_ET_ONLY_CANDIDATE_V01_battle_a_all_universe_P1,2017-08-21,147343697.3395026,0.0,83239393.0,230583090.3395026,-0.050758153111003956,0.3609952181551613,0.6390047818448388,21,False,True,EXACT,100.0
2017-08-22,PATTERN_B_PROGRESSED_PREVIOUS_ET_ONLY_CANDIDATE_V01_battle_a_all_universe_P1,2017-08-22,147343697.3395026,0.0,83869266.0,231212963.3395026,-0.04816515373301322,0.3627360022926145,0.6372639977073855,21,False,True,EXACT,100.0
2017-08-23,PATTERN_B_PROGRESSED_PREVIOUS_ET_ONLY_CANDIDATE_V01_battle_a_all_universe_P1,2017-08-23,147343697.3395026,0.0,83877211.0,231220908.3395026,-0.048132446536390816,0.3627578993714649,0.637242100628535,21,False,True,EXACT,100.0
2017-08-24,PATTERN_B_PROGRESSED_PREVIOUS_ET_ONLY_CANDIDATE_V01_battle_a_all_universe_P1,2017-08-24,147343697.3395026,0.0,83847033.0,231190730.3395026,-0.04825668036643116,0.3626747183023774,0.6373252816976226,21,False,True,EXACT,100.0
2017-08-25,PATTERN_B_PROGRESSED_PREVIOUS_ET_ONLY_CANDIDATE_V01_battle_a_all_universe_P1,2017-08-25,147343697.3395026,0.0,84507662.0,231851359.3395026,-0.04553706770470001,0.364490690245445,0.635509309754555,21,False,True,EXACT,100.0
2017-08-28,PATTERN_B_PROGRESSED_PREVIOUS_ET_ONLY_CANDIDATE_V01_battle_a_all_universe_P1,2017-08-28,147343697.3395026,0.0,85577145.0,232920842.3395026,-0.04113432500296221,0.3674087047790416,0.6325912952209585,21,False,True,EXACT,100.0
2017-08-29,PATTERN_B_PROGRESSED_PREVIOUS_ET_ONLY_CANDIDATE_V01_battle_a_all_universe_P1,2017-08-29,147343697.3395026,0.0,85677509.0,233021206.3395026,-0.04072115633313089,0.367681166645285,0.632318833354715,21,False,True,EXACT,100.0
2017-08-30,PATTERN_B_PROGRESSED_PREVIOUS_ET_ONLY_CANDIDATE_V01_battle_a_all_universe_P1,2017-08-30,147343697.3395026,0.0,85986503.0,233330200.3395026,-0.039449120145196415,0.36851853242695115,0.6314814675730488,21,False,True,EXACT,100.0
2017-08-31,PATTERN_B_PROGRESSED_PREVIOUS_ET_ONLY_CANDIDATE_V01_battle_a_all_universe_P1,2017-08-31,147343697.3395026,0.0,86229205.0,233572902.3395026,-0.038449988359841036,0.36917469507941564,0.6308253049205844,21,False,True,EXACT,100.0
2017-09-01,PATTERN_B_PROGRESSED_PREVIOUS_ET_ONLY_CANDIDATE_V01_battle_a_all_universe_P1,2017-09-01,147343697.3395026,11052037.185713999,75353596.0,233749330.5252166,-0.03772368611190147,0.3223692484196054,0.6776307515803947,19,False,True,EXACT,100.0
2017-09-04,PATTERN_B_PROGRESSED_PREVIOUS_ET_ONLY_CANDIDATE_V01_battle_a_all_universe_P1,2017-09-04,158395734.5252166,0.0,73970133.0,232365867.5252166,-0.043418990877263974,0.3183347614165952,0.6816652385834048,19,False,True,EXACT,100.0
2017-09-05,PATTERN_B_PROGRESSED_PREVIOUS_ET_ONLY_CANDIDATE_V01_battle_a_all_universe_P1,2017-09-05,158395734.5252166,0.0,73922656.0,232318390.5252166,-0.04361443953353106,0.3181954550945298,0.6818045449054702,19,False,True,EXACT,100.0
2017-09-06,PATTERN_B_PROGRESSED_PREVIOUS_ET_ONLY_CANDIDATE_V01_battle_a_all_universe_P1,2017-09-06,158395734.5252166,0.0,74436491.0,232832225.5252166,-0.041499134011005245,0.31970012240396783,0.6802998775960322,19,False,True,EXACT,100.0
2017-09-07,PATTERN_B_PROGRESSED_PREVIOUS_ET_ONLY_CANDIDATE_V01_battle_a_all_universe_P1,2017-09-07,158395734.5252166,0.0,74382521.0,232778255.5252166,-0.041721312412730915,0.31954239382098226,0.6804576061790177,19,False,True,EXACT,100.0
2017-09-08,PATTERN_B_PROGRESSED_PREVIOUS_ET_ONLY_CANDIDATE_V01_battle_a_all_universe_P1,2017-09-08,158395734.5252166,0.0,73372156.0,231767890.5252166,-0.04588068393134437,0.3165760185059674,0.6834239814940326,19,False,True,EXACT,100.0
2017-09-11,PATTERN_B_PROGRESSED_PREVIOUS_ET_ONLY_CANDIDATE_V01_battle_a_all_universe_P1,2017-09-11,158395734.5252166,0.0,73592126.0,231987860.5252166,-0.044975133013656854,0.3172240385052419,0.682775961494758,19,False,True,EXACT,100.0
2017-09-12,PATTERN_B_PROGRESSED_PREVIOUS_ET_ONLY_CANDIDATE_V01_battle_a_all_universe_P1,2017-09-12,158395734.5252166,0.0,73609462.0,232005196.5252166,-0.044903765869459766,0.3172750572076061,0.6827249427923939,19,False,True,EXACT,100.0
2017-09-13,PATTERN_B_PROGRESSED_PREVIOUS_ET_ONLY_CANDIDATE_V01_battle_a_all_universe_P1,2017-09-13,158395734.5252166,0.0,73575947.0,231971681.5252166,-0.0450417371337517,0.31717641789824197,0.682823582101758,19,False,True,EXACT,100.0
2017-09-14,PATTERN_B_PROGRESSED_PREVIOUS_ET_ONLY_CANDIDATE_V01_battle_a_all_universe_P1,2017-09-14,158395734.5252166,0.0,73417724.0,231813458.5252166,-0.0456930940590109,0.31671036042117306,0.6832896395788269,19,False,True,EXACT,100.0
2017-09-15,PATTERN_B_PROGRESSED_PREVIOUS_ET_ONLY_CANDIDATE_V01_battle_a_all_universe_P1,2017-09-15,158395734.5252166,0.0,72851360.0,231247094.5252166,-0.048024645815819667,0.31503686629911726,0.6849631337008827,19,False,True,EXACT,100.0
2017-09-18,PATTERN_B_PROGRESSED_PREVIOUS_ET_ONLY_CANDIDATE_V01_battle_a_all_universe_P1,2017-09-18,158395734.5252166,0.0,72986986.0,231382720.5252166,-0.04746631400347112,0.3154383604546032,0.6845616395453967,19,False,True,EXACT,100.0
2017-09-19,PATTERN_B_PROGRESSED_PREVIOUS_ET_ONLY_CANDIDATE_V01_battle_a_all_universe_P1,2017-09-19,158395734.5252166,0.0,73905604.0,232301338.5252166,-0.04368463753438756,0.31814540746599035,0.6818545925340096,19,False,True,EXACT,100.0
2017-09-20,PATTERN_B_PROGRESSED_PREVIOUS_ET_ONLY_CANDIDATE_V01_battle_a_all_universe_P1,2017-09-20,158395734.5252166,0.0,72339416.0,230735150.5252166,-0.05013216665504605,0.31351710320397913,0.6864828967960208,19,False,True,EXACT,100.0
2017-09-21,PATTERN_B_PROGRESSED_PREVIOUS_ET_ONLY_CANDIDATE_V01_battle_a_all_universe_P1,2017-09-21,158395734.5252166,0.0,70629104.0,229024838.5252166,-0.05717301132082808,0.30839058529550467,0.6916094147044953,19,False,True,EXACT,100.0
2017-09-22,PATTERN_B_PROGRESSED_PREVIOUS_ET_ONLY_CANDIDATE_V01_battle_a_all_universe_P1,2017-09-22,158395734.5252166,0.0,69361276.0,227757010.5252166,-0.062392281261592686,0.30454068500482234,0.6954593149951777,19,False,True,EXACT,100.0
2017-09-25,PATTERN_B_PROGRESSED_PREVIOUS_ET_ONLY_CANDIDATE_V01_battle_a_all_universe_P1,2017-09-25,158395734.5252166,0.0,67224241.0,225619975.5252166,-0.07118981731369278,0.29795340968152273,0.7020465903184773,19,False,True,EXACT,100.0
2017-09-26,PATTERN_B_PROGRESSED_PREVIOUS_ET_ONLY_CANDIDATE_V01_battle_a_all_universe_P1,2017-09-26,158395734.5252166,0.0,67579417.0,225975151.5252166,-0.06972766359845617,0.29905685002918914,0.7009431499708109,19,False,True,EXACT,100.0
2017-09-27,PATTERN_B_PROGRESSED_PREVIOUS_ET_ONLY_CANDIDATE_V01_battle_a_all_universe_P1,2017-09-27,158395734.5252166,0.0,68178166.0,226573900.5252166,-0.06726279245050637,0.3009091772792784,0.6990908227207215,19,False,True,EXACT,100.0
2017-09-28,PATTERN_B_PROGRESSED_PREVIOUS_ET_ONLY_CANDIDATE_V01_battle_a_all_universe_P1,2017-09-28,158395734.5252166,0.0,68305548.0,226701282.5252166,-0.0667383987286494,0.30130199193911567,0.6986980080608843,19,False,True,EXACT,100.0
2017-09-29,PATTERN_B_PROGRESSED_PREVIOUS_ET_ONLY_CANDIDATE_V01_battle_a_all_universe_P1,2017-09-29,158395734.5252166,0.0,69240756.0,227636490.5252166,-0.06288842617498869,0.30417248060819935,0.6958275193918007,19,False,True,EXACT,100.0
2017-10-10,PATTERN_B_PROGRESSED_PREVIOUS_ET_ONLY_CANDIDATE_V01_battle_a_all_universe_P1,2017-10-10,158395734.5252166,0.0,68895727.0,227291461.5252166,-0.06430880771601166,0.3031162127150845,0.6968837872849155,19,False,True,EXACT,100.0
2017-10-11,PATTERN_B_PROGRESSED_PREVIOUS_ET_ONLY_CANDIDATE_V01_battle_a_all_universe_P1,2017-10-11,158395734.5252166,0.0,70494757.0,228890491.5252166,-0.05772607787144213,0.30798464597745717,0.6920153540225428,19,False,True,EXACT,100.0
2017-10-12,PATTERN_B_PROGRESSED_PREVIOUS_ET_ONLY_CANDIDATE_V01_battle_a_all_universe_P1,2017-10-12,158395734.5252166,0.0,70654620.0,229050354.5252166,-0.057067969555061326,0.30846762995174276,0.6915323700482573,19,False,True,EXACT,100.0
2017-10-13,PATTERN_B_PROGRESSED_PREVIOUS_ET_ONLY_CANDIDATE_V01_battle_a_all_universe_P1,2017-10-13,158395734.5252166,0.0,71266718.0,229662452.5252166,-0.05454814455340318,0.3103107069370646,0.6896892930629354,19,False,True,EXACT,100.0
2017-10-16,PATTERN_B_PROGRESSED_PREVIOUS_ET_ONLY_CANDIDATE_V01_battle_a_all_universe_P1,2017-10-16,158395734.5252166,0.0,70763092.0,229158826.5252166,-0.056621422666197296,0.3087949658016478,0.6912050341983522,19,False,True,EXACT,100.0
2017-10-17,PATTERN_B_PROGRESSED_PREVIOUS_ET_ONLY_CANDIDATE_V01_battle_a_all_universe_P1,2017-10-17,158395734.5252166,0.0,70609222.0,229004956.5252166,-0.057254859588071194,0.30833054040131636,0.6916694595986836,19,False,True,EXACT,100.0
2017-10-18,PATTERN_B_PROGRESSED_PREVIOUS_ET_ONLY_CANDIDATE_V01_battle_a_all_universe_P1,2017-10-18,158395734.5252166,0.0,70561712.0,228957446.5252166,-0.05745044409550093,0.30818701497104867,0.6918129850289514,19,False,True,EXACT,100.0
2017-10-19,PATTERN_B_PROGRESSED_PREVIOUS_ET_ONLY_CANDIDATE_V01_battle_a_all_universe_P1,2017-10-19,158395734.5252166,0.0,70154495.0,228550229.5252166,-0.05912683509449168,0.3069543843632835,0.6930456156367165,19,False,True,EXACT,100.0
2017-10-20,PATTERN_B_PROGRESSED_PREVIOUS_ET_ONLY_CANDIDATE_V01_battle_a_all_universe_P1,2017-10-20,158395734.5252166,0.0,70955592.0,229351326.5252166,-0.05582895754979578,0.3093751105564179,0.690624889443582,19,False,True,EXACT,100.0
2017-10-23,PATTERN_B_PROGRESSED_PREVIOUS_ET_ONLY_CANDIDATE_V01_battle_a_all_universe_P1,2017-10-23,158395734.5252166,0.0,71243067.0,229638801.5252166,-0.05464550867012019,0.310239674335597,0.689760325664403,19,False,True,EXACT,100.0
2017-10-24,PATTERN_B_PROGRESSED_PREVIOUS_ET_ONLY_CANDIDATE_V01_battle_a_all_universe_P1,2017-10-24,158395734.5252166,0.0,72009832.0,230405566.5252166,-0.051488965735171255,0.3125351226795075,0.6874648773204926,19,False,True,EXACT,100.0
2017-10-25,PATTERN_B_PROGRESSED_PREVIOUS_ET_ONLY_CANDIDATE_V01_battle_a_all_universe_P1,2017-10-25,158395734.5252166,0.0,72014425.0,230410159.5252166,-0.05147005772332902,0.3125488266159487,0.6874511733840514,19,False,True,EXACT,100.0
2017-10-26,PATTERN_B_PROGRESSED_PREVIOUS_ET_ONLY_CANDIDATE_V01_battle_a_all_universe_P1,2017-10-26,158395734.5252166,0.0,71162964.0,229558698.5252166,-0.054975268842687,0.3099989870006293,0.6900010129993707,19,False,True,EXACT,100.0
2017-10-27,PATTERN_B_PROGRESSED_PREVIOUS_ET_ONLY_CANDIDATE_V01_battle_a_all_universe_P1,2017-10-27,158395734.5252166,0.0,71746543.0,230142277.5252166,-0.05257284806261153,0.31174864423655824,0.6882513557634418,19,False,True,EXACT,100.0
2017-10-30,PATTERN_B_PROGRESSED_PREVIOUS_ET_ONLY_CANDIDATE_V01_battle_a_all_universe_P1,2017-10-30,158395734.5252166,0.0,72495335.0,230891069.5252166,-0.04949029461097221,0.3139806799330646,0.6860193200669354,19,False,True,EXACT,100.0
2017-10-31,PATTERN_B_PROGRESSED_PREVIOUS_ET_ONLY_CANDIDATE_V01_battle_a_all_universe_P1,2017-10-31,158395734.5252166,0.0,72627951.0,231023685.5252166,-0.04894435407135289,0.31437447997977047,0.6856255200202295,19,False,True,EXACT,100.0
2017-11-01,PATTERN_B_PROGRESSED_PREVIOUS_ET_ONLY_CANDIDATE_V01_battle_a_all_universe_P1,2017-11-01,158395734.5252166,12897982.1824245,60197993.0,231491709.70764112,-0.04701763802873582,0.260043839479289,0.739956160520711,17,False,True,EXACT,100.0
2017-11-02,PATTERN_B_PROGRESSED_PREVIOUS_ET_ONLY_CANDIDATE_V01_battle_a_all_universe_P1,2017-11-02,171293716.70764112,0.0,59980455.0,231274171.70764112,-0.04791317712739429,0.2593478318704029,0.7406521681295971,17,False,True,EXACT,100.0
2017-11-03,PATTERN_B_PROGRESSED_PREVIOUS_ET_ONLY_CANDIDATE_V01_battle_a_all_universe_P1,2017-11-03,171293716.70764112,0.0,60622193.0,231915909.70764112,-0.04527133308131992,0.2613973016185988,0.7386026983814011,17,False,True,EXACT,100.0
2017-11-06,PATTERN_B_PROGRESSED_PREVIOUS_ET_ONLY_CANDIDATE_V01_battle_a_all_universe_P1,2017-11-06,171293716.70764112,0.0,60498234.0,231791950.70764112,-0.04578163533256163,0.2610023075232079,0.738997692476792,17,False,True,EXACT,100.0
2017-11-07,PATTERN_B_PROGRESSED_PREVIOUS_ET_ONLY_CANDIDATE_V01_battle_a_all_universe_P1,2017-11-07,171293716.70764112,0.0,61161836.0,232455552.70764112,-0.0430497837160716,0.2631119596309369,0.7368880403690631,17,False,True,EXACT,100.0
2017-11-08,PATTERN_B_PROGRESSED_PREVIOUS_ET_ONLY_CANDIDATE_V01_battle_a_all_universe_P1,2017-11-08,171293716.70764112,0.0,60798730.0,232092446.70764112,-0.04454458287740204,0.2619591066510927,0.7380408933489073,17,False,True,EXACT,100.0
2017-11-09,PATTERN_B_PROGRESSED_PREVIOUS_ET_ONLY_CANDIDATE_V01_battle_a_all_universe_P1,2017-11-09,171293716.70764112,0.0,60657218.0,231950934.70764112,-0.045127145597153806,0.26150883192798696,0.7384911680720131,17,False,True,EXACT,100.0
2017-11-10,PATTERN_B_PROGRESSED_PREVIOUS_ET_ONLY_CANDIDATE_V01_battle_a_all_universe_P1,2017-11-10,171293716.70764112,0.0,60541589.0,231835305.70764112,-0.04560315572154039,0.2611405058224684,0.7388594941775316,17,False,True,EXACT,100.0
2017-11-13,PATTERN_B_PROGRESSED_PREVIOUS_ET_ONLY_CANDIDATE_V01_battle_a_all_universe_P1,2017-11-13,171293716.70764112,0.0,60752892.0,232046608.70764112,-0.044733284259249384,0.2618133156022265,0.7381866843977736,17,False,True,EXACT,100.0
2017-11-14,PATTERN_B_PROGRESSED_PREVIOUS_ET_ONLY_CANDIDATE_V01_battle_a_all_universe_P1,2017-11-14,171293716.70764112,0.0,60756159.0,232049875.70764112,-0.044719834994131014,0.26182370843648495,0.738176291563515,17,False,True,EXACT,100.0
2017-11-15,PATTERN_B_PROGRESSED_PREVIOUS_ET_ONLY_CANDIDATE_V01_battle_a_all_universe_P1,2017-11-15,171293716.70764112,0.0,59372401.0,230666117.70764112,-0.0504163541865551,0.25739541459336407,0.742604585406636,17,False,True,EXACT,100.0
2017-11-16,PATTERN_B_PROGRESSED_PREVIOUS_ET_ONLY_CANDIDATE_V01_battle_a_all_universe_P1,2017-11-16,171293716.70764112,0.0,59318647.0,230612363.70764112,-0.05063764338066967,0.25722231907392973,0.7427776809260702,17,False,True,EXACT,100.0
2017-11-17,PATTERN_B_PROGRESSED_PREVIOUS_ET_ONLY_CANDIDATE_V01_battle_a_all_universe_P1,2017-11-17,171293716.70764112,0.0,59623906.0,230917622.70764112,-0.04938098307434424,0.25820422582250596,0.741795774177494,17,False,True,EXACT,100.0
2017-11-20,PATTERN_B_PROGRESSED_PREVIOUS_ET_ONLY_CANDIDATE_V01_battle_a_all_universe_P1,2017-11-20,171293716.70764112,0.0,60260981.0,231554697.70764112,-0.04675833520924533,0.26024512392352744,0.7397548760764726,17,False,True,EXACT,100.0
2017-11-21,PATTERN_B_PROGRESSED_PREVIOUS_ET_ONLY_CANDIDATE_V01_battle_a_all_universe_P1,2017-11-21,171293716.70764112,0.0,59544101.0,230837817.70764112,-0.049709516469743864,0.25794777299191646,0.7420522270080836,17,False,True,EXACT,100.0
2017-11-22,PATTERN_B_PROGRESSED_PREVIOUS_ET_ONLY_CANDIDATE_V01_battle_a_all_universe_P1,2017-11-22,171293716.70764112,0.0,59155104.0,230448820.70764112,-0.05131090116005488,0.25669519079486686,0.7433048092051332,17,False,True,EXACT,100.0
2017-11-23,PATTERN_B_PROGRESSED_PREVIOUS_ET_ONLY_CANDIDATE_V01_battle_a_all_universe_P1,2017-11-23,171293716.70764112,0.0,59804023.0,231097739.70764112,-0.04863949507761234,0.2587823795925366,0.7412176204074634,17,False,True,EXACT,100.0
2017-11-24,PATTERN_B_PROGRESSED_PREVIOUS_ET_ONLY_CANDIDATE_V01_battle_a_all_universe_P1,2017-11-24,171293716.70764112,0.0,60338040.0,231631756.70764112,-0.04644110627727238,0.2604912247682727,0.7395087752317273,17,False,True,EXACT,100.0
2017-11-27,PATTERN_B_PROGRESSED_PREVIOUS_ET_ONLY_CANDIDATE_V01_battle_a_all_universe_P1,2017-11-27,171293716.70764112,0.0,60186331.0,231480047.70764112,-0.04706564700633309,0.2600065603754118,0.7399934396245882,17,False,True,EXACT,100.0
2017-11-28,PATTERN_B_PROGRESSED_PREVIOUS_ET_ONLY_CANDIDATE_V01_battle_a_all_universe_P1,2017-11-28,171293716.70764112,0.0,60429417.0,231723133.70764112,-0.046064934407446856,0.2607828404230118,0.7392171595769882,17,False,True,EXACT,100.0
2017-11-29,PATTERN_B_PROGRESSED_PREVIOUS_ET_ONLY_CANDIDATE_V01_battle_a_all_universe_P1,2017-11-29,171293716.70764112,0.0,60700462.0,231994178.70764112,-0.04494912294004383,0.26164648758921955,0.7383535124107805,17,False,True,EXACT,100.0
2017-11-30,PATTERN_B_PROGRESSED_PREVIOUS_ET_ONLY_CANDIDATE_V01_battle_a_all_universe_P1,2017-11-30,171293716.70764112,0.0,61238491.0,232532207.70764112,-0.04273421793166765,0.26335487717466705,0.7366451228253329,17,False,True,EXACT,100.0
2017-12-01,PATTERN_B_PROGRESSED_PREVIOUS_ET_ONLY_CANDIDATE_V01_battle_a_all_universe_P1,2017-12-01,171293716.70764112,0.0,62088213.0,233381929.70764112,-0.03923616575691957,0.266036933869637,0.733963066130363,17,False,True,EXACT,100.0
2017-12-04,PATTERN_B_PROGRESSED_PREVIOUS_ET_ONLY_CANDIDATE_V01_battle_a_all_universe_P1,2017-12-04,171293716.70764112,0.0,62395647.0,233689363.70764112,-0.03797055162395435,0.2670025114110908,0.7329974885889092,17,False,True,EXACT,100.0
2017-12-05,PATTERN_B_PROGRESSED_PREVIOUS_ET_ONLY_CANDIDATE_V01_battle_a_all_universe_P1,2017-12-05,171293716.70764112,0.0,65638923.0,236932639.70764112,-0.02461895114155188,0.2770362204253243,0.7229637795746757,17,False,True,EXACT,100.0
2017-12-06,PATTERN_B_PROGRESSED_PREVIOUS_ET_ONLY_CANDIDATE_V01_battle_a_all_universe_P1,2017-12-06,171293716.70764112,0.0,65260934.0,236554650.70764112,-0.026175019177310466,0.2758810017252895,0.7241189982747105,17,False,True,EXACT,100.0
2017-12-07,PATTERN_B_PROGRESSED_PREVIOUS_ET_ONLY_CANDIDATE_V01_battle_a_all_universe_P1,2017-12-07,171293716.70764112,0.0,63689197.0,234982913.70764112,-0.03264539187683091,0.2710375660727411,0.7289624339272589,17,False,True,EXACT,100.0
2017-12-08,PATTERN_B_PROGRESSED_PREVIOUS_ET_ONLY_CANDIDATE_V01_battle_a_all_universe_P1,2017-12-08,171293716.70764112,0.0,63166889.0,234460605.70764112,-0.03479557821458401,0.2694136561208303,0.7305863438791698,17,False,True,EXACT,100.0
2017-12-11,PATTERN_B_PROGRESSED_PREVIOUS_ET_ONLY_CANDIDATE_V01_battle_a_all_universe_P1,2017-12-11,171293716.70764112,0.0,63428069.0,234721785.70764112,-0.033720378011457997,0.2702265953233806,0.7297734046766194,17,False,True,EXACT,100.0
2017-12-12,PATTERN_B_PROGRESSED_PREVIOUS_ET_ONLY_CANDIDATE_V01_battle_a_all_universe_P1,2017-12-12,171293716.70764112,0.0,63928576.0,235222292.70764112,-0.031659939891900524,0.2717794102936371,0.7282205897063629,17,False,True,EXACT,100.0
2017-12-13,PATTERN_B_PROGRESSED_PREVIOUS_ET_ONLY_CANDIDATE_V01_battle_a_all_universe_P1,2017-12-13,171293716.70764112,0.0,64625236.0,235918952.70764112,-0.02879199834388846,0.27392981894119295,0.726070181058807,17,False,True,EXACT,100.0
2017-12-14,PATTERN_B_PROGRESSED_PREVIOUS_ET_ONLY_CANDIDATE_V01_battle_a_all_universe_P1,2017-12-14,171293716.70764112,0.0,66677746.0,237971462.70764112,-0.02034242652017193,0.2801921929686026,0.7198078070313974,17,False,True,EXACT,100.0
2017-12-15,PATTERN_B_PROGRESSED_PREVIOUS_ET_ONLY_CANDIDATE_V01_battle_a_all_universe_P1,2017-12-15,171293716.70764112,0.0,67654054.0,238947770.70764112,-0.01632325751828212,0.28313322949045844,0.7168667705095415,17,False,True,EXACT,100.0
2017-12-18,PATTERN_B_PROGRESSED_PREVIOUS_ET_ONLY_CANDIDATE_V01_battle_a_all_universe_P1,2017-12-18,171293716.70764112,0.0,68108802.0,239402518.70764112,-0.014451195561121621,0.2844949266518562,0.7155050733481437,17,False,True,EXACT,100.0
2017-12-19,PATTERN_B_PROGRESSED_PREVIOUS_ET_ONLY_CANDIDATE_V01_battle_a_all_universe_P1,2017-12-19,171293716.70764112,0.0,66578415.0,237872131.70764112,-0.02075134263693712,0.2798916145495715,0.7201083854504284,17,False,True,EXACT,100.0
2017-12-20,PATTERN_B_PROGRESSED_PREVIOUS_ET_ONLY_CANDIDATE_V01_battle_a_all_universe_P1,2017-12-20,171293716.70764112,0.0,64446284.0,235740000.70764112,-0.029528690382902956,0.2733786536291933,0.7266213463708068,17,False,True,EXACT,100.0
2017-12-21,PATTERN_B_PROGRESSED_PREVIOUS_ET_ONLY_CANDIDATE_V01_battle_a_all_universe_P1,2017-12-21,171293716.70764112,0.0,62609854.0,233903570.70764112,-0.03708872525933604,0.26767378458816604,0.732326215411834,17,False,True,EXACT,100.0
2017-12-22,PATTERN_B_PROGRESSED_PREVIOUS_ET_ONLY_CANDIDATE_V01_battle_a_all_universe_P1,2017-12-22,171293716.70764112,0.0,63141187.0,234434903.70764112,-0.03490138568690482,0.2693335591305212,0.7306664408694789,17,False,True,EXACT,100.0
2017-12-26,PATTERN_B_PROGRESSED_PREVIOUS_ET_ONLY_CANDIDATE_V01_battle_a_all_universe_P1,2017-12-26,171293716.70764112,0.0,62666049.0,233959765.70764112,-0.03685738719587528,0.2678496826600016,0.7321503173399984,17,False,True,EXACT,100.0
2017-12-27,PATTERN_B_PROGRESSED_PREVIOUS_ET_ONLY_CANDIDATE_V01_battle_a_all_universe_P1,2017-12-27,171293716.70764112,0.0,63072000.0,234365716.70764112,-0.035186207941494296,0.2691178594123431,0.7308821405876569,17,False,True,EXACT,100.0
2017-12-28,PATTERN_B_PROGRESSED_PREVIOUS_ET_ONLY_CANDIDATE_V01_battle_a_all_universe_P1,2017-12-28,171293716.70764112,0.0,62767986.0,234061702.70764112,-0.03643774295394997,0.2681685439091309,0.7318314560908691,17,False,True,EXACT,100.0
2018-01-02,PATTERN_B_PROGRESSED_PREVIOUS_ET_ONLY_CANDIDATE_V01_battle_a_all_universe_P1,2018-01-02,171293716.70764112,0.0,65195436.0,236489152.70764112,-0.026444654918578392,0.27568044983694295,0.724319550163057,17,False,True,EXACT,100.0
2018-01-03,PATTERN_B_PROGRESSED_PREVIOUS_ET_ONLY_CANDIDATE_V01_battle_a_all_universe_P1,2018-01-03,171293716.70764112,0.0,66895664.0,238189380.70764112,-0.019445323074790077,0.28085074070581345,0.7191492592941866,17,False,True,EXACT,100.0
2018-01-04,PATTERN_B_PROGRESSED_PREVIOUS_ET_ONLY_CANDIDATE_V01_battle_a_all_universe_P1,2018-01-04,171293716.70764112,0.0,66052554.0,237346270.70764112,-0.022916155616552913,0.2782961527184152,0.7217038472815849,17,False,True,EXACT,100.0
2018-01-05,PATTERN_B_PROGRESSED_PREVIOUS_ET_ONLY_CANDIDATE_V01_battle_a_all_universe_P1,2018-01-05,171293716.70764112,0.0,66425323.0,237719039.70764112,-0.02138157676473007,0.27942786190661556,0.7205721380933845,17,False,True,EXACT,100.0
2018-01-08,PATTERN_B_PROGRESSED_PREVIOUS_ET_ONLY_CANDIDATE_V01_battle_a_all_universe_P1,2018-01-08,171293716.70764112,0.0,67656016.0,238949732.70764112,-0.0163151805491476,0.28313911563474414,0.7168608843652559,17,False,True,EXACT,100.0
2018-01-09,PATTERN_B_PROGRESSED_PREVIOUS_ET_ONLY_CANDIDATE_V01_battle_a_all_universe_P1,2018-01-09,171293716.70764112,0.0,67770190.0,239063906.70764112,-0.015845160226030552,0.28348147963162973,0.7165185203683703,17,False,True,EXACT,100.0
2018-01-10,PATTERN_B_PROGRESSED_PREVIOUS_ET_ONLY_CANDIDATE_V01_battle_a_all_universe_P1,2018-01-10,171293716.70764112,0.0,68012928.0,239306644.70764112,-0.014845880239406695,0.28420827212337046,0.7157917278766296,17,False,True,EXACT,100.0
2018-01-11,PATTERN_B_PROGRESSED_PREVIOUS_ET_ONLY_CANDIDATE_V01_battle_a_all_universe_P1,2018-01-11,171293716.70764112,0.0,66818369.0,238112085.70764112,-0.019763523548412265,0.2806172933281554,0.7193827066718447,17,False,True,EXACT,100.0
2018-01-12,PATTERN_B_PROGRESSED_PREVIOUS_ET_ONLY_CANDIDATE_V01_battle_a_all_universe_P1,2018-01-12,171293716.70764112,0.0,65814655.0,237108371.70764112,-0.02389551488266628,0.2775720423787931,0.7224279576212068,17,False,True,EXACT,100.0
2018-01-15,PATTERN_B_PROGRESSED_PREVIOUS_ET_ONLY_CANDIDATE_V01_battle_a_all_universe_P1,2018-01-15,171293716.70764112,0.0,66674414.0,237968130.70764112,-0.02035614337091407,0.2801821143097255,0.7198178856902745,17,False,True,EXACT,100.0
2018-01-16,PATTERN_B_PROGRESSED_PREVIOUS_ET_ONLY_CANDIDATE_V01_battle_a_all_universe_P1,2018-01-16,171293716.70764112,0.0,66344081.0,237637797.70764112,-0.02171602586076482,0.27918151758678217,0.7208184824132178,17,False,True,EXACT,100.0
2018-01-17,PATTERN_B_PROGRESSED_PREVIOUS_ET_ONLY_CANDIDATE_V01_battle_a_all_universe_P1,2018-01-17,171293716.70764112,0.0,66179237.0,237472953.70764112,-0.022394639469326405,0.2786811549136451,0.7213188450863549,17,False,True,EXACT,100.0
2018-01-18,PATTERN_B_PROGRESSED_PREVIOUS_ET_ONLY_CANDIDATE_V01_battle_a_all_universe_P1,2018-01-18,171293716.70764112,0.0,67547554.0,238841270.70764112,-0.016761686270992615,0.2828135765643412,0.7171864234356589,17,False,True,EXACT,100.0
2018-01-19,PATTERN_B_PROGRESSED_PREVIOUS_ET_ONLY_CANDIDATE_V01_battle_a_all_universe_P1,2018-01-19,171293716.70764112,0.0,68182717.0,239476433.70764112,-0.014146909539932917,0.2847157690816424,0.7152842309183576,17,False,True,EXACT,100.0
2018-01-22,PATTERN_B_PROGRESSED_PREVIOUS_ET_ONLY_CANDIDATE_V01_battle_a_all_universe_P1,2018-01-22,171293716.70764112,0.0,68754219.0,240047935.70764112,-0.011794206168744603,0.28641870548612863,0.7135812945138714,17,False,True,EXACT,100.0
2018-01-23,PATTERN_B_PROGRESSED_PREVIOUS_ET_ONLY_CANDIDATE_V01_battle_a_all_universe_P1,2018-01-23,171293716.70764112,0.0,68863005.0,240156721.70764112,-0.011346366635483052,0.28674194297102185,0.7132580570289782,17,False,True,EXACT,100.0
2018-01-24,PATTERN_B_PROGRESSED_PREVIOUS_ET_ONLY_CANDIDATE_V01_battle_a_all_universe_P1,2018-01-24,171293716.70764112,0.0,68722311.0,240016027.70764112,-0.011925561893077807,0.2863238411882615,0.7136761588117385,17,False,True,EXACT,100.0
2018-01-25,PATTERN_B_PROGRESSED_PREVIOUS_ET_ONLY_CANDIDATE_V01_battle_a_all_universe_P1,2018-01-25,171293716.70764112,0.0,69949443.0,241243159.70764112,-0.00687382525297342,0.2899540989463521,0.7100459010536478,17,False,True,EXACT,100.0
2018-01-26,PATTERN_B_PROGRESSED_PREVIOUS_ET_ONLY_CANDIDATE_V01_battle_a_all_universe_P1,2018-01-26,171293716.70764112,0.0,71298819.0,242592535.70764112,-0.001318846505391491,0.2939035976190353,0.7060964023809647,17,False,True,EXACT,100.0
2018-01-29,PATTERN_B_PROGRESSED_PREVIOUS_ET_ONLY_CANDIDATE_V01_battle_a_all_universe_P1,2018-01-29,171293716.70764112,0.0,71302027.0,242595743.70764112,-0.0013056401256854588,0.29391293478721564,0.7060870652127844,17,False,True,EXACT,100.0
2018-01-30,PATTERN_B_PROGRESSED_PREVIOUS_ET_ONLY_CANDIDATE_V01_battle_a_all_universe_P1,2018-01-30,171293716.70764112,0.0,70921908.0,242215624.70764112,-0.0028704767364982064,0.2928048431458709,0.707195156854129,17,False,True,EXACT,100.0
2018-01-31,PATTERN_B_PROGRESSED_PREVIOUS_ET_ONLY_CANDIDATE_V01_battle_a_all_universe_P1,2018-01-31,171293716.70764112,0.0,69914904.0,241208620.70764112,-0.0070160120200143394,0.28985242647998444,0.7101475735200156,17,False,True,EXACT,100.0
2018-02-01,PATTERN_B_PROGRESSED_PREVIOUS_ET_ONLY_CANDIDATE_V01_battle_a_all_universe_P1,2018-02-01,171293716.70764112,16005325.091062501,54638312.0,241937353.7987036,-0.004016035116977901,0.2258366107676787,0.7741633892323213,13,False,True,EXACT,100.0
2018-02-02,PATTERN_B_PROGRESSED_PREVIOUS_ET_ONLY_CANDIDATE_V01_battle_a_all_universe_P1,2018-02-02,187299041.7987036,0.0,54101736.0,241400777.7987036,-0.0062249585574885025,0.22411583132973045,0.7758841686702695,13,False,True,EXACT,100.0
2018-02-05,PATTERN_B_PROGRESSED_PREVIOUS_ET_ONLY_CANDIDATE_V01_battle_a_all_universe_P1,2018-02-05,187299041.7987036,0.0,52694157.0,239993198.7987036,-0.012019541705953096,0.21956520961328443,0.7804347903867156,13,False,True,EXACT,100.0
2018-02-06,PATTERN_B_PROGRESSED_PREVIOUS_ET_ONLY_CANDIDATE_V01_battle_a_all_universe_P1,2018-02-06,187299041.7987036,0.0,52072463.0,239371504.7987036,-0.014578870579076031,0.21753826982785468,0.7824617301721453,13,False,True,EXACT,100.0
2018-02-07,PATTERN_B_PROGRESSED_PREVIOUS_ET_ONLY_CANDIDATE_V01_battle_a_all_universe_P1,2018-02-07,187299041.7987036,0.0,51152125.0,238451166.7987036,-0.018367627775433548,0.21451824156172716,0.7854817584382728,13,False,True,EXACT,100.0
2018-02-08,PATTERN_B_PROGRESSED_PREVIOUS_ET_ONLY_CANDIDATE_V01_battle_a_all_universe_P1,2018-02-08,187299041.7987036,0.0,52275840.0,239574881.7987036,-0.013741628096071379,0.2182025077400367,0.7817974922599633,13,False,True,EXACT,100.0
2018-02-09,PATTERN_B_PROGRESSED_PREVIOUS_ET_ONLY_CANDIDATE_V01_battle_a_all_universe_P1,2018-02-09,187299041.7987036,0.0,51256756.0,238555797.7987036,-0.01793689313858049,0.21486275526722304,0.7851372447327769,13,False,True,EXACT,100.0
2018-02-12,PATTERN_B_PROGRESSED_PREVIOUS_ET_ONLY_CANDIDATE_V01_battle_a_all_universe_P1,2018-02-12,187299041.7987036,0.0,50861546.0,238160587.7987036,-0.0195638548978172,0.2135598776863485,0.7864401223136516,13,False,True,EXACT,100.0
2018-02-13,PATTERN_B_PROGRESSED_PREVIOUS_ET_ONLY_CANDIDATE_V01_battle_a_all_universe_P1,2018-02-13,187299041.7987036,0.0,50579481.0,237878522.7987036,-0.02072503242019541,0.21262735452078252,0.7873726454792175,13,False,True,EXACT,100.0
2018-02-14,PATTERN_B_PROGRESSED_PREVIOUS_ET_ONLY_CANDIDATE_V01_battle_a_all_universe_P1,2018-02-14,187299041.7987036,0.0,51154884.0,238453925.7987036,-0.01835626979488203,0.21452732987580828,0.7854726701241918,13,False,True,EXACT,100.0
2018-02-19,PATTERN_B_PROGRESSED_PREVIOUS_ET_ONLY_CANDIDATE_V01_battle_a_all_universe_P1,2018-02-19,187299041.7987036,0.0,53050770.0,240349811.7987036,-0.010551472290081354,0.2207231601430617,0.7792768398569383,13,False,True,EXACT,100.0
2018-02-20,PATTERN_B_PROGRESSED_PREVIOUS_ET_ONLY_CANDIDATE_V01_battle_a_all_universe_P1,2018-02-20,187299041.7987036,0.0,55663186.0,242962227.7987036,0.0,0.22910222096793353,0.7708977790320665,13,False,True,EXACT,100.0
2018-02-21,PATTERN_B_PROGRESSED_PREVIOUS_ET_ONLY_CANDIDATE_V01_battle_a_all_universe_P1,2018-02-21,187299041.7987036,0.0,56464099.0,243763140.7987036,0.0,0.23163509796843038,0.7683649020315696,13,False,True,EXACT,100.0
2018-02-22,PATTERN_B_PROGRESSED_PREVIOUS_ET_ONLY_CANDIDATE_V01_battle_a_all_universe_P1,2018-02-22,187299041.7987036,0.0,56448364.0,243747405.7987036,-6.45503661810265e-05,0.2315854965308526,0.7684145034691474,13,False,True,EXACT,100.0
2018-02-23,PATTERN_B_PROGRESSED_PREVIOUS_ET_ONLY_CANDIDATE_V01_battle_a_all_universe_P1,2018-02-23,187299041.7987036,0.0,56306877.0,243605918.7987036,-0.0006449785619140336,0.23113919923484078,0.7688608007651592,13,False,True,EXACT,100.0
2018-02-26,PATTERN_B_PROGRESSED_PREVIOUS_ET_ONLY_CANDIDATE_V01_battle_a_all_universe_P1,2018-02-26,187299041.7987036,0.0,55837350.0,243136391.7987036,-0.002571139336104755,0.22965443217660567,0.7703455678233944,13,False,True,EXACT,100.0
2018-02-27,PATTERN_B_PROGRESSED_PREVIOUS_ET_ONLY_CANDIDATE_V01_battle_a_all_universe_P1,2018-02-27,187299041.7987036,0.0,55489234.0,242788275.7987036,-0.003999230551451682,0.2285498911240931,0.7714501088759069,13,False,True,EXACT,100.0
2018-02-28,PATTERN_B_PROGRESSED_PREVIOUS_ET_ONLY_CANDIDATE_V01_battle_a_all_universe_P1,2018-02-28,187299041.7987036,0.0,55119230.0,242418271.7987036,-0.005517113849097366,0.2273724236668482,0.7726275763331518,13,False,True,EXACT,100.0
2018-03-02,PATTERN_B_PROGRESSED_PREVIOUS_ET_ONLY_CANDIDATE_V01_battle_a_all_universe_P1,2018-03-02,182303172.40068412,17943329.11184775,42148529.0,242395030.51253188,-0.005612457575370322,0.17388363495274262,0.8261163650472574,11,False,True,EXACT,100.0
2018-03-05,PATTERN_B_PROGRESSED_PREVIOUS_ET_ONLY_CANDIDATE_V01_battle_a_all_universe_P1,2018-03-05,200246501.51253188,0.0,41205835.0,241452336.51253188,-0.009479711652058076,0.17065825742324647,0.8293417425767535,11,False,True,EXACT,100.0
2018-03-06,PATTERN_B_PROGRESSED_PREVIOUS_ET_ONLY_CANDIDATE_V01_battle_a_all_universe_P1,2018-03-06,200246501.51253188,0.0,41698309.0,241944810.51253188,-0.007459414414393684,0.1723463665604854,0.8276536334395146,11,False,True,EXACT,100.0
2018-03-07,PATTERN_B_PROGRESSED_PREVIOUS_ET_ONLY_CANDIDATE_V01_battle_a_all_universe_P1,2018-03-07,200246501.51253188,0.0,41402164.0,241648665.51253188,-0.00867430276473935,0.17133206141315474,0.8286679385868453,11,False,True,EXACT,100.0
2018-03-08,PATTERN_B_PROGRESSED_PREVIOUS_ET_ONLY_CANDIDATE_V01_battle_a_all_universe_P1,2018-03-08,200246501.51253188,0.0,41713379.0,241959880.51253188,-0.007397592106268558,0.17239791535539103,0.8276020846446089,11,False,True,EXACT,100.0
2018-03-09,PATTERN_B_PROGRESSED_PREVIOUS_ET_ONLY_CANDIDATE_V01_battle_a_all_universe_P1,2018-03-09,200246501.51253188,0.0,42529841.0,242776342.51253188,-0.004048184983744596,0.1751811587564577,0.8248188412435423,11,False,True,EXACT,100.0
2018-03-12,PATTERN_B_PROGRESSED_PREVIOUS_ET_ONLY_CANDIDATE_V01_battle_a_all_universe_P1,2018-03-12,200246501.51253188,0.0,42760814.0,243007315.51253188,-0.0031006545275681363,0.175965130555071,0.824034869444929,11,False,True,EXACT,100.0
2018-03-13,PATTERN_B_PROGRESSED_PREVIOUS_ET_ONLY_CANDIDATE_V01_battle_a_all_universe_P1,2018-03-13,200246501.51253188,0.0,42992415.0,243238916.51253188,-0.0021505478000245493,0.17674973896615345,0.8232502610338466,11,False,True,EXACT,100.0
2018-03-14,PATTERN_B_PROGRESSED_PREVIOUS_ET_ONLY_CANDIDATE_V01_battle_a_all_universe_P1,2018-03-14,200246501.51253188,0.0,42599739.0,242846240.51253188,-0.003761439416834933,0.17541856489148192,0.8245814351085181,11,False,True,EXACT,100.0
2018-03-15,PATTERN_B_PROGRESSED_PREVIOUS_ET_ONLY_CANDIDATE_V01_battle_a_all_universe_P1,2018-03-15,200246501.51253188,0.0,42872296.0,243118797.51253188,-0.0026433171317883364,0.17634299132213374,0.8236570086778663,11,False,True,EXACT,100.0
2018-03-16,PATTERN_B_PROGRESSED_PREVIOUS_ET_ONLY_CANDIDATE_V01_battle_a_all_universe_P1,2018-03-16,200246501.51253188,0.0,42786853.0,243033354.51253188,-0.0029938336197201654,0.17605341902892477,0.8239465809710752,11,False,True,EXACT,100.0
2018-03-19,PATTERN_B_PROGRESSED_PREVIOUS_ET_ONLY_CANDIDATE_V01_battle_a_all_universe_P1,2018-03-19,200246501.51253188,0.0,42942395.0,243188896.51253188,-0.0023557469939474718,0.17658040977946998,0.82341959022053,11,False,True,EXACT,100.0
2018-03-20,PATTERN_B_PROGRESSED_PREVIOUS_ET_ONLY_CANDIDATE_V01_battle_a_all_universe_P1,2018-03-20,200246501.51253188,0.0,43165322.0,243411823.51253188,-0.0014412239890765344,0.17733453279757244,0.8226654672024275,11,False,True,EXACT,100.0
2018-03-21,PATTERN_B_PROGRESSED_PREVIOUS_ET_ONLY_CANDIDATE_V01_battle_a_all_universe_P1,2018-03-21,200246501.51253188,0.0,42569456.0,242815957.51253188,-0.003885670668125729,0.17531572651193225,0.8246842734880677,11,False,True,EXACT,100.0
2018-03-22,PATTERN_B_PROGRESSED_PREVIOUS_ET_ONLY_CANDIDATE_V01_battle_a_all_universe_P1,2018-03-22,200246501.51253188,0.0,41521700.0,241768201.51253188,-0.008183925098910416,0.17174177472568805,0.8282582252743119,11,False,True,EXACT,100.0
2018-03-23,PATTERN_B_PROGRESSED_PREVIOUS_ET_ONLY_CANDIDATE_V01_battle_a_all_universe_P1,2018-03-23,200246501.51253188,0.0,39626556.0,239873057.51253188,-0.01595845571002108,0.16519802770233902,0.834801972297661,11,False,True,EXACT,100.0
2018-03-26,PATTERN_B_PROGRESSED_PREVIOUS_ET_ONLY_CANDIDATE_V01_battle_a_all_universe_P1,2018-03-26,200246501.51253188,0.0,39928561.0,240175062.51253188,-0.014719527630039586,0.16624773855494096,0.8337522614450591,11,False,True,EXACT,100.0
2018-03-27,PATTERN_B_PROGRESSED_PREVIOUS_ET_ONLY_CANDIDATE_V01_battle_a_all_universe_P1,2018-03-27,200246501.51253188,0.0,40771785.0,241018286.51253188,-0.011260333605720985,0.16916469530157435,0.8308353046984257,11,False,True,EXACT,100.0
2018-03-28,PATTERN_B_PROGRESSED_PREVIOUS_ET_ONLY_CANDIDATE_V01_battle_a_all_universe_P1,2018-03-28,200246501.51253188,0.0,39882090.0,240128591.51253188,-0.014910167608863767,0.1660863862515873,0.8339136137484127,11,False,True,EXACT,100.0
2018-03-29,PATTERN_B_PROGRESSED_PREVIOUS_ET_ONLY_CANDIDATE_V01_battle_a_all_universe_P1,2018-03-29,200246501.51253188,0.0,40109667.0,240356168.51253188,-0.013976568709315962,0.1668759626525197,0.8331240373474803,11,False,True,EXACT,100.0
2018-03-30,PATTERN_B_PROGRESSED_PREVIOUS_ET_ONLY_CANDIDATE_V01_battle_a_all_universe_P1,2018-03-30,200246501.51253188,0.0,41000560.0,241247061.51253188,-0.01032182009932947,0.16995257783842552,0.8300474221615745,11,False,True,EXACT,100.0
2018-04-02,PATTERN_B_PROGRESSED_PREVIOUS_ET_ONLY_CANDIDATE_V01_battle_a_all_universe_P1,2018-04-02,200246501.51253188,0.0,40628888.0,240875389.51253188,-0.011846546105001132,0.16867181027593617,0.8313281897240639,11,False,True,EXACT,100.0
2018-04-03,PATTERN_B_PROGRESSED_PREVIOUS_ET_ONLY_CANDIDATE_V01_battle_a_all_universe_P1,2018-04-03,200246501.51253188,0.0,41141905.0,241388406.51253188,-0.009741974436294099,0.170438612170316,0.829561387829684,11,False,True,EXACT,100.0
2018-04-04,PATTERN_B_PROGRESSED_PREVIOUS_ET_ONLY_CANDIDATE_V01_battle_a_all_universe_P1,2018-04-04,200246501.51253188,0.0,40638814.0,240885315.51253188,-0.011805826248965978,0.16870606626033954,0.8312939337396604,11,False,True,EXACT,100.0
2018-04-05,PATTERN_B_PROGRESSED_PREVIOUS_ET_ONLY_CANDIDATE_V01_battle_a_all_universe_P1,2018-04-05,200246501.51253188,0.0,40693911.0,240940412.51253188,-0.011579799459930262,0.16889616223215942,0.8311038377678406,11,False,True,EXACT,100.0
2018-04-06,PATTERN_B_PROGRESSED_PREVIOUS_ET_ONLY_CANDIDATE_V01_battle_a_all_universe_P1,2018-04-06,200246501.51253188,0.0,40357682.0,240604183.51253188,-0.012959126124734155,0.1677347476291823,0.8322652523708177,11,False,True,EXACT,100.0
2018-04-09,PATTERN_B_PROGRESSED_PREVIOUS_ET_ONLY_CANDIDATE_V01_battle_a_all_universe_P1,2018-04-09,200246501.51253188,0.0,40081293.0,240327794.51253188,-0.014092968587931853,0.16677760090670646,0.8332223990932935,11,False,True,EXACT,100.0
2018-04-10,PATTERN_B_PROGRESSED_PREVIOUS_ET_ONLY_CANDIDATE_V01_battle_a_all_universe_P1,2018-04-10,200246501.51253188,0.0,39899344.0,240145845.51253188,-0.014839385783754877,0.16614630128139307,0.8338536987186069,11,False,True,EXACT,100.0
2018-04-11,PATTERN_B_PROGRESSED_PREVIOUS_ET_ONLY_CANDIDATE_V01_battle_a_all_universe_P1,2018-04-11,200246501.51253188,0.0,39956608.0,240203109.51253188,-0.014604469217565419,0.1663450905406176,0.8336549094593824,11,False,True,EXACT,100.0
2018-04-12,PATTERN_B_PROGRESSED_PREVIOUS_ET_ONLY_CANDIDATE_V01_battle_a_all_universe_P1,2018-04-12,200246501.51253188,0.0,40293266.0,240539767.51253188,-0.01322338264763967,0.16751186889669195,0.8324881311033081,11,False,True,EXACT,100.0
2018-04-13,PATTERN_B_PROGRESSED_PREVIOUS_ET_ONLY_CANDIDATE_V01_battle_a_all_universe_P1,2018-04-13,200246501.51253188,0.0,40864841.0,241111342.51253188,-0.010878585980977129,0.16948535300812748,0.8305146469918725,11,False,True,EXACT,100.0
2018-04-16,PATTERN_B_PROGRESSED_PREVIOUS_ET_ONLY_CANDIDATE_V01_battle_a_all_universe_P1,2018-04-16,200246501.51253188,0.0,41487411.0,241733912.51253188,-0.008324590336023951,0.17162428957024897,0.828375710429751,11,False,True,EXACT,100.0
2018-04-17,PATTERN_B_PROGRESSED_PREVIOUS_ET_ONLY_CANDIDATE_V01_battle_a_all_universe_P1,2018-04-17,200246501.51253188,0.0,41801845.0,242048346.51253188,-0.007034674235625316,0.1727003947859472,0.8272996052140528,11,False,True,EXACT,100.0
2018-04-18,PATTERN_B_PROGRESSED_PREVIOUS_ET_ONLY_CANDIDATE_V01_battle_a_all_universe_P1,2018-04-18,200246501.51253188,0.0,41908782.0,242155283.51253188,-0.006595981988513522,0.1730657344828537,0.8269342655171463,11,False,True,EXACT,100.0
2018-04-19,PATTERN_B_PROGRESSED_PREVIOUS_ET_ONLY_CANDIDATE_V01_battle_a_all_universe_P1,2018-04-19,200246501.51253188,0.0,43099323.0,243345824.51253188,-0.0017119745208581394,0.1771114137106571,0.8228885862893429,11,False,True,EXACT,100.0
2018-04-20,PATTERN_B_PROGRESSED_PREVIOUS_ET_ONLY_CANDIDATE_V01_battle_a_all_universe_P1,2018-04-20,200246501.51253188,0.0,43985917.0,244232418.51253188,0.0,0.1800986014382977,0.8199013985617023,11,False,True,EXACT,100.0
2018-04-23,PATTERN_B_PROGRESSED_PREVIOUS_ET_ONLY_CANDIDATE_V01_battle_a_all_universe_P1,2018-04-23,200246501.51253188,0.0,45822691.0,246069192.51253188,0.0,0.18621872381552326,0.8137812761844767,11,False,True,EXACT,100.0
2018-04-24,PATTERN_B_PROGRESSED_PREVIOUS_ET_ONLY_CANDIDATE_V01_battle_a_all_universe_P1,2018-04-24,200246501.51253188,0.0,46421395.0,246667896.51253188,0.0,0.18819390628582094,0.8118060937141791,11,False,True,EXACT,100.0
2018-04-25,PATTERN_B_PROGRESSED_PREVIOUS_ET_ONLY_CANDIDATE_V01_battle_a_all_universe_P1,2018-04-25,200246501.51253188,0.0,45566897.0,245813398.51253188,-0.003464163809239751,0.18537190110764828,0.8146280988923517,11,False,True,EXACT,100.0
2018-04-26,PATTERN_B_PROGRESSED_PREVIOUS_ET_ONLY_CANDIDATE_V01_battle_a_all_universe_P1,2018-04-26,200246501.51253188,0.0,45504658.0,245751159.51253188,-0.003716482821482292,0.1851655881919838,0.8148344118080162,11,False,True,EXACT,100.0
2018-04-27,PATTERN_B_PROGRESSED_PREVIOUS_ET_ONLY_CANDIDATE_V01_battle_a_all_universe_P1,2018-04-27,200246501.51253188,0.0,45473007.0,245719508.51253188,-0.0038447970465902426,0.18506062980213409,0.8149393701978659,11,False,True,EXACT,100.0
2018-04-30,PATTERN_B_PROGRESSED_PREVIOUS_ET_ONLY_CANDIDATE_V01_battle_a_all_universe_P1,2018-04-30,200246501.51253188,0.0,46525434.0,246771935.51253188,0.0,0.18853616357698538,0.8114638364230146,11,False,True,EXACT,100.0
2018-05-02,PATTERN_B_PROGRESSED_PREVIOUS_ET_ONLY_CANDIDATE_V01_battle_a_all_universe_P1,2018-05-02,200246501.51253188,14578397.732276998,34431464.0,249256363.24480888,0.0,0.13813675025894082,0.8618632497410592,9,False,True,EXACT,100.0
2018-05-03,PATTERN_B_PROGRESSED_PREVIOUS_ET_ONLY_CANDIDATE_V01_battle_a_all_universe_P1,2018-05-03,214824899.24480888,0.0,34078438.0,248903337.24480888,-0.0014163169012190169,0.13691434746205172,0.8630856525379483,9,False,True,EXACT,100.0
2018-05-04,PATTERN_B_PROGRESSED_PREVIOUS_ET_ONLY_CANDIDATE_V01_battle_a_all_universe_P1,2018-05-04,214824899.24480888,0.0,34115197.0,248940096.24480888,-0.0012688422308776426,0.13704179244170836,0.8629582075582917,9,False,True,EXACT,100.0
2018-05-08,PATTERN_B_PROGRESSED_PREVIOUS_ET_ONLY_CANDIDATE_V01_battle_a_all_universe_P1,2018-05-08,214824899.24480888,0.0,33538351.0,248363250.24480888,-0.003583110129560918,0.13503749434323162,0.8649625056567684,9,False,True,EXACT,100.0
2018-05-09,PATTERN_B_PROGRESSED_PREVIOUS_ET_ONLY_CANDIDATE_V01_battle_a_all_universe_P1,2018-05-09,214824899.24480888,0.0,32985466.0,247810365.24480888,-0.0058012480852085435,0.133107692922425,0.866892307077575,9,False,True,EXACT,100.0
2018-05-10,PATTERN_B_PROGRESSED_PREVIOUS_ET_ONLY_CANDIDATE_V01_battle_a_all_universe_P1,2018-05-10,214824899.24480888,0.0,33471540.0,248296439.24480888,-0.0038511514310156647,0.13480475234281794,0.865195247657182,9,False,True,EXACT,100.0
2018-05-11,PATTERN_B_PROGRESSED_PREVIOUS_ET_ONLY_CANDIDATE_V01_battle_a_all_universe_P1,2018-05-11,214824899.24480888,0.0,33967031.0,248791930.24480888,-0.0018632743973073795,0.13652786473651604,0.863472135263484,9,False,True,EXACT,100.0
2018-05-14,PATTERN_B_PROGRESSED_PREVIOUS_ET_ONLY_CANDIDATE_V01_battle_a_all_universe_P1,2018-05-14,214824899.24480888,0.0,34170604.0,248995503.24480888,-0.0010465530211711815,0.1372338197063902,0.8627661802936097,9,False,True,EXACT,100.0
2018-05-15,PATTERN_B_PROGRESSED_PREVIOUS_ET_ONLY_CANDIDATE_V01_battle_a_all_universe_P1,2018-05-15,214824899.24480888,0.0,34471657.0,249296556.24480888,0.0,0.1382757047239308,0.8617242952760692,9,False,True,EXACT,100.0
2018-05-16,PATTERN_B_PROGRESSED_PREVIOUS_ET_ONLY_CANDIDATE_V01_battle_a_all_universe_P1,2018-05-16,214824899.24480888,0.0,33277722.0,248102621.24480888,-0.00478921577571878,0.1341288610053179,0.8658711389946822,9,False,True,EXACT,100.0
2018-05-17,PATTERN_B_PROGRESSED_PREVIOUS_ET_ONLY_CANDIDATE_V01_battle_a_all_universe_P1,2018-05-17,214824899.24480888,0.0,34147766.0,248972665.24480888,-0.0012992197119719995,0.1371546790746017,0.8628453209253983,9,False,True,EXACT,100.0
2018-05-18,PATTERN_B_PROGRESSED_PREVIOUS_ET_ONLY_CANDIDATE_V01_battle_a_all_universe_P1,2018-05-18,214824899.24480888,0.0,34353629.0,249178528.24480888,-0.00047344416536621026,0.13786753313772204,0.862132466862278,9,False,True,EXACT,100.0
2018-05-21,PATTERN_B_PROGRESSED_PREVIOUS_ET_ONLY_CANDIDATE_V01_battle_a_all_universe_P1,2018-05-21,214824899.24480888,0.0,34958871.0,249783770.24480888,0.0,0.1399565350692617,0.8600434649307384,9,False,True,EXACT,100.0
2018-05-23,PATTERN_B_PROGRESSED_PREVIOUS_ET_ONLY_CANDIDATE_V01_battle_a_all_universe_P1,2018-05-23,214824899.24480888,0.0,34581648.0,249406547.24480888,-0.00151019819914755,0.13865573451067362,0.8613442654893264,9,False,True,EXACT,100.0
2018-05-24,PATTERN_B_PROGRESSED_PREVIOUS_ET_ONLY_CANDIDATE_V01_battle_a_all_universe_P1,2018-05-24,214824899.24480888,0.0,33591365.0,248416264.24480888,-0.005474759223386361,0.1352220841985468,0.8647779158014532,9,False,True,EXACT,100.0
2018-05-25,PATTERN_B_PROGRESSED_PREVIOUS_ET_ONLY_CANDIDATE_V01_battle_a_all_universe_P1,2018-05-25,214824899.24480888,0.0,32545984.0,247370883.24480888,-0.009659903033872763,0.13156756192599714,0.8684324380740028,9,False,True,EXACT,100.0
2018-05-28,PATTERN_B_PROGRESSED_PREVIOUS_ET_ONLY_CANDIDATE_V01_battle_a_all_universe_P1,2018-05-28,214824899.24480888,0.0,33471009.0,248295908.24480888,-0.005956599976618904,0.13480290205587703,0.865197097944123,9,False,True,EXACT,100.0
2018-05-29,PATTERN_B_PROGRESSED_PREVIOUS_ET_ONLY_CANDIDATE_V01_battle_a_all_universe_P1,2018-05-29,214824899.24480888,0.0,32842109.0,247667008.24480888,-0.00847437765041903,0.1326059099786795,0.8673940900213205,9,False,True,EXACT,100.0
2018-05-30,PATTERN_B_PROGRESSED_PREVIOUS_ET_ONLY_CANDIDATE_V01_battle_a_all_universe_P1,2018-05-30,214824899.24480888,0.0,32537072.0,247361971.24480888,-0.009695581893196858,0.13153627389150596,0.8684637261084941,9,False,True,EXACT,100.0
2018-05-31,PATTERN_B_PROGRESSED_PREVIOUS_ET_ONLY_CANDIDATE_V01_battle_a_all_universe_P1,2018-05-31,214824899.24480888,0.0,32531375.0,247356274.24480888,-0.009718389620033574,0.1315162718201506,0.8684837281798494,9,False,True,EXACT,100.0
2018-06-01,PATTERN_B_PROGRESSED_PREVIOUS_ET_ONLY_CANDIDATE_V01_battle_a_all_universe_P1,2018-06-01,209830000.9624349,0.0,37571501.0,247401501.9624349,-0.009537322140822702,0.15186448223626714,0.8481355177637329,10,False,True,EXACT,100.0
2018-06-04,PATTERN_B_PROGRESSED_PREVIOUS_ET_ONLY_CANDIDATE_V01_battle_a_all_universe_P1,2018-06-04,209830000.9624349,0.0,37482434.0,247312434.9624349,-0.009893898550541902,0.1515590350549633,0.8484409649450367,10,False,True,EXACT,100.0
2018-06-05,PATTERN_B_PROGRESSED_PREVIOUS_ET_ONLY_CANDIDATE_V01_battle_a_all_universe_P1,2018-06-05,209830000.9624349,0.0,37398006.0,247228006.9624349,-0.0102319028969301,0.1512692937159116,0.8487307062840884,10,False,True,EXACT,100.0
2018-06-07,PATTERN_B_PROGRESSED_PREVIOUS_ET_ONLY_CANDIDATE_V01_battle_a_all_universe_P1,2018-06-07,209830000.9624349,0.0,37713893.0,247543893.9624349,-0.008967261084171785,0.1523523460680599,0.8476476539319401,10,False,True,EXACT,100.0
2018-06-08,PATTERN_B_PROGRESSED_PREVIOUS_ET_ONLY_CANDIDATE_V01_battle_a_all_universe_P1,2018-06-08,209830000.9624349,0.0,37294263.0,247124263.9624349,-0.010647234124809057,0.15091299576179643,0.8490870042382036,10,False,True,EXACT,100.0
2018-06-11,PATTERN_B_PROGRESSED_PREVIOUS_ET_ONLY_CANDIDATE_V01_battle_a_all_universe_P1,2018-06-11,209830000.9624349,0.0,37163643.0,246993643.9624349,-0.011170166418896788,0.15046396499843614,0.8495360350015638,10,False,True,EXACT,100.0
2018-06-12,PATTERN_B_PROGRESSED_PREVIOUS_ET_ONLY_CANDIDATE_V01_battle_a_all_universe_P1,2018-06-12,209830000.9624349,0.0,36876733.0,246706733.9624349,-0.012318799893837107,0.14947598878924434,0.8505240112107557,10,False,True,EXACT,100.0
2018-06-14,PATTERN_B_PROGRESSED_PREVIOUS_ET_ONLY_CANDIDATE_V01_battle_a_all_universe_P1,2018-06-14,209830000.9624349,0.0,36090672.0,245920672.9624349,-0.015465765764476336,0.14675737328318453,0.8532426267168155,10,False,True,EXACT,100.0
2018-06-15,PATTERN_B_PROGRESSED_PREVIOUS_ET_ONLY_CANDIDATE_V01_battle_a_all_universe_P1,2018-06-15,209830000.9624349,0.0,35967185.0,245797185.9624349,-0.01596014135933177,0.14632870941613163,0.8536712905838684,10,False,True,EXACT,100.0
2018-06-18,PATTERN_B_PROGRESSED_PREVIOUS_ET_ONLY_CANDIDATE_V01_battle_a_all_universe_P1,2018-06-18,209830000.9624349,0.0,35291480.0,245121480.9624349,-0.01866530110344866,0.1439754682512238,0.8560245317487762,10,False,True,EXACT,100.0
2018-06-19,PATTERN_B_PROGRESSED_PREVIOUS_ET_ONLY_CANDIDATE_V01_battle_a_all_universe_P1,2018-06-19,209830000.9624349,0.0,34002307.0,243832307.9624349,-0.023826457085426633,0.13944955565625225,0.8605504443437477,10,False,True,EXACT,100.0
2018-06-20,PATTERN_B_PROGRESSED_PREVIOUS_ET_ONLY_CANDIDATE_V01_battle_a_all_universe_P1,2018-06-20,209830000.9624349,0.0,34587347.0,244417347.9624349,-0.021484271284377132,0.14150937848043346,0.8584906215195666,10,False,True,EXACT,100.0
2018-06-21,PATTERN_B_PROGRESSED_PREVIOUS_ET_ONLY_CANDIDATE_V01_battle_a_all_universe_P1,2018-06-21,209830000.9624349,0.0,34116608.0,243946608.9624349,-0.02336885729866711,0.1398527659191753,0.8601472340808247,10,False,True,EXACT,100.0
2018-06-22,PATTERN_B_PROGRESSED_PREVIOUS_ET_ONLY_CANDIDATE_V01_battle_a_all_universe_P1,2018-06-22,209830000.9624349,0.0,33672587.0,243502587.9624349,-0.02514647879731302,0.13828430852322057,0.8617156914767794,10,False,True,EXACT,100.0
2018-06-25,PATTERN_B_PROGRESSED_PREVIOUS_ET_ONLY_CANDIDATE_V01_battle_a_all_universe_P1,2018-06-25,209830000.9624349,0.0,34169675.0,243999675.9624349,-0.023156405545104453,0.14003983761544261,0.8599601623845574,10,False,True,EXACT,100.0
2018-06-26,PATTERN_B_PROGRESSED_PREVIOUS_ET_ONLY_CANDIDATE_V01_battle_a_all_universe_P1,2018-06-26,209830000.9624349,0.0,33997787.0,243827787.9624349,-0.02384455273669961,0.13943360305281463,0.8605663969471854,10,False,True,EXACT,100.0
2018-06-27,PATTERN_B_PROGRESSED_PREVIOUS_ET_ONLY_CANDIDATE_V01_battle_a_all_universe_P1,2018-06-27,209830000.9624349,0.0,33303044.0,243133044.9624349,-0.026625930403147202,0.1369745688215498,0.8630254311784502,10,False,True,EXACT,100.0
2018-06-28,PATTERN_B_PROGRESSED_PREVIOUS_ET_ONLY_CANDIDATE_V01_battle_a_all_universe_P1,2018-06-28,209830000.9624349,0.0,33133928.0,242963928.9624349,-0.027302979996218224,0.13637385656997217,0.8636261434300279,10,False,True,EXACT,100.0
2018-06-29,PATTERN_B_PROGRESSED_PREVIOUS_ET_ONLY_CANDIDATE_V01_battle_a_all_universe_P1,2018-06-29,209830000.9624349,0.0,33000938.0,242830938.9624349,-0.027835400496836304,0.13590087878013407,0.8640991212198659,10,False,True,EXACT,100.0
2018-07-02,PATTERN_B_PROGRESSED_PREVIOUS_ET_ONLY_CANDIDATE_V01_battle_a_all_universe_P1,2018-07-02,209830000.9624349,0.0,31225925.0,241055925.9624349,-0.034941598782899264,0.12953809318450904,0.870461906815491,10,False,True,EXACT,100.0
2018-07-03,PATTERN_B_PROGRESSED_PREVIOUS_ET_ONLY_CANDIDATE_V01_battle_a_all_universe_P1,2018-07-03,209830000.9624349,0.0,30793531.0,240623531.9624349,-0.036672672021069275,0.12797389660462366,0.8720261033953763,10,False,True,EXACT,100.0
2018-07-04,PATTERN_B_PROGRESSED_PREVIOUS_ET_ONLY_CANDIDATE_V01_battle_a_all_universe_P1,2018-07-04,209830000.9624349,0.0,31077516.0,240907516.9624349,-0.03553574867444165,0.12900185262731328,0.8709981473726868,10,False,True,EXACT,100.0
2018-07-05,PATTERN_B_PROGRESSED_PREVIOUS_ET_ONLY_CANDIDATE_V01_battle_a_all_universe_P1,2018-07-05,209830000.9624349,0.0,30630830.0,240460830.9624349,-0.037324039401105735,0.1273838648789548,0.8726161351210452,10,False,True,EXACT,100.0
2018-07-06,PATTERN_B_PROGRESSED_PREVIOUS_ET_ONLY_CANDIDATE_V01_battle_a_all_universe_P1,2018-07-06,209830000.9624349,0.0,31033331.0,240863331.9624349,-0.035712641672560275,0.12884207300113232,0.8711579269988677,10,False,True,EXACT,100.0
2018-07-09,PATTERN_B_PROGRESSED_PREVIOUS_ET_ONLY_CANDIDATE_V01_battle_a_all_universe_P1,2018-07-09,209830000.9624349,0.0,30462641.0,240292641.9624349,-0.037997377784280806,0.12677309114093574,0.8732269088590643,10,False,True,EXACT,100.0
2018-07-10,PATTERN_B_PROGRESSED_PREVIOUS_ET_ONLY_CANDIDATE_V01_battle_a_all_universe_P1,2018-07-10,209830000.9624349,0.0,31152551.0,240982551.9624349,-0.03523534885292212,0.1292730562702986,0.8707269437297014,10,False,True,EXACT,100.0
2018-07-11,PATTERN_B_PROGRESSED_PREVIOUS_ET_ONLY_CANDIDATE_V01_battle_a_all_universe_P1,2018-07-11,209830000.9624349,0.0,31299486.0,241129486.9624349,-0.03464710006535687,0.1298036436534039,0.8701963563465961,10,False,True,EXACT,100.0
2018-07-12,PATTERN_B_PROGRESSED_PREVIOUS_ET_ONLY_CANDIDATE_V01_battle_a_all_universe_P1,2018-07-12,209830000.9624349,0.0,31565651.0,241395651.9624349,-0.033581518423526635,0.1307631299212967,0.8692368700787033,10,False,True,EXACT,100.0
2018-07-13,PATTERN_B_PROGRESSED_PREVIOUS_ET_ONLY_CANDIDATE_V01_battle_a_all_universe_P1,2018-07-13,209830000.9624349,0.0,31869166.0,241699166.9624349,-0.03236640745093411,0.1318546786921824,0.8681453213078176,10,False,True,EXACT,100.0
2018-07-16,PATTERN_B_PROGRESSED_PREVIOUS_ET_ONLY_CANDIDATE_V01_battle_a_all_universe_P1,2018-07-16,209830000.9624349,0.0,31810676.0,241640676.9624349,-0.03260056998256167,0.13164454097662226,0.8683554590233777,10,False,True,EXACT,100.0
2018-07-17,PATTERN_B_PROGRESSED_PREVIOUS_ET_ONLY_CANDIDATE_V01_battle_a_all_universe_P1,2018-07-17,209830000.9624349,0.0,32018061.0,241848061.9624349,-0.031770311876533563,0.1323891568127315,0.8676108431872684,10,False,True,EXACT,100.0
2018-07-18,PATTERN_B_PROGRESSED_PREVIOUS_ET_ONLY_CANDIDATE_V01_battle_a_all_universe_P1,2018-07-18,209830000.9624349,0.0,31522111.0,241352111.9624349,-0.03375582918822251,0.13060631930540653,0.8693936806945934,10,False,True,EXACT,100.0
2018-07-19,PATTERN_B_PROGRESSED_PREVIOUS_ET_ONLY_CANDIDATE_V01_battle_a_all_universe_P1,2018-07-19,209830000.9624349,0.0,30979431.0,240809431.9624349,-0.03592842831052789,0.12864708307950595,0.871352916920494,10,False,True,EXACT,100.0
2018-07-20,PATTERN_B_PROGRESSED_PREVIOUS_ET_ONLY_CANDIDATE_V01_battle_a_all_universe_P1,2018-07-20,209830000.9624349,0.0,30888136.0,240718136.9624349,-0.03629392443507806,0.1283166129057414,0.8716833870942586,10,False,True,EXACT,100.0
2018-07-23,PATTERN_B_PROGRESSED_PREVIOUS_ET_ONLY_CANDIDATE_V01_battle_a_all_universe_P1,2018-07-23,209830000.9624349,0.0,30039471.0,239869471.9624349,-0.03969152308277335,0.1252325723412789,0.8747674276587211,10,False,True,EXACT,100.0
2018-07-24,PATTERN_B_PROGRESSED_PREVIOUS_ET_ONLY_CANDIDATE_V01_battle_a_all_universe_P1,2018-07-24,209830000.9624349,0.0,30331596.0,240161596.9624349,-0.038522011550003676,0.12629661187981003,0.87370338812019,10,False,True,EXACT,100.0
2018-07-25,PATTERN_B_PROGRESSED_PREVIOUS_ET_ONLY_CANDIDATE_V01_battle_a_all_universe_P1,2018-07-25,209830000.9624349,0.0,29884911.0,239714911.9624349,-0.0403102982732052,0.1246685521369784,0.8753314478630216,10,False,True,EXACT,100.0
2018-07-26,PATTERN_B_PROGRESSED_PREVIOUS_ET_ONLY_CANDIDATE_V01_battle_a_all_universe_P1,2018-07-26,209830000.9624349,0.0,30446101.0,240276101.9624349,-0.0380635950568593,0.12671298040601636,0.8732870195939837,10,False,True,EXACT,100.0
2018-07-27,PATTERN_B_PROGRESSED_PREVIOUS_ET_ONLY_CANDIDATE_V01_battle_a_all_universe_P1,2018-07-27,209830000.9624349,0.0,30781121.0,240611121.9624349,-0.03672235499281651,0.12792892011369975,0.8720710798863003,10,False,True,EXACT,100.0
2018-07-30,PATTERN_B_PROGRESSED_PREVIOUS_ET_ONLY_CANDIDATE_V01_battle_a_all_universe_P1,2018-07-30,209830000.9624349,0.0,31061746.0,240891746.9624349,-0.03559888328076344,0.1289448326548266,0.8710551673451734,10,False,True,EXACT,100.0
2018-07-31,PATTERN_B_PROGRESSED_PREVIOUS_ET_ONLY_CANDIDATE_V01_battle_a_all_universe_P1,2018-07-31,209830000.9624349,0.0,31252126.0,241082126.9624349,-0.03483670405745598,0.1296326956866017,0.8703673043133983,10,False,True,EXACT,100.0
2018-08-01,PATTERN_B_PROGRESSED_PREVIOUS_ET_ONLY_CANDIDATE_V01_battle_a_all_universe_P1,2018-08-01,194834123.2681374,0.0,46639451.0,241473574.2681374,-0.03326955938140741,0.19314515528813336,0.8068548447118666,13,False,True,EXACT,100.0
2018-08-02,PATTERN_B_PROGRESSED_PREVIOUS_ET_ONLY_CANDIDATE_V01_battle_a_all_universe_P1,2018-08-02,194834123.2681374,0.0,46225506.0,241059629.2681374,-0.034926772736759926,0.1917596328358328,0.8082403671641673,13,False,True,EXACT,100.0
2018-08-03,PATTERN_B_PROGRESSED_PREVIOUS_ET_ONLY_CANDIDATE_V01_battle_a_all_universe_P1,2018-08-03,194834123.2681374,0.0,46741421.0,241575544.2681374,-0.03286132629284422,0.19348573193368962,0.8065142680663104,13,False,True,EXACT,100.0
2018-08-06,PATTERN_B_PROGRESSED_PREVIOUS_ET_ONLY_CANDIDATE_V01_battle_a_all_universe_P1,2018-08-06,194834123.2681374,0.0,46795726.0,241629849.2681374,-0.0326439182524948,0.19366699164750392,0.8063330083524961,13,False,True,EXACT,100.0
2018-08-07,PATTERN_B_PROGRESSED_PREVIOUS_ET_ONLY_CANDIDATE_V01_battle_a_all_universe_P1,2018-08-07,194834123.2681374,0.0,46508781.0,241342904.2681374,-0.03379269184862865,0.1927083008345988,0.8072916991654012,13,False,True,EXACT,100.0
2018-08-08,PATTERN_B_PROGRESSED_PREVIOUS_ET_ONLY_CANDIDATE_V01_battle_a_all_universe_P1,2018-08-08,194834123.2681374,0.0,46447386.0,241281509.2681374,-0.03403848443931545,0.19250288238367566,0.8074971176163244,13,False,True,EXACT,100.0
2018-08-09,PATTERN_B_PROGRESSED_PREVIOUS_ET_ONLY_CANDIDATE_V01_battle_a_all_universe_P1,2018-08-09,194834123.2681374,0.0,46809166.0,241643289.2681374,-0.032590111714196346,0.19371183922289112,0.8062881607771089,13,False,True,EXACT,100.0
2018-08-10,PATTERN_B_PROGRESSED_PREVIOUS_ET_ONLY_CANDIDATE_V01_battle_a_all_universe_P1,2018-08-10,194834123.2681374,0.0,46794191.0,241628314.2681374,-0.03265006356769484,0.19366186922974601,0.806338130770254,13,False,True,EXACT,100.0
2018-08-13,PATTERN_B_PROGRESSED_PREVIOUS_ET_ONLY_CANDIDATE_V01_battle_a_all_universe_P1,2018-08-13,194834123.2681374,0.0,45420406.0,240254529.2681374,-0.03814996053319253,0.18905119557312614,0.8109488044268739,13,False,True,EXACT,100.0
2018-08-14,PATTERN_B_PROGRESSED_PREVIOUS_ET_ONLY_CANDIDATE_V01_battle_a_all_universe_P1,2018-08-14,194834123.2681374,0.0,45427106.0,240261229.2681374,-0.03812313733329675,0.18907380994584957,0.8109261900541505,13,False,True,EXACT,100.0
2018-08-16,PATTERN_B_PROGRESSED_PREVIOUS_ET_ONLY_CANDIDATE_V01_battle_a_all_universe_P1,2018-08-16,194834123.2681374,0.0,44819801.0,239653924.2681374,-0.040554460230716294,0.18701884868721472,0.8129811513127853,13,False,True,EXACT,100.0
2018-08-17,PATTERN_B_PROGRESSED_PREVIOUS_ET_ONLY_CANDIDATE_V01_battle_a_all_universe_P1,2018-08-17,194834123.2681374,0.0,45499961.0,240334084.2681374,-0.03783146506040003,0.18931963453521777,0.8106803654647823,13,False,True,EXACT,100.0
2018-08-20,PATTERN_B_PROGRESSED_PREVIOUS_ET_ONLY_CANDIDATE_V01_battle_a_all_universe_P1,2018-08-20,194834123.2681374,0.0,46004841.0,240838964.2681374,-0.03581019682705899,0.19101909501977693,0.808980904980223,13,False,True,EXACT,100.0
2018-08-21,PATTERN_B_PROGRESSED_PREVIOUS_ET_ONLY_CANDIDATE_V01_battle_a_all_universe_P1,2018-08-21,194834123.2681374,0.0,46347361.0,241181484.2681374,-0.034438930792983546,0.1921679897635615,0.8078320102364385,13,False,True,EXACT,100.0
2018-08-22,PATTERN_B_PROGRESSED_PREVIOUS_ET_ONLY_CANDIDATE_V01_battle_a_all_universe_P1,2018-08-22,194834123.2681374,0.0,46605071.0,241439194.2681374,-0.033407198428036855,0.19303026230381373,0.8069697376961863,13,False,True,EXACT,100.0
2018-08-23,PATTERN_B_PROGRESSED_PREVIOUS_ET_ONLY_CANDIDATE_V01_battle_a_all_universe_P1,2018-08-23,194834123.2681374,0.0,46653761.0,241487884.2681374,-0.03321226983058523,0.19319296759500257,0.8068070324049974,13,False,True,EXACT,100.0
2018-08-24,PATTERN_B_PROGRESSED_PREVIOUS_ET_ONLY_CANDIDATE_V01_battle_a_all_universe_P1,2018-08-24,194834123.2681374,0.0,47080406.0,241914529.2681374,-0.03150421249931079,0.19461586760593536,0.8053841323940647,13,False,True,EXACT,100.0
2018-08-27,PATTERN_B_PROGRESSED_PREVIOUS_ET_ONLY_CANDIDATE_V01_battle_a_all_universe_P1,2018-08-27,194834123.2681374,0.0,46873971.0,241708094.2681374,-0.032330667315801365,0.19392801528607745,0.8060719847139225,13,False,True,EXACT,100.0
2018-08-28,PATTERN_B_PROGRESSED_PREVIOUS_ET_ONLY_CANDIDATE_V01_battle_a_all_universe_P1,2018-08-28,194834123.2681374,0.0,46359276.0,241193399.2681374,-0.034391229535258416,0.19220789681919062,0.8077921031808094,13,False,True,EXACT,100.0
2018-08-29,PATTERN_B_PROGRESSED_PREVIOUS_ET_ONLY_CANDIDATE_V01_battle_a_all_universe_P1,2018-08-29,194834123.2681374,0.0,47368356.0,242202479.2681374,-0.03035141542319264,0.19557337374552416,0.8044266262544758,13,False,True,EXACT,100.0
2018-08-30,PATTERN_B_PROGRESSED_PREVIOUS_ET_ONLY_CANDIDATE_V01_battle_a_all_universe_P1,2018-08-30,194834123.2681374,0.0,47712336.0,242546459.2681374,-0.028974304333617473,0.1967142136148587,0.8032857863851414,13,False,True,EXACT,100.0
2018-08-31,PATTERN_B_PROGRESSED_PREVIOUS_ET_ONLY_CANDIDATE_V01_battle_a_all_universe_P1,2018-08-31,194834123.2681374,0.0,47827496.0,242661619.2681374,-0.02851326557242362,0.1970954291999154,0.8029045708000846,13,False,True,EXACT,100.0
2018-09-03,PATTERN_B_PROGRESSED_PREVIOUS_ET_ONLY_CANDIDATE_V01_battle_a_all_universe_P1,2018-09-03,189835320.5001784,16783893.82323225,36300206.0,242919420.32341063,-0.027481168671089518,0.14943311634644832,0.8505668836535517,11,False,True,EXACT,100.0
2018-09-04,PATTERN_B_PROGRESSED_PREVIOUS_ET_ONLY_CANDIDATE_V01_battle_a_all_universe_P1,2018-09-04,206619214.32341063,0.0,36834221.0,243453435.32341063,-0.025343259552828457,0.15129883442009495,0.848701165579905,11,False,True,EXACT,100.0
2018-09-05,PATTERN_B_PROGRESSED_PREVIOUS_ET_ONLY_CANDIDATE_V01_battle_a_all_universe_P1,2018-09-05,206619214.32341063,0.0,36843621.0,243462835.32341063,-0.025305627003720854,0.1513316024232518,0.8486683975767482,11,False,True,EXACT,100.0
2018-09-06,PATTERN_B_PROGRESSED_PREVIOUS_ET_ONLY_CANDIDATE_V01_battle_a_all_universe_P1,2018-09-06,206619214.32341063,0.0,36625176.0,243244390.32341063,-0.026180163406890333,0.15056945794846177,0.8494305420515382,11,False,True,EXACT,100.0
2018-09-07,PATTERN_B_PROGRESSED_PREVIOUS_ET_ONLY_CANDIDATE_V01_battle_a_all_universe_P1,2018-09-07,206619214.32341063,0.0,36614101.0,243233315.32341063,-0.026224501755971796,0.1505307813253984,0.8494692186746016,11,False,True,EXACT,100.0
2018-09-10,PATTERN_B_PROGRESSED_PREVIOUS_ET_ONLY_CANDIDATE_V01_battle_a_all_universe_P1,2018-09-10,206619214.32341063,0.0,37348576.0,243967790.32341063,-0.023284058510679495,0.15308814311303007,0.8469118568869699,11,False,True,EXACT,100.0
2018-09-11,PATTERN_B_PROGRESSED_PREVIOUS_ET_ONLY_CANDIDATE_V01_battle_a_all_universe_P1,2018-09-11,206619214.32341063,0.0,37656866.0,244276080.32341063,-0.022049831003832843,0.15415699298164598,0.845843007018354,11,False,True,EXACT,100.0
2018-09-12,PATTERN_B_PROGRESSED_PREVIOUS_ET_ONLY_CANDIDATE_V01_battle_a_all_universe_P1,2018-09-12,206619214.32341063,0.0,37881446.0,244500660.32341063,-0.021150733357176765,0.1549339210368296,0.8450660789631704,11,False,True,EXACT,100.0
2018-09-13,PATTERN_B_PROGRESSED_PREVIOUS_ET_ONLY_CANDIDATE_V01_battle_a_all_universe_P1,2018-09-13,206619214.32341063,0.0,37851791.0,244471005.32341063,-0.021269456042685597,0.15483141221563626,0.8451685877843638,11,False,True,EXACT,100.0
2018-09-14,PATTERN_B_PROGRESSED_PREVIOUS_ET_ONLY_CANDIDATE_V01_battle_a_all_universe_P1,2018-09-14,206619214.32341063,0.0,37737241.0,244356455.32341063,-0.021728052691650235,0.15443521207595687,0.8455647879240431,11,False,True,EXACT,100.0
2018-09-17,PATTERN_B_PROGRESSED_PREVIOUS_ET_ONLY_CANDIDATE_V01_battle_a_all_universe_P1,2018-09-17,206619214.32341063,0.0,37358566.0,243977780.32341063,-0.023244063918596014,0.1531228210637807,0.8468771789362193,11,False,True,EXACT,100.0
2018-09-18,PATTERN_B_PROGRESSED_PREVIOUS_ET_ONLY_CANDIDATE_V01_battle_a_all_universe_P1,2018-09-18,206619214.32341063,0.0,37021536.0,243640750.32341063,-0.024593350942607617,0.15195132977901818,0.8480486702209818,11,False,True,EXACT,100.0
2018-09-19,PATTERN_B_PROGRESSED_PREVIOUS_ET_ONLY_CANDIDATE_V01_battle_a_all_universe_P1,2018-09-19,206619214.32341063,0.0,36566996.0,243186210.32341063,-0.026413084865089864,0.15036623972786103,0.849633760272139,11,False,True,EXACT,100.0
2018-09-20,PATTERN_B_PROGRESSED_PREVIOUS_ET_ONLY_CANDIDATE_V01_battle_a_all_universe_P1,2018-09-20,206619214.32341063,0.0,35979481.0,242598695.32341063,-0.028765179236250105,0.14830863353174845,0.8516913664682516,11,False,True,EXACT,100.0
2018-09-21,PATTERN_B_PROGRESSED_PREVIOUS_ET_ONLY_CANDIDATE_V01_battle_a_all_universe_P1,2018-09-21,206619214.32341063,0.0,36438136.0,243057350.32341063,-0.026928971064876683,0.14991579539362063,0.8500842046063793,11,False,True,EXACT,100.0
2018-09-27,PATTERN_B_PROGRESSED_PREVIOUS_ET_ONLY_CANDIDATE_V01_battle_a_all_universe_P1,2018-09-27,206619214.32341063,0.0,36423416.0,243042630.32341063,-0.026987902035393918,0.1498643096132242,0.8501356903867758,11,False,True,EXACT,100.0
2018-09-28,PATTERN_B_PROGRESSED_PREVIOUS_ET_ONLY_CANDIDATE_V01_battle_a_all_universe_P1,2018-09-28,206619214.32341063,0.0,36063706.0,242682920.32341063,-0.028427987592784087,0.14860421966218232,0.8513957803378177,11,False,True,EXACT,100.0
2018-10-01,PATTERN_B_PROGRESSED_PREVIOUS_ET_ONLY_CANDIDATE_V01_battle_a_all_universe_P1,2018-10-01,206619214.32341063,5093935.99497,31086371.0,242799521.31838062,-0.027961179862018737,0.12803308190726104,0.871966918092739,10,False,True,EXACT,100.0
2018-10-02,PATTERN_B_PROGRESSED_PREVIOUS_ET_ONLY_CANDIDATE_V01_battle_a_all_universe_P1,2018-10-02,211713150.31838062,0.0,30539841.0,242252991.31838062,-0.03014919231560753,0.1260658984386412,0.8739341015613588,10,False,True,EXACT,100.0
2018-10-04,PATTERN_B_PROGRESSED_PREVIOUS_ET_ONLY_CANDIDATE_V01_battle_a_all_universe_P1,2018-10-04,211713150.31838062,0.0,29881571.0,241594721.31838062,-0.032784551688055275,0.12368470154039991,0.8763152984596001,10,False,True,EXACT,100.0
2018-10-05,PATTERN_B_PROGRESSED_PREVIOUS_ET_ONLY_CANDIDATE_V01_battle_a_all_universe_P1,2018-10-05,211713150.31838062,0.0,29596786.0,241309936.31838062,-0.03392467780481978,0.12265050686081345,0.8773494931391865,10,False,True,EXACT,100.0
2018-10-08,PATTERN_B_PROGRESSED_PREVIOUS_ET_ONLY_CANDIDATE_V01_battle_a_all_universe_P1,2018-10-08,211713150.31838062,0.0,29292376.0,241005526.31838062,-0.03514337187650285,0.12154234156980813,0.8784576584301919,10,False,True,EXACT,100.0
2018-10-10,PATTERN_B_PROGRESSED_PREVIOUS_ET_ONLY_CANDIDATE_V01_battle_a_all_universe_P1,2018-10-10,211713150.31838062,0.0,28214221.0,239927371.31838062,-0.039459725172568905,0.11759484065934303,0.882405159340657,10,False,True,EXACT,100.0
2018-10-11,PATTERN_B_PROGRESSED_PREVIOUS_ET_ONLY_CANDIDATE_V01_battle_a_all_universe_P1,2018-10-11,211713150.31838062,0.0,25961066.0,237674216.31838062,-0.04848014710707538,0.10922962701693903,0.8907703729830609,10,False,True,EXACT,100.0
2018-10-12,PATTERN_B_PROGRESSED_PREVIOUS_ET_ONLY_CANDIDATE_V01_battle_a_all_universe_P1,2018-10-12,211713150.31838062,0.0,26179771.0,237892921.31838062,-0.047604569803611496,0.11004854980515656,0.8899514501948435,10,False,True,EXACT,100.0
2018-10-15,PATTERN_B_PROGRESSED_PREVIOUS_ET_ONLY_CANDIDATE_V01_battle_a_all_universe_P1,2018-10-15,211713150.31838062,0.0,26101571.0,237814721.31838062,-0.047917640584484666,0.10975590937053828,0.8902440906294617,10,False,True,EXACT,100.0
2018-10-16,PATTERN_B_PROGRESSED_PREVIOUS_ET_ONLY_CANDIDATE_V01_battle_a_all_universe_P1,2018-10-16,211713150.31838062,0.0,26370651.0,238083801.31838062,-0.04684038884896846,0.11076205459579129,0.8892379454042088,10,False,True,EXACT,100.0
2018-10-17,PATTERN_B_PROGRESSED_PREVIOUS_ET_ONLY_CANDIDATE_V01_battle_a_all_universe_P1,2018-10-17,211713150.31838062,0.0,27043726.0,238756876.31838062,-0.044145758211676434,0.11326888849030417,0.8867311115096959,10,False,True,EXACT,100.0
2018-10-18,PATTERN_B_PROGRESSED_PREVIOUS_ET_ONLY_CANDIDATE_V01_battle_a_all_universe_P1,2018-10-18,211713150.31838062,0.0,27026076.0,238739226.31838062,-0.04421641932781972,0.11320333242580861,0.8867966675741914,10,False,True,EXACT,100.0
2018-10-19,PATTERN_B_PROGRESSED_PREVIOUS_ET_ONLY_CANDIDATE_V01_battle_a_all_universe_P1,2018-10-19,211713150.31838062,0.0,27285121.0,238998271.31838062,-0.04317934234020715,0.1141645119418133,0.8858354880581867,10,False,True,EXACT,100.0
2018-10-22,PATTERN_B_PROGRESSED_PREVIOUS_ET_ONLY_CANDIDATE_V01_battle_a_all_universe_P1,2018-10-22,211713150.31838062,0.0,26954826.0,238667976.31838062,-0.04450166604312944,0.1129385953482194,0.8870614046517806,10,False,True,EXACT,100.0
2018-10-23,PATTERN_B_PROGRESSED_PREVIOUS_ET_ONLY_CANDIDATE_V01_battle_a_all_universe_P1,2018-10-23,211713150.31838062,0.0,26128906.0,237842056.31838062,-0.04780820593237256,0.10985822442193853,0.8901417755780615,10,False,True,EXACT,100.0
2018-10-24,PATTERN_B_PROGRESSED_PREVIOUS_ET_ONLY_CANDIDATE_V01_battle_a_all_universe_P1,2018-10-24,211713150.31838062,0.0,25443086.0,237156236.31838062,-0.05055386070140677,0.10728406891161332,0.8927159310883866,10,False,True,EXACT,100.0
2018-10-25,PATTERN_B_PROGRESSED_PREVIOUS_ET_ONLY_CANDIDATE_V01_battle_a_all_universe_P1,2018-10-25,211713150.31838062,0.0,24629481.0,236342631.31838062,-0.05381109794785632,0.10421091134769192,0.8957890886523081,10,False,True,EXACT,100.0
2018-10-26,PATTERN_B_PROGRESSED_PREVIOUS_ET_ONLY_CANDIDATE_V01_battle_a_all_universe_P1,2018-10-26,211713150.31838062,0.0,23926936.0,235640086.31838062,-0.05662371063006322,0.10154017668993541,0.8984598233100646,10,False,True,EXACT,100.0
2018-10-29,PATTERN_B_PROGRESSED_PREVIOUS_ET_ONLY_CANDIDATE_V01_battle_a_all_universe_P1,2018-10-29,211713150.31838062,0.0,22214726.0,233927876.31838062,-0.06347847944999851,0.0949639963805139,0.9050360036194861,10,False,True,EXACT,100.0
2018-10-30,PATTERN_B_PROGRESSED_PREVIOUS_ET_ONLY_CANDIDATE_V01_battle_a_all_universe_P1,2018-10-30,211713150.31838062,0.0,22468361.0,234181511.31838062,-0.0624630611954361,0.09594421384296739,0.9040557861570326,10,False,True,EXACT,100.0
2018-10-31,PATTERN_B_PROGRESSED_PREVIOUS_ET_ONLY_CANDIDATE_V01_battle_a_all_universe_P1,2018-10-31,211713150.31838062,0.0,23002851.0,234716001.31838062,-0.06032325043240638,0.09800290934914903,0.901997090650851,10,False,True,EXACT,100.0
2018-11-01,PATTERN_B_PROGRESSED_PREVIOUS_ET_ONLY_CANDIDATE_V01_battle_a_all_universe_P1,2018-11-01,121857525.60012126,0.0,113758234.0,235615759.60012126,-0.05672110173852285,0.4828125002888875,0.5171874997111124,28,False,True,EXACT,100.0
2018-11-02,PATTERN_B_PROGRESSED_PREVIOUS_ET_ONLY_CANDIDATE_V01_battle_a_all_universe_P1,2018-11-02,121857525.60012126,0.0,120119972.0,241977497.60012126,-0.03125212113275744,0.4964096793764835,0.5035903206235165,28,False,True,EXACT,100.0
2018-11-05,PATTERN_B_PROGRESSED_PREVIOUS_ET_ONLY_CANDIDATE_V01_battle_a_all_universe_P1,2018-11-05,121857525.60012126,0.0,119994731.0,241852256.60012126,-0.03175351880113775,0.49614889969126647,0.5038511003087336,28,False,True,EXACT,100.0
2018-11-06,PATTERN_B_PROGRESSED_PREVIOUS_ET_ONLY_CANDIDATE_V01_battle_a_all_universe_P1,2018-11-06,121857525.60012126,0.0,119913824.0,241771349.60012126,-0.03207742695546145,0.49598028963453267,0.5040197103654673,28,False,True,EXACT,100.0
2018-11-07,PATTERN_B_PROGRESSED_PREVIOUS_ET_ONLY_CANDIDATE_V01_battle_a_all_universe_P1,2018-11-07,121857525.60012126,0.0,118008463.0,239865988.60012126,-0.03970546859376556,0.49197663949235837,0.5080233605076416,28,False,True,EXACT,100.0
2018-11-08,PATTERN_B_PROGRESSED_PREVIOUS_ET_ONLY_CANDIDATE_V01_battle_a_all_universe_P1,2018-11-08,121857525.60012126,0.0,121867188.0,243724713.60012126,-0.024257207098560607,0.5000198223637973,0.4999801776362027,28,False,True,EXACT,100.0
2018-11-09,PATTERN_B_PROGRESSED_PREVIOUS_ET_ONLY_CANDIDATE_V01_battle_a_all_universe_P1,2018-11-09,121857525.60012126,0.0,119973371.0,241830896.60012126,-0.03183903276379063,0.4961043964468345,0.5038956035531655,28,False,True,EXACT,100.0
2018-11-12,PATTERN_B_PROGRESSED_PREVIOUS_ET_ONLY_CANDIDATE_V01_battle_a_all_universe_P1,2018-11-12,121857525.60012126,0.0,117419948.0,239277473.60012126,-0.04206156642759684,0.49072713044534794,0.5092728695546521,28,False,True,EXACT,100.0
2018-11-13,PATTERN_B_PROGRESSED_PREVIOUS_ET_ONLY_CANDIDATE_V01_battle_a_all_universe_P1,2018-11-13,121857525.60012126,0.0,116706377.0,238563902.60012126,-0.04491832128921436,0.48920383900502423,0.5107961609949758,28,False,True,EXACT,100.0
2018-11-14,PATTERN_B_PROGRESSED_PREVIOUS_ET_ONLY_CANDIDATE_V01_battle_a_all_universe_P1,2018-11-14,121857525.60012126,0.0,117114066.0,238971591.60012126,-0.0432861535963317,0.490075264661461,0.509924735338539,28,False,True,EXACT,100.0
2018-11-15,PATTERN_B_PROGRESSED_PREVIOUS_ET_ONLY_CANDIDATE_V01_battle_a_all_universe_P1,2018-11-15,121857525.60012126,0.0,118701927.0,240559452.60012126,-0.03692921135607419,0.4934411253309452,0.5065588746690548,28,False,True,EXACT,100.0
2018-11-16,PATTERN_B_PROGRESSED_PREVIOUS_ET_ONLY_CANDIDATE_V01_battle_a_all_universe_P1,2018-11-16,121857525.60012126,0.0,119657225.0,241514750.60012126,-0.03310471147338079,0.49544479044312223,0.5045552095568778,28,False,True,EXACT,100.0
2018-11-19,PATTERN_B_PROGRESSED_PREVIOUS_ET_ONLY_CANDIDATE_V01_battle_a_all_universe_P1,2018-11-19,121857525.60012126,0.0,122025521.0,243883046.60012126,-0.023623326843471126,0.5003444179540577,0.4996555820459423,28,False,True,EXACT,100.0
2018-11-20,PATTERN_B_PROGRESSED_PREVIOUS_ET_ONLY_CANDIDATE_V01_battle_a_all_universe_P1,2018-11-20,121857525.60012126,0.0,121552566.0,243410091.60012126,-0.025516784531040115,0.4993735682893907,0.5006264317106093,28,False,True,EXACT,100.0
2018-11-21,PATTERN_B_PROGRESSED_PREVIOUS_ET_ONLY_CANDIDATE_V01_battle_a_all_universe_P1,2018-11-21,121857525.60012126,0.0,122861664.0,244719189.60012126,-0.02027585955534228,0.5020516135279778,0.4979483864720222,28,False,True,EXACT,100.0
2018-11-22,PATTERN_B_PROGRESSED_PREVIOUS_ET_ONLY_CANDIDATE_V01_battle_a_all_universe_P1,2018-11-22,121857525.60012126,0.0,120638182.0,242495707.60012126,-0.029177486742011816,0.49748584498218834,0.5025141550178116,28,False,True,EXACT,100.0
2018-11-23,PATTERN_B_PROGRESSED_PREVIOUS_ET_ONLY_CANDIDATE_V01_battle_a_all_universe_P1,2018-11-23,121857525.60012126,0.0,119421025.0,241278550.60012126,-0.034050329356274056,0.4949508553618607,0.5050491446381393,28,False,True,EXACT,100.0
2018-11-26,PATTERN_B_PROGRESSED_PREVIOUS_ET_ONLY_CANDIDATE_V01_battle_a_all_universe_P1,2018-11-26,121857525.60012126,0.0,120593394.0,242450919.60012126,-0.029356793828121064,0.4973930154560638,0.5026069845439362,28,False,True,EXACT,100.0
2018-11-27,PATTERN_B_PROGRESSED_PREVIOUS_ET_ONLY_CANDIDATE_V01_battle_a_all_universe_P1,2018-11-27,121857525.60012126,0.0,121181881.0,243039406.60012126,-0.02700080809124461,0.4986100101840009,0.5013899898159991,28,False,True,EXACT,100.0
2018-11-28,PATTERN_B_PROGRESSED_PREVIOUS_ET_ONLY_CANDIDATE_V01_battle_a_all_universe_P1,2018-11-28,121857525.60012126,0.0,121551654.0,243409179.60012126,-0.02552043568899609,0.4993716925536174,0.5006283074463825,28,False,True,EXACT,100.0
2018-11-29,PATTERN_B_PROGRESSED_PREVIOUS_ET_ONLY_CANDIDATE_V01_battle_a_all_universe_P1,2018-11-29,121857525.60012126,0.0,121685562.0,243543087.60012126,-0.02498434000964611,0.49964695446334406,0.5003530455366559,28,False,True,EXACT,100.0
2018-11-30,PATTERN_B_PROGRESSED_PREVIOUS_ET_ONLY_CANDIDATE_V01_battle_a_all_universe_P1,2018-11-30,121857525.60012126,0.0,122224607.0,244082132.60012126,-0.022826293474149884,0.5007519628658771,0.49924803713412297,28,False,True,EXACT,100.0
2018-12-03,PATTERN_B_PROGRESSED_PREVIOUS_ET_ONLY_CANDIDATE_V01_battle_a_all_universe_P1,2018-12-03,116858262.30309325,73926720.50532347,56717547.0,247502529.80841672,-0.009132860930701647,0.22915946371902995,0.77084053628097,16,False,True,EXACT,100.0
2018-12-04,PATTERN_B_PROGRESSED_PREVIOUS_ET_ONLY_CANDIDATE_V01_battle_a_all_universe_P1,2018-12-04,190784982.80841672,0.0,57191887.0,247976869.80841672,-0.0072338584473332634,0.23063395809530787,0.7693660419046922,16,False,True,EXACT,100.0
2018-12-05,PATTERN_B_PROGRESSED_PREVIOUS_ET_ONLY_CANDIDATE_V01_battle_a_all_universe_P1,2018-12-05,190784982.80841672,0.0,56176390.0,246961372.80841672,-0.011299362779359057,0.22747035036762414,0.7725296496323758,16,False,True,EXACT,100.0
2018-12-06,PATTERN_B_PROGRESSED_PREVIOUS_ET_ONLY_CANDIDATE_V01_battle_a_all_universe_P1,2018-12-06,190784982.80841672,0.0,54569675.0,245354657.80841672,-0.017731786304815755,0.22241140839726917,0.7775885916027309,16,False,True,EXACT,100.0
2018-12-07,PATTERN_B_PROGRESSED_PREVIOUS_ET_ONLY_CANDIDATE_V01_battle_a_all_universe_P1,2018-12-07,190784982.80841672,0.0,56682824.0,247467806.80841672,-0.0092718731650272,0.22905130461629056,0.7709486953837095,16,False,True,EXACT,100.0
2018-12-10,PATTERN_B_PROGRESSED_PREVIOUS_ET_ONLY_CANDIDATE_V01_battle_a_all_universe_P1,2018-12-10,190784982.80841672,0.0,55038459.0,245823441.80841672,-0.0158550270600476,0.2238942657181344,0.7761057342818656,16,False,True,EXACT,100.0
2018-12-11,PATTERN_B_PROGRESSED_PREVIOUS_ET_ONLY_CANDIDATE_V01_battle_a_all_universe_P1,2018-12-11,190784982.80841672,0.0,53926707.0,244711689.80841672,-0.020305884691471765,0.22036833239237114,0.7796316676076288,16,False,True,EXACT,100.0
2018-12-12,PATTERN_B_PROGRESSED_PREVIOUS_ET_ONLY_CANDIDATE_V01_battle_a_all_universe_P1,2018-12-12,190784982.80841672,0.0,54721277.0,245506259.80841672,-0.017124853356964898,0.22289157532155107,0.777108424678449,16,False,True,EXACT,100.0
2018-12-13,PATTERN_B_PROGRESSED_PREVIOUS_ET_ONLY_CANDIDATE_V01_battle_a_all_universe_P1,2018-12-13,190784982.80841672,0.0,56319126.0,247104108.80841672,-0.010727924531549249,0.22791659058840258,0.7720834094115974,16,False,True,EXACT,100.0
2018-12-14,PATTERN_B_PROGRESSED_PREVIOUS_ET_ONLY_CANDIDATE_V01_battle_a_all_universe_P1,2018-12-14,190784982.80841672,0.0,55959345.0,246744327.80841672,-0.012168294334789054,0.22679080608268054,0.7732091939173195,16,False,True,EXACT,100.0
2018-12-17,PATTERN_B_PROGRESSED_PREVIOUS_ET_ONLY_CANDIDATE_V01_battle_a_all_universe_P1,2018-12-17,190784982.80841672,0.0,55271588.0,246056570.80841672,-0.014921703811016984,0.2246295956186241,0.7753704043813758,16,False,True,EXACT,100.0
2018-12-18,PATTERN_B_PROGRESSED_PREVIOUS_ET_ONLY_CANDIDATE_V01_battle_a_all_universe_P1,2018-12-18,190784982.80841672,0.0,54362099.0,245147081.80841672,-0.01856280907221397,0.22175299252586725,0.7782470074741328,16,False,True,EXACT,100.0
2018-12-19,PATTERN_B_PROGRESSED_PREVIOUS_ET_ONLY_CANDIDATE_V01_battle_a_all_universe_P1,2018-12-19,190784982.80841672,0.0,56042584.0,246827566.80841672,-0.011835050105516554,0.22705155961570242,0.7729484403842976,16,False,True,EXACT,100.0
2018-12-20,PATTERN_B_PROGRESSED_PREVIOUS_ET_ONLY_CANDIDATE_V01_battle_a_all_universe_P1,2018-12-20,190784982.80841672,0.0,56385933.0,247170915.80841672,-0.010460465200886948,0.22812527443036618,0.7718747255696338,16,False,True,EXACT,100.0
2018-12-21,PATTERN_B_PROGRESSED_PREVIOUS_ET_ONLY_CANDIDATE_V01_battle_a_all_universe_P1,2018-12-21,190784982.80841672,0.0,56316025.0,247101007.80841672,-0.010740339269292076,0.2279069013092134,0.7720930986907866,16,False,True,EXACT,100.0
2018-12-24,PATTERN_B_PROGRESSED_PREVIOUS_ET_ONLY_CANDIDATE_V01_battle_a_all_universe_P1,2018-12-24,190784982.80841672,0.0,55351223.0,246136205.80841672,-0.014602888061210906,0.22488045924898728,0.7751195407510127,16,False,True,EXACT,100.0
2018-12-26,PATTERN_B_PROGRESSED_PREVIOUS_ET_ONLY_CANDIDATE_V01_battle_a_all_universe_P1,2018-12-26,190784982.80841672,0.0,53419248.0,244204230.80841672,-0.022337477855041366,0.21874824945972582,0.7812517505402742,16,False,True,EXACT,100.0
2018-12-27,PATTERN_B_PROGRESSED_PREVIOUS_ET_ONLY_CANDIDATE_V01_battle_a_all_universe_P1,2018-12-27,190784982.80841672,0.0,55475350.0,246260332.80841672,-0.01410595025024608,0.2252711566144036,0.7747288433855963,16,False,True,EXACT,100.0
2018-12-28,PATTERN_B_PROGRESSED_PREVIOUS_ET_ONLY_CANDIDATE_V01_battle_a_all_universe_P1,2018-12-28,190784982.80841672,0.0,56279228.0,247064210.80841672,-0.010887654685197368,0.22779190808676503,0.772208091913235,16,False,True,EXACT,100.0
2019-01-02,PATTERN_B_PROGRESSED_PREVIOUS_ET_ONLY_CANDIDATE_V01_battle_a_all_universe_P1,2019-01-02,190784982.80841672,7443211.570766999,48110176.0,246338370.3791837,-0.013793529748743816,0.19530118643695243,0.8046988135630475,15,False,True,EXACT,100.0
2019-01-03,PATTERN_B_PROGRESSED_PREVIOUS_ET_ONLY_CANDIDATE_V01_battle_a_all_universe_P1,2019-01-03,198228194.3791837,0.0,47579977.0,245808171.3791837,-0.015916161653452332,0.19356548129802864,0.8064345187019714,15,False,True,EXACT,100.0
2019-01-04,PATTERN_B_PROGRESSED_PREVIOUS_ET_ONLY_CANDIDATE_V01_battle_a_all_universe_P1,2019-01-04,198228194.3791837,0.0,47978481.0,246206675.3791837,-0.014320765765202914,0.19487075614870386,0.8051292438512961,15,False,True,EXACT,100.0
2019-01-07,PATTERN_B_PROGRESSED_PREVIOUS_ET_ONLY_CANDIDATE_V01_battle_a_all_universe_P1,2019-01-07,198228194.3791837,0.0,49446418.0,247674612.3791837,-0.008443934782303986,0.19964265826446012,0.8003573417355399,15,False,True,EXACT,100.0
2019-01-08,PATTERN_B_PROGRESSED_PREVIOUS_ET_ONLY_CANDIDATE_V01_battle_a_all_universe_P1,2019-01-08,198228194.3791837,0.0,49708093.0,247936287.3791837,-0.00739632868786666,0.20048736522370547,0.7995126347762945,15,False,True,EXACT,100.0
2019-01-09,PATTERN_B_PROGRESSED_PREVIOUS_ET_ONLY_CANDIDATE_V01_battle_a_all_universe_P1,2019-01-09,198228194.3791837,0.0,50899992.0,249128186.3791837,-0.0026246055337488805,0.2043124575335207,0.7956875424664793,15,False,True,EXACT,100.0
2019-01-10,PATTERN_B_PROGRESSED_PREVIOUS_ET_ONLY_CANDIDATE_V01_battle_a_all_universe_P1,2019-01-10,198228194.3791837,0.0,51039377.0,249267571.3791837,-0.0020665828893496885,0.20475738868719243,0.7952426113128076,15,False,True,EXACT,100.0
2019-01-11,PATTERN_B_PROGRESSED_PREVIOUS_ET_ONLY_CANDIDATE_V01_battle_a_all_universe_P1,2019-01-11,198228194.3791837,0.0,51289624.0,249517818.3791837,-0.0010647283663166585,0.20555495528602655,0.7944450447139735,15,False,True,EXACT,100.0
2019-01-14,PATTERN_B_PROGRESSED_PREVIOUS_ET_ONLY_CANDIDATE_V01_battle_a_all_universe_P1,2019-01-14,198228194.3791837,0.0,50996509.0,249224703.3791837,-0.00223820332713065,0.20462060264712684,0.7953793973528731,15,False,True,EXACT,100.0
2019-01-15,PATTERN_B_PROGRESSED_PREVIOUS_ET_ONLY_CANDIDATE_V01_battle_a_all_universe_P1,2019-01-15,198228194.3791837,0.0,51755675.0,249983869.3791837,0.0,0.2070360584806186,0.7929639415193814,15,False,True,EXACT,100.0
2019-01-16,PATTERN_B_PROGRESSED_PREVIOUS_ET_ONLY_CANDIDATE_V01_battle_a_all_universe_P1,2019-01-16,198228194.3791837,0.0,52075091.0,250303285.3791837,0.0,0.20804797236724878,0.7919520276327512,15,False,True,EXACT,100.0
2019-01-17,PATTERN_B_PROGRESSED_PREVIOUS_ET_ONLY_CANDIDATE_V01_battle_a_all_universe_P1,2019-01-17,198228194.3791837,0.0,51230233.0,249458427.3791837,-0.0033753372382633318,0.20536581400847456,0.7946341859915255,15,False,True,EXACT,100.0
2019-01-18,PATTERN_B_PROGRESSED_PREVIOUS_ET_ONLY_CANDIDATE_V01_battle_a_all_universe_P1,2019-01-18,198228194.3791837,0.0,51979980.0,250208174.3791837,-0.00037998302681452323,0.2077469296475732,0.7922530703524269,15,False,True,EXACT,100.0
2019-01-21,PATTERN_B_PROGRESSED_PREVIOUS_ET_ONLY_CANDIDATE_V01_battle_a_all_universe_P1,2019-01-21,198228194.3791837,0.0,53465509.0,251693703.3791837,0.0,0.21242291039538916,0.7875770896046108,15,False,True,EXACT,100.0
2019-01-22,PATTERN_B_PROGRESSED_PREVIOUS_ET_ONLY_CANDIDATE_V01_battle_a_all_universe_P1,2019-01-22,198228194.3791837,0.0,54312105.0,252540299.3791837,0.0,0.21506312114745524,0.7849368788525448,15,False,True,EXACT,100.0
2019-01-23,PATTERN_B_PROGRESSED_PREVIOUS_ET_ONLY_CANDIDATE_V01_battle_a_all_universe_P1,2019-01-23,198228194.3791837,0.0,54220248.0,252448442.3791837,-0.00036373204682904614,0.21477751056415656,0.7852224894358434,15,False,True,EXACT,100.0
2019-01-24,PATTERN_B_PROGRESSED_PREVIOUS_ET_ONLY_CANDIDATE_V01_battle_a_all_universe_P1,2019-01-24,198228194.3791837,0.0,54650791.0,252878985.3791837,0.0,0.21611440317214553,0.7838855968278545,15,False,True,EXACT,100.0
2019-01-25,PATTERN_B_PROGRESSED_PREVIOUS_ET_ONLY_CANDIDATE_V01_battle_a_all_universe_P1,2019-01-25,198228194.3791837,0.0,55324832.0,253553026.3791837,0.0,0.21819827114689128,0.7818017288531087,15,False,True,EXACT,100.0
2019-01-28,PATTERN_B_PROGRESSED_PREVIOUS_ET_ONLY_CANDIDATE_V01_battle_a_all_universe_P1,2019-01-28,198228194.3791837,0.0,55101926.0,253330120.3791837,-0.0008791297157173528,0.21751036125322806,0.7824896387467719,15,False,True,EXACT,100.0
2019-01-29,PATTERN_B_PROGRESSED_PREVIOUS_ET_ONLY_CANDIDATE_V01_battle_a_all_universe_P1,2019-01-29,198228194.3791837,0.0,54295503.0,252523697.3791837,-0.004059620248668017,0.21501151600228288,0.7849884839977171,15,False,True,EXACT,100.0
2019-01-30,PATTERN_B_PROGRESSED_PREVIOUS_ET_ONLY_CANDIDATE_V01_battle_a_all_universe_P1,2019-01-30,198228194.3791837,0.0,54507216.0,252735410.3791837,-0.0032246351450653243,0.21566909012956195,0.7843309098704381,15,False,True,EXACT,100.0
2019-01-31,PATTERN_B_PROGRESSED_PREVIOUS_ET_ONLY_CANDIDATE_V01_battle_a_all_universe_P1,2019-01-31,198228194.3791837,0.0,54785727.0,253013921.3791837,-0.002126202190124049,0.21653246074904478,0.7834675392509552,15,False,True,EXACT,100.0
2019-02-01,PATTERN_B_PROGRESSED_PREVIOUS_ET_ONLY_CANDIDATE_V01_battle_a_all_universe_P1,2019-02-01,193230953.40545872,17400667.809254847,42934245.0,253565866.21471357,0.0,0.16932186354942702,0.830678136450573,13,False,True,EXACT,100.0
2019-02-07,PATTERN_B_PROGRESSED_PREVIOUS_ET_ONLY_CANDIDATE_V01_battle_a_all_universe_P1,2019-02-07,210631621.21471357,0.0,43857920.0,254489541.21471357,0.0,0.1723368268521375,0.8276631731478625,13,False,True,EXACT,100.0
2019-02-08,PATTERN_B_PROGRESSED_PREVIOUS_ET_ONLY_CANDIDATE_V01_battle_a_all_universe_P1,2019-02-08,210631621.21471357,0.0,43911665.0,254543286.21471357,0.0,0.17251158202993977,0.8274884179700602,13,False,True,EXACT,100.0
2019-02-11,PATTERN_B_PROGRESSED_PREVIOUS_ET_ONLY_CANDIDATE_V01_battle_a_all_universe_P1,2019-02-11,210631621.21471357,0.0,43754257.0,254385878.21471357,-0.0006183938391807198,0.17199955165384362,0.8280004483461564,13,False,True,EXACT,100.0
2019-02-12,PATTERN_B_PROGRESSED_PREVIOUS_ET_ONLY_CANDIDATE_V01_battle_a_all_universe_P1,2019-02-12,210631621.21471357,0.0,45887694.0,256519315.21471357,0.0,0.17888592116968177,0.8211140788303183,13,False,True,EXACT,100.0
2019-02-13,PATTERN_B_PROGRESSED_PREVIOUS_ET_ONLY_CANDIDATE_V01_battle_a_all_universe_P1,2019-02-13,210631621.21471357,0.0,46792396.0,257424017.21471357,0.0,0.18177167968352834,0.8182283203164716,13,False,True,EXACT,100.0
2019-02-14,PATTERN_B_PROGRESSED_PREVIOUS_ET_ONLY_CANDIDATE_V01_battle_a_all_universe_P1,2019-02-14,210631621.21471357,0.0,47476486.0,258108107.21471357,0.0,0.183940312887985,0.8160596871120149,13,False,True,EXACT,100.0
2019-02-15,PATTERN_B_PROGRESSED_PREVIOUS_ET_ONLY_CANDIDATE_V01_battle_a_all_universe_P1,2019-02-15,210631621.21471357,0.0,47097611.0,257729232.21471357,-0.0014678926752379473,0.18274066389474633,0.8172593361052537,13,False,True,EXACT,100.0
2019-02-18,PATTERN_B_PROGRESSED_PREVIOUS_ET_ONLY_CANDIDATE_V01_battle_a_all_universe_P1,2019-02-18,210631621.21471357,0.0,48452916.0,259084537.21471357,0.0,0.1870158540563351,0.8129841459436649,13,False,True,EXACT,100.0
2019-02-19,PATTERN_B_PROGRESSED_PREVIOUS_ET_ONLY_CANDIDATE_V01_battle_a_all_universe_P1,2019-02-19,210631621.21471357,0.0,48823936.0,259455557.21471357,0.0,0.18817841685154402,0.811821583148456,13,False,True,EXACT,100.0
2019-02-20,PATTERN_B_PROGRESSED_PREVIOUS_ET_ONLY_CANDIDATE_V01_battle_a_all_universe_P1,2019-02-20,210631621.21471357,0.0,48092841.0,258724462.21471357,-0.0028178043586669643,0.1858843983607862,0.8141156016392138,13,False,True,EXACT,100.0
2019-02-21,PATTERN_B_PROGRESSED_PREVIOUS_ET_ONLY_CANDIDATE_V01_battle_a_all_universe_P1,2019-02-21,210631621.21471357,0.0,47921381.0,258553002.21471357,-0.003478649714382831,0.18534451578405584,0.8146554842159441,13,False,True,EXACT,100.0
2019-02-22,PATTERN_B_PROGRESSED_PREVIOUS_ET_ONLY_CANDIDATE_V01_battle_a_all_universe_P1,2019-02-22,210631621.21471357,0.0,46929471.0,257561092.21471357,-0.00730169367092115,0.182207143930255,0.817792856069745,13,False,True,EXACT,100.0
2019-02-25,PATTERN_B_PROGRESSED_PREVIOUS_ET_ONLY_CANDIDATE_V01_battle_a_all_universe_P1,2019-02-25,210631621.21471357,0.0,46659051.0,257290672.21471357,-0.008343953096400347,0.18134761978880526,0.8186523802111947,13,False,True,EXACT,100.0
2019-02-26,PATTERN_B_PROGRESSED_PREVIOUS_ET_ONLY_CANDIDATE_V01_battle_a_all_universe_P1,2019-02-26,210631621.21471357,0.0,45923566.0,256555187.21471357,-0.011178677501209933,0.1790007307923426,0.8209992692076574,13,False,True,EXACT,100.0
2019-02-27,PATTERN_B_PROGRESSED_PREVIOUS_ET_ONLY_CANDIDATE_V01_battle_a_all_universe_P1,2019-02-27,210631621.21471357,0.0,45779216.0,256410837.21471357,-0.011735034827102697,0.1785385379856833,0.8214614620143167,13,False,True,EXACT,100.0
2019-02-28,PATTERN_B_PROGRESSED_PREVIOUS_ET_ONLY_CANDIDATE_V01_battle_a_all_universe_P1,2019-02-28,210631621.21471357,0.0,43524426.0,254156047.21471357,-0.02042550198920723,0.17125079838541135,0.8287492016145886,13,False,True,EXACT,100.0
2019-03-04,PATTERN_B_PROGRESSED_PREVIOUS_ET_ONLY_CANDIDATE_V01_battle_a_all_universe_P1,2019-03-04,195647713.2716095,2560762.1180565,57156727.0,255365202.389666,-0.01576514632778747,0.22382347502767275,0.7761765249723273,15,False,True,EXACT,100.0
2019-03-05,PATTERN_B_PROGRESSED_PREVIOUS_ET_ONLY_CANDIDATE_V01_battle_a_all_universe_P1,2019-03-05,198208475.389666,0.0,57263516.0,255471991.389666,-0.015353557533365758,0.22414792200314898,0.7758520779968511,15,False,True,EXACT,100.0
2019-03-06,PATTERN_B_PROGRESSED_PREVIOUS_ET_ONLY_CANDIDATE_V01_battle_a_all_universe_P1,2019-03-06,198208475.389666,0.0,57310540.0,255519015.389666,-0.01517231647418471,0.22429070459825284,0.7757092954017472,15,False,True,EXACT,100.0
2019-03-07,PATTERN_B_PROGRESSED_PREVIOUS_ET_ONLY_CANDIDATE_V01_battle_a_all_universe_P1,2019-03-07,198208475.389666,0.0,56148729.0,254357204.389666,-0.01965019705023474,0.2207475472720725,0.7792524527279275,15,False,True,EXACT,100.0
2019-03-08,PATTERN_B_PROGRESSED_PREVIOUS_ET_ONLY_CANDIDATE_V01_battle_a_all_universe_P1,2019-03-08,198208475.389666,0.0,56354155.0,254562630.389666,-0.018858439100606472,0.22137638550378408,0.7786236144962159,15,False,True,EXACT,100.0
2019-03-11,PATTERN_B_PROGRESSED_PREVIOUS_ET_ONLY_CANDIDATE_V01_battle_a_all_universe_P1,2019-03-11,198208475.389666,0.0,55924001.0,254132476.389666,-0.020516349243745235,0.22005845846420158,0.7799415415357984,15,False,True,EXACT,100.0
2019-03-12,PATTERN_B_PROGRESSED_PREVIOUS_ET_ONLY_CANDIDATE_V01_battle_a_all_universe_P1,2019-03-12,198208475.389666,0.0,57158877.0,255367352.389666,-0.01575685974482466,0.22383000984707338,0.7761699901529266,15,False,True,EXACT,100.0
2019-03-13,PATTERN_B_PROGRESSED_PREVIOUS_ET_ONLY_CANDIDATE_V01_battle_a_all_universe_P1,2019-03-13,198208475.389666,0.0,57092178.0,255300653.389666,-0.016013932673676234,0.22362723025569414,0.7763727697443058,15,False,True,EXACT,100.0
2019-03-14,PATTERN_B_PROGRESSED_PREVIOUS_ET_ONLY_CANDIDATE_V01_battle_a_all_universe_P1,2019-03-14,198208475.389666,0.0,58066698.0,256275173.389666,-0.012257913683520139,0.22657948966328345,0.7734205103367165,15,False,True,EXACT,100.0
2019-03-15,PATTERN_B_PROGRESSED_PREVIOUS_ET_ONLY_CANDIDATE_V01_battle_a_all_universe_P1,2019-03-15,198208475.389666,0.0,56611572.0,254820047.389666,-0.017866296158040806,0.22216294432058814,0.7778370556794119,15,False,True,EXACT,100.0
2019-03-18,PATTERN_B_PROGRESSED_PREVIOUS_ET_ONLY_CANDIDATE_V01_battle_a_all_universe_P1,2019-03-18,198208475.389666,0.0,57122113.0,255330588.389666,-0.015898556459262636,0.22371825232637071,0.7762817476736292,15,False,True,EXACT,100.0
2019-03-19,PATTERN_B_PROGRESSED_PREVIOUS_ET_ONLY_CANDIDATE_V01_battle_a_all_universe_P1,2019-03-19,198208475.389666,0.0,58461627.0,256670102.389666,-0.010735768603107876,0.22776952381951351,0.7722304761804865,15,False,True,EXACT,100.0
2019-03-20,PATTERN_B_PROGRESSED_PREVIOUS_ET_ONLY_CANDIDATE_V01_battle_a_all_universe_P1,2019-03-20,198208475.389666,0.0,58439551.0,256648026.389666,-0.010820854466124241,0.22770309915133283,0.7722969008486672,15,False,True,EXACT,100.0
2019-03-21,PATTERN_B_PROGRESSED_PREVIOUS_ET_ONLY_CANDIDATE_V01_battle_a_all_universe_P1,2019-03-21,198208475.389666,0.0,57874034.0,256082509.389666,-0.013000484018371616,0.2259976057636034,0.7740023942363966,15,False,True,EXACT,100.0
2019-03-22,PATTERN_B_PROGRESSED_PREVIOUS_ET_ONLY_CANDIDATE_V01_battle_a_all_universe_P1,2019-03-22,198208475.389666,0.0,58275340.0,256483815.389666,-0.011453760547469383,0.22720864437962496,0.772791355620375,15,False,True,EXACT,100.0
2019-03-25,PATTERN_B_PROGRESSED_PREVIOUS_ET_ONLY_CANDIDATE_V01_battle_a_all_universe_P1,2019-03-25,198208475.389666,0.0,57589369.0,255797844.389666,-0.014097646873759695,0.2251362560830343,0.7748637439169657,15,False,True,EXACT,100.0
2019-03-26,PATTERN_B_PROGRESSED_PREVIOUS_ET_ONLY_CANDIDATE_V01_battle_a_all_universe_P1,2019-03-26,198208475.389666,0.0,57654197.0,255862672.389666,-0.013847785199198048,0.22533258353604452,0.7746674164639555,15,False,True,EXACT,100.0
2019-03-27,PATTERN_B_PROGRESSED_PREVIOUS_ET_ONLY_CANDIDATE_V01_battle_a_all_universe_P1,2019-03-27,198208475.389666,0.0,57483998.0,255692473.389666,-0.014503770377650604,0.22481693433500674,0.7751830656649933,15,False,True,EXACT,100.0
2019-03-28,PATTERN_B_PROGRESSED_PREVIOUS_ET_ONLY_CANDIDATE_V01_battle_a_all_universe_P1,2019-03-28,198208475.389666,0.0,57200016.0,255408491.389666,-0.015598300797613707,0.22395502862405753,0.7760449713759424,15,False,True,EXACT,100.0
2019-03-29,PATTERN_B_PROGRESSED_PREVIOUS_ET_ONLY_CANDIDATE_V01_battle_a_all_universe_P1,2019-03-29,198208475.389666,0.0,58246148.0,256454623.389666,-0.011566273072980082,0.22712067823202703,0.772879321767973,15,False,True,EXACT,100.0
2019-04-01,PATTERN_B_PROGRESSED_PREVIOUS_ET_ONLY_CANDIDATE_V01_battle_a_all_universe_P1,2019-04-01,193209532.460686,0.0,64927117.0,258136649.460686,-0.005083366755317176,0.2515222737090974,0.7484777262909026,16,False,True,EXACT,100.0
2019-04-02,PATTERN_B_PROGRESSED_PREVIOUS_ET_ONLY_CANDIDATE_V01_battle_a_all_universe_P1,2019-04-02,193209532.460686,0.0,64962037.0,258171569.460686,-0.004948777231103985,0.25162351197579225,0.7483764880242078,16,False,True,EXACT,100.0
2019-04-03,PATTERN_B_PROGRESSED_PREVIOUS_ET_ONLY_CANDIDATE_V01_battle_a_all_universe_P1,2019-04-03,193209532.460686,0.0,65990211.0,259199743.460686,-0.0009859636724446341,0.2545921154046552,0.7454078845953448,16,False,True,EXACT,100.0
2019-04-04,PATTERN_B_PROGRESSED_PREVIOUS_ET_ONLY_CANDIDATE_V01_battle_a_all_universe_P1,2019-04-04,193209532.460686,0.0,65755683.0,258965215.460686,-0.0018898872673664968,0.2539170478283115,0.7460829521716885,16,False,True,EXACT,100.0
2019-04-05,PATTERN_B_PROGRESSED_PREVIOUS_ET_ONLY_CANDIDATE_V01_battle_a_all_universe_P1,2019-04-05,193209532.460686,0.0,67418818.0,260628350.460686,0.0,0.2586779906362093,0.7413220093637908,16,False,True,EXACT,100.0
2019-04-08,PATTERN_B_PROGRESSED_PREVIOUS_ET_ONLY_CANDIDATE_V01_battle_a_all_universe_P1,2019-04-08,193209532.460686,0.0,66419790.0,259629322.460686,-0.00383315168220999,0.25582545673383067,0.7441745432661693,16,False,True,EXACT,100.0
2019-04-09,PATTERN_B_PROGRESSED_PREVIOUS_ET_ONLY_CANDIDATE_V01_battle_a_all_universe_P1,2019-04-09,193209532.460686,0.0,67836097.0,261045629.460686,0.0,0.2598629869427339,0.7401370130572661,16,False,True,EXACT,100.0
2019-04-10,PATTERN_B_PROGRESSED_PREVIOUS_ET_ONLY_CANDIDATE_V01_battle_a_all_universe_P1,2019-04-10,193209532.460686,0.0,69890290.0,263099822.460686,0.0,0.2656417223939535,0.7343582776060466,16,False,True,EXACT,100.0
2019-04-11,PATTERN_B_PROGRESSED_PREVIOUS_ET_ONLY_CANDIDATE_V01_battle_a_all_universe_P1,2019-04-11,193209532.460686,0.0,69730483.0,262940015.460686,-0.0006074006379228614,0.2651954016121441,0.734804598387856,16,False,True,EXACT,100.0
2019-04-12,PATTERN_B_PROGRESSED_PREVIOUS_ET_ONLY_CANDIDATE_V01_battle_a_all_universe_P1,2019-04-12,193209532.460686,0.0,69285422.0,262494954.460686,-0.002299005732283921,0.26394953816293987,0.7360504618370601,16,False,True,EXACT,100.0
2019-04-15,PATTERN_B_PROGRESSED_PREVIOUS_ET_ONLY_CANDIDATE_V01_battle_a_all_universe_P1,2019-04-15,193209532.460686,0.0,68781737.0,261991269.460686,-0.004213431197452211,0.2625344620894754,0.7374655379105246,16,False,True,EXACT,100.0
2019-04-16,PATTERN_B_PROGRESSED_PREVIOUS_ET_ONLY_CANDIDATE_V01_battle_a_all_universe_P1,2019-04-16,193209532.460686,0.0,68665085.0,261874617.460686,-0.0046568066391723395,0.2622059582017656,0.7377940417982344,16,False,True,EXACT,100.0
2019-04-17,PATTERN_B_PROGRESSED_PREVIOUS_ET_ONLY_CANDIDATE_V01_battle_a_all_universe_P1,2019-04-17,193209532.460686,0.0,68991232.0,262200764.460686,-0.0034171744837810936,0.26312368746104264,0.7368763125389574,16,False,True,EXACT,100.0
2019-04-18,PATTERN_B_PROGRESSED_PREVIOUS_ET_ONLY_CANDIDATE_V01_battle_a_all_universe_P1,2019-04-18,193209532.460686,0.0,67300502.0,260510034.460686,-0.009843366581469226,0.2583413039706017,0.7416586960293983,16,False,True,EXACT,100.0
2019-04-19,PATTERN_B_PROGRESSED_PREVIOUS_ET_ONLY_CANDIDATE_V01_battle_a_all_universe_P1,2019-04-19,193209532.460686,0.0,67414983.0,260624515.460686,-0.009408242760672647,0.25866708233811275,0.7413329176618872,16,False,True,EXACT,100.0
2019-04-22,PATTERN_B_PROGRESSED_PREVIOUS_ET_ONLY_CANDIDATE_V01_battle_a_all_universe_P1,2019-04-22,193209532.460686,0.0,67439104.0,260648636.460686,-0.009316562729213773,0.2587356869222369,0.7412643130777631,16,False,True,EXACT,100.0
2019-04-23,PATTERN_B_PROGRESSED_PREVIOUS_ET_ONLY_CANDIDATE_V01_battle_a_all_universe_P1,2019-04-23,193209532.460686,0.0,67393159.0,260602691.460686,-0.009491192265525528,0.25860499990333674,0.7413950000966633,16,False,True,EXACT,100.0
2019-04-24,PATTERN_B_PROGRESSED_PREVIOUS_ET_ONLY_CANDIDATE_V01_battle_a_all_universe_P1,2019-04-24,193209532.460686,0.0,66204907.0,259414439.460686,-0.014007546510415025,0.25520902821615404,0.7447909717838459,16,False,True,EXACT,100.0
2019-04-25,PATTERN_B_PROGRESSED_PREVIOUS_ET_ONLY_CANDIDATE_V01_battle_a_all_universe_P1,2019-04-25,193209532.460686,0.0,65121346.0,258330878.460686,-0.018125987145858335,0.2520850251740636,0.7479149748259364,16,False,True,EXACT,100.0
2019-04-26,PATTERN_B_PROGRESSED_PREVIOUS_ET_ONLY_CANDIDATE_V01_battle_a_all_universe_P1,2019-04-26,193209532.460686,0.0,65046746.0,258256278.460686,-0.01840952971651566,0.25186898218972814,0.7481310178102718,16,False,True,EXACT,100.0
2019-04-29,PATTERN_B_PROGRESSED_PREVIOUS_ET_ONLY_CANDIDATE_V01_battle_a_all_universe_P1,2019-04-29,193209532.460686,0.0,65379432.0,258588964.460686,-0.01714504387654625,0.25283148542845035,0.7471685145715496,16,False,True,EXACT,100.0
2019-04-30,PATTERN_B_PROGRESSED_PREVIOUS_ET_ONLY_CANDIDATE_V01_battle_a_all_universe_P1,2019-04-30,193209532.460686,0.0,65307241.0,258516773.460686,-0.017419430226657928,0.2526228380686935,0.7473771619313065,16,False,True,EXACT,100.0
2019-05-02,PATTERN_B_PROGRESSED_PREVIOUS_ET_ONLY_CANDIDATE_V01_battle_a_all_universe_P1,2019-05-02,173230660.159298,26054464.785968702,59086371.0,258371495.9452667,-0.017971606636586923,0.22868765296198476,0.7713123470380152,15,False,True,EXACT,100.0
2019-05-03,PATTERN_B_PROGRESSED_PREVIOUS_ET_ONLY_CANDIDATE_V01_battle_a_all_universe_P1,2019-05-03,199285124.9452667,0.0,59058771.0,258343895.9452667,-0.018076509786052686,0.22860525031530965,0.7713947496846904,15,False,True,EXACT,100.0
2019-05-07,PATTERN_B_PROGRESSED_PREVIOUS_ET_ONLY_CANDIDATE_V01_battle_a_all_universe_P1,2019-05-07,199285124.9452667,0.0,58311991.0,257597115.9452667,-0.02091490014685038,0.2263689590856674,0.7736310409143325,15,False,True,EXACT,100.0
2019-05-08,PATTERN_B_PROGRESSED_PREVIOUS_ET_ONLY_CANDIDATE_V01_battle_a_all_universe_P1,2019-05-08,199285124.9452667,0.0,58501941.0,257787065.9452667,-0.020192930826523736,0.2269390079191216,0.7730609920808784,15,False,True,EXACT,100.0
2019-05-09,PATTERN_B_PROGRESSED_PREVIOUS_ET_ONLY_CANDIDATE_V01_battle_a_all_universe_P1,2019-05-09,199285124.9452667,0.0,56814456.0,256099580.9452667,-0.02660678920247206,0.22184517362463907,0.7781548263753609,15,False,True,EXACT,100.0
2019-05-10,PATTERN_B_PROGRESSED_PREVIOUS_ET_ONLY_CANDIDATE_V01_battle_a_all_universe_P1,2019-05-10,199285124.9452667,0.0,56678996.0,255964120.9452667,-0.027121650819378895,0.2214333625770925,0.7785666374229074,15,False,True,EXACT,100.0
2019-05-13,PATTERN_B_PROGRESSED_PREVIOUS_ET_ONLY_CANDIDATE_V01_battle_a_all_universe_P1,2019-05-13,199285124.9452667,0.0,56041566.0,255326690.9452667,-0.029544419462999905,0.21948964987766748,0.7805103501223325,15,False,True,EXACT,100.0
2019-05-14,PATTERN_B_PROGRESSED_PREVIOUS_ET_ONLY_CANDIDATE_V01_battle_a_all_universe_P1,2019-05-14,199285124.9452667,0.0,56126796.0,255411920.9452667,-0.02922047397644323,0.21975010325390273,0.7802498967460972,15,False,True,EXACT,100.0
2019-05-15,PATTERN_B_PROGRESSED_PREVIOUS_ET_ONLY_CANDIDATE_V01_battle_a_all_universe_P1,2019-05-15,199285124.9452667,0.0,57359076.0,256644200.9452667,-0.02453677640312335,0.22349648185595553,0.7765035181440445,15,False,True,EXACT,100.0
2019-05-16,PATTERN_B_PROGRESSED_PREVIOUS_ET_ONLY_CANDIDATE_V01_battle_a_all_universe_P1,2019-05-16,199285124.9452667,0.0,56847766.0,256132890.9452667,-0.0264801832637509,0.2219463724092657,0.7780536275907343,15,False,True,EXACT,100.0
2019-05-17,PATTERN_B_PROGRESSED_PREVIOUS_ET_ONLY_CANDIDATE_V01_battle_a_all_universe_P1,2019-05-17,199285124.9452667,0.0,56992716.0,256277840.9452667,-0.02592925168711846,0.2223864372736461,0.777613562726354,15,False,True,EXACT,100.0
2019-05-20,PATTERN_B_PROGRESSED_PREVIOUS_ET_ONLY_CANDIDATE_V01_battle_a_all_universe_P1,2019-05-20,199285124.9452667,0.0,55577296.0,254862420.9452667,-0.03130903486888592,0.2180678335937787,0.7819321664062213,15,False,True,EXACT,100.0
2019-05-21,PATTERN_B_PROGRESSED_PREVIOUS_ET_ONLY_CANDIDATE_V01_battle_a_all_universe_P1,2019-05-21,199285124.9452667,0.0,55846116.0,255131240.9452667,-0.030287293396444648,0.2188917193875942,0.7811082806124058,15,False,True,EXACT,100.0
2019-05-22,PATTERN_B_PROGRESSED_PREVIOUS_ET_ONLY_CANDIDATE_V01_battle_a_all_universe_P1,2019-05-22,199285124.9452667,0.0,57802631.0,257087755.9452667,-0.022850895371917868,0.22483618789027832,0.7751638121097216,15,False,True,EXACT,100.0
2019-05-23,PATTERN_B_PROGRESSED_PREVIOUS_ET_ONLY_CANDIDATE_V01_battle_a_all_universe_P1,2019-05-23,199285124.9452667,0.0,56183561.0,255468685.9452667,-0.029004719364869924,0.2199234743472127,0.7800765256527873,15,False,True,EXACT,100.0
2019-05-24,PATTERN_B_PROGRESSED_PREVIOUS_ET_ONLY_CANDIDATE_V01_battle_a_all_universe_P1,2019-05-24,199285124.9452667,0.0,55188291.0,254473415.9452667,-0.03278758014634664,0.21687252004299792,0.783127479957002,15,False,True,EXACT,100.0
2019-05-27,PATTERN_B_PROGRESSED_PREVIOUS_ET_ONLY_CANDIDATE_V01_battle_a_all_universe_P1,2019-05-27,199285124.9452667,0.0,55160341.0,254445465.9452667,-0.03289381358937438,0.21678649605753023,0.7832135039424698,15,False,True,EXACT,100.0
2019-05-28,PATTERN_B_PROGRESSED_PREVIOUS_ET_ONLY_CANDIDATE_V01_battle_a_all_universe_P1,2019-05-28,199285124.9452667,0.0,56137341.0,255422465.9452667,-0.029180394131837595,0.2197823155149924,0.7802176844850076,15,False,True,EXACT,100.0
2019-05-29,PATTERN_B_PROGRESSED_PREVIOUS_ET_ONLY_CANDIDATE_V01_battle_a_all_universe_P1,2019-05-29,199285124.9452667,0.0,54996431.0,254281555.9452667,-0.03351680906868337,0.21628163629704159,0.7837183637029584,15,False,True,EXACT,100.0
2019-05-30,PATTERN_B_PROGRESSED_PREVIOUS_ET_ONLY_CANDIDATE_V01_battle_a_all_universe_P1,2019-05-30,199285124.9452667,0.0,55284511.0,254569635.9452667,-0.03242186344194109,0.21716851970470802,0.7828314802952919,15,False,True,EXACT,100.0
2019-05-31,PATTERN_B_PROGRESSED_PREVIOUS_ET_ONLY_CANDIDATE_V01_battle_a_all_universe_P1,2019-05-31,199285124.9452667,0.0,55557076.0,254842200.9452667,-0.031385887828385806,0.21800579258037478,0.7819942074196252,15,False,True,EXACT,100.0
2019-06-03,PATTERN_B_PROGRESSED_PREVIOUS_ET_ONLY_CANDIDATE_V01_battle_a_all_universe_P1,2019-06-03,179319517.8833662,14471141.203169998,61242241.0,255032900.0865362,-0.030661071142893737,0.24013466881810017,0.7598653311818998,16,False,True,EXACT,100.0
2019-06-04,PATTERN_B_PROGRESSED_PREVIOUS_ET_ONLY_CANDIDATE_V01_battle_a_all_universe_P1,2019-06-04,193790659.0865362,0.0,61430511.0,255221170.0865362,-0.029945487231665013,0.2406952016526339,0.7593047983473661,16,False,True,EXACT,100.0
2019-06-05,PATTERN_B_PROGRESSED_PREVIOUS_ET_ONLY_CANDIDATE_V01_battle_a_all_universe_P1,2019-06-05,193790659.0865362,0.0,62020581.0,255811240.0865362,-0.0277027263111852,0.24244666097947684,0.7575533390205231,16,False,True,EXACT,100.0
2019-06-07,PATTERN_B_PROGRESSED_PREVIOUS_ET_ONLY_CANDIDATE_V01_battle_a_all_universe_P1,2019-06-07,193790659.0865362,0.0,62701581.0,256492240.0865362,-0.02511435512328075,0.24445800379319677,0.7555419962068033,16,False,True,EXACT,100.0
2019-06-10,PATTERN_B_PROGRESSED_PREVIOUS_ET_ONLY_CANDIDATE_V01_battle_a_all_universe_P1,2019-06-10,193790659.0865362,0.0,63359351.0,257150010.0865362,-0.022614277419510054,0.2463906222623841,0.7536093777376159,16,False,True,EXACT,100.0
2019-06-11,PATTERN_B_PROGRESSED_PREVIOUS_ET_ONLY_CANDIDATE_V01_battle_a_all_universe_P1,2019-06-11,193790659.0865362,0.0,64174496.0,257965155.0865362,-0.019516042717653503,0.24877195518314177,0.7512280448168582,16,False,True,EXACT,100.0
2019-06-12,PATTERN_B_PROGRESSED_PREVIOUS_ET_ONLY_CANDIDATE_V01_battle_a_all_universe_P1,2019-06-12,193790659.0865362,0.0,63991671.0,257782330.0865362,-0.0202109310618952,0.24823916743447205,0.751760832565528,16,False,True,EXACT,100.0
2019-06-13,PATTERN_B_PROGRESSED_PREVIOUS_ET_ONLY_CANDIDATE_V01_battle_a_all_universe_P1,2019-06-13,193790659.0865362,0.0,64308531.0,258099190.0865362,-0.019006597295963656,0.24916207981295277,0.7508379201870472,16,False,True,EXACT,100.0
2019-06-14,PATTERN_B_PROGRESSED_PREVIOUS_ET_ONLY_CANDIDATE_V01_battle_a_all_universe_P1,2019-06-14,193790659.0865362,0.0,63353741.0,257144400.0865362,-0.02263560012489063,0.24637418111644552,0.7536258188835545,16,False,True,EXACT,100.0
2019-06-17,PATTERN_B_PROGRESSED_PREVIOUS_ET_ONLY_CANDIDATE_V01_battle_a_all_universe_P1,2019-06-17,193790659.0865362,0.0,63002306.0,256792965.0865362,-0.023971347890560435,0.24534280360355265,0.7546571963964473,16,False,True,EXACT,100.0
2019-06-18,PATTERN_B_PROGRESSED_PREVIOUS_ET_ONLY_CANDIDATE_V01_battle_a_all_universe_P1,2019-06-18,193790659.0865362,0.0,63106236.0,256896895.0865362,-0.02357632671940202,0.24564810710827215,0.7543518928917279,16,False,True,EXACT,100.0
2019-06-19,PATTERN_B_PROGRESSED_PREVIOUS_ET_ONLY_CANDIDATE_V01_battle_a_all_universe_P1,2019-06-19,193790659.0865362,0.0,64341776.0,258132435.0865362,-0.01888023841176123,0.2492587805884607,0.7507412194115393,16,False,True,EXACT,100.0
2019-06-20,PATTERN_B_PROGRESSED_PREVIOUS_ET_ONLY_CANDIDATE_V01_battle_a_all_universe_P1,2019-06-20,193790659.0865362,0.0,64696761.0,258487420.0865362,-0.017530997668533277,0.25028978577890126,0.7497102142210987,16,False,True,EXACT,100.0
2019-06-21,PATTERN_B_PROGRESSED_PREVIOUS_ET_ONLY_CANDIDATE_V01_battle_a_all_universe_P1,2019-06-21,193790659.0865362,0.0,64155771.0,257946430.0865362,-0.019587213423224004,0.24871742159206056,0.7512825784079394,16,False,True,EXACT,100.0
2019-06-24,PATTERN_B_PROGRESSED_PREVIOUS_ET_ONLY_CANDIDATE_V01_battle_a_all_universe_P1,2019-06-24,193790659.0865362,0.0,64308621.0,258099280.0865362,-0.019006255220476276,0.24916234163240764,0.7508376583675923,16,False,True,EXACT,100.0
2019-06-25,PATTERN_B_PROGRESSED_PREVIOUS_ET_ONLY_CANDIDATE_V01_battle_a_all_universe_P1,2019-06-25,193790659.0865362,0.0,63525821.0,257316480.0865362,-0.021981551793004317,0.24687816722285374,0.7531218327771463,16,False,True,EXACT,100.0
2019-06-26,PATTERN_B_PROGRESSED_PREVIOUS_ET_ONLY_CANDIDATE_V01_battle_a_all_universe_P1,2019-06-26,193790659.0865362,0.0,63098641.0,256889300.0865362,-0.023605194089698855,0.24562580449533894,0.754374195504661,16,False,True,EXACT,100.0
2019-06-27,PATTERN_B_PROGRESSED_PREVIOUS_ET_ONLY_CANDIDATE_V01_battle_a_all_universe_P1,2019-06-27,193790659.0865362,0.0,62768401.0,256559060.0865362,-0.0248603830780888,0.24465478232898305,0.7553452176710169,16,False,True,EXACT,100.0
2019-06-28,PATTERN_B_PROGRESSED_PREVIOUS_ET_ONLY_CANDIDATE_V01_battle_a_all_universe_P1,2019-06-28,193790659.0865362,0.0,62080106.0,255870765.0865362,-0.027476481384665408,0.24262289589435643,0.7573771041056436,16,False,True,EXACT,100.0
2019-07-01,PATTERN_B_PROGRESSED_PREVIOUS_ET_ONLY_CANDIDATE_V01_battle_a_all_universe_P1,2019-07-01,193790659.0865362,0.0,63558101.0,257348760.0865362,-0.021858860718194317,0.24697263347461992,0.75302736652538,16,False,True,EXACT,100.0
2019-07-02,PATTERN_B_PROGRESSED_PREVIOUS_ET_ONLY_CANDIDATE_V01_battle_a_all_universe_P1,2019-07-02,193790659.0865362,0.0,63543536.0,257334195.0865362,-0.02191421993456999,0.24693001246348786,0.7530699875365121,16,False,True,EXACT,100.0
2019-07-03,PATTERN_B_PROGRESSED_PREVIOUS_ET_ONLY_CANDIDATE_V01_battle_a_all_universe_P1,2019-07-03,193790659.0865362,0.0,63128266.0,256918925.0865362,-0.023492594241766862,0.2457127904405522,0.7542872095594478,16,False,True,EXACT,100.0
2019-07-04,PATTERN_B_PROGRESSED_PREVIOUS_ET_ONLY_CANDIDATE_V01_battle_a_all_universe_P1,2019-07-04,193790659.0865362,0.0,63319336.0,257109995.0865362,-0.02276636798204168,0.2462733351874883,0.7537266648125117,16,False,True,EXACT,100.0
2019-07-05,PATTERN_B_PROGRESSED_PREVIOUS_ET_ONLY_CANDIDATE_V01_battle_a_all_universe_P1,2019-07-05,193790659.0865362,0.0,63372326.0,257162985.0865362,-0.02256496153674492,0.24642864515931406,0.7535713548406859,16,False,True,EXACT,100.0
2019-07-08,PATTERN_B_PROGRESSED_PREVIOUS_ET_ONLY_CANDIDATE_V01_battle_a_all_universe_P1,2019-07-08,193790659.0865362,0.0,60946856.0,254737515.0865362,-0.03178378189669573,0.2392535547003978,0.7607464452996022,16,False,True,EXACT,100.0
2019-07-09,PATTERN_B_PROGRESSED_PREVIOUS_ET_ONLY_CANDIDATE_V01_battle_a_all_universe_P1,2019-07-09,193790659.0865362,0.0,59575181.0,253365840.0865362,-0.03699729738739865,0.23513501654229438,0.7648649834577056,16,False,True,EXACT,100.0
2019-07-10,PATTERN_B_PROGRESSED_PREVIOUS_ET_ONLY_CANDIDATE_V01_battle_a_all_universe_P1,2019-07-10,193790659.0865362,0.0,59933921.0,253724580.0865362,-0.03563378449466914,0.2362164555738302,0.7637835444261698,16,False,True,EXACT,100.0
2019-07-11,PATTERN_B_PROGRESSED_PREVIOUS_ET_ONLY_CANDIDATE_V01_battle_a_all_universe_P1,2019-07-11,193790659.0865362,0.0,61382901.0,255173560.0865362,-0.030126445164493365,0.24055353140499122,0.7594464685950088,16,False,True,EXACT,100.0
2019-07-12,PATTERN_B_PROGRESSED_PREVIOUS_ET_ONLY_CANDIDATE_V01_battle_a_all_universe_P1,2019-07-12,193790659.0865362,0.0,61310266.0,255100925.0865362,-0.030402519087009416,0.24033729387379574,0.7596627061262042,16,False,True,EXACT,100.0
2019-07-15,PATTERN_B_PROGRESSED_PREVIOUS_ET_ONLY_CANDIDATE_V01_battle_a_all_universe_P1,2019-07-15,193790659.0865362,0.0,60705836.0,254496495.0865362,-0.03269986005192138,0.23853309248663032,0.7614669075133697,16,False,True,EXACT,100.0
2019-07-16,PATTERN_B_PROGRESSED_PREVIOUS_ET_ONLY_CANDIDATE_V01_battle_a_all_universe_P1,2019-07-16,193790659.0865362,0.0,60547146.0,254337805.0865362,-0.03330301515296186,0.23805798740536968,0.7619420125946303,16,False,True,EXACT,100.0
2019-07-17,PATTERN_B_PROGRESSED_PREVIOUS_ET_ONLY_CANDIDATE_V01_battle_a_all_universe_P1,2019-07-17,193790659.0865362,0.0,59927231.0,253717890.0865362,-0.0356592121058984,0.23619631622965362,0.7638036837703464,16,False,True,EXACT,100.0
2019-07-18,PATTERN_B_PROGRESSED_PREVIOUS_ET_ONLY_CANDIDATE_V01_battle_a_all_universe_P1,2019-07-18,193790659.0865362,0.0,59626416.0,253417075.0865362,-0.036802561414106094,0.23528965433619234,0.7647103456638077,16,False,True,EXACT,100.0
2019-07-19,PATTERN_B_PROGRESSED_PREVIOUS_ET_ONLY_CANDIDATE_V01_battle_a_all_universe_P1,2019-07-19,193790659.0865362,0.0,60043451.0,253834110.0865362,-0.035217478626517695,0.236546029922969,0.763453970077031,16,False,True,EXACT,100.0
2019-07-22,PATTERN_B_PROGRESSED_PREVIOUS_ET_ONLY_CANDIDATE_V01_battle_a_all_universe_P1,2019-07-22,193790659.0865362,0.0,59991636.0,253782295.0865362,-0.03541441908628462,0.23639015471722996,0.7636098452827701,16,False,True,EXACT,100.0
2019-07-23,PATTERN_B_PROGRESSED_PREVIOUS_ET_ONLY_CANDIDATE_V01_battle_a_all_universe_P1,2019-07-23,193790659.0865362,0.0,59421176.0,253211835.0865362,-0.03758264555890123,0.23466982094139702,0.765330179058603,16,False,True,EXACT,100.0
2019-07-24,PATTERN_B_PROGRESSED_PREVIOUS_ET_ONLY_CANDIDATE_V01_battle_a_all_universe_P1,2019-07-24,193790659.0865362,0.0,58531406.0,252322065.0865362,-0.040964517852383864,0.2319710168031722,0.7680289831968278,16,False,True,EXACT,100.0
2019-07-25,PATTERN_B_PROGRESSED_PREVIOUS_ET_ONLY_CANDIDATE_V01_battle_a_all_universe_P1,2019-07-25,193790659.0865362,0.0,57396026.0,251186685.0865362,-0.04527991415094901,0.2284994763166946,0.7715005236833055,16,False,True,EXACT,100.0
2019-07-26,PATTERN_B_PROGRESSED_PREVIOUS_ET_ONLY_CANDIDATE_V01_battle_a_all_universe_P1,2019-07-26,193790659.0865362,0.0,55969941.0,249760600.0865362,-0.05070023327797202,0.22409435667838612,0.7759056433216138,16,False,True,EXACT,100.0
2019-07-29,PATTERN_B_PROGRESSED_PREVIOUS_ET_ONLY_CANDIDATE_V01_battle_a_all_universe_P1,2019-07-29,193790659.0865362,0.0,53267171.0,247057830.0865362,-0.06097302622295342,0.2156060829213236,0.7843939170786765,16,False,True,EXACT,100.0
2019-07-30,PATTERN_B_PROGRESSED_PREVIOUS_ET_ONLY_CANDIDATE_V01_battle_a_all_universe_P1,2019-07-30,193790659.0865362,0.0,54819136.0,248609795.0865362,-0.05507425751423678,0.22050271985831665,0.7794972801416833,16,False,True,EXACT,100.0
2019-07-31,PATTERN_B_PROGRESSED_PREVIOUS_ET_ONLY_CANDIDATE_V01_battle_a_all_universe_P1,2019-07-31,193790659.0865362,0.0,55507036.0,249297695.0865362,-0.052459660538966,0.22265362694481552,0.7773463730551845,16,False,True,EXACT,100.0
2019-08-01,PATTERN_B_PROGRESSED_PREVIOUS_ET_ONLY_CANDIDATE_V01_battle_a_all_universe_P1,2019-08-01,173813565.82896474,0.0,74809605.0,248623170.82896474,-0.055023418474120955,0.3008955470665433,0.6991044529334567,20,False,True,EXACT,100.0
2019-08-02,PATTERN_B_PROGRESSED_PREVIOUS_ET_ONLY_CANDIDATE_V01_battle_a_all_universe_P1,2019-08-02,173813565.82896474,0.0,74852407.0,248665972.82896474,-0.05486073497399657,0.3010158814591184,0.6989841185408816,20,False,True,EXACT,100.0
2019-08-05,PATTERN_B_PROGRESSED_PREVIOUS_ET_ONLY_CANDIDATE_V01_battle_a_all_universe_P1,2019-08-05,173813565.82896474,0.0,68968812.0,242782377.82896474,-0.07722333083199706,0.2840766805924734,0.7159233194075266,20,False,True,EXACT,100.0
2019-08-06,PATTERN_B_PROGRESSED_PREVIOUS_ET_ONLY_CANDIDATE_V01_battle_a_all_universe_P1,2019-08-06,173813565.82896474,0.0,66893266.0,240706831.82896474,-0.08511214649362742,0.2779034790650699,0.7220965209349302,20,False,True,EXACT,100.0
2019-08-07,PATTERN_B_PROGRESSED_PREVIOUS_ET_ONLY_CANDIDATE_V01_battle_a_all_universe_P1,2019-08-07,173813565.82896474,0.0,68051416.0,241864981.82896474,-0.08071020509675297,0.2813611771551232,0.7186388228448768,20,False,True,EXACT,100.0
2019-08-08,PATTERN_B_PROGRESSED_PREVIOUS_ET_ONLY_CANDIDATE_V01_battle_a_all_universe_P1,2019-08-08,173813565.82896474,0.0,70843377.0,244656942.82896474,-0.07009841154293106,0.28956209531942584,0.7104379046805742,20,False,True,EXACT,100.0
2019-08-09,PATTERN_B_PROGRESSED_PREVIOUS_ET_ONLY_CANDIDATE_V01_battle_a_all_universe_P1,2019-08-09,173813565.82896474,0.0,71725398.0,245538963.82896474,-0.06674599194891251,0.2921141185965166,0.7078858814034834,20,False,True,EXACT,100.0
2019-08-12,PATTERN_B_PROGRESSED_PREVIOUS_ET_ONLY_CANDIDATE_V01_battle_a_all_universe_P1,2019-08-12,173813565.82896474,0.0,72962360.0,246775925.82896474,-0.062044498848570995,0.2956623898984729,0.7043376101015271,20,False,True,EXACT,100.0
2019-08-13,PATTERN_B_PROGRESSED_PREVIOUS_ET_ONLY_CANDIDATE_V01_battle_a_all_universe_P1,2019-08-13,173813565.82896474,0.0,72633468.0,246447033.82896474,-0.06329456430632763,0.2947224272555373,0.7052775727444627,20,False,True,EXACT,100.0
2019-08-14,PATTERN_B_PROGRESSED_PREVIOUS_ET_ONLY_CANDIDATE_V01_battle_a_all_universe_P1,2019-08-14,173813565.82896474,0.0,73562114.0,247375679.82896474,-0.05976493060564814,0.2973700327003073,0.7026299672996926,20,False,True,EXACT,100.0
2019-08-16,PATTERN_B_PROGRESSED_PREVIOUS_ET_ONLY_CANDIDATE_V01_battle_a_all_universe_P1,2019-08-16,173813565.82896474,0.0,72813470.0,246627035.82896474,-0.06261040572987364,0.29523717768921315,0.7047628223107869,20,False,True,EXACT,100.0
2019-08-19,PATTERN_B_PROGRESSED_PREVIOUS_ET_ONLY_CANDIDATE_V01_battle_a_all_universe_P1,2019-08-19,173813565.82896474,0.0,75101460.0,248915025.82896474,-0.05391412468110213,0.30171525302616303,0.698284746973837,20,False,True,EXACT,100.0
2019-08-20,PATTERN_B_PROGRESSED_PREVIOUS_ET_ONLY_CANDIDATE_V01_battle_a_all_universe_P1,2019-08-20,173813565.82896474,0.0,75846791.0,249660356.82896474,-0.05108124173565132,0.30379989824319803,0.6962001017568019,20,False,True,EXACT,100.0
2019-08-21,PATTERN_B_PROGRESSED_PREVIOUS_ET_ONLY_CANDIDATE_V01_battle_a_all_universe_P1,2019-08-21,173813565.82896474,0.0,77429524.0,251243089.82896474,-0.045065528820312895,0.30818568603303925,0.6918143139669608,20,False,True,EXACT,100.0
2019-08-22,PATTERN_B_PROGRESSED_PREVIOUS_ET_ONLY_CANDIDATE_V01_battle_a_all_universe_P1,2019-08-22,173813565.82896474,0.0,77279422.0,251092987.82896474,-0.04563604231817908,0.30777212326072556,0.6922278767392744,20,False,True,EXACT,100.0
2019-08-23,PATTERN_B_PROGRESSED_PREVIOUS_ET_ONLY_CANDIDATE_V01_battle_a_all_universe_P1,2019-08-23,173813565.82896474,0.0,75541475.0,249355040.82896474,-0.052241698619067245,0.30294745495766695,0.697052545042333,20,False,True,EXACT,100.0
2019-08-26,PATTERN_B_PROGRESSED_PREVIOUS_ET_ONLY_CANDIDATE_V01_battle_a_all_universe_P1,2019-08-26,173813565.82896474,0.0,72527666.0,246341231.82896474,-0.06369670064762367,0.2944195150016791,0.7055804849983208,20,False,True,EXACT,100.0
2019-08-27,PATTERN_B_PROGRESSED_PREVIOUS_ET_ONLY_CANDIDATE_V01_battle_a_all_universe_P1,2019-08-27,173813565.82896474,0.0,73904586.0,247718151.82896474,-0.058463249757683466,0.29834142332462943,0.7016585766753706,20,False,True,EXACT,100.0
2019-08-28,PATTERN_B_PROGRESSED_PREVIOUS_ET_ONLY_CANDIDATE_V01_battle_a_all_universe_P1,2019-08-28,173813565.82896474,0.0,75851283.0,249664848.82896474,-0.05106416836799199,0.3038124243591962,0.6961875756408038,20,False,True,EXACT,100.0
2019-08-29,PATTERN_B_PROGRESSED_PREVIOUS_ET_ONLY_CANDIDATE_V01_battle_a_all_universe_P1,2019-08-29,173813565.82896474,0.0,75534226.0,249347791.82896474,-0.052269250899157016,0.30292719035511345,0.6970728096448866,20,False,True,EXACT,100.0
2019-08-30,PATTERN_B_PROGRESSED_PREVIOUS_ET_ONLY_CANDIDATE_V01_battle_a_all_universe_P1,2019-08-30,173813565.82896474,0.0,78229511.0,252043076.82896474,-0.042024907232210085,0.3103815109077016,0.6896184890922984,20,False,True,EXACT,100.0
2019-09-02,PATTERN_B_PROGRESSED_PREVIOUS_ET_ONLY_CANDIDATE_V01_battle_a_all_universe_P1,2019-09-02,173813565.82896474,5327067.61998,72916871.0,252057504.44894475,-0.04197007017513765,0.28928664972468454,0.7107133502753155,19,False,True,EXACT,100.0
2019-09-03,PATTERN_B_PROGRESSED_PREVIOUS_ET_ONLY_CANDIDATE_V01_battle_a_all_universe_P1,2019-09-03,179140633.44894475,0.0,73782975.0,252923608.44894475,-0.0386781485314831,0.29172039515201625,0.7082796048479837,19,False,True,EXACT,100.0
2019-09-04,PATTERN_B_PROGRESSED_PREVIOUS_ET_ONLY_CANDIDATE_V01_battle_a_all_universe_P1,2019-09-04,179140633.44894475,0.0,74581416.0,253722049.44894475,-0.03564340304008584,0.2939492888457361,0.7060507111542639,19,False,True,EXACT,100.0
2019-09-05,PATTERN_B_PROGRESSED_PREVIOUS_ET_ONLY_CANDIDATE_V01_battle_a_all_universe_P1,2019-09-05,179140633.44894475,0.0,75671148.0,254811781.44894475,-0.03150150742872393,0.29696879622169986,0.7030312037783001,19,False,True,EXACT,100.0
2019-09-06,PATTERN_B_PROGRESSED_PREVIOUS_ET_ONLY_CANDIDATE_V01_battle_a_all_universe_P1,2019-09-06,179140633.44894475,0.0,75641362.0,254781995.44894475,-0.03161471921169445,0.29688660639741954,0.7031133936025804,19,False,True,EXACT,100.0
2019-09-09,PATTERN_B_PROGRESSED_PREVIOUS_ET_ONLY_CANDIDATE_V01_battle_a_all_universe_P1,2019-09-09,179140633.44894475,0.0,75462490.0,254603123.44894475,-0.03229458284036235,0.2963926324931061,0.7036073675068939,19,False,True,EXACT,100.0
2019-09-10,PATTERN_B_PROGRESSED_PREVIOUS_ET_ONLY_CANDIDATE_V01_battle_a_all_universe_P1,2019-09-10,179140633.44894475,0.0,78518918.0,257659551.44894475,-0.020677592865172567,0.30473901533418807,0.6952609846658119,19,False,True,EXACT,100.0
2019-09-11,PATTERN_B_PROGRESSED_PREVIOUS_ET_ONLY_CANDIDATE_V01_battle_a_all_universe_P1,2019-09-11,179140633.44894475,0.0,79286493.0,258427126.44894475,-0.017760164062594397,0.30680406538384025,0.6931959346161597,19,False,True,EXACT,100.0
2019-09-16,PATTERN_B_PROGRESSED_PREVIOUS_ET_ONLY_CANDIDATE_V01_battle_a_all_universe_P1,2019-09-16,179140633.44894475,0.0,80823888.0,259964521.44894475,-0.011916773574447204,0.3109035323340199,0.6890964676659801,19,False,True,EXACT,100.0
2019-09-17,PATTERN_B_PROGRESSED_PREVIOUS_ET_ONLY_CANDIDATE_V01_battle_a_all_universe_P1,2019-09-17,179140633.44894475,0.0,80459702.0,259600335.44894475,-0.013300985835002499,0.309936818305167,0.6900631816948329,19,False,True,EXACT,100.0
2019-09-18,PATTERN_B_PROGRESSED_PREVIOUS_ET_ONLY_CANDIDATE_V01_battle_a_all_universe_P1,2019-09-18,179140633.44894475,0.0,81168041.0,260308674.44894475,-0.010608703516545748,0.31181458386597016,0.6881854161340298,19,False,True,EXACT,100.0
2019-09-19,PATTERN_B_PROGRESSED_PREVIOUS_ET_ONLY_CANDIDATE_V01_battle_a_all_universe_P1,2019-09-19,179140633.44894475,0.0,80956976.0,260097609.44894475,-0.011410927547052419,0.31125613254008494,0.688743867459915,19,False,True,EXACT,100.0
2019-09-20,PATTERN_B_PROGRESSED_PREVIOUS_ET_ONLY_CANDIDATE_V01_battle_a_all_universe_P1,2019-09-20,179140633.44894475,0.0,81904909.0,261045542.44894475,-0.007807987069425759,0.3137571637179706,0.6862428362820294,19,False,True,EXACT,100.0
2019-09-23,PATTERN_B_PROGRESSED_PREVIOUS_ET_ONLY_CANDIDATE_V01_battle_a_all_universe_P1,2019-09-23,179140633.44894475,0.0,82716308.0,261856941.44894475,-0.004723990309522086,0.3158835795694479,0.6841164204305521,19,False,True,EXACT,100.0
2019-09-24,PATTERN_B_PROGRESSED_PREVIOUS_ET_ONLY_CANDIDATE_V01_battle_a_all_universe_P1,2019-09-24,179140633.44894475,0.0,81741253.0,260881886.44894475,-0.00843001713569258,0.3133266709798841,0.6866733290201159,19,False,True,EXACT,100.0
2019-09-25,PATTERN_B_PROGRESSED_PREVIOUS_ET_ONLY_CANDIDATE_V01_battle_a_all_universe_P1,2019-09-25,179140633.44894475,0.0,78483270.0,257623903.44894475,-0.020813085164888334,0.30464281050517356,0.6953571894948265,19,False,True,EXACT,100.0
2019-09-26,PATTERN_B_PROGRESSED_PREVIOUS_ET_ONLY_CANDIDATE_V01_battle_a_all_universe_P1,2019-09-26,179140633.44894475,0.0,78913766.0,258054399.44894475,-0.019176839286902836,0.3058028313739826,0.6941971686260174,19,False,True,EXACT,100.0
2019-09-27,PATTERN_B_PROGRESSED_PREVIOUS_ET_ONLY_CANDIDATE_V01_battle_a_all_universe_P1,2019-09-27,179140633.44894475,0.0,79060045.0,258200678.44894475,-0.018620856395573204,0.3061961164274513,0.6938038835725487,19,False,True,EXACT,100.0
2019-09-30,PATTERN_B_PROGRESSED_PREVIOUS_ET_ONLY_CANDIDATE_V01_battle_a_all_universe_P1,2019-09-30,179140633.44894475,0.0,78170099.0,257310732.44894475,-0.022003397636675692,0.30379649638403794,0.6962035036159621,19,False,True,EXACT,100.0
2019-10-01,PATTERN_B_PROGRESSED_PREVIOUS_ET_ONLY_CANDIDATE_V01_battle_a_all_universe_P1,2019-10-01,174143342.41771224,18001824.7731822,66136966.0,258282133.19089442,-0.018311260056100842,0.2560648124704726,0.7439351875295275,17,False,True,EXACT,100.0
2019-10-02,PATTERN_B_PROGRESSED_PREVIOUS_ET_ONLY_CANDIDATE_V01_battle_a_all_universe_P1,2019-10-02,192145167.19089442,0.0,65192291.0,257337458.19089442,-0.02190181740108399,0.2533338576447739,0.7466661423552261,17,False,True,EXACT,100.0
2019-10-04,PATTERN_B_PROGRESSED_PREVIOUS_ET_ONLY_CANDIDATE_V01_battle_a_all_universe_P1,2019-10-04,192145167.19089442,0.0,64767246.0,256912413.19089442,-0.023517344907050042,0.2520985467209628,0.7479014532790372,17,False,True,EXACT,100.0
2019-10-07,PATTERN_B_PROGRESSED_PREVIOUS_ET_ONLY_CANDIDATE_V01_battle_a_all_universe_P1,2019-10-07,192145167.19089442,0.0,63820801.0,255965968.19089442,-0.02711462973661849,0.2493331494458814,0.7506668505541186,17,False,True,EXACT,100.0
2019-10-08,PATTERN_B_PROGRESSED_PREVIOUS_ET_ONLY_CANDIDATE_V01_battle_a_all_universe_P1,2019-10-08,192145167.19089442,0.0,64287831.0,256432998.19089442,-0.025339524015785986,0.2507003055517165,0.7492996944482835,17,False,True,EXACT,100.0
2019-10-10,PATTERN_B_PROGRESSED_PREVIOUS_ET_ONLY_CANDIDATE_V01_battle_a_all_universe_P1,2019-10-10,192145167.19089442,0.0,64660446.0,256805613.19089442,-0.023923274485417423,0.25178751039189773,0.7482124896081023,17,False,True,EXACT,100.0
2019-10-11,PATTERN_B_PROGRESSED_PREVIOUS_ET_ONLY_CANDIDATE_V01_battle_a_all_universe_P1,2019-10-11,192145167.19089442,0.0,64437891.0,256583058.19089442,-0.02476917015314728,0.25113852588061,0.74886147411939,17,False,True,EXACT,100.0
2019-10-14,PATTERN_B_PROGRESSED_PREVIOUS_ET_ONLY_CANDIDATE_V01_battle_a_all_universe_P1,2019-10-14,192145167.19089442,0.0,65758551.0,257903718.19089442,-0.01974955445121218,0.2549732569242256,0.7450267430757744,17,False,True,EXACT,100.0
2019-10-15,PATTERN_B_PROGRESSED_PREVIOUS_ET_ONLY_CANDIDATE_V01_battle_a_all_universe_P1,2019-10-15,192145167.19089442,0.0,65924006.0,258069173.19089442,-0.01912068667603639,0.25545091335351333,0.7445490866464867,17,False,True,EXACT,100.0
2019-10-16,PATTERN_B_PROGRESSED_PREVIOUS_ET_ONLY_CANDIDATE_V01_battle_a_all_universe_P1,2019-10-16,192145167.19089442,0.0,66306856.0,258452023.19089442,-0.017665535561074308,0.2565538283715632,0.7434461716284368,17,False,True,EXACT,100.0
2019-10-17,PATTERN_B_PROGRESSED_PREVIOUS_ET_ONLY_CANDIDATE_V01_battle_a_all_universe_P1,2019-10-17,192145167.19089442,0.0,66025851.0,258171018.19089442,-0.018733590253669052,0.2557446279705175,0.7442553720294826,17,False,True,EXACT,100.0
2019-10-18,PATTERN_B_PROGRESSED_PREVIOUS_ET_ONLY_CANDIDATE_V01_battle_a_all_universe_P1,2019-10-18,192145167.19089442,0.0,66117941.0,258263108.19089442,-0.018383571013295907,0.25601001034622844,0.7439899896537715,17,False,True,EXACT,100.0
2019-10-21,PATTERN_B_PROGRESSED_PREVIOUS_ET_ONLY_CANDIDATE_V01_battle_a_all_universe_P1,2019-10-21,192145167.19089442,0.0,65170996.0,257316163.19089442,-0.02198275626223889,0.253272064964111,0.746727935035889,17,False,True,EXACT,100.0
2019-10-22,PATTERN_B_PROGRESSED_PREVIOUS_ET_ONLY_CANDIDATE_V01_battle_a_all_universe_P1,2019-10-22,192145167.19089442,0.0,65662096.0,257807263.19089442,-0.020116164352723676,0.2546945155357405,0.7453054844642595,17,False,True,EXACT,100.0
2019-10-23,PATTERN_B_PROGRESSED_PREVIOUS_ET_ONLY_CANDIDATE_V01_battle_a_all_universe_P1,2019-10-23,192145167.19089442,0.0,65440626.0,257585793.19089442,-0.02095793611041119,0.2540537084337666,0.7459462915662334,17,False,True,EXACT,100.0
2019-10-24,PATTERN_B_PROGRESSED_PREVIOUS_ET_ONLY_CANDIDATE_V01_battle_a_all_universe_P1,2019-10-24,192145167.19089442,0.0,64901126.0,257046293.19089442,-0.023008488615366196,0.25248808373906967,0.7475119162609304,17,False,True,EXACT,100.0
2019-10-25,PATTERN_B_PROGRESSED_PREVIOUS_ET_ONLY_CANDIDATE_V01_battle_a_all_universe_P1,2019-10-25,192145167.19089442,0.0,64471166.0,256616333.19089442,-0.02464269724378232,0.251235629464164,0.748764370535836,17,False,True,EXACT,100.0
2019-10-28,PATTERN_B_PROGRESSED_PREVIOUS_ET_ONLY_CANDIDATE_V01_battle_a_all_universe_P1,2019-10-28,192145167.19089442,0.0,65621991.0,257767158.19089442,-0.02026859699074257,0.2545785563240852,0.7454214436759148,17,False,True,EXACT,100.0
2019-10-29,PATTERN_B_PROGRESSED_PREVIOUS_ET_ONLY_CANDIDATE_V01_battle_a_all_universe_P1,2019-10-29,192145167.19089442,0.0,65678931.0,257824098.19089442,-0.02005217723238828,0.25474318134285084,0.7452568186571492,17,False,True,EXACT,100.0
2019-10-30,PATTERN_B_PROGRESSED_PREVIOUS_ET_ONLY_CANDIDATE_V01_battle_a_all_universe_P1,2019-10-30,192145167.19089442,0.0,64770031.0,256915198.19089442,-0.023506759571134683,0.2521066540869811,0.7478933459130189,17,False,True,EXACT,100.0
2019-10-31,PATTERN_B_PROGRESSED_PREVIOUS_ET_ONLY_CANDIDATE_V01_battle_a_all_universe_P1,2019-10-31,192145167.19089442,0.0,64791141.0,256936308.19089442,-0.02342652386514843,0.25216810133296735,0.7478318986670326,17,False,True,EXACT,100.0
2019-11-01,PATTERN_B_PROGRESSED_PREVIOUS_ET_ONLY_CANDIDATE_V01_battle_a_all_universe_P1,2019-11-01,162221715.2712832,7443930.742875,89223901.0,258889547.01415822,-0.016002578060108408,0.34464080156592997,0.65535919843407,21,False,True,EXACT,100.0
2019-11-04,PATTERN_B_PROGRESSED_PREVIOUS_ET_ONLY_CANDIDATE_V01_battle_a_all_universe_P1,2019-11-04,169665646.01415822,0.0,92530981.0,262196627.01415822,-0.0034329002508648454,0.35290683199751255,0.6470931680024874,21,False,True,EXACT,100.0
2019-11-05,PATTERN_B_PROGRESSED_PREVIOUS_ET_ONLY_CANDIDATE_V01_battle_a_all_universe_P1,2019-11-05,169665646.01415822,0.0,92958096.0,262623742.01415822,-0.0018095050086889275,0.35395922427679277,0.6460407757232072,21,False,True,EXACT,100.0
2019-11-06,PATTERN_B_PROGRESSED_PREVIOUS_ET_ONLY_CANDIDATE_V01_battle_a_all_universe_P1,2019-11-06,169665646.01415822,0.0,93685431.0,263351077.01415822,0.0,0.35574348911800086,0.6442565108819991,21,False,True,EXACT,100.0
2019-11-07,PATTERN_B_PROGRESSED_PREVIOUS_ET_ONLY_CANDIDATE_V01_battle_a_all_universe_P1,2019-11-07,169665646.01415822,0.0,94007076.0,263672722.01415822,0.0,0.35652939478112633,0.6434706052188737,21,False,True,EXACT,100.0
2019-11-08,PATTERN_B_PROGRESSED_PREVIOUS_ET_ONLY_CANDIDATE_V01_battle_a_all_universe_P1,2019-11-08,169665646.01415822,0.0,95542346.0,265207992.01415822,0.0,0.36025439985571567,0.6397456001442844,21,False,True,EXACT,100.0
2019-11-11,PATTERN_B_PROGRESSED_PREVIOUS_ET_ONLY_CANDIDATE_V01_battle_a_all_universe_P1,2019-11-11,169665646.01415822,0.0,97026616.0,266692262.01415822,0.0,0.3638148901179931,0.6361851098820069,21,False,True,EXACT,100.0
2019-11-12,PATTERN_B_PROGRESSED_PREVIOUS_ET_ONLY_CANDIDATE_V01_battle_a_all_universe_P1,2019-11-12,169665646.01415822,0.0,96253556.0,265919202.01415822,-0.002898696775682774,0.3619654213420632,0.6380345786579368,21,False,True,EXACT,100.0
2019-11-13,PATTERN_B_PROGRESSED_PREVIOUS_ET_ONLY_CANDIDATE_V01_battle_a_all_universe_P1,2019-11-13,169665646.01415822,0.0,96866966.0,266532612.01415822,-0.0005986300419602575,0.3634338224804341,0.6365661775195659,21,False,True,EXACT,100.0
2019-11-14,PATTERN_B_PROGRESSED_PREVIOUS_ET_ONLY_CANDIDATE_V01_battle_a_all_universe_P1,2019-11-14,169665646.01415822,0.0,97068226.0,266733872.01415822,0.0,0.36391413384066806,0.6360858661593319,21,False,True,EXACT,100.0
2019-11-15,PATTERN_B_PROGRESSED_PREVIOUS_ET_ONLY_CANDIDATE_V01_battle_a_all_universe_P1,2019-11-15,169665646.01415822,0.0,96545186.0,266210832.01415822,-0.0019609058124130385,0.36266437871643525,0.6373356212835648,21,False,True,EXACT,100.0
2019-11-18,PATTERN_B_PROGRESSED_PREVIOUS_ET_ONLY_CANDIDATE_V01_battle_a_all_universe_P1,2019-11-18,169665646.01415822,0.0,97286211.0,266951857.01415822,0.0,0.3644335427673772,0.6355664572326227,21,False,True,EXACT,100.0
2019-11-19,PATTERN_B_PROGRESSED_PREVIOUS_ET_ONLY_CANDIDATE_V01_battle_a_all_universe_P1,2019-11-19,169665646.01415822,0.0,97048546.0,266714192.01415822,-0.0008902916153431528,0.3638671990684631,0.6361328009315369,21,False,True,EXACT,100.0
2019-11-20,PATTERN_B_PROGRESSED_PREVIOUS_ET_ONLY_CANDIDATE_V01_battle_a_all_universe_P1,2019-11-20,169665646.01415822,0.0,95856251.0,265521897.01415822,-0.0053566212874262,0.3610107191833174,0.6389892808166826,21,False,True,EXACT,100.0
2019-11-21,PATTERN_B_PROGRESSED_PREVIOUS_ET_ONLY_CANDIDATE_V01_battle_a_all_universe_P1,2019-11-21,169665646.01415822,0.0,93721991.0,263387637.01415822,-0.01335154600483246,0.3558329163147549,0.6441670836852451,21,False,True,EXACT,100.0
2019-11-22,PATTERN_B_PROGRESSED_PREVIOUS_ET_ONLY_CANDIDATE_V01_battle_a_all_universe_P1,2019-11-22,169665646.01415822,0.0,93880056.0,263545702.01415822,-0.012759435495589555,0.35621926399299264,0.6437807360070074,21,False,True,EXACT,100.0
2019-11-25,PATTERN_B_PROGRESSED_PREVIOUS_ET_ONLY_CANDIDATE_V01_battle_a_all_universe_P1,2019-11-25,169665646.01415822,0.0,94850071.0,264515717.01415822,-0.009125765324310087,0.35858009524221635,0.6414199047577837,21,False,True,EXACT,100.0
2019-11-26,PATTERN_B_PROGRESSED_PREVIOUS_ET_ONLY_CANDIDATE_V01_battle_a_all_universe_P1,2019-11-26,169665646.01415822,0.0,96935426.0,266601072.01415822,-0.0013140384334595634,0.36359728514089434,0.6364027148591056,21,False,True,EXACT,100.0
2019-11-27,PATTERN_B_PROGRESSED_PREVIOUS_ET_ONLY_CANDIDATE_V01_battle_a_all_universe_P1,2019-11-27,169665646.01415822,0.0,96114241.0,265779887.01415822,-0.004390192348195043,0.36163097998036225,0.6383690200196377,21,False,True,EXACT,100.0
2019-11-28,PATTERN_B_PROGRESSED_PREVIOUS_ET_ONLY_CANDIDATE_V01_battle_a_all_universe_P1,2019-11-28,169665646.01415822,0.0,97292251.0,266957897.01415822,0.0,0.3644479226431727,0.6355520773568273,21,False,True,EXACT,100.0
2019-11-29,PATTERN_B_PROGRESSED_PREVIOUS_ET_ONLY_CANDIDATE_V01_battle_a_all_universe_P1,2019-11-29,169665646.01415822,0.0,94586841.0,264252487.01415822,-0.010134219778696107,0.35794115721958064,0.6420588427804194,21,False,True,EXACT,100.0
2019-12-02,PATTERN_B_PROGRESSED_PREVIOUS_ET_ONLY_CANDIDATE_V01_battle_a_all_universe_P1,2019-12-02,169665646.01415822,5820499.594080001,88064321.0,263550466.60823822,-0.012763924364220247,0.33414594985675217,0.6658540501432478,20,False,True,EXACT,100.0
2019-12-03,PATTERN_B_PROGRESSED_PREVIOUS_ET_ONLY_CANDIDATE_V01_battle_a_all_universe_P1,2019-12-03,175486145.60823822,0.0,88180311.0,263666456.60823822,-0.012329436374550973,0.3344388669470397,0.6655611330529603,20,False,True,EXACT,100.0
2019-12-04,PATTERN_B_PROGRESSED_PREVIOUS_ET_ONLY_CANDIDATE_V01_battle_a_all_universe_P1,2019-12-04,175486145.60823822,0.0,86139951.0,261626096.60823822,-0.019972439345509296,0.3292483132100805,0.6707516867899195,20,False,True,EXACT,100.0
2019-12-05,PATTERN_B_PROGRESSED_PREVIOUS_ET_ONLY_CANDIDATE_V01_battle_a_all_universe_P1,2019-12-05,175486145.60823822,0.0,84247276.0,259733421.60823822,-0.027062227739742983,0.32436055197806646,0.6756394480219335,20,False,True,EXACT,100.0
2019-12-06,PATTERN_B_PROGRESSED_PREVIOUS_ET_ONLY_CANDIDATE_V01_battle_a_all_universe_P1,2019-12-06,175486145.60823822,0.0,86093796.0,261579941.60823822,-0.02014533177729816,0.3291299610768342,0.6708700389231659,20,False,True,EXACT,100.0
2019-12-09,PATTERN_B_PROGRESSED_PREVIOUS_ET_ONLY_CANDIDATE_V01_battle_a_all_universe_P1,2019-12-09,175486145.60823822,0.0,87856616.0,263342761.60823822,-0.013541968401587612,0.333620774170736,0.666379225829264,20,False,True,EXACT,100.0
2019-12-10,PATTERN_B_PROGRESSED_PREVIOUS_ET_ONLY_CANDIDATE_V01_battle_a_all_universe_P1,2019-12-10,175486145.60823822,0.0,88573166.0,264059311.60823822,-0.010857837278236637,0.335429057436188,0.664570942563812,20,False,True,EXACT,100.0
2019-12-11,PATTERN_B_PROGRESSED_PREVIOUS_ET_ONLY_CANDIDATE_V01_battle_a_all_universe_P1,2019-12-11,175486145.60823822,0.0,88020591.0,263506736.60823822,-0.012927732966584449,0.3340354487060508,0.6659645512939492,20,False,True,EXACT,100.0
2019-12-12,PATTERN_B_PROGRESSED_PREVIOUS_ET_ONLY_CANDIDATE_V01_battle_a_all_universe_P1,2019-12-12,175486145.60823822,0.0,88656846.0,264142991.60823822,-0.010544379609683241,0.3356395922534669,0.6643604077465332,20,False,True,EXACT,100.0
2019-12-13,PATTERN_B_PROGRESSED_PREVIOUS_ET_ONLY_CANDIDATE_V01_battle_a_all_universe_P1,2019-12-13,175486145.60823822,0.0,91172236.0,266658381.60823822,-0.0011219574669638632,0.34190650768272457,0.6580934923172754,20,False,True,EXACT,100.0
2019-12-16,PATTERN_B_PROGRESSED_PREVIOUS_ET_ONLY_CANDIDATE_V01_battle_a_all_universe_P1,2019-12-16,175486145.60823822,0.0,90720136.0,266206281.60823822,-0.0028154829444140272,0.3407888628770528,0.6592111371229472,20,False,True,EXACT,100.0
2019-12-17,PATTERN_B_PROGRESSED_PREVIOUS_ET_ONLY_CANDIDATE_V01_battle_a_all_universe_P1,2019-12-17,175486145.60823822,0.0,92101556.0,267587701.60823822,0.0,0.34419203665361753,0.6558079633463825,20,False,True,EXACT,100.0
2019-12-18,PATTERN_B_PROGRESSED_PREVIOUS_ET_ONLY_CANDIDATE_V01_battle_a_all_universe_P1,2019-12-18,175486145.60823822,0.0,91327206.0,266813351.60823822,-0.002893817598290438,0.3422887402355173,0.6577112597644826,20,False,True,EXACT,100.0
2019-12-19,PATTERN_B_PROGRESSED_PREVIOUS_ET_ONLY_CANDIDATE_V01_battle_a_all_universe_P1,2019-12-19,175486145.60823822,0.0,90802676.0,266288821.60823822,-0.004854034741483049,0.34099319472594347,0.6590068052740565,20,False,True,EXACT,100.0
2019-12-20,PATTERN_B_PROGRESSED_PREVIOUS_ET_ONLY_CANDIDATE_V01_battle_a_all_universe_P1,2019-12-20,175486145.60823822,0.0,90514036.0,266000181.60823822,-0.005932709128479319,0.34027809850636853,0.6597219014936315,20,False,True,EXACT,100.0
2019-12-23,PATTERN_B_PROGRESSED_PREVIOUS_ET_ONLY_CANDIDATE_V01_battle_a_all_universe_P1,2019-12-23,175486145.60823822,0.0,88950001.0,264436146.60823822,-0.0117776526389618,0.33637610493462267,0.6636238950653773,20,False,True,EXACT,100.0
2019-12-24,PATTERN_B_PROGRESSED_PREVIOUS_ET_ONLY_CANDIDATE_V01_battle_a_all_universe_P1,2019-12-24,175486145.60823822,0.0,88318321.0,263804466.60823822,-0.014138299246423736,0.33478705700293077,0.6652129429970692,20,False,True,EXACT,100.0
2019-12-26,PATTERN_B_PROGRESSED_PREVIOUS_ET_ONLY_CANDIDATE_V01_battle_a_all_universe_P1,2019-12-26,175486145.60823822,0.0,90470991.0,265957136.60823822,-0.006093572276304471,0.34017132291985125,0.6598286770801487,20,False,True,EXACT,100.0
2019-12-27,PATTERN_B_PROGRESSED_PREVIOUS_ET_ONLY_CANDIDATE_V01_battle_a_all_universe_P1,2019-12-27,175486145.60823822,0.0,91932686.0,267418831.60823822,-0.0006310828150362102,0.34377790616735265,0.6562220938326473,20,False,True,EXACT,100.0
2019-12-30,PATTERN_B_PROGRESSED_PREVIOUS_ET_ONLY_CANDIDATE_V01_battle_a_all_universe_P1,2019-12-30,175486145.60823822,0.0,92706081.0,268192226.60823822,0.0,0.34567027602712885,0.6543297239728711,20,False,True,EXACT,100.0
2020-01-02,PATTERN_B_PROGRESSED_PREVIOUS_ET_ONLY_CANDIDATE_V01_battle_a_all_universe_P1,2020-01-02,160494322.57204825,20537302.997391753,88034726.0,269066351.56944,0.0,0.3271859356865,0.6728140643135,20,False,True,EXACT,100.0
2020-01-03,PATTERN_B_PROGRESSED_PREVIOUS_ET_ONLY_CANDIDATE_V01_battle_a_all_universe_P1,2020-01-03,181031625.56944,0.0,88332771.0,269364396.56944,0.0,0.3279303877015109,0.672069612298489,20,False,True,EXACT,100.0
2020-01-06,PATTERN_B_PROGRESSED_PREVIOUS_ET_ONLY_CANDIDATE_V01_battle_a_all_universe_P1,2020-01-06,181031625.56944,0.0,86426136.0,267457761.56944,-0.007078273982317085,0.3231393828051657,0.6768606171948344,20,False,True,EXACT,100.0
2020-01-07,PATTERN_B_PROGRESSED_PREVIOUS_ET_ONLY_CANDIDATE_V01_battle_a_all_universe_P1,2020-01-07,181031625.56944,0.0,87109916.0,268141541.56944,-0.004539779627797835,0.3248654255142385,0.6751345744857615,20,False,True,EXACT,100.0
2020-01-08,PATTERN_B_PROGRESSED_PREVIOUS_ET_ONLY_CANDIDATE_V01_battle_a_all_universe_P1,2020-01-08,181031625.56944,0.0,83824731.0,264856356.56944,-0.0167358420690088,0.316491293944168,0.683508706055832,20,False,True,EXACT,100.0
2020-01-09,PATTERN_B_PROGRESSED_PREVIOUS_ET_ONLY_CANDIDATE_V01_battle_a_all_universe_P1,2020-01-09,181031625.56944,0.0,87636841.0,268668466.56944,-0.0025836005383903515,0.3261895306100219,0.6738104693899781,20,False,True,EXACT,100.0
2020-01-10,PATTERN_B_PROGRESSED_PREVIOUS_ET_ONLY_CANDIDATE_V01_battle_a_all_universe_P1,2020-01-10,181031625.56944,0.0,88382746.0,269414371.56944,0.0,0.3280550532072112,0.6719449467927888,20,False,True,EXACT,100.0
2020-01-13,PATTERN_B_PROGRESSED_PREVIOUS_ET_ONLY_CANDIDATE_V01_battle_a_all_universe_P1,2020-01-13,181031625.56944,0.0,90088176.0,271119801.56944,0.0,0.33228180117609873,0.6677181988239013,20,False,True,EXACT,100.0
2020-01-14,PATTERN_B_PROGRESSED_PREVIOUS_ET_ONLY_CANDIDATE_V01_battle_a_all_universe_P1,2020-01-14,181031625.56944,0.0,91378281.0,272409906.56944,0.0,0.33544404515518883,0.6645559548448112,20,False,True,EXACT,100.0
2020-01-15,PATTERN_B_PROGRESSED_PREVIOUS_ET_ONLY_CANDIDATE_V01_battle_a_all_universe_P1,2020-01-15,181031625.56944,0.0,91858541.0,272890166.56944,0.0,0.3366135986311751,0.6633864013688249,20,False,True,EXACT,100.0
2020-01-16,PATTERN_B_PROGRESSED_PREVIOUS_ET_ONLY_CANDIDATE_V01_battle_a_all_universe_P1,2020-01-16,181031625.56944,0.0,91563546.0,272595171.56944,-0.0010810026748433454,0.3358957001066154,0.6641042998933846,20,False,True,EXACT,100.0
2020-01-17,PATTERN_B_PROGRESSED_PREVIOUS_ET_ONLY_CANDIDATE_V01_battle_a_all_universe_P1,2020-01-17,181031625.56944,0.0,92004231.0,273035856.56944,0.0,0.3369675769182388,0.6630324230817611,20,False,True,EXACT,100.0
2020-01-20,PATTERN_B_PROGRESSED_PREVIOUS_ET_ONLY_CANDIDATE_V01_battle_a_all_universe_P1,2020-01-20,181031625.56944,0.0,90878876.0,271910501.56944,-0.00412163813991151,0.33422348704980603,0.6657765129501939,20,False,True,EXACT,100.0
2020-01-21,PATTERN_B_PROGRESSED_PREVIOUS_ET_ONLY_CANDIDATE_V01_battle_a_all_universe_P1,2020-01-21,181031625.56944,0.0,89382321.0,270413946.56944,-0.00960280467533825,0.330538872472864,0.6694611275271359,20,False,True,EXACT,100.0
2020-01-22,PATTERN_B_PROGRESSED_PREVIOUS_ET_ONLY_CANDIDATE_V01_battle_a_all_universe_P1,2020-01-22,181031625.56944,0.0,90168546.0,271200171.56944,-0.006723237830607576,0.332479679043686,0.667520320956314,20,False,True,EXACT,100.0
2020-01-23,PATTERN_B_PROGRESSED_PREVIOUS_ET_ONLY_CANDIDATE_V01_battle_a_all_universe_P1,2020-01-23,181031625.56944,0.0,90354461.0,271386086.56944,-0.00604231993822546,0.33293696866394384,0.6670630313360562,20,False,True,EXACT,100.0
2020-01-28,PATTERN_B_PROGRESSED_PREVIOUS_ET_ONLY_CANDIDATE_V01_battle_a_all_universe_P1,2020-01-28,181031625.56944,0.0,87008471.0,268040096.56944,-0.018297083990246765,0.3246099076727466,0.6753900923272534,20,False,True,EXACT,100.0
2020-01-29,PATTERN_B_PROGRESSED_PREVIOUS_ET_ONLY_CANDIDATE_V01_battle_a_all_universe_P1,2020-01-29,181031625.56944,0.0,88157946.0,269189571.56944,-0.014087105804807654,0.3274939125093812,0.6725060874906188,20,False,True,EXACT,100.0
2020-01-30,PATTERN_B_PROGRESSED_PREVIOUS_ET_ONLY_CANDIDATE_V01_battle_a_all_universe_P1,2020-01-30,181031625.56944,0.0,86950986.0,267982611.56944,-0.01850762410289808,0.32446502961804724,0.6755349703819528,20,False,True,EXACT,100.0
2020-01-31,PATTERN_B_PROGRESSED_PREVIOUS_ET_ONLY_CANDIDATE_V01_battle_a_all_universe_P1,2020-01-31,181031625.56944,0.0,85008751.0,266040376.56944,-0.025621103718371452,0.31953326820604466,0.6804667317939553,20,False,True,EXACT,100.0
2020-02-03,PATTERN_B_PROGRESSED_PREVIOUS_ET_ONLY_CANDIDATE_V01_battle_a_all_universe_P1,2020-02-03,161039671.23904198,16873705.434469502,90035328.0,267948704.67351148,-0.018631808876116374,0.3360170302360883,0.6639829697639117,21,False,True,EXACT,100.0
2020-02-04,PATTERN_B_PROGRESSED_PREVIOUS_ET_ONLY_CANDIDATE_V01_battle_a_all_universe_P1,2020-02-04,177913376.67351148,0.0,92391808.0,270305184.6735115,-0.010001147579069114,0.341805534035892,0.6581944659641079,21,False,True,EXACT,100.0
2020-02-05,PATTERN_B_PROGRESSED_PREVIOUS_ET_ONLY_CANDIDATE_V01_battle_a_all_universe_P1,2020-02-05,177913376.67351148,0.0,93270513.0,271183889.6735115,-0.006782870642697114,0.3439382520557983,0.6560617479442016,21,False,True,EXACT,100.0
2020-02-06,PATTERN_B_PROGRESSED_PREVIOUS_ET_ONLY_CANDIDATE_V01_battle_a_all_universe_P1,2020-02-06,177913376.67351148,0.0,95092473.0,273005849.6735115,-0.00010990093501095366,0.34831661341220843,0.6516833865877915,21,False,True,EXACT,100.0
2020-02-07,PATTERN_B_PROGRESSED_PREVIOUS_ET_ONLY_CANDIDATE_V01_battle_a_all_universe_P1,2020-02-07,177913376.67351148,0.0,94151798.0,272065174.6735115,-0.003555144397972665,0.3460633949677158,0.6539366050322841,21,False,True,EXACT,100.0
2020-02-10,PATTERN_B_PROGRESSED_PREVIOUS_ET_ONLY_CANDIDATE_V01_battle_a_all_universe_P1,2020-02-10,177913376.67351148,0.0,97054113.0,274967489.6735115,0.0,0.35296577466390394,0.6470342253360959,21,False,True,EXACT,100.0
2020-02-11,PATTERN_B_PROGRESSED_PREVIOUS_ET_ONLY_CANDIDATE_V01_battle_a_all_universe_P1,2020-02-11,177913376.67351148,0.0,96579648.0,274493024.6735115,-0.0017255312639445908,0.35184736703190955,0.6481526329680903,21,False,True,EXACT,100.0
2020-02-12,PATTERN_B_PROGRESSED_PREVIOUS_ET_ONLY_CANDIDATE_V01_battle_a_all_universe_P1,2020-02-12,177913376.67351148,0.0,95362093.0,273275469.6735115,-0.006153527466134512,0.34895957955513274,0.6510404204448672,21,False,True,EXACT,100.0
2020-02-13,PATTERN_B_PROGRESSED_PREVIOUS_ET_ONLY_CANDIDATE_V01_battle_a_all_universe_P1,2020-02-13,177913376.67351148,0.0,94163313.0,272076689.6735115,-0.010513242868938621,0.34609107128212546,0.6539089287178744,21,False,True,EXACT,100.0
2020-02-14,PATTERN_B_PROGRESSED_PREVIOUS_ET_ONLY_CANDIDATE_V01_battle_a_all_universe_P1,2020-02-14,177913376.67351148,0.0,94952588.0,272865964.6735115,-0.007642812619394701,0.34798252729545176,0.6520174727045481,21,False,True,EXACT,100.0
2020-02-17,PATTERN_B_PROGRESSED_PREVIOUS_ET_ONLY_CANDIDATE_V01_battle_a_all_universe_P1,2020-02-17,177913376.67351148,0.0,94726658.0,272640034.6735115,-0.008464473391976424,0.34744221667018155,0.6525577833298183,21,False,True,EXACT,100.0
2020-02-18,PATTERN_B_PROGRESSED_PREVIOUS_ET_ONLY_CANDIDATE_V01_battle_a_all_universe_P1,2020-02-18,177913376.67351148,0.0,92926363.0,270839739.6735115,-0.015011774682531231,0.3431046090651974,0.6568953909348025,21,False,True,EXACT,100.0
2020-02-19,PATTERN_B_PROGRESSED_PREVIOUS_ET_ONLY_CANDIDATE_V01_battle_a_all_universe_P1,2020-02-19,177913376.67351148,0.0,92463433.0,270376809.6735115,-0.016695355532578948,0.34197989506441956,0.6580201049355804,21,False,True,EXACT,100.0
2020-02-20,PATTERN_B_PROGRESSED_PREVIOUS_ET_ONLY_CANDIDATE_V01_battle_a_all_universe_P1,2020-02-20,177913376.67351148,0.0,91010038.0,268923414.6735115,-0.021981053131686856,0.33842362930907827,0.6615763706909216,21,False,True,EXACT,100.0
2020-02-21,PATTERN_B_PROGRESSED_PREVIOUS_ET_ONLY_CANDIDATE_V01_battle_a_all_universe_P1,2020-02-21,177913376.67351148,0.0,89105578.0,267018954.67351148,-0.02890718102506551,0.3337050664023117,0.6662949335976883,21,False,True,EXACT,100.0
2020-02-24,PATTERN_B_PROGRESSED_PREVIOUS_ET_ONLY_CANDIDATE_V01_battle_a_all_universe_P1,2020-02-24,177913376.67351148,0.0,88695083.0,266608459.67351148,-0.03040006660396577,0.3326791772047141,0.6673208227952859,21,False,True,EXACT,100.0
2020-02-25,PATTERN_B_PROGRESSED_PREVIOUS_ET_ONLY_CANDIDATE_V01_battle_a_all_universe_P1,2020-02-25,177913376.67351148,0.0,88626808.0,266540184.67351148,-0.03064836868535392,0.3325082411440516,0.6674917588559484,21,False,True,EXACT,100.0
2020-02-26,PATTERN_B_PROGRESSED_PREVIOUS_ET_ONLY_CANDIDATE_V01_battle_a_all_universe_P1,2020-02-26,177913376.67351148,0.0,87756985.0,265670361.67351148,-0.03381173538384186,0.3303228273082513,0.6696771726917486,21,False,True,EXACT,100.0
2020-02-27,PATTERN_B_PROGRESSED_PREVIOUS_ET_ONLY_CANDIDATE_V01_battle_a_all_universe_P1,2020-02-27,177913376.67351148,0.0,85012940.0,262926316.67351148,-0.04379126061156313,0.323333704573836,0.6766662954261641,21,False,True,EXACT,100.0
2020-02-28,PATTERN_B_PROGRESSED_PREVIOUS_ET_ONLY_CANDIDATE_V01_battle_a_all_universe_P1,2020-02-28,177913376.67351148,0.0,81469950.0,259383326.67351148,-0.05667638388270635,0.3140909288381018,0.6859090711618983,21,False,True,EXACT,100.0
2020-03-02,PATTERN_B_PROGRESSED_PREVIOUS_ET_ONLY_CANDIDATE_V01_battle_a_all_universe_P1,2020-03-02,177913376.67351148,5995578.0483719995,77600288.0,261509242.72188348,-0.04894486605528514,0.2967401350419126,0.7032598649580875,20,False,True,EXACT,100.0
2020-03-03,PATTERN_B_PROGRESSED_PREVIOUS_ET_ONLY_CANDIDATE_V01_battle_a_all_universe_P1,2020-03-03,183908954.72188348,0.0,78366475.0,262275429.72188348,-0.04615840209581945,0.29879457287745065,0.7012054271225493,20,False,True,EXACT,100.0
2020-03-04,PATTERN_B_PROGRESSED_PREVIOUS_ET_ONLY_CANDIDATE_V01_battle_a_all_universe_P1,2020-03-04,183908954.72188348,0.0,79787305.0,263696259.72188348,-0.04099113667950771,0.3025727595990572,0.6974272404009428,20,False,True,EXACT,100.0
2020-03-05,PATTERN_B_PROGRESSED_PREVIOUS_ET_ONLY_CANDIDATE_V01_battle_a_all_universe_P1,2020-03-05,183908954.72188348,0.0,80704860.0,264613814.72188348,-0.03765417855005948,0.30499110594366763,0.6950088940563324,20,False,True,EXACT,100.0
2020-03-06,PATTERN_B_PROGRESSED_PREVIOUS_ET_ONLY_CANDIDATE_V01_battle_a_all_universe_P1,2020-03-06,183908954.72188348,0.0,79810810.0,263719764.72188348,-0.04090565384650835,0.3026349203828836,0.6973650796171164,20,False,True,EXACT,100.0
2020-03-09,PATTERN_B_PROGRESSED_PREVIOUS_ET_ONLY_CANDIDATE_V01_battle_a_all_universe_P1,2020-03-09,183908954.72188348,0.0,76940530.0,260849484.72188348,-0.051344269711271484,0.29496140305599466,0.7050385969440053,20,False,True,EXACT,100.0
2020-03-10,PATTERN_B_PROGRESSED_PREVIOUS_ET_ONLY_CANDIDATE_V01_battle_a_all_universe_P1,2020-03-10,183908954.72188348,0.0,75951780.0,259860734.72188348,-0.05494014935934921,0.29227878571684773,0.7077212142831523,20,False,True,EXACT,100.0
2020-03-11,PATTERN_B_PROGRESSED_PREVIOUS_ET_ONLY_CANDIDATE_V01_battle_a_all_universe_P1,2020-03-11,183908954.72188348,0.0,73383175.0,257292129.72188348,-0.06428163552213118,0.2852134462073231,0.714786553792677,20,False,True,EXACT,100.0
2020-03-12,PATTERN_B_PROGRESSED_PREVIOUS_ET_ONLY_CANDIDATE_V01_battle_a_all_universe_P1,2020-03-12,183908954.72188348,0.0,68372147.0,252281101.72188348,-0.08250570996071283,0.2710157302046903,0.7289842697953097,20,False,True,EXACT,100.0
2020-03-13,PATTERN_B_PROGRESSED_PREVIOUS_ET_ONLY_CANDIDATE_V01_battle_a_all_universe_P1,2020-03-13,183908954.72188348,0.0,62247502.0,246156456.72188348,-0.1047797795508022,0.2528777949965761,0.747122205003424,20,False,True,EXACT,100.0
2020-03-16,PATTERN_B_PROGRESSED_PREVIOUS_ET_ONLY_CANDIDATE_V01_battle_a_all_universe_P1,2020-03-16,183908954.72188348,0.0,61085022.0,244993976.72188348,-0.10900747934680466,0.24933275020611448,0.7506672497938855,20,False,True,EXACT,100.0
2020-03-17,PATTERN_B_PROGRESSED_PREVIOUS_ET_ONLY_CANDIDATE_V01_battle_a_all_universe_P1,2020-03-17,183908954.72188348,0.0,61247987.0,245156941.72188348,-0.10841480928172353,0.249831746838653,0.750168253161347,20,False,True,EXACT,100.0
2020-03-18,PATTERN_B_PROGRESSED_PREVIOUS_ET_ONLY_CANDIDATE_V01_battle_a_all_universe_P1,2020-03-18,183908954.72188348,0.0,59703902.0,243612856.72188348,-0.11403032769022114,0.24507697501433579,0.7549230249856642,20,False,True,EXACT,100.0
2020-03-19,PATTERN_B_PROGRESSED_PREVIOUS_ET_ONLY_CANDIDATE_V01_battle_a_all_universe_P1,2020-03-19,183908954.72188348,0.0,51235902.0,235144856.72188348,-0.1448266956901424,0.21789080447802026,0.7821091955219798,20,False,True,EXACT,100.0
2020-03-20,PATTERN_B_PROGRESSED_PREVIOUS_ET_ONLY_CANDIDATE_V01_battle_a_all_universe_P1,2020-03-20,183908954.72188348,0.0,54410277.0,238319231.72188348,-0.13328214908294478,0.22830837699030657,0.7716916230096934,20,False,True,EXACT,100.0
2020-03-23,PATTERN_B_PROGRESSED_PREVIOUS_ET_ONLY_CANDIDATE_V01_battle_a_all_universe_P1,2020-03-23,183908954.72188348,0.0,51631757.0,235540711.72188348,-0.14338705276919195,0.21920523472377293,0.780794765276227,20,False,True,EXACT,100.0
2020-03-24,PATTERN_B_PROGRESSED_PREVIOUS_ET_ONLY_CANDIDATE_V01_battle_a_all_universe_P1,2020-03-24,183908954.72188348,0.0,54451752.0,238360706.72188348,-0.1331313130693882,0.22844265210009498,0.771557347899905,20,False,True,EXACT,100.0
2020-03-25,PATTERN_B_PROGRESSED_PREVIOUS_ET_ONLY_CANDIDATE_V01_battle_a_all_universe_P1,2020-03-25,183908954.72188348,0.0,58720117.0,242629071.72188348,-0.11760815065819508,0.2420159982613652,0.7579840017386348,20,False,True,EXACT,100.0
2020-03-26,PATTERN_B_PROGRESSED_PREVIOUS_ET_ONLY_CANDIDATE_V01_battle_a_all_universe_P1,2020-03-26,183908954.72188348,0.0,62858307.0,246767261.72188348,-0.10255840785073234,0.25472709208421584,0.7452729079157842,20,False,True,EXACT,100.0
2020-03-27,PATTERN_B_PROGRESSED_PREVIOUS_ET_ONLY_CANDIDATE_V01_battle_a_all_universe_P1,2020-03-27,183908954.72188348,0.0,65605767.0,249514721.72188348,-0.09256646297294968,0.26293345157054954,0.7370665484294504,20,False,True,EXACT,100.0
2020-03-30,PATTERN_B_PROGRESSED_PREVIOUS_ET_ONLY_CANDIDATE_V01_battle_a_all_universe_P1,2020-03-30,183908954.72188348,0.0,69145537.0,253054491.72188348,-0.07969305017712058,0.2732436659373491,0.7267563340626509,20,False,True,EXACT,100.0
2020-03-31,PATTERN_B_PROGRESSED_PREVIOUS_ET_ONLY_CANDIDATE_V01_battle_a_all_universe_P1,2020-03-31,183908954.72188348,0.0,73756705.0,257665659.72188348,-0.06292318401776054,0.2862496503399435,0.7137503496600566,20,False,True,EXACT,100.0
2020-04-01,PATTERN_B_PROGRESSED_PREVIOUS_ET_ONLY_CANDIDATE_V01_battle_a_all_universe_P1,2020-04-01,133990858.38142113,4666228.36074,116453944.0,255111030.74216112,-0.07221384227978145,0.4564833737734342,0.5435166262265658,29,False,True,EXACT,100.0
2020-04-02,PATTERN_B_PROGRESSED_PREVIOUS_ET_ONLY_CANDIDATE_V01_battle_a_all_universe_P1,2020-04-02,138657086.74216112,0.0,119231679.0,257888765.74216112,-0.062111793476491206,0.4623376231875436,0.5376623768124563,29,False,True,EXACT,100.0
2020-04-03,PATTERN_B_PROGRESSED_PREVIOUS_ET_ONLY_CANDIDATE_V01_battle_a_all_universe_P1,2020-04-03,138657086.74216112,0.0,120926314.0,259583400.74216112,-0.05594875579515601,0.4658476376157566,0.5341523623842434,29,False,True,EXACT,100.0
2020-04-06,PATTERN_B_PROGRESSED_PREVIOUS_ET_ONLY_CANDIDATE_V01_battle_a_all_universe_P1,2020-04-06,138657086.74216112,0.0,126221439.0,264878525.74216112,-0.03669147921206872,0.4765257532536513,0.5234742467463487,29,False,True,EXACT,100.0
2020-04-07,PATTERN_B_PROGRESSED_PREVIOUS_ET_ONLY_CANDIDATE_V01_battle_a_all_universe_P1,2020-04-07,138657086.74216112,0.0,128159534.0,266816620.74216112,-0.02964302776676797,0.48032815063589035,0.5196718493641096,29,False,True,EXACT,100.0
2020-04-08,PATTERN_B_PROGRESSED_PREVIOUS_ET_ONLY_CANDIDATE_V01_battle_a_all_universe_P1,2020-04-08,138657086.74216112,0.0,129445309.0,268102395.74216112,-0.024966929506836544,0.4828204113643575,0.5171795886356425,29,False,True,EXACT,100.0
2020-04-09,PATTERN_B_PROGRESSED_PREVIOUS_ET_ONLY_CANDIDATE_V01_battle_a_all_universe_P1,2020-04-09,138657086.74216112,0.0,131928389.0,270585475.74216115,-0.01593648011462534,0.48756640997875866,0.5124335900212412,29,False,True,EXACT,100.0
2020-04-10,PATTERN_B_PROGRESSED_PREVIOUS_ET_ONLY_CANDIDATE_V01_battle_a_all_universe_P1,2020-04-10,138657086.74216112,0.0,131278184.0,269935270.74216115,-0.018301141481581906,0.48633208857465426,0.5136679114253456,29,False,True,EXACT,100.0
2020-04-13,PATTERN_B_PROGRESSED_PREVIOUS_ET_ONLY_CANDIDATE_V01_battle_a_all_universe_P1,2020-04-13,138657086.74216112,0.0,129210894.0,267867980.74216112,-0.025819448472909068,0.4823678203046342,0.5176321796953658,29,False,True,EXACT,100.0
2020-04-14,PATTERN_B_PROGRESSED_PREVIOUS_ET_ONLY_CANDIDATE_V01_battle_a_all_universe_P1,2020-04-14,138657086.74216112,0.0,131444364.0,270101450.74216115,-0.01769677912515455,0.4866481229139224,0.5133518770860774,29,False,True,EXACT,100.0
2020-04-16,PATTERN_B_PROGRESSED_PREVIOUS_ET_ONLY_CANDIDATE_V01_battle_a_all_universe_P1,2020-04-16,138657086.74216112,0.0,134742069.0,273399155.74216115,-0.0057037067662527585,0.49284010637938225,0.5071598936206176,29,False,True,EXACT,100.0
2020-04-17,PATTERN_B_PROGRESSED_PREVIOUS_ET_ONLY_CANDIDATE_V01_battle_a_all_universe_P1,2020-04-17,138657086.74216112,0.0,140016632.0,278673718.74216115,0.0,0.5024393137321584,0.4975606862678414,29,False,True,EXACT,100.0
2020-04-20,PATTERN_B_PROGRESSED_PREVIOUS_ET_ONLY_CANDIDATE_V01_battle_a_all_universe_P1,2020-04-20,138657086.74216112,0.0,145597473.0,284254559.74216115,0.0,0.5122080473645423,0.4877919526354576,29,False,True,EXACT,100.0
2020-04-21,PATTERN_B_PROGRESSED_PREVIOUS_ET_ONLY_CANDIDATE_V01_battle_a_all_universe_P1,2020-04-21,138657086.74216112,0.0,144810992.0,283468078.74216115,-0.002766819292937317,0.5108546706301917,0.48914532936980815,29,False,True,EXACT,100.0
2020-04-22,PATTERN_B_PROGRESSED_PREVIOUS_ET_ONLY_CANDIDATE_V01_battle_a_all_universe_P1,2020-04-22,138657086.74216112,0.0,145682122.0,284339208.74216115,0.0,0.5123532651175962,0.4876467348824038,29,False,True,EXACT,100.0
2020-04-23,PATTERN_B_PROGRESSED_PREVIOUS_ET_ONLY_CANDIDATE_V01_battle_a_all_universe_P1,2020-04-23,138657086.74216112,0.0,146673600.0,285330686.74216115,0.0,0.5140477586714726,0.4859522413285273,29,False,True,EXACT,100.0
2020-04-24,PATTERN_B_PROGRESSED_PREVIOUS_ET_ONLY_CANDIDATE_V01_battle_a_all_universe_P1,2020-04-24,138657086.74216112,0.0,142089936.0,280747022.74216115,-0.01606439199489962,0.5061137767807988,0.49388622321920106,29,False,True,EXACT,100.0
2020-04-27,PATTERN_B_PROGRESSED_PREVIOUS_ET_ONLY_CANDIDATE_V01_battle_a_all_universe_P1,2020-04-27,138657086.74216112,0.0,145146396.0,283803482.74216115,-0.005352400113136313,0.5114327512741175,0.4885672487258824,29,False,True,EXACT,100.0
2020-04-28,PATTERN_B_PROGRESSED_PREVIOUS_ET_ONLY_CANDIDATE_V01_battle_a_all_universe_P1,2020-04-28,138657086.74216112,0.0,145239311.0,283896397.74216115,-0.005026760410442921,0.511592651950126,0.48840734804987385,29,False,True,EXACT,100.0
2020-04-29,PATTERN_B_PROGRESSED_PREVIOUS_ET_ONLY_CANDIDATE_V01_battle_a_all_universe_P1,2020-04-29,138657086.74216112,0.0,146014216.0,284671302.74216115,-0.002310946668683589,0.5129221477313829,0.48707785226861705,29,False,True,EXACT,100.0
2020-05-04,PATTERN_B_PROGRESSED_PREVIOUS_ET_ONLY_CANDIDATE_V01_battle_a_all_universe_P1,2020-05-04,138657086.74216112,11429252.944861501,137337686.0,287424025.6870226,0.0,0.4778225677958726,0.5221774322041274,27,False,True,EXACT,100.0
2020-05-06,PATTERN_B_PROGRESSED_PREVIOUS_ET_ONLY_CANDIDATE_V01_battle_a_all_universe_P1,2020-05-06,150086339.68702263,0.0,139223456.0,289309795.6870226,0.0,0.48122620829131174,0.5187737917086882,27,False,True,EXACT,100.0
2020-05-07,PATTERN_B_PROGRESSED_PREVIOUS_ET_ONLY_CANDIDATE_V01_battle_a_all_universe_P1,2020-05-07,150086339.68702263,0.0,140124336.0,290210675.6870226,0.0,0.48283660023284924,0.5171633997671508,27,False,True,EXACT,100.0
2020-05-08,PATTERN_B_PROGRESSED_PREVIOUS_ET_ONLY_CANDIDATE_V01_battle_a_all_universe_P1,2020-05-08,150086339.68702263,0.0,143705739.0,293792078.6870226,0.0,0.48914095860661394,0.5108590413933861,27,False,True,EXACT,100.0
2020-05-11,PATTERN_B_PROGRESSED_PREVIOUS_ET_ONLY_CANDIDATE_V01_battle_a_all_universe_P1,2020-05-11,150086339.68702263,0.0,140240809.0,290327148.6870226,-0.01179381695886772,0.4830440750519748,0.5169559249480252,27,False,True,EXACT,100.0
2020-05-12,PATTERN_B_PROGRESSED_PREVIOUS_ET_ONLY_CANDIDATE_V01_battle_a_all_universe_P1,2020-05-12,150086339.68702263,0.0,138738091.0,288824430.6870226,-0.016908720011107103,0.4803544169376034,0.5196455830623966,27,False,True,EXACT,100.0
2020-05-13,PATTERN_B_PROGRESSED_PREVIOUS_ET_ONLY_CANDIDATE_V01_battle_a_all_universe_P1,2020-05-13,150086339.68702263,0.0,139269009.0,289355348.6870226,-0.01510159844958403,0.48130787846827905,0.518692121531721,27,False,True,EXACT,100.0
2020-05-14,PATTERN_B_PROGRESSED_PREVIOUS_ET_ONLY_CANDIDATE_V01_battle_a_all_universe_P1,2020-05-14,150086339.68702263,0.0,137933467.0,288019806.6870226,-0.01964747322595184,0.4789027136244339,0.5210972863755662,27,False,True,EXACT,100.0
2020-05-15,PATTERN_B_PROGRESSED_PREVIOUS_ET_ONLY_CANDIDATE_V01_battle_a_all_universe_P1,2020-05-15,150086339.68702263,0.0,136830472.0,286916811.6870226,-0.02340181202545033,0.4768994580535725,0.5231005419464275,27,False,True,EXACT,100.0
2020-05-18,PATTERN_B_PROGRESSED_PREVIOUS_ET_ONLY_CANDIDATE_V01_battle_a_all_universe_P1,2020-05-18,150086339.68702263,0.0,136882547.0,286968886.6870226,-0.02322456082033708,0.4769943828415394,0.5230056171584606,27,False,True,EXACT,100.0
2020-05-19,PATTERN_B_PROGRESSED_PREVIOUS_ET_ONLY_CANDIDATE_V01_battle_a_all_universe_P1,2020-05-19,150086339.68702263,0.0,141067612.0,291153951.6870226,-0.008979571579295076,0.484512098093181,0.5154879019068189,27,False,True,EXACT,100.0
2020-05-20,PATTERN_B_PROGRESSED_PREVIOUS_ET_ONLY_CANDIDATE_V01_battle_a_all_universe_P1,2020-05-20,150086339.68702263,0.0,143183027.0,293269366.6870226,-0.0017791902434403095,0.48823042316862597,0.511769576831374,27,False,True,EXACT,100.0
2020-05-21,PATTERN_B_PROGRESSED_PREVIOUS_ET_ONLY_CANDIDATE_V01_battle_a_all_universe_P1,2020-05-21,150086339.68702263,0.0,143747907.0,293834246.6870226,0.0,0.4892142717220876,0.5107857282779125,27,False,True,EXACT,100.0
2020-05-22,PATTERN_B_PROGRESSED_PREVIOUS_ET_ONLY_CANDIDATE_V01_battle_a_all_universe_P1,2020-05-22,150086339.68702263,0.0,143146817.0,293233156.6870226,-0.002045677135246393,0.4881672271215403,0.5118327728784596,27,False,True,EXACT,100.0
2020-05-25,PATTERN_B_PROGRESSED_PREVIOUS_ET_ONLY_CANDIDATE_V01_battle_a_all_universe_P1,2020-05-25,150086339.68702263,0.0,143808182.0,293894521.6870226,0.0,0.48931902906698543,0.5106809709330146,27,False,True,EXACT,100.0
2020-05-26,PATTERN_B_PROGRESSED_PREVIOUS_ET_ONLY_CANDIDATE_V01_battle_a_all_universe_P1,2020-05-26,150086339.68702263,0.0,144938374.0,295024713.6870226,0.0,0.49127536533687843,0.5087246346631216,27,False,True,EXACT,100.0
2020-05-27,PATTERN_B_PROGRESSED_PREVIOUS_ET_ONLY_CANDIDATE_V01_battle_a_all_universe_P1,2020-05-27,150086339.68702263,0.0,145825064.0,295911403.6870226,0.0,0.49279974405526855,0.5072002559447315,27,False,True,EXACT,100.0
2020-05-28,PATTERN_B_PROGRESSED_PREVIOUS_ET_ONLY_CANDIDATE_V01_battle_a_all_universe_P1,2020-05-28,150086339.68702263,0.0,142328524.0,292414863.6870226,-0.011816171855607793,0.4867349156106408,0.5132650843893591,27,False,True,EXACT,100.0
2020-05-29,PATTERN_B_PROGRESSED_PREVIOUS_ET_ONLY_CANDIDATE_V01_battle_a_all_universe_P1,2020-05-29,150086339.68702263,0.0,143981864.0,294068203.6870226,-0.006228891408150972,0.48962064648526293,0.5103793535147371,27,False,True,EXACT,100.0
2020-06-01,PATTERN_B_PROGRESSED_PREVIOUS_ET_ONLY_CANDIDATE_V01_battle_a_all_universe_P1,2020-06-01,150086339.68702263,77550074.3957022,66734111.0,294370525.0827248,-0.005207229546069003,0.22670106316264577,0.7732989368373542,14,False,True,EXACT,100.0
2020-06-02,PATTERN_B_PROGRESSED_PREVIOUS_ET_ONLY_CANDIDATE_V01_battle_a_all_universe_P1,2020-06-02,227636414.0827248,0.0,67119676.0,294756090.0827248,-0.0039042550908912066,0.22771260122619524,0.7722873987738047,14,False,True,EXACT,100.0
2020-06-03,PATTERN_B_PROGRESSED_PREVIOUS_ET_ONLY_CANDIDATE_V01_battle_a_all_universe_P1,2020-06-03,227636414.0827248,0.0,66451346.0,294087760.0827248,-0.006162802722623817,0.22595753723755013,0.7740424627624499,14,False,True,EXACT,100.0
2020-06-04,PATTERN_B_PROGRESSED_PREVIOUS_ET_ONLY_CANDIDATE_V01_battle_a_all_universe_P1,2020-06-04,227636414.0827248,0.0,66915811.0,294552225.0827248,-0.004593194406713019,0.22717808694606445,0.7728219130539355,14,False,True,EXACT,100.0
2020-06-05,PATTERN_B_PROGRESSED_PREVIOUS_ET_ONLY_CANDIDATE_V01_battle_a_all_universe_P1,2020-06-05,227636414.0827248,0.0,67349026.0,294985440.0827248,-0.003129192024235672,0.22831305159031864,0.7716869484096813,14,False,True,EXACT,100.0
2020-06-08,PATTERN_B_PROGRESSED_PREVIOUS_ET_ONLY_CANDIDATE_V01_battle_a_all_universe_P1,2020-06-08,227636414.0827248,0.0,67104546.0,294740960.0827248,-0.003955385259622357,0.2276729572339243,0.7723270427660757,14,False,True,EXACT,100.0
2020-06-09,PATTERN_B_PROGRESSED_PREVIOUS_ET_ONLY_CANDIDATE_V01_battle_a_all_universe_P1,2020-06-09,227636414.0827248,0.0,68026281.0,295662695.0827248,-0.0008404833379144216,0.23008070389457358,0.7699192961054264,14,False,True,EXACT,100.0
2020-06-10,PATTERN_B_PROGRESSED_PREVIOUS_ET_ONLY_CANDIDATE_V01_battle_a_all_universe_P1,2020-06-10,227636414.0827248,0.0,67932376.0,295568790.0827248,-0.001157824943644914,0.2298360932525618,0.7701639067474382,14,False,True,EXACT,100.0
2020-06-11,PATTERN_B_PROGRESSED_PREVIOUS_ET_ONLY_CANDIDATE_V01_battle_a_all_universe_P1,2020-06-11,227636414.0827248,0.0,67262361.0,294898775.0827248,-0.0034220668473082805,0.22808626784269148,0.7719137321573085,14,False,True,EXACT,100.0
2020-06-12,PATTERN_B_PROGRESSED_PREVIOUS_ET_ONLY_CANDIDATE_V01_battle_a_all_universe_P1,2020-06-12,227636414.0827248,0.0,66386111.0,294022525.0827248,-0.0063832572207850324,0.2257857998509533,0.7742142001490467,14,False,True,EXACT,100.0
2020-06-15,PATTERN_B_PROGRESSED_PREVIOUS_ET_ONLY_CANDIDATE_V01_battle_a_all_universe_P1,2020-06-15,227636414.0827248,0.0,61247846.0,288884260.0827248,-0.023747457910511027,0.21201517169007783,0.7879848283099221,14,False,True,EXACT,100.0
2020-06-16,PATTERN_B_PROGRESSED_PREVIOUS_ET_ONLY_CANDIDATE_V01_battle_a_all_universe_P1,2020-06-16,227636414.0827248,0.0,64336846.0,291973260.0827248,-0.013308522602471506,0.22035184311663142,0.7796481568833685,14,False,True,EXACT,100.0
2020-06-17,PATTERN_B_PROGRESSED_PREVIOUS_ET_ONLY_CANDIDATE_V01_battle_a_all_universe_P1,2020-06-17,227636414.0827248,0.0,63658566.0,291294980.0827248,-0.01560069516340934,0.21853643334986966,0.7814635666501304,14,False,True,EXACT,100.0
2020-06-18,PATTERN_B_PROGRESSED_PREVIOUS_ET_ONLY_CANDIDATE_V01_battle_a_all_universe_P1,2020-06-18,227636414.0827248,0.0,63114211.0,290750625.0827248,-0.0174402829360244,0.2170733458682768,0.7829266541317232,14,False,True,EXACT,100.0
2020-06-19,PATTERN_B_PROGRESSED_PREVIOUS_ET_ONLY_CANDIDATE_V01_battle_a_all_universe_P1,2020-06-19,227636414.0827248,0.0,63631296.0,291267710.0827248,-0.015692851125160834,0.21846326866073712,0.7815367313392629,14,False,True,EXACT,100.0
2020-06-22,PATTERN_B_PROGRESSED_PREVIOUS_ET_ONLY_CANDIDATE_V01_battle_a_all_universe_P1,2020-06-22,227636414.0827248,0.0,63456826.0,291093240.0827248,-0.016282453275757724,0.21799484585065051,0.7820051541493495,14,False,True,EXACT,100.0
2020-06-23,PATTERN_B_PROGRESSED_PREVIOUS_ET_ONLY_CANDIDATE_V01_battle_a_all_universe_P1,2020-06-23,227636414.0827248,0.0,62966811.0,290603225.0827248,-0.017938405002843827,0.2166762291852594,0.7833237708147406,14,False,True,EXACT,100.0
2020-06-24,PATTERN_B_PROGRESSED_PREVIOUS_ET_ONLY_CANDIDATE_V01_battle_a_all_universe_P1,2020-06-24,227636414.0827248,0.0,64705371.0,292341785.0827248,-0.012063132950676403,0.22133466477154518,0.7786653352284548,14,False,True,EXACT,100.0
2020-06-25,PATTERN_B_PROGRESSED_PREVIOUS_ET_ONLY_CANDIDATE_V01_battle_a_all_universe_P1,2020-06-25,227636414.0827248,0.0,64071921.0,291708335.0827248,-0.01420380746374783,0.21964377871420784,0.7803562212857922,14,False,True,EXACT,100.0
2020-06-26,PATTERN_B_PROGRESSED_PREVIOUS_ET_ONLY_CANDIDATE_V01_battle_a_all_universe_P1,2020-06-26,227636414.0827248,0.0,64402251.0,292038665.0827248,-0.013087493608032408,0.22052645317275707,0.7794735468272429,14,False,True,EXACT,100.0
2020-06-29,PATTERN_B_PROGRESSED_PREVIOUS_ET_ONLY_CANDIDATE_V01_battle_a_all_universe_P1,2020-06-29,227636414.0827248,0.0,63256761.0,290893175.0827248,-0.016958550910073922,0.21745701315271804,0.782542986847282,14,False,True,EXACT,100.0
2020-06-30,PATTERN_B_PROGRESSED_PREVIOUS_ET_ONLY_CANDIDATE_V01_battle_a_all_universe_P1,2020-06-30,227636414.0827248,0.0,63845891.0,291482305.0827248,-0.014967650956035361,0.21903865135785883,0.7809613486421412,14,False,True,EXACT,100.0
2020-07-01,PATTERN_B_PROGRESSED_PREVIOUS_ET_ONLY_CANDIDATE_V01_battle_a_all_universe_P1,2020-07-01,217643776.25385112,13109548.632696,60211895.0,290965219.8865471,-0.016715083429859945,0.20693846166039284,0.7930615383396072,13,False,True,EXACT,100.0
2020-07-02,PATTERN_B_PROGRESSED_PREVIOUS_ET_ONLY_CANDIDATE_V01_battle_a_all_universe_P1,2020-07-02,230753324.88654712,0.0,60758029.0,291511353.8865471,-0.014869483722666388,0.20842422838750335,0.7915757716124968,13,False,True,EXACT,100.0
2020-07-03,PATTERN_B_PROGRESSED_PREVIOUS_ET_ONLY_CANDIDATE_V01_battle_a_all_universe_P1,2020-07-03,230753324.88654712,0.0,61858007.0,292611331.8865471,-0.01115222921238257,0.21139990239333567,0.7886000976066645,13,False,True,EXACT,100.0
2020-07-06,PATTERN_B_PROGRESSED_PREVIOUS_ET_ONLY_CANDIDATE_V01_battle_a_all_universe_P1,2020-07-06,230753324.88654712,0.0,61764156.0,292517480.8865471,-0.011469388331060038,0.21114688876988938,0.7888531112301107,13,False,True,EXACT,100.0
2020-07-07,PATTERN_B_PROGRESSED_PREVIOUS_ET_ONLY_CANDIDATE_V01_battle_a_all_universe_P1,2020-07-07,230753324.88654712,0.0,60877175.0,291630499.8865471,-0.01446684293723044,0.20874762764416968,0.7912523723558305,13,False,True,EXACT,100.0
2020-07-08,PATTERN_B_PROGRESSED_PREVIOUS_ET_ONLY_CANDIDATE_V01_battle_a_all_universe_P1,2020-07-08,230753324.88654712,0.0,61052696.0,291806020.8865471,-0.013873689047880333,0.2092235650742005,0.7907764349257996,13,False,True,EXACT,100.0
2020-07-09,PATTERN_B_PROGRESSED_PREVIOUS_ET_ONLY_CANDIDATE_V01_battle_a_all_universe_P1,2020-07-09,230753324.88654712,0.0,61402026.0,292155350.8865471,-0.012693166784637389,0.21016909604316744,0.7898309039568326,13,False,True,EXACT,100.0
2020-07-10,PATTERN_B_PROGRESSED_PREVIOUS_ET_ONLY_CANDIDATE_V01_battle_a_all_universe_P1,2020-07-10,230753324.88654712,0.0,61875536.0,292628860.8865471,-0.011092991887353576,0.21144714097079198,0.7885528590292081,13,False,True,EXACT,100.0
2020-07-13,PATTERN_B_PROGRESSED_PREVIOUS_ET_ONLY_CANDIDATE_V01_battle_a_all_universe_P1,2020-07-13,230753324.88654712,0.0,61654218.0,292407542.8865471,-0.011840911694574241,0.21085029952158785,0.7891497004784123,13,False,True,EXACT,100.0
2020-07-14,PATTERN_B_PROGRESSED_PREVIOUS_ET_ONLY_CANDIDATE_V01_battle_a_all_universe_P1,2020-07-14,230753324.88654712,0.0,62223042.0,292976366.8865471,-0.009918633631233242,0.21238246163416793,0.7876175383658321,13,False,True,EXACT,100.0
2020-07-15,PATTERN_B_PROGRESSED_PREVIOUS_ET_ONLY_CANDIDATE_V01_battle_a_all_universe_P1,2020-07-15,230753324.88654712,0.0,65195227.0,295948551.8865471,0.0,0.22029243456137207,0.7797075654386281,13,False,True,EXACT,100.0
2020-07-16,PATTERN_B_PROGRESSED_PREVIOUS_ET_ONLY_CANDIDATE_V01_battle_a_all_universe_P1,2020-07-16,230753324.88654712,0.0,64355881.0,295109205.8865471,-0.0028361213280130304,0.21807479982424277,0.7819252001757573,13,False,True,EXACT,100.0
2020-07-17,PATTERN_B_PROGRESSED_PREVIOUS_ET_ONLY_CANDIDATE_V01_battle_a_all_universe_P1,2020-07-17,230753324.88654712,0.0,65154660.0,295907984.8865471,-0.00013707450075828298,0.22018554188384165,0.7798144581161585,13,False,True,EXACT,100.0
2020-07-20,PATTERN_B_PROGRESSED_PREVIOUS_ET_ONLY_CANDIDATE_V01_battle_a_all_universe_P1,2020-07-20,230753324.88654712,0.0,65834880.0,296588204.8865471,0.0,0.22197403307115196,0.7780259669288482,13,False,True,EXACT,100.0
2020-07-21,PATTERN_B_PROGRESSED_PREVIOUS_ET_ONLY_CANDIDATE_V01_battle_a_all_universe_P1,2020-07-21,230753324.88654712,0.0,66705222.0,297458546.8865471,0.0,0.2242504802709262,0.7757495197290739,13,False,True,EXACT,100.0
2020-07-22,PATTERN_B_PROGRESSED_PREVIOUS_ET_ONLY_CANDIDATE_V01_battle_a_all_universe_P1,2020-07-22,230753324.88654712,0.0,66585262.0,297338586.8865471,-0.0004032830834937995,0.2239375073959249,0.7760624926040752,13,False,True,EXACT,100.0
2020-07-23,PATTERN_B_PROGRESSED_PREVIOUS_ET_ONLY_CANDIDATE_V01_battle_a_all_universe_P1,2020-07-23,230753324.88654712,0.0,65956617.0,296709941.8865471,-0.002516669995989429,0.2222932490250691,0.777706750974931,13,False,True,EXACT,100.0
2020-07-24,PATTERN_B_PROGRESSED_PREVIOUS_ET_ONLY_CANDIDATE_V01_battle_a_all_universe_P1,2020-07-24,230753324.88654712,0.0,65246252.0,295999576.8865471,-0.004904784264129658,0.2204268421133861,0.779573157886614,13,False,True,EXACT,100.0
2020-07-27,PATTERN_B_PROGRESSED_PREVIOUS_ET_ONLY_CANDIDATE_V01_battle_a_all_universe_P1,2020-07-27,230753324.88654712,0.0,65824418.0,296577742.8865471,-0.0029610983083836473,0.22194658762771854,0.7780534123722815,13,False,True,EXACT,100.0
2020-07-28,PATTERN_B_PROGRESSED_PREVIOUS_ET_ONLY_CANDIDATE_V01_battle_a_all_universe_P1,2020-07-28,230753324.88654712,0.0,64651216.0,295404540.8865471,-0.006905184004625031,0.21885654095219176,0.7811434590478084,13,False,True,EXACT,100.0
2020-07-29,PATTERN_B_PROGRESSED_PREVIOUS_ET_ONLY_CANDIDATE_V01_battle_a_all_universe_P1,2020-07-29,230753324.88654712,0.0,65203322.0,295956646.8865471,-0.005049106894793098,0.22031376110635298,0.7796862388936471,13,False,True,EXACT,100.0
2020-07-30,PATTERN_B_PROGRESSED_PREVIOUS_ET_ONLY_CANDIDATE_V01_battle_a_all_universe_P1,2020-07-30,230753324.88654712,0.0,65388064.0,296141388.8865471,-0.004428038843685922,0.22080015308177817,0.779199846918222,13,False,True,EXACT,100.0
2020-07-31,PATTERN_B_PROGRESSED_PREVIOUS_ET_ONLY_CANDIDATE_V01_battle_a_all_universe_P1,2020-07-31,230753324.88654712,0.0,64910784.0,295664108.8865471,-0.006032564936466311,0.21954231862788498,0.7804576813721151,13,False,True,EXACT,100.0
2020-08-03,PATTERN_B_PROGRESSED_PREVIOUS_ET_ONLY_CANDIDATE_V01_battle_a_all_universe_P1,2020-08-03,215773485.61765262,14933196.29750805,64675191.0,295381872.91516066,-0.006981389484762346,0.2189545023928261,0.781045497607174,13,False,True,EXACT,100.0
2020-08-04,PATTERN_B_PROGRESSED_PREVIOUS_ET_ONLY_CANDIDATE_V01_battle_a_all_universe_P1,2020-08-04,230706681.9151607,0.0,65941121.0,296647802.91516066,-0.0027255695957382198,0.22228757587953124,0.7777124241204688,13,False,True,EXACT,100.0
2020-08-05,PATTERN_B_PROGRESSED_PREVIOUS_ET_ONLY_CANDIDATE_V01_battle_a_all_universe_P1,2020-08-05,230706681.9151607,0.0,66395081.0,297101762.91516066,-0.0011994409813429474,0.22347589037685903,0.7765241096231411,13,False,True,EXACT,100.0
2020-08-06,PATTERN_B_PROGRESSED_PREVIOUS_ET_ONLY_CANDIDATE_V01_battle_a_all_universe_P1,2020-08-06,230706681.9151607,0.0,67298841.0,298005522.91516066,0.0,0.225830851528075,0.7741691484719251,13,False,True,EXACT,100.0
2020-08-07,PATTERN_B_PROGRESSED_PREVIOUS_ET_ONLY_CANDIDATE_V01_battle_a_all_universe_P1,2020-08-07,230706681.9151607,0.0,66338201.0,297044882.91516066,-0.0032235644178765233,0.2233271967150733,0.7766728032849268,13,False,True,EXACT,100.0
2020-08-10,PATTERN_B_PROGRESSED_PREVIOUS_ET_ONLY_CANDIDATE_V01_battle_a_all_universe_P1,2020-08-10,230706681.9151607,0.0,65741311.0,296447992.91516066,-0.0052265138738499806,0.22176338707347654,0.7782366129265236,13,False,True,EXACT,100.0
2020-08-11,PATTERN_B_PROGRESSED_PREVIOUS_ET_ONLY_CANDIDATE_V01_battle_a_all_universe_P1,2020-08-11,230706681.9151607,0.0,65447211.0,296153892.91516066,-0.006213408335143944,0.22099054770402324,0.7790094522959768,13,False,True,EXACT,100.0
2020-08-12,PATTERN_B_PROGRESSED_PREVIOUS_ET_ONLY_CANDIDATE_V01_battle_a_all_universe_P1,2020-08-12,230706681.9151607,0.0,65112451.0,295819132.91516066,-0.007336743220770603,0.22010899145821614,0.779891008541784,13,False,True,EXACT,100.0
2020-08-13,PATTERN_B_PROGRESSED_PREVIOUS_ET_ONLY_CANDIDATE_V01_battle_a_all_universe_P1,2020-08-13,230706681.9151607,0.0,65815801.0,296522482.91516066,-0.0049765520635072225,0.22195888943379327,0.7780411105662068,13,False,True,EXACT,100.0
2020-08-14,PATTERN_B_PROGRESSED_PREVIOUS_ET_ONLY_CANDIDATE_V01_battle_a_all_universe_P1,2020-08-14,230706681.9151607,0.0,65506181.0,296212862.91516066,-0.006015526096509127,0.22114563275654187,0.7788543672434582,13,False,True,EXACT,100.0
2020-08-18,PATTERN_B_PROGRESSED_PREVIOUS_ET_ONLY_CANDIDATE_V01_battle_a_all_universe_P1,2020-08-18,230706681.9151607,0.0,65719631.0,296426312.91516066,-0.005299264203400655,0.2217064684767355,0.7782935315232646,13,False,True,EXACT,100.0
2020-08-19,PATTERN_B_PROGRESSED_PREVIOUS_ET_ONLY_CANDIDATE_V01_battle_a_all_universe_P1,2020-08-19,230706681.9151607,0.0,66519041.0,297225722.91516066,-0.0026167300269196447,0.2237997450139503,0.7762002549860498,13,False,True,EXACT,100.0
2020-08-20,PATTERN_B_PROGRESSED_PREVIOUS_ET_ONLY_CANDIDATE_V01_battle_a_all_universe_P1,2020-08-20,230706681.9151607,0.0,65195541.0,295902222.91516066,-0.007057922884868062,0.22032798658188008,0.7796720134181201,13,False,True,EXACT,100.0
2020-08-21,PATTERN_B_PROGRESSED_PREVIOUS_ET_ONLY_CANDIDATE_V01_battle_a_all_universe_P1,2020-08-21,230706681.9151607,0.0,65368021.0,296074702.91516066,-0.006479141665269306,0.22078218894212998,0.7792178110578701,13,False,True,EXACT,100.0
2020-08-24,PATTERN_B_PROGRESSED_PREVIOUS_ET_ONLY_CANDIDATE_V01_battle_a_all_universe_P1,2020-08-24,230706681.9151607,0.0,65292151.0,295998832.91516066,-0.00673373426227164,0.22058246094069592,0.7794175390593042,13,False,True,EXACT,100.0
2020-08-25,PATTERN_B_PROGRESSED_PREVIOUS_ET_ONLY_CANDIDATE_V01_battle_a_all_universe_P1,2020-08-25,230706681.9151607,0.0,67033161.0,297739842.91516066,-0.0008915271012465142,0.2251400428766288,0.7748599571233713,13,False,True,EXACT,100.0
2020-08-26,PATTERN_B_PROGRESSED_PREVIOUS_ET_ONLY_CANDIDATE_V01_battle_a_all_universe_P1,2020-08-26,230706681.9151607,0.0,67032311.0,297738992.91516066,-0.000894379397377354,0.22513783076810684,0.7748621692318932,13,False,True,EXACT,100.0
2020-08-27,PATTERN_B_PROGRESSED_PREVIOUS_ET_ONLY_CANDIDATE_V01_battle_a_all_universe_P1,2020-08-27,230706681.9151607,0.0,66774181.0,297480862.91516066,-0.0017605713976964754,0.22446546761242758,0.7755345323875725,13,False,True,EXACT,100.0
2020-08-28,PATTERN_B_PROGRESSED_PREVIOUS_ET_ONLY_CANDIDATE_V01_battle_a_all_universe_P1,2020-08-28,230706681.9151607,0.0,67689291.0,298395972.91516066,0.0,0.22684384892568668,0.7731561510743135,13,False,True,EXACT,100.0
2020-08-31,PATTERN_B_PROGRESSED_PREVIOUS_ET_ONLY_CANDIDATE_V01_battle_a_all_universe_P1,2020-08-31,230706681.9151607,0.0,67939661.0,298646342.91516066,0.0,0.22749202396662288,0.7725079760333772,13,False,True,EXACT,100.0
2020-09-01,PATTERN_B_PROGRESSED_PREVIOUS_ET_ONLY_CANDIDATE_V01_battle_a_all_universe_P1,2020-09-01,225707138.2960907,27022802.0615865,46706701.0,299436641.3576772,0.0,0.15598191586783403,0.8440180841321658,9,False,True,EXACT,100.0
2020-09-02,PATTERN_B_PROGRESSED_PREVIOUS_ET_ONLY_CANDIDATE_V01_battle_a_all_universe_P1,2020-09-02,252729940.3576772,0.0,46959561.0,299689501.3576772,0.0,0.1566940476301641,0.8433059523698359,9,False,True,EXACT,100.0
2020-09-03,PATTERN_B_PROGRESSED_PREVIOUS_ET_ONLY_CANDIDATE_V01_battle_a_all_universe_P1,2020-09-03,252729940.3576772,0.0,47082891.0,299812831.3576772,0.0,0.15704094713621522,0.8429590528637847,9,False,True,EXACT,100.0
2020-09-04,PATTERN_B_PROGRESSED_PREVIOUS_ET_ONLY_CANDIDATE_V01_battle_a_all_universe_P1,2020-09-04,252729940.3576772,0.0,47007461.0,299737401.3576772,-0.000251590299382487,0.15682881344495914,0.8431711865550408,9,False,True,EXACT,100.0
2020-09-07,PATTERN_B_PROGRESSED_PREVIOUS_ET_ONLY_CANDIDATE_V01_battle_a_all_universe_P1,2020-09-07,252729940.3576772,0.0,47066111.0,299796051.3576772,-5.596825167231145e-05,0.15699376555112432,0.8430062344488756,9,False,True,EXACT,100.0
2020-09-08,PATTERN_B_PROGRESSED_PREVIOUS_ET_ONLY_CANDIDATE_V01_battle_a_all_universe_P1,2020-09-08,252729940.3576772,0.0,46262781.0,298992721.3576772,-0.002735406607803248,0.1547287866738971,0.8452712133261028,9,False,True,EXACT,100.0
2020-09-09,PATTERN_B_PROGRESSED_PREVIOUS_ET_ONLY_CANDIDATE_V01_battle_a_all_universe_P1,2020-09-09,252729940.3576772,0.0,45858781.0,298588721.3576772,-0.004082913978220026,0.1535851079420582,0.8464148920579417,9,False,True,EXACT,100.0
2020-09-10,PATTERN_B_PROGRESSED_PREVIOUS_ET_ONLY_CANDIDATE_V01_battle_a_all_universe_P1,2020-09-10,252729940.3576772,0.0,45930821.0,298660761.3576772,-0.003842630733257635,0.15378927178516458,0.8462107282148353,9,False,True,EXACT,100.0
2020-09-11,PATTERN_B_PROGRESSED_PREVIOUS_ET_ONLY_CANDIDATE_V01_battle_a_all_universe_P1,2020-09-11,252729940.3576772,0.0,45434723.0,298164663.3576772,-0.005497323088329509,0.1523813133600499,0.84761868663995,9,False,True,EXACT,100.0
2020-09-14,PATTERN_B_PROGRESSED_PREVIOUS_ET_ONLY_CANDIDATE_V01_battle_a_all_universe_P1,2020-09-14,252729940.3576772,0.0,45863637.0,298593577.3576772,-0.00406671720646079,0.15359887310992354,0.8464011268900764,9,False,True,EXACT,100.0
2020-09-15,PATTERN_B_PROGRESSED_PREVIOUS_ET_ONLY_CANDIDATE_V01_battle_a_all_universe_P1,2020-09-15,252729940.3576772,0.0,45386825.0,298116765.3576772,-0.005657082761666654,0.1522451276617918,0.8477548723382081,9,False,True,EXACT,100.0
2020-09-16,PATTERN_B_PROGRESSED_PREVIOUS_ET_ONLY_CANDIDATE_V01_battle_a_all_universe_P1,2020-09-16,252729940.3576772,0.0,45346281.0,298076221.3576772,-0.005792313798365201,0.15212981697586211,0.8478701830241377,9,False,True,EXACT,100.0
2020-09-17,PATTERN_B_PROGRESSED_PREVIOUS_ET_ONLY_CANDIDATE_V01_battle_a_all_universe_P1,2020-09-17,252729940.3576772,0.0,45209761.0,297939701.3576772,-0.006247664556308985,0.15174131139282304,0.8482586886071769,9,False,True,EXACT,100.0
2020-09-18,PATTERN_B_PROGRESSED_PREVIOUS_ET_ONLY_CANDIDATE_V01_battle_a_all_universe_P1,2020-09-18,252729940.3576772,0.0,45281813.0,298011753.3576772,-0.006007341286375145,0.15194639973025573,0.8480536002697442,9,False,True,EXACT,100.0
2020-09-21,PATTERN_B_PROGRESSED_PREVIOUS_ET_ONLY_CANDIDATE_V01_battle_a_all_universe_P1,2020-09-21,252729940.3576772,0.0,44894251.0,297624191.3576772,-0.0073000211168045,0.15084207636215707,0.8491579236378428,9,False,True,EXACT,100.0
2020-09-22,PATTERN_B_PROGRESSED_PREVIOUS_ET_ONLY_CANDIDATE_V01_battle_a_all_universe_P1,2020-09-22,252729940.3576772,0.0,44025271.0,296755211.3576772,-0.010198429420628319,0.14835551092289534,0.8516444890771045,9,False,True,EXACT,100.0
2020-09-23,PATTERN_B_PROGRESSED_PREVIOUS_ET_ONLY_CANDIDATE_V01_battle_a_all_universe_P1,2020-09-23,252729940.3576772,0.0,44466137.0,297196077.3576772,-0.008727958667246627,0.14961885565698346,0.8503811443430165,9,False,True,EXACT,100.0
2020-09-24,PATTERN_B_PROGRESSED_PREVIOUS_ET_ONLY_CANDIDATE_V01_battle_a_all_universe_P1,2020-09-24,252729940.3576772,0.0,42925173.0,295655113.3576772,-0.013867712002758936,0.1451866416667384,0.8548133583332616,9,False,True,EXACT,100.0
2020-09-25,PATTERN_B_PROGRESSED_PREVIOUS_ET_ONLY_CANDIDATE_V01_battle_a_all_universe_P1,2020-09-25,252729940.3576772,0.0,43651455.0,296381395.3576772,-0.011445260646320676,0.14728136004394207,0.8527186399560578,9,False,True,EXACT,100.0
2020-09-28,PATTERN_B_PROGRESSED_PREVIOUS_ET_ONLY_CANDIDATE_V01_battle_a_all_universe_P1,2020-09-28,252729940.3576772,0.0,44533347.0,297263287.3576772,-0.00850378547327213,0.149811123317142,0.8501888766828579,9,False,True,EXACT,100.0
2020-09-29,PATTERN_B_PROGRESSED_PREVIOUS_ET_ONLY_CANDIDATE_V01_battle_a_all_universe_P1,2020-09-29,252729940.3576772,0.0,44733901.0,297463841.3576772,-0.007834854797117208,0.15038433174205854,0.8496156682579413,9,False,True,EXACT,100.0
2020-10-05,PATTERN_B_PROGRESSED_PREVIOUS_ET_ONLY_CANDIDATE_V01_battle_a_all_universe_P1,2020-10-05,252729940.3576772,0.0,45207503.0,297937443.3576772,-0.0062551959217604924,0.15173488263349258,0.8482651173665073,9,False,True,EXACT,100.0
2020-10-06,PATTERN_B_PROGRESSED_PREVIOUS_ET_ONLY_CANDIDATE_V01_battle_a_all_universe_P1,2020-10-06,252729940.3576772,0.0,45290345.0,298020285.3576772,-0.005978883531710832,0.1519706785920413,0.8480293214079586,9,False,True,EXACT,100.0
2020-10-07,PATTERN_B_PROGRESSED_PREVIOUS_ET_ONLY_CANDIDATE_V01_battle_a_all_universe_P1,2020-10-07,252729940.3576772,0.0,45612595.0,298342535.3576772,-0.004904046278946361,0.15288666413361382,0.847113335866386,9,False,True,EXACT,100.0
2020-10-08,PATTERN_B_PROGRESSED_PREVIOUS_ET_ONLY_CANDIDATE_V01_battle_a_all_universe_P1,2020-10-08,252729940.3576772,0.0,45904273.0,298634213.3576772,-0.003931179311648325,0.15371404529935753,0.8462859547006424,9,False,True,EXACT,100.0
2020-10-12,PATTERN_B_PROGRESSED_PREVIOUS_ET_ONLY_CANDIDATE_V01_battle_a_all_universe_P1,2020-10-12,252729940.3576772,0.0,46576447.0,299306387.3576772,-0.001689200551245995,0.15561461087143522,0.8443853891285646,9,False,True,EXACT,100.0
2020-10-13,PATTERN_B_PROGRESSED_PREVIOUS_ET_ONLY_CANDIDATE_V01_battle_a_all_universe_P1,2020-10-13,252729940.3576772,0.0,46319237.0,299049177.3576772,-0.002547102459030337,0.15488836120287988,0.84511163879712,9,False,True,EXACT,100.0
2020-10-14,PATTERN_B_PROGRESSED_PREVIOUS_ET_ONLY_CANDIDATE_V01_battle_a_all_universe_P1,2020-10-14,252729940.3576772,0.0,46363987.0,299093927.3576772,-0.0023978426698567645,0.1550148055816417,0.8449851944183582,9,False,True,EXACT,100.0
2020-10-15,PATTERN_B_PROGRESSED_PREVIOUS_ET_ONLY_CANDIDATE_V01_battle_a_all_universe_P1,2020-10-15,252729940.3576772,0.0,46052381.0,298782321.3576772,-0.003437177772990685,0.15413355378837806,0.8458664462116219,9,False,True,EXACT,100.0
2020-10-16,PATTERN_B_PROGRESSED_PREVIOUS_ET_ONLY_CANDIDATE_V01_battle_a_all_universe_P1,2020-10-16,252729940.3576772,0.0,43541675.0,296271615.3576772,-0.011811422426331486,0.14696539507314538,0.8530346049268546,9,False,True,EXACT,100.0
2020-10-19,PATTERN_B_PROGRESSED_PREVIOUS_ET_ONLY_CANDIDATE_V01_battle_a_all_universe_P1,2020-10-19,252729940.3576772,0.0,43679307.0,296409247.3576772,-0.011352362687704676,0.14736148547785405,0.8526385145221459,9,False,True,EXACT,100.0
2020-10-20,PATTERN_B_PROGRESSED_PREVIOUS_ET_ONLY_CANDIDATE_V01_battle_a_all_universe_P1,2020-10-20,252729940.3576772,0.0,43836155.0,296566095.3576772,-0.010829209628211767,0.14781242929044489,0.852187570709555,9,False,True,EXACT,100.0
2020-10-21,PATTERN_B_PROGRESSED_PREVIOUS_ET_ONLY_CANDIDATE_V01_battle_a_all_universe_P1,2020-10-21,252729940.3576772,0.0,43853849.0,296583789.3576772,-0.010770192807884715,0.14786327025821588,0.852136729741784,9,False,True,EXACT,100.0
2020-10-22,PATTERN_B_PROGRESSED_PREVIOUS_ET_ONLY_CANDIDATE_V01_battle_a_all_universe_P1,2020-10-22,252729940.3576772,0.0,43107681.0,295837621.3576772,-0.013258972212758846,0.1457139927037252,0.8542860072962747,9,False,True,EXACT,100.0
2020-10-23,PATTERN_B_PROGRESSED_PREVIOUS_ET_ONLY_CANDIDATE_V01_battle_a_all_universe_P1,2020-10-23,252729940.3576772,0.0,44100633.0,296830573.3576772,-0.009947065929416965,0.14857173404054735,0.8514282659594525,9,False,True,EXACT,100.0
2020-10-26,PATTERN_B_PROGRESSED_PREVIOUS_ET_ONLY_CANDIDATE_V01_battle_a_all_universe_P1,2020-10-26,252729940.3576772,0.0,42703925.0,295433865.3576772,-0.014605665742090546,0.1445464789498625,0.8554535210501374,9,False,True,EXACT,100.0
2020-10-27,PATTERN_B_PROGRESSED_PREVIOUS_ET_ONLY_CANDIDATE_V01_battle_a_all_universe_P1,2020-10-27,252729940.3576772,0.0,41738177.0,294468117.3576772,-0.01782683541527197,0.14174090347887308,0.8582590965211269,9,False,True,EXACT,100.0
2020-10-28,PATTERN_B_PROGRESSED_PREVIOUS_ET_ONLY_CANDIDATE_V01_battle_a_all_universe_P1,2020-10-28,252729940.3576772,0.0,42379613.0,295109553.3576772,-0.015687380619106905,0.14360637437119927,0.8563936256288006,9,False,True,EXACT,100.0
2020-10-29,PATTERN_B_PROGRESSED_PREVIOUS_ET_ONLY_CANDIDATE_V01_battle_a_all_universe_P1,2020-10-29,252729940.3576772,0.0,42799653.0,295529593.3576772,-0.014286373203587388,0.14482357761105807,0.8551764223889419,9,False,True,EXACT,100.0
2020-10-30,PATTERN_B_PROGRESSED_PREVIOUS_ET_ONLY_CANDIDATE_V01_battle_a_all_universe_P1,2020-10-30,252729940.3576772,0.0,42980049.0,295709989.3576772,-0.013684677808553536,0.1453452725535535,0.8546547274464464,9,False,True,EXACT,100.0
2020-11-02,PATTERN_B_PROGRESSED_PREVIOUS_ET_ONLY_CANDIDATE_V01_battle_a_all_universe_P1,2020-11-02,252729940.3576772,6188436.035333999,37160721.0,296079097.3930112,-0.012453549595452973,0.12550943760367314,0.8744905623963267,8,False,True,EXACT,100.0
2020-11-03,PATTERN_B_PROGRESSED_PREVIOUS_ET_ONLY_CANDIDATE_V01_battle_a_all_universe_P1,2020-11-03,258918376.39301118,0.0,37374457.0,296292833.3930112,-0.011740651488216791,0.12614026661395977,0.8738597333860402,8,False,True,EXACT,100.0
2020-11-04,PATTERN_B_PROGRESSED_PREVIOUS_ET_ONLY_CANDIDATE_V01_battle_a_all_universe_P1,2020-11-04,258918376.39301118,0.0,38282919.0,297201295.3930112,-0.008710554357663325,0.12881141365610696,0.871188586343893,8,False,True,EXACT,100.0
2020-11-05,PATTERN_B_PROGRESSED_PREVIOUS_ET_ONLY_CANDIDATE_V01_battle_a_all_universe_P1,2020-11-05,258918376.39301118,0.0,37713569.0,296631945.3930112,-0.010609572479808982,0.12713927001366235,0.8728607299863376,8,False,True,EXACT,100.0
2020-11-06,PATTERN_B_PROGRESSED_PREVIOUS_ET_ONLY_CANDIDATE_V01_battle_a_all_universe_P1,2020-11-06,258918376.39301118,0.0,37921331.0,296839707.3930112,-0.00991660013750073,0.12775019667363013,0.8722498033263698,8,False,True,EXACT,100.0
2020-11-09,PATTERN_B_PROGRESSED_PREVIOUS_ET_ONLY_CANDIDATE_V01_battle_a_all_universe_P1,2020-11-09,258918376.39301118,0.0,38271405.0,297189781.3930112,-0.008748958317720268,0.12877766126618242,0.8712223387338175,8,False,True,EXACT,100.0
2020-11-10,PATTERN_B_PROGRESSED_PREVIOUS_ET_ONLY_CANDIDATE_V01_battle_a_all_universe_P1,2020-11-10,258918376.39301118,0.0,38878133.0,297796509.3930112,-0.006725269080496865,0.13055268202855708,0.8694473179714428,8,False,True,EXACT,100.0
2020-11-11,PATTERN_B_PROGRESSED_PREVIOUS_ET_ONLY_CANDIDATE_V01_battle_a_all_universe_P1,2020-11-11,258918376.39301118,0.0,39075377.0,297993753.3930112,-0.006067378625619457,0.13112817485293107,0.8688718251470688,8,False,True,EXACT,100.0
2020-11-12,PATTERN_B_PROGRESSED_PREVIOUS_ET_ONLY_CANDIDATE_V01_battle_a_all_universe_P1,2020-11-12,258918376.39301118,0.0,40507775.0,299426151.3930112,-0.001289737877178121,0.13528469310895827,0.8647153068910416,8,False,True,EXACT,100.0
2020-11-13,PATTERN_B_PROGRESSED_PREVIOUS_ET_ONLY_CANDIDATE_V01_battle_a_all_universe_P1,2020-11-13,258918376.39301118,0.0,39970037.0,298888413.3930112,-0.0030833168830027846,0.1337289610736533,0.8662710389263466,8,False,True,EXACT,100.0
2020-11-16,PATTERN_B_PROGRESSED_PREVIOUS_ET_ONLY_CANDIDATE_V01_battle_a_all_universe_P1,2020-11-16,258918376.39301118,0.0,39871521.0,298789897.3930112,-0.00341190855652751,0.13344333710036813,0.8665566628996317,8,False,True,EXACT,100.0
2020-11-17,PATTERN_B_PROGRESSED_PREVIOUS_ET_ONLY_CANDIDATE_V01_battle_a_all_universe_P1,2020-11-17,258918376.39301118,0.0,40540045.0,299458421.3930112,-0.0011821040582589148,0.1353778758714385,0.8646221241285614,8,False,True,EXACT,100.0
2020-11-18,PATTERN_B_PROGRESSED_PREVIOUS_ET_ONLY_CANDIDATE_V01_battle_a_all_universe_P1,2020-11-18,258918376.39301118,0.0,41132989.0,300051365.3930112,0.0,0.1370864916615976,0.8629135083384023,8,False,True,EXACT,100.0
2020-11-19,PATTERN_B_PROGRESSED_PREVIOUS_ET_ONLY_CANDIDATE_V01_battle_a_all_universe_P1,2020-11-19,258918376.39301118,0.0,40541391.0,299459767.3930112,-0.0019716557504250165,0.13538176214100056,0.8646182378589994,8,False,True,EXACT,100.0
2020-11-20,PATTERN_B_PROGRESSED_PREVIOUS_ET_ONLY_CANDIDATE_V01_battle_a_all_universe_P1,2020-11-20,258918376.39301118,0.0,40617207.0,299535583.3930112,-0.0017189790132247085,0.13560060724641,0.8643993927535899,8,False,True,EXACT,100.0
2020-11-23,PATTERN_B_PROGRESSED_PREVIOUS_ET_ONLY_CANDIDATE_V01_battle_a_all_universe_P1,2020-11-23,258918376.39301118,0.0,40524903.0,299443279.3930112,-0.002026606341895887,0.13533415437523366,0.8646658456247662,8,False,True,EXACT,100.0
2020-11-24,PATTERN_B_PROGRESSED_PREVIOUS_ET_ONLY_CANDIDATE_V01_battle_a_all_universe_P1,2020-11-24,258918376.39301118,0.0,40178725.0,299097101.3930112,-0.0031803354693956676,0.1343333814098234,0.8656666185901765,8,False,True,EXACT,100.0
2020-11-25,PATTERN_B_PROGRESSED_PREVIOUS_ET_ONLY_CANDIDATE_V01_battle_a_all_universe_P1,2020-11-25,258918376.39301118,0.0,39167455.0,298085831.3930112,-0.006550658409521071,0.13139656728051483,0.868603432719485,8,False,True,EXACT,100.0
2020-11-26,PATTERN_B_PROGRESSED_PREVIOUS_ET_ONLY_CANDIDATE_V01_battle_a_all_universe_P1,2020-11-26,258918376.39301118,0.0,39068291.0,297986667.3930112,-0.006881148490344713,0.13110751343942942,0.8688924865605705,8,False,True,EXACT,100.0
2020-11-27,PATTERN_B_PROGRESSED_PREVIOUS_ET_ONLY_CANDIDATE_V01_battle_a_all_universe_P1,2020-11-27,258918376.39301118,0.0,39350609.0,298268985.3930112,-0.005940249589150848,0.13192993883742238,0.8680700611625776,8,False,True,EXACT,100.0
2020-11-30,PATTERN_B_PROGRESSED_PREVIOUS_ET_ONLY_CANDIDATE_V01_battle_a_all_universe_P1,2020-11-30,258918376.39301118,0.0,39433915.0,298352291.3930112,-0.005662610459294282,0.13217232157287104,0.8678276784271288,8,False,True,EXACT,100.0
2020-12-01,PATTERN_B_PROGRESSED_PREVIOUS_ET_ONLY_CANDIDATE_V01_battle_a_all_universe_P1,2020-12-01,253924138.8697362,0.0,44813165.0,298737303.8697362,-0.004379455236118823,0.15000860093301469,0.8499913990669853,9,False,True,EXACT,100.0
2020-12-02,PATTERN_B_PROGRESSED_PREVIOUS_ET_ONLY_CANDIDATE_V01_battle_a_all_universe_P1,2020-12-02,253924138.8697362,0.0,45353135.0,299277273.8697362,-0.002579863358598944,0.15154219501391364,0.8484578049860864,9,False,True,EXACT,100.0
2020-12-03,PATTERN_B_PROGRESSED_PREVIOUS_ET_ONLY_CANDIDATE_V01_battle_a_all_universe_P1,2020-12-03,253924138.8697362,0.0,46334013.0,300258151.8697362,0.0,0.15431392190844337,0.8456860780915566,9,False,True,EXACT,100.0
2020-12-04,PATTERN_B_PROGRESSED_PREVIOUS_ET_ONLY_CANDIDATE_V01_battle_a_all_universe_P1,2020-12-04,253924138.8697362,0.0,46451703.0,300375841.8697362,0.0,0.15464526944262275,0.8453547305573772,9,False,True,EXACT,100.0
2020-12-07,PATTERN_B_PROGRESSED_PREVIOUS_ET_ONLY_CANDIDATE_V01_battle_a_all_universe_P1,2020-12-07,253924138.8697362,0.0,45707311.0,299631449.8697362,-0.002478201959806192,0.15254510506113797,0.8474548949388621,9,False,True,EXACT,100.0
2020-12-08,PATTERN_B_PROGRESSED_PREVIOUS_ET_ONLY_CANDIDATE_V01_battle_a_all_universe_P1,2020-12-08,253924138.8697362,0.0,44849203.0,298773341.8697362,-0.00533498296675583,0.15011112678036062,0.8498888732196394,9,False,True,EXACT,100.0
2020-12-09,PATTERN_B_PROGRESSED_PREVIOUS_ET_ONLY_CANDIDATE_V01_battle_a_all_universe_P1,2020-12-09,253924138.8697362,0.0,45620255.0,299544393.8697362,-0.0027680255336931525,0.1522988109062693,0.8477011890937307,9,False,True,EXACT,100.0
2020-12-10,PATTERN_B_PROGRESSED_PREVIOUS_ET_ONLY_CANDIDATE_V01_battle_a_all_universe_P1,2020-12-10,253924138.8697362,0.0,45816577.0,299740715.8697362,-0.002114437685955539,0.1528540320825528,0.8471459679174472,9,False,True,EXACT,100.0
2020-12-11,PATTERN_B_PROGRESSED_PREVIOUS_ET_ONLY_CANDIDATE_V01_battle_a_all_universe_P1,2020-12-11,253924138.8697362,0.0,45660441.0,299584579.8697362,-0.0026342398079508555,0.15241252076409886,0.8475874792359012,9,False,True,EXACT,100.0
2020-12-14,PATTERN_B_PROGRESSED_PREVIOUS_ET_ONLY_CANDIDATE_V01_battle_a_all_universe_P1,2020-12-14,253924138.8697362,0.0,45350227.0,299274365.8697362,-0.0036669926354386817,0.15153395068837733,0.8484660493116226,9,False,True,EXACT,100.0
2020-12-15,PATTERN_B_PROGRESSED_PREVIOUS_ET_ONLY_CANDIDATE_V01_battle_a_all_universe_P1,2020-12-15,253924138.8697362,0.0,44895785.0,298819923.8697362,-0.0051799039174220685,0.15024361300477174,0.8497563869952283,9,False,True,EXACT,100.0
2020-12-16,PATTERN_B_PROGRESSED_PREVIOUS_ET_ONLY_CANDIDATE_V01_battle_a_all_universe_P1,2020-12-16,253924138.8697362,0.0,44876743.0,298800881.8697362,-0.005243297830466065,0.15018945968025707,0.8498105403197429,9,False,True,EXACT,100.0
2020-12-17,PATTERN_B_PROGRESSED_PREVIOUS_ET_ONLY_CANDIDATE_V01_battle_a_all_universe_P1,2020-12-17,253924138.8697362,0.0,44012513.0,297936651.8697362,-0.00812045997047195,0.1477243995453206,0.8522756004546794,9,False,True,EXACT,100.0
2020-12-18,PATTERN_B_PROGRESSED_PREVIOUS_ET_ONLY_CANDIDATE_V01_battle_a_all_universe_P1,2020-12-18,253924138.8697362,0.0,44063093.0,297987231.8697362,-0.00795207092931216,0.1478690637968743,0.8521309362031256,9,False,True,EXACT,100.0
2020-12-21,PATTERN_B_PROGRESSED_PREVIOUS_ET_ONLY_CANDIDATE_V01_battle_a_all_universe_P1,2020-12-21,253924138.8697362,0.0,43361703.0,297285841.8697362,-0.010287112241669671,0.1458586212087426,0.8541413787912574,9,False,True,EXACT,100.0
2020-12-22,PATTERN_B_PROGRESSED_PREVIOUS_ET_ONLY_CANDIDATE_V01_battle_a_all_universe_P1,2020-12-22,253924138.8697362,0.0,42589655.0,296513793.8697362,-0.01285738552061999,0.14363464999105707,0.856365350008943,9,False,True,EXACT,100.0
2020-12-23,PATTERN_B_PROGRESSED_PREVIOUS_ET_ONLY_CANDIDATE_V01_battle_a_all_universe_P1,2020-12-23,253924138.8697362,0.0,41748589.0,295672727.8697362,-0.01565743093960137,0.1411986465603046,0.8588013534396954,9,False,True,EXACT,100.0
2020-12-24,PATTERN_B_PROGRESSED_PREVIOUS_ET_ONLY_CANDIDATE_V01_battle_a_all_universe_P1,2020-12-24,253924138.8697362,0.0,42367281.0,296291419.8697362,-0.013597704710791247,0.14299192672749914,0.8570080732725008,9,False,True,EXACT,100.0
2020-12-28,PATTERN_B_PROGRESSED_PREVIOUS_ET_ONLY_CANDIDATE_V01_battle_a_all_universe_P1,2020-12-28,253924138.8697362,0.0,41825031.0,295749169.8697362,-0.015402943096890054,0.14142062011001413,0.8585793798899859,9,False,True,EXACT,100.0
2020-12-29,PATTERN_B_PROGRESSED_PREVIOUS_ET_ONLY_CANDIDATE_V01_battle_a_all_universe_P1,2020-12-29,253924138.8697362,0.0,43186595.0,297110733.8697362,-0.010870075235331234,0.1453552163448074,0.8546447836551926,9,False,True,EXACT,100.0
2020-12-30,PATTERN_B_PROGRESSED_PREVIOUS_ET_ONLY_CANDIDATE_V01_battle_a_all_universe_P1,2020-12-30,253924138.8697362,0.0,43821711.0,297745849.8697362,-0.00875567084100104,0.1471782428509818,0.8528217571490182,9,False,True,EXACT,100.0
2021-01-04,PATTERN_B_PROGRESSED_PREVIOUS_ET_ONLY_CANDIDATE_V01_battle_a_all_universe_P1,2021-01-04,253924138.8697362,0.0,44172893.0,298097031.8697362,-0.007586528882666421,0.14818293467377722,0.8518170653262228,9,False,True,EXACT,100.0
2021-01-05,PATTERN_B_PROGRESSED_PREVIOUS_ET_ONLY_CANDIDATE_V01_battle_a_all_universe_P1,2021-01-05,253924138.8697362,0.0,44923061.0,298847199.8697362,-0.005089097680042176,0.15032117088459054,0.8496788291154095,9,False,True,EXACT,100.0
2021-01-06,PATTERN_B_PROGRESSED_PREVIOUS_ET_ONLY_CANDIDATE_V01_battle_a_all_universe_P1,2021-01-06,253924138.8697362,0.0,45751387.0,299675525.8697362,-0.002331465791791998,0.15266974794560748,0.8473302520543925,9,False,True,EXACT,100.0
2021-01-07,PATTERN_B_PROGRESSED_PREVIOUS_ET_ONLY_CANDIDATE_V01_battle_a_all_universe_P1,2021-01-07,253924138.8697362,0.0,47316725.0,301240863.8697362,0.0,0.15707273041303219,0.8429272695869678,9,False,True,EXACT,100.0
2021-01-08,PATTERN_B_PROGRESSED_PREVIOUS_ET_ONLY_CANDIDATE_V01_battle_a_all_universe_P1,2021-01-08,253924138.8697362,0.0,47340611.0,301264749.8697362,0.0,0.15713956252920264,0.8428604374707974,9,False,True,EXACT,100.0
2021-01-11,PATTERN_B_PROGRESSED_PREVIOUS_ET_ONLY_CANDIDATE_V01_battle_a_all_universe_P1,2021-01-11,253924138.8697362,0.0,46844475.0,300768613.8697362,-0.0016468438481916925,0.15574921331481908,0.8442507866851809,9,False,True,EXACT,100.0
2021-01-12,PATTERN_B_PROGRESSED_PREVIOUS_ET_ONLY_CANDIDATE_V01_battle_a_all_universe_P1,2021-01-12,253924138.8697362,0.0,47083353.0,301007491.8697362,-0.0008539266545828372,0.15641920640425708,0.8435807935957429,9,False,True,EXACT,100.0
2021-01-13,PATTERN_B_PROGRESSED_PREVIOUS_ET_ONLY_CANDIDATE_V01_battle_a_all_universe_P1,2021-01-13,253924138.8697362,0.0,48149357.0,302073495.8697362,0.0,0.1593961656959257,0.8406038343040743,9,False,True,EXACT,100.0
2021-01-14,PATTERN_B_PROGRESSED_PREVIOUS_ET_ONLY_CANDIDATE_V01_battle_a_all_universe_P1,2021-01-14,253924138.8697362,0.0,48304809.0,302228947.8697362,0.0,0.15982853178187245,0.8401714682181276,9,False,True,EXACT,100.0
2021-01-15,PATTERN_B_PROGRESSED_PREVIOUS_ET_ONLY_CANDIDATE_V01_battle_a_all_universe_P1,2021-01-15,253924138.8697362,0.0,47743931.0,301668069.8697362,-0.0018558050244801283,0.1582664384089983,0.8417335615910017,9,False,True,EXACT,100.0
2021-01-18,PATTERN_B_PROGRESSED_PREVIOUS_ET_ONLY_CANDIDATE_V01_battle_a_all_universe_P1,2021-01-18,253924138.8697362,0.0,47760227.0,301684365.8697362,-0.0018018856361659008,0.1583119060953338,0.8416880939046663,9,False,True,EXACT,100.0
2021-01-19,PATTERN_B_PROGRESSED_PREVIOUS_ET_ONLY_CANDIDATE_V01_battle_a_all_universe_P1,2021-01-19,253924138.8697362,0.0,48377351.0,302301489.8697362,0.0,0.16003014414797007,0.8399698558520299,9,False,True,EXACT,100.0
2021-01-20,PATTERN_B_PROGRESSED_PREVIOUS_ET_ONLY_CANDIDATE_V01_battle_a_all_universe_P1,2021-01-20,253924138.8697362,0.0,49252351.0,303176489.8697362,0.0,0.16245438761152597,0.837545612388474,9,False,True,EXACT,100.0
2021-01-21,PATTERN_B_PROGRESSED_PREVIOUS_ET_ONLY_CANDIDATE_V01_battle_a_all_universe_P1,2021-01-21,253924138.8697362,0.0,50698905.0,304623043.8697362,0.0,0.16643161448311183,0.8335683855168882,9,False,True,EXACT,100.0
2021-01-22,PATTERN_B_PROGRESSED_PREVIOUS_ET_ONLY_CANDIDATE_V01_battle_a_all_universe_P1,2021-01-22,253924138.8697362,0.0,51389723.0,305313861.8697362,0.0,0.1683176868724215,0.8316823131275786,9,False,True,EXACT,100.0
2021-01-25,PATTERN_B_PROGRESSED_PREVIOUS_ET_ONLY_CANDIDATE_V01_battle_a_all_universe_P1,2021-01-25,253924138.8697362,0.0,50679449.0,304603587.8697362,-0.002326373246371083,0.16637837181902493,0.8336216281809751,9,False,True,EXACT,100.0
2021-01-26,PATTERN_B_PROGRESSED_PREVIOUS_ET_ONLY_CANDIDATE_V01_battle_a_all_universe_P1,2021-01-26,253924138.8697362,0.0,49718151.0,303642289.8697362,-0.005474929928707906,0.1637392176871321,0.8362607823128679,9,False,True,EXACT,100.0
2021-01-27,PATTERN_B_PROGRESSED_PREVIOUS_ET_ONLY_CANDIDATE_V01_battle_a_all_universe_P1,2021-01-27,253924138.8697362,0.0,49265149.0,303189287.8697362,-0.0069586555519921545,0.16248974146199563,0.8375102585380044,9,False,True,EXACT,100.0
2021-01-28,PATTERN_B_PROGRESSED_PREVIOUS_ET_ONLY_CANDIDATE_V01_battle_a_all_universe_P1,2021-01-28,253924138.8697362,0.0,47624101.0,301548239.8697362,-0.012333609672811496,0.15793194820362014,0.8420680517963799,9,False,True,EXACT,100.0
2021-01-29,PATTERN_B_PROGRESSED_PREVIOUS_ET_ONLY_CANDIDATE_V01_battle_a_all_universe_P1,2021-01-29,253924138.8697362,0.0,45297809.0,299221947.8697362,-0.019952955829431462,0.15138531555753398,0.848614684442466,9,False,True,EXACT,100.0
2021-02-01,PATTERN_B_PROGRESSED_PREVIOUS_ET_ONLY_CANDIDATE_V01_battle_a_all_universe_P1,2021-02-01,253924138.8697362,0.0,46546113.0,300470251.8697362,-0.015864363217371835,0.1549108862203746,0.8450891137796254,9,False,True,EXACT,100.0
2021-02-02,PATTERN_B_PROGRESSED_PREVIOUS_ET_ONLY_CANDIDATE_V01_battle_a_all_universe_P1,2021-02-02,253924138.8697362,0.0,46686619.0,300610757.8697362,-0.015404161380679793,0.15530588236709325,0.8446941176329068,9,False,True,EXACT,100.0
2021-02-03,PATTERN_B_PROGRESSED_PREVIOUS_ET_ONLY_CANDIDATE_V01_battle_a_all_universe_P1,2021-02-03,253924138.8697362,0.0,48142759.0,302066897.8697362,-0.010634839768216442,0.15937780451786265,0.8406221954821373,9,False,True,EXACT,100.0
2021-02-04,PATTERN_B_PROGRESSED_PREVIOUS_ET_ONLY_CANDIDATE_V01_battle_a_all_universe_P1,2021-02-04,253924138.8697362,0.0,48000865.0,301925003.8697362,-0.01109958774634956,0.15898274202129248,0.8410172579787075,9,False,True,EXACT,100.0
2021-02-05,PATTERN_B_PROGRESSED_PREVIOUS_ET_ONLY_CANDIDATE_V01_battle_a_all_universe_P1,2021-02-05,253924138.8697362,0.0,47874655.0,301798793.8697362,-0.011512965636325201,0.1586310348896354,0.8413689651103646,9,False,True,EXACT,100.0
2021-02-08,PATTERN_B_PROGRESSED_PREVIOUS_ET_ONLY_CANDIDATE_V01_battle_a_all_universe_P1,2021-02-08,253924138.8697362,0.0,47482745.0,301406883.8697362,-0.012796595529838473,0.1575370289834567,0.8424629710165433,9,False,True,EXACT,100.0
2021-02-09,PATTERN_B_PROGRESSED_PREVIOUS_ET_ONLY_CANDIDATE_V01_battle_a_all_universe_P1,2021-02-09,253924138.8697362,0.0,46915575.0,300839713.8697362,-0.014654257663246573,0.15594874226051975,0.8440512577394802,9,False,True,EXACT,100.0
2021-02-10,PATTERN_B_PROGRESSED_PREVIOUS_ET_ONLY_CANDIDATE_V01_battle_a_all_universe_P1,2021-02-10,253924138.8697362,0.0,47289983.0,301214121.8697362,-0.013427952386089737,0.15699789474163878,0.8430021052583612,9,False,True,EXACT,100.0
2021-02-15,PATTERN_B_PROGRESSED_PREVIOUS_ET_ONLY_CANDIDATE_V01_battle_a_all_universe_P1,2021-02-15,253924138.8697362,0.0,48671363.0,302595501.8697362,-0.00890349355038389,0.16084628720275046,0.8391537127972496,9,False,True,EXACT,100.0
2021-02-16,PATTERN_B_PROGRESSED_PREVIOUS_ET_ONLY_CANDIDATE_V01_battle_a_all_universe_P1,2021-02-16,253924138.8697362,0.0,47898143.0,301822281.8697362,-0.011436034966174291,0.15869651075221944,0.8413034892477805,9,False,True,EXACT,100.0
2021-02-17,PATTERN_B_PROGRESSED_PREVIOUS_ET_ONLY_CANDIDATE_V01_battle_a_all_universe_P1,2021-02-17,253924138.8697362,0.0,48052427.0,301976565.8697362,-0.010930705797510987,0.15912634432940867,0.8408736556705914,9,False,True,EXACT,100.0
2021-02-18,PATTERN_B_PROGRESSED_PREVIOUS_ET_ONLY_CANDIDATE_V01_battle_a_all_universe_P1,2021-02-18,253924138.8697362,0.0,47810757.0,301734895.8697362,-0.01172225190851961,0.15845285929619712,0.8415471407038029,9,False,True,EXACT,100.0
2021-02-19,PATTERN_B_PROGRESSED_PREVIOUS_ET_ONLY_CANDIDATE_V01_battle_a_all_universe_P1,2021-02-19,253924138.8697362,0.0,47144353.0,301068491.8697362,-0.013904936952424785,0.15659012574586526,0.8434098742541347,9,False,True,EXACT,100.0
2021-02-22,PATTERN_B_PROGRESSED_PREVIOUS_ET_ONLY_CANDIDATE_V01_battle_a_all_universe_P1,2021-02-22,253924138.8697362,0.0,47497641.0,301421779.8697362,-0.012747806392297334,0.15757866276460444,0.8424213372353956,9,False,True,EXACT,100.0
2021-02-23,PATTERN_B_PROGRESSED_PREVIOUS_ET_ONLY_CANDIDATE_V01_battle_a_all_universe_P1,2021-02-23,253924138.8697362,0.0,46644693.0,300568831.8697362,-0.015541482364873738,0.1551880569579995,0.8448119430420005,9,False,True,EXACT,100.0
2021-02-24,PATTERN_B_PROGRESSED_PREVIOUS_ET_ONLY_CANDIDATE_V01_battle_a_all_universe_P1,2021-02-24,253924138.8697362,0.0,45102891.0,299027029.8697362,-0.02059137427137947,0.1508321539348733,0.8491678460651267,9,False,True,EXACT,100.0
2021-02-25,PATTERN_B_PROGRESSED_PREVIOUS_ET_ONLY_CANDIDATE_V01_battle_a_all_universe_P1,2021-02-25,253924138.8697362,0.0,46229493.0,300153631.8697362,-0.016901394415565818,0.1540194356870656,0.8459805643129344,9,False,True,EXACT,100.0
2021-02-26,PATTERN_B_PROGRESSED_PREVIOUS_ET_ONLY_CANDIDATE_V01_battle_a_all_universe_P1,2021-02-26,253924138.8697362,0.0,45849375.0,299773513.8697362,-0.018146401758737718,0.15294671770076199,0.847053282299238,9,False,True,EXACT,100.0
2021-03-02,PATTERN_B_PROGRESSED_PREVIOUS_ET_ONLY_CANDIDATE_V01_battle_a_all_universe_P1,2021-03-02,253924138.8697362,16633951.432965001,29676587.0,300234677.3027012,-0.016635944846821515,0.09884463469247962,0.9011553653075204,7,False,True,EXACT,100.0
2021-03-03,PATTERN_B_PROGRESSED_PREVIOUS_ET_ONLY_CANDIDATE_V01_battle_a_all_universe_P1,2021-03-03,270558090.3027012,0.0,29904227.0,300462317.3027012,-0.015890351447930495,0.09952737923495726,0.9004726207650428,7,False,True,EXACT,100.0
2021-03-04,PATTERN_B_PROGRESSED_PREVIOUS_ET_ONLY_CANDIDATE_V01_battle_a_all_universe_P1,2021-03-04,270558090.3027012,0.0,29645541.0,300203631.3027012,-0.01673763037072762,0.09875144038516917,0.9012485596148309,7,False,True,EXACT,100.0
2021-03-05,PATTERN_B_PROGRESSED_PREVIOUS_ET_ONLY_CANDIDATE_V01_battle_a_all_universe_P1,2021-03-05,270558090.3027012,0.0,29584561.0,300142651.3027012,-0.016937359264877827,0.0985683336626598,0.9014316663373402,7,False,True,EXACT,100.0
2021-03-08,PATTERN_B_PROGRESSED_PREVIOUS_ET_ONLY_CANDIDATE_V01_battle_a_all_universe_P1,2021-03-08,270558090.3027012,0.0,29605801.0,300163891.3027012,-0.01686779150968354,0.09863212017778628,0.9013678798222137,7,False,True,EXACT,100.0
2021-03-09,PATTERN_B_PROGRESSED_PREVIOUS_ET_ONLY_CANDIDATE_V01_battle_a_all_universe_P1,2021-03-09,270558090.3027012,0.0,29618169.0,300176259.3027012,-0.016827282376150388,0.09866925875084845,0.9013307412491516,7,False,True,EXACT,100.0
2021-03-10,PATTERN_B_PROGRESSED_PREVIOUS_ET_ONLY_CANDIDATE_V01_battle_a_all_universe_P1,2021-03-10,270558090.3027012,0.0,29490481.0,300048571.3027012,-0.017245501186190726,0.09828569045325934,0.9017143095467407,7,False,True,EXACT,100.0
2021-03-11,PATTERN_B_PROGRESSED_PREVIOUS_ET_ONLY_CANDIDATE_V01_battle_a_all_universe_P1,2021-03-11,270558090.3027012,0.0,29785387.0,300343477.3027012,-0.016279590243942654,0.09917107994984288,0.9008289200501571,7,False,True,EXACT,100.0
2021-03-12,PATTERN_B_PROGRESSED_PREVIOUS_ET_ONLY_CANDIDATE_V01_battle_a_all_universe_P1,2021-03-12,270558090.3027012,0.0,30356821.0,300914911.3027012,-0.014407962154407095,0.10088174384107865,0.8991182561589214,7,False,True,EXACT,100.0
2021-03-15,PATTERN_B_PROGRESSED_PREVIOUS_ET_ONLY_CANDIDATE_V01_battle_a_all_universe_P1,2021-03-15,270558090.3027012,0.0,31297525.0,301855615.3027012,-0.01132685737181005,0.10368375943119297,0.896316240568807,7,False,True,EXACT,100.0
2021-03-16,PATTERN_B_PROGRESSED_PREVIOUS_ET_ONLY_CANDIDATE_V01_battle_a_all_universe_P1,2021-03-16,270558090.3027012,0.0,31347935.0,301906025.3027012,-0.011161748589354925,0.10383341958336043,0.8961665804166395,7,False,True,EXACT,100.0
2021-03-17,PATTERN_B_PROGRESSED_PREVIOUS_ET_ONLY_CANDIDATE_V01_battle_a_all_universe_P1,2021-03-17,270558090.3027012,0.0,31358881.0,301916971.3027012,-0.011125896958076309,0.10386591010334317,0.8961340898966569,7,False,True,EXACT,100.0
2021-03-18,PATTERN_B_PROGRESSED_PREVIOUS_ET_ONLY_CANDIDATE_V01_battle_a_all_universe_P1,2021-03-18,270558090.3027012,0.0,31773487.0,302331577.3027012,-0.009767930446300643,0.10509483423290472,0.8949051657670952,7,False,True,EXACT,100.0
2021-03-19,PATTERN_B_PROGRESSED_PREVIOUS_ET_ONLY_CANDIDATE_V01_battle_a_all_universe_P1,2021-03-19,270558090.3027012,0.0,31979773.0,302537863.3027012,-0.009092278188860714,0.1057050269704687,0.8942949730295313,7,False,True,EXACT,100.0
2021-03-22,PATTERN_B_PROGRESSED_PREVIOUS_ET_ONLY_CANDIDATE_V01_battle_a_all_universe_P1,2021-03-22,270558090.3027012,0.0,32421023.0,302979113.3027012,-0.0076470441031961656,0.10700745225169604,0.8929925477483039,7,False,True,EXACT,100.0
2021-03-23,PATTERN_B_PROGRESSED_PREVIOUS_ET_ONLY_CANDIDATE_V01_battle_a_all_universe_P1,2021-03-23,270558090.3027012,0.0,31925339.0,302483429.3027012,-0.009270566851113493,0.10554409236101221,0.8944559076389877,7,False,True,EXACT,100.0
2021-03-24,PATTERN_B_PROGRESSED_PREVIOUS_ET_ONLY_CANDIDATE_V01_battle_a_all_universe_P1,2021-03-24,270558090.3027012,0.0,31553441.0,302111531.3027012,-0.010488651079986977,0.10444302097289022,0.8955569790271097,7,False,True,EXACT,100.0
2021-03-25,PATTERN_B_PROGRESSED_PREVIOUS_ET_ONLY_CANDIDATE_V01_battle_a_all_universe_P1,2021-03-25,270558090.3027012,0.0,32451205.0,303009295.3027012,-0.007548188454077676,0.10709640101166465,0.8929035989883354,7,False,True,EXACT,100.0
2021-03-26,PATTERN_B_PROGRESSED_PREVIOUS_ET_ONLY_CANDIDATE_V01_battle_a_all_universe_P1,2021-03-26,270558090.3027012,0.0,31617759.0,302175849.3027012,-0.010277989174215296,0.1046336398920063,0.8953663601079936,7,False,True,EXACT,100.0
2021-03-29,PATTERN_B_PROGRESSED_PREVIOUS_ET_ONLY_CANDIDATE_V01_battle_a_all_universe_P1,2021-03-29,270558090.3027012,0.0,31624305.0,302182395.3027012,-0.010256548942317867,0.10465303568833453,0.8953469643116655,7,False,True,EXACT,100.0
2021-03-30,PATTERN_B_PROGRESSED_PREVIOUS_ET_ONLY_CANDIDATE_V01_battle_a_all_universe_P1,2021-03-30,270558090.3027012,0.0,31633643.0,302191733.3027012,-0.010225964022449463,0.10468070272562031,0.8953192972743796,7,False,True,EXACT,100.0
2021-03-31,PATTERN_B_PROGRESSED_PREVIOUS_ET_ONLY_CANDIDATE_V01_battle_a_all_universe_P1,2021-03-31,270558090.3027012,0.0,31676849.0,302234939.3027012,-0.010084450631162811,0.10480869310835796,0.8951913068916421,7,False,True,EXACT,100.0
2021-04-01,PATTERN_B_PROGRESSED_PREVIOUS_ET_ONLY_CANDIDATE_V01_battle_a_all_universe_P1,2021-04-01,260581431.83137164,8570184.2295075,33073217.0,302224833.0608791,-0.01011755178733098,0.10943249323703935,0.8905675067629607,7,False,True,EXACT,100.0
2021-04-02,PATTERN_B_PROGRESSED_PREVIOUS_ET_ONLY_CANDIDATE_V01_battle_a_all_universe_P1,2021-04-02,269151616.0608791,0.0,33080228.0,302231844.0608791,-0.010094588532544413,0.10945315210840784,0.8905468478915921,7,False,True,EXACT,100.0
2021-04-05,PATTERN_B_PROGRESSED_PREVIOUS_ET_ONLY_CANDIDATE_V01_battle_a_all_universe_P1,2021-04-05,269151616.0608791,0.0,32725741.0,301877357.0608791,-0.01125564619900321,0.10840740530731575,0.8915925946926843,7,False,True,EXACT,100.0
2021-04-06,PATTERN_B_PROGRESSED_PREVIOUS_ET_ONLY_CANDIDATE_V01_battle_a_all_universe_P1,2021-04-06,269151616.0608791,0.0,32690598.0,301842214.0608791,-0.01137075070092386,0.10830359862589191,0.8916964013741081,7,False,True,EXACT,100.0
2021-04-07,PATTERN_B_PROGRESSED_PREVIOUS_ET_ONLY_CANDIDATE_V01_battle_a_all_universe_P1,2021-04-07,269151616.0608791,0.0,33398604.0,302550220.0608791,-0.009051805875870178,0.11039028163086292,0.889609718369137,7,False,True,EXACT,100.0
2021-04-08,PATTERN_B_PROGRESSED_PREVIOUS_ET_ONLY_CANDIDATE_V01_battle_a_all_universe_P1,2021-04-08,269151616.0608791,0.0,34879524.0,304031140.0608791,-0.004201321882346676,0.11472352467913562,0.8852764753208644,7,False,True,EXACT,100.0
2021-04-09,PATTERN_B_PROGRESSED_PREVIOUS_ET_ONLY_CANDIDATE_V01_battle_a_all_universe_P1,2021-04-09,269151616.0608791,0.0,34582893.0,303734509.0608791,-0.005172882748215701,0.11385895236905191,0.8861410476309481,7,False,True,EXACT,100.0
2021-04-12,PATTERN_B_PROGRESSED_PREVIOUS_ET_ONLY_CANDIDATE_V01_battle_a_all_universe_P1,2021-04-12,269151616.0608791,0.0,34690041.0,303841657.0608791,-0.004821938970740902,0.11417144487547784,0.8858285551245222,7,False,True,EXACT,100.0
2021-04-13,PATTERN_B_PROGRESSED_PREVIOUS_ET_ONLY_CANDIDATE_V01_battle_a_all_universe_P1,2021-04-13,269151616.0608791,0.0,36464817.0,305616433.0608791,0.0,0.11931562918521521,0.8806843708147848,7,False,True,EXACT,100.0
2021-04-14,PATTERN_B_PROGRESSED_PREVIOUS_ET_ONLY_CANDIDATE_V01_battle_a_all_universe_P1,2021-04-14,269151616.0608791,0.0,36518638.0,305670254.0608791,0.0,0.1194706960027806,0.8805293039972194,7,False,True,EXACT,100.0
2021-04-15,PATTERN_B_PROGRESSED_PREVIOUS_ET_ONLY_CANDIDATE_V01_battle_a_all_universe_P1,2021-04-15,269151616.0608791,0.0,35967426.0,305119042.0608791,-0.0018032896321348302,0.11787997811301325,0.8821200218869868,7,False,True,EXACT,100.0
2021-04-16,PATTERN_B_PROGRESSED_PREVIOUS_ET_ONLY_CANDIDATE_V01_battle_a_all_universe_P1,2021-04-16,269151616.0608791,0.0,36103252.0,305254868.0608791,-0.0013589349780737114,0.11827248564239007,0.8817275143576099,7,False,True,EXACT,100.0
2021-04-19,PATTERN_B_PROGRESSED_PREVIOUS_ET_ONLY_CANDIDATE_V01_battle_a_all_universe_P1,2021-04-19,269151616.0608791,0.0,36426999.0,305578615.0608791,-0.00029979691769987937,0.1192066368673829,0.8807933631326171,7,False,True,EXACT,100.0
2021-04-20,PATTERN_B_PROGRESSED_PREVIOUS_ET_ONLY_CANDIDATE_V01_battle_a_all_universe_P1,2021-04-20,269151616.0608791,0.0,36388582.0,305540198.0608791,-0.00042547810351900583,0.11909589059292797,0.8809041094070721,7,False,True,EXACT,100.0
2021-04-21,PATTERN_B_PROGRESSED_PREVIOUS_ET_ONLY_CANDIDATE_V01_battle_a_all_universe_P1,2021-04-21,269151616.0608791,0.0,36056372.0,305207988.0608791,-0.001512302861854331,0.11813705214297314,0.8818629478570269,7,False,True,EXACT,100.0
2021-04-22,PATTERN_B_PROGRESSED_PREVIOUS_ET_ONLY_CANDIDATE_V01_battle_a_all_universe_P1,2021-04-22,269151616.0608791,0.0,35937597.0,305089213.0608791,-0.001900875182588968,0.11779373200201877,0.8822062679979812,7,False,True,EXACT,100.0
2021-04-23,PATTERN_B_PROGRESSED_PREVIOUS_ET_ONLY_CANDIDATE_V01_battle_a_all_universe_P1,2021-04-23,269151616.0608791,0.0,36536924.0,305688540.0608791,0.0,0.11952336843482429,0.8804766315651757,7,False,True,EXACT,100.0
2021-04-26,PATTERN_B_PROGRESSED_PREVIOUS_ET_ONLY_CANDIDATE_V01_battle_a_all_universe_P1,2021-04-26,269151616.0608791,0.0,37103192.0,306254808.0608791,0.0,0.1211513779487322,0.8788486220512678,7,False,True,EXACT,100.0
2021-04-27,PATTERN_B_PROGRESSED_PREVIOUS_ET_ONLY_CANDIDATE_V01_battle_a_all_universe_P1,2021-04-27,269151616.0608791,0.0,36973420.0,306125036.0608791,-0.00042373865351430506,0.1207788179489086,0.8792211820510913,7,False,True,EXACT,100.0
2021-04-28,PATTERN_B_PROGRESSED_PREVIOUS_ET_ONLY_CANDIDATE_V01_battle_a_all_universe_P1,2021-04-28,269151616.0608791,0.0,36514970.0,305666586.0608791,-0.0019206947434539101,0.11946012964834624,0.8805398703516538,7,False,True,EXACT,100.0
2021-04-29,PATTERN_B_PROGRESSED_PREVIOUS_ET_ONLY_CANDIDATE_V01_battle_a_all_universe_P1,2021-04-29,269151616.0608791,0.0,36980875.0,306132491.0608791,-0.00039939617854323206,0.12080022891998676,0.8791997710800132,7,False,True,EXACT,100.0
2021-04-30,PATTERN_B_PROGRESSED_PREVIOUS_ET_ONLY_CANDIDATE_V01_battle_a_all_universe_P1,2021-04-30,269151616.0608791,0.0,36579726.0,305731342.0608791,-0.0017092498998283467,0.11964663404616206,0.880353365953838,7,False,True,EXACT,100.0
2021-05-03,PATTERN_B_PROGRESSED_PREVIOUS_ET_ONLY_CANDIDATE_V01_battle_a_all_universe_P1,2021-05-03,269151616.0608791,12965511.44451555,23809248.0,305926375.50539464,-0.0010724159975283865,0.07782672533764633,0.9221732746623537,5,False,True,EXACT,100.0
2021-05-04,PATTERN_B_PROGRESSED_PREVIOUS_ET_ONLY_CANDIDATE_V01_battle_a_all_universe_P1,2021-05-04,282117127.50539464,0.0,23178965.0,305296092.50539464,-0.0031304506255911413,0.07592290097715687,0.9240770990228432,5,False,True,EXACT,100.0
2021-05-06,PATTERN_B_PROGRESSED_PREVIOUS_ET_ONLY_CANDIDATE_V01_battle_a_all_universe_P1,2021-05-06,282117127.50539464,0.0,23327965.0,305445092.50539464,-0.002643927651655109,0.07637367753612867,0.9236263224638713,5,False,True,EXACT,100.0
2021-05-07,PATTERN_B_PROGRESSED_PREVIOUS_ET_ONLY_CANDIDATE_V01_battle_a_all_universe_P1,2021-05-07,282117127.50539464,0.0,23675527.0,305792654.50539464,-0.0015090491424794017,0.0774234653814496,0.9225765346185504,5,False,True,EXACT,100.0
2021-05-10,PATTERN_B_PROGRESSED_PREVIOUS_ET_ONLY_CANDIDATE_V01_battle_a_all_universe_P1,2021-05-10,282117127.50539464,0.0,23880251.0,305997378.50539464,-0.0008405731068009681,0.07804070452054215,0.9219592954794579,5,False,True,EXACT,100.0
2021-05-11,PATTERN_B_PROGRESSED_PREVIOUS_ET_ONLY_CANDIDATE_V01_battle_a_all_universe_P1,2021-05-11,282117127.50539464,0.0,24242215.0,306359342.50539464,0.0,0.07913000074274909,0.9208699992572509,5,False,True,EXACT,100.0
2021-05-12,PATTERN_B_PROGRESSED_PREVIOUS_ET_ONLY_CANDIDATE_V01_battle_a_all_universe_P1,2021-05-12,282117127.50539464,0.0,23818732.0,305935859.50539464,-0.0013823080978591085,0.07785531267406068,0.9221446873259393,5,False,True,EXACT,100.0
2021-05-13,PATTERN_B_PROGRESSED_PREVIOUS_ET_ONLY_CANDIDATE_V01_battle_a_all_universe_P1,2021-05-13,282117127.50539464,0.0,23388406.0,305505533.50539464,-0.0027869527105574,0.07655640711852116,0.9234435928814788,5,False,True,EXACT,100.0
2021-05-14,PATTERN_B_PROGRESSED_PREVIOUS_ET_ONLY_CANDIDATE_V01_battle_a_all_universe_P1,2021-05-14,282117127.50539464,0.0,23651574.0,305768701.50539464,-0.001927935329700592,0.07735119351181441,0.9226488064881856,5,False,True,EXACT,100.0
2021-05-17,PATTERN_B_PROGRESSED_PREVIOUS_ET_ONLY_CANDIDATE_V01_battle_a_all_universe_P1,2021-05-17,282117127.50539464,0.0,23425334.0,305542461.50539464,-0.0026664145226307223,0.07666801492854505,0.923331985071455,5,False,True,EXACT,100.0
2021-05-18,PATTERN_B_PROGRESSED_PREVIOUS_ET_ONLY_CANDIDATE_V01_battle_a_all_universe_P1,2021-05-18,282117127.50539464,0.0,23780676.0,305897803.50539464,-0.0015065282365001043,0.07774059090156435,0.9222594090984356,5,False,True,EXACT,100.0
2021-05-20,PATTERN_B_PROGRESSED_PREVIOUS_ET_ONLY_CANDIDATE_V01_battle_a_all_universe_P1,2021-05-20,282117127.50539464,0.0,23709568.0,305826695.50539464,-0.001738634753698176,0.07752615565759784,0.9224738443424022,5,False,True,EXACT,100.0
2021-05-21,PATTERN_B_PROGRESSED_PREVIOUS_ET_ONLY_CANDIDATE_V01_battle_a_all_universe_P1,2021-05-21,282117127.50539464,0.0,23615314.0,305732441.50539464,-0.00204629307163684,0.07724176696369106,0.922758233036309,5,False,True,EXACT,100.0
2021-05-24,PATTERN_B_PROGRESSED_PREVIOUS_ET_ONLY_CANDIDATE_V01_battle_a_all_universe_P1,2021-05-24,282117127.50539464,0.0,23110085.0,305227212.50539464,-0.0036954316155057843,0.07571436639055093,0.924285633609449,5,False,True,EXACT,100.0
2021-05-25,PATTERN_B_PROGRESSED_PREVIOUS_ET_ONLY_CANDIDATE_V01_battle_a_all_universe_P1,2021-05-25,282117127.50539464,0.0,23267662.0,305384789.50539464,-0.0031810781157517454,0.07619129308203143,0.9238087069179686,5,False,True,EXACT,100.0
2021-05-26,PATTERN_B_PROGRESSED_PREVIOUS_ET_ONLY_CANDIDATE_V01_battle_a_all_universe_P1,2021-05-26,282117127.50539464,0.0,23787199.0,305904326.50539464,-0.0014852362466862834,0.07776025684808519,0.9222397431519148,5,False,True,EXACT,100.0
2021-05-27,PATTERN_B_PROGRESSED_PREVIOUS_ET_ONLY_CANDIDATE_V01_battle_a_all_universe_P1,2021-05-27,282117127.50539464,0.0,24051577.0,306168704.50539464,-0.0006222692555774012,0.07855661485341725,0.9214433851465827,5,False,True,EXACT,100.0
2021-05-28,PATTERN_B_PROGRESSED_PREVIOUS_ET_ONLY_CANDIDATE_V01_battle_a_all_universe_P1,2021-05-28,282117127.50539464,0.0,23916642.0,306033769.50539464,-0.0010627160815057657,0.07815033628038362,0.9218496637196164,5,False,True,EXACT,100.0
2021-05-31,PATTERN_B_PROGRESSED_PREVIOUS_ET_ONLY_CANDIDATE_V01_battle_a_all_universe_P1,2021-05-31,282117127.50539464,0.0,24169294.0,306286421.50539464,-0.00023802440429476768,0.07891075902486361,0.9210892409751363,5,False,True,EXACT,100.0
2021-06-01,PATTERN_B_PROGRESSED_PREVIOUS_ET_ONLY_CANDIDATE_V01_battle_a_all_universe_P1,2021-06-01,272126078.501809,4818453.1236,29694242.0,306638773.625409,0.0,0.09683785794250074,0.9031621420574992,6,False,True,EXACT,100.0
2021-06-02,PATTERN_B_PROGRESSED_PREVIOUS_ET_ONLY_CANDIDATE_V01_battle_a_all_universe_P1,2021-06-02,276944531.625409,0.0,29668161.0,306612692.625409,-8.505447530871013e-05,0.09676103342612047,0.9032389665738796,6,False,True,EXACT,100.0
2021-06-03,PATTERN_B_PROGRESSED_PREVIOUS_ET_ONLY_CANDIDATE_V01_battle_a_all_universe_P1,2021-06-03,276944531.625409,0.0,29683903.0,306628434.625409,-3.371719720168809e-05,0.09680740481965798,0.903192595180342,6,False,True,EXACT,100.0
2021-06-04,PATTERN_B_PROGRESSED_PREVIOUS_ET_ONLY_CANDIDATE_V01_battle_a_all_universe_P1,2021-06-04,276944531.625409,0.0,29988658.0,306933189.625409,0.0,0.09770418779604483,0.9022958122039552,6,False,True,EXACT,100.0
2021-06-07,PATTERN_B_PROGRESSED_PREVIOUS_ET_ONLY_CANDIDATE_V01_battle_a_all_universe_P1,2021-06-07,276944531.625409,0.0,29763659.0,306708190.625409,-0.0007330552954361025,0.0970422698504037,0.9029577301495963,6,False,True,EXACT,100.0
2021-06-08,PATTERN_B_PROGRESSED_PREVIOUS_ET_ONLY_CANDIDATE_V01_battle_a_all_universe_P1,2021-06-08,276944531.625409,0.0,29685897.0,306630428.625409,-0.000986406847592769,0.09681327822903506,0.9031867217709649,6,False,True,EXACT,100.0
2021-06-09,PATTERN_B_PROGRESSED_PREVIOUS_ET_ONLY_CANDIDATE_V01_battle_a_all_universe_P1,2021-06-09,276944531.625409,0.0,29248010.0,306192541.625409,-0.0024130593400599754,0.09552162781215469,0.9044783721878453,6,False,True,EXACT,100.0
2021-06-10,PATTERN_B_PROGRESSED_PREVIOUS_ET_ONLY_CANDIDATE_V01_battle_a_all_universe_P1,2021-06-10,276944531.625409,0.0,29830545.0,306775076.625409,-0.0005151381647353626,0.09723914122406008,0.9027608587759399,6,False,True,EXACT,100.0
2021-06-11,PATTERN_B_PROGRESSED_PREVIOUS_ET_ONLY_CANDIDATE_V01_battle_a_all_universe_P1,2021-06-11,276944531.625409,0.0,29883795.0,306828326.625409,-0.0003416476404131119,0.09739581520608297,0.902604184793917,6,False,True,EXACT,100.0
2021-06-14,PATTERN_B_PROGRESSED_PREVIOUS_ET_ONLY_CANDIDATE_V01_battle_a_all_universe_P1,2021-06-14,276944531.625409,0.0,30214233.0,307158764.625409,0.0,0.09836682679996883,0.9016331732000312,6,False,True,EXACT,100.0
2021-06-15,PATTERN_B_PROGRESSED_PREVIOUS_ET_ONLY_CANDIDATE_V01_battle_a_all_universe_P1,2021-06-15,276944531.625409,0.0,30050301.0,306994832.625409,-0.0005337044515071332,0.09788536420307431,0.9021146357969257,6,False,True,EXACT,100.0
2021-06-16,PATTERN_B_PROGRESSED_PREVIOUS_ET_ONLY_CANDIDATE_V01_battle_a_all_universe_P1,2021-06-16,276944531.625409,0.0,30104316.0,307048847.625409,-0.0003578507685888521,0.09804406117402668,0.9019559388259734,6,False,True,EXACT,100.0
2021-06-17,PATTERN_B_PROGRESSED_PREVIOUS_ET_ONLY_CANDIDATE_V01_battle_a_all_universe_P1,2021-06-17,276944531.625409,0.0,30180376.0,307124907.625409,-0.0001102263841999962,0.09826743207949157,0.9017325679205085,6,False,True,EXACT,100.0
2021-06-18,PATTERN_B_PROGRESSED_PREVIOUS_ET_ONLY_CANDIDATE_V01_battle_a_all_universe_P1,2021-06-18,276944531.625409,0.0,30032427.0,306976958.625409,-0.0005918958562739496,0.09783283779499327,0.9021671622050067,6,False,True,EXACT,100.0
2021-06-21,PATTERN_B_PROGRESSED_PREVIOUS_ET_ONLY_CANDIDATE_V01_battle_a_all_universe_P1,2021-06-21,276944531.625409,0.0,29782748.0,306727279.625409,-0.0014047621285565581,0.09709846491766956,0.9029015350823304,6,False,True,EXACT,100.0
2021-06-22,PATTERN_B_PROGRESSED_PREVIOUS_ET_ONLY_CANDIDATE_V01_battle_a_all_universe_P1,2021-06-22,276944531.625409,0.0,29801539.0,306746070.625409,-0.0013435852970150597,0.09715377588778612,0.9028462241122138,6,False,True,EXACT,100.0
2021-06-23,PATTERN_B_PROGRESSED_PREVIOUS_ET_ONLY_CANDIDATE_V01_battle_a_all_universe_P1,2021-06-23,276944531.625409,0.0,29863842.0,306808373.625409,-0.0011407488255374965,0.09733711517424752,0.9026628848257525,6,False,True,EXACT,100.0
2021-06-24,PATTERN_B_PROGRESSED_PREVIOUS_ET_ONLY_CANDIDATE_V01_battle_a_all_universe_P1,2021-06-24,276944531.625409,0.0,29743397.0,306687928.625409,-0.0015328750282421755,0.09698261399889924,0.9030173860011008,6,False,True,EXACT,100.0
2021-06-25,PATTERN_B_PROGRESSED_PREVIOUS_ET_ONLY_CANDIDATE_V01_battle_a_all_universe_P1,2021-06-25,276944531.625409,0.0,29838274.0,306782805.625409,-0.0012239891655330126,0.09726188512805188,0.9027381148719481,6,False,True,EXACT,100.0
2021-06-28,PATTERN_B_PROGRESSED_PREVIOUS_ET_ONLY_CANDIDATE_V01_battle_a_all_universe_P1,2021-06-28,276944531.625409,0.0,30698472.0,307643003.625409,0.0,0.09978602353453468,0.9002139764654653,6,False,True,EXACT,100.0
2021-06-29,PATTERN_B_PROGRESSED_PREVIOUS_ET_ONLY_CANDIDATE_V01_battle_a_all_universe_P1,2021-06-29,276944531.625409,0.0,30287086.0,307231617.625409,-0.0013372187735525287,0.09858062862829246,0.9014193713717076,6,False,True,EXACT,100.0
2021-06-30,PATTERN_B_PROGRESSED_PREVIOUS_ET_ONLY_CANDIDATE_V01_battle_a_all_universe_P1,2021-06-30,276944531.625409,0.0,30276445.0,307220976.625409,-0.0013718075659989726,0.09854940679039544,0.9014505932096045,6,False,True,EXACT,100.0
2021-07-01,PATTERN_B_PROGRESSED_PREVIOUS_ET_ONLY_CANDIDATE_V01_battle_a_all_universe_P1,2021-07-01,276944531.625409,6199536.25705095,24126648.0,307270715.88245994,-0.0012101290735100356,0.0785191909053551,0.9214808090946449,5,False,True,EXACT,100.0
2021-07-02,PATTERN_B_PROGRESSED_PREVIOUS_ET_ONLY_CANDIDATE_V01_battle_a_all_universe_P1,2021-07-02,283144067.88245994,0.0,24136686.0,307280753.88245994,-0.0011775003451407473,0.07854929309771444,0.9214507069022856,5,False,True,EXACT,100.0
2021-07-05,PATTERN_B_PROGRESSED_PREVIOUS_ET_ONLY_CANDIDATE_V01_battle_a_all_universe_P1,2021-07-05,283144067.88245994,0.0,24295433.0,307439500.88245994,-0.0006614899105485961,0.07902508600964914,0.9209749139903508,5,False,True,EXACT,100.0
2021-07-06,PATTERN_B_PROGRESSED_PREVIOUS_ET_ONLY_CANDIDATE_V01_battle_a_all_universe_P1,2021-07-06,283144067.88245994,0.0,24881522.0,308025589.88245994,0.0,0.08077745102117842,0.9192225489788216,5,False,True,EXACT,100.0
2021-07-07,PATTERN_B_PROGRESSED_PREVIOUS_ET_ONLY_CANDIDATE_V01_battle_a_all_universe_P1,2021-07-07,283144067.88245994,0.0,24845460.0,307989527.88245994,-0.0001170746885470475,0.08066982072676813,0.9193301792732319,5,False,True,EXACT,100.0
2021-07-08,PATTERN_B_PROGRESSED_PREVIOUS_ET_ONLY_CANDIDATE_V01_battle_a_all_universe_P1,2021-07-08,283144067.88245994,0.0,24621933.0,307766000.88245994,-0.0008427514093847233,0.0800021215124521,0.9199978784875479,5,False,True,EXACT,100.0
2021-07-09,PATTERN_B_PROGRESSED_PREVIOUS_ET_ONLY_CANDIDATE_V01_battle_a_all_universe_P1,2021-07-09,283144067.88245994,0.0,24771115.0,307915182.88245994,-0.00035843450552963674,0.08044785180163021,0.9195521481983698,5,False,True,EXACT,100.0
2021-07-12,PATTERN_B_PROGRESSED_PREVIOUS_ET_ONLY_CANDIDATE_V01_battle_a_all_universe_P1,2021-07-12,283144067.88245994,0.0,24981229.0,308125296.88245994,0.0,0.0810749044390521,0.9189250955609479,5,False,True,EXACT,100.0
2021-07-13,PATTERN_B_PROGRESSED_PREVIOUS_ET_ONLY_CANDIDATE_V01_battle_a_all_universe_P1,2021-07-13,283144067.88245994,0.0,25282965.0,308427032.88245994,0.0,0.08197389432344349,0.9180261056765565,5,False,True,EXACT,100.0
2021-07-14,PATTERN_B_PROGRESSED_PREVIOUS_ET_ONLY_CANDIDATE_V01_battle_a_all_universe_P1,2021-07-14,283144067.88245994,0.0,25039473.0,308183540.88245994,-0.0007894638732681702,0.08124857326352143,0.9187514267364786,5,False,True,EXACT,100.0
2021-07-15,PATTERN_B_PROGRESSED_PREVIOUS_ET_ONLY_CANDIDATE_V01_battle_a_all_universe_P1,2021-07-15,283144067.88245994,0.0,24915140.0,308059207.88245994,-0.0011925835312243116,0.08087776428194407,0.919122235718056,5,False,True,EXACT,100.0
2021-07-16,PATTERN_B_PROGRESSED_PREVIOUS_ET_ONLY_CANDIDATE_V01_battle_a_all_universe_P1,2021-07-16,283144067.88245994,0.0,24873441.0,308017508.88245994,-0.001327782445568193,0.08075333473816176,0.9192466652618383,5,False,True,EXACT,100.0
2021-07-19,PATTERN_B_PROGRESSED_PREVIOUS_ET_ONLY_CANDIDATE_V01_battle_a_all_universe_P1,2021-07-19,283144067.88245994,0.0,24794283.0,307938350.88245994,-0.0015844331005390178,0.08051703507844002,0.91948296492156,5,False,True,EXACT,100.0
2021-07-20,PATTERN_B_PROGRESSED_PREVIOUS_ET_ONLY_CANDIDATE_V01_battle_a_all_universe_P1,2021-07-20,283144067.88245994,0.0,24153959.0,307298026.88245994,-0.0036605286814475058,0.07860108717599666,0.9213989128240033,5,False,True,EXACT,100.0
2021-07-21,PATTERN_B_PROGRESSED_PREVIOUS_ET_ONLY_CANDIDATE_V01_battle_a_all_universe_P1,2021-07-21,283144067.88245994,0.0,24131051.0,307275118.88245994,-0.0037348023266138286,0.07853239496827175,0.9214676050317282,5,False,True,EXACT,100.0
2021-07-22,PATTERN_B_PROGRESSED_PREVIOUS_ET_ONLY_CANDIDATE_V01_battle_a_all_universe_P1,2021-07-22,283144067.88245994,0.0,24358179.0,307502246.88245994,-0.002998394762473433,0.07921301143959024,0.9207869885604097,5,False,True,EXACT,100.0
2021-07-23,PATTERN_B_PROGRESSED_PREVIOUS_ET_ONLY_CANDIDATE_V01_battle_a_all_universe_P1,2021-07-23,283144067.88245994,0.0,24254398.0,307398465.88245994,-0.0033348795349984472,0.07890214393351645,0.9210978560664835,5,False,True,EXACT,100.0
2021-07-26,PATTERN_B_PROGRESSED_PREVIOUS_ET_ONLY_CANDIDATE_V01_battle_a_all_universe_P1,2021-07-26,283144067.88245994,0.0,23888070.0,307032137.88245994,-0.004522609406068412,0.07780315821252884,0.9221968417874712,5,False,True,EXACT,100.0
2021-07-27,PATTERN_B_PROGRESSED_PREVIOUS_ET_ONLY_CANDIDATE_V01_battle_a_all_universe_P1,2021-07-27,283144067.88245994,0.0,24445255.0,307589322.88245994,-0.002716071909037998,0.07947367864046874,0.9205263213595313,5,False,True,EXACT,100.0
2021-07-28,PATTERN_B_PROGRESSED_PREVIOUS_ET_ONLY_CANDIDATE_V01_battle_a_all_universe_P1,2021-07-28,283144067.88245994,0.0,24128141.0,307272208.88245994,-0.0037442372972543714,0.07852366827365659,0.9214763317263434,5,False,True,EXACT,100.0
2021-07-29,PATTERN_B_PROGRESSED_PREVIOUS_ET_ONLY_CANDIDATE_V01_battle_a_all_universe_P1,2021-07-29,283144067.88245994,0.0,24503647.0,307647714.88245994,-0.0025267499827000828,0.07964839592376585,0.9203516040762342,5,False,True,EXACT,100.0
2021-07-30,PATTERN_B_PROGRESSED_PREVIOUS_ET_ONLY_CANDIDATE_V01_battle_a_all_universe_P1,2021-07-30,283144067.88245994,0.0,23982908.0,307126975.88245994,-0.004215120146409013,0.07808792415934984,0.9219120758406502,5,False,True,EXACT,100.0
2021-08-02,PATTERN_B_PROGRESSED_PREVIOUS_ET_ONLY_CANDIDATE_V01_battle_a_all_universe_P1,2021-08-02,283144067.88245994,6082997.4135,17819553.0,307046618.29595995,-0.004475660170248585,0.058035333848959265,0.9419646661510407,4,False,True,EXACT,100.0
2021-08-03,PATTERN_B_PROGRESSED_PREVIOUS_ET_ONLY_CANDIDATE_V01_battle_a_all_universe_P1,2021-08-03,289227065.29595995,0.0,17713436.0,306940501.29595995,-0.004819718857349664,0.057709673129517206,0.9422903268704828,4,False,True,EXACT,100.0
2021-08-04,PATTERN_B_PROGRESSED_PREVIOUS_ET_ONLY_CANDIDATE_V01_battle_a_all_universe_P1,2021-08-04,289227065.29595995,0.0,17749744.0,306976809.29595995,-0.004701998955625508,0.05782112349368797,0.942178876506312,4,False,True,EXACT,100.0
2021-08-05,PATTERN_B_PROGRESSED_PREVIOUS_ET_ONLY_CANDIDATE_V01_battle_a_all_universe_P1,2021-08-05,289227065.29595995,0.0,17914838.0,307141903.29595995,-0.004166721621284508,0.0583275606739253,0.9416724393260747,4,False,True,EXACT,100.0
2021-08-06,PATTERN_B_PROGRESSED_PREVIOUS_ET_ONLY_CANDIDATE_V01_battle_a_all_universe_P1,2021-08-06,289227065.29595995,0.0,17858469.0,307085534.29595995,-0.0043494844597854465,0.058154706117770225,0.9418452938822298,4,False,True,EXACT,100.0
2021-08-09,PATTERN_B_PROGRESSED_PREVIOUS_ET_ONLY_CANDIDATE_V01_battle_a_all_universe_P1,2021-08-09,289227065.29595995,0.0,17723341.0,306950406.29595995,-0.004787604292334269,0.05774007994930376,0.9422599200506963,4,False,True,EXACT,100.0
2021-08-10,PATTERN_B_PROGRESSED_PREVIOUS_ET_ONLY_CANDIDATE_V01_battle_a_all_universe_P1,2021-08-10,289227065.29595995,0.0,17724881.0,306951946.29595995,-0.004782611215088051,0.057744807335119,0.942255192664881,4,False,True,EXACT,100.0
2021-08-11,PATTERN_B_PROGRESSED_PREVIOUS_ET_ONLY_CANDIDATE_V01_battle_a_all_universe_P1,2021-08-11,289227065.29595995,0.0,17666598.0,306893663.29595995,-0.004971579735309262,0.057565861120315184,0.9424341388796849,4,False,True,EXACT,100.0
2021-08-12,PATTERN_B_PROGRESSED_PREVIOUS_ET_ONLY_CANDIDATE_V01_battle_a_all_universe_P1,2021-08-12,289227065.29595995,0.0,17632201.0,306859266.29595995,-0.005083103682086976,0.05746022016162313,0.9425397798383769,4,False,True,EXACT,100.0
2021-08-13,PATTERN_B_PROGRESSED_PREVIOUS_ET_ONLY_CANDIDATE_V01_battle_a_all_universe_P1,2021-08-13,289227065.29595995,0.0,17433111.0,306660176.29595995,-0.005728604817766825,0.056848304238810515,0.9431516957611895,4,False,True,EXACT,100.0
2021-08-17,PATTERN_B_PROGRESSED_PREVIOUS_ET_ONLY_CANDIDATE_V01_battle_a_all_universe_P1,2021-08-17,289227065.29595995,0.0,16859292.0,306086357.29595995,-0.0075890740335722295,0.05508018112580716,0.9449198188741929,4,False,True,EXACT,100.0
2021-08-18,PATTERN_B_PROGRESSED_PREVIOUS_ET_ONLY_CANDIDATE_V01_battle_a_all_universe_P1,2021-08-18,289227065.29595995,0.0,16953004.0,306180069.29595995,-0.0072852355563667315,0.05536939108735023,0.9446306089126498,4,False,True,EXACT,100.0
2021-08-19,PATTERN_B_PROGRESSED_PREVIOUS_ET_ONLY_CANDIDATE_V01_battle_a_all_universe_P1,2021-08-19,289227065.29595995,0.0,16473450.0,305700515.29595995,-0.008840073326319087,0.05388754410195039,0.9461124558980496,4,False,True,EXACT,100.0
2021-08-20,PATTERN_B_PROGRESSED_PREVIOUS_ET_ONLY_CANDIDATE_V01_battle_a_all_universe_P1,2021-08-20,289227065.29595995,0.0,16053079.0,305280144.29595995,-0.010203024543893546,0.05258474650233728,0.9474152534976628,4,False,True,EXACT,100.0
2021-08-23,PATTERN_B_PROGRESSED_PREVIOUS_ET_ONLY_CANDIDATE_V01_battle_a_all_universe_P1,2021-08-23,289227065.29595995,0.0,16299209.0,305526274.29595995,-0.009405007594147752,0.05334797813235249,0.9466520218676475,4,False,True,EXACT,100.0
2021-08-24,PATTERN_B_PROGRESSED_PREVIOUS_ET_ONLY_CANDIDATE_V01_battle_a_all_universe_P1,2021-08-24,289227065.29595995,0.0,16901707.0,306128772.29595995,-0.007451553662534693,0.05521110241692579,0.9447888975830742,4,False,True,EXACT,100.0
2021-08-25,PATTERN_B_PROGRESSED_PREVIOUS_ET_ONLY_CANDIDATE_V01_battle_a_all_universe_P1,2021-08-25,289227065.29595995,0.0,16797070.0,306024135.29595995,-0.0077908138078666145,0.054888056406908345,0.9451119435930917,4,False,True,EXACT,100.0
2021-08-26,PATTERN_B_PROGRESSED_PREVIOUS_ET_ONLY_CANDIDATE_V01_battle_a_all_universe_P1,2021-08-26,289227065.29595995,0.0,16851511.0,306078576.29595995,-0.007614302042697307,0.05505615977416721,0.9449438402258328,4,False,True,EXACT,100.0
2021-08-27,PATTERN_B_PROGRESSED_PREVIOUS_ET_ONLY_CANDIDATE_V01_battle_a_all_universe_P1,2021-08-27,289227065.29595995,0.0,16975308.0,306202373.29595995,-0.007212920235003528,0.05543819865691411,0.9445618013430859,4,False,True,EXACT,100.0
2021-08-30,PATTERN_B_PROGRESSED_PREVIOUS_ET_ONLY_CANDIDATE_V01_battle_a_all_universe_P1,2021-08-30,289227065.29595995,0.0,17395744.0,306622809.29595995,-0.005849758270662253,0.05673336579213582,0.9432666342078642,4,False,True,EXACT,100.0
2021-08-31,PATTERN_B_PROGRESSED_PREVIOUS_ET_ONLY_CANDIDATE_V01_battle_a_all_universe_P1,2021-08-31,289227065.29595995,0.0,17395744.0,306622809.29595995,-0.005849758270662253,0.05673336579213582,0.9432666342078642,4,False,True,EXACT,100.0
2021-09-01,PATTERN_B_PROGRESSED_PREVIOUS_ET_ONLY_CANDIDATE_V01_battle_a_all_universe_P1,2021-09-01,274240082.8207452,0.0,32441575.0,306681657.8207452,-0.0056589561732088844,0.10578257346894228,0.8942174265310577,7,False,True,EXACT,100.0
2021-09-02,PATTERN_B_PROGRESSED_PREVIOUS_ET_ONLY_CANDIDATE_V01_battle_a_all_universe_P1,2021-09-02,274240082.8207452,0.0,32359229.0,306599311.8207452,-0.005925943146531054,0.1055424058450561,0.8944575941549439,7,False,True,EXACT,100.0
2021-09-03,PATTERN_B_PROGRESSED_PREVIOUS_ET_ONLY_CANDIDATE_V01_battle_a_all_universe_P1,2021-09-03,274240082.8207452,0.0,32586550.0,306826632.8207452,-0.005188909826605914,0.10620508950094228,0.8937949104990577,7,False,True,EXACT,100.0
2021-09-06,PATTERN_B_PROGRESSED_PREVIOUS_ET_ONLY_CANDIDATE_V01_battle_a_all_universe_P1,2021-09-06,274240082.8207452,0.0,33679378.0,307919460.8207452,-0.0016456795533488222,0.1093772310143346,0.8906227689856654,7,False,True,EXACT,100.0
2021-09-07,PATTERN_B_PROGRESSED_PREVIOUS_ET_ONLY_CANDIDATE_V01_battle_a_all_universe_P1,2021-09-07,274240082.8207452,0.0,33465727.0,307705809.8207452,-0.002338391207068913,0.10875884020355528,0.8912411597964447,7,False,True,EXACT,100.0
2021-09-08,PATTERN_B_PROGRESSED_PREVIOUS_ET_ONLY_CANDIDATE_V01_battle_a_all_universe_P1,2021-09-08,274240082.8207452,0.0,32915565.0,307155647.8207452,-0.004122158326501868,0.10716249313185147,0.8928375068681486,7,False,True,EXACT,100.0
2021-09-09,PATTERN_B_PROGRESSED_PREVIOUS_ET_ONLY_CANDIDATE_V01_battle_a_all_universe_P1,2021-09-09,274240082.8207452,0.0,32294701.0,306534783.8207452,-0.006135159567662862,0.10535411543665213,0.8946458845633478,7,False,True,EXACT,100.0
2021-09-10,PATTERN_B_PROGRESSED_PREVIOUS_ET_ONLY_CANDIDATE_V01_battle_a_all_universe_P1,2021-09-10,274240082.8207452,0.0,32282491.0,306522573.8207452,-0.006174747537257774,0.10531847817146035,0.8946815218285397,7,False,True,EXACT,100.0
2021-09-13,PATTERN_B_PROGRESSED_PREVIOUS_ET_ONLY_CANDIDATE_V01_battle_a_all_universe_P1,2021-09-13,274240082.8207452,0.0,31828868.0,306068950.8207452,-0.007645510316254822,0.10399247592625345,0.8960075240737465,7,False,True,EXACT,100.0
2021-09-14,PATTERN_B_PROGRESSED_PREVIOUS_ET_ONLY_CANDIDATE_V01_battle_a_all_universe_P1,2021-09-14,274240082.8207452,0.0,32366169.0,306606251.8207452,-0.005903441876343618,0.105562651797859,0.894437348202141,7,False,True,EXACT,100.0
2021-09-15,PATTERN_B_PROGRESSED_PREVIOUS_ET_ONLY_CANDIDATE_V01_battle_a_all_universe_P1,2021-09-15,274240082.8207452,0.0,32168043.0,306408125.8207452,-0.0065458174753576515,0.10498430129369003,0.8950156987063099,7,False,True,EXACT,100.0
2021-09-16,PATTERN_B_PROGRESSED_PREVIOUS_ET_ONLY_CANDIDATE_V01_battle_a_all_universe_P1,2021-09-16,274240082.8207452,0.0,32923847.0,307163929.8207452,-0.004095305946142713,0.10718656653212408,0.8928134334678759,7,False,True,EXACT,100.0
2021-09-17,PATTERN_B_PROGRESSED_PREVIOUS_ET_ONLY_CANDIDATE_V01_battle_a_all_universe_P1,2021-09-17,274240082.8207452,0.0,32899076.0,307139158.8207452,-0.004175619917873741,0.10711456046931742,0.8928854395306826,7,False,True,EXACT,100.0
2021-09-23,PATTERN_B_PROGRESSED_PREVIOUS_ET_ONLY_CANDIDATE_V01_battle_a_all_universe_P1,2021-09-23,274240082.8207452,0.0,32279579.0,306519661.8207452,-0.006184188992414241,0.10530997851249528,0.8946900214875048,7,False,True,EXACT,100.0
2021-09-24,PATTERN_B_PROGRESSED_PREVIOUS_ET_ONLY_CANDIDATE_V01_battle_a_all_universe_P1,2021-09-24,274240082.8207452,0.0,32157810.0,306397892.8207452,-0.006578995500981288,0.10495440978379567,0.8950455902162043,7,False,True,EXACT,100.0
2021-09-27,PATTERN_B_PROGRESSED_PREVIOUS_ET_ONLY_CANDIDATE_V01_battle_a_all_universe_P1,2021-09-27,274240082.8207452,0.0,32538244.0,306778326.8207452,-0.005345530339239124,0.10606435055959003,0.8939356494404099,7,False,True,EXACT,100.0
2021-09-28,PATTERN_B_PROGRESSED_PREVIOUS_ET_ONLY_CANDIDATE_V01_battle_a_all_universe_P1,2021-09-28,274240082.8207452,0.0,31919141.0,306159223.8207452,-0.00735282196414655,0.10425666945996867,0.8957433305400313,7,False,True,EXACT,100.0
2021-09-29,PATTERN_B_PROGRESSED_PREVIOUS_ET_ONLY_CANDIDATE_V01_battle_a_all_universe_P1,2021-09-29,274240082.8207452,0.0,31431353.0,305671435.8207452,-0.008934356486076434,0.10282724951255268,0.8971727504874474,7,False,True,EXACT,100.0
2021-09-30,PATTERN_B_PROGRESSED_PREVIOUS_ET_ONLY_CANDIDATE_V01_battle_a_all_universe_P1,2021-09-30,274240082.8207452,0.0,31395086.0,305635168.8207452,-0.009051943455224531,0.10272079002273848,0.8972792099772615,7,False,True,EXACT,100.0
2021-10-01,PATTERN_B_PROGRESSED_PREVIOUS_ET_ONLY_CANDIDATE_V01_battle_a_all_universe_P1,2021-10-01,249304411.0059415,15355163.539926,39948140.0,304607714.5458675,-0.012383215248346846,0.13114618603654785,0.8688538139634522,10,False,True,EXACT,100.0
2021-10-05,PATTERN_B_PROGRESSED_PREVIOUS_ET_ONLY_CANDIDATE_V01_battle_a_all_universe_P1,2021-10-05,264659574.5458675,0.0,39278202.0,303937776.5458675,-0.01455532705624829,0.12923106316819585,0.8707689368318041,10,False,True,EXACT,100.0
2021-10-06,PATTERN_B_PROGRESSED_PREVIOUS_ET_ONLY_CANDIDATE_V01_battle_a_all_universe_P1,2021-10-06,264659574.5458675,0.0,37916843.0,302576417.5458675,-0.01896920409963576,0.1253132788983867,0.8746867211016133,10,False,True,EXACT,100.0
2021-10-07,PATTERN_B_PROGRESSED_PREVIOUS_ET_ONLY_CANDIDATE_V01_battle_a_all_universe_P1,2021-10-07,264659574.5458675,0.0,39245080.0,303904654.5458675,-0.014662717124137026,0.1291361596901006,0.8708638403098994,10,False,True,EXACT,100.0
2021-10-08,PATTERN_B_PROGRESSED_PREVIOUS_ET_ONLY_CANDIDATE_V01_battle_a_all_universe_P1,2021-10-08,264659574.5458675,0.0,39370476.0,304030050.5458675,-0.014256150945977875,0.12949534405994637,0.8705046559400537,10,False,True,EXACT,100.0
2021-10-12,PATTERN_B_PROGRESSED_PREVIOUS_ET_ONLY_CANDIDATE_V01_battle_a_all_universe_P1,2021-10-12,264659574.5458675,0.0,38258884.0,302918458.5458675,-0.017860218947447826,0.1263009332071023,0.8736990667928977,10,False,True,EXACT,100.0
2021-10-13,PATTERN_B_PROGRESSED_PREVIOUS_ET_ONLY_CANDIDATE_V01_battle_a_all_universe_P1,2021-10-13,264659574.5458675,0.0,38486991.0,303146565.5458675,-0.01712063721277246,0.12695836065534027,0.8730416393446597,10,False,True,EXACT,100.0
2021-10-14,PATTERN_B_PROGRESSED_PREVIOUS_ET_ONLY_CANDIDATE_V01_battle_a_all_universe_P1,2021-10-14,264659574.5458675,0.0,39908843.0,304568417.5458675,-0.012510626259089719,0.13103408200224764,0.8689659179977524,10,False,True,EXACT,100.0
2021-10-15,PATTERN_B_PROGRESSED_PREVIOUS_ET_ONLY_CANDIDATE_V01_battle_a_all_universe_P1,2021-10-15,264659574.5458675,0.0,40866886.0,305526460.5458675,-0.009404403723903942,0.133758908891182,0.866241091108818,10,False,True,EXACT,100.0
2021-10-18,PATTERN_B_PROGRESSED_PREVIOUS_ET_ONLY_CANDIDATE_V01_battle_a_all_universe_P1,2021-10-18,264659574.5458675,0.0,40891182.0,305550756.5458675,-0.009325629824700088,0.1338277884246104,0.8661722115753896,10,False,True,EXACT,100.0
2021-10-19,PATTERN_B_PROGRESSED_PREVIOUS_ET_ONLY_CANDIDATE_V01_battle_a_all_universe_P1,2021-10-19,264659574.5458675,0.0,40528656.0,305188230.5458675,-0.010501032631036411,0.13279888260274456,0.8672011173972555,10,False,True,EXACT,100.0
2021-10-20,PATTERN_B_PROGRESSED_PREVIOUS_ET_ONLY_CANDIDATE_V01_battle_a_all_universe_P1,2021-10-20,264659574.5458675,0.0,40789360.0,305448934.5458675,-0.009655763013896923,0.13353904822305052,0.8664609517769495,10,False,True,EXACT,100.0
2021-10-21,PATTERN_B_PROGRESSED_PREVIOUS_ET_ONLY_CANDIDATE_V01_battle_a_all_universe_P1,2021-10-21,264659574.5458675,0.0,39995142.0,304654716.5458675,-0.012230822640083017,0.13128023243316012,0.8687197675668399,10,False,True,EXACT,100.0
2021-10-22,PATTERN_B_PROGRESSED_PREVIOUS_ET_ONLY_CANDIDATE_V01_battle_a_all_universe_P1,2021-10-22,264659574.5458675,0.0,40115649.0,304775223.5458675,-0.011840107861051608,0.13162372102718758,0.8683762789728124,10,False,True,EXACT,100.0
2021-10-25,PATTERN_B_PROGRESSED_PREVIOUS_ET_ONLY_CANDIDATE_V01_battle_a_all_universe_P1,2021-10-25,264659574.5458675,0.0,40348917.0,305008491.5458675,-0.01108379283308547,0.13228784810383643,0.8677121518961636,10,False,True,EXACT,100.0
2021-10-26,PATTERN_B_PROGRESSED_PREVIOUS_ET_ONLY_CANDIDATE_V01_battle_a_all_universe_P1,2021-10-26,264659574.5458675,0.0,40421824.0,305081398.5458675,-0.010847409532573127,0.1324952101067636,0.8675047898932364,10,False,True,EXACT,100.0
2021-10-27,PATTERN_B_PROGRESSED_PREVIOUS_ET_ONLY_CANDIDATE_V01_battle_a_all_universe_P1,2021-10-27,264659574.5458675,0.0,39671448.0,304331022.5458675,-0.01328032208562413,0.13035624060974882,0.8696437593902512,10,False,True,EXACT,100.0
2021-10-28,PATTERN_B_PROGRESSED_PREVIOUS_ET_ONLY_CANDIDATE_V01_battle_a_all_universe_P1,2021-10-28,264659574.5458675,0.0,39817841.0,304477415.5458675,-0.012805678217244987,0.1307743660678889,0.8692256339321112,10,False,True,EXACT,100.0
2021-10-29,PATTERN_B_PROGRESSED_PREVIOUS_ET_ONLY_CANDIDATE_V01_battle_a_all_universe_P1,2021-10-29,264659574.5458675,0.0,39304519.0,303964093.5458675,-0.014470000553723272,0.12930645373766503,0.870693546262335,10,False,True,EXACT,100.0
2021-11-01,PATTERN_B_PROGRESSED_PREVIOUS_ET_ONLY_CANDIDATE_V01_battle_a_all_universe_P1,2021-11-01,264659574.5458675,0.0,39069692.0,303729266.5458675,-0.01523137026183674,0.12863328069868404,0.8713667193013159,10,False,True,EXACT,100.0
2021-11-02,PATTERN_B_PROGRESSED_PREVIOUS_ET_ONLY_CANDIDATE_V01_battle_a_all_universe_P1,2021-11-02,264659574.5458675,0.0,39457989.0,304117563.5458675,-0.013972411225817383,0.129745840851605,0.870254159148395,10,False,True,EXACT,100.0
2021-11-03,PATTERN_B_PROGRESSED_PREVIOUS_ET_ONLY_CANDIDATE_V01_battle_a_all_universe_P1,2021-11-03,264659574.5458675,0.0,38635885.0,303295459.5458675,-0.016637884457255225,0.12738695481248072,0.8726130451875193,10,False,True,EXACT,100.0
2021-11-04,PATTERN_B_PROGRESSED_PREVIOUS_ET_ONLY_CANDIDATE_V01_battle_a_all_universe_P1,2021-11-04,264659574.5458675,0.0,38311397.0,302970971.5458675,-0.01768995825561026,0.12645236870226012,0.8735476312977398,10,False,True,EXACT,100.0
2021-11-05,PATTERN_B_PROGRESSED_PREVIOUS_ET_ONLY_CANDIDATE_V01_battle_a_all_universe_P1,2021-11-05,264659574.5458675,0.0,38123693.0,302783267.5458675,-0.01829854304224765,0.12591083156279362,0.8740891684372064,10,False,True,EXACT,100.0
2021-11-08,PATTERN_B_PROGRESSED_PREVIOUS_ET_ONLY_CANDIDATE_V01_battle_a_all_universe_P1,2021-11-08,264659574.5458675,0.0,38210493.0,302870067.5458675,-0.018017115052006982,0.12616133812633465,0.8738386618736653,10,False,True,EXACT,100.0
2021-11-09,PATTERN_B_PROGRESSED_PREVIOUS_ET_ONLY_CANDIDATE_V01_battle_a_all_universe_P1,2021-11-09,264659574.5458675,0.0,39576055.0,304235629.5458675,-0.013589610798447005,0.13008356404236798,0.869916435957632,10,False,True,EXACT,100.0
2021-11-10,PATTERN_B_PROGRESSED_PREVIOUS_ET_ONLY_CANDIDATE_V01_battle_a_all_universe_P1,2021-11-10,264659574.5458675,0.0,37968239.0,302627813.5458675,-0.018802565009930494,0.1254618290207003,0.8745381709792996,10,False,True,EXACT,100.0
2021-11-11,PATTERN_B_PROGRESSED_PREVIOUS_ET_ONLY_CANDIDATE_V01_battle_a_all_universe_P1,2021-11-11,264659574.5458675,0.0,37968236.0,302627810.5458675,-0.018802574736704436,0.12546182035125744,0.8745381796487426,10,False,True,EXACT,100.0
2021-11-12,PATTERN_B_PROGRESSED_PREVIOUS_ET_ONLY_CANDIDATE_V01_battle_a_all_universe_P1,2021-11-12,264659574.5458675,0.0,38690064.0,303349638.5458675,-0.016462222163669438,0.12754280567289988,0.8724571943271001,10,False,True,EXACT,100.0
2021-11-15,PATTERN_B_PROGRESSED_PREVIOUS_ET_ONLY_CANDIDATE_V01_battle_a_all_universe_P1,2021-11-15,264659574.5458675,0.0,39449142.0,304108716.5458675,-0.014001095481919412,0.1297205237918593,0.8702794762081407,10,False,True,EXACT,100.0
2021-11-16,PATTERN_B_PROGRESSED_PREVIOUS_ET_ONLY_CANDIDATE_V01_battle_a_all_universe_P1,2021-11-16,264659574.5458675,0.0,38769017.0,303428591.5458675,-0.01620623617157879,0.12776982156653327,0.8722301784334667,10,False,True,EXACT,100.0
2021-11-17,PATTERN_B_PROGRESSED_PREVIOUS_ET_ONLY_CANDIDATE_V01_battle_a_all_universe_P1,2021-11-17,264659574.5458675,0.0,39070201.0,303729775.5458675,-0.015229719952539078,0.12863474096269448,0.8713652590373056,10,False,True,EXACT,100.0
2021-11-18,PATTERN_B_PROGRESSED_PREVIOUS_ET_ONLY_CANDIDATE_V01_battle_a_all_universe_P1,2021-11-18,264659574.5458675,0.0,40166985.0,304826559.5458675,-0.011673663306823512,0.13176996472958596,0.868230035270414,10,False,True,EXACT,100.0
2021-11-19,PATTERN_B_PROGRESSED_PREVIOUS_ET_ONLY_CANDIDATE_V01_battle_a_all_universe_P1,2021-11-19,264659574.5458675,0.0,39490721.0,304150295.5458675,-0.013866285638529874,0.12983949573063816,0.8701605042693619,10,False,True,EXACT,100.0
2021-11-22,PATTERN_B_PROGRESSED_PREVIOUS_ET_ONLY_CANDIDATE_V01_battle_a_all_universe_P1,2021-11-22,264659574.5458675,0.0,40695329.0,305354903.5458675,-0.00996063577138906,0.1332722302063413,0.8667277697936587,10,False,True,EXACT,100.0
2021-11-23,PATTERN_B_PROGRESSED_PREVIOUS_ET_ONLY_CANDIDATE_V01_battle_a_all_universe_P1,2021-11-23,264659574.5458675,0.0,40157600.0,304817174.5458675,-0.011704091897703828,0.13174323284056708,0.8682567671594329,10,False,True,EXACT,100.0
2021-11-24,PATTERN_B_PROGRESSED_PREVIOUS_ET_ONLY_CANDIDATE_V01_battle_a_all_universe_P1,2021-11-24,264659574.5458675,0.0,39553101.0,304212675.5458675,-0.01366403358747903,0.13001792554839287,0.8699820744516071,10,False,True,EXACT,100.0
2021-11-25,PATTERN_B_PROGRESSED_PREVIOUS_ET_ONLY_CANDIDATE_V01_battle_a_all_universe_P1,2021-11-25,264659574.5458675,0.0,38822919.0,303482493.5458675,-0.016031471983445678,0.1279247397317579,0.8720752602682421,10,False,True,EXACT,100.0
2021-11-26,PATTERN_B_PROGRESSED_PREVIOUS_ET_ONLY_CANDIDATE_V01_battle_a_all_universe_P1,2021-11-26,264659574.5458675,0.0,37937984.0,302597558.5458675,-0.01890065952427078,0.1253743889485129,0.8746256110514871,10,False,True,EXACT,100.0
2021-11-29,PATTERN_B_PROGRESSED_PREVIOUS_ET_ONLY_CANDIDATE_V01_battle_a_all_universe_P1,2021-11-29,264659574.5458675,0.0,37468557.0,302128131.5458675,-0.020422662947942483,0.12401545267661288,0.8759845473233872,10,False,True,EXACT,100.0
2021-11-30,PATTERN_B_PROGRESSED_PREVIOUS_ET_ONLY_CANDIDATE_V01_battle_a_all_universe_P1,2021-11-30,264659574.5458675,0.0,37048855.0,301708429.5458675,-0.021783445094946896,0.12279688391791391,0.8772031160820861,10,False,True,EXACT,100.0
2021-12-01,PATTERN_B_PROGRESSED_PREVIOUS_ET_ONLY_CANDIDATE_V01_battle_a_all_universe_P1,2021-12-01,144768320.03483948,7328873.1940965,155126012.0,307223205.22893596,-0.0039031197825735164,0.5049293456996633,0.4950706543003368,33,False,True,EXACT,100.0
2021-12-02,PATTERN_B_PROGRESSED_PREVIOUS_ET_ONLY_CANDIDATE_V01_battle_a_all_universe_P1,2021-12-02,152097193.228936,0.0,159029151.0,311126344.22893596,0.0,0.5111401009584121,0.488859899041588,33,False,True,EXACT,100.0
2021-12-03,PATTERN_B_PROGRESSED_PREVIOUS_ET_ONLY_CANDIDATE_V01_battle_a_all_universe_P1,2021-12-03,152097193.228936,0.0,163290852.0,315388045.22893596,0.0,0.5177458514049553,0.4822541485950448,33,False,True,EXACT,100.0
2021-12-06,PATTERN_B_PROGRESSED_PREVIOUS_ET_ONLY_CANDIDATE_V01_battle_a_all_universe_P1,2021-12-06,152097193.228936,0.0,162616280.0,314713473.22893596,-0.0021388635688786017,0.5167121646606658,0.4832878353393343,33,False,True,EXACT,100.0
2021-12-07,PATTERN_B_PROGRESSED_PREVIOUS_ET_ONLY_CANDIDATE_V01_battle_a_all_universe_P1,2021-12-07,152097193.228936,0.0,164234194.0,316331387.22893596,0.0,0.5191839970060894,0.4808160029939107,33,False,True,EXACT,100.0
2021-12-08,PATTERN_B_PROGRESSED_PREVIOUS_ET_ONLY_CANDIDATE_V01_battle_a_all_universe_P1,2021-12-08,152097193.228936,0.0,164730064.0,316827257.22893596,0.0,0.5199365276863406,0.48006347231365953,33,False,True,EXACT,100.0
2021-12-09,PATTERN_B_PROGRESSED_PREVIOUS_ET_ONLY_CANDIDATE_V01_battle_a_all_universe_P1,2021-12-09,152097193.228936,0.0,166778843.0,318876036.22893596,0.0,0.5230209361993627,0.4769790638006373,33,False,True,EXACT,100.0
2021-12-10,PATTERN_B_PROGRESSED_PREVIOUS_ET_ONLY_CANDIDATE_V01_battle_a_all_universe_P1,2021-12-10,152097193.228936,0.0,166467220.0,318564413.22893596,-0.0009772543703355785,0.5225543503516462,0.4774456496483539,33,False,True,EXACT,100.0
2021-12-13,PATTERN_B_PROGRESSED_PREVIOUS_ET_ONLY_CANDIDATE_V01_battle_a_all_universe_P1,2021-12-13,152097193.228936,0.0,166636462.0,318733655.22893596,-0.0004465089370898623,0.522807865646665,0.4771921343533351,33,False,True,EXACT,100.0
2021-12-14,PATTERN_B_PROGRESSED_PREVIOUS_ET_ONLY_CANDIDATE_V01_battle_a_all_universe_P1,2021-12-14,152097193.228936,0.0,166175866.0,318273059.22893596,-0.0018909448547180796,0.5221172863408102,0.4778827136591899,33,False,True,EXACT,100.0
2021-12-15,PATTERN_B_PROGRESSED_PREVIOUS_ET_ONLY_CANDIDATE_V01_battle_a_all_universe_P1,2021-12-15,152097193.228936,0.0,168987172.0,321084365.22893596,0.0,0.5263014655961546,0.4736985344038454,33,False,True,EXACT,100.0
2021-12-16,PATTERN_B_PROGRESSED_PREVIOUS_ET_ONLY_CANDIDATE_V01_battle_a_all_universe_P1,2021-12-16,152097193.228936,0.0,171454787.0,323551980.22893596,0.0,0.5299141945559523,0.4700858054440478,33,False,True,EXACT,100.0
2021-12-17,PATTERN_B_PROGRESSED_PREVIOUS_ET_ONLY_CANDIDATE_V01_battle_a_all_universe_P1,2021-12-17,152097193.228936,0.0,174693904.0,326791097.22893596,0.0,0.5345736327621461,0.46542636723785397,33,False,True,EXACT,100.0
2021-12-20,PATTERN_B_PROGRESSED_PREVIOUS_ET_ONLY_CANDIDATE_V01_battle_a_all_universe_P1,2021-12-20,152097193.228936,0.0,175830775.0,327927968.22893596,0.0,0.5361871875388423,0.4638128124611578,33,False,True,EXACT,100.0
2021-12-21,PATTERN_B_PROGRESSED_PREVIOUS_ET_ONLY_CANDIDATE_V01_battle_a_all_universe_P1,2021-12-21,152097193.228936,0.0,174603689.0,326700882.22893596,-0.003741937617054214,0.5344451101838357,0.46555488981616444,33,False,True,EXACT,100.0
2021-12-22,PATTERN_B_PROGRESSED_PREVIOUS_ET_ONLY_CANDIDATE_V01_battle_a_all_universe_P1,2021-12-22,152097193.228936,0.0,182512718.0,334609911.22893596,0.0,0.5454492287143493,0.4545507712856508,33,False,True,EXACT,100.0
2021-12-23,PATTERN_B_PROGRESSED_PREVIOUS_ET_ONLY_CANDIDATE_V01_battle_a_all_universe_P1,2021-12-23,152097193.228936,0.0,180759526.0,332856719.22893596,-0.005239510071775699,0.5430550611047608,0.45694493889523935,33,False,True,EXACT,100.0
2021-12-24,PATTERN_B_PROGRESSED_PREVIOUS_ET_ONLY_CANDIDATE_V01_battle_a_all_universe_P1,2021-12-24,152097193.228936,0.0,181841462.0,333938655.22893596,-0.002006085227824417,0.5445355281656035,0.45546447183439664,33,False,True,EXACT,100.0
2021-12-27,PATTERN_B_PROGRESSED_PREVIOUS_ET_ONLY_CANDIDATE_V01_battle_a_all_universe_P1,2021-12-27,152097193.228936,0.0,180819205.0,332916398.22893596,-0.005061156119913424,0.5431369736123854,0.4568630263876146,33,False,True,EXACT,100.0
2021-12-28,PATTERN_B_PROGRESSED_PREVIOUS_ET_ONLY_CANDIDATE_V01_battle_a_all_universe_P1,2021-12-28,152097193.228936,0.0,181018470.0,333115663.22893596,-0.004465641781237206,0.5434102625057107,0.45658973749428944,33,False,True,EXACT,100.0
2021-12-29,PATTERN_B_PROGRESSED_PREVIOUS_ET_ONLY_CANDIDATE_V01_battle_a_all_universe_P1,2021-12-29,152097193.228936,0.0,183602806.0,335699999.22893596,0.0,0.5469252499902126,0.4530747500097874,33,False,True,EXACT,100.0
2021-12-30,PATTERN_B_PROGRESSED_PREVIOUS_ET_ONLY_CANDIDATE_V01_battle_a_all_universe_P1,2021-12-30,152097193.228936,0.0,183660674.0,335757867.22893596,0.0,0.5470033376009363,0.4529966623990638,33,False,True,EXACT,100.0
2022-01-03,PATTERN_B_PROGRESSED_PREVIOUS_ET_ONLY_CANDIDATE_V01_battle_a_all_universe_P1,2022-01-03,147098550.645001,12564466.1173395,176991365.0,336654381.7623405,0.0,0.5257361097558688,0.4742638902441312,32,False,True,EXACT,100.0
2022-01-04,PATTERN_B_PROGRESSED_PREVIOUS_ET_ONLY_CANDIDATE_V01_battle_a_all_universe_P1,2022-01-04,159663016.7623405,0.0,178838233.0,338501249.7623405,0.0,0.5283237008003993,0.47167629919960075,32,False,True,EXACT,100.0
2022-01-05,PATTERN_B_PROGRESSED_PREVIOUS_ET_ONLY_CANDIDATE_V01_battle_a_all_universe_P1,2022-01-05,159663016.7623405,0.0,179958545.0,339621561.7623405,0.0,0.5298796226781707,0.4701203773218294,32,False,True,EXACT,100.0
2022-01-06,PATTERN_B_PROGRESSED_PREVIOUS_ET_ONLY_CANDIDATE_V01_battle_a_all_universe_P1,2022-01-06,159663016.7623405,0.0,180292359.0,339955375.7623405,0.0,0.5303412502176187,0.4696587497823813,32,False,True,EXACT,100.0
2022-01-07,PATTERN_B_PROGRESSED_PREVIOUS_ET_ONLY_CANDIDATE_V01_battle_a_all_universe_P1,2022-01-07,159663016.7623405,0.0,181632973.0,341295989.7623405,0.0,0.5321860743997581,0.46781392560024193,32,False,True,EXACT,100.0
2022-01-10,PATTERN_B_PROGRESSED_PREVIOUS_ET_ONLY_CANDIDATE_V01_battle_a_all_universe_P1,2022-01-10,159663016.7623405,0.0,179778572.0,339441588.7623405,-0.005433409871857253,0.5296303633726853,0.47036963662731474,32,False,True,EXACT,100.0
2022-01-11,PATTERN_B_PROGRESSED_PREVIOUS_ET_ONLY_CANDIDATE_V01_battle_a_all_universe_P1,2022-01-11,159663016.7623405,0.0,178655016.0,338318032.7623405,-0.008725438004922648,0.5280682632885266,0.47193173671147337,32,False,True,EXACT,100.0
2022-01-12,PATTERN_B_PROGRESSED_PREVIOUS_ET_ONLY_CANDIDATE_V01_battle_a_all_universe_P1,2022-01-12,159663016.7623405,0.0,186432102.0,346095118.7623405,0.0,0.5386730175990166,0.46132698240098335,32,False,True,EXACT,100.0
2022-01-13,PATTERN_B_PROGRESSED_PREVIOUS_ET_ONLY_CANDIDATE_V01_battle_a_all_universe_P1,2022-01-13,159663016.7623405,0.0,182149143.0,341812159.7623405,-0.012375092186553083,0.5328925194663846,0.4671074805336154,32,False,True,EXACT,100.0
2022-01-14,PATTERN_B_PROGRESSED_PREVIOUS_ET_ONLY_CANDIDATE_V01_battle_a_all_universe_P1,2022-01-14,159663016.7623405,0.0,180959710.0,340622726.7623405,-0.01581181502810458,0.531261409712862,0.46873859028713805,32,False,True,EXACT,100.0
2022-01-17,PATTERN_B_PROGRESSED_PREVIOUS_ET_ONLY_CANDIDATE_V01_battle_a_all_universe_P1,2022-01-17,159663016.7623405,0.0,176306058.0,335969074.7623405,-0.029257979818413604,0.5247687101103465,0.47523128988965346,32,False,True,EXACT,100.0
2022-01-18,PATTERN_B_PROGRESSED_PREVIOUS_ET_ONLY_CANDIDATE_V01_battle_a_all_universe_P1,2022-01-18,159663016.7623405,0.0,171428136.0,331091152.7623405,-0.04335214565768852,0.5177671906052177,0.4822328093947823,32,False,True,EXACT,100.0
2022-01-19,PATTERN_B_PROGRESSED_PREVIOUS_ET_ONLY_CANDIDATE_V01_battle_a_all_universe_P1,2022-01-19,159663016.7623405,0.0,168052793.0,327715809.7623405,-0.05310479115026423,0.5128003837284258,0.48719961627157415,32,False,True,EXACT,100.0
2022-01-20,PATTERN_B_PROGRESSED_PREVIOUS_ET_ONLY_CANDIDATE_V01_battle_a_all_universe_P1,2022-01-20,159663016.7623405,0.0,170886362.0,330549378.7623405,-0.04491753612588534,0.5169768058250216,0.48302319417497847,32,False,True,EXACT,100.0
2022-01-21,PATTERN_B_PROGRESSED_PREVIOUS_ET_ONLY_CANDIDATE_V01_battle_a_all_universe_P1,2022-01-21,159663016.7623405,0.0,170392280.0,330055296.7623405,-0.046345126326425734,0.5162537358783629,0.4837462641216371,32,False,True,EXACT,100.0
2022-01-24,PATTERN_B_PROGRESSED_PREVIOUS_ET_ONLY_CANDIDATE_V01_battle_a_all_universe_P1,2022-01-24,159663016.7623405,0.0,163213314.0,322876330.7623405,-0.06708788058910498,0.5054979211843694,0.4945020788156305,32,False,True,EXACT,100.0
2022-01-25,PATTERN_B_PROGRESSED_PREVIOUS_ET_ONLY_CANDIDATE_V01_battle_a_all_universe_P1,2022-01-25,159663016.7623405,0.0,158275259.0,317938275.7623405,-0.08135579346132005,0.49781756732653065,0.5021824326734694,32,False,True,EXACT,100.0
2022-01-26,PATTERN_B_PROGRESSED_PREVIOUS_ET_ONLY_CANDIDATE_V01_battle_a_all_universe_P1,2022-01-26,159663016.7623405,0.0,159414066.0,319077082.7623405,-0.0780653483256809,0.49960988930921446,0.5003901106907855,32,False,True,EXACT,100.0
2022-01-27,PATTERN_B_PROGRESSED_PREVIOUS_ET_ONLY_CANDIDATE_V01_battle_a_all_universe_P1,2022-01-27,159663016.7623405,0.0,153763418.0,313426434.7623405,-0.0943922125132115,0.4905885431029231,0.5094114568970769,32,False,True,EXACT,100.0
2022-01-28,PATTERN_B_PROGRESSED_PREVIOUS_ET_ONLY_CANDIDATE_V01_battle_a_all_universe_P1,2022-01-28,159663016.7623405,0.0,158143186.0,317806202.7623405,-0.08173740242613958,0.4976088717760537,0.5023911282239464,32,False,True,EXACT,100.0
2022-02-03,PATTERN_B_PROGRESSED_PREVIOUS_ET_ONLY_CANDIDATE_V01_battle_a_all_universe_P1,2022-02-03,159663016.7623405,129812257.54615408,30846073.0,320321347.30849457,-0.07447019636108898,0.09629727540541597,0.903702724594584,9,False,True,EXACT,100.0
2022-02-04,PATTERN_B_PROGRESSED_PREVIOUS_ET_ONLY_CANDIDATE_V01_battle_a_all_universe_P1,2022-02-04,289475274.30849457,0.0,31184233.0,320659507.30849457,-0.07349312392733354,0.09725029911556252,0.9027497008844375,9,False,True,EXACT,100.0
2022-02-07,PATTERN_B_PROGRESSED_PREVIOUS_ET_ONLY_CANDIDATE_V01_battle_a_all_universe_P1,2022-02-07,289475274.30849457,0.0,30969026.0,320444300.30849457,-0.07411493853358864,0.09664402197257321,0.9033559780274267,9,False,True,EXACT,100.0
2022-02-08,PATTERN_B_PROGRESSED_PREVIOUS_ET_ONLY_CANDIDATE_V01_battle_a_all_universe_P1,2022-02-08,289475274.30849457,0.0,30912702.0,320387976.30849457,-0.0742776799215672,0.09648521257312989,0.9035147874268701,9,False,True,EXACT,100.0
2022-02-09,PATTERN_B_PROGRESSED_PREVIOUS_ET_ONLY_CANDIDATE_V01_battle_a_all_universe_P1,2022-02-09,289475274.30849457,0.0,31595360.0,321070634.30849457,-0.07230522216937119,0.09840625900916931,0.9015937409908307,9,False,True,EXACT,100.0
2022-02-10,PATTERN_B_PROGRESSED_PREVIOUS_ET_ONLY_CANDIDATE_V01_battle_a_all_universe_P1,2022-02-10,289475274.30849457,0.0,31806140.0,321281414.30849457,-0.0716961988443564,0.09899775892252431,0.9010022410774757,9,False,True,EXACT,100.0
2022-02-11,PATTERN_B_PROGRESSED_PREVIOUS_ET_ONLY_CANDIDATE_V01_battle_a_all_universe_P1,2022-02-11,289475274.30849457,0.0,30952102.0,320427376.30849457,-0.07416383838534191,0.09659630945578308,0.9034036905442169,9,False,True,EXACT,100.0
2022-02-14,PATTERN_B_PROGRESSED_PREVIOUS_ET_ONLY_CANDIDATE_V01_battle_a_all_universe_P1,2022-02-14,289475274.30849457,0.0,29825739.0,319301013.30849457,-0.07741832808756,0.09340947180516362,0.9065905281948363,9,False,True,EXACT,100.0
2022-02-15,PATTERN_B_PROGRESSED_PREVIOUS_ET_ONLY_CANDIDATE_V01_battle_a_all_universe_P1,2022-02-15,289475274.30849457,0.0,29262176.0,318737450.30849457,-0.07904667523679265,0.09180651966588234,0.9081934803341176,9,False,True,EXACT,100.0
2022-02-16,PATTERN_B_PROGRESSED_PREVIOUS_ET_ONLY_CANDIDATE_V01_battle_a_all_universe_P1,2022-02-16,289475274.30849457,0.0,30413697.0,319888971.30849457,-0.07571949453537763,0.09507579106461171,0.9049242089353883,9,False,True,EXACT,100.0
2022-02-17,PATTERN_B_PROGRESSED_PREVIOUS_ET_ONLY_CANDIDATE_V01_battle_a_all_universe_P1,2022-02-17,289475274.30849457,0.0,30472071.0,319947345.30849457,-0.07555082992026041,0.09524089337456043,0.9047591066254396,9,False,True,EXACT,100.0
2022-02-18,PATTERN_B_PROGRESSED_PREVIOUS_ET_ONLY_CANDIDATE_V01_battle_a_all_universe_P1,2022-02-18,289475274.30849457,0.0,30912549.0,320387823.30849457,-0.07427812199656825,0.09648478110304139,0.9035152188969586,9,False,True,EXACT,100.0
2022-02-21,PATTERN_B_PROGRESSED_PREVIOUS_ET_ONLY_CANDIDATE_V01_battle_a_all_universe_P1,2022-02-21,289475274.30849457,0.0,31042810.0,320518084.30849457,-0.07390174858666343,0.09685197659587186,0.9031480234041281,9,False,True,EXACT,100.0
2022-02-22,PATTERN_B_PROGRESSED_PREVIOUS_ET_ONLY_CANDIDATE_V01_battle_a_all_universe_P1,2022-02-22,289475274.30849457,0.0,30550036.0,320025310.30849457,-0.0753255594793516,0.09546131201482377,0.9045386879851762,9,False,True,EXACT,100.0
2022-02-23,PATTERN_B_PROGRESSED_PREVIOUS_ET_ONLY_CANDIDATE_V01_battle_a_all_universe_P1,2022-02-23,289475274.30849457,0.0,30845336.0,320320610.30849457,-0.07447232583347985,0.0962951961483011,0.9037048038516989,9,False,True,EXACT,100.0
2022-02-24,PATTERN_B_PROGRESSED_PREVIOUS_ET_ONLY_CANDIDATE_V01_battle_a_all_universe_P1,2022-02-24,289475274.30849457,0.0,30253158.0,319728432.30849457,-0.07618335256543052,0.09462141912612203,0.905378580873878,9,False,True,EXACT,100.0
2022-02-25,PATTERN_B_PROGRESSED_PREVIOUS_ET_ONLY_CANDIDATE_V01_battle_a_all_universe_P1,2022-02-25,289475274.30849457,0.0,31255341.0,320730615.30849457,-0.0732876659588586,0.09745044441715384,0.9025495555828461,9,False,True,EXACT,100.0
2022-02-28,PATTERN_B_PROGRESSED_PREVIOUS_ET_ONLY_CANDIDATE_V01_battle_a_all_universe_P1,2022-02-28,289475274.30849457,0.0,32005646.0,321480920.30849457,-0.07111975037922513,0.09955690673426976,0.9004430932657302,9,False,True,EXACT,100.0
2022-03-02,PATTERN_B_PROGRESSED_PREVIOUS_ET_ONLY_CANDIDATE_V01_battle_a_all_universe_P1,2022-03-02,194529973.42431083,4452953.876712,123309383.0,322292310.3010228,-0.06877533709934458,0.38260107070140253,0.6173989292985974,27,False,True,EXACT,100.0
2022-03-03,PATTERN_B_PROGRESSED_PREVIOUS_ET_ONLY_CANDIDATE_V01_battle_a_all_universe_P1,2022-03-03,198982927.30102283,0.0,123773209.0,322756136.3010228,-0.06743516795261206,0.3834883216118353,0.6165116783881647,27,False,True,EXACT,100.0
2022-03-04,PATTERN_B_PROGRESSED_PREVIOUS_ET_ONLY_CANDIDATE_V01_battle_a_all_universe_P1,2022-03-04,198982927.30102283,0.0,123512978.0,322495905.3010228,-0.06818707396310597,0.3829908410300931,0.6170091589699068,27,False,True,EXACT,100.0
2022-03-07,PATTERN_B_PROGRESSED_PREVIOUS_ET_ONLY_CANDIDATE_V01_battle_a_all_universe_P1,2022-03-07,198982927.30102283,0.0,121570478.0,320553405.3010228,-0.07379969284934318,0.37925186876688,0.62074813123312,27,False,True,EXACT,100.0
2022-03-08,PATTERN_B_PROGRESSED_PREVIOUS_ET_ONLY_CANDIDATE_V01_battle_a_all_universe_P1,2022-03-08,198982927.30102283,0.0,119000416.0,317983343.3010228,-0.08122557625732274,0.37423474690416975,0.6257652530958302,27,False,True,EXACT,100.0
2022-03-10,PATTERN_B_PROGRESSED_PREVIOUS_ET_ONLY_CANDIDATE_V01_battle_a_all_universe_P1,2022-03-10,198982927.30102283,0.0,118580353.0,317563280.3010228,-0.08243929750685142,0.3734070037555852,0.6265929962444148,27,False,True,EXACT,100.0
2022-03-11,PATTERN_B_PROGRESSED_PREVIOUS_ET_ONLY_CANDIDATE_V01_battle_a_all_universe_P1,2022-03-11,198982927.30102283,0.0,120510906.0,319493833.3010228,-0.07686119803262659,0.37719321451333376,0.6228067854866662,27,False,True,EXACT,100.0
2022-03-14,PATTERN_B_PROGRESSED_PREVIOUS_ET_ONLY_CANDIDATE_V01_battle_a_all_universe_P1,2022-03-14,198982927.30102283,0.0,120307562.0,319290489.3010228,-0.07744873593471302,0.37679657249851756,0.6232034275014824,27,False,True,EXACT,100.0
2022-03-15,PATTERN_B_PROGRESSED_PREVIOUS_ET_ONLY_CANDIDATE_V01_battle_a_all_universe_P1,2022-03-15,198982927.30102283,0.0,120348854.0,319331781.3010228,-0.07732942769324558,0.3768771573868226,0.6231228426131774,27,False,True,EXACT,100.0
2022-03-16,PATTERN_B_PROGRESSED_PREVIOUS_ET_ONLY_CANDIDATE_V01_battle_a_all_universe_P1,2022-03-16,198982927.30102283,0.0,126480206.0,325463133.3010228,-0.05961362741866749,0.3886160767800932,0.6113839232199068,27,False,True,EXACT,100.0
2022-03-17,PATTERN_B_PROGRESSED_PREVIOUS_ET_ONLY_CANDIDATE_V01_battle_a_all_universe_P1,2022-03-17,198982927.30102283,0.0,128624139.0,327607066.3010228,-0.053418992233788765,0.3926171082091779,0.607382891790822,27,False,True,EXACT,100.0
2022-03-18,PATTERN_B_PROGRESSED_PREVIOUS_ET_ONLY_CANDIDATE_V01_battle_a_all_universe_P1,2022-03-18,198982927.30102283,0.0,129273704.0,328256631.3010228,-0.051542152703884736,0.3938190174182696,0.6061809825817305,27,False,True,EXACT,100.0
2022-03-21,PATTERN_B_PROGRESSED_PREVIOUS_ET_ONLY_CANDIDATE_V01_battle_a_all_universe_P1,2022-03-21,198982927.30102283,0.0,130584295.0,329567222.3010228,-0.04775535847030299,0.3962296192208272,0.6037703807791728,27,False,True,EXACT,100.0
2022-03-22,PATTERN_B_PROGRESSED_PREVIOUS_ET_ONLY_CANDIDATE_V01_battle_a_all_universe_P1,2022-03-22,198982927.30102283,0.0,131711092.0,330694019.3010228,-0.04449961477755893,0.3982868885212785,0.6017131114787215,27,False,True,EXACT,100.0
2022-03-23,PATTERN_B_PROGRESSED_PREVIOUS_ET_ONLY_CANDIDATE_V01_battle_a_all_universe_P1,2022-03-23,198982927.30102283,0.0,133999193.0,332982120.3010228,-0.03788842358774269,0.40242158611658163,0.5975784138834184,27,False,True,EXACT,100.0
2022-03-24,PATTERN_B_PROGRESSED_PREVIOUS_ET_ONLY_CANDIDATE_V01_battle_a_all_universe_P1,2022-03-24,198982927.30102283,0.0,135836324.0,334819251.3010228,-0.03258025568705192,0.40570045919454883,0.5942995408054512,27,False,True,EXACT,100.0
2022-03-25,PATTERN_B_PROGRESSED_PREVIOUS_ET_ONLY_CANDIDATE_V01_battle_a_all_universe_P1,2022-03-25,198982927.30102283,0.0,135980615.0,334963542.3010228,-0.032163344288486106,0.4059564633986281,0.5940435366013719,27,False,True,EXACT,100.0
2022-03-28,PATTERN_B_PROGRESSED_PREVIOUS_ET_ONLY_CANDIDATE_V01_battle_a_all_universe_P1,2022-03-28,198982927.30102283,0.0,136337713.0,335320640.3010228,-0.031131552793486117,0.40658908702311736,0.5934109129768826,27,False,True,EXACT,100.0
2022-03-29,PATTERN_B_PROGRESSED_PREVIOUS_ET_ONLY_CANDIDATE_V01_battle_a_all_universe_P1,2022-03-29,198982927.30102283,0.0,135694982.0,334677909.3010228,-0.03298864630667542,0.405449473146883,0.594550526853117,27,False,True,EXACT,100.0
2022-03-30,PATTERN_B_PROGRESSED_PREVIOUS_ET_ONLY_CANDIDATE_V01_battle_a_all_universe_P1,2022-03-30,198982927.30102283,0.0,136727231.0,335710158.3010228,-0.03000608762832302,0.40727761022173226,0.5927223897782677,27,False,True,EXACT,100.0
2022-03-31,PATTERN_B_PROGRESSED_PREVIOUS_ET_ONLY_CANDIDATE_V01_battle_a_all_universe_P1,2022-03-31,198982927.30102283,0.0,137001051.0,335983978.3010228,-0.0292149178453478,0.4077606667221933,0.5922393332778066,27,False,True,EXACT,100.0
2022-04-01,PATTERN_B_PROGRESSED_PREVIOUS_ET_ONLY_CANDIDATE_V01_battle_a_all_universe_P1,2022-04-01,193983233.50943032,78910475.33794725,62200841.0,335094549.84737754,-0.03178481382315279,0.1856217626587184,0.8143782373412816,15,False,True,EXACT,100.0
2022-04-04,PATTERN_B_PROGRESSED_PREVIOUS_ET_ONLY_CANDIDATE_V01_battle_a_all_universe_P1,2022-04-04,272893708.84737754,0.0,63938321.0,336832029.84737754,-0.026764575438360305,0.1898225683257355,0.8101774316742645,15,False,True,EXACT,100.0
2022-04-05,PATTERN_B_PROGRESSED_PREVIOUS_ET_ONLY_CANDIDATE_V01_battle_a_all_universe_P1,2022-04-05,272893708.84737754,0.0,63936040.0,336829748.84737754,-0.0267711661120692,0.1898170818307689,0.810182918169231,15,False,True,EXACT,100.0
2022-04-06,PATTERN_B_PROGRESSED_PREVIOUS_ET_ONLY_CANDIDATE_V01_battle_a_all_universe_P1,2022-04-06,272893708.84737754,0.0,63268105.0,336161813.84737754,-0.028701083535893623,0.1882072930172987,0.8117927069827013,15,False,True,EXACT,100.0
2022-04-07,PATTERN_B_PROGRESSED_PREVIOUS_ET_ONLY_CANDIDATE_V01_battle_a_all_universe_P1,2022-04-07,272893708.84737754,0.0,61077037.0,333970745.84737754,-0.03503190960427449,0.18288139832436645,0.8171186016756335,15,False,True,EXACT,100.0
2022-04-08,PATTERN_B_PROGRESSED_PREVIOUS_ET_ONLY_CANDIDATE_V01_battle_a_all_universe_P1,2022-04-08,272893708.84737754,0.0,60980581.0,333874289.84737754,-0.03531060755397375,0.1826453334513292,0.8173546665486708,15,False,True,EXACT,100.0
2022-04-11,PATTERN_B_PROGRESSED_PREVIOUS_ET_ONLY_CANDIDATE_V01_battle_a_all_universe_P1,2022-04-11,272893708.84737754,0.0,60258084.0,333151792.84737754,-0.03739817527981659,0.18087275918579626,0.8191272408142037,15,False,True,EXACT,100.0
2022-04-12,PATTERN_B_PROGRESSED_PREVIOUS_ET_ONLY_CANDIDATE_V01_battle_a_all_universe_P1,2022-04-12,272893708.84737754,0.0,58984041.0,331877749.84737754,-0.041079368486343304,0.17772821777635084,0.8222717822236492,15,False,True,EXACT,100.0
2022-04-13,PATTERN_B_PROGRESSED_PREVIOUS_ET_ONLY_CANDIDATE_V01_battle_a_all_universe_P1,2022-04-13,272893708.84737754,0.0,60301340.0,333195048.84737754,-0.03727319229781245,0.18097909980535598,0.819020900194644,15,False,True,EXACT,100.0
2022-04-14,PATTERN_B_PROGRESSED_PREVIOUS_ET_ONLY_CANDIDATE_V01_battle_a_all_universe_P1,2022-04-14,272893708.84737754,0.0,59756448.0,332650156.84737754,-0.03884759185001807,0.17963751638156214,0.8203624836184379,15,False,True,EXACT,100.0
2022-04-15,PATTERN_B_PROGRESSED_PREVIOUS_ET_ONLY_CANDIDATE_V01_battle_a_all_universe_P1,2022-04-15,272893708.84737754,0.0,59506401.0,332400109.84737754,-0.03957007242383892,0.17902040112839473,0.8209795988716052,15,False,True,EXACT,100.0
2022-04-18,PATTERN_B_PROGRESSED_PREVIOUS_ET_ONLY_CANDIDATE_V01_battle_a_all_universe_P1,2022-04-18,272893708.84737754,0.0,59364140.0,332257848.84737754,-0.0399811183828479,0.17866888684778334,0.8213311131522166,15,False,True,EXACT,100.0
2022-04-19,PATTERN_B_PROGRESSED_PREVIOUS_ET_ONLY_CANDIDATE_V01_battle_a_all_universe_P1,2022-04-19,272893708.84737754,0.0,59807026.0,332700734.84737754,-0.03870145283430226,0.17976222994348284,0.8202377700565171,15,False,True,EXACT,100.0
2022-04-20,PATTERN_B_PROGRESSED_PREVIOUS_ET_ONLY_CANDIDATE_V01_battle_a_all_universe_P1,2022-04-20,272893708.84737754,0.0,59944651.0,332838359.84737754,-0.03830380203676376,0.1801013892373689,0.819898610762631,15,False,True,EXACT,100.0
2022-04-21,PATTERN_B_PROGRESSED_PREVIOUS_ET_ONLY_CANDIDATE_V01_battle_a_all_universe_P1,2022-04-21,272893708.84737754,0.0,60382580.0,333276288.84737754,-0.03703845914037718,0.18117874574525147,0.8188212542547485,15,False,True,EXACT,100.0
2022-04-22,PATTERN_B_PROGRESSED_PREVIOUS_ET_ONLY_CANDIDATE_V01_battle_a_all_universe_P1,2022-04-22,272893708.84737754,0.0,59612856.0,332506564.84737754,-0.03926248357259854,0.17928324521160252,0.8207167547883975,15,False,True,EXACT,100.0
2022-04-25,PATTERN_B_PROGRESSED_PREVIOUS_ET_ONLY_CANDIDATE_V01_battle_a_all_universe_P1,2022-04-25,272893708.84737754,0.0,58062355.0,330956063.84737754,-0.043742468744145335,0.17543825704543012,0.8245617429545699,15,False,True,EXACT,100.0
2022-04-26,PATTERN_B_PROGRESSED_PREVIOUS_ET_ONLY_CANDIDATE_V01_battle_a_all_universe_P1,2022-04-26,272893708.84737754,0.0,57957146.0,330850854.84737754,-0.04404645742903701,0.17517605032858627,0.8248239496714137,15,False,True,EXACT,100.0
2022-04-27,PATTERN_B_PROGRESSED_PREVIOUS_ET_ONLY_CANDIDATE_V01_battle_a_all_universe_P1,2022-04-27,272893708.84737754,0.0,57186110.0,330079818.84737754,-0.0462742727266271,0.17324933768956574,0.8267506623104343,15,False,True,EXACT,100.0
2022-04-28,PATTERN_B_PROGRESSED_PREVIOUS_ET_ONLY_CANDIDATE_V01_battle_a_all_universe_P1,2022-04-28,272893708.84737754,0.0,56835476.0,329729184.84737754,-0.04728738727517634,0.17237017107329325,0.8276298289267068,15,False,True,EXACT,100.0
2022-04-29,PATTERN_B_PROGRESSED_PREVIOUS_ET_ONLY_CANDIDATE_V01_battle_a_all_universe_P1,2022-04-29,272893708.84737754,0.0,58331466.0,331225174.84737754,-0.04296490504731432,0.17610818992511082,0.8238918100748892,15,False,True,EXACT,100.0
2022-05-02,PATTERN_B_PROGRESSED_PREVIOUS_ET_ONLY_CANDIDATE_V01_battle_a_all_universe_P1,2022-05-02,272893708.84737754,0.0,58539877.0,331433585.84737754,-0.042362726661368644,0.17662626691960281,0.8233737330803972,15,False,True,EXACT,100.0
2022-05-03,PATTERN_B_PROGRESSED_PREVIOUS_ET_ONLY_CANDIDATE_V01_battle_a_all_universe_P1,2022-05-03,272893708.84737754,0.0,58940135.0,331833843.84737754,-0.04120622956475728,0.17761942035999412,0.8223805796400059,15,False,True,EXACT,100.0
2022-05-04,PATTERN_B_PROGRESSED_PREVIOUS_ET_ONLY_CANDIDATE_V01_battle_a_all_universe_P1,2022-05-04,272893708.84737754,0.0,58926672.0,331820380.84737754,-0.04124512927547308,0.17758605378463363,0.8224139462153663,15,False,True,EXACT,100.0
2022-05-06,PATTERN_B_PROGRESSED_PREVIOUS_ET_ONLY_CANDIDATE_V01_battle_a_all_universe_P1,2022-05-06,272893708.84737754,0.0,59253096.0,332146804.84737754,-0.0403019665947415,0.17839429774803034,0.8216057022519696,15,False,True,EXACT,100.0
2022-05-09,PATTERN_B_PROGRESSED_PREVIOUS_ET_ONLY_CANDIDATE_V01_battle_a_all_universe_P1,2022-05-09,272893708.84737754,0.0,58305019.0,331198727.84737754,-0.043041320456160825,0.1760424002198101,0.8239575997801899,15,False,True,EXACT,100.0
2022-05-10,PATTERN_B_PROGRESSED_PREVIOUS_ET_ONLY_CANDIDATE_V01_battle_a_all_universe_P1,2022-05-10,272893708.84737754,0.0,58101013.0,330994721.84737754,-0.04363077112720626,0.17553456041752385,0.8244654395824761,15,False,True,EXACT,100.0
2022-05-11,PATTERN_B_PROGRESSED_PREVIOUS_ET_ONLY_CANDIDATE_V01_battle_a_all_universe_P1,2022-05-11,272893708.84737754,0.0,57903166.0,330796874.84737754,-0.044202426112423976,0.17504145414528252,0.8249585458547175,15,False,True,EXACT,100.0
2022-05-12,PATTERN_B_PROGRESSED_PREVIOUS_ET_ONLY_CANDIDATE_V01_battle_a_all_universe_P1,2022-05-12,272893708.84737754,0.0,55656372.0,328550080.84737754,-0.050694265720086396,0.16939996440254793,0.8306000355974521,15,False,True,EXACT,100.0
2022-05-13,PATTERN_B_PROGRESSED_PREVIOUS_ET_ONLY_CANDIDATE_V01_battle_a_all_universe_P1,2022-05-13,272893708.84737754,0.0,56011133.0,328904841.84737754,-0.049669226704024405,0.17029586030232713,0.8297041396976729,15,False,True,EXACT,100.0
2022-05-16,PATTERN_B_PROGRESSED_PREVIOUS_ET_ONLY_CANDIDATE_V01_battle_a_all_universe_P1,2022-05-16,272893708.84737754,0.0,56376128.0,329269836.84737754,-0.04861461778233478,0.17121558579363996,0.8287844142063601,15,False,True,EXACT,100.0
2022-05-17,PATTERN_B_PROGRESSED_PREVIOUS_ET_ONLY_CANDIDATE_V01_battle_a_all_universe_P1,2022-05-17,272893708.84737754,0.0,56655910.0,329549618.84737754,-0.047806221521212944,0.1719192096114629,0.8280807903885371,15,False,True,EXACT,100.0
2022-05-18,PATTERN_B_PROGRESSED_PREVIOUS_ET_ONLY_CANDIDATE_V01_battle_a_all_universe_P1,2022-05-18,272893708.84737754,0.0,55723973.0,328617681.84737754,-0.05049894080408712,0.16957082980665755,0.8304291701933424,15,False,True,EXACT,100.0
2022-05-19,PATTERN_B_PROGRESSED_PREVIOUS_ET_ONLY_CANDIDATE_V01_battle_a_all_universe_P1,2022-05-19,272893708.84737754,0.0,55084609.0,327978317.84737754,-0.05234630577787358,0.1679519834162734,0.8320480165837266,15,False,True,EXACT,100.0
2022-05-20,PATTERN_B_PROGRESSED_PREVIOUS_ET_ONLY_CANDIDATE_V01_battle_a_all_universe_P1,2022-05-20,272893708.84737754,0.0,55553837.0,328447545.84737754,-0.050990528205286045,0.1691406670635154,0.8308593329364846,15,False,True,EXACT,100.0
2022-05-23,PATTERN_B_PROGRESSED_PREVIOUS_ET_ONLY_CANDIDATE_V01_battle_a_all_universe_P1,2022-05-23,272893708.84737754,0.0,54768832.0,327662540.84737754,-0.05325870523941245,0.1671501168804977,0.8328498831195024,15,False,True,EXACT,100.0
2022-05-24,PATTERN_B_PROGRESSED_PREVIOUS_ET_ONLY_CANDIDATE_V01_battle_a_all_universe_P1,2022-05-24,272893708.84737754,0.0,53785133.0,326678841.84737754,-0.05610098456284751,0.16464222995233987,0.8353577700476601,15,False,True,EXACT,100.0
2022-05-25,PATTERN_B_PROGRESSED_PREVIOUS_ET_ONLY_CANDIDATE_V01_battle_a_all_universe_P1,2022-05-25,272893708.84737754,0.0,53850592.0,326744300.84737754,-0.05591184869686339,0.16480958309094929,0.8351904169090507,15,False,True,EXACT,100.0
2022-05-26,PATTERN_B_PROGRESSED_PREVIOUS_ET_ONLY_CANDIDATE_V01_battle_a_all_universe_P1,2022-05-26,272893708.84737754,0.0,54214297.0,327108005.84737754,-0.054860967074202405,0.16573821499586094,0.8342617850041391,15,False,True,EXACT,100.0
2022-05-27,PATTERN_B_PROGRESSED_PREVIOUS_ET_ONLY_CANDIDATE_V01_battle_a_all_universe_P1,2022-05-27,272893708.84737754,0.0,54370802.0,327264510.84737754,-0.05440876479940682,0.16613717710856912,0.8338628228914309,15,False,True,EXACT,100.0
2022-05-30,PATTERN_B_PROGRESSED_PREVIOUS_ET_ONLY_CANDIDATE_V01_battle_a_all_universe_P1,2022-05-30,272893708.84737754,0.0,54923073.0,327816781.84737754,-0.052813044518881136,0.16754198089093153,0.8324580191090685,15,False,True,EXACT,100.0
2022-05-31,PATTERN_B_PROGRESSED_PREVIOUS_ET_ONLY_CANDIDATE_V01_battle_a_all_universe_P1,2022-05-31,272893708.84737754,0.0,55250213.0,328143921.84737754,-0.0518678130427197,0.1683718920922062,0.8316281079077937,15,False,True,EXACT,100.0
2022-06-02,PATTERN_B_PROGRESSED_PREVIOUS_ET_ONLY_CANDIDATE_V01_battle_a_all_universe_P1,2022-06-02,197983867.2733601,0.0,130785525.0,328769392.27336013,-0.05006059187121248,0.39780322643677385,0.6021967735632261,30,False,True,EXACT,100.0
2022-06-03,PATTERN_B_PROGRESSED_PREVIOUS_ET_ONLY_CANDIDATE_V01_battle_a_all_universe_P1,2022-06-03,197983867.2733601,0.0,131736290.0,329720157.27336013,-0.047313471358793824,0.39953969174769555,0.6004603082523043,30,False,True,EXACT,100.0
2022-06-07,PATTERN_B_PROGRESSED_PREVIOUS_ET_ONLY_CANDIDATE_V01_battle_a_all_universe_P1,2022-06-07,197983867.2733601,0.0,129259144.0,327243011.27336013,-0.05447088521905985,0.39499436060385196,0.6050056393961479,30,False,True,EXACT,100.0
2022-06-08,PATTERN_B_PROGRESSED_PREVIOUS_ET_ONLY_CANDIDATE_V01_battle_a_all_universe_P1,2022-06-08,197983867.2733601,0.0,128959674.0,326943541.27336013,-0.05533616757574533,0.39444019446824236,0.6055598055317575,30,False,True,EXACT,100.0
2022-06-09,PATTERN_B_PROGRESSED_PREVIOUS_ET_ONLY_CANDIDATE_V01_battle_a_all_universe_P1,2022-06-09,197983867.2733601,0.0,128573067.0,326556934.27336013,-0.05645322175837153,0.39372327917670785,0.6062767208232921,30,False,True,EXACT,100.0
2022-06-10,PATTERN_B_PROGRESSED_PREVIOUS_ET_ONLY_CANDIDATE_V01_battle_a_all_universe_P1,2022-06-10,197983867.2733601,0.0,127312424.0,325296291.27336013,-0.060095697285065364,0.39137373347123106,0.6086262665287688,30,False,True,EXACT,100.0
2022-06-13,PATTERN_B_PROGRESSED_PREVIOUS_ET_ONLY_CANDIDATE_V01_battle_a_all_universe_P1,2022-06-13,197983867.2733601,0.0,119967555.0,317951422.27336013,-0.08131780820724688,0.37731410082153166,0.6226858991784682,30,False,True,EXACT,100.0
2022-06-14,PATTERN_B_PROGRESSED_PREVIOUS_ET_ONLY_CANDIDATE_V01_battle_a_all_universe_P1,2022-06-14,197983867.2733601,0.0,118561606.0,316545473.27336013,-0.08538012785228488,0.374548417243084,0.6254515827569158,30,False,True,EXACT,100.0
2022-06-15,PATTERN_B_PROGRESSED_PREVIOUS_ET_ONLY_CANDIDATE_V01_battle_a_all_universe_P1,2022-06-15,197983867.2733601,0.0,114434547.0,312418414.27336013,-0.09730476583839298,0.36628617831685156,0.6337138216831483,30,False,True,EXACT,100.0
2022-06-16,PATTERN_B_PROGRESSED_PREVIOUS_ET_ONLY_CANDIDATE_V01_battle_a_all_universe_P1,2022-06-16,197983867.2733601,0.0,114765218.0,312749085.27336013,-0.09634933196465767,0.3669562067613685,0.6330437932386315,30,False,True,EXACT,100.0
2022-06-17,PATTERN_B_PROGRESSED_PREVIOUS_ET_ONLY_CANDIDATE_V01_battle_a_all_universe_P1,2022-06-17,197983867.2733601,0.0,114854469.0,312838336.27336013,-0.0960914519913163,0.3671368105590468,0.6328631894409531,30,False,True,EXACT,100.0
2022-06-20,PATTERN_B_PROGRESSED_PREVIOUS_ET_ONLY_CANDIDATE_V01_battle_a_all_universe_P1,2022-06-20,197983867.2733601,0.0,109829278.0,307813145.27336013,-0.11061113380009313,0.3568050282663001,0.6431949717336998,30,False,True,EXACT,100.0
2022-06-21,PATTERN_B_PROGRESSED_PREVIOUS_ET_ONLY_CANDIDATE_V01_battle_a_all_universe_P1,2022-06-21,197983867.2733601,0.0,111722740.0,309706607.27336013,-0.10514020428577009,0.36073734746443037,0.6392626525355695,30,False,True,EXACT,100.0
2022-06-22,PATTERN_B_PROGRESSED_PREVIOUS_ET_ONLY_CANDIDATE_V01_battle_a_all_universe_P1,2022-06-22,197983867.2733601,0.0,106933199.0,304917066.27336013,-0.11897900391151384,0.35069601156444846,0.6493039884355515,30,False,True,EXACT,100.0
2022-06-23,PATTERN_B_PROGRESSED_PREVIOUS_ET_ONLY_CANDIDATE_V01_battle_a_all_universe_P1,2022-06-23,197983867.2733601,0.0,102119920.0,300103787.27336013,-0.13288639161814375,0.3402820101932951,0.6597179898067048,30,False,True,EXACT,100.0
2022-06-24,PATTERN_B_PROGRESSED_PREVIOUS_ET_ONLY_CANDIDATE_V01_battle_a_all_universe_P1,2022-06-24,197983867.2733601,0.0,107148907.0,305132774.27336013,-0.11835574172633367,0.3511550250711784,0.6488449749288215,30,False,True,EXACT,100.0
2022-06-27,PATTERN_B_PROGRESSED_PREVIOUS_ET_ONLY_CANDIDATE_V01_battle_a_all_universe_P1,2022-06-27,197983867.2733601,0.0,110368007.0,308351874.27336013,-0.1090545414912315,0.35792876972155696,0.6420712302784429,30,False,True,EXACT,100.0
2022-06-28,PATTERN_B_PROGRESSED_PREVIOUS_ET_ONLY_CANDIDATE_V01_battle_a_all_universe_P1,2022-06-28,197983867.2733601,0.0,110675155.0,308659022.27336013,-0.10816707448187757,0.3585676977295091,0.6414323022704909,30,False,True,EXACT,100.0
2022-06-29,PATTERN_B_PROGRESSED_PREVIOUS_ET_ONLY_CANDIDATE_V01_battle_a_all_universe_P1,2022-06-29,197983867.2733601,0.0,110619303.0,308603170.27336013,-0.10832845208292474,0.35845160923659214,0.6415483907634077,30,False,True,EXACT,100.0
2022-06-30,PATTERN_B_PROGRESSED_PREVIOUS_ET_ONLY_CANDIDATE_V01_battle_a_all_universe_P1,2022-06-30,197983867.2733601,0.0,109062641.0,307046508.27336013,-0.11282623871905739,0.3551990921938859,0.644800907806114,30,False,True,EXACT,100.0
2022-07-01,PATTERN_B_PROGRESSED_PREVIOUS_ET_ONLY_CANDIDATE_V01_battle_a_all_universe_P1,2022-07-01,63146777.558282375,0.0,239138082.0,302284859.5582824,-0.12658444695991833,0.7911017520012202,0.20889824799877973,57,False,True,EXACT,100.0
2022-07-04,PATTERN_B_PROGRESSED_PREVIOUS_ET_ONLY_CANDIDATE_V01_battle_a_all_universe_P1,2022-07-04,63146777.558282375,0.0,235121645.0,298268422.5582824,-0.13818945605210964,0.7882887601152504,0.21171123988474957,57,False,True,EXACT,100.0
2022-07-05,PATTERN_B_PROGRESSED_PREVIOUS_ET_ONLY_CANDIDATE_V01_battle_a_all_universe_P1,2022-07-05,63146777.558282375,0.0,243655990.0,306802767.5582824,-0.11353049804507565,0.7941779402420593,0.20582205975794066,57,False,True,EXACT,100.0
2022-07-06,PATTERN_B_PROGRESSED_PREVIOUS_ET_ONLY_CANDIDATE_V01_battle_a_all_universe_P1,2022-07-06,63146777.558282375,0.0,243133669.0,306280446.5582824,-0.11503968142179544,0.7938269378020313,0.2061730621979687,57,False,True,EXACT,100.0
2022-07-07,PATTERN_B_PROGRESSED_PREVIOUS_ET_ONLY_CANDIDATE_V01_battle_a_all_universe_P1,2022-07-07,63146777.558282375,0.0,249720116.0,312866893.5582824,-0.09600893916933728,0.7981672754182951,0.20183272458170484,57,False,True,EXACT,100.0
2022-07-08,PATTERN_B_PROGRESSED_PREVIOUS_ET_ONLY_CANDIDATE_V01_battle_a_all_universe_P1,2022-07-08,63146777.558282375,0.0,254102800.0,317249577.5582824,-0.08334570365283311,0.8009555188558711,0.19904448114412884,57,False,True,EXACT,100.0
2022-07-11,PATTERN_B_PROGRESSED_PREVIOUS_ET_ONLY_CANDIDATE_V01_battle_a_all_universe_P1,2022-07-11,63146777.558282375,0.0,257194542.0,320341319.5582824,-0.07441248896013164,0.8028765766297171,0.19712342337028288,57,False,True,EXACT,100.0
2022-07-12,PATTERN_B_PROGRESSED_PREVIOUS_ET_ONLY_CANDIDATE_V01_battle_a_all_universe_P1,2022-07-12,63146777.558282375,0.0,250772334.0,313919111.5582824,-0.09296868247989654,0.7988437937250007,0.20115620627499933,57,False,True,EXACT,100.0
2022-07-13,PATTERN_B_PROGRESSED_PREVIOUS_ET_ONLY_CANDIDATE_V01_battle_a_all_universe_P1,2022-07-13,63146777.558282375,0.0,255334482.0,318481259.5582824,-0.07978690743402317,0.8017252957179841,0.19827470428201585,57,False,True,EXACT,100.0
2022-07-14,PATTERN_B_PROGRESSED_PREVIOUS_ET_ONLY_CANDIDATE_V01_battle_a_all_universe_P1,2022-07-14,63146777.558282375,0.0,259854644.0,323001421.5582824,-0.06672644585870713,0.8045000011032826,0.19549999889671746,57,False,True,EXACT,100.0
2022-07-15,PATTERN_B_PROGRESSED_PREVIOUS_ET_ONLY_CANDIDATE_V01_battle_a_all_universe_P1,2022-07-15,63146777.558282375,0.0,258987295.0,322134072.5582824,-0.06923254592478634,0.8039736155297341,0.19602638447026585,57,False,True,EXACT,100.0
2022-07-18,PATTERN_B_PROGRESSED_PREVIOUS_ET_ONLY_CANDIDATE_V01_battle_a_all_universe_P1,2022-07-18,63146777.558282375,0.0,264550243.0,327697020.5582824,-0.05315908028362537,0.8073013375260413,0.19269866247395875,57,False,True,EXACT,100.0
2022-07-19,PATTERN_B_PROGRESSED_PREVIOUS_ET_ONLY_CANDIDATE_V01_battle_a_all_universe_P1,2022-07-19,63146777.558282375,0.0,267266165.0,330412942.5582824,-0.04531175204128457,0.8088852783145934,0.1911147216854066,57,False,True,EXACT,100.0
2022-07-20,PATTERN_B_PROGRESSED_PREVIOUS_ET_ONLY_CANDIDATE_V01_battle_a_all_universe_P1,2022-07-20,63146777.558282375,0.0,270741676.0,333888453.5582824,-0.03526968322381996,0.8108746292801655,0.18912537071983443,57,False,True,EXACT,100.0
2022-07-21,PATTERN_B_PROGRESSED_PREVIOUS_ET_ONLY_CANDIDATE_V01_battle_a_all_universe_P1,2022-07-21,63146777.558282375,0.0,272695971.0,335842748.5582824,-0.029622984111192574,0.8119751644799208,0.18802483552007926,57,False,True,EXACT,100.0
2022-07-22,PATTERN_B_PROGRESSED_PREVIOUS_ET_ONLY_CANDIDATE_V01_battle_a_all_universe_P1,2022-07-22,63146777.558282375,0.0,271144986.0,334291763.5582824,-0.03410436774221981,0.8111028016779929,0.1888971983220071,57,False,True,EXACT,100.0
2022-07-25,PATTERN_B_PROGRESSED_PREVIOUS_ET_ONLY_CANDIDATE_V01_battle_a_all_universe_P1,2022-07-25,63146777.558282375,0.0,268594547.0,331741324.5582824,-0.0414735528642769,0.8096505533570076,0.19034944664299233,57,False,True,EXACT,100.0
2022-07-26,PATTERN_B_PROGRESSED_PREVIOUS_ET_ONLY_CANDIDATE_V01_battle_a_all_universe_P1,2022-07-26,63146777.558282375,0.0,270006595.0,333153372.5582824,-0.03739361089615667,0.8104573365913161,0.18954266340868386,57,False,True,EXACT,100.0
2022-07-27,PATTERN_B_PROGRESSED_PREVIOUS_ET_ONLY_CANDIDATE_V01_battle_a_all_universe_P1,2022-07-27,63146777.558282375,0.0,271901694.0,335048471.5582824,-0.03191795146826015,0.8115294265794081,0.18847057342059195,57,False,True,EXACT,100.0
2022-07-28,PATTERN_B_PROGRESSED_PREVIOUS_ET_ONLY_CANDIDATE_V01_battle_a_all_universe_P1,2022-07-28,63146777.558282375,0.0,271800420.0,334947197.5582824,-0.032210570446424724,0.8114724409739402,0.18852755902605975,57,False,True,EXACT,100.0
2022-07-29,PATTERN_B_PROGRESSED_PREVIOUS_ET_ONLY_CANDIDATE_V01_battle_a_all_universe_P1,2022-07-29,63146777.558282375,0.0,271505214.0,334651991.5582824,-0.03306353249066185,0.8113061354745147,0.18869386452548528,57,False,True,EXACT,100.0
2022-08-01,PATTERN_B_PROGRESSED_PREVIOUS_ET_ONLY_CANDIDATE_V01_battle_a_all_universe_P1,2022-08-01,63146777.558282375,0.0,271937674.0,335084451.5582824,-0.03181399160852949,0.8115496637799112,0.1884503362200888,57,False,True,EXACT,100.0
2022-08-02,PATTERN_B_PROGRESSED_PREVIOUS_ET_ONLY_CANDIDATE_V01_battle_a_all_universe_P1,2022-08-02,63146777.558282375,0.0,270680502.0,333827279.5582824,-0.03544643810039483,0.8108399719704222,0.18916002802957774,57,False,True,EXACT,100.0
2022-08-03,PATTERN_B_PROGRESSED_PREVIOUS_ET_ONLY_CANDIDATE_V01_battle_a_all_universe_P1,2022-08-03,63146777.558282375,0.0,273797834.0,336944611.5582824,-0.026439284196728807,0.8125900358927103,0.18740996410728972,57,False,True,EXACT,100.0
2022-08-04,PATTERN_B_PROGRESSED_PREVIOUS_ET_ONLY_CANDIDATE_V01_battle_a_all_universe_P1,2022-08-04,63146777.558282375,0.0,277512668.0,340659445.5582824,-0.01570572050682606,0.8146337100537587,0.1853662899462413,57,False,True,EXACT,100.0
2022-08-05,PATTERN_B_PROGRESSED_PREVIOUS_ET_ONLY_CANDIDATE_V01_battle_a_all_universe_P1,2022-08-05,63146777.558282375,0.0,279238924.0,342385701.5582824,-0.010717912512962391,0.8155682983521634,0.18443170164783665,57,False,True,EXACT,100.0
2022-08-08,PATTERN_B_PROGRESSED_PREVIOUS_ET_ONLY_CANDIDATE_V01_battle_a_all_universe_P1,2022-08-08,63146777.558282375,0.0,280133158.0,343279935.5582824,-0.008134131489994423,0.8160487374376086,0.18395126256239133,57,False,True,EXACT,100.0
2022-08-09,PATTERN_B_PROGRESSED_PREVIOUS_ET_ONLY_CANDIDATE_V01_battle_a_all_universe_P1,2022-08-09,63146777.558282375,0.0,280186533.0,343333310.5582824,-0.007979910880958174,0.8160773347170958,0.1839226652829042,57,False,True,EXACT,100.0
2022-08-10,PATTERN_B_PROGRESSED_PREVIOUS_ET_ONLY_CANDIDATE_V01_battle_a_all_universe_P1,2022-08-10,63146777.558282375,0.0,274591921.0,337738698.5582824,-0.02414486582168862,0.8130306718541898,0.18696932814581022,57,False,True,EXACT,100.0
2022-08-11,PATTERN_B_PROGRESSED_PREVIOUS_ET_ONLY_CANDIDATE_V01_battle_a_all_universe_P1,2022-08-11,63146777.558282375,0.0,277762899.0,340909676.5582824,-0.014982708287252344,0.8147697707035115,0.1852302292964885,57,False,True,EXACT,100.0
2022-08-12,PATTERN_B_PROGRESSED_PREVIOUS_ET_ONLY_CANDIDATE_V01_battle_a_all_universe_P1,2022-08-12,63146777.558282375,0.0,279949446.0,343096223.5582824,-0.008664945101746535,0.8159502401297766,0.18404975987022346,57,False,True,EXACT,100.0
2022-08-16,PATTERN_B_PROGRESSED_PREVIOUS_ET_ONLY_CANDIDATE_V01_battle_a_all_universe_P1,2022-08-16,63146777.558282375,0.0,279300010.0,342446787.5582824,-0.010541411901747622,0.8156011974633134,0.18439880253668658,57,False,True,EXACT,100.0
2022-08-17,PATTERN_B_PROGRESSED_PREVIOUS_ET_ONLY_CANDIDATE_V01_battle_a_all_universe_P1,2022-08-17,63146777.558282375,0.0,276053134.0,339199911.5582824,-0.019922867530509647,0.8138361025267181,0.1861638974732819,57,False,True,EXACT,100.0
2022-08-18,PATTERN_B_PROGRESSED_PREVIOUS_ET_ONLY_CANDIDATE_V01_battle_a_all_universe_P1,2022-08-18,63146777.558282375,0.0,277491482.0,340638259.5582824,-0.015766934892269546,0.8146221811954798,0.18537781880452014,57,False,True,EXACT,100.0
2022-08-19,PATTERN_B_PROGRESSED_PREVIOUS_ET_ONLY_CANDIDATE_V01_battle_a_all_universe_P1,2022-08-19,63146777.558282375,0.0,274186539.0,337333316.5582824,-0.02531616809676751,0.8128059860717248,0.1871940139282752,57,False,True,EXACT,100.0
2022-08-22,PATTERN_B_PROGRESSED_PREVIOUS_ET_ONLY_CANDIDATE_V01_battle_a_all_universe_P1,2022-08-22,63146777.558282375,0.0,266535624.0,329682401.5582824,-0.04742256193254357,0.8084617884976215,0.1915382115023785,57,False,True,EXACT,100.0
2022-08-23,PATTERN_B_PROGRESSED_PREVIOUS_ET_ONLY_CANDIDATE_V01_battle_a_all_universe_P1,2022-08-23,63146777.558282375,0.0,261038810.0,324185587.5582824,-0.06330494137683329,0.8052141119724214,0.19478588802757862,57,False,True,EXACT,100.0
2022-08-24,PATTERN_B_PROGRESSED_PREVIOUS_ET_ONLY_CANDIDATE_V01_battle_a_all_universe_P1,2022-08-24,63146777.558282375,0.0,261931776.0,325078553.5582824,-0.060724824086553886,0.8057491739547777,0.19425082604522226,57,False,True,EXACT,100.0
2022-08-25,PATTERN_B_PROGRESSED_PREVIOUS_ET_ONLY_CANDIDATE_V01_battle_a_all_universe_P1,2022-08-25,63146777.558282375,0.0,267115619.0,330262396.5582824,-0.04574673650607086,0.8087981610490776,0.1912018389509224,57,False,True,EXACT,100.0
2022-08-26,PATTERN_B_PROGRESSED_PREVIOUS_ET_ONLY_CANDIDATE_V01_battle_a_all_universe_P1,2022-08-26,63146777.558282375,0.0,267738287.0,330885064.5582824,-0.04394761260560476,0.8091579695729674,0.1908420304270326,57,False,True,EXACT,100.0
2022-08-29,PATTERN_B_PROGRESSED_PREVIOUS_ET_ONLY_CANDIDATE_V01_battle_a_all_universe_P1,2022-08-29,63146777.558282375,0.0,259197724.0,322344501.5582824,-0.06862453677183289,0.8041015830795397,0.19589841692046034,57,False,True,EXACT,100.0
2022-08-30,PATTERN_B_PROGRESSED_PREVIOUS_ET_ONLY_CANDIDATE_V01_battle_a_all_universe_P1,2022-08-30,63146777.558282375,0.0,264992608.0,328139385.5582824,-0.051880920101586625,0.807561114765766,0.19243888523423403,57,False,True,EXACT,100.0
2022-08-31,PATTERN_B_PROGRESSED_PREVIOUS_ET_ONLY_CANDIDATE_V01_battle_a_all_universe_P1,2022-08-31,63146777.558282375,0.0,269086417.0,332233194.5582824,-0.040052353970287946,0.8099323649997148,0.19006763500028526,57,False,True,EXACT,100.0
2022-09-01,PATTERN_B_PROGRESSED_PREVIOUS_ET_ONLY_CANDIDATE_V01_battle_a_all_universe_P1,2022-09-01,53193618.08327363,119246610.44098261,155839255.0,328279483.5242562,-0.05147612396786805,0.4747151827064612,0.5252848172935388,39,False,True,EXACT,100.0
2022-09-02,PATTERN_B_PROGRESSED_PREVIOUS_ET_ONLY_CANDIDATE_V01_battle_a_all_universe_P1,2022-09-02,172440228.52425623,0.0,154987687.0,327427915.5242562,-0.05393662674249622,0.47334903241784937,0.5266509675821507,39,False,True,EXACT,100.0
2022-09-05,PATTERN_B_PROGRESSED_PREVIOUS_ET_ONLY_CANDIDATE_V01_battle_a_all_universe_P1,2022-09-05,172440228.52425623,0.0,153622484.0,326062712.5242562,-0.05788121574705096,0.47114397966793525,0.5288560203320647,39,False,True,EXACT,100.0
2022-09-06,PATTERN_B_PROGRESSED_PREVIOUS_ET_ONLY_CANDIDATE_V01_battle_a_all_universe_P1,2022-09-06,172440228.52425623,0.0,154656875.0,327097103.5242562,-0.05489246801868353,0.4728164001872039,0.527183599812796,39,False,True,EXACT,100.0
2022-09-07,PATTERN_B_PROGRESSED_PREVIOUS_ET_ONLY_CANDIDATE_V01_battle_a_all_universe_P1,2022-09-07,172440228.52425623,0.0,151753414.0,324193642.5242562,-0.0632816675265615,0.4680949719384018,0.5319050280615981,39,False,True,EXACT,100.0
2022-09-08,PATTERN_B_PROGRESSED_PREVIOUS_ET_ONLY_CANDIDATE_V01_battle_a_all_universe_P1,2022-09-08,172440228.52425623,0.0,151282267.0,323722495.5242562,-0.06464298981762662,0.46732083525738344,0.5326791647426166,39,False,True,EXACT,100.0
2022-09-13,PATTERN_B_PROGRESSED_PREVIOUS_ET_ONLY_CANDIDATE_V01_battle_a_all_universe_P1,2022-09-13,172440228.52425623,0.0,155023891.0,327464119.5242562,-0.05383201966184892,0.4734072582523562,0.5265927417476438,39,False,True,EXACT,100.0
2022-09-14,PATTERN_B_PROGRESSED_PREVIOUS_ET_ONLY_CANDIDATE_V01_battle_a_all_universe_P1,2022-09-14,172440228.52425623,0.0,153421395.0,325861623.5242562,-0.05846223809928497,0.47081762295516133,0.5291823770448386,39,False,True,EXACT,100.0
2022-09-15,PATTERN_B_PROGRESSED_PREVIOUS_ET_ONLY_CANDIDATE_V01_battle_a_all_universe_P1,2022-09-15,172440228.52425623,0.0,154621225.0,327061453.5242562,-0.05499547438331387,0.47275893668873653,0.5272410633112634,39,False,True,EXACT,100.0
2022-09-16,PATTERN_B_PROGRESSED_PREVIOUS_ET_ONLY_CANDIDATE_V01_battle_a_all_universe_P1,2022-09-16,172440228.52425623,0.0,152332832.0,324773060.5242562,-0.06160750927182501,0.4690439279480287,0.5309560720519713,39,False,True,EXACT,100.0
2022-09-19,PATTERN_B_PROGRESSED_PREVIOUS_ET_ONLY_CANDIDATE_V01_battle_a_all_universe_P1,2022-09-19,172440228.52425623,0.0,149088597.0,321528825.5242562,-0.07098133405040497,0.4636865660704275,0.5363134339295724,39,False,True,EXACT,100.0
2022-09-20,PATTERN_B_PROGRESSED_PREVIOUS_ET_ONLY_CANDIDATE_V01_battle_a_all_universe_P1,2022-09-20,172440228.52425623,0.0,150532875.0,322973103.5242562,-0.06680826739414913,0.4660848639016609,0.5339151360983391,39,False,True,EXACT,100.0
2022-09-21,PATTERN_B_PROGRESSED_PREVIOUS_ET_ONLY_CANDIDATE_V01_battle_a_all_universe_P1,2022-09-21,172440228.52425623,0.0,150036866.0,322477094.5242562,-0.06824142542819989,0.46526363747275223,0.5347363625272478,39,False,True,EXACT,100.0
2022-09-22,PATTERN_B_PROGRESSED_PREVIOUS_ET_ONLY_CANDIDATE_V01_battle_a_all_universe_P1,2022-09-22,172440228.52425623,0.0,147197462.0,319637690.5242562,-0.07644553997958081,0.4605134699808804,0.5394865300191196,39,False,True,EXACT,100.0
2022-09-23,PATTERN_B_PROGRESSED_PREVIOUS_ET_ONLY_CANDIDATE_V01_battle_a_all_universe_P1,2022-09-23,172440228.52425623,0.0,142120244.0,314560472.5242562,-0.09111554751437778,0.451805793841567,0.5481942061584331,39,False,True,EXACT,100.0
2022-09-26,PATTERN_B_PROGRESSED_PREVIOUS_ET_ONLY_CANDIDATE_V01_battle_a_all_universe_P1,2022-09-26,172440228.52425623,0.0,134541998.0,306982226.5242562,-0.11301197306091637,0.43827292388658584,0.5617270761134142,39,False,True,EXACT,100.0
2022-09-27,PATTERN_B_PROGRESSED_PREVIOUS_ET_ONLY_CANDIDATE_V01_battle_a_all_universe_P1,2022-09-27,172440228.52425623,0.0,135296975.0,307737203.5242562,-0.11083055830216493,0.43965101863069256,0.5603489813693074,39,False,True,EXACT,100.0
2022-09-28,PATTERN_B_PROGRESSED_PREVIOUS_ET_ONLY_CANDIDATE_V01_battle_a_all_universe_P1,2022-09-28,172440228.52425623,0.0,131452709.0,303892937.5242562,-0.12193810010670503,0.43256256651080505,0.567437433489195,39,False,True,EXACT,100.0
2022-09-29,PATTERN_B_PROGRESSED_PREVIOUS_ET_ONLY_CANDIDATE_V01_battle_a_all_universe_P1,2022-09-29,172440228.52425623,0.0,132111776.0,304552004.5242562,-0.12003380569666866,0.4337905317890557,0.5662094682109443,39,False,True,EXACT,100.0
2022-09-30,PATTERN_B_PROGRESSED_PREVIOUS_ET_ONLY_CANDIDATE_V01_battle_a_all_universe_P1,2022-09-30,172440228.52425623,0.0,133150684.0,305590912.5242562,-0.11703200664294267,0.4357154566545927,0.5642845433454072,39,False,True,EXACT,100.0
2022-10-04,PATTERN_B_PROGRESSED_PREVIOUS_ET_ONLY_CANDIDATE_V01_battle_a_all_universe_P1,2022-10-04,37525680.82322313,6687621.386298,267517744.0,311731046.2095211,-0.0992908327505676,0.858168434786555,0.141831565213445,65,False,True,EXACT,100.0
2022-10-05,PATTERN_B_PROGRESSED_PREVIOUS_ET_ONLY_CANDIDATE_V01_battle_a_all_universe_P1,2022-10-05,44213302.20952113,0.0,263851421.0,308064723.2095211,-0.1098842297713375,0.8564804767358879,0.14351952326411213,65,False,True,EXACT,100.0
2022-10-06,PATTERN_B_PROGRESSED_PREVIOUS_ET_ONLY_CANDIDATE_V01_battle_a_all_universe_P1,2022-10-06,44213302.20952113,0.0,271156173.0,315369475.2095211,-0.0887780320701903,0.8598047506653989,0.14019524933460115,65,False,True,EXACT,100.0
2022-10-07,PATTERN_B_PROGRESSED_PREVIOUS_ET_ONLY_CANDIDATE_V01_battle_a_all_universe_P1,2022-10-07,44213302.20952113,0.0,270924476.0,315137778.2095211,-0.08944749253767259,0.8597016756901622,0.1402983243098378,65,False,True,EXACT,100.0
2022-10-11,PATTERN_B_PROGRESSED_PREVIOUS_ET_ONLY_CANDIDATE_V01_battle_a_all_universe_P1,2022-10-11,44213302.20952113,0.0,256818763.0,301032065.2095211,-0.13020424475782233,0.8531275989527951,0.14687240104720492,65,False,True,EXACT,100.0
2022-10-12,PATTERN_B_PROGRESSED_PREVIOUS_ET_ONLY_CANDIDATE_V01_battle_a_all_universe_P1,2022-10-12,44213302.20952113,0.0,258584380.0,302797682.2095211,-0.12510270791351785,0.8539840137252844,0.1460159862747156,65,False,True,EXACT,100.0
2022-10-13,PATTERN_B_PROGRESSED_PREVIOUS_ET_ONLY_CANDIDATE_V01_battle_a_all_universe_P1,2022-10-13,44213302.20952113,0.0,245782642.0,289995944.2095211,-0.16209178203215868,0.8475382049564902,0.15246179504350987,65,False,True,EXACT,100.0
2022-10-14,PATTERN_B_PROGRESSED_PREVIOUS_ET_ONLY_CANDIDATE_V01_battle_a_all_universe_P1,2022-10-14,44213302.20952113,0.0,256673270.0,300886572.2095211,-0.13062462919005668,0.8530565791459336,0.1469434208540665,65,False,True,EXACT,100.0
2022-10-17,PATTERN_B_PROGRESSED_PREVIOUS_ET_ONLY_CANDIDATE_V01_battle_a_all_universe_P1,2022-10-17,44213302.20952113,0.0,259268342.0,303481644.2095211,-0.1231264824109859,0.8543130925605615,0.14568690743943857,65,False,True,EXACT,100.0
2022-10-18,PATTERN_B_PROGRESSED_PREVIOUS_ET_ONLY_CANDIDATE_V01_battle_a_all_universe_P1,2022-10-18,44213302.20952113,0.0,266889743.0,311103045.2095211,-0.1011053657097315,0.8578821297626823,0.14211787023731778,65,False,True,EXACT,100.0
2022-10-19,PATTERN_B_PROGRESSED_PREVIOUS_ET_ONLY_CANDIDATE_V01_battle_a_all_universe_P1,2022-10-19,44213302.20952113,0.0,266614630.0,310827932.2095211,-0.10190027145987268,0.8577563416027937,0.14224365839720635,65,False,True,EXACT,100.0
2022-10-20,PATTERN_B_PROGRESSED_PREVIOUS_ET_ONLY_CANDIDATE_V01_battle_a_all_universe_P1,2022-10-20,44213302.20952113,0.0,265121893.0,309335195.2095211,-0.10621335453754832,0.8570699264285971,0.1429300735714029,65,False,True,EXACT,100.0
2022-10-21,PATTERN_B_PROGRESSED_PREVIOUS_ET_ONLY_CANDIDATE_V01_battle_a_all_universe_P1,2022-10-21,44213302.20952113,0.0,261308821.0,305522123.2095211,-0.1172307650506923,0.8552860861758267,0.14471391382417342,65,False,True,EXACT,100.0
2022-10-24,PATTERN_B_PROGRESSED_PREVIOUS_ET_ONLY_CANDIDATE_V01_battle_a_all_universe_P1,2022-10-24,44213302.20952113,0.0,266101093.0,310314395.2095211,-0.10338407453064824,0.8575209436234218,0.1424790563765782,65,False,True,EXACT,100.0
2022-10-25,PATTERN_B_PROGRESSED_PREVIOUS_ET_ONLY_CANDIDATE_V01_battle_a_all_universe_P1,2022-10-25,44213302.20952113,0.0,265920594.0,310133896.2095211,-0.10390560456737774,0.8574380203199351,0.14256197968006498,65,False,True,EXACT,100.0
2022-10-26,PATTERN_B_PROGRESSED_PREVIOUS_ET_ONLY_CANDIDATE_V01_battle_a_all_universe_P1,2022-10-26,44213302.20952113,0.0,263997260.0,308210562.2095211,-0.10946284561393727,0.8565483872695285,0.14345161273047155,65,False,True,EXACT,100.0
2022-10-27,PATTERN_B_PROGRESSED_PREVIOUS_ET_ONLY_CANDIDATE_V01_battle_a_all_universe_P1,2022-10-27,44213302.20952113,0.0,268748401.0,312961703.2095211,-0.09573499814532693,0.858726158005597,0.141273841994403,65,False,True,EXACT,100.0
2022-10-28,PATTERN_B_PROGRESSED_PREVIOUS_ET_ONLY_CANDIDATE_V01_battle_a_all_universe_P1,2022-10-28,44213302.20952113,0.0,263336789.0,307550091.2095211,-0.11137119671221885,0.8562403215826054,0.1437596784173946,65,False,True,EXACT,100.0
2022-10-31,PATTERN_B_PROGRESSED_PREVIOUS_ET_ONLY_CANDIDATE_V01_battle_a_all_universe_P1,2022-10-31,44213302.20952113,0.0,265379981.0,309593283.2095211,-0.10546764046644863,0.8571890780343603,0.14281092196563977,65,False,True,EXACT,100.0
2022-11-01,PATTERN_B_PROGRESSED_PREVIOUS_ET_ONLY_CANDIDATE_V01_battle_a_all_universe_P1,2022-11-01,24221039.52487688,39176947.52925705,249286049.0,312684036.05413395,-0.09653728381864157,0.7972458464647743,0.20275415353522575,62,False,True,EXACT,100.0
2022-11-02,PATTERN_B_PROGRESSED_PREVIOUS_ET_ONLY_CANDIDATE_V01_battle_a_all_universe_P1,2022-11-02,63397987.05413394,0.0,251736195.0,315134182.05413395,-0.08945788319385994,0.7988222456831312,0.2011777543168687,62,False,True,EXACT,100.0
2022-11-03,PATTERN_B_PROGRESSED_PREVIOUS_ET_ONLY_CANDIDATE_V01_battle_a_all_universe_P1,2022-11-03,63397987.05413394,0.0,249990082.0,313388069.05413395,-0.09450306558835375,0.7977013380072784,0.2022986619927216,62,False,True,EXACT,100.0
2022-11-04,PATTERN_B_PROGRESSED_PREVIOUS_ET_ONLY_CANDIDATE_V01_battle_a_all_universe_P1,2022-11-04,63397987.05413394,0.0,249597988.0,312995975.05413395,-0.09563597379405786,0.7974479159255354,0.2025520840744645,62,False,True,EXACT,100.0
2022-11-07,PATTERN_B_PROGRESSED_PREVIOUS_ET_ONLY_CANDIDATE_V01_battle_a_all_universe_P1,2022-11-07,63397987.05413394,0.0,254421495.0,317819482.05413395,-0.08169903351807484,0.8005220238722326,0.1994779761277674,62,False,True,EXACT,100.0
2022-11-08,PATTERN_B_PROGRESSED_PREVIOUS_ET_ONLY_CANDIDATE_V01_battle_a_all_universe_P1,2022-11-08,63397987.05413394,0.0,258788012.0,322185999.05413395,-0.06908251059335124,0.8032255056388041,0.19677449436119587,62,False,True,EXACT,100.0
2022-11-09,PATTERN_B_PROGRESSED_PREVIOUS_ET_ONLY_CANDIDATE_V01_battle_a_all_universe_P1,2022-11-09,63397987.05413394,0.0,258901029.0,322299016.05413395,-0.0687559616365091,0.8032945063552862,0.19670549364471374,62,False,True,EXACT,100.0
2022-11-10,PATTERN_B_PROGRESSED_PREVIOUS_ET_ONLY_CANDIDATE_V01_battle_a_all_universe_P1,2022-11-10,63397987.05413394,0.0,257299528.0,320697515.05413395,-0.07338330514174851,0.8023121973881453,0.1976878026118547,62,False,True,EXACT,100.0
2022-11-11,PATTERN_B_PROGRESSED_PREVIOUS_ET_ONLY_CANDIDATE_V01_battle_a_all_universe_P1,2022-11-11,63397987.05413394,0.0,263393426.0,326791413.05413395,-0.05577572367168282,0.8059986140344763,0.19400138596552374,62,False,True,EXACT,100.0
2022-11-14,PATTERN_B_PROGRESSED_PREVIOUS_ET_ONLY_CANDIDATE_V01_battle_a_all_universe_P1,2022-11-14,63397987.05413394,0.0,264732501.0,328130488.05413395,-0.05190662836404414,0.8067903186013159,0.19320968139868408,62,False,True,EXACT,100.0
2022-11-15,PATTERN_B_PROGRESSED_PREVIOUS_ET_ONLY_CANDIDATE_V01_battle_a_all_universe_P1,2022-11-15,63397987.05413394,0.0,272196885.0,335594872.05413395,-0.03033919329968049,0.8110877360369577,0.18891226396304223,62,False,True,EXACT,100.0
2022-11-16,PATTERN_B_PROGRESSED_PREVIOUS_ET_ONLY_CANDIDATE_V01_battle_a_all_universe_P1,2022-11-16,63397987.05413394,0.0,272690393.0,336088380.05413395,-0.028913261602738882,0.8113651324573542,0.18863486754264575,62,False,True,EXACT,100.0
2022-11-17,PATTERN_B_PROGRESSED_PREVIOUS_ET_ONLY_CANDIDATE_V01_battle_a_all_universe_P1,2022-11-17,63397987.05413394,0.0,270689591.0,334087578.05413395,-0.03469433706879865,0.810235425622855,0.189764574377145,62,False,True,EXACT,100.0
2022-11-18,PATTERN_B_PROGRESSED_PREVIOUS_ET_ONLY_CANDIDATE_V01_battle_a_all_universe_P1,2022-11-18,63397987.05413394,0.0,268607501.0,332005488.05413395,-0.040710284382490025,0.8090453642025435,0.19095463579745647,62,False,True,EXACT,100.0
2022-11-21,PATTERN_B_PROGRESSED_PREVIOUS_ET_ONLY_CANDIDATE_V01_battle_a_all_universe_P1,2022-11-21,63397987.05413394,0.0,263418056.0,326816043.05413395,-0.055704558264646487,0.8060132346574165,0.19398676534258347,62,False,True,EXACT,100.0
2022-11-22,PATTERN_B_PROGRESSED_PREVIOUS_ET_ONLY_CANDIDATE_V01_battle_a_all_universe_P1,2022-11-22,63397987.05413394,0.0,262283350.0,325681337.05413395,-0.05898315405662924,0.805337365574632,0.19466263442536802,62,False,True,EXACT,100.0
2022-11-23,PATTERN_B_PROGRESSED_PREVIOUS_ET_ONLY_CANDIDATE_V01_battle_a_all_universe_P1,2022-11-23,63397987.05413394,0.0,266816936.0,330214923.05413395,-0.04588390545638199,0.8080099273898025,0.19199007261019743,62,False,True,EXACT,100.0
2022-11-24,PATTERN_B_PROGRESSED_PREVIOUS_ET_ONLY_CANDIDATE_V01_battle_a_all_universe_P1,2022-11-24,63397987.05413394,0.0,272611707.0,336009694.05413395,-0.029140615285973115,0.8113209583652071,0.18867904163479282,62,False,True,EXACT,100.0
2022-11-25,PATTERN_B_PROGRESSED_PREVIOUS_ET_ONLY_CANDIDATE_V01_battle_a_all_universe_P1,2022-11-25,63397987.05413394,0.0,268611456.0,332009443.05413395,-0.04069885688818109,0.8090476389137011,0.19095236108629876,62,False,True,EXACT,100.0
2022-11-28,PATTERN_B_PROGRESSED_PREVIOUS_ET_ONLY_CANDIDATE_V01_battle_a_all_universe_P1,2022-11-28,63397987.05413394,0.0,263060890.0,326458877.05413395,-0.056736546237424745,0.8058010012586633,0.19419899874133664,62,False,True,EXACT,100.0
2022-11-29,PATTERN_B_PROGRESSED_PREVIOUS_ET_ONLY_CANDIDATE_V01_battle_a_all_universe_P1,2022-11-29,63397987.05413394,0.0,266161050.0,329559037.05413395,-0.04777900875152674,0.8076278301428582,0.19237216985714178,62,False,True,EXACT,100.0
2022-11-30,PATTERN_B_PROGRESSED_PREVIOUS_ET_ONLY_CANDIDATE_V01_battle_a_all_universe_P1,2022-11-30,63397987.05413394,0.0,268954611.0,332352598.05413395,-0.03970735200586106,0.809244797768039,0.1907552022319609,62,False,True,EXACT,100.0
2022-12-01,PATTERN_B_PROGRESSED_PREVIOUS_ET_ONLY_CANDIDATE_V01_battle_a_all_universe_P1,2022-12-01,63397987.05413394,73659250.40985674,201276374.0,338333611.4639907,-0.022425936910365762,0.5949050498679825,0.40509495013201746,50,False,True,EXACT,100.0
2022-12-02,PATTERN_B_PROGRESSED_PREVIOUS_ET_ONLY_CANDIDATE_V01_battle_a_all_universe_P1,2022-12-02,137057237.4639907,0.0,201132729.0,338189966.4639907,-0.022840981770038127,0.5947329872112451,0.4052670127887549,50,False,True,EXACT,100.0
2022-12-05,PATTERN_B_PROGRESSED_PREVIOUS_ET_ONLY_CANDIDATE_V01_battle_a_all_universe_P1,2022-12-05,137057237.4639907,0.0,200341718.0,337398955.4639907,-0.025126512414991198,0.593782863745059,0.40621713625494105,50,False,True,EXACT,100.0
2022-12-06,PATTERN_B_PROGRESSED_PREVIOUS_ET_ONLY_CANDIDATE_V01_battle_a_all_universe_P1,2022-12-06,137057237.4639907,0.0,197461725.0,334518962.4639907,-0.033447903974337834,0.5902855956073216,0.4097144043926784,50,False,True,EXACT,100.0
2022-12-07,PATTERN_B_PROGRESSED_PREVIOUS_ET_ONLY_CANDIDATE_V01_battle_a_all_universe_P1,2022-12-07,137057237.4639907,0.0,195967045.0,333024282.4639907,-0.03776660111558927,0.588446714906411,0.41155328509358907,50,False,True,EXACT,100.0
2022-12-08,PATTERN_B_PROGRESSED_PREVIOUS_ET_ONLY_CANDIDATE_V01_battle_a_all_universe_P1,2022-12-08,137057237.4639907,0.0,192656226.0,329713463.4639907,-0.04733281231163189,0.5843141010256039,0.4156858989743962,50,False,True,EXACT,100.0
2022-12-09,PATTERN_B_PROGRESSED_PREVIOUS_ET_ONLY_CANDIDATE_V01_battle_a_all_universe_P1,2022-12-09,137057237.4639907,0.0,196098117.0,333155354.4639907,-0.03738788441924079,0.5886086306957297,0.41139136930427034,50,False,True,EXACT,100.0
2022-12-12,PATTERN_B_PROGRESSED_PREVIOUS_ET_ONLY_CANDIDATE_V01_battle_a_all_universe_P1,2022-12-12,137057237.4639907,0.0,196092758.0,333149995.4639907,-0.03740336860179494,0.588602013116927,0.41139798688307305,50,False,True,EXACT,100.0
2022-12-13,PATTERN_B_PROGRESSED_PREVIOUS_ET_ONLY_CANDIDATE_V01_battle_a_all_universe_P1,2022-12-13,137057237.4639907,0.0,195501029.0,332558266.4639907,-0.039113098002533264,0.5878700026876909,0.4121299973123092,50,False,True,EXACT,100.0
2022-12-14,PATTERN_B_PROGRESSED_PREVIOUS_ET_ONLY_CANDIDATE_V01_battle_a_all_universe_P1,2022-12-14,137057237.4639907,0.0,198608135.0,335665372.4639907,-0.030135490889462102,0.5916849079250979,0.4083150920749022,50,False,True,EXACT,100.0
2022-12-15,PATTERN_B_PROGRESSED_PREVIOUS_ET_ONLY_CANDIDATE_V01_battle_a_all_universe_P1,2022-12-15,137057237.4639907,0.0,198042832.0,335100069.4639907,-0.03176886555831482,0.5909960935453681,0.40900390645463186,50,False,True,EXACT,100.0
2022-12-16,PATTERN_B_PROGRESSED_PREVIOUS_ET_ONLY_CANDIDATE_V01_battle_a_all_universe_P1,2022-12-16,137057237.4639907,0.0,196797125.0,333854362.4639907,-0.0353681853188903,0.5894699819033409,0.4105300180966591,50,False,True,EXACT,100.0
2022-12-19,PATTERN_B_PROGRESSED_PREVIOUS_ET_ONLY_CANDIDATE_V01_battle_a_all_universe_P1,2022-12-19,137057237.4639907,0.0,195879228.0,332936465.4639907,-0.03802033771931268,0.5883381615378676,0.4116618384621325,50,False,True,EXACT,100.0
2022-12-20,PATTERN_B_PROGRESSED_PREVIOUS_ET_ONLY_CANDIDATE_V01_battle_a_all_universe_P1,2022-12-20,137057237.4639907,0.0,191002311.0,328059548.4639907,-0.052111599732600156,0.5822184170352392,0.4177815829647608,50,False,True,EXACT,100.0
2022-12-21,PATTERN_B_PROGRESSED_PREVIOUS_ET_ONLY_CANDIDATE_V01_battle_a_all_universe_P1,2022-12-21,137057237.4639907,0.0,190622298.0,327679535.4639907,-0.053209601349493596,0.5817339118540952,0.4182660881459049,50,False,True,EXACT,100.0
2022-12-22,PATTERN_B_PROGRESSED_PREVIOUS_ET_ONLY_CANDIDATE_V01_battle_a_all_universe_P1,2022-12-22,137057237.4639907,0.0,192120579.0,329177816.4639907,-0.04888049955413187,0.5836376857461061,0.41636231425389386,50,False,True,EXACT,100.0
2022-12-23,PATTERN_B_PROGRESSED_PREVIOUS_ET_ONLY_CANDIDATE_V01_battle_a_all_universe_P1,2022-12-23,137057237.4639907,0.0,187388241.0,324445478.4639907,-0.06255401802767513,0.577564655507436,0.4224353444925641,50,False,True,EXACT,100.0
2022-12-26,PATTERN_B_PROGRESSED_PREVIOUS_ET_ONLY_CANDIDATE_V01_battle_a_all_universe_P1,2022-12-26,137057237.4639907,0.0,186088637.0,323145874.4639907,-0.06630906665317282,0.5758657365150318,0.4241342634849682,50,False,True,EXACT,100.0
2022-12-27,PATTERN_B_PROGRESSED_PREVIOUS_ET_ONLY_CANDIDATE_V01_battle_a_all_universe_P1,2022-12-27,137057237.4639907,0.0,188307924.0,325365161.4639907,-0.05989670519619439,0.5787587188274941,0.4212412811725059,50,False,True,EXACT,100.0
2022-12-28,PATTERN_B_PROGRESSED_PREVIOUS_ET_ONLY_CANDIDATE_V01_battle_a_all_universe_P1,2022-12-28,137057237.4639907,0.0,186233629.0,323290866.4639907,-0.06589012979986353,0.5760559555453553,0.42394404445464473,50,False,True,EXACT,100.0
2022-12-29,PATTERN_B_PROGRESSED_PREVIOUS_ET_ONLY_CANDIDATE_V01_battle_a_all_universe_P1,2022-12-29,137057237.4639907,0.0,182317780.0,319375017.4639907,-0.07720450202794737,0.5708579883539457,0.4291420116460543,50,False,True,EXACT,100.0
2023-01-02,PATTERN_B_PROGRESSED_PREVIOUS_ET_ONLY_CANDIDATE_V01_battle_a_all_universe_P1,2023-01-02,137057237.4639907,0.0,179171891.0,316229128.4639907,-0.08629416793034406,0.5665888271276138,0.4334111728723862,50,False,True,EXACT,100.0
2023-01-03,PATTERN_B_PROGRESSED_PREVIOUS_ET_ONLY_CANDIDATE_V01_battle_a_all_universe_P1,2023-01-03,137057237.4639907,0.0,181091750.0,318148987.4639907,-0.0807469674761293,0.5692042317767761,0.43079576822322385,50,False,True,EXACT,100.0
2023-01-04,PATTERN_B_PROGRESSED_PREVIOUS_ET_ONLY_CANDIDATE_V01_battle_a_all_universe_P1,2023-01-04,137057237.4639907,0.0,183518082.0,320575319.4639907,-0.07373637452504478,0.5724647870798241,0.427535212920176,50,False,True,EXACT,100.0
2023-01-05,PATTERN_B_PROGRESSED_PREVIOUS_ET_ONLY_CANDIDATE_V01_battle_a_all_universe_P1,2023-01-05,137057237.4639907,0.0,186429220.0,323486457.4639907,-0.06532499325387742,0.5763122866457326,0.42368771335426736,50,False,True,EXACT,100.0
2023-01-06,PATTERN_B_PROGRESSED_PREVIOUS_ET_ONLY_CANDIDATE_V01_battle_a_all_universe_P1,2023-01-06,137057237.4639907,0.0,189215248.0,326272485.4639907,-0.05727510220091192,0.5799301394689099,0.4200698605310901,50,False,True,EXACT,100.0
2023-01-09,PATTERN_B_PROGRESSED_PREVIOUS_ET_ONLY_CANDIDATE_V01_battle_a_all_universe_P1,2023-01-09,137057237.4639907,0.0,192696054.0,329753291.4639907,-0.04721773412115515,0.5843643080695149,0.41563569193048505,50,False,True,EXACT,100.0
2023-01-10,PATTERN_B_PROGRESSED_PREVIOUS_ET_ONLY_CANDIDATE_V01_battle_a_all_universe_P1,2023-01-10,137057237.4639907,0.0,193769900.0,330827137.4639907,-0.04411498594071228,0.5857134377952629,0.4142865622047371,50,False,True,EXACT,100.0
2023-01-11,PATTERN_B_PROGRESSED_PREVIOUS_ET_ONLY_CANDIDATE_V01_battle_a_all_universe_P1,2023-01-11,137057237.4639907,0.0,195465649.0,332522886.4639907,-0.03921532423480867,0.5878261525952657,0.4121738474047343,50,False,True,EXACT,100.0
2023-01-12,PATTERN_B_PROGRESSED_PREVIOUS_ET_ONLY_CANDIDATE_V01_battle_a_all_universe_P1,2023-01-12,137057237.4639907,0.0,196742997.0,333800234.4639907,-0.03552458163038286,0.589403411642073,0.41059658835792695,50,False,True,EXACT,100.0
2023-01-13,PATTERN_B_PROGRESSED_PREVIOUS_ET_ONLY_CANDIDATE_V01_battle_a_all_universe_P1,2023-01-13,137057237.4639907,0.0,198461977.0,335519214.4639907,-0.030557796758792666,0.5915070387758665,0.40849296122413353,50,False,True,EXACT,100.0
2023-01-16,PATTERN_B_PROGRESSED_PREVIOUS_ET_ONLY_CANDIDATE_V01_battle_a_all_universe_P1,2023-01-16,137057237.4639907,0.0,200668662.0,337725899.4639907,-0.024181847257131794,0.5941761123990903,0.4058238876009097,50,False,True,EXACT,100.0
2023-01-17,PATTERN_B_PROGRESSED_PREVIOUS_ET_ONLY_CANDIDATE_V01_battle_a_all_universe_P1,2023-01-17,137057237.4639907,0.0,199119099.0,336176336.4639907,-0.028659122191090236,0.5923055176768175,0.40769448232318245,50,False,True,EXACT,100.0
2023-01-18,PATTERN_B_PROGRESSED_PREVIOUS_ET_ONLY_CANDIDATE_V01_battle_a_all_universe_P1,2023-01-18,137057237.4639907,0.0,199937294.0,336994531.4639907,-0.0262950466648999,0.5932953663414688,0.40670463365853116,50,False,True,EXACT,100.0
2023-01-19,PATTERN_B_PROGRESSED_PREVIOUS_ET_ONLY_CANDIDATE_V01_battle_a_all_universe_P1,2023-01-19,137057237.4639907,0.0,199219474.0,336276711.4639907,-0.028369100764729316,0.592427210117204,0.407572789882796,50,False,True,EXACT,100.0
2023-01-20,PATTERN_B_PROGRESSED_PREVIOUS_ET_ONLY_CANDIDATE_V01_battle_a_all_universe_P1,2023-01-20,137057237.4639907,0.0,200789378.0,337846615.4639907,-0.023833052970660185,0.5943211173633944,0.40567888263660556,50,False,True,EXACT,100.0
2023-01-25,PATTERN_B_PROGRESSED_PREVIOUS_ET_ONLY_CANDIDATE_V01_battle_a_all_universe_P1,2023-01-25,137057237.4639907,0.0,202679449.0,339736686.4639907,-0.018371921340838315,0.5965780472798081,0.4034219527201918,50,False,True,EXACT,100.0
2023-01-26,PATTERN_B_PROGRESSED_PREVIOUS_ET_ONLY_CANDIDATE_V01_battle_a_all_universe_P1,2023-01-26,137057237.4639907,0.0,203914551.0,340971788.4639907,-0.014803243445533631,0.598039362489765,0.401960637510235,50,False,True,EXACT,100.0
2023-01-27,PATTERN_B_PROGRESSED_PREVIOUS_ET_ONLY_CANDIDATE_V01_battle_a_all_universe_P1,2023-01-27,137057237.4639907,0.0,205094041.0,342151278.4639907,-0.011395249700294041,0.5994250318769009,0.4005749681230991,50,False,True,EXACT,100.0
2023-01-30,PATTERN_B_PROGRESSED_PREVIOUS_ET_ONLY_CANDIDATE_V01_battle_a_all_universe_P1,2023-01-30,137057237.4639907,0.0,205820217.0,342877454.4639907,-0.009297051948771728,0.6002734047409216,0.3997265952590784,50,False,True,EXACT,100.0
2023-01-31,PATTERN_B_PROGRESSED_PREVIOUS_ET_ONLY_CANDIDATE_V01_battle_a_all_universe_P1,2023-01-31,137057237.4639907,0.0,206516328.0,343573565.4639907,-0.0072857233796508325,0.6010832868387385,0.39891671316126154,50,False,True,EXACT,100.0
2023-02-01,PATTERN_B_PROGRESSED_PREVIOUS_ET_ONLY_CANDIDATE_V01_battle_a_all_universe_P1,2023-02-01,112085701.44736348,48709032.44401575,183429742.0,344224475.89137924,-0.005404996399980377,0.53287826650038,0.46712173349962005,47,False,True,EXACT,100.0
2023-02-02,PATTERN_B_PROGRESSED_PREVIOUS_ET_ONLY_CANDIDATE_V01_battle_a_all_universe_P1,2023-02-02,160794733.89137924,0.0,186180300.0,346975033.89137924,0.0,0.5365812574811474,0.4634187425188526,47,False,True,EXACT,100.0
2023-02-03,PATTERN_B_PROGRESSED_PREVIOUS_ET_ONLY_CANDIDATE_V01_battle_a_all_universe_P1,2023-02-03,160794733.89137924,0.0,187189528.0,347984261.89137924,0.0,0.5379252699032402,0.4620747300967598,47,False,True,EXACT,100.0
2023-02-06,PATTERN_B_PROGRESSED_PREVIOUS_ET_ONLY_CANDIDATE_V01_battle_a_all_universe_P1,2023-02-06,160794733.89137924,0.0,186580978.0,347375711.89137924,-0.0017487859844361742,0.5371157844747129,0.46288421552528713,47,False,True,EXACT,100.0
2023-02-07,PATTERN_B_PROGRESSED_PREVIOUS_ET_ONLY_CANDIDATE_V01_battle_a_all_universe_P1,2023-02-07,160794733.89137924,0.0,189086846.0,349881579.89137924,0.0,0.540430982559019,0.45956901744098094,47,False,True,EXACT,100.0
2023-02-08,PATTERN_B_PROGRESSED_PREVIOUS_ET_ONLY_CANDIDATE_V01_battle_a_all_universe_P1,2023-02-08,160794733.89137924,0.0,191309958.0,352104691.89137924,0.0,0.5433326008021989,0.4566673991978011,47,False,True,EXACT,100.0
2023-02-09,PATTERN_B_PROGRESSED_PREVIOUS_ET_ONLY_CANDIDATE_V01_battle_a_all_universe_P1,2023-02-09,160794733.89137924,0.0,193152000.0,353946733.89137924,0.0,0.5457092310937254,0.4542907689062746,47,False,True,EXACT,100.0
2023-02-10,PATTERN_B_PROGRESSED_PREVIOUS_ET_ONLY_CANDIDATE_V01_battle_a_all_universe_P1,2023-02-10,160794733.89137924,0.0,189025459.0,349820192.89137924,-0.011658649748315986,0.5403503366619355,0.45964966333806445,47,False,True,EXACT,100.0
2023-02-13,PATTERN_B_PROGRESSED_PREVIOUS_ET_ONLY_CANDIDATE_V01_battle_a_all_universe_P1,2023-02-13,160794733.89137924,0.0,189195049.0,349989782.89137924,-0.011179509855893555,0.5405730631248669,0.45942693687513314,47,False,True,EXACT,100.0
2023-02-14,PATTERN_B_PROGRESSED_PREVIOUS_ET_ONLY_CANDIDATE_V01_battle_a_all_universe_P1,2023-02-14,160794733.89137924,0.0,190469263.0,351263996.89137924,-0.007579493587934305,0.542239639375562,0.45776036062443803,47,False,True,EXACT,100.0
2023-02-15,PATTERN_B_PROGRESSED_PREVIOUS_ET_ONLY_CANDIDATE_V01_battle_a_all_universe_P1,2023-02-15,160794733.89137924,0.0,187888011.0,348682744.89137924,-0.014872263241777595,0.5388509002891164,0.46114909971088364,47,False,True,EXACT,100.0
2023-02-16,PATTERN_B_PROGRESSED_PREVIOUS_ET_ONLY_CANDIDATE_V01_battle_a_all_universe_P1,2023-02-16,160794733.89137924,0.0,193433956.0,354228689.89137924,0.0,0.5460708336733386,0.45392916632666136,47,False,True,EXACT,100.0
2023-02-17,PATTERN_B_PROGRESSED_PREVIOUS_ET_ONLY_CANDIDATE_V01_battle_a_all_universe_P1,2023-02-17,160794733.89137924,0.0,193251324.0,354046057.89137924,-0.0005155765334987628,0.5458366777219963,0.4541633222780037,47,False,True,EXACT,100.0
2023-02-20,PATTERN_B_PROGRESSED_PREVIOUS_ET_ONLY_CANDIDATE_V01_battle_a_all_universe_P1,2023-02-20,160794733.89137924,0.0,195548211.0,356342944.89137924,0.0,0.548764087526995,0.451235912473005,47,False,True,EXACT,100.0
2023-02-21,PATTERN_B_PROGRESSED_PREVIOUS_ET_ONLY_CANDIDATE_V01_battle_a_all_universe_P1,2023-02-21,160794733.89137924,0.0,195066365.0,355861098.89137924,-0.0013521973899240924,0.5481531013299681,0.4518468986700319,47,False,True,EXACT,100.0
2023-02-22,PATTERN_B_PROGRESSED_PREVIOUS_ET_ONLY_CANDIDATE_V01_battle_a_all_universe_P1,2023-02-22,160794733.89137924,0.0,192907866.0,353702599.89137924,-0.007409561597479741,0.5453956687319835,0.4546043312680164,47,False,True,EXACT,100.0
2023-02-23,PATTERN_B_PROGRESSED_PREVIOUS_ET_ONLY_CANDIDATE_V01_battle_a_all_universe_P1,2023-02-23,160794733.89137924,0.0,193290879.0,354085612.89137924,-0.006334717811483759,0.545887412430097,0.454112587569903,47,False,True,EXACT,100.0
2023-02-24,PATTERN_B_PROGRESSED_PREVIOUS_ET_ONLY_CANDIDATE_V01_battle_a_all_universe_P1,2023-02-24,160794733.89137924,0.0,192290656.0,353085389.89137924,-0.009141629002906049,0.5446009988098204,0.45539900119017956,47,False,True,EXACT,100.0
2023-02-27,PATTERN_B_PROGRESSED_PREVIOUS_ET_ONLY_CANDIDATE_V01_battle_a_all_universe_P1,2023-02-27,160794733.89137924,0.0,189734130.0,350528863.89137924,-0.016315970565299875,0.541279619297754,0.45872038070224597,47,False,True,EXACT,100.0
2023-02-28,PATTERN_B_PROGRESSED_PREVIOUS_ET_ONLY_CANDIDATE_V01_battle_a_all_universe_P1,2023-02-28,160794733.89137924,0.0,189803269.0,350598002.89137924,-0.016121946799735776,0.5413700803618212,0.4586299196381788,47,False,True,EXACT,100.0
2023-03-02,PATTERN_B_PROGRESSED_PREVIOUS_ET_ONLY_CANDIDATE_V01_battle_a_all_universe_P1,2023-03-02,140799152.39398775,35315231.035632744,175031869.0,351146252.4296205,-0.014583402130615486,0.4984585989140843,0.5015414010859157,46,False,True,EXACT,100.0
2023-03-03,PATTERN_B_PROGRESSED_PREVIOUS_ET_ONLY_CANDIDATE_V01_battle_a_all_universe_P1,2023-03-03,176114383.4296205,0.0,176108253.0,352222636.4296205,-0.011562761437622138,0.4999912975076181,0.5000087024923818,46,False,True,EXACT,100.0
2023-03-06,PATTERN_B_PROGRESSED_PREVIOUS_ET_ONLY_CANDIDATE_V01_battle_a_all_universe_P1,2023-03-06,176114383.4296205,0.0,176669601.0,352783984.4296205,-0.009987458746639644,0.5007869086960922,0.49921309130390773,46,False,True,EXACT,100.0
2023-03-07,PATTERN_B_PROGRESSED_PREVIOUS_ET_ONLY_CANDIDATE_V01_battle_a_all_universe_P1,2023-03-07,176114383.4296205,0.0,177473568.0,353587951.4296205,-0.007731297900674061,0.5019219893733428,0.4980780106266573,46,False,True,EXACT,100.0
2023-03-08,PATTERN_B_PROGRESSED_PREVIOUS_ET_ONLY_CANDIDATE_V01_battle_a_all_universe_P1,2023-03-08,176114383.4296205,0.0,175569100.0,351683483.4296205,-0.013075778624378365,0.49922475257537985,0.5007752474246201,46,False,True,EXACT,100.0
2023-03-09,PATTERN_B_PROGRESSED_PREVIOUS_ET_ONLY_CANDIDATE_V01_battle_a_all_universe_P1,2023-03-09,176114383.4296205,0.0,174826602.0,350940985.4296205,-0.015159439913719486,0.49816524503679155,0.5018347549632084,46,False,True,EXACT,100.0
2023-03-10,PATTERN_B_PROGRESSED_PREVIOUS_ET_ONLY_CANDIDATE_V01_battle_a_all_universe_P1,2023-03-10,176114383.4296205,0.0,171091516.0,347205899.4296205,-0.025641157185092855,0.4927667308679491,0.5072332691320509,46,False,True,EXACT,100.0
2023-03-13,PATTERN_B_PROGRESSED_PREVIOUS_ET_ONLY_CANDIDATE_V01_battle_a_all_universe_P1,2023-03-13,176114383.4296205,0.0,169327924.0,345442307.4296205,-0.03059029964822646,0.4901771449477086,0.5098228550522914,46,False,True,EXACT,100.0
2023-03-14,PATTERN_B_PROGRESSED_PREVIOUS_ET_ONLY_CANDIDATE_V01_battle_a_all_universe_P1,2023-03-14,176114383.4296205,0.0,162800344.0,338914727.4296205,-0.04890855203284916,0.4803578328823357,0.5196421671176643,46,False,True,EXACT,100.0
2023-03-15,PATTERN_B_PROGRESSED_PREVIOUS_ET_ONLY_CANDIDATE_V01_battle_a_all_universe_P1,2023-03-15,176114383.4296205,0.0,165589060.0,341703443.4296205,-0.04108261906580235,0.4845987454443251,0.515401254555675,46,False,True,EXACT,100.0
2023-03-16,PATTERN_B_PROGRESSED_PREVIOUS_ET_ONLY_CANDIDATE_V01_battle_a_all_universe_P1,2023-03-16,176114383.4296205,0.0,164564542.0,340678925.4296205,-0.04395770896076934,0.483048787923915,0.5169512120760851,46,False,True,EXACT,100.0
2023-03-17,PATTERN_B_PROGRESSED_PREVIOUS_ET_ONLY_CANDIDATE_V01_battle_a_all_universe_P1,2023-03-17,176114383.4296205,0.0,168964296.0,345078679.4296205,-0.03161074359194149,0.4896399171321757,0.5103600828678243,46,False,True,EXACT,100.0
2023-03-20,PATTERN_B_PROGRESSED_PREVIOUS_ET_ONLY_CANDIDATE_V01_battle_a_all_universe_P1,2023-03-20,176114383.4296205,0.0,169476938.0,345591321.4296205,-0.03017212383715373,0.49039697321946174,0.5096030267805383,46,False,True,EXACT,100.0
2023-03-21,PATTERN_B_PROGRESSED_PREVIOUS_ET_ONLY_CANDIDATE_V01_battle_a_all_universe_P1,2023-03-21,176114383.4296205,0.0,168122810.0,344237193.4296205,-0.03397219345944624,0.48839234460692527,0.5116076553930747,46,False,True,EXACT,100.0
2023-03-22,PATTERN_B_PROGRESSED_PREVIOUS_ET_ONLY_CANDIDATE_V01_battle_a_all_universe_P1,2023-03-22,176114383.4296205,0.0,167050935.0,343165318.4296205,-0.03698018061161712,0.48679434088634554,0.5132056591136545,46,False,True,EXACT,100.0
2023-03-23,PATTERN_B_PROGRESSED_PREVIOUS_ET_ONLY_CANDIDATE_V01_battle_a_all_universe_P1,2023-03-23,176114383.4296205,0.0,164596304.0,340710687.4296205,-0.043868575724219205,0.48309697955688613,0.5169030204431139,46,False,True,EXACT,100.0
2023-03-24,PATTERN_B_PROGRESSED_PREVIOUS_ET_ONLY_CANDIDATE_V01_battle_a_all_universe_P1,2023-03-24,176114383.4296205,0.0,166347396.0,342461779.4296205,-0.03895451182845788,0.48574003287916145,0.5142599671208385,46,False,True,EXACT,100.0
2023-03-27,PATTERN_B_PROGRESSED_PREVIOUS_ET_ONLY_CANDIDATE_V01_battle_a_all_universe_P1,2023-03-27,176114383.4296205,0.0,167911273.0,344025656.4296205,-0.03456582665194419,0.48807776356747007,0.51192223643253,46,False,True,EXACT,100.0
2023-03-28,PATTERN_B_PROGRESSED_PREVIOUS_ET_ONLY_CANDIDATE_V01_battle_a_all_universe_P1,2023-03-28,176114383.4296205,0.0,170610861.0,346725244.4296205,-0.026990012289117793,0.49206356831808706,0.5079364316819129,46,False,True,EXACT,100.0
2023-03-29,PATTERN_B_PROGRESSED_PREVIOUS_ET_ONLY_CANDIDATE_V01_battle_a_all_universe_P1,2023-03-29,176114383.4296205,0.0,171380280.0,347494663.4296205,-0.024830802990798317,0.4931882357805197,0.5068117642194804,46,False,True,EXACT,100.0
2023-03-30,PATTERN_B_PROGRESSED_PREVIOUS_ET_ONLY_CANDIDATE_V01_battle_a_all_universe_P1,2023-03-30,176114383.4296205,0.0,172513802.0,348628185.4296205,-0.021649816763203655,0.4948360723829838,0.5051639276170161,46,False,True,EXACT,100.0
2023-03-31,PATTERN_B_PROGRESSED_PREVIOUS_ET_ONLY_CANDIDATE_V01_battle_a_all_universe_P1,2023-03-31,176114383.4296205,0.0,172531028.0,348645411.4296205,-0.021601475691079286,0.494861031707076,0.5051389682929239,46,False,True,EXACT,100.0
2023-04-03,PATTERN_B_PROGRESSED_PREVIOUS_ET_ONLY_CANDIDATE_V01_battle_a_all_universe_P1,2023-04-03,156123717.5794655,12525990.4095615,180244960.0,348894667.989027,-0.020901990650109892,0.5166171241277577,0.48338287587224227,48,False,True,EXACT,100.0
2023-04-04,PATTERN_B_PROGRESSED_PREVIOUS_ET_ONLY_CANDIDATE_V01_battle_a_all_universe_P1,2023-04-04,168649707.98902702,0.0,183169949.0,351819656.989027,-0.01269363675414148,0.5206359149105558,0.4793640850894442,48,False,True,EXACT,100.0
2023-04-05,PATTERN_B_PROGRESSED_PREVIOUS_ET_ONLY_CANDIDATE_V01_battle_a_all_universe_P1,2023-04-05,168649707.98902702,0.0,184870516.0,353520223.989027,-0.007921360427698754,0.5229418388401401,0.4770581611598599,48,False,True,EXACT,100.0
2023-04-06,PATTERN_B_PROGRESSED_PREVIOUS_ET_ONLY_CANDIDATE_V01_battle_a_all_universe_P1,2023-04-06,168649707.98902702,0.0,182205848.0,350855555.989027,-0.015399179304714128,0.519318690811037,0.480681309188963,48,False,True,EXACT,100.0
2023-04-07,PATTERN_B_PROGRESSED_PREVIOUS_ET_ONLY_CANDIDATE_V01_battle_a_all_universe_P1,2023-04-07,168649707.98902702,0.0,182034060.0,350683767.989027,-0.015881265459253724,0.5190832214557929,0.4809167785442071,48,False,True,EXACT,100.0
2023-04-10,PATTERN_B_PROGRESSED_PREVIOUS_ET_ONLY_CANDIDATE_V01_battle_a_all_universe_P1,2023-04-10,168649707.98902702,0.0,179168526.0,347818233.989027,-0.023922771657372666,0.5151211422850603,0.48487885771493966,48,False,True,EXACT,100.0
2023-04-11,PATTERN_B_PROGRESSED_PREVIOUS_ET_ONLY_CANDIDATE_V01_battle_a_all_universe_P1,2023-04-11,168649707.98902702,0.0,180720708.0,349370415.989027,-0.019566905988492644,0.5172753608470273,0.48272463915297265,48,False,True,EXACT,100.0
2023-04-12,PATTERN_B_PROGRESSED_PREVIOUS_ET_ONLY_CANDIDATE_V01_battle_a_all_universe_P1,2023-04-12,168649707.98902702,0.0,182988124.0,351637831.989027,-0.013203889595138296,0.5203880451797069,0.47961195482029306,48,False,True,EXACT,100.0
2023-04-13,PATTERN_B_PROGRESSED_PREVIOUS_ET_ONLY_CANDIDATE_V01_battle_a_all_universe_P1,2023-04-13,168649707.98902702,0.0,183958257.0,352607964.989027,-0.010481419531094494,0.5217076052315627,0.47829239476843727,48,False,True,EXACT,100.0
2023-04-14,PATTERN_B_PROGRESSED_PREVIOUS_ET_ONLY_CANDIDATE_V01_battle_a_all_universe_P1,2023-04-14,168649707.98902702,0.0,186702590.0,355352297.989027,-0.0027800379285022325,0.5254013863328533,0.4745986136671467,48,False,True,EXACT,100.0
2023-04-17,PATTERN_B_PROGRESSED_PREVIOUS_ET_ONLY_CANDIDATE_V01_battle_a_all_universe_P1,2023-04-17,168649707.98902702,0.0,188516068.0,357165775.989027,0.0,0.5278111192988201,0.47218888070117987,48,False,True,EXACT,100.0
2023-04-18,PATTERN_B_PROGRESSED_PREVIOUS_ET_ONLY_CANDIDATE_V01_battle_a_all_universe_P1,2023-04-18,168649707.98902702,0.0,187121290.0,355770997.989027,-0.003905127797134922,0.5259599322533068,0.4740400677466932,48,False,True,EXACT,100.0
2023-04-19,PATTERN_B_PROGRESSED_PREVIOUS_ET_ONLY_CANDIDATE_V01_battle_a_all_universe_P1,2023-04-19,168649707.98902702,0.0,188926344.0,357576051.989027,0.0,0.5283528998910632,0.4716471001089368,48,False,True,EXACT,100.0
2023-04-20,PATTERN_B_PROGRESSED_PREVIOUS_ET_ONLY_CANDIDATE_V01_battle_a_all_universe_P1,2023-04-20,168649707.98902702,0.0,190729323.0,359379030.989027,0.0,0.5307191197970134,0.46928088020298664,48,False,True,EXACT,100.0
2023-04-21,PATTERN_B_PROGRESSED_PREVIOUS_ET_ONLY_CANDIDATE_V01_battle_a_all_universe_P1,2023-04-21,168649707.98902702,0.0,188666244.0,357315951.989027,-0.005740677173963982,0.5280095751386824,0.4719904248613176,48,False,True,EXACT,100.0
2023-04-24,PATTERN_B_PROGRESSED_PREVIOUS_ET_ONLY_CANDIDATE_V01_battle_a_all_universe_P1,2023-04-24,168649707.98902702,0.0,187526458.0,356176165.989027,-0.00891222003461245,0.5264991762693556,0.4735008237306444,48,False,True,EXACT,100.0
2023-04-25,PATTERN_B_PROGRESSED_PREVIOUS_ET_ONLY_CANDIDATE_V01_battle_a_all_universe_P1,2023-04-25,168649707.98902702,0.0,185659660.0,354309367.989027,-0.014106730117358413,0.5240043780207073,0.47599562197929274,48,False,True,EXACT,100.0
2023-04-26,PATTERN_B_PROGRESSED_PREVIOUS_ET_ONLY_CANDIDATE_V01_battle_a_all_universe_P1,2023-04-26,168649707.98902702,0.0,185466311.0,354116018.989027,-0.014644738691392045,0.5237444821883278,0.47625551781167225,48,False,True,EXACT,100.0
2023-04-27,PATTERN_B_PROGRESSED_PREVIOUS_ET_ONLY_CANDIDATE_V01_battle_a_all_universe_P1,2023-04-27,168649707.98902702,0.0,182985112.0,351634819.989027,-0.02154886716313853,0.5203839369653727,0.47961606303462734,48,False,True,EXACT,100.0
2023-04-28,PATTERN_B_PROGRESSED_PREVIOUS_ET_ONLY_CANDIDATE_V01_battle_a_all_universe_P1,2023-04-28,168649707.98902702,0.0,184325555.0,352975262.989027,-0.017818980652200445,0.5222053053778166,0.4777946946221833,48,False,True,EXACT,100.0
2023-05-02,PATTERN_B_PROGRESSED_PREVIOUS_ET_ONLY_CANDIDATE_V01_battle_a_all_universe_P1,2023-05-02,168649707.98902702,0.0,187635992.0,356285699.989027,-0.008607433192434732,0.5266447460725447,0.47335525392745526,48,False,True,EXACT,100.0
2023-05-03,PATTERN_B_PROGRESSED_PREVIOUS_ET_ONLY_CANDIDATE_V01_battle_a_all_universe_P1,2023-05-03,168649707.98902702,0.0,187374973.0,356024680.989027,-0.009333738784838563,0.5262977063260821,0.4737022936739179,48,False,True,EXACT,100.0
2023-05-04,PATTERN_B_PROGRESSED_PREVIOUS_ET_ONLY_CANDIDATE_V01_battle_a_all_universe_P1,2023-05-04,168649707.98902702,0.0,187440262.0,356089969.989027,-0.009152067083458837,0.5263845595139228,0.4736154404860771,48,False,True,EXACT,100.0
2023-05-08,PATTERN_B_PROGRESSED_PREVIOUS_ET_ONLY_CANDIDATE_V01_battle_a_all_universe_P1,2023-05-08,168649707.98902702,0.0,190160451.0,358810158.989027,-0.0015829304187126025,0.5299751030901424,0.47002489690985755,48,False,True,EXACT,100.0
2023-05-09,PATTERN_B_PROGRESSED_PREVIOUS_ET_ONLY_CANDIDATE_V01_battle_a_all_universe_P1,2023-05-09,168649707.98902702,0.0,187892219.0,356541926.989027,-0.007894461711336231,0.5269849203619259,0.4730150796380741,48,False,True,EXACT,100.0
2023-05-10,PATTERN_B_PROGRESSED_PREVIOUS_ET_ONLY_CANDIDATE_V01_battle_a_all_universe_P1,2023-05-10,168649707.98902702,0.0,188965604.0,357615311.989027,-0.004907684778230337,0.5284046786167763,0.47159532138322374,48,False,True,EXACT,100.0
2023-05-11,PATTERN_B_PROGRESSED_PREVIOUS_ET_ONLY_CANDIDATE_V01_battle_a_all_universe_P1,2023-05-11,168649707.98902702,0.0,191726970.0,360376677.989027,0.0,0.5320182512083588,0.4679817487916412,48,False,True,EXACT,100.0
2023-05-12,PATTERN_B_PROGRESSED_PREVIOUS_ET_ONLY_CANDIDATE_V01_battle_a_all_universe_P1,2023-05-12,168649707.98902702,0.0,191097863.0,359747570.989027,-0.0017456928775484437,0.5311998701607046,0.4688001298392954,48,False,True,EXACT,100.0
2023-05-15,PATTERN_B_PROGRESSED_PREVIOUS_ET_ONLY_CANDIDATE_V01_battle_a_all_universe_P1,2023-05-15,168649707.98902702,0.0,187843347.0,356493054.989027,-0.010776565846800534,0.5269200742375806,0.4730799257624195,48,False,True,EXACT,100.0
2023-05-16,PATTERN_B_PROGRESSED_PREVIOUS_ET_ONLY_CANDIDATE_V01_battle_a_all_universe_P1,2023-05-16,168649707.98902702,0.0,189060449.0,357710156.989027,-0.007399260725970747,0.5285297196797225,0.47147028032027744,48,False,True,EXACT,100.0
2023-05-17,PATTERN_B_PROGRESSED_PREVIOUS_ET_ONLY_CANDIDATE_V01_battle_a_all_universe_P1,2023-05-17,168649707.98902702,0.0,192142079.0,360791786.989027,0.0,0.5325566876217271,0.4674433123782728,48,False,True,EXACT,100.0
2023-05-18,PATTERN_B_PROGRESSED_PREVIOUS_ET_ONLY_CANDIDATE_V01_battle_a_all_universe_P1,2023-05-18,168649707.98902702,0.0,192161462.0,360811169.989027,0.0,0.5325817989666007,0.46741820103339926,48,False,True,EXACT,100.0
2023-05-19,PATTERN_B_PROGRESSED_PREVIOUS_ET_ONLY_CANDIDATE_V01_battle_a_all_universe_P1,2023-05-19,168649707.98902702,0.0,193396130.0,362045837.989027,0.0,0.5341758134113987,0.46582418658860125,48,False,True,EXACT,100.0
2023-05-22,PATTERN_B_PROGRESSED_PREVIOUS_ET_ONLY_CANDIDATE_V01_battle_a_all_universe_P1,2023-05-22,168649707.98902702,0.0,195965596.0,364615303.989027,0.0,0.537458504500671,0.462541495499329,48,False,True,EXACT,100.0
2023-05-23,PATTERN_B_PROGRESSED_PREVIOUS_ET_ONLY_CANDIDATE_V01_battle_a_all_universe_P1,2023-05-23,168649707.98902702,0.0,196233365.0,364883072.989027,0.0,0.537797940015434,0.4622020599845659,48,False,True,EXACT,100.0
2023-05-24,PATTERN_B_PROGRESSED_PREVIOUS_ET_ONLY_CANDIDATE_V01_battle_a_all_universe_P1,2023-05-24,168649707.98902702,0.0,198825442.0,367475149.989027,0.0,0.541058196740479,0.45894180325952105,48,False,True,EXACT,100.0
2023-05-25,PATTERN_B_PROGRESSED_PREVIOUS_ET_ONLY_CANDIDATE_V01_battle_a_all_universe_P1,2023-05-25,168649707.98902702,0.0,198268607.0,366918314.989027,-0.001515299742082199,0.5403617069535745,0.4596382930464254,48,False,True,EXACT,100.0
2023-05-26,PATTERN_B_PROGRESSED_PREVIOUS_ET_ONLY_CANDIDATE_V01_battle_a_all_universe_P1,2023-05-26,168649707.98902702,0.0,197914058.0,366563765.989027,-0.002480124166293174,0.5399171341062785,0.4600828658937215,48,False,True,EXACT,100.0
2023-05-30,PATTERN_B_PROGRESSED_PREVIOUS_ET_ONLY_CANDIDATE_V01_battle_a_all_universe_P1,2023-05-30,168649707.98902702,0.0,197815484.0,366465191.989027,-0.0027483708763168524,0.5397933782642121,0.4602066217357878,48,False,True,EXACT,100.0
2023-05-31,PATTERN_B_PROGRESSED_PREVIOUS_ET_ONLY_CANDIDATE_V01_battle_a_all_universe_P1,2023-05-31,168649707.98902702,0.0,198349907.0,366999614.989027,-0.0012940602922788536,0.5404635288402972,0.45953647115970275,48,False,True,EXACT,100.0
2023-06-01,PATTERN_B_PROGRESSED_PREVIOUS_ET_ONLY_CANDIDATE_V01_battle_a_all_universe_P1,2023-06-01,168649707.98902702,46813890.08201715,151898745.0,367362343.0710442,-0.0003069783575465612,0.4134848001299477,0.5865151998700522,39,False,True,EXACT,100.0
2023-06-02,PATTERN_B_PROGRESSED_PREVIOUS_ET_ONLY_CANDIDATE_V01_battle_a_all_universe_P1,2023-06-02,215463598.07104418,0.0,152530341.0,367993939.0710442,0.0,0.4144914489218062,0.5855085510781937,39,False,True,EXACT,100.0
2023-06-05,PATTERN_B_PROGRESSED_PREVIOUS_ET_ONLY_CANDIDATE_V01_battle_a_all_universe_P1,2023-06-05,215463598.07104418,0.0,153619958.0,369083556.0710442,0.0,0.4162200007914468,0.5837799992085532,39,False,True,EXACT,100.0
2023-06-07,PATTERN_B_PROGRESSED_PREVIOUS_ET_ONLY_CANDIDATE_V01_battle_a_all_universe_P1,2023-06-07,215463598.07104418,0.0,153434303.0,368897901.0710442,-0.0005030161787111798,0.4159262022216029,0.584073797778397,39,False,True,EXACT,100.0
2023-06-08,PATTERN_B_PROGRESSED_PREVIOUS_ET_ONLY_CANDIDATE_V01_battle_a_all_universe_P1,2023-06-08,215463598.07104418,0.0,156238711.0,371702309.0710442,0.0,0.4203329040125435,0.5796670959874565,39,False,True,EXACT,100.0
2023-06-09,PATTERN_B_PROGRESSED_PREVIOUS_ET_ONLY_CANDIDATE_V01_battle_a_all_universe_P1,2023-06-09,215463598.07104418,0.0,156427180.0,371890778.0710442,0.0,0.4206266711193277,0.5793733288806722,39,False,True,EXACT,100.0
2023-06-12,PATTERN_B_PROGRESSED_PREVIOUS_ET_ONLY_CANDIDATE_V01_battle_a_all_universe_P1,2023-06-12,215463598.07104418,0.0,156747211.0,372210809.0710442,0.0,0.42112482276161284,0.5788751772383871,39,False,True,EXACT,100.0
2023-06-13,PATTERN_B_PROGRESSED_PREVIOUS_ET_ONLY_CANDIDATE_V01_battle_a_all_universe_P1,2023-06-13,215463598.07104418,0.0,155683463.0,371147061.0710442,-0.0028579180778088853,0.41946570330028665,0.5805342966997132,39,False,True,EXACT,100.0
2023-06-14,PATTERN_B_PROGRESSED_PREVIOUS_ET_ONLY_CANDIDATE_V01_battle_a_all_universe_P1,2023-06-14,215463598.07104418,0.0,153893876.0,369357474.0710442,-0.007665911173083018,0.41665293598580116,0.5833470640141988,39,False,True,EXACT,100.0
2023-06-15,PATTERN_B_PROGRESSED_PREVIOUS_ET_ONLY_CANDIDATE_V01_battle_a_all_universe_P1,2023-06-15,215463598.07104418,0.0,154215558.0,369679156.0710442,-0.006801664374869842,0.41716054440019107,0.5828394555998089,39,False,True,EXACT,100.0
2023-06-16,PATTERN_B_PROGRESSED_PREVIOUS_ET_ONLY_CANDIDATE_V01_battle_a_all_universe_P1,2023-06-16,215463598.07104418,0.0,157222252.0,372685850.0710442,0.0,0.4218626813173323,0.5781373186826676,39,False,True,EXACT,100.0
2023-06-19,PATTERN_B_PROGRESSED_PREVIOUS_ET_ONLY_CANDIDATE_V01_battle_a_all_universe_P1,2023-06-19,215463598.07104418,0.0,158933757.0,374397355.0710442,0.0,0.42450555498673687,0.5754944450132631,39,False,True,EXACT,100.0
2023-06-20,PATTERN_B_PROGRESSED_PREVIOUS_ET_ONLY_CANDIDATE_V01_battle_a_all_universe_P1,2023-06-20,215463598.07104418,0.0,159799544.0,375263142.0710442,0.0,0.42583330491260185,0.574166695087398,39,False,True,EXACT,100.0
2023-06-21,PATTERN_B_PROGRESSED_PREVIOUS_ET_ONLY_CANDIDATE_V01_battle_a_all_universe_P1,2023-06-21,215463598.07104418,0.0,159421993.0,374885591.0710442,-0.001006096676365087,0.42525505593462004,0.5747449440653799,39,False,True,EXACT,100.0
2023-06-22,PATTERN_B_PROGRESSED_PREVIOUS_ET_ONLY_CANDIDATE_V01_battle_a_all_universe_P1,2023-06-22,215463598.07104418,0.0,158335154.0,373798752.0710442,-0.0039023017073250843,0.42358395559840395,0.576416044401596,39,False,True,EXACT,100.0
2023-06-23,PATTERN_B_PROGRESSED_PREVIOUS_ET_ONLY_CANDIDATE_V01_battle_a_all_universe_P1,2023-06-23,215463598.07104418,0.0,157784620.0,373248218.0710442,-0.005369362919256604,0.4227337529310514,0.5772662470689485,39,False,True,EXACT,100.0
2023-06-26,PATTERN_B_PROGRESSED_PREVIOUS_ET_ONLY_CANDIDATE_V01_battle_a_all_universe_P1,2023-06-26,215463598.07104418,0.0,159730054.0,375193652.0710442,-0.00018517672590090406,0.4257269629118207,0.5742730370881792,39,False,True,EXACT,100.0
2023-06-27,PATTERN_B_PROGRESSED_PREVIOUS_ET_ONLY_CANDIDATE_V01_battle_a_all_universe_P1,2023-06-27,215463598.07104418,0.0,159760263.0,375223861.0710442,-0.00010467588099172254,0.42577319721613144,0.5742268027838685,39,False,True,EXACT,100.0
2023-06-28,PATTERN_B_PROGRESSED_PREVIOUS_ET_ONLY_CANDIDATE_V01_battle_a_all_universe_P1,2023-06-28,215463598.07104418,0.0,160697509.0,376161107.0710442,0.0,0.42720394527563327,0.5727960547243667,39,False,True,EXACT,100.0
2023-06-29,PATTERN_B_PROGRESSED_PREVIOUS_ET_ONLY_CANDIDATE_V01_battle_a_all_universe_P1,2023-06-29,215463598.07104418,0.0,157956703.0,373420301.0710442,-0.007286255672047326,0.42299977410694745,0.5770002258930524,39,False,True,EXACT,100.0
2023-06-30,PATTERN_B_PROGRESSED_PREVIOUS_ET_ONLY_CANDIDATE_V01_battle_a_all_universe_P1,2023-06-30,215463598.07104418,0.0,157520420.0,372984018.0710442,-0.00844608584002271,0.42232485138276427,0.5776751486172357,39,False,True,EXACT,100.0
2023-07-03,PATTERN_B_PROGRESSED_PREVIOUS_ET_ONLY_CANDIDATE_V01_battle_a_all_universe_P1,2023-07-03,205470988.27437466,17889366.232494,150662190.0,374022544.50686866,-0.005685230407862618,0.40281579870711026,0.5971842012928897,38,False,True,EXACT,100.0
2023-07-04,PATTERN_B_PROGRESSED_PREVIOUS_ET_ONLY_CANDIDATE_V01_battle_a_all_universe_P1,2023-07-04,223360354.50686866,0.0,149934815.0,373295169.50686866,-0.0076189098508641084,0.4016521703135545,0.5983478296864455,38,False,True,EXACT,100.0
2023-07-05,PATTERN_B_PROGRESSED_PREVIOUS_ET_ONLY_CANDIDATE_V01_battle_a_all_universe_P1,2023-07-05,223360354.50686866,0.0,148763175.0,372123529.50686866,-0.010733639093137293,0.3997682575921449,0.6002317424078552,38,False,True,EXACT,100.0
2023-07-06,PATTERN_B_PROGRESSED_PREVIOUS_ET_ONLY_CANDIDATE_V01_battle_a_all_universe_P1,2023-07-06,223360354.50686866,0.0,146631018.0,369991372.50686866,-0.016401840722492067,0.3963092896099297,0.6036907103900703,38,False,True,EXACT,100.0
2023-07-07,PATTERN_B_PROGRESSED_PREVIOUS_ET_ONLY_CANDIDATE_V01_battle_a_all_universe_P1,2023-07-07,223360354.50686866,0.0,144245825.0,367606179.50686866,-0.02274272220960849,0.39239227478031224,0.6076077252196878,38,False,True,EXACT,100.0
2023-07-10,PATTERN_B_PROGRESSED_PREVIOUS_ET_ONLY_CANDIDATE_V01_battle_a_all_universe_P1,2023-07-10,223360354.50686866,0.0,144228476.0,367588830.50686866,-0.02278884340521825,0.39236359766732626,0.6076364023326737,38,False,True,EXACT,100.0
2023-07-11,PATTERN_B_PROGRESSED_PREVIOUS_ET_ONLY_CANDIDATE_V01_battle_a_all_universe_P1,2023-07-11,223360354.50686866,0.0,146022064.0,369382418.50686866,-0.01802070558797908,0.39531406121129375,0.6046859387887062,38,False,True,EXACT,100.0
2023-07-12,PATTERN_B_PROGRESSED_PREVIOUS_ET_ONLY_CANDIDATE_V01_battle_a_all_universe_P1,2023-07-12,223360354.50686866,0.0,145402939.0,368763293.50686866,-0.019666609399834445,0.3942988403678841,0.6057011596321159,38,False,True,EXACT,100.0
2023-07-13,PATTERN_B_PROGRESSED_PREVIOUS_ET_ONLY_CANDIDATE_V01_battle_a_all_universe_P1,2023-07-13,223360354.50686866,0.0,146475612.0,369835966.50686866,-0.0168149775329669,0.396055617260469,0.603944382739531,38,False,True,EXACT,100.0
2023-07-14,PATTERN_B_PROGRESSED_PREVIOUS_ET_ONLY_CANDIDATE_V01_battle_a_all_universe_P1,2023-07-14,223360354.50686866,0.0,145082330.0,368442684.50686866,-0.020518927712316115,0.3937717753690271,0.6062282246309729,38,False,True,EXACT,100.0
2023-07-17,PATTERN_B_PROGRESSED_PREVIOUS_ET_ONLY_CANDIDATE_V01_battle_a_all_universe_P1,2023-07-17,223360354.50686866,0.0,145640728.0,369001082.50686866,-0.01903446270648934,0.3946891619140142,0.6053108380859858,38,False,True,EXACT,100.0
2023-07-18,PATTERN_B_PROGRESSED_PREVIOUS_ET_ONLY_CANDIDATE_V01_battle_a_all_universe_P1,2023-07-18,223360354.50686866,0.0,143808251.0,367168605.50686866,-0.023905984417674442,0.3916681569260958,0.6083318430739042,38,False,True,EXACT,100.0
2023-07-19,PATTERN_B_PROGRESSED_PREVIOUS_ET_ONLY_CANDIDATE_V01_battle_a_all_universe_P1,2023-07-19,223360354.50686866,0.0,143561992.0,366922346.50686866,-0.024560648058786883,0.39125987655623085,0.6087401234437692,38,False,True,EXACT,100.0
2023-07-20,PATTERN_B_PROGRESSED_PREVIOUS_ET_ONLY_CANDIDATE_V01_battle_a_all_universe_P1,2023-07-20,223360354.50686866,0.0,143523044.0,366883398.50686866,-0.024664188800420872,0.3911952532714914,0.6088047467285086,38,False,True,EXACT,100.0
2023-07-21,PATTERN_B_PROGRESSED_PREVIOUS_ET_ONLY_CANDIDATE_V01_battle_a_all_universe_P1,2023-07-21,223360354.50686866,0.0,142947642.0,366307996.50686866,-0.026193857841647183,0.39023893380203506,0.609761066197965,38,False,True,EXACT,100.0
2023-07-24,PATTERN_B_PROGRESSED_PREVIOUS_ET_ONLY_CANDIDATE_V01_battle_a_all_universe_P1,2023-07-24,223360354.50686866,0.0,138678011.0,362038365.50686866,-0.03754439600133419,0.38304783197726866,0.6169521680227313,38,False,True,EXACT,100.0
2023-07-25,PATTERN_B_PROGRESSED_PREVIOUS_ET_ONLY_CANDIDATE_V01_battle_a_all_universe_P1,2023-07-25,223360354.50686866,0.0,136015473.0,359375827.50686866,-0.0446225812521478,0.37847696642145573,0.6215230335785442,38,False,True,EXACT,100.0
2023-07-26,PATTERN_B_PROGRESSED_PREVIOUS_ET_ONLY_CANDIDATE_V01_battle_a_all_universe_P1,2023-07-26,223360354.50686866,0.0,131240793.0,354601147.50686866,-0.05731575954795243,0.37010820163084174,0.6298917983691582,38,False,True,EXACT,100.0
2023-07-27,PATTERN_B_PROGRESSED_PREVIOUS_ET_ONLY_CANDIDATE_V01_battle_a_all_universe_P1,2023-07-27,223360354.50686866,0.0,135281175.0,358641529.50686866,-0.046574665043365826,0.37720443359142297,0.622795566408577,38,False,True,EXACT,100.0
2023-07-28,PATTERN_B_PROGRESSED_PREVIOUS_ET_ONLY_CANDIDATE_V01_battle_a_all_universe_P1,2023-07-28,223360354.50686866,0.0,136355762.0,359716116.50686866,-0.04371794493115855,0.3790649229846123,0.6209350770153876,38,False,True,EXACT,100.0
2023-07-31,PATTERN_B_PROGRESSED_PREVIOUS_ET_ONLY_CANDIDATE_V01_battle_a_all_universe_P1,2023-07-31,223360354.50686866,0.0,137454147.0,360814501.50686866,-0.040797959373500836,0.3809551623506001,0.6190448376493999,38,False,True,EXACT,100.0
2023-08-01,PATTERN_B_PROGRESSED_PREVIOUS_ET_ONLY_CANDIDATE_V01_battle_a_all_universe_P1,2023-08-01,213363609.96007967,18763020.504693,130776666.0,362903296.4647727,-0.03524503293150816,0.36036229836973827,0.6396377016302617,37,False,True,EXACT,100.0
2023-08-02,PATTERN_B_PROGRESSED_PREVIOUS_ET_ONLY_CANDIDATE_V01_battle_a_all_universe_P1,2023-08-02,232126630.46477267,0.0,130445168.0,362571798.4647727,-0.03612629894696939,0.35977748008074595,0.6402225199192539,37,False,True,EXACT,100.0
2023-08-03,PATTERN_B_PROGRESSED_PREVIOUS_ET_ONLY_CANDIDATE_V01_battle_a_all_universe_P1,2023-08-03,232126630.46477267,0.0,130652736.0,362779366.4647727,-0.03557449282959535,0.36014379007601827,0.6398562099239816,37,False,True,EXACT,100.0
2023-08-04,PATTERN_B_PROGRESSED_PREVIOUS_ET_ONLY_CANDIDATE_V01_battle_a_all_universe_P1,2023-08-04,232126630.46477267,0.0,131474868.0,363601498.4647727,-0.03338890802418715,0.3615905560211487,0.6384094439788512,37,False,True,EXACT,100.0
2023-08-07,PATTERN_B_PROGRESSED_PREVIOUS_ET_ONLY_CANDIDATE_V01_battle_a_all_universe_P1,2023-08-07,232126630.46477267,0.0,131592844.0,363719474.4647727,-0.03307527645042185,0.36179763042285257,0.6382023695771474,37,False,True,EXACT,100.0
2023-08-08,PATTERN_B_PROGRESSED_PREVIOUS_ET_ONLY_CANDIDATE_V01_battle_a_all_universe_P1,2023-08-08,232126630.46477267,0.0,129515779.0,361642409.4647727,-0.03859701955717987,0.35813216484118143,0.6418678351588185,37,False,True,EXACT,100.0
2023-08-09,PATTERN_B_PROGRESSED_PREVIOUS_ET_ONLY_CANDIDATE_V01_battle_a_all_universe_P1,2023-08-09,232126630.46477267,0.0,131360359.0,363486989.4647727,-0.03369332280244963,0.3613894384319656,0.6386105615680343,37,False,True,EXACT,100.0
2023-08-10,PATTERN_B_PROGRESSED_PREVIOUS_ET_ONLY_CANDIDATE_V01_battle_a_all_universe_P1,2023-08-10,232126630.46477267,0.0,132734383.0,364861013.4647727,-0.030040568771872778,0.3637943712854799,0.63620562871452,37,False,True,EXACT,100.0
2023-08-11,PATTERN_B_PROGRESSED_PREVIOUS_ET_ONLY_CANDIDATE_V01_battle_a_all_universe_P1,2023-08-11,232126630.46477267,0.0,133603502.0,365730132.4647727,-0.02773007206271716,0.36530624671148404,0.6346937532885158,37,False,True,EXACT,100.0
2023-08-14,PATTERN_B_PROGRESSED_PREVIOUS_ET_ONLY_CANDIDATE_V01_battle_a_all_universe_P1,2023-08-14,232126630.46477267,0.0,132508257.0,364634887.4647727,-0.030641710133245126,0.36339983242223795,0.6366001675777619,37,False,True,EXACT,100.0
2023-08-16,PATTERN_B_PROGRESSED_PREVIOUS_ET_ONLY_CANDIDATE_V01_battle_a_all_universe_P1,2023-08-16,232126630.46477267,0.0,130037073.0,362163703.4647727,-0.03721119313812493,0.3590560615433086,0.6409439384566913,37,False,True,EXACT,100.0
2023-08-17,PATTERN_B_PROGRESSED_PREVIOUS_ET_ONLY_CANDIDATE_V01_battle_a_all_universe_P1,2023-08-17,232126630.46477267,0.0,128355102.0,360481732.4647727,-0.04168260437225424,0.35606548249305037,0.6439345175069495,37,False,True,EXACT,100.0
2023-08-18,PATTERN_B_PROGRESSED_PREVIOUS_ET_ONLY_CANDIDATE_V01_battle_a_all_universe_P1,2023-08-18,232126630.46477267,0.0,127753861.0,359880491.4647727,-0.04328096472556542,0.35498968138011816,0.6450103186198818,37,False,True,EXACT,100.0
2023-08-21,PATTERN_B_PROGRESSED_PREVIOUS_ET_ONLY_CANDIDATE_V01_battle_a_all_universe_P1,2023-08-21,232126630.46477267,0.0,128586800.0,360713430.4647727,-0.041066650208879674,0.35647910263368415,0.6435208973663158,37,False,True,EXACT,100.0
2023-08-22,PATTERN_B_PROGRESSED_PREVIOUS_ET_ONLY_CANDIDATE_V01_battle_a_all_universe_P1,2023-08-22,232126630.46477267,0.0,129162166.0,361288796.4647727,-0.03953707687132746,0.35750393387189877,0.6424960661281012,37,False,True,EXACT,100.0
2023-08-23,PATTERN_B_PROGRESSED_PREVIOUS_ET_ONLY_CANDIDATE_V01_battle_a_all_universe_P1,2023-08-23,232126630.46477267,0.0,129072535.0,361199165.4647727,-0.03977535509391639,0.3573444994921736,0.6426555005078263,37,False,True,EXACT,100.0
2023-08-24,PATTERN_B_PROGRESSED_PREVIOUS_ET_ONLY_CANDIDATE_V01_battle_a_all_universe_P1,2023-08-24,232126630.46477267,0.0,130020573.0,362147203.4647727,-0.037255057322087115,0.3590268591226262,0.6409731408773737,37,False,True,EXACT,100.0
2023-08-25,PATTERN_B_PROGRESSED_PREVIOUS_ET_ONLY_CANDIDATE_V01_battle_a_all_universe_P1,2023-08-25,232126630.46477267,0.0,129983139.0,362109769.4647727,-0.03735457319253821,0.35896059692652177,0.6410394030734782,37,False,True,EXACT,100.0
2023-08-28,PATTERN_B_PROGRESSED_PREVIOUS_ET_ONLY_CANDIDATE_V01_battle_a_all_universe_P1,2023-08-28,232126630.46477267,0.0,131405423.0,363532053.4647727,-0.03357352306996031,0.36146860159260635,0.6385313984073936,37,False,True,EXACT,100.0
2023-08-29,PATTERN_B_PROGRESSED_PREVIOUS_ET_ONLY_CANDIDATE_V01_battle_a_all_universe_P1,2023-08-29,232126630.46477267,0.0,132908311.0,365034941.4647727,-0.029578192421073846,0.36409750383533124,0.6359024961646687,37,False,True,EXACT,100.0
2023-08-30,PATTERN_B_PROGRESSED_PREVIOUS_ET_ONLY_CANDIDATE_V01_battle_a_all_universe_P1,2023-08-30,232126630.46477267,0.0,134337541.0,366464171.4647727,-0.025778676806265555,0.36657755780884993,0.63342244219115,37,False,True,EXACT,100.0
2023-08-31,PATTERN_B_PROGRESSED_PREVIOUS_ET_ONLY_CANDIDATE_V01_battle_a_all_universe_P1,2023-08-31,232126630.46477267,0.0,134658440.0,366785070.4647727,-0.02492558754752039,0.3671317369307513,0.6328682630692486,37,False,True,EXACT,100.0
2023-09-01,PATTERN_B_PROGRESSED_PREVIOUS_ET_ONLY_CANDIDATE_V01_battle_a_all_universe_P1,2023-09-01,217147451.95497718,9834938.277939,137771230.0,364753620.2329162,-0.030326066740263835,0.3777103840998895,0.6222896159001104,38,False,True,EXACT,100.0
2023-09-04,PATTERN_B_PROGRESSED_PREVIOUS_ET_ONLY_CANDIDATE_V01_battle_a_all_universe_P1,2023-09-04,226982390.23291618,0.0,137827343.0,364809733.2329162,-0.030176893955132233,0.37780610122044866,0.6221938987795513,38,False,True,EXACT,100.0
2023-09-05,PATTERN_B_PROGRESSED_PREVIOUS_ET_ONLY_CANDIDATE_V01_battle_a_all_universe_P1,2023-09-05,226982390.23291618,0.0,137948724.0,364931114.2329162,-0.029854210408858273,0.37801305128494644,0.6219869487150536,38,False,True,EXACT,100.0
2023-09-06,PATTERN_B_PROGRESSED_PREVIOUS_ET_ONLY_CANDIDATE_V01_battle_a_all_universe_P1,2023-09-06,226982390.23291618,0.0,139752754.0,366735144.2329162,-0.025058313209259553,0.38107270655043085,0.6189272934495691,38,False,True,EXACT,100.0
2023-09-07,PATTERN_B_PROGRESSED_PREVIOUS_ET_ONLY_CANDIDATE_V01_battle_a_all_universe_P1,2023-09-07,226982390.23291618,0.0,138664468.0,365646858.2329162,-0.027951451227896995,0.379230574194271,0.620769425805729,38,False,True,EXACT,100.0
2023-09-08,PATTERN_B_PROGRESSED_PREVIOUS_ET_ONLY_CANDIDATE_V01_battle_a_all_universe_P1,2023-09-08,226982390.23291618,0.0,139540032.0,366522422.2329162,-0.025623820902642147,0.3807134940064476,0.6192865059935524,38,False,True,EXACT,100.0
2023-09-11,PATTERN_B_PROGRESSED_PREVIOUS_ET_ONLY_CANDIDATE_V01_battle_a_all_universe_P1,2023-09-11,226982390.23291618,0.0,139259571.0,366241961.2329162,-0.026369408351019752,0.3802392563954083,0.6197607436045917,38,False,True,EXACT,100.0
2023-09-12,PATTERN_B_PROGRESSED_PREVIOUS_ET_ONLY_CANDIDATE_V01_battle_a_all_universe_P1,2023-09-12,226982390.23291618,0.0,139716800.0,366699190.2329162,-0.025153894595330906,0.38101202217342267,0.6189879778265773,38,False,True,EXACT,100.0
2023-09-13,PATTERN_B_PROGRESSED_PREVIOUS_ET_ONLY_CANDIDATE_V01_battle_a_all_universe_P1,2023-09-13,226982390.23291618,0.0,137662009.0,364644399.2329162,-0.030616423712175322,0.37752399129012415,0.6224760087098758,38,False,True,EXACT,100.0
2023-09-14,PATTERN_B_PROGRESSED_PREVIOUS_ET_ONLY_CANDIDATE_V01_battle_a_all_universe_P1,2023-09-14,226982390.23291618,0.0,138240495.0,365222885.2329162,-0.029078556056201132,0.378509947184276,0.621490052815724,38,False,True,EXACT,100.0
2023-09-15,PATTERN_B_PROGRESSED_PREVIOUS_ET_ONLY_CANDIDATE_V01_battle_a_all_universe_P1,2023-09-15,226982390.23291618,0.0,138506060.0,365488450.2329162,-0.028372568661417574,0.37896152371363234,0.6210384762863677,38,False,True,EXACT,100.0
2023-09-18,PATTERN_B_PROGRESSED_PREVIOUS_ET_ONLY_CANDIDATE_V01_battle_a_all_universe_P1,2023-09-18,226982390.23291618,0.0,139861916.0,366844306.2329162,-0.024768113085036236,0.3812568809809988,0.6187431190190011,38,False,True,EXACT,100.0
2023-09-19,PATTERN_B_PROGRESSED_PREVIOUS_ET_ONLY_CANDIDATE_V01_battle_a_all_universe_P1,2023-09-19,226982390.23291618,0.0,138018080.0,365000470.2329162,-0.02966983196383499,0.37813123887738315,0.6218687611226169,38,False,True,EXACT,100.0
2023-09-20,PATTERN_B_PROGRESSED_PREVIOUS_ET_ONLY_CANDIDATE_V01_battle_a_all_universe_P1,2023-09-20,226982390.23291618,0.0,136343958.0,363326348.2329162,-0.0341203771385753,0.37526581450292873,0.6247341854970713,38,False,True,EXACT,100.0
2023-09-21,PATTERN_B_PROGRESSED_PREVIOUS_ET_ONLY_CANDIDATE_V01_battle_a_all_universe_P1,2023-09-21,226982390.23291618,0.0,133450407.0,360432797.2329162,-0.04181269552452027,0.3702504545216585,0.6297495454783415,38,False,True,EXACT,100.0
2023-09-22,PATTERN_B_PROGRESSED_PREVIOUS_ET_ONLY_CANDIDATE_V01_battle_a_all_universe_P1,2023-09-22,226982390.23291618,0.0,131932815.0,358915205.2329162,-0.045847115807405525,0.3675877005945816,0.6324122994054184,38,False,True,EXACT,100.0
2023-09-25,PATTERN_B_PROGRESSED_PREVIOUS_ET_ONLY_CANDIDATE_V01_battle_a_all_universe_P1,2023-09-25,226982390.23291618,0.0,129729385.0,356711775.2329162,-0.0517047921024294,0.3636812519443541,0.6363187480556459,38,False,True,EXACT,100.0
2023-09-26,PATTERN_B_PROGRESSED_PREVIOUS_ET_ONLY_CANDIDATE_V01_battle_a_all_universe_P1,2023-09-26,226982390.23291618,0.0,128388246.0,355370636.2329162,-0.05527012348515181,0.36127983831464366,0.6387201616853564,38,False,True,EXACT,100.0
2023-09-27,PATTERN_B_PROGRESSED_PREVIOUS_ET_ONLY_CANDIDATE_V01_battle_a_all_universe_P1,2023-09-27,226982390.23291618,0.0,130454275.0,357436665.2329162,-0.04977771887137605,0.36497172139571127,0.6350282786042887,38,False,True,EXACT,100.0
2023-10-04,PATTERN_B_PROGRESSED_PREVIOUS_ET_ONLY_CANDIDATE_V01_battle_a_all_universe_P1,2023-10-04,226982390.23291618,0.0,126675504.0,353657894.2329162,-0.05982333743471768,0.3581865584387961,0.6418134415612039,38,False,True,EXACT,100.0
2023-10-05,PATTERN_B_PROGRESSED_PREVIOUS_ET_ONLY_CANDIDATE_V01_battle_a_all_universe_P1,2023-10-05,226982390.23291618,0.0,125935995.0,352918385.2329162,-0.06178927433276149,0.3568416956143721,0.6431583043856278,38,False,True,EXACT,100.0
2023-10-06,PATTERN_B_PROGRESSED_PREVIOUS_ET_ONLY_CANDIDATE_V01_battle_a_all_universe_P1,2023-10-06,226982390.23291618,0.0,128286356.0,355268746.2329162,-0.055540991467207035,0.361096655307514,0.638903344692486,38,False,True,EXACT,100.0
2023-10-10,PATTERN_B_PROGRESSED_PREVIOUS_ET_ONLY_CANDIDATE_V01_battle_a_all_universe_P1,2023-10-10,226982390.23291618,0.0,129031946.0,356014336.2329162,-0.05355888862354652,0.3624346911568839,0.6375653088431161,38,False,True,EXACT,100.0
2023-10-11,PATTERN_B_PROGRESSED_PREVIOUS_ET_ONLY_CANDIDATE_V01_battle_a_all_universe_P1,2023-10-11,226982390.23291618,0.0,130755043.0,357737433.2329162,-0.04897814657550026,0.3655056218700709,0.634494378129929,38,False,True,EXACT,100.0
2023-10-12,PATTERN_B_PROGRESSED_PREVIOUS_ET_ONLY_CANDIDATE_V01_battle_a_all_universe_P1,2023-10-12,226982390.23291618,0.0,132564657.0,359547047.2329162,-0.04416740467267444,0.36869905627155386,0.6313009437284461,38,False,True,EXACT,100.0
2023-10-13,PATTERN_B_PROGRESSED_PREVIOUS_ET_ONLY_CANDIDATE_V01_battle_a_all_universe_P1,2023-10-13,226982390.23291618,0.0,131785066.0,358767456.2329162,-0.0462398969780865,0.3673272581179814,0.6326727418820186,38,False,True,EXACT,100.0
2023-10-16,PATTERN_B_PROGRESSED_PREVIOUS_ET_ONLY_CANDIDATE_V01_battle_a_all_universe_P1,2023-10-16,226982390.23291618,0.0,130673916.0,357656306.2329162,-0.049193817463518585,0.36536169982950434,0.6346383001704957,38,False,True,EXACT,100.0
2023-10-17,PATTERN_B_PROGRESSED_PREVIOUS_ET_ONLY_CANDIDATE_V01_battle_a_all_universe_P1,2023-10-17,226982390.23291618,0.0,132789276.0,359771666.2329162,-0.04357026957343735,0.36909320122511324,0.6309067987748868,38,False,True,EXACT,100.0
2023-10-18,PATTERN_B_PROGRESSED_PREVIOUS_ET_ONLY_CANDIDATE_V01_battle_a_all_universe_P1,2023-10-18,226982390.23291618,0.0,132432018.0,359414408.2329162,-0.04452001688458751,0.3684660797298318,0.6315339202701682,38,False,True,EXACT,100.0
2023-10-19,PATTERN_B_PROGRESSED_PREVIOUS_ET_ONLY_CANDIDATE_V01_battle_a_all_universe_P1,2023-10-19,226982390.23291618,0.0,129294525.0,356276915.2329162,-0.05286083931684249,0.36290458200322534,0.6370954179967746,38,False,True,EXACT,100.0
2023-10-20,PATTERN_B_PROGRESSED_PREVIOUS_ET_ONLY_CANDIDATE_V01_battle_a_all_universe_P1,2023-10-20,226982390.23291618,0.0,127828508.0,354810898.2329162,-0.056758150794403384,0.3602722144010548,0.6397277855989453,38,False,True,EXACT,100.0
2023-10-23,PATTERN_B_PROGRESSED_PREVIOUS_ET_ONLY_CANDIDATE_V01_battle_a_all_universe_P1,2023-10-23,226982390.23291618,0.0,127535198.0,354517588.2329162,-0.057537896479128325,0.3597429358461337,0.6402570641538663,38,False,True,EXACT,100.0
2023-10-24,PATTERN_B_PROGRESSED_PREVIOUS_ET_ONLY_CANDIDATE_V01_battle_a_all_universe_P1,2023-10-24,226982390.23291618,0.0,129431588.0,356413978.2329162,-0.05249646618675663,0.3631495842046256,0.6368504157953744,38,False,True,EXACT,100.0
2023-10-25,PATTERN_B_PROGRESSED_PREVIOUS_ET_ONLY_CANDIDATE_V01_battle_a_all_universe_P1,2023-10-25,226982390.23291618,0.0,129622243.0,356604633.2329162,-0.05198962218716163,0.36349006973035397,0.6365099302696461,38,False,True,EXACT,100.0
2023-10-26,PATTERN_B_PROGRESSED_PREVIOUS_ET_ONLY_CANDIDATE_V01_battle_a_all_universe_P1,2023-10-26,226982390.23291618,0.0,126084851.0,353067241.2329162,-0.06139355027410198,0.3571128563491469,0.6428871436508531,38,False,True,EXACT,100.0
2023-10-27,PATTERN_B_PROGRESSED_PREVIOUS_ET_ONLY_CANDIDATE_V01_battle_a_all_universe_P1,2023-10-27,226982390.23291618,0.0,126760874.0,353743264.2329162,-0.05959638680533241,0.3583414493414537,0.6416585506585463,38,False,True,EXACT,100.0
2023-10-30,PATTERN_B_PROGRESSED_PREVIOUS_ET_ONLY_CANDIDATE_V01_battle_a_all_universe_P1,2023-10-30,226982390.23291618,0.0,128279177.0,355261567.2329162,-0.05556007637488369,0.36108374457487474,0.6389162554251252,38,False,True,EXACT,100.0
2023-10-31,PATTERN_B_PROGRESSED_PREVIOUS_ET_ONLY_CANDIDATE_V01_battle_a_all_universe_P1,2023-10-31,226982390.23291618,0.0,126901878.0,353884268.2329162,-0.05922153678136821,0.3585971160392949,0.6414028839607051,38,False,True,EXACT,100.0
2023-11-01,PATTERN_B_PROGRESSED_PREVIOUS_ET_ONLY_CANDIDATE_V01_battle_a_all_universe_P1,2023-11-01,187013936.32698566,12576282.514614,156856881.0,356447099.84159964,-0.05240841453000411,0.4400565499612849,0.5599434500387152,44,False,True,EXACT,100.0
2023-11-02,PATTERN_B_PROGRESSED_PREVIOUS_ET_ONLY_CANDIDATE_V01_battle_a_all_universe_P1,2023-11-02,199590218.84159964,0.0,159885147.0,359475365.84159964,-0.044357965020273005,0.44477358448659954,0.5552264155134005,44,False,True,EXACT,100.0
2023-11-03,PATTERN_B_PROGRESSED_PREVIOUS_ET_ONLY_CANDIDATE_V01_battle_a_all_universe_P1,2023-11-03,199590218.84159964,0.0,161463701.0,361053919.84159964,-0.04016148119904195,0.44720107476145615,0.5527989252385438,44,False,True,EXACT,100.0
2023-11-06,PATTERN_B_PROGRESSED_PREVIOUS_ET_ONLY_CANDIDATE_V01_battle_a_all_universe_P1,2023-11-06,199590218.84159964,0.0,166168586.0,365758804.84159964,-0.027653848401397618,0.45431192304984475,0.5456880769501552,44,False,True,EXACT,100.0
2023-11-07,PATTERN_B_PROGRESSED_PREVIOUS_ET_ONLY_CANDIDATE_V01_battle_a_all_universe_P1,2023-11-07,199590218.84159964,0.0,164020079.0,363610297.84159964,-0.033365515449405914,0.4510875516277386,0.5489124483722614,44,False,True,EXACT,100.0
2023-11-08,PATTERN_B_PROGRESSED_PREVIOUS_ET_ONLY_CANDIDATE_V01_battle_a_all_universe_P1,2023-11-08,199590218.84159964,0.0,164168885.0,363759103.84159964,-0.032969924312516,0.45131209986565174,0.5486879001343482,44,False,True,EXACT,100.0
2023-11-09,PATTERN_B_PROGRESSED_PREVIOUS_ET_ONLY_CANDIDATE_V01_battle_a_all_universe_P1,2023-11-09,199590218.84159964,0.0,163100647.0,362690865.84159964,-0.035809766018421674,0.44969604244522665,0.5503039575547733,44,False,True,EXACT,100.0
2023-11-10,PATTERN_B_PROGRESSED_PREVIOUS_ET_ONLY_CANDIDATE_V01_battle_a_all_universe_P1,2023-11-10,199590218.84159964,0.0,160799627.0,360389845.84159964,-0.04192687902331671,0.44618245729008543,0.5538175427099146,44,False,True,EXACT,100.0
2023-11-13,PATTERN_B_PROGRESSED_PREVIOUS_ET_ONLY_CANDIDATE_V01_battle_a_all_universe_P1,2023-11-13,199590218.84159964,0.0,160362608.0,359952826.84159964,-0.043088665799740355,0.4455100669915532,0.5544899330084468,44,False,True,EXACT,100.0
2023-11-14,PATTERN_B_PROGRESSED_PREVIOUS_ET_ONLY_CANDIDATE_V01_battle_a_all_universe_P1,2023-11-14,199590218.84159964,0.0,163979796.0,363570014.84159964,-0.033472605202287786,0.45102673297038204,0.5489732670296179,44,False,True,EXACT,100.0
2023-11-15,PATTERN_B_PROGRESSED_PREVIOUS_ET_ONLY_CANDIDATE_V01_battle_a_all_universe_P1,2023-11-15,199590218.84159964,0.0,166567686.0,366157904.84159964,-0.026592866836590012,0.45490670499673463,0.5450932950032654,44,False,True,EXACT,100.0
2023-11-16,PATTERN_B_PROGRESSED_PREVIOUS_ET_ONLY_CANDIDATE_V01_battle_a_all_universe_P1,2023-11-16,199590218.84159964,0.0,166789574.0,366379792.84159964,-0.02600299192440758,0.455236825989772,0.544763174010228,44,False,True,EXACT,100.0
2023-11-17,PATTERN_B_PROGRESSED_PREVIOUS_ET_ONLY_CANDIDATE_V01_battle_a_all_universe_P1,2023-11-17,199590218.84159964,0.0,162756333.0,362346551.84159964,-0.03672510254186234,0.44917312493468736,0.5508268750653127,44,False,True,EXACT,100.0
2023-11-20,PATTERN_B_PROGRESSED_PREVIOUS_ET_ONLY_CANDIDATE_V01_battle_a_all_universe_P1,2023-11-20,199590218.84159964,0.0,165305096.0,364895314.84159964,-0.02994938077773368,0.45302060420194384,0.5469793957980561,44,False,True,EXACT,100.0
2023-11-21,PATTERN_B_PROGRESSED_PREVIOUS_ET_ONLY_CANDIDATE_V01_battle_a_all_universe_P1,2023-11-21,199590218.84159964,0.0,166954936.0,366545154.84159964,-0.025563387731173504,0.4554825886926499,0.5445174113073501,44,False,True,EXACT,100.0
2023-11-22,PATTERN_B_PROGRESSED_PREVIOUS_ET_ONLY_CANDIDATE_V01_battle_a_all_universe_P1,2023-11-22,199590218.84159964,0.0,165938535.0,365528753.84159964,-0.028265424121682203,0.4539684860795076,0.5460315139204923,44,False,True,EXACT,100.0
2023-11-23,PATTERN_B_PROGRESSED_PREVIOUS_ET_ONLY_CANDIDATE_V01_battle_a_all_universe_P1,2023-11-23,199590218.84159964,0.0,166429132.0,366019350.84159964,-0.026961203693844693,0.4547003638395739,0.5452996361604261,44,False,True,EXACT,100.0
2023-11-24,PATTERN_B_PROGRESSED_PREVIOUS_ET_ONLY_CANDIDATE_V01_battle_a_all_universe_P1,2023-11-24,199590218.84159964,0.0,166821380.0,366411598.84159964,-0.025918437728340682,0.45528411362358967,0.5447158863764103,44,False,True,EXACT,100.0
2023-11-27,PATTERN_B_PROGRESSED_PREVIOUS_ET_ONLY_CANDIDATE_V01_battle_a_all_universe_P1,2023-11-27,199590218.84159964,0.0,165702522.0,365292740.84159964,-0.028892849433771683,0.4536156990643646,0.5463843009356354,44,False,True,EXACT,100.0
2023-11-28,PATTERN_B_PROGRESSED_PREVIOUS_ET_ONLY_CANDIDATE_V01_battle_a_all_universe_P1,2023-11-28,199590218.84159964,0.0,165227963.0,364818181.84159964,-0.03015443387479788,0.45290495711022516,0.5470950428897748,44,False,True,EXACT,100.0
2023-11-29,PATTERN_B_PROGRESSED_PREVIOUS_ET_ONLY_CANDIDATE_V01_battle_a_all_universe_P1,2023-11-29,199590218.84159964,0.0,164248880.0,363839098.84159964,-0.032757262773360996,0.4514327364017222,0.5485672635982778,44,False,True,EXACT,100.0
2023-11-30,PATTERN_B_PROGRESSED_PREVIOUS_ET_ONLY_CANDIDATE_V01_battle_a_all_universe_P1,2023-11-30,199590218.84159964,0.0,165692013.0,365282231.84159964,-0.028920786931302622,0.4535999798420264,0.5464000201579736,44,False,True,EXACT,100.0
2023-12-01,PATTERN_B_PROGRESSED_PREVIOUS_ET_ONLY_CANDIDATE_V01_battle_a_all_universe_P1,2023-12-01,189608731.82309663,40111964.162721,135310868.0,365031563.9858177,-0.029587171230662457,0.37068265144670376,0.6293173485532961,39,False,True,EXACT,100.0
2023-12-04,PATTERN_B_PROGRESSED_PREVIOUS_ET_ONLY_CANDIDATE_V01_battle_a_all_universe_P1,2023-12-04,229720695.98581764,0.0,136305969.0,366026664.9858177,-0.02694175951399591,0.3723935495390244,0.6276064504609755,39,False,True,EXACT,100.0
2023-12-05,PATTERN_B_PROGRESSED_PREVIOUS_ET_ONLY_CANDIDATE_V01_battle_a_all_universe_P1,2023-12-05,229720695.98581764,0.0,135922005.0,365642700.9858177,-0.027962503000715455,0.37173449554315613,0.6282655044568438,39,False,True,EXACT,100.0
2023-12-06,PATTERN_B_PROGRESSED_PREVIOUS_ET_ONLY_CANDIDATE_V01_battle_a_all_universe_P1,2023-12-06,229720695.98581764,0.0,137223240.0,366943935.9858177,-0.024503253823861537,0.37396241371680183,0.626037586283198,39,False,True,EXACT,100.0
2023-12-07,PATTERN_B_PROGRESSED_PREVIOUS_ET_ONLY_CANDIDATE_V01_battle_a_all_universe_P1,2023-12-07,229720695.98581764,0.0,136977101.0,366697796.9858177,-0.025157598452726915,0.3735421977604564,0.6264578022395435,39,False,True,EXACT,100.0
2023-12-08,PATTERN_B_PROGRESSED_PREVIOUS_ET_ONLY_CANDIDATE_V01_battle_a_all_universe_P1,2023-12-08,229720695.98581764,0.0,138207298.0,367927993.9858177,-0.021887199209224883,0.3756368100800925,0.6243631899199075,39,False,True,EXACT,100.0
2023-12-11,PATTERN_B_PROGRESSED_PREVIOUS_ET_ONLY_CANDIDATE_V01_battle_a_all_universe_P1,2023-12-11,229720695.98581764,0.0,138332015.0,368052710.9858177,-0.021555647122484478,0.37584837951466793,0.624151620485332,39,False,True,EXACT,100.0
2023-12-12,PATTERN_B_PROGRESSED_PREVIOUS_ET_ONLY_CANDIDATE_V01_battle_a_all_universe_P1,2023-12-12,229720695.98581764,0.0,138401291.0,368121986.9858177,-0.0213714813522925,0.375965837121628,0.6240341628783719,39,False,True,EXACT,100.0
2023-12-13,PATTERN_B_PROGRESSED_PREVIOUS_ET_ONLY_CANDIDATE_V01_battle_a_all_universe_P1,2023-12-13,229720695.98581764,0.0,137144719.0,366865414.9858177,-0.024711996829249294,0.3738284215351882,0.6261715784648118,39,False,True,EXACT,100.0
2023-12-14,PATTERN_B_PROGRESSED_PREVIOUS_ET_ONLY_CANDIDATE_V01_battle_a_all_universe_P1,2023-12-14,229720695.98581764,0.0,138489528.0,368210223.9858177,-0.021136908988639513,0.3761153791463819,0.6238846208536181,39,False,True,EXACT,100.0
2023-12-15,PATTERN_B_PROGRESSED_PREVIOUS_ET_ONLY_CANDIDATE_V01_battle_a_all_universe_P1,2023-12-15,229720695.98581764,0.0,138110455.0,367831150.9858177,-0.022144650067858485,0.37547242703575445,0.6245275729642454,39,False,True,EXACT,100.0
2023-12-18,PATTERN_B_PROGRESSED_PREVIOUS_ET_ONLY_CANDIDATE_V01_battle_a_all_universe_P1,2023-12-18,229720695.98581764,0.0,139224970.0,368945665.9858177,-0.019181783947333497,0.3773590065843241,0.6226409934156758,39,False,True,EXACT,100.0
2023-12-19,PATTERN_B_PROGRESSED_PREVIOUS_ET_ONLY_CANDIDATE_V01_battle_a_all_universe_P1,2023-12-19,229720695.98581764,0.0,140948818.0,370669513.9858177,-0.01459904541430801,0.3802546815473821,0.6197453184526178,39,False,True,EXACT,100.0
2023-12-20,PATTERN_B_PROGRESSED_PREVIOUS_ET_ONLY_CANDIDATE_V01_battle_a_all_universe_P1,2023-12-20,229720695.98581764,0.0,140464729.0,370185424.9858177,-0.015885964744616565,0.3794442447467547,0.6205557552532452,39,False,True,EXACT,100.0
2023-12-21,PATTERN_B_PROGRESSED_PREVIOUS_ET_ONLY_CANDIDATE_V01_battle_a_all_universe_P1,2023-12-21,229720695.98581764,0.0,140361537.0,370082232.9858177,-0.016160294009551657,0.379271211880574,0.6207287881194259,39,False,True,EXACT,100.0
2023-12-22,PATTERN_B_PROGRESSED_PREVIOUS_ET_ONLY_CANDIDATE_V01_battle_a_all_universe_P1,2023-12-22,229720695.98581764,0.0,138916162.0,368636857.9858177,-0.02000273006375819,0.37683741869714077,0.6231625813028592,39,False,True,EXACT,100.0
2023-12-26,PATTERN_B_PROGRESSED_PREVIOUS_ET_ONLY_CANDIDATE_V01_battle_a_all_universe_P1,2023-12-26,229720695.98581764,0.0,137959466.0,367680161.9858177,-0.02254604456920839,0.3752159628490412,0.6247840371509588,39,False,True,EXACT,100.0
2023-12-27,PATTERN_B_PROGRESSED_PREVIOUS_ET_ONLY_CANDIDATE_V01_battle_a_all_universe_P1,2023-12-27,229720695.98581764,0.0,138593583.0,368314278.9858177,-0.02086028549396135,0.3762916370813218,0.6237083629186781,39,False,True,EXACT,100.0
2023-12-28,PATTERN_B_PROGRESSED_PREVIOUS_ET_ONLY_CANDIDATE_V01_battle_a_all_universe_P1,2023-12-28,229720695.98581764,0.0,140078021.0,369798716.9858177,-0.01691400297805079,0.378795313682422,0.621204686317578,39,False,True,EXACT,100.0
2024-01-02,PATTERN_B_PROGRESSED_PREVIOUS_ET_ONLY_CANDIDATE_V01_battle_a_all_universe_P1,2024-01-02,229720695.98581764,6719264.95905,134623844.0,371063804.9448676,-0.013550848374161872,0.3628051084637649,0.6371948915362352,38,False,True,EXACT,100.0
2024-01-03,PATTERN_B_PROGRESSED_PREVIOUS_ET_ONLY_CANDIDATE_V01_battle_a_all_universe_P1,2024-01-03,236439960.94486764,0.0,134464346.0,370904306.9448676,-0.013974863502259294,0.3625310989445782,0.6374689010554219,38,False,True,EXACT,100.0
2024-01-04,PATTERN_B_PROGRESSED_PREVIOUS_ET_ONLY_CANDIDATE_V01_battle_a_all_universe_P1,2024-01-04,236439960.94486764,0.0,133675532.0,370115492.9448676,-0.016071874557288535,0.3611724841248737,0.6388275158751264,38,False,True,EXACT,100.0
2024-01-05,PATTERN_B_PROGRESSED_PREVIOUS_ET_ONLY_CANDIDATE_V01_battle_a_all_universe_P1,2024-01-05,236439960.94486764,0.0,135177584.0,371617544.9448676,-0.012078766360389515,0.36375458004829847,0.6362454199517016,38,False,True,EXACT,100.0
2024-01-08,PATTERN_B_PROGRESSED_PREVIOUS_ET_ONLY_CANDIDATE_V01_battle_a_all_universe_P1,2024-01-08,236439960.94486764,0.0,135651284.0,372091244.9448676,-0.010819465515364723,0.36456456808087306,0.635435431919127,38,False,True,EXACT,100.0
2024-01-09,PATTERN_B_PROGRESSED_PREVIOUS_ET_ONLY_CANDIDATE_V01_battle_a_all_universe_P1,2024-01-09,236439960.94486764,0.0,137078153.0,373518113.9448676,-0.007026226466516183,0.36699198213512385,0.6330080178648763,38,False,True,EXACT,100.0
2024-01-10,PATTERN_B_PROGRESSED_PREVIOUS_ET_ONLY_CANDIDATE_V01_battle_a_all_universe_P1,2024-01-10,236439960.94486764,0.0,136008155.0,372448115.9448676,-0.009870747018711157,0.36517342732412394,0.6348265726758762,38,False,True,EXACT,100.0
2024-01-11,PATTERN_B_PROGRESSED_PREVIOUS_ET_ONLY_CANDIDATE_V01_battle_a_all_universe_P1,2024-01-11,236439960.94486764,0.0,137039214.0,373479174.9448676,-0.007129743282231593,0.3669259846154193,0.6330740153845807,38,False,True,EXACT,100.0
2024-01-12,PATTERN_B_PROGRESSED_PREVIOUS_ET_ONLY_CANDIDATE_V01_battle_a_all_universe_P1,2024-01-12,236439960.94486764,0.0,134423117.0,370863077.9448676,-0.014084468135021622,0.362460231266223,0.637539768733777,38,False,True,EXACT,100.0
2024-01-15,PATTERN_B_PROGRESSED_PREVIOUS_ET_ONLY_CANDIDATE_V01_battle_a_all_universe_P1,2024-01-15,236439960.94486764,0.0,133748711.0,370188671.9448676,-0.01587733291376292,0.3612987677265264,0.6387012322734736,38,False,True,EXACT,100.0
2024-01-16,PATTERN_B_PROGRESSED_PREVIOUS_ET_ONLY_CANDIDATE_V01_battle_a_all_universe_P1,2024-01-16,236439960.94486764,0.0,132769901.0,369209861.9448676,-0.018479436059464116,0.3596055108079044,0.6403944891920956,38,False,True,EXACT,100.0
2024-01-17,PATTERN_B_PROGRESSED_PREVIOUS_ET_ONLY_CANDIDATE_V01_battle_a_all_universe_P1,2024-01-17,236439960.94486764,0.0,130634793.0,367074753.9448676,-0.024155482731659683,0.355880625393324,0.6441193746066761,38,False,True,EXACT,100.0
2024-01-18,PATTERN_B_PROGRESSED_PREVIOUS_ET_ONLY_CANDIDATE_V01_battle_a_all_universe_P1,2024-01-18,236439960.94486764,0.0,131023944.0,367463904.9448676,-0.023120949940563573,0.35656275959854655,0.6434372404014536,38,False,True,EXACT,100.0
2024-01-19,PATTERN_B_PROGRESSED_PREVIOUS_ET_ONLY_CANDIDATE_V01_battle_a_all_universe_P1,2024-01-19,236439960.94486764,0.0,131078331.0,367518291.9448676,-0.022976365614917893,0.3566579783181606,0.6433420216818395,38,False,True,EXACT,100.0
2024-01-22,PATTERN_B_PROGRESSED_PREVIOUS_ET_ONLY_CANDIDATE_V01_battle_a_all_universe_P1,2024-01-22,236439960.94486764,0.0,129508866.0,365948826.9448676,-0.02714868691687422,0.35389884176213326,0.6461011582378668,38,False,True,EXACT,100.0
2024-01-23,PATTERN_B_PROGRESSED_PREVIOUS_ET_ONLY_CANDIDATE_V01_battle_a_all_universe_P1,2024-01-23,236439960.94486764,0.0,129737233.0,366177193.9448676,-0.026541588001789296,0.3543017837957803,0.6456982162042197,38,False,True,EXACT,100.0
2024-01-24,PATTERN_B_PROGRESSED_PREVIOUS_ET_ONLY_CANDIDATE_V01_battle_a_all_universe_P1,2024-01-24,236439960.94486764,0.0,128177338.0,364617298.9448676,-0.030688468077047504,0.35153937668596796,0.6484606233140321,38,False,True,EXACT,100.0
2024-01-25,PATTERN_B_PROGRESSED_PREVIOUS_ET_ONLY_CANDIDATE_V01_battle_a_all_universe_P1,2024-01-25,236439960.94486764,0.0,126753569.0,363193529.9448676,-0.03447346597618195,0.3489973211230967,0.6510026788769033,38,False,True,EXACT,100.0
2024-01-26,PATTERN_B_PROGRESSED_PREVIOUS_ET_ONLY_CANDIDATE_V01_battle_a_all_universe_P1,2024-01-26,236439960.94486764,0.0,128134042.0,364574002.9448676,-0.030803567695764422,0.3514623669405659,0.6485376330594342,38,False,True,EXACT,100.0
2024-01-29,PATTERN_B_PROGRESSED_PREVIOUS_ET_ONLY_CANDIDATE_V01_battle_a_all_universe_P1,2024-01-29,236439960.94486764,0.0,127945167.0,364385127.9448676,-0.03130567968036235,0.3511262046330234,0.6488737953669766,38,False,True,EXACT,100.0
2024-01-30,PATTERN_B_PROGRESSED_PREVIOUS_ET_ONLY_CANDIDATE_V01_battle_a_all_universe_P1,2024-01-30,236439960.94486764,0.0,127196991.0,363636951.9448676,-0.03329465723794567,0.34979115934093746,0.6502088406590626,38,False,True,EXACT,100.0
2024-01-31,PATTERN_B_PROGRESSED_PREVIOUS_ET_ONLY_CANDIDATE_V01_battle_a_all_universe_P1,2024-01-31,236439960.94486764,0.0,126033545.0,362473505.9448676,-0.03638760326061952,0.347704157498258,0.6522958425017421,38,False,True,EXACT,100.0
2024-02-01,PATTERN_B_PROGRESSED_PREVIOUS_ET_ONLY_CANDIDATE_V01_battle_a_all_universe_P1,2024-02-01,216464374.41827196,20825907.763182297,124755897.0,362046179.18145424,-0.03752362385227703,0.34458559204259265,0.6554144079574074,37,False,True,EXACT,100.0
2024-02-02,PATTERN_B_PROGRESSED_PREVIOUS_ET_ONLY_CANDIDATE_V01_battle_a_all_universe_P1,2024-02-02,237290282.18145424,0.0,126086267.0,363376549.18145424,-0.03398692116028734,0.3469851515845566,0.6530148484154433,37,False,True,EXACT,100.0
2024-02-05,PATTERN_B_PROGRESSED_PREVIOUS_ET_ONLY_CANDIDATE_V01_battle_a_all_universe_P1,2024-02-05,237290282.18145424,0.0,125807493.0,363097775.18145424,-0.034728023828159205,0.3464837892138806,0.6535162107861194,37,False,True,EXACT,100.0
2024-02-06,PATTERN_B_PROGRESSED_PREVIOUS_ET_ONLY_CANDIDATE_V01_battle_a_all_universe_P1,2024-02-06,237290282.18145424,0.0,125421602.0,362711884.18145424,-0.035753890119878506,0.3457885100264738,0.6542114899735262,37,False,True,EXACT,100.0
2024-02-07,PATTERN_B_PROGRESSED_PREVIOUS_ET_ONLY_CANDIDATE_V01_battle_a_all_universe_P1,2024-02-07,237290282.18145424,0.0,125502305.0,362792587.18145424,-0.03553934640846612,0.34593403899189595,0.6540659610081041,37,False,True,EXACT,100.0
2024-02-08,PATTERN_B_PROGRESSED_PREVIOUS_ET_ONLY_CANDIDATE_V01_battle_a_all_universe_P1,2024-02-08,237290282.18145424,0.0,125801146.0,363091428.18145424,-0.034744896917589974,0.34647236545923393,0.6535276345407661,37,False,True,EXACT,100.0
2024-02-13,PATTERN_B_PROGRESSED_PREVIOUS_ET_ONLY_CANDIDATE_V01_battle_a_all_universe_P1,2024-02-13,237290282.18145424,0.0,128559759.0,365850041.18145424,-0.02741130248652357,0.35140014904696143,0.6485998509530385,37,False,True,EXACT,100.0
2024-02-14,PATTERN_B_PROGRESSED_PREVIOUS_ET_ONLY_CANDIDATE_V01_battle_a_all_universe_P1,2024-02-14,237290282.18145424,0.0,128709505.0,365999787.18145424,-0.027013212420365473,0.3516655186911046,0.6483344813088954,37,False,True,EXACT,100.0
2024-02-15,PATTERN_B_PROGRESSED_PREVIOUS_ET_ONLY_CANDIDATE_V01_battle_a_all_universe_P1,2024-02-15,237290282.18145424,0.0,128931289.0,366221571.18145424,-0.02642361398546378,0.35205815043624933,0.6479418495637507,37,False,True,EXACT,100.0
2024-02-16,PATTERN_B_PROGRESSED_PREVIOUS_ET_ONLY_CANDIDATE_V01_battle_a_all_universe_P1,2024-02-16,237290282.18145424,0.0,129735824.0,367026106.18145424,-0.02428480966764246,0.3534784632890932,0.6465215367109068,37,False,True,EXACT,100.0
2024-02-19,PATTERN_B_PROGRESSED_PREVIOUS_ET_ONLY_CANDIDATE_V01_battle_a_all_universe_P1,2024-02-19,237290282.18145424,0.0,129070124.0,366360406.18145424,-0.02605453010786396,0.3523036928179215,0.6476963071820785,37,False,True,EXACT,100.0
2024-02-20,PATTERN_B_PROGRESSED_PREVIOUS_ET_ONLY_CANDIDATE_V01_battle_a_all_universe_P1,2024-02-20,237290282.18145424,0.0,129545233.0,366835515.18145424,-0.02479148352737237,0.3531425601905551,0.6468574398094449,37,False,True,EXACT,100.0
2024-02-21,PATTERN_B_PROGRESSED_PREVIOUS_ET_ONLY_CANDIDATE_V01_battle_a_all_universe_P1,2024-02-21,237290282.18145424,0.0,129195027.0,366485309.18145424,-0.025722483552140685,0.3525244362142575,0.6474755637857426,37,False,True,EXACT,100.0
2024-02-22,PATTERN_B_PROGRESSED_PREVIOUS_ET_ONLY_CANDIDATE_V01_battle_a_all_universe_P1,2024-02-22,237290282.18145424,0.0,128607477.0,365897759.18145424,-0.027284447266504808,0.35148473521047613,0.6485152647895239,37,False,True,EXACT,100.0
2024-02-23,PATTERN_B_PROGRESSED_PREVIOUS_ET_ONLY_CANDIDATE_V01_battle_a_all_universe_P1,2024-02-23,237290282.18145424,0.0,127839545.0,365129827.18145424,-0.02932594487368556,0.3501207939839686,0.6498792060160314,37,False,True,EXACT,100.0
2024-02-26,PATTERN_B_PROGRESSED_PREVIOUS_ET_ONLY_CANDIDATE_V01_battle_a_all_universe_P1,2024-02-26,237290282.18145424,0.0,127998190.0,365288472.18145424,-0.02890419739097716,0.35040303690836944,0.6495969630916305,37,False,True,EXACT,100.0
2024-02-27,PATTERN_B_PROGRESSED_PREVIOUS_ET_ONLY_CANDIDATE_V01_battle_a_all_universe_P1,2024-02-27,237290282.18145424,0.0,126953470.0,364243752.18145424,-0.03168151801334207,0.3485398699076545,0.6514601300923455,37,False,True,EXACT,100.0
2024-02-28,PATTERN_B_PROGRESSED_PREVIOUS_ET_ONLY_CANDIDATE_V01_battle_a_all_universe_P1,2024-02-28,237290282.18145424,0.0,127323171.0,364613453.18145424,-0.030698691790613575,0.34920042003122714,0.6507995799687728,37,False,True,EXACT,100.0
2024-02-29,PATTERN_B_PROGRESSED_PREVIOUS_ET_ONLY_CANDIDATE_V01_battle_a_all_universe_P1,2024-02-29,237290282.18145424,0.0,126611794.0,363902076.18145424,-0.032589841584219514,0.3479281990599772,0.6520718009400228,37,False,True,EXACT,100.0
2024-03-04,PATTERN_B_PROGRESSED_PREVIOUS_ET_ONLY_CANDIDATE_V01_battle_a_all_universe_P1,2024-03-04,232300229.46580625,11497092.8493492,119175052.0,362972374.31515545,-0.035061393929271545,0.3283309156099156,0.6716690843900844,36,False,True,EXACT,100.0
2024-03-05,PATTERN_B_PROGRESSED_PREVIOUS_ET_ONLY_CANDIDATE_V01_battle_a_all_universe_P1,2024-03-05,243797322.31515545,0.0,119738629.0,363535951.31515545,-0.033563160886551424,0.329372180569279,0.670627819430721,36,False,True,EXACT,100.0
2024-03-06,PATTERN_B_PROGRESSED_PREVIOUS_ET_ONLY_CANDIDATE_V01_battle_a_all_universe_P1,2024-03-06,243797322.31515545,0.0,119217528.0,363014850.31515545,-0.03494847422757574,0.32840950692926185,0.6715904930707381,36,False,True,EXACT,100.0
2024-03-07,PATTERN_B_PROGRESSED_PREVIOUS_ET_ONLY_CANDIDATE_V01_battle_a_all_universe_P1,2024-03-07,243797322.31515545,0.0,118466815.0,362264137.31515545,-0.03694419623574774,0.3270177828752024,0.6729822171247977,36,False,True,EXACT,100.0
2024-03-08,PATTERN_B_PROGRESSED_PREVIOUS_ET_ONLY_CANDIDATE_V01_battle_a_all_universe_P1,2024-03-08,243797322.31515545,0.0,119181025.0,362978347.31515545,-0.03504551509467724,0.32834196827867873,0.6716580317213213,36,False,True,EXACT,100.0
2024-03-11,PATTERN_B_PROGRESSED_PREVIOUS_ET_ONLY_CANDIDATE_V01_battle_a_all_universe_P1,2024-03-11,243797322.31515545,0.0,119768606.0,363565928.31515545,-0.03348346896881593,0.32942747565767255,0.6705725243423274,36,False,True,EXACT,100.0
2024-03-12,PATTERN_B_PROGRESSED_PREVIOUS_ET_ONLY_CANDIDATE_V01_battle_a_all_universe_P1,2024-03-12,243797322.31515545,0.0,120350325.0,364147647.31515545,-0.03193700659122056,0.3304987026205926,0.6695012973794073,36,False,True,EXACT,100.0
2024-03-13,PATTERN_B_PROGRESSED_PREVIOUS_ET_ONLY_CANDIDATE_V01_battle_a_all_universe_P1,2024-03-13,243797322.31515545,0.0,120607394.0,364404716.31515545,-0.03125360526352439,0.33097100174656546,0.6690289982534345,36,False,True,EXACT,100.0
2024-03-14,PATTERN_B_PROGRESSED_PREVIOUS_ET_ONLY_CANDIDATE_V01_battle_a_all_universe_P1,2024-03-14,243797322.31515545,0.0,119782035.0,363579357.31515545,-0.033447768839941494,0.32945224361616143,0.6705477563838386,36,False,True,EXACT,100.0
2024-03-15,PATTERN_B_PROGRESSED_PREVIOUS_ET_ONLY_CANDIDATE_V01_battle_a_all_universe_P1,2024-03-15,243797322.31515545,0.0,119588791.0,363386113.31515545,-0.033961495528765484,0.329095655056812,0.670904344943188,36,False,True,EXACT,100.0
2024-03-18,PATTERN_B_PROGRESSED_PREVIOUS_ET_ONLY_CANDIDATE_V01_battle_a_all_universe_P1,2024-03-18,243797322.31515545,0.0,120328684.0,364126006.31515545,-0.031994537791531275,0.3304589123355668,0.6695410876644332,36,False,True,EXACT,100.0
2024-03-19,PATTERN_B_PROGRESSED_PREVIOUS_ET_ONLY_CANDIDATE_V01_battle_a_all_universe_P1,2024-03-19,243797322.31515545,0.0,120024411.0,363821733.31515545,-0.03280342790345481,0.3298989587739404,0.6701010412260596,36,False,True,EXACT,100.0
2024-03-20,PATTERN_B_PROGRESSED_PREVIOUS_ET_ONLY_CANDIDATE_V01_battle_a_all_universe_P1,2024-03-20,243797322.31515545,0.0,119750160.0,363547482.31515545,-0.03353250646805028,0.32939345154421906,0.6706065484557809,36,False,True,EXACT,100.0
2024-03-21,PATTERN_B_PROGRESSED_PREVIOUS_ET_ONLY_CANDIDATE_V01_battle_a_all_universe_P1,2024-03-21,243797322.31515545,0.0,120186360.0,363983682.31515545,-0.032372896950212504,0.3301971100340058,0.6698028899659941,36,False,True,EXACT,100.0
2024-03-22,PATTERN_B_PROGRESSED_PREVIOUS_ET_ONLY_CANDIDATE_V01_battle_a_all_universe_P1,2024-03-22,243797322.31515545,0.0,121228487.0,365025809.31515545,-0.029602469650818142,0.332109357492949,0.667890642507051,36,False,True,EXACT,100.0
2024-03-25,PATTERN_B_PROGRESSED_PREVIOUS_ET_ONLY_CANDIDATE_V01_battle_a_all_universe_P1,2024-03-25,243797322.31515545,0.0,121988697.0,365786019.31515545,-0.027581500481731802,0.33349742898428403,0.666502571015716,36,False,True,EXACT,100.0
2024-03-26,PATTERN_B_PROGRESSED_PREVIOUS_ET_ONLY_CANDIDATE_V01_battle_a_all_universe_P1,2024-03-26,243797322.31515545,0.0,122328000.0,366125322.31515545,-0.02667948537803866,0.3341151036111668,0.6658848963888332,36,False,True,EXACT,100.0
2024-03-27,PATTERN_B_PROGRESSED_PREVIOUS_ET_ONLY_CANDIDATE_V01_battle_a_all_universe_P1,2024-03-27,243797322.31515545,0.0,122721197.0,366518519.31515545,-0.025634196557348,0.3348294575382061,0.665170542461794,36,False,True,EXACT,100.0
2024-03-28,PATTERN_B_PROGRESSED_PREVIOUS_ET_ONLY_CANDIDATE_V01_battle_a_all_universe_P1,2024-03-28,243797322.31515545,0.0,122458010.0,366255332.31515545,-0.02633386219277023,0.33435147339951166,0.6656485266004883,36,False,True,EXACT,100.0
2024-03-29,PATTERN_B_PROGRESSED_PREVIOUS_ET_ONLY_CANDIDATE_V01_battle_a_all_universe_P1,2024-03-29,243797322.31515545,0.0,122119621.0,365916943.31515545,-0.02723344748651535,0.3337359016327957,0.6662640983672043,36,False,True,EXACT,100.0
2024-04-01,PATTERN_B_PROGRESSED_PREVIOUS_ET_ONLY_CANDIDATE_V01_battle_a_all_universe_P1,2024-04-01,243797322.31515545,7571443.953024,115833197.0,367201963.2681794,-0.023817304964419694,0.3154481963251468,0.6845518036748532,35,False,True,EXACT,100.0
2024-04-02,PATTERN_B_PROGRESSED_PREVIOUS_ET_ONLY_CANDIDATE_V01_battle_a_all_universe_P1,2024-04-02,251368766.26817945,0.0,113919511.0,365288277.2681794,-0.028904715555325255,0.31186194052530475,0.6881380594746953,35,False,True,EXACT,100.0
2024-04-03,PATTERN_B_PROGRESSED_PREVIOUS_ET_ONLY_CANDIDATE_V01_battle_a_all_universe_P1,2024-04-03,251368766.26817945,0.0,113023601.0,364392367.2681794,-0.031286434407058694,0.3101700561055352,0.6898299438944648,35,False,True,EXACT,100.0
2024-04-04,PATTERN_B_PROGRESSED_PREVIOUS_ET_ONLY_CANDIDATE_V01_battle_a_all_universe_P1,2024-04-04,251368766.26817945,0.0,112707740.0,364076506.2681794,-0.032126130468300707,0.30957158196024676,0.6904284180397533,35,False,True,EXACT,100.0
2024-04-05,PATTERN_B_PROGRESSED_PREVIOUS_ET_ONLY_CANDIDATE_V01_battle_a_all_universe_P1,2024-04-05,251368766.26817945,0.0,112058102.0,363426868.2681794,-0.03385315111926157,0.30833741746719245,0.6916625825328077,35,False,True,EXACT,100.0
2024-04-08,PATTERN_B_PROGRESSED_PREVIOUS_ET_ONLY_CANDIDATE_V01_battle_a_all_universe_P1,2024-04-08,251368766.26817945,0.0,111005880.0,362374646.2681794,-0.03665041532393454,0.30632904686673046,0.6936709531332697,35,False,True,EXACT,100.0
2024-04-09,PATTERN_B_PROGRESSED_PREVIOUS_ET_ONLY_CANDIDATE_V01_battle_a_all_universe_P1,2024-04-09,251368766.26817945,0.0,111825843.0,363194609.2681794,-0.03447059666489083,0.30789510677298865,0.6921048932270114,35,False,True,EXACT,100.0
2024-04-11,PATTERN_B_PROGRESSED_PREVIOUS_ET_ONLY_CANDIDATE_V01_battle_a_all_universe_P1,2024-04-11,251368766.26817945,0.0,111291886.0,362660652.2681794,-0.03589008685131023,0.3068760983689572,0.6931239016310429,35,False,True,EXACT,100.0
2024-04-12,PATTERN_B_PROGRESSED_PREVIOUS_ET_ONLY_CANDIDATE_V01_battle_a_all_universe_P1,2024-04-12,251368766.26817945,0.0,111285582.0,362654348.2681794,-0.03590684562801916,0.3068640498354245,0.6931359501645756,35,False,True,EXACT,100.0
2024-04-15,PATTERN_B_PROGRESSED_PREVIOUS_ET_ONLY_CANDIDATE_V01_battle_a_all_universe_P1,2024-04-15,251368766.26817945,0.0,111533753.0,362902519.2681794,-0.035247099058437925,0.30733805106924117,0.6926619489307589,35,False,True,EXACT,100.0
2024-04-16,PATTERN_B_PROGRESSED_PREVIOUS_ET_ONLY_CANDIDATE_V01_battle_a_all_universe_P1,2024-04-16,251368766.26817945,0.0,111138083.0,362506849.2681794,-0.03629896218985218,0.3065820224483014,0.6934179775516986,35,False,True,EXACT,100.0
2024-04-17,PATTERN_B_PROGRESSED_PREVIOUS_ET_ONLY_CANDIDATE_V01_battle_a_all_universe_P1,2024-04-17,251368766.26817945,0.0,111108776.0,362477542.2681794,-0.03637687295587533,0.30652595828349566,0.6934740417165044,35,False,True,EXACT,100.0
2024-04-18,PATTERN_B_PROGRESSED_PREVIOUS_ET_ONLY_CANDIDATE_V01_battle_a_all_universe_P1,2024-04-18,251368766.26817945,0.0,112420248.0,363789014.2681794,-0.03289040937591703,0.30902595622946877,0.6909740437705313,35,False,True,EXACT,100.0
2024-04-19,PATTERN_B_PROGRESSED_PREVIOUS_ET_ONLY_CANDIDATE_V01_battle_a_all_universe_P1,2024-04-19,251368766.26817945,0.0,111774187.0,363142953.2681794,-0.03460792080348196,0.30779665691999614,0.692203343080004,35,False,True,EXACT,100.0
2024-04-22,PATTERN_B_PROGRESSED_PREVIOUS_ET_ONLY_CANDIDATE_V01_battle_a_all_universe_P1,2024-04-22,251368766.26817945,0.0,113208028.0,364576794.2681794,-0.030796147143082764,0.3105190176112119,0.6894809823887881,35,False,True,EXACT,100.0
2024-04-23,PATTERN_B_PROGRESSED_PREVIOUS_ET_ONLY_CANDIDATE_V01_battle_a_all_universe_P1,2024-04-23,251368766.26817945,0.0,113410896.0,364779662.2681794,-0.03025683567204951,0.31090246450368814,0.6890975354963119,35,False,True,EXACT,100.0
2024-04-24,PATTERN_B_PROGRESSED_PREVIOUS_ET_ONLY_CANDIDATE_V01_battle_a_all_universe_P1,2024-04-24,251368766.26817945,0.0,114494473.0,365863239.2681794,-0.027376216225671324,0.3129433643812327,0.6870566356187674,35,False,True,EXACT,100.0
2024-04-25,PATTERN_B_PROGRESSED_PREVIOUS_ET_ONLY_CANDIDATE_V01_battle_a_all_universe_P1,2024-04-25,251368766.26817945,0.0,114464586.0,365833352.2681794,-0.027455668884221573,0.31288723483060144,0.6871127651693987,35,False,True,EXACT,100.0
2024-04-26,PATTERN_B_PROGRESSED_PREVIOUS_ET_ONLY_CANDIDATE_V01_battle_a_all_universe_P1,2024-04-26,251368766.26817945,0.0,114685231.0,366053997.2681794,-0.02686909840723084,0.3133014032243418,0.6866985967756583,35,False,True,EXACT,100.0
2024-04-29,PATTERN_B_PROGRESSED_PREVIOUS_ET_ONLY_CANDIDATE_V01_battle_a_all_universe_P1,2024-04-29,251368766.26817945,0.0,115289001.0,366657767.2681794,-0.0252640148708142,0.3144321797925414,0.6855678202074587,35,False,True,EXACT,100.0
2024-04-30,PATTERN_B_PROGRESSED_PREVIOUS_ET_ONLY_CANDIDATE_V01_battle_a_all_universe_P1,2024-04-30,251368766.26817945,0.0,114685878.0,366054644.2681794,-0.02686737839953246,0.3133026169611406,0.6866973830388595,35,False,True,EXACT,100.0
2024-05-02,PATTERN_B_PROGRESSED_PREVIOUS_ET_ONLY_CANDIDATE_V01_battle_a_all_universe_P1,2024-05-02,231386159.67673194,14359429.802393999,120822947.0,366568536.479126,-0.02550122915845876,0.32960533972855083,0.6703946602714491,37,False,True,EXACT,100.0
2024-05-03,PATTERN_B_PROGRESSED_PREVIOUS_ET_ONLY_CANDIDATE_V01_battle_a_all_universe_P1,2024-05-03,245745589.47912595,0.0,121149288.0,366894877.479126,-0.02463367269431216,0.3302016338641649,0.669798366135835,37,False,True,EXACT,100.0
2024-05-07,PATTERN_B_PROGRESSED_PREVIOUS_ET_ONLY_CANDIDATE_V01_battle_a_all_universe_P1,2024-05-07,245745589.47912595,0.0,121734811.0,367480400.479126,-0.023077097628486976,0.33126885363486186,0.6687311463651381,37,False,True,EXACT,100.0
2024-05-08,PATTERN_B_PROGRESSED_PREVIOUS_ET_ONLY_CANDIDATE_V01_battle_a_all_universe_P1,2024-05-08,245745589.47912595,0.0,122684950.0,368430539.479126,-0.02055121448389985,0.33299343255705033,0.6670065674429496,37,False,True,EXACT,100.0
2024-05-09,PATTERN_B_PROGRESSED_PREVIOUS_ET_ONLY_CANDIDATE_V01_battle_a_all_universe_P1,2024-05-09,245745589.47912595,0.0,122285528.0,368031117.479126,-0.021613052064903493,0.3322695342654981,0.6677304657345018,37,False,True,EXACT,100.0
2024-05-10,PATTERN_B_PROGRESSED_PREVIOUS_ET_ONLY_CANDIDATE_V01_battle_a_all_universe_P1,2024-05-10,245745589.47912595,0.0,122570535.0,368316124.479126,-0.020855379369235427,0.33278623132055296,0.6672137686794469,37,False,True,EXACT,100.0
2024-05-13,PATTERN_B_PROGRESSED_PREVIOUS_ET_ONLY_CANDIDATE_V01_battle_a_all_universe_P1,2024-05-13,245745589.47912595,0.0,122079806.0,367825395.479126,-0.02215995071054455,0.33189607759676293,0.668103922403237,37,False,True,EXACT,100.0
2024-05-14,PATTERN_B_PROGRESSED_PREVIOUS_ET_ONLY_CANDIDATE_V01_battle_a_all_universe_P1,2024-05-14,245745589.47912595,0.0,123039280.0,368784869.479126,-0.019609251071576406,0.33363429517534554,0.6663657048246544,37,False,True,EXACT,100.0
2024-05-16,PATTERN_B_PROGRESSED_PREVIOUS_ET_ONLY_CANDIDATE_V01_battle_a_all_universe_P1,2024-05-16,245745589.47912595,0.0,123937257.0,369682846.479126,-0.017222037233888488,0.33525292877498464,0.6647470712250153,37,False,True,EXACT,100.0
2024-05-17,PATTERN_B_PROGRESSED_PREVIOUS_ET_ONLY_CANDIDATE_V01_battle_a_all_universe_P1,2024-05-17,245745589.47912595,0.0,123397135.0,369142724.479126,-0.018657916674497343,0.33428028460839343,0.6657197153916065,37,False,True,EXACT,100.0
2024-05-20,PATTERN_B_PROGRESSED_PREVIOUS_ET_ONLY_CANDIDATE_V01_battle_a_all_universe_P1,2024-05-20,245745589.47912595,0.0,122761953.0,368507542.479126,-0.02034650698343654,0.3331328096410776,0.6668671903589223,37,False,True,EXACT,100.0
2024-05-21,PATTERN_B_PROGRESSED_PREVIOUS_ET_ONLY_CANDIDATE_V01_battle_a_all_universe_P1,2024-05-21,245745589.47912595,0.0,122274941.0,368020530.479126,-0.0216411969203949,0.3322503253848644,0.6677496746151356,37,False,True,EXACT,100.0
2024-05-22,PATTERN_B_PROGRESSED_PREVIOUS_ET_ONLY_CANDIDATE_V01_battle_a_all_universe_P1,2024-05-22,245745589.47912595,0.0,121209519.0,366955108.479126,-0.024473552472237703,0.3303115727216942,0.6696884272783057,37,False,True,EXACT,100.0
2024-05-23,PATTERN_B_PROGRESSED_PREVIOUS_ET_ONLY_CANDIDATE_V01_battle_a_all_universe_P1,2024-05-23,245745589.47912595,0.0,121216418.0,366962007.479126,-0.02445521192647071,0.33032416307264506,0.6696758369273549,37,False,True,EXACT,100.0
2024-05-24,PATTERN_B_PROGRESSED_PREVIOUS_ET_ONLY_CANDIDATE_V01_battle_a_all_universe_P1,2024-05-24,245745589.47912595,0.0,120413831.0,366159420.479126,-0.02658883761214914,0.3288562966437854,0.6711437033562145,37,False,True,EXACT,100.0
2024-05-27,PATTERN_B_PROGRESSED_PREVIOUS_ET_ONLY_CANDIDATE_V01_battle_a_all_universe_P1,2024-05-27,245745589.47912595,0.0,120088750.0,365834339.479126,-0.027453044447702135,0.3282599172373541,0.6717400827626459,37,False,True,EXACT,100.0
2024-05-28,PATTERN_B_PROGRESSED_PREVIOUS_ET_ONLY_CANDIDATE_V01_battle_a_all_universe_P1,2024-05-28,245745589.47912595,0.0,120197083.0,365942672.479126,-0.027165048166418515,0.32845877794384926,0.6715412220561506,37,False,True,EXACT,100.0
2024-05-29,PATTERN_B_PROGRESSED_PREVIOUS_ET_ONLY_CANDIDATE_V01_battle_a_all_universe_P1,2024-05-29,245745589.47912595,0.0,118375299.0,364120888.479126,-0.03200814322796064,0.3250988963979366,0.6749011036020633,37,False,True,EXACT,100.0
2024-05-30,PATTERN_B_PROGRESSED_PREVIOUS_ET_ONLY_CANDIDATE_V01_battle_a_all_universe_P1,2024-05-30,245745589.47912595,0.0,118705685.0,364451274.479126,-0.03112983339265496,0.32571071446973054,0.6742892855302693,37,False,True,EXACT,100.0
2024-05-31,PATTERN_B_PROGRESSED_PREVIOUS_ET_ONLY_CANDIDATE_V01_battle_a_all_universe_P1,2024-05-31,245745589.47912595,0.0,119811408.0,365556997.479126,-0.028190340236093236,0.3277502792347491,0.6722497207652508,37,False,True,EXACT,100.0
2024-06-03,PATTERN_B_PROGRESSED_PREVIOUS_ET_ONLY_CANDIDATE_V01_battle_a_all_universe_P1,2024-06-03,225788051.68743446,16040709.357626248,125412389.0,367241150.04506075,-0.023713129449873693,0.3414987372319573,0.6585012627680427,38,False,True,EXACT,100.0
2024-06-04,PATTERN_B_PROGRESSED_PREVIOUS_ET_ONLY_CANDIDATE_V01_battle_a_all_universe_P1,2024-06-04,241828761.04506072,0.0,125380314.0,367209075.04506075,-0.023798398765060846,0.34144121842472,0.6585587815752799,38,False,True,EXACT,100.0
2024-06-05,PATTERN_B_PROGRESSED_PREVIOUS_ET_ONLY_CANDIDATE_V01_battle_a_all_universe_P1,2024-06-05,241828761.04506072,0.0,125100328.0,366929089.04506075,-0.024542723456627447,0.3409387037849077,0.6590612962150922,38,False,True,EXACT,100.0
2024-06-07,PATTERN_B_PROGRESSED_PREVIOUS_ET_ONLY_CANDIDATE_V01_battle_a_all_universe_P1,2024-06-07,241828761.04506072,0.0,125096818.0,366925579.04506075,-0.0245520545648521,0.34093239922267,0.65906760077733,38,False,True,EXACT,100.0
2024-06-10,PATTERN_B_PROGRESSED_PREVIOUS_ET_ONLY_CANDIDATE_V01_battle_a_all_universe_P1,2024-06-10,241828761.04506072,0.0,125159830.0,366988591.04506075,-0.024384541233953394,0.3410455612355323,0.6589544387644676,38,False,True,EXACT,100.0
2024-06-11,PATTERN_B_PROGRESSED_PREVIOUS_ET_ONLY_CANDIDATE_V01_battle_a_all_universe_P1,2024-06-11,241828761.04506072,0.0,126121001.0,367949762.04506075,-0.021829330230125565,0.34276690464214693,0.657233095357853,38,False,True,EXACT,100.0
2024-06-12,PATTERN_B_PROGRESSED_PREVIOUS_ET_ONLY_CANDIDATE_V01_battle_a_all_universe_P1,2024-06-12,241828761.04506072,0.0,127180587.0,369009348.04506075,-0.01901248930722843,0.3446541061189312,0.6553458938810687,38,False,True,EXACT,100.0
2024-06-13,PATTERN_B_PROGRESSED_PREVIOUS_ET_ONLY_CANDIDATE_V01_battle_a_all_universe_P1,2024-06-13,241828761.04506072,0.0,126900128.0,368728889.04506075,-0.019758071438735314,0.34415564326583614,0.6558443567341637,38,False,True,EXACT,100.0
2024-06-14,PATTERN_B_PROGRESSED_PREVIOUS_ET_ONLY_CANDIDATE_V01_battle_a_all_universe_P1,2024-06-14,241828761.04506072,0.0,125717495.0,367546256.04506075,-0.0229020248612688,0.3420453696162455,0.6579546303837545,38,False,True,EXACT,100.0
2024-06-17,PATTERN_B_PROGRESSED_PREVIOUS_ET_ONLY_CANDIDATE_V01_battle_a_all_universe_P1,2024-06-17,241828761.04506072,0.0,124648335.0,366477096.04506075,-0.025744317644605608,0.34012585328026523,0.6598741467197347,38,False,True,EXACT,100.0
2024-06-18,PATTERN_B_PROGRESSED_PREVIOUS_ET_ONLY_CANDIDATE_V01_battle_a_all_universe_P1,2024-06-18,241828761.04506072,0.0,123797733.0,365626494.04506075,-0.028005588105614043,0.3385907066809629,0.661409293319037,38,False,True,EXACT,100.0
2024-06-19,PATTERN_B_PROGRESSED_PREVIOUS_ET_ONLY_CANDIDATE_V01_battle_a_all_universe_P1,2024-06-19,241828761.04506072,0.0,122927290.0,364756051.04506075,-0.030319604583228243,0.33701233919986145,0.6629876608001385,38,False,True,EXACT,100.0
2024-06-20,PATTERN_B_PROGRESSED_PREVIOUS_ET_ONLY_CANDIDATE_V01_battle_a_all_universe_P1,2024-06-20,241828761.04506072,0.0,122782379.0,364611140.04506075,-0.030704841114267745,0.33674884147759676,0.6632511585224031,38,False,True,EXACT,100.0
2024-06-21,PATTERN_B_PROGRESSED_PREVIOUS_ET_ONLY_CANDIDATE_V01_battle_a_all_universe_P1,2024-06-21,241828761.04506072,0.0,121011063.0,362839824.04506075,-0.03541377025846404,0.3335109736602996,0.6664890263397003,38,False,True,EXACT,100.0
2024-06-24,PATTERN_B_PROGRESSED_PREVIOUS_ET_ONLY_CANDIDATE_V01_battle_a_all_universe_P1,2024-06-24,241828761.04506072,0.0,118931204.0,360759965.04506075,-0.040942941033706326,0.3296685206883887,0.6703314793116112,38,False,True,EXACT,100.0
2024-06-25,PATTERN_B_PROGRESSED_PREVIOUS_ET_ONLY_CANDIDATE_V01_battle_a_all_universe_P1,2024-06-25,241828761.04506072,0.0,120194686.0,362023447.04506075,-0.037584055768193236,0.3320080148981054,0.6679919851018945,38,False,True,EXACT,100.0
2024-06-26,PATTERN_B_PROGRESSED_PREVIOUS_ET_ONLY_CANDIDATE_V01_battle_a_all_universe_P1,2024-06-26,241828761.04506072,0.0,119796829.0,361625590.04506075,-0.038641732897809034,0.3312730965335517,0.6687269034664483,38,False,True,EXACT,100.0
2024-06-27,PATTERN_B_PROGRESSED_PREVIOUS_ET_ONLY_CANDIDATE_V01_battle_a_all_universe_P1,2024-06-27,241828761.04506072,0.0,118648896.0,360477657.04506075,-0.041693438612252276,0.32914355073376583,0.6708564492662341,38,False,True,EXACT,100.0
2024-06-28,PATTERN_B_PROGRESSED_PREVIOUS_ET_ONLY_CANDIDATE_V01_battle_a_all_universe_P1,2024-06-28,241828761.04506072,0.0,118633270.0,360462031.04506075,-0.0417349793236822,0.3291144691607473,0.6708855308392526,38,False,True,EXACT,100.0
2024-07-01,PATTERN_B_PROGRESSED_PREVIOUS_ET_ONLY_CANDIDATE_V01_battle_a_all_universe_P1,2024-07-01,241828761.04506072,0.0,119896724.0,361725485.04506075,-0.03837616849436021,0.33145777380066066,0.6685422261993392,38,False,True,EXACT,100.0
2024-07-02,PATTERN_B_PROGRESSED_PREVIOUS_ET_ONLY_CANDIDATE_V01_battle_a_all_universe_P1,2024-07-02,241828761.04506072,0.0,118749977.0,360578738.04506075,-0.04142472130442887,0.3293316118521666,0.6706683881478334,38,False,True,EXACT,100.0
2024-07-03,PATTERN_B_PROGRESSED_PREVIOUS_ET_ONLY_CANDIDATE_V01_battle_a_all_universe_P1,2024-07-03,241828761.04506072,0.0,117768091.0,359596852.04506075,-0.044035001797394835,0.32750033914435545,0.6724996608556445,38,False,True,EXACT,100.0
2024-07-04,PATTERN_B_PROGRESSED_PREVIOUS_ET_ONLY_CANDIDATE_V01_battle_a_all_universe_P1,2024-07-04,241828761.04506072,0.0,117763827.0,359592588.04506075,-0.0440463373659048,0.3274923647348453,0.6725076352651547,38,False,True,EXACT,100.0
2024-07-05,PATTERN_B_PROGRESSED_PREVIOUS_ET_ONLY_CANDIDATE_V01_battle_a_all_universe_P1,2024-07-05,241828761.04506072,0.0,117312810.0,359141571.04506075,-0.04524533692094068,0.3266478165104451,0.6733521834895548,38,False,True,EXACT,100.0
2024-07-08,PATTERN_B_PROGRESSED_PREVIOUS_ET_ONLY_CANDIDATE_V01_battle_a_all_universe_P1,2024-07-08,241828761.04506072,0.0,118984293.0,360813054.04506075,-0.04080180735719896,0.3297671513435333,0.6702328486564666,38,False,True,EXACT,100.0
2024-07-09,PATTERN_B_PROGRESSED_PREVIOUS_ET_ONLY_CANDIDATE_V01_battle_a_all_universe_P1,2024-07-09,241828761.04506072,0.0,119411829.0,361240590.04506075,-0.039665230523594386,0.3305603863206643,0.6694396136793356,38,False,True,EXACT,100.0
2024-07-10,PATTERN_B_PROGRESSED_PREVIOUS_ET_ONLY_CANDIDATE_V01_battle_a_all_universe_P1,2024-07-10,241828761.04506072,0.0,119594561.0,361423322.04506075,-0.03917944930760742,0.33089884826272903,0.6691011517372709,38,False,True,EXACT,100.0
2024-07-11,PATTERN_B_PROGRESSED_PREVIOUS_ET_ONLY_CANDIDATE_V01_battle_a_all_universe_P1,2024-07-11,241828761.04506072,0.0,118605653.0,360434414.04506075,-0.04180839733389341,0.3290630649524276,0.6709369350475723,38,False,True,EXACT,100.0
2024-07-12,PATTERN_B_PROGRESSED_PREVIOUS_ET_ONLY_CANDIDATE_V01_battle_a_all_universe_P1,2024-07-12,241828761.04506072,0.0,118653820.0,360482581.04506075,-0.0416803484763838,0.32915271427544546,0.6708472857245544,38,False,True,EXACT,100.0
2024-07-15,PATTERN_B_PROGRESSED_PREVIOUS_ET_ONLY_CANDIDATE_V01_battle_a_all_universe_P1,2024-07-15,241828761.04506072,0.0,119306764.0,361135525.04506075,-0.0399445390380182,0.33036562654730095,0.6696343734526989,38,False,True,EXACT,100.0
2024-07-16,PATTERN_B_PROGRESSED_PREVIOUS_ET_ONLY_CANDIDATE_V01_battle_a_all_universe_P1,2024-07-16,241828761.04506072,0.0,119790110.0,361618871.04506075,-0.03865959492520554,0.3312606713632297,0.6687393286367702,38,False,True,EXACT,100.0
2024-07-17,PATTERN_B_PROGRESSED_PREVIOUS_ET_ONLY_CANDIDATE_V01_battle_a_all_universe_P1,2024-07-17,241828761.04506072,0.0,120623946.0,362452707.04506075,-0.03644289579197346,0.33279913118431703,0.6672008688156829,38,False,True,EXACT,100.0
2024-07-18,PATTERN_B_PROGRESSED_PREVIOUS_ET_ONLY_CANDIDATE_V01_battle_a_all_universe_P1,2024-07-18,241828761.04506072,0.0,119830744.0,361659505.04506075,-0.03855157206150128,0.33133580710140537,0.6686641928985946,38,False,True,EXACT,100.0
2024-07-19,PATTERN_B_PROGRESSED_PREVIOUS_ET_ONLY_CANDIDATE_V01_battle_a_all_universe_P1,2024-07-19,241828761.04506072,0.0,120650177.0,362478938.04506075,-0.036373162373215084,0.3328474135647618,0.6671525864352381,38,False,True,EXACT,100.0
2024-07-22,PATTERN_B_PROGRESSED_PREVIOUS_ET_ONLY_CANDIDATE_V01_battle_a_all_universe_P1,2024-07-22,241828761.04506072,0.0,120819622.0,362648383.04506075,-0.035922703788277,0.3331591360907505,0.6668408639092495,38,False,True,EXACT,100.0
2024-07-23,PATTERN_B_PROGRESSED_PREVIOUS_ET_ONLY_CANDIDATE_V01_battle_a_all_universe_P1,2024-07-23,241828761.04506072,0.0,122129822.0,363958583.04506075,-0.03243962173813686,0.33555966994431186,0.664440330055688,38,False,True,EXACT,100.0
2024-07-24,PATTERN_B_PROGRESSED_PREVIOUS_ET_ONLY_CANDIDATE_V01_battle_a_all_universe_P1,2024-07-24,241828761.04506072,0.0,119509812.0,361338573.04506075,-0.03940474904861435,0.3307419160729804,0.6692580839270195,38,False,True,EXACT,100.0
2024-07-25,PATTERN_B_PROGRESSED_PREVIOUS_ET_ONLY_CANDIDATE_V01_battle_a_all_universe_P1,2024-07-25,241828761.04506072,0.0,118225555.0,360054316.04506075,-0.04281886330938889,0.32835477796412277,0.6716452220358772,38,False,True,EXACT,100.0
2024-07-26,PATTERN_B_PROGRESSED_PREVIOUS_ET_ONLY_CANDIDATE_V01_battle_a_all_universe_P1,2024-07-26,241828761.04506072,0.0,119446856.0,361275617.04506075,-0.03957211350713108,0.330625290953698,0.6693747090463019,38,False,True,EXACT,100.0
2024-07-29,PATTERN_B_PROGRESSED_PREVIOUS_ET_ONLY_CANDIDATE_V01_battle_a_all_universe_P1,2024-07-29,241828761.04506072,0.0,120005665.0,361834426.04506075,-0.038086555884358386,0.33165905829274295,0.668340941707257,38,False,True,EXACT,100.0
2024-07-30,PATTERN_B_PROGRESSED_PREVIOUS_ET_ONLY_CANDIDATE_V01_battle_a_all_universe_P1,2024-07-30,241828761.04506072,0.0,118960271.0,360789032.04506075,-0.04086566829217719,0.32972252600279284,0.670277473997207,38,False,True,EXACT,100.0
2024-07-31,PATTERN_B_PROGRESSED_PREVIOUS_ET_ONLY_CANDIDATE_V01_battle_a_all_universe_P1,2024-07-31,241828761.04506072,0.0,118918496.0,360747257.04506075,-0.04097672443066336,0.3296449070024279,0.670355092997572,38,False,True,EXACT,100.0
2024-08-01,PATTERN_B_PROGRESSED_PREVIOUS_ET_ONLY_CANDIDATE_V01_battle_a_all_universe_P1,2024-08-01,211868111.39162624,23115430.125306,127400203.0,362383744.51693225,-0.03662622821744799,0.3515615833426195,0.6484384166573806,39,False,True,EXACT,100.0
2024-08-02,PATTERN_B_PROGRESSED_PREVIOUS_ET_ONLY_CANDIDATE_V01_battle_a_all_universe_P1,2024-08-02,234983541.51693225,0.0,122801160.0,357784701.51693225,-0.04885248689636934,0.3432264137604229,0.656773586239577,39,False,True,EXACT,100.0
2024-08-05,PATTERN_B_PROGRESSED_PREVIOUS_ET_ONLY_CANDIDATE_V01_battle_a_all_universe_P1,2024-08-05,234983541.51693225,0.0,108366622.0,343350163.51693225,-0.08722577357768957,0.3156154664089913,0.6843845335910087,39,False,True,EXACT,100.0
2024-08-06,PATTERN_B_PROGRESSED_PREVIOUS_ET_ONLY_CANDIDATE_V01_battle_a_all_universe_P1,2024-08-06,234983541.51693225,0.0,113703379.0,348686920.51693225,-0.07303834989225244,0.32609017519622896,0.673909824803771,39,False,True,EXACT,100.0
2024-08-07,PATTERN_B_PROGRESSED_PREVIOUS_ET_ONLY_CANDIDATE_V01_battle_a_all_universe_P1,2024-08-07,234983541.51693225,0.0,115698743.0,350682284.51693225,-0.06773380361542769,0.3299246871263428,0.6700753128736572,39,False,True,EXACT,100.0
2024-08-08,PATTERN_B_PROGRESSED_PREVIOUS_ET_ONLY_CANDIDATE_V01_battle_a_all_universe_P1,2024-08-08,234983541.51693225,0.0,115586105.0,350569646.51693225,-0.06803324446107228,0.32970939198073806,0.6702906080192619,39,False,True,EXACT,100.0
2024-08-09,PATTERN_B_PROGRESSED_PREVIOUS_ET_ONLY_CANDIDATE_V01_battle_a_all_universe_P1,2024-08-09,234983541.51693225,0.0,117770480.0,352754021.51693225,-0.062226224652436324,0.3338600634333151,0.6661399365666849,39,False,True,EXACT,100.0
2024-08-12,PATTERN_B_PROGRESSED_PREVIOUS_ET_ONLY_CANDIDATE_V01_battle_a_all_universe_P1,2024-08-12,234983541.51693225,0.0,119193617.0,354177158.51693225,-0.0584429068844694,0.3365367137144212,0.6634632862855788,39,False,True,EXACT,100.0
2024-08-13,PATTERN_B_PROGRESSED_PREVIOUS_ET_ONLY_CANDIDATE_V01_battle_a_all_universe_P1,2024-08-13,234983541.51693225,0.0,118738627.0,353722168.51693225,-0.05965246840331628,0.3356833061886991,0.6643166938113009,39,False,True,EXACT,100.0
2024-08-14,PATTERN_B_PROGRESSED_PREVIOUS_ET_ONLY_CANDIDATE_V01_battle_a_all_universe_P1,2024-08-14,234983541.51693225,0.0,121027424.0,356010965.51693225,-0.053567849454213445,0.33995420288323625,0.6600457971167638,39,False,True,EXACT,100.0
2024-08-16,PATTERN_B_PROGRESSED_PREVIOUS_ET_ONLY_CANDIDATE_V01_battle_a_all_universe_P1,2024-08-16,234983541.51693225,0.0,121895548.0,356879089.51693225,-0.05125999788827251,0.341559793164112,0.658440206835888,39,False,True,EXACT,100.0
2024-08-19,PATTERN_B_PROGRESSED_PREVIOUS_ET_ONLY_CANDIDATE_V01_battle_a_all_universe_P1,2024-08-19,234983541.51693225,0.0,120948039.0,355931580.51693225,-0.053778889347779635,0.3398069899398722,0.6601930100601279,39,False,True,EXACT,100.0
2024-08-20,PATTERN_B_PROGRESSED_PREVIOUS_ET_ONLY_CANDIDATE_V01_battle_a_all_universe_P1,2024-08-20,234983541.51693225,0.0,124200556.0,359184097.51693225,-0.045132283043035515,0.34578523063411815,0.6542147693658819,39,False,True,EXACT,100.0
2024-08-21,PATTERN_B_PROGRESSED_PREVIOUS_ET_ONLY_CANDIDATE_V01_battle_a_all_universe_P1,2024-08-21,234983541.51693225,0.0,122771298.0,357754839.51693225,-0.048931873094034795,0.3431715924955065,0.6568284075044935,39,False,True,EXACT,100.0
2024-08-22,PATTERN_B_PROGRESSED_PREVIOUS_ET_ONLY_CANDIDATE_V01_battle_a_all_universe_P1,2024-08-22,234983541.51693225,0.0,121613934.0,356597475.51693225,-0.052008650512656684,0.34103980636347897,0.658960193636521,39,False,True,EXACT,100.0
2024-08-23,PATTERN_B_PROGRESSED_PREVIOUS_ET_ONLY_CANDIDATE_V01_battle_a_all_universe_P1,2024-08-23,234983541.51693225,0.0,120249976.0,355233517.51693225,-0.05563464473258117,0.33850965652267956,0.6614903434773205,39,False,True,EXACT,100.0
2024-08-26,PATTERN_B_PROGRESSED_PREVIOUS_ET_ONLY_CANDIDATE_V01_battle_a_all_universe_P1,2024-08-26,234983541.51693225,0.0,118634273.0,353617814.51693225,-0.05992988677017663,0.3354872637343316,0.6645127362656684,39,False,True,EXACT,100.0
2024-08-27,PATTERN_B_PROGRESSED_PREVIOUS_ET_ONLY_CANDIDATE_V01_battle_a_all_universe_P1,2024-08-27,234983541.51693225,0.0,118618919.0,353602460.51693225,-0.059970704387179996,0.3354584094991611,0.6645415905008389,39,False,True,EXACT,100.0
2024-08-28,PATTERN_B_PROGRESSED_PREVIOUS_ET_ONLY_CANDIDATE_V01_battle_a_all_universe_P1,2024-08-28,234983541.51693225,0.0,118345341.0,353328882.51693225,-0.060697993824756935,0.33494386351030514,0.6650561364896949,39,False,True,EXACT,100.0
2024-08-29,PATTERN_B_PROGRESSED_PREVIOUS_ET_ONLY_CANDIDATE_V01_battle_a_all_universe_P1,2024-08-29,234983541.51693225,0.0,117165638.0,352149179.51693225,-0.06383415803159287,0.33271591931784233,0.6672840806821577,39,False,True,EXACT,100.0
2024-08-30,PATTERN_B_PROGRESSED_PREVIOUS_ET_ONLY_CANDIDATE_V01_battle_a_all_universe_P1,2024-08-30,234983541.51693225,0.0,118182775.0,353166316.51693225,-0.06113016503263591,0.33463773149593057,0.6653622685040694,39,False,True,EXACT,100.0
2024-09-02,PATTERN_B_PROGRESSED_PREVIOUS_ET_ONLY_CANDIDATE_V01_battle_a_all_universe_P1,2024-09-02,234983541.51693225,0.0,117573926.0,352557467.51693225,-0.06274875076240671,0.3334886843500295,0.6665113156499705,39,False,True,EXACT,100.0
2024-09-03,PATTERN_B_PROGRESSED_PREVIOUS_ET_ONLY_CANDIDATE_V01_battle_a_all_universe_P1,2024-09-03,234983541.51693225,0.0,117092151.0,352075692.51693225,-0.06402951847321903,0.33257664044605617,0.6674233595539438,39,False,True,EXACT,100.0
2024-09-04,PATTERN_B_PROGRESSED_PREVIOUS_ET_ONLY_CANDIDATE_V01_battle_a_all_universe_P1,2024-09-04,234983541.51693225,0.0,114393991.0,349377532.51693225,-0.07120240250955412,0.3274222877925214,0.6725777122074785,39,False,True,EXACT,100.0
2024-09-05,PATTERN_B_PROGRESSED_PREVIOUS_ET_ONLY_CANDIDATE_V01_battle_a_all_universe_P1,2024-09-05,234983541.51693225,0.0,114441583.0,349425124.51693225,-0.0710758822523947,0.3275138934505966,0.6724861065494034,39,False,True,EXACT,100.0
2024-09-06,PATTERN_B_PROGRESSED_PREVIOUS_ET_ONLY_CANDIDATE_V01_battle_a_all_universe_P1,2024-09-06,234983541.51693225,0.0,111497611.0,346481152.51693225,-0.07890224160922199,0.32179993107864996,0.6782000689213501,39,False,True,EXACT,100.0
2024-09-09,PATTERN_B_PROGRESSED_PREVIOUS_ET_ONLY_CANDIDATE_V01_battle_a_all_universe_P1,2024-09-09,234983541.51693225,0.0,113044025.0,348027566.51693225,-0.07479119990147853,0.3248134224864632,0.6751865775135367,39,False,True,EXACT,100.0
2024-09-10,PATTERN_B_PROGRESSED_PREVIOUS_ET_ONLY_CANDIDATE_V01_battle_a_all_universe_P1,2024-09-10,234983541.51693225,0.0,112248633.0,347232174.51693225,-0.07690569814451409,0.3232667973702603,0.6767332026297397,39,False,True,EXACT,100.0
2024-09-11,PATTERN_B_PROGRESSED_PREVIOUS_ET_ONLY_CANDIDATE_V01_battle_a_all_universe_P1,2024-09-11,234983541.51693225,0.0,113679328.0,348662869.51693225,-0.07310228792185702,0.3260436884417925,0.6739563115582076,39,False,True,EXACT,100.0
2024-09-12,PATTERN_B_PROGRESSED_PREVIOUS_ET_ONLY_CANDIDATE_V01_battle_a_all_universe_P1,2024-09-12,234983541.51693225,0.0,117487822.0,352471363.51693225,-0.06297765268336941,0.3333258646254706,0.6666741353745294,39,False,True,EXACT,100.0
2024-09-13,PATTERN_B_PROGRESSED_PREVIOUS_ET_ONLY_CANDIDATE_V01_battle_a_all_universe_P1,2024-09-13,234983541.51693225,0.0,119134724.0,354118265.51693225,-0.058599470119989894,0.3364263739010761,0.6635736260989239,39,False,True,EXACT,100.0
2024-09-19,PATTERN_B_PROGRESSED_PREVIOUS_ET_ONLY_CANDIDATE_V01_battle_a_all_universe_P1,2024-09-19,234983541.51693225,0.0,118937883.0,353921424.51693225,-0.059122759200917696,0.3360573131800044,0.6639426868199956,39,False,True,EXACT,100.0
2024-09-20,PATTERN_B_PROGRESSED_PREVIOUS_ET_ONLY_CANDIDATE_V01_battle_a_all_universe_P1,2024-09-20,234983541.51693225,0.0,121773498.0,356757039.51693225,-0.051584459927823345,0.3413345344632518,0.6586654655367482,39,False,True,EXACT,100.0
2024-09-23,PATTERN_B_PROGRESSED_PREVIOUS_ET_ONLY_CANDIDATE_V01_battle_a_all_universe_P1,2024-09-23,234983541.51693225,0.0,122799827.0,357783368.51693225,-0.04885603059074639,0.3432239668071336,0.6567760331928664,39,False,True,EXACT,100.0
2024-09-24,PATTERN_B_PROGRESSED_PREVIOUS_ET_ONLY_CANDIDATE_V01_battle_a_all_universe_P1,2024-09-24,234983541.51693225,0.0,125519296.0,360502837.51693225,-0.041626497954650676,0.3481783856808188,0.6518216143191812,39,False,True,EXACT,100.0
2024-09-25,PATTERN_B_PROGRESSED_PREVIOUS_ET_ONLY_CANDIDATE_V01_battle_a_all_universe_P1,2024-09-25,234983541.51693225,0.0,126914491.0,361898032.51693225,-0.0379174621883972,0.3506912986438024,0.6493087013561976,39,False,True,EXACT,100.0
2024-09-26,PATTERN_B_PROGRESSED_PREVIOUS_ET_ONLY_CANDIDATE_V01_battle_a_all_universe_P1,2024-09-26,234983541.51693225,0.0,128385417.0,363368958.51693225,-0.034007100451498684,0.3533197153768915,0.6466802846231084,39,False,True,EXACT,100.0
2024-09-27,PATTERN_B_PROGRESSED_PREVIOUS_ET_ONLY_CANDIDATE_V01_battle_a_all_universe_P1,2024-09-27,234983541.51693225,0.0,128391616.0,363375157.51693225,-0.033990620810505856,0.3533307474218771,0.6466692525781229,39,False,True,EXACT,100.0
2024-09-30,PATTERN_B_PROGRESSED_PREVIOUS_ET_ONLY_CANDIDATE_V01_battle_a_all_universe_P1,2024-09-30,234983541.51693225,0.0,125703756.0,360687297.51693225,-0.04113612296230684,0.3485117354156308,0.6514882645843691,39,False,True,EXACT,100.0
2024-10-02,PATTERN_B_PROGRESSED_PREVIOUS_ET_ONLY_CANDIDATE_V01_battle_a_all_universe_P1,2024-10-02,185068582.78104004,16059394.8473823,158708638.0,359836615.6284224,-0.04339760580175733,0.44105749972895225,0.5589425002710476,46,False,True,EXACT,100.0
2024-10-04,PATTERN_B_PROGRESSED_PREVIOUS_ET_ONLY_CANDIDATE_V01_battle_a_all_universe_P1,2024-10-04,201127977.62842235,0.0,159430658.0,360558635.6284224,-0.04147816228027812,0.4421767841508669,0.557823215849133,46,False,True,EXACT,100.0
2024-10-07,PATTERN_B_PROGRESSED_PREVIOUS_ET_ONLY_CANDIDATE_V01_battle_a_all_universe_P1,2024-10-07,201127977.62842235,0.0,163087663.0,364215640.6284224,-0.03175625076083621,0.4477777580298486,0.5522222419701514,46,False,True,EXACT,100.0
2024-10-08,PATTERN_B_PROGRESSED_PREVIOUS_ET_ONLY_CANDIDATE_V01_battle_a_all_universe_P1,2024-10-08,201127977.62842235,0.0,162321196.0,363449173.6284224,-0.03379385376016819,0.44661319319974974,0.5533868068002502,46,False,True,EXACT,100.0
2024-10-10,PATTERN_B_PROGRESSED_PREVIOUS_ET_ONLY_CANDIDATE_V01_battle_a_all_universe_P1,2024-10-10,201127977.62842235,0.0,160832805.0,361960782.6284224,-0.037750645071181865,0.4443376540190154,0.5556623459809845,46,False,True,EXACT,100.0
2024-10-11,PATTERN_B_PROGRESSED_PREVIOUS_ET_ONLY_CANDIDATE_V01_battle_a_all_universe_P1,2024-10-11,201127977.62842235,0.0,159745491.0,360873468.6284224,-0.040641199090618696,0.4426634399229937,0.5573365600770063,46,False,True,EXACT,100.0
2024-10-14,PATTERN_B_PROGRESSED_PREVIOUS_ET_ONLY_CANDIDATE_V01_battle_a_all_universe_P1,2024-10-14,201127977.62842235,0.0,160094969.0,361222946.6284224,-0.039712134406815536,0.443202655020375,0.556797344979625,46,False,True,EXACT,100.0
2024-10-15,PATTERN_B_PROGRESSED_PREVIOUS_ET_ONLY_CANDIDATE_V01_battle_a_all_universe_P1,2024-10-15,201127977.62842235,0.0,159319451.0,360447428.6284224,-0.04177379890487731,0.4420046818096157,0.5579953181903842,46,False,True,EXACT,100.0
2024-10-16,PATTERN_B_PROGRESSED_PREVIOUS_ET_ONLY_CANDIDATE_V01_battle_a_all_universe_P1,2024-10-16,201127977.62842235,0.0,158343898.0,359471875.6284224,-0.044367243526507893,0.4404903658267729,0.559509634173227,46,False,True,EXACT,100.0
2024-10-17,PATTERN_B_PROGRESSED_PREVIOUS_ET_ONLY_CANDIDATE_V01_battle_a_all_universe_P1,2024-10-17,201127977.62842235,0.0,156781651.0,357909628.6284224,-0.04852037624180727,0.43804815087209875,0.5619518491279012,46,False,True,EXACT,100.0
2024-10-18,PATTERN_B_PROGRESSED_PREVIOUS_ET_ONLY_CANDIDATE_V01_battle_a_all_universe_P1,2024-10-18,201127977.62842235,0.0,154101507.0,355229484.6284224,-0.05564536590612634,0.4338083229808288,0.5661916770191712,46,False,True,EXACT,100.0
2024-10-21,PATTERN_B_PROGRESSED_PREVIOUS_ET_ONLY_CANDIDATE_V01_battle_a_all_universe_P1,2024-10-21,201127977.62842235,0.0,154165660.0,355293637.6284224,-0.05547481930044584,0.4339105564317238,0.5660894435682761,46,False,True,EXACT,100.0
2024-10-22,PATTERN_B_PROGRESSED_PREVIOUS_ET_ONLY_CANDIDATE_V01_battle_a_all_universe_P1,2024-10-22,201127977.62842235,0.0,150112933.0,351240910.6284224,-0.06624873218994232,0.42737884015681876,0.5726211598431812,46,False,True,EXACT,100.0
2024-10-23,PATTERN_B_PROGRESSED_PREVIOUS_ET_ONLY_CANDIDATE_V01_battle_a_all_universe_P1,2024-10-23,201127977.62842235,0.0,151056304.0,352184281.6284224,-0.06374084133608582,0.42891267975262554,0.5710873202473744,46,False,True,EXACT,100.0
2024-10-24,PATTERN_B_PROGRESSED_PREVIOUS_ET_ONLY_CANDIDATE_V01_battle_a_all_universe_P1,2024-10-24,201127977.62842235,0.0,148084817.0,349212794.6284224,-0.07164034754271442,0.42405323996667615,0.5759467600333238,46,False,True,EXACT,100.0
2024-10-25,PATTERN_B_PROGRESSED_PREVIOUS_ET_ONLY_CANDIDATE_V01_battle_a_all_universe_P1,2024-10-25,201127977.62842235,0.0,147717047.0,348845024.6284224,-0.0726180403267016,0.42344604787568085,0.576553952124319,46,False,True,EXACT,100.0
2024-10-28,PATTERN_B_PROGRESSED_PREVIOUS_ET_ONLY_CANDIDATE_V01_battle_a_all_universe_P1,2024-10-28,201127977.62842235,0.0,151003438.0,352131415.6284224,-0.06388138218150086,0.42882694158519075,0.5711730584148091,46,False,True,EXACT,100.0
2024-10-29,PATTERN_B_PROGRESSED_PREVIOUS_ET_ONLY_CANDIDATE_V01_battle_a_all_universe_P1,2024-10-29,201127977.62842235,0.0,151513360.0,352641337.6284224,-0.06252578748971971,0.4296528620806486,0.5703471379193513,46,False,True,EXACT,100.0
2024-10-30,PATTERN_B_PROGRESSED_PREVIOUS_ET_ONLY_CANDIDATE_V01_battle_a_all_universe_P1,2024-10-30,201127977.62842235,0.0,150472359.0,351600336.6284224,-0.06529322139086302,0.42796420630001253,0.5720357936999874,46,False,True,EXACT,100.0
2024-10-31,PATTERN_B_PROGRESSED_PREVIOUS_ET_ONLY_CANDIDATE_V01_battle_a_all_universe_P1,2024-10-31,201127977.62842235,0.0,152613327.0,353741304.6284224,-0.05960159628727246,0.4314263700709432,0.5685736299290567,46,False,True,EXACT,100.0
2024-11-01,PATTERN_B_PROGRESSED_PREVIOUS_ET_ONLY_CANDIDATE_V01_battle_a_all_universe_P1,2024-11-01,156260863.0005869,16629656.377319999,178112511.0,351003030.3779069,-0.0668811214668873,0.5074386702822349,0.492561329717765,52,False,True,EXACT,100.0
2024-11-04,PATTERN_B_PROGRESSED_PREVIOUS_ET_ONLY_CANDIDATE_V01_battle_a_all_universe_P1,2024-11-04,172890519.3779069,0.0,181914388.0,354804907.3779069,-0.05677407709538618,0.5127166626425514,0.4872833373574485,52,False,True,EXACT,100.0
2024-11-05,PATTERN_B_PROGRESSED_PREVIOUS_ET_ONLY_CANDIDATE_V01_battle_a_all_universe_P1,2024-11-05,172890519.3779069,0.0,182838045.0,355728564.3779069,-0.054318594636840745,0.5139819044887345,0.4860180955112654,52,False,True,EXACT,100.0
2024-11-06,PATTERN_B_PROGRESSED_PREVIOUS_ET_ONLY_CANDIDATE_V01_battle_a_all_universe_P1,2024-11-06,172890519.3779069,0.0,179215346.0,352105865.3779069,-0.06394930587173664,0.508981427525078,0.4910185724749219,52,False,True,EXACT,100.0
2024-11-07,PATTERN_B_PROGRESSED_PREVIOUS_ET_ONLY_CANDIDATE_V01_battle_a_all_universe_P1,2024-11-07,172890519.3779069,0.0,178190060.0,351080579.3779069,-0.06667496246070015,0.5075474704859545,0.49245252951404545,52,False,True,EXACT,100.0
2024-11-08,PATTERN_B_PROGRESSED_PREVIOUS_ET_ONLY_CANDIDATE_V01_battle_a_all_universe_P1,2024-11-08,172890519.3779069,0.0,179520021.0,352410540.3779069,-0.06313934706878566,0.5094059354964013,0.49059406450359855,52,False,True,EXACT,100.0
2024-11-11,PATTERN_B_PROGRESSED_PREVIOUS_ET_ONLY_CANDIDATE_V01_battle_a_all_universe_P1,2024-11-11,172890519.3779069,0.0,172391029.0,345281548.3779069,-0.08209131170837702,0.49927669118107604,0.5007233088189239,52,False,True,EXACT,100.0
2024-11-12,PATTERN_B_PROGRESSED_PREVIOUS_ET_ONLY_CANDIDATE_V01_battle_a_all_universe_P1,2024-11-12,172890519.3779069,0.0,166903186.0,339793705.3779069,-0.09668038776339705,0.4911897523657067,0.5088102476342932,52,False,True,EXACT,100.0
2024-11-13,PATTERN_B_PROGRESSED_PREVIOUS_ET_ONLY_CANDIDATE_V01_battle_a_all_universe_P1,2024-11-13,172890519.3779069,0.0,163279874.0,336170393.3779069,-0.10631272861918817,0.48570569335190816,0.5142943066480917,52,False,True,EXACT,100.0
2024-11-14,PATTERN_B_PROGRESSED_PREVIOUS_ET_ONLY_CANDIDATE_V01_battle_a_all_universe_P1,2024-11-14,172890519.3779069,0.0,161167535.0,334058054.3779069,-0.11192824537595125,0.48245367201258205,0.5175463279874178,52,False,True,EXACT,100.0
2024-11-15,PATTERN_B_PROGRESSED_PREVIOUS_ET_ONLY_CANDIDATE_V01_battle_a_all_universe_P1,2024-11-15,172890519.3779069,0.0,163333436.0,336223955.3779069,-0.10617033750274052,0.4857876227659552,0.5142123772340447,52,False,True,EXACT,100.0
2024-11-18,PATTERN_B_PROGRESSED_PREVIOUS_ET_ONLY_CANDIDATE_V01_battle_a_all_universe_P1,2024-11-18,172890519.3779069,0.0,165835497.0,338726016.3779069,-0.0995187699882728,0.489585945518227,0.5104140544817729,52,False,True,EXACT,100.0
2024-11-19,PATTERN_B_PROGRESSED_PREVIOUS_ET_ONLY_CANDIDATE_V01_battle_a_all_universe_P1,2024-11-19,172890519.3779069,0.0,167632673.0,340523192.3779069,-0.09474109370484829,0.4922797528984871,0.5077202471015129,52,False,True,EXACT,100.0
2024-11-20,PATTERN_B_PROGRESSED_PREVIOUS_ET_ONLY_CANDIDATE_V01_battle_a_all_universe_P1,2024-11-20,172890519.3779069,0.0,167452603.0,340343122.3779069,-0.09521979816582282,0.49201112638928424,0.5079888736107157,52,False,True,EXACT,100.0
2024-11-21,PATTERN_B_PROGRESSED_PREVIOUS_ET_ONLY_CANDIDATE_V01_battle_a_all_universe_P1,2024-11-21,172890519.3779069,0.0,166824289.0,339714808.3779069,-0.0968901303404921,0.4910715838281052,0.5089284161718948,52,False,True,EXACT,100.0
2024-11-22,PATTERN_B_PROGRESSED_PREVIOUS_ET_ONLY_CANDIDATE_V01_battle_a_all_universe_P1,2024-11-22,172890519.3779069,0.0,168768402.0,341658921.3779069,-0.09172183153592484,0.49396749635384546,0.5060325036461545,52,False,True,EXACT,100.0
2024-11-25,PATTERN_B_PROGRESSED_PREVIOUS_ET_ONLY_CANDIDATE_V01_battle_a_all_universe_P1,2024-11-25,172890519.3779069,0.0,172286095.0,345176614.3779069,-0.08237027196776447,0.49912447084661826,0.5008755291533816,52,False,True,EXACT,100.0
2024-11-26,PATTERN_B_PROGRESSED_PREVIOUS_ET_ONLY_CANDIDATE_V01_battle_a_all_universe_P1,2024-11-26,172890519.3779069,0.0,174922412.0,347812931.3779069,-0.0753617935513553,0.502920956121504,0.49707904387849594,52,False,True,EXACT,100.0
2024-11-27,PATTERN_B_PROGRESSED_PREVIOUS_ET_ONLY_CANDIDATE_V01_battle_a_all_universe_P1,2024-11-27,172890519.3779069,0.0,173200471.0,346090990.3779069,-0.07993946244808892,0.5004477892096449,0.499552210790355,52,False,True,EXACT,100.0
2024-11-28,PATTERN_B_PROGRESSED_PREVIOUS_ET_ONLY_CANDIDATE_V01_battle_a_all_universe_P1,2024-11-28,172890519.3779069,0.0,172765619.0,345656138.3779069,-0.08109548839501879,0.4998193285695821,0.5001806714304178,52,False,True,EXACT,100.0
2024-11-29,PATTERN_B_PROGRESSED_PREVIOUS_ET_ONLY_CANDIDATE_V01_battle_a_all_universe_P1,2024-11-29,172890519.3779069,0.0,169559284.0,342449803.3779069,-0.08961932283650564,0.4951361698195651,0.5048638301804348,52,False,True,EXACT,100.0
2024-12-02,PATTERN_B_PROGRESSED_PREVIOUS_ET_ONLY_CANDIDATE_V01_battle_a_all_universe_P1,2024-12-02,172890519.3779069,4859182.237316401,162669280.0,340418981.6152233,-0.09501813128455738,0.4778502045572348,0.5221497954427652,51,False,True,EXACT,100.0
2024-12-03,PATTERN_B_PROGRESSED_PREVIOUS_ET_ONLY_CANDIDATE_V01_battle_a_all_universe_P1,2024-12-03,177749701.6152233,0.0,165497235.0,343246936.6152233,-0.08750019562656308,0.4821521107572794,0.5178478892427206,51,False,True,EXACT,100.0
2024-12-04,PATTERN_B_PROGRESSED_PREVIOUS_ET_ONLY_CANDIDATE_V01_battle_a_all_universe_P1,2024-12-04,177749701.6152233,0.0,164061258.0,341810959.6152233,-0.09131764770495887,0.47997658759884065,0.5200234124011593,51,False,True,EXACT,100.0
2024-12-05,PATTERN_B_PROGRESSED_PREVIOUS_ET_ONLY_CANDIDATE_V01_battle_a_all_universe_P1,2024-12-05,177749701.6152233,0.0,162875873.0,340625574.6152233,-0.09446891714169015,0.4781668939097937,0.5218331060902063,51,False,True,EXACT,100.0
2024-12-06,PATTERN_B_PROGRESSED_PREVIOUS_ET_ONLY_CANDIDATE_V01_battle_a_all_universe_P1,2024-12-06,177749701.6152233,0.0,160494476.0,338244177.6152233,-0.10079970720805986,0.4744929451012571,0.5255070548987429,51,False,True,EXACT,100.0
2024-12-09,PATTERN_B_PROGRESSED_PREVIOUS_ET_ONLY_CANDIDATE_V01_battle_a_all_universe_P1,2024-12-09,177749701.6152233,0.0,152980189.0,330729890.6152233,-0.12077595371187722,0.46255325974748296,0.537446740252517,51,False,True,EXACT,100.0
2024-12-10,PATTERN_B_PROGRESSED_PREVIOUS_ET_ONLY_CANDIDATE_V01_battle_a_all_universe_P1,2024-12-10,177749701.6152233,0.0,165846301.0,343596002.6152233,-0.08657222621814131,0.48267820270808953,0.5173217972919105,51,False,True,EXACT,100.0
2024-12-11,PATTERN_B_PROGRESSED_PREVIOUS_ET_ONLY_CANDIDATE_V01_battle_a_all_universe_P1,2024-12-11,177749701.6152233,0.0,175725824.0,353475525.6152233,-0.0603081526223187,0.4971371743323661,0.5028628256676339,51,False,True,EXACT,100.0
2024-12-12,PATTERN_B_PROGRESSED_PREVIOUS_ET_ONLY_CANDIDATE_V01_battle_a_all_universe_P1,2024-12-12,177749701.6152233,0.0,176164670.0,353914371.6152233,-0.05914150888443459,0.49776071312392683,0.5022392868760731,51,False,True,EXACT,100.0
2024-12-13,PATTERN_B_PROGRESSED_PREVIOUS_ET_ONLY_CANDIDATE_V01_battle_a_all_universe_P1,2024-12-13,177749701.6152233,0.0,179558081.0,357307782.6152233,-0.05012034498361939,0.5025305625468619,0.4974694374531381,51,False,True,EXACT,100.0
2024-12-16,PATTERN_B_PROGRESSED_PREVIOUS_ET_ONLY_CANDIDATE_V01_battle_a_all_universe_P1,2024-12-16,177749701.6152233,0.0,180012697.0,357762398.6152233,-0.04891177771960886,0.5031627071396212,0.49683729286037887,51,False,True,EXACT,100.0
2024-12-17,PATTERN_B_PROGRESSED_PREVIOUS_ET_ONLY_CANDIDATE_V01_battle_a_all_universe_P1,2024-12-17,177749701.6152233,0.0,179570032.0,357319733.6152233,-0.05008857402225375,0.5025472010268777,0.49745279897312233,51,False,True,EXACT,100.0
2024-12-18,PATTERN_B_PROGRESSED_PREVIOUS_ET_ONLY_CANDIDATE_V01_battle_a_all_universe_P1,2024-12-18,177749701.6152233,0.0,180182580.0,357932281.6152233,-0.04846015473996923,0.5033985176941822,0.49660148230581774,51,False,True,EXACT,100.0
2024-12-19,PATTERN_B_PROGRESSED_PREVIOUS_ET_ONLY_CANDIDATE_V01_battle_a_all_universe_P1,2024-12-19,177749701.6152233,0.0,177078981.0,354828682.6152233,-0.05671087216305948,0.4990548669709001,0.5009451330290998,51,False,True,EXACT,100.0
2024-12-20,PATTERN_B_PROGRESSED_PREVIOUS_ET_ONLY_CANDIDATE_V01_battle_a_all_universe_P1,2024-12-20,177749701.6152233,0.0,172494099.0,350243800.6152233,-0.06889948473839957,0.4924972224975981,0.5075027775024019,51,False,True,EXACT,100.0
2024-12-23,PATTERN_B_PROGRESSED_PREVIOUS_ET_ONLY_CANDIDATE_V01_battle_a_all_universe_P1,2024-12-23,177749701.6152233,0.0,176366488.0,354116189.6152233,-0.05860498877056253,0.49804694948185474,0.5019530505181453,51,False,True,EXACT,100.0
2024-12-24,PATTERN_B_PROGRESSED_PREVIOUS_ET_ONLY_CANDIDATE_V01_battle_a_all_universe_P1,2024-12-24,177749701.6152233,0.0,175399367.0,353149068.6152233,-0.0611760174649707,0.49667231939129913,0.5033276806087008,51,False,True,EXACT,100.0
2024-12-26,PATTERN_B_PROGRESSED_PREVIOUS_ET_ONLY_CANDIDATE_V01_battle_a_all_universe_P1,2024-12-26,177749701.6152233,0.0,175806231.0,353555932.6152233,-0.06009439580778231,0.4972515372591154,0.5027484627408846,51,False,True,EXACT,100.0
2024-12-27,PATTERN_B_PROGRESSED_PREVIOUS_ET_ONLY_CANDIDATE_V01_battle_a_all_universe_P1,2024-12-27,177749701.6152233,0.0,172650252.0,350399953.6152233,-0.06848436207668729,0.49272338714287756,0.5072766128571224,51,False,True,EXACT,100.0
2024-12-30,PATTERN_B_PROGRESSED_PREVIOUS_ET_ONLY_CANDIDATE_V01_battle_a_all_universe_P1,2024-12-30,177749701.6152233,0.0,177226320.0,354976021.6152233,-0.05631918095088917,0.4992627930010008,0.5007372069989993,51,False,True,EXACT,100.0
2025-01-02,PATTERN_B_PROGRESSED_PREVIOUS_ET_ONLY_CANDIDATE_V01_battle_a_all_universe_P1,2025-01-02,147800572.19656482,33302213.368582502,181232367.0,362335152.56514734,-0.03675540678182232,0.5001788143296825,0.4998211856703175,52,False,True,EXACT,100.0
2025-01-03,PATTERN_B_PROGRESSED_PREVIOUS_ET_ONLY_CANDIDATE_V01_battle_a_all_universe_P1,2025-01-03,181102785.56514734,0.0,184428358.0,365531143.56514734,-0.028259071196026664,0.5045489590878868,0.4954510409121132,52,False,True,EXACT,100.0
2025-01-06,PATTERN_B_PROGRESSED_PREVIOUS_ET_ONLY_CANDIDATE_V01_battle_a_all_universe_P1,2025-01-06,181102785.56514734,0.0,188192965.0,369295750.56514734,-0.018251106711572485,0.509599595207909,0.490400404792091,52,False,True,EXACT,100.0
2025-01-07,PATTERN_B_PROGRESSED_PREVIOUS_ET_ONLY_CANDIDATE_V01_battle_a_all_universe_P1,2025-01-07,181102785.56514734,0.0,186168373.0,367271158.56514734,-0.023633353738024443,0.5068962499732389,0.49310375002676105,52,False,True,EXACT,100.0
2025-01-08,PATTERN_B_PROGRESSED_PREVIOUS_ET_ONLY_CANDIDATE_V01_battle_a_all_universe_P1,2025-01-08,181102785.56514734,0.0,188262452.0,369365237.56514734,-0.01806638001151284,0.5096918520027076,0.49030814799729244,52,False,True,EXACT,100.0
2025-01-09,PATTERN_B_PROGRESSED_PREVIOUS_ET_ONLY_CANDIDATE_V01_battle_a_all_universe_P1,2025-01-09,181102785.56514734,0.0,186213636.0,367316421.56514734,-0.023513024976892116,0.5069570132653954,0.4930429867346045,52,False,True,EXACT,100.0
2025-01-10,PATTERN_B_PROGRESSED_PREVIOUS_ET_ONLY_CANDIDATE_V01_battle_a_all_universe_P1,2025-01-10,181102785.56514734,0.0,186180362.0,367283147.56514734,-0.023601481756113873,0.5069123460585024,0.4930876539414975,52,False,True,EXACT,100.0
2025-01-13,PATTERN_B_PROGRESSED_PREVIOUS_ET_ONLY_CANDIDATE_V01_battle_a_all_universe_P1,2025-01-13,181102785.56514734,0.0,182020007.0,363122792.56514734,-0.034661516729943,0.5012629631816462,0.4987370368183538,52,False,True,EXACT,100.0
2025-01-14,PATTERN_B_PROGRESSED_PREVIOUS_ET_ONLY_CANDIDATE_V01_battle_a_all_universe_P1,2025-01-14,181102785.56514734,0.0,185725333.0,366828118.56514734,-0.024811146953941154,0.506300699429659,0.49369930057034095,52,False,True,EXACT,100.0
2025-01-15,PATTERN_B_PROGRESSED_PREVIOUS_ET_ONLY_CANDIDATE_V01_battle_a_all_universe_P1,2025-01-15,181102785.56514734,0.0,183959715.0,365062500.56514734,-0.029504928333275893,0.5039129319369011,0.49608706806309893,52,False,True,EXACT,100.0
2025-01-16,PATTERN_B_PROGRESSED_PREVIOUS_ET_ONLY_CANDIDATE_V01_battle_a_all_universe_P1,2025-01-16,181102785.56514734,0.0,185425265.0,366528050.56514734,-0.025608858345042895,0.5058965192816591,0.49410348071834087,52,False,True,EXACT,100.0
2025-01-17,PATTERN_B_PROGRESSED_PREVIOUS_ET_ONLY_CANDIDATE_V01_battle_a_all_universe_P1,2025-01-17,181102785.56514734,0.0,187501043.0,368603828.56514734,-0.020090536644633894,0.508679043649328,0.491320956350672,52,False,True,EXACT,100.0
2025-01-20,PATTERN_B_PROGRESSED_PREVIOUS_ET_ONLY_CANDIDATE_V01_battle_a_all_universe_P1,2025-01-20,181102785.56514734,0.0,191589480.0,372692265.56514734,-0.009221691027301526,0.5140688382933715,0.4859311617066285,52,False,True,EXACT,100.0
2025-01-21,PATTERN_B_PROGRESSED_PREVIOUS_ET_ONLY_CANDIDATE_V01_battle_a_all_universe_P1,2025-01-21,181102785.56514734,0.0,190487909.0,371590694.56514734,-0.012150146360117131,0.5126283079368222,0.48737169206317776,52,False,True,EXACT,100.0
2025-01-22,PATTERN_B_PROGRESSED_PREVIOUS_ET_ONLY_CANDIDATE_V01_battle_a_all_universe_P1,2025-01-22,181102785.56514734,0.0,192118886.0,373221671.56514734,-0.00781429938034961,0.5147581200050032,0.4852418799949968,52,False,True,EXACT,100.0
2025-01-23,PATTERN_B_PROGRESSED_PREVIOUS_ET_ONLY_CANDIDATE_V01_battle_a_all_universe_P1,2025-01-23,181102785.56514734,0.0,188699286.0,369802071.56514734,-0.016905085045636703,0.5102710355335508,0.4897289644664492,52,False,True,EXACT,100.0
2025-01-24,PATTERN_B_PROGRESSED_PREVIOUS_ET_ONLY_CANDIDATE_V01_battle_a_all_universe_P1,2025-01-24,181102785.56514734,0.0,190105464.0,371208249.56514734,-0.013166851683476755,0.5121261831403247,0.4878738168596753,52,False,True,EXACT,100.0
2025-01-31,PATTERN_B_PROGRESSED_PREVIOUS_ET_ONLY_CANDIDATE_V01_battle_a_all_universe_P1,2025-01-31,181102785.56514734,0.0,188842553.0,369945338.56514734,-0.01652421898238121,0.5104606905777915,0.48953930942220847,52,False,True,EXACT,100.0
2025-02-03,PATTERN_B_PROGRESSED_PREVIOUS_ET_ONLY_CANDIDATE_V01_battle_a_all_universe_P1,2025-02-03,181102785.56514734,70786967.90586841,112360635.0,364250388.47101575,-0.03166387586630248,0.3084708721153246,0.6915291278846755,38,False,True,EXACT,100.0
2025-02-04,PATTERN_B_PROGRESSED_PREVIOUS_ET_ONLY_CANDIDATE_V01_battle_a_all_universe_P1,2025-02-04,251889753.47101575,0.0,114970616.0,366860369.47101575,-0.024725410004367787,0.3133906673151388,0.6866093326848612,38,False,True,EXACT,100.0
2025-02-05,PATTERN_B_PROGRESSED_PREVIOUS_ET_ONLY_CANDIDATE_V01_battle_a_all_universe_P1,2025-02-05,251889753.47101575,0.0,116359268.0,368249021.47101575,-0.02103376838088189,0.31597984302901516,0.6840201569709848,38,False,True,EXACT,100.0
2025-02-06,PATTERN_B_PROGRESSED_PREVIOUS_ET_ONLY_CANDIDATE_V01_battle_a_all_universe_P1,2025-02-06,251889753.47101575,0.0,115995453.0,367885206.47101575,-0.022000947052895126,0.3153033907307682,0.6846966092692318,38,False,True,EXACT,100.0
2025-02-07,PATTERN_B_PROGRESSED_PREVIOUS_ET_ONLY_CANDIDATE_V01_battle_a_all_universe_P1,2025-02-07,251889753.47101575,0.0,117049715.0,368939468.47101575,-0.019198259640023196,0.3172599437113233,0.6827400562886767,38,False,True,EXACT,100.0
2025-02-10,PATTERN_B_PROGRESSED_PREVIOUS_ET_ONLY_CANDIDATE_V01_battle_a_all_universe_P1,2025-02-10,251889753.47101575,0.0,120337475.0,372227228.47101575,-0.01045796209677119,0.32329036082154944,0.6767096391784506,38,False,True,EXACT,100.0
2025-02-11,PATTERN_B_PROGRESSED_PREVIOUS_ET_ONLY_CANDIDATE_V01_battle_a_all_universe_P1,2025-02-11,251889753.47101575,0.0,120136694.0,372026447.47101575,-0.010991725413142084,0.3229251436737162,0.6770748563262838,38,False,True,EXACT,100.0
2025-02-12,PATTERN_B_PROGRESSED_PREVIOUS_ET_ONLY_CANDIDATE_V01_battle_a_all_universe_P1,2025-02-12,251889753.47101575,0.0,117910650.0,369800403.47101575,-0.016909519566112752,0.31884943578554426,0.6811505642144557,38,False,True,EXACT,100.0
2025-02-13,PATTERN_B_PROGRESSED_PREVIOUS_ET_ONLY_CANDIDATE_V01_battle_a_all_universe_P1,2025-02-13,251889753.47101575,0.0,119025099.0,370914852.47101575,-0.013946828902323571,0.3208960175281763,0.6791039824718237,38,False,True,EXACT,100.0
2025-02-14,PATTERN_B_PROGRESSED_PREVIOUS_ET_ONLY_CANDIDATE_V01_battle_a_all_universe_P1,2025-02-14,251889753.47101575,0.0,120219161.0,372108914.47101575,-0.010772492221698848,0.323075197408,0.676924802592,38,False,True,EXACT,100.0
2025-02-17,PATTERN_B_PROGRESSED_PREVIOUS_ET_ONLY_CANDIDATE_V01_battle_a_all_universe_P1,2025-02-17,251889753.47101575,0.0,121117417.0,373007170.47101575,-0.008384536680536625,0.3247053316617444,0.6752946683382556,38,False,True,EXACT,100.0
2025-02-18,PATTERN_B_PROGRESSED_PREVIOUS_ET_ONLY_CANDIDATE_V01_battle_a_all_universe_P1,2025-02-18,251889753.47101575,0.0,121622748.0,373512501.47101575,-0.0070411468656387255,0.3256189485519478,0.6743810514480522,38,False,True,EXACT,100.0
2025-02-19,PATTERN_B_PROGRESSED_PREVIOUS_ET_ONLY_CANDIDATE_V01_battle_a_all_universe_P1,2025-02-19,251889753.47101575,0.0,122846174.0,374735927.47101575,-0.003788747888173627,0.32782064647244596,0.6721793535275541,38,False,True,EXACT,100.0
2025-02-20,PATTERN_B_PROGRESSED_PREVIOUS_ET_ONLY_CANDIDATE_V01_battle_a_all_universe_P1,2025-02-20,251889753.47101575,0.0,120776490.0,372666243.47101575,-0.009290869083305786,0.32408755049850235,0.6759124495014976,38,False,True,EXACT,100.0
2025-02-21,PATTERN_B_PROGRESSED_PREVIOUS_ET_ONLY_CANDIDATE_V01_battle_a_all_universe_P1,2025-02-21,251889753.47101575,0.0,120977187.0,372866940.47101575,-0.008757329075507747,0.32445136285662196,0.675548637143378,38,False,True,EXACT,100.0
2025-02-24,PATTERN_B_PROGRESSED_PREVIOUS_ET_ONLY_CANDIDATE_V01_battle_a_all_universe_P1,2025-02-24,251889753.47101575,0.0,121043865.0,372933618.47101575,-0.00858006992046334,0.3245721463682081,0.6754278536317919,38,False,True,EXACT,100.0
2025-02-25,PATTERN_B_PROGRESSED_PREVIOUS_ET_ONLY_CANDIDATE_V01_battle_a_all_universe_P1,2025-02-25,251889753.47101575,0.0,120593596.0,372483349.47101575,-0.009777080965826301,0.3237556690017464,0.6762443309982537,38,False,True,EXACT,100.0
2025-02-26,PATTERN_B_PROGRESSED_PREVIOUS_ET_ONLY_CANDIDATE_V01_battle_a_all_universe_P1,2025-02-26,251889753.47101575,0.0,121262681.0,373152434.47101575,-0.007998361721804015,0.3249682161980346,0.6750317838019654,38,False,True,EXACT,100.0
2025-02-27,PATTERN_B_PROGRESSED_PREVIOUS_ET_ONLY_CANDIDATE_V01_battle_a_all_universe_P1,2025-02-27,251889753.47101575,0.0,120160069.0,372049822.47101575,-0.010929584485862232,0.32296768266664333,0.6770323173333567,38,False,True,EXACT,100.0
2025-02-28,PATTERN_B_PROGRESSED_PREVIOUS_ET_ONLY_CANDIDATE_V01_battle_a_all_universe_P1,2025-02-28,251889753.47101575,0.0,117377753.0,369267506.47101575,-0.018326191811017023,0.31786645438085176,0.6821335456191483,38,False,True,EXACT,100.0
2025-03-04,PATTERN_B_PROGRESSED_PREVIOUS_ET_ONLY_CANDIDATE_V01_battle_a_all_universe_P1,2025-03-04,236901097.0727502,9027258.0581475,122025360.0,367953715.1308977,-0.02181882120683043,0.33163236293616466,0.6683676370638354,39,False,True,EXACT,100.0
2025-03-05,PATTERN_B_PROGRESSED_PREVIOUS_ET_ONLY_CANDIDATE_V01_battle_a_all_universe_P1,2025-03-05,245928355.1308977,0.0,122807242.0,368735597.1308977,-0.019740238425936196,0.33304959693491315,0.6669504030650868,39,False,True,EXACT,100.0
2025-03-06,PATTERN_B_PROGRESSED_PREVIOUS_ET_ONLY_CANDIDATE_V01_battle_a_all_universe_P1,2025-03-06,245928355.1308977,0.0,122192350.0,368120705.1308977,-0.02137488908077878,0.33193555346622083,0.6680644465337792,39,False,True,EXACT,100.0
2025-03-07,PATTERN_B_PROGRESSED_PREVIOUS_ET_ONLY_CANDIDATE_V01_battle_a_all_universe_P1,2025-03-07,245928355.1308977,0.0,122775940.0,368704295.1308977,-0.01982345277056563,0.33299297464493055,0.6670070253550695,39,False,True,EXACT,100.0
2025-03-10,PATTERN_B_PROGRESSED_PREVIOUS_ET_ONLY_CANDIDATE_V01_battle_a_all_universe_P1,2025-03-10,245928355.1308977,0.0,123287583.0,369215938.1308977,-0.018463282911475476,0.33391728326822934,0.6660827167317707,39,False,True,EXACT,100.0
2025-03-11,PATTERN_B_PROGRESSED_PREVIOUS_ET_ONLY_CANDIDATE_V01_battle_a_all_universe_P1,2025-03-11,245928355.1308977,0.0,123752379.0,369680734.1308977,-0.017227652775178015,0.33475474260495647,0.6652452573950436,39,False,True,EXACT,100.0
2025-03-12,PATTERN_B_PROGRESSED_PREVIOUS_ET_ONLY_CANDIDATE_V01_battle_a_all_universe_P1,2025-03-12,245928355.1308977,0.0,126141664.0,372070019.1308977,-0.010875892970439005,0.33902668184512386,0.6609733181548761,39,False,True,EXACT,100.0
2025-03-13,PATTERN_B_PROGRESSED_PREVIOUS_ET_ONLY_CANDIDATE_V01_battle_a_all_universe_P1,2025-03-13,245928355.1308977,0.0,124283358.0,370211713.1308977,-0.015816079409354922,0.33570887573742564,0.6642911242625744,39,False,True,EXACT,100.0
2025-03-14,PATTERN_B_PROGRESSED_PREVIOUS_ET_ONLY_CANDIDATE_V01_battle_a_all_universe_P1,2025-03-14,245928355.1308977,0.0,126870776.0,372799131.1308977,-0.00893759582516207,0.34031939831816016,0.6596806016818398,39,False,True,EXACT,100.0
2025-03-17,PATTERN_B_PROGRESSED_PREVIOUS_ET_ONLY_CANDIDATE_V01_battle_a_all_universe_P1,2025-03-17,245928355.1308977,0.0,126625427.0,372553782.1308977,-0.009589840290068041,0.33988495909433514,0.6601150409056649,39,False,True,EXACT,100.0
2025-03-18,PATTERN_B_PROGRESSED_PREVIOUS_ET_ONLY_CANDIDATE_V01_battle_a_all_universe_P1,2025-03-18,245928355.1308977,0.0,125834418.0,371762773.1308977,-0.011692686610781933,0.3384804157238565,0.6615195842761435,39,False,True,EXACT,100.0
2025-03-19,PATTERN_B_PROGRESSED_PREVIOUS_ET_ONLY_CANDIDATE_V01_battle_a_all_universe_P1,2025-03-19,245928355.1308977,0.0,126340508.0,372268863.1308977,-0.010347279043421698,0.339379734682715,0.660620265317285,39,False,True,EXACT,100.0
2025-03-20,PATTERN_B_PROGRESSED_PREVIOUS_ET_ONLY_CANDIDATE_V01_battle_a_all_universe_P1,2025-03-20,245928355.1308977,0.0,126994074.0,372922429.1308977,-0.008609816058242403,0.34053750614024997,0.6594624938597501,39,False,True,EXACT,100.0
2025-03-21,PATTERN_B_PROGRESSED_PREVIOUS_ET_ONLY_CANDIDATE_V01_battle_a_all_universe_P1,2025-03-21,245928355.1308977,0.0,126734070.0,372662425.1308977,-0.009301019893813045,0.3400774037132524,0.6599225962867475,39,False,True,EXACT,100.0
2025-03-24,PATTERN_B_PROGRESSED_PREVIOUS_ET_ONLY_CANDIDATE_V01_battle_a_all_universe_P1,2025-03-24,245928355.1308977,0.0,126544397.0,372472752.1308977,-0.00980525330985349,0.3397413536320333,0.6602586463679667,39,False,True,EXACT,100.0
2025-03-25,PATTERN_B_PROGRESSED_PREVIOUS_ET_ONLY_CANDIDATE_V01_battle_a_all_universe_P1,2025-03-25,245928355.1308977,0.0,124286881.0,370215236.1308977,-0.015806713741470135,0.33571519718884735,0.6642848028111527,39,False,True,EXACT,100.0
2025-03-26,PATTERN_B_PROGRESSED_PREVIOUS_ET_ONLY_CANDIDATE_V01_battle_a_all_universe_P1,2025-03-26,245928355.1308977,0.0,124588741.0,370517096.1308977,-0.015004238434146666,0.3362563895188923,0.6637436104811077,39,False,True,EXACT,100.0
2025-03-27,PATTERN_B_PROGRESSED_PREVIOUS_ET_ONLY_CANDIDATE_V01_battle_a_all_universe_P1,2025-03-27,245928355.1308977,0.0,123299656.0,369228011.1308977,-0.01843118762099205,0.3339390628093169,0.6660609371906832,39,False,True,EXACT,100.0
2025-03-28,PATTERN_B_PROGRESSED_PREVIOUS_ET_ONLY_CANDIDATE_V01_battle_a_all_universe_P1,2025-03-28,245928355.1308977,0.0,120374702.0,366303057.1308977,-0.026206988853541002,0.3286205224243715,0.6713794775756285,39,False,True,EXACT,100.0
2025-03-31,PATTERN_B_PROGRESSED_PREVIOUS_ET_ONLY_CANDIDATE_V01_battle_a_all_universe_P1,2025-03-31,245928355.1308977,0.0,115636549.0,361564904.1308977,-0.038803062479794814,0.3198223823132347,0.6801776176867653,39,False,True,EXACT,100.0
2025-04-01,PATTERN_B_PROGRESSED_PREVIOUS_ET_ONLY_CANDIDATE_V01_battle_a_all_universe_P1,2025-04-01,225971642.28692982,10316577.8271681,127450834.0,363739054.11409795,-0.033023225217699514,0.35039084354142824,0.6496091564585716,41,False,True,EXACT,100.0
2025-04-02,PATTERN_B_PROGRESSED_PREVIOUS_ET_ONLY_CANDIDATE_V01_battle_a_all_universe_P1,2025-04-02,236288220.11409792,0.0,125678409.0,361966629.11409795,-0.03773510256674517,0.3472099328813653,0.6527900671186346,41,False,True,EXACT,100.0
2025-04-03,PATTERN_B_PROGRESSED_PREVIOUS_ET_ONLY_CANDIDATE_V01_battle_a_all_universe_P1,2025-04-03,236288220.11409792,0.0,124169822.0,360458042.11409795,-0.04174558363892855,0.34447787951058056,0.6555221204894194,41,False,True,EXACT,100.0
2025-04-04,PATTERN_B_PROGRESSED_PREVIOUS_ET_ONLY_CANDIDATE_V01_battle_a_all_universe_P1,2025-04-04,236288220.11409792,0.0,125286810.0,361575030.11409795,-0.03877614320767997,0.3465029373307795,0.6534970626692204,41,False,True,EXACT,100.0
2025-04-07,PATTERN_B_PROGRESSED_PREVIOUS_ET_ONLY_CANDIDATE_V01_battle_a_all_universe_P1,2025-04-07,236288220.11409792,0.0,118258650.0,354546870.11409795,-0.057460052489860525,0.33354870672512993,0.66645129327487,41,False,True,EXACT,100.0
2025-04-08,PATTERN_B_PROGRESSED_PREVIOUS_ET_ONLY_CANDIDATE_V01_battle_a_all_universe_P1,2025-04-08,236288220.11409792,0.0,118470184.0,354758404.11409795,-0.05689770301772323,0.33394609578268775,0.6660539042173121,41,False,True,EXACT,100.0
2025-04-09,PATTERN_B_PROGRESSED_PREVIOUS_ET_ONLY_CANDIDATE_V01_battle_a_all_universe_P1,2025-04-09,236288220.11409792,0.0,115280282.0,351568502.11409795,-0.06537785139041907,0.3279027595099716,0.6720972404900283,41,False,True,EXACT,100.0
2025-04-10,PATTERN_B_PROGRESSED_PREVIOUS_ET_ONLY_CANDIDATE_V01_battle_a_all_universe_P1,2025-04-10,236288220.11409792,0.0,121643585.0,357931805.11409795,-0.04846142148742494,0.33985128804416714,0.6601487119558328,41,False,True,EXACT,100.0
2025-04-11,PATTERN_B_PROGRESSED_PREVIOUS_ET_ONLY_CANDIDATE_V01_battle_a_all_universe_P1,2025-04-11,236288220.11409792,0.0,123362274.0,359650494.11409795,-0.04389239782258503,0.3430059905905863,0.6569940094094137,41,False,True,EXACT,100.0
2025-04-14,PATTERN_B_PROGRESSED_PREVIOUS_ET_ONLY_CANDIDATE_V01_battle_a_all_universe_P1,2025-04-14,236288220.11409792,0.0,126676778.0,362964998.11409795,-0.03508100308321871,0.34900549270092207,0.6509945072990778,41,False,True,EXACT,100.0
2025-04-15,PATTERN_B_PROGRESSED_PREVIOUS_ET_ONLY_CANDIDATE_V01_battle_a_all_universe_P1,2025-04-15,236288220.11409792,0.0,128334304.0,364622524.11409795,-0.030674577302238215,0.3519648280418396,0.6480351719581603,41,False,True,EXACT,100.0
2025-04-16,PATTERN_B_PROGRESSED_PREVIOUS_ET_ONLY_CANDIDATE_V01_battle_a_all_universe_P1,2025-04-16,236288220.11409792,0.0,126458641.0,362746861.11409795,-0.03566090620424711,0.3486140186343993,0.6513859813656007,41,False,True,EXACT,100.0
2025-04-17,PATTERN_B_PROGRESSED_PREVIOUS_ET_ONLY_CANDIDATE_V01_battle_a_all_universe_P1,2025-04-17,236288220.11409792,0.0,128346406.0,364634626.11409795,-0.03064240491712844,0.3519863359324495,0.6480136640675505,41,False,True,EXACT,100.0
2025-04-18,PATTERN_B_PROGRESSED_PREVIOUS_ET_ONLY_CANDIDATE_V01_battle_a_all_universe_P1,2025-04-18,236288220.11409792,0.0,128586517.0,364874737.11409795,-0.030004085336803987,0.35241277052236814,0.6475872294776318,41,False,True,EXACT,100.0
2025-04-21,PATTERN_B_PROGRESSED_PREVIOUS_ET_ONLY_CANDIDATE_V01_battle_a_all_universe_P1,2025-04-21,236288220.11409792,0.0,128387029.0,364675249.11409795,-0.03053441129621348,0.3520585214156688,0.6479414785843312,41,False,True,EXACT,100.0
2025-04-22,PATTERN_B_PROGRESSED_PREVIOUS_ET_ONLY_CANDIDATE_V01_battle_a_all_universe_P1,2025-04-22,236288220.11409792,0.0,128290777.0,364578997.11409795,-0.03079029101953057,0.3518874592763509,0.648112540723649,41,False,True,EXACT,100.0
2025-04-23,PATTERN_B_PROGRESSED_PREVIOUS_ET_ONLY_CANDIDATE_V01_battle_a_all_universe_P1,2025-04-23,236288220.11409792,0.0,129832930.0,366121150.11409795,-0.026690576904990992,0.35461739907552153,0.6453826009244784,41,False,True,EXACT,100.0
2025-04-24,PATTERN_B_PROGRESSED_PREVIOUS_ET_ONLY_CANDIDATE_V01_battle_a_all_universe_P1,2025-04-24,236288220.11409792,0.0,129354014.0,365642234.11409795,-0.027963744149018588,0.35377208082487355,0.6462279191751263,41,False,True,EXACT,100.0
2025-04-25,PATTERN_B_PROGRESSED_PREVIOUS_ET_ONLY_CANDIDATE_V01_battle_a_all_universe_P1,2025-04-25,236288220.11409792,0.0,130930950.0,367219170.11409795,-0.023771561676251163,0.35654715400429315,0.6434528459957067,41,False,True,EXACT,100.0
2025-04-28,PATTERN_B_PROGRESSED_PREVIOUS_ET_ONLY_CANDIDATE_V01_battle_a_all_universe_P1,2025-04-28,236288220.11409792,0.0,130482080.0,366770300.11409795,-0.024964853570501266,0.355759667452377,0.6442403325476229,41,False,True,EXACT,100.0
2025-04-29,PATTERN_B_PROGRESSED_PREVIOUS_ET_ONLY_CANDIDATE_V01_battle_a_all_universe_P1,2025-04-29,236288220.11409792,0.0,131048189.0,367336409.11409795,-0.02345988936936949,0.35675251825989096,0.6432474817401089,41,False,True,EXACT,100.0
2025-04-30,PATTERN_B_PROGRESSED_PREVIOUS_ET_ONLY_CANDIDATE_V01_battle_a_all_universe_P1,2025-04-30,236288220.11409792,0.0,129473904.0,365762124.11409795,-0.02764502432991356,0.3539839022796444,0.6460160977203555,41,False,True,EXACT,100.0
2025-05-02,PATTERN_B_PROGRESSED_PREVIOUS_ET_ONLY_CANDIDATE_V01_battle_a_all_universe_P1,2025-05-02,226293225.57777113,15203885.6870082,123991623.0,365488734.2647793,-0.028371813581060112,0.33924882322138533,0.6607511767786147,40,False,True,EXACT,100.0
2025-05-07,PATTERN_B_PROGRESSED_PREVIOUS_ET_ONLY_CANDIDATE_V01_battle_a_all_universe_P1,2025-05-07,241497111.26477933,0.0,124547383.0,366044494.2647793,-0.026894361527796673,0.3402520320655562,0.6597479679344438,40,False,True,EXACT,100.0
2025-05-08,PATTERN_B_PROGRESSED_PREVIOUS_ET_ONLY_CANDIDATE_V01_battle_a_all_universe_P1,2025-05-08,241497111.26477933,0.0,125470073.0,366967184.2647793,-0.024441449776274826,0.3419108802640758,0.6580891197359242,40,False,True,EXACT,100.0
2025-05-09,PATTERN_B_PROGRESSED_PREVIOUS_ET_ONLY_CANDIDATE_V01_battle_a_all_universe_P1,2025-05-09,241497111.26477933,0.0,124712229.0,366209340.2647793,-0.02645612908722461,0.34054901196629683,0.6594509880337032,40,False,True,EXACT,100.0
2025-05-12,PATTERN_B_PROGRESSED_PREVIOUS_ET_ONLY_CANDIDATE_V01_battle_a_all_universe_P1,2025-05-12,241497111.26477933,0.0,126586640.0,368083751.2647793,-0.021473128546326103,0.34390716668430305,0.656092833315697,40,False,True,EXACT,100.0
2025-05-13,PATTERN_B_PROGRESSED_PREVIOUS_ET_ONLY_CANDIDATE_V01_battle_a_all_universe_P1,2025-05-13,241497111.26477933,0.0,127494826.0,368991937.2647793,-0.019058774741724904,0.34552198333947043,0.6544780166605296,40,False,True,EXACT,100.0
2025-05-14,PATTERN_B_PROGRESSED_PREVIOUS_ET_ONLY_CANDIDATE_V01_battle_a_all_universe_P1,2025-05-14,241497111.26477933,0.0,129181663.0,370678774.2647793,-0.014574427560979708,0.3485002972080736,0.6514997027919265,40,False,True,EXACT,100.0
2025-05-15,PATTERN_B_PROGRESSED_PREVIOUS_ET_ONLY_CANDIDATE_V01_battle_a_all_universe_P1,2025-05-15,241497111.26477933,0.0,126977991.0,368475102.2647793,-0.020432747197368428,0.34460399147608073,0.6553960085239192,40,False,True,EXACT,100.0
2025-05-16,PATTERN_B_PROGRESSED_PREVIOUS_ET_ONLY_CANDIDATE_V01_battle_a_all_universe_P1,2025-05-16,241497111.26477933,0.0,125373499.0,366870610.2647793,-0.024698185515788063,0.3417376467128695,0.6582623532871305,40,False,True,EXACT,100.0
2025-05-19,PATTERN_B_PROGRESSED_PREVIOUS_ET_ONLY_CANDIDATE_V01_battle_a_all_universe_P1,2025-05-19,241497111.26477933,0.0,124140406.0,365637517.2647793,-0.02797628358818427,0.3395176920810966,0.6604823079189034,40,False,True,EXACT,100.0
2025-05-20,PATTERN_B_PROGRESSED_PREVIOUS_ET_ONLY_CANDIDATE_V01_battle_a_all_universe_P1,2025-05-20,241497111.26477933,0.0,124884297.0,366381408.2647793,-0.025998697426254158,0.34085871767201587,0.6591412823279841,40,False,True,EXACT,100.0
2025-05-21,PATTERN_B_PROGRESSED_PREVIOUS_ET_ONLY_CANDIDATE_V01_battle_a_all_universe_P1,2025-05-21,241497111.26477933,0.0,126308763.0,367805874.2647793,-0.02221184659765174,0.34341148915167063,0.6565885108483294,40,False,True,EXACT,100.0
2025-05-22,PATTERN_B_PROGRESSED_PREVIOUS_ET_ONLY_CANDIDATE_V01_battle_a_all_universe_P1,2025-05-22,241497111.26477933,0.0,125841651.0,367338762.2647793,-0.023453633670316276,0.34257656399814623,0.6574234360018538,40,False,True,EXACT,100.0
2025-05-23,PATTERN_B_PROGRESSED_PREVIOUS_ET_ONLY_CANDIDATE_V01_battle_a_all_universe_P1,2025-05-23,241497111.26477933,0.0,125716798.0,367213909.2647793,-0.02378554730426996,0.3423530395450026,0.6576469604549974,40,False,True,EXACT,100.0
2025-05-26,PATTERN_B_PROGRESSED_PREVIOUS_ET_ONLY_CANDIDATE_V01_battle_a_all_universe_P1,2025-05-26,241497111.26477933,0.0,126996707.0,368493818.2647793,-0.02038299192057824,0.34463727939323846,0.6553627206067615,40,False,True,EXACT,100.0
2025-05-27,PATTERN_B_PROGRESSED_PREVIOUS_ET_ONLY_CANDIDATE_V01_battle_a_all_universe_P1,2025-05-27,241497111.26477933,0.0,124914236.0,366411347.2647793,-0.025919106529063596,0.34091257525857516,0.6590874247414248,40,False,True,EXACT,100.0
2025-05-28,PATTERN_B_PROGRESSED_PREVIOUS_ET_ONLY_CANDIDATE_V01_battle_a_all_universe_P1,2025-05-28,241497111.26477933,0.0,126483035.0,367980146.2647793,-0.021748555745078058,0.34372244340864355,0.6562775565913564,40,False,True,EXACT,100.0
2025-05-29,PATTERN_B_PROGRESSED_PREVIOUS_ET_ONLY_CANDIDATE_V01_battle_a_all_universe_P1,2025-05-29,241497111.26477933,0.0,127700423.0,369197534.2647793,-0.018512208400507713,0.3458864460032293,0.6541135539967707,40,False,True,EXACT,100.0
2025-05-30,PATTERN_B_PROGRESSED_PREVIOUS_ET_ONLY_CANDIDATE_V01_battle_a_all_universe_P1,2025-05-30,241497111.26477933,0.0,127882236.0,369379347.2647793,-0.018028870286645682,0.3462084086372354,0.6537915913627647,40,False,True,EXACT,100.0
2025-06-02,PATTERN_B_PROGRESSED_PREVIOUS_ET_ONLY_CANDIDATE_V01_battle_a_all_universe_P1,2025-06-02,236499970.40606934,6307074.46190025,125931903.0,368738947.86796963,-0.019731330707915995,0.34152048143580177,0.6584795185641982,40,False,True,EXACT,100.0
2025-06-04,PATTERN_B_PROGRESSED_PREVIOUS_ET_ONLY_CANDIDATE_V01_battle_a_all_universe_P1,2025-06-04,242807044.8679696,0.0,128099520.0,370906564.86796963,-0.013968860959573282,0.34536870504192657,0.6546312949580734,40,False,True,EXACT,100.0
2025-06-05,PATTERN_B_PROGRESSED_PREVIOUS_ET_ONLY_CANDIDATE_V01_battle_a_all_universe_P1,2025-06-05,242807044.8679696,0.0,129073337.0,371880381.86796963,-0.011380031381782563,0.34708294197090905,0.6529170580290908,40,False,True,EXACT,100.0
2025-06-09,PATTERN_B_PROGRESSED_PREVIOUS_ET_ONLY_CANDIDATE_V01_battle_a_all_universe_P1,2025-06-09,242807044.8679696,0.0,130681504.0,373488548.86796963,-0.007104823313298647,0.34989427225035663,0.6501057277496433,40,False,True,EXACT,100.0
2025-06-10,PATTERN_B_PROGRESSED_PREVIOUS_ET_ONLY_CANDIDATE_V01_battle_a_all_universe_P1,2025-06-10,242807044.8679696,0.0,132219145.0,375026189.86796963,-0.003017104059246156,0.35255976401687733,0.6474402359831226,40,False,True,EXACT,100.0
2025-06-11,PATTERN_B_PROGRESSED_PREVIOUS_ET_ONLY_CANDIDATE_V01_battle_a_all_universe_P1,2025-06-11,242807044.8679696,0.0,133711862.0,376518906.86796963,0.0,0.35512655423406797,0.644873445765932,40,False,True,EXACT,100.0
2025-06-12,PATTERN_B_PROGRESSED_PREVIOUS_ET_ONLY_CANDIDATE_V01_battle_a_all_universe_P1,2025-06-12,242807044.8679696,0.0,134010094.0,376817138.86796963,0.0,0.35563693945183017,0.6443630605481697,40,False,True,EXACT,100.0
2025-06-13,PATTERN_B_PROGRESSED_PREVIOUS_ET_ONLY_CANDIDATE_V01_battle_a_all_universe_P1,2025-06-13,242807044.8679696,0.0,131000140.0,373807184.86796963,-0.007987837307619539,0.35044842716511676,0.6495515728348832,40,False,True,EXACT,100.0
2025-06-16,PATTERN_B_PROGRESSED_PREVIOUS_ET_ONLY_CANDIDATE_V01_battle_a_all_universe_P1,2025-06-16,242807044.8679696,0.0,130816042.0,373623086.86796963,-0.00847639788783372,0.3501283689308728,0.6498716310691272,40,False,True,EXACT,100.0
2025-06-17,PATTERN_B_PROGRESSED_PREVIOUS_ET_ONLY_CANDIDATE_V01_battle_a_all_universe_P1,2025-06-17,242807044.8679696,0.0,132105839.0,374912883.86796963,-0.005053525446641727,0.35236409492537674,0.6476359050746232,40,False,True,EXACT,100.0
2025-06-18,PATTERN_B_PROGRESSED_PREVIOUS_ET_ONLY_CANDIDATE_V01_battle_a_all_universe_P1,2025-06-18,242807044.8679696,0.0,133431788.0,376238832.86796963,-0.0015347125710294396,0.35464650733387776,0.6453534926661222,40,False,True,EXACT,100.0
2025-06-19,PATTERN_B_PROGRESSED_PREVIOUS_ET_ONLY_CANDIDATE_V01_battle_a_all_universe_P1,2025-06-19,242807044.8679696,0.0,132133293.0,374940337.86796963,-0.004980667826411156,0.3524115163264429,0.647588483673557,40,False,True,EXACT,100.0
2025-06-20,PATTERN_B_PROGRESSED_PREVIOUS_ET_ONLY_CANDIDATE_V01_battle_a_all_universe_P1,2025-06-20,242807044.8679696,0.0,132746830.0,375553874.86796963,-0.0033524589773041846,0.35346947238041065,0.6465305276195893,40,False,True,EXACT,100.0
2025-06-23,PATTERN_B_PROGRESSED_PREVIOUS_ET_ONLY_CANDIDATE_V01_battle_a_all_universe_P1,2025-06-23,242807044.8679696,0.0,130651493.0,373458537.86796963,-0.008913079192973794,0.34984202997707275,0.6501579700229272,40,False,True,EXACT,100.0
2025-06-24,PATTERN_B_PROGRESSED_PREVIOUS_ET_ONLY_CANDIDATE_V01_battle_a_all_universe_P1,2025-06-24,242807044.8679696,0.0,135040277.0,377847321.86796963,0.0,0.3573937651123192,0.6426062348876808,40,False,True,EXACT,100.0
2025-06-25,PATTERN_B_PROGRESSED_PREVIOUS_ET_ONLY_CANDIDATE_V01_battle_a_all_universe_P1,2025-06-25,242807044.8679696,0.0,134583202.0,377390246.86796963,-0.0012096817247251312,0.35661547460998394,0.643384525390016,40,False,True,EXACT,100.0
2025-06-26,PATTERN_B_PROGRESSED_PREVIOUS_ET_ONLY_CANDIDATE_V01_battle_a_all_universe_P1,2025-06-26,242807044.8679696,0.0,131907890.0,374714934.86796963,-0.008290086547429687,0.35202197117250633,0.6479780288274936,40,False,True,EXACT,100.0
2025-06-27,PATTERN_B_PROGRESSED_PREVIOUS_ET_ONLY_CANDIDATE_V01_battle_a_all_universe_P1,2025-06-27,242807044.8679696,0.0,130956641.0,373763685.86796963,-0.010807635157533135,0.35037283168879024,0.6496271683112097,40,False,True,EXACT,100.0
2025-06-30,PATTERN_B_PROGRESSED_PREVIOUS_ET_ONLY_CANDIDATE_V01_battle_a_all_universe_P1,2025-06-30,242807044.8679696,0.0,131008092.0,373815136.86796963,-0.010671466400942076,0.3504622447813601,0.6495377552186399,40,False,True,EXACT,100.0
2025-07-01,PATTERN_B_PROGRESSED_PREVIOUS_ET_ONLY_CANDIDATE_V01_battle_a_all_universe_P1,2025-07-01,227817938.95328668,18374098.221787497,128944784.0,375136821.17507416,-0.007173534218783195,0.3437273461882384,0.6562726538117616,38,False,True,EXACT,100.0
2025-07-02,PATTERN_B_PROGRESSED_PREVIOUS_ET_ONLY_CANDIDATE_V01_battle_a_all_universe_P1,2025-07-02,246192037.17507416,0.0,131381856.0,377573893.17507416,-0.0007236486196162684,0.3479632950657439,0.6520367049342561,38,False,True,EXACT,100.0
2025-07-03,PATTERN_B_PROGRESSED_PREVIOUS_ET_ONLY_CANDIDATE_V01_battle_a_all_universe_P1,2025-07-03,246192037.17507416,0.0,134251513.0,380443550.17507416,0.0,0.3528815587443119,0.6471184412556881,38,False,True,EXACT,100.0
2025-07-04,PATTERN_B_PROGRESSED_PREVIOUS_ET_ONLY_CANDIDATE_V01_battle_a_all_universe_P1,2025-07-04,246192037.17507416,0.0,134324514.0,380516551.17507416,0.0,0.3530057065459889,0.646994293454011,38,False,True,EXACT,100.0
2025-07-07,PATTERN_B_PROGRESSED_PREVIOUS_ET_ONLY_CANDIDATE_V01_battle_a_all_universe_P1,2025-07-07,246192037.17507416,0.0,135060170.0,381252207.17507416,0.0,0.3542541327189727,0.6457458672810273,38,False,True,EXACT,100.0
2025-07-08,PATTERN_B_PROGRESSED_PREVIOUS_ET_ONLY_CANDIDATE_V01_battle_a_all_universe_P1,2025-07-08,246192037.17507416,0.0,135662091.0,381854128.17507416,0.0,0.35527202926506285,0.6447279707349372,38,False,True,EXACT,100.0
2025-07-09,PATTERN_B_PROGRESSED_PREVIOUS_ET_ONLY_CANDIDATE_V01_battle_a_all_universe_P1,2025-07-09,246192037.17507416,0.0,136082986.0,382275023.17507416,0.0,0.3559818919628363,0.6440181080371636,38,False,True,EXACT,100.0
2025-07-10,PATTERN_B_PROGRESSED_PREVIOUS_ET_ONLY_CANDIDATE_V01_battle_a_all_universe_P1,2025-07-10,246192037.17507416,0.0,136689542.0,382881579.17507416,0.0,0.35700213704326095,0.642997862956739,38,False,True,EXACT,100.0
2025-07-11,PATTERN_B_PROGRESSED_PREVIOUS_ET_ONLY_CANDIDATE_V01_battle_a_all_universe_P1,2025-07-11,246192037.17507416,0.0,136167260.0,382359297.17507416,-0.0013640823387880419,0.35612383694086536,0.6438761630591346,38,False,True,EXACT,100.0
2025-07-14,PATTERN_B_PROGRESSED_PREVIOUS_ET_ONLY_CANDIDATE_V01_battle_a_all_universe_P1,2025-07-14,246192037.17507416,0.0,136039897.0,382231934.17507416,-0.0016967256596666092,0.35590929181152475,0.6440907081884752,38,False,True,EXACT,100.0
2025-07-15,PATTERN_B_PROGRESSED_PREVIOUS_ET_ONLY_CANDIDATE_V01_battle_a_all_universe_P1,2025-07-15,246192037.17507416,0.0,136280058.0,382472095.17507416,-0.0010694795003777235,0.3563137277704369,0.6436862722295631,38,False,True,EXACT,100.0
2025-07-16,PATTERN_B_PROGRESSED_PREVIOUS_ET_ONLY_CANDIDATE_V01_battle_a_all_universe_P1,2025-07-16,246192037.17507416,0.0,136843518.0,383035555.17507416,0.0,0.35726061497725164,0.6427393850227483,38,False,True,EXACT,100.0
2025-07-17,PATTERN_B_PROGRESSED_PREVIOUS_ET_ONLY_CANDIDATE_V01_battle_a_all_universe_P1,2025-07-17,246192037.17507416,0.0,137227127.0,383419164.17507416,0.0,0.35790367259092015,0.6420963274090798,38,False,True,EXACT,100.0
2025-07-18,PATTERN_B_PROGRESSED_PREVIOUS_ET_ONLY_CANDIDATE_V01_battle_a_all_universe_P1,2025-07-18,246192037.17507416,0.0,137563050.0,383755087.17507416,0.0,0.35846573660466396,0.641534263395336,38,False,True,EXACT,100.0
2025-07-21,PATTERN_B_PROGRESSED_PREVIOUS_ET_ONLY_CANDIDATE_V01_battle_a_all_universe_P1,2025-07-21,246192037.17507416,0.0,137083853.0,383275890.17507416,-0.001248705270664896,0.35766364781615234,0.6423363521838477,38,False,True,EXACT,100.0
2025-07-22,PATTERN_B_PROGRESSED_PREVIOUS_ET_ONLY_CANDIDATE_V01_battle_a_all_universe_P1,2025-07-22,246192037.17507416,0.0,135745375.0,381937412.17507416,-0.004736549587864514,0.3554126164989997,0.6445873835010003,38,False,True,EXACT,100.0
2025-07-23,PATTERN_B_PROGRESSED_PREVIOUS_ET_ONLY_CANDIDATE_V01_battle_a_all_universe_P1,2025-07-23,246192037.17507416,0.0,134080068.0,380272105.17507416,-0.00907605427628122,0.3525898065498931,0.6474101934501069,38,False,True,EXACT,100.0
2025-07-24,PATTERN_B_PROGRESSED_PREVIOUS_ET_ONLY_CANDIDATE_V01_battle_a_all_universe_P1,2025-07-24,246192037.17507416,0.0,133244920.0,379436957.17507416,-0.011252306860052186,0.35116484433149225,0.6488351556685078,38,False,True,EXACT,100.0
2025-07-25,PATTERN_B_PROGRESSED_PREVIOUS_ET_ONLY_CANDIDATE_V01_battle_a_all_universe_P1,2025-07-25,246192037.17507416,0.0,133126475.0,379318512.17507416,-0.011560954234271725,0.3509622407739372,0.6490377592260628,38,False,True,EXACT,100.0
2025-07-28,PATTERN_B_PROGRESSED_PREVIOUS_ET_ONLY_CANDIDATE_V01_battle_a_all_universe_P1,2025-07-28,246192037.17507416,0.0,134307738.0,380499775.17507416,-0.008482785267977189,0.3529771809673286,0.6470228190326714,38,False,True,EXACT,100.0
2025-07-29,PATTERN_B_PROGRESSED_PREVIOUS_ET_ONLY_CANDIDATE_V01_battle_a_all_universe_P1,2025-07-29,246192037.17507416,0.0,133490693.0,379682730.17507416,-0.010611864535732263,0.3515848427934728,0.6484151572065272,38,False,True,EXACT,100.0
2025-07-30,PATTERN_B_PROGRESSED_PREVIOUS_ET_ONLY_CANDIDATE_V01_battle_a_all_universe_P1,2025-07-30,246192037.17507416,0.0,133318270.0,379510307.17507416,-0.011061169328716924,0.3512902481947563,0.6487097518052437,38,False,True,EXACT,100.0
2025-07-31,PATTERN_B_PROGRESSED_PREVIOUS_ET_ONLY_CANDIDATE_V01_battle_a_all_universe_P1,2025-07-31,246192037.17507416,0.0,133213474.0,379405511.17507416,-0.011334249747719127,0.35111106738386183,0.6488889326161382,38,False,True,EXACT,100.0
2025-08-01,PATTERN_B_PROGRESSED_PREVIOUS_ET_ONLY_CANDIDATE_V01_battle_a_all_universe_P1,2025-08-01,236194716.96694893,13260335.051339999,126480554.0,375935606.0182889,-0.020376228011325104,0.33644207139519217,0.6635579286048078,37,False,True,EXACT,100.0
2025-08-04,PATTERN_B_PROGRESSED_PREVIOUS_ET_ONLY_CANDIDATE_V01_battle_a_all_universe_P1,2025-08-04,249455052.0182889,0.0,128135737.0,377590789.0182889,-0.016063104732141342,0.33935080178503413,0.6606491982149659,37,False,True,EXACT,100.0
2025-08-05,PATTERN_B_PROGRESSED_PREVIOUS_ET_ONLY_CANDIDATE_V01_battle_a_all_universe_P1,2025-08-05,249455052.0182889,0.0,129926064.0,379381116.0182889,-0.011397819346144034,0.34246845326306813,0.6575315467369319,37,False,True,EXACT,100.0
2025-08-06,PATTERN_B_PROGRESSED_PREVIOUS_ET_ONLY_CANDIDATE_V01_battle_a_all_universe_P1,2025-08-06,249455052.0182889,0.0,130937623.0,380392675.0182889,-0.008761869924739929,0.34421699364664327,0.6557830063533567,37,False,True,EXACT,100.0
2025-08-07,PATTERN_B_PROGRESSED_PREVIOUS_ET_ONLY_CANDIDATE_V01_battle_a_all_universe_P1,2025-08-07,249455052.0182889,0.0,131615369.0,381070421.0182889,-0.006995779981831096,0.3453833248151352,0.6546166751848648,37,False,True,EXACT,100.0
2025-08-08,PATTERN_B_PROGRESSED_PREVIOUS_ET_ONLY_CANDIDATE_V01_battle_a_all_universe_P1,2025-08-08,249455052.0182889,0.0,131516287.0,380971339.0182889,-0.007253970695938361,0.34521307387295724,0.6547869261270428,37,False,True,EXACT,100.0
2025-08-11,PATTERN_B_PROGRESSED_PREVIOUS_ET_ONLY_CANDIDATE_V01_battle_a_all_universe_P1,2025-08-11,249455052.0182889,0.0,132719255.0,382174307.0182889,-0.004119242218837527,0.3472741431402628,0.6527258568597372,37,False,True,EXACT,100.0
2025-08-12,PATTERN_B_PROGRESSED_PREVIOUS_ET_ONLY_CANDIDATE_V01_battle_a_all_universe_P1,2025-08-12,249455052.0182889,0.0,132279796.0,381734848.0182889,-0.005264397070685822,0.3465227151430054,0.6534772848569945,37,False,True,EXACT,100.0
2025-08-13,PATTERN_B_PROGRESSED_PREVIOUS_ET_ONLY_CANDIDATE_V01_battle_a_all_universe_P1,2025-08-13,249455052.0182889,0.0,131637239.0,381092291.0182889,-0.006938790509298021,0.34542089174320934,0.6545791082567907,37,False,True,EXACT,100.0
2025-08-14,PATTERN_B_PROGRESSED_PREVIOUS_ET_ONLY_CANDIDATE_V01_battle_a_all_universe_P1,2025-08-14,249455052.0182889,0.0,130360838.0,379815890.0182889,-0.010264872801511893,0.34322112746184175,0.6567788725381583,37,False,True,EXACT,100.0
2025-08-18,PATTERN_B_PROGRESSED_PREVIOUS_ET_ONLY_CANDIDATE_V01_battle_a_all_universe_P1,2025-08-18,249455052.0182889,0.0,127910336.0,377365388.0182889,-0.01665046111524293,0.3389561948744511,0.6610438051255488,37,False,True,EXACT,100.0
2025-08-19,PATTERN_B_PROGRESSED_PREVIOUS_ET_ONLY_CANDIDATE_V01_battle_a_all_universe_P1,2025-08-19,249455052.0182889,0.0,126898422.0,376353474.0182889,-0.01928733560581708,0.3371788245903992,0.6628211754096008,37,False,True,EXACT,100.0
2025-08-20,PATTERN_B_PROGRESSED_PREVIOUS_ET_ONLY_CANDIDATE_V01_battle_a_all_universe_P1,2025-08-20,249455052.0182889,0.0,125642528.0,375097580.0182889,-0.022559980169945204,0.33495958036805773,0.6650404196319423,37,False,True,EXACT,100.0
2025-08-21,PATTERN_B_PROGRESSED_PREVIOUS_ET_ONLY_CANDIDATE_V01_battle_a_all_universe_P1,2025-08-21,249455052.0182889,0.0,124803500.0,374258552.0182889,-0.024746343368870605,0.3334686657845596,0.6665313342154404,37,False,True,EXACT,100.0
2025-08-22,PATTERN_B_PROGRESSED_PREVIOUS_ET_ONLY_CANDIDATE_V01_battle_a_all_universe_P1,2025-08-22,249455052.0182889,0.0,126065215.0,375520267.0182889,-0.021458530276182164,0.33570815232153706,0.6642918476784629,37,False,True,EXACT,100.0
2025-08-25,PATTERN_B_PROGRESSED_PREVIOUS_ET_ONLY_CANDIDATE_V01_battle_a_all_universe_P1,2025-08-25,249455052.0182889,0.0,127895808.0,377350860.0182889,-0.01668831859384201,0.3389307447021621,0.6610692552978379,37,False,True,EXACT,100.0
2025-08-26,PATTERN_B_PROGRESSED_PREVIOUS_ET_ONLY_CANDIDATE_V01_battle_a_all_universe_P1,2025-08-26,249455052.0182889,0.0,126199002.0,375654054.0182889,-0.02110990427884396,0.3359447359880108,0.6640552640119892,37,False,True,EXACT,100.0
2025-08-27,PATTERN_B_PROGRESSED_PREVIOUS_ET_ONLY_CANDIDATE_V01_battle_a_all_universe_P1,2025-08-27,249455052.0182889,0.0,125555531.0,375010583.0182889,-0.022786679444840585,0.3348053006650129,0.6651946993349871,37,False,True,EXACT,100.0
2025-08-28,PATTERN_B_PROGRESSED_PREVIOUS_ET_ONLY_CANDIDATE_V01_battle_a_all_universe_P1,2025-08-28,249455052.0182889,0.0,125806414.0,375261466.0182889,-0.022132921336128986,0.335250020032349,0.6647499799676511,37,False,True,EXACT,100.0
2025-08-29,PATTERN_B_PROGRESSED_PREVIOUS_ET_ONLY_CANDIDATE_V01_battle_a_all_universe_P1,2025-08-29,249455052.0182889,0.0,126152780.0,375607832.0182889,-0.021230350890614647,0.3358630178772668,0.6641369821227332,37,False,True,EXACT,100.0
2025-09-01,PATTERN_B_PROGRESSED_PREVIOUS_ET_ONLY_CANDIDATE_V01_battle_a_all_universe_P1,2025-09-01,249455052.0182889,4736946.95136,119907730.0,374099728.9696489,-0.025160209018989188,0.3205234345671719,0.6794765654328281,36,False,True,EXACT,100.0
2025-09-02,PATTERN_B_PROGRESSED_PREVIOUS_ET_ONLY_CANDIDATE_V01_battle_a_all_universe_P1,2025-09-02,254191998.9696489,0.0,120876315.0,375068313.9696489,-0.022636242477906854,0.32227813040421616,0.6777218695957838,36,False,True,EXACT,100.0
2025-09-03,PATTERN_B_PROGRESSED_PREVIOUS_ET_ONLY_CANDIDATE_V01_battle_a_all_universe_P1,2025-09-03,254191998.9696489,0.0,121355240.0,375547238.9696489,-0.021388245992634225,0.3231424103474975,0.6768575896525024,36,False,True,EXACT,100.0
2025-09-04,PATTERN_B_PROGRESSED_PREVIOUS_ET_ONLY_CANDIDATE_V01_battle_a_all_universe_P1,2025-09-04,254191998.9696489,0.0,122356939.0,376548937.9696489,-0.0187779900417,0.32494299322618825,0.6750570067738118,36,False,True,EXACT,100.0
2025-09-05,PATTERN_B_PROGRESSED_PREVIOUS_ET_ONLY_CANDIDATE_V01_battle_a_all_universe_P1,2025-09-05,254191998.9696489,0.0,123619693.0,377811691.9696489,-0.015487469493046246,0.32719922550711017,0.6728007744928898,36,False,True,EXACT,100.0
2025-09-08,PATTERN_B_PROGRESSED_PREVIOUS_ET_ONLY_CANDIDATE_V01_battle_a_all_universe_P1,2025-09-08,254191998.9696489,0.0,125796074.0,379988072.9696489,-0.009816193534150308,0.3310526907249739,0.6689473092750261,36,False,True,EXACT,100.0
2025-09-09,PATTERN_B_PROGRESSED_PREVIOUS_ET_ONLY_CANDIDATE_V01_battle_a_all_universe_P1,2025-09-09,254191998.9696489,0.0,128615080.0,382807078.9696489,-0.0024703469402941325,0.33597884434680825,0.6640211556531918,36,False,True,EXACT,100.0
2025-09-10,PATTERN_B_PROGRESSED_PREVIOUS_ET_ONLY_CANDIDATE_V01_battle_a_all_universe_P1,2025-09-10,254191998.9696489,0.0,130290205.0,384482203.9696489,0.0,0.3388718740550216,0.6611281259449784,36,False,True,EXACT,100.0
2025-09-11,PATTERN_B_PROGRESSED_PREVIOUS_ET_ONLY_CANDIDATE_V01_battle_a_all_universe_P1,2025-09-11,254191998.9696489,0.0,130939551.0,385131549.9696489,0.0,0.33998656046309106,0.6600134395369089,36,False,True,EXACT,100.0
2025-09-12,PATTERN_B_PROGRESSED_PREVIOUS_ET_ONLY_CANDIDATE_V01_battle_a_all_universe_P1,2025-09-12,254191998.9696489,0.0,133524794.0,387716792.9696489,0.0,0.3443874405781865,0.6556125594218135,36,False,True,EXACT,100.0
2025-09-15,PATTERN_B_PROGRESSED_PREVIOUS_ET_ONLY_CANDIDATE_V01_battle_a_all_universe_P1,2025-09-15,254191998.9696489,0.0,133132991.0,387324989.9696489,-0.0010105391541054276,0.3437242482351382,0.6562757517648619,36,False,True,EXACT,100.0
2025-09-16,PATTERN_B_PROGRESSED_PREVIOUS_ET_ONLY_CANDIDATE_V01_battle_a_all_universe_P1,2025-09-16,254191998.9696489,0.0,132851784.0,387043782.9696489,-0.0017358288632410845,0.3432474305120616,0.6567525694879385,36,False,True,EXACT,100.0
2025-09-17,PATTERN_B_PROGRESSED_PREVIOUS_ET_ONLY_CANDIDATE_V01_battle_a_all_universe_P1,2025-09-17,254191998.9696489,0.0,131754669.0,385946667.9696489,-0.004565510269601836,0.34138050651692964,0.6586194934830704,36,False,True,EXACT,100.0
2025-09-18,PATTERN_B_PROGRESSED_PREVIOUS_ET_ONLY_CANDIDATE_V01_battle_a_all_universe_P1,2025-09-18,254191998.9696489,0.0,135350962.0,389542960.9696489,0.0,0.34746093643454595,0.652539063565454,36,False,True,EXACT,100.0
2025-09-19,PATTERN_B_PROGRESSED_PREVIOUS_ET_ONLY_CANDIDATE_V01_battle_a_all_universe_P1,2025-09-19,254191998.9696489,0.0,136986272.0,391178270.9696489,0.0,0.3501888580376404,0.6498111419623596,36,False,True,EXACT,100.0
2025-09-22,PATTERN_B_PROGRESSED_PREVIOUS_ET_ONLY_CANDIDATE_V01_battle_a_all_universe_P1,2025-09-22,254191998.9696489,0.0,135315660.0,389507658.9696489,-0.0042707177877209235,0.34740179527649295,0.652598204723507,36,False,True,EXACT,100.0
2025-09-23,PATTERN_B_PROGRESSED_PREVIOUS_ET_ONLY_CANDIDATE_V01_battle_a_all_universe_P1,2025-09-23,254191998.9696489,0.0,132917112.0,387109110.9696489,-0.010402316033335413,0.34335826317046125,0.6566417368295387,36,False,True,EXACT,100.0
2025-09-24,PATTERN_B_PROGRESSED_PREVIOUS_ET_ONLY_CANDIDATE_V01_battle_a_all_universe_P1,2025-09-24,254191998.9696489,0.0,132974398.0,387166396.9696489,-0.010255871293810337,0.3434554213402571,0.6565445786597429,36,False,True,EXACT,100.0
2025-09-25,PATTERN_B_PROGRESSED_PREVIOUS_ET_ONLY_CANDIDATE_V01_battle_a_all_universe_P1,2025-09-25,254191998.9696489,0.0,131659332.0,385851330.9696489,-0.013617678678305989,0.3412177733562265,0.6587822266437735,36,False,True,EXACT,100.0
2025-09-26,PATTERN_B_PROGRESSED_PREVIOUS_ET_ONLY_CANDIDATE_V01_battle_a_all_universe_P1,2025-09-26,254191998.9696489,0.0,127707123.0,381899121.9696489,-0.023721023606446567,0.33440014824163283,0.6655998517583672,36,False,True,EXACT,100.0
2025-09-29,PATTERN_B_PROGRESSED_PREVIOUS_ET_ONLY_CANDIDATE_V01_battle_a_all_universe_P1,2025-09-29,254191998.9696489,0.0,128256165.0,382448163.9696489,-0.022317464051262115,0.33535568237210417,0.6646443176278958,36,False,True,EXACT,100.0
2025-09-30,PATTERN_B_PROGRESSED_PREVIOUS_ET_ONLY_CANDIDATE_V01_battle_a_all_universe_P1,2025-09-30,254191998.9696489,0.0,127195209.0,381387207.9696489,-0.025029669914256814,0.3335067520411495,0.6664932479588506,36,False,True,EXACT,100.0
2025-10-01,PATTERN_B_PROGRESSED_PREVIOUS_ET_ONLY_CANDIDATE_V01_battle_a_all_universe_P1,2025-10-01,254191998.9696489,28537929.8863173,98408480.0,381138408.8559662,-0.025665694796380145,0.2581961768046027,0.7418038231953973,31,False,True,EXACT,100.0
2025-10-02,PATTERN_B_PROGRESSED_PREVIOUS_ET_ONLY_CANDIDATE_V01_battle_a_all_universe_P1,2025-10-02,282729928.8559662,0.0,99635038.0,382364966.8559662,-0.022530147423159175,0.26057574996804483,0.7394242500319552,31,False,True,EXACT,100.0
2025-10-10,PATTERN_B_PROGRESSED_PREVIOUS_ET_ONLY_CANDIDATE_V01_battle_a_all_universe_P1,2025-10-10,282729928.8559662,0.0,100140184.0,382870112.8559662,-0.02123880268985423,0.2615513215513696,0.7384486784486304,31,False,True,EXACT,100.0
2025-10-13,PATTERN_B_PROGRESSED_PREVIOUS_ET_ONLY_CANDIDATE_V01_battle_a_all_universe_P1,2025-10-13,282729928.8559662,0.0,100876979.0,383606907.8559662,-0.019355275268523653,0.26296966226133894,0.7370303377386611,31,False,True,EXACT,100.0
2025-10-14,PATTERN_B_PROGRESSED_PREVIOUS_ET_ONLY_CANDIDATE_V01_battle_a_all_universe_P1,2025-10-14,282729928.8559662,0.0,101444643.0,384174571.8559662,-0.017904110819657704,0.26405871296977296,0.735941287030227,31,False,True,EXACT,100.0
2025-10-15,PATTERN_B_PROGRESSED_PREVIOUS_ET_ONLY_CANDIDATE_V01_battle_a_all_universe_P1,2025-10-15,282729928.8559662,0.0,102632665.0,385362593.8559662,-0.014867076075741226,0.2663275227962581,0.7336724772037418,31,False,True,EXACT,100.0
2025-10-16,PATTERN_B_PROGRESSED_PREVIOUS_ET_ONLY_CANDIDATE_V01_battle_a_all_universe_P1,2025-10-16,282729928.8559662,0.0,102638061.0,385367989.8559662,-0.014853281853514533,0.2663377958256513,0.7336622041743487,31,False,True,EXACT,100.0
2025-10-17,PATTERN_B_PROGRESSED_PREVIOUS_ET_ONLY_CANDIDATE_V01_battle_a_all_universe_P1,2025-10-17,282729928.8559662,0.0,101395788.0,384125716.8559662,-0.01802900272604835,0.26396511233331427,0.7360348876666857,31,False,True,EXACT,100.0
2025-10-20,PATTERN_B_PROGRESSED_PREVIOUS_ET_ONLY_CANDIDATE_V01_battle_a_all_universe_P1,2025-10-20,282729928.8559662,0.0,102644155.0,385374083.8559662,-0.014837703278598124,0.26634939737764857,0.7336506026223515,31,False,True,EXACT,100.0
2025-10-21,PATTERN_B_PROGRESSED_PREVIOUS_ET_ONLY_CANDIDATE_V01_battle_a_all_universe_P1,2025-10-21,282729928.8559662,0.0,103639748.0,386369676.8559662,-0.01229259003002181,0.2682398599272986,0.7317601400727014,31,False,True,EXACT,100.0
2025-10-22,PATTERN_B_PROGRESSED_PREVIOUS_ET_ONLY_CANDIDATE_V01_battle_a_all_universe_P1,2025-10-22,282729928.8559662,0.0,106174862.0,388904790.8559662,-0.005811877300973767,0.2730099101281646,0.7269900898718353,31,False,True,EXACT,100.0
2025-10-23,PATTERN_B_PROGRESSED_PREVIOUS_ET_ONLY_CANDIDATE_V01_battle_a_all_universe_P1,2025-10-23,282729928.8559662,0.0,104841444.0,387571372.8559662,-0.00922059935676367,0.2705087406931946,0.7294912593068054,31,False,True,EXACT,100.0
2025-10-24,PATTERN_B_PROGRESSED_PREVIOUS_ET_ONLY_CANDIDATE_V01_battle_a_all_universe_P1,2025-10-24,282729928.8559662,0.0,105944871.0,388674799.8559662,-0.006399821512266257,0.2725797274206115,0.7274202725793885,31,False,True,EXACT,100.0
2025-10-27,PATTERN_B_PROGRESSED_PREVIOUS_ET_ONLY_CANDIDATE_V01_battle_a_all_universe_P1,2025-10-27,282729928.8559662,0.0,106746716.0,389476644.8559662,-0.004350001623210642,0.2740773225040911,0.7259226774959089,31,False,True,EXACT,100.0
2025-10-28,PATTERN_B_PROGRESSED_PREVIOUS_ET_ONLY_CANDIDATE_V01_battle_a_all_universe_P1,2025-10-28,282729928.8559662,0.0,106024848.0,388754776.8559662,-0.006195369972047171,0.2727293767486804,0.7272706232513195,31,False,True,EXACT,100.0
2025-10-29,PATTERN_B_PROGRESSED_PREVIOUS_ET_ONLY_CANDIDATE_V01_battle_a_all_universe_P1,2025-10-29,282729928.8559662,0.0,104995544.0,387725472.8559662,-0.008826661320231133,0.2707986741923561,0.7292013258076439,31,False,True,EXACT,100.0
2025-10-30,PATTERN_B_PROGRESSED_PREVIOUS_ET_ONLY_CANDIDATE_V01_battle_a_all_universe_P1,2025-10-30,282729928.8559662,0.0,102053409.0,384783337.8559662,-0.01634787407242988,0.2652230462177681,0.734776953782232,31,False,True,EXACT,100.0
2025-10-31,PATTERN_B_PROGRESSED_PREVIOUS_ET_ONLY_CANDIDATE_V01_battle_a_all_universe_P1,2025-10-31,282729928.8559662,0.0,101131143.0,383861071.8559662,-0.018705535702545295,0.26345766845028457,0.7365423315497155,31,False,True,EXACT,100.0
2025-11-03,PATTERN_B_PROGRESSED_PREVIOUS_ET_ONLY_CANDIDATE_V01_battle_a_all_universe_P1,2025-11-03,262736664.0200218,13340902.304439,107088275.0,383165841.3244608,-0.0204828085806682,0.2794828334118614,0.7205171665881386,32,False,True,EXACT,100.0
2025-11-04,PATTERN_B_PROGRESSED_PREVIOUS_ET_ONLY_CANDIDATE_V01_battle_a_all_universe_P1,2025-11-04,276077566.3244608,0.0,106979871.0,383057437.3244608,-0.02075993031274015,0.2792789294138804,0.7207210705861196,32,False,True,EXACT,100.0
2025-11-05,PATTERN_B_PROGRESSED_PREVIOUS_ET_ONLY_CANDIDATE_V01_battle_a_all_universe_P1,2025-11-05,276077566.3244608,0.0,105203054.0,381280620.3244608,-0.02530214835464628,0.2759202760173719,0.7240797239826281,32,False,True,EXACT,100.0
2025-11-06,PATTERN_B_PROGRESSED_PREVIOUS_ET_ONLY_CANDIDATE_V01_battle_a_all_universe_P1,2025-11-06,276077566.3244608,0.0,105779353.0,381856919.3244608,-0.023828909571286805,0.27701305815574373,0.7229869418442563,32,False,True,EXACT,100.0
2025-11-07,PATTERN_B_PROGRESSED_PREVIOUS_ET_ONLY_CANDIDATE_V01_battle_a_all_universe_P1,2025-11-07,276077566.3244608,0.0,103142852.0,379220418.3244608,-0.03056880591947775,0.2719865466520081,0.7280134533479918,32,False,True,EXACT,100.0
2025-11-10,PATTERN_B_PROGRESSED_PREVIOUS_ET_ONLY_CANDIDATE_V01_battle_a_all_universe_P1,2025-11-10,276077566.3244608,0.0,104659640.0,380737206.3244608,-0.026691320607627023,0.2748868202568309,0.7251131797431691,32,False,True,EXACT,100.0
2025-11-11,PATTERN_B_PROGRESSED_PREVIOUS_ET_ONLY_CANDIDATE_V01_battle_a_all_universe_P1,2025-11-11,276077566.3244608,0.0,103200841.0,379278407.3244608,-0.03042056404536686,0.2720978547869584,0.7279021452130416,32,False,True,EXACT,100.0
2025-11-12,PATTERN_B_PROGRESSED_PREVIOUS_ET_ONLY_CANDIDATE_V01_battle_a_all_universe_P1,2025-11-12,276077566.3244608,0.0,104737365.0,380814931.3244608,-0.026492626033392752,0.2750348171373616,0.7249651828626383,32,False,True,EXACT,100.0
2025-11-13,PATTERN_B_PROGRESSED_PREVIOUS_ET_ONLY_CANDIDATE_V01_battle_a_all_universe_P1,2025-11-13,276077566.3244608,0.0,104921834.0,380999400.3244608,-0.026021053316578113,0.2753858245200599,0.7246141754799401,32,False,True,EXACT,100.0
2025-11-14,PATTERN_B_PROGRESSED_PREVIOUS_ET_ONLY_CANDIDATE_V01_battle_a_all_universe_P1,2025-11-14,276077566.3244608,0.0,102180230.0,378257796.3244608,-0.03302963278906301,0.27013383727417517,0.7298661627258248,32,False,True,EXACT,100.0
2025-11-17,PATTERN_B_PROGRESSED_PREVIOUS_ET_ONLY_CANDIDATE_V01_battle_a_all_universe_P1,2025-11-17,276077566.3244608,0.0,101639802.0,377717368.3244608,-0.034411171693717435,0.2690895641121035,0.7309104358878965,32,False,True,EXACT,100.0
2025-11-18,PATTERN_B_PROGRESSED_PREVIOUS_ET_ONLY_CANDIDATE_V01_battle_a_all_universe_P1,2025-11-18,276077566.3244608,0.0,98987145.0,375064711.3244608,-0.04119236890445366,0.26392017700211806,0.736079822997882,32,False,True,EXACT,100.0
2025-11-19,PATTERN_B_PROGRESSED_PREVIOUS_ET_ONLY_CANDIDATE_V01_battle_a_all_universe_P1,2025-11-19,276077566.3244608,0.0,97917704.0,373995270.3244608,-0.04392626564506008,0.2618153537477925,0.7381846462522075,32,False,True,EXACT,100.0
2025-11-20,PATTERN_B_PROGRESSED_PREVIOUS_ET_ONLY_CANDIDATE_V01_battle_a_all_universe_P1,2025-11-20,276077566.3244608,0.0,100055258.0,376132824.3244608,-0.0384618670354403,0.2660104397421323,0.7339895602578678,32,False,True,EXACT,100.0
2025-11-21,PATTERN_B_PROGRESSED_PREVIOUS_ET_ONLY_CANDIDATE_V01_battle_a_all_universe_P1,2025-11-21,276077566.3244608,0.0,97666946.0,373744512.3244608,-0.04456729818344318,0.2613200803740815,0.7386799196259185,32,False,True,EXACT,100.0
2025-11-24,PATTERN_B_PROGRESSED_PREVIOUS_ET_ONLY_CANDIDATE_V01_battle_a_all_universe_P1,2025-11-24,276077566.3244608,0.0,96651101.0,372728667.3244608,-0.0471641832238161,0.2593068617280921,0.7406931382719079,32,False,True,EXACT,100.0
2025-11-25,PATTERN_B_PROGRESSED_PREVIOUS_ET_ONLY_CANDIDATE_V01_battle_a_all_universe_P1,2025-11-25,276077566.3244608,0.0,96095511.0,372173077.3244608,-0.04858448195007914,0.2582011350493895,0.7417988649506104,32,False,True,EXACT,100.0
2025-11-26,PATTERN_B_PROGRESSED_PREVIOUS_ET_ONLY_CANDIDATE_V01_battle_a_all_universe_P1,2025-11-26,276077566.3244608,0.0,97974778.0,374052344.3244608,-0.04378036285792797,0.26192798811872875,0.7380720118812713,32,False,True,EXACT,100.0
2025-11-27,PATTERN_B_PROGRESSED_PREVIOUS_ET_ONLY_CANDIDATE_V01_battle_a_all_universe_P1,2025-11-27,276077566.3244608,0.0,97988275.0,374065841.3244608,-0.04374585940770681,0.26195461914686297,0.7380453808531371,32,False,True,EXACT,100.0
2025-11-28,PATTERN_B_PROGRESSED_PREVIOUS_ET_ONLY_CANDIDATE_V01_battle_a_all_universe_P1,2025-11-28,276077566.3244608,0.0,100243494.0,376321060.3244608,-0.03798066443813508,0.2663775817212327,0.7336224182787673,32,False,True,EXACT,100.0
2025-12-01,PATTERN_B_PROGRESSED_PREVIOUS_ET_ONLY_CANDIDATE_V01_battle_a_all_universe_P1,2025-12-01,276077566.3244608,0.0,100806196.0,376883762.3244608,-0.036542184742917816,0.2674729083000809,0.732527091699919,32,False,True,EXACT,100.0
2025-12-02,PATTERN_B_PROGRESSED_PREVIOUS_ET_ONLY_CANDIDATE_V01_battle_a_all_universe_P1,2025-12-02,276077566.3244608,0.0,101521769.0,377599335.3244608,-0.034712908801219355,0.2688610903214782,0.7311389096785218,32,False,True,EXACT,100.0
2025-12-03,PATTERN_B_PROGRESSED_PREVIOUS_ET_ONLY_CANDIDATE_V01_battle_a_all_universe_P1,2025-12-03,276077566.3244608,0.0,103127537.0,379205103.3244608,-0.030607956867105934,0.27195714428917,0.72804285571083,32,False,True,EXACT,100.0
2025-12-04,PATTERN_B_PROGRESSED_PREVIOUS_ET_ONLY_CANDIDATE_V01_battle_a_all_universe_P1,2025-12-04,276077566.3244608,0.0,103389946.0,379467512.3244608,-0.029937139954526515,0.27246059976696296,0.7275394002330371,32,False,True,EXACT,100.0
2025-12-05,PATTERN_B_PROGRESSED_PREVIOUS_ET_ONLY_CANDIDATE_V01_battle_a_all_universe_P1,2025-12-05,276077566.3244608,0.0,106408528.0,382486094.3244608,-0.022220499680726147,0.27820234403014465,0.7217976559698553,32,False,True,EXACT,100.0
2025-12-08,PATTERN_B_PROGRESSED_PREVIOUS_ET_ONLY_CANDIDATE_V01_battle_a_all_universe_P1,2025-12-08,276077566.3244608,0.0,107090559.0,383168125.3244608,-0.020476969810548584,0.2794871282920973,0.7205128717079027,32,False,True,EXACT,100.0
2025-12-09,PATTERN_B_PROGRESSED_PREVIOUS_ET_ONLY_CANDIDATE_V01_battle_a_all_universe_P1,2025-12-09,276077566.3244608,0.0,106604864.0,382682430.3244608,-0.02171859041180557,0.27857266378708345,0.7214273362129165,32,False,True,EXACT,100.0
2025-12-10,PATTERN_B_PROGRESSED_PREVIOUS_ET_ONLY_CANDIDATE_V01_battle_a_all_universe_P1,2025-12-10,276077566.3244608,0.0,107009245.0,383086811.3244608,-0.02068483922977382,0.27933419224230877,0.7206658077576913,32,False,True,EXACT,100.0
2025-12-11,PATTERN_B_PROGRESSED_PREVIOUS_ET_ONLY_CANDIDATE_V01_battle_a_all_universe_P1,2025-12-11,276077566.3244608,0.0,109567438.0,385645004.3244608,-0.014145127824897519,0.28411476039195854,0.7158852396080414,32,False,True,EXACT,100.0
2025-12-12,PATTERN_B_PROGRESSED_PREVIOUS_ET_ONLY_CANDIDATE_V01_battle_a_all_universe_P1,2025-12-12,276077566.3244608,0.0,109514879.0,385592445.3244608,-0.014279488559888587,0.28401718012874333,0.7159828198712567,32,False,True,EXACT,100.0
2025-12-15,PATTERN_B_PROGRESSED_PREVIOUS_ET_ONLY_CANDIDATE_V01_battle_a_all_universe_P1,2025-12-15,276077566.3244608,0.0,108297452.0,384375018.3244608,-0.017391693634526972,0.2817494551859334,0.7182505448140666,32,False,True,EXACT,100.0
2025-12-16,PATTERN_B_PROGRESSED_PREVIOUS_ET_ONLY_CANDIDATE_V01_battle_a_all_universe_P1,2025-12-16,276077566.3244608,0.0,105277843.0,381355409.3244608,-0.025110959309777803,0.276062277932522,0.723937722067478,32,False,True,EXACT,100.0
2025-12-17,PATTERN_B_PROGRESSED_PREVIOUS_ET_ONLY_CANDIDATE_V01_battle_a_all_universe_P1,2025-12-17,276077566.3244608,0.0,104618995.0,380696561.3244608,-0.026795224640689064,0.27480940367841966,0.7251905963215803,32,False,True,EXACT,100.0
2025-12-18,PATTERN_B_PROGRESSED_PREVIOUS_ET_ONLY_CANDIDATE_V01_battle_a_all_universe_P1,2025-12-18,276077566.3244608,0.0,104300630.0,380378196.3244608,-0.027609086308441833,0.2742024411699772,0.7257975588300228,32,False,True,EXACT,100.0
2025-12-19,PATTERN_B_PROGRESSED_PREVIOUS_ET_ONLY_CANDIDATE_V01_battle_a_all_universe_P1,2025-12-19,276077566.3244608,0.0,105373099.0,381450665.3244608,-0.024867448851582208,0.2762430599259014,0.7237569400740985,32,False,True,EXACT,100.0
2025-12-22,PATTERN_B_PROGRESSED_PREVIOUS_ET_ONLY_CANDIDATE_V01_battle_a_all_universe_P1,2025-12-22,276077566.3244608,0.0,106262934.0,382340500.3244608,-0.022592693155683463,0.2779274858661937,0.7220725141338064,32,False,True,EXACT,100.0
2025-12-23,PATTERN_B_PROGRESSED_PREVIOUS_ET_ONLY_CANDIDATE_V01_battle_a_all_universe_P1,2025-12-23,276077566.3244608,0.0,104285869.0,380363435.3244608,-0.02764682102198668,0.27417427469346833,0.7258257253065317,32,False,True,EXACT,100.0
2025-12-24,PATTERN_B_PROGRESSED_PREVIOUS_ET_ONLY_CANDIDATE_V01_battle_a_all_universe_P1,2025-12-24,276077566.3244608,0.0,103940793.0,380018359.3244608,-0.028528966134864886,0.2735151880155744,0.7264848119844256,32,False,True,EXACT,100.0
2025-12-26,PATTERN_B_PROGRESSED_PREVIOUS_ET_ONLY_CANDIDATE_V01_battle_a_all_universe_P1,2025-12-26,276077566.3244608,0.0,103124716.0,379202282.3244608,-0.03061516841286227,0.2719517281590682,0.7280482718409318,32,False,True,EXACT,100.0
2025-12-29,PATTERN_B_PROGRESSED_PREVIOUS_ET_ONLY_CANDIDATE_V01_battle_a_all_universe_P1,2025-12-29,276077566.3244608,0.0,103714394.0,379791960.3244608,-0.02910772783202864,0.2730821208310875,0.7269178791689125,32,False,True,EXACT,100.0
2025-12-30,PATTERN_B_PROGRESSED_PREVIOUS_ET_ONLY_CANDIDATE_V01_battle_a_all_universe_P1,2025-12-30,276077566.3244608,0.0,104644132.0,380721698.3244608,-0.026730964936443002,0.2748572841015738,0.7251427158984262,32,False,True,EXACT,100.0
2026-01-02,PATTERN_B_PROGRESSED_PREVIOUS_ET_ONLY_CANDIDATE_V01_battle_a_all_universe_P1,2026-01-02,266084826.37827182,12619762.461643498,104804469.0,383509057.83991534,-0.01960541701542673,0.2732776889033676,0.7267223110966324,32,False,True,EXACT,100.0
2026-01-05,PATTERN_B_PROGRESSED_PREVIOUS_ET_ONLY_CANDIDATE_V01_battle_a_all_universe_P1,2026-01-05,278704588.83991534,0.0,104822400.0,383526988.83991534,-0.019559578579780634,0.2733116652808833,0.7266883347191168,32,False,True,EXACT,100.0
2026-01-06,PATTERN_B_PROGRESSED_PREVIOUS_ET_ONLY_CANDIDATE_V01_battle_a_all_universe_P1,2026-01-06,278704588.83991534,0.0,104433294.0,383137882.83991534,-0.020554281069352642,0.27257365736302,0.7274263426369799,32,False,True,EXACT,100.0
2026-01-07,PATTERN_B_PROGRESSED_PREVIOUS_ET_ONLY_CANDIDATE_V01_battle_a_all_universe_P1,2026-01-07,278704588.83991534,0.0,103213732.0,381918320.83991534,-0.02367194401360817,0.2702508006764698,0.7297491993235302,32,False,True,EXACT,100.0
2026-01-08,PATTERN_B_PROGRESSED_PREVIOUS_ET_ONLY_CANDIDATE_V01_battle_a_all_universe_P1,2026-01-08,278704588.83991534,0.0,101115530.0,379820118.83991534,-0.02903574398848663,0.2662195207269093,0.7337804792730906,32,False,True,EXACT,100.0
2026-01-09,PATTERN_B_PROGRESSED_PREVIOUS_ET_ONLY_CANDIDATE_V01_battle_a_all_universe_P1,2026-01-09,278704588.83991534,0.0,101191575.0,379896163.83991534,-0.028841344131328106,0.2663664038540836,0.7336335961459164,32,False,True,EXACT,100.0
2026-01-12,PATTERN_B_PROGRESSED_PREVIOUS_ET_ONLY_CANDIDATE_V01_battle_a_all_universe_P1,2026-01-12,278704588.83991534,0.0,101824105.0,380528693.83991534,-0.02722435758851205,0.26758587893200086,0.7324141210679992,32,False,True,EXACT,100.0
2026-01-13,PATTERN_B_PROGRESSED_PREVIOUS_ET_ONLY_CANDIDATE_V01_battle_a_all_universe_P1,2026-01-13,278704588.83991534,0.0,101610559.0,380315147.83991534,-0.027770262143667068,0.26717463024315447,0.7328253697568455,32,False,True,EXACT,100.0
2026-01-14,PATTERN_B_PROGRESSED_PREVIOUS_ET_ONLY_CANDIDATE_V01_battle_a_all_universe_P1,2026-01-14,278704588.83991534,0.0,101996200.0,380700788.83991534,-0.026784417508063707,0.2679169652125134,0.7320830347874866,32,False,True,EXACT,100.0
2026-01-15,PATTERN_B_PROGRESSED_PREVIOUS_ET_ONLY_CANDIDATE_V01_battle_a_all_universe_P1,2026-01-15,278704588.83991534,0.0,101594127.0,380298715.83991534,-0.027812268566874687,0.26714296622228273,0.7328570337777173,32,False,True,EXACT,100.0
2026-01-16,PATTERN_B_PROGRESSED_PREVIOUS_ET_ONLY_CANDIDATE_V01_battle_a_all_universe_P1,2026-01-16,278704588.83991534,0.0,99765902.0,378470490.83991534,-0.032485904951299216,0.2636028552149361,0.7363971447850639,32,False,True,EXACT,100.0
2026-01-19,PATTERN_B_PROGRESSED_PREVIOUS_ET_ONLY_CANDIDATE_V01_battle_a_all_universe_P1,2026-01-19,278704588.83991534,0.0,101654731.0,380359319.83991534,-0.027657341761125,0.2672597349337573,0.7327402650662427,32,False,True,EXACT,100.0
2026-01-20,PATTERN_B_PROGRESSED_PREVIOUS_ET_ONLY_CANDIDATE_V01_battle_a_all_universe_P1,2026-01-20,278704588.83991534,0.0,103426568.0,382131156.83991534,-0.0231278544876935,0.27065724987017503,0.729342750129825,32,False,True,EXACT,100.0
2026-01-21,PATTERN_B_PROGRESSED_PREVIOUS_ET_ONLY_CANDIDATE_V01_battle_a_all_universe_P1,2026-01-21,278704588.83991534,0.0,104708993.0,383413581.83991534,-0.01984948987704893,0.2730967236411531,0.7269032763588469,32,False,True,EXACT,100.0
2026-01-22,PATTERN_B_PROGRESSED_PREVIOUS_ET_ONLY_CANDIDATE_V01_battle_a_all_universe_P1,2026-01-22,278704588.83991534,0.0,106699033.0,385403621.83991534,-0.01476219299047321,0.27685010454914577,0.7231498954508543,32,False,True,EXACT,100.0
2026-01-23,PATTERN_B_PROGRESSED_PREVIOUS_ET_ONLY_CANDIDATE_V01_battle_a_all_universe_P1,2026-01-23,278704588.83991534,0.0,107003613.0,385708201.83991534,-0.013983571010154572,0.27742115021036257,0.7225788497896374,32,False,True,EXACT,100.0
2026-01-26,PATTERN_B_PROGRESSED_PREVIOUS_ET_ONLY_CANDIDATE_V01_battle_a_all_universe_P1,2026-01-26,278704588.83991534,0.0,110405919.0,389110507.83991534,-0.005285986679699817,0.2837392380198129,0.7162607619801872,32,False,True,EXACT,100.0
2026-01-27,PATTERN_B_PROGRESSED_PREVIOUS_ET_ONLY_CANDIDATE_V01_battle_a_all_universe_P1,2026-01-27,278704588.83991534,0.0,110987108.0,389691696.83991534,-0.0038002472019947886,0.28480747447280946,0.7151925255271905,32,False,True,EXACT,100.0
2026-01-28,PATTERN_B_PROGRESSED_PREVIOUS_ET_ONLY_CANDIDATE_V01_battle_a_all_universe_P1,2026-01-28,278704588.83991534,0.0,111841128.0,390545716.83991534,-0.0016170482275653653,0.28637141102188474,0.7136285889781153,32,False,True,EXACT,100.0
2026-01-29,PATTERN_B_PROGRESSED_PREVIOUS_ET_ONLY_CANDIDATE_V01_battle_a_all_universe_P1,2026-01-29,278704588.83991534,0.0,113285129.0,391989717.83991534,0.0,0.2890002564971985,0.7109997435028015,32,False,True,EXACT,100.0
2026-01-30,PATTERN_B_PROGRESSED_PREVIOUS_ET_ONLY_CANDIDATE_V01_battle_a_all_universe_P1,2026-01-30,278704588.83991534,0.0,112596706.0,391301294.83991534,-0.001756227188288495,0.2877493825980419,0.712250617401958,32,False,True,EXACT,100.0
2026-02-02,PATTERN_B_PROGRESSED_PREVIOUS_ET_ONLY_CANDIDATE_V01_battle_a_all_universe_P1,2026-02-02,278704588.83991534,8510123.369988,100366660.0,387581372.20990336,-0.011246074652938476,0.2589563565135535,0.7410436434864466,30,False,True,EXACT,100.0
2026-02-03,PATTERN_B_PROGRESSED_PREVIOUS_ET_ONLY_CANDIDATE_V01_battle_a_all_universe_P1,2026-02-03,287214712.20990336,0.0,102991282.0,390205994.20990336,-0.004550434740587805,0.2639407992912532,0.7360592007087469,30,False,True,EXACT,100.0
2026-02-04,PATTERN_B_PROGRESSED_PREVIOUS_ET_ONLY_CANDIDATE_V01_battle_a_all_universe_P1,2026-02-04,287214712.20990336,0.0,104889689.0,392104401.20990336,0.0,0.26750449287573774,0.7324955071242623,30,False,True,EXACT,100.0
2026-02-05,PATTERN_B_PROGRESSED_PREVIOUS_ET_ONLY_CANDIDATE_V01_battle_a_all_universe_P1,2026-02-05,287214712.20990336,0.0,101270768.0,388485480.20990336,-0.009229483241792846,0.26068096018744946,0.7393190398125505,30,False,True,EXACT,100.0
2026-02-06,PATTERN_B_PROGRESSED_PREVIOUS_ET_ONLY_CANDIDATE_V01_battle_a_all_universe_P1,2026-02-06,287214712.20990336,0.0,100347553.0,387562265.20990336,-0.011583996471308367,0.2589198227171365,0.7410801772828636,30,False,True,EXACT,100.0
2026-02-09,PATTERN_B_PROGRESSED_PREVIOUS_ET_ONLY_CANDIDATE_V01_battle_a_all_universe_P1,2026-02-09,287214712.20990336,0.0,103454645.0,390669357.20990336,-0.0036598518036827787,0.26481382041032386,0.7351861795896761,30,False,True,EXACT,100.0
2026-02-10,PATTERN_B_PROGRESSED_PREVIOUS_ET_ONLY_CANDIDATE_V01_battle_a_all_universe_P1,2026-02-10,287214712.20990336,0.0,102375420.0,389590132.20990336,-0.0064122437601867865,0.2627772408384363,0.7372227591615638,30,False,True,EXACT,100.0
2026-02-11,PATTERN_B_PROGRESSED_PREVIOUS_ET_ONLY_CANDIDATE_V01_battle_a_all_universe_P1,2026-02-11,287214712.20990336,0.0,101547304.0,388762016.20990336,-0.008524222094132394,0.2612068560349574,0.7387931439650426,30,False,True,EXACT,100.0
2026-02-12,PATTERN_B_PROGRESSED_PREVIOUS_ET_ONLY_CANDIDATE_V01_battle_a_all_universe_P1,2026-02-12,287214712.20990336,0.0,102376714.0,389591426.20990336,-0.006408943618704144,0.2627796894709938,0.7372203105290062,30,False,True,EXACT,100.0
2026-02-13,PATTERN_B_PROGRESSED_PREVIOUS_ET_ONLY_CANDIDATE_V01_battle_a_all_universe_P1,2026-02-13,287214712.20990336,0.0,99918592.0,387133304.20990336,-0.012677993372838592,0.25809867276576187,0.7419013272342381,30,False,True,EXACT,100.0
2026-02-19,PATTERN_B_PROGRESSED_PREVIOUS_ET_ONLY_CANDIDATE_V01_battle_a_all_universe_P1,2026-02-19,287214712.20990336,0.0,101490971.0,388705683.20990336,-0.00866789046364358,0.2610997867638438,0.7389002132361562,30,False,True,EXACT,100.0
2026-02-20,PATTERN_B_PROGRESSED_PREVIOUS_ET_ONLY_CANDIDATE_V01_battle_a_all_universe_P1,2026-02-20,287214712.20990336,0.0,101197445.0,388412157.20990336,-0.009416481907897456,0.26054139429346307,0.7394586057065369,30,False,True,EXACT,100.0
2026-02-23,PATTERN_B_PROGRESSED_PREVIOUS_ET_ONLY_CANDIDATE_V01_battle_a_all_universe_P1,2026-02-23,287214712.20990336,0.0,103028699.0,390243411.20990336,-0.004746159426564978,0.26401137351831705,0.735988626481683,30,False,True,EXACT,100.0
2026-02-24,PATTERN_B_PROGRESSED_PREVIOUS_ET_ONLY_CANDIDATE_V01_battle_a_all_universe_P1,2026-02-24,287214712.20990336,0.0,102878380.0,390093092.20990336,-0.005129524161916477,0.2637277666650981,0.7362722333349019,30,False,True,EXACT,100.0
2026-02-25,PATTERN_B_PROGRESSED_PREVIOUS_ET_ONLY_CANDIDATE_V01_battle_a_all_universe_P1,2026-02-25,287214712.20990336,0.0,102431394.0,389646106.20990336,-0.0062694909631580975,0.262883145417139,0.737116854582861,30,False,True,EXACT,100.0
2026-02-26,PATTERN_B_PROGRESSED_PREVIOUS_ET_ONLY_CANDIDATE_V01_battle_a_all_universe_P1,2026-02-26,287214712.20990336,0.0,100376260.0,387590972.20990336,-0.011510783827146653,0.25897471096318603,0.741025289036814,30,False,True,EXACT,100.0
2026-02-27,PATTERN_B_PROGRESSED_PREVIOUS_ET_ONLY_CANDIDATE_V01_battle_a_all_universe_P1,2026-02-27,287214712.20990336,0.0,99234261.0,386448973.20990336,-0.014423270900681628,0.25678490015316974,0.7432150998468303,30,False,True,EXACT,100.0
2026-03-03,PATTERN_B_PROGRESSED_PREVIOUS_ET_ONLY_CANDIDATE_V01_battle_a_all_universe_P1,2026-03-03,287214712.20990336,30955175.2171215,65210481.0,383380368.42702484,-0.022249260033702867,0.17009342775571096,0.829906572244289,23,False,True,EXACT,100.0
2026-03-04,PATTERN_B_PROGRESSED_PREVIOUS_ET_ONLY_CANDIDATE_V01_battle_a_all_universe_P1,2026-03-04,318169887.42702484,0.0,58051401.0,376221288.42702484,-0.0405073565455234,0.15430121257282375,0.8456987874271762,23,False,True,EXACT,100.0
2026-03-05,PATTERN_B_PROGRESSED_PREVIOUS_ET_ONLY_CANDIDATE_V01_battle_a_all_universe_P1,2026-03-05,318169887.42702484,0.0,63310413.0,381480300.42702484,-0.02709508169277386,0.1659598488549239,0.8340401511450761,23,False,True,EXACT,100.0
2026-03-06,PATTERN_B_PROGRESSED_PREVIOUS_ET_ONLY_CANDIDATE_V01_battle_a_all_universe_P1,2026-03-06,318169887.42702484,0.0,64206401.0,382376288.42702484,-0.02481000660247834,0.16791418020224222,0.8320858197977578,23,False,True,EXACT,100.0
2026-03-09,PATTERN_B_PROGRESSED_PREVIOUS_ET_ONLY_CANDIDATE_V01_battle_a_all_universe_P1,2026-03-09,318169887.42702484,0.0,62386101.0,380555988.42702484,-0.02945239264656041,0.16393409352948105,0.8360659064705189,23,False,True,EXACT,100.0
2026-03-10,PATTERN_B_PROGRESSED_PREVIOUS_ET_ONLY_CANDIDATE_V01_battle_a_all_universe_P1,2026-03-10,318169887.42702484,0.0,63699597.0,381869484.42702484,-0.026102529712232148,0.16680986462057293,0.8331901353794271,23,False,True,EXACT,100.0
2026-03-11,PATTERN_B_PROGRESSED_PREVIOUS_ET_ONLY_CANDIDATE_V01_battle_a_all_universe_P1,2026-03-11,318169887.42702484,0.0,64435041.0,382604928.42702484,-0.02422689659582067,0.16841142445526508,0.8315885755447349,23,False,True,EXACT,100.0
2026-03-12,PATTERN_B_PROGRESSED_PREVIOUS_ET_ONLY_CANDIDATE_V01_battle_a_all_universe_P1,2026-03-12,318169887.42702484,0.0,65373752.0,383543639.42702484,-0.021832863279429793,0.17044671135118217,0.8295532886488178,23,False,True,EXACT,100.0
2026-03-13,PATTERN_B_PROGRESSED_PREVIOUS_ET_ONLY_CANDIDATE_V01_battle_a_all_universe_P1,2026-03-13,318169887.42702484,0.0,65993847.0,384163734.42702484,-0.02025140946741799,0.17178572854730537,0.8282142714526947,23,False,True,EXACT,100.0
2026-03-16,PATTERN_B_PROGRESSED_PREVIOUS_ET_ONLY_CANDIDATE_V01_battle_a_all_universe_P1,2026-03-16,318169887.42702484,0.0,65273428.0,383443315.42702484,-0.022088723707648472,0.17022966726465869,0.8297703327353413,23,False,True,EXACT,100.0
2026-03-17,PATTERN_B_PROGRESSED_PREVIOUS_ET_ONLY_CANDIDATE_V01_battle_a_all_universe_P1,2026-03-17,318169887.42702484,0.0,65228855.0,383398742.42702484,-0.022202400064920913,0.1701332001953958,0.8298667998046042,23,False,True,EXACT,100.0
2026-03-18,PATTERN_B_PROGRESSED_PREVIOUS_ET_ONLY_CANDIDATE_V01_battle_a_all_universe_P1,2026-03-18,318169887.42702484,0.0,65409535.0,383579422.42702484,-0.02174160442110129,0.17052409794595805,0.829475902054042,23,False,True,EXACT,100.0
2026-03-19,PATTERN_B_PROGRESSED_PREVIOUS_ET_ONLY_CANDIDATE_V01_battle_a_all_universe_P1,2026-03-19,318169887.42702484,0.0,64451469.0,382621356.42702484,-0.024184999590968648,0.16844712904124695,0.8315528709587531,23,False,True,EXACT,100.0
2026-03-20,PATTERN_B_PROGRESSED_PREVIOUS_ET_ONLY_CANDIDATE_V01_battle_a_all_universe_P1,2026-03-20,318169887.42702484,0.0,65845204.0,384015091.42702484,-0.020630499830957327,0.17146514673502797,0.828534853264972,23,False,True,EXACT,100.0
2026-03-23,PATTERN_B_PROGRESSED_PREVIOUS_ET_ONLY_CANDIDATE_V01_battle_a_all_universe_P1,2026-03-23,318169887.42702484,0.0,63657101.0,381826988.42702484,-0.026210909010880412,0.16671713349085646,0.8332828665091435,23,False,True,EXACT,100.0
2026-03-24,PATTERN_B_PROGRESSED_PREVIOUS_ET_ONLY_CANDIDATE_V01_battle_a_all_universe_P1,2026-03-24,318169887.42702484,0.0,65638584.0,383808471.42702484,-0.02115745132490232,0.17101911210023968,0.8289808878997603,23,False,True,EXACT,100.0
2026-03-25,PATTERN_B_PROGRESSED_PREVIOUS_ET_ONLY_CANDIDATE_V01_battle_a_all_universe_P1,2026-03-25,318169887.42702484,0.0,68400892.0,386570779.42702484,-0.014112623489569653,0.17694273763108478,0.8230572623689152,23,False,True,EXACT,100.0
2026-03-26,PATTERN_B_PROGRESSED_PREVIOUS_ET_ONLY_CANDIDATE_V01_battle_a_all_universe_P1,2026-03-26,318169887.42702484,0.0,67830247.0,386000134.42702484,-0.015567962930389978,0.17572596729969178,0.8242740327003082,23,False,True,EXACT,100.0
2026-03-27,PATTERN_B_PROGRESSED_PREVIOUS_ET_ONLY_CANDIDATE_V01_battle_a_all_universe_P1,2026-03-27,318169887.42702484,0.0,67485007.0,385654894.42702484,-0.016448442718259404,0.174988073469841,0.825011926530159,23,False,True,EXACT,100.0
2026-03-30,PATTERN_B_PROGRESSED_PREVIOUS_ET_ONLY_CANDIDATE_V01_battle_a_all_universe_P1,2026-03-30,318169887.42702484,0.0,65942903.0,384112790.42702484,-0.02038133404832765,0.1716758843846104,0.8283241156153897,23,False,True,EXACT,100.0
2026-03-31,PATTERN_B_PROGRESSED_PREVIOUS_ET_ONLY_CANDIDATE_V01_battle_a_all_universe_P1,2026-03-31,318169887.42702484,0.0,64447229.0,382617116.42702484,-0.024195813037558134,0.16843791412633205,0.831562085873668,23,False,True,EXACT,100.0
2026-04-01,PATTERN_B_PROGRESSED_PREVIOUS_ET_ONLY_CANDIDATE_V01_battle_a_all_universe_P1,2026-04-01,298186029.39788985,18116522.7359067,68851124.0,385153676.1337966,-0.01772672037003198,0.17876273359541336,0.8212372664045866,23,False,True,EXACT,100.0
2026-04-02,PATTERN_B_PROGRESSED_PREVIOUS_ET_ONLY_CANDIDATE_V01_battle_a_all_universe_P1,2026-04-02,316302552.1337966,0.0,65574487.0,381877039.1337966,-0.026083262632473847,0.17171623397086452,0.8282837660291354,23,False,True,EXACT,100.0
2026-04-03,PATTERN_B_PROGRESSED_PREVIOUS_ET_ONLY_CANDIDATE_V01_battle_a_all_universe_P1,2026-04-03,316302552.1337966,0.0,66784722.0,383087274.1337966,-0.02299675047840055,0.1743329170905188,0.8256670829094812,23,False,True,EXACT,100.0
2026-04-06,PATTERN_B_PROGRESSED_PREVIOUS_ET_ONLY_CANDIDATE_V01_battle_a_all_universe_P1,2026-04-06,316302552.1337966,0.0,66162594.0,382465146.1337966,-0.02458338913402469,0.17298986500812952,0.8270101349918705,23,False,True,EXACT,100.0
2026-04-07,PATTERN_B_PROGRESSED_PREVIOUS_ET_ONLY_CANDIDATE_V01_battle_a_all_universe_P1,2026-04-07,316302552.1337966,0.0,65604238.0,381906790.1337966,-0.026007387432123608,0.17178075827616557,0.8282192417238344,23,False,True,EXACT,100.0
2026-04-08,PATTERN_B_PROGRESSED_PREVIOUS_ET_ONLY_CANDIDATE_V01_battle_a_all_universe_P1,2026-04-08,316302552.1337966,0.0,67587136.0,383889688.1337966,-0.020950321013380457,0.17605874314718228,0.8239412568528177,23,False,True,EXACT,100.0
2026-04-09,PATTERN_B_PROGRESSED_PREVIOUS_ET_ONLY_CANDIDATE_V01_battle_a_all_universe_P1,2026-04-09,316302552.1337966,0.0,68160627.0,384463179.1337966,-0.019487723301571003,0.17728778905061154,0.8227122109493885,23,False,True,EXACT,100.0
2026-04-10,PATTERN_B_PROGRESSED_PREVIOUS_ET_ONLY_CANDIDATE_V01_battle_a_all_universe_P1,2026-04-10,316302552.1337966,0.0,71208324.0,387510876.1337966,-0.011715056148139835,0.1837582591499026,0.8162417408500974,23,False,True,EXACT,100.0
2026-04-13,PATTERN_B_PROGRESSED_PREVIOUS_ET_ONLY_CANDIDATE_V01_battle_a_all_universe_P1,2026-04-13,316302552.1337966,0.0,71303873.0,387606425.1337966,-0.011471373599040269,0.18395947119655423,0.8160405288034458,23,False,True,EXACT,100.0
2026-04-14,PATTERN_B_PROGRESSED_PREVIOUS_ET_ONLY_CANDIDATE_V01_battle_a_all_universe_P1,2026-04-14,316302552.1337966,0.0,73148302.0,389450854.1337966,-0.006767450372703876,0.18782421767361118,0.8121757823263889,23,False,True,EXACT,100.0
2026-04-15,PATTERN_B_PROGRESSED_PREVIOUS_ET_ONLY_CANDIDATE_V01_battle_a_all_universe_P1,2026-04-15,316302552.1337966,0.0,75215499.0,391518051.1337966,-0.0014953927430998437,0.19211246782155647,0.8078875321784436,23,False,True,EXACT,100.0
2026-04-16,PATTERN_B_PROGRESSED_PREVIOUS_ET_ONLY_CANDIDATE_V01_battle_a_all_universe_P1,2026-04-16,316302552.1337966,0.0,75308864.0,391611416.1337966,-0.0012572801391302901,0.19230507819074977,0.8076949218092502,23,False,True,EXACT,100.0
2026-04-17,PATTERN_B_PROGRESSED_PREVIOUS_ET_ONLY_CANDIDATE_V01_battle_a_all_universe_P1,2026-04-17,316302552.1337966,0.0,75495633.0,391798185.1337966,-0.0007809554678853692,0.19269010389677718,0.8073098961032228,23,False,True,EXACT,100.0
2026-04-20,PATTERN_B_PROGRESSED_PREVIOUS_ET_ONLY_CANDIDATE_V01_battle_a_all_universe_P1,2026-04-20,316302552.1337966,0.0,75013667.0,391316219.1337966,-0.0020101332034905273,0.19169577781888913,0.8083042221811109,23,False,True,EXACT,100.0
2026-04-21,PATTERN_B_PROGRESSED_PREVIOUS_ET_ONLY_CANDIDATE_V01_battle_a_all_universe_P1,2026-04-21,316302552.1337966,0.0,75232122.0,391534674.1337966,-0.00145299842171831,0.19214676750261822,0.8078532324973817,23,False,True,EXACT,100.0
2026-04-22,PATTERN_B_PROGRESSED_PREVIOUS_ET_ONLY_CANDIDATE_V01_battle_a_all_universe_P1,2026-04-22,316302552.1337966,0.0,76755872.0,393058424.1337966,0.0,0.19527853185986518,0.8047214681401348,23,False,True,EXACT,100.0
2026-04-23,PATTERN_B_PROGRESSED_PREVIOUS_ET_ONLY_CANDIDATE_V01_battle_a_all_universe_P1,2026-04-23,316302552.1337966,0.0,77394825.0,393697377.1337966,0.0,0.19658455833120184,0.8034154416687982,23,False,True,EXACT,100.0
2026-04-24,PATTERN_B_PROGRESSED_PREVIOUS_ET_ONLY_CANDIDATE_V01_battle_a_all_universe_P1,2026-04-24,316302552.1337966,0.0,80462124.0,396764676.1337966,0.0,0.2027955834779673,0.7972044165220327,23,False,True,EXACT,100.0
2026-04-27,PATTERN_B_PROGRESSED_PREVIOUS_ET_ONLY_CANDIDATE_V01_battle_a_all_universe_P1,2026-04-27,316302552.1337966,0.0,80145018.0,396447570.1337966,-0.0007992294150023227,0.20215792462279933,0.7978420753772006,23,False,True,EXACT,100.0
2026-04-28,PATTERN_B_PROGRESSED_PREVIOUS_ET_ONLY_CANDIDATE_V01_battle_a_all_universe_P1,2026-04-28,316302552.1337966,0.0,79372581.0,395675133.1337966,-0.002746068552817893,0.20060037731297195,0.799399622687028,23,False,True,EXACT,100.0
2026-04-29,PATTERN_B_PROGRESSED_PREVIOUS_ET_ONLY_CANDIDATE_V01_battle_a_all_universe_P1,2026-04-29,316302552.1337966,0.0,78695427.0,394997979.1337966,-0.0044527577838210375,0.19922994839764413,0.8007700516023559,23,False,True,EXACT,100.0
2026-04-30,PATTERN_B_PROGRESSED_PREVIOUS_ET_ONLY_CANDIDATE_V01_battle_a_all_universe_P1,2026-04-30,316302552.1337966,0.0,78745237.0,395047789.1337966,-0.004327217374111791,0.1993309142994095,0.8006690857005905,23,False,True,EXACT,100.0
2026-05-04,PATTERN_B_PROGRESSED_PREVIOUS_ET_ONLY_CANDIDATE_V01_battle_a_all_universe_P1,2026-05-04,306313636.5811806,20714194.364706002,67668902.0,394696732.94588655,-0.005212014355866379,0.17144530560195312,0.8285546943980469,21,False,True,EXACT,100.0
2026-05-06,PATTERN_B_PROGRESSED_PREVIOUS_ET_ONLY_CANDIDATE_V01_battle_a_all_universe_P1,2026-05-06,327027830.94588655,0.0,67108046.0,394135876.94588655,-0.006625587775418662,0.17026627091147475,0.8297337290885253,21,False,True,EXACT,100.0
2026-05-07,PATTERN_B_PROGRESSED_PREVIOUS_ET_ONLY_CANDIDATE_V01_battle_a_all_universe_P1,2026-05-07,327027830.94588655,0.0,64505064.0,391532894.94588655,-0.013186106280655308,0.164750049951525,0.835249950048475,21,False,True,EXACT,100.0
2026-05-08,PATTERN_B_PROGRESSED_PREVIOUS_ET_ONLY_CANDIDATE_V01_battle_a_all_universe_P1,2026-05-08,327027830.94588655,0.0,64681071.0,391708901.94588655,-0.012742500761849906,0.16512535374785917,0.8348746462521408,21,False,True,EXACT,100.0
2026-05-11,PATTERN_B_PROGRESSED_PREVIOUS_ET_ONLY_CANDIDATE_V01_battle_a_all_universe_P1,2026-05-11,327027830.94588655,0.0,62655740.0,389683570.94588655,-0.01784711597037969,0.160786198524907,0.839213801475093,21,False,True,EXACT,100.0
2026-05-12,PATTERN_B_PROGRESSED_PREVIOUS_ET_ONLY_CANDIDATE_V01_battle_a_all_universe_P1,2026-05-12,327027830.94588655,0.0,61692504.0,388720334.94588655,-0.020274842171678853,0.1587066547691367,0.8412933452308633,21,False,True,EXACT,100.0
2026-05-13,PATTERN_B_PROGRESSED_PREVIOUS_ET_ONLY_CANDIDATE_V01_battle_a_all_universe_P1,2026-05-13,327027830.94588655,0.0,61948018.0,388975848.94588655,-0.019630848350228325,0.15925929120760932,0.8407407087923907,21,False,True,EXACT,100.0
2026-05-14,PATTERN_B_PROGRESSED_PREVIOUS_ET_ONLY_CANDIDATE_V01_battle_a_all_universe_P1,2026-05-14,327027830.94588655,0.0,61804745.0,388832575.94588655,-0.019991951564849453,0.1589495037797484,0.8410504962202516,21,False,True,EXACT,100.0
2026-05-15,PATTERN_B_PROGRESSED_PREVIOUS_ET_ONLY_CANDIDATE_V01_battle_a_all_universe_P1,2026-05-15,327027830.94588655,0.0,59456155.0,386483985.94588655,-0.02591130412134568,0.1538385991711562,0.8461614008288438,21,False,True,EXACT,100.0
2026-05-18,PATTERN_B_PROGRESSED_PREVIOUS_ET_ONLY_CANDIDATE_V01_battle_a_all_universe_P1,2026-05-18,327027830.94588655,0.0,58028203.0,385056033.94588655,-0.02951029386487436,0.1507006718096383,0.8492993281903617,21,False,True,EXACT,100.0
2026-05-19,PATTERN_B_PROGRESSED_PREVIOUS_ET_ONLY_CANDIDATE_V01_battle_a_all_universe_P1,2026-05-19,327027830.94588655,0.0,57561584.0,384589414.94588655,-0.030686353701014135,0.1496702243042731,0.8503297756957269,21,False,True,EXACT,100.0
2026-05-20,PATTERN_B_PROGRESSED_PREVIOUS_ET_ONLY_CANDIDATE_V01_battle_a_all_universe_P1,2026-05-20,327027830.94588655,0.0,55511190.0,382539020.94588655,-0.035854137335332936,0.14511249038788265,0.8548875096121173,21,False,True,EXACT,100.0
2026-05-21,PATTERN_B_PROGRESSED_PREVIOUS_ET_ONLY_CANDIDATE_V01_battle_a_all_universe_P1,2026-05-21,327027830.94588655,0.0,56615076.0,383642906.94588655,-0.03307191889099803,0.14757232565747827,0.8524276743425218,21,False,True,EXACT,100.0
2026-05-22,PATTERN_B_PROGRESSED_PREVIOUS_ET_ONLY_CANDIDATE_V01_battle_a_all_universe_P1,2026-05-22,327027830.94588655,0.0,59345886.0,386373716.94588655,-0.026189224527654265,0.15359710921618322,0.8464028907838168,21,False,True,EXACT,100.0
2026-05-26,PATTERN_B_PROGRESSED_PREVIOUS_ET_ONLY_CANDIDATE_V01_battle_a_all_universe_P1,2026-05-26,327027830.94588655,0.0,61220512.0,388248342.94588655,-0.021464444039968278,0.1576838977224761,0.8423161022775238,21,False,True,EXACT,100.0
2026-05-27,PATTERN_B_PROGRESSED_PREVIOUS_ET_ONLY_CANDIDATE_V01_battle_a_all_universe_P1,2026-05-27,327027830.94588655,0.0,59312723.0,386340553.94588655,-0.026272808077286602,0.15352445502862674,0.8464755449713732,21,False,True,EXACT,100.0
2026-05-28,PATTERN_B_PROGRESSED_PREVIOUS_ET_ONLY_CANDIDATE_V01_battle_a_all_universe_P1,2026-05-28,327027830.94588655,0.0,57542182.0,384570012.94588655,-0.030735254223583475,0.14962732418790242,0.8503726758120975,21,False,True,EXACT,100.0
2026-05-29,PATTERN_B_PROGRESSED_PREVIOUS_ET_ONLY_CANDIDATE_V01_battle_a_all_universe_P1,2026-05-29,327027830.94588655,0.0,56738368.0,383766198.94588655,-0.03276117550224322,0.1478461838375726,0.8521538161624274,21,False,True,EXACT,100.0
2026-06-01,PATTERN_B_PROGRESSED_PREVIOUS_ET_ONLY_CANDIDATE_V01_battle_a_all_universe_P1,2026-06-01,327027830.94588655,4163557.0227525,49236110.0,380427497.9686391,-0.041175989567297844,0.1294231102191746,0.8705768897808254,20,False,True,EXACT,100.0
2026-06-02,PATTERN_B_PROGRESSED_PREVIOUS_ET_ONLY_CANDIDATE_V01_battle_a_all_universe_P1,2026-06-02,331191387.9686391,0.0,47039102.0,378230489.9686391,-0.0467132970247266,0.12436623500104457,0.8756337649989554,20,False,True,EXACT,100.0
2026-06-04,PATTERN_B_PROGRESSED_PREVIOUS_ET_ONLY_CANDIDATE_V01_battle_a_all_universe_P1,2026-06-04,331191387.9686391,0.0,46319230.0,377510617.9686391,-0.04852765209034049,0.12269649592703079,0.8773035040729692,20,False,True,EXACT,100.0
2026-06-05,PATTERN_B_PROGRESSED_PREVIOUS_ET_ONLY_CANDIDATE_V01_battle_a_all_universe_P1,2026-06-05,331191387.9686391,0.0,45491275.0,376682662.9686391,-0.05061441799921085,0.12076816767058748,0.8792318323294125,20,False,True,EXACT,100.0
2026-06-08,PATTERN_B_PROGRESSED_PREVIOUS_ET_ONLY_CANDIDATE_V01_battle_a_all_universe_P1,2026-06-08,331191387.9686391,0.0,43484541.0,374675928.9686391,-0.05567216159562738,0.11605907302264865,0.8839409269773514,20,False,True,EXACT,100.0
2026-06-09,PATTERN_B_PROGRESSED_PREVIOUS_ET_ONLY_CANDIDATE_V01_battle_a_all_universe_P1,2026-06-09,331191387.9686391,0.0,44230352.0,375421739.9686391,-0.0537924302463868,0.11781510576264122,0.8821848942373588,20,False,True,EXACT,100.0
2026-06-10,PATTERN_B_PROGRESSED_PREVIOUS_ET_ONLY_CANDIDATE_V01_battle_a_all_universe_P1,2026-06-10,331191387.9686391,0.0,43341785.0,374533172.9686391,-0.05603196177086245,0.11572215261057571,0.8842778473894243,20,False,True,EXACT,100.0
2026-06-11,PATTERN_B_PROGRESSED_PREVIOUS_ET_ONLY_CANDIDATE_V01_battle_a_all_universe_P1,2026-06-11,331191387.9686391,0.0,43738107.0,374929494.9686391,-0.05503307748544195,0.11665688505957225,0.8833431149404277,20,False,True,EXACT,100.0
2026-06-12,PATTERN_B_PROGRESSED_PREVIOUS_ET_ONLY_CANDIDATE_V01_battle_a_all_universe_P1,2026-06-12,331191387.9686391,0.0,43561211.0,374752598.9686391,-0.05547892362709883,0.1162399170009369,0.8837600829990631,20,False,True,EXACT,100.0
2026-06-15,PATTERN_B_PROGRESSED_PREVIOUS_ET_ONLY_CANDIDATE_V01_battle_a_all_universe_P1,2026-06-15,331191387.9686391,0.0,43902687.0,375094074.9686391,-0.05461827241356976,0.11704446945388466,0.8829555305461153,20,False,True,EXACT,100.0
2026-06-16,PATTERN_B_PROGRESSED_PREVIOUS_ET_ONLY_CANDIDATE_V01_battle_a_all_universe_P1,2026-06-16,331191387.9686391,0.0,44167872.0,375359259.9686391,-0.0539499039424044,0.11766826267637619,0.8823317373236238,20,False,True,EXACT,100.0
2026-06-17,PATTERN_B_PROGRESSED_PREVIOUS_ET_ONLY_CANDIDATE_V01_battle_a_all_universe_P1,2026-06-17,331191387.9686391,0.0,44503871.0,375695258.9686391,-0.05310305688113348,0.11845736654269287,0.8815426334573071,20,False,True,EXACT,100.0
2026-06-18,PATTERN_B_PROGRESSED_PREVIOUS_ET_ONLY_CANDIDATE_V01_battle_a_all_universe_P1,2026-06-18,331191387.9686391,0.0,43204249.0,374395636.9686391,-0.05637860553295382,0.11539730897990931,0.8846026910200907,20,False,True,EXACT,100.0
2026-06-19,PATTERN_B_PROGRESSED_PREVIOUS_ET_ONLY_CANDIDATE_V01_battle_a_all_universe_P1,2026-06-19,331191387.9686391,0.0,42639692.0,373831079.9686391,-0.057801506899832655,0.11406138837781243,0.8859386116221876,20,False,True,EXACT,100.0
2026-06-22,PATTERN_B_PROGRESSED_PREVIOUS_ET_ONLY_CANDIDATE_V01_battle_a_all_universe_P1,2026-06-22,331191387.9686391,0.0,41929934.0,373121321.9686391,-0.05959037078488438,0.11237614022905992,0.88762385977094,20,False,True,EXACT,100.0
2026-06-23,PATTERN_B_PROGRESSED_PREVIOUS_ET_ONLY_CANDIDATE_V01_battle_a_all_universe_P1,2026-06-23,331191387.9686391,0.0,39254390.0,370445777.9686391,-0.06633377351435954,0.10596527841470815,0.8940347215852918,20,False,True,EXACT,100.0
2026-06-24,PATTERN_B_PROGRESSED_PREVIOUS_ET_ONLY_CANDIDATE_V01_battle_a_all_universe_P1,2026-06-24,331191387.9686391,0.0,39240055.0,370431442.9686391,-0.06636990324279124,0.10593068095281016,0.8940693190471898,20,False,True,EXACT,100.0
2026-06-25,PATTERN_B_PROGRESSED_PREVIOUS_ET_ONLY_CANDIDATE_V01_battle_a_all_universe_P1,2026-06-25,331191387.9686391,0.0,37934837.0,369126224.9686391,-0.0696595559727633,0.10276928170904936,0.8972307182909507,20,False,True,EXACT,100.0
2026-06-26,PATTERN_B_PROGRESSED_PREVIOUS_ET_ONLY_CANDIDATE_V01_battle_a_all_universe_P1,2026-06-26,331191387.9686391,0.0,36272420.0,367463807.9686391,-0.07384948793999169,0.09871018373351109,0.901289816266489,20,False,True,EXACT,100.0
2026-06-29,PATTERN_B_PROGRESSED_PREVIOUS_ET_ONLY_CANDIDATE_V01_battle_a_all_universe_P1,2026-06-29,331191387.9686391,0.0,39053989.0,370245376.9686391,-0.06683886132094752,0.10548136838264423,0.8945186316173558,20,False,True,EXACT,100.0
2026-06-30,PATTERN_B_PROGRESSED_PREVIOUS_ET_ONLY_CANDIDATE_V01_battle_a_all_universe_P1,2026-06-30,331191387.9686391,0.0,38122852.0,369314239.9686391,-0.06918568566295624,0.10322605487196287,0.8967739451280371,20,False,True,EXACT,100.0
2026-07-01,PATTERN_B_PROGRESSED_PREVIOUS_ET_ONLY_CANDIDATE_V01_battle_a_all_universe_P1,2026-07-01,91921045.3380197,5677544.160612,276945546.0,374544135.4986317,-0.05600433196747501,0.7394203239393979,0.26057967606060206,67,False,True,EXACT,100.0
2026-07-02,PATTERN_B_PROGRESSED_PREVIOUS_ET_ONLY_CANDIDATE_V01_battle_a_all_universe_P1,2026-07-02,97598589.4986317,0.0,262980975.0,360579564.4986317,-0.09120043645962717,0.7293285612723567,0.2706714387276433,67,False,True,EXACT,100.0
2026-07-03,PATTERN_B_PROGRESSED_PREVIOUS_ET_ONLY_CANDIDATE_V01_battle_a_all_universe_P1,2026-07-03,97598589.4986317,0.0,267355960.0,364954549.4986317,-0.08017378700425914,0.7325733036272298,0.26742669637277017,67,False,True,EXACT,100.0
2026-07-06,PATTERN_B_PROGRESSED_PREVIOUS_ET_ONLY_CANDIDATE_V01_battle_a_all_universe_P1,2026-07-06,97598589.4986317,0.0,264006565.0,361605154.4986317,-0.0886155541309035,0.7300962436944437,0.26990375630555624,67,False,True,EXACT,100.0
2026-07-07,PATTERN_B_PROGRESSED_PREVIOUS_ET_ONLY_CANDIDATE_V01_battle_a_all_universe_P1,2026-07-07,97598589.4986317,0.0,258012411.0,355611000.4986317,-0.10372313391448951,0.7255467649713293,0.2744532350286707,67,False,True,EXACT,100.0
2026-07-08,PATTERN_B_PROGRESSED_PREVIOUS_ET_ONLY_CANDIDATE_V01_battle_a_all_universe_P1,2026-07-08,97598589.4986317,0.0,245868566.0,343467155.4986317,-0.1343303067060131,0.7158430203990188,0.28415697960098113,67,False,True,EXACT,100.0
2026-07-09,PATTERN_B_PROGRESSED_PREVIOUS_ET_ONLY_CANDIDATE_V01_battle_a_all_universe_P1,2026-07-09,97598589.4986317,0.0,246196362.0,343794951.4986317,-0.13350413436830866,0.7161139537587998,0.28388604624120006,67,False,True,EXACT,100.0
2026-07-10,PATTERN_B_PROGRESSED_PREVIOUS_ET_ONLY_CANDIDATE_V01_battle_a_all_universe_P1,2026-07-10,97598589.4986317,0.0,263080387.0,360678976.4986317,-0.0909498798804258,0.7294031649804186,0.2705968350195813,67,False,True,EXACT,100.0
2026-07-13,PATTERN_B_PROGRESSED_PREVIOUS_ET_ONLY_CANDIDATE_V01_battle_a_all_universe_P1,2026-07-13,97598589.4986317,0.0,252035942.0,349634531.4986317,-0.1187861406776839,0.7208554055564913,0.27914459444350864,67,False,True,EXACT,100.0
2026-07-14,PATTERN_B_PROGRESSED_PREVIOUS_ET_ONLY_CANDIDATE_V01_battle_a_all_universe_P1,2026-07-14,97598589.4986317,0.0,246279151.0,343877740.4986317,-0.13329547415992848,0.7161822996826976,0.2838177003173023,67,False,True,EXACT,100.0
2026-07-15,PATTERN_B_PROGRESSED_PREVIOUS_ET_ONLY_CANDIDATE_V01_battle_a_all_universe_P1,2026-07-15,97598589.4986317,0.0,260048334.0,357646923.4986317,-0.09859182278105227,0.7271091037387182,0.2728908962612818,67,False,True,EXACT,100.0
2026-07-16,PATTERN_B_PROGRESSED_PREVIOUS_ET_ONLY_CANDIDATE_V01_battle_a_all_universe_P1,2026-07-16,97598589.4986317,0.0,253689832.0,351288421.4986317,-0.11461770003897576,0.7221696374669386,0.2778303625330613,67,False,True,EXACT,100.0
2026-07-20,PATTERN_B_PROGRESSED_PREVIOUS_ET_ONLY_CANDIDATE_V01_battle_a_all_universe_P1,2026-07-20,97598589.4986317,0.0,241920442.0,339519031.4986317,-0.14428110181829934,0.712538678412715,0.28746132158728493,67,False,True,EXACT,100.0
2026-07-21,PATTERN_B_PROGRESSED_PREVIOUS_ET_ONLY_CANDIDATE_V01_battle_a_all_universe_P1,2026-07-21,97598589.4986317,0.0,245545309.0,343143898.4986317,-0.13514503901320818,0.7155753317320871,0.2844246682679129,67,False,True,EXACT,100.0
2026-07-22,PATTERN_B_PROGRESSED_PREVIOUS_ET_ONLY_CANDIDATE_V01_battle_a_all_universe_P1,2026-07-22,97598589.4986317,0.0,247415278.0,345013867.4986317,-0.13043199596153943,0.7171169083543613,0.28288309164563874,67,False,True,EXACT,100.0
2026-07-23,PATTERN_B_PROGRESSED_PREVIOUS_ET_ONLY_CANDIDATE_V01_battle_a_all_universe_P1,2026-07-23,97598589.4986317,0.0,261715294.0,359313883.4986317,-0.09439044070177194,0.7283751227525185,0.27162487724748147,67,False,True,EXACT,100.0
2026-07-24,PATTERN_B_PROGRESSED_PREVIOUS_ET_ONLY_CANDIDATE_V01_battle_a_all_universe_P1,2026-07-24,97598589.4986317,0.0,252935671.0,350534260.4986317,-0.11651847660847481,0.7215718961113854,0.27842810388861455,67,False,True,EXACT,100.0
2026-07-27,PATTERN_B_PROGRESSED_PREVIOUS_ET_ONLY_CANDIDATE_V01_battle_a_all_universe_P1,2026-07-27,97598589.4986317,0.0,253114780.0,350713369.4986317,-0.11606705285335306,0.7217140890917405,0.27828591090825944,67,False,True,EXACT,100.0
2026-07-28,PATTERN_B_PROGRESSED_PREVIOUS_ET_ONLY_CANDIDATE_V01_battle_a_all_universe_P1,2026-07-28,97598589.4986317,0.0,235588653.0,333187242.4986317,-0.1602396520140955,0.7070758509037677,0.29292414909623227,67,False,True,EXACT,100.0
2026-07-29,PATTERN_B_PROGRESSED_PREVIOUS_ET_ONLY_CANDIDATE_V01_battle_a_all_universe_P1,2026-07-29,97598589.4986317,0.0,219244556.0,316843145.4986317,-0.2014330797135121,0.6919655959574698,0.3080344040425302,67,False,True,EXACT,100.0
2026-07-30,PATTERN_B_PROGRESSED_PREVIOUS_ET_ONLY_CANDIDATE_V01_battle_a_all_universe_P1,2026-07-30,97598589.4986317,0.0,218632862.0,316231451.4986317,-0.2029747844992318,0.6913697577008592,0.3086302422991408,67,False,True,EXACT,100.0
2026-07-31,PATTERN_B_PROGRESSED_PREVIOUS_ET_ONLY_CANDIDATE_V01_battle_a_all_universe_P1,2026-07-31,97598589.4986317,0.0,238912601.0,336511190.4986317,-0.1518620211413333,0.7099692602970701,0.29003073970292986,67,False,True,EXACT,100.0
2026-08-03,PATTERN_B_PROGRESSED_PREVIOUS_ET_ONLY_CANDIDATE_V01_battle_a_all_universe_P1,2026-08-03,2876328.8494655546,31377271.311208803,311124658.0,345378258.16067433,-0.12951359096240156,0.9008229402073736,0.0991770597926264,80,False,True,EXACT,100.0
2026-08-04,PATTERN_B_PROGRESSED_PREVIOUS_ET_ONLY_CANDIDATE_V01_battle_a_all_universe_P1,2026-08-04,34253600.160674356,0.0,326377206.0,360630806.16067433,-0.09107128770943618,0.9050175426626945,0.09498245733730555,80,False,True,EXACT,100.0
2026-08-05,PATTERN_B_PROGRESSED_PREVIOUS_ET_ONLY_CANDIDATE_V01_battle_a_all_universe_P1,2026-08-05,34253600.160674356,0.0,342235825.0,376489425.16067433,-0.05110145179931547,0.9090184268892654,0.09098157311073465,80,False,True,EXACT,100.0
2026-08-06,PATTERN_B_PROGRESSED_PREVIOUS_ET_ONLY_CANDIDATE_V01_battle_a_all_universe_P1,2026-08-06,34253600.160674356,0.0,338409706.0,372663306.16067433,-0.06074474725919099,0.9080843227803441,0.09191567721965592,80,False,True,EXACT,100.0
2026-08-07,PATTERN_B_PROGRESSED_PREVIOUS_ET_ONLY_CANDIDATE_V01_battle_a_all_universe_P1,2026-08-07,34253600.160674356,0.0,337600703.0,371854303.16067433,-0.06278374681903887,0.9078843518293945,0.09211564817060551,80,False,True,EXACT,100.0
2026-08-10,PATTERN_B_PROGRESSED_PREVIOUS_ET_ONLY_CANDIDATE_V01_battle_a_all_universe_P1,2026-08-10,34253600.160674356,0.0,359130226.0,393383826.16067433,-0.008521045789827708,0.9129257537225648,0.0870742462774353,80,False,True,EXACT,100.0
2026-08-11,PATTERN_B_PROGRESSED_PREVIOUS_ET_ONLY_CANDIDATE_V01_battle_a_all_universe_P1,2026-08-11,34253600.160674356,0.0,360022207.0,394275807.16067433,-0.0062729096687098584,0.9131227441842117,0.0868772558157884,80,False,True,EXACT,100.0
2026-08-12,PATTERN_B_PROGRESSED_PREVIOUS_ET_ONLY_CANDIDATE_V01_battle_a_all_universe_P1,2026-08-12,34253600.160674356,0.0,363652548.0,397906148.16067433,0.0,0.9139153784906014,0.08608462150939866,80,False,True,EXACT,100.0
2026-08-13,PATTERN_B_PROGRESSED_PREVIOUS_ET_ONLY_CANDIDATE_V01_battle_a_all_universe_P1,2026-08-13,34253600.160674356,0.0,368376367.0,402629967.16067433,0.0,0.9149253583824648,0.08507464161753525,80,False,True,EXACT,100.0
2026-08-14,PATTERN_B_PROGRESSED_PREVIOUS_ET_ONLY_CANDIDATE_V01_battle_a_all_universe_P1,2026-08-14,34253600.160674356,0.0,371037753.0,405291353.16067433,0.0,0.9154840094821989,0.08451599051780116,80,False,True,EXACT,100.0
2026-08-18,PATTERN_B_PROGRESSED_PREVIOUS_ET_ONLY_CANDIDATE_V01_battle_a_all_universe_P1,2026-08-18,34253600.160674356,0.0,356449473.0,390703073.16067433,-0.03599455030617593,0.912328306292621,0.08767169370737907,80,False,True,EXACT,100.0
2026-08-19,PATTERN_B_PROGRESSED_PREVIOUS_ET_ONLY_CANDIDATE_V01_battle_a_all_universe_P1,2026-08-19,34253600.160674356,0.0,347749639.0,382003239.16067433,-0.0574601797407891,0.9103316499725623,0.08966835002743774,80,False,True,EXACT,100.0
2026-08-20,PATTERN_B_PROGRESSED_PREVIOUS_ET_ONLY_CANDIDATE_V01_battle_a_all_universe_P1,2026-08-20,34253600.160674356,0.0,352331064.0,386584664.16067433,-0.04615615125789252,0.9113943119418786,0.08860568805812145,80,False,True,EXACT,100.0
2026-08-21,PATTERN_B_PROGRESSED_PREVIOUS_ET_ONLY_CANDIDATE_V01_battle_a_all_universe_P1,2026-08-21,34253600.160674356,0.0,339281684.0,373535284.16067433,-0.07835368001895315,0.9082988900562863,0.09170110994371375,80,False,True,EXACT,100.0
2026-08-24,PATTERN_B_PROGRESSED_PREVIOUS_ET_ONLY_CANDIDATE_V01_battle_a_all_universe_P1,2026-08-24,34253600.160674356,0.0,344173724.0,378427324.16067433,-0.066283252259147,0.9094843369551963,0.09051566304480385,80,False,True,EXACT,100.0
2026-08-25,PATTERN_B_PROGRESSED_PREVIOUS_ET_ONLY_CANDIDATE_V01_battle_a_all_universe_P1,2026-08-25,34253600.160674356,0.0,350749350.0,385002950.16067433,-0.05005881038857707,0.9110302917253512,0.08896970827464883,80,False,True,EXACT,100.0
2026-08-26,PATTERN_B_PROGRESSED_PREVIOUS_ET_ONLY_CANDIDATE_V01_battle_a_all_universe_P1,2026-08-26,34253600.160674356,0.0,351016678.0,385270278.16067433,-0.049399215758898274,0.9110920252550884,0.08890797474491174,80,False,True,EXACT,100.0
2026-08-27,PATTERN_B_PROGRESSED_PREVIOUS_ET_ONLY_CANDIDATE_V01_battle_a_all_universe_P1,2026-08-27,34253600.160674356,0.0,354321435.0,388575035.16067433,-0.04124518786210807,0.9118481707232926,0.08815182927670745,80,False,True,EXACT,100.0
2026-08-28,PATTERN_B_PROGRESSED_PREVIOUS_ET_ONLY_CANDIDATE_V01_battle_a_all_universe_P1,2026-08-28,34253600.160674356,0.0,356294284.0,390547884.16067433,-0.03637745756237509,0.9122934688680014,0.08770653113199857,80,False,True,EXACT,100.0
2026-08-31,PATTERN_B_PROGRESSED_PREVIOUS_ET_ONLY_CANDIDATE_V01_battle_a_all_universe_P1,2026-08-31,34253600.160674356,0.0,356511953.0,390765553.16067433,-0.03584038960298608,0.9123423242309436,0.08765767576905638,80,False,True,EXACT,100.0
2026-09-01,PATTERN_B_PROGRESSED_PREVIOUS_ET_ONLY_CANDIDATE_V01_battle_a_all_universe_P1,2026-08-31,34253600.160674356,207594406.78340766,149438677.0,391286683.944082,-0.034554571932947864,0.3819160813081898,0.6180839186918102,45,True,True,EXACT,100.0
