ticker,name,market,entry_signal_date,entry_execution_date,entry_open,entry_pattern_a_stage,fast_stage_at_entry,fast_monthly_regime_at_entry,daily_risk_at_entry,fast_score,fast_score_availability,lifecycle_class,first_early_trend_date,first_progressed_date,first_progressed_effective_trading_date,direct_early_to_progressed_handoff,loss_guard_triggered,loss_guard_signal_date,loss_guard_exec_date,loss_guard_exec_price,hold_a_e0_exit_type,hold_a_e0_terminal_return,hold_a_e0_mfe,hold_a_e0_mae,hold_a_e0_peak_giveback,hold_a_e0_profit_capture,hold_a_e0_holding_weeks,hold_a_e1_exit_type,hold_a_e1_terminal_return,hold_a_e1_mfe,hold_a_e1_mae,hold_a_e1_peak_giveback,hold_a_e1_profit_capture,hold_a_e1_holding_weeks,hold_a_e2_exit_type,hold_a_e2_terminal_return,hold_a_e2_mfe,hold_a_e2_mae,hold_a_e2_peak_giveback,hold_a_e2_profit_capture,hold_a_e2_holding_weeks,hold_b_e0_exit_type,hold_b_e0_terminal_return,hold_b_e0_mfe,hold_b_e0_mae,hold_b_e0_peak_giveback,hold_b_e0_profit_capture,hold_b_e0_holding_weeks,hold_b_e1_exit_type,hold_b_e1_terminal_return,hold_b_e1_mfe,hold_b_e1_mae,hold_b_e1_peak_giveback,hold_b_e1_profit_capture,hold_b_e1_holding_weeks,hold_b_e2_exit_type,hold_b_e2_terminal_return,hold_b_e2_mfe,hold_b_e2_mae,hold_b_e2_peak_giveback,hold_b_e2_profit_capture,hold_b_e2_holding_weeks,return_4w,return_8w,return_12w,return_26w
000070,삼양홀딩스,KOSPI,2025-06-13,2025-06-16,57321.0,TRANSITION,TRIGGER,PERMITTED_REGIME,NORMAL,80.99,READY,PROGRESSED_WITHOUT_DIRECT_HANDOFF,2025-06-30,2026-03-31,2026-03-31,False,False,,,,NO_PROGRESSED_DIRECT_HANDOFF,5.02,31.71,-10.16,26.69,0.1583,57.4,NO_PROGRESSED_DIRECT_HANDOFF,5.02,31.71,-10.16,26.69,0.1583,57.4,EXIT4_SCORE_DRAWDOWN_GE_15,-3.53,31.71,-10.16,35.24,-0.1113,51.2,NO_PROGRESSED_DIRECT_HANDOFF,5.02,31.71,-10.16,26.69,0.1583,57.4,NO_PROGRESSED_DIRECT_HANDOFF,5.02,31.71,-10.16,26.69,0.1583,57.4,EXIT4_SCORE_DRAWDOWN_GE_15,-3.53,31.71,-10.16,35.24,-0.1113,51.2,16.41,-0.81,-0.23,8.51
000120,CJ대한통운,KOSPI,2026-02-06,2026-02-09,114300.0,TRANSITION,TRIGGER,PERMITTED_REGIME,ELEVATED,72.74,READY,NEVER_PROGRESSED,,,,False,True,2026-05-12,2026-05-13,95700.0,NO_PROGRESSED_DIRECT_HANDOFF,-32.46,34.73,-39.28,67.19,-0.9346,25.2,NO_PROGRESSED_DIRECT_HANDOFF,-32.46,34.73,-39.28,67.19,-0.9346,25.2,NO_PROGRESSED_BEFORE_CUTOFF,-32.46,34.73,-39.28,67.19,-0.9346,25.2,LOSS_GUARD_CLOSE_LE_NEG_15,-16.27,34.73,-18.2,51.0,-0.4685,12.4,LOSS_GUARD_CLOSE_LE_NEG_15,-16.27,34.73,-18.2,51.0,-0.4685,12.4,LOSS_GUARD_CLOSE_LE_NEG_15,-16.27,34.73,-18.2,51.0,-0.4685,12.4,1.14,-9.54,-14.96,
000150,두산,KOSPI,2017-06-02,2017-06-05,90195.0,TRANSITION,TRIGGER,PERMITTED_REGIME,NORMAL,76.31,PARTIAL,NORMAL_EARLY_TREND_HANDOFF,2017-07-31,2021-08-31,2021-08-31,True,True,2018-03-05,2018-03-06,77040.0,EXIT3_PROGRESSED_TO_TRANSITION,-11.86,64.09,-71.51,75.95,-0.1851,263.4,EXIT4_SCORE_DRAWDOWN_GE_15,9.21,31.38,-71.51,22.17,0.2935,210.2,EXIT4_SCORE_DRAWDOWN_GE_15,9.21,31.38,-71.51,22.17,0.2935,210.2,LOSS_GUARD_CLOSE_LE_NEG_15,-14.59,30.57,-15.98,45.16,-0.4773,36.6,LOSS_GUARD_CLOSE_LE_NEG_15,-14.59,30.57,-15.98,45.16,-0.4773,36.6,LOSS_GUARD_CLOSE_LE_NEG_15,-14.59,30.57,-15.98,45.16,-0.4773,36.6,4.8,3.06,13.54,11.35
000210,DL,KOSPI,2025-07-04,2025-07-07,50100.0,TRANSITION,TRIGGER,PERMITTED_REGIME,ELEVATED,65.54,READY,PROGRESSED_WITHOUT_DIRECT_HANDOFF,2026-04-30,2026-06-30,2026-06-30,False,True,2025-08-11,2025-08-12,40100.0,NO_PROGRESSED_DIRECT_HANDOFF,3.59,55.09,-32.34,51.5,0.0652,54.4,NO_PROGRESSED_DIRECT_HANDOFF,3.59,55.09,-32.34,51.5,0.0652,54.4,NO_EXIT_BEFORE_CUTOFF,3.59,55.09,-32.34,51.5,0.0652,54.4,LOSS_GUARD_CLOSE_LE_NEG_15,-19.96,12.57,-22.36,32.53,-1.5879,5.4,LOSS_GUARD_CLOSE_LE_NEG_15,-19.96,12.57,-22.36,32.53,-1.5879,5.4,LOSS_GUARD_CLOSE_LE_NEG_15,-19.96,12.57,-22.36,32.53,-1.5879,5.4,-9.48,-24.15,-28.84,-26.75
000240,한국앤컴퍼니,KOSPI,2024-09-13,2024-09-19,18000.0,TRANSITION,TRIGGER,PERMITTED_REGIME,NORMAL,79.57,PARTIAL,NORMAL_EARLY_TREND_HANDOFF,2025-06-30,2024-11-30,2024-11-29,True,False,,,,EXIT3_PROGRESSED_TO_EARLY_TREND,65.83,68.33,-25.78,2.5,0.9634,58.2,EXIT3_PROGRESSED_TO_EARLY_TREND,65.83,68.33,-25.78,2.5,0.9634,58.2,EXIT3_PROGRESSED_TO_EARLY_TREND,65.83,68.33,-25.78,2.5,0.9634,58.2,EXIT3_PROGRESSED_TO_EARLY_TREND,65.83,68.33,-25.78,2.5,0.9634,58.2,EXIT3_PROGRESSED_TO_EARLY_TREND,65.83,68.33,-25.78,2.5,0.9634,58.2,EXIT3_PROGRESSED_TO_EARLY_TREND,65.83,68.33,-25.78,2.5,0.9634,58.2,-8.06,-5.61,-2.44,-19.56
000270,기아,KOSPI,2019-01-18,2019-01-21,35800.0,TRANSITION,TRIGGER,PERMITTED_REGIME,NORMAL,71.69,READY,NORMAL_EARLY_TREND_HANDOFF,2019-04-30,2021-02-28,2021-02-26,True,True,2020-03-13,2020-03-16,28900.0,EXIT3_PROGRESSED_TO_EARLY_TREND,119.27,184.92,-39.94,65.65,0.645,170.2,EXIT4_SCORE_DRAWDOWN_GE_15,115.08,184.92,-39.94,69.84,0.6223,112.8,EXIT4_SCORE_DRAWDOWN_GE_15,115.08,184.92,-39.94,69.84,0.6223,112.8,LOSS_GUARD_CLOSE_LE_NEG_15,-19.27,31.01,-25.98,50.28,-0.6214,56.8,LOSS_GUARD_CLOSE_LE_NEG_15,-19.27,31.01,-25.98,50.28,-0.6214,56.8,LOSS_GUARD_CLOSE_LE_NEG_15,-19.27,31.01,-25.98,50.28,-0.6214,56.8,-1.68,-4.47,18.85,22.49
000370,한화손해보험,KOSPI,2025-06-13,2025-06-16,5510.0,TRANSITION,TRIGGER,PERMITTED_REGIME,ELEVATED,72.74,READY,PROGRESSED_WITHOUT_DIRECT_HANDOFF,2025-06-30,2026-05-31,2026-05-29,False,False,,,,NO_PROGRESSED_DIRECT_HANDOFF,26.86,96.01,-8.35,69.15,0.2798,57.4,NO_PROGRESSED_DIRECT_HANDOFF,26.86,96.01,-8.35,69.15,0.2798,57.4,NO_EXIT_BEFORE_CUTOFF,26.86,96.01,-8.35,69.15,0.2798,57.4,NO_PROGRESSED_DIRECT_HANDOFF,26.86,96.01,-8.35,69.15,0.2798,57.4,NO_PROGRESSED_DIRECT_HANDOFF,26.86,96.01,-8.35,69.15,0.2798,57.4,NO_EXIT_BEFORE_CUTOFF,26.86,96.01,-8.35,69.15,0.2798,57.4,36.3,10.53,-0.73,0.54
000430,대원강업,KOSPI,2026-06-05,2026-06-08,4630.0,TRANSITION,TRIGGER,PERMITTED_REGIME,ELEVATED,74.17,READY,NEVER_PROGRESSED,,,,False,True,2026-06-24,2026-06-25,3930.0,NO_PROGRESSED_DIRECT_HANDOFF,-11.77,33.91,-32.18,45.68,-0.3471,9.8,NO_PROGRESSED_DIRECT_HANDOFF,-11.77,33.91,-32.18,45.68,-0.3471,9.8,NO_PROGRESSED_BEFORE_CUTOFF,-11.77,33.91,-32.18,45.68,-0.3471,9.8,LOSS_GUARD_CLOSE_LE_NEG_15,-15.12,33.91,-16.85,49.03,-0.4459,2.8,LOSS_GUARD_CLOSE_LE_NEG_15,-15.12,33.91,-16.85,49.03,-0.4459,2.8,LOSS_GUARD_CLOSE_LE_NEG_15,-15.12,33.91,-16.85,49.03,-0.4459,2.8,-11.23,-23.11,,
000490,대동,KOSPI,2025-02-14,2025-02-17,13280.0,TRANSITION,TRIGGER,PERMITTED_REGIME,ELEVATED,70.25,PARTIAL,NEVER_PROGRESSED,,,,False,True,2025-03-21,2025-03-24,11010.0,NO_PROGRESSED_DIRECT_HANDOFF,-37.5,4.22,-58.81,41.72,-8.8863,73.2,NO_PROGRESSED_DIRECT_HANDOFF,-37.5,4.22,-58.81,41.72,-8.8863,73.2,NO_PROGRESSED_BEFORE_CUTOFF,-37.5,4.22,-58.81,41.72,-8.8863,73.2,LOSS_GUARD_CLOSE_LE_NEG_15,-17.09,4.22,-17.24,21.31,-4.0498,5.0,LOSS_GUARD_CLOSE_LE_NEG_15,-17.09,4.22,-17.24,21.31,-4.0498,5.0,LOSS_GUARD_CLOSE_LE_NEG_15,-17.09,4.22,-17.24,21.31,-4.0498,5.0,-6.25,-24.32,-20.26,-23.87
000520,삼일제약,KOSPI,2024-09-13,2024-09-19,13210.0,EARLY_TREND,TRIGGER,PERMITTED_REGIME,ELEVATED,74.32,PARTIAL,NORMAL_EARLY_TREND_HANDOFF,2024-09-13,2024-10-31,2024-10-31,True,False,,,,EXIT3_PROGRESSED_TO_TRANSITION,-23.39,47.62,-27.78,71.01,-0.4912,50.6,EXIT4_SCORE_DRAWDOWN_GE_15,-6.21,47.62,-9.46,53.83,-0.1304,10.0,EXIT4_SCORE_DRAWDOWN_GE_15,-6.21,47.62,-9.46,53.83,-0.1304,10.0,EXIT3_PROGRESSED_TO_TRANSITION,-23.39,47.62,-27.78,71.01,-0.4912,50.6,EXIT4_SCORE_DRAWDOWN_GE_15,-6.21,47.62,-9.46,53.83,-0.1304,10.0,EXIT4_SCORE_DRAWDOWN_GE_15,-6.21,47.62,-9.46,53.83,-0.1304,10.0,31.34,-2.35,-2.2,-18.62
000640,동아쏘시오홀딩스,KOSPI,2024-08-16,2024-08-19,114819.0,TRANSITION,TRIGGER,PERMITTED_REGIME,NORMAL,78.06,PARTIAL,NEVER_PROGRESSED,2024-08-31,,,False,True,2024-12-04,2024-12-05,96327.0,NO_PROGRESSED_DIRECT_HANDOFF,-19.0,6.16,-35.12,25.16,-3.0844,96.6,NO_PROGRESSED_DIRECT_HANDOFF,-19.0,6.16,-35.12,25.16,-3.0844,96.6,NO_PROGRESSED_BEFORE_CUTOFF,-19.0,6.16,-35.12,25.16,-3.0844,96.6,LOSS_GUARD_CLOSE_LE_NEG_15,-16.11,5.59,-17.5,21.7,-2.8819,14.6,LOSS_GUARD_CLOSE_LE_NEG_15,-16.11,5.59,-17.5,21.7,-2.8819,14.6,LOSS_GUARD_CLOSE_LE_NEG_15,-16.11,5.59,-17.5,21.7,-2.8819,14.6,-2.63,0.66,-6.74,-18.0
000660,SK하이닉스,KOSPI,2019-04-05,2019-04-08,78900.0,EARLY_TREND,TRIGGER,PERMITTED_REGIME,NORMAL,75.54,READY,NORMAL_EARLY_TREND_HANDOFF,2019-04-05,2021-04-30,2021-04-30,True,True,2019-05-27,2019-05-28,67200.0,EXIT3_PROGRESSED_TO_EARLY_TREND,57.79,90.75,-20.91,32.96,0.6368,143.4,EXIT4_SCORE_DRAWDOWN_GE_15,61.6,90.75,-20.91,29.15,0.6788,110.8,EXIT4_SCORE_DRAWDOWN_GE_15,61.6,90.75,-20.91,29.15,0.6788,110.8,LOSS_GUARD_CLOSE_LE_NEG_15,-14.83,4.44,-15.84,19.27,-3.3401,7.0,LOSS_GUARD_CLOSE_LE_NEG_15,-14.83,4.44,-15.84,19.27,-3.3401,7.0,LOSS_GUARD_CLOSE_LE_NEG_15,-14.83,4.44,-15.84,19.27,-3.3401,7.0,1.27,-17.49,-12.42,4.44
000670,영풍,KOSPI,2025-11-14,2025-11-17,55064.0,TRANSITION,TRIGGER,PERMITTED_REGIME,NORMAL,77.99,READY,NORMAL_EARLY_TREND_HANDOFF,2025-11-30,2026-02-28,2026-02-27,True,True,2026-01-02,2026-01-05,45500.0,EXIT3_PROGRESSED_TO_WEAK,-41.07,30.39,-43.7,71.46,-1.3514,34.8,EXIT3_PROGRESSED_TO_WEAK,-41.07,30.39,-43.7,71.46,-1.3514,34.8,EXIT3_PROGRESSED_TO_WEAK,-41.07,30.39,-43.7,71.46,-1.3514,34.8,LOSS_GUARD_CLOSE_LE_NEG_15,-17.37,30.39,-18.28,47.76,-0.5716,6.6,LOSS_GUARD_CLOSE_LE_NEG_15,-17.37,30.39,-18.28,47.76,-0.5716,6.6,LOSS_GUARD_CLOSE_LE_NEG_15,-17.37,30.39,-18.28,47.76,-0.5716,6.6,21.91,-13.28,7.69,-6.11
000700,유수홀딩스,KOSPI,2025-06-13,2025-06-16,6070.0,TRANSITION,TRIGGER,PERMITTED_REGIME,NORMAL,79.8,READY,NEVER_PROGRESSED,2026-03-31,,,False,False,,,,NO_PROGRESSED_DIRECT_HANDOFF,2.97,18.62,-17.63,15.65,0.1595,57.4,NO_PROGRESSED_DIRECT_HANDOFF,2.97,18.62,-17.63,15.65,0.1595,57.4,NO_PROGRESSED_BEFORE_CUTOFF,2.97,18.62,-17.63,15.65,0.1595,57.4,NO_PROGRESSED_DIRECT_HANDOFF,2.97,18.62,-17.63,15.65,0.1595,57.4,NO_PROGRESSED_DIRECT_HANDOFF,2.97,18.62,-17.63,15.65,0.1595,57.4,NO_PROGRESSED_BEFORE_CUTOFF,2.97,18.62,-17.63,15.65,0.1595,57.4,5.44,-1.98,-5.6,1.48
000720,현대건설,KOSPI,2018-04-20,2018-04-23,53027.0,TRANSITION,TRIGGER,PERMITTED_REGIME,ELEVATED,66.99,READY,NORMAL_EARLY_TREND_HANDOFF,2018-04-30,2018-08-31,2018-08-31,True,False,,,,EXIT3_PROGRESSED_TO_TRANSITION,-18.34,45.69,-64.86,64.03,-0.4014,202.4,EXIT4_SCORE_DRAWDOWN_GE_15,-3.45,45.69,-64.86,49.14,-0.0755,169.6,EXIT4_SCORE_DRAWDOWN_GE_15,-3.45,45.69,-64.86,49.14,-0.0755,169.6,EXIT3_PROGRESSED_TO_TRANSITION,-18.34,45.69,-64.86,64.03,-0.4014,202.4,EXIT4_SCORE_DRAWDOWN_GE_15,-3.45,45.69,-64.86,49.14,-0.0755,169.6,EXIT4_SCORE_DRAWDOWN_GE_15,-3.45,45.69,-64.86,49.14,-0.0755,169.6,26.42,12.48,-4.59,-10.46
000810,삼성화재,KOSPI,2018-09-28,2018-10-01,281500.0,TRANSITION,TRIGGER,PERMITTED_REGIME,NORMAL,79.3,READY,NORMAL_EARLY_TREND_HANDOFF,2022-12-31,2024-04-30,2024-04-30,True,True,2019-08-12,2019-08-13,228000.0,EXIT3_PROGRESSED_TO_EARLY_TREND,53.46,86.86,-58.26,33.4,0.6155,336.2,EXIT4_SCORE_DRAWDOWN_GE_15,36.23,39.79,-58.26,3.56,0.9105,283.4,EXIT4_SCORE_DRAWDOWN_GE_15,36.23,39.79,-58.26,3.56,0.9105,283.4,LOSS_GUARD_CLOSE_LE_NEG_15,-19.01,10.83,-19.72,29.84,-1.7553,43.0,LOSS_GUARD_CLOSE_LE_NEG_15,-19.01,10.83,-19.72,29.84,-1.7553,43.0,LOSS_GUARD_CLOSE_LE_NEG_15,-19.01,10.83,-19.72,29.84,-1.7553,43.0,-2.49,-1.78,-1.07,5.15
000990,DB하이텍,KOSPI,2025-09-19,2025-09-22,57800.0,TRANSITION,TRIGGER,PERMITTED_REGIME,NORMAL,77.99,READY,NORMAL_EARLY_TREND_HANDOFF,2025-11-30,2026-01-31,2026-01-30,True,False,,,,NO_EXIT_BEFORE_CUTOFF,77.85,298.79,-9.34,220.94,0.2606,43.6,EXIT4_SCORE_DRAWDOWN_GE_15,61.94,96.37,-9.34,34.43,0.6427,21.0,EXIT4_SCORE_DRAWDOWN_GE_15,61.94,96.37,-9.34,34.43,0.6427,21.0,NO_EXIT_BEFORE_CUTOFF,77.85,298.79,-9.34,220.94,0.2606,43.6,EXIT4_SCORE_DRAWDOWN_GE_15,61.94,96.37,-9.34,34.43,0.6427,21.0,EXIT4_SCORE_DRAWDOWN_GE_15,61.94,96.37,-9.34,34.43,0.6427,21.0,4.33,7.09,12.98,51.9
001040,CJ,KOSPI,2021-01-15,2021-01-18,113500.0,TRANSITION,TRIGGER,PERMITTED_REGIME,NORMAL,72.74,READY,NORMAL_EARLY_TREND_HANDOFF,2024-02-29,2024-06-30,2024-06-28,True,True,2021-01-29,2021-02-01,94100.0,EXIT3_PROGRESSED_TO_EARLY_TREND,3.08,34.71,-46.87,31.63,0.0887,206.4,EXIT4_SCORE_DRAWDOWN_GE_15,15.33,34.71,-46.87,19.38,0.4417,174.8,EXIT4_SCORE_DRAWDOWN_GE_15,15.33,34.71,-46.87,19.38,0.4417,174.8,LOSS_GUARD_CLOSE_LE_NEG_15,-17.09,0.88,-17.27,17.97,-19.4205,2.2,LOSS_GUARD_CLOSE_LE_NEG_15,-17.09,0.88,-17.27,17.97,-19.4205,2.2,LOSS_GUARD_CLOSE_LE_NEG_15,-17.09,0.88,-17.27,17.97,-19.4205,2.2,-13.13,-17.18,-16.04,-11.01
001120,LX인터내셔널,KOSPI,2021-01-08,2021-01-11,27600.0,EARLY_TREND,TRIGGER,PERMITTED_REGIME,NORMAL,80.99,READY,NORMAL_EARLY_TREND_HANDOFF,2021-01-08,2021-03-31,2021-03-31,True,False,,,,EXIT3_PROGRESSED_TO_EARLY_TREND,17.57,53.99,-19.2,36.42,0.3254,73.0,EXIT4_SCORE_DRAWDOWN_GE_15,11.59,22.1,-9.42,10.51,0.5244,15.6,EXIT4_SCORE_DRAWDOWN_GE_15,11.59,22.1,-9.42,10.51,0.5244,15.6,EXIT3_PROGRESSED_TO_EARLY_TREND,17.57,53.99,-19.2,36.42,0.3254,73.0,EXIT4_SCORE_DRAWDOWN_GE_15,11.59,22.1,-9.42,10.51,0.5244,15.6,EXIT4_SCORE_DRAWDOWN_GE_15,11.59,22.1,-9.42,10.51,0.5244,15.6,-0.36,-2.17,11.41,10.69
001200,유진투자증권,KOSPI,2025-07-11,2025-07-14,4115.0,TRANSITION,TRIGGER,PERMITTED_REGIME,NORMAL,73.29,READY,PROGRESSED_WITHOUT_DIRECT_HANDOFF,2026-02-28,2026-06-30,2026-06-30,False,True,2025-07-28,2025-07-29,3460.0,NO_PROGRESSED_DIRECT_HANDOFF,9.6,68.17,-24.54,58.57,0.1408,53.4,NO_PROGRESSED_DIRECT_HANDOFF,9.6,68.17,-24.54,58.57,0.1408,53.4,NO_EXIT_BEFORE_CUTOFF,9.6,68.17,-24.54,58.57,0.1408,53.4,LOSS_GUARD_CLOSE_LE_NEG_15,-15.92,3.04,-16.4,18.96,-5.2368,2.4,LOSS_GUARD_CLOSE_LE_NEG_15,-15.92,3.04,-16.4,18.96,-5.2368,2.4,LOSS_GUARD_CLOSE_LE_NEG_15,-15.92,3.04,-16.4,18.96,-5.2368,2.4,-19.08,-17.38,-12.88,-14.34
001230,동국홀딩스,KOSPI,2026-02-20,2026-02-23,2098.0,TRANSITION,TRIGGER,PERMITTED_REGIME,ELEVATED,67.49,READY,NEVER_PROGRESSED,,,,False,True,2026-06-01,2026-06-02,1730.0,NO_PROGRESSED_DIRECT_HANDOFF,-7.01,27.12,-28.03,34.13,-0.2585,23.8,NO_PROGRESSED_DIRECT_HANDOFF,-7.01,27.12,-28.03,34.13,-0.2585,23.8,NO_PROGRESSED_BEFORE_CUTOFF,-7.01,27.12,-28.03,34.13,-0.2585,23.8,LOSS_GUARD_CLOSE_LE_NEG_15,-17.54,27.12,-19.83,44.66,-0.6468,13.6,LOSS_GUARD_CLOSE_LE_NEG_15,-17.54,27.12,-19.83,44.66,-0.6468,13.6,LOSS_GUARD_CLOSE_LE_NEG_15,-17.54,27.12,-19.83,44.66,-0.6468,13.6,9.25,19.49,21.31,
001250,GS글로벌,KOSPI,2024-08-30,2024-09-02,3950.0,TRANSITION,TRIGGER,PERMITTED_REGIME,ELEVATED,67.32,PARTIAL,PROGRESSED_WITHOUT_DIRECT_HANDOFF,2024-08-31,2024-10-31,2024-10-31,False,True,2024-09-06,2024-09-09,3290.0,NO_PROGRESSED_DIRECT_HANDOFF,-29.75,44.05,-44.3,73.8,-0.6754,94.6,NO_PROGRESSED_DIRECT_HANDOFF,-29.75,44.05,-44.3,73.8,-0.6754,94.6,NO_EXIT_BEFORE_CUTOFF,-29.75,44.05,-44.3,73.8,-0.6754,94.6,LOSS_GUARD_CLOSE_LE_NEG_15,-16.71,2.78,-19.75,19.49,-6.0108,1.2,LOSS_GUARD_CLOSE_LE_NEG_15,-16.71,2.78,-19.75,19.49,-6.0108,1.2,LOSS_GUARD_CLOSE_LE_NEG_15,-16.71,2.78,-19.75,19.49,-6.0108,1.2,-6.08,-18.48,-28.23,-34.56
001290,상상인증권,KOSPI,2025-07-11,2025-07-14,845.0,TRANSITION,TRIGGER,PERMITTED_REGIME,ELEVATED,79.67,READY,PROGRESSED_WITHOUT_DIRECT_HANDOFF,,2026-02-28,2026-02-27,False,True,2025-07-24,2025-07-25,707.0,NO_PROGRESSED_DIRECT_HANDOFF,21.07,110.89,-30.53,89.82,0.19,53.4,NO_PROGRESSED_DIRECT_HANDOFF,21.07,110.89,-30.53,89.82,0.19,53.4,EXIT4_SCORE_DRAWDOWN_GE_15,39.05,110.89,-26.75,71.84,0.3522,35.0,LOSS_GUARD_CLOSE_LE_NEG_15,-16.33,12.43,-16.45,28.76,-1.3138,2.0,LOSS_GUARD_CLOSE_LE_NEG_15,-16.33,12.43,-16.45,28.76,-1.3138,2.0,LOSS_GUARD_CLOSE_LE_NEG_15,-16.33,12.43,-16.45,28.76,-1.3138,2.0,-20.47,-19.41,-15.86,-24.85
001390,KG케미칼,KOSPI,2025-12-05,2025-12-08,5640.0,TRANSITION,TRIGGER,PERMITTED_REGIME,NORMAL,80.74,READY,NEVER_PROGRESSED,,,,False,True,2026-03-04,2026-03-05,4810.0,NO_PROGRESSED_DIRECT_HANDOFF,-19.68,31.21,-36.7,50.89,-0.6306,33.6,NO_PROGRESSED_DIRECT_HANDOFF,-19.68,31.21,-36.7,50.89,-0.6306,33.6,NO_PROGRESSED_BEFORE_CUTOFF,-19.68,31.21,-36.7,50.89,-0.6306,33.6,LOSS_GUARD_CLOSE_LE_NEG_15,-14.72,8.69,-21.01,23.41,-1.6939,11.4,LOSS_GUARD_CLOSE_LE_NEG_15,-14.72,8.69,-21.01,23.41,-1.6939,11.4,LOSS_GUARD_CLOSE_LE_NEG_15,-14.72,8.69,-21.01,23.41,-1.6939,11.4,-10.11,5.67,-11.97,-23.67
001450,현대해상,KOSPI,2025-07-04,2025-07-07,27350.0,TRANSITION,TRIGGER,PERMITTED_REGIME,NORMAL,70.29,READY,NEVER_PROGRESSED,2026-06-30,,,False,False,,,,NO_PROGRESSED_DIRECT_HANDOFF,65.81,67.46,-6.76,1.65,0.9755,54.4,NO_PROGRESSED_DIRECT_HANDOFF,65.81,67.46,-6.76,1.65,0.9755,54.4,NO_PROGRESSED_BEFORE_CUTOFF,65.81,67.46,-6.76,1.65,0.9755,54.4,NO_PROGRESSED_DIRECT_HANDOFF,65.81,67.46,-6.76,1.65,0.9755,54.4,NO_PROGRESSED_DIRECT_HANDOFF,65.81,67.46,-6.76,1.65,0.9755,54.4,NO_PROGRESSED_BEFORE_CUTOFF,65.81,67.46,-6.76,1.65,0.9755,54.4,-5.85,1.65,6.76,-2.74
001500,현대차증권,KOSPI,2025-06-13,2025-06-16,7560.0,TRANSITION,TRIGGER,PERMITTED_REGIME,NORMAL,69.74,READY,PROGRESSED_WITHOUT_DIRECT_HANDOFF,2026-02-28,2026-05-31,2026-05-29,False,False,,,,NO_PROGRESSED_DIRECT_HANDOFF,9.13,96.83,-13.23,87.7,0.0943,57.4,NO_PROGRESSED_DIRECT_HANDOFF,9.13,96.83,-13.23,87.7,0.0943,57.4,NO_EXIT_BEFORE_CUTOFF,9.13,96.83,-13.23,87.7,0.0943,57.4,NO_PROGRESSED_DIRECT_HANDOFF,9.13,96.83,-13.23,87.7,0.0943,57.4,NO_PROGRESSED_DIRECT_HANDOFF,9.13,96.83,-13.23,87.7,0.0943,57.4,NO_EXIT_BEFORE_CUTOFF,9.13,96.83,-13.23,87.7,0.0943,57.4,31.35,9.13,10.58,7.41
001510,SK증권,KOSPI,2025-06-13,2025-06-16,1271.0,TRANSITION,TRIGGER,PERMITTED_REGIME,NORMAL,73.49,READY,NORMAL_EARLY_TREND_HANDOFF,2026-01-31,2026-02-28,2026-02-27,True,False,,,,NO_EXIT_BEFORE_CUTOFF,90.01,387.02,-4.09,297.01,0.2326,57.4,NO_EXIT_BEFORE_CUTOFF,90.01,387.02,-4.09,297.01,0.2326,57.4,NO_EXIT_BEFORE_CUTOFF,90.01,387.02,-4.09,297.01,0.2326,57.4,NO_EXIT_BEFORE_CUTOFF,90.01,387.02,-4.09,297.01,0.2326,57.4,NO_EXIT_BEFORE_CUTOFF,90.01,387.02,-4.09,297.01,0.2326,57.4,NO_EXIT_BEFORE_CUTOFF,90.01,387.02,-4.09,297.01,0.2326,57.4,21.87,2.36,2.05,4.09
001540,안국약품,KOSDAQ,2025-12-05,2025-12-08,9120.0,TRANSITION,TRIGGER,PERMITTED_REGIME,NORMAL,79.3,READY,NEVER_PROGRESSED,2026-05-31,,,False,True,2026-03-04,2026-03-05,7700.0,NO_PROGRESSED_DIRECT_HANDOFF,29.71,49.67,-20.18,19.96,0.5981,33.6,NO_PROGRESSED_DIRECT_HANDOFF,29.71,49.67,-20.18,19.96,0.5981,33.6,NO_PROGRESSED_BEFORE_CUTOFF,29.71,49.67,-20.18,19.96,0.5981,33.6,LOSS_GUARD_CLOSE_LE_NEG_15,-15.57,3.07,-20.18,18.64,-5.0717,11.4,LOSS_GUARD_CLOSE_LE_NEG_15,-15.57,3.07,-20.18,18.64,-5.0717,11.4,LOSS_GUARD_CLOSE_LE_NEG_15,-15.57,3.07,-20.18,18.64,-5.0717,11.4,-12.06,-6.36,-14.14,9.87
001680,대상,KOSPI,2025-02-28,2025-03-04,23950.0,TRANSITION,TRIGGER,PERMITTED_REGIME,NORMAL,78.81,PARTIAL,NEVER_PROGRESSED,,,,False,True,2026-01-07,2026-01-08,20100.0,NO_PROGRESSED_DIRECT_HANDOFF,-23.3,8.98,-33.7,32.28,-2.5947,71.2,NO_PROGRESSED_DIRECT_HANDOFF,-23.3,8.98,-33.7,32.28,-2.5947,71.2,NO_PROGRESSED_BEFORE_CUTOFF,-23.3,8.98,-33.7,32.28,-2.5947,71.2,LOSS_GUARD_CLOSE_LE_NEG_15,-16.08,8.98,-16.28,25.06,-1.7906,41.8,LOSS_GUARD_CLOSE_LE_NEG_15,-16.08,8.98,-16.28,25.06,-1.7906,41.8,LOSS_GUARD_CLOSE_LE_NEG_15,-16.08,8.98,-16.28,25.06,-1.7906,41.8,-3.76,-1.46,-9.39,-5.43
001720,신영증권,KOSPI,2024-10-04,2024-10-07,78700.0,EARLY_TREND,TRIGGER,PERMITTED_REGIME,NORMAL,80.32,PARTIAL,PROGRESSED_WITHOUT_DIRECT_HANDOFF,2024-10-04,2025-02-28,2025-02-28,False,False,,,,NO_PROGRESSED_DIRECT_HANDOFF,111.05,245.62,-11.05,134.57,0.4521,90.6,NO_PROGRESSED_DIRECT_HANDOFF,111.05,245.62,-11.05,134.57,0.4521,90.6,EXIT4_SCORE_DRAWDOWN_GE_15,55.65,80.43,-11.05,24.78,0.6919,35.6,NO_PROGRESSED_DIRECT_HANDOFF,111.05,245.62,-11.05,134.57,0.4521,90.6,NO_PROGRESSED_DIRECT_HANDOFF,111.05,245.62,-11.05,134.57,0.4521,90.6,EXIT4_SCORE_DRAWDOWN_GE_15,55.65,80.43,-11.05,24.78,0.6919,35.6,2.29,-2.54,-3.05,-2.67
001740,SK네트웍스,KOSPI,2019-02-01,2019-02-07,6240.0,TRANSITION,TRIGGER,PERMITTED_REGIME,NORMAL,71.6,READY,NORMAL_EARLY_TREND_HANDOFF,2021-07-31,2023-11-30,2023-11-30,True,True,2019-05-13,2019-05-14,5150.0,NO_EXIT_BEFORE_CUTOFF,21.63,160.26,-40.87,138.63,0.135,369.6,NO_EXIT_BEFORE_CUTOFF,21.63,160.26,-40.87,138.63,0.135,369.6,NO_EXIT_BEFORE_CUTOFF,21.63,160.26,-40.87,138.63,0.135,369.6,LOSS_GUARD_CLOSE_LE_NEG_15,-17.47,15.22,-17.47,32.69,-1.1478,13.2,LOSS_GUARD_CLOSE_LE_NEG_15,-17.47,15.22,-17.47,32.69,-1.1478,13.2,LOSS_GUARD_CLOSE_LE_NEG_15,-17.47,15.22,-17.47,32.69,-1.1478,13.2,-5.77,-1.6,-6.57,-17.79
001800,오리온홀딩스,KOSPI,2024-08-02,2024-08-05,14880.0,TRANSITION,TRIGGER,PERMITTED_REGIME,NORMAL,74.12,PARTIAL,PROGRESSED_WITHOUT_DIRECT_HANDOFF,2025-05-31,2025-10-31,2025-10-31,False,False,,,,NO_PROGRESSED_DIRECT_HANDOFF,80.11,101.28,-5.04,21.17,0.791,98.4,NO_PROGRESSED_DIRECT_HANDOFF,80.11,101.28,-5.04,21.17,0.791,98.4,NO_EXIT_BEFORE_CUTOFF,80.11,101.28,-5.04,21.17,0.791,98.4,NO_PROGRESSED_DIRECT_HANDOFF,80.11,101.28,-5.04,21.17,0.791,98.4,NO_PROGRESSED_DIRECT_HANDOFF,80.11,101.28,-5.04,21.17,0.791,98.4,NO_EXIT_BEFORE_CUTOFF,80.11,101.28,-5.04,21.17,0.791,98.4,2.82,5.65,10.22,5.91
001820,삼화콘덴서,KOSPI,2025-10-10,2025-10-13,35400.0,TRANSITION,TRIGGER,PERMITTED_REGIME,NORMAL,72.74,READY,NORMAL_EARLY_TREND_HANDOFF,2026-02-28,2026-05-31,2026-05-29,True,True,2025-11-17,2025-11-18,29650.0,NO_EXIT_BEFORE_CUTOFF,190.96,455.93,-21.61,264.97,0.4188,41.6,EXIT4_SCORE_DRAWDOWN_GE_15,338.42,455.93,-21.61,117.51,0.7423,35.4,EXIT4_SCORE_DRAWDOWN_GE_15,338.42,455.93,-21.61,117.51,0.7423,35.4,LOSS_GUARD_CLOSE_LE_NEG_15,-16.24,2.12,-16.24,18.36,-7.6604,5.4,LOSS_GUARD_CLOSE_LE_NEG_15,-16.24,2.12,-16.24,18.36,-7.6604,5.4,LOSS_GUARD_CLOSE_LE_NEG_15,-16.24,2.12,-16.24,18.36,-7.6604,5.4,-12.15,-8.62,-17.66,88.98
001940,KISCO홀딩스,KOSPI,2025-05-30,2025-06-02,24100.0,TRANSITION,TRIGGER,PERMITTED_REGIME,NORMAL,77.32,PARTIAL,NEVER_PROGRESSED,2025-05-31,,,False,True,2026-06-02,2026-06-04,20550.0,NO_PROGRESSED_DIRECT_HANDOFF,15.77,22.2,-16.39,6.43,0.7104,59.0,NO_PROGRESSED_DIRECT_HANDOFF,15.77,22.2,-16.39,6.43,0.7104,59.0,NO_PROGRESSED_BEFORE_CUTOFF,15.77,22.2,-16.39,6.43,0.7104,59.0,LOSS_GUARD_CLOSE_LE_NEG_15,-14.73,22.2,-16.39,36.93,-0.6635,49.0,LOSS_GUARD_CLOSE_LE_NEG_15,-14.73,22.2,-16.39,36.93,-0.6635,49.0,LOSS_GUARD_CLOSE_LE_NEG_15,-14.73,22.2,-16.39,36.93,-0.6635,49.0,8.71,3.94,6.43,7.26
002020,코오롱,KOSPI,2025-05-30,2025-06-02,34400.0,TRANSITION,TRIGGER,PERMITTED_REGIME,ELEVATED,72.07,PARTIAL,NORMAL_EARLY_TREND_HANDOFF,2025-05-31,2025-07-31,2025-07-31,True,False,,,,EXIT3_PROGRESSED_TO_WEAK,-32.85,156.4,-41.28,189.25,-0.21,57.2,EXIT3_PROGRESSED_TO_WEAK,-32.85,156.4,-41.28,189.25,-0.21,57.2,EXIT3_PROGRESSED_TO_WEAK,-32.85,156.4,-41.28,189.25,-0.21,57.2,EXIT3_PROGRESSED_TO_WEAK,-32.85,156.4,-41.28,189.25,-0.21,57.2,EXIT3_PROGRESSED_TO_WEAK,-32.85,156.4,-41.28,189.25,-0.21,57.2,EXIT3_PROGRESSED_TO_WEAK,-32.85,156.4,-41.28,189.25,-0.21,57.2,55.52,39.53,15.41,45.64
002230,피에스텍,KOSDAQ,2025-07-25,2025-07-28,4405.0,TRANSITION,TRIGGER,PERMITTED_REGIME,NORMAL,79.8,READY,NORMAL_EARLY_TREND_HANDOFF,2025-08-31,2026-01-31,2026-01-30,True,False,,,,EXIT3_PROGRESSED_TO_WEAK,10.1,285.7,-15.66,275.6,0.0354,45.2,EXIT3_PROGRESSED_TO_WEAK,10.1,285.7,-15.66,275.6,0.0354,45.2,EXIT3_PROGRESSED_TO_WEAK,10.1,285.7,-15.66,275.6,0.0354,45.2,EXIT3_PROGRESSED_TO_WEAK,10.1,285.7,-15.66,275.6,0.0354,45.2,EXIT3_PROGRESSED_TO_WEAK,10.1,285.7,-15.66,275.6,0.0354,45.2,EXIT3_PROGRESSED_TO_WEAK,10.1,285.7,-15.66,275.6,0.0354,45.2,4.65,-0.57,-3.18,216.91
002240,고려제강,KOSPI,2026-01-02,2026-01-05,21600.0,TRANSITION,TRIGGER,PERMITTED_REGIME,NORMAL,80.24,READY,NEVER_PROGRESSED,,,,False,True,2026-06-08,2026-06-09,18000.0,NO_PROGRESSED_DIRECT_HANDOFF,-18.1,31.02,-29.17,49.12,-0.5835,30.2,NO_PROGRESSED_DIRECT_HANDOFF,-18.1,31.02,-29.17,49.12,-0.5835,30.2,NO_PROGRESSED_BEFORE_CUTOFF,-18.1,31.02,-29.17,49.12,-0.5835,30.2,LOSS_GUARD_CLOSE_LE_NEG_15,-16.67,31.02,-18.84,47.69,-0.5374,20.8,LOSS_GUARD_CLOSE_LE_NEG_15,-16.67,31.02,-18.84,47.69,-0.5374,20.8,LOSS_GUARD_CLOSE_LE_NEG_15,-16.67,31.02,-18.84,47.69,-0.5374,20.8,0.23,-0.93,-3.01,-19.91
002310,아세아제지,KOSPI,2025-07-11,2025-07-14,8860.0,TRANSITION,TRIGGER,PERMITTED_REGIME,ELEVATED,74.05,READY,NEVER_PROGRESSED,2026-02-28,,,False,True,2025-10-29,2025-10-30,7450.0,NO_PROGRESSED_DIRECT_HANDOFF,-12.08,28.44,-23.25,40.52,-0.4248,53.4,NO_PROGRESSED_DIRECT_HANDOFF,-12.08,28.44,-23.25,40.52,-0.4248,53.4,NO_PROGRESSED_BEFORE_CUTOFF,-12.08,28.44,-23.25,40.52,-0.4248,53.4,LOSS_GUARD_CLOSE_LE_NEG_15,-15.91,1.02,-16.37,16.93,-15.598,14.6,LOSS_GUARD_CLOSE_LE_NEG_15,-15.91,1.02,-16.37,16.93,-15.598,14.6,LOSS_GUARD_CLOSE_LE_NEG_15,-15.91,1.02,-16.37,16.93,-15.598,14.6,-10.61,-10.84,-13.77,-11.17
002320,한진,KOSPI,2025-07-11,2025-07-14,22200.0,TRANSITION,TRIGGER,PERMITTED_REGIME,NORMAL,74.05,READY,NEVER_PROGRESSED,,,,False,True,2026-03-09,2026-03-10,19200.0,NO_PROGRESSED_DIRECT_HANDOFF,-30.18,7.43,-38.29,37.61,-4.0619,53.4,NO_PROGRESSED_DIRECT_HANDOFF,-30.18,7.43,-38.29,37.61,-4.0619,53.4,NO_PROGRESSED_BEFORE_CUTOFF,-30.18,7.43,-38.29,37.61,-4.0619,53.4,LOSS_GUARD_CLOSE_LE_NEG_15,-13.51,7.43,-16.85,20.94,-1.8183,31.8,LOSS_GUARD_CLOSE_LE_NEG_15,-13.51,7.43,-16.85,20.94,-1.8183,31.8,LOSS_GUARD_CLOSE_LE_NEG_15,-13.51,7.43,-16.85,20.94,-1.8183,31.8,-4.73,-6.76,-11.08,-12.16
002350,넥센타이어,KOSPI,2025-11-07,2025-11-10,6970.0,TRANSITION,TRIGGER,PERMITTED_REGIME,NORMAL,71.19,READY,NEVER_PROGRESSED,,,,False,False,,,,NO_PROGRESSED_DIRECT_HANDOFF,-3.44,45.05,-18.08,48.49,-0.0764,37.6,NO_PROGRESSED_DIRECT_HANDOFF,-3.44,45.05,-18.08,48.49,-0.0764,37.6,NO_PROGRESSED_BEFORE_CUTOFF,-3.44,45.05,-18.08,48.49,-0.0764,37.6,NO_PROGRESSED_DIRECT_HANDOFF,-3.44,45.05,-18.08,48.49,-0.0764,37.6,NO_PROGRESSED_DIRECT_HANDOFF,-3.44,45.05,-18.08,48.49,-0.0764,37.6,NO_PROGRESSED_BEFORE_CUTOFF,-3.44,45.05,-18.08,48.49,-0.0764,37.6,12.05,4.73,15.35,-5.31
002380,KCC,KOSPI,2025-05-30,2025-06-02,302500.0,TRANSITION,TRIGGER,PERMITTED_REGIME,NORMAL,77.32,PARTIAL,NORMAL_EARLY_TREND_HANDOFF,2025-06-30,2025-11-30,2025-11-28,True,False,,,,NO_EXIT_BEFORE_CUTOFF,53.88,128.76,-1.16,74.88,0.4185,59.0,EXIT4_SCORE_DRAWDOWN_GE_15,59.01,64.79,-1.16,5.78,0.9108,33.0,EXIT4_SCORE_DRAWDOWN_GE_15,59.01,64.79,-1.16,5.78,0.9108,33.0,NO_EXIT_BEFORE_CUTOFF,53.88,128.76,-1.16,74.88,0.4185,59.0,EXIT4_SCORE_DRAWDOWN_GE_15,59.01,64.79,-1.16,5.78,0.9108,33.0,EXIT4_SCORE_DRAWDOWN_GE_15,59.01,64.79,-1.16,5.78,0.9108,33.0,6.61,25.62,27.11,41.16
002790,아모레퍼시픽홀딩스,KOSPI,2025-07-04,2025-07-07,31200.0,TRANSITION,TRIGGER,PERMITTED_REGIME,NORMAL,75.74,READY,NEVER_PROGRESSED,,,,False,True,2025-09-03,2025-09-04,26300.0,NO_PROGRESSED_DIRECT_HANDOFF,-15.54,15.22,-36.06,30.76,-1.021,54.4,NO_PROGRESSED_DIRECT_HANDOFF,-15.54,15.22,-36.06,30.76,-1.021,54.4,NO_PROGRESSED_BEFORE_CUTOFF,-15.54,15.22,-36.06,30.76,-1.021,54.4,LOSS_GUARD_CLOSE_LE_NEG_15,-15.71,9.94,-15.87,25.65,-1.5805,8.6,LOSS_GUARD_CLOSE_LE_NEG_15,-15.71,9.94,-15.87,25.65,-1.5805,8.6,LOSS_GUARD_CLOSE_LE_NEG_15,-15.71,9.94,-15.87,25.65,-1.5805,8.6,-5.45,-12.98,-14.74,-16.67
002810,삼영무역,KOSPI,2025-03-07,2025-03-10,13470.0,TRANSITION,TRIGGER,PERMITTED_REGIME,NORMAL,68.37,PARTIAL,NORMAL_EARLY_TREND_HANDOFF,2025-05-31,2026-05-31,2026-05-29,True,False,,,,NO_EXIT_BEFORE_CUTOFF,74.83,82.26,-6.53,7.43,0.9097,70.4,NO_EXIT_BEFORE_CUTOFF,74.83,82.26,-6.53,7.43,0.9097,70.4,NO_EXIT_BEFORE_CUTOFF,74.83,82.26,-6.53,7.43,0.9097,70.4,NO_EXIT_BEFORE_CUTOFF,74.83,82.26,-6.53,7.43,0.9097,70.4,NO_EXIT_BEFORE_CUTOFF,74.83,82.26,-6.53,7.43,0.9097,70.4,NO_EXIT_BEFORE_CUTOFF,74.83,82.26,-6.53,7.43,0.9097,70.4,-2.0,2.08,14.55,24.72
002840,미원상사,KOSPI,2024-08-02,2024-08-05,201000.0,TRANSITION,TRIGGER,PERMITTED_REGIME,NORMAL,81.38,PARTIAL,NEVER_PROGRESSED,,,,False,True,2025-01-23,2025-01-24,173300.0,NO_PROGRESSED_DIRECT_HANDOFF,-35.62,5.97,-45.72,41.59,-5.9665,98.4,NO_PROGRESSED_DIRECT_HANDOFF,-35.62,5.97,-45.72,41.59,-5.9665,98.4,NO_PROGRESSED_BEFORE_CUTOFF,-35.62,5.97,-45.72,41.59,-5.9665,98.4,LOSS_GUARD_CLOSE_LE_NEG_15,-13.78,5.97,-16.67,19.75,-2.3082,23.0,LOSS_GUARD_CLOSE_LE_NEG_15,-13.78,5.97,-16.67,19.75,-2.3082,23.0,LOSS_GUARD_CLOSE_LE_NEG_15,-13.78,5.97,-16.67,19.75,-2.3082,23.0,1.74,-1.74,-0.8,-9.5
002960,한국쉘석유,KOSPI,2024-10-11,2024-10-14,321000.0,TRANSITION,TRIGGER,PERMITTED_REGIME,NORMAL,81.38,PARTIAL,SKIPPED_EARLY_TREND_HANDOFF,,2024-12-31,2024-12-30,False,False,,,,NO_PROGRESSED_DIRECT_HANDOFF,61.68,93.15,-4.52,31.47,0.6622,89.8,NO_PROGRESSED_DIRECT_HANDOFF,61.68,93.15,-4.52,31.47,0.6622,89.8,EXIT4_SCORE_DRAWDOWN_GE_15,29.44,52.65,-4.52,23.21,0.5592,47.8,NO_PROGRESSED_DIRECT_HANDOFF,61.68,93.15,-4.52,31.47,0.6622,89.8,NO_PROGRESSED_DIRECT_HANDOFF,61.68,93.15,-4.52,31.47,0.6622,89.8,EXIT4_SCORE_DRAWDOWN_GE_15,29.44,52.65,-4.52,23.21,0.5592,47.8,9.03,3.58,-1.71,6.54
002990,금호건설,KOSPI,2026-02-13,2026-02-19,5100.0,TRANSITION,TRIGGER,PERMITTED_REGIME,NORMAL,80.24,READY,NORMAL_EARLY_TREND_HANDOFF,2026-04-30,2026-05-31,2026-05-29,True,True,2026-03-04,2026-03-05,4250.0,NO_EXIT_BEFORE_CUTOFF,162.75,280.0,-30.78,117.25,0.5813,24.0,EXIT4_SCORE_DRAWDOWN_GE_15,135.29,135.29,-30.78,0.0,1.0,18.0,EXIT4_SCORE_DRAWDOWN_GE_15,135.29,135.29,-30.78,0.0,1.0,18.0,LOSS_GUARD_CLOSE_LE_NEG_15,-16.67,7.65,-18.63,24.32,-2.1791,2.0,LOSS_GUARD_CLOSE_LE_NEG_15,-16.67,7.65,-18.63,24.32,-2.1791,2.0,LOSS_GUARD_CLOSE_LE_NEG_15,-16.67,7.65,-18.63,24.32,-2.1791,2.0,-3.43,4.12,-14.61,
003000,부광약품,KOSPI,2026-03-20,2026-03-23,5750.0,TRANSITION,TRIGGER,PERMITTED_REGIME,ELEVATED,79.42,READY,NEVER_PROGRESSED,,,,False,True,2026-05-29,2026-06-01,4820.0,NO_PROGRESSED_DIRECT_HANDOFF,-23.22,72.0,-37.74,95.22,-0.3225,20.0,NO_PROGRESSED_DIRECT_HANDOFF,-23.22,72.0,-37.74,95.22,-0.3225,20.0,NO_PROGRESSED_BEFORE_CUTOFF,-23.22,72.0,-37.74,95.22,-0.3225,20.0,LOSS_GUARD_CLOSE_LE_NEG_15,-16.17,72.0,-16.7,88.17,-0.2246,9.6,LOSS_GUARD_CLOSE_LE_NEG_15,-16.17,72.0,-16.7,88.17,-0.2246,9.6,LOSS_GUARD_CLOSE_LE_NEG_15,-16.17,72.0,-16.7,88.17,-0.2246,9.6,40.35,-5.57,-22.43,
003010,혜인,KOSPI,2025-02-28,2025-03-04,5090.0,TRANSITION,TRIGGER,PERMITTED_REGIME,NORMAL,70.62,PARTIAL,NEVER_PROGRESSED,2026-04-30,,,False,True,2026-06-25,2026-06-26,4295.0,NO_PROGRESSED_DIRECT_HANDOFF,90.37,90.37,-22.89,0.0,1.0,71.2,NO_PROGRESSED_DIRECT_HANDOFF,90.37,90.37,-22.89,0.0,1.0,71.2,NO_PROGRESSED_BEFORE_CUTOFF,90.37,90.37,-22.89,0.0,1.0,71.2,LOSS_GUARD_CLOSE_LE_NEG_15,-15.62,72.5,-17.19,88.12,-0.2154,64.4,LOSS_GUARD_CLOSE_LE_NEG_15,-15.62,72.5,-17.19,88.12,-0.2154,64.4,LOSS_GUARD_CLOSE_LE_NEG_15,-15.62,72.5,-17.19,88.12,-0.2154,64.4,-8.74,-0.39,-0.39,6.68
003030,세아제강지주,KOSPI,2025-01-24,2025-01-31,215000.0,TRANSITION,TRIGGER,PERMITTED_REGIME,NORMAL,77.32,PARTIAL,NEVER_PROGRESSED,2025-01-31,,,False,True,2025-09-01,2025-09-02,176000.0,NO_PROGRESSED_DIRECT_HANDOFF,-49.77,36.05,-56.09,85.82,-1.3806,75.4,NO_PROGRESSED_DIRECT_HANDOFF,-49.77,36.05,-56.09,85.82,-1.3806,75.4,NO_PROGRESSED_BEFORE_CUTOFF,-49.77,36.05,-56.09,85.82,-1.3806,75.4,LOSS_GUARD_CLOSE_LE_NEG_15,-18.14,36.05,-18.14,54.19,-0.5032,29.2,LOSS_GUARD_CLOSE_LE_NEG_15,-18.14,36.05,-18.14,54.19,-0.5032,29.2,LOSS_GUARD_CLOSE_LE_NEG_15,-18.14,36.05,-18.14,54.19,-0.5032,29.2,7.91,7.91,7.67,-8.42
003070,코오롱글로벌,KOSPI,2026-03-20,2026-03-23,11970.0,TRANSITION,TRIGGER,PERMITTED_REGIME,NORMAL,77.99,READY,NEVER_PROGRESSED,,,,False,True,2026-05-11,2026-05-12,10160.0,NO_PROGRESSED_DIRECT_HANDOFF,-14.45,13.37,-34.0,27.82,-1.0808,20.0,NO_PROGRESSED_DIRECT_HANDOFF,-14.45,13.37,-34.0,27.82,-1.0808,20.0,NO_PROGRESSED_BEFORE_CUTOFF,-14.45,13.37,-34.0,27.82,-1.0808,20.0,LOSS_GUARD_CLOSE_LE_NEG_15,-15.12,13.37,-15.37,28.49,-1.1309,7.0,LOSS_GUARD_CLOSE_LE_NEG_15,-15.12,13.37,-15.37,28.49,-1.1309,7.0,LOSS_GUARD_CLOSE_LE_NEG_15,-15.12,13.37,-15.37,28.49,-1.1309,7.0,1.09,-16.71,-15.87,
003090,대웅,KOSPI,2024-10-11,2024-10-14,27550.0,TRANSITION,TRIGGER,PERMITTED_REGIME,NORMAL,77.32,PARTIAL,SKIPPED_EARLY_TREND_HANDOFF,2025-06-30,2024-11-30,2024-11-29,False,True,2024-11-12,2024-11-13,22050.0,NO_PROGRESSED_DIRECT_HANDOFF,-34.26,11.07,-44.07,45.33,-3.0949,89.8,NO_PROGRESSED_DIRECT_HANDOFF,-34.26,11.07,-44.07,45.33,-3.0949,89.8,EXIT4_SCORE_DRAWDOWN_GE_15,-26.13,2.0,-28.6,28.13,-13.065,14.8,LOSS_GUARD_CLOSE_LE_NEG_15,-19.96,2.0,-20.15,21.96,-9.98,4.6,LOSS_GUARD_CLOSE_LE_NEG_15,-19.96,2.0,-20.15,21.96,-9.98,4.6,LOSS_GUARD_CLOSE_LE_NEG_15,-19.96,2.0,-20.15,21.96,-9.98,4.6,-11.8,-25.77,-21.96,-26.86
003160,디아이,KOSPI,2025-10-10,2025-10-13,19140.0,TRANSITION,TRIGGER,PERMITTED_REGIME,ELEVATED,74.69,READY,NORMAL_EARLY_TREND_HANDOFF,2025-10-31,2026-02-28,2026-02-27,True,False,,,,NO_EXIT_BEFORE_CUTOFF,34.8,117.87,-18.76,83.07,0.2952,41.6,EXIT4_SCORE_DRAWDOWN_GE_15,76.59,117.87,-0.47,41.28,0.6498,27.6,EXIT4_SCORE_DRAWDOWN_GE_15,76.59,117.87,-0.47,41.28,0.6498,27.6,NO_EXIT_BEFORE_CUTOFF,34.8,117.87,-18.76,83.07,0.2952,41.6,EXIT4_SCORE_DRAWDOWN_GE_15,76.59,117.87,-0.47,41.28,0.6498,27.6,EXIT4_SCORE_DRAWDOWN_GE_15,76.59,117.87,-0.47,41.28,0.6498,27.6,21.47,16.77,41.33,66.67
003200,일신방직,KOSPI,2025-07-11,2025-07-14,11670.0,TRANSITION,TRIGGER,PERMITTED_REGIME,NORMAL,80.99,READY,PROGRESSED_WITHOUT_DIRECT_HANDOFF,2025-11-30,2026-02-28,2026-02-27,False,True,2025-08-01,2025-08-04,9840.0,NO_PROGRESSED_DIRECT_HANDOFF,-3.77,52.53,-20.31,56.3,-0.0718,53.4,NO_PROGRESSED_DIRECT_HANDOFF,-3.77,52.53,-20.31,56.3,-0.0718,53.4,EXIT4_SCORE_DRAWDOWN_GE_15,-2.23,52.53,-17.22,54.76,-0.0425,35.0,LOSS_GUARD_CLOSE_LE_NEG_15,-15.68,1.03,-16.8,16.71,-15.2233,3.2,LOSS_GUARD_CLOSE_LE_NEG_15,-15.68,1.03,-16.8,16.71,-15.2233,3.2,LOSS_GUARD_CLOSE_LE_NEG_15,-15.68,1.03,-16.8,16.71,-15.2233,3.2,-10.37,-14.22,-12.6,7.46
003230,삼양식품,KOSPI,2019-11-01,2019-11-04,91000.0,EARLY_TREND,TRIGGER,PERMITTED_REGIME,NORMAL,79.3,READY,NORMAL_EARLY_TREND_HANDOFF,2019-11-01,2020-07-31,2020-07-31,True,True,2020-03-19,2020-03-20,72100.0,EXIT3_PROGRESSED_TO_TRANSITION,-3.74,53.85,-25.05,57.59,-0.0695,65.4,EXIT3_PROGRESSED_TO_TRANSITION,-3.74,53.85,-25.05,57.59,-0.0695,65.4,EXIT3_PROGRESSED_TO_TRANSITION,-3.74,53.85,-25.05,57.59,-0.0695,65.4,LOSS_GUARD_CLOSE_LE_NEG_15,-20.77,18.13,-25.05,38.9,-1.1456,19.0,LOSS_GUARD_CLOSE_LE_NEG_15,-20.77,18.13,-25.05,38.9,-1.1456,19.0,LOSS_GUARD_CLOSE_LE_NEG_15,-20.77,18.13,-25.05,38.9,-1.1456,19.0,-4.95,-1.21,11.54,28.02
003240,태광산업,KOSPI,2025-02-28,2025-03-04,717000.0,TRANSITION,TRIGGER,PERMITTED_REGIME,NORMAL,74.57,PARTIAL,PROGRESSED_WITHOUT_DIRECT_HANDOFF,2025-05-31,2025-09-30,2025-09-30,False,False,,,,NO_PROGRESSED_DIRECT_HANDOFF,29.71,127.89,-14.37,98.18,0.2323,71.2,NO_PROGRESSED_DIRECT_HANDOFF,29.71,127.89,-14.37,98.18,0.2323,71.2,NO_EXIT_BEFORE_CUTOFF,29.71,127.89,-14.37,98.18,0.2323,71.2,NO_PROGRESSED_DIRECT_HANDOFF,29.71,127.89,-14.37,98.18,0.2323,71.2,NO_PROGRESSED_DIRECT_HANDOFF,29.71,127.89,-14.37,98.18,0.2323,71.2,NO_EXIT_BEFORE_CUTOFF,29.71,127.89,-14.37,98.18,0.2323,71.2,-7.25,1.39,28.03,21.9
003300,한일홀딩스,KOSPI,2025-05-30,2025-06-02,16810.0,EARLY_TREND,TRIGGER,PERMITTED_REGIME,NORMAL,79.57,PARTIAL,NEVER_PROGRESSED,2025-05-30,,,False,False,,,,NO_PROGRESSED_DIRECT_HANDOFF,2.44,41.58,-9.28,39.14,0.0587,59.0,NO_PROGRESSED_DIRECT_HANDOFF,2.44,41.58,-9.28,39.14,0.0587,59.0,NO_PROGRESSED_BEFORE_CUTOFF,2.44,41.58,-9.28,39.14,0.0587,59.0,NO_PROGRESSED_DIRECT_HANDOFF,2.44,41.58,-9.28,39.14,0.0587,59.0,NO_PROGRESSED_DIRECT_HANDOFF,2.44,41.58,-9.28,39.14,0.0587,59.0,NO_PROGRESSED_BEFORE_CUTOFF,2.44,41.58,-9.28,39.14,0.0587,59.0,9.46,4.34,6.78,0.42
003470,유안타증권,KOSPI,2025-05-16,2025-05-19,3120.0,TRANSITION,TRIGGER,PERMITTED_REGIME,NORMAL,78.63,PARTIAL,PROGRESSED_WITHOUT_DIRECT_HANDOFF,2025-05-31,2026-02-28,2026-02-27,False,False,,,,NO_PROGRESSED_DIRECT_HANDOFF,52.4,169.23,-4.17,116.83,0.3096,61.0,NO_PROGRESSED_DIRECT_HANDOFF,52.4,169.23,-4.17,116.83,0.3096,61.0,EXIT4_SCORE_DRAWDOWN_GE_15,71.47,104.17,-4.17,32.7,0.6861,47.0,NO_PROGRESSED_DIRECT_HANDOFF,52.4,169.23,-4.17,116.83,0.3096,61.0,NO_PROGRESSED_DIRECT_HANDOFF,52.4,169.23,-4.17,116.83,0.3096,61.0,EXIT4_SCORE_DRAWDOWN_GE_15,71.47,104.17,-4.17,32.7,0.6861,47.0,13.46,43.91,14.58,19.23
003490,대한항공,KOSPI,2024-11-29,2024-12-02,26000.0,TRANSITION,TRIGGER,PERMITTED_REGIME,NORMAL,78.63,PARTIAL,NEVER_PROGRESSED,2026-02-28,,,False,True,2025-03-28,2025-03-31,21600.0,NO_PROGRESSED_DIRECT_HANDOFF,1.15,20.0,-23.12,18.85,0.0575,82.8,NO_PROGRESSED_DIRECT_HANDOFF,1.15,20.0,-23.12,18.85,0.0575,82.8,NO_PROGRESSED_BEFORE_CUTOFF,1.15,20.0,-23.12,18.85,0.0575,82.8,LOSS_GUARD_CLOSE_LE_NEG_15,-16.92,0.58,-16.92,17.5,-29.1724,15.6,LOSS_GUARD_CLOSE_LE_NEG_15,-16.92,0.58,-16.92,17.5,-29.1724,15.6,LOSS_GUARD_CLOSE_LE_NEG_15,-16.92,0.58,-16.92,17.5,-29.1724,15.6,-13.08,-9.23,-9.04,-17.88
003530,한화투자증권,KOSPI,2025-05-30,2025-06-02,4520.0,TRANSITION,TRIGGER,PERMITTED_REGIME,ELEVATED,68.31,PARTIAL,NORMAL_EARLY_TREND_HANDOFF,2025-05-31,2025-09-30,2025-09-30,True,False,,,,NO_EXIT_BEFORE_CUTOFF,5.75,127.88,-22.23,122.13,0.045,59.0,EXIT4_SCORE_DRAWDOWN_GE_15,76.55,127.88,-4.76,51.33,0.5986,36.4,EXIT4_SCORE_DRAWDOWN_GE_15,76.55,127.88,-4.76,51.33,0.5986,36.4,NO_EXIT_BEFORE_CUTOFF,5.75,127.88,-22.23,122.13,0.045,59.0,EXIT4_SCORE_DRAWDOWN_GE_15,76.55,127.88,-4.76,51.33,0.5986,36.4,EXIT4_SCORE_DRAWDOWN_GE_15,76.55,127.88,-4.76,51.33,0.5986,36.4,50.66,31.42,22.35,3.1
003540,대신증권,KOSPI,2025-07-04,2025-07-07,23850.0,EARLY_TREND,TRIGGER,PERMITTED_REGIME,NORMAL,78.49,READY,NORMAL_EARLY_TREND_HANDOFF,2025-07-04,2025-09-30,2025-09-30,True,False,,,,NO_EXIT_BEFORE_CUTOFF,14.05,115.51,-4.61,101.46,0.1216,54.4,EXIT4_SCORE_DRAWDOWN_GE_15,79.04,115.51,-1.68,36.47,0.6843,31.8,EXIT4_SCORE_DRAWDOWN_GE_15,79.04,115.51,-1.68,36.47,0.6843,31.8,NO_EXIT_BEFORE_CUTOFF,14.05,115.51,-4.61,101.46,0.1216,54.4,EXIT4_SCORE_DRAWDOWN_GE_15,79.04,115.51,-1.68,36.47,0.6843,31.8,EXIT4_SCORE_DRAWDOWN_GE_15,79.04,115.51,-1.68,36.47,0.6843,31.8,-0.84,14.68,12.58,13.63
003550,LG,KOSPI,2017-05-12,2017-05-15,67449.0,EARLY_TREND,TRIGGER,PERMITTED_REGIME,NORMAL,76.88,PARTIAL,NORMAL_EARLY_TREND_HANDOFF,2017-05-12,2018-03-31,2018-03-30,True,False,,,,NO_EXIT_BEFORE_CUTOFF,77.91,175.62,-37.54,97.71,0.4436,450.4,NO_EXIT_BEFORE_CUTOFF,77.91,175.62,-37.54,97.71,0.4436,450.4,NO_EXIT_BEFORE_CUTOFF,77.91,175.62,-37.54,97.71,0.4436,450.4,NO_EXIT_BEFORE_CUTOFF,77.91,175.62,-37.54,97.71,0.4436,450.4,NO_EXIT_BEFORE_CUTOFF,77.91,175.62,-37.54,97.71,0.4436,450.4,NO_EXIT_BEFORE_CUTOFF,77.91,175.62,-37.54,97.71,0.4436,450.4,14.71,1.68,6.58,25.49
003650,미창석유,KOSPI,2024-11-01,2024-11-04,94500.0,EARLY_TREND,TRIGGER,PERMITTED_REGIME,NORMAL,80.07,PARTIAL,NEVER_PROGRESSED,2024-11-01,,,False,False,,,,NO_PROGRESSED_DIRECT_HANDOFF,55.98,78.84,-8.78,22.86,0.71,86.8,NO_PROGRESSED_DIRECT_HANDOFF,55.98,78.84,-8.78,22.86,0.71,86.8,NO_PROGRESSED_BEFORE_CUTOFF,55.98,78.84,-8.78,22.86,0.71,86.8,NO_PROGRESSED_DIRECT_HANDOFF,55.98,78.84,-8.78,22.86,0.71,86.8,NO_PROGRESSED_DIRECT_HANDOFF,55.98,78.84,-8.78,22.86,0.71,86.8,NO_PROGRESSED_BEFORE_CUTOFF,55.98,78.84,-8.78,22.86,0.71,86.8,-4.87,-5.4,-5.4,7.41
003670,포스코퓨처엠,KOSPI,2026-05-08,2026-05-11,290000.0,TRANSITION,TRIGGER,PERMITTED_REGIME,ELEVATED,72.74,READY,NEVER_PROGRESSED,,,,False,True,2026-05-15,2026-05-18,232500.0,NO_PROGRESSED_DIRECT_HANDOFF,-41.21,0.0,-60.45,41.21,,13.4,NO_PROGRESSED_DIRECT_HANDOFF,-41.21,0.0,-60.45,41.21,,13.4,NO_PROGRESSED_BEFORE_CUTOFF,-41.21,0.0,-60.45,41.21,,13.4,LOSS_GUARD_CLOSE_LE_NEG_15,-19.83,0.0,-20.34,19.83,,1.2,LOSS_GUARD_CLOSE_LE_NEG_15,-19.83,0.0,-20.34,19.83,,1.2,LOSS_GUARD_CLOSE_LE_NEG_15,-19.83,0.0,-20.34,19.83,,1.2,-33.45,-45.45,-49.59,
003690,코리안리,KOSPI,2024-10-04,2024-10-07,7171.0,TRANSITION,TRIGGER,PERMITTED_REGIME,NORMAL,79.13,PARTIAL,NORMAL_EARLY_TREND_HANDOFF,2024-11-30,2025-08-31,2025-08-29,True,False,,,,NO_EXIT_BEFORE_CUTOFF,113.22,114.75,-0.95,1.53,0.9867,90.6,EXIT4_SCORE_DRAWDOWN_GE_15,47.96,63.02,-0.95,15.06,0.761,52.2,EXIT4_SCORE_DRAWDOWN_GE_15,47.96,63.02,-0.95,15.06,0.761,52.2,NO_EXIT_BEFORE_CUTOFF,113.22,114.75,-0.95,1.53,0.9867,90.6,EXIT4_SCORE_DRAWDOWN_GE_15,47.96,63.02,-0.95,15.06,0.761,52.2,EXIT4_SCORE_DRAWDOWN_GE_15,47.96,63.02,-0.95,15.06,0.761,52.2,11.13,13.37,11.98,8.91
003720,삼영,KOSPI,2024-09-13,2024-09-19,4900.0,TRANSITION,TRIGGER,PERMITTED_REGIME,NORMAL,73.82,PARTIAL,NORMAL_EARLY_TREND_HANDOFF,2024-09-30,2026-03-31,2026-03-31,True,True,2024-11-05,2024-11-06,4165.0,NO_EXIT_BEFORE_CUTOFF,47.35,185.31,-37.76,137.96,0.2555,92.6,EXIT4_SCORE_DRAWDOWN_GE_15,132.65,147.76,-37.76,15.11,0.8977,78.6,EXIT4_SCORE_DRAWDOWN_GE_15,132.65,147.76,-37.76,15.11,0.8977,78.6,LOSS_GUARD_CLOSE_LE_NEG_15,-15.0,15.51,-15.51,30.51,-0.9671,6.4,LOSS_GUARD_CLOSE_LE_NEG_15,-15.0,15.51,-15.51,30.51,-0.9671,6.4,LOSS_GUARD_CLOSE_LE_NEG_15,-15.0,15.51,-15.51,30.51,-0.9671,6.4,-1.94,-23.16,-23.27,-23.78
004000,롯데정밀화학,KOSPI,2026-04-17,2026-04-20,54700.0,TRANSITION,TRIGGER,PERMITTED_REGIME,NORMAL,75.49,READY,NEVER_PROGRESSED,2026-04-30,,,False,True,2026-06-08,2026-06-09,45300.0,NO_PROGRESSED_DIRECT_HANDOFF,-13.89,31.26,-24.41,45.15,-0.4443,16.0,NO_PROGRESSED_DIRECT_HANDOFF,-13.89,31.26,-24.41,45.15,-0.4443,16.0,NO_PROGRESSED_BEFORE_CUTOFF,-13.89,31.26,-24.41,45.15,-0.4443,16.0,LOSS_GUARD_CLOSE_LE_NEG_15,-17.18,31.26,-17.82,48.44,-0.5496,6.6,LOSS_GUARD_CLOSE_LE_NEG_15,-17.18,31.26,-17.82,48.44,-0.5496,6.6,LOSS_GUARD_CLOSE_LE_NEG_15,-17.18,31.26,-17.82,48.44,-0.5496,6.6,-0.55,-10.24,-16.54,
004020,현대제철,KOSPI,2025-07-04,2025-07-07,35250.0,TRANSITION,TRIGGER,PERMITTED_REGIME,NORMAL,77.99,READY,PROGRESSED_WITHOUT_DIRECT_HANDOFF,2026-02-28,2026-04-30,2026-04-30,False,True,2025-11-21,2025-11-24,30200.0,NO_PROGRESSED_DIRECT_HANDOFF,-15.18,42.98,-32.91,58.16,-0.3532,54.4,NO_PROGRESSED_DIRECT_HANDOFF,-15.18,42.98,-32.91,58.16,-0.3532,54.4,EXIT4_SCORE_DRAWDOWN_GE_15,-18.3,42.98,-27.38,61.28,-0.4258,48.2,LOSS_GUARD_CLOSE_LE_NEG_15,-14.33,9.08,-15.6,23.41,-1.5782,19.0,LOSS_GUARD_CLOSE_LE_NEG_15,-14.33,9.08,-15.6,23.41,-1.5782,19.0,LOSS_GUARD_CLOSE_LE_NEG_15,-14.33,9.08,-15.6,23.41,-1.5782,19.0,-2.98,-9.93,-1.13,-8.94
004090,한국석유,KOSPI,2026-02-06,2026-02-09,14500.0,TRANSITION,TRIGGER,PERMITTED_REGIME,ELEVATED,73.24,READY,NEVER_PROGRESSED,,,,False,True,2026-06-02,2026-06-04,12140.0,NO_PROGRESSED_DIRECT_HANDOFF,-24.62,131.55,-33.17,156.17,-0.1872,25.2,NO_PROGRESSED_DIRECT_HANDOFF,-24.62,131.55,-33.17,156.17,-0.1872,25.2,NO_PROGRESSED_BEFORE_CUTOFF,-24.62,131.55,-33.17,156.17,-0.1872,25.2,LOSS_GUARD_CLOSE_LE_NEG_15,-16.28,131.55,-16.55,147.83,-0.1238,15.2,LOSS_GUARD_CLOSE_LE_NEG_15,-16.28,131.55,-16.55,147.83,-0.1238,15.2,LOSS_GUARD_CLOSE_LE_NEG_15,-16.28,131.55,-16.55,147.83,-0.1238,15.2,39.31,8.07,1.52,
004150,한솔홀딩스,KOSPI,2025-06-13,2025-06-16,3155.0,TRANSITION,TRIGGER,PERMITTED_REGIME,NORMAL,77.99,READY,PROGRESSED_WITHOUT_DIRECT_HANDOFF,2025-07-31,2026-05-31,2026-05-29,False,False,,,,NO_PROGRESSED_DIRECT_HANDOFF,10.3,48.81,-16.16,38.51,0.211,57.4,NO_PROGRESSED_DIRECT_HANDOFF,10.3,48.81,-16.16,38.51,0.211,57.4,NO_EXIT_BEFORE_CUTOFF,10.3,48.81,-16.16,38.51,0.211,57.4,NO_PROGRESSED_DIRECT_HANDOFF,10.3,48.81,-16.16,38.51,0.211,57.4,NO_PROGRESSED_DIRECT_HANDOFF,10.3,48.81,-16.16,38.51,0.211,57.4,NO_EXIT_BEFORE_CUTOFF,10.3,48.81,-16.16,38.51,0.211,57.4,9.03,2.85,0.0,-0.16
004170,신세계,KOSPI,2017-05-12,2017-05-15,223000.0,TRANSITION,TRIGGER,PERMITTED_REGIME,NORMAL,78.63,PARTIAL,NORMAL_EARLY_TREND_HANDOFF,2017-05-31,2018-02-28,2018-02-28,True,True,2017-09-01,2017-09-04,184500.0,EXIT3_PROGRESSED_TO_TRANSITION,48.43,113.23,-20.18,64.8,0.4277,91.8,EXIT4_SCORE_DRAWDOWN_GE_15,87.22,94.17,-20.18,6.95,0.9262,47.6,EXIT4_SCORE_DRAWDOWN_GE_15,87.22,94.17,-20.18,6.95,0.9262,47.6,LOSS_GUARD_CLOSE_LE_NEG_15,-17.26,13.68,-17.26,30.94,-1.2617,15.8,LOSS_GUARD_CLOSE_LE_NEG_15,-17.26,13.68,-17.26,30.94,-1.2617,15.8,LOSS_GUARD_CLOSE_LE_NEG_15,-17.26,13.68,-17.26,30.94,-1.2617,15.8,9.42,4.71,2.24,21.75
004370,농심,KOSPI,2019-03-15,2019-03-18,302000.0,TRANSITION,TRIGGER,PERMITTED_REGIME,NORMAL,71.6,READY,PROGRESSED_WITHOUT_DIRECT_HANDOFF,2020-06-30,2023-09-30,2023-09-27,False,True,2019-05-17,2019-05-20,257000.0,NO_PROGRESSED_DIRECT_HANDOFF,44.87,98.34,-28.15,53.47,0.4563,364.4,NO_PROGRESSED_DIRECT_HANDOFF,44.87,98.34,-28.15,53.47,0.4563,364.4,EXIT4_SCORE_DRAWDOWN_GE_15,24.34,65.56,-28.15,41.22,0.3713,241.4,LOSS_GUARD_CLOSE_LE_NEG_15,-14.9,5.79,-17.05,20.69,-2.5734,8.8,LOSS_GUARD_CLOSE_LE_NEG_15,-14.9,5.79,-17.05,20.69,-2.5734,8.8,LOSS_GUARD_CLOSE_LE_NEG_15,-14.9,5.79,-17.05,20.69,-2.5734,8.8,-2.81,-9.27,-17.72,-16.23
004690,삼천리,KOSPI,2025-07-04,2025-07-07,147800.0,TRANSITION,TRIGGER,PERMITTED_REGIME,NORMAL,72.74,READY,SKIPPED_EARLY_TREND_HANDOFF,,2026-01-31,2026-01-30,False,True,2025-08-27,2025-08-28,126300.0,NO_PROGRESSED_DIRECT_HANDOFF,-15.63,19.62,-27.2,35.25,-0.7966,54.4,NO_PROGRESSED_DIRECT_HANDOFF,-15.63,19.62,-27.2,35.25,-0.7966,54.4,EXIT4_SCORE_DRAWDOWN_GE_15,-16.44,19.62,-21.04,36.06,-0.8379,44.0,LOSS_GUARD_CLOSE_LE_NEG_15,-14.55,19.62,-16.58,34.17,-0.7416,7.6,LOSS_GUARD_CLOSE_LE_NEG_15,-14.55,19.62,-16.58,34.17,-0.7416,7.6,LOSS_GUARD_CLOSE_LE_NEG_15,-14.55,19.62,-16.58,34.17,-0.7416,7.6,-10.76,-13.26,-16.1,-17.05
004710,한솔테크닉스,KOSPI,2025-07-04,2025-07-07,6088.0,TRANSITION,TRIGGER,PERMITTED_REGIME,NORMAL,80.99,READY,PROGRESSED_WITHOUT_DIRECT_HANDOFF,,2026-05-31,2026-05-29,False,True,2025-08-20,2025-08-21,5093.0,NO_PROGRESSED_DIRECT_HANDOFF,30.26,169.88,-30.54,139.62,0.1781,54.4,NO_PROGRESSED_DIRECT_HANDOFF,30.26,169.88,-30.54,139.62,0.1781,54.4,EXIT4_SCORE_DRAWDOWN_GE_15,84.95,169.88,-30.54,84.93,0.5001,48.2,LOSS_GUARD_CLOSE_LE_NEG_15,-16.34,5.67,-17.97,22.01,-2.8818,6.6,LOSS_GUARD_CLOSE_LE_NEG_15,-16.34,5.67,-17.97,22.01,-2.8818,6.6,LOSS_GUARD_CLOSE_LE_NEG_15,-16.34,5.67,-17.97,22.01,-2.8818,6.6,-8.41,-14.9,4.19,-11.78
004800,효성,KOSPI,2025-06-13,2025-06-16,63900.0,EARLY_TREND,TRIGGER,PERMITTED_REGIME,NORMAL,83.24,READY,NORMAL_EARLY_TREND_HANDOFF,2025-06-13,2025-09-30,2025-09-30,True,False,,,,NO_EXIT_BEFORE_CUTOFF,165.57,397.65,-0.31,232.08,0.4164,57.4,EXIT4_SCORE_DRAWDOWN_GE_15,109.55,109.55,-0.31,0.0,1.0,19.0,EXIT4_SCORE_DRAWDOWN_GE_15,109.55,109.55,-0.31,0.0,1.0,19.0,NO_EXIT_BEFORE_CUTOFF,165.57,397.65,-0.31,232.08,0.4164,57.4,EXIT4_SCORE_DRAWDOWN_GE_15,109.55,109.55,-0.31,0.0,1.0,19.0,EXIT4_SCORE_DRAWDOWN_GE_15,109.55,109.55,-0.31,0.0,1.0,19.0,18.94,37.72,32.24,88.73
004960,한신공영,KOSPI,2025-05-23,2025-05-26,8070.0,TRANSITION,TRIGGER,PERMITTED_REGIME,NORMAL,77.32,PARTIAL,NORMAL_EARLY_TREND_HANDOFF,2026-02-28,2026-03-31,2026-03-31,True,False,,,,NO_EXIT_BEFORE_CUTOFF,44.86,141.76,-9.79,96.9,0.3165,60.0,EXIT4_SCORE_DRAWDOWN_GE_15,42.26,141.76,-9.79,99.5,0.2981,49.6,EXIT4_SCORE_DRAWDOWN_GE_15,42.26,141.76,-9.79,99.5,0.2981,49.6,NO_EXIT_BEFORE_CUTOFF,44.86,141.76,-9.79,96.9,0.3165,60.0,EXIT4_SCORE_DRAWDOWN_GE_15,42.26,141.76,-9.79,99.5,0.2981,49.6,EXIT4_SCORE_DRAWDOWN_GE_15,42.26,141.76,-9.79,99.5,0.2981,49.6,6.2,3.84,-1.73,36.93
004990,롯데지주,KOSPI,2025-06-13,2025-06-16,29000.0,TRANSITION,TRIGGER,PERMITTED_REGIME,NORMAL,80.99,READY,NEVER_PROGRESSED,2026-02-28,,,False,True,2026-06-08,2026-06-09,24100.0,NO_PROGRESSED_DIRECT_HANDOFF,-16.21,36.55,-27.07,52.76,-0.4435,57.4,NO_PROGRESSED_DIRECT_HANDOFF,-16.21,36.55,-27.07,52.76,-0.4435,57.4,NO_PROGRESSED_BEFORE_CUTOFF,-16.21,36.55,-27.07,52.76,-0.4435,57.4,LOSS_GUARD_CLOSE_LE_NEG_15,-16.9,36.55,-18.1,53.45,-0.4624,48.0,LOSS_GUARD_CLOSE_LE_NEG_15,-16.9,36.55,-18.1,53.45,-0.4624,48.0,LOSS_GUARD_CLOSE_LE_NEG_15,-16.9,36.55,-18.1,53.45,-0.4624,48.0,17.59,-4.14,4.48,-3.79
005010,휴스틸,KOSPI,2025-03-07,2025-03-10,6360.0,TRANSITION,TRIGGER,PERMITTED_REGIME,ELEVATED,72.07,PARTIAL,NEVER_PROGRESSED,2026-04-30,,,False,True,2025-03-25,2025-03-26,5380.0,NO_PROGRESSED_DIRECT_HANDOFF,-36.56,14.78,-51.1,51.34,-2.4736,70.4,NO_PROGRESSED_DIRECT_HANDOFF,-36.56,14.78,-51.1,51.34,-2.4736,70.4,NO_PROGRESSED_BEFORE_CUTOFF,-36.56,14.78,-51.1,51.34,-2.4736,70.4,LOSS_GUARD_CLOSE_LE_NEG_15,-15.41,8.18,-16.98,23.59,-1.8839,2.6,LOSS_GUARD_CLOSE_LE_NEG_15,-15.41,8.18,-16.98,23.59,-1.8839,2.6,LOSS_GUARD_CLOSE_LE_NEG_15,-15.41,8.18,-16.98,23.59,-1.8839,2.6,-23.43,-24.45,-23.51,-33.18
005180,빙그레,KOSPI,2018-08-31,2018-09-03,70500.0,TRANSITION,TRIGGER,PERMITTED_REGIME,NORMAL,78.49,READY,NORMAL_EARLY_TREND_HANDOFF,2018-09-30,2024-05-31,2024-05-31,True,True,2019-08-06,2019-08-07,59800.0,EXIT3_PROGRESSED_TO_TRANSITION,0.57,67.94,-50.28,67.37,0.0084,343.6,EXIT4_SCORE_DRAWDOWN_GE_15,37.73,67.94,-50.28,30.21,0.5553,286.8,EXIT4_SCORE_DRAWDOWN_GE_15,37.73,67.94,-50.28,30.21,0.5553,286.8,LOSS_GUARD_CLOSE_LE_NEG_15,-15.18,13.76,-16.31,28.94,-1.1032,45.6,LOSS_GUARD_CLOSE_LE_NEG_15,-15.18,13.76,-16.31,28.94,-1.1032,45.6,LOSS_GUARD_CLOSE_LE_NEG_15,-15.18,13.76,-16.31,28.94,-1.1032,45.6,8.94,-1.42,4.54,0.43
005290,동진쎄미켐,KOSDAQ,2025-10-10,2025-10-13,45000.0,TRANSITION,TRIGGER,PERMITTED_REGIME,ELEVATED,72.74,READY,NORMAL_EARLY_TREND_HANDOFF,2025-10-31,2026-03-31,2026-03-31,True,True,2025-11-06,2025-11-07,36150.0,NO_EXIT_BEFORE_CUTOFF,-3.44,60.44,-30.0,63.88,-0.0569,41.6,EXIT4_SCORE_DRAWDOWN_GE_15,28.89,43.11,-30.0,14.22,0.6701,27.6,EXIT4_SCORE_DRAWDOWN_GE_15,28.89,43.11,-30.0,14.22,0.6701,27.6,LOSS_GUARD_CLOSE_LE_NEG_15,-19.67,4.44,-19.67,24.11,-4.4302,4.0,LOSS_GUARD_CLOSE_LE_NEG_15,-19.67,4.44,-19.67,24.11,-4.4302,4.0,LOSS_GUARD_CLOSE_LE_NEG_15,-19.67,4.44,-19.67,24.11,-4.4302,4.0,-20.44,-18.11,-8.78,21.56
005300,롯데칠성,KOSPI,2025-07-11,2025-07-14,128000.0,TRANSITION,TRIGGER,PERMITTED_REGIME,NORMAL,75.74,READY,NEVER_PROGRESSED,,,,False,True,2026-05-28,2026-05-29,109900.0,NO_PROGRESSED_DIRECT_HANDOFF,-20.55,20.94,-26.64,41.49,-0.9814,53.4,NO_PROGRESSED_DIRECT_HANDOFF,-20.55,20.94,-26.64,41.49,-0.9814,53.4,NO_PROGRESSED_BEFORE_CUTOFF,-20.55,20.94,-26.64,41.49,-0.9814,53.4,LOSS_GUARD_CLOSE_LE_NEG_15,-14.14,20.94,-16.48,35.08,-0.6753,42.8,LOSS_GUARD_CLOSE_LE_NEG_15,-14.14,20.94,-16.48,35.08,-0.6753,42.8,LOSS_GUARD_CLOSE_LE_NEG_15,-14.14,20.94,-16.48,35.08,-0.6753,42.8,1.48,-7.81,-11.64,2.73
005380,현대차,KOSPI,2017-05-26,2017-05-29,163000.0,TRANSITION,TRIGGER,PERMITTED_REGIME,NORMAL,74.82,PARTIAL,NORMAL_EARLY_TREND_HANDOFF,2020-08-31,2021-01-31,2021-01-29,True,True,2017-09-05,2017-09-06,138000.0,EXIT3_PROGRESSED_TO_TRANSITION,30.37,83.74,-60.12,53.37,0.3627,365.2,EXIT4_SCORE_DRAWDOWN_GE_15,45.71,83.74,-60.12,38.03,0.5459,361.2,EXIT4_SCORE_DRAWDOWN_GE_15,45.71,83.74,-60.12,38.03,0.5459,361.2,LOSS_GUARD_CLOSE_LE_NEG_15,-15.34,4.29,-15.95,19.63,-3.5758,14.2,LOSS_GUARD_CLOSE_LE_NEG_15,-15.34,4.29,-15.95,19.63,-3.5758,14.2,LOSS_GUARD_CLOSE_LE_NEG_15,-15.34,4.29,-15.95,19.63,-3.5758,14.2,0.61,-11.04,-9.82,-0.61
005430,한국공항,KOSPI,2025-07-11,2025-07-14,59800.0,TRANSITION,TRIGGER,PERMITTED_REGIME,NORMAL,75.54,READY,NEVER_PROGRESSED,2025-07-31,,,False,False,,,,NO_PROGRESSED_DIRECT_HANDOFF,44.15,60.37,-9.36,16.22,0.7313,53.4,NO_PROGRESSED_DIRECT_HANDOFF,44.15,60.37,-9.36,16.22,0.7313,53.4,NO_PROGRESSED_BEFORE_CUTOFF,44.15,60.37,-9.36,16.22,0.7313,53.4,NO_PROGRESSED_DIRECT_HANDOFF,44.15,60.37,-9.36,16.22,0.7313,53.4,NO_PROGRESSED_DIRECT_HANDOFF,44.15,60.37,-9.36,16.22,0.7313,53.4,NO_PROGRESSED_BEFORE_CUTOFF,44.15,60.37,-9.36,16.22,0.7313,53.4,7.53,18.39,6.35,11.2
005490,POSCO홀딩스,KOSPI,2017-05-12,2017-05-15,272500.0,TRANSITION,TRIGGER,PERMITTED_REGIME,ELEVATED,76.13,PARTIAL,NORMAL_EARLY_TREND_HANDOFF,2021-02-28,2017-06-30,2017-06-30,True,False,,,,EXIT3_PROGRESSED_TO_TRANSITION,4.59,51.74,-51.19,47.15,0.0887,244.4,EXIT4_SCORE_DRAWDOWN_GE_15,27.16,51.74,-51.19,24.58,0.5249,203.4,EXIT4_SCORE_DRAWDOWN_GE_15,27.16,51.74,-51.19,24.58,0.5249,203.4,EXIT3_PROGRESSED_TO_TRANSITION,4.59,51.74,-51.19,47.15,0.0887,244.4,EXIT4_SCORE_DRAWDOWN_GE_15,27.16,51.74,-51.19,24.58,0.5249,203.4,EXIT4_SCORE_DRAWDOWN_GE_15,27.16,51.74,-51.19,24.58,0.5249,203.4,2.02,10.09,25.5,14.68
005500,삼진제약,KOSPI,2025-07-11,2025-07-14,20400.0,TRANSITION,TRIGGER,PERMITTED_REGIME,NORMAL,74.55,READY,NEVER_PROGRESSED,,,,False,True,2026-03-04,2026-03-05,18000.0,NO_PROGRESSED_DIRECT_HANDOFF,-9.61,26.96,-18.73,36.57,-0.3565,53.4,NO_PROGRESSED_DIRECT_HANDOFF,-9.61,26.96,-18.73,36.57,-0.3565,53.4,NO_PROGRESSED_BEFORE_CUTOFF,-9.61,26.96,-18.73,36.57,-0.3565,53.4,LOSS_GUARD_CLOSE_LE_NEG_15,-11.76,4.41,-16.72,16.17,-2.6667,31.2,LOSS_GUARD_CLOSE_LE_NEG_15,-11.76,4.41,-16.72,16.17,-2.6667,31.2,LOSS_GUARD_CLOSE_LE_NEG_15,-11.76,4.41,-16.72,16.17,-2.6667,31.2,1.23,-7.01,-5.59,-6.13
005680,삼영전자,KOSPI,2025-05-02,2025-05-07,10670.0,TRANSITION,TRIGGER,PERMITTED_REGIME,NORMAL,75.13,PARTIAL,PROGRESSED_WITHOUT_DIRECT_HANDOFF,2025-06-30,2026-07-31,2026-07-31,False,False,,,,NO_PROGRESSED_DIRECT_HANDOFF,34.4,68.6,-5.62,34.2,0.5015,62.6,NO_PROGRESSED_DIRECT_HANDOFF,34.4,68.6,-5.62,34.2,0.5015,62.6,NO_EXIT_BEFORE_CUTOFF,34.4,68.6,-5.62,34.2,0.5015,62.6,NO_PROGRESSED_DIRECT_HANDOFF,34.4,68.6,-5.62,34.2,0.5015,62.6,NO_PROGRESSED_DIRECT_HANDOFF,34.4,68.6,-5.62,34.2,0.5015,62.6,NO_EXIT_BEFORE_CUTOFF,34.4,68.6,-5.62,34.2,0.5015,62.6,3.56,5.72,4.5,-3.47
005690,파미셀,KOSPI,2025-05-23,2025-05-26,12490.0,TRANSITION,TRIGGER,PERMITTED_REGIME,NORMAL,74.82,PARTIAL,SKIPPED_EARLY_TREND_HANDOFF,,2025-05-31,2025-05-30,False,False,,,,NO_PROGRESSED_DIRECT_HANDOFF,-4.64,69.34,-34.83,73.98,-0.0669,60.0,NO_PROGRESSED_DIRECT_HANDOFF,-4.64,69.34,-34.83,73.98,-0.0669,60.0,EXIT4_SCORE_DRAWDOWN_GE_15,1.12,13.69,-17.05,12.57,0.0818,9.6,NO_PROGRESSED_DIRECT_HANDOFF,-4.64,69.34,-34.83,73.98,-0.0669,60.0,NO_PROGRESSED_DIRECT_HANDOFF,-4.64,69.34,-34.83,73.98,-0.0669,60.0,EXIT4_SCORE_DRAWDOWN_GE_15,1.12,13.69,-17.05,12.57,0.0818,9.6,-13.77,2.96,-13.77,38.11
005830,DB손해보험,KOSPI,2017-07-14,2017-07-17,78600.0,TRANSITION,TRIGGER,PERMITTED_REGIME,NORMAL,80.88,PARTIAL,NORMAL_EARLY_TREND_HANDOFF,2017-07-31,2022-02-28,2022-02-28,True,True,2017-11-14,2017-11-15,66900.0,NO_EXIT_BEFORE_CUTOFF,124.94,172.26,-69.78,47.32,0.7253,445.2,EXIT4_SCORE_DRAWDOWN_GE_15,78.37,172.26,-69.78,93.89,0.455,434.8,EXIT4_SCORE_DRAWDOWN_GE_15,78.37,172.26,-69.78,93.89,0.455,434.8,LOSS_GUARD_CLOSE_LE_NEG_15,-14.89,7.51,-15.14,22.4,-1.9827,16.2,LOSS_GUARD_CLOSE_LE_NEG_15,-14.89,7.51,-15.14,22.4,-1.9827,16.2,LOSS_GUARD_CLOSE_LE_NEG_15,-14.89,7.51,-15.14,22.4,-1.9827,16.2,1.91,-8.91,-2.29,-10.05
005850,에스엘,KOSPI,2018-02-02,2018-02-05,21601.0,EARLY_TREND,TRIGGER,PERMITTED_REGIME,NORMAL,80.32,PARTIAL,NORMAL_EARLY_TREND_HANDOFF,2018-02-02,2026-03-31,2026-03-31,True,True,2018-03-05,2018-03-06,18014.0,NO_EXIT_BEFORE_CUTOFF,185.17,268.04,-66.46,82.87,0.6908,411.8,EXIT4_SCORE_DRAWDOWN_GE_15,240.72,268.04,-66.46,27.32,0.8981,401.4,EXIT4_SCORE_DRAWDOWN_GE_15,240.72,268.04,-66.46,27.32,0.8981,401.4,LOSS_GUARD_CLOSE_LE_NEG_15,-16.61,7.01,-17.53,23.62,-2.3695,3.8,LOSS_GUARD_CLOSE_LE_NEG_15,-16.61,7.01,-17.53,23.62,-2.3695,3.8,LOSS_GUARD_CLOSE_LE_NEG_15,-16.61,7.01,-17.53,23.62,-2.3695,3.8,-18.45,-23.24,-17.16,-24.72
005930,삼성전자,KOSPI,2019-11-01,2019-11-04,51700.0,TRANSITION,TRIGGER,PERMITTED_REGIME,NORMAL,82.3,READY,NORMAL_EARLY_TREND_HANDOFF,2020-01-31,2021-03-31,2021-03-31,True,True,2020-03-19,2020-03-20,44150.0,EXIT3_PROGRESSED_TO_TRANSITION,39.85,87.23,-18.18,47.38,0.4568,115.0,EXIT3_PROGRESSED_TO_TRANSITION,39.85,87.23,-18.18,47.38,0.4568,115.0,EXIT3_PROGRESSED_TO_TRANSITION,39.85,87.23,-18.18,47.38,0.4568,115.0,LOSS_GUARD_CLOSE_LE_NEG_15,-14.6,21.47,-18.18,36.07,-0.68,19.0,LOSS_GUARD_CLOSE_LE_NEG_15,-14.6,21.47,-18.18,36.07,-0.68,19.0,LOSS_GUARD_CLOSE_LE_NEG_15,-14.6,21.47,-18.18,36.07,-0.68,19.0,-2.71,7.93,9.09,-7.16
005940,NH투자증권,KOSPI,2017-05-12,2017-05-15,13900.0,TRANSITION,TRIGGER,PERMITTED_REGIME,NORMAL,77.32,PARTIAL,NORMAL_EARLY_TREND_HANDOFF,2017-06-30,2017-08-31,2017-08-31,True,False,,,,EXIT3_PROGRESSED_TO_EARLY_TREND,7.19,26.98,-8.63,19.79,0.2665,55.4,EXIT3_PROGRESSED_TO_EARLY_TREND,7.19,26.98,-8.63,19.79,0.2665,55.4,EXIT3_PROGRESSED_TO_EARLY_TREND,7.19,26.98,-8.63,19.79,0.2665,55.4,EXIT3_PROGRESSED_TO_EARLY_TREND,7.19,26.98,-8.63,19.79,0.2665,55.4,EXIT3_PROGRESSED_TO_EARLY_TREND,7.19,26.98,-8.63,19.79,0.2665,55.4,EXIT3_PROGRESSED_TO_EARLY_TREND,7.19,26.98,-8.63,19.79,0.2665,55.4,5.4,1.8,-2.16,4.68
005960,동부건설,KOSPI,2025-09-12,2025-09-15,6590.0,TRANSITION,TRIGGER,PERMITTED_REGIME,ELEVATED,65.24,READY,NORMAL_EARLY_TREND_HANDOFF,2026-02-28,2026-03-31,2026-03-31,True,True,2025-10-10,2025-10-13,5600.0,NO_EXIT_BEFORE_CUTOFF,25.64,61.0,-20.64,35.36,0.4203,44.6,EXIT4_SCORE_DRAWDOWN_GE_15,46.13,61.0,-20.64,14.87,0.7562,30.6,EXIT4_SCORE_DRAWDOWN_GE_15,46.13,61.0,-20.64,14.87,0.7562,30.6,LOSS_GUARD_CLOSE_LE_NEG_15,-15.02,1.97,-15.93,16.99,-7.6244,3.2,LOSS_GUARD_CLOSE_LE_NEG_15,-15.02,1.97,-15.93,16.99,-7.6244,3.2,LOSS_GUARD_CLOSE_LE_NEG_15,-15.02,1.97,-15.93,16.99,-7.6244,3.2,-14.72,-12.44,-9.86,18.36
006040,동원산업,KOSPI,2025-01-03,2025-01-06,36300.0,TRANSITION,TRIGGER,PERMITTED_REGIME,NORMAL,80.32,PARTIAL,PROGRESSED_WITHOUT_DIRECT_HANDOFF,2025-06-30,2025-09-30,2025-09-30,False,False,,,,NO_PROGRESSED_DIRECT_HANDOFF,3.44,52.62,-17.77,49.18,0.0654,78.4,NO_PROGRESSED_DIRECT_HANDOFF,3.44,52.62,-17.77,49.18,0.0654,78.4,EXIT4_SCORE_DRAWDOWN_GE_15,16.67,52.62,-10.33,35.95,0.3168,55.8,NO_PROGRESSED_DIRECT_HANDOFF,3.44,52.62,-17.77,49.18,0.0654,78.4,NO_PROGRESSED_DIRECT_HANDOFF,3.44,52.62,-17.77,49.18,0.0654,78.4,EXIT4_SCORE_DRAWDOWN_GE_15,16.67,52.62,-10.33,35.95,0.3168,55.8,-8.26,0.0,-2.07,32.37
006120,SK디스커버리,KOSPI,2025-04-25,2025-04-28,41200.0,TRANSITION,TRIGGER,PERMITTED_REGIME,NORMAL,75.13,PARTIAL,PROGRESSED_WITHOUT_DIRECT_HANDOFF,2025-04-30,2025-11-30,2025-11-28,False,False,,,,NO_PROGRESSED_DIRECT_HANDOFF,27.91,65.78,-0.61,37.87,0.4243,63.4,NO_PROGRESSED_DIRECT_HANDOFF,27.91,65.78,-0.61,37.87,0.4243,63.4,EXIT4_SCORE_DRAWDOWN_GE_15,46.84,65.78,-0.61,18.94,0.7121,40.8,NO_PROGRESSED_DIRECT_HANDOFF,27.91,65.78,-0.61,37.87,0.4243,63.4,NO_PROGRESSED_DIRECT_HANDOFF,27.91,65.78,-0.61,37.87,0.4243,63.4,EXIT4_SCORE_DRAWDOWN_GE_15,46.84,65.78,-0.61,18.94,0.7121,40.8,14.93,39.08,37.86,49.27
006260,LS,KOSPI,2018-05-18,2018-05-21,86500.0,TRANSITION,TRIGGER,PERMITTED_REGIME,NORMAL,77.99,READY,NORMAL_EARLY_TREND_HANDOFF,2018-05-31,2021-02-28,2021-02-26,True,True,2018-07-02,2018-07-03,71800.0,EXIT3_PROGRESSED_TO_TRANSITION,8.67,125.2,-72.2,116.53,0.0692,325.6,EXIT4_SCORE_DRAWDOWN_GE_15,-9.48,74.91,-72.2,84.39,-0.1266,268.6,EXIT4_SCORE_DRAWDOWN_GE_15,-9.48,74.91,-72.2,84.39,-0.1266,268.6,LOSS_GUARD_CLOSE_LE_NEG_15,-16.99,6.36,-17.92,23.35,-2.6714,5.8,LOSS_GUARD_CLOSE_LE_NEG_15,-16.99,6.36,-17.92,23.35,-2.6714,5.8,LOSS_GUARD_CLOSE_LE_NEG_15,-16.99,6.36,-17.92,23.35,-2.6714,5.8,-9.36,-16.88,-19.88,-37.8
006280,녹십자,KOSPI,2024-10-18,2024-10-21,176000.0,TRANSITION,TRIGGER,PERMITTED_REGIME,NORMAL,74.82,PARTIAL,SKIPPED_EARLY_TREND_HANDOFF,2025-12-31,2025-01-31,2025-01-31,False,True,2024-11-12,2024-11-13,146000.0,NO_PROGRESSED_DIRECT_HANDOFF,-26.59,4.43,-39.83,31.02,-6.0023,88.8,NO_PROGRESSED_DIRECT_HANDOFF,-26.59,4.43,-39.83,31.02,-6.0023,88.8,NO_EXIT_BEFORE_CUTOFF,-26.59,4.43,-39.83,31.02,-6.0023,88.8,LOSS_GUARD_CLOSE_LE_NEG_15,-17.05,3.3,-17.61,20.35,-5.1667,3.6,LOSS_GUARD_CLOSE_LE_NEG_15,-17.05,3.3,-17.61,20.35,-5.1667,3.6,LOSS_GUARD_CLOSE_LE_NEG_15,-17.05,3.3,-17.61,20.35,-5.1667,3.6,-21.25,-5.8,-10.97,-29.43
006340,대원전선,KOSPI,2025-10-31,2025-11-03,3825.0,TRANSITION,TRIGGER,PERMITTED_REGIME,NORMAL,77.99,READY,NORMAL_EARLY_TREND_HANDOFF,2025-11-30,2026-03-31,2026-03-31,True,False,,,,NO_EXIT_BEFORE_CUTOFF,284.58,430.72,-14.12,146.14,0.6607,38.6,EXIT4_SCORE_DRAWDOWN_GE_15,328.24,333.46,-14.12,5.22,0.9843,24.6,EXIT4_SCORE_DRAWDOWN_GE_15,328.24,333.46,-14.12,5.22,0.9843,24.6,NO_EXIT_BEFORE_CUTOFF,284.58,430.72,-14.12,146.14,0.6607,38.6,EXIT4_SCORE_DRAWDOWN_GE_15,328.24,333.46,-14.12,5.22,0.9843,24.6,EXIT4_SCORE_DRAWDOWN_GE_15,328.24,333.46,-14.12,5.22,0.9843,24.6,4.84,1.18,-0.52,307.58
006360,GS건설,KOSPI,2017-07-21,2017-07-24,34150.0,TRANSITION,TRIGGER,PERMITTED_REGIME,NORMAL,80.88,PARTIAL,NORMAL_EARLY_TREND_HANDOFF,2018-01-31,2018-08-31,2018-08-31,True,True,2017-08-21,2017-08-22,28950.0,EXIT3_PROGRESSED_TO_TRANSITION,-2.05,65.45,-25.48,67.5,-0.0313,99.0,EXIT4_SCORE_DRAWDOWN_GE_15,54.03,60.18,-25.48,6.15,0.8978,57.8,EXIT4_SCORE_DRAWDOWN_GE_15,54.03,60.18,-25.48,6.15,0.8978,57.8,LOSS_GUARD_CLOSE_LE_NEG_15,-15.23,1.9,-15.37,17.13,-8.0158,4.2,LOSS_GUARD_CLOSE_LE_NEG_15,-15.23,1.9,-15.37,17.13,-8.0158,4.2,LOSS_GUARD_CLOSE_LE_NEG_15,-15.23,1.9,-15.37,17.13,-8.0158,4.2,-15.37,-19.77,-19.18,-4.83
006650,대한유화,KOSPI,2025-09-05,2025-09-08,123300.0,TRANSITION,TRIGGER,PERMITTED_REGIME,NORMAL,75.74,READY,NORMAL_EARLY_TREND_HANDOFF,2026-02-28,2026-03-31,2026-03-31,True,False,,,,EXIT3_PROGRESSED_TO_BASE,-6.0,64.23,-14.76,70.23,-0.0934,39.4,EXIT4_SCORE_DRAWDOWN_GE_15,1.78,64.23,-14.76,62.45,0.0277,35.2,EXIT4_SCORE_DRAWDOWN_GE_15,1.78,64.23,-14.76,62.45,0.0277,35.2,EXIT3_PROGRESSED_TO_BASE,-6.0,64.23,-14.76,70.23,-0.0934,39.4,EXIT4_SCORE_DRAWDOWN_GE_15,1.78,64.23,-14.76,62.45,0.0277,35.2,EXIT4_SCORE_DRAWDOWN_GE_15,1.78,64.23,-14.76,62.45,0.0277,35.2,-12.57,2.19,16.71,9.57
006730,서부T&D,KOSDAQ,2025-06-13,2025-06-16,8240.0,TRANSITION,TRIGGER,PERMITTED_REGIME,NORMAL,80.99,READY,NORMAL_EARLY_TREND_HANDOFF,2025-06-30,2025-10-31,2025-10-31,True,False,,,,EXIT3_PROGRESSED_TO_TRANSITION,38.11,62.01,-4.98,23.9,0.6146,23.0,EXIT3_PROGRESSED_TO_TRANSITION,38.11,62.01,-4.98,23.9,0.6146,23.0,EXIT3_PROGRESSED_TO_TRANSITION,38.11,62.01,-4.98,23.9,0.6146,23.0,EXIT3_PROGRESSED_TO_TRANSITION,38.11,62.01,-4.98,23.9,0.6146,23.0,EXIT3_PROGRESSED_TO_TRANSITION,38.11,62.01,-4.98,23.9,0.6146,23.0,EXIT3_PROGRESSED_TO_TRANSITION,38.11,62.01,-4.98,23.9,0.6146,23.0,20.63,17.6,24.64,54.49
006800,미래에셋증권,KOSPI,2024-09-13,2024-09-19,8752.0,EARLY_TREND,TRIGGER,PERMITTED_REGIME,NORMAL,80.88,PARTIAL,NORMAL_EARLY_TREND_HANDOFF,2024-09-13,2025-06-30,2025-06-30,True,False,,,,NO_EXIT_BEFORE_CUTOFF,330.19,903.2,-9.91,573.01,0.3656,92.6,EXIT4_SCORE_DRAWDOWN_GE_15,112.51,188.39,-9.91,75.88,0.5972,42.2,EXIT4_SCORE_DRAWDOWN_GE_15,112.51,188.39,-9.91,75.88,0.5972,42.2,NO_EXIT_BEFORE_CUTOFF,330.19,903.2,-9.91,573.01,0.3656,92.6,EXIT4_SCORE_DRAWDOWN_GE_15,112.51,188.39,-9.91,75.88,0.5972,42.2,EXIT4_SCORE_DRAWDOWN_GE_15,112.51,188.39,-9.91,75.88,0.5972,42.2,1.25,-0.11,-2.29,6.25
006910,보성파워텍,KOSDAQ,2025-08-22,2025-08-25,4140.0,TRANSITION,TRIGGER,PERMITTED_REGIME,ELEVATED,72.74,READY,NORMAL_EARLY_TREND_HANDOFF,2025-09-30,2025-12-31,2025-12-30,True,False,,,,NO_EXIT_BEFORE_CUTOFF,91.06,339.61,-10.14,248.55,0.2681,47.6,EXIT4_SCORE_DRAWDOWN_GE_15,83.82,127.05,-10.14,43.23,0.6597,21.6,EXIT4_SCORE_DRAWDOWN_GE_15,83.82,127.05,-10.14,43.23,0.6597,21.6,NO_EXIT_BEFORE_CUTOFF,91.06,339.61,-10.14,248.55,0.2681,47.6,EXIT4_SCORE_DRAWDOWN_GE_15,83.82,127.05,-10.14,43.23,0.6597,21.6,EXIT4_SCORE_DRAWDOWN_GE_15,83.82,127.05,-10.14,43.23,0.6597,21.6,14.98,33.82,19.32,148.31
007070,GS리테일,KOSPI,2025-11-14,2025-11-17,21800.0,TRANSITION,TRIGGER,PERMITTED_REGIME,NORMAL,77.99,READY,NEVER_PROGRESSED,2026-01-31,,,False,True,2026-03-09,2026-03-10,18890.0,NO_PROGRESSED_DIRECT_HANDOFF,27.06,37.39,-18.35,10.33,0.7237,36.6,NO_PROGRESSED_DIRECT_HANDOFF,27.06,37.39,-18.35,10.33,0.7237,36.6,NO_PROGRESSED_BEFORE_CUTOFF,27.06,37.39,-18.35,10.33,0.7237,36.6,LOSS_GUARD_CLOSE_LE_NEG_15,-13.35,10.55,-18.35,23.9,-1.2654,15.0,LOSS_GUARD_CLOSE_LE_NEG_15,-13.35,10.55,-18.35,23.9,-1.2654,15.0,LOSS_GUARD_CLOSE_LE_NEG_15,-13.35,10.55,-18.35,23.9,-1.2654,15.0,0.69,-5.05,4.82,17.2
007160,사조산업,KOSPI,2024-08-09,2024-08-12,60500.0,TRANSITION,TRIGGER,PERMITTED_REGIME,ELEVATED,67.06,PARTIAL,NEVER_PROGRESSED,2024-08-31,,,False,True,2024-11-05,2024-11-06,50500.0,NO_PROGRESSED_DIRECT_HANDOFF,-18.18,30.58,-47.36,48.76,-0.5945,97.4,NO_PROGRESSED_DIRECT_HANDOFF,-18.18,30.58,-47.36,48.76,-0.5945,97.4,NO_PROGRESSED_BEFORE_CUTOFF,-18.18,30.58,-47.36,48.76,-0.5945,97.4,LOSS_GUARD_CLOSE_LE_NEG_15,-16.53,30.58,-20.83,47.11,-0.5405,11.2,LOSS_GUARD_CLOSE_LE_NEG_15,-16.53,30.58,-20.83,47.11,-0.5405,11.2,LOSS_GUARD_CLOSE_LE_NEG_15,-16.53,30.58,-20.83,47.11,-0.5405,11.2,4.13,2.64,-34.21,-40.33
007340,DN오토모티브,KOSPI,2024-08-16,2024-08-19,18607.0,EARLY_TREND,TRIGGER,PERMITTED_REGIME,NORMAL,70.56,PARTIAL,NORMAL_EARLY_TREND_HANDOFF,2024-08-16,2025-08-31,2025-08-29,True,False,,,,NO_EXIT_BEFORE_CUTOFF,216.55,229.45,-7.78,12.9,0.9438,95.2,EXIT4_SCORE_DRAWDOWN_GE_15,25.76,69.83,-7.78,44.07,0.3689,56.8,EXIT4_SCORE_DRAWDOWN_GE_15,25.76,69.83,-7.78,44.07,0.3689,56.8,NO_EXIT_BEFORE_CUTOFF,216.55,229.45,-7.78,12.9,0.9438,95.2,EXIT4_SCORE_DRAWDOWN_GE_15,25.76,69.83,-7.78,44.07,0.3689,56.8,EXIT4_SCORE_DRAWDOWN_GE_15,25.76,69.83,-7.78,44.07,0.3689,56.8,-0.54,-2.89,0.88,19.31
007660,이수페타시스,KOSPI,2025-06-13,2025-06-16,43500.0,TRANSITION,TRIGGER,PERMITTED_REGIME,NORMAL,72.04,READY,NORMAL_EARLY_TREND_HANDOFF,2025-06-30,2025-09-30,2025-09-30,True,False,,,,NO_EXIT_BEFORE_CUTOFF,119.77,277.93,-3.33,158.16,0.4309,57.4,EXIT4_SCORE_DRAWDOWN_GE_15,161.84,172.41,-3.33,10.57,0.9387,19.0,EXIT4_SCORE_DRAWDOWN_GE_15,161.84,172.41,-3.33,10.57,0.9387,19.0,NO_EXIT_BEFORE_CUTOFF,119.77,277.93,-3.33,158.16,0.4309,57.4,EXIT4_SCORE_DRAWDOWN_GE_15,161.84,172.41,-3.33,10.57,0.9387,19.0,EXIT4_SCORE_DRAWDOWN_GE_15,161.84,172.41,-3.33,10.57,0.9387,19.0,27.82,48.51,58.85,181.84
007690,국도화학,KOSPI,2025-07-18,2025-07-21,41000.0,TRANSITION,TRIGGER,PERMITTED_REGIME,NORMAL,72.74,READY,NEVER_PROGRESSED,,,,False,True,2025-10-10,2025-10-13,33600.0,NO_PROGRESSED_DIRECT_HANDOFF,-8.29,8.41,-29.15,16.7,-0.9857,52.4,NO_PROGRESSED_DIRECT_HANDOFF,-8.29,8.41,-29.15,16.7,-0.9857,52.4,NO_PROGRESSED_BEFORE_CUTOFF,-8.29,8.41,-29.15,16.7,-0.9857,52.4,LOSS_GUARD_CLOSE_LE_NEG_15,-18.05,3.05,-18.05,21.1,-5.918,11.0,LOSS_GUARD_CLOSE_LE_NEG_15,-18.05,3.05,-18.05,21.1,-5.918,11.0,LOSS_GUARD_CLOSE_LE_NEG_15,-18.05,3.05,-18.05,21.1,-5.918,11.0,-8.9,-6.83,-14.15,-9.63
007810,코리아써키트,KOSPI,2025-10-10,2025-10-13,18850.0,TRANSITION,TRIGGER,PERMITTED_REGIME,ELEVATED,75.74,READY,NORMAL_EARLY_TREND_HANDOFF,2025-10-31,2026-01-31,2026-01-30,True,False,,,,NO_EXIT_BEFORE_CUTOFF,234.75,686.74,-6.79,451.99,0.3418,41.6,NO_EXIT_BEFORE_CUTOFF,234.75,686.74,-6.79,451.99,0.3418,41.6,NO_EXIT_BEFORE_CUTOFF,234.75,686.74,-6.79,451.99,0.3418,41.6,NO_EXIT_BEFORE_CUTOFF,234.75,686.74,-6.79,451.99,0.3418,41.6,NO_EXIT_BEFORE_CUTOFF,234.75,686.74,-6.79,451.99,0.3418,41.6,NO_EXIT_BEFORE_CUTOFF,234.75,686.74,-6.79,451.99,0.3418,41.6,12.47,106.9,158.62,375.33
008060,대덕,KOSPI,2024-12-06,2024-12-09,6480.0,TRANSITION,TRIGGER,PERMITTED_REGIME,NORMAL,77.62,PARTIAL,NORMAL_EARLY_TREND_HANDOFF,2025-04-30,2026-01-31,2026-01-30,True,False,,,,NO_EXIT_BEFORE_CUTOFF,162.35,275.77,-0.62,113.42,0.5887,81.8,EXIT4_SCORE_DRAWDOWN_GE_15,83.64,107.56,-0.62,23.92,0.7776,59.2,EXIT4_SCORE_DRAWDOWN_GE_15,83.64,107.56,-0.62,23.92,0.7776,59.2,NO_EXIT_BEFORE_CUTOFF,162.35,275.77,-0.62,113.42,0.5887,81.8,EXIT4_SCORE_DRAWDOWN_GE_15,83.64,107.56,-0.62,23.92,0.7776,59.2,EXIT4_SCORE_DRAWDOWN_GE_15,83.64,107.56,-0.62,23.92,0.7776,59.2,4.78,6.79,9.26,23.15
008730,율촌화학,KOSPI,2025-02-14,2025-02-17,34200.0,TRANSITION,TRIGGER,PERMITTED_REGIME,ELEVATED,72.5,PARTIAL,NEVER_PROGRESSED,,,,False,True,2025-02-25,2025-02-26,28850.0,NO_PROGRESSED_DIRECT_HANDOFF,-55.88,14.62,-67.4,70.5,-3.8222,73.2,NO_PROGRESSED_DIRECT_HANDOFF,-55.88,14.62,-67.4,70.5,-3.8222,73.2,NO_PROGRESSED_BEFORE_CUTOFF,-55.88,14.62,-67.4,70.5,-3.8222,73.2,LOSS_GUARD_CLOSE_LE_NEG_15,-15.64,8.77,-17.69,24.41,-1.7834,1.6,LOSS_GUARD_CLOSE_LE_NEG_15,-15.64,8.77,-17.69,24.41,-1.7834,1.6,LOSS_GUARD_CLOSE_LE_NEG_15,-15.64,8.77,-17.69,24.41,-1.7834,1.6,-17.69,-22.81,-21.93,-7.02
008770,호텔신라,KOSPI,2026-04-24,2026-04-27,65000.0,TRANSITION,TRIGGER,PERMITTED_REGIME,NORMAL,77.99,READY,NEVER_PROGRESSED,,,,False,True,2026-05-27,2026-05-28,54700.0,NO_PROGRESSED_DIRECT_HANDOFF,-30.15,8.15,-38.38,38.3,-3.6994,15.0,NO_PROGRESSED_DIRECT_HANDOFF,-30.15,8.15,-38.38,38.3,-3.6994,15.0,NO_PROGRESSED_BEFORE_CUTOFF,-30.15,8.15,-38.38,38.3,-3.6994,15.0,LOSS_GUARD_CLOSE_LE_NEG_15,-15.85,8.15,-16.92,24.0,-1.9448,4.2,LOSS_GUARD_CLOSE_LE_NEG_15,-15.85,8.15,-16.92,24.0,-1.9448,4.2,LOSS_GUARD_CLOSE_LE_NEG_15,-15.85,8.15,-16.92,24.0,-1.9448,4.2,-15.85,-25.54,-27.54,
008930,한미사이언스,KOSPI,2025-06-20,2025-06-23,42650.0,TRANSITION,TRIGGER,PERMITTED_REGIME,NORMAL,77.99,READY,NEVER_PROGRESSED,2025-07-31,,,False,True,2025-12-30,2026-01-02,36200.0,NO_PROGRESSED_DIRECT_HANDOFF,3.87,30.13,-39.98,26.26,0.1284,56.4,NO_PROGRESSED_DIRECT_HANDOFF,3.87,30.13,-39.98,26.26,0.1284,56.4,NO_PROGRESSED_BEFORE_CUTOFF,3.87,30.13,-39.98,26.26,0.1284,56.4,LOSS_GUARD_CLOSE_LE_NEG_15,-15.12,23.8,-15.83,38.92,-0.6353,26.2,LOSS_GUARD_CLOSE_LE_NEG_15,-15.12,23.8,-15.83,38.92,-0.6353,26.2,LOSS_GUARD_CLOSE_LE_NEG_15,-15.12,23.8,-15.83,38.92,-0.6353,26.2,16.88,0.47,-7.74,-15.01
009070,KCTC,KOSPI,2025-07-04,2025-07-07,6000.0,TRANSITION,TRIGGER,PERMITTED_REGIME,ELEVATED,76.67,READY,NORMAL_EARLY_TREND_HANDOFF,2025-12-31,2026-03-31,2026-03-31,True,True,2025-11-17,2025-11-18,5030.0,EXIT3_PROGRESSED_TO_WEAK,-31.42,39.83,-38.42,71.25,-0.7889,48.2,EXIT4_SCORE_DRAWDOWN_GE_15,-17.5,39.83,-18.33,57.33,-0.4394,44.0,EXIT4_SCORE_DRAWDOWN_GE_15,-17.5,39.83,-18.33,57.33,-0.4394,44.0,LOSS_GUARD_CLOSE_LE_NEG_15,-16.17,32.33,-18.0,48.5,-0.5002,18.2,LOSS_GUARD_CLOSE_LE_NEG_15,-16.17,32.33,-18.0,48.5,-0.5002,18.2,LOSS_GUARD_CLOSE_LE_NEG_15,-16.17,32.33,-18.0,48.5,-0.5002,18.2,-10.0,-8.67,-7.83,6.5
009150,삼성전기,KOSPI,2019-12-13,2019-12-16,122500.0,TRANSITION,TRIGGER,PERMITTED_REGIME,NORMAL,79.3,READY,NORMAL_EARLY_TREND_HANDOFF,2019-12-31,2021-01-31,2021-01-29,True,True,2020-03-16,2020-03-17,98700.0,EXIT3_PROGRESSED_TO_EARLY_TREND,47.76,82.04,-33.31,34.28,0.5822,105.4,EXIT4_SCORE_DRAWDOWN_GE_15,44.9,82.04,-33.31,37.14,0.5473,68.2,EXIT4_SCORE_DRAWDOWN_GE_15,44.9,82.04,-33.31,37.14,0.5473,68.2,LOSS_GUARD_CLOSE_LE_NEG_15,-19.43,21.22,-19.43,40.65,-0.9156,12.4,LOSS_GUARD_CLOSE_LE_NEG_15,-19.43,21.22,-19.43,40.65,-0.9156,12.4,LOSS_GUARD_CLOSE_LE_NEG_15,-19.43,21.22,-19.43,40.65,-0.9156,12.4,8.98,16.33,-9.39,7.76
009160,SIMPAC,KOSPI,2025-06-13,2025-06-16,4985.0,TRANSITION,TRIGGER,PERMITTED_REGIME,NORMAL,74.05,READY,NEVER_PROGRESSED,2026-04-30,,,False,True,2025-08-28,2025-08-29,4245.0,NO_PROGRESSED_DIRECT_HANDOFF,0.3,38.42,-25.28,38.12,0.0078,57.4,NO_PROGRESSED_DIRECT_HANDOFF,0.3,38.42,-25.28,38.12,0.0078,57.4,NO_PROGRESSED_BEFORE_CUTOFF,0.3,38.42,-25.28,38.12,0.0078,57.4,LOSS_GUARD_CLOSE_LE_NEG_15,-14.84,5.12,-15.55,19.96,-2.8984,10.8,LOSS_GUARD_CLOSE_LE_NEG_15,-14.84,5.12,-15.55,19.96,-2.8984,10.8,LOSS_GUARD_CLOSE_LE_NEG_15,-14.84,5.12,-15.55,19.96,-2.8984,10.8,4.31,2.51,-10.13,13.54
009270,신원,KOSPI,2025-01-03,2025-01-06,1514.0,TRANSITION,TRIGGER,PERMITTED_REGIME,ELEVATED,76.5,PARTIAL,NEVER_PROGRESSED,2025-05-31,,,False,True,2025-03-24,2025-03-25,1271.0,NO_PROGRESSED_DIRECT_HANDOFF,-29.33,43.33,-40.69,72.66,-0.6769,78.4,NO_PROGRESSED_DIRECT_HANDOFF,-29.33,43.33,-40.69,72.66,-0.6769,78.4,NO_PROGRESSED_BEFORE_CUTOFF,-29.33,43.33,-40.69,72.66,-0.6769,78.4,LOSS_GUARD_CLOSE_LE_NEG_15,-16.05,5.22,-16.25,21.27,-3.0747,10.4,LOSS_GUARD_CLOSE_LE_NEG_15,-16.05,5.22,-16.25,21.27,-3.0747,10.4,LOSS_GUARD_CLOSE_LE_NEG_15,-16.05,5.22,-16.25,21.27,-3.0747,10.4,-7.6,-10.96,-5.55,15.59
009450,경동나비엔,KOSPI,2024-08-16,2024-08-19,72100.0,EARLY_TREND,TRIGGER,PERMITTED_REGIME,NORMAL,77.32,PARTIAL,NORMAL_EARLY_TREND_HANDOFF,2024-08-16,2024-09-30,2024-09-30,True,False,,,,EXIT3_PROGRESSED_TO_TRANSITION,-16.5,49.38,-24.41,65.88,-0.3341,62.2,EXIT4_SCORE_DRAWDOWN_GE_15,18.03,30.51,-14.84,12.48,0.591,9.8,EXIT4_SCORE_DRAWDOWN_GE_15,18.03,30.51,-14.84,12.48,0.591,9.8,EXIT3_PROGRESSED_TO_TRANSITION,-16.5,49.38,-24.41,65.88,-0.3341,62.2,EXIT4_SCORE_DRAWDOWN_GE_15,18.03,30.51,-14.84,12.48,0.591,9.8,EXIT4_SCORE_DRAWDOWN_GE_15,18.03,30.51,-14.84,12.48,0.591,9.8,-3.61,23.16,17.61,13.87
009470,삼화전기,KOSPI,2025-10-10,2025-10-13,39400.0,TRANSITION,TRIGGER,PERMITTED_REGIME,ELEVATED,68.54,READY,SKIPPED_EARLY_TREND_HANDOFF,,2025-12-31,2025-12-30,False,True,2025-11-07,2025-11-10,32900.0,NO_PROGRESSED_DIRECT_HANDOFF,-35.66,51.02,-54.82,86.68,-0.6989,41.6,NO_PROGRESSED_DIRECT_HANDOFF,-35.66,51.02,-54.82,86.68,-0.6989,41.6,NO_EXIT_BEFORE_CUTOFF,-35.66,51.02,-54.82,86.68,-0.6989,41.6,LOSS_GUARD_CLOSE_LE_NEG_15,-16.5,4.06,-18.02,20.56,-4.064,4.2,LOSS_GUARD_CLOSE_LE_NEG_15,-16.5,4.06,-18.02,20.56,-4.064,4.2,LOSS_GUARD_CLOSE_LE_NEG_15,-16.5,4.06,-18.02,20.56,-4.064,4.2,-16.5,-23.73,-18.91,7.36
009830,한화솔루션,KOSPI,2017-05-19,2017-05-22,33021.0,TRANSITION,TRIGGER,PERMITTED_REGIME,NORMAL,77.12,PARTIAL,NORMAL_EARLY_TREND_HANDOFF,2017-06-30,2020-10-31,2020-10-30,True,True,2018-06-14,2018-06-15,28173.0,EXIT3_PROGRESSED_TO_TRANSITION,23.12,109.33,-67.64,86.21,0.2115,235.0,EXIT4_SCORE_DRAWDOWN_GE_15,60.28,86.53,-67.64,26.25,0.6966,173.6,EXIT4_SCORE_DRAWDOWN_GE_15,60.28,86.53,-67.64,26.25,0.6966,173.6,LOSS_GUARD_CLOSE_LE_NEG_15,-14.68,33.33,-15.37,48.01,-0.4404,52.2,LOSS_GUARD_CLOSE_LE_NEG_15,-14.68,33.33,-15.37,48.01,-0.4404,52.2,LOSS_GUARD_CLOSE_LE_NEG_15,-14.68,33.33,-15.37,48.01,-0.4404,52.2,0.17,10.71,22.62,2.76
009970,영원무역홀딩스,KOSPI,2025-03-14,2025-03-17,93000.0,TRANSITION,TRIGGER,PERMITTED_REGIME,NORMAL,73.56,PARTIAL,NORMAL_EARLY_TREND_HANDOFF,2025-03-31,2025-08-31,2025-08-29,True,False,,,,NO_EXIT_BEFORE_CUTOFF,103.66,181.72,-11.08,78.06,0.5704,69.4,EXIT4_SCORE_DRAWDOWN_GE_15,51.29,62.9,-11.08,11.61,0.8154,31.0,EXIT4_SCORE_DRAWDOWN_GE_15,51.29,62.9,-11.08,11.61,0.8154,31.0,NO_EXIT_BEFORE_CUTOFF,103.66,181.72,-11.08,78.06,0.5704,69.4,EXIT4_SCORE_DRAWDOWN_GE_15,51.29,62.9,-11.08,11.61,0.8154,31.0,EXIT4_SCORE_DRAWDOWN_GE_15,51.29,62.9,-11.08,11.61,0.8154,31.0,-3.01,15.81,41.61,51.08
010130,고려아연,KOSPI,2017-09-01,2017-09-04,508000.0,TRANSITION,TRIGGER,PERMITTED_REGIME,NORMAL,80.88,PARTIAL,NORMAL_EARLY_TREND_HANDOFF,2017-09-30,2022-03-31,2022-03-31,True,True,2018-04-18,2018-04-19,432000.0,EXIT3_PROGRESSED_TO_WEAK,58.86,373.82,-45.57,314.96,0.1575,363.4,EXIT3_PROGRESSED_TO_WEAK,58.86,373.82,-45.57,314.96,0.1575,363.4,EXIT3_PROGRESSED_TO_WEAK,58.86,373.82,-45.57,314.96,0.1575,363.4,LOSS_GUARD_CLOSE_LE_NEG_15,-14.96,8.07,-15.35,23.03,-1.8538,30.4,LOSS_GUARD_CLOSE_LE_NEG_15,-14.96,8.07,-15.35,23.03,-1.8538,30.4,LOSS_GUARD_CLOSE_LE_NEG_15,-14.96,8.07,-15.35,23.03,-1.8538,30.4,-2.46,1.77,-5.71,-5.91
010820,퍼스텍,KOSPI,2025-07-18,2025-07-21,4740.0,TRANSITION,TRIGGER,PERMITTED_REGIME,NORMAL,77.99,READY,PROGRESSED_WITHOUT_DIRECT_HANDOFF,2025-09-30,2025-12-31,2025-12-30,False,True,2025-08-20,2025-08-21,4000.0,NO_PROGRESSED_DIRECT_HANDOFF,39.03,295.15,-21.94,256.12,0.1322,52.4,NO_PROGRESSED_DIRECT_HANDOFF,39.03,295.15,-21.94,256.12,0.1322,52.4,NO_EXIT_BEFORE_CUTOFF,39.03,295.15,-21.94,256.12,0.1322,52.4,LOSS_GUARD_CLOSE_LE_NEG_15,-15.61,6.33,-17.93,21.94,-2.466,4.6,LOSS_GUARD_CLOSE_LE_NEG_15,-15.61,6.33,-17.93,21.94,-2.466,4.6,LOSS_GUARD_CLOSE_LE_NEG_15,-15.61,6.33,-17.93,21.94,-2.466,4.6,-12.76,4.11,-2.95,-5.06
010950,S-Oil,KOSPI,2017-07-07,2017-07-10,97300.0,TRANSITION,TRIGGER,PERMITTED_REGIME,NORMAL,79.13,PARTIAL,NORMAL_EARLY_TREND_HANDOFF,2017-08-31,2018-01-31,2018-01-31,True,False,,,,EXIT3_PROGRESSED_TO_EARLY_TREND,22.3,37.72,-1.03,15.42,0.5912,56.4,EXIT3_PROGRESSED_TO_EARLY_TREND,22.3,37.72,-1.03,15.42,0.5912,56.4,EXIT3_PROGRESSED_TO_EARLY_TREND,22.3,37.72,-1.03,15.42,0.5912,56.4,EXIT3_PROGRESSED_TO_EARLY_TREND,22.3,37.72,-1.03,15.42,0.5912,56.4,EXIT3_PROGRESSED_TO_EARLY_TREND,22.3,37.72,-1.03,15.42,0.5912,56.4,EXIT3_PROGRESSED_TO_EARLY_TREND,22.3,37.72,-1.03,15.42,0.5912,56.4,21.27,27.95,32.58,16.14
011070,LG이노텍,KOSPI,2017-05-12,2017-05-15,133000.0,EARLY_TREND,TRIGGER,PERMITTED_REGIME,NORMAL,77.82,PARTIAL,NORMAL_EARLY_TREND_HANDOFF,2017-05-12,2017-06-30,2017-06-30,True,False,,,,EXIT3_PROGRESSED_TO_TRANSITION,8.65,41.35,-13.16,32.7,0.2092,64.2,EXIT4_SCORE_DRAWDOWN_GE_15,39.1,41.35,-4.51,2.25,0.9456,15.6,EXIT4_SCORE_DRAWDOWN_GE_15,39.1,41.35,-4.51,2.25,0.9456,15.6,EXIT3_PROGRESSED_TO_TRANSITION,8.65,41.35,-13.16,32.7,0.2092,64.2,EXIT4_SCORE_DRAWDOWN_GE_15,39.1,41.35,-4.51,2.25,0.9456,15.6,EXIT4_SCORE_DRAWDOWN_GE_15,39.1,41.35,-4.51,2.25,0.9456,15.6,10.53,18.05,20.68,33.08
011170,롯데케미칼,KOSPI,2018-04-06,2018-04-09,416245.0,EARLY_TREND,TRIGGER,PERMITTED_REGIME,NORMAL,79.8,READY,PROGRESSED_WITHOUT_DIRECT_HANDOFF,2018-04-06,2021-05-31,2021-05-31,False,True,2018-05-24,2018-05-25,353856.0,NO_PROGRESSED_DIRECT_HANDOFF,-86.26,0.92,-87.56,87.18,-93.7609,409.8,NO_PROGRESSED_DIRECT_HANDOFF,-86.26,0.92,-87.56,87.18,-93.7609,409.8,NO_EXIT_BEFORE_CUTOFF,-86.26,0.92,-87.56,87.18,-93.7609,409.8,LOSS_GUARD_CLOSE_LE_NEG_15,-14.99,0.92,-16.36,15.91,-16.2935,6.4,LOSS_GUARD_CLOSE_LE_NEG_15,-14.99,0.92,-16.36,15.91,-16.2935,6.4,LOSS_GUARD_CLOSE_LE_NEG_15,-14.99,0.92,-16.36,15.91,-16.2935,6.4,-11.67,-14.87,-24.49,-40.05
011200,HMM,KOSPI,2025-06-13,2025-06-16,25000.0,TRANSITION,TRIGGER,PERMITTED_REGIME,NORMAL,77.99,READY,NEVER_PROGRESSED,2025-06-30,,,False,True,2025-09-23,2025-09-24,21550.0,NO_PROGRESSED_DIRECT_HANDOFF,-15.0,5.0,-28.36,20.0,-3.0,57.4,NO_PROGRESSED_DIRECT_HANDOFF,-15.0,5.0,-28.36,20.0,-3.0,57.4,NO_PROGRESSED_BEFORE_CUTOFF,-15.0,5.0,-28.36,20.0,-3.0,57.4,LOSS_GUARD_CLOSE_LE_NEG_15,-13.8,5.0,-15.6,18.8,-2.76,14.4,LOSS_GUARD_CLOSE_LE_NEG_15,-13.8,5.0,-15.6,18.8,-2.76,14.4,LOSS_GUARD_CLOSE_LE_NEG_15,-13.8,5.0,-15.6,18.8,-2.76,14.4,1.8,-8.0,-7.8,-17.8
011210,현대위아,KOSPI,2020-12-04,2020-12-07,51000.0,TRANSITION,TRIGGER,PERMITTED_REGIME,NORMAL,79.3,READY,NORMAL_EARLY_TREND_HANDOFF,2020-12-31,2021-03-31,2021-03-31,True,False,,,,EXIT3_PROGRESSED_TO_TRANSITION,11.18,125.49,-9.22,114.31,0.0891,77.4,EXIT4_SCORE_DRAWDOWN_GE_15,65.69,112.75,-9.22,47.06,0.5826,23.8,EXIT4_SCORE_DRAWDOWN_GE_15,65.69,112.75,-9.22,47.06,0.5826,23.8,EXIT3_PROGRESSED_TO_TRANSITION,11.18,125.49,-9.22,114.31,0.0891,77.4,EXIT4_SCORE_DRAWDOWN_GE_15,65.69,112.75,-9.22,47.06,0.5826,23.8,EXIT4_SCORE_DRAWDOWN_GE_15,65.69,112.75,-9.22,47.06,0.5826,23.8,34.9,87.45,57.25,80.59
011560,세보엠이씨,KOSDAQ,2025-06-20,2025-06-23,12500.0,TRANSITION,TRIGGER,PERMITTED_REGIME,NORMAL,76.85,READY,NORMAL_EARLY_TREND_HANDOFF,2025-06-30,2026-04-30,2026-04-30,True,False,,,,NO_EXIT_BEFORE_CUTOFF,91.6,134.4,-7.2,42.8,0.6815,56.4,EXIT4_SCORE_DRAWDOWN_GE_15,80.8,114.8,-7.2,34.0,0.7038,46.0,EXIT4_SCORE_DRAWDOWN_GE_15,80.8,114.8,-7.2,34.0,0.7038,46.0,NO_EXIT_BEFORE_CUTOFF,91.6,134.4,-7.2,42.8,0.6815,56.4,EXIT4_SCORE_DRAWDOWN_GE_15,80.8,114.8,-7.2,34.0,0.7038,46.0,EXIT4_SCORE_DRAWDOWN_GE_15,80.8,114.8,-7.2,34.0,0.7038,46.0,2.72,-3.92,1.92,10.88
011760,현대코퍼레이션,KOSPI,2025-02-21,2025-02-24,22850.0,TRANSITION,TRIGGER,PERMITTED_REGIME,NORMAL,77.32,PARTIAL,NEVER_PROGRESSED,2025-02-28,,,False,True,2025-04-09,2025-04-10,19960.0,NO_PROGRESSED_DIRECT_HANDOFF,20.35,43.76,-17.42,23.41,0.465,72.2,NO_PROGRESSED_DIRECT_HANDOFF,20.35,43.76,-17.42,23.41,0.465,72.2,NO_PROGRESSED_BEFORE_CUTOFF,20.35,43.76,-17.42,23.41,0.465,72.2,LOSS_GUARD_CLOSE_LE_NEG_15,-12.65,14.66,-17.42,27.31,-0.8629,6.6,LOSS_GUARD_CLOSE_LE_NEG_15,-12.65,14.66,-17.42,27.31,-0.8629,6.6,LOSS_GUARD_CLOSE_LE_NEG_15,-12.65,14.66,-17.42,27.31,-0.8629,6.6,5.47,-8.1,7.0,-3.72
011780,금호석유화학,KOSPI,2024-09-27,2024-09-30,159600.0,TRANSITION,TRIGGER,PERMITTED_REGIME,ELEVATED,69.57,PARTIAL,NEVER_PROGRESSED,2026-02-28,,,False,True,2024-10-22,2024-10-23,134700.0,NO_PROGRESSED_DIRECT_HANDOFF,-18.17,1.69,-45.3,19.86,-10.7515,91.2,NO_PROGRESSED_DIRECT_HANDOFF,-18.17,1.69,-45.3,19.86,-10.7515,91.2,NO_PROGRESSED_BEFORE_CUTOFF,-18.17,1.69,-45.3,19.86,-10.7515,91.2,LOSS_GUARD_CLOSE_LE_NEG_15,-15.6,1.69,-16.92,17.29,-9.2308,3.0,LOSS_GUARD_CLOSE_LE_NEG_15,-15.6,1.69,-16.92,17.29,-9.2308,3.0,LOSS_GUARD_CLOSE_LE_NEG_15,-15.6,1.69,-16.92,17.29,-9.2308,3.0,-10.78,-34.4,-43.11,-30.33
011790,SKC,KOSPI,2025-01-24,2025-01-31,141554.0,TRANSITION,TRIGGER,PERMITTED_REGIME,ELEVATED,70.0,PARTIAL,SKIPPED_EARLY_TREND_HANDOFF,2026-05-31,2025-01-31,2025-01-31,False,False,,,,NO_PROGRESSED_DIRECT_HANDOFF,-36.56,30.27,-56.84,66.83,-1.2078,75.4,NO_PROGRESSED_DIRECT_HANDOFF,-36.56,30.27,-56.84,66.83,-1.2078,75.4,EXIT4_SCORE_DRAWDOWN_GE_15,-32.87,9.3,-42.76,42.17,-3.5344,12.8,NO_PROGRESSED_DIRECT_HANDOFF,-36.56,30.27,-56.84,66.83,-1.2078,75.4,NO_PROGRESSED_DIRECT_HANDOFF,-36.56,30.27,-56.84,66.83,-1.2078,75.4,EXIT4_SCORE_DRAWDOWN_GE_15,-32.87,9.3,-42.76,42.17,-3.5344,12.8,-10.89,-26.96,-30.68,-33.67
011930,신성이엔지,KOSPI,2026-02-13,2026-02-19,23700.0,TRANSITION,TRIGGER,PERMITTED_REGIME,ELEVATED,78.92,READY,NORMAL_EARLY_TREND_HANDOFF,2026-03-31,2026-04-30,2026-04-30,True,True,2026-03-04,2026-03-05,20250.0,EXIT3_PROGRESSED_TO_WEAK,-41.01,109.7,-52.32,150.71,-0.3738,22.4,EXIT4_SCORE_DRAWDOWN_GE_15,1.27,109.7,-21.94,108.43,0.0116,13.8,EXIT4_SCORE_DRAWDOWN_GE_15,1.27,109.7,-21.94,108.43,0.0116,13.8,LOSS_GUARD_CLOSE_LE_NEG_15,-14.56,10.97,-21.94,25.53,-1.3273,2.0,LOSS_GUARD_CLOSE_LE_NEG_15,-14.56,10.97,-21.94,25.53,-1.3273,2.0,LOSS_GUARD_CLOSE_LE_NEG_15,-14.56,10.97,-21.94,25.53,-1.3273,2.0,29.96,81.22,38.4,
012030,DB,KOSPI,2026-01-30,2026-02-02,1822.0,TRANSITION,TRIGGER,PERMITTED_REGIME,NORMAL,77.99,READY,NORMAL_EARLY_TREND_HANDOFF,2026-04-30,2026-06-30,2026-06-30,True,False,,,,NO_EXIT_BEFORE_CUTOFF,-16.58,39.68,-31.01,56.26,-0.4178,26.2,NO_EXIT_BEFORE_CUTOFF,-16.58,39.68,-31.01,56.26,-0.4178,26.2,NO_EXIT_BEFORE_CUTOFF,-16.58,39.68,-31.01,56.26,-0.4178,26.2,NO_EXIT_BEFORE_CUTOFF,-16.58,39.68,-31.01,56.26,-0.4178,26.2,NO_EXIT_BEFORE_CUTOFF,-16.58,39.68,-31.01,56.26,-0.4178,26.2,NO_EXIT_BEFORE_CUTOFF,-16.58,39.68,-31.01,56.26,-0.4178,26.2,4.83,-12.24,10.32,-16.85
012330,현대모비스,KOSPI,2025-06-20,2025-06-23,285000.0,TRANSITION,TRIGGER,PERMITTED_REGIME,NORMAL,77.99,READY,NORMAL_EARLY_TREND_HANDOFF,2025-07-31,2026-02-28,2026-02-27,True,False,,,,NO_EXIT_BEFORE_CUTOFF,91.93,188.42,-2.46,96.49,0.4879,56.4,EXIT4_SCORE_DRAWDOWN_GE_15,170.18,178.95,-2.46,8.77,0.951,46.0,EXIT4_SCORE_DRAWDOWN_GE_15,170.18,178.95,-2.46,8.77,0.951,46.0,NO_EXIT_BEFORE_CUTOFF,91.93,188.42,-2.46,96.49,0.4879,56.4,EXIT4_SCORE_DRAWDOWN_GE_15,170.18,178.95,-2.46,8.77,0.951,46.0,EXIT4_SCORE_DRAWDOWN_GE_15,170.18,178.95,-2.46,8.77,0.951,46.0,6.32,2.46,8.6,30.88
012450,한화에어로스페이스,KOSPI,2021-05-28,2021-05-31,48282.0,EARLY_TREND,TRIGGER,PERMITTED_REGIME,ELEVATED,72.74,READY,NORMAL_EARLY_TREND_HANDOFF,2021-05-28,2021-08-31,2021-08-31,True,False,,,,NO_EXIT_BEFORE_CUTOFF,2302.55,3327.78,-15.3,1025.23,0.6919,251.8,EXIT4_SCORE_DRAWDOWN_GE_15,5.28,19.41,-3.16,14.13,0.272,17.2,EXIT4_SCORE_DRAWDOWN_GE_15,5.28,19.41,-3.16,14.13,0.272,17.2,NO_EXIT_BEFORE_CUTOFF,2302.55,3327.78,-15.3,1025.23,0.6919,251.8,EXIT4_SCORE_DRAWDOWN_GE_15,5.28,19.41,-3.16,14.13,0.272,17.2,EXIT4_SCORE_DRAWDOWN_GE_15,5.28,19.41,-3.16,14.13,0.272,17.2,-2.0,9.29,0.85,-6.96
012610,경인양행,KOSPI,2026-01-02,2026-01-05,5020.0,TRANSITION,TRIGGER,PERMITTED_REGIME,ELEVATED,78.92,READY,PROGRESSED_WITHOUT_DIRECT_HANDOFF,2026-01-31,2026-05-31,2026-05-29,False,True,2026-03-03,2026-03-04,4115.0,NO_PROGRESSED_DIRECT_HANDOFF,-32.57,28.09,-48.9,60.66,-1.1595,30.2,NO_PROGRESSED_DIRECT_HANDOFF,-32.57,28.09,-48.9,60.66,-1.1595,30.2,NO_EXIT_BEFORE_CUTOFF,-32.57,28.09,-48.9,60.66,-1.1595,30.2,LOSS_GUARD_CLOSE_LE_NEG_15,-18.03,14.54,-18.03,32.57,-1.24,7.8,LOSS_GUARD_CLOSE_LE_NEG_15,-18.03,14.54,-18.03,32.57,-1.24,7.8,LOSS_GUARD_CLOSE_LE_NEG_15,-18.03,14.54,-18.03,32.57,-1.24,7.8,-1.99,-18.53,-21.51,-39.74
012750,에스원,KOSPI,2024-12-06,2024-12-09,62500.0,TRANSITION,TRIGGER,PERMITTED_REGIME,NORMAL,79.13,PARTIAL,NEVER_PROGRESSED,2025-06-30,,,False,False,,,,NO_PROGRESSED_DIRECT_HANDOFF,24.32,64.8,-10.08,40.48,0.3753,81.8,NO_PROGRESSED_DIRECT_HANDOFF,24.32,64.8,-10.08,40.48,0.3753,81.8,NO_PROGRESSED_BEFORE_CUTOFF,24.32,64.8,-10.08,40.48,0.3753,81.8,NO_PROGRESSED_DIRECT_HANDOFF,24.32,64.8,-10.08,40.48,0.3753,81.8,NO_PROGRESSED_DIRECT_HANDOFF,24.32,64.8,-10.08,40.48,0.3753,81.8,NO_PROGRESSED_BEFORE_CUTOFF,24.32,64.8,-10.08,40.48,0.3753,81.8,-3.2,-5.76,-5.92,9.12
013030,하이록코리아,KOSDAQ,2026-04-10,2026-04-13,42200.0,EARLY_TREND,TRIGGER,PERMITTED_REGIME,NORMAL,80.24,READY,NEVER_PROGRESSED,2026-04-10,,,False,True,2026-05-29,2026-06-01,34800.0,NO_PROGRESSED_DIRECT_HANDOFF,-20.26,13.98,-34.72,34.24,-1.4492,17.0,NO_PROGRESSED_DIRECT_HANDOFF,-20.26,13.98,-34.72,34.24,-1.4492,17.0,NO_PROGRESSED_BEFORE_CUTOFF,-20.26,13.98,-34.72,34.24,-1.4492,17.0,LOSS_GUARD_CLOSE_LE_NEG_15,-17.54,13.98,-17.54,31.52,-1.2546,6.6,LOSS_GUARD_CLOSE_LE_NEG_15,-17.54,13.98,-17.54,31.52,-1.2546,6.6,LOSS_GUARD_CLOSE_LE_NEG_15,-17.54,13.98,-17.54,31.52,-1.2546,6.6,-4.5,-21.45,-28.79,
013120,동원개발,KOSDAQ,2025-07-11,2025-07-14,3140.0,TRANSITION,TRIGGER,PERMITTED_REGIME,NORMAL,72.74,READY,NEVER_PROGRESSED,,,,False,True,2025-09-26,2025-09-29,2630.0,NO_PROGRESSED_DIRECT_HANDOFF,-27.07,15.61,-38.89,42.68,-1.7341,53.4,NO_PROGRESSED_DIRECT_HANDOFF,-27.07,15.61,-38.89,42.68,-1.7341,53.4,NO_PROGRESSED_BEFORE_CUTOFF,-27.07,15.61,-38.89,42.68,-1.7341,53.4,LOSS_GUARD_CLOSE_LE_NEG_15,-16.24,15.29,-16.24,31.53,-1.0621,11.0,LOSS_GUARD_CLOSE_LE_NEG_15,-16.24,15.29,-16.24,31.53,-1.0621,11.0,LOSS_GUARD_CLOSE_LE_NEG_15,-16.24,15.29,-16.24,31.53,-1.0621,11.0,6.37,-9.71,-9.87,-7.32
013520,화승코퍼레이션,KOSPI,2025-10-17,2025-10-20,2310.0,TRANSITION,TRIGGER,PERMITTED_REGIME,NORMAL,76.94,READY,NORMAL_EARLY_TREND_HANDOFF,2025-10-31,2026-05-31,2026-05-29,True,False,,,,NO_EXIT_BEFORE_CUTOFF,17.75,73.16,-15.54,55.41,0.2426,40.6,EXIT4_SCORE_DRAWDOWN_GE_15,11.9,73.16,-15.54,61.26,0.1627,38.8,EXIT4_SCORE_DRAWDOWN_GE_15,11.9,73.16,-15.54,61.26,0.1627,38.8,NO_EXIT_BEFORE_CUTOFF,17.75,73.16,-15.54,55.41,0.2426,40.6,EXIT4_SCORE_DRAWDOWN_GE_15,11.9,73.16,-15.54,61.26,0.1627,38.8,EXIT4_SCORE_DRAWDOWN_GE_15,11.9,73.16,-15.54,61.26,0.1627,38.8,-6.28,-2.16,-2.6,33.98
013570,디와이,KOSPI,2026-01-16,2026-01-19,5060.0,TRANSITION,TRIGGER,PERMITTED_REGIME,NORMAL,75.74,READY,NEVER_PROGRESSED,,,,False,True,2026-05-27,2026-05-28,4245.0,NO_PROGRESSED_DIRECT_HANDOFF,-10.87,11.46,-28.56,22.33,-0.9485,28.2,NO_PROGRESSED_DIRECT_HANDOFF,-10.87,11.46,-28.56,22.33,-0.9485,28.2,NO_PROGRESSED_BEFORE_CUTOFF,-10.87,11.46,-28.56,22.33,-0.9485,28.2,LOSS_GUARD_CLOSE_LE_NEG_15,-16.11,11.46,-17.69,27.57,-1.4058,17.4,LOSS_GUARD_CLOSE_LE_NEG_15,-16.11,11.46,-17.69,27.57,-1.4058,17.4,LOSS_GUARD_CLOSE_LE_NEG_15,-16.11,11.46,-17.69,27.57,-1.4058,17.4,6.52,-1.58,-0.59,-22.92
013700,까뮤이앤씨,KOSPI,2026-02-06,2026-02-09,1500.0,TRANSITION,TRIGGER,PERMITTED_REGIME,NORMAL,72.74,READY,NEVER_PROGRESSED,,,,False,True,2026-03-03,2026-03-04,1238.0,NO_PROGRESSED_DIRECT_HANDOFF,17.27,27.27,-28.0,10.0,0.6333,25.2,NO_PROGRESSED_DIRECT_HANDOFF,17.27,27.27,-28.0,10.0,0.6333,25.2,NO_PROGRESSED_BEFORE_CUTOFF,17.27,27.27,-28.0,10.0,0.6333,25.2,LOSS_GUARD_CLOSE_LE_NEG_15,-17.47,9.07,-17.47,26.54,-1.9261,2.8,LOSS_GUARD_CLOSE_LE_NEG_15,-17.47,9.07,-17.47,26.54,-1.9261,2.8,LOSS_GUARD_CLOSE_LE_NEG_15,-17.47,9.07,-17.47,26.54,-1.9261,2.8,-14.87,-9.73,-14.47,
014620,성광벤드,KOSDAQ,2024-08-02,2024-08-05,14220.0,EARLY_TREND,TRIGGER,PERMITTED_REGIME,NORMAL,74.57,PARTIAL,NORMAL_EARLY_TREND_HANDOFF,2024-08-02,2025-02-28,2025-02-28,True,False,,,,NO_EXIT_BEFORE_CUTOFF,83.19,274.82,-19.76,191.63,0.3027,98.4,EXIT4_SCORE_DRAWDOWN_GE_15,74.4,128.55,-19.76,54.15,0.5788,31.4,EXIT4_SCORE_DRAWDOWN_GE_15,74.4,128.55,-19.76,54.15,0.5788,31.4,NO_EXIT_BEFORE_CUTOFF,83.19,274.82,-19.76,191.63,0.3027,98.4,EXIT4_SCORE_DRAWDOWN_GE_15,74.4,128.55,-19.76,54.15,0.5788,31.4,EXIT4_SCORE_DRAWDOWN_GE_15,74.4,128.55,-19.76,54.15,0.5788,31.4,11.67,-0.63,-8.51,81.79
014680,한솔케미칼,KOSPI,2025-09-05,2025-09-08,169800.0,TRANSITION,TRIGGER,PERMITTED_REGIME,NORMAL,73.24,READY,NORMAL_EARLY_TREND_HANDOFF,2025-09-30,2025-12-31,2025-12-30,True,False,,,,NO_EXIT_BEFORE_CUTOFF,28.68,104.06,-1.83,75.38,0.2756,45.6,EXIT4_SCORE_DRAWDOWN_GE_15,64.61,75.5,-1.83,10.89,0.8558,19.6,EXIT4_SCORE_DRAWDOWN_GE_15,64.61,75.5,-1.83,10.89,0.8558,19.6,NO_EXIT_BEFORE_CUTOFF,28.68,104.06,-1.83,75.38,0.2756,45.6,EXIT4_SCORE_DRAWDOWN_GE_15,64.61,75.5,-1.83,10.89,0.8558,19.6,EXIT4_SCORE_DRAWDOWN_GE_15,64.61,75.5,-1.83,10.89,0.8558,19.6,31.33,26.91,36.34,64.31
014830,유니드,KOSPI,2025-04-25,2025-04-28,88700.0,TRANSITION,TRIGGER,PERMITTED_REGIME,ELEVATED,66.32,PARTIAL,NEVER_PROGRESSED,2026-04-30,,,False,True,2025-09-01,2025-09-02,75300.0,NO_PROGRESSED_DIRECT_HANDOFF,-27.96,14.54,-37.09,42.5,-1.923,63.4,NO_PROGRESSED_DIRECT_HANDOFF,-27.96,14.54,-37.09,42.5,-1.923,63.4,NO_PROGRESSED_BEFORE_CUTOFF,-27.96,14.54,-37.09,42.5,-1.923,63.4,LOSS_GUARD_CLOSE_LE_NEG_15,-15.11,10.71,-16.8,25.82,-1.4108,17.2,LOSS_GUARD_CLOSE_LE_NEG_15,-15.11,10.71,-16.8,25.82,-1.4108,17.2,LOSS_GUARD_CLOSE_LE_NEG_15,-15.11,10.71,-16.8,25.82,-1.4108,17.2,-1.69,-1.13,-3.04,-24.24
014940,오리엔탈정공,KOSDAQ,2024-11-29,2024-12-02,5160.0,TRANSITION,TRIGGER,PERMITTED_REGIME,ELEVATED,74.5,PARTIAL,NORMAL_EARLY_TREND_HANDOFF,2024-12-31,2025-01-31,2025-01-31,True,True,2024-12-06,2024-12-09,4160.0,EXIT3_PROGRESSED_TO_WEAK,-17.34,151.74,-31.59,169.08,-0.1143,81.0,EXIT4_SCORE_DRAWDOWN_GE_15,21.12,35.27,-20.35,14.15,0.5988,24.0,EXIT4_SCORE_DRAWDOWN_GE_15,21.12,35.27,-20.35,14.15,0.5988,24.0,LOSS_GUARD_CLOSE_LE_NEG_15,-19.38,18.6,-20.35,37.98,-1.0419,1.2,LOSS_GUARD_CLOSE_LE_NEG_15,-19.38,18.6,-20.35,37.98,-1.0419,1.2,LOSS_GUARD_CLOSE_LE_NEG_15,-19.38,18.6,-20.35,37.98,-1.0419,1.2,0.97,12.98,11.24,13.76
015230,대창단조,KOSPI,2025-06-20,2025-06-23,5830.0,TRANSITION,TRIGGER,PERMITTED_REGIME,NORMAL,75.1,READY,NEVER_PROGRESSED,,,,False,False,,,,NO_PROGRESSED_DIRECT_HANDOFF,6.35,28.47,-11.32,22.12,0.223,56.4,NO_PROGRESSED_DIRECT_HANDOFF,6.35,28.47,-11.32,22.12,0.223,56.4,NO_PROGRESSED_BEFORE_CUTOFF,6.35,28.47,-11.32,22.12,0.223,56.4,NO_PROGRESSED_DIRECT_HANDOFF,6.35,28.47,-11.32,22.12,0.223,56.4,NO_PROGRESSED_DIRECT_HANDOFF,6.35,28.47,-11.32,22.12,0.223,56.4,NO_PROGRESSED_BEFORE_CUTOFF,6.35,28.47,-11.32,22.12,0.223,56.4,1.03,1.2,10.63,8.23
015360,INVENI,KOSPI,2024-08-09,2024-08-12,8660.0,TRANSITION,TRIGGER,PERMITTED_REGIME,NORMAL,81.38,PARTIAL,NORMAL_EARLY_TREND_HANDOFF,2024-10-31,2024-11-30,2024-11-29,True,False,,,,EXIT3_PROGRESSED_TO_EARLY_TREND,53.58,63.05,0.0,9.47,0.8498,67.2,EXIT4_SCORE_DRAWDOWN_GE_15,6.93,33.49,0.0,26.56,0.2069,30.4,EXIT4_SCORE_DRAWDOWN_GE_15,6.93,33.49,0.0,26.56,0.2069,30.4,EXIT3_PROGRESSED_TO_EARLY_TREND,53.58,63.05,0.0,9.47,0.8498,67.2,EXIT4_SCORE_DRAWDOWN_GE_15,6.93,33.49,0.0,26.56,0.2069,30.4,EXIT4_SCORE_DRAWDOWN_GE_15,6.93,33.49,0.0,26.56,0.2069,30.4,5.2,8.66,15.24,15.24
015750,성우하이텍,KOSDAQ,2025-12-12,2025-12-15,6950.0,TRANSITION,TRIGGER,PERMITTED_REGIME,NORMAL,77.24,READY,NEVER_PROGRESSED,,,,False,True,2026-06-26,2026-06-29,5730.0,NO_PROGRESSED_DIRECT_HANDOFF,-9.78,72.52,-29.78,82.3,-0.1349,32.6,NO_PROGRESSED_DIRECT_HANDOFF,-9.78,72.52,-29.78,82.3,-0.1349,32.6,NO_PROGRESSED_BEFORE_CUTOFF,-9.78,72.52,-29.78,82.3,-0.1349,32.6,LOSS_GUARD_CLOSE_LE_NEG_15,-17.55,72.52,-19.86,90.07,-0.242,26.0,LOSS_GUARD_CLOSE_LE_NEG_15,-17.55,72.52,-19.86,90.07,-0.242,26.0,LOSS_GUARD_CLOSE_LE_NEG_15,-17.55,72.52,-19.86,90.07,-0.242,26.0,2.59,16.98,38.13,-8.49
015760,한국전력,KOSPI,2024-02-02,2024-02-05,20400.0,TRANSITION,TRIGGER,PERMITTED_REGIME,NORMAL,74.05,READY,NORMAL_EARLY_TREND_HANDOFF,2024-11-30,2025-08-31,2025-08-29,True,False,,,,NO_EXIT_BEFORE_CUTOFF,62.99,240.69,-10.83,177.7,0.2617,122.8,EXIT4_SCORE_DRAWDOWN_GE_15,111.27,124.51,-10.83,13.24,0.8937,84.4,EXIT4_SCORE_DRAWDOWN_GE_15,111.27,124.51,-10.83,13.24,0.8937,84.4,NO_EXIT_BEFORE_CUTOFF,62.99,240.69,-10.83,177.7,0.2617,122.8,EXIT4_SCORE_DRAWDOWN_GE_15,111.27,124.51,-10.83,13.24,0.8937,84.4,EXIT4_SCORE_DRAWDOWN_GE_15,111.27,124.51,-10.83,13.24,0.8937,84.4,20.83,4.66,4.17,-5.59
015860,일진홀딩스,KOSPI,2025-05-30,2025-06-02,4470.0,TRANSITION,TRIGGER,PERMITTED_REGIME,NORMAL,78.63,PARTIAL,PROGRESSED_WITHOUT_DIRECT_HANDOFF,2025-07-31,2025-11-30,2025-11-28,False,False,,,,NO_PROGRESSED_DIRECT_HANDOFF,55.48,245.19,-1.12,189.71,0.2263,59.0,NO_PROGRESSED_DIRECT_HANDOFF,55.48,245.19,-1.12,189.71,0.2263,59.0,EXIT4_SCORE_DRAWDOWN_GE_15,72.93,85.91,-1.12,12.98,0.8489,33.0,NO_PROGRESSED_DIRECT_HANDOFF,55.48,245.19,-1.12,189.71,0.2263,59.0,NO_PROGRESSED_DIRECT_HANDOFF,55.48,245.19,-1.12,189.71,0.2263,59.0,EXIT4_SCORE_DRAWDOWN_GE_15,72.93,85.91,-1.12,12.98,0.8489,33.0,31.99,31.32,20.81,61.52
016360,삼성증권,KOSPI,2024-10-04,2024-10-07,44300.0,EARLY_TREND,TRIGGER,PERMITTED_REGIME,NORMAL,77.82,PARTIAL,NORMAL_EARLY_TREND_HANDOFF,2024-10-04,2025-06-30,2025-06-30,True,False,,,,NO_EXIT_BEFORE_CUTOFF,109.93,267.95,-6.21,158.02,0.4103,90.6,EXIT4_SCORE_DRAWDOWN_GE_15,54.18,82.62,-6.21,28.44,0.6558,44.2,EXIT4_SCORE_DRAWDOWN_GE_15,54.18,82.62,-6.21,28.44,0.6558,44.2,NO_EXIT_BEFORE_CUTOFF,109.93,267.95,-6.21,158.02,0.4103,90.6,EXIT4_SCORE_DRAWDOWN_GE_15,54.18,82.62,-6.21,28.44,0.6558,44.2,EXIT4_SCORE_DRAWDOWN_GE_15,54.18,82.62,-6.21,28.44,0.6558,44.2,3.5,7.34,-2.82,0.56
016610,DB증권,KOSPI,2024-09-06,2024-09-09,5860.0,TRANSITION,TRIGGER,PERMITTED_REGIME,ELEVATED,72.07,PARTIAL,PROGRESSED_WITHOUT_DIRECT_HANDOFF,2025-02-28,2025-05-31,2025-05-30,False,True,2024-11-13,2024-11-14,4935.0,NO_PROGRESSED_DIRECT_HANDOFF,69.28,230.2,-16.81,160.92,0.301,93.6,NO_PROGRESSED_DIRECT_HANDOFF,69.28,230.2,-16.81,160.92,0.301,93.6,EXIT4_SCORE_DRAWDOWN_GE_15,52.05,88.74,-16.81,36.69,0.5865,43.2,LOSS_GUARD_CLOSE_LE_NEG_15,-15.78,5.29,-16.21,21.07,-2.983,8.6,LOSS_GUARD_CLOSE_LE_NEG_15,-15.78,5.29,-16.21,21.07,-2.983,8.6,LOSS_GUARD_CLOSE_LE_NEG_15,-15.78,5.29,-16.21,21.07,-2.983,8.6,-9.73,-11.77,-12.12,-1.37
017670,SK텔레콤,KOSPI,2018-08-17,2018-08-20,45463.0,EARLY_TREND,TRIGGER,PERMITTED_REGIME,NORMAL,79.3,READY,NORMAL_EARLY_TREND_HANDOFF,2018-08-17,2022-03-31,2022-03-31,True,True,2020-02-11,2020-02-12,38561.0,NO_EXIT_BEFORE_CUTOFF,121.06,206.84,-37.76,85.78,0.5853,387.2,NO_EXIT_BEFORE_CUTOFF,121.06,206.84,-37.76,85.78,0.5853,387.2,NO_EXIT_BEFORE_CUTOFF,121.06,206.84,-37.76,85.78,0.5853,387.2,LOSS_GUARD_CLOSE_LE_NEG_15,-15.18,10.44,-15.37,25.62,-1.454,72.6,LOSS_GUARD_CLOSE_LE_NEG_15,-15.18,10.44,-15.37,25.62,-1.454,72.6,LOSS_GUARD_CLOSE_LE_NEG_15,-15.18,10.44,-15.37,25.62,-1.454,72.6,5.13,7.21,5.88,-0.95
017800,현대엘리베이터,KOSPI,2025-02-14,2025-02-17,56600.0,TRANSITION,TRIGGER,PERMITTED_REGIME,NORMAL,74.82,PARTIAL,NORMAL_EARLY_TREND_HANDOFF,2025-04-30,2025-06-30,2025-06-30,True,False,,,,NO_EXIT_BEFORE_CUTOFF,28.09,100.35,-7.07,72.26,0.2799,73.2,EXIT4_SCORE_DRAWDOWN_GE_15,50.88,100.35,-7.07,49.47,0.507,54.8,EXIT4_SCORE_DRAWDOWN_GE_15,50.88,100.35,-7.07,49.47,0.507,54.8,NO_EXIT_BEFORE_CUTOFF,28.09,100.35,-7.07,72.26,0.2799,73.2,EXIT4_SCORE_DRAWDOWN_GE_15,50.88,100.35,-7.07,49.47,0.507,54.8,EXIT4_SCORE_DRAWDOWN_GE_15,50.88,100.35,-7.07,49.47,0.507,54.8,-0.88,15.9,31.27,41.17
017810,풀무원,KOSPI,2025-02-28,2025-03-04,17420.0,EARLY_TREND,TRIGGER,PERMITTED_REGIME,ELEVATED,72.07,PARTIAL,NEVER_PROGRESSED,2025-02-28,,,False,True,2025-04-07,2025-04-08,14750.0,NO_PROGRESSED_DIRECT_HANDOFF,-43.74,7.06,-53.5,50.8,-6.1955,71.2,NO_PROGRESSED_DIRECT_HANDOFF,-43.74,7.06,-53.5,50.8,-6.1955,71.2,NO_PROGRESSED_BEFORE_CUTOFF,-43.74,7.06,-53.5,50.8,-6.1955,71.2,LOSS_GUARD_CLOSE_LE_NEG_15,-15.33,7.06,-17.74,22.39,-2.1714,5.2,LOSS_GUARD_CLOSE_LE_NEG_15,-15.33,7.06,-17.74,22.39,-2.1714,5.2,LOSS_GUARD_CLOSE_LE_NEG_15,-15.33,7.06,-17.74,22.39,-2.1714,5.2,-11.88,-15.27,-27.38,-19.8
017890,한국알콜,KOSDAQ,2025-07-04,2025-07-07,10150.0,TRANSITION,TRIGGER,PERMITTED_REGIME,NORMAL,74.6,READY,NEVER_PROGRESSED,2026-02-28,,,False,False,,,,NO_PROGRESSED_DIRECT_HANDOFF,42.76,60.25,-12.91,17.49,0.7097,54.4,NO_PROGRESSED_DIRECT_HANDOFF,42.76,60.25,-12.91,17.49,0.7097,54.4,NO_PROGRESSED_BEFORE_CUTOFF,42.76,60.25,-12.91,17.49,0.7097,54.4,NO_PROGRESSED_DIRECT_HANDOFF,42.76,60.25,-12.91,17.49,0.7097,54.4,NO_PROGRESSED_DIRECT_HANDOFF,42.76,60.25,-12.91,17.49,0.7097,54.4,NO_PROGRESSED_BEFORE_CUTOFF,42.76,60.25,-12.91,17.49,0.7097,54.4,-6.7,-10.74,-11.33,0.79
017940,E1,KOSPI,2025-06-13,2025-06-16,78000.0,EARLY_TREND,TRIGGER,PERMITTED_REGIME,NORMAL,75.19,READY,NEVER_PROGRESSED,2025-06-13,,,False,False,,,,NO_PROGRESSED_DIRECT_HANDOFF,14.74,46.79,-8.97,32.05,0.315,57.4,NO_PROGRESSED_DIRECT_HANDOFF,14.74,46.79,-8.97,32.05,0.315,57.4,NO_PROGRESSED_BEFORE_CUTOFF,14.74,46.79,-8.97,32.05,0.315,57.4,NO_PROGRESSED_DIRECT_HANDOFF,14.74,46.79,-8.97,32.05,0.315,57.4,NO_PROGRESSED_DIRECT_HANDOFF,14.74,46.79,-8.97,32.05,0.315,57.4,NO_PROGRESSED_BEFORE_CUTOFF,14.74,46.79,-8.97,32.05,0.315,57.4,26.03,4.36,-2.31,11.92
017960,한국카본,KOSPI,2024-08-16,2024-08-19,12360.0,TRANSITION,TRIGGER,PERMITTED_REGIME,NORMAL,71.32,PARTIAL,NORMAL_EARLY_TREND_HANDOFF,2025-01-31,2025-07-31,2025-07-31,True,True,2024-11-15,2024-11-18,10120.0,NO_EXIT_BEFORE_CUTOFF,103.48,337.7,-23.95,234.22,0.3064,96.6,EXIT4_SCORE_DRAWDOWN_GE_15,171.44,171.44,-23.95,0.0,1.0,50.2,EXIT4_SCORE_DRAWDOWN_GE_15,171.44,171.44,-23.95,0.0,1.0,50.2,LOSS_GUARD_CLOSE_LE_NEG_15,-18.12,8.01,-19.82,26.13,-2.2622,12.0,LOSS_GUARD_CLOSE_LE_NEG_15,-18.12,8.01,-19.82,26.13,-2.2622,12.0,LOSS_GUARD_CLOSE_LE_NEG_15,-18.12,8.01,-19.82,26.13,-2.2622,12.0,-9.79,-10.84,-16.1,27.99
018260,삼성에스디에스,KOSPI,2023-09-01,2023-09-04,142000.0,TRANSITION,TRIGGER,PERMITTED_REGIME,NORMAL,76.3,READY,PROGRESSED_WITHOUT_DIRECT_HANDOFF,2025-06-30,2026-05-31,2026-05-29,False,True,2025-01-24,2025-01-31,114900.0,NO_PROGRESSED_DIRECT_HANDOFF,71.48,173.59,-23.24,102.11,0.4118,143.2,NO_PROGRESSED_DIRECT_HANDOFF,71.48,173.59,-23.24,102.11,0.4118,143.2,NO_EXIT_BEFORE_CUTOFF,71.48,173.59,-23.24,102.11,0.4118,143.2,LOSS_GUARD_CLOSE_LE_NEG_15,-19.08,22.54,-20.35,41.62,-0.8465,68.0,LOSS_GUARD_CLOSE_LE_NEG_15,-19.08,22.54,-20.35,41.62,-0.8465,68.0,LOSS_GUARD_CLOSE_LE_NEG_15,-19.08,22.54,-20.35,41.62,-0.8465,68.0,-3.45,-3.17,18.66,10.56
018880,한온시스템,KOSPI,2017-06-16,2017-06-19,10596.0,TRANSITION,TRIGGER,PERMITTED_REGIME,NORMAL,77.32,PARTIAL,NORMAL_EARLY_TREND_HANDOFF,2017-08-31,2021-04-30,2021-04-30,True,True,2020-03-12,2020-03-13,7529.0,EXIT3_PROGRESSED_TO_TRANSITION,-4.82,77.2,-28.94,82.02,-0.0624,227.6,EXIT4_SCORE_DRAWDOWN_GE_15,45.62,77.2,-28.94,31.58,0.5909,198.6,EXIT4_SCORE_DRAWDOWN_GE_15,45.62,77.2,-28.94,31.58,0.5909,198.6,LOSS_GUARD_CLOSE_LE_NEG_15,-28.94,28.95,-28.94,57.89,-0.9997,134.2,LOSS_GUARD_CLOSE_LE_NEG_15,-28.94,28.95,-28.94,57.89,-0.9997,134.2,LOSS_GUARD_CLOSE_LE_NEG_15,-28.94,28.95,-28.94,57.89,-0.9997,134.2,-11.4,-5.7,0.88,17.99
019180,티에이치엔,KOSPI,2025-09-05,2025-09-08,5280.0,EARLY_TREND,TRIGGER,PERMITTED_REGIME,ELEVATED,79.67,READY,NORMAL_EARLY_TREND_HANDOFF,2025-09-05,2025-12-31,2025-12-30,True,False,,,,NO_EXIT_BEFORE_CUTOFF,23.48,94.51,-8.9,71.03,0.2484,45.6,EXIT4_SCORE_DRAWDOWN_GE_15,30.68,84.66,-8.9,53.98,0.3624,19.6,EXIT4_SCORE_DRAWDOWN_GE_15,30.68,84.66,-8.9,53.98,0.3624,19.6,NO_EXIT_BEFORE_CUTOFF,23.48,94.51,-8.9,71.03,0.2484,45.6,EXIT4_SCORE_DRAWDOWN_GE_15,30.68,84.66,-8.9,53.98,0.3624,19.6,EXIT4_SCORE_DRAWDOWN_GE_15,30.68,84.66,-8.9,53.98,0.3624,19.6,3.03,12.31,47.73,63.83
019210,와이지-원,KOSDAQ,2025-05-16,2025-05-19,6090.0,TRANSITION,TRIGGER,PERMITTED_REGIME,NORMAL,75.31,PARTIAL,NORMAL_EARLY_TREND_HANDOFF,2026-01-31,2026-04-30,2026-04-30,True,True,2025-09-24,2025-09-25,5150.0,NO_EXIT_BEFORE_CUTOFF,199.01,367.98,-19.54,168.97,0.5408,61.0,NO_EXIT_BEFORE_CUTOFF,199.01,367.98,-19.54,168.97,0.5408,61.0,NO_EXIT_BEFORE_CUTOFF,199.01,367.98,-19.54,168.97,0.5408,61.0,LOSS_GUARD_CLOSE_LE_NEG_15,-15.44,8.7,-16.09,24.14,-1.7747,18.2,LOSS_GUARD_CLOSE_LE_NEG_15,-15.44,8.7,-16.09,24.14,-1.7747,18.2,LOSS_GUARD_CLOSE_LE_NEG_15,-15.44,8.7,-16.09,24.14,-1.7747,18.2,6.4,-2.96,-6.24,-18.06
020000,한섬,KOSPI,2026-02-13,2026-02-19,21050.0,TRANSITION,TRIGGER,PERMITTED_REGIME,ELEVATED,74.99,READY,PROGRESSED_WITHOUT_DIRECT_HANDOFF,2026-02-28,2026-06-30,2026-06-30,False,False,,,,NO_PROGRESSED_DIRECT_HANDOFF,-22.33,36.58,-26.13,58.91,-0.6104,24.2,NO_PROGRESSED_DIRECT_HANDOFF,-22.33,36.58,-26.13,58.91,-0.6104,24.2,NO_EXIT_BEFORE_CUTOFF,-22.33,36.58,-26.13,58.91,-0.6104,24.2,NO_PROGRESSED_DIRECT_HANDOFF,-22.33,36.58,-26.13,58.91,-0.6104,24.2,NO_PROGRESSED_DIRECT_HANDOFF,-22.33,36.58,-26.13,58.91,-0.6104,24.2,NO_EXIT_BEFORE_CUTOFF,-22.33,36.58,-26.13,58.91,-0.6104,24.2,20.19,18.76,26.84,
020150,롯데에너지머티리얼즈,KOSPI,2026-04-10,2026-04-13,48600.0,TRANSITION,TRIGGER,PERMITTED_REGIME,NORMAL,75.49,READY,NORMAL_EARLY_TREND_HANDOFF,2026-04-30,2026-05-31,2026-05-29,True,False,,,,EXIT3_PROGRESSED_TO_WEAK,-44.34,70.99,-53.5,115.33,-0.6246,15.2,EXIT4_SCORE_DRAWDOWN_GE_15,-7.3,70.99,-14.3,78.29,-0.1028,10.8,EXIT4_SCORE_DRAWDOWN_GE_15,-7.3,70.99,-14.3,78.29,-0.1028,10.8,EXIT3_PROGRESSED_TO_WEAK,-44.34,70.99,-53.5,115.33,-0.6246,15.2,EXIT4_SCORE_DRAWDOWN_GE_15,-7.3,70.99,-14.3,78.29,-0.1028,10.8,EXIT4_SCORE_DRAWDOWN_GE_15,-7.3,70.99,-14.3,78.29,-0.1028,10.8,47.94,-1.34,-31.48,
021080,에이티넘인베스트,KOSDAQ,2026-02-20,2026-02-23,3840.0,TRANSITION,TRIGGER,PERMITTED_REGIME,NORMAL,80.24,READY,NEVER_PROGRESSED,2026-04-30,,,False,True,2026-03-04,2026-03-05,2990.0,NO_PROGRESSED_DIRECT_HANDOFF,-37.89,4.17,-51.3,42.06,-9.0863,23.8,NO_PROGRESSED_DIRECT_HANDOFF,-37.89,4.17,-51.3,42.06,-9.0863,23.8,NO_PROGRESSED_BEFORE_CUTOFF,-37.89,4.17,-51.3,42.06,-9.0863,23.8,LOSS_GUARD_CLOSE_LE_NEG_15,-22.14,4.17,-26.56,26.31,-5.3094,1.6,LOSS_GUARD_CLOSE_LE_NEG_15,-22.14,4.17,-26.56,26.31,-5.3094,1.6,LOSS_GUARD_CLOSE_LE_NEG_15,-22.14,4.17,-26.56,26.31,-5.3094,1.6,-26.82,-9.77,-25.0,
021240,코웨이,KOSPI,2024-12-06,2024-12-09,73400.0,TRANSITION,TRIGGER,PERMITTED_REGIME,ELEVATED,72.07,PARTIAL,SKIPPED_EARLY_TREND_HANDOFF,2026-05-31,2025-01-31,2025-01-31,False,False,,,,NO_PROGRESSED_DIRECT_HANDOFF,33.79,56.27,-13.35,22.48,0.6005,81.8,NO_PROGRESSED_DIRECT_HANDOFF,33.79,56.27,-13.35,22.48,0.6005,81.8,EXIT4_SCORE_DRAWDOWN_GE_15,23.02,23.71,-13.35,0.69,0.9709,19.2,NO_PROGRESSED_DIRECT_HANDOFF,33.79,56.27,-13.35,22.48,0.6005,81.8,NO_PROGRESSED_DIRECT_HANDOFF,33.79,56.27,-13.35,22.48,0.6005,81.8,EXIT4_SCORE_DRAWDOWN_GE_15,23.02,23.71,-13.35,0.69,0.9709,19.2,-5.04,6.27,13.08,30.25
023160,태광,KOSDAQ,2025-01-10,2025-01-13,19690.0,TRANSITION,TRIGGER,PERMITTED_REGIME,NORMAL,77.32,PARTIAL,PROGRESSED_WITHOUT_DIRECT_HANDOFF,2025-01-31,2025-05-31,2025-05-30,False,False,,,,NO_PROGRESSED_DIRECT_HANDOFF,17.83,160.54,-10.11,142.71,0.1111,77.4,NO_PROGRESSED_DIRECT_HANDOFF,17.83,160.54,-10.11,142.71,0.1111,77.4,EXIT4_SCORE_DRAWDOWN_GE_15,33.32,64.04,-10.11,30.72,0.5203,35.4,NO_PROGRESSED_DIRECT_HANDOFF,17.83,160.54,-10.11,142.71,0.1111,77.4,NO_PROGRESSED_DIRECT_HANDOFF,17.83,160.54,-10.11,142.71,0.1111,77.4,EXIT4_SCORE_DRAWDOWN_GE_15,33.32,64.04,-10.11,30.72,0.5203,35.4,10.97,22.4,14.27,2.08
023410,유진기업,KOSDAQ,2026-01-30,2026-02-02,3960.0,TRANSITION,TRIGGER,PERMITTED_REGIME,NORMAL,79.3,READY,NEVER_PROGRESSED,2026-01-31,,,False,True,2026-06-08,2026-06-09,3275.0,NO_PROGRESSED_DIRECT_HANDOFF,-11.74,31.31,-25.51,43.05,-0.375,26.2,NO_PROGRESSED_DIRECT_HANDOFF,-11.74,31.31,-25.51,43.05,-0.375,26.2,NO_PROGRESSED_BEFORE_CUTOFF,-11.74,31.31,-25.51,43.05,-0.375,26.2,LOSS_GUARD_CLOSE_LE_NEG_15,-17.3,31.31,-18.69,48.61,-0.5525,16.8,LOSS_GUARD_CLOSE_LE_NEG_15,-17.3,31.31,-18.69,48.61,-0.5525,16.8,LOSS_GUARD_CLOSE_LE_NEG_15,-17.3,31.31,-18.69,48.61,-0.5525,16.8,9.6,-1.89,3.16,-12.25
023530,롯데쇼핑,KOSPI,2022-06-03,2022-06-07,106500.0,TRANSITION,TRIGGER,PERMITTED_REGIME,NORMAL,75.13,PARTIAL,NORMAL_EARLY_TREND_HANDOFF,2026-02-28,2026-04-30,2026-04-30,True,True,2022-07-12,2022-07-13,89900.0,NO_EXIT_BEFORE_CUTOFF,-3.38,98.12,-51.36,101.5,-0.0344,205.2,EXIT4_SCORE_DRAWDOWN_GE_15,33.9,67.14,-51.36,33.24,0.5049,194.8,EXIT4_SCORE_DRAWDOWN_GE_15,33.9,67.14,-51.36,33.24,0.5049,194.8,LOSS_GUARD_CLOSE_LE_NEG_15,-15.59,3.76,-16.24,19.35,-4.1463,5.4,LOSS_GUARD_CLOSE_LE_NEG_15,-15.59,3.76,-16.24,19.35,-4.1463,5.4,LOSS_GUARD_CLOSE_LE_NEG_15,-15.59,3.76,-16.24,19.35,-4.1463,5.4,-2.82,-11.83,-6.76,-13.9
023590,다우기술,KOSPI,2025-03-07,2025-03-10,21600.0,TRANSITION,TRIGGER,PERMITTED_REGIME,NORMAL,71.57,PARTIAL,NORMAL_EARLY_TREND_HANDOFF,2025-04-30,2025-08-31,2025-08-29,True,False,,,,NO_EXIT_BEFORE_CUTOFF,86.34,188.43,-14.03,102.09,0.4582,70.4,EXIT4_SCORE_DRAWDOWN_GE_15,78.7,96.06,-14.03,17.36,0.8193,32.0,EXIT4_SCORE_DRAWDOWN_GE_15,78.7,96.06,-14.03,17.36,0.8193,32.0,NO_EXIT_BEFORE_CUTOFF,86.34,188.43,-14.03,102.09,0.4582,70.4,EXIT4_SCORE_DRAWDOWN_GE_15,78.7,96.06,-14.03,17.36,0.8193,32.0,EXIT4_SCORE_DRAWDOWN_GE_15,78.7,96.06,-14.03,17.36,0.8193,32.0,-9.77,0.69,27.08,76.39
024110,기업은행,KOSPI,2017-09-01,2017-09-04,14450.0,TRANSITION,TRIGGER,PERMITTED_REGIME,NORMAL,79.13,PARTIAL,PROGRESSED_WITHOUT_DIRECT_HANDOFF,2018-01-31,2026-02-28,2026-02-27,False,True,2019-08-13,2019-08-14,12250.0,NO_PROGRESSED_DIRECT_HANDOFF,41.18,104.5,-59.45,63.32,0.3941,438.4,NO_PROGRESSED_DIRECT_HANDOFF,41.18,104.5,-59.45,63.32,0.3941,438.4,EXIT4_SCORE_DRAWDOWN_GE_15,58.13,104.5,-59.45,46.37,0.5563,424.4,LOSS_GUARD_CLOSE_LE_NEG_15,-15.22,20.07,-16.26,35.29,-0.7583,95.0,LOSS_GUARD_CLOSE_LE_NEG_15,-15.22,20.07,-16.26,35.29,-0.7583,95.0,LOSS_GUARD_CLOSE_LE_NEG_15,-15.22,20.07,-16.26,35.29,-0.7583,95.0,-0.35,6.92,8.3,11.76
024720,콜마홀딩스,KOSPI,2025-05-09,2025-05-12,9570.0,TRANSITION,TRIGGER,PERMITTED_REGIME,NORMAL,77.82,PARTIAL,NORMAL_EARLY_TREND_HANDOFF,2025-05-31,2025-07-31,2025-07-31,True,False,,,,EXIT3_PROGRESSED_TO_WEAK,-7.84,110.55,-9.61,118.39,-0.0709,43.6,EXIT4_SCORE_DRAWDOWN_GE_15,15.05,110.55,-5.54,95.5,0.1361,23.6,EXIT4_SCORE_DRAWDOWN_GE_15,15.05,110.55,-5.54,95.5,0.1361,23.6,EXIT3_PROGRESSED_TO_WEAK,-7.84,110.55,-9.61,118.39,-0.0709,43.6,EXIT4_SCORE_DRAWDOWN_GE_15,15.05,110.55,-5.54,95.5,0.1361,23.6,EXIT4_SCORE_DRAWDOWN_GE_15,15.05,110.55,-5.54,95.5,0.1361,23.6,33.23,69.07,47.86,7.11
025540,한국단자,KOSPI,2025-12-26,2025-12-29,68700.0,TRANSITION,TRIGGER,PERMITTED_REGIME,NORMAL,79.8,READY,NEVER_PROGRESSED,2026-02-28,,,False,False,,,,NO_PROGRESSED_DIRECT_HANDOFF,-6.55,36.83,-17.47,43.38,-0.1778,30.8,NO_PROGRESSED_DIRECT_HANDOFF,-6.55,36.83,-17.47,43.38,-0.1778,30.8,NO_PROGRESSED_BEFORE_CUTOFF,-6.55,36.83,-17.47,43.38,-0.1778,30.8,NO_PROGRESSED_DIRECT_HANDOFF,-6.55,36.83,-17.47,43.38,-0.1778,30.8,NO_PROGRESSED_DIRECT_HANDOFF,-6.55,36.83,-17.47,43.38,-0.1778,30.8,NO_PROGRESSED_BEFORE_CUTOFF,-6.55,36.83,-17.47,43.38,-0.1778,30.8,9.61,17.47,9.9,-3.49
025860,남해화학,KOSPI,2025-06-20,2025-06-23,7870.0,TRANSITION,TRIGGER,PERMITTED_REGIME,NORMAL,73.24,READY,NEVER_PROGRESSED,2026-04-30,,,False,True,2025-09-30,2025-10-01,6800.0,NO_PROGRESSED_DIRECT_HANDOFF,-25.41,62.9,-33.29,88.31,-0.404,56.4,NO_PROGRESSED_DIRECT_HANDOFF,-25.41,62.9,-33.29,88.31,-0.404,56.4,NO_PROGRESSED_BEFORE_CUTOFF,-25.41,62.9,-33.29,88.31,-0.404,56.4,LOSS_GUARD_CLOSE_LE_NEG_15,-13.6,3.56,-15.63,17.16,-3.8202,14.4,LOSS_GUARD_CLOSE_LE_NEG_15,-13.6,3.56,-15.63,17.16,-3.8202,14.4,LOSS_GUARD_CLOSE_LE_NEG_15,-13.6,3.56,-15.63,17.16,-3.8202,14.4,-3.81,-6.86,-12.71,-15.37
025980,아난티,KOSDAQ,2025-05-02,2025-05-07,6590.0,TRANSITION,TRIGGER,PERMITTED_REGIME,ELEVATED,72.57,PARTIAL,NORMAL_EARLY_TREND_HANDOFF,2025-05-31,2025-09-30,2025-09-30,True,False,,,,EXIT3_PROGRESSED_TO_WEAK,-23.98,79.82,-25.64,103.8,-0.3004,52.2,EXIT4_SCORE_DRAWDOWN_GE_15,17.6,79.82,-1.37,62.22,0.2205,28.2,EXIT4_SCORE_DRAWDOWN_GE_15,17.6,79.82,-1.37,62.22,0.2205,28.2,EXIT3_PROGRESSED_TO_WEAK,-23.98,79.82,-25.64,103.8,-0.3004,52.2,EXIT4_SCORE_DRAWDOWN_GE_15,17.6,79.82,-1.37,62.22,0.2205,28.2,EXIT4_SCORE_DRAWDOWN_GE_15,17.6,79.82,-1.37,62.22,0.2205,28.2,15.48,47.34,50.99,3.79
026890,스틱인베스트먼트,KOSPI,2025-05-16,2025-05-19,10500.0,EARLY_TREND,TRIGGER,PERMITTED_REGIME,NORMAL,77.82,PARTIAL,NEVER_PROGRESSED,2025-05-16,,,False,True,2026-03-31,2026-04-01,8850.0,NO_PROGRESSED_DIRECT_HANDOFF,-17.52,27.52,-42.95,45.04,-0.6366,61.0,NO_PROGRESSED_DIRECT_HANDOFF,-17.52,27.52,-42.95,45.04,-0.6366,61.0,NO_PROGRESSED_BEFORE_CUTOFF,-17.52,27.52,-42.95,45.04,-0.6366,61.0,LOSS_GUARD_CLOSE_LE_NEG_15,-15.71,27.52,-18.86,43.23,-0.5709,42.6,LOSS_GUARD_CLOSE_LE_NEG_15,-15.71,27.52,-18.86,43.23,-0.5709,42.6,LOSS_GUARD_CLOSE_LE_NEG_15,-15.71,27.52,-18.86,43.23,-0.5709,42.6,1.62,14.76,-11.05,4.57
026960,동서,KOSPI,2024-11-08,2024-11-11,26450.0,TRANSITION,TRIGGER,PERMITTED_REGIME,ELEVATED,79.0,PARTIAL,PROGRESSED_WITHOUT_DIRECT_HANDOFF,2024-11-30,2025-03-31,2025-03-31,False,False,,,,NO_PROGRESSED_DIRECT_HANDOFF,-0.57,21.74,-15.5,22.31,-0.0262,85.8,NO_PROGRESSED_DIRECT_HANDOFF,-0.57,21.74,-15.5,22.31,-0.0262,85.8,NO_EXIT_BEFORE_CUTOFF,-0.57,21.74,-15.5,22.31,-0.0262,85.8,NO_PROGRESSED_DIRECT_HANDOFF,-0.57,21.74,-15.5,22.31,-0.0262,85.8,NO_PROGRESSED_DIRECT_HANDOFF,-0.57,21.74,-15.5,22.31,-0.0262,85.8,NO_EXIT_BEFORE_CUTOFF,-0.57,21.74,-15.5,22.31,-0.0262,85.8,7.37,-2.84,-11.91,-3.21
027410,BGF,KOSPI,2025-05-30,2025-06-02,4150.0,TRANSITION,TRIGGER,PERMITTED_REGIME,ELEVATED,73.38,PARTIAL,NEVER_PROGRESSED,2026-04-30,,,False,False,,,,NO_PROGRESSED_DIRECT_HANDOFF,1.08,30.6,-13.13,29.52,0.0353,59.0,NO_PROGRESSED_DIRECT_HANDOFF,1.08,30.6,-13.13,29.52,0.0353,59.0,NO_PROGRESSED_BEFORE_CUTOFF,1.08,30.6,-13.13,29.52,0.0353,59.0,NO_PROGRESSED_DIRECT_HANDOFF,1.08,30.6,-13.13,29.52,0.0353,59.0,NO_PROGRESSED_DIRECT_HANDOFF,1.08,30.6,-13.13,29.52,0.0353,59.0,NO_PROGRESSED_BEFORE_CUTOFF,1.08,30.6,-13.13,29.52,0.0353,59.0,6.51,-3.73,-3.01,-3.86
027710,팜스토리,KOSDAQ,2026-05-08,2026-05-11,1526.0,TRANSITION,TRIGGER,PERMITTED_REGIME,NORMAL,70.99,READY,NEVER_PROGRESSED,,,,False,True,2026-05-21,2026-05-22,1269.0,NO_PROGRESSED_DIRECT_HANDOFF,-29.69,0.07,-39.38,29.76,-424.1429,13.4,NO_PROGRESSED_DIRECT_HANDOFF,-29.69,0.07,-39.38,29.76,-424.1429,13.4,NO_PROGRESSED_BEFORE_CUTOFF,-29.69,0.07,-39.38,29.76,-424.1429,13.4,LOSS_GUARD_CLOSE_LE_NEG_15,-16.84,0.07,-18.09,16.91,-240.5714,2.0,LOSS_GUARD_CLOSE_LE_NEG_15,-16.84,0.07,-18.09,16.91,-240.5714,2.0,LOSS_GUARD_CLOSE_LE_NEG_15,-16.84,0.07,-18.09,16.91,-240.5714,2.0,-31.91,-32.5,-30.28,
028050,삼성E&A,KOSPI,2018-01-26,2018-01-29,17650.0,TRANSITION,TRIGGER,PERMITTED_REGIME,NORMAL,77.32,PARTIAL,NORMAL_EARLY_TREND_HANDOFF,2019-11-30,2018-05-31,2018-05-31,True,True,2018-02-07,2018-02-08,15000.0,EXIT3_PROGRESSED_TO_EARLY_TREND,35.69,61.76,-60.85,26.07,0.5779,234.2,EXIT4_SCORE_DRAWDOWN_GE_15,43.34,61.76,-60.85,18.42,0.7017,181.0,EXIT4_SCORE_DRAWDOWN_GE_15,43.34,61.76,-60.85,18.42,0.7017,181.0,LOSS_GUARD_CLOSE_LE_NEG_15,-15.01,3.68,-17.0,18.69,-4.0788,1.8,LOSS_GUARD_CLOSE_LE_NEG_15,-15.01,3.68,-17.0,18.69,-4.0788,1.8,LOSS_GUARD_CLOSE_LE_NEG_15,-15.01,3.68,-17.0,18.69,-4.0788,1.8,-9.63,1.42,-3.4,-4.25
028100,동아지질,KOSPI,2025-05-30,2025-06-02,15940.0,TRANSITION,TRIGGER,PERMITTED_REGIME,NORMAL,78.63,PARTIAL,NEVER_PROGRESSED,2025-06-30,,,False,True,2025-11-07,2025-11-10,14250.0,NO_PROGRESSED_DIRECT_HANDOFF,11.17,20.7,-17.19,9.53,0.5396,59.0,NO_PROGRESSED_DIRECT_HANDOFF,11.17,20.7,-17.19,9.53,0.5396,59.0,NO_PROGRESSED_BEFORE_CUTOFF,11.17,20.7,-17.19,9.53,0.5396,59.0,LOSS_GUARD_CLOSE_LE_NEG_15,-10.6,11.04,-15.93,21.64,-0.9601,21.6,LOSS_GUARD_CLOSE_LE_NEG_15,-10.6,11.04,-15.93,21.64,-0.9601,21.6,LOSS_GUARD_CLOSE_LE_NEG_15,-10.6,11.04,-15.93,21.64,-0.9601,21.6,5.27,3.01,-4.14,9.47
028260,삼성물산,KOSPI,2020-02-07,2020-02-10,115000.0,TRANSITION,TRIGGER,PERMITTED_REGIME,NORMAL,70.79,READY,NORMAL_EARLY_TREND_HANDOFF,2020-12-31,2025-12-31,2025-12-30,True,True,2020-03-12,2020-03-13,90000.0,NO_EXIT_BEFORE_CUTOFF,220.87,391.3,-36.09,170.43,0.5645,320.0,EXIT4_SCORE_DRAWDOWN_GE_15,161.3,170.43,-36.09,9.13,0.9464,294.0,EXIT4_SCORE_DRAWDOWN_GE_15,161.3,170.43,-36.09,9.13,0.9464,294.0,LOSS_GUARD_CLOSE_LE_NEG_15,-21.74,5.65,-21.74,27.39,-3.8478,5.0,LOSS_GUARD_CLOSE_LE_NEG_15,-21.74,5.65,-21.74,27.39,-3.8478,5.0,LOSS_GUARD_CLOSE_LE_NEG_15,-21.74,5.65,-21.74,27.39,-3.8478,5.0,-6.09,-26.26,-10.0,10.0
028670,팬오션,KOSPI,2026-01-30,2026-02-02,4635.0,TRANSITION,TRIGGER,PERMITTED_REGIME,NORMAL,77.99,READY,NORMAL_EARLY_TREND_HANDOFF,2026-04-30,2026-06-30,2026-06-30,True,False,,,,NO_EXIT_BEFORE_CUTOFF,24.92,42.39,-5.07,17.47,0.5879,26.2,NO_EXIT_BEFORE_CUTOFF,24.92,42.39,-5.07,17.47,0.5879,26.2,NO_EXIT_BEFORE_CUTOFF,24.92,42.39,-5.07,17.47,0.5879,26.2,NO_EXIT_BEFORE_CUTOFF,24.92,42.39,-5.07,17.47,0.5879,26.2,NO_EXIT_BEFORE_CUTOFF,24.92,42.39,-5.07,17.47,0.5879,26.2,NO_EXIT_BEFORE_CUTOFF,24.92,42.39,-5.07,17.47,0.5879,26.2,22.11,6.26,19.53,21.47
029460,케이씨,KOSPI,2025-05-30,2025-06-02,22300.0,TRANSITION,TRIGGER,PERMITTED_REGIME,NORMAL,75.07,PARTIAL,NORMAL_EARLY_TREND_HANDOFF,2025-06-30,2026-03-31,2026-03-31,True,False,,,,NO_EXIT_BEFORE_CUTOFF,55.38,92.83,-6.5,37.45,0.5966,59.0,EXIT4_SCORE_DRAWDOWN_GE_15,77.58,92.83,-6.5,15.25,0.8357,45.0,EXIT4_SCORE_DRAWDOWN_GE_15,77.58,92.83,-6.5,15.25,0.8357,45.0,NO_EXIT_BEFORE_CUTOFF,55.38,92.83,-6.5,37.45,0.5966,59.0,EXIT4_SCORE_DRAWDOWN_GE_15,77.58,92.83,-6.5,15.25,0.8357,45.0,EXIT4_SCORE_DRAWDOWN_GE_15,77.58,92.83,-6.5,15.25,0.8357,45.0,8.97,1.12,0.0,10.09
029530,신도리코,KOSPI,2024-10-04,2024-10-07,42050.0,TRANSITION,TRIGGER,PERMITTED_REGIME,NORMAL,80.88,PARTIAL,NEVER_PROGRESSED,2025-05-31,,,False,False,,,,NO_PROGRESSED_DIRECT_HANDOFF,2.62,74.08,-15.1,71.46,0.0354,90.6,NO_PROGRESSED_DIRECT_HANDOFF,2.62,74.08,-15.1,71.46,0.0354,90.6,NO_PROGRESSED_BEFORE_CUTOFF,2.62,74.08,-15.1,71.46,0.0354,90.6,NO_PROGRESSED_DIRECT_HANDOFF,2.62,74.08,-15.1,71.46,0.0354,90.6,NO_PROGRESSED_DIRECT_HANDOFF,2.62,74.08,-15.1,71.46,0.0354,90.6,NO_PROGRESSED_BEFORE_CUTOFF,2.62,74.08,-15.1,71.46,0.0354,90.6,-0.71,-10.82,-11.77,-6.9
029780,삼성카드,KOSPI,2025-06-13,2025-06-16,49650.0,TRANSITION,TRIGGER,PERMITTED_REGIME,NORMAL,79.3,READY,NEVER_PROGRESSED,2025-06-30,,,False,False,,,,NO_PROGRESSED_DIRECT_HANDOFF,-2.22,39.38,-11.28,41.6,-0.0564,57.4,NO_PROGRESSED_DIRECT_HANDOFF,-2.22,39.38,-11.28,41.6,-0.0564,57.4,NO_PROGRESSED_BEFORE_CUTOFF,-2.22,39.38,-11.28,41.6,-0.0564,57.4,NO_PROGRESSED_DIRECT_HANDOFF,-2.22,39.38,-11.28,41.6,-0.0564,57.4,NO_PROGRESSED_DIRECT_HANDOFF,-2.22,39.38,-11.28,41.6,-0.0564,57.4,NO_PROGRESSED_BEFORE_CUTOFF,-2.22,39.38,-11.28,41.6,-0.0564,57.4,14.0,2.11,2.32,12.19
030000,제일기획,KOSPI,2025-06-27,2025-06-30,20250.0,TRANSITION,TRIGGER,PERMITTED_REGIME,NORMAL,82.3,READY,NEVER_PROGRESSED,2025-11-30,,,False,False,,,,NO_PROGRESSED_DIRECT_HANDOFF,-6.27,15.06,-12.3,21.33,-0.4163,55.4,NO_PROGRESSED_DIRECT_HANDOFF,-6.27,15.06,-12.3,21.33,-0.4163,55.4,NO_PROGRESSED_BEFORE_CUTOFF,-6.27,15.06,-12.3,21.33,-0.4163,55.4,NO_PROGRESSED_DIRECT_HANDOFF,-6.27,15.06,-12.3,21.33,-0.4163,55.4,NO_PROGRESSED_DIRECT_HANDOFF,-6.27,15.06,-12.3,21.33,-0.4163,55.4,NO_PROGRESSED_BEFORE_CUTOFF,-6.27,15.06,-12.3,21.33,-0.4163,55.4,4.44,-3.06,0.49,0.25
030190,NICE평가정보,KOSPI,2024-11-29,2024-12-02,12080.0,TRANSITION,TRIGGER,PERMITTED_REGIME,NORMAL,79.57,PARTIAL,NORMAL_EARLY_TREND_HANDOFF,2025-05-31,2025-08-31,2025-08-29,True,False,,,,EXIT3_PROGRESSED_TO_TRANSITION,13.74,53.15,-8.61,39.41,0.2585,76.6,EXIT4_SCORE_DRAWDOWN_GE_15,16.39,47.1,-8.61,30.71,0.348,40.8,EXIT4_SCORE_DRAWDOWN_GE_15,16.39,47.1,-8.61,30.71,0.348,40.8,EXIT3_PROGRESSED_TO_TRANSITION,13.74,53.15,-8.61,39.41,0.2585,76.6,EXIT4_SCORE_DRAWDOWN_GE_15,16.39,47.1,-8.61,30.71,0.348,40.8,EXIT4_SCORE_DRAWDOWN_GE_15,16.39,47.1,-8.61,30.71,0.348,40.8,0.83,1.24,10.6,21.77
030200,KT,KOSPI,2021-07-02,2021-07-05,31850.0,EARLY_TREND,TRIGGER,PERMITTED_REGIME,NORMAL,79.8,READY,NORMAL_EARLY_TREND_HANDOFF,2021-07-02,2022-01-31,2022-01-28,True,False,,,,EXIT3_PROGRESSED_TO_TRANSITION,57.93,85.87,-9.42,27.94,0.6746,216.0,EXIT3_PROGRESSED_TO_TRANSITION,57.93,85.87,-9.42,27.94,0.6746,216.0,EXIT3_PROGRESSED_TO_TRANSITION,57.93,85.87,-9.42,27.94,0.6746,216.0,EXIT3_PROGRESSED_TO_TRANSITION,57.93,85.87,-9.42,27.94,0.6746,216.0,EXIT3_PROGRESSED_TO_TRANSITION,57.93,85.87,-9.42,27.94,0.6746,216.0,EXIT3_PROGRESSED_TO_TRANSITION,57.93,85.87,-9.42,27.94,0.6746,216.0,6.12,1.88,2.35,-3.77
030520,한컴,KOSDAQ,2025-06-13,2025-06-16,28850.0,TRANSITION,TRIGGER,PERMITTED_REGIME,ELEVATED,72.74,READY,NEVER_PROGRESSED,2025-06-30,,,False,True,2025-08-20,2025-08-21,24500.0,NO_PROGRESSED_DIRECT_HANDOFF,-35.56,24.44,-48.7,60.0,-1.455,57.4,NO_PROGRESSED_DIRECT_HANDOFF,-35.56,24.44,-48.7,60.0,-1.455,57.4,NO_PROGRESSED_BEFORE_CUTOFF,-35.56,24.44,-48.7,60.0,-1.455,57.4,LOSS_GUARD_CLOSE_LE_NEG_15,-15.08,24.44,-16.46,39.52,-0.617,9.6,LOSS_GUARD_CLOSE_LE_NEG_15,-15.08,24.44,-16.46,39.52,-0.617,9.6,LOSS_GUARD_CLOSE_LE_NEG_15,-15.08,24.44,-16.46,39.52,-0.617,9.6,1.39,-11.09,-9.88,-17.16
030530,원익홀딩스,KOSDAQ,2025-03-21,2025-03-24,4800.0,TRANSITION,TRIGGER,PERMITTED_REGIME,ELEVATED,79.0,PARTIAL,NORMAL_EARLY_TREND_HANDOFF,2025-04-30,2025-07-31,2025-07-31,True,True,2025-03-28,2025-03-31,3745.0,NO_EXIT_BEFORE_CUTOFF,337.5,954.17,-33.85,616.67,0.3537,68.2,EXIT4_SCORE_DRAWDOWN_GE_15,90.83,90.83,-33.85,0.0,1.0,22.0,EXIT4_SCORE_DRAWDOWN_GE_15,90.83,90.83,-33.85,0.0,1.0,22.0,LOSS_GUARD_CLOSE_LE_NEG_15,-21.98,0.31,-21.98,22.29,-70.9032,1.2,LOSS_GUARD_CLOSE_LE_NEG_15,-21.98,0.31,-21.98,22.29,-70.9032,1.2,LOSS_GUARD_CLOSE_LE_NEG_15,-21.98,0.31,-21.98,22.29,-70.9032,1.2,-15.1,14.79,11.88,202.08
030610,교보증권,KOSPI,2025-02-21,2025-02-24,6580.0,TRANSITION,TRIGGER,PERMITTED_REGIME,NORMAL,78.63,PARTIAL,NORMAL_EARLY_TREND_HANDOFF,2025-05-31,2025-08-31,2025-08-29,True,True,2025-04-07,2025-04-08,5600.0,NO_EXIT_BEFORE_CUTOFF,60.03,176.9,-16.41,116.87,0.3393,72.2,EXIT4_SCORE_DRAWDOWN_GE_15,79.64,84.65,-16.41,5.01,0.9408,46.2,EXIT4_SCORE_DRAWDOWN_GE_15,79.64,84.65,-16.41,5.01,0.9408,46.2,LOSS_GUARD_CLOSE_LE_NEG_15,-14.89,4.26,-15.81,19.15,-3.4953,6.2,LOSS_GUARD_CLOSE_LE_NEG_15,-14.89,4.26,-15.81,19.15,-3.4953,6.2,LOSS_GUARD_CLOSE_LE_NEG_15,-14.89,4.26,-15.81,19.15,-3.4953,6.2,-1.67,-6.69,14.89,32.67
031330,에스에이엠티,KOSDAQ,2025-07-04,2025-07-07,2970.0,TRANSITION,TRIGGER,PERMITTED_REGIME,NORMAL,72.1,READY,NORMAL_EARLY_TREND_HANDOFF,2025-10-31,2026-03-31,2026-03-31,True,False,,,,NO_EXIT_BEFORE_CUTOFF,233.33,571.72,-3.7,338.39,0.4081,54.4,EXIT4_SCORE_DRAWDOWN_GE_15,141.08,155.89,-3.7,14.81,0.905,40.4,EXIT4_SCORE_DRAWDOWN_GE_15,141.08,155.89,-3.7,14.81,0.905,40.4,NO_EXIT_BEFORE_CUTOFF,233.33,571.72,-3.7,338.39,0.4081,54.4,EXIT4_SCORE_DRAWDOWN_GE_15,141.08,155.89,-3.7,14.81,0.905,40.4,EXIT4_SCORE_DRAWDOWN_GE_15,141.08,155.89,-3.7,14.81,0.905,40.4,-1.18,-3.2,12.29,35.52
031430,신세계인터내셔날,KOSPI,2026-04-24,2026-04-27,15260.0,TRANSITION,TRIGGER,PERMITTED_REGIME,NORMAL,74.99,READY,NEVER_PROGRESSED,,,,False,True,2026-06-08,2026-06-09,13100.0,NO_PROGRESSED_DIRECT_HANDOFF,-27.85,12.25,-34.47,40.1,-2.2735,15.0,NO_PROGRESSED_DIRECT_HANDOFF,-27.85,12.25,-34.47,40.1,-2.2735,15.0,NO_PROGRESSED_BEFORE_CUTOFF,-27.85,12.25,-34.47,40.1,-2.2735,15.0,LOSS_GUARD_CLOSE_LE_NEG_15,-14.15,12.25,-15.33,26.4,-1.1551,5.6,LOSS_GUARD_CLOSE_LE_NEG_15,-14.15,12.25,-15.33,26.4,-1.1551,5.6,LOSS_GUARD_CLOSE_LE_NEG_15,-14.15,12.25,-15.33,26.4,-1.1551,5.6,-9.76,-16.19,-27.2,
031980,피에스케이홀딩스,KOSDAQ,2025-10-10,2025-10-13,50300.0,TRANSITION,TRIGGER,PERMITTED_REGIME,ELEVATED,72.74,READY,NORMAL_EARLY_TREND_HANDOFF,2026-01-31,2026-04-30,2026-04-30,True,True,2025-11-25,2025-11-26,42600.0,NO_EXIT_BEFORE_CUTOFF,121.07,243.94,-19.48,122.87,0.4963,41.6,EXIT4_SCORE_DRAWDOWN_GE_15,112.72,177.14,-19.48,64.42,0.6363,31.2,EXIT4_SCORE_DRAWDOWN_GE_15,112.72,177.14,-19.48,64.42,0.6363,31.2,LOSS_GUARD_CLOSE_LE_NEG_15,-15.31,15.11,-16.5,30.42,-1.0132,6.6,LOSS_GUARD_CLOSE_LE_NEG_15,-15.31,15.11,-16.5,30.42,-1.0132,6.6,LOSS_GUARD_CLOSE_LE_NEG_15,-15.31,15.11,-16.5,30.42,-1.0132,6.6,-9.34,-10.44,0.4,120.48
032190,다우데이타,KOSDAQ,2025-07-04,2025-07-07,17520.0,TRANSITION,TRIGGER,PERMITTED_REGIME,ELEVATED,73.24,READY,SKIPPED_EARLY_TREND_HANDOFF,,2025-10-31,2025-10-31,False,False,,,,NO_PROGRESSED_DIRECT_HANDOFF,17.01,79.51,-14.67,62.5,0.2139,54.4,NO_PROGRESSED_DIRECT_HANDOFF,17.01,79.51,-14.67,62.5,0.2139,54.4,EXIT4_SCORE_DRAWDOWN_GE_15,53.82,66.67,-14.67,12.85,0.8073,28.4,NO_PROGRESSED_DIRECT_HANDOFF,17.01,79.51,-14.67,62.5,0.2139,54.4,NO_PROGRESSED_DIRECT_HANDOFF,17.01,79.51,-14.67,62.5,0.2139,54.4,EXIT4_SCORE_DRAWDOWN_GE_15,53.82,66.67,-14.67,12.85,0.8073,28.4,-11.93,-7.53,1.94,2.57
032350,롯데관광개발,KOSPI,2025-06-13,2025-06-16,13410.0,TRANSITION,TRIGGER,PERMITTED_REGIME,NORMAL,77.99,READY,NORMAL_EARLY_TREND_HANDOFF,2025-06-30,2025-09-30,2025-09-30,True,False,,,,NO_EXIT_BEFORE_CUTOFF,2.61,106.56,-24.31,103.95,0.0245,57.4,EXIT4_SCORE_DRAWDOWN_GE_15,45.41,71.51,-1.27,26.1,0.635,23.0,EXIT4_SCORE_DRAWDOWN_GE_15,45.41,71.51,-1.27,26.1,0.635,23.0,NO_EXIT_BEFORE_CUTOFF,2.61,106.56,-24.31,103.95,0.0245,57.4,EXIT4_SCORE_DRAWDOWN_GE_15,45.41,71.51,-1.27,26.1,0.635,23.0,EXIT4_SCORE_DRAWDOWN_GE_15,45.41,71.51,-1.27,26.1,0.635,23.0,33.41,32.29,22.07,71.89
032500,케이엠더블유,KOSDAQ,2026-01-30,2026-02-02,18100.0,TRANSITION,TRIGGER,PERMITTED_REGIME,NORMAL,74.49,READY,SKIPPED_EARLY_TREND_HANDOFF,,2026-02-28,2026-02-27,False,False,,,,NO_PROGRESSED_DIRECT_HANDOFF,-4.75,120.99,-33.15,125.74,-0.0393,26.2,NO_PROGRESSED_DIRECT_HANDOFF,-4.75,120.99,-33.15,125.74,-0.0393,26.2,EXIT4_SCORE_DRAWDOWN_GE_15,50.28,86.74,-15.75,36.46,0.5797,7.8,NO_PROGRESSED_DIRECT_HANDOFF,-4.75,120.99,-33.15,125.74,-0.0393,26.2,NO_PROGRESSED_DIRECT_HANDOFF,-4.75,120.99,-33.15,125.74,-0.0393,26.2,EXIT4_SCORE_DRAWDOWN_GE_15,50.28,86.74,-15.75,36.46,0.5797,7.8,-4.97,52.49,64.36,-4.03
032640,LG유플러스,KOSPI,2017-06-30,2017-07-03,15600.0,EARLY_TREND,TRIGGER,PERMITTED_REGIME,NORMAL,80.07,PARTIAL,NORMAL_EARLY_TREND_HANDOFF,2017-06-30,2017-08-31,2017-08-31,True,False,,,,EXIT3_PROGRESSED_TO_EARLY_TREND,-8.33,10.26,-22.12,18.59,-0.8119,28.8,EXIT3_PROGRESSED_TO_EARLY_TREND,-8.33,10.26,-22.12,18.59,-0.8119,28.8,EXIT3_PROGRESSED_TO_EARLY_TREND,-8.33,10.26,-22.12,18.59,-0.8119,28.8,EXIT3_PROGRESSED_TO_EARLY_TREND,-8.33,10.26,-22.12,18.59,-0.8119,28.8,EXIT3_PROGRESSED_TO_EARLY_TREND,-8.33,10.26,-22.12,18.59,-0.8119,28.8,EXIT3_PROGRESSED_TO_EARLY_TREND,-8.33,10.26,-22.12,18.59,-0.8119,28.8,4.49,-6.09,-16.67,-4.17
032830,삼성생명,KOSPI,2021-01-08,2021-01-11,81100.0,TRANSITION,TRIGGER,PERMITTED_REGIME,NORMAL,73.24,READY,NORMAL_EARLY_TREND_HANDOFF,2024-02-29,2021-10-31,2021-10-29,True,False,,,,NO_EXIT_BEFORE_CUTOFF,271.15,536.87,-30.95,265.72,0.5051,274.4,EXIT4_SCORE_DRAWDOWN_GE_15,131.81,146.61,-30.95,14.8,0.8991,248.4,EXIT4_SCORE_DRAWDOWN_GE_15,131.81,146.61,-30.95,14.8,0.8991,248.4,NO_EXIT_BEFORE_CUTOFF,271.15,536.87,-30.95,265.72,0.5051,274.4,EXIT4_SCORE_DRAWDOWN_GE_15,131.81,146.61,-30.95,14.8,0.8991,248.4,EXIT4_SCORE_DRAWDOWN_GE_15,131.81,146.61,-30.95,14.8,0.8991,248.4,-11.47,0.0,-4.56,-4.69
033240,자화전자,KOSPI,2025-10-31,2025-11-03,22150.0,TRANSITION,TRIGGER,PERMITTED_REGIME,NORMAL,70.24,READY,NORMAL_EARLY_TREND_HANDOFF,2026-02-28,2026-03-31,2026-03-31,True,True,2025-11-18,2025-11-19,18390.0,NO_EXIT_BEFORE_CUTOFF,39.05,170.88,-25.06,131.83,0.2285,38.6,EXIT4_SCORE_DRAWDOWN_GE_15,122.12,129.35,-25.06,7.23,0.9441,24.6,EXIT4_SCORE_DRAWDOWN_GE_15,122.12,129.35,-25.06,7.23,0.9441,24.6,LOSS_GUARD_CLOSE_LE_NEG_15,-16.98,9.71,-18.74,26.69,-1.7487,2.6,LOSS_GUARD_CLOSE_LE_NEG_15,-16.98,9.71,-18.74,26.69,-1.7487,2.6,LOSS_GUARD_CLOSE_LE_NEG_15,-16.98,9.71,-18.74,26.69,-1.7487,2.6,-19.86,15.58,3.16,115.8
033270,유나이티드제약,KOSPI,2026-04-17,2026-04-20,21350.0,TRANSITION,TRIGGER,PERMITTED_REGIME,NORMAL,74.05,READY,NEVER_PROGRESSED,,,,False,True,2026-06-02,2026-06-04,18100.0,NO_PROGRESSED_DIRECT_HANDOFF,-14.0,0.23,-24.59,14.23,-60.8696,16.0,NO_PROGRESSED_DIRECT_HANDOFF,-14.0,0.23,-24.59,14.23,-60.8696,16.0,NO_PROGRESSED_BEFORE_CUTOFF,-14.0,0.23,-24.59,14.23,-60.8696,16.0,LOSS_GUARD_CLOSE_LE_NEG_15,-15.22,0.23,-16.77,15.45,-66.1739,6.0,LOSS_GUARD_CLOSE_LE_NEG_15,-15.22,0.23,-16.77,15.45,-66.1739,6.0,LOSS_GUARD_CLOSE_LE_NEG_15,-15.22,0.23,-16.77,15.45,-66.1739,6.0,-8.9,-14.71,-17.66,
033500,동성화인텍,KOSDAQ,2024-08-02,2024-08-05,12980.0,TRANSITION,TRIGGER,PERMITTED_REGIME,ELEVATED,69.07,PARTIAL,NORMAL_EARLY_TREND_HANDOFF,2024-12-31,2025-04-30,2025-04-30,True,True,2024-09-06,2024-09-09,10810.0,NO_EXIT_BEFORE_CUTOFF,33.67,164.25,-17.87,130.58,0.205,95.8,EXIT4_SCORE_DRAWDOWN_GE_15,103.39,121.49,-17.87,18.1,0.851,43.4,EXIT4_SCORE_DRAWDOWN_GE_15,103.39,121.49,-17.87,18.1,0.851,43.4,LOSS_GUARD_CLOSE_LE_NEG_15,-16.72,7.47,-16.8,24.19,-2.2383,5.0,LOSS_GUARD_CLOSE_LE_NEG_15,-16.72,7.47,-16.8,24.19,-2.2383,5.0,LOSS_GUARD_CLOSE_LE_NEG_15,-16.72,7.47,-16.8,24.19,-2.2383,5.0,-7.86,-11.4,-14.33,57.16
033640,네패스,KOSDAQ,2025-10-31,2025-11-03,17430.0,TRANSITION,TRIGGER,PERMITTED_REGIME,NORMAL,80.74,READY,SKIPPED_EARLY_TREND_HANDOFF,,2025-11-30,2025-11-28,False,False,,,,NO_PROGRESSED_DIRECT_HANDOFF,4.25,136.09,-34.6,131.84,0.0312,38.6,NO_PROGRESSED_DIRECT_HANDOFF,4.25,136.09,-34.6,131.84,0.0312,38.6,NO_EXIT_BEFORE_CUTOFF,4.25,136.09,-34.6,131.84,0.0312,38.6,NO_PROGRESSED_DIRECT_HANDOFF,4.25,136.09,-34.6,131.84,0.0312,38.6,NO_PROGRESSED_DIRECT_HANDOFF,4.25,136.09,-34.6,131.84,0.0312,38.6,NO_EXIT_BEFORE_CUTOFF,4.25,136.09,-34.6,131.84,0.0312,38.6,-0.98,-11.19,1.84,78.71
033780,KT&G,KOSPI,2024-08-09,2024-08-12,100600.0,TRANSITION,TRIGGER,PERMITTED_REGIME,ELEVATED,71.87,PARTIAL,PROGRESSED_WITHOUT_DIRECT_HANDOFF,2024-08-31,2026-02-28,2026-02-27,False,False,,,,NO_PROGRESSED_DIRECT_HANDOFF,74.95,91.25,-5.96,16.3,0.8214,97.4,NO_PROGRESSED_DIRECT_HANDOFF,74.95,91.25,-5.96,16.3,0.8214,97.4,EXIT4_SCORE_DRAWDOWN_GE_15,74.55,91.25,-5.96,16.7,0.817,95.6,NO_PROGRESSED_DIRECT_HANDOFF,74.95,91.25,-5.96,16.3,0.8214,97.4,NO_PROGRESSED_DIRECT_HANDOFF,74.95,91.25,-5.96,16.3,0.8214,97.4,EXIT4_SCORE_DRAWDOWN_GE_15,74.55,91.25,-5.96,16.7,0.817,95.6,9.05,4.67,22.17,-0.5
033790,피노,KOSDAQ,2026-04-10,2026-04-13,10280.0,TRANSITION,TRIGGER,PERMITTED_REGIME,ELEVATED,76.5,PARTIAL,PROGRESSED_WITHOUT_DIRECT_HANDOFF,2026-04-30,2026-06-30,2026-06-30,False,True,2026-06-19,2026-06-22,8450.0,NO_PROGRESSED_DIRECT_HANDOFF,-37.45,86.28,-58.51,123.73,-0.4341,17.0,NO_PROGRESSED_DIRECT_HANDOFF,-37.45,86.28,-58.51,123.73,-0.4341,17.0,NO_EXIT_BEFORE_CUTOFF,-37.45,86.28,-58.51,123.73,-0.4341,17.0,LOSS_GUARD_CLOSE_LE_NEG_15,-17.8,86.28,-19.16,104.08,-0.2063,9.4,LOSS_GUARD_CLOSE_LE_NEG_15,-17.8,86.28,-19.16,104.08,-0.2063,9.4,LOSS_GUARD_CLOSE_LE_NEG_15,-17.8,86.28,-19.16,104.08,-0.2063,9.4,48.25,-6.91,-46.69,
034020,두산에너빌리티,KOSPI,2025-01-24,2025-01-31,23500.0,TRANSITION,TRIGGER,PERMITTED_REGIME,ELEVATED,72.07,PARTIAL,NORMAL_EARLY_TREND_HANDOFF,2025-01-31,2025-05-31,2025-05-30,True,False,,,,NO_EXIT_BEFORE_CUTOFF,251.49,492.34,-15.06,240.85,0.5108,75.4,EXIT4_SCORE_DRAWDOWN_GE_15,188.51,207.23,-15.06,18.72,0.9097,20.4,EXIT4_SCORE_DRAWDOWN_GE_15,188.51,207.23,-15.06,18.72,0.9097,20.4,NO_EXIT_BEFORE_CUTOFF,251.49,492.34,-15.06,240.85,0.5108,75.4,EXIT4_SCORE_DRAWDOWN_GE_15,188.51,207.23,-15.06,18.72,0.9097,20.4,EXIT4_SCORE_DRAWDOWN_GE_15,188.51,207.23,-15.06,18.72,0.9097,20.4,15.11,3.62,18.72,182.55
034220,LG디스플레이,KOSPI,2021-01-08,2021-01-11,18716.0,TRANSITION,TRIGGER,PERMITTED_REGIME,NORMAL,73.24,READY,NORMAL_EARLY_TREND_HANDOFF,2021-02-28,2021-04-30,2021-04-30,True,False,,,,EXIT3_PROGRESSED_TO_TRANSITION,-19.02,36.3,-19.75,55.32,-0.524,64.8,EXIT4_SCORE_DRAWDOWN_GE_15,18.76,36.3,-6.42,17.54,0.5168,19.4,EXIT4_SCORE_DRAWDOWN_GE_15,18.76,36.3,-6.42,17.54,0.5168,19.4,EXIT3_PROGRESSED_TO_TRANSITION,-19.02,36.3,-19.75,55.32,-0.524,64.8,EXIT4_SCORE_DRAWDOWN_GE_15,18.76,36.3,-6.42,17.54,0.5168,19.4,EXIT4_SCORE_DRAWDOWN_GE_15,18.76,36.3,-6.42,17.54,0.5168,19.4,14.57,7.66,26.43,14.82
034230,파라다이스,KOSPI,2025-06-13,2025-06-16,13600.0,TRANSITION,TRIGGER,PERMITTED_REGIME,NORMAL,70.79,READY,NORMAL_EARLY_TREND_HANDOFF,2025-07-31,2025-10-31,2025-10-31,True,False,,,,EXIT3_PROGRESSED_TO_WEAK,-29.19,76.47,-31.47,105.66,-0.3817,55.6,EXIT4_SCORE_DRAWDOWN_GE_15,31.62,76.47,-1.25,44.85,0.4135,31.4,EXIT4_SCORE_DRAWDOWN_GE_15,31.62,76.47,-1.25,44.85,0.4135,31.4,EXIT3_PROGRESSED_TO_WEAK,-29.19,76.47,-31.47,105.66,-0.3817,55.6,EXIT4_SCORE_DRAWDOWN_GE_15,31.62,76.47,-1.25,44.85,0.4135,31.4,EXIT4_SCORE_DRAWDOWN_GE_15,31.62,76.47,-1.25,44.85,0.4135,31.4,38.09,59.19,59.19,24.85
034310,NICE,KOSPI,2025-06-27,2025-06-30,12500.0,TRANSITION,TRIGGER,PERMITTED_REGIME,NORMAL,73.24,READY,NEVER_PROGRESSED,2025-07-31,,,False,False,,,,NO_PROGRESSED_DIRECT_HANDOFF,3.92,23.44,-14.72,19.52,0.1672,55.4,NO_PROGRESSED_DIRECT_HANDOFF,3.92,23.44,-14.72,19.52,0.1672,55.4,NO_PROGRESSED_BEFORE_CUTOFF,3.92,23.44,-14.72,19.52,0.1672,55.4,NO_PROGRESSED_DIRECT_HANDOFF,3.92,23.44,-14.72,19.52,0.1672,55.4,NO_PROGRESSED_DIRECT_HANDOFF,3.92,23.44,-14.72,19.52,0.1672,55.4,NO_PROGRESSED_BEFORE_CUTOFF,3.92,23.44,-14.72,19.52,0.1672,55.4,12.32,3.92,11.2,1.92
034730,SK,KOSPI,2019-11-01,2019-11-04,264500.0,TRANSITION,TRIGGER,PERMITTED_REGIME,NORMAL,78.25,READY,NORMAL_EARLY_TREND_HANDOFF,2021-02-28,2025-12-31,2025-12-30,True,True,2020-02-18,2020-02-19,226500.0,NO_EXIT_BEFORE_CUTOFF,121.17,233.84,-61.25,112.67,0.5182,333.0,EXIT4_SCORE_DRAWDOWN_GE_15,22.87,36.29,-61.25,13.42,0.6302,307.0,EXIT4_SCORE_DRAWDOWN_GE_15,22.87,36.29,-61.25,13.42,0.6302,307.0,LOSS_GUARD_CLOSE_LE_NEG_15,-14.37,5.1,-16.07,19.47,-2.8176,14.6,LOSS_GUARD_CLOSE_LE_NEG_15,-14.37,5.1,-16.07,19.47,-2.8176,14.6,LOSS_GUARD_CLOSE_LE_NEG_15,-14.37,5.1,-16.07,19.47,-2.8176,14.6,-2.65,-0.95,-10.96,-31.57
034830,한국토지신탁,KOSPI,2025-07-11,2025-07-14,1307.0,TRANSITION,TRIGGER,PERMITTED_REGIME,NORMAL,77.05,READY,NORMAL_EARLY_TREND_HANDOFF,2025-09-30,2026-04-30,2026-04-30,True,False,,,,EXIT3_PROGRESSED_TO_WEAK,-15.0,43.69,-20.5,58.69,-0.3433,47.2,EXIT3_PROGRESSED_TO_WEAK,-15.0,43.69,-20.5,58.69,-0.3433,47.2,EXIT3_PROGRESSED_TO_WEAK,-15.0,43.69,-20.5,58.69,-0.3433,47.2,EXIT3_PROGRESSED_TO_WEAK,-15.0,43.69,-20.5,58.69,-0.3433,47.2,EXIT3_PROGRESSED_TO_WEAK,-15.0,43.69,-20.5,58.69,-0.3433,47.2,EXIT3_PROGRESSED_TO_WEAK,-15.0,43.69,-20.5,58.69,-0.3433,47.2,-4.97,7.57,2.22,-8.42
035000,HS애드,KOSPI,2025-02-07,2025-02-10,6860.0,TRANSITION,TRIGGER,PERMITTED_REGIME,NORMAL,80.88,PARTIAL,NEVER_PROGRESSED,2025-02-28,,,False,True,2026-07-20,2026-07-21,5960.0,NO_PROGRESSED_DIRECT_HANDOFF,1.02,38.19,-16.18,37.17,0.0267,74.2,NO_PROGRESSED_DIRECT_HANDOFF,1.02,38.19,-16.18,37.17,0.0267,74.2,NO_PROGRESSED_BEFORE_CUTOFF,1.02,38.19,-16.18,37.17,0.0267,74.2,LOSS_GUARD_CLOSE_LE_NEG_15,-13.12,38.19,-16.18,51.31,-0.3435,70.6,LOSS_GUARD_CLOSE_LE_NEG_15,-13.12,38.19,-16.18,51.31,-0.3435,70.6,LOSS_GUARD_CLOSE_LE_NEG_15,-13.12,38.19,-16.18,51.31,-0.3435,70.6,7.0,-3.06,6.12,25.22
035080,그래디언트,KOSDAQ,2025-05-23,2025-05-26,14990.0,TRANSITION,TRIGGER,PERMITTED_REGIME,NORMAL,72.88,PARTIAL,NEVER_PROGRESSED,,,,False,True,2025-11-03,2025-11-04,12290.0,NO_PROGRESSED_DIRECT_HANDOFF,-20.08,24.75,-51.83,44.83,-0.8113,60.0,NO_PROGRESSED_DIRECT_HANDOFF,-20.08,24.75,-51.83,44.83,-0.8113,60.0,NO_PROGRESSED_BEFORE_CUTOFF,-20.08,24.75,-51.83,44.83,-0.8113,60.0,LOSS_GUARD_CLOSE_LE_NEG_15,-18.01,24.75,-18.01,42.76,-0.7277,21.8,LOSS_GUARD_CLOSE_LE_NEG_15,-18.01,24.75,-18.01,42.76,-0.7277,21.8,LOSS_GUARD_CLOSE_LE_NEG_15,-18.01,24.75,-18.01,42.76,-0.7277,21.8,-3.4,2.07,-1.53,-18.95
035250,강원랜드,KOSPI,2025-08-08,2025-08-11,18910.0,TRANSITION,TRIGGER,PERMITTED_REGIME,NORMAL,76.8,READY,NEVER_PROGRESSED,,,,False,True,2026-05-11,2026-05-12,16030.0,NO_PROGRESSED_DIRECT_HANDOFF,-22.85,3.6,-26.39,26.45,-6.3472,49.4,NO_PROGRESSED_DIRECT_HANDOFF,-22.85,3.6,-26.39,26.45,-6.3472,49.4,NO_PROGRESSED_BEFORE_CUTOFF,-22.85,3.6,-26.39,26.45,-6.3472,49.4,LOSS_GUARD_CLOSE_LE_NEG_15,-15.23,3.6,-15.39,18.83,-4.2306,36.4,LOSS_GUARD_CLOSE_LE_NEG_15,-15.23,3.6,-15.39,18.83,-4.2306,36.4,LOSS_GUARD_CLOSE_LE_NEG_15,-15.23,3.6,-15.39,18.83,-4.2306,36.4,-6.03,-7.14,-8.83,2.64
035420,NAVER,KOSPI,2018-01-26,2018-01-29,184861.0,EARLY_TREND,TRIGGER,PERMITTED_REGIME,NORMAL,79.13,PARTIAL,NORMAL_EARLY_TREND_HANDOFF,2018-01-26,2020-06-30,2020-06-30,True,True,2018-03-05,2018-03-06,157423.0,EXIT3_PROGRESSED_TO_TRANSITION,83.92,151.54,-43.74,67.62,0.5538,204.8,EXIT4_SCORE_DRAWDOWN_GE_15,63.1,66.88,-43.74,3.78,0.9435,123.0,EXIT4_SCORE_DRAWDOWN_GE_15,63.1,66.88,-43.74,3.78,0.9435,123.0,LOSS_GUARD_CLOSE_LE_NEG_15,-14.84,2.93,-16.36,17.77,-5.0648,4.8,LOSS_GUARD_CLOSE_LE_NEG_15,-14.84,2.93,-16.36,17.77,-5.0648,4.8,LOSS_GUARD_CLOSE_LE_NEG_15,-14.84,2.93,-16.36,17.77,-5.0648,4.8,-12.89,-15.06,-19.5,-18.74
035510,신세계 I&C,KOSPI,2025-01-10,2025-01-13,17120.0,TRANSITION,TRIGGER,PERMITTED_REGIME,ELEVATED,76.75,PARTIAL,PROGRESSED_WITHOUT_DIRECT_HANDOFF,2025-06-30,2025-10-31,2025-10-31,False,True,2025-01-21,2025-01-22,14000.0,NO_PROGRESSED_DIRECT_HANDOFF,-19.51,71.14,-39.78,90.65,-0.2742,77.4,NO_PROGRESSED_DIRECT_HANDOFF,-19.51,71.14,-39.78,90.65,-0.2742,77.4,EXIT4_SCORE_DRAWDOWN_GE_15,10.69,71.14,-36.62,60.45,0.1503,59.0,LOSS_GUARD_CLOSE_LE_NEG_15,-18.22,3.91,-19.1,22.13,-4.6598,1.6,LOSS_GUARD_CLOSE_LE_NEG_15,-18.22,3.91,-19.1,22.13,-4.6598,1.6,LOSS_GUARD_CLOSE_LE_NEG_15,-18.22,3.91,-19.1,22.13,-4.6598,1.6,-25.99,-27.16,-30.37,-4.21
035600,KG이니시스,KOSDAQ,2025-07-11,2025-07-14,12710.0,TRANSITION,TRIGGER,PERMITTED_REGIME,ELEVATED,70.49,READY,NEVER_PROGRESSED,,,,False,True,2025-08-01,2025-08-04,10140.0,NO_PROGRESSED_DIRECT_HANDOFF,-20.06,1.89,-29.82,21.95,-10.6138,53.4,NO_PROGRESSED_DIRECT_HANDOFF,-20.06,1.89,-29.82,21.95,-10.6138,53.4,NO_PROGRESSED_BEFORE_CUTOFF,-20.06,1.89,-29.82,21.95,-10.6138,53.4,LOSS_GUARD_CLOSE_LE_NEG_15,-20.22,1.89,-20.22,22.11,-10.6984,3.2,LOSS_GUARD_CLOSE_LE_NEG_15,-20.22,1.89,-20.22,22.11,-10.6984,3.2,LOSS_GUARD_CLOSE_LE_NEG_15,-20.22,1.89,-20.22,22.11,-10.6984,3.2,-17.07,-20.54,-16.92,-23.13
035610,솔본,KOSDAQ,2026-07-24,2026-07-27,4760.0,TRANSITION,TRIGGER,PERMITTED_REGIME,NORMAL,77.49,READY,NEVER_PROGRESSED,,,,False,False,,,,NO_PROGRESSED_DIRECT_HANDOFF,5.88,7.77,-10.71,1.89,0.7568,3.0,NO_PROGRESSED_DIRECT_HANDOFF,5.88,7.77,-10.71,1.89,0.7568,3.0,NO_PROGRESSED_BEFORE_CUTOFF,5.88,7.77,-10.71,1.89,0.7568,3.0,NO_PROGRESSED_DIRECT_HANDOFF,5.88,7.77,-10.71,1.89,0.7568,3.0,NO_PROGRESSED_DIRECT_HANDOFF,5.88,7.77,-10.71,1.89,0.7568,3.0,NO_PROGRESSED_BEFORE_CUTOFF,5.88,7.77,-10.71,1.89,0.7568,3.0,,,,
035720,카카오,KOSPI,2025-09-12,2025-09-15,65000.0,EARLY_TREND,TRIGGER,PERMITTED_REGIME,NORMAL,74.99,READY,PROGRESSED_WITHOUT_DIRECT_HANDOFF,2025-09-12,2025-11-30,2025-11-28,False,False,,,,NO_PROGRESSED_DIRECT_HANDOFF,-38.46,7.23,-50.38,45.69,-5.3195,44.6,NO_PROGRESSED_DIRECT_HANDOFF,-38.46,7.23,-50.38,45.69,-5.3195,44.6,EXIT4_SCORE_DRAWDOWN_GE_15,-6.92,7.23,-14.62,14.15,-0.9571,18.6,NO_PROGRESSED_DIRECT_HANDOFF,-38.46,7.23,-50.38,45.69,-5.3195,44.6,NO_PROGRESSED_DIRECT_HANDOFF,-38.46,7.23,-50.38,45.69,-5.3195,44.6,EXIT4_SCORE_DRAWDOWN_GE_15,-6.92,7.23,-14.62,14.15,-0.9571,18.6,-10.77,-5.54,-8.0,-29.54
035760,CJ ENM,KOSDAQ,2025-06-20,2025-06-23,77800.0,TRANSITION,TRIGGER,PERMITTED_REGIME,NORMAL,71.04,READY,NEVER_PROGRESSED,,,,False,True,2025-07-24,2025-07-25,64700.0,NO_PROGRESSED_DIRECT_HANDOFF,-55.78,5.78,-63.88,61.56,-9.6505,56.4,NO_PROGRESSED_DIRECT_HANDOFF,-55.78,5.78,-63.88,61.56,-9.6505,56.4,NO_PROGRESSED_BEFORE_CUTOFF,-55.78,5.78,-63.88,61.56,-9.6505,56.4,LOSS_GUARD_CLOSE_LE_NEG_15,-16.84,5.66,-17.61,22.5,-2.9753,5.0,LOSS_GUARD_CLOSE_LE_NEG_15,-16.84,5.66,-17.61,22.5,-2.9753,5.0,LOSS_GUARD_CLOSE_LE_NEG_15,-16.84,5.66,-17.61,22.5,-2.9753,5.0,-11.7,-7.71,-3.98,-16.97
035810,이지홀딩스,KOSDAQ,2025-04-18,2025-04-21,3140.0,TRANSITION,TRIGGER,PERMITTED_REGIME,NORMAL,78.63,PARTIAL,NORMAL_EARLY_TREND_HANDOFF,2025-06-30,2026-01-31,2026-01-30,True,False,,,,NO_EXIT_BEFORE_CUTOFF,44.59,195.86,-0.32,151.27,0.2277,64.4,EXIT4_SCORE_DRAWDOWN_GE_15,155.41,195.86,-0.32,40.45,0.7935,41.8,EXIT4_SCORE_DRAWDOWN_GE_15,155.41,195.86,-0.32,40.45,0.7935,41.8,NO_EXIT_BEFORE_CUTOFF,44.59,195.86,-0.32,151.27,0.2277,64.4,EXIT4_SCORE_DRAWDOWN_GE_15,155.41,195.86,-0.32,40.45,0.7935,41.8,EXIT4_SCORE_DRAWDOWN_GE_15,155.41,195.86,-0.32,40.45,0.7935,41.8,18.47,24.2,22.77,18.47
035890,서희건설,KOSDAQ,2024-09-20,2024-09-23,2931.0,TRANSITION,TRIGGER,PERMITTED_REGIME,NORMAL,79.13,PARTIAL,NEVER_PROGRESSED,2025-05-31,,,False,True,2026-05-12,2026-05-13,2350.0,NO_PROGRESSED_DIRECT_HANDOFF,-28.52,40.57,-36.34,69.09,-0.703,92.2,NO_PROGRESSED_DIRECT_HANDOFF,-28.52,40.57,-36.34,69.09,-0.703,92.2,NO_PROGRESSED_BEFORE_CUTOFF,-28.52,40.57,-36.34,69.09,-0.703,92.2,LOSS_GUARD_CLOSE_LE_NEG_15,-19.82,40.57,-19.82,60.39,-0.4885,79.4,LOSS_GUARD_CLOSE_LE_NEG_15,-19.82,40.57,-19.82,60.39,-0.4885,79.4,LOSS_GUARD_CLOSE_LE_NEG_15,-19.82,40.57,-19.82,60.39,-0.4885,79.4,-4.78,-6.58,11.63,1.71
035900,JYP Ent.,KOSDAQ,2020-01-17,2020-01-20,26900.0,TRANSITION,TRIGGER,PERMITTED_REGIME,ELEVATED,68.04,READY,PROGRESSED_WITHOUT_DIRECT_HANDOFF,2020-08-31,2020-12-31,2020-12-30,False,True,2020-02-21,2020-02-24,21950.0,NO_PROGRESSED_DIRECT_HANDOFF,52.6,444.98,-43.49,392.38,0.1182,322.6,NO_PROGRESSED_DIRECT_HANDOFF,52.6,444.98,-43.49,392.38,0.1182,322.6,EXIT4_SCORE_DRAWDOWN_GE_15,32.53,62.08,-43.49,29.55,0.524,59.4,LOSS_GUARD_CLOSE_LE_NEG_15,-18.4,2.6,-18.4,21.0,-7.0769,4.8,LOSS_GUARD_CLOSE_LE_NEG_15,-18.4,2.6,-18.4,21.0,-7.0769,4.8,LOSS_GUARD_CLOSE_LE_NEG_15,-18.4,2.6,-18.4,21.0,-7.0769,4.8,-6.32,-33.83,-24.35,14.68
036200,유니셈,KOSDAQ,2025-09-05,2025-09-08,8010.0,TRANSITION,TRIGGER,PERMITTED_REGIME,ELEVATED,67.99,READY,NORMAL_EARLY_TREND_HANDOFF,2025-10-31,2026-03-31,2026-03-31,True,False,,,,EXIT3_PROGRESSED_TO_TRANSITION,46.69,57.3,-0.5,10.61,0.8148,31.6,EXIT3_PROGRESSED_TO_TRANSITION,46.69,57.3,-0.5,10.61,0.8148,31.6,EXIT3_PROGRESSED_TO_TRANSITION,46.69,57.3,-0.5,10.61,0.8148,31.6,EXIT3_PROGRESSED_TO_TRANSITION,46.69,57.3,-0.5,10.61,0.8148,31.6,EXIT3_PROGRESSED_TO_TRANSITION,46.69,57.3,-0.5,10.61,0.8148,31.6,EXIT3_PROGRESSED_TO_TRANSITION,46.69,57.3,-0.5,10.61,0.8148,31.6,34.08,22.1,14.86,22.1
036460,한국가스공사,KOSPI,2026-02-20,2026-02-23,45450.0,TRANSITION,TRIGGER,PERMITTED_REGIME,NORMAL,81.55,READY,NEVER_PROGRESSED,,,,False,True,2026-03-04,2026-03-05,37600.0,NO_PROGRESSED_DIRECT_HANDOFF,-19.47,0.11,-31.46,19.58,-177.0,23.8,NO_PROGRESSED_DIRECT_HANDOFF,-19.47,0.11,-31.46,19.58,-177.0,23.8,NO_PROGRESSED_BEFORE_CUTOFF,-19.47,0.11,-31.46,19.58,-177.0,23.8,LOSS_GUARD_CLOSE_LE_NEG_15,-17.27,0.11,-20.57,17.38,-157.0,1.6,LOSS_GUARD_CLOSE_LE_NEG_15,-17.27,0.11,-20.57,17.38,-157.0,1.6,LOSS_GUARD_CLOSE_LE_NEG_15,-17.27,0.11,-20.57,17.38,-157.0,1.6,-21.89,-19.69,-18.48,
036570,NC,KOSPI,2026-04-17,2026-04-20,274000.0,TRANSITION,TRIGGER,PERMITTED_REGIME,NORMAL,77.99,READY,NEVER_PROGRESSED,2026-05-31,,,False,True,2026-07-14,2026-07-15,232000.0,NO_PROGRESSED_DIRECT_HANDOFF,-9.67,25.36,-25.91,35.03,-0.3813,16.0,NO_PROGRESSED_DIRECT_HANDOFF,-9.67,25.36,-25.91,35.03,-0.3813,16.0,NO_PROGRESSED_BEFORE_CUTOFF,-9.67,25.36,-25.91,35.03,-0.3813,16.0,LOSS_GUARD_CLOSE_LE_NEG_15,-15.33,25.36,-16.97,40.69,-0.6045,11.8,LOSS_GUARD_CLOSE_LE_NEG_15,-15.33,25.36,-16.97,40.69,-0.6045,11.8,LOSS_GUARD_CLOSE_LE_NEG_15,-15.33,25.36,-16.97,40.69,-0.6045,11.8,-3.28,-5.66,-18.61,
036620,감성코퍼레이션,KOSDAQ,2025-03-28,2025-03-31,3835.0,TRANSITION,TRIGGER,PERMITTED_REGIME,NORMAL,77.32,PARTIAL,NORMAL_EARLY_TREND_HANDOFF,2025-03-31,2025-08-31,2025-08-29,True,False,,,,NO_EXIT_BEFORE_CUTOFF,13.17,100.78,-9.0,87.61,0.1307,67.4,EXIT4_SCORE_DRAWDOWN_GE_15,33.77,80.96,-9.0,47.19,0.4171,29.0,EXIT4_SCORE_DRAWDOWN_GE_15,33.77,80.96,-9.0,47.19,0.4171,29.0,NO_EXIT_BEFORE_CUTOFF,13.17,100.78,-9.0,87.61,0.1307,67.4,EXIT4_SCORE_DRAWDOWN_GE_15,33.77,80.96,-9.0,47.19,0.4171,29.0,EXIT4_SCORE_DRAWDOWN_GE_15,33.77,80.96,-9.0,47.19,0.4171,29.0,-0.91,29.34,62.97,46.28
036810,에프에스티,KOSDAQ,2025-09-12,2025-09-15,31882.0,TRANSITION,TRIGGER,PERMITTED_REGIME,ELEVATED,70.49,READY,PROGRESSED_WITHOUT_DIRECT_HANDOFF,2025-09-30,2026-02-28,2026-02-27,False,True,2025-11-21,2025-11-24,27370.0,NO_PROGRESSED_DIRECT_HANDOFF,-13.9,59.96,-52.95,73.86,-0.2318,44.6,NO_PROGRESSED_DIRECT_HANDOFF,-13.9,59.96,-52.95,73.86,-0.2318,44.6,EXIT4_SCORE_DRAWDOWN_GE_15,19.97,59.96,-18.66,39.99,0.3331,26.2,LOSS_GUARD_CLOSE_LE_NEG_15,-14.15,25.35,-18.51,39.5,-0.5582,9.2,LOSS_GUARD_CLOSE_LE_NEG_15,-14.15,25.35,-18.51,39.5,-0.5582,9.2,LOSS_GUARD_CLOSE_LE_NEG_15,-14.15,25.35,-18.51,39.5,-0.5582,9.2,5.45,2.49,-14.15,14.48
036830,솔브레인홀딩스,KOSDAQ,2025-10-17,2025-10-20,45050.0,TRANSITION,TRIGGER,PERMITTED_REGIME,ELEVATED,67.79,READY,NEVER_PROGRESSED,,,,False,True,2025-11-19,2025-11-20,38700.0,NO_PROGRESSED_DIRECT_HANDOFF,-11.32,79.36,-42.84,90.68,-0.1426,40.6,NO_PROGRESSED_DIRECT_HANDOFF,-11.32,79.36,-42.84,90.68,-0.1426,40.6,NO_PROGRESSED_BEFORE_CUTOFF,-11.32,79.36,-42.84,90.68,-0.1426,40.6,LOSS_GUARD_CLOSE_LE_NEG_15,-14.1,9.21,-16.2,23.31,-1.5309,4.8,LOSS_GUARD_CLOSE_LE_NEG_15,-14.1,9.21,-16.2,23.31,-1.5309,4.8,LOSS_GUARD_CLOSE_LE_NEG_15,-14.1,9.21,-16.2,23.31,-1.5309,4.8,-9.77,-9.21,-15.54,70.7
036890,진성티이씨,KOSDAQ,2025-06-13,2025-06-16,10530.0,TRANSITION,TRIGGER,PERMITTED_REGIME,NORMAL,79.69,READY,PROGRESSED_WITHOUT_DIRECT_HANDOFF,2025-10-31,2026-02-28,2026-02-27,False,False,,,,NO_PROGRESSED_DIRECT_HANDOFF,37.61,100.38,-2.94,62.77,0.3747,57.4,NO_PROGRESSED_DIRECT_HANDOFF,37.61,100.38,-2.94,62.77,0.3747,57.4,EXIT4_SCORE_DRAWDOWN_GE_15,57.17,75.5,-2.94,18.33,0.7572,39.0,NO_PROGRESSED_DIRECT_HANDOFF,37.61,100.38,-2.94,62.77,0.3747,57.4,NO_PROGRESSED_DIRECT_HANDOFF,37.61,100.38,-2.94,62.77,0.3747,57.4,EXIT4_SCORE_DRAWDOWN_GE_15,57.17,75.5,-2.94,18.33,0.7572,39.0,2.85,19.18,22.51,26.12
036930,주성엔지니어링,KOSDAQ,2025-03-21,2025-03-24,41950.0,EARLY_TREND,TRIGGER,PERMITTED_REGIME,NORMAL,77.32,PARTIAL,NORMAL_EARLY_TREND_HANDOFF,2025-03-21,2026-04-30,2026-04-30,True,True,2025-04-07,2025-04-08,35700.0,NO_EXIT_BEFORE_CUTOFF,323.84,574.61,-37.9,250.77,0.5636,68.4,EXIT4_SCORE_DRAWDOWN_GE_15,375.33,495.95,-37.9,120.62,0.7568,58.0,EXIT4_SCORE_DRAWDOWN_GE_15,375.33,495.95,-37.9,120.62,0.7568,58.0,LOSS_GUARD_CLOSE_LE_NEG_15,-14.9,1.79,-18.83,16.69,-8.324,2.4,LOSS_GUARD_CLOSE_LE_NEG_15,-14.9,1.79,-18.83,16.69,-8.324,2.4,LOSS_GUARD_CLOSE_LE_NEG_15,-14.9,1.79,-18.83,16.69,-8.324,2.4,-16.57,-21.33,-24.91,-25.39
037030,파워넷,KOSDAQ,2025-09-05,2025-09-08,3050.0,TRANSITION,TRIGGER,PERMITTED_REGIME,NORMAL,72.74,READY,NORMAL_EARLY_TREND_HANDOFF,2026-03-31,2026-04-30,2026-04-30,True,True,2025-11-18,2025-11-19,2510.0,EXIT3_PROGRESSED_TO_WEAK,3.44,240.98,-20.66,237.54,0.0143,43.8,EXIT4_SCORE_DRAWDOWN_GE_15,143.28,240.98,-20.66,97.7,0.5946,35.2,EXIT4_SCORE_DRAWDOWN_GE_15,143.28,240.98,-20.66,97.7,0.5946,35.2,LOSS_GUARD_CLOSE_LE_NEG_15,-17.7,18.52,-17.87,36.22,-0.9557,9.6,LOSS_GUARD_CLOSE_LE_NEG_15,-17.7,18.52,-17.87,36.22,-0.9557,9.6,LOSS_GUARD_CLOSE_LE_NEG_15,-17.7,18.52,-17.87,36.22,-0.9557,9.6,0.66,-12.79,-14.1,43.77
037070,파세코,KOSDAQ,2026-04-17,2026-04-20,9200.0,TRANSITION,TRIGGER,PERMITTED_REGIME,NORMAL,74.99,READY,NEVER_PROGRESSED,,,,False,True,2026-05-20,2026-05-21,7360.0,NO_PROGRESSED_DIRECT_HANDOFF,-38.15,8.48,-45.76,46.63,-4.4988,16.0,NO_PROGRESSED_DIRECT_HANDOFF,-38.15,8.48,-45.76,46.63,-4.4988,16.0,NO_PROGRESSED_BEFORE_CUTOFF,-38.15,8.48,-45.76,46.63,-4.4988,16.0,LOSS_GUARD_CLOSE_LE_NEG_15,-20.0,8.48,-23.59,28.48,-2.3585,4.4,LOSS_GUARD_CLOSE_LE_NEG_15,-20.0,8.48,-23.59,28.48,-2.3585,4.4,LOSS_GUARD_CLOSE_LE_NEG_15,-20.0,8.48,-23.59,28.48,-2.3585,4.4,-12.61,-31.63,-12.72,
037350,성도이엔지,KOSDAQ,2025-09-19,2025-09-22,5100.0,TRANSITION,TRIGGER,PERMITTED_REGIME,NORMAL,79.3,READY,NORMAL_EARLY_TREND_HANDOFF,2025-11-30,2026-03-31,2026-03-31,True,False,,,,NO_EXIT_BEFORE_CUTOFF,65.49,183.33,-8.04,117.84,0.3572,43.6,NO_EXIT_BEFORE_CUTOFF,65.49,183.33,-8.04,117.84,0.3572,43.6,NO_EXIT_BEFORE_CUTOFF,65.49,183.33,-8.04,117.84,0.3572,43.6,NO_EXIT_BEFORE_CUTOFF,65.49,183.33,-8.04,117.84,0.3572,43.6,NO_EXIT_BEFORE_CUTOFF,65.49,183.33,-8.04,117.84,0.3572,43.6,NO_EXIT_BEFORE_CUTOFF,65.49,183.33,-8.04,117.84,0.3572,43.6,-1.37,10.59,22.55,84.71
037460,삼지전자,KOSDAQ,2025-01-24,2025-01-31,9310.0,TRANSITION,TRIGGER,PERMITTED_REGIME,NORMAL,78.63,PARTIAL,NORMAL_EARLY_TREND_HANDOFF,2025-06-30,2025-12-31,2025-12-30,True,False,,,,NO_EXIT_BEFORE_CUTOFF,289.37,592.8,-6.66,303.43,0.4881,75.4,EXIT4_SCORE_DRAWDOWN_GE_15,143.82,152.69,-6.66,8.87,0.9419,49.4,EXIT4_SCORE_DRAWDOWN_GE_15,143.82,152.69,-6.66,8.87,0.9419,49.4,NO_EXIT_BEFORE_CUTOFF,289.37,592.8,-6.66,303.43,0.4881,75.4,EXIT4_SCORE_DRAWDOWN_GE_15,143.82,152.69,-6.66,8.87,0.9419,49.4,EXIT4_SCORE_DRAWDOWN_GE_15,143.82,152.69,-6.66,8.87,0.9419,49.4,-3.65,-1.5,7.95,26.85
037710,광주신세계,KOSPI,2025-07-11,2025-07-14,34250.0,TRANSITION,TRIGGER,PERMITTED_REGIME,NORMAL,79.3,READY,NEVER_PROGRESSED,2026-02-28,,,False,False,,,,NO_PROGRESSED_DIRECT_HANDOFF,16.2,74.01,-15.04,57.81,0.2189,53.4,NO_PROGRESSED_DIRECT_HANDOFF,16.2,74.01,-15.04,57.81,0.2189,53.4,NO_PROGRESSED_BEFORE_CUTOFF,16.2,74.01,-15.04,57.81,0.2189,53.4,NO_PROGRESSED_DIRECT_HANDOFF,16.2,74.01,-15.04,57.81,0.2189,53.4,NO_PROGRESSED_DIRECT_HANDOFF,16.2,74.01,-15.04,57.81,0.2189,53.4,NO_PROGRESSED_BEFORE_CUTOFF,16.2,74.01,-15.04,57.81,0.2189,53.4,-9.49,-12.41,-12.12,-9.78
039200,오스코텍,KOSDAQ,2025-07-18,2025-07-21,35050.0,TRANSITION,TRIGGER,PERMITTED_REGIME,NORMAL,74.49,READY,NORMAL_EARLY_TREND_HANDOFF,2025-08-31,2025-12-31,2025-12-30,True,False,,,,EXIT3_PROGRESSED_TO_BASE,-16.69,88.3,-22.11,104.99,-0.189,50.6,EXIT4_SCORE_DRAWDOWN_GE_15,47.5,88.3,-13.41,40.8,0.5379,34.0,EXIT4_SCORE_DRAWDOWN_GE_15,47.5,88.3,-13.41,40.8,0.5379,34.0,EXIT3_PROGRESSED_TO_BASE,-16.69,88.3,-22.11,104.99,-0.189,50.6,EXIT4_SCORE_DRAWDOWN_GE_15,47.5,88.3,-13.41,40.8,0.5379,34.0,EXIT4_SCORE_DRAWDOWN_GE_15,47.5,88.3,-13.41,40.8,0.5379,34.0,-3.99,22.25,13.27,58.63
039440,에스티아이,KOSDAQ,2025-12-12,2025-12-15,28000.0,TRANSITION,TRIGGER,PERMITTED_REGIME,ELEVATED,72.74,READY,NEVER_PROGRESSED,2026-01-31,,,False,True,2026-07-08,2026-07-09,23650.0,NO_PROGRESSED_DIRECT_HANDOFF,-15.36,54.29,-38.14,69.65,-0.2829,32.6,NO_PROGRESSED_DIRECT_HANDOFF,-15.36,54.29,-38.14,69.65,-0.2829,32.6,NO_PROGRESSED_BEFORE_CUTOFF,-15.36,54.29,-38.14,69.65,-0.2829,32.6,LOSS_GUARD_CLOSE_LE_NEG_15,-15.54,54.29,-16.25,69.83,-0.2862,27.6,LOSS_GUARD_CLOSE_LE_NEG_15,-15.54,54.29,-16.25,69.83,-0.2862,27.6,LOSS_GUARD_CLOSE_LE_NEG_15,-15.54,54.29,-16.25,69.83,-0.2862,27.6,6.43,25.36,15.36,-1.79
039560,다산네트웍스,KOSDAQ,2026-02-06,2026-02-09,3950.0,TRANSITION,TRIGGER,PERMITTED_REGIME,ELEVATED,65.54,READY,NEVER_PROGRESSED,,,,False,True,2026-03-04,2026-03-05,3550.0,NO_PROGRESSED_DIRECT_HANDOFF,-35.82,53.16,-50.63,88.98,-0.6738,25.2,NO_PROGRESSED_DIRECT_HANDOFF,-35.82,53.16,-50.63,88.98,-0.6738,25.2,NO_PROGRESSED_BEFORE_CUTOFF,-35.82,53.16,-50.63,88.98,-0.6738,25.2,LOSS_GUARD_CLOSE_LE_NEG_15,-10.13,7.85,-18.48,17.98,-1.2904,3.0,LOSS_GUARD_CLOSE_LE_NEG_15,-10.13,7.85,-18.48,17.98,-1.2904,3.0,LOSS_GUARD_CLOSE_LE_NEG_15,-10.13,7.85,-18.48,17.98,-1.2904,3.0,14.56,26.58,26.84,
039830,오로라,KOSDAQ,2025-02-07,2025-02-10,6620.0,TRANSITION,TRIGGER,PERMITTED_REGIME,NORMAL,72.88,PARTIAL,NORMAL_EARLY_TREND_HANDOFF,2025-06-30,2025-08-31,2025-08-29,True,False,,,,EXIT3_PROGRESSED_TO_WEAK,40.48,298.79,-15.86,258.31,0.1355,55.8,EXIT3_PROGRESSED_TO_WEAK,40.48,298.79,-15.86,258.31,0.1355,55.8,EXIT3_PROGRESSED_TO_WEAK,40.48,298.79,-15.86,258.31,0.1355,55.8,EXIT3_PROGRESSED_TO_WEAK,40.48,298.79,-15.86,258.31,0.1355,55.8,EXIT3_PROGRESSED_TO_WEAK,40.48,298.79,-15.86,258.31,0.1355,55.8,EXIT3_PROGRESSED_TO_WEAK,40.48,298.79,-15.86,258.31,0.1355,55.8,6.8,-13.6,-5.89,198.94
041190,우리기술투자,KOSDAQ,2025-06-13,2025-06-16,9820.0,TRANSITION,TRIGGER,PERMITTED_REGIME,ELEVATED,72.74,READY,NEVER_PROGRESSED,2025-06-30,,,False,True,2025-06-23,2025-06-24,8690.0,NO_PROGRESSED_DIRECT_HANDOFF,-49.95,33.81,-62.07,83.76,-1.4774,57.4,NO_PROGRESSED_DIRECT_HANDOFF,-49.95,33.81,-62.07,83.76,-1.4774,57.4,NO_PROGRESSED_BEFORE_CUTOFF,-49.95,33.81,-62.07,83.76,-1.4774,57.4,LOSS_GUARD_CLOSE_LE_NEG_15,-11.51,3.36,-17.62,14.87,-3.4256,1.4,LOSS_GUARD_CLOSE_LE_NEG_15,-11.51,3.36,-17.62,14.87,-3.4256,1.4,LOSS_GUARD_CLOSE_LE_NEG_15,-11.51,3.36,-17.62,14.87,-3.4256,1.4,21.49,4.89,11.61,-20.16
041440,현대에버다임,KOSDAQ,2026-02-06,2026-02-09,9130.0,TRANSITION,TRIGGER,PERMITTED_REGIME,ELEVATED,66.79,READY,NEVER_PROGRESSED,,,,False,True,2026-03-04,2026-03-05,7540.0,NO_PROGRESSED_DIRECT_HANDOFF,-28.81,23.99,-45.02,52.8,-1.2009,25.2,NO_PROGRESSED_DIRECT_HANDOFF,-28.81,23.99,-45.02,52.8,-1.2009,25.2,NO_PROGRESSED_BEFORE_CUTOFF,-28.81,23.99,-45.02,52.8,-1.2009,25.2,LOSS_GUARD_CLOSE_LE_NEG_15,-17.42,6.57,-20.37,23.99,-2.6514,3.0,LOSS_GUARD_CLOSE_LE_NEG_15,-17.42,6.57,-20.37,23.99,-2.6514,3.0,LOSS_GUARD_CLOSE_LE_NEG_15,-17.42,6.57,-20.37,23.99,-2.6514,3.0,-8.0,0.55,3.5,
041510,에스엠,KOSDAQ,2018-02-02,2018-02-05,37900.0,TRANSITION,TRIGGER,PERMITTED_REGIME,NORMAL,80.07,PARTIAL,NORMAL_EARLY_TREND_HANDOFF,2021-06-30,2018-06-30,2018-06-29,True,False,,,,EXIT3_PROGRESSED_TO_TRANSITION,145.91,325.33,-56.86,179.42,0.4485,254.2,EXIT4_SCORE_DRAWDOWN_GE_15,109.5,124.27,-56.86,14.77,0.8811,183.8,EXIT4_SCORE_DRAWDOWN_GE_15,109.5,124.27,-56.86,14.77,0.8811,183.8,EXIT3_PROGRESSED_TO_TRANSITION,145.91,325.33,-56.86,179.42,0.4485,254.2,EXIT4_SCORE_DRAWDOWN_GE_15,109.5,124.27,-56.86,14.77,0.8811,183.8,EXIT4_SCORE_DRAWDOWN_GE_15,109.5,124.27,-56.86,14.77,0.8811,183.8,-3.17,18.21,-7.12,15.7
041520,이엘씨,KOSDAQ,2025-05-23,2025-05-26,7490.0,TRANSITION,TRIGGER,PERMITTED_REGIME,NORMAL,78.63,PARTIAL,PROGRESSED_WITHOUT_DIRECT_HANDOFF,2025-06-30,2026-04-30,2026-04-30,False,True,2025-11-14,2025-11-17,6270.0,NO_PROGRESSED_DIRECT_HANDOFF,70.09,81.84,-18.16,11.75,0.8564,60.0,NO_PROGRESSED_DIRECT_HANDOFF,70.09,81.84,-18.16,11.75,0.8564,60.0,EXIT4_SCORE_DRAWDOWN_GE_15,20.16,81.84,-18.16,61.68,0.2463,58.2,LOSS_GUARD_CLOSE_LE_NEG_15,-16.29,34.45,-18.16,50.74,-0.4729,23.6,LOSS_GUARD_CLOSE_LE_NEG_15,-16.29,34.45,-18.16,50.74,-0.4729,23.6,LOSS_GUARD_CLOSE_LE_NEG_15,-16.29,34.45,-18.16,50.74,-0.4729,23.6,13.22,26.57,6.68,0.93
041830,인바디,KOSDAQ,2025-08-22,2025-08-25,27850.0,TRANSITION,TRIGGER,PERMITTED_REGIME,NORMAL,80.99,READY,NORMAL_EARLY_TREND_HANDOFF,2025-09-30,2026-06-30,2026-06-30,True,False,,,,NO_EXIT_BEFORE_CUTOFF,131.24,163.91,-6.64,32.67,0.8007,47.6,EXIT4_SCORE_DRAWDOWN_GE_15,68.58,130.52,-6.64,61.94,0.5254,45.8,EXIT4_SCORE_DRAWDOWN_GE_15,68.58,130.52,-6.64,61.94,0.5254,45.8,NO_EXIT_BEFORE_CUTOFF,131.24,163.91,-6.64,32.67,0.8007,47.6,EXIT4_SCORE_DRAWDOWN_GE_15,68.58,130.52,-6.64,61.94,0.5254,45.8,EXIT4_SCORE_DRAWDOWN_GE_15,68.58,130.52,-6.64,61.94,0.5254,45.8,3.05,2.87,1.97,6.64
041920,메디아나,KOSDAQ,2025-05-02,2025-05-07,5850.0,TRANSITION,TRIGGER,PERMITTED_REGIME,NORMAL,72.07,PARTIAL,NORMAL_EARLY_TREND_HANDOFF,2026-01-31,2026-02-28,2026-02-27,True,True,2025-10-14,2025-10-15,5000.0,EXIT3_PROGRESSED_TO_WEAK,36.75,405.98,-17.09,369.23,0.0905,60.8,EXIT3_PROGRESSED_TO_WEAK,36.75,405.98,-17.09,369.23,0.0905,60.8,EXIT3_PROGRESSED_TO_WEAK,36.75,405.98,-17.09,369.23,0.0905,60.8,LOSS_GUARD_CLOSE_LE_NEG_15,-14.53,14.02,-15.64,28.55,-1.0364,21.6,LOSS_GUARD_CLOSE_LE_NEG_15,-14.53,14.02,-15.64,28.55,-1.0364,21.6,LOSS_GUARD_CLOSE_LE_NEG_15,-14.53,14.02,-15.64,28.55,-1.0364,21.6,7.69,-1.03,0.85,-5.81
041960,코미팜,KOSDAQ,2025-05-02,2025-05-07,5840.0,TRANSITION,TRIGGER,PERMITTED_REGIME,ELEVATED,79.0,PARTIAL,PROGRESSED_WITHOUT_DIRECT_HANDOFF,2025-09-30,2025-12-31,2025-12-30,False,False,,,,NO_PROGRESSED_DIRECT_HANDOFF,57.53,84.76,-15.07,27.23,0.6787,62.6,NO_PROGRESSED_DIRECT_HANDOFF,57.53,84.76,-15.07,27.23,0.6787,62.6,EXIT4_SCORE_DRAWDOWN_GE_15,23.29,43.84,-15.07,20.55,0.5312,36.6,NO_PROGRESSED_DIRECT_HANDOFF,57.53,84.76,-15.07,27.23,0.6787,62.6,NO_PROGRESSED_DIRECT_HANDOFF,57.53,84.76,-15.07,27.23,0.6787,62.6,EXIT4_SCORE_DRAWDOWN_GE_15,23.29,43.84,-15.07,20.55,0.5312,36.6,-8.22,-5.65,-9.42,4.11
042370,비츠로테크,KOSDAQ,2026-01-09,2026-01-12,10660.0,TRANSITION,TRIGGER,PERMITTED_REGIME,NORMAL,77.99,READY,NORMAL_EARLY_TREND_HANDOFF,2026-01-31,2026-05-31,2026-05-29,True,True,2026-03-04,2026-03-05,9500.0,EXIT3_PROGRESSED_TO_WEAK,-11.35,123.26,-21.2,134.61,-0.0921,23.0,EXIT3_PROGRESSED_TO_WEAK,-11.35,123.26,-21.2,134.61,-0.0921,23.0,EXIT3_PROGRESSED_TO_WEAK,-11.35,123.26,-21.2,134.61,-0.0921,23.0,LOSS_GUARD_CLOSE_LE_NEG_15,-10.88,16.32,-21.2,27.2,-0.6667,7.0,LOSS_GUARD_CLOSE_LE_NEG_15,-10.88,16.32,-21.2,27.2,-0.6667,7.0,LOSS_GUARD_CLOSE_LE_NEG_15,-10.88,16.32,-21.2,27.2,-0.6667,7.0,-7.22,0.66,4.6,-22.14
042660,한화오션,KOSPI,2023-04-21,2023-04-24,24698.0,TRANSITION,TRIGGER,PERMITTED_REGIME,NORMAL,77.32,PARTIAL,NORMAL_EARLY_TREND_HANDOFF,2023-07-31,2023-08-31,2023-08-31,True,False,,,,EXIT3_PROGRESSED_TO_TRANSITION,23.9,79.5,-14.77,55.6,0.3006,62.6,EXIT4_SCORE_DRAWDOWN_GE_15,-5.26,79.5,-11.87,84.76,-0.0662,25.6,EXIT4_SCORE_DRAWDOWN_GE_15,-5.26,79.5,-11.87,84.76,-0.0662,25.6,EXIT3_PROGRESSED_TO_TRANSITION,23.9,79.5,-14.77,55.6,0.3006,62.6,EXIT4_SCORE_DRAWDOWN_GE_15,-5.26,79.5,-11.87,84.76,-0.0662,25.6,EXIT4_SCORE_DRAWDOWN_GE_15,-5.26,79.5,-11.87,84.76,-0.0662,25.6,3.6,40.65,59.53,-3.23
042700,한미반도체,KOSPI,2020-07-24,2020-07-27,6000.0,TRANSITION,TRIGGER,PERMITTED_REGIME,ELEVATED,72.74,READY,NORMAL_EARLY_TREND_HANDOFF,2020-07-31,2020-12-31,2020-12-30,True,True,2020-08-20,2020-08-21,5000.0,EXIT3_PROGRESSED_TO_TRANSITION,97.5,244.58,-19.0,147.08,0.3986,103.4,EXIT4_SCORE_DRAWDOWN_GE_15,58.33,81.67,-19.0,23.34,0.7142,25.6,EXIT4_SCORE_DRAWDOWN_GE_15,58.33,81.67,-19.0,23.34,0.7142,25.6,LOSS_GUARD_CLOSE_LE_NEG_15,-16.67,13.73,-18.0,30.4,-1.2141,3.8,LOSS_GUARD_CLOSE_LE_NEG_15,-16.67,13.73,-18.0,30.4,-1.2141,3.8,LOSS_GUARD_CLOSE_LE_NEG_15,-16.67,13.73,-18.0,30.4,-1.2141,3.8,-16.67,-14.58,-14.58,67.5
043260,성호전자,KOSDAQ,2025-10-31,2025-11-03,2015.0,TRANSITION,TRIGGER,PERMITTED_REGIME,ELEVATED,74.42,READY,NORMAL_EARLY_TREND_HANDOFF,2025-11-30,2026-01-31,2026-01-30,True,False,,,,NO_EXIT_BEFORE_CUTOFF,912.41,2857.82,-7.69,1945.41,0.3193,38.6,NO_EXIT_BEFORE_CUTOFF,912.41,2857.82,-7.69,1945.41,0.3193,38.6,NO_EXIT_BEFORE_CUTOFF,912.41,2857.82,-7.69,1945.41,0.3193,38.6,NO_EXIT_BEFORE_CUTOFF,912.41,2857.82,-7.69,1945.41,0.3193,38.6,NO_EXIT_BEFORE_CUTOFF,912.41,2857.82,-7.69,1945.41,0.3193,38.6,NO_EXIT_BEFORE_CUTOFF,912.41,2857.82,-7.69,1945.41,0.3193,38.6,21.59,367.0,641.94,2024.07
044450,KSS해운,KOSPI,2024-08-30,2024-09-02,9110.0,TRANSITION,TRIGGER,PERMITTED_REGIME,NORMAL,79.13,PARTIAL,NEVER_PROGRESSED,2025-07-31,,,False,False,,,,NO_PROGRESSED_DIRECT_HANDOFF,13.72,58.07,-11.75,44.35,0.2363,94.6,NO_PROGRESSED_DIRECT_HANDOFF,13.72,58.07,-11.75,44.35,0.2363,94.6,NO_PROGRESSED_BEFORE_CUTOFF,13.72,58.07,-11.75,44.35,0.2363,94.6,NO_PROGRESSED_DIRECT_HANDOFF,13.72,58.07,-11.75,44.35,0.2363,94.6,NO_PROGRESSED_DIRECT_HANDOFF,13.72,58.07,-11.75,44.35,0.2363,94.6,NO_PROGRESSED_BEFORE_CUTOFF,13.72,58.07,-11.75,44.35,0.2363,94.6,2.63,2.63,-5.16,-5.71
044820,코스맥스비티아이,KOSPI,2025-03-07,2025-03-10,9650.0,TRANSITION,TRIGGER,PERMITTED_REGIME,NORMAL,75.13,PARTIAL,NORMAL_EARLY_TREND_HANDOFF,2025-05-31,2025-08-31,2025-08-29,True,False,,,,NO_EXIT_BEFORE_CUTOFF,181.87,202.07,-2.59,20.2,0.9,70.4,EXIT4_SCORE_DRAWDOWN_GE_15,86.42,158.03,-2.59,71.61,0.5469,28.4,EXIT4_SCORE_DRAWDOWN_GE_15,86.42,158.03,-2.59,71.61,0.5469,28.4,NO_EXIT_BEFORE_CUTOFF,181.87,202.07,-2.59,20.2,0.9,70.4,EXIT4_SCORE_DRAWDOWN_GE_15,86.42,158.03,-2.59,71.61,0.5469,28.4,EXIT4_SCORE_DRAWDOWN_GE_15,86.42,158.03,-2.59,71.61,0.5469,28.4,10.36,16.99,58.03,91.5
045100,한양이엔지,KOSDAQ,2025-07-04,2025-07-07,18630.0,TRANSITION,TRIGGER,PERMITTED_REGIME,NORMAL,76.85,READY,NORMAL_EARLY_TREND_HANDOFF,2025-10-31,2026-03-31,2026-03-31,True,False,,,,NO_EXIT_BEFORE_CUTOFF,75.79,111.49,-4.24,35.7,0.6798,54.4,EXIT4_SCORE_DRAWDOWN_GE_15,76.33,101.29,-4.24,24.96,0.7536,40.4,EXIT4_SCORE_DRAWDOWN_GE_15,76.33,101.29,-4.24,24.96,0.7536,40.4,NO_EXIT_BEFORE_CUTOFF,75.79,111.49,-4.24,35.7,0.6798,54.4,EXIT4_SCORE_DRAWDOWN_GE_15,76.33,101.29,-4.24,24.96,0.7536,40.4,EXIT4_SCORE_DRAWDOWN_GE_15,76.33,101.29,-4.24,24.96,0.7536,40.4,-2.63,2.31,3.76,24.53
045390,대아티아이,KOSDAQ,2025-04-18,2025-04-21,4000.0,TRANSITION,TRIGGER,PERMITTED_REGIME,NORMAL,77.32,PARTIAL,NORMAL_EARLY_TREND_HANDOFF,2025-04-30,2025-08-31,2025-08-29,True,False,,,,EXIT3_PROGRESSED_TO_WEAK,-30.75,53.75,-35.38,84.5,-0.5721,58.2,EXIT4_SCORE_DRAWDOWN_GE_15,0.5,53.75,-7.75,53.25,0.0093,26.0,EXIT4_SCORE_DRAWDOWN_GE_15,0.5,53.75,-7.75,53.25,0.0093,26.0,EXIT3_PROGRESSED_TO_WEAK,-30.75,53.75,-35.38,84.5,-0.5721,58.2,EXIT4_SCORE_DRAWDOWN_GE_15,0.5,53.75,-7.75,53.25,0.0093,26.0,EXIT4_SCORE_DRAWDOWN_GE_15,0.5,53.75,-7.75,53.25,0.0093,26.0,14.0,37.75,26.25,-2.62
047040,대우건설,KOSPI,2025-05-30,2025-06-02,4275.0,TRANSITION,TRIGGER,PERMITTED_REGIME,NORMAL,77.32,PARTIAL,NORMAL_EARLY_TREND_HANDOFF,2026-02-28,2026-03-31,2026-03-31,True,True,2025-09-25,2025-09-26,3610.0,NO_EXIT_BEFORE_CUTOFF,321.29,843.86,-22.34,522.57,0.3807,59.0,EXIT4_SCORE_DRAWDOWN_GE_15,718.71,843.86,-22.34,125.15,0.8517,45.0,EXIT4_SCORE_DRAWDOWN_GE_15,718.71,843.86,-22.34,125.15,0.8517,45.0,LOSS_GUARD_CLOSE_LE_NEG_15,-15.56,12.4,-17.19,27.96,-1.2548,16.4,LOSS_GUARD_CLOSE_LE_NEG_15,-15.56,12.4,-17.19,27.96,-1.2548,16.4,LOSS_GUARD_CLOSE_LE_NEG_15,-15.56,12.4,-17.19,27.96,-1.2548,16.4,-1.17,-8.65,-10.88,-15.2
047050,포스코인터내셔널,KOSPI,2026-02-06,2026-02-09,65400.0,TRANSITION,TRIGGER,PERMITTED_REGIME,NORMAL,78.49,READY,PROGRESSED_WITHOUT_DIRECT_HANDOFF,2026-02-28,2026-07-31,2026-07-31,False,True,2026-06-08,2026-06-09,54800.0,NO_PROGRESSED_DIRECT_HANDOFF,-18.5,39.45,-31.42,57.95,-0.4689,25.2,NO_PROGRESSED_DIRECT_HANDOFF,-18.5,39.45,-31.42,57.95,-0.4689,25.2,NO_EXIT_BEFORE_CUTOFF,-18.5,39.45,-31.42,57.95,-0.4689,25.2,LOSS_GUARD_CLOSE_LE_NEG_15,-16.21,39.45,-17.43,55.66,-0.4109,15.8,LOSS_GUARD_CLOSE_LE_NEG_15,-16.21,39.45,-17.43,55.66,-0.4109,15.8,LOSS_GUARD_CLOSE_LE_NEG_15,-16.21,39.45,-17.43,55.66,-0.4109,15.8,21.56,13.0,15.14,
047770,코데즈컴바인,KOSDAQ,2025-08-01,2025-08-04,2080.0,TRANSITION,TRIGGER,PERMITTED_REGIME,ELEVATED,69.24,READY,SKIPPED_EARLY_TREND_HANDOFF,,2025-12-31,2025-12-30,False,False,,,,NO_PROGRESSED_DIRECT_HANDOFF,29.81,186.54,-9.71,156.73,0.1598,50.4,NO_PROGRESSED_DIRECT_HANDOFF,29.81,186.54,-9.71,156.73,0.1598,50.4,EXIT4_SCORE_DRAWDOWN_GE_15,40.38,108.65,-9.71,68.27,0.3717,24.4,NO_PROGRESSED_DIRECT_HANDOFF,29.81,186.54,-9.71,156.73,0.1598,50.4,NO_PROGRESSED_DIRECT_HANDOFF,29.81,186.54,-9.71,156.73,0.1598,50.4,EXIT4_SCORE_DRAWDOWN_GE_15,40.38,108.65,-9.71,68.27,0.3717,24.4,-0.48,-3.37,19.23,92.07
047810,한국항공우주,KOSPI,2025-03-07,2025-03-10,79900.0,EARLY_TREND,TRIGGER,PERMITTED_REGIME,NORMAL,77.32,PARTIAL,NORMAL_EARLY_TREND_HANDOFF,2025-03-07,2025-06-30,2025-06-30,True,False,,,,NO_EXIT_BEFORE_CUTOFF,83.23,169.71,-11.64,86.48,0.4904,70.4,EXIT4_SCORE_DRAWDOWN_GE_15,19.4,30.66,-11.64,11.26,0.6327,24.0,EXIT4_SCORE_DRAWDOWN_GE_15,19.4,30.66,-11.64,11.26,0.6327,24.0,NO_EXIT_BEFORE_CUTOFF,83.23,169.71,-11.64,86.48,0.4904,70.4,EXIT4_SCORE_DRAWDOWN_GE_15,19.4,30.66,-11.64,11.26,0.6327,24.0,EXIT4_SCORE_DRAWDOWN_GE_15,19.4,30.66,-11.64,11.26,0.6327,24.0,-3.13,10.14,11.64,22.15
049430,코메론,KOSDAQ,2024-10-04,2024-10-07,10910.0,TRANSITION,TRIGGER,PERMITTED_REGIME,NORMAL,80.32,PARTIAL,NORMAL_EARLY_TREND_HANDOFF,2025-12-31,2026-04-30,2026-04-30,True,True,2025-04-07,2025-04-08,9530.0,NO_EXIT_BEFORE_CUTOFF,97.98,116.77,-17.32,18.79,0.8391,90.6,EXIT4_SCORE_DRAWDOWN_GE_15,80.2,116.77,-17.32,36.57,0.6868,88.8,EXIT4_SCORE_DRAWDOWN_GE_15,80.2,116.77,-17.32,36.57,0.6868,88.8,LOSS_GUARD_CLOSE_LE_NEG_15,-12.65,24.66,-16.41,37.31,-0.513,24.6,LOSS_GUARD_CLOSE_LE_NEG_15,-12.65,24.66,-16.41,37.31,-0.513,24.6,LOSS_GUARD_CLOSE_LE_NEG_15,-12.65,24.66,-16.41,37.31,-0.513,24.6,-4.31,-11.64,-4.95,-13.93
049630,재영솔루텍,KOSDAQ,2025-04-18,2025-04-21,4575.0,TRANSITION,TRIGGER,PERMITTED_REGIME,ELEVATED,72.07,PARTIAL,NORMAL_EARLY_TREND_HANDOFF,2025-04-30,2025-11-30,2025-11-28,True,True,2025-07-18,2025-07-21,3885.0,EXIT3_PROGRESSED_TO_WEAK,58.03,785.25,-22.19,727.22,0.0739,58.2,EXIT4_SCORE_DRAWDOWN_GE_15,397.81,419.67,-22.19,21.86,0.9479,34.2,EXIT4_SCORE_DRAWDOWN_GE_15,397.81,419.67,-22.19,21.86,0.9479,34.2,LOSS_GUARD_CLOSE_LE_NEG_15,-15.08,5.9,-15.52,20.98,-2.5559,12.2,LOSS_GUARD_CLOSE_LE_NEG_15,-15.08,5.9,-15.52,20.98,-2.5559,12.2,LOSS_GUARD_CLOSE_LE_NEG_15,-15.08,5.9,-15.52,20.98,-2.5559,12.2,-4.15,-3.61,-15.41,39.89
049720,고려신용정보,KOSDAQ,2025-09-26,2025-09-29,10830.0,TRANSITION,TRIGGER,PERMITTED_REGIME,NORMAL,79.3,READY,NEVER_PROGRESSED,,,,False,True,2026-07-30,2026-07-31,9180.0,NO_PROGRESSED_DIRECT_HANDOFF,-12.19,10.25,-18.56,22.44,-1.1893,42.6,NO_PROGRESSED_DIRECT_HANDOFF,-12.19,10.25,-18.56,22.44,-1.1893,42.6,NO_PROGRESSED_BEFORE_CUTOFF,-12.19,10.25,-18.56,22.44,-1.1893,42.6,LOSS_GUARD_CLOSE_LE_NEG_15,-15.24,10.25,-15.88,25.49,-1.4868,40.6,LOSS_GUARD_CLOSE_LE_NEG_15,-15.24,10.25,-15.88,25.49,-1.4868,40.6,LOSS_GUARD_CLOSE_LE_NEG_15,-15.24,10.25,-15.88,25.49,-1.4868,40.6,-3.51,1.2,-1.75,-4.71
050890,쏠리드,KOSDAQ,2025-01-03,2025-01-06,7110.0,EARLY_TREND,TRIGGER,PERMITTED_REGIME,NORMAL,80.32,PARTIAL,NORMAL_EARLY_TREND_HANDOFF,2025-01-03,2026-03-31,2026-03-31,True,True,2025-01-13,2025-01-14,5790.0,NO_EXIT_BEFORE_CUTOFF,45.71,193.95,-19.41,148.24,0.2357,78.4,EXIT4_SCORE_DRAWDOWN_GE_15,146.84,181.29,-19.41,34.45,0.81,64.4,EXIT4_SCORE_DRAWDOWN_GE_15,146.84,181.29,-19.41,34.45,0.81,64.4,LOSS_GUARD_CLOSE_LE_NEG_15,-18.57,4.36,-18.57,22.93,-4.2592,1.4,LOSS_GUARD_CLOSE_LE_NEG_15,-18.57,4.36,-18.57,22.93,-4.2592,1.4,LOSS_GUARD_CLOSE_LE_NEG_15,-18.57,4.36,-18.57,22.93,-4.2592,1.4,10.13,-4.36,-9.0,-2.11
051160,지어소프트,KOSDAQ,2025-06-20,2025-06-23,11700.0,TRANSITION,TRIGGER,PERMITTED_REGIME,NORMAL,75.54,READY,NEVER_PROGRESSED,2025-06-30,,,False,True,2025-08-01,2025-08-04,9720.0,NO_PROGRESSED_DIRECT_HANDOFF,-11.11,8.21,-46.41,19.32,-1.3532,56.4,NO_PROGRESSED_DIRECT_HANDOFF,-11.11,8.21,-46.41,19.32,-1.3532,56.4,NO_PROGRESSED_BEFORE_CUTOFF,-11.11,8.21,-46.41,19.32,-1.3532,56.4,LOSS_GUARD_CLOSE_LE_NEG_15,-16.92,8.21,-16.92,25.13,-2.0609,6.2,LOSS_GUARD_CLOSE_LE_NEG_15,-16.92,8.21,-16.92,25.13,-2.0609,6.2,LOSS_GUARD_CLOSE_LE_NEG_15,-16.92,8.21,-16.92,25.13,-2.0609,6.2,-8.97,-20.94,-28.8,-32.56
051600,한전KPS,KOSPI,2025-06-13,2025-06-16,53000.0,TRANSITION,TRIGGER,PERMITTED_REGIME,ELEVATED,73.94,READY,NEVER_PROGRESSED,2025-06-30,,,False,True,2026-06-26,2026-06-29,44050.0,NO_PROGRESSED_DIRECT_HANDOFF,-12.55,30.19,-21.7,42.74,-0.4157,57.4,NO_PROGRESSED_DIRECT_HANDOFF,-12.55,30.19,-21.7,42.74,-0.4157,57.4,NO_PROGRESSED_BEFORE_CUTOFF,-12.55,30.19,-21.7,42.74,-0.4157,57.4,LOSS_GUARD_CLOSE_LE_NEG_15,-16.89,30.19,-20.09,47.08,-0.5595,50.8,LOSS_GUARD_CLOSE_LE_NEG_15,-16.89,30.19,-20.09,47.08,-0.5595,50.8,LOSS_GUARD_CLOSE_LE_NEG_15,-16.89,30.19,-20.09,47.08,-0.5595,50.8,2.83,-1.13,-3.77,0.38
051910,LG화학,KOSPI,2020-02-07,2020-02-10,382500.0,TRANSITION,TRIGGER,PERMITTED_REGIME,ELEVATED,72.74,READY,NORMAL_EARLY_TREND_HANDOFF,2020-06-30,2020-09-30,2020-09-29,True,True,2020-03-16,2020-03-17,295000.0,EXIT3_PROGRESSED_TO_TRANSITION,47.71,174.51,-39.87,126.8,0.2734,102.0,EXIT4_SCORE_DRAWDOWN_GE_15,59.22,105.23,-39.87,46.01,0.5628,36.4,EXIT4_SCORE_DRAWDOWN_GE_15,59.22,105.23,-39.87,46.01,0.5628,36.4,LOSS_GUARD_CLOSE_LE_NEG_15,-22.88,10.46,-22.88,33.34,-2.1874,5.4,LOSS_GUARD_CLOSE_LE_NEG_15,-22.88,10.46,-22.88,33.34,-2.1874,5.4,LOSS_GUARD_CLOSE_LE_NEG_15,-22.88,10.46,-22.88,33.34,-2.1874,5.4,4.58,-24.05,-7.45,92.68
052020,에스티큐브,KOSDAQ,2026-03-06,2026-03-09,10760.0,TRANSITION,TRIGGER,PERMITTED_REGIME,ELEVATED,72.74,READY,NORMAL_EARLY_TREND_HANDOFF,2026-03-31,2026-04-30,2026-04-30,True,False,,,,EXIT3_PROGRESSED_TO_WEAK,-34.29,109.11,-44.14,143.4,-0.3143,20.2,EXIT3_PROGRESSED_TO_WEAK,-34.29,109.11,-44.14,143.4,-0.3143,20.2,EXIT3_PROGRESSED_TO_WEAK,-34.29,109.11,-44.14,143.4,-0.3143,20.2,EXIT3_PROGRESSED_TO_WEAK,-34.29,109.11,-44.14,143.4,-0.3143,20.2,EXIT3_PROGRESSED_TO_WEAK,-34.29,109.11,-44.14,143.4,-0.3143,20.2,EXIT3_PROGRESSED_TO_WEAK,-34.29,109.11,-44.14,143.4,-0.3143,20.2,47.96,76.58,4.93,
052330,코텍,KOSDAQ,2025-03-14,2025-03-17,8950.0,TRANSITION,TRIGGER,PERMITTED_REGIME,NORMAL,73.62,PARTIAL,NEVER_PROGRESSED,2025-05-31,,,False,False,,,,NO_PROGRESSED_DIRECT_HANDOFF,37.99,62.01,-5.81,24.02,0.6126,69.4,NO_PROGRESSED_DIRECT_HANDOFF,37.99,62.01,-5.81,24.02,0.6126,69.4,NO_PROGRESSED_BEFORE_CUTOFF,37.99,62.01,-5.81,24.02,0.6126,69.4,NO_PROGRESSED_DIRECT_HANDOFF,37.99,62.01,-5.81,24.02,0.6126,69.4,NO_PROGRESSED_DIRECT_HANDOFF,37.99,62.01,-5.81,24.02,0.6126,69.4,NO_PROGRESSED_BEFORE_CUTOFF,37.99,62.01,-5.81,24.02,0.6126,69.4,0.78,9.27,9.16,-1.56
052710,아모텍,KOSDAQ,2025-08-22,2025-08-25,10437.0,TRANSITION,TRIGGER,PERMITTED_REGIME,NORMAL,80.74,READY,SKIPPED_EARLY_TREND_HANDOFF,,2025-08-31,2025-08-29,False,False,,,,NO_PROGRESSED_DIRECT_HANDOFF,28.58,209.85,-29.58,181.27,0.1362,47.6,NO_PROGRESSED_DIRECT_HANDOFF,28.58,209.85,-29.58,181.27,0.1362,47.6,EXIT4_SCORE_DRAWDOWN_GE_15,-9.84,26.07,-14.53,35.91,-0.3774,9.2,NO_PROGRESSED_DIRECT_HANDOFF,28.58,209.85,-29.58,181.27,0.1362,47.6,NO_PROGRESSED_DIRECT_HANDOFF,28.58,209.85,-29.58,181.27,0.1362,47.6,EXIT4_SCORE_DRAWDOWN_GE_15,-9.84,26.07,-14.53,35.91,-0.3774,9.2,18.71,-7.26,-23.08,7.78
053030,바이넥스,KOSDAQ,2024-08-16,2024-08-19,23000.0,EARLY_TREND,TRIGGER,PERMITTED_REGIME,ELEVATED,73.5,PARTIAL,NORMAL_EARLY_TREND_HANDOFF,2024-08-16,2024-08-31,2024-08-30,True,False,,,,EXIT3_PROGRESSED_TO_TRANSITION,-28.35,18.7,-44.35,47.05,-1.516,54.6,EXIT4_SCORE_DRAWDOWN_GE_15,4.13,18.7,-16.61,14.57,0.2209,5.8,EXIT4_SCORE_DRAWDOWN_GE_15,4.13,18.7,-16.61,14.57,0.2209,5.8,EXIT3_PROGRESSED_TO_TRANSITION,-28.35,18.7,-44.35,47.05,-1.516,54.6,EXIT4_SCORE_DRAWDOWN_GE_15,4.13,18.7,-16.61,14.57,0.2209,5.8,EXIT4_SCORE_DRAWDOWN_GE_15,4.13,18.7,-16.61,14.57,0.2209,5.8,-6.09,1.52,-25.57,-28.04
053690,한미글로벌,KOSPI,2026-03-20,2026-03-23,27700.0,TRANSITION,TRIGGER,PERMITTED_REGIME,ELEVATED,74.99,READY,NEVER_PROGRESSED,,,,False,True,2026-05-15,2026-05-18,22700.0,NO_PROGRESSED_DIRECT_HANDOFF,-31.84,25.45,-50.4,57.29,-1.2511,20.0,NO_PROGRESSED_DIRECT_HANDOFF,-31.84,25.45,-50.4,57.29,-1.2511,20.0,NO_PROGRESSED_BEFORE_CUTOFF,-31.84,25.45,-50.4,57.29,-1.2511,20.0,LOSS_GUARD_CLOSE_LE_NEG_15,-18.05,25.45,-18.05,43.5,-0.7092,7.8,LOSS_GUARD_CLOSE_LE_NEG_15,-18.05,25.45,-18.05,43.5,-0.7092,7.8,LOSS_GUARD_CLOSE_LE_NEG_15,-18.05,25.45,-18.05,43.5,-0.7092,7.8,15.34,-19.86,-27.83,
053800,안랩,KOSDAQ,2025-04-04,2025-04-07,98000.0,TRANSITION,TRIGGER,PERMITTED_REGIME,NORMAL,77.32,PARTIAL,NEVER_PROGRESSED,,,,False,True,2025-04-16,2025-04-17,81400.0,NO_PROGRESSED_DIRECT_HANDOFF,-39.49,19.08,-48.16,58.57,-2.0697,66.4,NO_PROGRESSED_DIRECT_HANDOFF,-39.49,19.08,-48.16,58.57,-2.0697,66.4,NO_PROGRESSED_BEFORE_CUTOFF,-39.49,19.08,-48.16,58.57,-2.0697,66.4,LOSS_GUARD_CLOSE_LE_NEG_15,-16.94,19.08,-17.55,36.02,-0.8878,1.8,LOSS_GUARD_CLOSE_LE_NEG_15,-16.94,19.08,-17.55,36.02,-0.8878,1.8,LOSS_GUARD_CLOSE_LE_NEG_15,-16.94,19.08,-17.55,36.02,-0.8878,1.8,-32.04,-34.59,-31.53,-40.2
054210,이랜텍,KOSDAQ,2025-12-12,2025-12-15,9510.0,TRANSITION,TRIGGER,PERMITTED_REGIME,NORMAL,73.24,READY,NORMAL_EARLY_TREND_HANDOFF,2026-02-28,2026-03-31,2026-03-31,True,True,2026-01-08,2026-01-09,7840.0,EXIT3_PROGRESSED_TO_BASE,-31.55,52.37,-40.06,83.92,-0.6024,30.8,EXIT4_SCORE_DRAWDOWN_GE_15,11.57,52.37,-20.08,40.8,0.2209,22.2,EXIT4_SCORE_DRAWDOWN_GE_15,11.57,52.37,-20.08,40.8,0.2209,22.2,LOSS_GUARD_CLOSE_LE_NEG_15,-17.56,2.0,-18.09,19.56,-8.78,3.4,LOSS_GUARD_CLOSE_LE_NEG_15,-17.56,2.0,-18.09,19.56,-8.78,3.4,LOSS_GUARD_CLOSE_LE_NEG_15,-17.56,2.0,-18.09,19.56,-8.78,3.4,-8.62,11.99,7.78,-19.87
054950,제이브이엠,KOSDAQ,2025-06-13,2025-06-16,24800.0,TRANSITION,TRIGGER,PERMITTED_REGIME,NORMAL,78.54,READY,NEVER_PROGRESSED,,,,False,True,2026-06-23,2026-06-24,20750.0,NO_PROGRESSED_DIRECT_HANDOFF,-2.82,39.11,-19.64,41.93,-0.0721,57.4,NO_PROGRESSED_DIRECT_HANDOFF,-2.82,39.11,-19.64,41.93,-0.0721,57.4,NO_PROGRESSED_BEFORE_CUTOFF,-2.82,39.11,-19.64,41.93,-0.0721,57.4,LOSS_GUARD_CLOSE_LE_NEG_15,-16.33,39.11,-17.34,55.44,-0.4175,50.2,LOSS_GUARD_CLOSE_LE_NEG_15,-16.33,39.11,-17.34,55.44,-0.4175,50.2,LOSS_GUARD_CLOSE_LE_NEG_15,-16.33,39.11,-17.34,55.44,-0.4175,50.2,0.81,12.9,36.29,8.47
055550,신한지주,KOSPI,2017-05-12,2017-05-15,50500.0,TRANSITION,TRIGGER,PERMITTED_REGIME,NORMAL,81.38,PARTIAL,NORMAL_EARLY_TREND_HANDOFF,2023-01-31,2024-10-31,2024-10-31,True,True,2018-07-04,2018-07-05,42450.0,EXIT3_PROGRESSED_TO_EARLY_TREND,32.28,45.54,-56.73,13.26,0.7088,403.6,EXIT3_PROGRESSED_TO_EARLY_TREND,32.28,45.54,-56.73,13.26,0.7088,403.6,EXIT3_PROGRESSED_TO_EARLY_TREND,32.28,45.54,-56.73,13.26,0.7088,403.6,LOSS_GUARD_CLOSE_LE_NEG_15,-15.94,9.9,-16.14,25.84,-1.6101,56.0,LOSS_GUARD_CLOSE_LE_NEG_15,-15.94,9.9,-16.14,25.84,-1.6101,56.0,LOSS_GUARD_CLOSE_LE_NEG_15,-15.94,9.9,-16.14,25.84,-1.6101,56.0,-0.4,-2.18,9.31,-4.55
056190,SFA,KOSDAQ,2026-01-30,2026-02-02,33100.0,TRANSITION,TRIGGER,PERMITTED_REGIME,NORMAL,80.24,READY,PROGRESSED_WITHOUT_DIRECT_HANDOFF,2026-02-28,2026-06-30,2026-06-30,False,True,2026-03-04,2026-03-05,29350.0,NO_PROGRESSED_DIRECT_HANDOFF,-22.81,10.27,-49.09,33.08,-2.221,26.2,NO_PROGRESSED_DIRECT_HANDOFF,-22.81,10.27,-49.09,33.08,-2.221,26.2,NO_EXIT_BEFORE_CUTOFF,-22.81,10.27,-49.09,33.08,-2.221,26.2,LOSS_GUARD_CLOSE_LE_NEG_15,-11.33,10.27,-16.77,21.6,-1.1032,4.0,LOSS_GUARD_CLOSE_LE_NEG_15,-11.33,10.27,-16.77,21.6,-1.1032,4.0,LOSS_GUARD_CLOSE_LE_NEG_15,-11.33,10.27,-16.77,21.6,-1.1032,4.0,-9.37,-18.58,-5.14,-26.59
058430,포스코스틸리온,KOSPI,2026-02-20,2026-02-23,4600.0,TRANSITION,TRIGGER,PERMITTED_REGIME,NORMAL,80.24,READY,PROGRESSED_WITHOUT_DIRECT_HANDOFF,2026-04-30,2026-06-30,2026-06-30,False,False,,,,NO_PROGRESSED_DIRECT_HANDOFF,2.39,128.26,-21.74,125.87,0.0186,23.8,NO_PROGRESSED_DIRECT_HANDOFF,2.39,128.26,-21.74,125.87,0.0186,23.8,EXIT4_SCORE_DRAWDOWN_GE_15,-7.39,128.26,-21.74,135.65,-0.0576,22.0,NO_PROGRESSED_DIRECT_HANDOFF,2.39,128.26,-21.74,125.87,0.0186,23.8,NO_PROGRESSED_DIRECT_HANDOFF,2.39,128.26,-21.74,125.87,0.0186,23.8,EXIT4_SCORE_DRAWDOWN_GE_15,-7.39,128.26,-21.74,135.65,-0.0576,22.0,-4.35,4.35,33.26,
058470,리노공업,KOSDAQ,2025-10-17,2025-10-20,56900.0,EARLY_TREND,TRIGGER,PERMITTED_REGIME,ELEVATED,72.74,READY,NORMAL_EARLY_TREND_HANDOFF,2025-10-17,2026-02-28,2026-02-27,True,False,,,,NO_EXIT_BEFORE_CUTOFF,24.43,126.71,-6.68,102.28,0.1928,40.6,NO_EXIT_BEFORE_CUTOFF,24.43,126.71,-6.68,102.28,0.1928,40.6,NO_EXIT_BEFORE_CUTOFF,24.43,126.71,-6.68,102.28,0.1928,40.6,NO_EXIT_BEFORE_CUTOFF,24.43,126.71,-6.68,102.28,0.1928,40.6,NO_EXIT_BEFORE_CUTOFF,24.43,126.71,-6.68,102.28,0.1928,40.6,NO_EXIT_BEFORE_CUTOFF,24.43,126.71,-6.68,102.28,0.1928,40.6,-0.7,11.78,13.53,95.78
058610,에스피지,KOSDAQ,2025-01-31,2025-02-03,30500.0,EARLY_TREND,TRIGGER,PERMITTED_REGIME,NORMAL,77.32,PARTIAL,NORMAL_EARLY_TREND_HANDOFF,2025-01-31,2025-12-31,2025-12-30,True,True,2025-02-28,2025-03-04,25700.0,NO_EXIT_BEFORE_CUTOFF,288.85,443.28,-37.28,154.43,0.6516,75.2,EXIT4_SCORE_DRAWDOWN_GE_15,391.8,443.28,-37.28,51.48,0.8839,49.2,EXIT4_SCORE_DRAWDOWN_GE_15,391.8,443.28,-37.28,51.48,0.8839,49.2,LOSS_GUARD_CLOSE_LE_NEG_15,-15.74,17.05,-15.74,32.79,-0.9232,4.2,LOSS_GUARD_CLOSE_LE_NEG_15,-15.74,17.05,-15.74,32.79,-0.9232,4.2,LOSS_GUARD_CLOSE_LE_NEG_15,-15.74,17.05,-15.74,32.79,-0.9232,4.2,-15.25,-25.57,-17.7,-16.56
058970,엠로,KOSDAQ,2025-02-07,2025-02-10,80100.0,EARLY_TREND,TRIGGER,PERMITTED_REGIME,ELEVATED,72.07,PARTIAL,NEVER_PROGRESSED,2025-02-07,,,False,True,2025-02-26,2025-02-27,67500.0,NO_PROGRESSED_DIRECT_HANDOFF,-79.03,0.37,-85.14,79.4,-213.5946,74.2,NO_PROGRESSED_DIRECT_HANDOFF,-79.03,0.37,-85.14,79.4,-213.5946,74.2,NO_PROGRESSED_BEFORE_CUTOFF,-79.03,0.37,-85.14,79.4,-213.5946,74.2,LOSS_GUARD_CLOSE_LE_NEG_15,-15.73,0.37,-16.73,16.1,-42.5135,2.8,LOSS_GUARD_CLOSE_LE_NEG_15,-15.73,0.37,-16.73,16.1,-42.5135,2.8,LOSS_GUARD_CLOSE_LE_NEG_15,-15.73,0.37,-16.73,16.1,-42.5135,2.8,-31.59,-43.26,-33.58,-46.57
059090,미코,KOSDAQ,2025-05-09,2025-05-12,11110.0,TRANSITION,TRIGGER,PERMITTED_REGIME,NORMAL,73.82,PARTIAL,NORMAL_EARLY_TREND_HANDOFF,2025-07-31,2025-11-30,2025-11-28,True,False,,,,NO_EXIT_BEFORE_CUTOFF,74.17,163.28,-2.34,89.11,0.4543,62.0,EXIT4_SCORE_DRAWDOWN_GE_15,115.12,127.27,-2.34,12.15,0.9045,48.0,EXIT4_SCORE_DRAWDOWN_GE_15,115.12,127.27,-2.34,12.15,0.9045,48.0,NO_EXIT_BEFORE_CUTOFF,74.17,163.28,-2.34,89.11,0.4543,62.0,EXIT4_SCORE_DRAWDOWN_GE_15,115.12,127.27,-2.34,12.15,0.9045,48.0,EXIT4_SCORE_DRAWDOWN_GE_15,115.12,127.27,-2.34,12.15,0.9045,48.0,19.35,26.28,36.9,19.26
059120,아진엑스텍,KOSDAQ,2025-10-10,2025-10-13,4132.0,TRANSITION,TRIGGER,PERMITTED_REGIME,NORMAL,72.74,READY,PROGRESSED_WITHOUT_DIRECT_HANDOFF,2026-01-31,2026-03-31,2026-03-31,False,False,,,,NO_PROGRESSED_DIRECT_HANDOFF,83.2,250.92,-15.25,167.72,0.3316,41.6,NO_PROGRESSED_DIRECT_HANDOFF,83.2,250.92,-15.25,167.72,0.3316,41.6,EXIT4_SCORE_DRAWDOWN_GE_15,124.83,182.43,-15.25,57.6,0.6843,27.6,NO_PROGRESSED_DIRECT_HANDOFF,83.2,250.92,-15.25,167.72,0.3316,41.6,NO_PROGRESSED_DIRECT_HANDOFF,83.2,250.92,-15.25,167.72,0.3316,41.6,EXIT4_SCORE_DRAWDOWN_GE_15,124.83,182.43,-15.25,57.6,0.6843,27.6,-11.01,9.32,25.56,78.85
059210,메타바이오메드,KOSDAQ,2025-05-09,2025-05-12,5410.0,EARLY_TREND,TRIGGER,PERMITTED_REGIME,ELEVATED,69.31,PARTIAL,NEVER_PROGRESSED,2025-05-09,,,False,True,2026-01-19,2026-01-20,4570.0,NO_PROGRESSED_DIRECT_HANDOFF,-21.81,22.0,-39.65,43.81,-0.9914,62.0,NO_PROGRESSED_DIRECT_HANDOFF,-21.81,22.0,-39.65,43.81,-0.9914,62.0,NO_PROGRESSED_BEFORE_CUTOFF,-21.81,22.0,-39.65,43.81,-0.9914,62.0,LOSS_GUARD_CLOSE_LE_NEG_15,-15.53,22.0,-15.9,37.53,-0.7059,34.2,LOSS_GUARD_CLOSE_LE_NEG_15,-15.53,22.0,-15.9,37.53,-0.7059,34.2,LOSS_GUARD_CLOSE_LE_NEG_15,-15.53,22.0,-15.9,37.53,-0.7059,34.2,4.99,-2.4,6.84,-1.29
060980,HL홀딩스,KOSPI,2025-02-28,2025-03-04,36900.0,TRANSITION,TRIGGER,PERMITTED_REGIME,NORMAL,77.12,PARTIAL,NEVER_PROGRESSED,2025-06-30,,,False,False,,,,NO_PROGRESSED_DIRECT_HANDOFF,11.38,48.24,-10.16,36.86,0.2359,71.2,NO_PROGRESSED_DIRECT_HANDOFF,11.38,48.24,-10.16,36.86,0.2359,71.2,NO_PROGRESSED_BEFORE_CUTOFF,11.38,48.24,-10.16,36.86,0.2359,71.2,NO_PROGRESSED_DIRECT_HANDOFF,11.38,48.24,-10.16,36.86,0.2359,71.2,NO_PROGRESSED_DIRECT_HANDOFF,11.38,48.24,-10.16,36.86,0.2359,71.2,NO_PROGRESSED_BEFORE_CUTOFF,11.38,48.24,-10.16,36.86,0.2359,71.2,-6.37,-1.49,8.54,10.57
064760,티씨케이,KOSDAQ,2025-06-20,2025-06-23,100300.0,TRANSITION,TRIGGER,PERMITTED_REGIME,NORMAL,70.79,READY,PROGRESSED_WITHOUT_DIRECT_HANDOFF,2025-09-30,2025-12-31,2025-12-30,False,False,,,,NO_PROGRESSED_DIRECT_HANDOFF,143.27,247.46,-9.87,104.19,0.579,56.4,NO_PROGRESSED_DIRECT_HANDOFF,143.27,247.46,-9.87,104.19,0.579,56.4,EXIT4_SCORE_DRAWDOWN_GE_15,120.34,147.76,-9.87,27.42,0.8144,30.4,NO_PROGRESSED_DIRECT_HANDOFF,143.27,247.46,-9.87,104.19,0.579,56.4,NO_PROGRESSED_DIRECT_HANDOFF,143.27,247.46,-9.87,104.19,0.579,56.4,EXIT4_SCORE_DRAWDOWN_GE_15,120.34,147.76,-9.87,27.42,0.8144,30.4,-1.1,13.86,40.48,41.77
064820,케이프,KOSDAQ,2025-01-17,2025-01-20,7480.0,EARLY_TREND,TRIGGER,PERMITTED_REGIME,NORMAL,79.57,PARTIAL,NORMAL_EARLY_TREND_HANDOFF,2025-01-17,2025-01-31,2025-01-31,True,False,,,,EXIT3_PROGRESSED_TO_TRANSITION,-13.9,3.07,-27.14,16.97,-4.5277,13.8,EXIT3_PROGRESSED_TO_TRANSITION,-13.9,3.07,-27.14,16.97,-4.5277,13.8,EXIT3_PROGRESSED_TO_TRANSITION,-13.9,3.07,-27.14,16.97,-4.5277,13.8,EXIT3_PROGRESSED_TO_TRANSITION,-13.9,3.07,-27.14,16.97,-4.5277,13.8,EXIT3_PROGRESSED_TO_TRANSITION,-13.9,3.07,-27.14,16.97,-4.5277,13.8,EXIT3_PROGRESSED_TO_TRANSITION,-13.9,3.07,-27.14,16.97,-4.5277,13.8,-12.97,-14.44,-16.98,-5.48
064850,에프앤가이드,KOSDAQ,2024-08-30,2024-09-02,9650.0,TRANSITION,TRIGGER,PERMITTED_REGIME,NORMAL,73.62,PARTIAL,PROGRESSED_WITHOUT_DIRECT_HANDOFF,2024-08-31,2026-04-30,2026-04-30,False,True,2024-11-14,2024-11-15,8220.0,NO_PROGRESSED_DIRECT_HANDOFF,94.92,298.45,-35.96,203.53,0.318,94.4,NO_PROGRESSED_DIRECT_HANDOFF,94.92,298.45,-35.96,203.53,0.318,94.4,NO_EXIT_BEFORE_CUTOFF,94.92,298.45,-35.96,203.53,0.318,94.4,LOSS_GUARD_CLOSE_LE_NEG_15,-14.82,298.45,-16.27,313.27,-0.0497,9.6,LOSS_GUARD_CLOSE_LE_NEG_15,-14.82,298.45,-16.27,313.27,-0.0497,9.6,LOSS_GUARD_CLOSE_LE_NEG_15,-14.82,298.45,-16.27,313.27,-0.0497,9.6,54.4,-4.46,-14.51,-29.22
064960,SNT모티브,KOSPI,2024-09-13,2024-09-19,26061.0,TRANSITION,TRIGGER,PERMITTED_REGIME,NORMAL,73.31,PARTIAL,PROGRESSED_WITHOUT_DIRECT_HANDOFF,2025-05-31,2025-11-30,2025-11-28,False,True,2024-12-20,2024-12-23,21983.0,NO_PROGRESSED_DIRECT_HANDOFF,9.17,56.56,-17.24,47.39,0.1621,92.6,NO_PROGRESSED_DIRECT_HANDOFF,9.17,56.56,-17.24,47.39,0.1621,92.6,NO_EXIT_BEFORE_CUTOFF,9.17,56.56,-17.24,47.39,0.1621,92.6,LOSS_GUARD_CLOSE_LE_NEG_15,-15.65,4.54,-17.24,20.19,-3.4471,13.0,LOSS_GUARD_CLOSE_LE_NEG_15,-15.65,4.54,-17.24,20.19,-3.4471,13.0,LOSS_GUARD_CLOSE_LE_NEG_15,-15.65,4.54,-17.24,20.19,-3.4471,13.0,-4.76,-10.46,-14.17,3.79
065660,안트로젠,KOSDAQ,2024-12-27,2024-12-30,18600.0,TRANSITION,TRIGGER,PERMITTED_REGIME,NORMAL,79.57,PARTIAL,NORMAL_EARLY_TREND_HANDOFF,2025-05-31,2025-06-30,2025-06-30,True,False,,,,EXIT3_PROGRESSED_TO_WEAK,15.05,232.26,-13.44,217.21,0.0648,72.8,EXIT4_SCORE_DRAWDOWN_GE_15,33.87,59.41,-13.44,25.54,0.5701,32.6,EXIT4_SCORE_DRAWDOWN_GE_15,33.87,59.41,-13.44,25.54,0.5701,32.6,EXIT3_PROGRESSED_TO_WEAK,15.05,232.26,-13.44,217.21,0.0648,72.8,EXIT4_SCORE_DRAWDOWN_GE_15,33.87,59.41,-13.44,25.54,0.5701,32.6,EXIT4_SCORE_DRAWDOWN_GE_15,33.87,59.41,-13.44,25.54,0.5701,32.6,-6.61,-6.34,5.86,34.68
065680,우주일렉트로,KOSDAQ,2025-01-10,2025-01-13,18680.0,TRANSITION,TRIGGER,PERMITTED_REGIME,NORMAL,70.81,PARTIAL,NORMAL_EARLY_TREND_HANDOFF,2025-02-28,2025-05-31,2025-05-30,True,False,,,,NO_EXIT_BEFORE_CUTOFF,35.71,176.77,-8.35,141.06,0.202,77.4,EXIT4_SCORE_DRAWDOWN_GE_15,93.25,106.1,-8.35,12.85,0.8789,22.4,EXIT4_SCORE_DRAWDOWN_GE_15,93.25,106.1,-8.35,12.85,0.8789,22.4,NO_EXIT_BEFORE_CUTOFF,35.71,176.77,-8.35,141.06,0.202,77.4,EXIT4_SCORE_DRAWDOWN_GE_15,93.25,106.1,-8.35,12.85,0.8789,22.4,EXIT4_SCORE_DRAWDOWN_GE_15,93.25,106.1,-8.35,12.85,0.8789,22.4,33.57,51.5,40.52,123.23
065710,서호전기,KOSDAQ,2025-02-21,2025-02-24,22750.0,TRANSITION,TRIGGER,PERMITTED_REGIME,NORMAL,76.13,PARTIAL,NORMAL_EARLY_TREND_HANDOFF,2025-04-30,2025-07-31,2025-07-31,True,False,,,,NO_EXIT_BEFORE_CUTOFF,95.6,163.3,-4.84,67.7,0.5854,72.2,EXIT4_SCORE_DRAWDOWN_GE_15,80.0,124.18,-4.84,44.18,0.6442,30.2,EXIT4_SCORE_DRAWDOWN_GE_15,80.0,124.18,-4.84,44.18,0.6442,30.2,NO_EXIT_BEFORE_CUTOFF,95.6,163.3,-4.84,67.7,0.5854,72.2,EXIT4_SCORE_DRAWDOWN_GE_15,80.0,124.18,-4.84,44.18,0.6442,30.2,EXIT4_SCORE_DRAWDOWN_GE_15,80.0,124.18,-4.84,44.18,0.6442,30.2,3.3,8.35,60.44,59.56
066570,LG전자,KOSPI,2017-06-30,2017-07-03,80400.0,EARLY_TREND,TRIGGER,PERMITTED_REGIME,NORMAL,74.82,PARTIAL,NORMAL_EARLY_TREND_HANDOFF,2017-06-30,2017-07-31,2017-07-31,True,True,2017-07-21,2017-07-24,68200.0,EXIT3_PROGRESSED_TO_TRANSITION,3.11,3.11,-17.54,0.0,1.0,8.8,EXIT3_PROGRESSED_TO_TRANSITION,3.11,3.11,-17.54,0.0,1.0,8.8,EXIT3_PROGRESSED_TO_TRANSITION,3.11,3.11,-17.54,0.0,1.0,8.8,LOSS_GUARD_CLOSE_LE_NEG_15,-15.17,2.36,-15.17,17.53,-6.428,3.2,LOSS_GUARD_CLOSE_LE_NEG_15,-15.17,2.36,-15.17,17.53,-6.428,3.2,LOSS_GUARD_CLOSE_LE_NEG_15,-15.17,2.36,-15.17,17.53,-6.428,3.2,-17.04,-5.1,4.85,36.19
066970,엘앤에프,KOSPI,2026-04-17,2026-04-20,184600.0,TRANSITION,TRIGGER,PERMITTED_REGIME,ELEVATED,77.17,READY,SKIPPED_EARLY_TREND_HANDOFF,,2026-05-31,2026-05-29,False,True,2026-05-20,2026-05-21,154500.0,NO_PROGRESSED_DIRECT_HANDOFF,-40.57,21.89,-65.87,62.46,-1.8534,16.0,NO_PROGRESSED_DIRECT_HANDOFF,-40.57,21.89,-65.87,62.46,-1.8534,16.0,EXIT4_SCORE_DRAWDOWN_GE_15,-37.92,21.89,-48.0,59.81,-1.7323,9.8,LOSS_GUARD_CLOSE_LE_NEG_15,-16.31,21.89,-21.29,38.2,-0.7451,4.4,LOSS_GUARD_CLOSE_LE_NEG_15,-16.31,21.89,-21.29,38.2,-0.7451,4.4,LOSS_GUARD_CLOSE_LE_NEG_15,-16.31,21.89,-21.29,38.2,-0.7451,4.4,-14.95,-30.72,-50.16,
067080,대화제약,KOSDAQ,2024-10-11,2024-10-14,19830.0,EARLY_TREND,TRIGGER,PERMITTED_REGIME,ELEVATED,67.25,PARTIAL,PROGRESSED_WITHOUT_DIRECT_HANDOFF,2024-10-11,2025-06-30,2025-06-30,False,True,2024-11-01,2024-11-04,15700.0,NO_PROGRESSED_DIRECT_HANDOFF,-46.04,25.57,-62.38,71.61,-1.8005,89.8,NO_PROGRESSED_DIRECT_HANDOFF,-46.04,25.57,-62.38,71.61,-1.8005,89.8,EXIT4_SCORE_DRAWDOWN_GE_15,-30.86,21.79,-49.77,52.65,-1.4162,43.4,LOSS_GUARD_CLOSE_LE_NEG_15,-20.83,21.79,-23.8,42.62,-0.9559,3.2,LOSS_GUARD_CLOSE_LE_NEG_15,-20.83,21.79,-23.8,42.62,-0.9559,3.2,LOSS_GUARD_CLOSE_LE_NEG_15,-20.83,21.79,-23.8,42.62,-0.9559,3.2,-25.57,-37.47,-40.29,-14.27
067290,JW신약,KOSDAQ,2026-02-20,2026-02-23,2580.0,TRANSITION,TRIGGER,PERMITTED_REGIME,NORMAL,78.74,READY,NEVER_PROGRESSED,2026-02-28,,,False,True,2026-03-04,2026-03-05,2000.0,NO_PROGRESSED_DIRECT_HANDOFF,-18.6,34.3,-51.71,52.9,-0.5423,23.8,NO_PROGRESSED_DIRECT_HANDOFF,-18.6,34.3,-51.71,52.9,-0.5423,23.8,NO_PROGRESSED_BEFORE_CUTOFF,-18.6,34.3,-51.71,52.9,-0.5423,23.8,LOSS_GUARD_CLOSE_LE_NEG_15,-22.48,3.49,-26.36,25.97,-6.4413,1.6,LOSS_GUARD_CLOSE_LE_NEG_15,-22.48,3.49,-26.36,25.97,-6.4413,1.6,LOSS_GUARD_CLOSE_LE_NEG_15,-22.48,3.49,-26.36,25.97,-6.4413,1.6,-26.86,-18.41,-38.84,
068270,셀트리온,KOSPI,2017-06-23,2017-06-26,84493.0,EARLY_TREND,TRIGGER,PERMITTED_REGIME,NORMAL,77.12,PARTIAL,NORMAL_EARLY_TREND_HANDOFF,2017-06-23,2018-01-31,2018-01-31,True,False,,,,EXIT3_PROGRESSED_TO_TRANSITION,95.1,254.43,-10.28,159.33,0.3738,90.4,EXIT3_PROGRESSED_TO_TRANSITION,95.1,254.43,-10.28,159.33,0.3738,90.4,EXIT3_PROGRESSED_TO_TRANSITION,95.1,254.43,-10.28,159.33,0.3738,90.4,EXIT3_PROGRESSED_TO_TRANSITION,95.1,254.43,-10.28,159.33,0.3738,90.4,EXIT3_PROGRESSED_TO_TRANSITION,95.1,254.43,-10.28,159.33,0.3738,90.4,EXIT3_PROGRESSED_TO_TRANSITION,95.1,254.43,-10.28,159.33,0.3738,90.4,1.51,-2.04,22.7,141.32
069080,웹젠,KOSDAQ,2024-08-30,2024-09-02,18730.0,TRANSITION,TRIGGER,PERMITTED_REGIME,NORMAL,77.82,PARTIAL,NEVER_PROGRESSED,,,,False,True,2024-10-24,2024-10-25,16000.0,NO_PROGRESSED_DIRECT_HANDOFF,-36.79,0.27,-49.12,37.06,-136.2593,94.6,NO_PROGRESSED_DIRECT_HANDOFF,-36.79,0.27,-49.12,37.06,-136.2593,94.6,NO_PROGRESSED_BEFORE_CUTOFF,-36.79,0.27,-49.12,37.06,-136.2593,94.6,LOSS_GUARD_CLOSE_LE_NEG_15,-14.58,0.27,-16.02,14.85,-54.0,6.8,LOSS_GUARD_CLOSE_LE_NEG_15,-14.58,0.27,-16.02,14.85,-54.0,6.8,LOSS_GUARD_CLOSE_LE_NEG_15,-14.58,0.27,-16.02,14.85,-54.0,6.8,-8.38,-9.34,-17.46,-28.62
069260,TKG휴켐스,KOSPI,2026-02-13,2026-02-19,19800.0,TRANSITION,TRIGGER,PERMITTED_REGIME,ELEVATED,75.49,READY,NEVER_PROGRESSED,,,,False,True,2026-05-28,2026-05-29,17090.0,NO_PROGRESSED_DIRECT_HANDOFF,-17.42,5.56,-27.78,22.98,-3.1331,24.2,NO_PROGRESSED_DIRECT_HANDOFF,-17.42,5.56,-27.78,22.98,-3.1331,24.2,NO_PROGRESSED_BEFORE_CUTOFF,-17.42,5.56,-27.78,22.98,-3.1331,24.2,LOSS_GUARD_CLOSE_LE_NEG_15,-13.69,5.56,-16.41,19.25,-2.4622,13.6,LOSS_GUARD_CLOSE_LE_NEG_15,-13.69,5.56,-16.41,19.25,-2.4622,13.6,LOSS_GUARD_CLOSE_LE_NEG_15,-13.69,5.56,-16.41,19.25,-2.4622,13.6,-5.15,-8.13,-11.41,
069620,대웅제약,KOSPI,2017-05-12,2017-05-15,95000.0,TRANSITION,TRIGGER,PERMITTED_REGIME,NORMAL,77.82,PARTIAL,SKIPPED_EARLY_TREND_HANDOFF,2025-05-31,2018-01-31,2018-01-31,False,False,,,,NO_PROGRESSED_DIRECT_HANDOFF,31.16,201.58,-33.47,170.42,0.1546,454.0,NO_PROGRESSED_DIRECT_HANDOFF,31.16,201.58,-33.47,170.42,0.1546,454.0,EXIT4_SCORE_DRAWDOWN_GE_15,120.0,139.47,-15.79,19.47,0.8604,51.6,NO_PROGRESSED_DIRECT_HANDOFF,31.16,201.58,-33.47,170.42,0.1546,454.0,NO_PROGRESSED_DIRECT_HANDOFF,31.16,201.58,-33.47,170.42,0.1546,454.0,EXIT4_SCORE_DRAWDOWN_GE_15,120.0,139.47,-15.79,19.47,0.8604,51.6,1.68,-10.21,-0.32,42.63
069960,현대백화점,KOSPI,2025-02-21,2025-02-24,57000.0,TRANSITION,TRIGGER,PERMITTED_REGIME,NORMAL,77.32,PARTIAL,NORMAL_EARLY_TREND_HANDOFF,2025-05-31,2025-10-31,2025-10-31,True,False,,,,NO_EXIT_BEFORE_CUTOFF,79.3,289.47,-5.61,210.17,0.2739,72.2,EXIT4_SCORE_DRAWDOWN_GE_15,67.72,75.09,-5.61,7.37,0.9019,46.2,EXIT4_SCORE_DRAWDOWN_GE_15,67.72,75.09,-5.61,7.37,0.9019,46.2,NO_EXIT_BEFORE_CUTOFF,79.3,289.47,-5.61,210.17,0.2739,72.2,EXIT4_SCORE_DRAWDOWN_GE_15,67.72,75.09,-5.61,7.37,0.9019,46.2,EXIT4_SCORE_DRAWDOWN_GE_15,67.72,75.09,-5.61,7.37,0.9019,46.2,0.88,1.23,20.7,22.63
071050,한국금융지주,KOSPI,2024-12-06,2024-12-09,76300.0,TRANSITION,TRIGGER,PERMITTED_REGIME,NORMAL,81.38,PARTIAL,SKIPPED_EARLY_TREND_HANDOFF,,2025-05-31,2025-05-30,False,False,,,,NO_PROGRESSED_DIRECT_HANDOFF,167.37,293.84,-15.33,126.47,0.5696,81.8,NO_PROGRESSED_DIRECT_HANDOFF,167.37,293.84,-15.33,126.47,0.5696,81.8,EXIT4_SCORE_DRAWDOWN_GE_15,85.85,94.76,-15.33,8.91,0.906,26.8,NO_PROGRESSED_DIRECT_HANDOFF,167.37,293.84,-15.33,126.47,0.5696,81.8,NO_PROGRESSED_DIRECT_HANDOFF,167.37,293.84,-15.33,126.47,0.5696,81.8,EXIT4_SCORE_DRAWDOWN_GE_15,85.85,94.76,-15.33,8.91,0.906,26.8,-3.54,3.01,-1.97,91.74
071200,인피니트헬스케어,KOSDAQ,2025-03-07,2025-03-10,5807.0,TRANSITION,TRIGGER,PERMITTED_REGIME,ELEVATED,72.82,PARTIAL,PROGRESSED_WITHOUT_DIRECT_HANDOFF,2025-05-31,2026-02-28,2026-02-27,False,True,2025-03-31,2025-04-01,4975.0,NO_PROGRESSED_DIRECT_HANDOFF,80.47,89.08,-17.57,8.61,0.9033,70.4,NO_PROGRESSED_DIRECT_HANDOFF,80.47,89.08,-17.57,8.61,0.9033,70.4,NO_EXIT_BEFORE_CUTOFF,80.47,89.08,-17.57,8.61,0.9033,70.4,LOSS_GUARD_CLOSE_LE_NEG_15,-14.33,1.22,-17.57,15.55,-11.7459,3.4,LOSS_GUARD_CLOSE_LE_NEG_15,-14.33,1.22,-17.57,15.55,-11.7459,3.4,LOSS_GUARD_CLOSE_LE_NEG_15,-14.33,1.22,-17.57,15.55,-11.7459,3.4,-12.67,8.58,17.67,6.13
072710,농심홀딩스,KOSPI,2025-06-13,2025-06-16,82400.0,TRANSITION,TRIGGER,PERMITTED_REGIME,NORMAL,77.99,READY,PROGRESSED_WITHOUT_DIRECT_HANDOFF,2025-06-30,2026-04-30,2026-04-30,False,False,,,,NO_PROGRESSED_DIRECT_HANDOFF,12.86,74.15,-10.68,61.29,0.1734,57.4,NO_PROGRESSED_DIRECT_HANDOFF,12.86,74.15,-10.68,61.29,0.1734,57.4,NO_EXIT_BEFORE_CUTOFF,12.86,74.15,-10.68,61.29,0.1734,57.4,NO_PROGRESSED_DIRECT_HANDOFF,12.86,74.15,-10.68,61.29,0.1734,57.4,NO_PROGRESSED_DIRECT_HANDOFF,12.86,74.15,-10.68,61.29,0.1734,57.4,NO_EXIT_BEFORE_CUTOFF,12.86,74.15,-10.68,61.29,0.1734,57.4,6.67,1.94,-2.79,12.5
073010,케이에스피,KOSDAQ,2025-08-08,2025-08-11,5700.0,TRANSITION,TRIGGER,PERMITTED_REGIME,NORMAL,77.99,READY,NEVER_PROGRESSED,2025-08-31,,,False,True,2025-08-14,2025-08-18,4860.0,NO_PROGRESSED_DIRECT_HANDOFF,-44.47,44.91,-64.04,89.38,-0.9902,49.4,NO_PROGRESSED_DIRECT_HANDOFF,-44.47,44.91,-64.04,89.38,-0.9902,49.4,NO_PROGRESSED_BEFORE_CUTOFF,-44.47,44.91,-64.04,89.38,-0.9902,49.4,LOSS_GUARD_CLOSE_LE_NEG_15,-14.74,6.49,-17.11,21.23,-2.2712,1.0,LOSS_GUARD_CLOSE_LE_NEG_15,-14.74,6.49,-17.11,21.23,-2.2712,1.0,LOSS_GUARD_CLOSE_LE_NEG_15,-14.74,6.49,-17.11,21.23,-2.2712,1.0,20.0,5.09,-6.14,-28.33
073240,금호타이어,KOSPI,2025-12-05,2025-12-08,6200.0,TRANSITION,TRIGGER,PERMITTED_REGIME,NORMAL,77.99,READY,NEVER_PROGRESSED,2026-02-28,,,False,True,2026-05-12,2026-05-13,5130.0,NO_PROGRESSED_DIRECT_HANDOFF,31.29,42.74,-31.94,11.45,0.7321,33.6,NO_PROGRESSED_DIRECT_HANDOFF,31.29,42.74,-31.94,11.45,0.7321,33.6,NO_PROGRESSED_BEFORE_CUTOFF,31.29,42.74,-31.94,11.45,0.7321,33.6,LOSS_GUARD_CLOSE_LE_NEG_15,-17.26,23.39,-19.35,40.65,-0.7379,20.8,LOSS_GUARD_CLOSE_LE_NEG_15,-17.26,23.39,-19.35,40.65,-0.7379,20.8,LOSS_GUARD_CLOSE_LE_NEG_15,-17.26,23.39,-19.35,40.65,-0.7379,20.8,-10.97,-1.61,-4.03,-26.77
073490,LIG아큐버,KOSDAQ,2026-01-23,2026-01-26,27350.0,TRANSITION,TRIGGER,PERMITTED_REGIME,NORMAL,74.49,READY,NORMAL_EARLY_TREND_HANDOFF,2026-02-28,2026-04-30,2026-04-30,True,False,,,,NO_EXIT_BEFORE_CUTOFF,18.83,128.52,-17.73,109.69,0.1465,27.2,EXIT4_SCORE_DRAWDOWN_GE_15,54.3,128.52,-2.38,74.22,0.4225,16.8,EXIT4_SCORE_DRAWDOWN_GE_15,54.3,128.52,-2.38,74.22,0.4225,16.8,NO_EXIT_BEFORE_CUTOFF,18.83,128.52,-17.73,109.69,0.1465,27.2,EXIT4_SCORE_DRAWDOWN_GE_15,54.3,128.52,-2.38,74.22,0.4225,16.8,EXIT4_SCORE_DRAWDOWN_GE_15,54.3,128.52,-2.38,74.22,0.4225,16.8,26.87,51.74,98.54,13.89
074600,원익QnC,KOSDAQ,2025-10-10,2025-10-13,25600.0,TRANSITION,TRIGGER,PERMITTED_REGIME,ELEVATED,70.49,READY,NORMAL_EARLY_TREND_HANDOFF,2026-04-30,2026-06-30,2026-06-30,True,True,2025-11-14,2025-11-17,21400.0,EXIT3_PROGRESSED_TO_BASE,-5.08,77.34,-27.54,82.42,-0.0657,39.8,EXIT3_PROGRESSED_TO_BASE,-5.08,77.34,-27.54,82.42,-0.0657,39.8,EXIT3_PROGRESSED_TO_BASE,-5.08,77.34,-27.54,82.42,-0.0657,39.8,LOSS_GUARD_CLOSE_LE_NEG_15,-16.41,7.03,-17.97,23.44,-2.3343,5.2,LOSS_GUARD_CLOSE_LE_NEG_15,-16.41,7.03,-17.97,23.44,-2.3343,5.2,LOSS_GUARD_CLOSE_LE_NEG_15,-16.41,7.03,-17.97,23.44,-2.3343,5.2,-11.91,-16.02,-12.5,42.19
077970,STX엔진,KOSPI,2024-08-16,2024-08-19,22250.0,EARLY_TREND,TRIGGER,PERMITTED_REGIME,NORMAL,77.32,PARTIAL,NORMAL_EARLY_TREND_HANDOFF,2024-08-16,2024-11-30,2024-11-29,True,True,2024-09-05,2024-09-06,18010.0,NO_EXIT_BEFORE_CUTOFF,27.64,204.27,-31.91,176.63,0.1353,96.6,EXIT4_SCORE_DRAWDOWN_GE_15,0.45,14.83,-31.91,14.38,0.0303,21.6,EXIT4_SCORE_DRAWDOWN_GE_15,0.45,14.83,-31.91,14.38,0.0303,21.6,LOSS_GUARD_CLOSE_LE_NEG_15,-19.06,9.66,-21.12,28.72,-1.9731,3.0,LOSS_GUARD_CLOSE_LE_NEG_15,-19.06,9.66,-21.12,28.72,-1.9731,3.0,LOSS_GUARD_CLOSE_LE_NEG_15,-19.06,9.66,-21.12,28.72,-1.9731,3.0,-12.81,-3.6,-7.87,17.3
078020,LS증권,KOSDAQ,2025-07-11,2025-07-14,6520.0,TRANSITION,TRIGGER,PERMITTED_REGIME,NORMAL,75.74,READY,NORMAL_EARLY_TREND_HANDOFF,2026-02-28,2026-05-31,2026-05-29,True,True,2025-07-22,2025-07-23,5510.0,NO_EXIT_BEFORE_CUTOFF,5.83,40.95,-28.53,35.12,0.1424,53.4,NO_EXIT_BEFORE_CUTOFF,5.83,40.95,-28.53,35.12,0.1424,53.4,NO_EXIT_BEFORE_CUTOFF,5.83,40.95,-28.53,35.12,0.1424,53.4,LOSS_GUARD_CLOSE_LE_NEG_15,-15.49,0.77,-16.56,16.26,-20.1169,1.6,LOSS_GUARD_CLOSE_LE_NEG_15,-15.49,0.77,-16.56,16.26,-20.1169,1.6,LOSS_GUARD_CLOSE_LE_NEG_15,-15.49,0.77,-16.56,16.26,-20.1169,1.6,-22.85,-21.32,-21.78,-23.39
078350,한양디지텍,KOSDAQ,2025-10-10,2025-10-13,17890.0,TRANSITION,TRIGGER,PERMITTED_REGIME,ELEVATED,75.74,READY,NORMAL_EARLY_TREND_HANDOFF,2025-10-31,2026-02-28,2026-02-27,True,False,,,,NO_EXIT_BEFORE_CUTOFF,31.64,147.62,-23.31,115.98,0.2143,41.6,EXIT4_SCORE_DRAWDOWN_GE_15,78.31,98.43,-4.92,20.12,0.7956,27.6,EXIT4_SCORE_DRAWDOWN_GE_15,78.31,98.43,-4.92,20.12,0.7956,27.6,NO_EXIT_BEFORE_CUTOFF,31.64,147.62,-23.31,115.98,0.2143,41.6,EXIT4_SCORE_DRAWDOWN_GE_15,78.31,98.43,-4.92,20.12,0.7956,27.6,EXIT4_SCORE_DRAWDOWN_GE_15,78.31,98.43,-4.92,20.12,0.7956,27.6,24.09,11.57,32.2,45.33
078520,에이블씨엔씨,KOSPI,2025-08-01,2025-08-04,9410.0,TRANSITION,TRIGGER,PERMITTED_REGIME,ELEVATED,79.67,READY,NORMAL_EARLY_TREND_HANDOFF,2025-08-31,2025-11-30,2025-11-28,True,False,,,,NO_EXIT_BEFORE_CUTOFF,26.04,78.43,-7.44,52.39,0.332,50.4,EXIT4_SCORE_DRAWDOWN_GE_15,4.89,78.43,-7.44,73.54,0.0623,44.2,EXIT4_SCORE_DRAWDOWN_GE_15,4.89,78.43,-7.44,73.54,0.0623,44.2,NO_EXIT_BEFORE_CUTOFF,26.04,78.43,-7.44,52.39,0.332,50.4,EXIT4_SCORE_DRAWDOWN_GE_15,4.89,78.43,-7.44,73.54,0.0623,44.2,EXIT4_SCORE_DRAWDOWN_GE_15,4.89,78.43,-7.44,73.54,0.0623,44.2,53.67,17.53,5.21,27.74
078600,대주전자재료,KOSDAQ,2026-04-17,2026-04-20,132800.0,EARLY_TREND,TRIGGER,PERMITTED_REGIME,ELEVATED,74.17,READY,NORMAL_EARLY_TREND_HANDOFF,2026-04-17,2026-06-30,2026-06-30,True,True,2026-06-08,2026-06-09,109500.0,EXIT3_PROGRESSED_TO_WEAK,-47.82,38.03,-55.5,85.85,-1.2574,14.2,EXIT3_PROGRESSED_TO_WEAK,-47.82,38.03,-55.5,85.85,-1.2574,14.2,EXIT3_PROGRESSED_TO_WEAK,-47.82,38.03,-55.5,85.85,-1.2574,14.2,LOSS_GUARD_CLOSE_LE_NEG_15,-17.55,38.03,-19.8,55.58,-0.4615,6.6,LOSS_GUARD_CLOSE_LE_NEG_15,-17.55,38.03,-19.8,55.58,-0.4615,6.6,LOSS_GUARD_CLOSE_LE_NEG_15,-17.55,38.03,-19.8,55.58,-0.4615,6.6,10.47,-12.05,-42.55,
078930,GS,KOSPI,2017-06-30,2017-07-03,68500.0,EARLY_TREND,TRIGGER,PERMITTED_REGIME,NORMAL,78.38,PARTIAL,NORMAL_EARLY_TREND_HANDOFF,2017-06-30,2026-03-31,2026-03-31,True,True,2018-05-30,2018-05-31,57900.0,NO_EXIT_BEFORE_CUTOFF,70.8,73.28,-55.77,2.48,0.9662,447.2,EXIT4_SCORE_DRAWDOWN_GE_15,20.29,22.63,-55.77,2.34,0.8966,433.2,EXIT4_SCORE_DRAWDOWN_GE_15,20.29,22.63,-55.77,2.34,0.8966,433.2,LOSS_GUARD_CLOSE_LE_NEG_15,-15.47,13.28,-16.06,28.75,-1.1649,44.6,LOSS_GUARD_CLOSE_LE_NEG_15,-15.47,13.28,-16.06,28.75,-1.1649,44.6,LOSS_GUARD_CLOSE_LE_NEG_15,-15.47,13.28,-16.06,28.75,-1.1649,44.6,7.88,0.44,-6.57,-5.4
079370,제우스,KOSDAQ,2025-10-31,2025-11-03,15600.0,TRANSITION,TRIGGER,PERMITTED_REGIME,NORMAL,75.49,READY,NEVER_PROGRESSED,,,,False,True,2025-11-21,2025-11-24,12900.0,NO_PROGRESSED_DIRECT_HANDOFF,-34.42,34.29,-57.82,68.71,-1.0038,38.6,NO_PROGRESSED_DIRECT_HANDOFF,-34.42,34.29,-57.82,68.71,-1.0038,38.6,NO_PROGRESSED_BEFORE_CUTOFF,-34.42,34.29,-57.82,68.71,-1.0038,38.6,LOSS_GUARD_CLOSE_LE_NEG_15,-17.31,1.28,-18.59,18.59,-13.5234,3.2,LOSS_GUARD_CLOSE_LE_NEG_15,-17.31,1.28,-18.59,18.59,-13.5234,3.2,LOSS_GUARD_CLOSE_LE_NEG_15,-17.31,1.28,-18.59,18.59,-13.5234,3.2,-9.04,-8.33,31.09,-3.21
079550,LIG디펜스앤에어로스페이스,KOSPI,2021-01-22,2021-01-25,41200.0,TRANSITION,TRIGGER,PERMITTED_REGIME,NORMAL,71.69,READY,NORMAL_EARLY_TREND_HANDOFF,2021-03-31,2021-09-30,2021-09-30,True,False,,,,EXIT3_PROGRESSED_TO_TRANSITION,84.71,176.7,-14.93,91.99,0.4794,124.8,EXIT4_SCORE_DRAWDOWN_GE_15,30.34,76.94,-14.93,46.6,0.3943,42.4,EXIT4_SCORE_DRAWDOWN_GE_15,30.34,76.94,-14.93,46.6,0.3943,42.4,EXIT3_PROGRESSED_TO_TRANSITION,84.71,176.7,-14.93,91.99,0.4794,124.8,EXIT4_SCORE_DRAWDOWN_GE_15,30.34,76.94,-14.93,46.6,0.3943,42.4,EXIT4_SCORE_DRAWDOWN_GE_15,30.34,76.94,-14.93,46.6,0.3943,42.4,-3.28,-9.22,-0.49,3.88
079940,가비아,KOSDAQ,2025-04-18,2025-04-21,21350.0,EARLY_TREND,TRIGGER,PERMITTED_REGIME,NORMAL,75.07,PARTIAL,NORMAL_EARLY_TREND_HANDOFF,2025-04-18,2025-08-31,2025-08-29,True,False,,,,NO_EXIT_BEFORE_CUTOFF,109.84,124.36,-12.18,14.52,0.8832,64.4,EXIT4_SCORE_DRAWDOWN_GE_15,29.27,46.6,-12.18,17.33,0.6281,26.0,EXIT4_SCORE_DRAWDOWN_GE_15,29.27,46.6,-12.18,17.33,0.6281,26.0,NO_EXIT_BEFORE_CUTOFF,109.84,124.36,-12.18,14.52,0.8832,64.4,EXIT4_SCORE_DRAWDOWN_GE_15,29.27,46.6,-12.18,17.33,0.6281,26.0,EXIT4_SCORE_DRAWDOWN_GE_15,29.27,46.6,-12.18,17.33,0.6281,26.0,-1.64,14.05,16.16,29.98
079960,동양이엔피,KOSDAQ,2025-05-30,2025-06-02,22050.0,TRANSITION,TRIGGER,PERMITTED_REGIME,NORMAL,77.32,PARTIAL,PROGRESSED_WITHOUT_DIRECT_HANDOFF,2025-06-30,2026-04-30,2026-04-30,False,False,,,,NO_PROGRESSED_DIRECT_HANDOFF,-4.08,72.56,-20.63,76.64,-0.0562,59.0,NO_PROGRESSED_DIRECT_HANDOFF,-4.08,72.56,-20.63,76.64,-0.0562,59.0,EXIT4_SCORE_DRAWDOWN_GE_15,1.13,72.56,-8.39,71.43,0.0156,48.6,NO_PROGRESSED_DIRECT_HANDOFF,-4.08,72.56,-20.63,76.64,-0.0562,59.0,NO_PROGRESSED_DIRECT_HANDOFF,-4.08,72.56,-20.63,76.64,-0.0562,59.0,EXIT4_SCORE_DRAWDOWN_GE_15,1.13,72.56,-8.39,71.43,0.0156,48.6,11.11,17.69,0.68,12.24
080220,제주반도체,KOSDAQ,2025-09-19,2025-09-22,19250.0,TRANSITION,TRIGGER,PERMITTED_REGIME,ELEVATED,72.74,READY,NORMAL_EARLY_TREND_HANDOFF,2026-01-31,2026-02-28,2026-02-27,True,False,,,,NO_EXIT_BEFORE_CUTOFF,323.38,616.88,-9.19,293.5,0.5242,43.6,NO_EXIT_BEFORE_CUTOFF,323.38,616.88,-9.19,293.5,0.5242,43.6,NO_EXIT_BEFORE_CUTOFF,323.38,616.88,-9.19,293.5,0.5242,43.6,NO_EXIT_BEFORE_CUTOFF,323.38,616.88,-9.19,293.5,0.5242,43.6,NO_EXIT_BEFORE_CUTOFF,323.38,616.88,-9.19,293.5,0.5242,43.6,NO_EXIT_BEFORE_CUTOFF,323.38,616.88,-9.19,293.5,0.5242,43.6,9.35,-6.65,-4.78,96.88
081660,미스토홀딩스,KOSPI,2024-10-18,2024-10-21,41200.0,TRANSITION,TRIGGER,PERMITTED_REGIME,NORMAL,74.82,PARTIAL,NEVER_PROGRESSED,2025-12-31,,,False,True,2025-03-13,2025-03-14,34950.0,NO_PROGRESSED_DIRECT_HANDOFF,3.16,35.44,-20.63,32.28,0.0892,88.8,NO_PROGRESSED_DIRECT_HANDOFF,3.16,35.44,-20.63,32.28,0.0892,88.8,NO_PROGRESSED_BEFORE_CUTOFF,3.16,35.44,-20.63,32.28,0.0892,88.8,LOSS_GUARD_CLOSE_LE_NEG_15,-15.17,4.98,-15.53,20.15,-3.0462,19.4,LOSS_GUARD_CLOSE_LE_NEG_15,-15.17,4.98,-15.53,20.15,-3.0462,19.4,LOSS_GUARD_CLOSE_LE_NEG_15,-15.17,4.98,-15.53,20.15,-3.0462,19.4,-3.52,1.58,0.12,-10.07
082920,비츠로셀,KOSDAQ,2025-01-03,2025-01-06,11986.0,EARLY_TREND,TRIGGER,PERMITTED_REGIME,NORMAL,77.32,PARTIAL,NORMAL_EARLY_TREND_HANDOFF,2025-01-03,2025-08-31,2025-08-29,True,False,,,,NO_EXIT_BEFORE_CUTOFF,164.48,465.66,-9.48,301.18,0.3532,78.4,EXIT4_SCORE_DRAWDOWN_GE_15,72.28,91.06,-9.48,18.78,0.7938,52.4,EXIT4_SCORE_DRAWDOWN_GE_15,72.28,91.06,-9.48,18.78,0.7938,52.4,NO_EXIT_BEFORE_CUTOFF,164.48,465.66,-9.48,301.18,0.3532,78.4,EXIT4_SCORE_DRAWDOWN_GE_15,72.28,91.06,-9.48,18.78,0.7938,52.4,EXIT4_SCORE_DRAWDOWN_GE_15,72.28,91.06,-9.48,18.78,0.7938,52.4,10.95,10.1,1.26,28.0
083450,GST,KOSDAQ,2025-10-10,2025-10-13,24500.0,EARLY_TREND,TRIGGER,PERMITTED_REGIME,ELEVATED,74.99,READY,PROGRESSED_WITHOUT_DIRECT_HANDOFF,2025-10-10,2026-02-28,2026-02-27,False,False,,,,NO_PROGRESSED_DIRECT_HANDOFF,101.22,188.98,-6.94,87.76,0.5356,41.6,NO_PROGRESSED_DIRECT_HANDOFF,101.22,188.98,-6.94,87.76,0.5356,41.6,EXIT4_SCORE_DRAWDOWN_GE_15,105.71,113.47,-6.94,7.76,0.9316,27.6,NO_PROGRESSED_DIRECT_HANDOFF,101.22,188.98,-6.94,87.76,0.5356,41.6,NO_PROGRESSED_DIRECT_HANDOFF,101.22,188.98,-6.94,87.76,0.5356,41.6,EXIT4_SCORE_DRAWDOWN_GE_15,105.71,113.47,-6.94,7.76,0.9316,27.6,8.98,5.51,17.14,76.53
083500,에프엔에스테크,KOSDAQ,2025-07-04,2025-07-07,12510.0,TRANSITION,TRIGGER,PERMITTED_REGIME,NORMAL,72.24,READY,NORMAL_EARLY_TREND_HANDOFF,2025-07-31,2026-03-31,2026-03-31,True,False,,,,NO_EXIT_BEFORE_CUTOFF,5.36,93.05,-23.66,87.69,0.0576,54.4,EXIT4_SCORE_DRAWDOWN_GE_15,59.87,77.46,-10.07,17.59,0.7729,40.4,EXIT4_SCORE_DRAWDOWN_GE_15,59.87,77.46,-10.07,17.59,0.7729,40.4,NO_EXIT_BEFORE_CUTOFF,5.36,93.05,-23.66,87.69,0.0576,54.4,EXIT4_SCORE_DRAWDOWN_GE_15,59.87,77.46,-10.07,17.59,0.7729,40.4,EXIT4_SCORE_DRAWDOWN_GE_15,59.87,77.46,-10.07,17.59,0.7729,40.4,8.47,-4.4,-4.64,6.79
083650,비에이치아이,KOSDAQ,2024-11-22,2024-11-25,19360.0,EARLY_TREND,TRIGGER,PERMITTED_REGIME,ELEVATED,76.0,PARTIAL,NORMAL_EARLY_TREND_HANDOFF,2024-11-22,2024-11-30,2024-11-29,True,False,,,,NO_EXIT_BEFORE_CUTOFF,216.63,489.88,-35.43,273.25,0.4422,83.8,EXIT4_SCORE_DRAWDOWN_GE_15,-20.61,1.7,-35.43,22.31,-12.1235,5.2,EXIT4_SCORE_DRAWDOWN_GE_15,-20.61,1.7,-35.43,22.31,-12.1235,5.2,NO_EXIT_BEFORE_CUTOFF,216.63,489.88,-35.43,273.25,0.4422,83.8,EXIT4_SCORE_DRAWDOWN_GE_15,-20.61,1.7,-35.43,22.31,-12.1235,5.2,EXIT4_SCORE_DRAWDOWN_GE_15,-20.61,1.7,-35.43,22.31,-12.1235,5.2,-24.85,7.95,6.66,112.29
083930,아바코,KOSDAQ,2025-02-21,2025-02-24,16890.0,TRANSITION,TRIGGER,PERMITTED_REGIME,NORMAL,78.81,PARTIAL,NEVER_PROGRESSED,,,,False,True,2025-03-31,2025-04-01,13760.0,NO_PROGRESSED_DIRECT_HANDOFF,-31.02,3.61,-46.06,34.63,-8.5928,72.2,NO_PROGRESSED_DIRECT_HANDOFF,-31.02,3.61,-46.06,34.63,-8.5928,72.2,NO_PROGRESSED_BEFORE_CUTOFF,-31.02,3.61,-46.06,34.63,-8.5928,72.2,LOSS_GUARD_CLOSE_LE_NEG_15,-18.53,2.07,-18.95,20.6,-8.9517,5.2,LOSS_GUARD_CLOSE_LE_NEG_15,-18.53,2.07,-18.95,20.6,-8.9517,5.2,LOSS_GUARD_CLOSE_LE_NEG_15,-18.53,2.07,-18.95,20.6,-8.9517,5.2,-5.57,-20.25,-23.03,-23.15
084110,휴온스글로벌,KOSDAQ,2024-09-27,2024-09-30,32550.0,TRANSITION,TRIGGER,PERMITTED_REGIME,NORMAL,77.32,PARTIAL,NORMAL_EARLY_TREND_HANDOFF,2024-12-31,2025-01-31,2025-01-31,True,False,,,,EXIT3_PROGRESSED_TO_WEAK,-27.5,135.64,-31.95,163.14,-0.2027,85.0,EXIT4_SCORE_DRAWDOWN_GE_15,53.92,62.83,-15.21,8.91,0.8582,28.6,EXIT4_SCORE_DRAWDOWN_GE_15,53.92,62.83,-15.21,8.91,0.8582,28.6,EXIT3_PROGRESSED_TO_WEAK,-27.5,135.64,-31.95,163.14,-0.2027,85.0,EXIT4_SCORE_DRAWDOWN_GE_15,53.92,62.83,-15.21,8.91,0.8582,28.6,EXIT4_SCORE_DRAWDOWN_GE_15,53.92,62.83,-15.21,8.91,0.8582,28.6,11.21,-9.22,28.57,37.79
084370,유진테크,KOSDAQ,2025-08-22,2025-08-25,48750.0,EARLY_TREND,TRIGGER,PERMITTED_REGIME,NORMAL,76.04,READY,NORMAL_EARLY_TREND_HANDOFF,2025-08-22,2025-11-30,2025-11-28,True,False,,,,NO_EXIT_BEFORE_CUTOFF,168.92,374.87,-8.72,205.95,0.4506,47.6,EXIT4_SCORE_DRAWDOWN_GE_15,112.31,147.18,-8.72,34.87,0.7631,21.6,EXIT4_SCORE_DRAWDOWN_GE_15,112.31,147.18,-8.72,34.87,0.7631,21.6,NO_EXIT_BEFORE_CUTOFF,168.92,374.87,-8.72,205.95,0.4506,47.6,EXIT4_SCORE_DRAWDOWN_GE_15,112.31,147.18,-8.72,34.87,0.7631,21.6,EXIT4_SCORE_DRAWDOWN_GE_15,112.31,147.18,-8.72,34.87,0.7631,21.6,32.72,88.51,58.56,165.23
085620,미래에셋생명,KOSPI,2025-06-13,2025-06-16,6530.0,EARLY_TREND,TRIGGER,PERMITTED_REGIME,NORMAL,78.49,READY,NORMAL_EARLY_TREND_HANDOFF,2025-06-13,2025-11-30,2025-11-28,True,False,,,,NO_EXIT_BEFORE_CUTOFF,219.3,471.21,-13.78,251.91,0.4654,57.4,EXIT4_SCORE_DRAWDOWN_GE_15,92.19,200.31,-13.78,108.12,0.4602,34.8,EXIT4_SCORE_DRAWDOWN_GE_15,92.19,200.31,-13.78,108.12,0.4602,34.8,NO_EXIT_BEFORE_CUTOFF,219.3,471.21,-13.78,251.91,0.4654,57.4,EXIT4_SCORE_DRAWDOWN_GE_15,92.19,200.31,-13.78,108.12,0.4602,34.8,EXIT4_SCORE_DRAWDOWN_GE_15,92.19,200.31,-13.78,108.12,0.4602,34.8,12.71,9.49,17.3,41.96
085660,차바이오텍,KOSDAQ,2026-01-02,2026-01-05,14850.0,TRANSITION,TRIGGER,PERMITTED_REGIME,NORMAL,82.05,READY,PROGRESSED_WITHOUT_DIRECT_HANDOFF,2026-01-31,2026-04-30,2026-04-30,False,False,,,,NO_PROGRESSED_DIRECT_HANDOFF,-35.82,61.28,-48.82,97.1,-0.5845,30.2,NO_PROGRESSED_DIRECT_HANDOFF,-35.82,61.28,-48.82,97.1,-0.5845,30.2,NO_EXIT_BEFORE_CUTOFF,-35.82,61.28,-48.82,97.1,-0.5845,30.2,NO_PROGRESSED_DIRECT_HANDOFF,-35.82,61.28,-48.82,97.1,-0.5845,30.2,NO_PROGRESSED_DIRECT_HANDOFF,-35.82,61.28,-48.82,97.1,-0.5845,30.2,NO_EXIT_BEFORE_CUTOFF,-35.82,61.28,-48.82,97.1,-0.5845,30.2,47.14,28.22,20.07,-35.82
085910,네오티스,KOSDAQ,2025-11-14,2025-11-17,4390.0,TRANSITION,TRIGGER,PERMITTED_REGIME,ELEVATED,77.17,READY,NORMAL_EARLY_TREND_HANDOFF,2025-11-30,2026-01-31,2026-01-30,True,False,,,,NO_EXIT_BEFORE_CUTOFF,320.27,726.88,-2.85,406.61,0.4406,36.6,NO_EXIT_BEFORE_CUTOFF,320.27,726.88,-2.85,406.61,0.4406,36.6,NO_EXIT_BEFORE_CUTOFF,320.27,726.88,-2.85,406.61,0.4406,36.6,NO_EXIT_BEFORE_CUTOFF,320.27,726.88,-2.85,406.61,0.4406,36.6,NO_EXIT_BEFORE_CUTOFF,320.27,726.88,-2.85,406.61,0.4406,36.6,NO_EXIT_BEFORE_CUTOFF,320.27,726.88,-2.85,406.61,0.4406,36.6,84.28,145.79,178.59,619.82
086280,현대글로비스,KOSPI,2024-09-20,2024-09-23,119600.0,EARLY_TREND,TRIGGER,PERMITTED_REGIME,NORMAL,69.81,PARTIAL,NORMAL_EARLY_TREND_HANDOFF,2024-09-20,2025-03-31,2025-03-31,True,False,,,,NO_EXIT_BEFORE_CUTOFF,76.42,147.49,-12.63,71.07,0.5181,92.2,EXIT4_SCORE_DRAWDOWN_GE_15,56.02,62.96,-12.63,6.94,0.8898,53.8,EXIT4_SCORE_DRAWDOWN_GE_15,56.02,62.96,-12.63,6.94,0.8898,53.8,NO_EXIT_BEFORE_CUTOFF,76.42,147.49,-12.63,71.07,0.5181,92.2,EXIT4_SCORE_DRAWDOWN_GE_15,56.02,62.96,-12.63,6.94,0.8898,53.8,EXIT4_SCORE_DRAWDOWN_GE_15,56.02,62.96,-12.63,6.94,0.8898,53.8,2.26,2.34,-0.25,-8.44
086390,유니테스트,KOSDAQ,2025-09-05,2025-09-08,16940.0,TRANSITION,TRIGGER,PERMITTED_REGIME,NORMAL,77.99,READY,PROGRESSED_WITHOUT_DIRECT_HANDOFF,2025-09-30,2025-12-31,2025-12-30,False,True,2025-11-18,2025-11-19,14120.0,NO_PROGRESSED_DIRECT_HANDOFF,-37.25,39.91,-64.4,77.16,-0.9334,45.6,NO_PROGRESSED_DIRECT_HANDOFF,-37.25,39.91,-64.4,77.16,-0.9334,45.6,EXIT4_SCORE_DRAWDOWN_GE_15,9.86,39.91,-34.42,30.05,0.2471,23.0,LOSS_GUARD_CLOSE_LE_NEG_15,-16.65,31.64,-16.65,48.29,-0.5262,9.6,LOSS_GUARD_CLOSE_LE_NEG_15,-16.65,31.64,-16.65,48.29,-0.5262,9.6,LOSS_GUARD_CLOSE_LE_NEG_15,-16.65,31.64,-16.65,48.29,-0.5262,9.6,9.03,-1.89,-12.93,5.67
086450,동국제약,KOSDAQ,2025-09-12,2025-09-15,19300.0,TRANSITION,TRIGGER,PERMITTED_REGIME,NORMAL,79.3,READY,NEVER_PROGRESSED,2026-03-31,,,False,False,,,,NO_PROGRESSED_DIRECT_HANDOFF,2.18,61.92,-15.75,59.74,0.0352,44.6,NO_PROGRESSED_DIRECT_HANDOFF,2.18,61.92,-15.75,59.74,0.0352,44.6,NO_PROGRESSED_BEFORE_CUTOFF,2.18,61.92,-15.75,59.74,0.0352,44.6,NO_PROGRESSED_DIRECT_HANDOFF,2.18,61.92,-15.75,59.74,0.0352,44.6,NO_PROGRESSED_DIRECT_HANDOFF,2.18,61.92,-15.75,59.74,0.0352,44.6,NO_PROGRESSED_BEFORE_CUTOFF,2.18,61.92,-15.75,59.74,0.0352,44.6,-4.4,-6.74,-3.99,22.28
086520,에코프로,KOSDAQ,2017-05-12,2017-05-15,1928.0,EARLY_TREND,TRIGGER,PERMITTED_REGIME,NORMAL,73.82,PARTIAL,NORMAL_EARLY_TREND_HANDOFF,2017-05-12,2017-08-31,2017-08-31,True,False,,,,EXIT3_PROGRESSED_TO_TRANSITION,115.87,215.72,-1.92,99.85,0.5371,87.8,EXIT3_PROGRESSED_TO_TRANSITION,115.87,215.72,-1.92,99.85,0.5371,87.8,EXIT3_PROGRESSED_TO_TRANSITION,115.87,215.72,-1.92,99.85,0.5371,87.8,EXIT3_PROGRESSED_TO_TRANSITION,115.87,215.72,-1.92,99.85,0.5371,87.8,EXIT3_PROGRESSED_TO_TRANSITION,115.87,215.72,-1.92,99.85,0.5371,87.8,EXIT3_PROGRESSED_TO_TRANSITION,115.87,215.72,-1.92,99.85,0.5371,87.8,5.34,46.16,79.46,144.97
086670,비엠티,KOSDAQ,2025-10-10,2025-10-13,11610.0,TRANSITION,TRIGGER,PERMITTED_REGIME,NORMAL,79.3,READY,NORMAL_EARLY_TREND_HANDOFF,2026-03-31,2026-05-31,2026-05-29,True,False,,,,NO_EXIT_BEFORE_CUTOFF,41.69,91.21,-8.61,49.52,0.4571,41.6,EXIT4_SCORE_DRAWDOWN_GE_15,35.06,91.21,-8.61,56.15,0.3844,39.8,EXIT4_SCORE_DRAWDOWN_GE_15,35.06,91.21,-8.61,56.15,0.3844,39.8,NO_EXIT_BEFORE_CUTOFF,41.69,91.21,-8.61,49.52,0.4571,41.6,EXIT4_SCORE_DRAWDOWN_GE_15,35.06,91.21,-8.61,56.15,0.3844,39.8,EXIT4_SCORE_DRAWDOWN_GE_15,35.06,91.21,-8.61,56.15,0.3844,39.8,-5.34,8.7,5.68,33.76
086790,하나금융지주,KOSPI,2023-01-06,2023-01-09,48800.0,EARLY_TREND,TRIGGER,PERMITTED_REGIME,NORMAL,77.99,READY,NORMAL_EARLY_TREND_HANDOFF,2023-01-06,2024-07-31,2024-07-31,True,True,2023-03-14,2023-03-15,41750.0,NO_EXIT_BEFORE_CUTOFF,172.54,192.01,-23.77,19.47,0.8986,175.6,EXIT4_SCORE_DRAWDOWN_GE_15,93.65,107.17,-23.77,13.52,0.8738,141.2,EXIT4_SCORE_DRAWDOWN_GE_15,93.65,107.17,-23.77,13.52,0.8738,141.2,LOSS_GUARD_CLOSE_LE_NEG_15,-14.45,9.22,-16.6,23.67,-1.5672,9.0,LOSS_GUARD_CLOSE_LE_NEG_15,-14.45,9.22,-16.6,23.67,-1.5672,9.0,LOSS_GUARD_CLOSE_LE_NEG_15,-14.45,9.22,-16.6,23.67,-1.5672,9.0,-1.33,-10.86,-15.57,-20.08
086820,바이오솔루션,KOSDAQ,2025-01-03,2025-01-06,8265.0,EARLY_TREND,TRIGGER,PERMITTED_REGIME,NORMAL,77.32,PARTIAL,NORMAL_EARLY_TREND_HANDOFF,2025-01-03,2025-01-31,2025-01-31,True,False,,,,EXIT3_PROGRESSED_TO_TRANSITION,-4.05,62.73,-13.85,66.78,-0.0646,68.0,EXIT4_SCORE_DRAWDOWN_GE_15,26.68,30.15,-13.03,3.47,0.8849,7.4,EXIT4_SCORE_DRAWDOWN_GE_15,26.68,30.15,-13.03,3.47,0.8849,7.4,EXIT3_PROGRESSED_TO_TRANSITION,-4.05,62.73,-13.85,66.78,-0.0646,68.0,EXIT4_SCORE_DRAWDOWN_GE_15,26.68,30.15,-13.03,3.47,0.8849,7.4,EXIT4_SCORE_DRAWDOWN_GE_15,26.68,30.15,-13.03,3.47,0.8849,7.4,14.26,14.47,-0.6,6.35
088350,한화생명,KOSPI,2025-06-13,2025-06-16,3295.0,TRANSITION,TRIGGER,PERMITTED_REGIME,NORMAL,77.99,READY,PROGRESSED_WITHOUT_DIRECT_HANDOFF,2025-06-30,2026-05-31,2026-05-29,False,False,,,,NO_PROGRESSED_DIRECT_HANDOFF,70.86,129.44,-11.08,58.58,0.5474,57.4,NO_PROGRESSED_DIRECT_HANDOFF,70.86,129.44,-11.08,58.58,0.5474,57.4,NO_EXIT_BEFORE_CUTOFF,70.86,129.44,-11.08,58.58,0.5474,57.4,NO_PROGRESSED_DIRECT_HANDOFF,70.86,129.44,-11.08,58.58,0.5474,57.4,NO_PROGRESSED_DIRECT_HANDOFF,70.86,129.44,-11.08,58.58,0.5474,57.4,NO_EXIT_BEFORE_CUTOFF,70.86,129.44,-11.08,58.58,0.5474,57.4,26.56,3.03,-5.46,-0.76
089010,켐트로닉스,KOSDAQ,2025-03-14,2025-03-17,32050.0,TRANSITION,TRIGGER,PERMITTED_REGIME,ELEVATED,72.07,PARTIAL,PROGRESSED_WITHOUT_DIRECT_HANDOFF,2025-09-30,2026-02-28,2026-02-27,False,True,2025-03-25,2025-03-26,25350.0,NO_PROGRESSED_DIRECT_HANDOFF,-26.99,52.57,-49.3,79.56,-0.5134,69.4,NO_PROGRESSED_DIRECT_HANDOFF,-26.99,52.57,-49.3,79.56,-0.5134,69.4,EXIT4_SCORE_DRAWDOWN_GE_15,9.2,52.57,-37.97,43.37,0.175,59.0,LOSS_GUARD_CLOSE_LE_NEG_15,-20.9,2.34,-21.22,23.24,-8.9316,1.6,LOSS_GUARD_CLOSE_LE_NEG_15,-20.9,2.34,-21.22,23.24,-8.9316,1.6,LOSS_GUARD_CLOSE_LE_NEG_15,-20.9,2.34,-21.22,23.24,-8.9316,1.6,-29.49,-26.99,-24.8,-4.68
089030,테크윙,KOSDAQ,2025-09-12,2025-09-15,43000.0,TRANSITION,TRIGGER,PERMITTED_REGIME,NORMAL,73.44,READY,PROGRESSED_WITHOUT_DIRECT_HANDOFF,2025-09-30,2026-02-28,2026-02-27,False,False,,,,NO_PROGRESSED_DIRECT_HANDOFF,14.53,72.09,-26.45,57.56,0.2016,44.6,NO_PROGRESSED_DIRECT_HANDOFF,14.53,72.09,-26.45,57.56,0.2016,44.6,NO_EXIT_BEFORE_CUTOFF,14.53,72.09,-26.45,57.56,0.2016,44.6,NO_PROGRESSED_DIRECT_HANDOFF,14.53,72.09,-26.45,57.56,0.2016,44.6,NO_PROGRESSED_DIRECT_HANDOFF,14.53,72.09,-26.45,57.56,0.2016,44.6,NO_EXIT_BEFORE_CUTOFF,14.53,72.09,-26.45,57.56,0.2016,44.6,52.09,27.67,1.05,5.35
089470,HDC현대EP,KOSPI,2025-06-20,2025-06-23,3970.0,TRANSITION,TRIGGER,PERMITTED_REGIME,NORMAL,72.1,READY,NEVER_PROGRESSED,2026-02-28,,,False,False,,,,NO_PROGRESSED_DIRECT_HANDOFF,1.76,66.25,-14.36,64.49,0.0266,56.4,NO_PROGRESSED_DIRECT_HANDOFF,1.76,66.25,-14.36,64.49,0.0266,56.4,NO_PROGRESSED_BEFORE_CUTOFF,1.76,66.25,-14.36,64.49,0.0266,56.4,NO_PROGRESSED_DIRECT_HANDOFF,1.76,66.25,-14.36,64.49,0.0266,56.4,NO_PROGRESSED_DIRECT_HANDOFF,1.76,66.25,-14.36,64.49,0.0266,56.4,NO_PROGRESSED_BEFORE_CUTOFF,1.76,66.25,-14.36,64.49,0.0266,56.4,3.9,1.76,3.78,8.06
089860,롯데렌탈,KOSPI,2024-08-02,2024-08-05,28650.0,TRANSITION,TRIGGER,PERMITTED_REGIME,NORMAL,79.13,PARTIAL,NEVER_PROGRESSED,2026-07-31,,,False,False,,,,NO_PROGRESSED_DIRECT_HANDOFF,57.07,62.65,-9.08,5.58,0.9109,98.4,NO_PROGRESSED_DIRECT_HANDOFF,57.07,62.65,-9.08,5.58,0.9109,98.4,NO_PROGRESSED_BEFORE_CUTOFF,57.07,62.65,-9.08,5.58,0.9109,98.4,NO_PROGRESSED_DIRECT_HANDOFF,57.07,62.65,-9.08,5.58,0.9109,98.4,NO_PROGRESSED_DIRECT_HANDOFF,57.07,62.65,-9.08,5.58,0.9109,98.4,NO_PROGRESSED_BEFORE_CUTOFF,57.07,62.65,-9.08,5.58,0.9109,98.4,10.82,7.16,-2.27,4.19
089890,코세스,KOSDAQ,2025-09-19,2025-09-22,14780.0,TRANSITION,TRIGGER,PERMITTED_REGIME,NORMAL,77.99,READY,NORMAL_EARLY_TREND_HANDOFF,2025-09-30,2025-12-31,2025-12-30,True,False,,,,NO_EXIT_BEFORE_CUTOFF,61.03,247.77,-1.15,186.74,0.2463,43.6,EXIT4_SCORE_DRAWDOWN_GE_15,72.87,120.57,-1.15,47.7,0.6044,17.6,EXIT4_SCORE_DRAWDOWN_GE_15,72.87,120.57,-1.15,47.7,0.6044,17.6,NO_EXIT_BEFORE_CUTOFF,61.03,247.77,-1.15,186.74,0.2463,43.6,EXIT4_SCORE_DRAWDOWN_GE_15,72.87,120.57,-1.15,47.7,0.6044,17.6,EXIT4_SCORE_DRAWDOWN_GE_15,72.87,120.57,-1.15,47.7,0.6044,17.6,105.01,76.93,46.14,40.05
089970,브이엠,KOSDAQ,2025-03-21,2025-03-24,10780.0,TRANSITION,TRIGGER,PERMITTED_REGIME,NORMAL,73.82,PARTIAL,NORMAL_EARLY_TREND_HANDOFF,2025-10-31,2025-12-31,2025-12-30,True,False,,,,NO_EXIT_BEFORE_CUTOFF,532.65,1032.65,-11.87,500.0,0.5158,68.4,EXIT4_SCORE_DRAWDOWN_GE_15,166.23,212.62,-11.87,46.39,0.7818,42.4,EXIT4_SCORE_DRAWDOWN_GE_15,166.23,212.62,-11.87,46.39,0.7818,42.4,NO_EXIT_BEFORE_CUTOFF,532.65,1032.65,-11.87,500.0,0.5158,68.4,EXIT4_SCORE_DRAWDOWN_GE_15,166.23,212.62,-11.87,46.39,0.7818,42.4,EXIT4_SCORE_DRAWDOWN_GE_15,166.23,212.62,-11.87,46.39,0.7818,42.4,-0.56,18.74,12.52,61.6
089980,상아프론테크,KOSDAQ,2026-04-17,2026-04-20,24900.0,TRANSITION,TRIGGER,PERMITTED_REGIME,ELEVATED,70.24,READY,NEVER_PROGRESSED,2026-04-30,,,False,True,2026-05-29,2026-06-01,20300.0,NO_PROGRESSED_DIRECT_HANDOFF,-39.44,20.68,-57.43,60.12,-1.9072,16.0,NO_PROGRESSED_DIRECT_HANDOFF,-39.44,20.68,-57.43,60.12,-1.9072,16.0,NO_PROGRESSED_BEFORE_CUTOFF,-39.44,20.68,-57.43,60.12,-1.9072,16.0,LOSS_GUARD_CLOSE_LE_NEG_15,-18.47,20.68,-18.47,39.15,-0.8931,5.6,LOSS_GUARD_CLOSE_LE_NEG_15,-18.47,20.68,-18.47,39.15,-0.8931,5.6,LOSS_GUARD_CLOSE_LE_NEG_15,-18.47,20.68,-18.47,39.15,-0.8931,5.6,-9.84,-24.86,-45.06,
090360,로보스타,KOSDAQ,2025-02-07,2025-02-10,28850.0,TRANSITION,TRIGGER,PERMITTED_REGIME,ELEVATED,66.82,PARTIAL,NORMAL_EARLY_TREND_HANDOFF,2025-09-30,2025-11-30,2025-11-28,True,True,2025-03-07,2025-03-10,24500.0,NO_EXIT_BEFORE_CUTOFF,197.75,494.8,-30.71,297.05,0.3997,74.2,EXIT4_SCORE_DRAWDOWN_GE_15,177.64,274.35,-30.71,96.71,0.6475,44.0,EXIT4_SCORE_DRAWDOWN_GE_15,177.64,274.35,-30.71,96.71,0.6475,44.0,LOSS_GUARD_CLOSE_LE_NEG_15,-15.08,8.67,-16.81,23.75,-1.7393,4.0,LOSS_GUARD_CLOSE_LE_NEG_15,-15.08,8.67,-16.81,23.75,-1.7393,4.0,LOSS_GUARD_CLOSE_LE_NEG_15,-15.08,8.67,-16.81,23.75,-1.7393,4.0,-15.42,-28.6,-12.31,-9.53
090430,아모레퍼시픽,KOSPI,2025-05-30,2025-06-02,134100.0,TRANSITION,TRIGGER,PERMITTED_REGIME,NORMAL,76.82,PARTIAL,NEVER_PROGRESSED,,,,False,True,2026-06-01,2026-06-02,111400.0,NO_PROGRESSED_DIRECT_HANDOFF,1.19,26.03,-29.9,24.84,0.0457,59.0,NO_PROGRESSED_DIRECT_HANDOFF,1.19,26.03,-29.9,24.84,0.0457,59.0,NO_PROGRESSED_BEFORE_CUTOFF,1.19,26.03,-29.9,24.84,0.0457,59.0,LOSS_GUARD_CLOSE_LE_NEG_15,-16.93,26.03,-17.3,42.96,-0.6504,48.8,LOSS_GUARD_CLOSE_LE_NEG_15,-16.93,26.03,-17.3,42.96,-0.6504,48.8,LOSS_GUARD_CLOSE_LE_NEG_15,-16.93,26.03,-17.3,42.96,-0.6504,48.8,2.54,-2.24,-10.07,-9.55
090850,현대이지웰,KOSDAQ,2025-06-13,2025-06-16,6500.0,TRANSITION,TRIGGER,PERMITTED_REGIME,ELEVATED,67.99,READY,NEVER_PROGRESSED,,,,False,True,2025-10-28,2025-10-29,5400.0,NO_PROGRESSED_DIRECT_HANDOFF,-19.23,12.31,-26.69,31.54,-1.5621,57.4,NO_PROGRESSED_DIRECT_HANDOFF,-19.23,12.31,-26.69,31.54,-1.5621,57.4,NO_PROGRESSED_BEFORE_CUTOFF,-19.23,12.31,-26.69,31.54,-1.5621,57.4,LOSS_GUARD_CLOSE_LE_NEG_15,-16.92,12.31,-17.38,29.23,-1.3745,18.4,LOSS_GUARD_CLOSE_LE_NEG_15,-16.92,12.31,-17.38,29.23,-1.3745,18.4,LOSS_GUARD_CLOSE_LE_NEG_15,-16.92,12.31,-17.38,29.23,-1.3745,18.4,4.0,5.54,-2.77,-20.46
091580,상신이디피,KOSDAQ,2025-12-12,2025-12-15,14990.0,TRANSITION,TRIGGER,PERMITTED_REGIME,ELEVATED,74.99,READY,SKIPPED_EARLY_TREND_HANDOFF,,2026-04-30,2026-04-30,False,True,2026-01-02,2026-01-05,11780.0,NO_PROGRESSED_DIRECT_HANDOFF,21.95,110.47,-26.42,88.52,0.1987,32.6,NO_PROGRESSED_DIRECT_HANDOFF,21.95,110.47,-26.42,88.52,0.1987,32.6,EXIT4_SCORE_DRAWDOWN_GE_15,39.09,110.47,-24.62,71.38,0.3539,22.2,LOSS_GUARD_CLOSE_LE_NEG_15,-21.41,5.8,-22.41,27.21,-3.6914,2.6,LOSS_GUARD_CLOSE_LE_NEG_15,-21.41,5.8,-22.41,27.21,-3.6914,2.6,LOSS_GUARD_CLOSE_LE_NEG_15,-21.41,5.8,-22.41,27.21,-3.6914,2.6,-14.41,3.74,19.08,10.14
091700,파트론,KOSDAQ,2025-12-12,2025-12-15,7300.0,TRANSITION,TRIGGER,PERMITTED_REGIME,NORMAL,72.1,READY,NEVER_PROGRESSED,2026-04-30,,,False,True,2026-06-22,2026-06-23,6150.0,NO_PROGRESSED_DIRECT_HANDOFF,-20.27,19.59,-32.19,39.86,-1.0347,32.6,NO_PROGRESSED_DIRECT_HANDOFF,-20.27,19.59,-32.19,39.86,-1.0347,32.6,NO_PROGRESSED_BEFORE_CUTOFF,-20.27,19.59,-32.19,39.86,-1.0347,32.6,LOSS_GUARD_CLOSE_LE_NEG_15,-15.75,19.59,-16.3,35.34,-0.804,25.2,LOSS_GUARD_CLOSE_LE_NEG_15,-15.75,19.59,-16.3,35.34,-0.804,25.2,LOSS_GUARD_CLOSE_LE_NEG_15,-15.75,19.59,-16.3,35.34,-0.804,25.2,-6.03,3.97,14.66,-17.95
092070,디엔에프,KOSDAQ,2026-04-17,2026-04-20,22550.0,TRANSITION,TRIGGER,PERMITTED_REGIME,NORMAL,77.74,READY,NEVER_PROGRESSED,,,,False,True,2026-05-29,2026-06-01,19140.0,NO_PROGRESSED_DIRECT_HANDOFF,-37.03,15.3,-57.43,52.33,-2.4203,16.0,NO_PROGRESSED_DIRECT_HANDOFF,-37.03,15.3,-57.43,52.33,-2.4203,16.0,NO_PROGRESSED_BEFORE_CUTOFF,-37.03,15.3,-57.43,52.33,-2.4203,16.0,LOSS_GUARD_CLOSE_LE_NEG_15,-15.12,15.3,-17.92,30.42,-0.9882,5.6,LOSS_GUARD_CLOSE_LE_NEG_15,-15.12,15.3,-17.92,30.42,-0.9882,5.6,LOSS_GUARD_CLOSE_LE_NEG_15,-15.12,15.3,-17.92,30.42,-0.9882,5.6,-5.32,-23.95,-44.75,
092460,한라IMS,KOSDAQ,2025-01-17,2025-01-20,8770.0,EARLY_TREND,TRIGGER,PERMITTED_REGIME,NORMAL,79.57,PARTIAL,PROGRESSED_WITHOUT_DIRECT_HANDOFF,2025-01-17,2025-08-31,2025-08-29,False,False,,,,NO_PROGRESSED_DIRECT_HANDOFF,110.95,152.57,-14.94,41.62,0.7272,76.4,NO_PROGRESSED_DIRECT_HANDOFF,110.95,152.57,-14.94,41.62,0.7272,76.4,EXIT4_SCORE_DRAWDOWN_GE_15,70.47,121.78,-14.94,51.31,0.5787,34.4,NO_PROGRESSED_DIRECT_HANDOFF,110.95,152.57,-14.94,41.62,0.7272,76.4,NO_PROGRESSED_DIRECT_HANDOFF,110.95,152.57,-14.94,41.62,0.7272,76.4,EXIT4_SCORE_DRAWDOWN_GE_15,70.47,121.78,-14.94,51.31,0.5787,34.4,2.28,3.08,1.37,18.59
092730,네오팜,KOSDAQ,2025-05-23,2025-05-26,14730.0,TRANSITION,TRIGGER,PERMITTED_REGIME,NORMAL,77.32,PARTIAL,PROGRESSED_WITHOUT_DIRECT_HANDOFF,2025-05-31,2025-12-31,2025-12-30,False,False,,,,NO_PROGRESSED_DIRECT_HANDOFF,64.63,76.51,-6.18,11.88,0.8447,60.0,NO_PROGRESSED_DIRECT_HANDOFF,64.63,76.51,-6.18,11.88,0.8447,60.0,EXIT4_SCORE_DRAWDOWN_GE_15,23.69,53.77,-6.18,30.08,0.4406,53.8,NO_PROGRESSED_DIRECT_HANDOFF,64.63,76.51,-6.18,11.88,0.8447,60.0,NO_PROGRESSED_DIRECT_HANDOFF,64.63,76.51,-6.18,11.88,0.8447,60.0,EXIT4_SCORE_DRAWDOWN_GE_15,23.69,53.77,-6.18,30.08,0.4406,53.8,-3.05,21.93,32.38,28.24
093050,LF,KOSPI,2025-02-14,2025-02-17,16490.0,TRANSITION,TRIGGER,PERMITTED_REGIME,NORMAL,78.63,PARTIAL,NORMAL_EARLY_TREND_HANDOFF,2025-07-31,2026-04-30,2026-04-30,True,True,2025-04-09,2025-04-10,13930.0,NO_EXIT_BEFORE_CUTOFF,38.87,60.4,-17.16,21.53,0.6435,73.2,EXIT4_SCORE_DRAWDOWN_GE_15,37.05,60.4,-17.16,23.35,0.6134,67.0,EXIT4_SCORE_DRAWDOWN_GE_15,37.05,60.4,-17.16,23.35,0.6134,67.0,LOSS_GUARD_CLOSE_LE_NEG_15,-15.52,1.7,-17.16,17.22,-9.1294,7.6,LOSS_GUARD_CLOSE_LE_NEG_15,-15.52,1.7,-17.16,17.22,-9.1294,7.6,LOSS_GUARD_CLOSE_LE_NEG_15,-15.52,1.7,-17.16,17.22,-9.1294,7.6,-6.61,-14.01,-6.97,14.07
093190,빅솔론,KOSDAQ,2025-05-02,2025-05-07,5200.0,TRANSITION,TRIGGER,PERMITTED_REGIME,NORMAL,75.63,PARTIAL,PROGRESSED_WITHOUT_DIRECT_HANDOFF,2026-02-28,2026-04-30,2026-04-30,False,False,,,,NO_PROGRESSED_DIRECT_HANDOFF,73.46,89.81,-1.73,16.35,0.8179,62.6,NO_PROGRESSED_DIRECT_HANDOFF,73.46,89.81,-1.73,16.35,0.8179,62.6,EXIT4_SCORE_DRAWDOWN_GE_15,55.77,89.81,-1.73,34.04,0.621,56.4,NO_PROGRESSED_DIRECT_HANDOFF,73.46,89.81,-1.73,16.35,0.8179,62.6,NO_PROGRESSED_DIRECT_HANDOFF,73.46,89.81,-1.73,16.35,0.8179,62.6,EXIT4_SCORE_DRAWDOWN_GE_15,55.77,89.81,-1.73,34.04,0.621,56.4,13.08,16.15,17.31,17.31
093320,케이아이엔엑스,KOSDAQ,2025-07-18,2025-07-21,92300.0,EARLY_TREND,TRIGGER,PERMITTED_REGIME,NORMAL,78.49,READY,NORMAL_EARLY_TREND_HANDOFF,2025-07-18,2026-03-31,2026-03-31,True,False,,,,NO_EXIT_BEFORE_CUTOFF,62.51,77.36,-14.19,14.85,0.808,52.4,NO_EXIT_BEFORE_CUTOFF,62.51,77.36,-14.19,14.85,0.808,52.4,NO_EXIT_BEFORE_CUTOFF,62.51,77.36,-14.19,14.85,0.808,52.4,NO_EXIT_BEFORE_CUTOFF,62.51,77.36,-14.19,14.85,0.808,52.4,NO_EXIT_BEFORE_CUTOFF,62.51,77.36,-14.19,14.85,0.808,52.4,NO_EXIT_BEFORE_CUTOFF,62.51,77.36,-14.19,14.85,0.808,52.4,-12.46,-1.3,0.33,52.33
094800,맵스리얼티,KOSPI,2024-12-06,2024-12-09,4290.0,TRANSITION,TRIGGER,PERMITTED_REGIME,NORMAL,79.13,PARTIAL,NORMAL_EARLY_TREND_HANDOFF,2025-09-30,2026-05-31,2026-05-29,True,False,,,,NO_EXIT_BEFORE_CUTOFF,63.17,90.91,-6.53,27.74,0.6949,81.8,EXIT4_SCORE_DRAWDOWN_GE_15,37.53,90.91,-6.53,53.38,0.4128,80.0,EXIT4_SCORE_DRAWDOWN_GE_15,37.53,90.91,-6.53,53.38,0.4128,80.0,NO_EXIT_BEFORE_CUTOFF,63.17,90.91,-6.53,27.74,0.6949,81.8,EXIT4_SCORE_DRAWDOWN_GE_15,37.53,90.91,-6.53,53.38,0.4128,80.0,EXIT4_SCORE_DRAWDOWN_GE_15,37.53,90.91,-6.53,53.38,0.4128,80.0,-5.24,-4.43,-1.17,1.17
094820,일진파워,KOSDAQ,2026-01-16,2026-01-19,14260.0,TRANSITION,TRIGGER,PERMITTED_REGIME,NORMAL,78.49,READY,NORMAL_EARLY_TREND_HANDOFF,2026-01-31,2026-04-30,2026-04-30,True,False,,,,NO_EXIT_BEFORE_CUTOFF,-10.52,71.81,-36.82,82.33,-0.1465,28.2,EXIT4_SCORE_DRAWDOWN_GE_15,-2.31,71.81,-5.75,74.12,-0.0322,17.8,EXIT4_SCORE_DRAWDOWN_GE_15,-2.31,71.81,-5.75,74.12,-0.0322,17.8,NO_EXIT_BEFORE_CUTOFF,-10.52,71.81,-36.82,82.33,-0.1465,28.2,EXIT4_SCORE_DRAWDOWN_GE_15,-2.31,71.81,-5.75,74.12,-0.0322,17.8,EXIT4_SCORE_DRAWDOWN_GE_15,-2.31,71.81,-5.75,74.12,-0.0322,17.8,21.25,22.72,29.38,-33.73
094840,슈프리마에이치큐,KOSDAQ,2026-04-17,2026-04-20,9160.0,TRANSITION,TRIGGER,PERMITTED_REGIME,NORMAL,77.99,READY,NEVER_PROGRESSED,2026-04-30,,,False,False,,,,NO_PROGRESSED_DIRECT_HANDOFF,36.03,70.31,-5.57,34.28,0.5124,16.0,NO_PROGRESSED_DIRECT_HANDOFF,36.03,70.31,-5.57,34.28,0.5124,16.0,NO_PROGRESSED_BEFORE_CUTOFF,36.03,70.31,-5.57,34.28,0.5124,16.0,NO_PROGRESSED_DIRECT_HANDOFF,36.03,70.31,-5.57,34.28,0.5124,16.0,NO_PROGRESSED_DIRECT_HANDOFF,36.03,70.31,-5.57,34.28,0.5124,16.0,NO_PROGRESSED_BEFORE_CUTOFF,36.03,70.31,-5.57,34.28,0.5124,16.0,19.43,19.1,44.0,
095340,ISC,KOSDAQ,2025-01-03,2025-01-06,72000.0,TRANSITION,TRIGGER,PERMITTED_REGIME,NORMAL,74.32,PARTIAL,NORMAL_EARLY_TREND_HANDOFF,2025-11-30,2026-02-28,2026-02-27,True,True,2025-02-03,2025-02-04,61800.0,NO_EXIT_BEFORE_CUTOFF,124.03,306.25,-40.56,182.22,0.405,78.4,NO_EXIT_BEFORE_CUTOFF,124.03,306.25,-40.56,182.22,0.405,78.4,NO_EXIT_BEFORE_CUTOFF,124.03,306.25,-40.56,182.22,0.405,78.4,LOSS_GUARD_CLOSE_LE_NEG_15,-14.17,12.08,-17.64,26.25,-1.173,3.6,LOSS_GUARD_CLOSE_LE_NEG_15,-14.17,12.08,-17.64,26.25,-1.173,3.6,LOSS_GUARD_CLOSE_LE_NEG_15,-14.17,12.08,-17.64,26.25,-1.173,3.6,0.42,-12.22,-30.69,-14.58
095570,AJ네트웍스,KOSPI,2025-11-21,2025-11-24,4795.0,TRANSITION,TRIGGER,PERMITTED_REGIME,NORMAL,74.05,READY,NEVER_PROGRESSED,2026-02-28,,,False,True,2026-06-23,2026-06-24,4020.0,NO_PROGRESSED_DIRECT_HANDOFF,-5.74,16.16,-20.23,21.9,-0.3552,35.6,NO_PROGRESSED_DIRECT_HANDOFF,-5.74,16.16,-20.23,21.9,-0.3552,35.6,NO_PROGRESSED_BEFORE_CUTOFF,-5.74,16.16,-20.23,21.9,-0.3552,35.6,LOSS_GUARD_CLOSE_LE_NEG_15,-16.16,16.16,-16.48,32.32,-1.0,28.4,LOSS_GUARD_CLOSE_LE_NEG_15,-16.16,16.16,-16.48,32.32,-1.0,28.4,LOSS_GUARD_CLOSE_LE_NEG_15,-16.16,16.16,-16.48,32.32,-1.0,28.4,-3.23,-5.42,12.83,-13.87
095610,테스,KOSDAQ,2025-03-14,2025-03-17,24000.0,TRANSITION,TRIGGER,PERMITTED_REGIME,NORMAL,80.32,PARTIAL,NORMAL_EARLY_TREND_HANDOFF,2025-06-30,2025-10-31,2025-10-31,True,True,2025-04-04,2025-04-07,18420.0,NO_EXIT_BEFORE_CUTOFF,514.58,885.42,-28.21,370.84,0.5812,69.4,EXIT4_SCORE_DRAWDOWN_GE_15,68.54,114.17,-28.21,45.63,0.6003,35.0,EXIT4_SCORE_DRAWDOWN_GE_15,68.54,114.17,-28.21,45.63,0.6003,35.0,LOSS_GUARD_CLOSE_LE_NEG_15,-23.25,2.29,-23.25,25.54,-10.1528,3.2,LOSS_GUARD_CLOSE_LE_NEG_15,-23.25,2.29,-23.25,25.54,-10.1528,3.2,LOSS_GUARD_CLOSE_LE_NEG_15,-23.25,2.29,-23.25,25.54,-10.1528,3.2,-21.25,-3.96,1.67,82.71
095660,네오위즈,KOSDAQ,2026-01-30,2026-02-02,29100.0,TRANSITION,TRIGGER,PERMITTED_REGIME,NORMAL,77.99,READY,NEVER_PROGRESSED,,,,False,True,2026-03-04,2026-03-05,24150.0,NO_PROGRESSED_DIRECT_HANDOFF,-34.36,4.81,-44.67,39.17,-7.1435,26.2,NO_PROGRESSED_DIRECT_HANDOFF,-34.36,4.81,-44.67,39.17,-7.1435,26.2,NO_PROGRESSED_BEFORE_CUTOFF,-34.36,4.81,-44.67,39.17,-7.1435,26.2,LOSS_GUARD_CLOSE_LE_NEG_15,-17.01,4.81,-21.48,21.82,-3.5364,4.0,LOSS_GUARD_CLOSE_LE_NEG_15,-17.01,4.81,-21.48,21.82,-3.5364,4.0,LOSS_GUARD_CLOSE_LE_NEG_15,-17.01,4.81,-21.48,21.82,-3.5364,4.0,-17.53,-18.73,-24.4,-34.71
096530,씨젠,KOSDAQ,2025-05-16,2025-05-19,33300.0,TRANSITION,TRIGGER,PERMITTED_REGIME,NORMAL,77.32,PARTIAL,NEVER_PROGRESSED,2026-05-31,,,False,True,2025-08-11,2025-08-12,27850.0,NO_PROGRESSED_DIRECT_HANDOFF,-3.45,10.06,-34.83,13.51,-0.3429,61.0,NO_PROGRESSED_DIRECT_HANDOFF,-3.45,10.06,-34.83,13.51,-0.3429,61.0,NO_PROGRESSED_BEFORE_CUTOFF,-3.45,10.06,-34.83,13.51,-0.3429,61.0,LOSS_GUARD_CLOSE_LE_NEG_15,-16.37,10.06,-18.32,26.43,-1.6272,12.0,LOSS_GUARD_CLOSE_LE_NEG_15,-16.37,10.06,-18.32,26.43,-1.6272,12.0,LOSS_GUARD_CLOSE_LE_NEG_15,-16.37,10.06,-18.32,26.43,-1.6272,12.0,0.45,-3.0,-18.32,-24.47
096760,JW홀딩스,KOSPI,2025-06-13,2025-06-16,4135.0,TRANSITION,TRIGGER,PERMITTED_REGIME,NORMAL,77.99,READY,NEVER_PROGRESSED,2026-01-31,,,False,True,2025-06-26,2025-06-27,3500.0,NO_PROGRESSED_DIRECT_HANDOFF,0.0,14.15,-23.94,14.15,0.0,57.4,NO_PROGRESSED_DIRECT_HANDOFF,0.0,14.15,-23.94,14.15,0.0,57.4,NO_PROGRESSED_BEFORE_CUTOFF,0.0,14.15,-23.94,14.15,0.0,57.4,LOSS_GUARD_CLOSE_LE_NEG_15,-15.36,0.12,-16.44,15.48,-128.0,2.0,LOSS_GUARD_CLOSE_LE_NEG_15,-15.36,0.12,-16.44,15.48,-128.0,2.0,LOSS_GUARD_CLOSE_LE_NEG_15,-15.36,0.12,-16.44,15.48,-128.0,2.0,-9.55,-15.96,-17.9,-8.59
096770,SK이노베이션,KOSPI,2025-02-21,2025-02-24,132700.0,TRANSITION,TRIGGER,PERMITTED_REGIME,NORMAL,77.32,PARTIAL,NEVER_PROGRESSED,,,,False,True,2025-03-31,2025-04-01,112500.0,NO_PROGRESSED_DIRECT_HANDOFF,-3.01,17.11,-39.11,20.12,-0.1759,72.2,NO_PROGRESSED_DIRECT_HANDOFF,-3.01,17.11,-39.11,20.12,-0.1759,72.2,NO_PROGRESSED_BEFORE_CUTOFF,-3.01,17.11,-39.11,20.12,-0.1759,72.2,LOSS_GUARD_CLOSE_LE_NEG_15,-15.22,5.65,-15.9,20.87,-2.6938,5.2,LOSS_GUARD_CLOSE_LE_NEG_15,-15.22,5.65,-15.9,20.87,-2.6938,5.2,LOSS_GUARD_CLOSE_LE_NEG_15,-15.22,5.65,-15.9,20.87,-2.6938,5.2,-5.43,-30.22,-36.25,-23.96
097230,HJ중공업,KOSPI,2024-12-20,2024-12-23,6100.0,TRANSITION,TRIGGER,PERMITTED_REGIME,ELEVATED,71.0,PARTIAL,NORMAL_EARLY_TREND_HANDOFF,2025-01-31,2025-03-31,2025-03-31,True,False,,,,NO_EXIT_BEFORE_CUTOFF,193.44,463.11,-9.18,269.67,0.4177,79.8,EXIT4_SCORE_DRAWDOWN_GE_15,18.52,62.3,-9.18,43.78,0.2973,21.0,EXIT4_SCORE_DRAWDOWN_GE_15,18.52,62.3,-9.18,43.78,0.2973,21.0,NO_EXIT_BEFORE_CUTOFF,193.44,463.11,-9.18,269.67,0.4177,79.8,EXIT4_SCORE_DRAWDOWN_GE_15,18.52,62.3,-9.18,43.78,0.2973,21.0,EXIT4_SCORE_DRAWDOWN_GE_15,18.52,62.3,-9.18,43.78,0.2973,21.0,5.08,6.39,7.7,22.46
097520,엠씨넥스,KOSPI,2025-01-31,2025-02-03,22800.0,TRANSITION,TRIGGER,PERMITTED_REGIME,NORMAL,76.82,PARTIAL,SKIPPED_EARLY_TREND_HANDOFF,,2026-02-28,2026-02-27,False,False,,,,NO_PROGRESSED_DIRECT_HANDOFF,-8.33,42.54,-31.58,50.87,-0.1958,75.2,NO_PROGRESSED_DIRECT_HANDOFF,-8.33,42.54,-31.58,50.87,-0.1958,75.2,NO_EXIT_BEFORE_CUTOFF,-8.33,42.54,-31.58,50.87,-0.1958,75.2,NO_PROGRESSED_DIRECT_HANDOFF,-8.33,42.54,-31.58,50.87,-0.1958,75.2,NO_PROGRESSED_DIRECT_HANDOFF,-8.33,42.54,-31.58,50.87,-0.1958,75.2,NO_EXIT_BEFORE_CUTOFF,-8.33,42.54,-31.58,50.87,-0.1958,75.2,1.75,2.41,2.41,29.39
097950,CJ제일제당,KOSPI,2024-08-02,2024-08-05,361000.0,TRANSITION,TRIGGER,PERMITTED_REGIME,NORMAL,80.07,PARTIAL,NEVER_PROGRESSED,,,,False,True,2024-09-30,2024-10-02,301500.0,NO_PROGRESSED_DIRECT_HANDOFF,-48.64,5.26,-52.19,53.9,-9.2471,98.4,NO_PROGRESSED_DIRECT_HANDOFF,-48.64,5.26,-52.19,53.9,-9.2471,98.4,NO_PROGRESSED_BEFORE_CUTOFF,-48.64,5.26,-52.19,53.9,-9.2471,98.4,LOSS_GUARD_CLOSE_LE_NEG_15,-16.48,5.26,-16.9,21.74,-3.1331,7.6,LOSS_GUARD_CLOSE_LE_NEG_15,-16.48,5.26,-16.9,21.74,-3.1331,7.6,LOSS_GUARD_CLOSE_LE_NEG_15,-16.48,5.26,-16.9,21.74,-3.1331,7.6,-10.8,-18.84,-23.41,-30.89
098120,마이크로컨텍솔,KOSDAQ,2025-04-18,2025-04-21,10880.0,TRANSITION,TRIGGER,PERMITTED_REGIME,NORMAL,72.31,PARTIAL,NORMAL_EARLY_TREND_HANDOFF,2025-04-30,2025-07-31,2025-07-31,True,False,,,,NO_EXIT_BEFORE_CUTOFF,167.46,272.7,-6.8,105.24,0.6141,64.4,EXIT4_SCORE_DRAWDOWN_GE_15,110.94,124.72,-6.8,13.78,0.8895,22.4,EXIT4_SCORE_DRAWDOWN_GE_15,110.94,124.72,-6.8,13.78,0.8895,22.4,NO_EXIT_BEFORE_CUTOFF,167.46,272.7,-6.8,105.24,0.6141,64.4,EXIT4_SCORE_DRAWDOWN_GE_15,110.94,124.72,-6.8,13.78,0.8895,22.4,EXIT4_SCORE_DRAWDOWN_GE_15,110.94,124.72,-6.8,13.78,0.8895,22.4,50.74,65.53,82.17,143.57
098460,고영,KOSDAQ,2025-02-14,2025-02-17,20300.0,TRANSITION,TRIGGER,PERMITTED_REGIME,NORMAL,75.07,PARTIAL,NORMAL_EARLY_TREND_HANDOFF,2025-11-30,2026-01-31,2026-01-30,True,True,2025-02-28,2025-03-04,16200.0,NO_EXIT_BEFORE_CUTOFF,59.36,121.67,-41.23,62.31,0.4879,73.2,EXIT4_SCORE_DRAWDOWN_GE_15,52.46,84.48,-41.23,32.02,0.621,50.6,EXIT4_SCORE_DRAWDOWN_GE_15,52.46,84.48,-41.23,32.02,0.621,50.6,LOSS_GUARD_CLOSE_LE_NEG_15,-20.2,9.61,-20.2,29.81,-2.102,2.2,LOSS_GUARD_CLOSE_LE_NEG_15,-20.2,9.61,-20.2,29.81,-2.102,2.2,LOSS_GUARD_CLOSE_LE_NEG_15,-20.2,9.61,-20.2,29.81,-2.102,2.2,-18.37,-32.76,-15.02,-27.34
099430,바이오플러스,KOSDAQ,2024-12-13,2024-12-16,7450.0,TRANSITION,TRIGGER,PERMITTED_REGIME,ELEVATED,70.56,PARTIAL,NEVER_PROGRESSED,2025-04-30,,,False,True,2025-02-03,2025-02-04,6310.0,NO_PROGRESSED_DIRECT_HANDOFF,-50.94,13.02,-58.86,63.96,-3.9124,80.8,NO_PROGRESSED_DIRECT_HANDOFF,-50.94,13.02,-58.86,63.96,-3.9124,80.8,NO_PROGRESSED_BEFORE_CUTOFF,-50.94,13.02,-58.86,63.96,-3.9124,80.8,LOSS_GUARD_CLOSE_LE_NEG_15,-15.3,7.52,-16.11,22.82,-2.0346,6.0,LOSS_GUARD_CLOSE_LE_NEG_15,-15.3,7.52,-16.11,22.82,-2.0346,6.0,LOSS_GUARD_CLOSE_LE_NEG_15,-15.3,7.52,-16.11,22.82,-2.0346,6.0,-10.6,-3.62,-3.76,-3.36
100090,SK오션플랜트,KOSPI,2025-05-16,2025-05-19,21450.0,TRANSITION,TRIGGER,PERMITTED_REGIME,NORMAL,77.32,PARTIAL,NORMAL_EARLY_TREND_HANDOFF,2025-09-30,2025-10-31,2025-10-31,True,True,2025-05-27,2025-05-28,18160.0,EXIT3_PROGRESSED_TO_WEAK,-41.72,47.32,-48.67,89.04,-0.8817,59.2,EXIT4_SCORE_DRAWDOWN_GE_15,-6.53,46.85,-22.75,53.38,-0.1394,30.8,EXIT4_SCORE_DRAWDOWN_GE_15,-6.53,46.85,-22.75,53.38,-0.1394,30.8,LOSS_GUARD_CLOSE_LE_NEG_15,-15.34,3.26,-17.9,18.6,-4.7055,1.6,LOSS_GUARD_CLOSE_LE_NEG_15,-15.34,3.26,-17.9,18.6,-4.7055,1.6,LOSS_GUARD_CLOSE_LE_NEG_15,-15.34,3.26,-17.9,18.6,-4.7055,1.6,-11.66,-7.18,-6.81,-12.82
100120,뷰웍스,KOSDAQ,2026-03-27,2026-03-30,28500.0,TRANSITION,TRIGGER,PERMITTED_REGIME,NORMAL,76.24,READY,NEVER_PROGRESSED,,,,False,True,2026-06-08,2026-06-09,23300.0,NO_PROGRESSED_DIRECT_HANDOFF,4.91,22.46,-31.72,17.55,0.2186,19.0,NO_PROGRESSED_DIRECT_HANDOFF,4.91,22.46,-31.72,17.55,0.2186,19.0,NO_PROGRESSED_BEFORE_CUTOFF,4.91,22.46,-31.72,17.55,0.2186,19.0,LOSS_GUARD_CLOSE_LE_NEG_15,-18.25,22.46,-18.25,40.71,-0.8126,9.6,LOSS_GUARD_CLOSE_LE_NEG_15,-18.25,22.46,-18.25,40.71,-0.8126,9.6,LOSS_GUARD_CLOSE_LE_NEG_15,-18.25,22.46,-18.25,40.71,-0.8126,9.6,-2.63,0.53,-20.53,
101160,월덱스,KOSDAQ,2025-09-19,2025-09-22,24650.0,TRANSITION,TRIGGER,PERMITTED_REGIME,ELEVATED,70.24,READY,NORMAL_EARLY_TREND_HANDOFF,2026-02-28,2026-05-31,2026-05-29,True,False,,,,NO_EXIT_BEFORE_CUTOFF,15.42,43.61,-16.02,28.19,0.3536,43.6,NO_EXIT_BEFORE_CUTOFF,15.42,43.61,-16.02,28.19,0.3536,43.6,NO_EXIT_BEFORE_CUTOFF,15.42,43.61,-16.02,28.19,0.3536,43.6,NO_EXIT_BEFORE_CUTOFF,15.42,43.61,-16.02,28.19,0.3536,43.6,NO_EXIT_BEFORE_CUTOFF,15.42,43.61,-16.02,28.19,0.3536,43.6,NO_EXIT_BEFORE_CUTOFF,15.42,43.61,-16.02,28.19,0.3536,43.6,5.68,-14.0,-13.59,14.4
101170,우림피티에스,KOSDAQ,2025-11-28,2025-12-01,8750.0,TRANSITION,TRIGGER,PERMITTED_REGIME,NORMAL,78.49,READY,NORMAL_EARLY_TREND_HANDOFF,2025-11-30,2026-01-31,2026-01-30,True,False,,,,EXIT3_PROGRESSED_TO_WEAK,-12.91,174.29,-22.06,187.2,-0.0741,28.4,EXIT4_SCORE_DRAWDOWN_GE_15,85.14,174.29,-2.63,89.15,0.4885,12.0,EXIT4_SCORE_DRAWDOWN_GE_15,85.14,174.29,-2.63,89.15,0.4885,12.0,EXIT3_PROGRESSED_TO_WEAK,-12.91,174.29,-22.06,187.2,-0.0741,28.4,EXIT4_SCORE_DRAWDOWN_GE_15,85.14,174.29,-2.63,89.15,0.4885,12.0,EXIT4_SCORE_DRAWDOWN_GE_15,85.14,174.29,-2.63,89.15,0.4885,12.0,89.14,133.71,74.63,13.6
101490,에스앤에스텍,KOSDAQ,2025-10-10,2025-10-13,51900.0,EARLY_TREND,TRIGGER,PERMITTED_REGIME,NORMAL,77.74,READY,NORMAL_EARLY_TREND_HANDOFF,2025-10-10,2025-11-30,2025-11-28,True,True,2025-11-21,2025-11-24,44450.0,NO_EXIT_BEFORE_CUTOFF,-14.26,108.86,-38.54,123.12,-0.131,41.6,EXIT4_SCORE_DRAWDOWN_GE_15,71.1,86.32,-16.28,15.22,0.8237,15.6,EXIT4_SCORE_DRAWDOWN_GE_15,71.1,86.32,-16.28,15.22,0.8237,15.6,LOSS_GUARD_CLOSE_LE_NEG_15,-14.35,23.89,-16.28,38.24,-0.6007,6.2,LOSS_GUARD_CLOSE_LE_NEG_15,-14.35,23.89,-16.28,38.24,-0.6007,6.2,LOSS_GUARD_CLOSE_LE_NEG_15,-14.35,23.89,-16.28,38.24,-0.6007,6.2,7.71,-5.97,2.89,96.15
101530,해태제과식품,KOSPI,2025-06-13,2025-06-16,7080.0,TRANSITION,TRIGGER,PERMITTED_REGIME,NORMAL,76.04,READY,NEVER_PROGRESSED,,,,False,True,2026-06-01,2026-06-02,6000.0,NO_PROGRESSED_DIRECT_HANDOFF,-16.95,25.71,-24.44,42.66,-0.6593,57.4,NO_PROGRESSED_DIRECT_HANDOFF,-16.95,25.71,-24.44,42.66,-0.6593,57.4,NO_PROGRESSED_BEFORE_CUTOFF,-16.95,25.71,-24.44,42.66,-0.6593,57.4,LOSS_GUARD_CLOSE_LE_NEG_15,-15.25,25.71,-16.67,40.96,-0.5932,47.2,LOSS_GUARD_CLOSE_LE_NEG_15,-15.25,25.71,-16.67,40.96,-0.5932,47.2,LOSS_GUARD_CLOSE_LE_NEG_15,-15.25,25.71,-16.67,40.96,-0.5932,47.2,10.88,0.28,-5.79,0.85
102120,어보브반도체,KOSDAQ,2025-10-10,2025-10-13,13050.0,TRANSITION,TRIGGER,PERMITTED_REGIME,ELEVATED,75.74,READY,NEVER_PROGRESSED,,,,False,True,2025-11-18,2025-11-19,10990.0,NO_PROGRESSED_DIRECT_HANDOFF,-36.7,29.12,-58.54,65.82,-1.2603,41.6,NO_PROGRESSED_DIRECT_HANDOFF,-36.7,29.12,-58.54,65.82,-1.2603,41.6,NO_PROGRESSED_BEFORE_CUTOFF,-36.7,29.12,-58.54,65.82,-1.2603,41.6,LOSS_GUARD_CLOSE_LE_NEG_15,-15.79,7.2,-15.79,22.99,-2.1931,5.6,LOSS_GUARD_CLOSE_LE_NEG_15,-15.79,7.2,-15.79,22.99,-2.1931,5.6,LOSS_GUARD_CLOSE_LE_NEG_15,-15.79,7.2,-15.79,22.99,-2.1931,5.6,-11.34,-15.25,-4.37,-1.23
102260,동성케미컬,KOSPI,2025-12-05,2025-12-08,4508.0,TRANSITION,TRIGGER,PERMITTED_REGIME,NORMAL,78.75,READY,NEVER_PROGRESSED,,,,False,True,2026-06-01,2026-06-02,3760.0,NO_PROGRESSED_DIRECT_HANDOFF,-15.71,5.37,-30.12,21.08,-2.9255,33.6,NO_PROGRESSED_DIRECT_HANDOFF,-15.71,5.37,-30.12,21.08,-2.9255,33.6,NO_PROGRESSED_BEFORE_CUTOFF,-15.71,5.37,-30.12,21.08,-2.9255,33.6,LOSS_GUARD_CLOSE_LE_NEG_15,-16.59,5.37,-16.7,21.96,-3.0894,23.4,LOSS_GUARD_CLOSE_LE_NEG_15,-16.59,5.37,-16.7,21.96,-3.0894,23.4,LOSS_GUARD_CLOSE_LE_NEG_15,-16.59,5.37,-16.7,21.96,-3.0894,23.4,-9.05,-2.51,-10.94,-18.92
102460,이연제약,KOSPI,2024-11-08,2024-11-11,15620.0,TRANSITION,TRIGGER,PERMITTED_REGIME,NORMAL,72.81,PARTIAL,NEVER_PROGRESSED,,,,False,True,2024-12-02,2024-12-03,13010.0,NO_PROGRESSED_DIRECT_HANDOFF,-35.28,1.34,-41.74,36.62,-26.3284,85.8,NO_PROGRESSED_DIRECT_HANDOFF,-35.28,1.34,-41.74,36.62,-26.3284,85.8,NO_PROGRESSED_BEFORE_CUTOFF,-35.28,1.34,-41.74,36.62,-26.3284,85.8,LOSS_GUARD_CLOSE_LE_NEG_15,-16.71,1.34,-16.71,18.05,-12.4701,3.4,LOSS_GUARD_CLOSE_LE_NEG_15,-16.71,1.34,-16.71,18.05,-12.4701,3.4,LOSS_GUARD_CLOSE_LE_NEG_15,-16.71,1.34,-16.71,18.05,-12.4701,3.4,-20.29,-10.05,-16.97,-30.35
102710,이엔에프테크놀로지,KOSDAQ,2025-03-21,2025-03-24,26750.0,TRANSITION,TRIGGER,PERMITTED_REGIME,NORMAL,77.32,PARTIAL,NORMAL_EARLY_TREND_HANDOFF,2025-05-31,2025-10-31,2025-10-31,True,False,,,,NO_EXIT_BEFORE_CUTOFF,88.79,142.99,-11.03,54.2,0.621,68.4,EXIT4_SCORE_DRAWDOWN_GE_15,72.34,139.25,-11.03,66.91,0.5195,34.0,EXIT4_SCORE_DRAWDOWN_GE_15,72.34,139.25,-11.03,66.91,0.5195,34.0,NO_EXIT_BEFORE_CUTOFF,88.79,142.99,-11.03,54.2,0.621,68.4,EXIT4_SCORE_DRAWDOWN_GE_15,72.34,139.25,-11.03,66.91,0.5195,34.0,EXIT4_SCORE_DRAWDOWN_GE_15,72.34,139.25,-11.03,66.91,0.5195,34.0,1.12,10.09,19.25,108.22
102940,코오롱생명과학,KOSDAQ,2025-03-07,2025-03-10,31950.0,TRANSITION,TRIGGER,PERMITTED_REGIME,NORMAL,77.32,PARTIAL,SKIPPED_EARLY_TREND_HANDOFF,,2025-10-31,2025-10-31,False,True,2025-04-02,2025-04-03,27000.0,NO_PROGRESSED_DIRECT_HANDOFF,-42.22,127.54,-58.65,169.76,-0.331,70.4,NO_PROGRESSED_DIRECT_HANDOFF,-42.22,127.54,-58.65,169.76,-0.331,70.4,EXIT4_SCORE_DRAWDOWN_GE_15,90.92,93.11,-26.45,2.19,0.9765,36.0,LOSS_GUARD_CLOSE_LE_NEG_15,-15.49,23.32,-15.49,38.81,-0.6642,3.8,LOSS_GUARD_CLOSE_LE_NEG_15,-15.49,23.32,-15.49,38.81,-0.6642,3.8,LOSS_GUARD_CLOSE_LE_NEG_15,-15.49,23.32,-15.49,38.81,-0.6642,3.8,-14.71,-19.09,-10.49,9.55
104480,티케이케미칼,KOSDAQ,2026-02-20,2026-02-23,2060.0,TRANSITION,TRIGGER,PERMITTED_REGIME,NORMAL,72.74,READY,PROGRESSED_WITHOUT_DIRECT_HANDOFF,2026-04-30,2026-06-30,2026-06-30,False,True,2026-03-04,2026-03-05,1850.0,NO_PROGRESSED_DIRECT_HANDOFF,-14.08,41.5,-34.08,55.58,-0.3393,23.8,NO_PROGRESSED_DIRECT_HANDOFF,-14.08,41.5,-34.08,55.58,-0.3393,23.8,NO_EXIT_BEFORE_CUTOFF,-14.08,41.5,-34.08,55.58,-0.3393,23.8,LOSS_GUARD_CLOSE_LE_NEG_15,-10.19,5.58,-15.24,15.77,-1.8262,1.6,LOSS_GUARD_CLOSE_LE_NEG_15,-10.19,5.58,-15.24,15.77,-1.8262,1.6,LOSS_GUARD_CLOSE_LE_NEG_15,-10.19,5.58,-15.24,15.77,-1.8262,1.6,13.11,23.3,-1.46,
104700,한국철강,KOSPI,2025-09-19,2025-09-22,10360.0,TRANSITION,TRIGGER,PERMITTED_REGIME,NORMAL,79.3,READY,NEVER_PROGRESSED,,,,False,True,2026-05-29,2026-06-01,8710.0,NO_PROGRESSED_DIRECT_HANDOFF,-4.15,13.13,-26.54,17.28,-0.3161,43.6,NO_PROGRESSED_DIRECT_HANDOFF,-4.15,13.13,-26.54,17.28,-0.3161,43.6,NO_PROGRESSED_BEFORE_CUTOFF,-4.15,13.13,-26.54,17.28,-0.3161,43.6,LOSS_GUARD_CLOSE_LE_NEG_15,-15.93,13.13,-18.34,29.06,-1.2133,33.2,LOSS_GUARD_CLOSE_LE_NEG_15,-15.93,13.13,-18.34,29.06,-1.2133,33.2,LOSS_GUARD_CLOSE_LE_NEG_15,-15.93,13.13,-18.34,29.06,-1.2133,33.2,-3.09,-5.12,-3.38,-9.85
104830,원익머트리얼즈,KOSDAQ,2025-09-12,2025-09-15,27700.0,TRANSITION,TRIGGER,PERMITTED_REGIME,NORMAL,74.99,READY,NORMAL_EARLY_TREND_HANDOFF,2026-01-31,2026-03-31,2026-03-31,True,False,,,,NO_EXIT_BEFORE_CUTOFF,31.95,102.53,-7.94,70.58,0.3116,44.6,EXIT4_SCORE_DRAWDOWN_GE_15,94.22,102.53,-4.33,8.31,0.919,30.6,EXIT4_SCORE_DRAWDOWN_GE_15,94.22,102.53,-4.33,8.31,0.919,30.6,NO_EXIT_BEFORE_CUTOFF,31.95,102.53,-7.94,70.58,0.3116,44.6,EXIT4_SCORE_DRAWDOWN_GE_15,94.22,102.53,-4.33,8.31,0.919,30.6,EXIT4_SCORE_DRAWDOWN_GE_15,94.22,102.53,-4.33,8.31,0.919,30.6,19.13,18.05,10.11,44.22
105560,KB금융,KOSPI,2023-01-06,2023-01-09,57300.0,TRANSITION,TRIGGER,PERMITTED_REGIME,NORMAL,80.24,READY,NORMAL_EARLY_TREND_HANDOFF,2023-01-31,2024-07-31,2024-07-31,True,True,2023-03-14,2023-03-15,48650.0,NO_EXIT_BEFORE_CUTOFF,194.07,239.44,-19.46,45.37,0.8105,175.6,EXIT4_SCORE_DRAWDOWN_GE_15,68.94,81.33,-19.46,12.39,0.8477,93.0,EXIT4_SCORE_DRAWDOWN_GE_15,68.94,81.33,-19.46,12.39,0.8477,93.0,LOSS_GUARD_CLOSE_LE_NEG_15,-15.1,5.93,-15.71,21.03,-2.5464,9.0,LOSS_GUARD_CLOSE_LE_NEG_15,-15.1,5.93,-15.71,21.03,-2.5464,9.0,LOSS_GUARD_CLOSE_LE_NEG_15,-15.1,5.93,-15.71,21.03,-2.5464,9.0,-3.14,-11.69,-16.49,-15.97
105840,우진,KOSPI,2025-06-13,2025-06-16,10670.0,TRANSITION,TRIGGER,PERMITTED_REGIME,ELEVATED,70.49,READY,NORMAL_EARLY_TREND_HANDOFF,2025-06-30,2025-11-30,2025-11-28,True,False,,,,NO_EXIT_BEFORE_CUTOFF,35.24,197.09,-13.12,161.85,0.1788,57.4,EXIT4_SCORE_DRAWDOWN_GE_15,60.26,104.78,-13.12,44.52,0.5751,27.2,EXIT4_SCORE_DRAWDOWN_GE_15,60.26,104.78,-13.12,44.52,0.5751,27.2,NO_EXIT_BEFORE_CUTOFF,35.24,197.09,-13.12,161.85,0.1788,57.4,EXIT4_SCORE_DRAWDOWN_GE_15,60.26,104.78,-13.12,44.52,0.5751,27.2,EXIT4_SCORE_DRAWDOWN_GE_15,60.26,104.78,-13.12,44.52,0.5751,27.2,-6.56,4.69,5.62,72.91
107640,한중엔시에스,KOSDAQ,2025-08-08,2025-08-11,38600.0,TRANSITION,TRIGGER,PERMITTED_REGIME,ELEVATED,74.22,READY,PROGRESSED_WITHOUT_DIRECT_HANDOFF,2025-10-31,2026-03-31,2026-03-31,False,True,2025-08-21,2025-08-22,30950.0,NO_PROGRESSED_DIRECT_HANDOFF,-0.52,89.12,-39.9,89.64,-0.0058,49.4,NO_PROGRESSED_DIRECT_HANDOFF,-0.52,89.12,-39.9,89.64,-0.0058,49.4,EXIT4_SCORE_DRAWDOWN_GE_15,81.09,89.12,-20.85,8.03,0.9099,35.4,LOSS_GUARD_CLOSE_LE_NEG_15,-19.82,5.7,-20.85,25.52,-3.4772,1.8,LOSS_GUARD_CLOSE_LE_NEG_15,-19.82,5.7,-20.85,25.52,-3.4772,1.8,LOSS_GUARD_CLOSE_LE_NEG_15,-19.82,5.7,-20.85,25.52,-3.4772,1.8,-8.55,-12.18,43.01,30.31
108380,대양전기공업,KOSDAQ,2025-01-10,2025-01-13,14530.0,TRANSITION,TRIGGER,PERMITTED_REGIME,NORMAL,77.32,PARTIAL,NORMAL_EARLY_TREND_HANDOFF,2025-02-28,2025-07-31,2025-07-31,True,False,,,,NO_EXIT_BEFORE_CUTOFF,26.5,152.24,-3.65,125.74,0.1741,77.4,EXIT4_SCORE_DRAWDOWN_GE_15,102.68,124.36,-2.68,21.68,0.8257,35.4,EXIT4_SCORE_DRAWDOWN_GE_15,102.68,124.36,-2.68,21.68,0.8257,35.4,NO_EXIT_BEFORE_CUTOFF,26.5,152.24,-3.65,125.74,0.1741,77.4,EXIT4_SCORE_DRAWDOWN_GE_15,102.68,124.36,-2.68,21.68,0.8257,35.4,EXIT4_SCORE_DRAWDOWN_GE_15,102.68,124.36,-2.68,21.68,0.8257,35.4,17.89,27.39,14.25,78.25
108490,로보티즈,KOSDAQ,2025-05-30,2025-06-02,58916.0,TRANSITION,TRIGGER,PERMITTED_REGIME,ELEVATED,79.0,PARTIAL,NORMAL_EARLY_TREND_HANDOFF,2025-05-31,2025-06-30,2025-06-30,True,False,,,,NO_EXIT_BEFORE_CUTOFF,375.25,687.56,-12.07,312.31,0.5458,59.0,EXIT4_SCORE_DRAWDOWN_GE_15,34.05,56.86,-12.07,22.81,0.5988,8.6,EXIT4_SCORE_DRAWDOWN_GE_15,34.05,56.86,-12.07,22.81,0.5988,8.6,NO_EXIT_BEFORE_CUTOFF,375.25,687.56,-12.07,312.31,0.5458,59.0,EXIT4_SCORE_DRAWDOWN_GE_15,34.05,56.86,-12.07,22.81,0.5988,8.6,EXIT4_SCORE_DRAWDOWN_GE_15,34.05,56.86,-12.07,22.81,0.5988,8.6,16.03,33.88,56.2,382.04
108670,LX하우시스,KOSPI,2026-05-22,2026-05-26,39450.0,TRANSITION,TRIGGER,PERMITTED_REGIME,ELEVATED,73.24,READY,NEVER_PROGRESSED,,,,False,True,2026-05-29,2026-06-01,32650.0,NO_PROGRESSED_DIRECT_HANDOFF,-13.43,0.13,-27.25,13.56,-103.3077,11.4,NO_PROGRESSED_DIRECT_HANDOFF,-13.43,0.13,-27.25,13.56,-103.3077,11.4,NO_PROGRESSED_BEFORE_CUTOFF,-13.43,0.13,-27.25,13.56,-103.3077,11.4,LOSS_GUARD_CLOSE_LE_NEG_15,-17.24,0.13,-17.24,17.37,-132.6154,1.0,LOSS_GUARD_CLOSE_LE_NEG_15,-17.24,0.13,-17.24,17.37,-132.6154,1.0,LOSS_GUARD_CLOSE_LE_NEG_15,-17.24,0.13,-17.24,17.37,-132.6154,1.0,-24.33,-19.39,,
111770,영원무역,KOSPI,2025-02-28,2025-03-04,47750.0,TRANSITION,TRIGGER,PERMITTED_REGIME,NORMAL,77.32,PARTIAL,PROGRESSED_WITHOUT_DIRECT_HANDOFF,2025-05-31,2025-10-31,2025-10-31,False,False,,,,NO_PROGRESSED_DIRECT_HANDOFF,79.9,116.13,-12.46,36.23,0.688,71.2,NO_PROGRESSED_DIRECT_HANDOFF,79.9,116.13,-12.46,36.23,0.688,71.2,EXIT4_SCORE_DRAWDOWN_GE_15,85.34,101.88,-12.46,16.54,0.8377,36.8,NO_PROGRESSED_DIRECT_HANDOFF,79.9,116.13,-12.46,36.23,0.688,71.2,NO_PROGRESSED_DIRECT_HANDOFF,79.9,116.13,-12.46,36.23,0.688,71.2,EXIT4_SCORE_DRAWDOWN_GE_15,85.34,101.88,-12.46,16.54,0.8377,36.8,2.62,-2.51,26.7,21.47
112610,씨에스윈드,KOSPI,2024-09-13,2024-09-19,67000.0,TRANSITION,TRIGGER,PERMITTED_REGIME,NORMAL,74.82,PARTIAL,NEVER_PROGRESSED,2026-04-30,,,False,True,2024-10-22,2024-10-23,56600.0,NO_PROGRESSED_DIRECT_HANDOFF,-30.07,18.51,-55.15,48.58,-1.6245,92.6,NO_PROGRESSED_DIRECT_HANDOFF,-30.07,18.51,-55.15,48.58,-1.6245,92.6,NO_PROGRESSED_BEFORE_CUTOFF,-30.07,18.51,-55.15,48.58,-1.6245,92.6,LOSS_GUARD_CLOSE_LE_NEG_15,-15.52,9.7,-16.57,25.22,-1.6,4.4,LOSS_GUARD_CLOSE_LE_NEG_15,-15.52,9.7,-16.57,25.22,-1.6,4.4,LOSS_GUARD_CLOSE_LE_NEG_15,-15.52,9.7,-16.57,25.22,-1.6,4.4,-11.34,-39.78,-37.16,-48.73
114090,GKL,KOSPI,2025-07-04,2025-07-07,16300.0,TRANSITION,TRIGGER,PERMITTED_REGIME,NORMAL,77.99,READY,NEVER_PROGRESSED,,,,False,True,2025-11-12,2025-11-13,13500.0,NO_PROGRESSED_DIRECT_HANDOFF,-42.33,10.25,-44.85,52.58,-4.1298,54.4,NO_PROGRESSED_DIRECT_HANDOFF,-42.33,10.25,-44.85,52.58,-4.1298,54.4,NO_PROGRESSED_BEFORE_CUTOFF,-42.33,10.25,-44.85,52.58,-4.1298,54.4,LOSS_GUARD_CLOSE_LE_NEG_15,-17.18,10.25,-18.1,27.43,-1.6761,17.6,LOSS_GUARD_CLOSE_LE_NEG_15,-17.18,10.25,-18.1,27.43,-1.6761,17.6,LOSS_GUARD_CLOSE_LE_NEG_15,-17.18,10.25,-18.1,27.43,-1.6761,17.6,-7.24,0.74,-3.68,-17.48
114810,한솔아이원스,KOSDAQ,2025-06-13,2025-06-16,9160.0,TRANSITION,TRIGGER,PERMITTED_REGIME,NORMAL,75.04,READY,PROGRESSED_WITHOUT_DIRECT_HANDOFF,2025-09-30,2026-02-28,2026-02-27,False,False,,,,NO_PROGRESSED_DIRECT_HANDOFF,28.6,117.25,-23.03,88.65,0.2439,57.4,NO_PROGRESSED_DIRECT_HANDOFF,28.6,117.25,-23.03,88.65,0.2439,57.4,EXIT4_SCORE_DRAWDOWN_GE_15,91.16,117.25,-11.24,26.09,0.7775,43.4,NO_PROGRESSED_DIRECT_HANDOFF,28.6,117.25,-23.03,88.65,0.2439,57.4,NO_PROGRESSED_DIRECT_HANDOFF,28.6,117.25,-23.03,88.65,0.2439,57.4,EXIT4_SCORE_DRAWDOWN_GE_15,91.16,117.25,-11.24,26.09,0.7775,43.4,3.06,-6.99,9.72,37.66
114840,아이패밀리에스씨,KOSDAQ,2025-09-05,2025-09-08,24600.0,TRANSITION,TRIGGER,PERMITTED_REGIME,NORMAL,79.94,READY,NEVER_PROGRESSED,,,,False,True,2025-10-02,2025-10-10,20750.0,NO_PROGRESSED_DIRECT_HANDOFF,-62.2,1.63,-74.96,63.83,-38.1595,45.6,NO_PROGRESSED_DIRECT_HANDOFF,-62.2,1.63,-74.96,63.83,-38.1595,45.6,NO_PROGRESSED_BEFORE_CUTOFF,-62.2,1.63,-74.96,63.83,-38.1595,45.6,LOSS_GUARD_CLOSE_LE_NEG_15,-15.65,1.63,-16.67,17.28,-9.6012,4.0,LOSS_GUARD_CLOSE_LE_NEG_15,-15.65,1.63,-16.67,17.28,-9.6012,4.0,LOSS_GUARD_CLOSE_LE_NEG_15,-15.65,1.63,-16.67,17.28,-9.6012,4.0,-19.27,-32.36,-38.5,-53.5
119830,아이텍,KOSDAQ,2026-01-30,2026-02-02,8400.0,TRANSITION,TRIGGER,PERMITTED_REGIME,NORMAL,79.19,READY,NEVER_PROGRESSED,,,,False,True,2026-03-17,2026-03-18,6910.0,NO_PROGRESSED_DIRECT_HANDOFF,-19.05,15.83,-48.81,34.88,-1.2034,26.2,NO_PROGRESSED_DIRECT_HANDOFF,-19.05,15.83,-48.81,34.88,-1.2034,26.2,NO_PROGRESSED_BEFORE_CUTOFF,-19.05,15.83,-48.81,34.88,-1.2034,26.2,LOSS_GUARD_CLOSE_LE_NEG_15,-17.74,15.83,-18.93,33.57,-1.1207,5.8,LOSS_GUARD_CLOSE_LE_NEG_15,-17.74,15.83,-18.93,33.57,-1.1207,5.8,LOSS_GUARD_CLOSE_LE_NEG_15,-17.74,15.83,-18.93,33.57,-1.1207,5.8,-4.64,-28.45,-10.71,-19.05
120110,코오롱인더,KOSPI,2025-07-04,2025-07-07,42750.0,TRANSITION,TRIGGER,PERMITTED_REGIME,NORMAL,75.74,READY,NORMAL_EARLY_TREND_HANDOFF,2026-01-31,2026-03-31,2026-03-31,True,True,2025-08-11,2025-08-12,36100.0,NO_EXIT_BEFORE_CUTOFF,29.36,145.38,-21.05,116.02,0.202,54.4,EXIT4_SCORE_DRAWDOWN_GE_15,120.12,145.38,-21.05,25.26,0.8262,40.4,EXIT4_SCORE_DRAWDOWN_GE_15,120.12,145.38,-21.05,25.26,0.8262,40.4,LOSS_GUARD_CLOSE_LE_NEG_15,-15.56,14.39,-16.14,29.95,-1.0813,5.4,LOSS_GUARD_CLOSE_LE_NEG_15,-15.56,14.39,-16.14,29.95,-1.0813,5.4,LOSS_GUARD_CLOSE_LE_NEG_15,-15.56,14.39,-16.14,29.95,-1.0813,5.4,-8.42,-15.32,-19.18,6.9
121440,골프존홀딩스,KOSDAQ,2025-04-11,2025-04-14,4520.0,TRANSITION,TRIGGER,PERMITTED_REGIME,NORMAL,77.32,PARTIAL,SKIPPED_EARLY_TREND_HANDOFF,2026-07-31,2025-09-30,2025-09-30,False,False,,,,NO_PROGRESSED_DIRECT_HANDOFF,58.85,63.27,-9.51,4.42,0.9301,65.4,NO_PROGRESSED_DIRECT_HANDOFF,58.85,63.27,-9.51,4.42,0.9301,65.4,NO_EXIT_BEFORE_CUTOFF,58.85,63.27,-9.51,4.42,0.9301,65.4,NO_PROGRESSED_DIRECT_HANDOFF,58.85,63.27,-9.51,4.42,0.9301,65.4,NO_PROGRESSED_DIRECT_HANDOFF,58.85,63.27,-9.51,4.42,0.9301,65.4,NO_EXIT_BEFORE_CUTOFF,58.85,63.27,-9.51,4.42,0.9301,65.4,18.36,24.78,42.04,14.38
122870,와이지엔터테인먼트,KOSDAQ,2024-12-13,2024-12-16,48600.0,TRANSITION,TRIGGER,PERMITTED_REGIME,ELEVATED,69.07,PARTIAL,NORMAL_EARLY_TREND_HANDOFF,2025-06-30,2024-12-31,2024-12-30,True,False,,,,EXIT3_PROGRESSED_TO_WEAK,-8.44,125.93,-9.77,134.37,-0.067,70.4,EXIT4_SCORE_DRAWDOWN_GE_15,111.52,125.93,-9.67,14.41,0.8856,34.4,EXIT4_SCORE_DRAWDOWN_GE_15,111.52,125.93,-9.67,14.41,0.8856,34.4,EXIT3_PROGRESSED_TO_WEAK,-8.44,125.93,-9.77,134.37,-0.067,70.4,EXIT4_SCORE_DRAWDOWN_GE_15,111.52,125.93,-9.67,14.41,0.8856,34.4,EXIT4_SCORE_DRAWDOWN_GE_15,111.52,125.93,-9.67,14.41,0.8856,34.4,0.93,6.79,29.84,88.89
122990,와이솔,KOSDAQ,2026-02-27,2026-03-03,7070.0,TRANSITION,TRIGGER,PERMITTED_REGIME,NORMAL,79.3,READY,NEVER_PROGRESSED,,,,False,True,2026-07-08,2026-07-09,5930.0,NO_PROGRESSED_DIRECT_HANDOFF,-14.14,32.11,-25.46,46.25,-0.4404,22.8,NO_PROGRESSED_DIRECT_HANDOFF,-14.14,32.11,-25.46,46.25,-0.4404,22.8,NO_PROGRESSED_BEFORE_CUTOFF,-14.14,32.11,-25.46,46.25,-0.4404,22.8,LOSS_GUARD_CLOSE_LE_NEG_15,-16.12,32.11,-16.97,48.23,-0.502,17.8,LOSS_GUARD_CLOSE_LE_NEG_15,-16.12,32.11,-16.97,48.23,-0.502,17.8,LOSS_GUARD_CLOSE_LE_NEG_15,-16.12,32.11,-16.97,48.23,-0.502,17.8,-9.76,6.36,9.62,
123410,코리아에프티,KOSDAQ,2025-08-29,2025-09-01,6350.0,TRANSITION,TRIGGER,PERMITTED_REGIME,NORMAL,75.54,READY,NORMAL_EARLY_TREND_HANDOFF,2025-08-31,2026-03-31,2026-03-31,True,False,,,,EXIT3_PROGRESSED_TO_BASE,-15.28,50.39,-24.25,65.67,-0.3032,40.4,EXIT4_SCORE_DRAWDOWN_GE_15,8.66,50.39,-14.49,41.73,0.1719,36.2,EXIT4_SCORE_DRAWDOWN_GE_15,8.66,50.39,-14.49,41.73,0.1719,36.2,EXIT3_PROGRESSED_TO_BASE,-15.28,50.39,-24.25,65.67,-0.3032,40.4,EXIT4_SCORE_DRAWDOWN_GE_15,8.66,50.39,-14.49,41.73,0.1719,36.2,EXIT4_SCORE_DRAWDOWN_GE_15,8.66,50.39,-14.49,41.73,0.1719,36.2,-4.09,-5.51,17.64,16.22
123690,한국화장품,KOSPI,2025-07-04,2025-07-07,8500.0,TRANSITION,TRIGGER,PERMITTED_REGIME,NORMAL,80.99,READY,PROGRESSED_WITHOUT_DIRECT_HANDOFF,2025-07-31,2025-11-30,2025-11-28,False,False,,,,NO_PROGRESSED_DIRECT_HANDOFF,-21.65,53.88,-42.29,75.53,-0.4018,54.4,NO_PROGRESSED_DIRECT_HANDOFF,-21.65,53.88,-42.29,75.53,-0.4018,54.4,EXIT4_SCORE_DRAWDOWN_GE_15,-5.88,53.88,-10.82,59.76,-0.1091,36.0,NO_PROGRESSED_DIRECT_HANDOFF,-21.65,53.88,-42.29,75.53,-0.4018,54.4,NO_PROGRESSED_DIRECT_HANDOFF,-21.65,53.88,-42.29,75.53,-0.4018,54.4,EXIT4_SCORE_DRAWDOWN_GE_15,-5.88,53.88,-10.82,59.76,-0.1091,36.0,20.47,13.53,29.06,21.41
123890,한국자산신탁,KOSPI,2026-02-13,2026-02-19,2880.0,TRANSITION,TRIGGER,PERMITTED_REGIME,NORMAL,74.05,READY,NEVER_PROGRESSED,,,,False,True,2026-05-12,2026-05-13,2370.0,NO_PROGRESSED_DIRECT_HANDOFF,-16.49,20.49,-29.17,36.98,-0.8048,24.2,NO_PROGRESSED_DIRECT_HANDOFF,-16.49,20.49,-29.17,36.98,-0.8048,24.2,NO_PROGRESSED_BEFORE_CUTOFF,-16.49,20.49,-29.17,36.98,-0.8048,24.2,LOSS_GUARD_CLOSE_LE_NEG_15,-17.71,20.49,-17.71,38.2,-0.8643,11.4,LOSS_GUARD_CLOSE_LE_NEG_15,-17.71,20.49,-17.71,38.2,-0.8643,11.4,LOSS_GUARD_CLOSE_LE_NEG_15,-17.71,20.49,-17.71,38.2,-0.8643,11.4,-0.17,-4.51,-15.28,
124500,아이티센글로벌,KOSDAQ,2025-05-16,2025-05-19,8780.0,TRANSITION,TRIGGER,PERMITTED_REGIME,ELEVATED,72.07,PARTIAL,NORMAL_EARLY_TREND_HANDOFF,2025-05-31,2025-06-30,2025-06-30,True,False,,,,NO_EXIT_BEFORE_CUTOFF,207.52,759.91,-2.85,552.39,0.2731,61.0,EXIT4_SCORE_DRAWDOWN_GE_15,94.76,275.85,-2.85,181.09,0.3435,10.6,EXIT4_SCORE_DRAWDOWN_GE_15,94.76,275.85,-2.85,181.09,0.3435,10.6,NO_EXIT_BEFORE_CUTOFF,207.52,759.91,-2.85,552.39,0.2731,61.0,EXIT4_SCORE_DRAWDOWN_GE_15,94.76,275.85,-2.85,181.09,0.3435,10.6,EXIT4_SCORE_DRAWDOWN_GE_15,94.76,275.85,-2.85,181.09,0.3435,10.6,210.93,126.65,109.11,143.17
126340,비나텍,KOSDAQ,2025-11-28,2025-12-01,58688.0,TRANSITION,TRIGGER,PERMITTED_REGIME,ELEVATED,77.17,READY,NORMAL_EARLY_TREND_HANDOFF,2025-11-30,2026-01-31,2026-01-30,True,False,,,,EXIT3_PROGRESSED_TO_WEAK,-3.05,248.45,-26.39,251.5,-0.0123,32.8,EXIT4_SCORE_DRAWDOWN_GE_15,114.18,119.12,-2.81,4.94,0.9585,12.0,EXIT4_SCORE_DRAWDOWN_GE_15,114.18,119.12,-2.81,4.94,0.9585,12.0,EXIT3_PROGRESSED_TO_WEAK,-3.05,248.45,-26.39,251.5,-0.0123,32.8,EXIT4_SCORE_DRAWDOWN_GE_15,114.18,119.12,-2.81,4.94,0.9585,12.0,EXIT4_SCORE_DRAWDOWN_GE_15,114.18,119.12,-2.81,4.94,0.9585,12.0,12.8,68.86,116.23,94.08
126640,화신정공,KOSDAQ,2026-05-15,2026-05-18,1940.0,TRANSITION,TRIGGER,PERMITTED_REGIME,NORMAL,77.99,READY,PROGRESSED_WITHOUT_DIRECT_HANDOFF,2026-05-31,2026-07-31,2026-07-31,False,False,,,,NO_PROGRESSED_DIRECT_HANDOFF,127.58,306.19,-12.47,178.61,0.4167,12.4,NO_PROGRESSED_DIRECT_HANDOFF,127.58,306.19,-12.47,178.61,0.4167,12.4,NO_EXIT_BEFORE_CUTOFF,127.58,306.19,-12.47,178.61,0.4167,12.4,NO_PROGRESSED_DIRECT_HANDOFF,127.58,306.19,-12.47,178.61,0.4167,12.4,NO_PROGRESSED_DIRECT_HANDOFF,127.58,306.19,-12.47,178.61,0.4167,12.4,NO_EXIT_BEFORE_CUTOFF,127.58,306.19,-12.47,178.61,0.4167,12.4,252.06,102.32,109.79,
126720,수산인더스트리,KOSPI,2026-01-23,2026-01-26,26100.0,TRANSITION,TRIGGER,PERMITTED_REGIME,ELEVATED,70.56,PARTIAL,NEVER_PROGRESSED,2026-02-28,,,False,True,2026-06-22,2026-06-23,21800.0,NO_PROGRESSED_DIRECT_HANDOFF,-12.64,39.46,-25.56,52.1,-0.3203,27.2,NO_PROGRESSED_DIRECT_HANDOFF,-12.64,39.46,-25.56,52.1,-0.3203,27.2,NO_PROGRESSED_BEFORE_CUTOFF,-12.64,39.46,-25.56,52.1,-0.3203,27.2,LOSS_GUARD_CLOSE_LE_NEG_15,-16.48,39.46,-16.48,55.94,-0.4176,19.8,LOSS_GUARD_CLOSE_LE_NEG_15,-16.48,39.46,-16.48,55.94,-0.4176,19.8,LOSS_GUARD_CLOSE_LE_NEG_15,-16.48,39.46,-16.48,55.94,-0.4176,19.8,12.45,5.56,17.43,-14.37
127120,제이에스링크,KOSDAQ,2024-11-29,2024-12-02,4100.0,TRANSITION,TRIGGER,PERMITTED_REGIME,ELEVATED,67.56,PARTIAL,NORMAL_EARLY_TREND_HANDOFF,2024-12-31,2025-03-31,2025-03-31,True,False,,,,NO_EXIT_BEFORE_CUTOFF,887.8,1117.07,-7.32,229.27,0.7948,82.8,EXIT4_SCORE_DRAWDOWN_GE_15,142.68,142.68,-7.32,0.0,1.0,20.2,EXIT4_SCORE_DRAWDOWN_GE_15,142.68,142.68,-7.32,0.0,1.0,20.2,NO_EXIT_BEFORE_CUTOFF,887.8,1117.07,-7.32,229.27,0.7948,82.8,EXIT4_SCORE_DRAWDOWN_GE_15,142.68,142.68,-7.32,0.0,1.0,20.2,EXIT4_SCORE_DRAWDOWN_GE_15,142.68,142.68,-7.32,0.0,1.0,20.2,38.54,28.05,51.22,127.8
129920,대성하이텍,KOSDAQ,2026-03-20,2026-03-23,9980.0,TRANSITION,TRIGGER,PERMITTED_REGIME,ELEVATED,79.0,PARTIAL,NORMAL_EARLY_TREND_HANDOFF,2026-03-31,2026-04-30,2026-04-30,True,False,,,,EXIT3_PROGRESSED_TO_WEAK,-49.4,53.81,-59.27,103.21,-0.918,13.8,EXIT3_PROGRESSED_TO_WEAK,-49.4,53.81,-59.27,103.21,-0.918,13.8,EXIT3_PROGRESSED_TO_WEAK,-49.4,53.81,-59.27,103.21,-0.918,13.8,EXIT3_PROGRESSED_TO_WEAK,-49.4,53.81,-59.27,103.21,-0.918,13.8,EXIT3_PROGRESSED_TO_WEAK,-49.4,53.81,-59.27,103.21,-0.918,13.8,EXIT3_PROGRESSED_TO_WEAK,-49.4,53.81,-59.27,103.21,-0.918,13.8,25.85,-9.22,-38.98,
131030,옵투스제약,KOSDAQ,2026-02-20,2026-02-23,9340.0,TRANSITION,TRIGGER,PERMITTED_REGIME,NORMAL,77.99,READY,PROGRESSED_WITHOUT_DIRECT_HANDOFF,2026-02-28,2026-04-30,2026-04-30,False,False,,,,NO_PROGRESSED_DIRECT_HANDOFF,-34.9,122.16,-50.64,157.06,-0.2857,23.8,NO_PROGRESSED_DIRECT_HANDOFF,-34.9,122.16,-50.64,157.06,-0.2857,23.8,NO_EXIT_BEFORE_CUTOFF,-34.9,122.16,-50.64,157.06,-0.2857,23.8,NO_PROGRESSED_DIRECT_HANDOFF,-34.9,122.16,-50.64,157.06,-0.2857,23.8,NO_PROGRESSED_DIRECT_HANDOFF,-34.9,122.16,-50.64,157.06,-0.2857,23.8,NO_EXIT_BEFORE_CUTOFF,-34.9,122.16,-50.64,157.06,-0.2857,23.8,52.89,11.67,-25.8,
131290,티에스이,KOSDAQ,2025-10-10,2025-10-13,52900.0,TRANSITION,TRIGGER,PERMITTED_REGIME,NORMAL,80.99,READY,NORMAL_EARLY_TREND_HANDOFF,2026-01-31,2026-04-30,2026-04-30,True,False,,,,NO_EXIT_BEFORE_CUTOFF,391.49,455.77,-13.42,64.28,0.859,41.6,NO_EXIT_BEFORE_CUTOFF,391.49,455.77,-13.42,64.28,0.859,41.6,NO_EXIT_BEFORE_CUTOFF,391.49,455.77,-13.42,64.28,0.859,41.6,NO_EXIT_BEFORE_CUTOFF,391.49,455.77,-13.42,64.28,0.859,41.6,NO_EXIT_BEFORE_CUTOFF,391.49,455.77,-13.42,64.28,0.859,41.6,NO_EXIT_BEFORE_CUTOFF,391.49,455.77,-13.42,64.28,0.859,41.6,-0.38,12.85,17.77,200.76
131970,두산테스나,KOSDAQ,2025-10-10,2025-10-13,43650.0,TRANSITION,TRIGGER,PERMITTED_REGIME,ELEVATED,72.74,READY,SKIPPED_EARLY_TREND_HANDOFF,,2026-02-28,2026-02-27,False,False,,,,NO_PROGRESSED_DIRECT_HANDOFF,92.44,351.09,-7.22,258.65,0.2633,41.6,NO_PROGRESSED_DIRECT_HANDOFF,92.44,351.09,-7.22,258.65,0.2633,41.6,EXIT4_SCORE_DRAWDOWN_GE_15,145.13,169.19,-7.22,24.06,0.8578,23.2,NO_PROGRESSED_DIRECT_HANDOFF,92.44,351.09,-7.22,258.65,0.2633,41.6,NO_PROGRESSED_DIRECT_HANDOFF,92.44,351.09,-7.22,258.65,0.2633,41.6,EXIT4_SCORE_DRAWDOWN_GE_15,145.13,169.19,-7.22,24.06,0.8578,23.2,4.47,1.49,19.82,147.42
137400,피엔티,KOSDAQ,2026-02-20,2026-02-23,54500.0,TRANSITION,TRIGGER,PERMITTED_REGIME,ELEVATED,77.17,READY,NEVER_PROGRESSED,,,,False,True,2026-03-04,2026-03-05,45300.0,NO_PROGRESSED_DIRECT_HANDOFF,-39.27,13.76,-57.8,53.03,-2.8539,23.8,NO_PROGRESSED_DIRECT_HANDOFF,-39.27,13.76,-57.8,53.03,-2.8539,23.8,NO_PROGRESSED_BEFORE_CUTOFF,-39.27,13.76,-57.8,53.03,-2.8539,23.8,LOSS_GUARD_CLOSE_LE_NEG_15,-16.88,2.57,-24.77,19.45,-6.5681,1.6,LOSS_GUARD_CLOSE_LE_NEG_15,-16.88,2.57,-24.77,19.45,-6.5681,1.6,LOSS_GUARD_CLOSE_LE_NEG_15,-16.88,2.57,-24.77,19.45,-6.5681,1.6,-13.39,0.37,-22.2,
138080,오이솔루션,KOSDAQ,2025-12-12,2025-12-15,13800.0,TRANSITION,TRIGGER,PERMITTED_REGIME,ELEVATED,67.99,READY,NORMAL_EARLY_TREND_HANDOFF,2026-01-31,2026-04-30,2026-04-30,True,False,,,,EXIT3_PROGRESSED_TO_WEAK,14.13,319.57,-6.74,305.44,0.0442,30.8,EXIT3_PROGRESSED_TO_WEAK,14.13,319.57,-6.74,305.44,0.0442,30.8,EXIT3_PROGRESSED_TO_WEAK,14.13,319.57,-6.74,305.44,0.0442,30.8,EXIT3_PROGRESSED_TO_WEAK,14.13,319.57,-6.74,305.44,0.0442,30.8,EXIT3_PROGRESSED_TO_WEAK,14.13,319.57,-6.74,305.44,0.0442,30.8,EXIT3_PROGRESSED_TO_WEAK,14.13,319.57,-6.74,305.44,0.0442,30.8,8.91,20.43,138.41,86.23
138930,BNK금융지주,KOSPI,2024-10-18,2024-10-21,9820.0,TRANSITION,TRIGGER,PERMITTED_REGIME,NORMAL,78.38,PARTIAL,SKIPPED_EARLY_TREND_HANDOFF,,2024-12-31,2024-12-30,False,False,,,,NO_PROGRESSED_DIRECT_HANDOFF,54.07,134.73,-7.84,80.66,0.4013,88.8,NO_PROGRESSED_DIRECT_HANDOFF,54.07,134.73,-7.84,80.66,0.4013,88.8,EXIT4_SCORE_DRAWDOWN_GE_15,4.38,25.25,-7.84,20.87,0.1735,21.8,NO_PROGRESSED_DIRECT_HANDOFF,54.07,134.73,-7.84,80.66,0.4013,88.8,NO_PROGRESSED_DIRECT_HANDOFF,54.07,134.73,-7.84,80.66,0.4013,88.8,EXIT4_SCORE_DRAWDOWN_GE_15,4.38,25.25,-7.84,20.87,0.1735,21.8,-5.09,12.42,18.02,5.4
139130,iM금융지주,KOSPI,2024-11-29,2024-12-02,8950.0,TRANSITION,TRIGGER,PERMITTED_REGIME,NORMAL,78.63,PARTIAL,NORMAL_EARLY_TREND_HANDOFF,2025-02-28,2025-09-30,2025-09-30,True,False,,,,NO_EXIT_BEFORE_CUTOFF,95.2,145.81,-8.94,50.61,0.6529,82.8,EXIT4_SCORE_DRAWDOWN_GE_15,48.83,74.3,-8.94,25.47,0.6572,44.4,EXIT4_SCORE_DRAWDOWN_GE_15,48.83,74.3,-8.94,25.47,0.6572,44.4,NO_EXIT_BEFORE_CUTOFF,95.2,145.81,-8.94,50.61,0.6529,82.8,EXIT4_SCORE_DRAWDOWN_GE_15,48.83,74.3,-8.94,25.47,0.6572,44.4,EXIT4_SCORE_DRAWDOWN_GE_15,48.83,74.3,-8.94,25.47,0.6572,44.4,-8.6,2.57,0.34,29.61
139480,이마트,KOSPI,2025-05-02,2025-05-07,90900.0,TRANSITION,TRIGGER,PERMITTED_REGIME,NORMAL,81.63,PARTIAL,SKIPPED_EARLY_TREND_HANDOFF,2026-04-30,2026-02-28,2026-02-27,False,True,2025-08-19,2025-08-20,76800.0,NO_PROGRESSED_DIRECT_HANDOFF,-13.2,50.06,-22.66,63.26,-0.2637,62.6,NO_PROGRESSED_DIRECT_HANDOFF,-13.2,50.06,-22.66,63.26,-0.2637,62.6,NO_EXIT_BEFORE_CUTOFF,-13.2,50.06,-22.66,63.26,-0.2637,62.6,LOSS_GUARD_CLOSE_LE_NEG_15,-15.51,11.99,-16.28,27.5,-1.2936,14.6,LOSS_GUARD_CLOSE_LE_NEG_15,-15.51,11.99,-16.28,27.5,-1.2936,14.6,LOSS_GUARD_CLOSE_LE_NEG_15,-15.51,11.99,-16.28,27.5,-1.2936,14.6,-3.85,3.08,-1.76,-13.2
140410,메지온,KOSDAQ,2025-04-25,2025-04-28,39200.0,TRANSITION,TRIGGER,PERMITTED_REGIME,NORMAL,72.31,PARTIAL,NORMAL_EARLY_TREND_HANDOFF,2025-04-30,2025-12-31,2025-12-30,True,False,,,,NO_EXIT_BEFORE_CUTOFF,75.26,358.93,-9.44,283.67,0.2097,63.4,NO_EXIT_BEFORE_CUTOFF,75.26,358.93,-9.44,283.67,0.2097,63.4,NO_EXIT_BEFORE_CUTOFF,75.26,358.93,-9.44,283.67,0.2097,63.4,NO_EXIT_BEFORE_CUTOFF,75.26,358.93,-9.44,283.67,0.2097,63.4,NO_EXIT_BEFORE_CUTOFF,75.26,358.93,-9.44,283.67,0.2097,63.4,NO_EXIT_BEFORE_CUTOFF,75.26,358.93,-9.44,283.67,0.2097,63.4,-7.14,-2.68,0.89,78.06
140860,파크시스템스,KOSDAQ,2024-10-04,2024-10-07,199100.0,TRANSITION,TRIGGER,PERMITTED_REGIME,NORMAL,77.32,PARTIAL,NORMAL_EARLY_TREND_HANDOFF,2024-10-31,2025-07-31,2025-07-31,True,False,,,,EXIT3_PROGRESSED_TO_TRANSITION,4.97,55.7,-16.12,50.73,0.0892,60.4,EXIT3_PROGRESSED_TO_TRANSITION,4.97,55.7,-16.12,50.73,0.0892,60.4,EXIT3_PROGRESSED_TO_TRANSITION,4.97,55.7,-16.12,50.73,0.0892,60.4,EXIT3_PROGRESSED_TO_TRANSITION,4.97,55.7,-16.12,50.73,0.0892,60.4,EXIT3_PROGRESSED_TO_TRANSITION,4.97,55.7,-16.12,50.73,0.0892,60.4,EXIT3_PROGRESSED_TO_TRANSITION,4.97,55.7,-16.12,50.73,0.0892,60.4,8.99,2.21,14.26,-2.76
144960,뉴파워프라즈마,KOSDAQ,2025-07-18,2025-07-21,6260.0,TRANSITION,TRIGGER,PERMITTED_REGIME,NORMAL,77.99,READY,PROGRESSED_WITHOUT_DIRECT_HANDOFF,2025-10-31,2026-07-31,2026-07-31,False,True,2025-08-19,2025-08-20,5250.0,NO_PROGRESSED_DIRECT_HANDOFF,78.43,112.14,-24.76,33.71,0.6994,52.4,NO_PROGRESSED_DIRECT_HANDOFF,78.43,112.14,-24.76,33.71,0.6994,52.4,NO_EXIT_BEFORE_CUTOFF,78.43,112.14,-24.76,33.71,0.6994,52.4,LOSS_GUARD_CLOSE_LE_NEG_15,-16.13,3.04,-16.29,19.17,-5.3059,4.4,LOSS_GUARD_CLOSE_LE_NEG_15,-16.13,3.04,-16.29,19.17,-5.3059,4.4,LOSS_GUARD_CLOSE_LE_NEG_15,-16.13,3.04,-16.29,19.17,-5.3059,4.4,-13.9,-13.9,7.19,-3.35
145020,휴젤,KOSDAQ,2020-01-31,2020-02-03,146294.0,TRANSITION,TRIGGER,PERMITTED_REGIME,ELEVATED,75.49,READY,NORMAL_EARLY_TREND_HANDOFF,2020-08-31,2020-12-31,2020-12-30,True,True,2020-03-09,2020-03-10,121059.0,EXIT3_PROGRESSED_TO_TRANSITION,-2.32,91.05,-30.54,93.37,-0.0255,91.0,EXIT4_SCORE_DRAWDOWN_GE_15,66.04,81.14,-30.54,15.1,0.8139,70.4,EXIT4_SCORE_DRAWDOWN_GE_15,66.04,81.14,-30.54,15.1,0.8139,70.4,LOSS_GUARD_CLOSE_LE_NEG_15,-17.25,4.9,-17.25,22.15,-3.5204,5.4,LOSS_GUARD_CLOSE_LE_NEG_15,-17.25,4.9,-17.25,22.15,-3.5204,5.4,LOSS_GUARD_CLOSE_LE_NEG_15,-17.25,4.9,-17.25,22.15,-3.5204,5.4,-12.61,-25.76,-9.56,9.37
145990,삼양사,KOSPI,2025-06-13,2025-06-16,53100.0,TRANSITION,TRIGGER,PERMITTED_REGIME,NORMAL,76.85,READY,NEVER_PROGRESSED,2025-07-31,,,False,True,2026-01-13,2026-01-14,44300.0,NO_PROGRESSED_DIRECT_HANDOFF,-14.22,12.24,-23.26,26.46,-1.1618,57.4,NO_PROGRESSED_DIRECT_HANDOFF,-14.22,12.24,-23.26,26.46,-1.1618,57.4,NO_PROGRESSED_BEFORE_CUTOFF,-14.22,12.24,-23.26,26.46,-1.1618,57.4,LOSS_GUARD_CLOSE_LE_NEG_15,-16.57,12.24,-16.57,28.81,-1.3538,28.8,LOSS_GUARD_CLOSE_LE_NEG_15,-16.57,12.24,-16.57,28.81,-1.3538,28.8,LOSS_GUARD_CLOSE_LE_NEG_15,-16.57,12.24,-16.57,28.81,-1.3538,28.8,10.36,-1.13,-7.63,-4.9
146320,비씨엔씨,KOSDAQ,2025-10-31,2025-11-03,14750.0,TRANSITION,TRIGGER,PERMITTED_REGIME,ELEVATED,79.0,PARTIAL,NEVER_PROGRESSED,,,,False,True,2025-11-18,2025-11-19,12100.0,NO_PROGRESSED_DIRECT_HANDOFF,-30.98,29.15,-51.73,60.13,-1.0628,38.6,NO_PROGRESSED_DIRECT_HANDOFF,-30.98,29.15,-51.73,60.13,-1.0628,38.6,NO_PROGRESSED_BEFORE_CUTOFF,-30.98,29.15,-51.73,60.13,-1.0628,38.6,LOSS_GUARD_CLOSE_LE_NEG_15,-17.97,2.44,-18.31,20.41,-7.3648,2.6,LOSS_GUARD_CLOSE_LE_NEG_15,-17.97,2.44,-18.31,20.41,-7.3648,2.6,LOSS_GUARD_CLOSE_LE_NEG_15,-17.97,2.44,-18.31,20.41,-7.3648,2.6,-12.95,-9.69,0.54,19.93
160980,싸이맥스,KOSDAQ,2025-09-26,2025-09-29,16540.0,TRANSITION,TRIGGER,PERMITTED_REGIME,NORMAL,77.99,READY,NORMAL_EARLY_TREND_HANDOFF,2025-10-31,2026-04-30,2026-04-30,True,True,2026-01-13,2026-01-14,14090.0,NO_EXIT_BEFORE_CUTOFF,103.14,189.3,-17.71,86.16,0.5448,42.6,EXIT4_SCORE_DRAWDOWN_GE_15,87.73,150.6,-17.71,62.87,0.5825,32.2,EXIT4_SCORE_DRAWDOWN_GE_15,87.73,150.6,-17.71,62.87,0.5825,32.2,LOSS_GUARD_CLOSE_LE_NEG_15,-14.81,20.86,-16.75,35.67,-0.71,14.0,LOSS_GUARD_CLOSE_LE_NEG_15,-14.81,20.86,-16.75,35.67,-0.71,14.0,LOSS_GUARD_CLOSE_LE_NEG_15,-14.81,20.86,-16.75,35.67,-0.71,14.0,16.57,-5.56,-10.64,69.29
161390,한국타이어앤테크놀로지,KOSPI,2025-08-08,2025-08-11,44600.0,TRANSITION,TRIGGER,PERMITTED_REGIME,NORMAL,78.49,READY,NORMAL_EARLY_TREND_HANDOFF,2025-11-30,2026-03-31,2026-03-31,True,False,,,,NO_EXIT_BEFORE_CUTOFF,60.54,75.78,-15.58,15.24,0.7989,49.4,EXIT4_SCORE_DRAWDOWN_GE_15,49.78,75.78,-15.58,26.0,0.6569,39.0,EXIT4_SCORE_DRAWDOWN_GE_15,49.78,75.78,-15.58,26.0,0.6569,39.0,NO_EXIT_BEFORE_CUTOFF,60.54,75.78,-15.58,15.24,0.7989,49.4,EXIT4_SCORE_DRAWDOWN_GE_15,49.78,75.78,-15.58,26.0,0.6569,39.0,EXIT4_SCORE_DRAWDOWN_GE_15,49.78,75.78,-15.58,26.0,0.6569,39.0,-11.88,-12.44,31.17,68.39
161890,한국콜마,KOSPI,2026-04-17,2026-04-20,87100.0,TRANSITION,TRIGGER,PERMITTED_REGIME,NORMAL,77.99,READY,NEVER_PROGRESSED,2026-04-30,,,False,False,,,,NO_PROGRESSED_DIRECT_HANDOFF,56.95,65.33,-12.63,8.38,0.8717,16.0,NO_PROGRESSED_DIRECT_HANDOFF,56.95,65.33,-12.63,8.38,0.8717,16.0,NO_PROGRESSED_BEFORE_CUTOFF,56.95,65.33,-12.63,8.38,0.8717,16.0,NO_PROGRESSED_DIRECT_HANDOFF,56.95,65.33,-12.63,8.38,0.8717,16.0,NO_PROGRESSED_DIRECT_HANDOFF,56.95,65.33,-12.63,8.38,0.8717,16.0,NO_PROGRESSED_BEFORE_CUTOFF,56.95,65.33,-12.63,8.38,0.8717,16.0,5.4,0.8,23.54,
166090,하나머티리얼즈,KOSDAQ,2025-12-05,2025-12-08,45100.0,TRANSITION,TRIGGER,PERMITTED_REGIME,NORMAL,77.74,READY,NORMAL_EARLY_TREND_HANDOFF,2026-01-31,2026-03-31,2026-03-31,True,False,,,,NO_EXIT_BEFORE_CUTOFF,29.27,94.9,-11.86,65.63,0.3084,33.6,EXIT4_SCORE_DRAWDOWN_GE_15,72.95,81.82,-11.86,8.87,0.8916,19.6,EXIT4_SCORE_DRAWDOWN_GE_15,72.95,81.82,-11.86,8.87,0.8916,19.6,NO_EXIT_BEFORE_CUTOFF,29.27,94.9,-11.86,65.63,0.3084,33.6,EXIT4_SCORE_DRAWDOWN_GE_15,72.95,81.82,-11.86,8.87,0.8916,19.6,EXIT4_SCORE_DRAWDOWN_GE_15,72.95,81.82,-11.86,8.87,0.8916,19.6,12.42,40.35,38.8,51.66
170900,동아에스티,KOSPI,2024-10-18,2024-10-21,74933.0,TRANSITION,TRIGGER,PERMITTED_REGIME,NORMAL,77.32,PARTIAL,NEVER_PROGRESSED,,,,False,True,2024-11-14,2024-11-15,61930.0,NO_PROGRESSED_DIRECT_HANDOFF,-48.62,0.75,-57.83,49.37,-64.8267,88.8,NO_PROGRESSED_DIRECT_HANDOFF,-48.62,0.75,-57.83,49.37,-64.8267,88.8,NO_PROGRESSED_BEFORE_CUTOFF,-48.62,0.75,-57.83,49.37,-64.8267,88.8,LOSS_GUARD_CLOSE_LE_NEG_15,-17.35,0.75,-17.48,18.1,-23.1333,4.0,LOSS_GUARD_CLOSE_LE_NEG_15,-17.35,0.75,-17.48,18.1,-23.1333,4.0,LOSS_GUARD_CLOSE_LE_NEG_15,-17.35,0.75,-17.48,18.1,-23.1333,4.0,-14.73,-27.84,-34.08,-38.72
170920,엘티씨,KOSDAQ,2025-07-04,2025-07-07,11880.0,TRANSITION,TRIGGER,PERMITTED_REGIME,ELEVATED,73.29,READY,PROGRESSED_WITHOUT_DIRECT_HANDOFF,2025-09-30,2026-01-31,2026-01-30,False,False,,,,NO_PROGRESSED_DIRECT_HANDOFF,221.97,410.94,-12.46,188.97,0.5402,54.4,NO_PROGRESSED_DIRECT_HANDOFF,221.97,410.94,-12.46,188.97,0.5402,54.4,EXIT4_SCORE_DRAWDOWN_GE_15,87.71,151.68,-12.46,63.97,0.5783,31.8,NO_PROGRESSED_DIRECT_HANDOFF,221.97,410.94,-12.46,188.97,0.5402,54.4,NO_PROGRESSED_DIRECT_HANDOFF,221.97,410.94,-12.46,188.97,0.5402,54.4,EXIT4_SCORE_DRAWDOWN_GE_15,87.71,151.68,-12.46,63.97,0.5783,31.8,-2.78,3.37,70.03,98.65
171090,선익시스템,KOSDAQ,2025-10-31,2025-11-03,53300.0,EARLY_TREND,TRIGGER,PERMITTED_REGIME,NORMAL,77.99,READY,NORMAL_EARLY_TREND_HANDOFF,2025-10-31,2026-03-31,2026-03-31,True,True,2025-11-21,2025-11-24,43650.0,NO_EXIT_BEFORE_CUTOFF,26.64,170.17,-19.51,143.53,0.1565,38.6,EXIT4_SCORE_DRAWDOWN_GE_15,95.12,170.17,-19.51,75.05,0.559,24.6,EXIT4_SCORE_DRAWDOWN_GE_15,95.12,170.17,-19.51,75.05,0.559,24.6,LOSS_GUARD_CLOSE_LE_NEG_15,-18.11,5.63,-19.51,23.74,-3.2167,3.2,LOSS_GUARD_CLOSE_LE_NEG_15,-18.11,5.63,-19.51,23.74,-3.2167,3.2,LOSS_GUARD_CLOSE_LE_NEG_15,-18.11,5.63,-19.51,23.74,-3.2167,3.2,-12.38,1.31,8.82,80.86
174900,앱클론,KOSDAQ,2025-10-17,2025-10-20,19490.0,TRANSITION,TRIGGER,PERMITTED_REGIME,ELEVATED,79.67,READY,NORMAL_EARLY_TREND_HANDOFF,2025-10-31,2026-01-31,2026-01-30,True,False,,,,EXIT3_PROGRESSED_TO_WEAK,0.82,391.53,-16.62,390.71,0.0021,38.8,EXIT3_PROGRESSED_TO_WEAK,0.82,391.53,-16.62,390.71,0.0021,38.8,EXIT3_PROGRESSED_TO_WEAK,0.82,391.53,-16.62,390.71,0.0021,38.8,EXIT3_PROGRESSED_TO_WEAK,0.82,391.53,-16.62,390.71,0.0021,38.8,EXIT3_PROGRESSED_TO_WEAK,0.82,391.53,-16.62,390.71,0.0021,38.8,EXIT3_PROGRESSED_TO_WEAK,0.82,391.53,-16.62,390.71,0.0021,38.8,41.1,101.39,161.67,166.8
176750,듀켐바이오,KOSDAQ,2026-02-20,2026-02-23,12510.0,TRANSITION,TRIGGER,PERMITTED_REGIME,NORMAL,74.49,READY,NEVER_PROGRESSED,,,,False,True,2026-02-26,2026-02-27,10500.0,NO_PROGRESSED_DIRECT_HANDOFF,-47.4,2.08,-59.23,49.48,-22.7885,23.8,NO_PROGRESSED_DIRECT_HANDOFF,-47.4,2.08,-59.23,49.48,-22.7885,23.8,NO_PROGRESSED_BEFORE_CUTOFF,-47.4,2.08,-59.23,49.48,-22.7885,23.8,LOSS_GUARD_CLOSE_LE_NEG_15,-16.07,2.08,-16.95,18.15,-7.726,1.0,LOSS_GUARD_CLOSE_LE_NEG_15,-16.07,2.08,-16.95,18.15,-7.726,1.0,LOSS_GUARD_CLOSE_LE_NEG_15,-16.07,2.08,-16.95,18.15,-7.726,1.0,-25.02,-25.9,-38.21,
178320,서진시스템,KOSDAQ,2025-10-17,2025-10-20,25950.0,TRANSITION,TRIGGER,PERMITTED_REGIME,ELEVATED,69.24,READY,NORMAL_EARLY_TREND_HANDOFF,2026-01-31,2026-05-31,2026-05-29,True,True,2025-11-21,2025-11-24,22400.0,NO_EXIT_BEFORE_CUTOFF,42.39,221.0,-16.18,178.61,0.1918,40.6,NO_EXIT_BEFORE_CUTOFF,42.39,221.0,-16.18,178.61,0.1918,40.6,NO_EXIT_BEFORE_CUTOFF,42.39,221.0,-16.18,178.61,0.1918,40.6,LOSS_GUARD_CLOSE_LE_NEG_15,-13.68,19.65,-16.18,33.33,-0.6962,5.2,LOSS_GUARD_CLOSE_LE_NEG_15,-13.68,19.65,-16.18,33.33,-0.6962,5.2,LOSS_GUARD_CLOSE_LE_NEG_15,-13.68,19.65,-16.18,33.33,-0.6962,5.2,-10.02,4.05,5.2,97.69
178920,PI첨단소재,KOSPI,2026-04-17,2026-04-20,25000.0,TRANSITION,TRIGGER,PERMITTED_REGIME,ELEVATED,75.49,READY,NEVER_PROGRESSED,,,,False,True,2026-06-08,2026-06-09,20300.0,NO_PROGRESSED_DIRECT_HANDOFF,-20.4,28.6,-40.0,49.0,-0.7133,16.0,NO_PROGRESSED_DIRECT_HANDOFF,-20.4,28.6,-40.0,49.0,-0.7133,16.0,NO_PROGRESSED_BEFORE_CUTOFF,-20.4,28.6,-40.0,49.0,-0.7133,16.0,LOSS_GUARD_CLOSE_LE_NEG_15,-18.8,28.6,-21.52,47.4,-0.6573,6.6,LOSS_GUARD_CLOSE_LE_NEG_15,-18.8,28.6,-21.52,47.4,-0.6573,6.6,LOSS_GUARD_CLOSE_LE_NEG_15,-18.8,28.6,-21.52,47.4,-0.6573,6.6,6.8,-9.6,-24.04,
181710,NHN,KOSPI,2025-05-02,2025-05-07,21800.0,TRANSITION,TRIGGER,PERMITTED_REGIME,NORMAL,71.32,PARTIAL,NORMAL_EARLY_TREND_HANDOFF,2025-07-31,2025-12-31,2025-12-30,True,False,,,,EXIT3_PROGRESSED_TO_EARLY_TREND,44.95,66.06,-14.95,21.11,0.6804,36.6,EXIT3_PROGRESSED_TO_EARLY_TREND,44.95,66.06,-14.95,21.11,0.6804,36.6,EXIT3_PROGRESSED_TO_EARLY_TREND,44.95,66.06,-14.95,21.11,0.6804,36.6,EXIT3_PROGRESSED_TO_EARLY_TREND,44.95,66.06,-14.95,21.11,0.6804,36.6,EXIT3_PROGRESSED_TO_EARLY_TREND,44.95,66.06,-14.95,21.11,0.6804,36.6,EXIT3_PROGRESSED_TO_EARLY_TREND,44.95,66.06,-14.95,21.11,0.6804,36.6,-9.72,33.26,31.65,39.22
183190,아세아시멘트,KOSPI,2025-06-13,2025-06-16,11940.0,EARLY_TREND,TRIGGER,PERMITTED_REGIME,NORMAL,80.99,READY,NEVER_PROGRESSED,2025-06-13,,,False,True,2026-05-27,2026-05-28,10070.0,NO_PROGRESSED_DIRECT_HANDOFF,-16.67,31.49,-30.4,48.16,-0.5294,57.4,NO_PROGRESSED_DIRECT_HANDOFF,-16.67,31.49,-30.4,48.16,-0.5294,57.4,NO_PROGRESSED_BEFORE_CUTOFF,-16.67,31.49,-30.4,48.16,-0.5294,57.4,LOSS_GUARD_CLOSE_LE_NEG_15,-15.66,31.49,-16.67,47.15,-0.4973,46.6,LOSS_GUARD_CLOSE_LE_NEG_15,-15.66,31.49,-16.67,47.15,-0.4973,46.6,LOSS_GUARD_CLOSE_LE_NEG_15,-15.66,31.49,-16.67,47.15,-0.4973,46.6,2.01,19.68,14.82,6.53
187870,디바이스,KOSDAQ,2025-11-21,2025-11-24,7233.0,TRANSITION,TRIGGER,PERMITTED_REGIME,NORMAL,70.24,READY,NORMAL_EARLY_TREND_HANDOFF,2026-02-28,2026-05-31,2026-05-29,True,False,,,,NO_EXIT_BEFORE_CUTOFF,77.66,310.62,-3.88,232.96,0.25,35.6,NO_EXIT_BEFORE_CUTOFF,77.66,310.62,-3.88,232.96,0.25,35.6,NO_EXIT_BEFORE_CUTOFF,77.66,310.62,-3.88,232.96,0.25,35.6,NO_EXIT_BEFORE_CUTOFF,77.66,310.62,-3.88,232.96,0.25,35.6,NO_EXIT_BEFORE_CUTOFF,77.66,310.62,-3.88,232.96,0.25,35.6,NO_EXIT_BEFORE_CUTOFF,77.66,310.62,-3.88,232.96,0.25,35.6,0.29,4.53,34.0,170.01
190510,나무가,KOSDAQ,2025-08-01,2025-08-04,14700.0,TRANSITION,TRIGGER,PERMITTED_REGIME,NORMAL,81.55,READY,NORMAL_EARLY_TREND_HANDOFF,2026-01-31,2026-03-31,2026-03-31,True,False,,,,EXIT3_PROGRESSED_TO_WEAK,-11.56,94.56,-21.77,106.12,-0.1223,44.2,EXIT4_SCORE_DRAWDOWN_GE_15,31.29,94.56,-0.48,63.27,0.3309,36.4,EXIT4_SCORE_DRAWDOWN_GE_15,31.29,94.56,-0.48,63.27,0.3309,36.4,EXIT3_PROGRESSED_TO_WEAK,-11.56,94.56,-21.77,106.12,-0.1223,44.2,EXIT4_SCORE_DRAWDOWN_GE_15,31.29,94.56,-0.48,63.27,0.3309,36.4,EXIT4_SCORE_DRAWDOWN_GE_15,31.29,94.56,-0.48,63.27,0.3309,36.4,13.27,15.17,16.87,63.27
192080,더블유게임즈,KOSPI,2024-08-23,2024-08-26,50500.0,TRANSITION,TRIGGER,PERMITTED_REGIME,NORMAL,79.57,PARTIAL,NEVER_PROGRESSED,2024-10-31,,,False,False,,,,NO_PROGRESSED_DIRECT_HANDOFF,21.98,51.49,-9.8,29.51,0.4269,95.6,NO_PROGRESSED_DIRECT_HANDOFF,21.98,51.49,-9.8,29.51,0.4269,95.6,NO_PROGRESSED_BEFORE_CUTOFF,21.98,51.49,-9.8,29.51,0.4269,95.6,NO_PROGRESSED_DIRECT_HANDOFF,21.98,51.49,-9.8,29.51,0.4269,95.6,NO_PROGRESSED_DIRECT_HANDOFF,21.98,51.49,-9.8,29.51,0.4269,95.6,NO_PROGRESSED_BEFORE_CUTOFF,21.98,51.49,-9.8,29.51,0.4269,95.6,-3.76,0.0,-2.48,-0.4
192400,쿠쿠홀딩스,KOSPI,2024-10-04,2024-10-07,23550.0,TRANSITION,TRIGGER,PERMITTED_REGIME,NORMAL,79.13,PARTIAL,SKIPPED_EARLY_TREND_HANDOFF,,2025-01-31,2025-01-31,False,False,,,,NO_PROGRESSED_DIRECT_HANDOFF,11.89,52.44,-10.83,40.55,0.2267,90.6,NO_PROGRESSED_DIRECT_HANDOFF,11.89,52.44,-10.83,40.55,0.2267,90.6,EXIT4_SCORE_DRAWDOWN_GE_15,36.52,52.44,-10.83,15.92,0.6964,48.6,NO_PROGRESSED_DIRECT_HANDOFF,11.89,52.44,-10.83,40.55,0.2267,90.6,NO_PROGRESSED_DIRECT_HANDOFF,11.89,52.44,-10.83,40.55,0.2267,90.6,EXIT4_SCORE_DRAWDOWN_GE_15,36.52,52.44,-10.83,15.92,0.6964,48.6,-1.27,-2.76,-2.34,2.34
192440,슈피겐코리아,KOSDAQ,2026-04-03,2026-04-06,26900.0,TRANSITION,TRIGGER,PERMITTED_REGIME,NORMAL,72.74,READY,NEVER_PROGRESSED,,,,False,False,,,,NO_PROGRESSED_DIRECT_HANDOFF,5.58,29.93,-5.76,24.35,0.1864,18.0,NO_PROGRESSED_DIRECT_HANDOFF,5.58,29.93,-5.76,24.35,0.1864,18.0,NO_PROGRESSED_BEFORE_CUTOFF,5.58,29.93,-5.76,24.35,0.1864,18.0,NO_PROGRESSED_DIRECT_HANDOFF,5.58,29.93,-5.76,24.35,0.1864,18.0,NO_PROGRESSED_DIRECT_HANDOFF,5.58,29.93,-5.76,24.35,0.1864,18.0,NO_PROGRESSED_BEFORE_CUTOFF,5.58,29.93,-5.76,24.35,0.1864,18.0,0.0,14.68,7.99,
194370,제이에스코퍼레이션,KOSPI,2025-05-23,2025-05-26,9110.0,TRANSITION,TRIGGER,PERMITTED_REGIME,NORMAL,77.32,PARTIAL,NORMAL_EARLY_TREND_HANDOFF,2025-05-31,2026-02-28,2026-02-27,True,False,,,,NO_EXIT_BEFORE_CUTOFF,43.91,76.62,-0.99,32.71,0.5731,60.0,EXIT4_SCORE_DRAWDOWN_GE_15,23.93,65.64,-0.99,41.71,0.3646,41.6,EXIT4_SCORE_DRAWDOWN_GE_15,23.93,65.64,-0.99,41.71,0.3646,41.6,NO_EXIT_BEFORE_CUTOFF,43.91,76.62,-0.99,32.71,0.5731,60.0,EXIT4_SCORE_DRAWDOWN_GE_15,23.93,65.64,-0.99,41.71,0.3646,41.6,EXIT4_SCORE_DRAWDOWN_GE_15,23.93,65.64,-0.99,41.71,0.3646,41.6,30.52,35.89,9.22,34.36
194480,데브시스터즈,KOSDAQ,2025-08-08,2025-08-11,50700.0,TRANSITION,TRIGGER,PERMITTED_REGIME,NORMAL,77.99,READY,NEVER_PROGRESSED,,,,False,True,2025-10-31,2025-11-03,42650.0,NO_PROGRESSED_DIRECT_HANDOFF,-61.24,14.79,-74.16,76.03,-4.1406,49.4,NO_PROGRESSED_DIRECT_HANDOFF,-61.24,14.79,-74.16,76.03,-4.1406,49.4,NO_PROGRESSED_BEFORE_CUTOFF,-61.24,14.79,-74.16,76.03,-4.1406,49.4,LOSS_GUARD_CLOSE_LE_NEG_15,-15.88,14.79,-16.57,30.67,-1.0737,11.0,LOSS_GUARD_CLOSE_LE_NEG_15,-15.88,14.79,-16.57,30.67,-1.0737,11.0,LOSS_GUARD_CLOSE_LE_NEG_15,-15.88,14.79,-16.57,30.67,-1.0737,11.0,0.79,-7.3,-26.04,-21.4
194700,노바렉스,KOSDAQ,2025-05-02,2025-05-07,11180.0,TRANSITION,TRIGGER,PERMITTED_REGIME,NORMAL,77.32,PARTIAL,NORMAL_EARLY_TREND_HANDOFF,2025-05-31,2025-08-31,2025-08-29,True,False,,,,NO_EXIT_BEFORE_CUTOFF,30.23,97.67,-1.7,67.44,0.3095,62.6,EXIT4_SCORE_DRAWDOWN_GE_15,37.92,97.67,-0.09,59.75,0.3882,28.2,EXIT4_SCORE_DRAWDOWN_GE_15,37.92,97.67,-0.09,59.75,0.3882,28.2,NO_EXIT_BEFORE_CUTOFF,30.23,97.67,-1.7,67.44,0.3095,62.6,EXIT4_SCORE_DRAWDOWN_GE_15,37.92,97.67,-0.09,59.75,0.3882,28.2,EXIT4_SCORE_DRAWDOWN_GE_15,37.92,97.67,-0.09,59.75,0.3882,28.2,58.32,62.79,69.41,36.94
195870,해성디에스,KOSPI,2025-12-05,2025-12-08,52800.0,TRANSITION,TRIGGER,PERMITTED_REGIME,ELEVATED,75.74,READY,NORMAL_EARLY_TREND_HANDOFF,2026-01-31,2026-02-28,2026-02-27,True,False,,,,NO_EXIT_BEFORE_CUTOFF,11.55,105.49,-30.97,93.94,0.1095,33.6,EXIT4_SCORE_DRAWDOWN_GE_15,-5.11,27.84,-12.88,32.95,-0.1835,15.2,EXIT4_SCORE_DRAWDOWN_GE_15,-5.11,27.84,-12.88,32.95,-0.1835,15.2,NO_EXIT_BEFORE_CUTOFF,11.55,105.49,-30.97,93.94,0.1095,33.6,EXIT4_SCORE_DRAWDOWN_GE_15,-5.11,27.84,-12.88,32.95,-0.1835,15.2,EXIT4_SCORE_DRAWDOWN_GE_15,-5.11,27.84,-12.88,32.95,-0.1835,15.2,-3.79,17.23,2.08,62.69
195940,HK이노엔,KOSDAQ,2024-08-30,2024-09-02,48600.0,TRANSITION,TRIGGER,PERMITTED_REGIME,NORMAL,77.32,PARTIAL,NEVER_PROGRESSED,2024-10-31,,,False,True,2024-11-14,2024-11-15,41000.0,NO_PROGRESSED_DIRECT_HANDOFF,-14.3,20.58,-34.88,34.88,-0.6948,94.6,NO_PROGRESSED_DIRECT_HANDOFF,-14.3,20.58,-34.88,34.88,-0.6948,94.6,NO_PROGRESSED_BEFORE_CUTOFF,-14.3,20.58,-34.88,34.88,-0.6948,94.6,LOSS_GUARD_CLOSE_LE_NEG_15,-15.64,7.0,-16.87,22.64,-2.2343,9.8,LOSS_GUARD_CLOSE_LE_NEG_15,-15.64,7.0,-16.87,22.64,-2.2343,9.8,LOSS_GUARD_CLOSE_LE_NEG_15,-15.64,7.0,-16.87,22.64,-2.2343,9.8,3.91,-0.93,-23.05,-24.38
200670,휴메딕스,KOSDAQ,2024-09-20,2024-09-23,37900.0,TRANSITION,TRIGGER,PERMITTED_REGIME,NORMAL,77.32,PARTIAL,NORMAL_EARLY_TREND_HANDOFF,2025-02-28,2025-08-31,2025-08-29,True,True,2024-10-02,2024-10-04,33000.0,EXIT3_PROGRESSED_TO_WEAK,-9.37,103.69,-32.98,113.06,-0.0904,73.8,EXIT3_PROGRESSED_TO_WEAK,-9.37,103.69,-32.98,113.06,-0.0904,73.8,EXIT3_PROGRESSED_TO_WEAK,-9.37,103.69,-32.98,113.06,-0.0904,73.8,LOSS_GUARD_CLOSE_LE_NEG_15,-12.93,5.28,-15.57,18.21,-2.4489,1.6,LOSS_GUARD_CLOSE_LE_NEG_15,-12.93,5.28,-15.57,18.21,-2.4489,1.6,LOSS_GUARD_CLOSE_LE_NEG_15,-12.93,5.28,-15.57,18.21,-2.4489,1.6,-18.6,-19.66,9.23,-4.09
203650,드림시큐리티,KOSDAQ,2024-11-08,2024-11-11,1771.0,TRANSITION,TRIGGER,PERMITTED_REGIME,ELEVATED,72.07,PARTIAL,NEVER_PROGRESSED,2024-12-31,,,False,True,2024-12-09,2024-12-10,1487.0,NO_PROGRESSED_DIRECT_HANDOFF,23.09,171.6,-20.95,148.51,0.1346,85.8,NO_PROGRESSED_DIRECT_HANDOFF,23.09,171.6,-20.95,148.51,0.1346,85.8,NO_PROGRESSED_BEFORE_CUTOFF,23.09,171.6,-20.95,148.51,0.1346,85.8,LOSS_GUARD_CLOSE_LE_NEG_15,-16.04,2.26,-16.21,18.3,-7.0973,4.4,LOSS_GUARD_CLOSE_LE_NEG_15,-16.04,2.26,-16.21,18.3,-7.0973,4.4,LOSS_GUARD_CLOSE_LE_NEG_15,-16.04,2.26,-16.21,18.3,-7.0973,4.4,-9.99,7.34,3.84,0.17
204270,제이앤티씨,KOSDAQ,2025-09-19,2025-09-22,22600.0,TRANSITION,TRIGGER,PERMITTED_REGIME,ELEVATED,72.74,READY,NEVER_PROGRESSED,2025-09-30,,,False,True,2025-11-21,2025-11-24,18830.0,NO_PROGRESSED_DIRECT_HANDOFF,-17.57,33.19,-50.71,50.76,-0.5294,43.6,NO_PROGRESSED_DIRECT_HANDOFF,-17.57,33.19,-50.71,50.76,-0.5294,43.6,NO_PROGRESSED_BEFORE_CUTOFF,-17.57,33.19,-50.71,50.76,-0.5294,43.6,LOSS_GUARD_CLOSE_LE_NEG_15,-16.68,33.19,-18.14,49.87,-0.5026,8.2,LOSS_GUARD_CLOSE_LE_NEG_15,-16.68,33.19,-18.14,49.87,-0.5026,8.2,LOSS_GUARD_CLOSE_LE_NEG_15,-16.68,33.19,-18.14,49.87,-0.5026,8.2,15.71,-17.57,-10.84,-35.4
204320,HL만도,KOSPI,2025-01-17,2025-01-20,45500.0,TRANSITION,TRIGGER,PERMITTED_REGIME,NORMAL,77.32,PARTIAL,NORMAL_EARLY_TREND_HANDOFF,2025-11-30,2026-03-31,2026-03-31,True,True,2025-03-31,2025-04-01,38400.0,NO_EXIT_BEFORE_CUTOFF,25.49,73.85,-29.45,48.36,0.3452,76.4,EXIT4_SCORE_DRAWDOWN_GE_15,8.79,73.85,-29.45,65.06,0.119,70.2,EXIT4_SCORE_DRAWDOWN_GE_15,8.79,73.85,-29.45,65.06,0.119,70.2,LOSS_GUARD_CLOSE_LE_NEG_15,-15.6,3.3,-16.59,18.9,-4.7273,9.4,LOSS_GUARD_CLOSE_LE_NEG_15,-15.6,3.3,-16.59,18.9,-4.7273,9.4,LOSS_GUARD_CLOSE_LE_NEG_15,-15.6,3.3,-16.59,18.9,-4.7273,9.4,-2.2,-11.43,-20.99,-25.71
204620,글로벌텍스프리,KOSDAQ,2025-01-24,2025-01-31,3885.0,TRANSITION,TRIGGER,PERMITTED_REGIME,NORMAL,73.82,PARTIAL,NORMAL_EARLY_TREND_HANDOFF,2025-03-31,2025-08-31,2025-08-29,True,False,,,,EXIT3_PROGRESSED_TO_BASE,45.43,101.54,-2.57,56.11,0.4474,37.0,EXIT4_SCORE_DRAWDOWN_GE_15,54.44,101.54,-2.57,47.1,0.5361,33.4,EXIT4_SCORE_DRAWDOWN_GE_15,54.44,101.54,-2.57,47.1,0.5361,33.4,EXIT3_PROGRESSED_TO_BASE,45.43,101.54,-2.57,56.11,0.4474,37.0,EXIT4_SCORE_DRAWDOWN_GE_15,54.44,101.54,-2.57,47.1,0.5361,33.4,EXIT4_SCORE_DRAWDOWN_GE_15,54.44,101.54,-2.57,47.1,0.5361,33.4,13.26,23.81,39.0,20.33
207940,삼성바이오로직스,KOSPI,2019-12-06,2019-12-09,568715.0,TRANSITION,TRIGGER,PERMITTED_REGIME,NORMAL,79.13,PARTIAL,NORMAL_EARLY_TREND_HANDOFF,2019-12-31,2020-07-31,2020-07-31,True,False,,,,EXIT3_PROGRESSED_TO_TRANSITION,130.95,167.78,-9.97,36.83,0.7805,102.4,EXIT4_SCORE_DRAWDOWN_GE_15,98.21,120.72,-9.97,22.51,0.8135,36.4,EXIT4_SCORE_DRAWDOWN_GE_15,98.21,120.72,-9.97,22.51,0.8135,36.4,EXIT3_PROGRESSED_TO_TRANSITION,130.95,167.78,-9.97,36.83,0.7805,102.4,EXIT4_SCORE_DRAWDOWN_GE_15,98.21,120.72,-9.97,22.51,0.8135,36.4,EXIT4_SCORE_DRAWDOWN_GE_15,98.21,120.72,-9.97,22.51,0.8135,36.4,4.48,32.74,25.58,107.16
210540,디와이파워,KOSPI,2025-07-25,2025-07-28,13680.0,TRANSITION,TRIGGER,PERMITTED_REGIME,NORMAL,76.85,READY,NEVER_PROGRESSED,2026-04-30,,,False,True,2026-06-19,2026-06-22,11430.0,NO_PROGRESSED_DIRECT_HANDOFF,-12.28,19.81,-27.56,32.09,-0.6199,51.4,NO_PROGRESSED_DIRECT_HANDOFF,-12.28,19.81,-27.56,32.09,-0.6199,51.4,NO_PROGRESSED_BEFORE_CUTOFF,-12.28,19.81,-27.56,32.09,-0.6199,51.4,LOSS_GUARD_CLOSE_LE_NEG_15,-16.45,19.81,-17.98,36.26,-0.8304,43.8,LOSS_GUARD_CLOSE_LE_NEG_15,-16.45,19.81,-17.98,36.26,-0.8304,43.8,LOSS_GUARD_CLOSE_LE_NEG_15,-16.45,19.81,-17.98,36.26,-0.8304,43.8,-8.19,-8.26,-6.14,3.14
211270,AP위성,KOSDAQ,2026-01-30,2026-02-02,19900.0,TRANSITION,TRIGGER,PERMITTED_REGIME,ELEVATED,79.67,READY,NEVER_PROGRESSED,2026-01-31,,,False,True,2026-03-03,2026-03-04,15110.0,NO_PROGRESSED_DIRECT_HANDOFF,-56.53,12.56,-71.26,69.09,-4.5008,26.2,NO_PROGRESSED_DIRECT_HANDOFF,-56.53,12.56,-71.26,69.09,-4.5008,26.2,NO_PROGRESSED_BEFORE_CUTOFF,-56.53,12.56,-71.26,69.09,-4.5008,26.2,LOSS_GUARD_CLOSE_LE_NEG_15,-24.07,12.56,-24.07,36.63,-1.9164,3.8,LOSS_GUARD_CLOSE_LE_NEG_15,-24.07,12.56,-24.07,36.63,-1.9164,3.8,LOSS_GUARD_CLOSE_LE_NEG_15,-24.07,12.56,-24.07,36.63,-1.9164,3.8,-22.51,-20.85,-16.53,-56.63
212560,네오오토,KOSDAQ,2025-07-04,2025-07-07,6799.0,TRANSITION,TRIGGER,PERMITTED_REGIME,ELEVATED,72.74,READY,PROGRESSED_WITHOUT_DIRECT_HANDOFF,2025-12-31,2026-03-31,2026-03-31,False,True,2025-07-28,2025-07-29,5800.0,NO_PROGRESSED_DIRECT_HANDOFF,81.35,136.8,-26.53,55.45,0.5947,54.4,NO_PROGRESSED_DIRECT_HANDOFF,81.35,136.8,-26.53,55.45,0.5947,54.4,EXIT4_SCORE_DRAWDOWN_GE_15,80.03,136.8,-26.53,56.77,0.585,44.0,LOSS_GUARD_CLOSE_LE_NEG_15,-14.69,3.25,-16.46,17.94,-4.52,3.4,LOSS_GUARD_CLOSE_LE_NEG_15,-14.69,3.25,-16.46,17.94,-4.52,3.4,LOSS_GUARD_CLOSE_LE_NEG_15,-14.69,3.25,-16.46,17.94,-4.52,3.4,-16.31,-17.78,-19.84,54.43
213420,덕산네오룩스,KOSDAQ,2025-07-18,2025-07-21,41950.0,TRANSITION,TRIGGER,PERMITTED_REGIME,ELEVATED,70.49,READY,NORMAL_EARLY_TREND_HANDOFF,2025-09-30,2026-04-30,2026-04-30,True,True,2026-01-15,2026-01-16,35700.0,EXIT3_PROGRESSED_TO_BASE,-20.98,36.59,-29.44,57.57,-0.5734,46.2,EXIT3_PROGRESSED_TO_BASE,-20.98,36.59,-29.44,57.57,-0.5734,46.2,EXIT3_PROGRESSED_TO_BASE,-20.98,36.59,-29.44,57.57,-0.5734,46.2,LOSS_GUARD_CLOSE_LE_NEG_15,-14.9,23.24,-16.57,38.14,-0.6411,24.2,LOSS_GUARD_CLOSE_LE_NEG_15,-14.9,23.24,-16.57,38.14,-0.6411,24.2,LOSS_GUARD_CLOSE_LE_NEG_15,-14.9,23.24,-16.57,38.14,-0.6411,24.2,-1.07,12.16,1.91,-5.96
214150,클래시스,KOSDAQ,2022-12-02,2022-12-05,19750.0,TRANSITION,TRIGGER,PERMITTED_REGIME,NORMAL,78.49,READY,NORMAL_EARLY_TREND_HANDOFF,2023-03-31,2023-08-31,2023-08-31,True,False,,,,EXIT3_PROGRESSED_TO_TRANSITION,150.38,276.71,-14.68,126.33,0.5435,142.0,EXIT4_SCORE_DRAWDOWN_GE_15,87.85,112.66,-14.68,24.81,0.7798,41.0,EXIT4_SCORE_DRAWDOWN_GE_15,87.85,112.66,-14.68,24.81,0.7798,41.0,EXIT3_PROGRESSED_TO_TRANSITION,150.38,276.71,-14.68,126.33,0.5435,142.0,EXIT4_SCORE_DRAWDOWN_GE_15,87.85,112.66,-14.68,24.81,0.7798,41.0,EXIT4_SCORE_DRAWDOWN_GE_15,87.85,112.66,-14.68,24.81,0.7798,41.0,-10.38,-6.89,1.52,66.58
214180,헥토이노베이션,KOSDAQ,2025-06-13,2025-06-16,14880.0,TRANSITION,TRIGGER,PERMITTED_REGIME,ELEVATED,72.74,READY,PROGRESSED_WITHOUT_DIRECT_HANDOFF,2025-07-31,2026-04-30,2026-04-30,False,False,,,,NO_PROGRESSED_DIRECT_HANDOFF,-0.74,72.72,-17.94,73.46,-0.0102,57.4,NO_PROGRESSED_DIRECT_HANDOFF,-0.74,72.72,-17.94,73.46,-0.0102,57.4,EXIT4_SCORE_DRAWDOWN_GE_15,12.9,72.72,-6.12,59.82,0.1774,47.0,NO_PROGRESSED_DIRECT_HANDOFF,-0.74,72.72,-17.94,73.46,-0.0102,57.4,NO_PROGRESSED_DIRECT_HANDOFF,-0.74,72.72,-17.94,73.46,-0.0102,57.4,EXIT4_SCORE_DRAWDOWN_GE_15,12.9,72.72,-6.12,59.82,0.1774,47.0,4.64,5.78,3.76,18.28
214320,이노션,KOSPI,2025-07-04,2025-07-07,19890.0,TRANSITION,TRIGGER,PERMITTED_REGIME,NORMAL,69.85,READY,NEVER_PROGRESSED,,,,False,True,2025-11-03,2025-11-04,16820.0,NO_PROGRESSED_DIRECT_HANDOFF,-2.82,13.88,-15.89,16.7,-0.2032,54.4,NO_PROGRESSED_DIRECT_HANDOFF,-2.82,13.88,-15.89,16.7,-0.2032,54.4,NO_PROGRESSED_BEFORE_CUTOFF,-2.82,13.88,-15.89,16.7,-0.2032,54.4,LOSS_GUARD_CLOSE_LE_NEG_15,-15.43,10.11,-15.84,25.54,-1.5262,16.2,LOSS_GUARD_CLOSE_LE_NEG_15,-15.43,10.11,-15.84,25.54,-1.5262,16.2,LOSS_GUARD_CLOSE_LE_NEG_15,-15.43,10.11,-15.84,25.54,-1.5262,16.2,-2.66,-6.33,-8.6,-8.04
214430,아이쓰리시스템,KOSDAQ,2025-05-09,2025-05-12,65900.0,EARLY_TREND,TRIGGER,PERMITTED_REGIME,NORMAL,77.07,PARTIAL,NORMAL_EARLY_TREND_HANDOFF,2025-05-09,2025-05-31,2025-05-30,True,False,,,,NO_EXIT_BEFORE_CUTOFF,9.26,109.26,-25.27,100.0,0.0848,62.0,EXIT4_SCORE_DRAWDOWN_GE_15,51.14,57.81,-8.95,6.67,0.8846,7.0,EXIT4_SCORE_DRAWDOWN_GE_15,51.14,57.81,-8.95,6.67,0.8846,7.0,NO_EXIT_BEFORE_CUTOFF,9.26,109.26,-25.27,100.0,0.0848,62.0,EXIT4_SCORE_DRAWDOWN_GE_15,51.14,57.81,-8.95,6.67,0.8846,7.0,EXIT4_SCORE_DRAWDOWN_GE_15,51.14,57.81,-8.95,6.67,0.8846,7.0,24.13,48.41,66.01,9.1
216080,제테마,KOSDAQ,2024-10-18,2024-10-21,10006.0,TRANSITION,TRIGGER,PERMITTED_REGIME,NORMAL,77.32,PARTIAL,NEVER_PROGRESSED,,,,False,True,2024-12-09,2024-12-10,8164.0,NO_PROGRESSED_DIRECT_HANDOFF,-57.38,12.73,-62.02,70.11,-4.5075,88.8,NO_PROGRESSED_DIRECT_HANDOFF,-57.38,12.73,-62.02,70.11,-4.5075,88.8,NO_PROGRESSED_BEFORE_CUTOFF,-57.38,12.73,-62.02,70.11,-4.5075,88.8,LOSS_GUARD_CLOSE_LE_NEG_15,-18.41,3.75,-20.15,22.16,-4.9093,7.4,LOSS_GUARD_CLOSE_LE_NEG_15,-18.41,3.75,-20.15,22.16,-4.9093,7.4,LOSS_GUARD_CLOSE_LE_NEG_15,-18.41,3.75,-20.15,22.16,-4.9093,7.4,-13.35,-18.15,-25.44,-27.04
217730,강스템바이오텍,KOSDAQ,2026-01-02,2026-01-05,2125.0,TRANSITION,TRIGGER,PERMITTED_REGIME,NORMAL,77.99,READY,NORMAL_EARLY_TREND_HANDOFF,2026-03-31,2026-05-31,2026-05-29,True,False,,,,NO_EXIT_BEFORE_CUTOFF,36.24,120.71,-24.71,84.47,0.3002,30.2,EXIT4_SCORE_DRAWDOWN_GE_15,5.41,120.71,-14.49,115.3,0.0448,24.0,EXIT4_SCORE_DRAWDOWN_GE_15,5.41,120.71,-14.49,115.3,0.0448,24.0,NO_EXIT_BEFORE_CUTOFF,36.24,120.71,-24.71,84.47,0.3002,30.2,EXIT4_SCORE_DRAWDOWN_GE_15,5.41,120.71,-14.49,115.3,0.0448,24.0,EXIT4_SCORE_DRAWDOWN_GE_15,5.41,120.71,-14.49,115.3,0.0448,24.0,3.29,-7.34,66.35,8.71
218410,RFHIC,KOSDAQ,2025-09-05,2025-09-08,28050.0,EARLY_TREND,TRIGGER,PERMITTED_REGIME,NORMAL,78.49,READY,NORMAL_EARLY_TREND_HANDOFF,2025-09-05,2025-09-30,2025-09-30,True,False,,,,NO_EXIT_BEFORE_CUTOFF,89.66,352.41,-8.73,262.75,0.2544,45.6,EXIT4_SCORE_DRAWDOWN_GE_15,22.46,28.34,-5.17,5.88,0.7925,7.2,EXIT4_SCORE_DRAWDOWN_GE_15,22.46,28.34,-5.17,5.88,0.7925,7.2,NO_EXIT_BEFORE_CUTOFF,89.66,352.41,-8.73,262.75,0.2544,45.6,EXIT4_SCORE_DRAWDOWN_GE_15,22.46,28.34,-5.17,5.88,0.7925,7.2,EXIT4_SCORE_DRAWDOWN_GE_15,22.46,28.34,-5.17,5.88,0.7925,7.2,2.67,21.21,8.91,172.37
219130,타이거일렉,KOSDAQ,2025-10-10,2025-10-13,26750.0,TRANSITION,TRIGGER,PERMITTED_REGIME,ELEVATED,77.42,READY,SKIPPED_EARLY_TREND_HANDOFF,2026-01-31,2025-11-30,2025-11-28,False,True,2025-10-28,2025-10-29,22700.0,NO_PROGRESSED_DIRECT_HANDOFF,203.93,228.6,-42.8,24.67,0.8921,41.6,NO_PROGRESSED_DIRECT_HANDOFF,203.93,228.6,-42.8,24.67,0.8921,41.6,NO_EXIT_BEFORE_CUTOFF,203.93,228.6,-42.8,24.67,0.8921,41.6,LOSS_GUARD_CLOSE_LE_NEG_15,-15.14,6.92,-18.69,22.06,-2.1879,2.6,LOSS_GUARD_CLOSE_LE_NEG_15,-15.14,6.92,-18.69,22.06,-2.1879,2.6,LOSS_GUARD_CLOSE_LE_NEG_15,-15.14,6.92,-18.69,22.06,-2.1879,2.6,-29.08,-20.56,-16.26,53.83
220260,켐트로스,KOSDAQ,2026-01-02,2026-01-05,8130.0,TRANSITION,TRIGGER,PERMITTED_REGIME,ELEVATED,76.67,READY,NEVER_PROGRESSED,,,,False,True,2026-01-16,2026-01-19,6640.0,NO_PROGRESSED_DIRECT_HANDOFF,-49.75,17.71,-67.65,67.46,-2.8091,30.2,NO_PROGRESSED_DIRECT_HANDOFF,-49.75,17.71,-67.65,67.46,-2.8091,30.2,NO_PROGRESSED_BEFORE_CUTOFF,-49.75,17.71,-67.65,67.46,-2.8091,30.2,LOSS_GUARD_CLOSE_LE_NEG_15,-18.33,17.71,-19.31,36.04,-1.035,2.2,LOSS_GUARD_CLOSE_LE_NEG_15,-18.33,17.71,-19.31,36.04,-1.035,2.2,LOSS_GUARD_CLOSE_LE_NEG_15,-18.33,17.71,-19.31,36.04,-1.035,2.2,-17.22,-32.96,-37.64,-57.93
222040,코스맥스엔비티,KOSDAQ,2025-05-02,2025-05-07,4250.0,TRANSITION,TRIGGER,PERMITTED_REGIME,NORMAL,73.82,PARTIAL,PROGRESSED_WITHOUT_DIRECT_HANDOFF,2026-05-31,2026-07-31,2026-07-31,False,True,2025-08-29,2025-09-01,3550.0,NO_PROGRESSED_DIRECT_HANDOFF,123.53,163.53,-32.71,40.0,0.7554,62.6,NO_PROGRESSED_DIRECT_HANDOFF,123.53,163.53,-32.71,40.0,0.7554,62.6,NO_EXIT_BEFORE_CUTOFF,123.53,163.53,-32.71,40.0,0.7554,62.6,LOSS_GUARD_CLOSE_LE_NEG_15,-16.47,40.24,-16.47,56.71,-0.4093,16.2,LOSS_GUARD_CLOSE_LE_NEG_15,-16.47,40.24,-16.47,56.71,-0.4093,16.2,LOSS_GUARD_CLOSE_LE_NEG_15,-16.47,40.24,-16.47,56.71,-0.4093,16.2,38.35,17.53,-3.76,-27.06
226320,잇츠한불,KOSPI,2025-07-11,2025-07-14,14790.0,TRANSITION,TRIGGER,PERMITTED_REGIME,NORMAL,70.99,READY,NEVER_PROGRESSED,,,,False,True,2025-08-27,2025-08-28,12690.0,NO_PROGRESSED_DIRECT_HANDOFF,-26.03,0.54,-44.56,26.57,-48.2037,53.4,NO_PROGRESSED_DIRECT_HANDOFF,-26.03,0.54,-44.56,26.57,-48.2037,53.4,NO_PROGRESSED_BEFORE_CUTOFF,-26.03,0.54,-44.56,26.57,-48.2037,53.4,LOSS_GUARD_CLOSE_LE_NEG_15,-14.2,0.54,-16.16,14.74,-26.2963,6.6,LOSS_GUARD_CLOSE_LE_NEG_15,-14.2,0.54,-16.16,14.74,-26.2963,6.6,LOSS_GUARD_CLOSE_LE_NEG_15,-14.2,0.54,-16.16,14.74,-26.2963,6.6,-8.32,-15.28,-21.23,-24.54
226950,올릭스,KOSDAQ,2024-10-11,2024-10-14,26200.0,TRANSITION,TRIGGER,PERMITTED_REGIME,ELEVATED,78.25,PARTIAL,NORMAL_EARLY_TREND_HANDOFF,2025-02-28,2025-03-31,2025-03-31,True,True,2024-11-01,2024-11-04,21900.0,NO_EXIT_BEFORE_CUTOFF,327.48,728.24,-48.93,400.76,0.4497,89.8,NO_EXIT_BEFORE_CUTOFF,327.48,728.24,-48.93,400.76,0.4497,89.8,NO_EXIT_BEFORE_CUTOFF,327.48,728.24,-48.93,400.76,0.4497,89.8,LOSS_GUARD_CLOSE_LE_NEG_15,-16.41,25.0,-16.41,41.41,-0.6564,3.2,LOSS_GUARD_CLOSE_LE_NEG_15,-16.41,25.0,-16.41,41.41,-0.6564,3.2,LOSS_GUARD_CLOSE_LE_NEG_15,-16.41,25.0,-16.41,41.41,-0.6564,3.2,-20.8,-5.73,-41.79,97.33
228760,지노믹트리,KOSDAQ,2025-11-07,2025-11-10,23000.0,TRANSITION,TRIGGER,PERMITTED_REGIME,ELEVATED,70.24,READY,NORMAL_EARLY_TREND_HANDOFF,2025-11-30,2026-02-28,2026-02-27,True,False,,,,EXIT3_PROGRESSED_TO_BASE,-23.74,44.78,-26.09,68.52,-0.5301,19.2,EXIT3_PROGRESSED_TO_BASE,-23.74,44.78,-26.09,68.52,-0.5301,19.2,EXIT3_PROGRESSED_TO_BASE,-23.74,44.78,-26.09,68.52,-0.5301,19.2,EXIT3_PROGRESSED_TO_BASE,-23.74,44.78,-26.09,68.52,-0.5301,19.2,EXIT3_PROGRESSED_TO_BASE,-23.74,44.78,-26.09,68.52,-0.5301,19.2,EXIT3_PROGRESSED_TO_BASE,-23.74,44.78,-26.09,68.52,-0.5301,19.2,20.43,37.39,6.09,-40.87
232140,와이씨,KOSDAQ,2025-09-19,2025-09-22,14100.0,TRANSITION,TRIGGER,PERMITTED_REGIME,ELEVATED,70.49,READY,NORMAL_EARLY_TREND_HANDOFF,2026-01-31,2026-05-31,2026-05-29,True,False,,,,EXIT3_PROGRESSED_TO_WEAK,-39.36,71.28,-51.63,110.64,-0.5522,41.8,EXIT4_SCORE_DRAWDOWN_GE_15,-5.74,71.28,-14.33,77.02,-0.0805,37.4,EXIT4_SCORE_DRAWDOWN_GE_15,-5.74,71.28,-14.33,77.02,-0.0805,37.4,EXIT3_PROGRESSED_TO_WEAK,-39.36,71.28,-51.63,110.64,-0.5522,41.8,EXIT4_SCORE_DRAWDOWN_GE_15,-5.74,71.28,-14.33,77.02,-0.0805,37.4,EXIT4_SCORE_DRAWDOWN_GE_15,-5.74,71.28,-14.33,77.02,-0.0805,37.4,0.14,-14.04,-2.2,22.34
232680,라온로보틱스,KOSDAQ,2025-02-07,2025-02-10,9820.0,TRANSITION,TRIGGER,PERMITTED_REGIME,ELEVATED,72.07,PARTIAL,NORMAL_EARLY_TREND_HANDOFF,2025-12-31,2026-02-28,2026-02-27,True,True,2025-03-31,2025-04-01,7900.0,EXIT3_PROGRESSED_TO_WEAK,-13.14,143.89,-32.69,157.03,-0.0913,72.4,EXIT4_SCORE_DRAWDOWN_GE_15,43.08,143.89,-32.69,100.81,0.2994,55.8,EXIT4_SCORE_DRAWDOWN_GE_15,43.08,143.89,-32.69,100.81,0.2994,55.8,LOSS_GUARD_CLOSE_LE_NEG_15,-19.55,19.76,-19.65,39.31,-0.9894,7.2,LOSS_GUARD_CLOSE_LE_NEG_15,-19.55,19.76,-19.65,39.31,-0.9894,7.2,LOSS_GUARD_CLOSE_LE_NEG_15,-19.55,19.76,-19.65,39.31,-0.9894,7.2,-6.42,-26.68,-15.78,-30.14
234080,JW생명과학,KOSPI,2025-05-09,2025-05-12,11950.0,TRANSITION,TRIGGER,PERMITTED_REGIME,NORMAL,75.13,PARTIAL,NEVER_PROGRESSED,2025-11-30,,,False,False,,,,NO_PROGRESSED_DIRECT_HANDOFF,-3.18,30.38,-11.72,33.56,-0.1047,62.0,NO_PROGRESSED_DIRECT_HANDOFF,-3.18,30.38,-11.72,33.56,-0.1047,62.0,NO_PROGRESSED_BEFORE_CUTOFF,-3.18,30.38,-11.72,33.56,-0.1047,62.0,NO_PROGRESSED_DIRECT_HANDOFF,-3.18,30.38,-11.72,33.56,-0.1047,62.0,NO_PROGRESSED_DIRECT_HANDOFF,-3.18,30.38,-11.72,33.56,-0.1047,62.0,NO_PROGRESSED_BEFORE_CUTOFF,-3.18,30.38,-11.72,33.56,-0.1047,62.0,3.93,3.68,2.09,25.19
234690,녹십자웰빙,KOSDAQ,2024-09-20,2024-09-23,13250.0,TRANSITION,TRIGGER,PERMITTED_REGIME,ELEVATED,70.56,PARTIAL,NORMAL_EARLY_TREND_HANDOFF,2024-09-30,2024-10-31,2024-10-31,True,True,2024-10-04,2024-10-07,11280.0,EXIT3_PROGRESSED_TO_TRANSITION,-35.25,0.38,-37.51,35.63,-92.7632,21.2,EXIT4_SCORE_DRAWDOWN_GE_15,-35.17,0.38,-37.51,35.55,-92.5526,17.2,EXIT4_SCORE_DRAWDOWN_GE_15,-35.17,0.38,-37.51,35.55,-92.5526,17.2,LOSS_GUARD_CLOSE_LE_NEG_15,-14.87,0.38,-16.53,15.25,-39.1316,1.8,LOSS_GUARD_CLOSE_LE_NEG_15,-14.87,0.38,-16.53,15.25,-39.1316,1.8,LOSS_GUARD_CLOSE_LE_NEG_15,-14.87,0.38,-16.53,15.25,-39.1316,1.8,-12.6,-32.45,-21.13,-42.19
236200,슈프리마,KOSDAQ,2024-08-23,2024-08-26,28900.0,TRANSITION,TRIGGER,PERMITTED_REGIME,NORMAL,77.32,PARTIAL,NORMAL_EARLY_TREND_HANDOFF,2025-02-28,2026-01-31,2026-01-30,True,True,2024-10-02,2024-10-04,25000.0,NO_EXIT_BEFORE_CUTOFF,109.34,124.91,-23.88,15.57,0.8754,95.6,EXIT4_SCORE_DRAWDOWN_GE_15,63.32,79.58,-23.88,16.26,0.7957,73.0,EXIT4_SCORE_DRAWDOWN_GE_15,63.32,79.58,-23.88,16.26,0.7957,73.0,LOSS_GUARD_CLOSE_LE_NEG_15,-13.49,2.77,-15.92,16.26,-4.87,5.0,LOSS_GUARD_CLOSE_LE_NEG_15,-13.49,2.77,-15.92,16.26,-4.87,5.0,LOSS_GUARD_CLOSE_LE_NEG_15,-13.49,2.77,-15.92,16.26,-4.87,5.0,-12.63,-10.9,-19.9,-2.42
237690,에스티팜,KOSDAQ,2024-10-11,2024-10-14,110100.0,TRANSITION,TRIGGER,PERMITTED_REGIME,NORMAL,74.82,PARTIAL,NORMAL_EARLY_TREND_HANDOFF,2025-11-30,2026-03-31,2026-03-31,True,True,2024-10-28,2024-10-29,94200.0,NO_EXIT_BEFORE_CUTOFF,-3.36,56.31,-39.51,59.67,-0.0597,89.8,NO_EXIT_BEFORE_CUTOFF,-3.36,56.31,-39.51,59.67,-0.0597,89.8,NO_EXIT_BEFORE_CUTOFF,-3.36,56.31,-39.51,59.67,-0.0597,89.8,LOSS_GUARD_CLOSE_LE_NEG_15,-14.44,3.09,-15.62,17.53,-4.6731,2.4,LOSS_GUARD_CLOSE_LE_NEG_15,-14.44,3.09,-15.62,17.53,-4.6731,2.4,LOSS_GUARD_CLOSE_LE_NEG_15,-14.44,3.09,-15.62,17.53,-4.6731,2.4,-13.81,-23.98,-19.35,-30.34
240810,원익IPS,KOSDAQ,2025-08-22,2025-08-25,41300.0,TRANSITION,TRIGGER,PERMITTED_REGIME,NORMAL,80.99,READY,NORMAL_EARLY_TREND_HANDOFF,2025-09-30,2025-12-31,2025-12-30,True,False,,,,NO_EXIT_BEFORE_CUTOFF,182.32,354.72,-10.05,172.4,0.514,47.6,EXIT4_SCORE_DRAWDOWN_GE_15,160.29,192.49,-10.05,32.2,0.8327,21.6,EXIT4_SCORE_DRAWDOWN_GE_15,160.29,192.49,-10.05,32.2,0.8327,21.6,NO_EXIT_BEFORE_CUTOFF,182.32,354.72,-10.05,172.4,0.514,47.6,EXIT4_SCORE_DRAWDOWN_GE_15,160.29,192.49,-10.05,32.2,0.8327,21.6,EXIT4_SCORE_DRAWDOWN_GE_15,160.29,192.49,-10.05,32.2,0.8327,21.6,10.41,48.91,37.29,204.84
241560,두산밥캣,KOSPI,2025-01-24,2025-01-31,51300.0,TRANSITION,TRIGGER,PERMITTED_REGIME,NORMAL,77.32,PARTIAL,NORMAL_EARLY_TREND_HANDOFF,2026-02-28,2026-05-31,2026-05-29,True,True,2025-04-07,2025-04-08,43500.0,NO_EXIT_BEFORE_CUTOFF,28.85,55.36,-20.47,26.51,0.5211,75.4,NO_EXIT_BEFORE_CUTOFF,28.85,55.36,-20.47,26.51,0.5211,75.4,NO_EXIT_BEFORE_CUTOFF,28.85,55.36,-20.47,26.51,0.5211,75.4,LOSS_GUARD_CLOSE_LE_NEG_15,-15.2,2.73,-19.2,17.93,-5.5678,9.4,LOSS_GUARD_CLOSE_LE_NEG_15,-15.2,2.73,-19.2,17.93,-5.5678,9.4,LOSS_GUARD_CLOSE_LE_NEG_15,-15.2,2.73,-19.2,17.93,-5.5678,9.4,-6.73,-0.39,-9.65,10.72
241710,코스메카코리아,KOSDAQ,2025-11-07,2025-11-10,75700.0,TRANSITION,TRIGGER,PERMITTED_REGIME,ELEVATED,70.29,READY,NEVER_PROGRESSED,2025-11-30,,,False,True,2026-06-25,2026-06-26,63600.0,NO_PROGRESSED_DIRECT_HANDOFF,68.03,82.17,-16.91,14.14,0.8279,37.6,NO_PROGRESSED_DIRECT_HANDOFF,68.03,82.17,-16.91,14.14,0.8279,37.6,NO_PROGRESSED_BEFORE_CUTOFF,68.03,82.17,-16.91,14.14,0.8279,37.6,LOSS_GUARD_CLOSE_LE_NEG_15,-15.98,40.55,-16.91,56.53,-0.3941,30.8,LOSS_GUARD_CLOSE_LE_NEG_15,-15.98,40.55,-16.91,56.53,-0.3941,30.8,LOSS_GUARD_CLOSE_LE_NEG_15,-15.98,40.55,-16.91,56.53,-0.3941,30.8,-10.3,-12.68,29.59,-3.83
241770,메카로,KOSDAQ,2025-02-28,2025-03-04,9870.0,TRANSITION,TRIGGER,PERMITTED_REGIME,NORMAL,77.82,PARTIAL,NORMAL_EARLY_TREND_HANDOFF,2025-09-30,2025-10-31,2025-10-31,True,False,,,,NO_EXIT_BEFORE_CUTOFF,310.33,386.32,-3.65,75.99,0.8033,71.2,NO_EXIT_BEFORE_CUTOFF,310.33,386.32,-3.65,75.99,0.8033,71.2,NO_EXIT_BEFORE_CUTOFF,310.33,386.32,-3.65,75.99,0.8033,71.2,NO_EXIT_BEFORE_CUTOFF,310.33,386.32,-3.65,75.99,0.8033,71.2,NO_EXIT_BEFORE_CUTOFF,310.33,386.32,-3.65,75.99,0.8033,71.2,NO_EXIT_BEFORE_CUTOFF,310.33,386.32,-3.65,75.99,0.8033,71.2,4.26,30.7,17.73,29.08
244920,에이플러스에셋,KOSPI,2024-11-22,2024-11-25,4545.0,TRANSITION,TRIGGER,PERMITTED_REGIME,NORMAL,77.82,PARTIAL,NORMAL_EARLY_TREND_HANDOFF,2025-05-31,2025-09-30,2025-09-30,True,False,,,,NO_EXIT_BEFORE_CUTOFF,188.23,229.81,-14.85,41.58,0.8191,83.8,EXIT4_SCORE_DRAWDOWN_GE_15,79.98,102.2,-14.85,22.22,0.7826,49.4,EXIT4_SCORE_DRAWDOWN_GE_15,79.98,102.2,-14.85,22.22,0.7826,49.4,NO_EXIT_BEFORE_CUTOFF,188.23,229.81,-14.85,41.58,0.8191,83.8,EXIT4_SCORE_DRAWDOWN_GE_15,79.98,102.2,-14.85,22.22,0.7826,49.4,EXIT4_SCORE_DRAWDOWN_GE_15,79.98,102.2,-14.85,22.22,0.7826,49.4,-1.21,-8.47,-10.56,36.19
249420,일동제약,KOSPI,2025-08-22,2025-08-25,23850.0,TRANSITION,TRIGGER,PERMITTED_REGIME,NORMAL,78.49,READY,SKIPPED_EARLY_TREND_HANDOFF,,2025-10-31,2025-10-31,False,False,,,,NO_PROGRESSED_DIRECT_HANDOFF,-36.27,88.89,-52.83,125.16,-0.408,47.6,NO_PROGRESSED_DIRECT_HANDOFF,-36.27,88.89,-52.83,125.16,-0.408,47.6,EXIT4_SCORE_DRAWDOWN_GE_15,61.43,88.89,-14.05,27.46,0.6911,17.4,NO_PROGRESSED_DIRECT_HANDOFF,-36.27,88.89,-52.83,125.16,-0.408,47.6,NO_PROGRESSED_DIRECT_HANDOFF,-36.27,88.89,-52.83,125.16,-0.408,47.6,EXIT4_SCORE_DRAWDOWN_GE_15,61.43,88.89,-14.05,27.46,0.6911,17.4,26.0,-8.6,28.51,31.45
251270,넷마블,KOSPI,2025-09-19,2025-09-22,68000.0,TRANSITION,TRIGGER,PERMITTED_REGIME,NORMAL,75.74,READY,NEVER_PROGRESSED,,,,False,True,2025-10-13,2025-10-14,56900.0,NO_PROGRESSED_DIRECT_HANDOFF,-42.5,1.47,-49.71,43.97,-28.9116,43.6,NO_PROGRESSED_DIRECT_HANDOFF,-42.5,1.47,-49.71,43.97,-28.9116,43.6,NO_PROGRESSED_BEFORE_CUTOFF,-42.5,1.47,-49.71,43.97,-28.9116,43.6,LOSS_GUARD_CLOSE_LE_NEG_15,-16.32,1.47,-17.35,17.79,-11.102,2.4,LOSS_GUARD_CLOSE_LE_NEG_15,-16.32,1.47,-17.35,17.79,-11.102,2.4,LOSS_GUARD_CLOSE_LE_NEG_15,-16.32,1.47,-17.35,17.79,-11.102,2.4,-19.71,-23.68,-27.72,-28.38
251370,와이엠티,KOSDAQ,2025-09-19,2025-09-22,17940.0,TRANSITION,TRIGGER,PERMITTED_REGIME,NORMAL,71.86,READY,NORMAL_EARLY_TREND_HANDOFF,2025-09-30,2026-05-31,2026-05-29,True,True,2025-10-13,2025-10-14,15280.0,EXIT3_PROGRESSED_TO_WEAK,-58.7,30.99,-65.44,89.69,-1.8942,41.8,EXIT3_PROGRESSED_TO_WEAK,-58.7,30.99,-65.44,89.69,-1.8942,41.8,EXIT3_PROGRESSED_TO_WEAK,-58.7,30.99,-65.44,89.69,-1.8942,41.8,LOSS_GUARD_CLOSE_LE_NEG_15,-14.83,5.35,-17.5,20.18,-2.772,2.4,LOSS_GUARD_CLOSE_LE_NEG_15,-14.83,5.35,-17.5,20.18,-2.772,2.4,LOSS_GUARD_CLOSE_LE_NEG_15,-14.83,5.35,-17.5,20.18,-2.772,2.4,-26.81,-38.8,-38.52,-20.18
252990,샘씨엔에스,KOSDAQ,2025-10-10,2025-10-13,7170.0,TRANSITION,TRIGGER,PERMITTED_REGIME,ELEVATED,75.74,READY,NORMAL_EARLY_TREND_HANDOFF,2025-10-31,2026-03-31,2026-03-31,True,False,,,,NO_EXIT_BEFORE_CUTOFF,122.45,136.54,-14.37,14.09,0.8968,41.6,EXIT4_SCORE_DRAWDOWN_GE_15,102.23,108.09,-14.37,5.86,0.9458,27.6,EXIT4_SCORE_DRAWDOWN_GE_15,102.23,108.09,-14.37,5.86,0.9458,27.6,NO_EXIT_BEFORE_CUTOFF,122.45,136.54,-14.37,14.09,0.8968,41.6,EXIT4_SCORE_DRAWDOWN_GE_15,102.23,108.09,-14.37,5.86,0.9458,27.6,EXIT4_SCORE_DRAWDOWN_GE_15,102.23,108.09,-14.37,5.86,0.9458,27.6,0.42,1.12,-7.81,84.66
253590,네오셈,KOSDAQ,2025-10-31,2025-11-03,12340.0,EARLY_TREND,TRIGGER,PERMITTED_REGIME,NORMAL,80.99,READY,NORMAL_EARLY_TREND_HANDOFF,2025-10-31,2026-05-31,2026-05-29,True,True,2025-11-19,2025-11-20,10550.0,EXIT3_PROGRESSED_TO_BASE,-35.09,73.42,-45.71,108.51,-0.4779,36.8,EXIT3_PROGRESSED_TO_BASE,-35.09,73.42,-45.71,108.51,-0.4779,36.8,EXIT3_PROGRESSED_TO_BASE,-35.09,73.42,-45.71,108.51,-0.4779,36.8,LOSS_GUARD_CLOSE_LE_NEG_15,-14.51,4.62,-18.15,19.13,-3.1407,2.8,LOSS_GUARD_CLOSE_LE_NEG_15,-14.51,4.62,-18.15,19.13,-3.1407,2.8,LOSS_GUARD_CLOSE_LE_NEG_15,-14.51,4.62,-18.15,19.13,-3.1407,2.8,-16.86,-18.88,33.63,31.2
254490,미래반도체,KOSDAQ,2026-02-27,2026-03-03,19850.0,TRANSITION,TRIGGER,PERMITTED_REGIME,ELEVATED,70.56,PARTIAL,PROGRESSED_WITHOUT_DIRECT_HANDOFF,,2026-05-31,2026-05-29,False,True,2026-03-04,2026-03-05,17480.0,NO_PROGRESSED_DIRECT_HANDOFF,-14.06,141.06,-47.0,155.12,-0.0997,22.8,NO_PROGRESSED_DIRECT_HANDOFF,-14.06,141.06,-47.0,155.12,-0.0997,22.8,NO_EXIT_BEFORE_CUTOFF,-14.06,141.06,-47.0,155.12,-0.0997,22.8,LOSS_GUARD_CLOSE_LE_NEG_15,-11.94,6.8,-18.34,18.74,-1.7559,0.6,LOSS_GUARD_CLOSE_LE_NEG_15,-11.94,6.8,-18.34,18.74,-1.7559,0.6,LOSS_GUARD_CLOSE_LE_NEG_15,-11.94,6.8,-18.34,18.74,-1.7559,0.6,-15.77,12.59,41.31,
256940,킵스파마,KOSDAQ,2025-04-04,2025-04-07,9990.0,TRANSITION,TRIGGER,PERMITTED_REGIME,NORMAL,77.82,PARTIAL,NORMAL_EARLY_TREND_HANDOFF,2025-04-30,2025-06-30,2025-06-30,True,False,,,,EXIT3_PROGRESSED_TO_WEAK,-22.82,121.72,-33.93,144.54,-0.1875,48.0,EXIT4_SCORE_DRAWDOWN_GE_15,37.14,121.72,-14.91,84.58,0.3051,16.0,EXIT4_SCORE_DRAWDOWN_GE_15,37.14,121.72,-14.91,84.58,0.3051,16.0,EXIT3_PROGRESSED_TO_WEAK,-22.82,121.72,-33.93,144.54,-0.1875,48.0,EXIT4_SCORE_DRAWDOWN_GE_15,37.14,121.72,-14.91,84.58,0.3051,16.0,EXIT4_SCORE_DRAWDOWN_GE_15,37.14,121.72,-14.91,84.58,0.3051,16.0,-1.7,71.37,87.79,-1.2
259630,엠플러스,KOSDAQ,2025-10-17,2025-10-20,15350.0,TRANSITION,TRIGGER,PERMITTED_REGIME,ELEVATED,77.17,READY,NORMAL_EARLY_TREND_HANDOFF,2025-10-31,2025-12-31,2025-12-30,True,True,2025-12-18,2025-12-19,12760.0,EXIT3_PROGRESSED_TO_WEAK,-43.06,30.94,-54.46,74.0,-1.3917,38.8,EXIT4_SCORE_DRAWDOWN_GE_15,-16.29,23.78,-31.53,40.07,-0.685,18.0,EXIT4_SCORE_DRAWDOWN_GE_15,-16.29,23.78,-31.53,40.07,-0.685,18.0,LOSS_GUARD_CLOSE_LE_NEG_15,-16.87,23.78,-18.57,40.65,-0.7094,9.0,LOSS_GUARD_CLOSE_LE_NEG_15,-16.87,23.78,-18.57,40.65,-0.7094,9.0,LOSS_GUARD_CLOSE_LE_NEG_15,-16.87,23.78,-18.57,40.65,-0.7094,9.0,-2.08,-9.77,-27.04,16.03
263750,펄어비스,KOSDAQ,2024-08-16,2024-08-19,44150.0,TRANSITION,TRIGGER,PERMITTED_REGIME,NORMAL,71.32,PARTIAL,NORMAL_EARLY_TREND_HANDOFF,2026-01-31,2026-05-31,2026-05-29,True,True,2024-08-26,2024-08-27,36950.0,EXIT3_PROGRESSED_TO_WEAK,-17.78,75.31,-39.41,93.09,-0.2361,90.4,EXIT3_PROGRESSED_TO_WEAK,-17.78,75.31,-39.41,93.09,-0.2361,90.4,EXIT3_PROGRESSED_TO_WEAK,-17.78,75.31,-39.41,93.09,-0.2361,90.4,LOSS_GUARD_CLOSE_LE_NEG_15,-16.31,3.4,-16.31,19.71,-4.7971,1.4,LOSS_GUARD_CLOSE_LE_NEG_15,-16.31,3.4,-16.31,19.71,-4.7971,1.4,LOSS_GUARD_CLOSE_LE_NEG_15,-16.31,3.4,-16.31,19.71,-4.7971,1.4,-16.99,-14.84,-13.7,-27.63
264450,유비쿼스,KOSDAQ,2025-09-12,2025-09-15,9270.0,TRANSITION,TRIGGER,PERMITTED_REGIME,NORMAL,74.05,READY,NORMAL_EARLY_TREND_HANDOFF,2026-02-28,2026-05-31,2026-05-29,True,False,,,,NO_EXIT_BEFORE_CUTOFF,21.9,104.96,-7.23,83.06,0.2087,44.6,EXIT4_SCORE_DRAWDOWN_GE_15,7.98,104.96,-7.23,96.98,0.076,38.4,EXIT4_SCORE_DRAWDOWN_GE_15,7.98,104.96,-7.23,96.98,0.076,38.4,NO_EXIT_BEFORE_CUTOFF,21.9,104.96,-7.23,83.06,0.2087,44.6,EXIT4_SCORE_DRAWDOWN_GE_15,7.98,104.96,-7.23,96.98,0.076,38.4,EXIT4_SCORE_DRAWDOWN_GE_15,7.98,104.96,-7.23,96.98,0.076,38.4,-1.19,2.48,6.8,55.23
264660,씨앤지하이테크,KOSDAQ,2025-10-10,2025-10-13,16810.0,EARLY_TREND,TRIGGER,PERMITTED_REGIME,ELEVATED,72.74,READY,NORMAL_EARLY_TREND_HANDOFF,2025-10-10,2026-05-31,2026-05-29,True,True,2025-11-21,2025-11-24,14360.0,EXIT3_PROGRESSED_TO_TRANSITION,-28.26,55.26,-41.4,83.52,-0.5114,39.8,EXIT3_PROGRESSED_TO_TRANSITION,-28.26,55.26,-41.4,83.52,-0.5114,39.8,EXIT3_PROGRESSED_TO_TRANSITION,-28.26,55.26,-41.4,83.52,-0.5114,39.8,LOSS_GUARD_CLOSE_LE_NEG_15,-14.57,8.86,-15.65,23.43,-1.6445,6.2,LOSS_GUARD_CLOSE_LE_NEG_15,-14.57,8.86,-15.65,23.43,-1.6445,6.2,LOSS_GUARD_CLOSE_LE_NEG_15,-14.57,8.86,-15.65,23.43,-1.6445,6.2,0.36,-7.38,1.78,20.76
264850,이랜시스,KOSDAQ,2025-12-12,2025-12-15,6500.0,TRANSITION,TRIGGER,PERMITTED_REGIME,ELEVATED,76.67,READY,NEVER_PROGRESSED,2025-12-31,,,False,True,2026-03-31,2026-04-01,5730.0,NO_PROGRESSED_DIRECT_HANDOFF,4.31,46.62,-45.77,42.31,0.0924,32.6,NO_PROGRESSED_DIRECT_HANDOFF,4.31,46.62,-45.77,42.31,0.0924,32.6,NO_PROGRESSED_BEFORE_CUTOFF,4.31,46.62,-45.77,42.31,0.0924,32.6,LOSS_GUARD_CLOSE_LE_NEG_15,-11.85,45.38,-15.23,57.23,-0.2611,14.2,LOSS_GUARD_CLOSE_LE_NEG_15,-11.85,45.38,-15.23,57.23,-0.2611,14.2,LOSS_GUARD_CLOSE_LE_NEG_15,-11.85,45.38,-15.23,57.23,-0.2611,14.2,1.54,19.23,2.0,-29.77
265740,엔에프씨,KOSDAQ,2025-07-11,2025-07-14,5840.0,TRANSITION,TRIGGER,PERMITTED_REGIME,ELEVATED,79.67,READY,NORMAL_EARLY_TREND_HANDOFF,2025-07-31,2025-10-31,2025-10-31,True,True,2025-07-25,2025-07-28,4900.0,NO_EXIT_BEFORE_CUTOFF,5.82,68.66,-31.16,62.84,0.0848,53.4,EXIT4_SCORE_DRAWDOWN_GE_15,-27.83,36.99,-28.94,64.82,-0.7524,23.2,EXIT4_SCORE_DRAWDOWN_GE_15,-27.83,36.99,-28.94,64.82,-0.7524,23.2,LOSS_GUARD_CLOSE_LE_NEG_15,-16.1,5.74,-16.18,21.84,-2.8049,2.2,LOSS_GUARD_CLOSE_LE_NEG_15,-16.1,5.74,-16.18,21.84,-2.8049,2.2,LOSS_GUARD_CLOSE_LE_NEG_15,-16.1,5.74,-16.18,21.84,-2.8049,2.2,-6.16,19.18,6.34,-16.01
267250,HD현대,KOSPI,2024-10-04,2024-10-07,77200.0,TRANSITION,TRIGGER,PERMITTED_REGIME,NORMAL,77.82,PARTIAL,NORMAL_EARLY_TREND_HANDOFF,2025-05-31,2025-07-31,2025-07-31,True,False,,,,NO_EXIT_BEFORE_CUTOFF,205.05,331.35,-14.12,126.3,0.6188,90.6,EXIT4_SCORE_DRAWDOWN_GE_15,101.3,113.34,-14.12,12.04,0.8938,48.6,EXIT4_SCORE_DRAWDOWN_GE_15,101.3,113.34,-14.12,12.04,0.8938,48.6,NO_EXIT_BEFORE_CUTOFF,205.05,331.35,-14.12,126.3,0.6188,90.6,EXIT4_SCORE_DRAWDOWN_GE_15,101.3,113.34,-14.12,12.04,0.8938,48.6,EXIT4_SCORE_DRAWDOWN_GE_15,101.3,113.34,-14.12,12.04,0.8938,48.6,-6.48,-0.26,10.88,-7.9
267270,HD건설기계,KOSPI,2025-01-24,2025-01-31,70700.0,TRANSITION,TRIGGER,PERMITTED_REGIME,NORMAL,77.32,PARTIAL,NORMAL_EARLY_TREND_HANDOFF,2025-02-28,2025-09-30,2025-09-30,True,True,2025-04-07,2025-04-08,57100.0,NO_EXIT_BEFORE_CUTOFF,96.04,207.64,-20.93,111.6,0.4625,75.4,EXIT4_SCORE_DRAWDOWN_GE_15,48.66,86.42,-20.93,37.76,0.5631,49.4,EXIT4_SCORE_DRAWDOWN_GE_15,48.66,86.42,-20.93,37.76,0.5631,49.4,LOSS_GUARD_CLOSE_LE_NEG_15,-19.24,29.42,-20.65,48.66,-0.654,9.4,LOSS_GUARD_CLOSE_LE_NEG_15,-19.24,29.42,-20.65,48.66,-0.654,9.4,LOSS_GUARD_CLOSE_LE_NEG_15,-19.24,29.42,-20.65,48.66,-0.654,9.4,5.52,-5.09,-5.8,47.67
267290,경동도시가스,KOSPI,2025-06-13,2025-06-16,20300.0,TRANSITION,TRIGGER,PERMITTED_REGIME,NORMAL,71.8,READY,NEVER_PROGRESSED,,,,False,False,,,,NO_PROGRESSED_DIRECT_HANDOFF,6.65,19.7,-9.51,13.05,0.3376,57.4,NO_PROGRESSED_DIRECT_HANDOFF,6.65,19.7,-9.51,13.05,0.3376,57.4,NO_PROGRESSED_BEFORE_CUTOFF,6.65,19.7,-9.51,13.05,0.3376,57.4,NO_PROGRESSED_DIRECT_HANDOFF,6.65,19.7,-9.51,13.05,0.3376,57.4,NO_PROGRESSED_DIRECT_HANDOFF,6.65,19.7,-9.51,13.05,0.3376,57.4,NO_PROGRESSED_BEFORE_CUTOFF,6.65,19.7,-9.51,13.05,0.3376,57.4,11.08,1.72,-1.23,6.9
267320,나인테크,KOSDAQ,2025-06-13,2025-06-16,4075.0,TRANSITION,TRIGGER,PERMITTED_REGIME,ELEVATED,74.17,READY,NORMAL_EARLY_TREND_HANDOFF,2025-06-30,2025-07-31,2025-07-31,True,True,2025-07-28,2025-07-29,3520.0,EXIT3_PROGRESSED_TO_BASE,-17.67,30.06,-23.44,47.73,-0.5878,11.0,EXIT3_PROGRESSED_TO_BASE,-17.67,30.06,-23.44,47.73,-0.5878,11.0,EXIT3_PROGRESSED_TO_BASE,-17.67,30.06,-23.44,47.73,-0.5878,11.0,LOSS_GUARD_CLOSE_LE_NEG_15,-13.62,30.06,-17.3,43.68,-0.4531,6.4,LOSS_GUARD_CLOSE_LE_NEG_15,-13.62,30.06,-17.3,43.68,-0.4531,6.4,LOSS_GUARD_CLOSE_LE_NEG_15,-13.62,30.06,-17.3,43.68,-0.4531,6.4,9.94,-18.65,-16.2,-24.66
268280,미원에스씨,KOSPI,2025-04-04,2025-04-07,151400.0,TRANSITION,TRIGGER,PERMITTED_REGIME,NORMAL,78.63,PARTIAL,NEVER_PROGRESSED,,,,False,True,2026-03-04,2026-03-05,126300.0,NO_PROGRESSED_DIRECT_HANDOFF,-12.48,12.29,-40.82,24.77,-1.0155,66.4,NO_PROGRESSED_DIRECT_HANDOFF,-12.48,12.29,-40.82,24.77,-1.0155,66.4,NO_PROGRESSED_BEFORE_CUTOFF,-12.48,12.29,-40.82,24.77,-1.0155,66.4,LOSS_GUARD_CLOSE_LE_NEG_15,-16.58,12.29,-23.71,28.87,-1.3491,44.2,LOSS_GUARD_CLOSE_LE_NEG_15,-16.58,12.29,-23.71,28.87,-1.3491,44.2,LOSS_GUARD_CLOSE_LE_NEG_15,-16.58,12.29,-23.71,28.87,-1.3491,44.2,8.72,6.34,-1.39,-8.59
271560,오리온,KOSPI,2020-07-03,2020-07-06,141500.0,TRANSITION,TRIGGER,PERMITTED_REGIME,NORMAL,80.07,PARTIAL,PROGRESSED_WITHOUT_DIRECT_HANDOFF,2020-08-31,2021-02-28,2021-02-26,False,True,2020-10-26,2020-10-27,117000.0,NO_PROGRESSED_DIRECT_HANDOFF,-5.3,16.25,-43.32,21.55,-0.3262,299.8,NO_PROGRESSED_DIRECT_HANDOFF,-5.3,16.25,-43.32,21.55,-0.3262,299.8,NO_EXIT_BEFORE_CUTOFF,-5.3,16.25,-43.32,21.55,-0.3262,299.8,LOSS_GUARD_CLOSE_LE_NEG_15,-17.31,16.25,-17.31,33.56,-1.0652,15.4,LOSS_GUARD_CLOSE_LE_NEG_15,-17.31,16.25,-17.31,33.56,-1.0652,15.4,LOSS_GUARD_CLOSE_LE_NEG_15,-17.31,16.25,-17.31,33.56,-1.0652,15.4,-5.3,-0.71,-6.01,-13.78
272110,케이엔제이,KOSDAQ,2025-04-18,2025-04-21,17050.0,TRANSITION,TRIGGER,PERMITTED_REGIME,ELEVATED,63.31,PARTIAL,PROGRESSED_WITHOUT_DIRECT_HANDOFF,2025-10-31,2026-02-28,2026-02-27,False,False,,,,NO_PROGRESSED_DIRECT_HANDOFF,54.25,161.58,-10.5,107.33,0.3357,64.4,NO_PROGRESSED_DIRECT_HANDOFF,54.25,161.58,-10.5,107.33,0.3357,64.4,EXIT4_SCORE_DRAWDOWN_GE_15,97.95,145.16,-10.5,47.21,0.6748,46.0,NO_PROGRESSED_DIRECT_HANDOFF,54.25,161.58,-10.5,107.33,0.3357,64.4,NO_PROGRESSED_DIRECT_HANDOFF,54.25,161.58,-10.5,107.33,0.3357,64.4,EXIT4_SCORE_DRAWDOWN_GE_15,97.95,145.16,-10.5,47.21,0.6748,46.0,0.47,4.52,5.87,56.89
272210,한화시스템,KOSPI,2023-06-30,2023-07-03,14800.0,TRANSITION,TRIGGER,PERMITTED_REGIME,NORMAL,80.07,PARTIAL,SKIPPED_EARLY_TREND_HANDOFF,,2024-09-30,2024-09-30,False,True,2023-09-19,2023-09-20,12550.0,NO_PROGRESSED_DIRECT_HANDOFF,442.57,1143.24,-22.09,700.67,0.3871,152.0,NO_PROGRESSED_DIRECT_HANDOFF,442.57,1143.24,-22.09,700.67,0.3871,152.0,EXIT4_SCORE_DRAWDOWN_GE_15,113.18,153.38,-22.09,40.2,0.7379,81.0,LOSS_GUARD_CLOSE_LE_NEG_15,-15.2,19.73,-15.74,34.93,-0.7704,11.4,LOSS_GUARD_CLOSE_LE_NEG_15,-15.2,19.73,-15.74,34.93,-0.7704,11.4,LOSS_GUARD_CLOSE_LE_NEG_15,-15.2,19.73,-15.74,34.93,-0.7704,11.4,-3.58,-9.32,-16.69,24.93
274090,켄코아에어로스페이스,KOSDAQ,2025-01-31,2025-02-03,14840.0,TRANSITION,TRIGGER,PERMITTED_REGIME,ELEVATED,70.06,PARTIAL,NORMAL_EARLY_TREND_HANDOFF,2025-12-31,2026-03-31,2026-03-31,True,True,2025-03-20,2025-03-21,12340.0,EXIT3_PROGRESSED_TO_WEAK,-17.79,166.85,-35.24,184.64,-0.1066,69.0,EXIT4_SCORE_DRAWDOWN_GE_15,71.83,166.85,-35.24,95.02,0.4305,64.8,EXIT4_SCORE_DRAWDOWN_GE_15,71.83,166.85,-35.24,95.02,0.4305,64.8,LOSS_GUARD_CLOSE_LE_NEG_15,-16.85,20.55,-16.85,37.4,-0.82,6.8,LOSS_GUARD_CLOSE_LE_NEG_15,-16.85,20.55,-16.85,37.4,-0.82,6.8,LOSS_GUARD_CLOSE_LE_NEG_15,-16.85,20.55,-16.85,37.4,-0.82,6.8,-11.05,-24.73,-17.32,-25.07
277810,레인보우로보틱스,KOSDAQ,2025-01-10,2025-01-13,228000.0,EARLY_TREND,TRIGGER,PERMITTED_REGIME,ELEVATED,79.0,PARTIAL,NORMAL_EARLY_TREND_HANDOFF,2025-01-10,2025-02-28,2025-02-28,True,False,,,,NO_EXIT_BEFORE_CUTOFF,119.74,329.39,-0.66,209.65,0.3635,77.4,EXIT4_SCORE_DRAWDOWN_GE_15,17.54,88.16,-0.66,70.62,0.199,14.8,EXIT4_SCORE_DRAWDOWN_GE_15,17.54,88.16,-0.66,70.62,0.199,14.8,NO_EXIT_BEFORE_CUTOFF,119.74,329.39,-0.66,209.65,0.3635,77.4,EXIT4_SCORE_DRAWDOWN_GE_15,17.54,88.16,-0.66,70.62,0.199,14.8,EXIT4_SCORE_DRAWDOWN_GE_15,17.54,88.16,-0.66,70.62,0.199,14.8,66.45,39.25,21.49,17.11
281820,케이씨텍,KOSPI,2025-10-17,2025-10-20,38350.0,TRANSITION,TRIGGER,PERMITTED_REGIME,ELEVATED,73.24,READY,NORMAL_EARLY_TREND_HANDOFF,2026-01-31,2026-05-31,2026-05-29,True,False,,,,NO_EXIT_BEFORE_CUTOFF,87.48,225.42,-8.47,137.94,0.3881,40.6,EXIT4_SCORE_DRAWDOWN_GE_15,197.26,203.52,-8.47,6.26,0.9692,34.4,EXIT4_SCORE_DRAWDOWN_GE_15,197.26,203.52,-8.47,6.26,0.9692,34.4,NO_EXIT_BEFORE_CUTOFF,87.48,225.42,-8.47,137.94,0.3881,40.6,EXIT4_SCORE_DRAWDOWN_GE_15,197.26,203.52,-8.47,6.26,0.9692,34.4,EXIT4_SCORE_DRAWDOWN_GE_15,197.26,203.52,-8.47,6.26,0.9692,34.4,6.39,-4.3,6.65,60.89
282330,BGF리테일,KOSPI,2026-02-13,2026-02-19,136200.0,TRANSITION,TRIGGER,PERMITTED_REGIME,ELEVATED,72.74,READY,NEVER_PROGRESSED,,,,False,True,2026-03-04,2026-03-05,116500.0,NO_PROGRESSED_DIRECT_HANDOFF,6.61,14.98,-21.29,8.37,0.4413,24.2,NO_PROGRESSED_DIRECT_HANDOFF,6.61,14.98,-21.29,8.37,0.4413,24.2,NO_PROGRESSED_BEFORE_CUTOFF,6.61,14.98,-21.29,8.37,0.4413,24.2,LOSS_GUARD_CLOSE_LE_NEG_15,-14.46,2.35,-19.16,16.81,-6.1532,2.0,LOSS_GUARD_CLOSE_LE_NEG_15,-14.46,2.35,-19.16,16.81,-6.1532,2.0,LOSS_GUARD_CLOSE_LE_NEG_15,-14.46,2.35,-19.16,16.81,-6.1532,2.0,-11.38,0.88,0.0,
285130,SK케미칼,KOSPI,2025-07-04,2025-07-07,73700.0,TRANSITION,TRIGGER,PERMITTED_REGIME,NORMAL,72.74,READY,NEVER_PROGRESSED,2025-11-30,,,False,True,2025-08-13,2025-08-14,62000.0,NO_PROGRESSED_DIRECT_HANDOFF,-32.16,10.99,-51.36,43.15,-2.9263,54.4,NO_PROGRESSED_DIRECT_HANDOFF,-32.16,10.99,-51.36,43.15,-2.9263,54.4,NO_PROGRESSED_BEFORE_CUTOFF,-32.16,10.99,-51.36,43.15,-2.9263,54.4,LOSS_GUARD_CLOSE_LE_NEG_15,-15.88,3.66,-16.69,19.54,-4.3388,5.8,LOSS_GUARD_CLOSE_LE_NEG_15,-15.88,3.66,-16.69,19.54,-4.3388,5.8,LOSS_GUARD_CLOSE_LE_NEG_15,-15.88,3.66,-16.69,19.54,-4.3388,5.8,-12.35,-21.17,-19.27,-4.61
289080,SV인베스트먼트,KOSDAQ,2026-01-30,2026-02-02,2640.0,TRANSITION,TRIGGER,PERMITTED_REGIME,NORMAL,77.99,READY,NORMAL_EARLY_TREND_HANDOFF,2026-02-28,2026-04-30,2026-04-30,True,False,,,,EXIT3_PROGRESSED_TO_WEAK,-33.56,90.53,-45.49,124.09,-0.3707,24.4,EXIT3_PROGRESSED_TO_WEAK,-33.56,90.53,-45.49,124.09,-0.3707,24.4,EXIT3_PROGRESSED_TO_WEAK,-33.56,90.53,-45.49,124.09,-0.3707,24.4,EXIT3_PROGRESSED_TO_WEAK,-33.56,90.53,-45.49,124.09,-0.3707,24.4,EXIT3_PROGRESSED_TO_WEAK,-33.56,90.53,-45.49,124.09,-0.3707,24.4,EXIT3_PROGRESSED_TO_WEAK,-33.56,90.53,-45.49,124.09,-0.3707,24.4,32.77,41.29,53.22,-15.91
290550,디케이티,KOSDAQ,2025-09-19,2025-09-22,8820.0,TRANSITION,TRIGGER,PERMITTED_REGIME,NORMAL,70.29,READY,NORMAL_EARLY_TREND_HANDOFF,2026-02-28,2026-05-31,2026-05-29,True,True,2025-11-17,2025-11-18,7210.0,NO_EXIT_BEFORE_CUTOFF,126.53,296.26,-24.49,169.73,0.4271,43.6,EXIT4_SCORE_DRAWDOWN_GE_15,157.37,296.26,-24.49,138.89,0.5312,37.4,EXIT4_SCORE_DRAWDOWN_GE_15,157.37,296.26,-24.49,138.89,0.5312,37.4,LOSS_GUARD_CLOSE_LE_NEG_15,-18.25,8.5,-20.07,26.75,-2.1471,7.4,LOSS_GUARD_CLOSE_LE_NEG_15,-18.25,8.5,-20.07,26.75,-2.1471,7.4,LOSS_GUARD_CLOSE_LE_NEG_15,-18.25,8.5,-20.07,26.75,-2.1471,7.4,-12.47,-22.56,-20.41,94.22
290650,엘앤씨바이오,KOSDAQ,2025-01-03,2025-01-06,26600.0,TRANSITION,TRIGGER,PERMITTED_REGIME,NORMAL,70.06,PARTIAL,NORMAL_EARLY_TREND_HANDOFF,2025-09-30,2025-02-28,2025-02-28,True,True,2025-02-03,2025-02-04,23350.0,NO_EXIT_BEFORE_CUTOFF,105.64,369.92,-30.49,264.28,0.2856,78.4,EXIT4_SCORE_DRAWDOWN_GE_15,127.07,155.26,-30.49,28.19,0.8184,44.0,EXIT4_SCORE_DRAWDOWN_GE_15,127.07,155.26,-30.49,28.19,0.8184,44.0,LOSS_GUARD_CLOSE_LE_NEG_15,-12.22,3.2,-17.67,15.42,-3.8188,3.6,LOSS_GUARD_CLOSE_LE_NEG_15,-12.22,3.2,-17.67,15.42,-3.8188,3.6,LOSS_GUARD_CLOSE_LE_NEG_15,-12.22,3.2,-17.67,15.42,-3.8188,3.6,-13.72,-13.16,-24.81,12.22
294870,IPARK현대산업개발,KOSPI,2026-02-20,2026-02-23,24300.0,TRANSITION,TRIGGER,PERMITTED_REGIME,NORMAL,77.99,READY,NEVER_PROGRESSED,2026-02-28,,,False,True,2026-03-04,2026-03-05,21600.0,NO_PROGRESSED_DIRECT_HANDOFF,-9.05,3.09,-30.45,12.14,-2.9288,23.8,NO_PROGRESSED_DIRECT_HANDOFF,-9.05,3.09,-30.45,12.14,-2.9288,23.8,NO_PROGRESSED_BEFORE_CUTOFF,-9.05,3.09,-30.45,12.14,-2.9288,23.8,LOSS_GUARD_CLOSE_LE_NEG_15,-11.11,2.06,-17.08,13.17,-5.3932,1.6,LOSS_GUARD_CLOSE_LE_NEG_15,-11.11,2.06,-17.08,13.17,-5.3932,1.6,LOSS_GUARD_CLOSE_LE_NEG_15,-11.11,2.06,-17.08,13.17,-5.3932,1.6,-7.0,-4.94,-15.84,
298020,효성티앤씨,KOSPI,2026-02-13,2026-02-19,409500.0,TRANSITION,TRIGGER,PERMITTED_REGIME,NORMAL,80.99,READY,NORMAL_EARLY_TREND_HANDOFF,2026-02-28,2026-05-31,2026-05-29,True,True,2026-03-04,2026-03-05,353500.0,EXIT3_PROGRESSED_TO_BASE,-22.34,36.02,-37.73,58.36,-0.6202,22.4,EXIT4_SCORE_DRAWDOWN_GE_15,-31.62,36.02,-37.73,67.64,-0.8778,18.0,EXIT4_SCORE_DRAWDOWN_GE_15,-31.62,36.02,-37.73,67.64,-0.8778,18.0,LOSS_GUARD_CLOSE_LE_NEG_15,-13.68,7.45,-22.22,21.13,-1.8362,2.0,LOSS_GUARD_CLOSE_LE_NEG_15,-13.68,7.45,-22.22,21.13,-1.8362,2.0,LOSS_GUARD_CLOSE_LE_NEG_15,-13.68,7.45,-22.22,21.13,-1.8362,2.0,-5.13,22.1,3.05,
298380,에이비엘바이오,KOSDAQ,2024-08-30,2024-09-02,33300.0,EARLY_TREND,TRIGGER,PERMITTED_REGIME,ELEVATED,72.07,PARTIAL,NORMAL_EARLY_TREND_HANDOFF,2024-08-30,2024-10-31,2024-10-31,True,True,2024-09-05,2024-09-06,27050.0,NO_EXIT_BEFORE_CUTOFF,152.55,673.27,-22.07,520.72,0.2266,94.6,EXIT4_SCORE_DRAWDOWN_GE_15,-17.42,30.03,-22.07,47.45,-0.5801,12.0,EXIT4_SCORE_DRAWDOWN_GE_15,-17.42,30.03,-22.07,47.45,-0.5801,12.0,LOSS_GUARD_CLOSE_LE_NEG_15,-18.77,4.5,-19.22,23.27,-4.1711,1.0,LOSS_GUARD_CLOSE_LE_NEG_15,-18.77,4.5,-19.22,23.27,-4.1711,1.0,LOSS_GUARD_CLOSE_LE_NEG_15,-18.77,4.5,-19.22,23.27,-4.1711,1.0,-2.4,16.07,-17.12,12.76
300720,한일시멘트,KOSPI,2024-12-20,2024-12-23,16400.0,TRANSITION,TRIGGER,PERMITTED_REGIME,NORMAL,79.57,PARTIAL,NORMAL_EARLY_TREND_HANDOFF,2025-05-31,2025-09-30,2025-09-30,True,False,,,,EXIT3_PROGRESSED_TO_TRANSITION,4.76,33.54,-12.62,28.78,0.1419,53.8,EXIT4_SCORE_DRAWDOWN_GE_15,7.56,33.54,-12.62,25.98,0.2254,41.4,EXIT4_SCORE_DRAWDOWN_GE_15,7.56,33.54,-12.62,25.98,0.2254,41.4,EXIT3_PROGRESSED_TO_TRANSITION,4.76,33.54,-12.62,28.78,0.1419,53.8,EXIT4_SCORE_DRAWDOWN_GE_15,7.56,33.54,-12.62,25.98,0.2254,41.4,EXIT4_SCORE_DRAWDOWN_GE_15,7.56,33.54,-12.62,25.98,0.2254,41.4,-5.18,-2.99,0.98,13.54
306200,세아제강,KOSPI,2025-01-31,2025-02-03,135500.0,TRANSITION,TRIGGER,PERMITTED_REGIME,NORMAL,80.07,PARTIAL,NEVER_PROGRESSED,2025-03-31,,,False,True,2026-01-07,2026-01-08,114100.0,NO_PROGRESSED_DIRECT_HANDOFF,-1.99,60.52,-17.34,62.51,-0.0329,75.2,NO_PROGRESSED_DIRECT_HANDOFF,-1.99,60.52,-17.34,62.51,-0.0329,75.2,NO_PROGRESSED_BEFORE_CUTOFF,-1.99,60.52,-17.34,62.51,-0.0329,75.2,LOSS_GUARD_CLOSE_LE_NEG_15,-15.79,60.52,-15.87,76.31,-0.2609,45.8,LOSS_GUARD_CLOSE_LE_NEG_15,-15.79,60.52,-15.87,76.31,-0.2609,45.8,LOSS_GUARD_CLOSE_LE_NEG_15,-15.79,60.52,-15.87,76.31,-0.2609,45.8,18.6,35.06,31.59,6.13
307950,현대오토에버,KOSPI,2025-08-29,2025-09-01,174300.0,TRANSITION,TRIGGER,PERMITTED_REGIME,NORMAL,76.8,READY,NORMAL_EARLY_TREND_HANDOFF,2025-11-30,2026-01-31,2026-01-30,True,False,,,,NO_EXIT_BEFORE_CUTOFF,180.84,511.59,-15.32,330.75,0.3535,46.6,EXIT4_SCORE_DRAWDOWN_GE_15,181.12,211.53,-15.32,30.41,0.8562,24.0,EXIT4_SCORE_DRAWDOWN_GE_15,181.12,211.53,-15.32,30.41,0.8562,24.0,NO_EXIT_BEFORE_CUTOFF,180.84,511.59,-15.32,330.75,0.3535,46.6,EXIT4_SCORE_DRAWDOWN_GE_15,181.12,211.53,-15.32,30.41,0.8562,24.0,EXIT4_SCORE_DRAWDOWN_GE_15,181.12,211.53,-15.32,30.41,0.8562,24.0,-12.97,16.75,15.89,142.4
310200,애니플러스,KOSDAQ,2025-05-02,2025-05-07,3800.0,TRANSITION,TRIGGER,PERMITTED_REGIME,NORMAL,77.32,PARTIAL,NORMAL_EARLY_TREND_HANDOFF,2025-07-31,2025-09-30,2025-09-30,True,False,,,,EXIT3_PROGRESSED_TO_WEAK,-20.53,69.21,-23.16,89.74,-0.2966,36.6,EXIT4_SCORE_DRAWDOWN_GE_15,-7.11,69.21,-14.61,76.32,-0.1027,28.2,EXIT4_SCORE_DRAWDOWN_GE_15,-7.11,69.21,-14.61,76.32,-0.1027,28.2,EXIT3_PROGRESSED_TO_WEAK,-20.53,69.21,-23.16,89.74,-0.2966,36.6,EXIT4_SCORE_DRAWDOWN_GE_15,-7.11,69.21,-14.61,76.32,-0.1027,28.2,EXIT4_SCORE_DRAWDOWN_GE_15,-7.11,69.21,-14.61,76.32,-0.1027,28.2,-2.63,24.74,46.05,-6.05
316140,우리금융지주,KOSPI,2023-01-27,2023-01-30,13460.0,TRANSITION,TRIGGER,PERMITTED_REGIME,NORMAL,76.85,READY,NORMAL_EARLY_TREND_HANDOFF,2023-01-31,2025-08-31,2025-08-29,True,True,2023-03-10,2023-03-13,11250.0,NO_EXIT_BEFORE_CUTOFF,150.37,208.32,-19.17,57.95,0.7218,173.0,EXIT4_SCORE_DRAWDOWN_GE_15,108.77,117.31,-19.17,8.54,0.9272,142.8,EXIT4_SCORE_DRAWDOWN_GE_15,108.77,117.31,-19.17,8.54,0.9272,142.8,LOSS_GUARD_CLOSE_LE_NEG_15,-16.42,0.37,-16.42,16.79,-44.3784,6.0,LOSS_GUARD_CLOSE_LE_NEG_15,-16.42,0.37,-16.42,16.79,-44.3784,6.0,LOSS_GUARD_CLOSE_LE_NEG_15,-16.42,0.37,-16.42,16.79,-44.3784,6.0,-8.54,-18.35,-13.3,-13.82
317400,자이에스앤디,KOSPI,2026-02-06,2026-02-09,4595.0,TRANSITION,TRIGGER,PERMITTED_REGIME,NORMAL,70.24,READY,NEVER_PROGRESSED,2026-07-31,,,False,True,2026-05-21,2026-05-22,3910.0,NO_PROGRESSED_DIRECT_HANDOFF,118.28,126.12,-30.14,7.84,0.9378,25.2,NO_PROGRESSED_DIRECT_HANDOFF,118.28,126.12,-30.14,7.84,0.9378,25.2,NO_PROGRESSED_BEFORE_CUTOFF,118.28,126.12,-30.14,7.84,0.9378,25.2,LOSS_GUARD_CLOSE_LE_NEG_15,-14.91,12.08,-16.21,26.99,-1.2343,13.8,LOSS_GUARD_CLOSE_LE_NEG_15,-14.91,12.08,-16.21,26.99,-1.2343,13.8,LOSS_GUARD_CLOSE_LE_NEG_15,-14.91,12.08,-16.21,26.99,-1.2343,13.8,-5.33,-8.05,-5.11,
319400,현대무벡스,KOSDAQ,2025-06-20,2025-06-23,4740.0,TRANSITION,TRIGGER,PERMITTED_REGIME,ELEVATED,69.24,READY,NORMAL_EARLY_TREND_HANDOFF,2025-06-30,2025-08-31,2025-08-29,True,False,,,,NO_EXIT_BEFORE_CUTOFF,490.72,963.29,-9.07,472.57,0.5094,56.2,EXIT4_SCORE_DRAWDOWN_GE_15,95.99,112.03,-9.07,16.04,0.8568,14.4,EXIT4_SCORE_DRAWDOWN_GE_15,95.99,112.03,-9.07,16.04,0.8568,14.4,NO_EXIT_BEFORE_CUTOFF,490.72,963.29,-9.07,472.57,0.5094,56.2,EXIT4_SCORE_DRAWDOWN_GE_15,95.99,112.03,-9.07,16.04,0.8568,14.4,EXIT4_SCORE_DRAWDOWN_GE_15,95.99,112.03,-9.07,16.04,0.8568,14.4,3.48,-3.27,91.98,296.41
319660,피에스케이,KOSDAQ,2025-09-05,2025-09-08,23800.0,TRANSITION,TRIGGER,PERMITTED_REGIME,NORMAL,78.49,READY,NORMAL_EARLY_TREND_HANDOFF,2025-09-30,2026-02-28,2026-02-27,True,False,,,,NO_EXIT_BEFORE_CUTOFF,463.45,822.27,-1.26,358.82,0.5636,45.6,EXIT4_SCORE_DRAWDOWN_GE_15,252.94,276.47,-1.26,23.53,0.9149,27.2,EXIT4_SCORE_DRAWDOWN_GE_15,252.94,276.47,-1.26,23.53,0.9149,27.2,NO_EXIT_BEFORE_CUTOFF,463.45,822.27,-1.26,358.82,0.5636,45.6,EXIT4_SCORE_DRAWDOWN_GE_15,252.94,276.47,-1.26,23.53,0.9149,27.2,EXIT4_SCORE_DRAWDOWN_GE_15,252.94,276.47,-1.26,23.53,0.9149,27.2,50.63,54.41,32.77,235.29
323410,카카오뱅크,KOSPI,2024-12-06,2024-12-09,23150.0,TRANSITION,TRIGGER,PERMITTED_REGIME,NORMAL,73.82,PARTIAL,NEVER_PROGRESSED,2025-06-30,,,False,False,,,,NO_PROGRESSED_DIRECT_HANDOFF,-4.1,67.39,-17.45,71.49,-0.0608,81.8,NO_PROGRESSED_DIRECT_HANDOFF,-4.1,67.39,-17.45,71.49,-0.0608,81.8,NO_PROGRESSED_BEFORE_CUTOFF,-4.1,67.39,-17.45,71.49,-0.0608,81.8,NO_PROGRESSED_DIRECT_HANDOFF,-4.1,67.39,-17.45,71.49,-0.0608,81.8,NO_PROGRESSED_DIRECT_HANDOFF,-4.1,67.39,-17.45,71.49,-0.0608,81.8,NO_PROGRESSED_BEFORE_CUTOFF,-4.1,67.39,-17.45,71.49,-0.0608,81.8,-6.48,1.94,-0.86,58.1
326030,SK바이오팜,KOSPI,2024-08-16,2024-08-19,108200.0,TRANSITION,TRIGGER,PERMITTED_REGIME,NORMAL,75.81,PARTIAL,NEVER_PROGRESSED,2024-08-31,,,False,True,2025-05-09,2025-05-12,89400.0,NO_PROGRESSED_DIRECT_HANDOFF,-19.32,33.18,-32.53,52.5,-0.5823,96.6,NO_PROGRESSED_DIRECT_HANDOFF,-19.32,33.18,-32.53,52.5,-0.5823,96.6,NO_PROGRESSED_BEFORE_CUTOFF,-19.32,33.18,-32.53,52.5,-0.5823,96.6,LOSS_GUARD_CLOSE_LE_NEG_15,-17.38,20.15,-17.74,37.53,-0.8625,34.8,LOSS_GUARD_CLOSE_LE_NEG_15,-17.38,20.15,-17.74,37.53,-0.8625,34.8,LOSS_GUARD_CLOSE_LE_NEG_15,-17.38,20.15,-17.74,37.53,-0.8625,34.8,-3.6,14.88,-6.47,6.47
331920,셀레믹스,KOSDAQ,2026-03-06,2026-03-09,4950.0,TRANSITION,TRIGGER,PERMITTED_REGIME,ELEVATED,79.67,READY,NORMAL_EARLY_TREND_HANDOFF,2026-03-31,2026-04-30,2026-04-30,True,False,,,,NO_EXIT_BEFORE_CUTOFF,98.79,300.81,-3.03,202.02,0.3284,22.0,EXIT4_SCORE_DRAWDOWN_GE_15,245.25,300.81,-3.03,55.56,0.8153,11.6,EXIT4_SCORE_DRAWDOWN_GE_15,245.25,300.81,-3.03,55.56,0.8153,11.6,NO_EXIT_BEFORE_CUTOFF,98.79,300.81,-3.03,202.02,0.3284,22.0,EXIT4_SCORE_DRAWDOWN_GE_15,245.25,300.81,-3.03,55.56,0.8153,11.6,EXIT4_SCORE_DRAWDOWN_GE_15,245.25,300.81,-3.03,55.56,0.8153,11.6,159.6,187.88,220.81,
333430,일승,KOSDAQ,2024-08-02,2024-08-05,3815.0,TRANSITION,TRIGGER,PERMITTED_REGIME,NORMAL,73.82,PARTIAL,SKIPPED_EARLY_TREND_HANDOFF,,2025-07-31,2025-07-31,False,True,2024-08-29,2024-08-30,3195.0,NO_PROGRESSED_DIRECT_HANDOFF,9.83,173.39,-28.7,163.56,0.0567,98.4,NO_PROGRESSED_DIRECT_HANDOFF,9.83,173.39,-28.7,163.56,0.0567,98.4,EXIT4_SCORE_DRAWDOWN_GE_15,100.79,173.39,-28.7,72.6,0.5813,56.4,LOSS_GUARD_CLOSE_LE_NEG_15,-16.25,6.16,-17.17,22.41,-2.638,3.8,LOSS_GUARD_CLOSE_LE_NEG_15,-16.25,6.16,-17.17,22.41,-2.638,3.8,LOSS_GUARD_CLOSE_LE_NEG_15,-16.25,6.16,-17.17,22.41,-2.638,3.8,-13.76,-22.15,-25.69,21.63
334970,프레스티지바이오로직스,KOSDAQ,2024-08-09,2024-08-12,5780.0,TRANSITION,TRIGGER,PERMITTED_REGIME,ELEVATED,73.5,PARTIAL,SKIPPED_EARLY_TREND_HANDOFF,,2024-12-31,2024-12-30,False,True,2024-12-09,2024-12-10,4540.0,NO_PROGRESSED_DIRECT_HANDOFF,-65.5,35.47,-71.45,100.97,-1.8466,97.4,NO_PROGRESSED_DIRECT_HANDOFF,-65.5,35.47,-71.45,100.97,-1.8466,97.4,NO_EXIT_BEFORE_CUTOFF,-65.5,35.47,-71.45,100.97,-1.8466,97.4,LOSS_GUARD_CLOSE_LE_NEG_15,-21.45,35.47,-21.45,56.92,-0.6047,16.0,LOSS_GUARD_CLOSE_LE_NEG_15,-21.45,35.47,-21.45,56.92,-0.6047,16.0,LOSS_GUARD_CLOSE_LE_NEG_15,-21.45,35.47,-21.45,56.92,-0.6047,16.0,-3.63,17.82,2.77,-24.22
336260,두산퓨얼셀,KOSPI,2025-10-10,2025-10-13,31550.0,EARLY_TREND,TRIGGER,PERMITTED_REGIME,ELEVATED,75.49,READY,NORMAL_EARLY_TREND_HANDOFF,2025-10-10,2025-11-30,2025-11-28,True,False,,,,EXIT3_PROGRESSED_TO_WEAK,-22.82,245.17,-42.22,267.99,-0.0931,39.8,EXIT4_SCORE_DRAWDOWN_GE_15,-8.56,46.75,-11.41,55.31,-0.1831,11.4,EXIT4_SCORE_DRAWDOWN_GE_15,-8.56,46.75,-11.41,55.31,-0.1831,11.4,EXIT3_PROGRESSED_TO_WEAK,-22.82,245.17,-42.22,267.99,-0.0931,39.8,EXIT4_SCORE_DRAWDOWN_GE_15,-8.56,46.75,-11.41,55.31,-0.1831,11.4,EXIT4_SCORE_DRAWDOWN_GE_15,-8.56,46.75,-11.41,55.31,-0.1831,11.4,15.21,10.62,-2.22,37.4
339950,아이비김영,KOSDAQ,2026-01-30,2026-02-02,2130.0,TRANSITION,TRIGGER,PERMITTED_REGIME,NORMAL,76.85,READY,NEVER_PROGRESSED,2026-04-30,,,False,False,,,,NO_PROGRESSED_DIRECT_HANDOFF,34.98,47.89,-3.76,12.91,0.7304,26.2,NO_PROGRESSED_DIRECT_HANDOFF,34.98,47.89,-3.76,12.91,0.7304,26.2,NO_PROGRESSED_BEFORE_CUTOFF,34.98,47.89,-3.76,12.91,0.7304,26.2,NO_PROGRESSED_DIRECT_HANDOFF,34.98,47.89,-3.76,12.91,0.7304,26.2,NO_PROGRESSED_DIRECT_HANDOFF,34.98,47.89,-3.76,12.91,0.7304,26.2,NO_PROGRESSED_BEFORE_CUTOFF,34.98,47.89,-3.76,12.91,0.7304,26.2,23.47,12.91,27.93,34.27
348210,넥스틴,KOSDAQ,2025-10-31,2025-11-03,65000.0,TRANSITION,TRIGGER,PERMITTED_REGIME,NORMAL,72.24,READY,NORMAL_EARLY_TREND_HANDOFF,2025-12-31,2026-03-31,2026-03-31,True,False,,,,EXIT3_PROGRESSED_TO_BASE,3.69,54.46,-14.77,50.77,0.0678,28.2,EXIT4_SCORE_DRAWDOWN_GE_15,9.38,54.46,-14.77,45.08,0.1722,24.6,EXIT4_SCORE_DRAWDOWN_GE_15,9.38,54.46,-14.77,45.08,0.1722,24.6,EXIT3_PROGRESSED_TO_BASE,3.69,54.46,-14.77,50.77,0.0678,28.2,EXIT4_SCORE_DRAWDOWN_GE_15,9.38,54.46,-14.77,45.08,0.1722,24.6,EXIT4_SCORE_DRAWDOWN_GE_15,9.38,54.46,-14.77,45.08,0.1722,24.6,0.92,10.0,43.69,13.85
348340,뉴로메카,KOSDAQ,2025-12-05,2025-12-08,19788.0,TRANSITION,TRIGGER,PERMITTED_REGIME,ELEVATED,69.57,PARTIAL,NORMAL_EARLY_TREND_HANDOFF,2026-01-31,2026-02-28,2026-02-27,True,False,,,,EXIT3_PROGRESSED_TO_WEAK,27.86,346.24,-6.9,318.38,0.0805,27.4,EXIT4_SCORE_DRAWDOWN_GE_15,101.61,346.24,-6.9,244.63,0.2935,15.2,EXIT4_SCORE_DRAWDOWN_GE_15,101.61,346.24,-6.9,244.63,0.2935,15.2,EXIT3_PROGRESSED_TO_WEAK,27.86,346.24,-6.9,318.38,0.0805,27.4,EXIT4_SCORE_DRAWDOWN_GE_15,101.61,346.24,-6.9,244.63,0.2935,15.2,EXIT4_SCORE_DRAWDOWN_GE_15,101.61,346.24,-6.9,244.63,0.2935,15.2,5.94,193.74,129.86,36.78
352820,하이브,KOSPI,2024-11-22,2024-11-25,219500.0,TRANSITION,TRIGGER,PERMITTED_REGIME,NORMAL,75.81,PARTIAL,NORMAL_EARLY_TREND_HANDOFF,2025-02-28,2025-11-30,2025-11-28,True,True,2024-12-09,2024-12-10,187100.0,EXIT3_PROGRESSED_TO_WEAK,-11.62,84.74,-20.46,96.36,-0.1371,77.6,EXIT4_SCORE_DRAWDOWN_GE_15,72.44,84.74,-17.49,12.3,0.8549,61.2,EXIT4_SCORE_DRAWDOWN_GE_15,72.44,84.74,-17.49,12.3,0.8549,61.2,LOSS_GUARD_CLOSE_LE_NEG_15,-14.76,1.14,-17.49,15.9,-12.9474,2.4,LOSS_GUARD_CLOSE_LE_NEG_15,-14.76,1.14,-17.49,15.9,-12.9474,2.4,LOSS_GUARD_CLOSE_LE_NEG_15,-14.76,1.14,-17.49,15.9,-12.9474,2.4,-10.39,0.23,14.35,36.9
353810,이지바이오,KOSDAQ,2025-01-17,2025-01-20,5150.0,TRANSITION,TRIGGER,PERMITTED_REGIME,ELEVATED,74.32,PARTIAL,SKIPPED_EARLY_TREND_HANDOFF,,2025-06-30,2025-06-30,False,False,,,,NO_PROGRESSED_DIRECT_HANDOFF,22.14,66.21,-13.69,44.07,0.3344,76.4,NO_PROGRESSED_DIRECT_HANDOFF,22.14,66.21,-13.69,44.07,0.3344,76.4,NO_EXIT_BEFORE_CUTOFF,22.14,66.21,-13.69,44.07,0.3344,76.4,NO_PROGRESSED_DIRECT_HANDOFF,22.14,66.21,-13.69,44.07,0.3344,76.4,NO_PROGRESSED_DIRECT_HANDOFF,22.14,66.21,-13.69,44.07,0.3344,76.4,NO_EXIT_BEFORE_CUTOFF,22.14,66.21,-13.69,44.07,0.3344,76.4,-4.08,-9.22,3.5,1.94
356860,티엘비,KOSDAQ,2025-03-21,2025-03-24,10846.0,TRANSITION,TRIGGER,PERMITTED_REGIME,ELEVATED,69.07,PARTIAL,NORMAL_EARLY_TREND_HANDOFF,2025-08-31,2025-04-30,2025-04-30,True,True,2025-04-01,2025-04-02,9292.0,NO_EXIT_BEFORE_CUTOFF,189.51,523.35,-24.97,333.84,0.3621,68.4,NO_EXIT_BEFORE_CUTOFF,189.51,523.35,-24.97,333.84,0.3621,68.4,NO_EXIT_BEFORE_CUTOFF,189.51,523.35,-24.97,333.84,0.3621,68.4,LOSS_GUARD_CLOSE_LE_NEG_15,-14.33,13.63,-17.14,27.96,-1.0514,1.6,LOSS_GUARD_CLOSE_LE_NEG_15,-14.33,13.63,-17.14,27.96,-1.0514,1.6,LOSS_GUARD_CLOSE_LE_NEG_15,-14.33,13.63,-17.14,27.96,-1.0514,1.6,-16.53,-20.97,-1.75,128.58
357780,솔브레인,KOSDAQ,2025-09-12,2025-09-15,257000.0,TRANSITION,TRIGGER,PERMITTED_REGIME,ELEVATED,73.24,READY,NORMAL_EARLY_TREND_HANDOFF,2025-09-30,2026-03-31,2026-03-31,True,False,,,,NO_EXIT_BEFORE_CUTOFF,25.29,106.23,-16.15,80.94,0.2381,44.6,EXIT4_SCORE_DRAWDOWN_GE_15,81.91,106.23,-11.28,24.32,0.7711,30.6,EXIT4_SCORE_DRAWDOWN_GE_15,81.91,106.23,-11.28,24.32,0.7711,30.6,NO_EXIT_BEFORE_CUTOFF,25.29,106.23,-16.15,80.94,0.2381,44.6,EXIT4_SCORE_DRAWDOWN_GE_15,81.91,106.23,-11.28,24.32,0.7711,30.6,EXIT4_SCORE_DRAWDOWN_GE_15,81.91,106.23,-11.28,24.32,0.7711,30.6,9.92,4.28,2.72,41.63
361390,제노코,KOSDAQ,2025-06-20,2025-06-23,21650.0,TRANSITION,TRIGGER,PERMITTED_REGIME,NORMAL,77.99,READY,NORMAL_EARLY_TREND_HANDOFF,2026-01-31,2026-04-30,2026-04-30,True,True,2025-07-03,2025-07-04,18250.0,EXIT3_PROGRESSED_TO_WEAK,-36.21,70.44,-44.8,106.65,-0.5141,50.2,EXIT4_SCORE_DRAWDOWN_GE_15,-1.85,70.44,-35.7,72.29,-0.0263,46.0,EXIT4_SCORE_DRAWDOWN_GE_15,-1.85,70.44,-35.7,72.29,-0.0263,46.0,LOSS_GUARD_CLOSE_LE_NEG_15,-15.7,0.69,-16.35,16.39,-22.7536,2.0,LOSS_GUARD_CLOSE_LE_NEG_15,-15.7,0.69,-16.35,16.39,-22.7536,2.0,LOSS_GUARD_CLOSE_LE_NEG_15,-15.7,0.69,-16.35,16.39,-22.7536,2.0,-16.49,-25.22,-24.9,-17.41
362320,청담글로벌,KOSDAQ,2025-08-08,2025-08-11,9720.0,TRANSITION,TRIGGER,PERMITTED_REGIME,ELEVATED,77.32,PARTIAL,NEVER_PROGRESSED,,,,False,True,2025-08-18,2025-08-19,8180.0,NO_PROGRESSED_DIRECT_HANDOFF,-46.6,2.06,-66.15,48.66,-22.6214,49.4,NO_PROGRESSED_DIRECT_HANDOFF,-46.6,2.06,-66.15,48.66,-22.6214,49.4,NO_PROGRESSED_BEFORE_CUTOFF,-46.6,2.06,-66.15,48.66,-22.6214,49.4,LOSS_GUARD_CLOSE_LE_NEG_15,-15.84,0.31,-17.18,16.15,-51.0968,1.2,LOSS_GUARD_CLOSE_LE_NEG_15,-15.84,0.31,-17.18,16.15,-51.0968,1.2,LOSS_GUARD_CLOSE_LE_NEG_15,-15.84,0.31,-17.18,16.15,-51.0968,1.2,-14.71,-17.49,-26.34,-41.67
366030,나인앤컴퍼니,KOSDAQ,2025-12-12,2025-12-15,6300.0,TRANSITION,TRIGGER,PERMITTED_REGIME,NORMAL,77.82,PARTIAL,NEVER_PROGRESSED,,,,False,True,2025-12-26,2025-12-29,5410.0,NO_PROGRESSED_DIRECT_HANDOFF,-23.02,12.7,-38.1,35.72,-1.8126,32.6,NO_PROGRESSED_DIRECT_HANDOFF,-23.02,12.7,-38.1,35.72,-1.8126,32.6,NO_PROGRESSED_BEFORE_CUTOFF,-23.02,12.7,-38.1,35.72,-1.8126,32.6,LOSS_GUARD_CLOSE_LE_NEG_15,-14.13,5.4,-19.68,19.53,-2.6167,2.0,LOSS_GUARD_CLOSE_LE_NEG_15,-14.13,5.4,-19.68,19.53,-2.6167,2.0,LOSS_GUARD_CLOSE_LE_NEG_15,-14.13,5.4,-19.68,19.53,-2.6167,2.0,-5.08,-6.03,-10.63,-20.0
368770,파이버프로,KOSDAQ,2025-03-07,2025-03-10,7450.0,EARLY_TREND,TRIGGER,PERMITTED_REGIME,NORMAL,77.32,PARTIAL,NORMAL_EARLY_TREND_HANDOFF,2025-03-07,2025-04-30,2025-04-30,True,True,2025-04-04,2025-04-07,5900.0,NO_EXIT_BEFORE_CUTOFF,79.06,302.01,-29.13,222.95,0.2618,70.4,EXIT4_SCORE_DRAWDOWN_GE_15,-16.91,16.11,-24.43,33.02,-1.0497,15.4,EXIT4_SCORE_DRAWDOWN_GE_15,-16.91,16.11,-24.43,33.02,-1.0497,15.4,LOSS_GUARD_CLOSE_LE_NEG_15,-20.81,16.11,-20.81,36.92,-1.2917,4.2,LOSS_GUARD_CLOSE_LE_NEG_15,-20.81,16.11,-20.81,36.92,-1.2917,4.2,LOSS_GUARD_CLOSE_LE_NEG_15,-20.81,16.11,-20.81,36.92,-1.2917,4.2,-17.05,-3.09,-8.46,-18.26
373220,LG에너지솔루션,KOSPI,2025-10-31,2025-11-03,480000.0,TRANSITION,TRIGGER,PERMITTED_REGIME,NORMAL,75.31,PARTIAL,NEVER_PROGRESSED,,,,False,True,2025-11-28,2025-12-01,411500.0,NO_PROGRESSED_DIRECT_HANDOFF,-23.02,3.65,-39.48,26.67,-6.3068,38.6,NO_PROGRESSED_DIRECT_HANDOFF,-23.02,3.65,-39.48,26.67,-6.3068,38.6,NO_PROGRESSED_BEFORE_CUTOFF,-23.02,3.65,-39.48,26.67,-6.3068,38.6,LOSS_GUARD_CLOSE_LE_NEG_15,-14.27,3.12,-15.0,17.39,-4.5737,4.2,LOSS_GUARD_CLOSE_LE_NEG_15,-14.27,3.12,-15.0,17.39,-4.5737,4.2,LOSS_GUARD_CLOSE_LE_NEG_15,-14.27,3.12,-15.0,17.39,-4.5737,4.2,-15.0,-20.83,-10.21,-7.92
375500,DL이앤씨,KOSPI,2025-02-28,2025-03-04,40500.0,TRANSITION,TRIGGER,PERMITTED_REGIME,NORMAL,77.32,PARTIAL,PROGRESSED_WITHOUT_DIRECT_HANDOFF,2025-05-31,2026-01-31,2026-01-30,False,False,,,,NO_PROGRESSED_DIRECT_HANDOFF,82.22,163.21,-8.27,80.99,0.5038,71.2,NO_PROGRESSED_DIRECT_HANDOFF,82.22,163.21,-8.27,80.99,0.5038,71.2,EXIT4_SCORE_DRAWDOWN_GE_15,143.95,163.21,-8.27,19.26,0.882,57.2,NO_PROGRESSED_DIRECT_HANDOFF,82.22,163.21,-8.27,80.99,0.5038,71.2,NO_PROGRESSED_DIRECT_HANDOFF,82.22,163.21,-8.27,80.99,0.5038,71.2,EXIT4_SCORE_DRAWDOWN_GE_15,143.95,163.21,-8.27,19.26,0.882,57.2,2.72,6.79,23.46,8.27
376300,디어유,KOSDAQ,2024-11-01,2024-11-04,36150.0,TRANSITION,TRIGGER,PERMITTED_REGIME,NORMAL,73.56,PARTIAL,NORMAL_EARLY_TREND_HANDOFF,2025-05-31,2025-07-31,2025-07-31,True,True,2025-01-06,2025-01-07,30250.0,EXIT3_PROGRESSED_TO_WEAK,-32.92,74.83,-33.89,107.75,-0.4399,76.4,EXIT4_SCORE_DRAWDOWN_GE_15,38.31,74.83,-19.09,36.52,0.512,40.4,EXIT4_SCORE_DRAWDOWN_GE_15,38.31,74.83,-19.09,36.52,0.512,40.4,LOSS_GUARD_CLOSE_LE_NEG_15,-16.32,16.04,-19.09,32.36,-1.0175,8.8,LOSS_GUARD_CLOSE_LE_NEG_15,-16.32,16.04,-19.09,32.36,-1.0175,8.8,LOSS_GUARD_CLOSE_LE_NEG_15,-16.32,16.04,-19.09,32.36,-1.0175,8.8,0.83,-0.28,0.28,35.27
381970,케이카,KOSPI,2025-05-30,2025-06-02,15090.0,TRANSITION,TRIGGER,PERMITTED_REGIME,NORMAL,78.63,PARTIAL,NEVER_PROGRESSED,,,,False,True,2026-04-01,2026-04-02,11780.0,NO_PROGRESSED_DIRECT_HANDOFF,-48.58,14.05,-54.74,62.63,-3.4577,59.0,NO_PROGRESSED_DIRECT_HANDOFF,-48.58,14.05,-54.74,62.63,-3.4577,59.0,NO_PROGRESSED_BEFORE_CUTOFF,-48.58,14.05,-54.74,62.63,-3.4577,59.0,LOSS_GUARD_CLOSE_LE_NEG_15,-21.94,14.05,-23.39,35.99,-1.5616,40.8,LOSS_GUARD_CLOSE_LE_NEG_15,-21.94,14.05,-23.39,35.99,-1.5616,40.8,LOSS_GUARD_CLOSE_LE_NEG_15,-21.94,14.05,-23.39,35.99,-1.5616,40.8,0.2,4.44,4.64,10.6
383220,F&F,KOSPI,2026-06-12,2026-06-15,86700.0,TRANSITION,TRIGGER,PERMITTED_REGIME,ELEVATED,64.99,READY,NEVER_PROGRESSED,,,,False,True,2026-06-23,2026-06-24,74100.0,NO_PROGRESSED_DIRECT_HANDOFF,-22.72,0.0,-30.91,22.72,,8.8,NO_PROGRESSED_DIRECT_HANDOFF,-22.72,0.0,-30.91,22.72,,8.8,NO_PROGRESSED_BEFORE_CUTOFF,-22.72,0.0,-30.91,22.72,,8.8,LOSS_GUARD_CLOSE_LE_NEG_15,-14.53,0.0,-17.53,14.53,,1.6,LOSS_GUARD_CLOSE_LE_NEG_15,-14.53,0.0,-17.53,14.53,,1.6,LOSS_GUARD_CLOSE_LE_NEG_15,-14.53,0.0,-17.53,14.53,,1.6,-10.5,-21.68,,
383800,LX홀딩스,KOSPI,2025-06-13,2025-06-16,9010.0,TRANSITION,TRIGGER,PERMITTED_REGIME,ELEVATED,72.74,READY,NEVER_PROGRESSED,2026-02-28,,,False,True,2025-08-19,2025-08-20,7510.0,NO_PROGRESSED_DIRECT_HANDOFF,-7.99,15.65,-21.64,23.64,-0.5105,57.4,NO_PROGRESSED_DIRECT_HANDOFF,-7.99,15.65,-21.64,23.64,-0.5105,57.4,NO_PROGRESSED_BEFORE_CUTOFF,-7.99,15.65,-21.64,23.64,-0.5105,57.4,LOSS_GUARD_CLOSE_LE_NEG_15,-16.65,15.65,-16.65,32.3,-1.0639,9.4,LOSS_GUARD_CLOSE_LE_NEG_15,-16.65,15.65,-16.65,32.3,-1.0639,9.4,LOSS_GUARD_CLOSE_LE_NEG_15,-16.65,15.65,-16.65,32.3,-1.0639,9.4,7.99,-10.32,-11.32,-9.32
388050,지투파워,KOSDAQ,2026-02-20,2026-02-23,11100.0,TRANSITION,TRIGGER,PERMITTED_REGIME,NORMAL,77.99,READY,PROGRESSED_WITHOUT_DIRECT_HANDOFF,2026-03-31,2026-06-30,2026-06-30,False,True,2026-03-04,2026-03-05,9750.0,NO_PROGRESSED_DIRECT_HANDOFF,-5.95,66.31,-51.8,72.26,-0.0897,23.8,NO_PROGRESSED_DIRECT_HANDOFF,-5.95,66.31,-51.8,72.26,-0.0897,23.8,NO_EXIT_BEFORE_CUTOFF,-5.95,66.31,-51.8,72.26,-0.0897,23.8,LOSS_GUARD_CLOSE_LE_NEG_15,-12.16,20.99,-20.0,33.15,-0.5793,1.6,LOSS_GUARD_CLOSE_LE_NEG_15,-12.16,20.99,-20.0,33.15,-0.5793,1.6,LOSS_GUARD_CLOSE_LE_NEG_15,-12.16,20.99,-20.0,33.15,-0.5793,1.6,9.01,27.93,-1.71,
389500,에스비비테크,KOSDAQ,2026-01-09,2026-01-12,47950.0,TRANSITION,TRIGGER,PERMITTED_REGIME,ELEVATED,76.0,PARTIAL,NORMAL_EARLY_TREND_HANDOFF,2026-01-31,2026-02-28,2026-02-27,True,False,,,,EXIT3_PROGRESSED_TO_WEAK,-33.26,139.83,-48.38,173.09,-0.2379,27.4,EXIT3_PROGRESSED_TO_WEAK,-33.26,139.83,-48.38,173.09,-0.2379,27.4,EXIT3_PROGRESSED_TO_WEAK,-33.26,139.83,-48.38,173.09,-0.2379,27.4,EXIT3_PROGRESSED_TO_WEAK,-33.26,139.83,-48.38,173.09,-0.2379,27.4,EXIT3_PROGRESSED_TO_WEAK,-33.26,139.83,-48.38,173.09,-0.2379,27.4,EXIT3_PROGRESSED_TO_WEAK,-33.26,139.83,-48.38,173.09,-0.2379,27.4,27.42,8.86,8.03,-25.76
397030,에이프릴바이오,KOSDAQ,2025-08-29,2025-09-01,23500.0,EARLY_TREND,TRIGGER,PERMITTED_REGIME,ELEVATED,69.07,PARTIAL,NORMAL_EARLY_TREND_HANDOFF,2025-08-29,2025-12-31,2025-12-30,True,False,,,,EXIT3_PROGRESSED_TO_WEAK,-6.81,226.38,-17.57,233.19,-0.0301,44.8,EXIT3_PROGRESSED_TO_WEAK,-6.81,226.38,-17.57,233.19,-0.0301,44.8,EXIT3_PROGRESSED_TO_WEAK,-6.81,226.38,-17.57,233.19,-0.0301,44.8,EXIT3_PROGRESSED_TO_WEAK,-6.81,226.38,-17.57,233.19,-0.0301,44.8,EXIT3_PROGRESSED_TO_WEAK,-6.81,226.38,-17.57,233.19,-0.0301,44.8,EXIT3_PROGRESSED_TO_WEAK,-6.81,226.38,-17.57,233.19,-0.0301,44.8,11.28,40.85,70.21,171.06
403870,HPSP,KOSDAQ,2025-10-31,2025-11-03,34600.0,TRANSITION,TRIGGER,PERMITTED_REGIME,ELEVATED,70.32,PARTIAL,SKIPPED_EARLY_TREND_HANDOFF,,2026-05-31,2026-05-29,False,True,2025-11-19,2025-11-20,30400.0,NO_PROGRESSED_DIRECT_HANDOFF,16.76,165.9,-20.66,149.14,0.101,38.6,NO_PROGRESSED_DIRECT_HANDOFF,16.76,165.9,-20.66,149.14,0.101,38.6,EXIT4_SCORE_DRAWDOWN_GE_15,58.67,165.9,-19.51,107.23,0.3536,32.4,LOSS_GUARD_CLOSE_LE_NEG_15,-12.14,2.02,-17.34,14.16,-6.0099,2.8,LOSS_GUARD_CLOSE_LE_NEG_15,-12.14,2.02,-17.34,14.16,-6.0099,2.8,LOSS_GUARD_CLOSE_LE_NEG_15,-12.14,2.02,-17.34,14.16,-6.0099,2.8,-12.57,-4.05,27.17,58.09
417840,저스템,KOSDAQ,2025-10-10,2025-10-13,4553.0,TRANSITION,TRIGGER,PERMITTED_REGIME,ELEVATED,72.57,PARTIAL,NORMAL_EARLY_TREND_HANDOFF,2026-01-31,2026-03-31,2026-03-31,True,True,2025-10-23,2025-10-24,3892.0,NO_EXIT_BEFORE_CUTOFF,198.05,388.69,-33.91,190.64,0.5095,41.6,EXIT4_SCORE_DRAWDOWN_GE_15,174.32,184.87,-33.91,10.55,0.9429,27.6,EXIT4_SCORE_DRAWDOWN_GE_15,174.32,184.87,-33.91,10.55,0.9429,27.6,LOSS_GUARD_CLOSE_LE_NEG_15,-14.52,4.68,-16.58,19.2,-3.1026,2.0,LOSS_GUARD_CLOSE_LE_NEG_15,-14.52,4.68,-16.58,19.2,-3.1026,2.0,LOSS_GUARD_CLOSE_LE_NEG_15,-14.52,4.68,-16.58,19.2,-3.1026,2.0,-24.47,-25.65,7.62,142.04
453340,현대그린푸드,KOSPI,2026-05-08,2026-05-11,19210.0,EARLY_TREND,TRIGGER,PERMITTED_REGIME,ELEVATED,72.07,PARTIAL,NEVER_PROGRESSED,2026-05-08,,,False,True,2026-06-01,2026-06-02,16400.0,NO_PROGRESSED_DIRECT_HANDOFF,-3.28,3.85,-18.22,7.13,-0.8519,13.4,NO_PROGRESSED_DIRECT_HANDOFF,-3.28,3.85,-18.22,7.13,-0.8519,13.4,NO_PROGRESSED_BEFORE_CUTOFF,-3.28,3.85,-18.22,7.13,-0.8519,13.4,LOSS_GUARD_CLOSE_LE_NEG_15,-14.63,2.5,-16.35,17.13,-5.852,3.2,LOSS_GUARD_CLOSE_LE_NEG_15,-14.63,2.5,-16.35,17.13,-5.852,3.2,LOSS_GUARD_CLOSE_LE_NEG_15,-14.63,2.5,-16.35,17.13,-5.852,3.2,-11.45,-7.7,-1.61,
950190,고스트스튜디오,KOSDAQ,2026-07-10,2026-07-13,9470.0,TRANSITION,TRIGGER,PERMITTED_REGIME,NORMAL,65.04,READY,NEVER_PROGRESSED,,,,False,False,,,,NO_PROGRESSED_DIRECT_HANDOFF,-1.48,7.92,-10.77,9.4,-0.1869,4.8,NO_PROGRESSED_DIRECT_HANDOFF,-1.48,7.92,-10.77,9.4,-0.1869,4.8,NO_PROGRESSED_BEFORE_CUTOFF,-1.48,7.92,-10.77,9.4,-0.1869,4.8,NO_PROGRESSED_DIRECT_HANDOFF,-1.48,7.92,-10.77,9.4,-0.1869,4.8,NO_PROGRESSED_DIRECT_HANDOFF,-1.48,7.92,-10.77,9.4,-0.1869,4.8,NO_PROGRESSED_BEFORE_CUTOFF,-1.48,7.92,-10.77,9.4,-0.1869,4.8,-8.34,,,
950210,프레스티지바이오파마,KOSPI,2024-09-20,2024-09-23,15800.0,TRANSITION,TRIGGER,PERMITTED_REGIME,NORMAL,74.82,PARTIAL,SKIPPED_EARLY_TREND_HANDOFF,,2024-11-30,2024-11-29,False,False,,,,NO_PROGRESSED_DIRECT_HANDOFF,-54.43,32.28,-68.7,86.71,-1.6862,92.2,NO_PROGRESSED_DIRECT_HANDOFF,-54.43,32.28,-68.7,86.71,-1.6862,92.2,EXIT4_SCORE_DRAWDOWN_GE_15,-13.04,32.28,-27.47,45.32,-0.404,25.2,NO_PROGRESSED_DIRECT_HANDOFF,-54.43,32.28,-68.7,86.71,-1.6862,92.2,NO_PROGRESSED_DIRECT_HANDOFF,-54.43,32.28,-68.7,86.71,-1.6862,92.2,EXIT4_SCORE_DRAWDOWN_GE_15,-13.04,32.28,-27.47,45.32,-0.404,25.2,7.28,0.57,-0.19,-18.92
