date,window_id,cash,pending_sale_proceeds,cash_receivables,invested_market_value,equity,capital_utilization,cash_ratio,open_stock_positions,valuation_missing_count,valuation_missing_ids,valuation_carry_count
2022-01-03,P3-2,200000000.0,0.0,0,0.0,200000000.0,0.0,1.0,0,0,[],0
2022-01-04,P3-2,200000000.0,0.0,0,0.0,200000000.0,0.0,1.0,0,0,[],0
2022-01-05,P3-2,200000000.0,0.0,0,0.0,200000000.0,0.0,1.0,0,0,[],0
2022-01-06,P3-2,200000000.0,0.0,0,0.0,200000000.0,0.0,1.0,0,0,[],0
2022-01-07,P3-2,200000000.0,0.0,0,0.0,200000000.0,0.0,1.0,0,0,[],0
2022-01-10,P3-2,185010543.68276462,0.0,0,14940976.0,199951519.68276462,0.0747229929720203,0.9252770070279797,3,0,[],0
2022-01-11,P3-2,185010543.68276462,0.0,0,14672274.0,199682817.68276462,0.07347789945206898,0.926522100547931,3,0,[],0
2022-01-12,P3-2,185010543.68276462,0.0,0,15120988.0,200131531.68276462,0.07555525045383053,0.9244447495461695,3,0,[],0
2022-01-13,P3-2,185010543.68276462,0.0,0,16880393.0,201890936.68276462,0.08361144525533858,0.9163885547446614,3,0,[],0
2022-01-14,P3-2,185010543.68276462,0.0,0,16538794.0,201549337.68276462,0.0820582899956327,0.9179417100043673,3,0,[],0
2022-01-17,P3-2,185010543.68276462,0.0,0,15818488.0,200829031.68276462,0.0787659426899361,0.9212340573100639,3,0,[],0
2022-01-18,P3-2,185010543.68276462,0.0,0,15705727.0,200716270.68276462,0.0782483998261564,0.9217516001738436,3,0,[],0
2022-01-19,P3-2,185010543.68276462,0.0,0,15246797.0,200257340.68276462,0.07613602052247882,0.9238639794775212,3,0,[],0
2022-01-20,P3-2,185010543.68276462,0.0,0,15608217.0,200618760.68276462,0.07780038590050427,0.9221996140994957,3,0,[],0
2022-01-21,P3-2,185010543.68276462,0.0,0,16691342.0,201701885.68276462,0.08275253324231203,0.917247466757688,3,0,[],0
2022-01-24,P3-2,175025222.2591871,0.0,0,26140718.0,201165940.2591871,0.1299460433824914,0.8700539566175086,5,0,[],0
2022-01-25,P3-2,175025222.2591871,0.0,0,25655636.0,200680858.2591871,0.12784296530596231,0.8721570346940377,5,0,[],0
2022-01-26,P3-2,175025222.2591871,0.0,0,24686080.0,199711302.2591871,0.12360882794686395,0.8763911720531361,5,0,[],0
2022-01-27,P3-2,175025222.2591871,0.0,0,24080032.0,199105254.2591871,0.12094121819936302,0.879058781800637,5,0,[],0
2022-01-28,P3-2,175025222.2591871,0.0,0,25551420.0,200576642.2591871,0.12738980826582091,0.8726101917341791,5,0,[],0
2022-02-03,P3-2,175025222.2591871,0.0,0,25445129.0,200470351.2591871,0.1269271432916388,0.8730728567083612,5,0,[],0
2022-02-04,P3-2,175025222.2591871,0.0,0,27597202.0,202622424.2591871,0.13620013727946853,0.8637998627205314,5,0,[],0
2022-02-07,P3-2,170308803.9025371,0.0,0,31737107.0,202045910.9025371,0.1570786899780879,0.8429213100219121,6,0,[],0
2022-02-08,P3-2,170308803.9025371,0.0,0,31333792.0,201642595.9025371,0.15539272275162053,0.8446072772483795,6,0,[],0
2022-02-09,P3-2,170308803.9025371,0.0,0,31677322.0,201986125.9025371,0.1568291973444009,0.8431708026555991,6,0,[],0
2022-02-10,P3-2,170308803.9025371,0.0,0,31757473.0,202066276.9025371,0.15716364693212823,0.8428363530678717,6,0,[],0
2022-02-11,P3-2,170308803.9025371,0.0,0,30971830.0,201280633.9025371,0.15387386952982765,0.8461261304701724,6,0,[],0
2022-02-14,P3-2,170308803.9025371,0.0,0,30321426.0,200630229.9025371,0.15113089395715518,0.8488691060428448,6,0,[],0
2022-02-15,P3-2,170308803.9025371,4281471.2829599995,0,25050643.0,199640918.1854971,0.12547850023773233,0.8745214997622677,5,0,[],0
2022-02-16,P3-2,174590275.1854971,4278361.862443049,0,21401980.0,200270617.04794016,0.10686530213704219,0.8931346978629578,4,0,[],0
2022-02-17,P3-2,178868637.04794016,0.0,0,21578650.0,200447287.04794016,0.10765249217286299,0.892347507827137,4,0,[],0
2022-02-18,P3-2,178868637.04794016,0.0,0,21132000.0,200000637.04794016,0.1056596634486452,0.8943403365513548,4,0,[],0
2022-02-21,P3-2,178868637.04794016,0.0,0,20941430.0,199810067.04794016,0.10480668121179075,0.8951933187882093,4,0,[],0
2022-02-22,P3-2,178868637.04794016,0.0,0,20486555.0,199355192.04794016,0.10276409051374731,0.8972359094862526,4,0,[],0
2022-02-23,P3-2,178868637.04794016,0.0,0,20800715.0,199669352.04794016,0.1041758025788845,0.8958241974211155,4,0,[],0
2022-02-24,P3-2,178868637.04794016,0.0,0,21277525.0,200146162.04794016,0.10630993261266476,0.8936900673873353,4,0,[],0
2022-02-25,P3-2,178868637.04794016,0.0,0,21402330.0,200270967.04794016,0.10686686300804042,0.8931331369919596,4,0,[],0
2022-02-28,P3-2,178868637.04794016,0.0,0,21474470.0,200343107.04794016,0.10718846441201178,0.8928115355879882,4,0,[],0
2022-03-02,P3-2,178868637.04794016,0.0,0,21931905.0,200800542.04794016,0.10922233962278778,0.8907776603772122,4,0,[],0
2022-03-03,P3-2,178868637.04794016,0.0,0,21493580.0,200362217.04794016,0.10727361833322739,0.8927263816667727,4,0,[],0
2022-03-04,P3-2,178868637.04794016,0.0,0,21334335.0,200202972.04794016,0.10656352791251933,0.8934364720874807,4,0,[],0
2022-03-07,P3-2,159070792.7166752,0.0,0,40142130.0,199212922.7166752,0.20150364470627732,0.7984963552937226,8,0,[],0
2022-03-08,P3-2,159070792.7166752,0.0,0,38720645.0,197791437.7166752,0.19576502121120676,0.8042349787887932,8,0,[],0
2022-03-10,P3-2,159070792.7166752,0.0,0,39257855.0,198328647.7166752,0.19794344111135315,0.8020565588886468,8,0,[],0
2022-03-11,P3-2,159070792.7166752,0.0,0,39149865.0,198220657.7166752,0.19750648318379857,0.8024935168162014,8,0,[],0
2022-03-14,P3-2,149075459.7915977,0.0,0,49511510.0,198586969.7915977,0.24931902658043809,0.750680973419562,10,0,[],0
2022-03-15,P3-2,149075459.7915977,8135434.70172,0,40910340.0,198121234.4933177,0.2064914450216584,0.7935085549783416,8,0,[],0
2022-03-16,P3-2,157210894.4933177,0.0,0,41111360.0,198322254.4933177,0.20729574754498978,0.7927042524550102,8,0,[],0
2022-03-17,P3-2,157210894.4933177,0.0,0,41721510.0,198932404.4933177,0.2097270683791562,0.7902729316208438,8,0,[],0
2022-03-18,P3-2,157210894.4933177,0.0,0,42068780.0,199279674.4933177,0.21110421876672958,0.7888957812332704,8,0,[],0
2022-03-21,P3-2,152231674.2222927,0.0,0,46809065.0,199040739.2222927,0.2351732875535731,0.7648267124464269,9,0,[],0
2022-03-22,P3-2,152231674.2222927,0.0,0,47725565.0,199957239.2222927,0.23867885546741038,0.7613211445325896,9,0,[],0
2022-03-23,P3-2,152231674.2222927,0.0,0,47368185.0,199599859.2222927,0.2373157234907989,0.7626842765092011,9,0,[],0
2022-03-24,P3-2,152231674.2222927,0.0,0,48482000.0,200713674.2222927,0.24154806685620048,0.7584519331437996,9,0,[],0
2022-03-25,P3-2,152231674.2222927,0.0,0,48011590.0,200243264.2222927,0.2397663171666124,0.7602336828333875,9,0,[],0
2022-03-28,P3-2,142240667.26701334,0.0,0,58244489.0,200485156.26701334,0.2905177125553769,0.7094822874446232,11,0,[],0
2022-03-29,P3-2,142240667.26701334,0.0,0,57462681.0,199703348.26701334,0.28774019814214397,0.7122598018578561,11,0,[],0
2022-03-30,P3-2,142240667.26701334,0.0,0,56969990.0,199210657.26701334,0.2859786257501269,0.7140213742498731,11,0,[],0
2022-03-31,P3-2,142240667.26701334,0.0,0,57094493.0,199335160.26701334,0.28642459726382846,0.7135754027361715,11,0,[],0
2022-04-01,P3-2,142240667.26701334,0.0,0,57065730.0,199306397.26701334,0.28632161728129735,0.7136783827187027,11,0,[],0
2022-04-04,P3-2,132285707.7240349,0.0,0,67548618.0,199834325.7240349,0.3380230986606504,0.6619769013393496,13,0,[],0
2022-04-05,P3-2,132285707.7240349,0.0,0,67299434.0,199585141.7240349,0.33719661402978834,0.6628033859702117,13,0,[],0
2022-04-06,P3-2,132285707.7240349,0.0,0,67584845.0,199870552.7240349,0.3381430835052309,0.6618569164947691,13,0,[],0
2022-04-07,P3-2,132285707.7240349,0.0,0,66637927.0,198923634.7240349,0.3349925065085717,0.6650074934914283,13,0,[],0
2022-04-08,P3-2,132285707.7240349,0.0,0,66484846.0,198770553.7240349,0.3344803581535769,0.6655196418464231,13,0,[],1
2022-04-11,P3-2,117315089.0480219,0.0,0,80808623.0,198123712.0480219,0.40786951831597684,0.592130481684023,16,0,[],1
2022-04-12,P3-2,112316834.91034509,0.0,0,,,,,17,1,['089590|KR7089590004|2022-04-08|2022-04-11'],1
2022-04-13,P3-2,112316834.91034509,0.0,0,85662886.0,197979720.91034508,0.4326851538435715,0.5673148461564286,17,0,[],1
2022-04-14,P3-2,112316834.91034509,0.0,0,86888574.0,199205408.91034508,0.4361757769293569,0.5638242230706432,17,0,[],1
2022-04-15,P3-2,112316834.91034509,0.0,0,87824521.0,200141355.91034508,0.438812461325293,0.561187538674707,17,0,[],1
2022-04-18,P3-2,92417193.6318281,0.0,0,107052671.0,199469864.6318281,0.5366859359813206,0.4633140640186793,21,0,[],0
2022-04-19,P3-2,92417193.6318281,0.0,0,107343093.0,199760286.6318281,0.537359526309855,0.46264047369014505,21,0,[],0
2022-04-20,P3-2,92417193.6318281,0.0,0,107827345.0,200244538.6318281,0.5384783312280621,0.46152166877193795,21,0,[],0
2022-04-21,P3-2,92417193.6318281,0.0,0,107311289.0,199728482.6318281,0.5372858572095276,0.4627141427904724,21,0,[],0
2022-04-22,P3-2,92417193.6318281,0.0,0,107074157.0,199491350.6318281,0.536735836721117,0.4632641632788829,21,0,[],0
2022-04-25,P3-2,52542043.91642708,0.0,0,147272489.0,199814532.91642708,0.737045933799005,0.2629540662009951,29,0,[],0
2022-04-26,P3-2,52542043.91642708,0.0,0,152081346.0,204623389.91642708,0.7432256207959097,0.25677437920409035,29,0,[],0
2022-04-27,P3-2,52542043.91642708,0.0,0,147167056.0,199709099.91642708,0.7369071117018978,0.26309288829810223,29,0,[],0
2022-04-28,P3-2,52542043.91642708,0.0,0,146140079.0,198682122.91642708,0.7355471989871571,0.2644528010128429,29,0,[],0
2022-04-29,P3-2,52542043.91642708,0.0,0,145204148.0,197746191.91642708,0.734295546188658,0.26570445381134206,29,0,[],0
2022-05-02,P3-2,22788628.339441985,6136695.597564001,0,170965261.0,199890584.937006,0.8552942153522559,0.14470578464774408,34,0,[],0
2022-05-03,P3-2,28925323.937005986,0.0,0,169809287.0,198734610.937006,0.8544525093005837,0.14554749069941625,34,0,[],0
2022-05-04,P3-2,28925323.937005986,0.0,0,166688123.0,195613446.937006,0.8521301863960257,0.14786981360397425,34,0,[],0
2022-05-06,P3-2,28925323.937005986,4097063.5682670004,0,,,,,33,1,['089590|KR7089590004|2022-04-08|2022-04-11'],0
2022-05-09,P3-2,13066261.335292984,0.0,0,176727790.0,189794051.335293,0.9311555802546733,0.06884441974532664,37,0,[],0
2022-05-10,P3-2,13066261.335292984,0.0,0,176110748.0,189177009.335293,0.9309310291921644,0.06906897080783554,37,0,[],0
2022-05-11,P3-2,13066261.335292984,4126549.6246950002,0,170702897.0,187895707.959988,0.9084981176704198,0.09150188232958018,36,0,[],0
2022-05-12,P3-2,17192810.959987983,4226514.547707,0,163100075.0,184519400.507695,0.8839183010092115,0.11608169899078842,35,0,[],0
2022-05-13,P3-2,21419325.507694982,12474369.8338095,0,151919128.0,185812823.34150448,0.8175922698337594,0.1824077301662406,32,0,[],0
2022-05-16,P3-2,23926544.793149486,0.0,0,163553629.0,187480173.79314947,0.8723782664104627,0.12762173358953735,34,0,[],0
2022-05-17,P3-2,23926544.793149486,4217824.551402001,0,158728264.0,186872633.3445515,0.8493927717459862,0.15060722825401374,33,0,[],0
2022-05-18,P3-2,28144369.34455149,0.0,0,157766036.0,185910405.3445515,0.8486132645862884,0.1513867354137116,33,0,[],0
2022-05-19,P3-2,28144369.34455149,0.0,0,155977978.0,184122347.3445515,0.8471431102717563,0.15285688972824368,33,0,[],0
2022-05-20,P3-2,28144369.34455149,12607087.05324,0,146118765.0,186870221.3977915,0.7819264295136479,0.218073570486352,30,0,[],0
2022-05-23,P3-2,30792315.05063649,0.0,0,156349262.0,187141577.0506365,0.8354597864572619,0.164540213542738,32,0,[],0
2022-05-24,P3-2,30792315.05063649,0.0,0,152801624.0,183593939.0506365,0.8322803290246756,0.16771967097532425,32,0,[],0
2022-05-25,P3-2,30792315.05063649,4539908.776520249,0,149872391.0,185204614.82715672,0.8092260073533766,0.1907739926466235,31,0,[],0
2022-05-26,P3-2,35332223.82715674,0.0,0,148815107.0,184147330.82715672,0.8081306762989682,0.19186932370103188,31,0,[],0
2022-05-27,P3-2,35332223.82715674,0.0,0,150592430.0,185924653.82715672,0.809964826611951,0.19003517338804912,31,0,[],0
2022-05-30,P3-2,30392048.41198174,0.0,0,157180214.0,187572262.41198173,0.8379715208359061,0.1620284791640939,32,0,[],0
2022-05-31,P3-2,30392048.41198174,0.0,0,157641432.0,188033480.41198173,0.8383689524578671,0.16163104754213292,32,0,[],0
2022-06-02,P3-2,30392048.41198174,0.0,0,157309633.0,187701681.41198173,0.8380832383420425,0.16191676165795763,32,0,[],0
2022-06-03,P3-2,30392048.41198174,0.0,0,157587503.0,187979551.41198173,0.838322582516576,0.161677417483424,32,0,[],0
2022-06-07,P3-2,539603.0667592445,0.0,0,186206030.0,186745633.06675926,0.9971104916463222,0.0028895083536777705,38,0,[],0
2022-06-08,P3-2,539603.0667592445,0.0,0,185410074.0,185949677.06675926,0.9970981231305632,0.002901876869436656,38,0,[],0
2022-06-09,P3-2,539603.0667592445,0.0,0,183524686.0,184064289.06675926,0.9970683989300958,0.002931601069904076,38,0,[],0
2022-06-10,P3-2,539603.0667592445,0.0,0,181851061.0,182390664.06675926,0.9970414984258089,0.002958501574190975,38,0,[],0
2022-06-13,P3-2,539603.0667592445,4068716.20101,0,174614394.0,179222713.26776925,0.974287191708318,0.02571280829168201,37,0,[],0
2022-06-14,P3-2,4608319.2677692445,16335015.560073,0,,,,,33,1,['003690|KR7003690005|2022-04-08|2022-04-12'],0
2022-06-15,P3-2,20943334.827842243,8317624.96908,0,144287456.0,173548415.79692224,0.8313959844429697,0.16860401555703033,31,0,[],0
2022-06-16,P3-2,29260959.796922244,12725690.520050999,0,134140093.0,176126743.31697324,0.7616111583837648,0.23838884161623516,28,0,[],0
2022-06-17,P3-2,41986650.31697324,0.0,0,132860081.0,174846731.31697324,0.7598659694652388,0.2401340305347612,28,0,[],0
2022-06-20,P3-2,41986650.31697324,8441082.84762,0,122103762.0,172531495.16459322,0.7077186799054532,0.2922813200945469,26,0,[],0
2022-06-21,P3-2,50427733.164593235,12377711.104794,0,110795169.0,173600613.26938725,0.6382187649767804,0.3617812350232195,23,0,[],0
2022-06-22,P3-2,62805444.26938723,4224237.169364999,0,103221253.0,170250934.43875223,0.6062889072549194,0.39371109274508065,22,0,[],0
2022-06-23,P3-2,67029681.43875223,8349787.94391,0,91532383.0,166911852.38266224,0.5483875572248326,0.4516124427751673,20,0,[],0
2022-06-24,P3-2,75379469.38266222,16674429.83529375,0,,,,,16,1,['003690|KR7003690005|2022-04-08|2022-04-12'],0
2022-06-27,P3-2,92053899.21795598,4259272.8372264,0,73141618.0,169454790.0551824,0.43162909691830886,0.568370903081691,15,0,[],0
2022-06-28,P3-2,96313172.05518238,0.0,0,74277761.0,170590933.0551824,0.4354144717408444,0.5645855282591555,15,0,[],0
2022-06-29,P3-2,96313172.05518238,0.0,0,74641248.0,170954420.0551824,0.43661490575035466,0.5633850942496452,15,0,[],0
2022-06-30,P3-2,96313172.05518238,0.0,0,74449307.0,170762479.0551824,0.4359816477947798,0.5640183522052201,15,0,[],0
2022-07-01,P3-2,96313172.05518238,7389493.4097,0,65938486.0,169641151.46488237,0.3886939308688317,0.6113060691311684,14,0,[],0
2022-07-04,P3-2,88889142.26465663,0.0,0,79696080.0,168585222.26465663,0.472734673475043,0.5272653265249571,17,0,[],0
2022-07-05,P3-2,88889142.26465663,4188458.3569920002,0,,,,,16,1,['128940|KR7128940004|2022-04-29|2022-05-02'],0
2022-07-06,P3-2,93077600.62164864,0.0,0,71785266.0,164862866.62164864,0.43542410411159055,0.5645758958884095,16,0,[],0
2022-07-07,P3-2,93077600.62164864,12271659.1889679,0,61069904.0,166419163.81061655,0.3669643723813982,0.6330356276186017,13,0,[],0
2022-07-08,P3-2,105349259.81061654,4191275.1144149997,0,57318112.0,166858646.92503154,0.3435129857294878,0.6564870142705123,12,0,[],0
2022-07-11,P3-2,104544995.90656154,0.0,0,61213689.0,165758684.90656155,0.3692940073366669,0.630705992663333,13,0,[],0
2022-07-12,P3-2,104544995.90656154,0.0,0,60565609.0,165110604.90656155,0.3668184065722183,0.6331815934277816,13,0,[],0
2022-07-13,P3-2,104544995.90656154,4146499.65874095,0,56811745.0,165503240.5653025,0.3432666623683651,0.6567333376316349,12,0,[],0
2022-07-14,P3-2,108691495.56530249,4075308.612,0,52340905.0,165107709.17730248,0.31701066692042357,0.6829893330795765,11,0,[],0
2022-07-15,P3-2,112766804.1773025,0.0,0,51822715.0,164589519.17730248,0.31486035841792864,0.6851396415820714,11,0,[],0
2022-07-18,P3-2,112766804.1773025,4127448.5898300004,0,48149061.0,165043313.7671325,0.2917359079928304,0.7082640920071697,10,0,[],0
2022-07-19,P3-2,116894252.76713249,0.0,0,48183633.0,165077885.7671325,0.2918842386191592,0.7081157613808409,10,0,[],0
2022-07-20,P3-2,116894252.76713249,0.0,0,48299702.0,165193954.7671325,0.2923817767307903,0.7076182232692098,10,0,[],0
2022-07-21,P3-2,116894252.76713249,0.0,0,48285138.0,165179390.7671325,0.2923193854617837,0.7076806145382163,10,0,[],0
2022-07-22,P3-2,116894252.76713249,0.0,0,48050523.0,164944775.7671325,0.29131279106309665,0.7086872089369033,10,0,[],0
2022-07-25,P3-2,111900716.04896249,0.0,0,53356411.0,165257127.04896247,0.3228690462723071,0.6771309537276929,11,0,[],0
2022-07-26,P3-2,111900716.04896249,0.0,0,53373938.0,165274654.04896247,0.32294085446512577,0.6770591455348743,11,0,[],0
2022-07-27,P3-2,111900716.04896249,0.0,0,53235548.0,165136264.04896247,0.3223734550771707,0.6776265449228294,11,0,[],0
2022-07-28,P3-2,111900716.04896249,0.0,0,53107268.0,165007984.04896247,0.32184665673051066,0.6781533432694895,11,0,[],0
2022-07-29,P3-2,111900716.04896249,0.0,0,53575165.0,165475881.04896247,0.32376419246347876,0.6762358075365213,11,0,[],0
2022-08-01,P3-2,98151732.82278429,0.0,0,67007109.0,165158841.8227843,0.4057131199303198,0.5942868800696801,14,0,[],0
2022-08-02,P3-2,98151732.82278429,0.0,0,66879531.0,165031263.8227843,0.40525370436366115,0.5947462956363387,14,0,[],0
2022-08-03,P3-2,98151732.82278429,0.0,0,67419482.0,165571214.8227843,0.4071932556160866,0.5928067443839132,14,0,[],0
2022-08-04,P3-2,98151732.82278429,0.0,0,66797522.0,164949254.8227843,0.40495801009689264,0.5950419899031073,14,0,[],0
2022-08-05,P3-2,98151732.82278429,0.0,0,66937235.0,165088967.8227843,0.40546158766862095,0.5945384123313789,14,0,[],0
2022-08-08,P3-2,88180133.1631627,0.0,0,77257853.0,165437986.1631627,0.4669898056169801,0.5330101943830198,16,0,[],0
2022-08-09,P3-2,88180133.1631627,0.0,0,77245559.0,165425692.1631627,0.4669501937087931,0.5330498062912068,16,0,[],0
2022-08-10,P3-2,88180133.1631627,4178005.39017225,0,72466984.0,164825122.55333495,0.4396598217395577,0.5603401782604421,15,0,[],0
2022-08-11,P3-2,92358138.55333494,0.0,0,73073569.0,165431707.55333495,0.4417144094123624,0.5582855905876375,15,0,[],0
2022-08-12,P3-2,92358138.55333494,0.0,0,73341773.0,165699911.55333495,0.4426180576227585,0.5573819423772414,15,0,[],0
2022-08-16,P3-2,72433448.49806494,4157713.749375,0,88521580.0,165112742.24743992,0.5361280952341068,0.4638719047658933,18,0,[],0
2022-08-17,P3-2,76591162.24743994,0.0,0,88381933.0,164973095.24743992,0.5357354353292436,0.46426456467075644,18,0,[],0
2022-08-18,P3-2,76591162.24743994,0.0,0,88276021.0,164867183.24743992,0.5354371880516177,0.4645628119483824,18,0,[],0
2022-08-19,P3-2,76591162.24743994,0.0,0,88117201.0,164708363.24743992,0.5349892334709337,0.46501076652906637,18,0,[],0
2022-08-22,P3-2,51673205.78454045,0.0,0,112660983.0,164334188.78454044,0.6855602223327399,0.3144397776672601,23,0,[],0
2022-08-23,P3-2,51673205.78454045,0.0,0,113178077.0,164851282.78454044,0.6865465350847346,0.31345346491526543,23,0,[],0
2022-08-24,P3-2,51673205.78454045,0.0,0,114569665.0,166242870.78454044,0.6891703954540603,0.31082960454593966,23,0,[],0
2022-08-25,P3-2,51673205.78454045,0.0,0,114949522.0,166622727.78454044,0.6898790070742391,0.3101209929257609,23,0,[],0
2022-08-26,P3-2,51673205.78454045,0.0,0,114969899.0,166643104.78454044,0.6899169284480698,0.31008307155193016,23,0,[],0
2022-08-29,P3-2,26750013.30635646,0.0,0,139049396.0,165799409.30635646,0.8386603823362904,0.1613396176637097,28,0,[],0
2022-08-30,P3-2,26750013.30635646,0.0,0,140089545.0,166839558.30635646,0.8396662423593979,0.1603337576406021,28,0,[],0
2022-08-31,P3-2,26750013.30635646,0.0,0,140267224.0,167017237.30635646,0.8398368112311101,0.16016318876888996,28,0,[],0
2022-09-01,P3-2,26750013.30635646,0.0,0,137275425.0,164025438.30635646,0.8369154590741318,0.1630845409258682,28,0,[],0
2022-09-02,P3-2,26750013.30635646,4157613.86436,0,132527750.0,163435377.17071646,0.8108877789755893,0.18911222102441072,27,0,[],0
2022-09-05,P3-2,15935076.274913963,0.0,0,148619934.0,164555010.27491397,0.9031626186994123,0.09683738130058765,30,0,[],0
2022-09-06,P3-2,15935076.274913963,0.0,0,151372050.0,167307126.27491397,0.9047555437134821,0.09524445628651784,30,0,[],0
2022-09-07,P3-2,15935076.274913963,0.0,0,149496021.0,165431097.27491397,0.9036754483443158,0.09632455165568417,30,0,[],0
2022-09-08,P3-2,15935076.274913963,4184283.1633649995,0,144584835.0,164704194.43827897,0.8778454944217072,0.12215450557829274,29,0,[],0
2022-09-13,P3-2,20119359.438278962,0.0,0,144506998.0,164626357.43827897,0.8777877385410654,0.12221226145893453,29,0,[],0
2022-09-14,P3-2,20119359.438278962,0.0,0,142948478.0,163067837.43827897,0.8766196954939436,0.12338030450605639,29,0,[],0
2022-09-15,P3-2,20119359.438278962,4165205.1255,0,138991340.0,163275904.56377897,0.8512666971366072,0.14873330286339284,28,0,[],0
2022-09-16,P3-2,24284564.563778963,0.0,0,136704595.0,160989159.56377897,0.8491540385105361,0.15084596148946391,28,0,[],0
2022-09-19,P3-2,9378820.417485964,0.0,0,150181548.0,159560368.41748595,0.9412208651151613,0.0587791348848387,31,0,[],0
2022-09-20,P3-2,9378820.417485964,0.0,0,152064814.0,161443634.41748595,0.9419065331914372,0.058093466808562776,31,0,[],0
2022-09-21,P3-2,9378820.417485964,0.0,0,150045258.0,159424078.41748595,0.9411706154391214,0.0588293845608787,31,0,[],0
2022-09-22,P3-2,9378820.417485964,3611075.0254848003,0,148034496.0,161024391.44297075,0.9193296411396696,0.08067035886033039,30,0,[],0
2022-09-23,P3-2,12989895.442970764,0.0,0,144711762.0,157701657.44297075,0.91762993710026,0.08237006289974008,30,0,[],0
2022-09-26,P3-2,3025143.650375164,0.0,0,148323115.0,151348258.65037516,0.9800120353061779,0.019987964693822167,32,0,[],0
2022-09-27,P3-2,3025143.650375164,20414355.5312784,0,129192669.0,152632168.18165356,0.8464314602819683,0.15356853971803175,27,0,[],0
2022-09-28,P3-2,23439499.181653567,0.0,0,124300793.0,147740292.18165356,0.8413466033163546,0.15865339668364548,27,0,[],0
2022-09-29,P3-2,23439499.181653567,12585511.89,0,112993947.0,149018958.07165357,0.7582521610818707,0.24174783891812926,24,0,[],0
2022-09-30,P3-2,36025011.07165357,4171018.433373,0,107452370.0,147648399.50502658,0.7277584475024523,0.27224155249754756,23,0,[],0
2022-10-04,P3-2,40196029.505026564,0.0,0,110835705.0,151031734.50502658,0.7338570623136902,0.26614293768630976,23,0,[],0
2022-10-05,P3-2,40196029.505026564,0.0,0,110025289.0,150221318.50502658,0.7324212707953194,0.2675787292046805,23,0,[],0
2022-10-06,P3-2,40196029.505026564,0.0,0,111447358.0,151643387.50502658,0.7349305487936677,0.2650694512063322,23,0,[],0
2022-10-07,P3-2,40196029.505026564,0.0,0,110543678.0,150739707.50502658,0.7333414654285023,0.2666585345714976,23,0,[],0
2022-10-11,P3-2,40196029.505026564,0.0,0,107295723.0,147491752.50502658,0.7274693071149406,0.2725306928850592,23,0,[],0
2022-10-12,P3-2,40196029.505026564,8032852.7913150005,0,99886887.0,148115769.29634157,0.6743838787357748,0.32561612126422523,21,0,[],0
2022-10-13,P3-2,48228882.29634157,0.0,0,97752028.0,145980910.29634157,0.6696219923657358,0.33037800763426417,21,0,[],0
2022-10-14,P3-2,48228882.29634157,8411806.549723499,0,91356733.0,147997421.84606507,0.6172859760693796,0.3827140239306204,19,0,[],0
2022-10-17,P3-2,56640688.84606507,0.0,0,92229558.0,148870246.84606507,0.6195298251595382,0.3804701748404617,19,0,[],0
2022-10-18,P3-2,56640688.84606507,0.0,0,94029021.0,150669709.84606507,0.6240738174651478,0.37592618253485216,19,0,[],0
2022-10-19,P3-2,56640688.84606507,0.0,0,94034615.0,150675303.84606507,0.6240877741721291,0.3759122258278708,19,0,[],0
2022-10-20,P3-2,56640688.84606507,0.0,0,93161685.0,149802373.84606507,0.6218972544168874,0.37810274558311263,19,0,[],0
2022-10-21,P3-2,56640688.84606507,4194858.9887532,0,88391068.0,149226615.83481827,0.5923277660993246,0.4076722339006754,18,0,[],0
2022-10-24,P3-2,50875117.006270066,0.0,0,98860358.0,149735475.00627005,0.660233374862305,0.33976662513769507,20,0,[],0
2022-10-25,P3-2,50875117.006270066,0.0,0,98187989.0,149063106.00627005,0.6587008122309616,0.3412991877690386,20,0,[],0
2022-10-26,P3-2,50875117.006270066,0.0,0,97508758.0,148383875.00627005,0.6571385064305654,0.34286149356943474,20,0,[],0
2022-10-27,P3-2,50875117.006270066,0.0,0,99631903.0,150507020.00627005,0.6619751224617256,0.33802487753827454,20,0,[],0
2022-10-28,P3-2,50875117.006270066,0.0,0,99292999.0,150168116.00627005,0.6612122575730668,0.3387877424269334,20,0,[],0
2022-10-31,P3-2,50875117.006270066,0.0,0,100764422.0,151639539.00627005,0.6644996592599345,0.3355003407400656,20,0,[],0
2022-11-01,P3-2,50875117.006270066,0.0,0,102923149.0,153798266.00627005,0.6692087737569423,0.33079122624305785,20,0,[],0
2022-11-02,P3-2,50875117.006270066,0.0,0,103136538.0,154011655.00627005,0.6696670975699933,0.33033290243000674,20,0,[],0
2022-11-03,P3-2,50875117.006270066,0.0,0,103503682.0,154378799.00627005,0.6704526960065043,0.3295473039934958,20,0,[],0
2022-11-04,P3-2,50875117.006270066,8434290.6666,0,95550512.0,154859919.67287007,0.6170125375361376,0.3829874624638624,18,0,[],0
2022-11-07,P3-2,54309573.72025657,0.0,0,100244940.0,154554513.72025657,0.6486057093191285,0.3513942906808714,19,0,[],0
2022-11-08,P3-2,54309573.72025657,0.0,0,99387167.0,153696740.72025657,0.6466445972390175,0.35335540276098254,19,0,[],0
2022-11-09,P3-2,54309573.72025657,0.0,0,100384470.0,154694043.72025657,0.6489226578208264,0.3510773421791737,19,0,[],0
2022-11-10,P3-2,54309573.72025657,0.0,0,100652057.0,154961630.72025657,0.6495288964898766,0.35047110351012345,19,0,[],0
2022-11-11,P3-2,54309573.72025657,0.0,0,101991236.0,156300809.72025657,0.6525317186938536,0.3474682813061464,19,0,[],0
2022-11-14,P3-2,44339690.03199207,0.0,0,112729046.0,157068736.03199208,0.717705183398427,0.2822948166015729,21,0,[],0
2022-11-15,P3-2,44339690.03199207,0.0,0,112261411.0,156601101.03199208,0.7168622076103162,0.2831377923896838,21,0,[],0
2022-11-16,P3-2,44339690.03199207,0.0,0,113190923.0,157530613.03199208,0.7185328668594252,0.28146713314057475,21,0,[],0
2022-11-17,P3-2,44339690.03199207,0.0,0,113142303.0,157481993.03199208,0.7184459684671086,0.2815540315328913,21,0,[],0
2022-11-18,P3-2,44339690.03199207,0.0,0,111510971.0,155850661.03199208,0.7154988645002263,0.2845011354997736,21,0,[],0
2022-11-21,P3-2,44339690.03199207,0.0,0,112679674.0,157019364.03199208,0.7176164207176509,0.2823835792823491,21,0,[],0
2022-11-22,P3-2,44339690.03199207,0.0,0,113620450.0,157960140.03199208,0.7192982354724943,0.2807017645275057,21,0,[],0
2022-11-23,P3-2,44339690.03199207,0.0,0,114989515.0,159329205.03199208,0.7217102161333887,0.2782897838666113,21,0,[],0
2022-11-24,P3-2,44339690.03199207,0.0,0,115306977.0,159646667.03199208,0.7222636033916905,0.27773639660830945,21,0,[],0
2022-11-25,P3-2,44339690.03199207,0.0,0,116422400.0,160762090.03199208,0.72419063460068,0.27580936539931994,21,0,[],0
2022-11-28,P3-2,24486642.281456076,0.0,0,134948614.0,159435256.28145608,0.8464163896206932,0.1535836103793068,25,0,[],0
2022-11-29,P3-2,24486642.281456076,0.0,0,136454186.0,160940828.28145608,0.847853136193425,0.15214686380657502,25,0,[],0
2022-11-30,P3-2,24486642.281456076,0.0,0,138814139.0,163300781.28145608,0.8500518975518416,0.14994810244815834,25,0,[],0
2022-12-01,P3-2,24486642.281456076,0.0,0,138366028.0,162852670.28145608,0.849639295203842,0.15036070479615804,25,0,[],0
2022-12-02,P3-2,24486642.281456076,0.0,0,136435131.0,160921773.28145608,0.8478351202442422,0.15216487975575776,25,0,[],0
2022-12-05,P3-2,4633946.93577288,0.0,0,157299795.0,161933741.93577287,0.9713836852012546,0.028616314798745428,29,0,[],0
2022-12-06,P3-2,4633946.93577288,0.0,0,154626519.0,159260465.93577287,0.9709033443513743,0.029096655648625784,29,0,[],0
2022-12-07,P3-2,4633946.93577288,0.0,0,154532079.0,159166025.93577287,0.9708860800630734,0.02911391993692664,29,0,[],0
2022-12-08,P3-2,4633946.93577288,0.0,0,153638667.0,158272613.93577287,0.9707217387737507,0.029278261226249404,29,0,[],0
2022-12-09,P3-2,4633946.93577288,3794645.7037521,0,150075231.0,158503823.63952497,0.9468240421840323,0.0531759578159678,28,0,[],0
2022-12-12,P3-2,3471597.9018299794,0.0,0,155738631.0,159210228.90183,0.9781948815363453,0.02180511846365467,29,0,[],0
2022-12-13,P3-2,3471597.9018299794,0.0,0,155120258.0,158591855.90183,0.9781098601684884,0.02189013983151149,29,0,[],0
2022-12-14,P3-2,3471597.9018299794,0.0,0,155682135.0,159153732.90183,0.9781871412091141,0.02181285879088584,29,0,[],0
2022-12-15,P3-2,3471597.9018299794,0.0,0,154362754.0,157834351.90183,0.9780048014896703,0.021995198510329668,29,0,[],0
2022-12-16,P3-2,3471597.9018299794,0.0,0,152315090.0,155786687.90183,0.9777156960675765,0.02228430393242348,29,0,[],0
2022-12-19,P3-2,3471597.9018299794,0.0,0,152175633.0,155647230.90183,0.9776957297491556,0.022304270250844294,29,0,[],0
2022-12-20,P3-2,3471597.9018299794,0.0,0,150530569.0,154002166.90183,0.9774574736728023,0.02254252632719759,29,0,[],0
2022-12-21,P3-2,3471597.9018299794,4059526.77963,0,147154192.0,154685316.68146,0.9513132542698369,0.04868674573016297,28,0,[],0
2022-12-22,P3-2,7531124.681459979,0.0,0,147880374.0,155411498.68146,0.9515407499100423,0.04845925008995756,28,0,[],0
2022-12-23,P3-2,7531124.681459979,0.0,0,144390764.0,151921888.68146,0.9504276523493546,0.04957234765064536,28,0,[],0
2022-12-26,P3-2,2578434.889409979,4150771.7408325,0,145720222.0,152449428.63024247,0.9558594171804751,0.04414058281952497,28,0,[],0
2022-12-27,P3-2,6729206.630242479,0.0,0,147419429.0,154148635.63024247,0.956345986438804,0.04365401356119609,28,0,[],0
2022-12-28,P3-2,6729206.630242479,4156814.78424,0,141973777.0,152859798.41448247,0.9287842746922588,0.0712157253077412,27,0,[],0
2022-12-29,P3-2,10886021.414482478,0.0,0,139114401.0,150000422.41448247,0.9274267282767903,0.07257327172320975,27,0,[],0
2023-01-02,P3-2,10886021.414482478,8467682.227114499,0,129924754.0,149278457.64159697,0.8703516639483017,0.12964833605169832,25,0,[],0
2023-01-03,P3-2,19353703.641596977,0.0,0,129701789.0,149055492.64159697,0.8701577291879284,0.1298422708120716,25,0,[],0
2023-01-04,P3-2,19353703.641596977,4243764.6897975,0,126225816.0,149823284.3313945,0.842497990638096,0.15750200936190387,24,0,[],0
2023-01-05,P3-2,23597468.33139448,0.0,0,126236482.0,149833950.3313945,0.8425092024924731,0.15749079750752681,24,0,[],0
2023-01-06,P3-2,23597468.33139448,0.0,0,127186606.0,150784074.3313945,0.8435015870473709,0.15649841295262898,24,0,[],0
2023-01-09,P3-2,3692100.474019478,0.0,0,149113966.0,152806066.47401947,0.9758379980637273,0.024162001936272732,28,0,[],0
2023-01-10,P3-2,3692100.474019478,0.0,0,149185806.0,152877906.47401947,0.9758493522107008,0.024150647789299266,28,0,[],0
2023-01-11,P3-2,3692100.474019478,0.0,0,149380454.0,153072554.47401947,0.9758800623226934,0.02411993767730666,28,0,[],0
2023-01-12,P3-2,3692100.474019478,0.0,0,150037911.0,153730011.47401947,0.9759832160381811,0.02401678396181898,28,0,[],0
2023-01-13,P3-2,3692100.474019478,0.0,0,152640149.0,156332249.47401947,0.9763829888814268,0.023617011118573207,28,0,[],0
2023-01-16,P3-2,3692100.474019478,0.0,0,152973238.0,156665338.47401947,0.9764332014344593,0.02356679856554075,28,0,[],0
2023-01-17,P3-2,3692100.474019478,0.0,0,153183544.0,156875644.47401947,0.9764647948609325,0.023535205139067556,28,0,[],0
2023-01-18,P3-2,3692100.474019478,0.0,0,151699112.0,155391212.47401947,0.9762399661136774,0.02376003388632273,28,0,[],0
2023-01-19,P3-2,3692100.474019478,0.0,0,152255269.0,155947369.47401947,0.9763247018114367,0.023675298188563385,28,0,[],0
2023-01-20,P3-2,3692100.474019478,0.0,0,153058224.0,156750324.47401947,0.9764459787473587,0.023554021252641326,28,0,[],0
2023-01-25,P3-2,3692100.474019478,0.0,0,152781262.0,156473362.47401947,0.9764042875052775,0.02359571249472259,28,0,[],0
2023-01-26,P3-2,3692100.474019478,0.0,0,153477681.0,157169781.47401947,0.976508840062046,0.023491159937954045,28,0,[],0
2023-01-27,P3-2,3692100.474019478,0.0,0,154008573.0,157700673.47401947,0.9765879219619964,0.023412078038003662,28,0,[],0
2023-01-30,P3-2,3692100.474019478,0.0,0,152712488.0,156404588.47401947,0.9763939120326207,0.023606087967379404,28,0,[],0
2023-01-31,P3-2,3692100.474019478,0.0,0,153903748.0,157595848.47401947,0.9765723494002564,0.02342765059974369,28,0,[],0
2023-02-01,P3-2,3692100.474019478,0.0,0,155823710.0,159515810.47401947,0.9768543289655868,0.023145671034413326,28,0,[],0
2023-02-02,P3-2,3692100.474019478,0.0,0,154628455.0,158320555.47401947,0.9766795886802877,0.023320411319712398,28,0,[],0
2023-02-03,P3-2,3692100.474019478,0.0,0,154380969.0,158073069.47401947,0.9766430772407675,0.02335692275923258,28,0,[],0
2023-02-06,P3-2,3692100.474019478,0.0,0,155298952.0,158991052.47401947,0.976777935509152,0.023222064490847998,28,0,[],0
2023-02-07,P3-2,3692100.474019478,0.0,0,156320411.0,160012511.47401947,0.9769261763345366,0.023073823665463487,28,0,[],0
2023-02-08,P3-2,3692100.474019478,0.0,0,156332219.0,160024319.47401947,0.9769278789239351,0.023072121076064968,28,0,[],0
2023-02-09,P3-2,3692100.474019478,0.0,0,156484218.0,160176318.47401947,0.976949773167509,0.023050226832491066,28,0,[],0
2023-02-10,P3-2,3692100.474019478,0.0,0,158121531.0,161813631.47401947,0.9771830071398387,0.022816992860161325,28,0,[],0
2023-02-13,P3-2,3692100.474019478,0.0,0,157705498.0,161397598.47401947,0.977124192002065,0.02287580799793501,28,0,[],0
2023-02-14,P3-2,3692100.474019478,0.0,0,156677212.0,160369312.47401947,0.9769775126109765,0.023022487389023474,28,0,[],0
2023-02-15,P3-2,3692100.474019478,0.0,0,154484021.0,158176121.47401947,0.9766582943138741,0.023341705686126007,28,0,[],0
2023-02-16,P3-2,3692100.474019478,4190426.0917875,0,151405249.0,159287775.56580698,0.9505139265219354,0.04948607347806454,27,0,[],0
2023-02-17,P3-2,7882526.565806977,0.0,0,152124870.0,160007396.56580698,0.9507364863438353,0.049263513656164604,27,0,[],0
2023-02-20,P3-2,2924730.9079919774,0.0,0,157018129.0,159942859.90799198,0.9817139013915692,0.018286098608430817,28,0,[],0
2023-02-21,P3-2,2924730.9079919774,0.0,0,156781874.0,159706604.90799198,0.981686850649183,0.01831314935081698,28,0,[],0
2023-02-22,P3-2,2924730.9079919774,0.0,0,154753728.0,157678458.90799198,0.9814512969733006,0.018548703026699462,28,0,[],0
2023-02-23,P3-2,2924730.9079919774,0.0,0,155665156.0,158589886.90799198,0.9815578977637534,0.01844210223624662,28,0,[],0
2023-02-24,P3-2,2924730.9079919774,0.0,0,156175504.0,159100234.90799198,0.9816170547473839,0.0183829452526161,28,0,[],0
2023-02-27,P3-2,2924730.9079919774,0.0,0,156940018.0,159864748.90799198,0.9817049666798322,0.018295033320167832,28,0,[],1
2023-02-28,P3-2,2924730.9079919774,0.0,0,157432217.0,160356947.90799198,0.9817611213848364,0.018238878615163594,28,0,[],1
2023-03-02,P3-2,2924730.9079919774,8671517.577225,0,149218392.0,160814640.48521698,0.9278905922357052,0.07210940776429477,27,0,[],1
2023-03-03,P3-2,11596248.485216977,0.0,0,148669091.0,160265339.48521698,0.9276434410430546,0.07235655895694544,27,0,[],1
2023-03-06,P3-2,1915366.8107529795,0.0,0,158547974.0,160463340.810753,0.9880635240356118,0.011936475964388165,29,0,[],1
2023-03-07,P3-2,1915366.8107529795,0.0,0,159097422.0,161012788.810753,0.9881042566562571,0.011895743343742797,29,0,[],1
2023-03-08,P3-2,1915366.8107529795,0.0,0,157619695.0,159535061.810753,0.9879940698363531,0.012005930163646822,29,0,[],1
2023-03-09,P3-2,1915366.8107529795,0.0,0,158731377.0,160646743.810753,0.9880771513613165,0.011922848638683538,29,0,[],1
2023-03-10,P3-2,1915366.8107529795,0.0,0,156394182.0,158309548.810753,0.9879011289897449,0.012098871010255072,29,0,[],1
2023-03-13,P3-2,1915366.8107529795,0.0,0,156453164.0,158368530.810753,0.9879056350340093,0.012094364965990636,29,0,[],1
2023-03-14,P3-2,1915366.8107529795,0.0,0,153925974.0,155841340.810753,0.9877095076262279,0.012290492373772107,29,0,[],1
2023-03-15,P3-2,1915366.8107529795,8583199.246962,0,147905438.0,158404004.05771497,0.9337228492412996,0.0662771507587005,27,0,[],1
2023-03-16,P3-2,10498566.05771498,4124851.5794400005,0,143076032.0,157699449.637155,0.9072703318191567,0.09272966818084323,26,0,[],1
2023-03-17,P3-2,14623417.637154981,4187829.0813974994,0,139494792.0,158306038.71855247,0.8811716415190174,0.11882835848098271,25,0,[],1
2023-03-20,P3-2,13826206.761705533,0.0,0,144422874.0,158249080.76170552,0.912630097469411,0.0873699025305891,26,0,[],1
2023-03-21,P3-2,13826206.761705533,0.0,0,145110984.0,158937190.76170552,0.9130083607528011,0.08699163924719898,26,0,[],1
2023-03-22,P3-2,13826206.761705533,0.0,0,145120786.0,158946992.76170552,0.9130137253843243,0.0869862746156757,26,0,[],1
2023-03-23,P3-2,13826206.761705533,0.0,0,144368183.0,158194389.76170552,0.9125998919270621,0.08740010807293797,26,0,[],1
2023-03-24,P3-2,13826206.761705533,0.0,0,143815923.0,157642129.76170552,0.9122937073826303,0.08770629261736985,26,0,[],1
2023-03-27,P3-2,3836470.2659665346,4196069.595135001,0,149687454.0,157719993.86110154,0.9490708840112211,0.050929115988778896,27,0,[],1
2023-03-28,P3-2,8032539.861101535,0.0,0,150728265.0,158760804.86110154,0.9494047673282512,0.050595232671748765,27,0,[],1
2023-03-29,P3-2,8032539.861101535,0.0,0,151247493.0,159280032.86110154,0.949569699875023,0.05043030012497691,27,0,[],1
2023-03-30,P3-2,8032539.861101535,0.0,0,150855165.0,158887704.86110154,0.9494451765910803,0.05055482340891967,27,0,[],1
2023-03-31,P3-2,8032539.861101535,0.0,0,152290012.0,160322551.86110154,0.949897629698031,0.05010237030196898,27,0,[],0
2023-04-03,P3-2,3055321.890376536,7573553.5245408,0,150576660.0,161205535.41491735,0.9340663123784161,0.06593368762158386,27,0,[],0
2023-04-04,P3-2,10628875.414917335,0.0,0,150737492.0,161366367.41491735,0.9341320277255323,0.06586797227446764,27,0,[],0
2023-04-05,P3-2,10628875.414917335,0.0,0,149864999.0,160493874.41491735,0.9337739496060827,0.0662260503939172,27,0,[],0
2023-04-06,P3-2,10628875.414917335,0.0,0,150413998.0,161042873.41491735,0.9339997157928703,0.06600028420712957,27,0,[],0
2023-04-07,P3-2,10628875.414917335,0.0,0,149583063.0,160211938.41491735,0.9336574070567035,0.0663425929432964,27,0,[],0
2023-04-10,P3-2,5787313.289517336,0.0,0,154409116.0,160196429.28951734,0.9638736436562008,0.0361263563437992,28,0,[],1
2023-04-11,P3-2,5787313.289517336,0.0,0,156049403.0,161836716.28951734,0.9642398003234065,0.0357601996765934,28,0,[],1
2023-04-12,P3-2,5787313.289517336,0.0,0,156747903.0,162535216.28951734,0.9643934808613498,0.035606519138650115,28,0,[],1
2023-04-13,P3-2,5787313.289517336,0.0,0,158000609.0,163787922.28951734,0.9646658116873387,0.03533418831266127,28,0,[],1
2023-04-14,P3-2,5787313.289517336,0.0,0,158524850.0,164312163.28951734,0.9647785460695315,0.0352214539304684,28,0,[],1
2023-04-17,P3-2,788730.774591337,0.0,0,164666009.0,165454739.77459133,0.9952329514665711,0.004767048533428967,29,0,[],0
2023-04-18,P3-2,788730.774591337,0.0,0,164496554.0,165285284.77459133,0.9952280641578773,0.004771935842122744,29,0,[],0
2023-04-19,P3-2,788730.774591337,0.0,0,166753358.0,167542088.77459133,0.9952923424772836,0.004707657522716479,29,0,[],1
2023-04-20,P3-2,788730.774591337,0.0,0,165833149.0,166621879.77459133,0.9952663433178264,0.004733656682173699,29,0,[],1
2023-04-21,P3-2,788730.774591337,0.0,0,164166676.0,164955406.77459133,0.9952185212354445,0.004781478764555585,29,0,[],1
2023-04-24,P3-2,788730.774591337,0.0,0,158796866.0,159585596.77459133,0.9950576318256003,0.004942368174399784,29,0,[],0
2023-04-25,P3-2,788730.774591337,0.0,0,155135476.0,155924206.77459133,0.9949415758405522,0.0050584241594478635,29,0,[],0
2023-04-26,P3-2,788730.774591337,0.0,0,151704190.0,152492920.77459133,0.9948277548191421,0.005172245180857975,29,0,[],0
2023-04-27,P3-2,788730.774591337,4200765.18969015,0,147903063.0,152892558.9642815,0.9673659987243255,0.03263400127567441,28,0,[],0
2023-04-28,P3-2,4989495.964281487,0.0,0,147650001.0,152639496.9642815,0.9673118946045199,0.032688105395480026,28,0,[],0
2023-05-02,P3-2,4569.137401487678,0.0,0,154098783.0,154103352.1374015,0.9999703501751382,2.9649824861783332e-05,29,0,[],0
2023-05-03,P3-2,4569.137401487678,0.0,0,153354025.0,153358594.1374015,0.9999702061861796,2.9793813820397727e-05,29,0,[],0
2023-05-04,P3-2,4569.137401487678,4158162.23309235,0,150324369.0,154487100.37049383,0.9730545051301326,0.02694549486986744,28,0,[],0
2023-05-08,P3-2,4162731.3704938376,0.0,0,150362413.0,154525144.37049383,0.9730611390951809,0.02693886090481919,28,0,[],0
2023-05-09,P3-2,4162731.3704938376,0.0,0,150020498.0,154183229.37049383,0.9730013997794078,0.026998600220592233,28,0,[],0
2023-05-10,P3-2,4162731.3704938376,0.0,0,149471599.0,153634330.37049383,0.9729049401884639,0.027095059811536166,28,0,[],0
2023-05-11,P3-2,4162731.3704938376,0.0,0,150233335.0,154396066.37049383,0.9730386177034795,0.02696138229652051,28,0,[],0
2023-05-12,P3-2,4162731.3704938376,0.0,0,146560182.0,150722913.37049383,0.9723815624485617,0.02761843755143836,28,0,[],0
2023-05-15,P3-2,4162731.3704938376,3585632.314464,0,143078495.0,150826858.68495783,0.9486274278168031,0.05137257218319692,27,0,[],0
2023-05-16,P3-2,7748363.684957838,0.0,0,142075060.0,149823423.68495783,0.9482833625451601,0.0517166374548399,27,0,[],0
2023-05-17,P3-2,7748363.684957838,0.0,0,142020451.0,149768814.68495783,0.9482645055230177,0.051735494476982405,27,0,[],0
2023-05-18,P3-2,7748363.684957838,0.0,0,142976722.0,150725085.68495783,0.9485927398896737,0.051407260110326244,27,0,[],0
2023-05-19,P3-2,7748363.684957838,0.0,0,142176117.0,149924480.68495783,0.9483182222839259,0.051681777716074115,27,0,[],0
2023-05-22,P3-2,2751122.711232838,0.0,0,147560275.0,150311397.71123284,0.9816971783036833,0.018302821696316682,28,0,[],0
2023-05-23,P3-2,2751122.711232838,0.0,0,147398651.0,150149773.71123284,0.9816774768070994,0.018322523192900585,28,0,[],0
2023-05-24,P3-2,2751122.711232838,0.0,0,147552007.0,150303129.71123284,0.9816961714867921,0.018303828513207828,28,0,[],0
2023-05-25,P3-2,2751122.711232838,0.0,0,146915326.0,149666448.71123284,0.9816183070092024,0.018381692990797605,28,0,[],0
2023-05-26,P3-2,2751122.711232838,0.0,0,145443843.0,148194965.71123284,0.981435788334446,0.018564211665553963,28,0,[],0
2023-05-30,P3-2,2751122.711232838,0.0,0,145314901.0,148066023.71123284,0.9814196218533008,0.018580378146699213,28,0,[],0
2023-05-31,P3-2,2751122.711232838,0.0,0,144820323.0,147571445.71123284,0.9813573506854691,0.01864264931453083,28,0,[],0
2023-06-01,P3-2,2751122.711232838,5598065.654176501,0,138753355.0,147102543.36540934,0.9432423928614913,0.05675760713850867,27,0,[],0
2023-06-02,P3-2,8349188.365409339,0.0,0,140144136.0,148493324.36540934,0.9437739817524468,0.05622601824755318,27,0,[],0
2023-06-05,P3-2,3350665.9194923397,4155216.624,0,141693536.0,149199418.54349235,0.9496922801927385,0.05030771980726144,27,0,[],0
2023-06-07,P3-2,7505882.54349234,0.0,0,140903400.0,148409282.54349235,0.9494244402044549,0.050575559795545066,27,0,[],0
2023-06-08,P3-2,7505882.54349234,0.0,0,140971650.0,148477532.54349235,0.9494476880446966,0.05055231195530341,27,0,[],0
2023-06-09,P3-2,7505882.54349234,0.0,0,140846381.0,148352263.54349235,0.9494050015536712,0.05059499844632869,27,0,[],0
2023-06-12,P3-2,2556796.8919823403,0.0,0,145188975.0,147745771.89198235,0.98269461887646,0.01730538112353988,28,0,[],0
2023-06-13,P3-2,2556796.8919823403,0.0,0,145029128.0,147585924.89198235,0.9826758758068992,0.01732412419310074,28,0,[],0
2023-06-14,P3-2,2556796.8919823403,0.0,0,144080910.0,146637706.89198235,0.9825638510982325,0.017436148901767486,28,0,[],0
2023-06-15,P3-2,2556796.8919823403,0.0,0,143106301.0,145663097.89198235,0.982447188553697,0.017552811446302986,28,0,[],0
2023-06-16,P3-2,2556796.8919823403,0.0,0,144766033.0,147322829.89198235,0.9826449376932482,0.017355062306751733,28,0,[],0
2023-06-19,P3-2,2556796.8919823403,4237701.669387,0,141102207.0,147896705.56136933,0.9540591621998641,0.045940837800136,27,0,[],0
2023-06-20,P3-2,6794498.56136934,0.0,0,140133864.0,146928362.56136933,0.9537563854730131,0.04624361452698692,27,0,[],0
2023-06-21,P3-2,6794498.56136934,0.0,0,140008650.0,146803148.56136933,0.9537169425318629,0.046283057468137205,27,0,[],0
2023-06-22,P3-2,6794498.56136934,0.0,0,140033663.0,146828161.56136933,0.9537248271100265,0.046275172889973584,27,0,[],0
2023-06-23,P3-2,6794498.56136934,4187379.5988300005,0,134090686.0,145072564.16019934,0.9243007923395331,0.07569920766046692,26,0,[],0
2023-06-26,P3-2,10981878.16019934,0.0,0,134181534.0,145163412.16019934,0.9243481673737459,0.0756518326262541,26,0,[],0
2023-06-27,P3-2,10981878.16019934,0.0,0,134735137.0,145717015.16019934,0.9246355811768034,0.07536441882319653,26,0,[],0
2023-06-28,P3-2,10981878.16019934,0.0,0,134115810.0,145097688.16019934,0.924313899832267,0.07568610016773304,26,0,[],0
2023-06-29,P3-2,10981878.16019934,0.0,0,132495927.0,143477805.16019934,0.9234593939603579,0.07654060603964206,26,0,[],0
2023-06-30,P3-2,10981878.16019934,4186939.1059138505,0,130085389.0,145254206.2661132,0.8955705472767987,0.10442945272320125,25,0,[],0
2023-07-03,P3-2,210817.08659079392,0.0,0,146052854.0,146263671.0865908,0.9985586503810233,0.00144134961897672,28,0,[],0
2023-07-04,P3-2,210817.08659079392,0.0,0,145409421.0,145620238.0865908,0.9985522816789694,0.0014477183210305894,28,0,[],0
2023-07-05,P3-2,210817.08659079392,4075308.612,0,141087643.0,145373768.6985908,0.9705165124564021,0.029483487543597975,27,0,[],0
2023-07-06,P3-2,4286125.698590795,0.0,0,139705216.0,143991341.6985908,0.9702334484280124,0.029766551571987623,27,0,[],0
2023-07-07,P3-2,4286125.698590795,4033257.020685,0,135064984.0,143384366.7192758,0.941978453372369,0.05802154662763094,26,0,[],0
2023-07-10,P3-2,3377505.3488457957,7383971.7660708,0,132358152.0,143119629.1149166,0.9248078185957583,0.07519218140424168,25,0,[],0
2023-07-11,P3-2,10761477.114916597,0.0,0,134591494.0,145352971.1149166,0.9259631431516557,0.07403685684834425,25,0,[],0
2023-07-12,P3-2,10761477.114916597,0.0,0,134915442.0,145676919.1149166,0.9261277820790028,0.07387221792099717,25,0,[],0
2023-07-13,P3-2,10761477.114916597,0.0,0,135004310.0,145765787.1149166,0.9261728192334143,0.0738271807665857,25,0,[],0
2023-07-14,P3-2,10761477.114916597,0.0,0,134508250.0,145269727.1149166,0.9259207177665884,0.07407928223341163,25,0,[],0
2023-07-17,P3-2,5767740.166716597,0.0,0,137803210.0,143570950.1667166,0.959826551541109,0.040173448458890995,26,0,[],0
2023-07-18,P3-2,5767740.166716597,0.0,0,137317734.0,143085474.1667166,0.9596902466843259,0.04030975331567404,26,0,[],0
2023-07-19,P3-2,5767740.166716597,0.0,0,137664764.0,143432504.1667166,0.9597877747430766,0.04021222525692329,26,0,[],0
2023-07-20,P3-2,5767740.166716597,4217025.471282,0,133881532.0,143866297.63799858,0.9305969097562892,0.06940309024371095,25,0,[],0
2023-07-21,P3-2,9984765.637998596,0.0,0,134096230.0,144080995.63799858,0.9307003287020229,0.06929967129797725,25,0,[],0
2023-07-24,P3-2,4988926.274483596,0.0,0,139815398.0,144804324.2744836,0.9655471181576951,0.03445288184230497,26,0,[],0
2023-07-25,P3-2,4988926.274483596,4230841.566556801,0,139436790.0,148656557.8410404,0.9379794071991148,0.06202059280088515,25,0,[],0
2023-07-26,P3-2,9219767.841040397,4291060.2444,0,129991604.0,143502432.0854404,0.9058494836004163,0.09415051639958366,24,0,[],0
2023-07-27,P3-2,13510828.085440397,4166403.74568,0,125034296.0,142711527.8311204,0.8761331190284852,0.1238668809715147,23,0,[],0
2023-07-28,P3-2,17677231.831120398,0.0,0,126667428.0,144344659.8311204,0.8775345630950094,0.12246543690499054,23,0,[],0
2023-07-31,P3-2,17677231.831120398,0.0,0,128331974.0,146009205.8311204,0.8789307035094313,0.12106929649056877,23,0,[],0
2023-08-01,P3-2,17677231.831120398,0.0,0,127644620.0,145321851.8311204,0.878358061032258,0.12164193896774203,23,0,[],0
2023-08-02,P3-2,17677231.831120398,0.0,0,126752200.0,144429431.8311204,0.877606443458213,0.12239355654178695,23,0,[],0
2023-08-03,P3-2,17677231.831120398,4235124.636,0,121265922.0,143178278.4671204,0.8469575364244069,0.1530424635755931,22,0,[],0
2023-08-04,P3-2,21912356.467120398,0.0,0,122076864.0,143989220.4671204,0.8478194659570086,0.1521805340429913,22,0,[],0
2023-08-07,P3-2,1967022.6957573993,0.0,0,141263838.0,143230860.6957574,0.9862667676071875,0.013733232392812563,26,0,[],0
2023-08-08,P3-2,1967022.6957573993,0.0,0,142695330.0,144662352.6957574,0.9864026634497347,0.01359733655026535,26,0,[],0
2023-08-09,P3-2,1967022.6957573993,0.0,0,143531123.0,145498145.6957574,0.9864807713778668,0.013519228622133266,26,0,[],0
2023-08-10,P3-2,1967022.6957573993,0.0,0,143188332.0,145155354.6957574,0.9864488451019928,0.013551154898007298,26,0,[],0
2023-08-11,P3-2,1967022.6957573993,0.0,0,144545365.0,146512387.6957574,0.9865743591603869,0.013425640839613175,26,0,[],0
2023-08-14,P3-2,1967022.6957573993,0.0,0,144143953.0,146110975.6957574,0.9865374747763421,0.013462525223657894,26,0,[],0
2023-08-16,P3-2,1967022.6957573993,0.0,0,142151127.0,144118149.6957574,0.986351318692962,0.013648681307038078,26,0,[],0
2023-08-17,P3-2,1967022.6957573993,0.0,0,140666969.0,142633991.6957574,0.986209299253483,0.013790700746517129,26,0,[],0
2023-08-18,P3-2,1967022.6957573993,0.0,0,140092277.0,142059299.6957574,0.9861535098372998,0.013846490162700306,26,0,[],0
2023-08-21,P3-2,1967022.6957573993,0.0,0,140711436.0,142678458.6957574,0.9862135972469972,0.013786402753002894,26,0,[],0
2023-08-22,P3-2,1967022.6957573993,0.0,0,142330469.0,144297491.6957574,0.9863682821326878,0.013631717867312265,26,0,[],0
2023-08-23,P3-2,1967022.6957573993,0.0,0,143007925.0,144974947.6957574,0.9864319820284718,0.013568017971528215,26,0,[],0
2023-08-24,P3-2,1967022.6957573993,0.0,0,145043101.0,147010123.6957574,0.9866198147018214,0.01338018529817866,26,0,[],0
2023-08-25,P3-2,1967022.6957573993,0.0,0,143600520.0,145567542.6957574,0.9864872164540927,0.013512783545907372,26,0,[],0
2023-08-28,P3-2,1967022.6957573993,0.0,0,145397832.0,147364854.6957574,0.9866520229683095,0.013347977031690647,26,0,[],0
2023-08-29,P3-2,1967022.6957573993,0.0,0,145573855.0,147540877.6957574,0.9866679477140324,0.013332052285967674,26,0,[],0
2023-08-30,P3-2,1967022.6957573993,0.0,0,145087680.0,147054702.6957574,0.9866238708473881,0.013376129152611922,26,0,[],0
2023-08-31,P3-2,1967022.6957573993,0.0,0,145261411.0,147228433.6957574,0.986639654811365,0.013360345188635136,26,0,[],0
2023-09-01,P3-2,1967022.6957573993,0.0,0,142209200.0,144176222.6957574,0.986356816269849,0.013643183730151102,26,0,[],0
2023-09-04,P3-2,1967022.6957573993,0.0,0,143013694.0,144980716.6957574,0.9864325219202413,0.013567478079758733,26,0,[],0
2023-09-05,P3-2,1967022.6957573993,0.0,0,142582224.0,144549246.6957574,0.986392023889979,0.013607976110021005,26,0,[],0
2023-09-06,P3-2,1967022.6957573993,0.0,0,142067598.0,144034620.6957574,0.986343403507742,0.013656596492258052,26,0,[],0
2023-09-07,P3-2,1967022.6957573993,0.0,0,140991030.0,142958052.6957574,0.986240560369526,0.013759439630474032,26,0,[],0
2023-09-08,P3-2,1967022.6957573993,4259097.0396,0,137312859.0,143538978.7353574,0.9566241881458799,0.04337581185412003,25,0,[],0
2023-09-11,P3-2,1279436.8442074005,0.0,0,143231500.0,144510936.8442074,0.9911464358881935,0.008853564111806432,26,0,[],0
2023-09-12,P3-2,1279436.8442074005,0.0,0,142114286.0,143393722.8442074,0.9910774557014781,0.008922544298521818,26,0,[],0
2023-09-13,P3-2,1279436.8442074005,0.0,0,141405200.0,142684636.8442074,0.9910331141985217,0.008966885801478227,26,0,[],0
2023-09-14,P3-2,1279436.8442074005,0.0,0,143319094.0,144598530.8442074,0.991151799145277,0.008848200854722961,26,0,[],0
2023-09-15,P3-2,1279436.8442074005,0.0,0,144854032.0,146133468.8442074,0.9912447377433338,0.008755262256666237,26,0,[],0
2023-09-18,P3-2,1279436.8442074005,0.0,0,147092455.0,148371891.8442074,0.9913768246242298,0.008623175375770144,26,0,[],0
2023-09-19,P3-2,1279436.8442074005,0.0,0,147527440.0,148806876.8442074,0.9914020314696417,0.008597968530358314,26,0,[],0
2023-09-20,P3-2,1279436.8442074005,0.0,0,147799150.0,149078586.8442074,0.991417702090613,0.00858229790938694,26,0,[],0
2023-09-21,P3-2,1279436.8442074005,0.0,0,145422770.0,146702206.8442074,0.9912786803161991,0.008721319683800787,26,0,[],0
2023-09-22,P3-2,1279436.8442074005,4127748.244875,0,139948240.0,145355425.0890824,0.9628002526512612,0.03719974734873884,25,0,[],0
2023-09-25,P3-2,409588.7070541512,0.0,0,143424945.0,143834533.70705414,0.997152361838998,0.002847638161002107,26,0,[],0
2023-09-26,P3-2,409588.7070541512,0.0,0,141544685.0,141954273.70705414,0.9971146433541029,0.0028853566458971465,26,0,[],0
2023-09-27,P3-2,409588.7070541512,3369411.2224934995,0,139274060.0,143053059.92954764,0.973583228968267,0.026416771031733084,25,0,[],0
2023-10-04,P3-2,3778999.9295476507,13011221.823929999,0,123537370.0,140327591.75347763,0.8803498189937294,0.11965018100627063,23,0,[],0
2023-10-05,P3-2,16790221.753477648,0.0,0,123578625.0,140368846.75347763,0.8803849846899048,0.1196150153100953,23,0,[],0
2023-10-06,P3-2,16790221.753477648,4128407.485974,0,120285460.0,141204089.23945165,0.851855358069849,0.14814464193015095,22,0,[],0
2023-10-10,P3-2,971473.3748156484,0.0,0,139356180.0,140327653.37481564,0.9930771066753262,0.006922893324673788,26,0,[],0
2023-10-11,P3-2,971473.3748156484,0.0,0,140016440.0,140987913.37481564,0.9931095272526448,0.006890472747355239,26,0,[],0
2023-10-12,P3-2,971473.3748156484,0.0,0,140849820.0,141821293.37481564,0.9931500175206542,0.0068499824793458045,26,0,[],0
2023-10-13,P3-2,971473.3748156484,0.0,0,139790020.0,140761493.37481564,0.993098443675723,0.006901556324277103,26,0,[],0
2023-10-16,P3-2,971473.3748156484,0.0,0,138461690.0,139433163.37481564,0.9930326950109839,0.006967304989016089,26,0,[],0
2023-10-17,P3-2,971473.3748156484,0.0,0,138554930.0,139526403.37481564,0.9930373509864944,0.006962649013505628,26,0,[],0
2023-10-18,P3-2,971473.3748156484,0.0,0,139234240.0,140205713.37481564,0.9930710856823746,0.006928914317625438,26,0,[],0
2023-10-19,P3-2,971473.3748156484,4141682.2044675,0,132966020.0,138079175.57928315,0.9629693937711321,0.037030606228867904,25,0,[],0
2023-10-20,P3-2,5113155.579283148,4110667.90731,0,126465300.0,135689123.48659316,0.9320223813848681,0.06797761861513177,24,0,[],0
2023-10-23,P3-2,4228815.077702648,0.0,0,131030630.0,135259445.07770264,0.9687355284115404,0.031264471588459616,25,0,[],0
2023-10-24,P3-2,4228815.077702648,0.0,0,131309105.0,135537920.07770264,0.9687997641156194,0.031200235884380603,25,0,[],0
2023-10-25,P3-2,4228815.077702648,0.0,0,132462715.0,136691530.07770264,0.9690630789245043,0.030936921075495807,25,0,[],0
2023-10-26,P3-2,4228815.077702648,0.0,0,130676050.0,134904865.07770264,0.9686533537892282,0.031346646210771795,25,0,[],0
2023-10-27,P3-2,4228815.077702648,0.0,0,129687335.0,133916150.07770264,0.9684219186763587,0.03157808132364131,25,0,[],0
2023-10-30,P3-2,4228815.077702648,0.0,0,130350460.0,134579275.07770264,0.9685775162983972,0.03142248370160292,25,0,[],0
2023-10-31,P3-2,4228815.077702648,0.0,0,128527170.0,132755985.07770264,0.9681459553388309,0.03185404466116917,25,0,[],0
2023-11-01,P3-2,4228815.077702648,15547567.05006975,0,114049005.0,133825387.12777239,0.8522224926658309,0.14777750733416906,22,0,[],0
2023-11-02,P3-2,19776382.1277724,0.0,0,113529470.0,133305852.12777239,0.8516465570557479,0.14835344294425218,22,0,[],0
2023-11-03,P3-2,19776382.1277724,0.0,0,115167030.0,134943412.1277724,0.8534468499355349,0.14655315006446518,22,0,[],0
2023-11-06,P3-2,4846300.0213329,0.0,0,131484855.0,136331155.0213329,0.9644519991004658,0.03554800089953436,25,0,[],0
2023-11-07,P3-2,4846300.0213329,0.0,0,130232465.0,135078765.0213329,0.9641224139074153,0.035877586092584776,25,0,[],0
2023-11-08,P3-2,4846300.0213329,0.0,0,130035475.0,134881775.0213329,0.9640700159783159,0.03592998402168425,25,0,[],0
2023-11-09,P3-2,4846300.0213329,0.0,0,130708055.0,135554355.0213329,0.9642482897685567,0.03575171023144341,25,0,[],0
2023-11-10,P3-2,4846300.0213329,0.0,0,129611195.0,134457495.0213329,0.9639566390808934,0.036043360919106746,25,0,[],0
2023-11-13,P3-2,4846300.0213329,0.0,0,129649675.0,134495975.0213329,0.9639669512744585,0.0360330487255415,25,0,[],0
2023-11-14,P3-2,4846300.0213329,0.0,0,131087795.0,135934095.0213329,0.9643481643029121,0.03565183569708794,25,0,[],0
2023-11-15,P3-2,4846300.0213329,0.0,0,131505605.0,136351905.0213329,0.9644574087866638,0.03554259121333636,25,0,[],0
2023-11-16,P3-2,4846300.0213329,0.0,0,131590565.0,136436865.0213329,0.9644795413572781,0.03552045864272201,25,0,[],0
2023-11-17,P3-2,4846300.0213329,0.0,0,131980030.0,136826330.0213329,0.9645806474486505,0.035419352551349606,25,0,[],0
2023-11-20,P3-2,4846300.0213329,0.0,0,131873065.0,136719365.0213329,0.9645529364433729,0.0354470635566272,25,0,[],0
2023-11-21,P3-2,4846300.0213329,0.0,0,131980275.0,136826575.0213329,0.9645807108701121,0.035419289129887996,25,0,[],0
2023-11-22,P3-2,4846300.0213329,0.0,0,131505880.0,136352180.0213329,0.964457480470245,0.03554251952975505,25,0,[],0
2023-11-23,P3-2,4846300.0213329,0.0,0,131613260.0,136459560.0213329,0.9644854488716271,0.03551455112837292,25,0,[],0
2023-11-24,P3-2,4846300.0213329,0.0,0,131017480.0,135863780.0213329,0.9643297130363079,0.03567028696369223,25,0,[],0
2023-11-27,P3-2,4846300.0213329,0.0,0,131047590.0,135893890.0213329,0.9643376164993723,0.03566238350062772,25,0,[],0
2023-11-28,P3-2,4846300.0213329,0.0,0,130723580.0,135569880.0213329,0.9642523839324023,0.03574761606759776,25,0,[],0
2023-11-29,P3-2,4846300.0213329,0.0,0,129714500.0,134560800.0213329,0.9639843102852794,0.03601568971472064,25,0,[],0
2023-11-30,P3-2,4846300.0213329,0.0,0,129987785.0,134834085.0213329,0.9640573077603773,0.035942692239622785,25,0,[],0
2023-12-01,P3-2,4846300.0213329,0.0,0,130396045.0,135242345.0213329,0.9641658090107175,0.03583419098928263,25,0,[],0
2023-12-04,P3-2,4846300.0213329,0.0,0,130731005.0,135577305.0213329,0.9642543416793073,0.0357456583206927,25,0,[],0
2023-12-05,P3-2,4846300.0213329,0.0,0,130550620.0,135396920.0213329,0.9642067188783222,0.03579328112167785,25,0,[],0
2023-12-06,P3-2,4846300.0213329,0.0,0,132098545.0,136944845.0213329,0.9646113001144516,0.0353886998855485,25,0,[],0
2023-12-07,P3-2,4846300.0213329,0.0,0,131628555.0,136474855.0213329,0.9644894290558115,0.035510570944188635,25,0,[],0
2023-12-08,P3-2,4846300.0213329,0.0,0,131461295.0,136307595.0213329,0.9644458548287466,0.0355541451712535,25,0,[],0
2023-12-11,P3-2,4846300.0213329,0.0,0,131510760.0,136357060.0213329,0.9644587524798885,0.035541247520111556,25,0,[],0
2023-12-12,P3-2,4846300.0213329,0.0,0,131251075.0,136097375.0213329,0.9643909368525789,0.03560906314742115,25,0,[],0
2023-12-13,P3-2,4846300.0213329,0.0,0,130744585.0,135590885.0213329,0.964257921758012,0.035742078241988155,25,0,[],0
2023-12-14,P3-2,4846300.0213329,0.0,0,131051140.0,135897440.0213329,0.9643385480950036,0.03566145190499643,25,0,[],0
2023-12-15,P3-2,4846300.0213329,0.0,0,131527455.0,136373755.0213329,0.9644631034719636,0.03553689652803647,25,0,[],0
2023-12-18,P3-2,4846300.0213329,0.0,0,131787455.0,136633755.0213329,0.964530726535502,0.03546927346449812,25,0,[],0
2023-12-19,P3-2,4846300.0213329,0.0,0,132113215.0,136959515.0213329,0.964615090666917,0.03538490933308312,25,0,[],0
2023-12-20,P3-2,4846300.0213329,0.0,0,133679010.0,138525310.0213329,0.9650150573885267,0.03498494261147345,25,0,[],0
2023-12-21,P3-2,4846300.0213329,0.0,0,132279560.0,137125860.0213329,0.9646580154860729,0.03534198451392723,25,0,[],0
2023-12-22,P3-2,4846300.0213329,0.0,0,132074265.0,136920565.0213329,0.9646050246682972,0.035394975331702896,25,0,[],0
2023-12-26,P3-2,4846300.0213329,0.0,0,132235895.0,137082195.0213329,0.9646467579500116,0.03535324204998842,25,0,[],0
2023-12-27,P3-2,4846300.0213329,0.0,0,129732145.0,134578445.0213329,0.9639890324147773,0.03601096758522274,25,0,[],0
2023-12-28,P3-2,4846300.0213329,0.0,0,131639355.0,136485655.0213329,0.9644922389787014,0.03550776102129866,25,0,[],0
2024-01-02,P3-2,4846300.0213329,0.0,0,131641460.0,136487760.0213329,0.9644927866017039,0.03550721339829614,25,0,[],0
2024-01-03,P3-2,4846300.0213329,0.0,0,130530810.0,135377110.0213329,0.9642014811767721,0.03579851882322805,25,0,[],0
2024-01-04,P3-2,4846300.0213329,0.0,0,130042395.0,134888695.0213329,0.9640718592424188,0.03592814075758127,25,0,[],0
2024-01-05,P3-2,4846300.0213329,0.0,0,129652600.0,134498900.0213329,0.9639677348992132,0.0360322651007869,25,0,[],0
2024-01-08,P3-2,4846300.0213329,0.0,0,129214255.0,134060555.0213329,0.9638499182659529,0.03615008173404708,25,0,[],0
2024-01-09,P3-2,4846300.0213329,0.0,0,129768235.0,134614535.0213329,0.9639986869132307,0.03600131308676948,25,0,[],0
2024-01-10,P3-2,4846300.0213329,0.0,0,129971080.0,134817380.0213329,0.96405285416045,0.03594714583955009,25,0,[],0
2024-01-11,P3-2,4846300.0213329,0.0,0,129138515.0,133984815.0213329,0.9638294830607388,0.036170516939261196,25,0,[],0
2024-01-12,P3-2,4846300.0213329,0.0,0,129075080.0,133921380.0213329,0.96381235004776,0.036187649952239984,25,0,[],0
2024-01-15,P3-2,4846300.0213329,0.0,0,129700850.0,134547150.0213329,0.9639806564422622,0.03601934355773796,25,0,[],0
2024-01-16,P3-2,4846300.0213329,0.0,0,128841680.0,133687980.0213329,0.9637491716116918,0.03625082838830809,25,0,[],0
2024-01-17,P3-2,4846300.0213329,0.0,0,126443360.0,131289660.0213329,0.9630869634322654,0.036913036567734564,25,0,[],0
2024-01-18,P3-2,4846300.0213329,0.0,0,126838310.0,131684610.0213329,0.9631976734369506,0.03680232656304939,25,0,[],0
2024-01-19,P3-2,4846300.0213329,0.0,0,127256635.0,132102935.0213329,0.9633142138700379,0.03668578612996211,25,0,[],0
2024-01-22,P3-2,4846300.0213329,0.0,0,126469405.0,131315705.0213329,0.9630942847198238,0.036905715280176075,25,0,[],0
2024-01-23,P3-2,4846300.0213329,0.0,0,127041025.0,131887325.0213329,0.963254239779683,0.0367457602203169,25,0,[],0
2024-01-24,P3-2,4846300.0213329,0.0,0,126823730.0,131670030.0213329,0.9631935982656971,0.036806401734302885,25,0,[],0
2024-01-25,P3-2,4846300.0213329,0.0,0,127654980.0,132501280.0213329,0.9634245041213741,0.03657549587862576,25,0,[],0
2024-01-26,P3-2,4846300.0213329,0.0,0,128457355.0,133303655.0213329,0.9636446576010437,0.03635534239895624,25,0,[],0
2024-01-29,P3-2,4846300.0213329,0.0,0,129850290.0,134696590.0213329,0.9640206183351386,0.03597938166486142,25,0,[],0
2024-01-30,P3-2,4846300.0213329,0.0,0,130330170.0,135176470.0213329,0.964148346079994,0.035851653920006055,25,0,[],0
2024-01-31,P3-2,4846300.0213329,0.0,0,131722105.0,136568405.0213329,0.964513753963987,0.03548624603601306,25,0,[],0
2024-02-01,P3-2,4846300.0213329,5626023.469875,0,129707205.0,140179528.4912079,0.9252934889714319,0.07470651102856812,24,0,[],0
2024-02-02,P3-2,10472323.491207901,0.0,0,132816300.0,143288623.4912079,0.9269144804657121,0.07308551953428792,24,0,[],0
2024-02-05,P3-2,531481.1664946023,0.0,0,142618562.0,143150043.1664946,0.9962872441059871,0.0037127558940128888,26,0,[],0
2024-02-06,P3-2,531481.1664946023,0.0,0,140781199.0,141312680.1664946,0.9962389704457632,0.0037610295542368256,26,0,[],0
2024-02-07,P3-2,531481.1664946023,0.0,0,142934832.0,143466313.1664946,0.9962954288378637,0.0037045711621362374,26,0,[],0
2024-02-08,P3-2,531481.1664946023,0.0,0,142730812.0,143262293.1664946,0.9962901531537197,0.00370984684628029,26,0,[],0
2024-02-13,P3-2,531481.1664946023,0.0,0,146032687.0,146564168.1664946,0.996373730543124,0.0036262694568760354,26,0,[],0
2024-02-14,P3-2,531481.1664946023,0.0,0,145530907.0,146062388.1664946,0.9963612729247671,0.003638727075232906,26,0,[],0
2024-02-15,P3-2,531481.1664946023,0.0,0,143319754.0,143851235.1664946,0.9963053416546652,0.0036946583453347595,26,0,[],0
2024-02-16,P3-2,531481.1664946023,0.0,0,146372457.0,146903938.1664946,0.996382117640085,0.0036178823599149834,26,0,[],0
2024-02-19,P3-2,531481.1664946023,0.0,0,148745532.0,149277013.1664946,0.9964396315600057,0.003560368439994309,26,0,[],0
2024-02-20,P3-2,531481.1664946023,0.0,0,147154592.0,147686073.1664946,0.9964012776892277,0.0035987223107722182,26,0,[],0
2024-02-21,P3-2,531481.1664946023,0.0,0,146455777.0,146987258.1664946,0.996384168443413,0.0036158315565869383,26,0,[],0
2024-02-22,P3-2,531481.1664946023,0.0,0,146009254.0,146540735.1664946,0.9963731506745155,0.0036268493254844906,26,0,[],0
2024-02-23,P3-2,531481.1664946023,0.0,0,146180237.0,146711718.1664946,0.9963773775323695,0.003622622467630399,26,0,[],0
2024-02-26,P3-2,531481.1664946023,0.0,0,142821989.0,143353470.1664946,0.996292512724824,0.0037074872751760085,26,0,[],0
2024-02-27,P3-2,531481.1664946023,0.0,0,141149099.0,141680580.1664946,0.99624873665911,0.0037512633408900305,26,0,[],0
2024-02-28,P3-2,531481.1664946023,0.0,0,143263637.0,143795118.1664946,0.9963038997897048,0.0036961002102951896,26,0,[],0
2024-02-29,P3-2,531481.1664946023,0.0,0,143790457.0,144321938.1664946,0.9963173917060241,0.0036826082939758467,26,0,[],0
2024-03-04,P3-2,531481.1664946023,8004505.424058001,0,137281592.0,145817578.5905526,0.9414611964273446,0.058538803572655417,25,0,[],0
2024-03-05,P3-2,8535986.590552602,0.0,0,136503892.0,145039878.5905526,0.9411473129079921,0.05885268709200786,25,0,[],0
2024-03-06,P3-2,8535986.590552602,0.0,0,136708437.0,145244423.5905526,0.9412301940443804,0.058769805955619654,25,0,[],0
2024-03-07,P3-2,8535986.590552602,0.0,0,136373822.0,144909808.5905526,0.941094487160139,0.05890551283986104,25,0,[],0
2024-03-08,P3-2,8535986.590552602,0.0,0,136811002.0,145346988.5905526,0.9412716653208498,0.05872833467915022,25,0,[],0
2024-03-11,P3-2,3544460.1818838026,0.0,0,140632591.0,144177051.1818838,0.9754159198511255,0.02458408014887443,26,0,[],0
2024-03-12,P3-2,3544460.1818838026,0.0,0,140260021.0,143804481.1818838,0.9753522271854603,0.024647772814539566,26,0,[],0
2024-03-13,P3-2,3544460.1818838026,0.0,0,141376646.0,144921106.1818838,0.975542139614672,0.02445786038532796,26,0,[],0
2024-03-14,P3-2,3544460.1818838026,0.0,0,143398666.0,146943126.1818838,0.9758786935191747,0.02412130648082529,26,0,[],0
2024-03-15,P3-2,3544460.1818838026,0.0,0,141625696.0,145170156.1818838,0.9755840988595276,0.024415901140472325,26,0,[],0
2024-03-18,P3-2,3544460.1818838026,0.0,0,141991101.0,145535561.1818838,0.975645401350024,0.02435459864997597,26,0,[],0
2024-03-19,P3-2,3544460.1818838026,0.0,0,140590791.0,144135251.1818838,0.9754087903353283,0.02459120966467155,26,0,[],0
2024-03-20,P3-2,3544460.1818838026,0.0,0,141584551.0,145129011.1818838,0.9755771767958806,0.024422823204119308,26,0,[],0
2024-03-21,P3-2,3544460.1818838026,0.0,0,142863091.0,146407551.1818838,0.9757904551147059,0.024209544885294053,26,0,[],0
2024-03-22,P3-2,3544460.1818838026,0.0,0,142702904.0,146247364.1818838,0.9757639380257433,0.024236061974256543,26,0,[],0
2024-03-25,P3-2,3544460.1818838026,0.0,0,142001689.0,145546149.1818838,0.9756471730663624,0.024352826933637505,26,0,[],0
2024-03-26,P3-2,3544460.1818838026,0.0,0,142872264.0,146416724.1818838,0.9757919718414082,0.024208028158591733,26,0,[],0
2024-03-27,P3-2,3544460.1818838026,0.0,0,141980084.0,145524544.1818838,0.9756435575743583,0.024356442425641684,26,0,[],0
2024-03-28,P3-2,3544460.1818838026,0.0,0,140523704.0,144068164.1818838,0.9753973391553113,0.02460266084468861,26,0,[],0
2024-03-29,P3-2,3544460.1818838026,4227952.891923,0,136292636.0,144065049.0738068,0.9460492803509555,0.053950719649044604,25,0,[],0
2024-04-01,P3-2,2785183.6015818035,8921899.3443255,0,133018616.0,144725698.9459073,0.9191084718804299,0.08089152811957014,25,0,[],0
2024-04-02,P3-2,11707082.945907302,0.0,0,131875721.0,143582803.9459073,0.9184645889049655,0.08153541109503457,25,0,[],0
2024-04-03,P3-2,11707082.945907302,0.0,0,131851724.0,143558806.9459073,0.9184509596104508,0.08154904038954928,25,0,[],0
2024-04-04,P3-2,11707082.945907302,0.0,0,133696454.0,145403536.9459073,0.9194855696649076,0.08051443033509251,25,0,[],0
2024-04-05,P3-2,11707082.945907302,4155915.819105,0,128820519.0,144683517.7650123,0.8903607058353655,0.10963929416463448,24,0,[],0
2024-04-08,P3-2,960758.6442443039,0.0,0,144638997.0,145599755.6442443,0.993401371863619,0.006598628136380966,27,0,[],0
2024-04-09,P3-2,960758.6442443039,0.0,0,143534814.0,144495572.6442443,0.9933509475296537,0.006649052470346217,27,0,[],0
2024-04-11,P3-2,960758.6442443039,0.0,0,143887829.0,144848587.6442443,0.9933671521423185,0.00663284785768141,27,0,[],0
2024-04-12,P3-2,960758.6442443039,0.0,0,142060516.0,143021274.6442443,0.993282407483543,0.006717592516456909,27,0,[],0
2024-04-15,P3-2,960758.6442443039,0.0,0,143704849.0,144665607.6442443,0.9933587625981777,0.00664123740182229,27,0,[],0
2024-04-16,P3-2,960758.6442443039,0.0,0,140371566.0,141332324.6442443,0.9932021308878723,0.006797869112127636,27,0,[],0
2024-04-17,P3-2,960758.6442443039,8431519.8562839,0,130625395.0,140017673.50052822,0.9329207644598324,0.06707923554016751,25,0,[],0
2024-04-18,P3-2,9392278.500528203,0.0,0,132196505.0,141588783.50052822,0.9336650950144425,0.06633490498555744,25,0,[],0
2024-04-19,P3-2,9392278.500528203,0.0,0,131764955.0,141157233.50052822,0.9334622940134835,0.0665377059865165,25,0,[],0
2024-04-22,P3-2,4394236.606683204,0.0,0,139818825.0,144213061.6066832,0.9695295519162631,0.030470448083736987,26,0,[],0
2024-04-23,P3-2,4394236.606683204,0.0,0,140978010.0,145372246.6066832,0.9697725204827289,0.03022747951727113,26,0,[],0
2024-04-24,P3-2,4394236.606683204,0.0,0,142500880.0,146895116.6066832,0.9700858904762034,0.02991410952379667,26,0,[],0
2024-04-25,P3-2,4394236.606683204,0.0,0,142963828.0,147358064.6066832,0.970179870247265,0.029820129752735028,26,0,[],0
2024-04-26,P3-2,4394236.606683204,0.0,0,145450598.0,149844834.6066832,0.9706747542001211,0.029325245799879027,26,0,[],0
2024-04-29,P3-2,4394236.606683204,0.0,0,146506340.0,150900576.6066832,0.9708799216974723,0.029120078302527764,26,0,[],0
2024-04-30,P3-2,4394236.606683204,0.0,0,147932140.0,152326376.6066832,0.9711524904315856,0.0288475095684145,26,0,[],0
2024-05-02,P3-2,4394236.606683204,0.0,0,146070510.0,150464746.6066832,0.9707955736756745,0.029204426324325627,26,0,[],0
2024-05-03,P3-2,4394236.606683204,4154717.198925,0,142023415.0,150572368.8056082,0.943223621482338,0.05677637851766193,25,0,[],0
2024-05-07,P3-2,3557399.3647352047,0.0,0,148486670.0,152044069.36473522,0.9766028403501786,0.023397159649821243,26,0,[],0
2024-05-08,P3-2,3557399.3647352047,0.0,0,148569515.0,152126914.36473522,0.976615581933082,0.02338441806691802,26,0,[],0
2024-05-09,P3-2,3557399.3647352047,0.0,0,148444740.0,152002139.36473522,0.9765963862113869,0.023403613788613085,26,0,[],0
2024-05-10,P3-2,3557399.3647352047,0.0,0,150564425.0,154121824.36473522,0.9769182633322813,0.023081736667718664,26,0,[],0
2024-05-13,P3-2,3557399.3647352047,0.0,0,154963550.0,158520949.36473522,0.9775588060821531,0.022441193917846852,26,0,[],0
2024-05-14,P3-2,3557399.3647352047,0.0,0,153466675.0,157024074.36473522,0.9773448792541704,0.022655120745829614,26,0,[],0
2024-05-16,P3-2,3557399.3647352047,0.0,0,155479185.0,159036584.36473522,0.9776315658504293,0.022368434149570574,26,0,[],0
2024-05-17,P3-2,3557399.3647352047,0.0,0,154271315.0,157828714.36473522,0.977460379253206,0.022539620746793967,26,0,[],0
2024-05-20,P3-2,3557399.3647352047,0.0,0,156478955.0,160036354.36473522,0.9777713046585176,0.022228695341482328,26,0,[],0
2024-05-21,P3-2,3557399.3647352047,0.0,0,156578015.0,160135414.36473522,0.9777850553617538,0.02221494463824618,26,0,[],0
2024-05-22,P3-2,3557399.3647352047,0.0,0,156041400.0,159598799.36473522,0.9777103626161661,0.02228963738383388,26,0,[],0
2024-05-23,P3-2,3557399.3647352047,0.0,0,154691090.0,158248489.36473522,0.9775201685714925,0.022479831428507468,26,0,[],0
2024-05-24,P3-2,3557399.3647352047,0.0,0,155255770.0,158813169.36473522,0.9776000984114537,0.0223999015885463,26,0,[],0
2024-05-27,P3-2,3557399.3647352047,0.0,0,155141355.0,158698754.36473522,0.9775839490424777,0.02241605095752221,26,0,[],0
2024-05-28,P3-2,3557399.3647352047,0.0,0,155147430.0,158704829.36473522,0.9775848070977121,0.022415192902287773,26,0,[],0
2024-05-29,P3-2,3557399.3647352047,0.0,0,153591570.0,157148969.36473522,0.977362884534873,0.022637115465126922,26,0,[],0
2024-05-30,P3-2,3557399.3647352047,0.0,0,152813585.0,156370984.36473522,0.9772502591885104,0.02274974081148951,26,0,[],0
2024-05-31,P3-2,3557399.3647352047,0.0,0,153687465.0,157244864.36473522,0.9773766896673732,0.022623310332626743,26,0,[],0
2024-06-03,P3-2,3557399.3647352047,11699132.26689,0,143575190.0,158831721.6316252,0.9039453109561494,0.09605468904385064,25,0,[],0
2024-06-04,P3-2,15256531.631625205,0.0,0,142247810.0,157504341.6316252,0.9031358026478563,0.09686419735214369,25,0,[],0
2024-06-05,P3-2,15256531.631625205,0.0,0,141959910.0,157216441.6316252,0.9029584216937508,0.09704157830624914,25,0,[],0
2024-06-07,P3-2,15256531.631625205,0.0,0,142325940.0,157582471.6316252,0.9031838282922111,0.09681617170778894,25,0,[],0
2024-06-10,P3-2,335239.6235027071,0.0,0,159766125.0,160101364.6235027,0.9979060789126247,0.002093921087375256,28,0,[],0
2024-06-11,P3-2,335239.6235027071,0.0,0,159271000.0,159606239.6235027,0.9978995832224761,0.0021004167775239137,28,0,[],0
2024-06-12,P3-2,335239.6235027071,0.0,0,160745370.0,161080609.6235027,0.9979188083265499,0.002081191673450145,28,0,[],0
2024-06-13,P3-2,335239.6235027071,0.0,0,159932440.0,160267679.6235027,0.9979082518428529,0.0020917481571471217,28,0,[],0
2024-06-14,P3-2,335239.6235027071,0.0,0,161780575.0,162115814.6235027,0.997932097961687,0.0020679020383129595,28,0,[],0
2024-06-17,P3-2,335239.6235027071,0.0,0,162087395.0,162422634.6235027,0.9979360042750212,0.0020639957249788243,28,0,[],0
2024-06-18,P3-2,335239.6235027071,0.0,0,162398205.0,162733444.6235027,0.9979399463688715,0.0020600536311285718,28,0,[],0
2024-06-19,P3-2,335239.6235027071,0.0,0,162071020.0,162406259.6235027,0.9979357961677101,0.0020642038322899268,28,0,[],0
2024-06-20,P3-2,335239.6235027071,0.0,0,162752495.0,163087734.6235027,0.9979444216067099,0.002055578393290132,28,0,[],0
2024-06-21,P3-2,335239.6235027071,0.0,0,162935985.0,163271224.6235027,0.997946731738702,0.0020532682612980765,28,0,[],0
2024-06-24,P3-2,335239.6235027071,0.0,0,162351280.0,162686519.6235027,0.9979393521707973,0.002060647829202662,28,0,[],0
2024-06-25,P3-2,335239.6235027071,0.0,0,162586565.0,162921804.6235027,0.9979423280740266,0.0020576719259734143,28,0,[],0
2024-06-26,P3-2,335239.6235027071,0.0,0,163389910.0,163725149.6235027,0.9979524243876179,0.002047575612382177,28,0,[],0
2024-06-27,P3-2,335239.6235027071,0.0,0,163420300.0,163755539.6235027,0.997952804379788,0.0020471956202121207,28,0,[],0
2024-06-28,P3-2,335239.6235027071,0.0,0,163899350.0,164234589.6235027,0.9979587757714667,0.0020412242285332374,28,0,[],0
2024-07-01,P3-2,335239.6235027071,15510844.324305,0,146982725.0,162828808.9478077,0.9026825532275009,0.09731744677249914,26,0,[],0
2024-07-02,P3-2,15846083.947807707,0.0,0,145311580.0,161157663.9478077,0.9016734075213476,0.09832659247865244,26,0,[],0
2024-07-03,P3-2,15846083.947807707,0.0,0,145102260.0,160948343.9478077,0.901545529707679,0.09845447029232107,26,0,[],0
2024-07-04,P3-2,15846083.947807707,4212750.39264,0,141738760.0,161797594.34044772,0.8760251385552694,0.12397486144473044,25,0,[],0
2024-07-05,P3-2,20058834.34044771,0.0,0,141582995.0,161641829.34044772,0.8759056710611701,0.1240943289388298,25,0,[],0
2024-07-08,P3-2,15070904.063117709,0.0,0,145570775.0,160641679.0631177,0.9061831017266933,0.09381689827330678,26,0,[],0
2024-07-09,P3-2,15070904.063117709,0.0,0,145313265.0,160384169.0631177,0.9060324709654686,0.09396752903453141,26,0,[],0
2024-07-10,P3-2,15070904.063117709,0.0,0,146271825.0,161342729.0631177,0.9065907453615593,0.0934092546384407,26,0,[],0
2024-07-11,P3-2,15070904.063117709,0.0,0,146862995.0,161933899.0631177,0.9069317533245868,0.09306824667541325,26,0,[],0
2024-07-12,P3-2,15070904.063117709,0.0,0,146393655.0,161464559.0631177,0.9066612255310691,0.09333877446893085,26,0,[],0
2024-07-15,P3-2,10082172.86566771,0.0,0,150988340.0,161070512.8656677,0.9374052228040262,0.06259477719597385,27,0,[],0
2024-07-16,P3-2,10082172.86566771,0.0,0,151607000.0,161689172.8656677,0.9376447248323545,0.0623552751676455,27,0,[],0
2024-07-17,P3-2,10082172.86566771,0.0,0,150871970.0,160954142.8656677,0.9373599667199478,0.06264003328005226,27,0,[],0
2024-07-18,P3-2,10082172.86566771,0.0,0,150199095.0,160281267.8656677,0.9370969982960354,0.06290300170396465,27,0,[],0
2024-07-19,P3-2,10082172.86566771,0.0,0,149572690.0,159654862.8656677,0.9368501987054991,0.06314980129450093,27,0,[],0
2024-07-22,P3-2,10082172.86566771,0.0,0,148991470.0,159073642.8656677,0.9366194632621713,0.0633805367378288,27,0,[],0
2024-07-23,P3-2,10082172.86566771,0.0,0,150078975.0,160161147.8656677,0.9370498213828741,0.062950178617126,27,0,[],0
2024-07-24,P3-2,10082172.86566771,0.0,0,149269245.0,159351417.8656677,0.9367299456716042,0.06327005432839589,27,0,[],0
2024-07-25,P3-2,10082172.86566771,0.0,0,146771645.0,156853817.8656677,0.9357224898771527,0.06427751012284735,27,0,[],0
2024-07-26,P3-2,10082172.86566771,4106023.2541125,0,143535745.0,157723941.1197802,0.9100441187365127,0.0899558812634873,26,0,[],0
2024-07-29,P3-2,14188196.11978021,0.0,0,144542750.0,158730946.1197802,0.9106148078455122,0.08938519215448784,26,0,[],0
2024-07-30,P3-2,14188196.11978021,4223158.411203001,0,139348695.0,157760049.5309832,0.883295203153652,0.1167047968463481,25,0,[],0
2024-07-31,P3-2,18411354.53098321,0.0,0,140221320.0,158632674.5309832,0.8839371864250627,0.1160628135749373,25,0,[],0
2024-08-01,P3-2,18411354.53098321,4156215.4741499997,0,137066060.0,159633630.0051332,0.8586289743307377,0.1413710256692623,24,0,[],0
2024-08-02,P3-2,22567570.005133208,0.0,0,132894475.0,155462045.0051332,0.8548355001737687,0.1451644998262312,24,0,[],0
2024-08-05,P3-2,7593837.7521537095,0.0,0,136138865.0,143732702.7521537,0.947166945261941,0.05283305473805907,27,0,[],0
2024-08-06,P3-2,7593837.7521537095,7686251.789265,0,133182315.0,148462404.5414187,0.89707771749611,0.10292228250389007,25,0,[],0
2024-08-07,P3-2,15280089.541418709,0.0,0,134749380.0,150029469.5414187,0.8981527456697411,0.10184725433025894,25,0,[],0
2024-08-08,P3-2,15280089.541418709,0.0,0,135754815.0,151034904.5414187,0.8988307399020575,0.10116926009794253,25,0,[],0
2024-08-09,P3-2,15280089.541418709,4239519.57666,0,133593225.0,153112834.1180787,0.8725148729006909,0.1274851270993092,24,0,[],0
2024-08-12,P3-2,14552903.223928709,0.0,0,139932230.0,154485133.22392872,0.9057973869703433,0.09420261302965663,25,0,[],0
2024-08-13,P3-2,14552903.223928709,0.0,0,140766185.0,155319088.22392872,0.9063031891936726,0.0936968108063273,25,0,[],0
2024-08-14,P3-2,14552903.223928709,0.0,0,141149820.0,155702723.22392872,0.9065340482003066,0.0934659517996933,25,0,[],0
2024-08-16,P3-2,14552903.223928709,0.0,0,141998625.0,156551528.22392872,0.9070408102109838,0.09295918978901616,25,0,[],0
2024-08-19,P3-2,4554696.997920711,0.0,0,153011805.0,157566501.99792072,0.9710934942378754,0.028906505762124588,27,0,[],0
2024-08-20,P3-2,4554696.997920711,0.0,0,155830030.0,160384726.99792072,0.9716014293681482,0.028398570631851743,27,0,[],0
2024-08-21,P3-2,4554696.997920711,0.0,0,156060435.0,160615131.99792072,0.9716421675762176,0.028357832423782304,27,0,[],0
2024-08-22,P3-2,4554696.997920711,0.0,0,155443295.0,159997991.99792072,0.9715327864990961,0.028467213500903824,27,0,[],0
2024-08-23,P3-2,4554696.997920711,0.0,0,156622985.0,161177681.99792072,0.97174114342965,0.028258856570349912,27,0,[],0
2024-08-26,P3-2,4554696.997920711,0.0,0,156019470.0,160574166.99792072,0.9716349330463617,0.02836506695363825,27,0,[],0
2024-08-27,P3-2,4554696.997920711,0.0,0,155335605.0,159890301.99792072,0.9715136131397141,0.028486386860285883,27,0,[],0
2024-08-28,P3-2,4554696.997920711,0.0,0,154883770.0,159438466.99792072,0.9714328851519871,0.028567114848012866,27,0,[],0
2024-08-29,P3-2,4554696.997920711,0.0,0,154092040.0,158646736.99792072,0.9712903203424825,0.028709679657517355,27,0,[],0
2024-08-30,P3-2,4554696.997920711,0.0,0,153794280.0,158348976.99792072,0.9712363345550346,0.028763665444965385,27,0,[],0
2024-09-02,P3-2,4554696.997920711,0.0,0,153547200.0,158101896.99792072,0.9711913829978863,0.028808617002113592,27,0,[],0
2024-09-03,P3-2,4554696.997920711,0.0,0,154059345.0,158614041.99792072,0.9712844024365735,0.028715597563426436,27,0,[],0
2024-09-04,P3-2,4554696.997920711,0.0,0,151540570.0,156095266.99792072,0.9708210435491206,0.029178956450879333,27,0,[],0
2024-09-05,P3-2,4554696.997920711,4149223.5231,0,148511180.0,157215100.5210207,0.9446368669919405,0.05536313300805948,26,0,[],0
2024-09-06,P3-2,8703920.52102071,4187199.805803,0,142963135.0,155854255.3268237,0.9172873380980759,0.08271266190192403,25,0,[],0
2024-09-09,P3-2,2911835.838650712,0.0,0,152813210.0,155725045.8386507,0.981301428919355,0.018698571080645005,27,0,[],0
2024-09-10,P3-2,2911835.838650712,4173295.811715,0,149003350.0,156088481.6503657,0.9546082351788376,0.04539176482116233,26,0,[],0
2024-09-11,P3-2,7085131.650365712,0.0,0,146473805.0,153558936.6503657,0.9538605059079195,0.0461394940920805,26,0,[],0
2024-09-12,P3-2,7085131.650365712,0.0,0,147741745.0,154826876.6503657,0.9542383609121977,0.045761639087802244,26,0,[],0
2024-09-13,P3-2,7085131.650365712,0.0,0,150227755.0,157312886.6503657,0.9549615304808899,0.04503846951911006,26,0,[],0
2024-09-19,P3-2,2090753.9660697132,0.0,0,156061135.0,158151888.9660697,0.9867800885608249,0.013219911439175214,27,0,[],0
2024-09-20,P3-2,2090753.9660697132,0.0,0,156817395.0,158908148.9660697,0.9868430034603441,0.013156996539655963,27,0,[],0
2024-09-23,P3-2,2090753.9660697132,0.0,0,157275230.0,159365983.9660697,0.9868808015735978,0.013119198426402284,27,0,[],0
2024-09-24,P3-2,2090753.9660697132,0.0,0,156450245.0,158540998.9660697,0.9868125344251354,0.013187465574864757,27,0,[],0
2024-09-25,P3-2,2090753.9660697132,0.0,0,154902150.0,156992903.9660697,0.9866824938372911,0.013317506162708987,27,0,[],0
2024-09-26,P3-2,2090753.9660697132,0.0,0,157330250.0,159421003.9660697,0.9868853293226363,0.013114670677363806,27,0,[],0
2024-09-27,P3-2,2090753.9660697132,0.0,0,156899820.0,158990573.9660697,0.9868498244020687,0.013150175597931376,27,0,[],0
2024-09-30,P3-2,2090753.9660697132,0.0,0,155173800.0,157264553.9660697,0.9867054977530361,0.013294502246964053,27,0,[],0
2024-10-02,P3-2,2090753.9660697132,6167899.67625,0,146848550.0,155107203.6423197,0.9467551896469985,0.053244810353001604,26,0,[],0
2024-10-04,P3-2,8258653.642319713,0.0,0,147530050.0,155788703.6423197,0.9469881098614119,0.053011890138588105,26,0,[],0
2024-10-07,P3-2,3342505.8307447126,0.0,0,153509760.0,156852265.8307447,0.9786901017142364,0.02130989828576353,27,0,[],0
2024-10-08,P3-2,3342505.8307447126,0.0,0,153012445.0,156354950.8307447,0.978622321755817,0.02137767824418299,27,0,[],0
2024-10-10,P3-2,3342505.8307447126,0.0,0,154896560.0,158239065.8307447,0.9788768606968401,0.021123139303159913,27,0,[],0
2024-10-11,P3-2,3342505.8307447126,0.0,0,154119965.0,157462470.8307447,0.9787726827026768,0.021227317297323172,27,0,[],0
2024-10-14,P3-2,3342505.8307447126,0.0,0,155379785.0,158722290.8307447,0.9789411694271157,0.02105883057288425,27,0,[],0
2024-10-15,P3-2,3342505.8307447126,0.0,0,156228755.0,159571260.8307447,0.9790532091220984,0.02094679087790168,27,0,[],0
2024-10-16,P3-2,3342505.8307447126,0.0,0,156305100.0,159647605.8307447,0.9790632260762596,0.020936773923740343,27,0,[],0
2024-10-17,P3-2,3342505.8307447126,0.0,0,155500155.0,158842660.8307447,0.9789571276805396,0.021042872319460386,27,0,[],0
2024-10-18,P3-2,3342505.8307447126,0.0,0,155450710.0,158793215.8307447,0.9789505753551371,0.021049424644862907,27,0,[],0
2024-10-21,P3-2,3342505.8307447126,0.0,0,154753950.0,158096455.8307447,0.9788578066903464,0.021142193309653574,27,0,[],0
2024-10-22,P3-2,3342505.8307447126,0.0,0,154105240.0,157447745.8307447,0.9787706974583308,0.021229302541669184,27,0,[],0
2024-10-23,P3-2,3342505.8307447126,0.0,0,153387265.0,156729770.8307447,0.9786734465760538,0.02132655342394614,27,0,[],0
2024-10-24,P3-2,3342505.8307447126,0.0,0,153270355.0,156612860.8307447,0.9786575265082665,0.021342473491733474,27,0,[],0
2024-10-25,P3-2,3342505.8307447126,0.0,0,153821710.0,157164215.8307447,0.9787323990192248,0.02126760098077521,27,0,[],0
2024-10-28,P3-2,3342505.8307447126,0.0,0,154128575.0,157471080.8307447,0.9787738433424652,0.0212261566575348,27,0,[],0
2024-10-29,P3-2,3342505.8307447126,0.0,0,154325525.0,157668030.8307447,0.97880035785864,0.02119964214136006,27,0,[],0
2024-10-30,P3-2,3342505.8307447126,0.0,0,153754450.0,157096955.8307447,0.9787232934395883,0.021276706560411696,27,0,[],0
2024-10-31,P3-2,3342505.8307447126,0.0,0,153715125.0,157057630.8307447,0.9787179660544681,0.02128203394553181,27,0,[],0
2024-11-01,P3-2,3342505.8307447126,0.0,0,152323320.0,155665825.8307447,0.9785276838194465,0.021472316180553435,27,0,[],0
2024-11-04,P3-2,3342505.8307447126,0.0,0,152579070.0,155921575.8307447,0.9785629037358303,0.021437096264169717,27,0,[],0
2024-11-05,P3-2,3342505.8307447126,0.0,0,150849145.0,154191650.8307447,0.9783223941585931,0.021677605841406822,27,0,[],0
2024-11-06,P3-2,3342505.8307447126,4136238.47115,0,148570815.0,156049559.30189472,0.9520745567283129,0.047925443271687004,26,0,[],0
2024-11-07,P3-2,7478744.301894713,0.0,0,146867885.0,154346629.30189472,0.9515457879726894,0.04845421202731057,26,0,[],0
2024-11-08,P3-2,7478744.301894713,0.0,0,146288950.0,153767694.30189472,0.9513633579806979,0.04863664201930197,26,0,[],0
2024-11-11,P3-2,2500425.066004714,0.0,0,150616430.0,153116855.06600472,0.983669824821527,0.01633017517847297,27,0,[],0
2024-11-12,P3-2,2500425.066004714,0.0,0,147681435.0,150181860.06600472,0.9833506851965624,0.016649314803437516,27,0,[],0
2024-11-13,P3-2,2500425.066004714,0.0,0,145497370.0,147997795.06600472,0.9831049843351412,0.016895015664858813,27,0,[],0
2024-11-14,P3-2,2500425.066004714,8311851.615212999,0,137906830.0,148719106.6812177,0.927297326332157,0.0727026736678431,25,0,[],0
2024-11-15,P3-2,10812276.681217713,0.0,0,136613450.0,147425726.6812177,0.9266594988227709,0.07334050117722918,25,0,[],0
2024-11-18,P3-2,825872.0131779136,4083778.861272,0,144055642.0,148965292.8744499,0.9670416458779574,0.03295835412204263,26,0,[],0
2024-11-19,P3-2,4909650.874449913,0.0,0,143242995.0,148152645.8744499,0.9668608626901573,0.03313913730984282,26,0,[],0
2024-11-20,P3-2,4909650.874449913,0.0,0,144662298.0,149571948.8744499,0.967175323238109,0.03282467676189106,26,0,[],0
2024-11-21,P3-2,4909650.874449913,0.0,0,144768473.0,149678123.8744499,0.967198607603018,0.032801392396982015,26,0,[],0
2024-11-22,P3-2,4909650.874449913,0.0,0,145478220.0,150387870.8744499,0.9673534119081406,0.032646588091859455,26,0,[],0
2024-11-25,P3-2,75096.80009991396,0.0,0,149800673.0,149875769.8000999,0.9994989396871817,0.0005010603128182492,27,0,[],0
2024-11-26,P3-2,75096.80009991396,0.0,0,149631884.0,149706980.8000999,0.9994983747604917,0.0005016252395082958,27,0,[],0
2024-11-27,P3-2,75096.80009991396,4199365.8006299995,0,146073008.0,150347470.6007299,0.9715694412173957,0.028430558782604233,26,0,[],0
2024-11-28,P3-2,4274462.600729913,4205740.4622873,0,142322860.0,150803063.06301722,0.9437663739000213,0.056233626099978666,25,0,[],0
2024-11-29,P3-2,8480203.063017214,0.0,0,140979820.0,149460023.06301722,0.9432610614582758,0.05673893854172419,25,0,[],0
2024-12-02,P3-2,3497478.7664672146,8701982.5068,0,136510280.0,148709741.2732672,0.9179646123460761,0.08203538765392397,25,0,[],0
2024-12-03,P3-2,12199461.273267213,0.0,0,139359465.0,151558926.2732672,0.9195068111575886,0.08049318884241145,25,0,[],0
2024-12-04,P3-2,12199461.273267213,0.0,0,137132845.0,149332306.2732672,0.918306617116439,0.08169338288356098,25,0,[],0
2024-12-05,P3-2,12199461.273267213,0.0,0,135845030.0,148044491.2732672,0.9175959796386555,0.08240402036134459,25,0,[],0
2024-12-06,P3-2,12199461.273267213,0.0,0,134458280.0,146657741.2732672,0.9168167928446684,0.08318320715533162,25,0,[],0
2024-12-09,P3-2,2203117.186538215,0.0,0,139410887.0,141614004.18653822,0.9844428014080006,0.015557198591999437,27,0,[],0
2024-12-10,P3-2,2203117.186538215,8187774.44958,0,134222005.0,144612896.6361182,0.9281468535806716,0.07185314641932847,25,0,[],0
2024-12-11,P3-2,10390891.636118215,0.0,0,137127235.0,147518126.6361182,0.9295619333497277,0.07043806665027237,25,0,[],0
2024-12-12,P3-2,10390891.636118215,0.0,0,138061285.0,148452176.6361182,0.9300051244005128,0.06999487559948733,25,0,[],0
2024-12-13,P3-2,10390891.636118215,0.0,0,138902990.0,149293881.6361182,0.930399748990086,0.06960025100991399,25,0,[],0
2024-12-16,P3-2,10390891.636118215,0.0,0,139057605.0,149448496.6361182,0.9304717553538309,0.06952824464616916,25,0,[],0
2024-12-17,P3-2,10390891.636118215,0.0,0,138788450.0,149179341.6361182,0.9303463098700092,0.06965369012999081,25,0,[],0
2024-12-18,P3-2,10390891.636118215,0.0,0,139616915.0,150007806.6361182,0.9307309941453652,0.06926900585463491,25,0,[],0
2024-12-19,P3-2,10390891.636118215,0.0,0,138760030.0,149150921.6361182,0.9303330376900469,0.06966696230995309,25,0,[],0
2024-12-20,P3-2,10390891.636118215,0.0,0,137704635.0,148095526.6361182,0.9298365597385706,0.07016344026142946,25,0,[],0
2024-12-23,P3-2,404018.42980821524,0.0,0,149658080.0,150062098.42980823,0.9973076584025166,0.002692341597483361,27,0,[],0
2024-12-24,P3-2,404018.42980821524,0.0,0,149663295.0,150067313.42980823,0.997307751964273,0.0026922480357269066,27,0,[],0
2024-12-26,P3-2,404018.42980821524,0.0,0,149161015.0,149565033.42980823,0.9972987106642286,0.0027012893357712753,27,0,[],0
2024-12-27,P3-2,404018.42980821524,0.0,0,145407970.0,145811988.42980823,0.9972291823590163,0.0027708176409836412,27,0,[],0
2024-12-30,P3-2,404018.42980821524,0.0,0,144762090.0,145166108.42980823,0.9972168543045047,0.0027831456954952346,27,0,[],0
2025-01-02,P3-2,404018.42980821524,5685055.513739999,0,139069505.0,145158578.9435482,0.9580522626505167,0.04194773734948342,26,0,[],0
2025-01-03,P3-2,6089073.943548215,0.0,0,139002665.0,145091738.9435482,0.9580329384161747,0.04196706158382546,26,0,[],0
2025-01-06,P3-2,1110254.132583215,0.0,0,144018970.0,145129224.1325832,0.9923498927302958,0.007650107269704268,27,0,[],0
2025-01-07,P3-2,1110254.132583215,0.0,0,145128005.0,146238259.1325832,0.9924079092628105,0.007592090737189583,27,0,[],0
2025-01-08,P3-2,1110254.132583215,0.0,0,145197420.0,146307674.1325832,0.9924115112951827,0.007588488704817416,27,0,[],0
2025-01-09,P3-2,1110254.132583215,0.0,0,144340075.0,145450329.1325832,0.9923667815727584,0.007633218427241772,27,0,[],0
2025-01-10,P3-2,1110254.132583215,0.0,0,145061455.0,146171709.1325832,0.992404452686695,0.007595547313305155,27,0,[],0
2025-01-13,P3-2,1110254.132583215,0.0,0,144906560.0,146016814.1325832,0.9923963953111928,0.007603604688807309,27,0,[],0
2025-01-14,P3-2,1110254.132583215,0.0,0,144841475.0,145951729.1325832,0.9923930045969196,0.007606995403080529,27,0,[],0
2025-01-15,P3-2,1110254.132583215,0.0,0,144151935.0,145262189.1325832,0.9923568952167597,0.007643104783240377,27,0,[],0
2025-01-16,P3-2,1110254.132583215,0.0,0,144268915.0,145379169.1325832,0.9923630452752783,0.007636954724721827,27,0,[],0
2025-01-17,P3-2,1110254.132583215,0.0,0,144576320.0,145686574.1325832,0.9923791595814944,0.007620840418505685,27,0,[],0
2025-01-20,P3-2,1110254.132583215,0.0,0,144733775.0,145844029.1325832,0.9923873871341425,0.00761261286585761,27,0,[],0
2025-01-21,P3-2,1110254.132583215,0.0,0,145124460.0,146234714.1325832,0.9924077252164859,0.0075922747835141715,27,0,[],0
2025-01-22,P3-2,1110254.132583215,0.0,0,145051075.0,146161329.1325832,0.9924039132705472,0.007596086729452914,27,0,[],0
2025-01-23,P3-2,1110254.132583215,0.0,0,143562220.0,144672474.1325832,0.9923257403369924,0.007674259663007747,27,0,[],0
2025-01-24,P3-2,1110254.132583215,0.0,0,145024205.0,146134459.1325832,0.9924025165647213,0.007597483435278713,27,0,[],0
2025-01-31,P3-2,1110254.132583215,0.0,0,145554620.0,146664874.1325832,0.9924299929403714,0.007570007059628737,27,0,[],0
2025-02-03,P3-2,1110254.132583215,6105171.88683,0,137294020.0,144509446.0194132,0.9500695198953023,0.049930480104697826,26,0,[],0
2025-02-04,P3-2,7215426.019413215,0.0,0,138519000.0,145734426.0194132,0.9504892137259865,0.04951078627401361,26,0,[],0
2025-02-05,P3-2,7215426.019413215,0.0,0,137896815.0,145112241.0194132,0.950276930679832,0.04972306932016804,26,0,[],0
2025-02-06,P3-2,7215426.019413215,0.0,0,139078125.0,146293551.0194132,0.9506784409214613,0.04932155907853878,26,0,[],0
2025-02-07,P3-2,7215426.019413215,0.0,0,138363815.0,145579241.0194132,0.9504364360681684,0.04956356393183165,26,0,[],0
2025-02-10,P3-2,2219126.1268292153,0.0,0,143075715.0,145294841.1268292,0.9847267383368958,0.015273261663104196,27,0,[],0
2025-02-11,P3-2,2219126.1268292153,0.0,0,144002750.0,146221876.1268292,0.9848235695943034,0.015176430405696618,27,0,[],0
2025-02-12,P3-2,2219126.1268292153,0.0,0,143944385.0,146163511.1268292,0.9848175094473228,0.015182490552677215,27,0,[],0
2025-02-13,P3-2,2219126.1268292153,0.0,0,144301190.0,146520316.1268292,0.9848544817163217,0.015145518283678295,27,0,[],0
2025-02-14,P3-2,2219126.1268292153,0.0,0,146285070.0,148504196.1268292,0.9850568119641955,0.014943188035804609,27,0,[],0
2025-02-17,P3-2,2219126.1268292153,0.0,0,147117105.0,149336231.1268292,0.985140068755689,0.014859931244310981,27,0,[],0
2025-02-18,P3-2,2219126.1268292153,0.0,0,147079070.0,149298196.1268292,0.9851362830603523,0.01486371693964783,27,0,[],0
2025-02-19,P3-2,2219126.1268292153,0.0,0,147773835.0,149992961.1268292,0.9852051315597884,0.01479486844021163,27,0,[],0
2025-02-20,P3-2,2219126.1268292153,0.0,0,147119720.0,149338846.1268292,0.9851403289607276,0.014859671039272495,27,0,[],0
2025-02-21,P3-2,2219126.1268292153,0.0,0,146468735.0,148687861.1268292,0.9850752703683301,0.014924729631669957,27,0,[],0
2025-02-24,P3-2,2219126.1268292153,0.0,0,147172200.0,149391326.1268292,0.9851455490465006,0.014854450953499382,27,0,[],0
2025-02-25,P3-2,2219126.1268292153,0.0,0,146950985.0,149170111.1268292,0.9851235203214239,0.014876479678576113,27,0,[],0
2025-02-26,P3-2,2219126.1268292153,0.0,0,147850990.0,150070116.1268292,0.985212737991395,0.014787262008605088,27,0,[],0
2025-02-27,P3-2,2219126.1268292153,0.0,0,147322785.0,149541911.1268292,0.9851605071106312,0.014839492889368882,27,0,[],0
2025-02-28,P3-2,2219126.1268292153,0.0,0,145042705.0,147261831.1268292,0.9849307447160698,0.015069255283930251,27,0,[],0
2025-03-04,P3-2,2219126.1268292153,0.0,0,147110050.0,149329176.1268292,0.9851393667039022,0.01486063329609783,27,0,[],0
2025-03-05,P3-2,2219126.1268292153,0.0,0,148053050.0,150272176.1268292,0.9852326213406515,0.014767378659348624,27,0,[],0
2025-03-06,P3-2,2219126.1268292153,0.0,0,149480395.0,151699521.1268292,0.9853715680158681,0.014628431984131992,27,0,[],0
2025-03-07,P3-2,2219126.1268292153,0.0,0,147972960.0,150192086.1268292,0.9852247466290915,0.014775253370908516,27,0,[],0
2025-03-10,P3-2,2219126.1268292153,0.0,0,148528550.0,150747676.1268292,0.9852792017505982,0.01472079824940179,27,0,[],0
2025-03-11,P3-2,2219126.1268292153,0.0,0,146679340.0,148898466.1268292,0.9850963802075772,0.014903619792422851,27,0,[],0
2025-03-12,P3-2,2219126.1268292153,0.0,0,147136550.0,149355676.1268292,0.9851420034083955,0.014857996591604508,27,0,[],0
2025-03-13,P3-2,2219126.1268292153,0.0,0,147654900.0,149874026.1268292,0.9851933908484496,0.014806609151550415,27,0,[],0
2025-03-14,P3-2,2219126.1268292153,0.0,0,148070815.0,150289941.1268292,0.985234366916436,0.014765633083564135,27,0,[],0
2025-03-17,P3-2,2219126.1268292153,0.0,0,148764495.0,150983621.1268292,0.985302206224309,0.014697793775691111,27,0,[],0
2025-03-18,P3-2,2219126.1268292153,0.0,0,148805790.0,151024916.1268292,0.9853062250670902,0.014693774932909848,27,0,[],0
2025-03-19,P3-2,2219126.1268292153,0.0,0,149105575.0,151324701.1268292,0.985335334480725,0.014664665519275056,27,0,[],0
2025-03-20,P3-2,2219126.1268292153,0.0,0,149018612.0,151237738.1268292,0.9853269021719419,0.014673097828058219,27,0,[],0
2025-03-21,P3-2,2219126.1268292153,0.0,0,148346657.0,150565783.1268292,0.9852614180941767,0.014738581905823401,27,0,[],0
2025-03-24,P3-2,2219126.1268292153,0.0,0,148494047.0,150713173.1268292,0.98527583169547,0.014724168304530093,27,0,[],0
2025-03-25,P3-2,2219126.1268292153,0.0,0,148812182.0,151031308.1268292,0.9853068469421871,0.014693153057812982,27,0,[],0
2025-03-26,P3-2,2219126.1268292153,0.0,0,149934670.0,152153796.1268292,0.985415243107182,0.01458475689281812,27,0,[],0
2025-03-27,P3-2,2219126.1268292153,0.0,0,148509810.0,150728936.1268292,0.9852773715263143,0.014722628473685743,27,0,[],0
2025-03-28,P3-2,2219126.1268292153,0.0,0,146787007.0,149006133.1268292,0.985107149079962,0.014892850920038083,27,0,[],0
2025-03-31,P3-2,2219126.1268292153,0.0,0,143637862.0,145856988.1268292,0.9847856029709076,0.015214397029092535,27,0,[],0
2025-04-01,P3-2,2219126.1268292153,0.0,0,144618787.0,146837913.1268292,0.984887240089605,0.01511275991039505,27,0,[],0
2025-04-02,P3-2,2219126.1268292153,0.0,0,144786822.0,147005948.1268292,0.9849045147145021,0.015095485285497883,27,0,[],0
2025-04-03,P3-2,2219126.1268292153,0.0,0,144670047.0,146889173.1268292,0.9848925139982023,0.015107486001797728,27,0,[],0
2025-04-04,P3-2,2219126.1268292153,0.0,0,145186372.0,147405498.1268292,0.9849454317849131,0.015054568215086906,27,0,[],0
2025-04-07,P3-2,2219126.1268292153,0.0,0,140257182.0,142476308.1268292,0.9844245955274628,0.015575404472537281,27,0,[],0
2025-04-08,P3-2,2219126.1268292153,0.0,0,141138687.0,143357813.1268292,0.9845203684513104,0.015479631548689613,27,0,[],0
2025-04-09,P3-2,2219126.1268292153,0.0,0,138865807.0,141084933.1268292,0.9842709913975413,0.01572900860245876,27,0,[],0
2025-04-10,P3-2,2219126.1268292153,0.0,0,143998507.0,146217633.1268292,0.9848231291987586,0.015176870801241495,27,0,[],0
2025-04-11,P3-2,2219126.1268292153,0.0,0,146557052.0,148776178.1268292,0.9850841300350017,0.014915869964998343,27,0,[],0
2025-04-14,P3-2,2219126.1268292153,0.0,0,147287067.0,149506193.1268292,0.985156961859455,0.014843038140545018,27,0,[],0
2025-04-15,P3-2,2219126.1268292153,0.0,0,148529932.0,150749058.1268292,0.9852793367042983,0.01472066329570169,27,0,[],0
2025-04-16,P3-2,2219126.1268292153,0.0,0,149308530.0,151527656.1268292,0.9853549762231405,0.014645023776859577,27,0,[],0
2025-04-17,P3-2,2219126.1268292153,0.0,0,149878460.0,152097586.1268292,0.9854098530861709,0.014590146913829117,27,0,[],1
2025-04-18,P3-2,2219126.1268292153,0.0,0,150943710.0,153162836.1268292,0.9855113277936978,0.014488672206302242,27,0,[],1
2025-04-21,P3-2,2219126.1268292153,0.0,0,152997320.0,155216446.1268292,0.985703021927097,0.014296978072903054,27,0,[],1
2025-04-22,P3-2,2219126.1268292153,0.0,0,153046000.0,155265126.1268292,0.9857075044333105,0.014292495566689647,27,0,[],1
2025-04-23,P3-2,2219126.1268292153,0.0,0,153718370.0,155937496.1268292,0.985769130696928,0.014230869303072081,27,0,[],1
2025-04-24,P3-2,2219126.1268292153,0.0,0,154066285.0,156285411.1268292,0.985800810767754,0.014199189232246019,27,0,[],1
2025-04-25,P3-2,2219126.1268292153,0.0,0,155145600.0,157364726.1268292,0.985898198526138,0.014101801473862034,27,0,[],1
2025-04-28,P3-2,2219126.1268292153,0.0,0,155579765.0,157798891.1268292,0.985936997966319,0.01406300203368106,27,0,[],1
2025-04-29,P3-2,2219126.1268292153,0.0,0,157911115.0,160130241.1268292,0.9861417424265815,0.013858257573418525,27,0,[],1
2025-04-30,P3-2,2219126.1268292153,0.0,0,159303845.0,161522971.1268292,0.9862612350964821,0.013738764903517895,27,0,[],0
2025-05-02,P3-2,2219126.1268292153,0.0,0,159877720.0,162096846.1268292,0.9863098747455401,0.013690125254459964,27,0,[],0
2025-05-07,P3-2,2219126.1268292153,0.0,0,160535300.0,162754426.1268292,0.9863651872355231,0.013634812764476973,27,0,[],0
2025-05-08,P3-2,2219126.1268292153,0.0,0,161223100.0,163442226.1268292,0.9864225654568166,0.013577434543183473,27,0,[],0
2025-05-09,P3-2,2219126.1268292153,0.0,0,161350795.0,163569921.1268292,0.9864331650248304,0.013566834975169698,27,0,[],0
2025-05-12,P3-2,2219126.1268292153,0.0,0,163903050.0,166122176.1268292,0.9866416021113582,0.013358397888641793,27,0,[],0
2025-05-13,P3-2,2219126.1268292153,0.0,0,164275125.0,166494251.1268292,0.9866714549492838,0.013328545050716295,27,0,[],0
2025-05-14,P3-2,2219126.1268292153,0.0,0,165516905.0,167736031.1268292,0.9867701285649756,0.013229871435024484,27,0,[],0
2025-05-15,P3-2,2219126.1268292153,0.0,0,164070475.0,166289601.1268292,0.986655051718257,0.013344948281743043,27,0,[],0
2025-05-16,P3-2,2219126.1268292153,0.0,0,162519400.0,164738526.1268292,0.9865294040258638,0.013470595974136313,27,0,[],0
2025-05-19,P3-2,2219126.1268292153,0.0,0,161898250.0,164117376.1268292,0.9864784206328385,0.01352157936716149,27,0,[],0
2025-05-20,P3-2,2219126.1268292153,0.0,0,163802755.0,166021881.1268292,0.9866335322081193,0.01336646779188074,27,0,[],0
2025-05-21,P3-2,2219126.1268292153,0.0,0,165772750.0,167991876.1268292,0.9867902771372479,0.013209722862752224,27,0,[],0
2025-05-22,P3-2,2219126.1268292153,0.0,0,164802450.0,167021576.1268292,0.9867135361892161,0.013286463810783964,27,0,[],0
2025-05-23,P3-2,2219126.1268292153,0.0,0,165446135.0,167665261.1268292,0.9867645443551329,0.013235455644867144,27,0,[],0
2025-05-26,P3-2,2219126.1268292153,0.0,0,167764005.0,169983131.1268292,0.9869450214729045,0.013054978527095508,27,0,[],0
2025-05-27,P3-2,2219126.1268292153,0.0,0,166744735.0,168963861.1268292,0.986866267662033,0.013133732337967078,27,0,[],0
2025-05-28,P3-2,2219126.1268292153,0.0,0,168142765.0,170361891.1268292,0.9869740461781025,0.01302595382189755,27,0,[],0
2025-05-29,P3-2,2219126.1268292153,0.0,0,173460580.0,175679706.1268292,0.9873683410807441,0.012631658919255887,27,0,[],0
2025-05-30,P3-2,2219126.1268292153,0.0,0,174008925.0,176228051.1268292,0.9874076453059557,0.01259235469404435,27,0,[],0
2025-06-02,P3-2,2219126.1268292153,5907339.626121,0,165965090.0,174091555.75295022,0.9533207356450859,0.04667926435491402,26,0,[],0
2025-06-04,P3-2,8126465.752950216,0.0,0,174310725.0,182437190.75295022,0.9554560902883296,0.04454390971167046,26,0,[],0
2025-06-05,P3-2,8126465.752950216,0.0,0,174164810.0,182291275.75295022,0.9554204351284282,0.044579564871571734,26,0,[],0
2025-06-09,P3-2,8126465.752950216,0.0,0,179141765.0,187268230.75295022,0.9566052089012851,0.04339479109871492,26,0,[],0
2025-06-10,P3-2,8126465.752950216,0.0,0,178337745.0,186464210.75295022,0.9564180937449862,0.04358190625501382,26,0,[],0
2025-06-11,P3-2,8126465.752950216,0.0,0,180875720.0,189002185.75295022,0.9570033239532344,0.04299667604676559,26,0,[],0
2025-06-12,P3-2,8126465.752950216,0.0,0,180336635.0,188463100.75295022,0.9568803350869042,0.04311966491309575,26,0,[],0
2025-06-13,P3-2,8126465.752950216,0.0,0,176839950.0,184966415.75295022,0.9560651823204256,0.04393481767957434,26,0,[],0
2025-06-16,P3-2,3133803.0388611667,0.0,0,185980472.0,189114275.03886116,0.9834290508306832,0.01657094916931681,27,0,[],0
2025-06-17,P3-2,3133803.0388611667,0.0,0,185659876.0,188793679.03886116,0.983400911223219,0.016599088776781065,27,0,[],0
2025-06-18,P3-2,3133803.0388611667,0.0,0,185000075.0,188133878.03886116,0.983342696852218,0.016657303147782052,27,0,[],0
2025-06-19,P3-2,3133803.0388611667,0.0,0,185628215.0,188762018.03886116,0.9833981270627442,0.016601872937255836,27,0,[],0
2025-06-20,P3-2,3133803.0388611667,0.0,0,184459421.0,187593224.03886116,0.9832946895874449,0.01670531041255509,27,0,[],0
2025-06-23,P3-2,3133803.0388611667,0.0,0,184041479.0,187175282.03886116,0.9832573884504124,0.01674261154958767,27,0,[],0
2025-06-24,P3-2,3133803.0388611667,0.0,0,188345328.0,191479131.03886116,0.983633709731923,0.016366290268077066,27,0,[],0
2025-06-25,P3-2,3133803.0388611667,0.0,0,189940809.0,193074612.03886116,0.9837689533296569,0.01623104667034322,27,0,[],0
2025-06-26,P3-2,3133803.0388611667,0.0,0,187875439.0,191009242.03886116,0.9835934481210936,0.01640655187890641,27,0,[],0
2025-06-27,P3-2,3133803.0388611667,0.0,0,186910453.0,190044256.03886116,0.9835101407210101,0.016489859278990004,27,0,[],0
2025-06-30,P3-2,3133803.0388611667,0.0,0,188896446.0,192030249.03886116,0.9836806802337326,0.016319319766267548,27,0,[],0
2025-07-01,P3-2,3133803.0388611667,10400527.186875,0,182033233.0,195567563.22573617,0.9307946062092413,0.06920539379075868,26,0,[],0
2025-07-02,P3-2,13534330.225736167,0.0,0,180797430.0,194331760.22573617,0.9303545122525795,0.0696454877474205,26,0,[],0
2025-07-03,P3-2,13534330.225736167,0.0,0,181652871.0,195187201.22573617,0.9306597454098254,0.06934025459017451,26,0,[],0
2025-07-04,P3-2,13534330.225736167,0.0,0,176357618.0,189891948.22573617,0.928726150043776,0.07127384995622395,26,0,[],0
2025-07-07,P3-2,3578242.3865386676,0.0,0,187880461.0,191458703.38653865,0.9813106308397248,0.01868936916027528,28,0,[],0
2025-07-08,P3-2,3578242.3865386676,0.0,0,191954154.0,195532396.38653865,0.9817000023900643,0.018299997609935753,28,0,[],0
2025-07-09,P3-2,3578242.3865386676,0.0,0,198323639.0,201901881.38653865,0.9822773202410722,0.017722679758927887,28,0,[],0
2025-07-10,P3-2,3578242.3865386676,0.0,0,200229186.0,203807428.38653865,0.982443022735402,0.017556977264598116,28,0,[],0
2025-07-11,P3-2,3578242.3865386676,0.0,0,200535375.0,204113617.38653865,0.9824693597989478,0.017530640201052328,28,0,[],0
2025-07-14,P3-2,3578242.3865386676,0.0,0,202767548.0,206345790.38653865,0.9826589998282219,0.017341000171778163,28,0,[],0
2025-07-15,P3-2,3578242.3865386676,0.0,0,203524115.0,207102357.38653865,0.9827223483513509,0.017277651648649212,28,0,[],0
2025-07-16,P3-2,3578242.3865386676,0.0,0,199872425.0,203450667.38653865,0.9824122356908257,0.017587764309174355,28,0,[],0
2025-07-17,P3-2,3578242.3865386676,0.0,0,199208065.0,202786307.38653865,0.9823546153946281,0.01764538460537202,28,0,[],0
2025-07-18,P3-2,3578242.3865386676,0.0,0,196255961.0,199834203.38653865,0.982093944250288,0.0179060557497121,28,0,[],0
2025-07-21,P3-2,3578242.3865386676,0.0,0,194875612.0,198453854.38653865,0.9819693983893649,0.018030601610635102,28,0,[],0
2025-07-22,P3-2,3578242.3865386676,0.0,0,194959146.0,198537388.38653865,0.9819769847099425,0.018023015290057485,28,0,[],0
2025-07-23,P3-2,3578242.3865386676,0.0,0,194080118.0,197658360.38653865,0.9818968325977152,0.0181031674022849,28,0,[],0
2025-07-24,P3-2,3578242.3865386676,0.0,0,192013332.0,195591574.38653865,0.9817055392198688,0.018294460780131312,28,0,[],0
2025-07-25,P3-2,3578242.3865386676,0.0,0,192919067.0,196497309.38653865,0.9817898657355163,0.01821013426448373,28,0,[],0
2025-07-28,P3-2,3578242.3865386676,0.0,0,187907216.0,191485458.38653865,0.9813132421819964,0.01868675781800367,28,0,[],0
2025-07-29,P3-2,3578242.3865386676,0.0,0,188119865.0,191698107.38653865,0.9813339712357018,0.01866602876429826,28,0,[],0
2025-07-30,P3-2,3578242.3865386676,0.0,0,188734015.0,192312257.38653865,0.9813935812767953,0.01860641872320477,28,0,[],0
2025-07-31,P3-2,3578242.3865386676,0.0,0,189421461.0,192999703.38653865,0.9814598555140152,0.018540144485984962,28,0,[],0
2025-08-01,P3-2,3578242.3865386676,10589239.9457145,0,171495464.0,185662946.33225316,0.9236924620010083,0.07630753799899172,27,0,[],0
2025-08-04,P3-2,4186465.8543206695,0.0,0,183525165.0,187711630.85432068,0.97769735505857,0.02230264494142989,29,0,[],0
2025-08-05,P3-2,4186465.8543206695,0.0,0,185564335.0,189750800.85432068,0.9779370319625961,0.022062968037403898,29,0,[],0
2025-08-06,P3-2,4186465.8543206695,0.0,0,187122397.0,191308862.85432068,0.9781167176896105,0.021883282310389413,29,0,[],0
2025-08-07,P3-2,4186465.8543206695,0.0,0,186913519.0,191099984.85432068,0.97809279860743,0.021907201392569946,29,0,[],0
2025-08-08,P3-2,4186465.8543206695,0.0,0,188182223.0,192368688.85432068,0.9782372803014161,0.021762719698583836,29,0,[],0
2025-08-11,P3-2,4186465.8543206695,0.0,0,185840946.0,190027411.85432068,0.9779691476431299,0.022030852356870013,29,0,[],0
2025-08-12,P3-2,4186465.8543206695,0.0,0,185923515.0,190109980.85432068,0.977978716133117,0.022021283866882905,29,0,[],0
2025-08-13,P3-2,4186465.8543206695,0.0,0,184534593.0,188721058.85432068,0.977816647067711,0.022183352932288947,29,0,[],0
2025-08-14,P3-2,4186465.8543206695,0.0,0,184717324.0,188903789.85432068,0.9778381055374844,0.022161894462515545,29,0,[],0
2025-08-18,P3-2,4186465.8543206695,0.0,0,182874295.0,187060760.85432068,0.9776197539494613,0.022380246050538673,29,0,[],0
2025-08-19,P3-2,4186465.8543206695,0.0,0,181222171.0,185408636.85432068,0.9774203298975221,0.022579670102477807,29,0,[],0
2025-08-20,P3-2,4186465.8543206695,0.0,0,180289146.0,184475611.85432068,0.977306128369821,0.022693871630178938,29,0,[],0
2025-08-21,P3-2,4186465.8543206695,0.0,0,180513729.0,184700194.85432068,0.9773337225896124,0.02266627741038756,29,0,[],0
2025-08-22,P3-2,4186465.8543206695,0.0,0,180709251.0,184895716.85432068,0.9773576915379862,0.022642308462013674,29,0,[],0
2025-08-25,P3-2,4186465.8543206695,0.0,0,183088992.0,187275457.85432068,0.9776454111911596,0.022354588808840458,29,0,[],0
2025-08-26,P3-2,4186465.8543206695,0.0,0,183055187.0,187241652.85432068,0.9776413752468962,0.02235862475310373,29,0,[],0
2025-08-27,P3-2,4186465.8543206695,0.0,0,183301220.0,187487685.85432068,0.9776707156246326,0.022329284375367374,29,0,[],0
2025-08-28,P3-2,4186465.8543206695,0.0,0,185464779.0,189651244.85432068,0.9779254501728345,0.022074549827165516,29,0,[],0
2025-08-29,P3-2,4186465.8543206695,0.0,0,185023291.0,189209756.85432068,0.9778739430570487,0.022126056942951302,29,0,[],0
2025-09-01,P3-2,4186465.8543206695,7913689.968419999,0,176645919.0,188746074.82274067,0.9358918810147208,0.0641081189852792,28,0,[],0
2025-09-02,P3-2,12100155.822740668,0.0,0,176044107.0,188144262.82274067,0.9356868200964449,0.06431317990355506,28,0,[],0
2025-09-03,P3-2,12100155.822740668,0.0,0,176854759.0,188954914.82274067,0.9359627356923111,0.0640372643076888,28,0,[],0
2025-09-04,P3-2,12100155.822740668,0.0,0,177832499.0,189932654.82274067,0.9362923882992451,0.06370761170075487,28,0,[],0
2025-09-05,P3-2,12100155.822740668,0.0,0,178485144.0,190585299.82274067,0.9365105502156001,0.06348944978439977,28,0,[],0
2025-09-08,P3-2,2142951.70112592,0.0,0,189307929.0,191450880.70112592,0.9888067806568553,0.011193219343144642,30,0,[],0
2025-09-09,P3-2,2142951.70112592,0.0,0,190880319.0,193023270.70112592,0.9888979619227154,0.011102038077284635,30,0,[],0
2025-09-10,P3-2,2142951.70112592,0.0,0,191853455.0,193996406.70112592,0.9889536526084868,0.01104634739151322,30,0,[],0
2025-09-11,P3-2,2142951.70112592,0.0,0,193329809.0,195472760.70112592,0.9890370827452402,0.010962917254759867,30,0,[],0
2025-09-12,P3-2,2142951.70112592,0.0,0,192229476.0,194372427.70112592,0.9889750221959412,0.01102497780405871,30,0,[],0
2025-09-15,P3-2,2142951.70112592,0.0,0,194496342.0,196639293.70112592,0.9891021186010615,0.010897881398938577,30,0,[],0
2025-09-16,P3-2,2142951.70112592,0.0,0,192698275.0,194841226.70112592,0.9890015489154507,0.010998451084549327,30,0,[],0
2025-09-17,P3-2,2142951.70112592,0.0,0,192494632.0,194637583.70112592,0.9889900415922933,0.011009958407706659,30,0,[],0
2025-09-18,P3-2,2142951.70112592,0.0,0,192737611.0,194880562.70112592,0.9890037689165933,0.010996231083406754,30,0,[],0
2025-09-19,P3-2,2142951.70112592,0.0,0,193340335.0,195483286.70112592,0.9890376730548721,0.010962326945127924,30,0,[],0
2025-09-22,P3-2,2142951.70112592,0.0,0,192239472.0,194382423.70112592,0.9889755891488377,0.011024410851162297,30,0,[],0
2025-09-23,P3-2,2142951.70112592,0.0,0,191411054.0,193554005.70112592,0.9889284042799149,0.011071595720085136,30,0,[],0
2025-09-24,P3-2,2142951.70112592,0.0,0,189748051.0,191891002.70112592,0.9888324534711843,0.011167546528815684,30,0,[],0
2025-09-25,P3-2,2142951.70112592,0.0,0,189282678.0,191425629.70112592,0.9888053041566497,0.011194695843350361,30,0,[],0
2025-09-26,P3-2,2142951.70112592,0.0,0,187256777.0,189399728.70112592,0.9886855608726478,0.01131443912735225,30,0,[],0
2025-09-29,P3-2,2142951.70112592,0.0,0,187850061.0,189993012.70112592,0.988720892044083,0.011279107955917057,30,0,[],0
2025-09-30,P3-2,2142951.70112592,0.0,0,188322013.0,190464964.70112592,0.9887488404784124,0.011251159521587605,30,0,[],0
2025-10-01,P3-2,2142951.70112592,12883369.004730001,0,174412733.0,189439053.7058559,0.9206799209988272,0.07932007900117287,29,0,[],0
2025-10-02,P3-2,15026320.70585592,0.0,0,174695366.0,189721686.7058559,0.9207980860450989,0.0792019139549012,29,0,[],0
2025-10-10,P3-2,15026320.70585592,0.0,0,173248654.0,188274974.7058559,0.9201894955538743,0.07981050444612572,29,0,[],0
2025-10-13,P3-2,64932.63422592357,0.0,0,187999642.0,188064574.63422593,0.9996547322410283,0.0003452677589716913,32,0,[],0
2025-10-14,P3-2,64932.63422592357,0.0,0,186520556.0,186585488.63422593,0.999651995261254,0.00034800473874586614,32,0,[],0
2025-10-15,P3-2,64932.63422592357,0.0,0,188963721.0,189028653.63422593,0.9996564931666309,0.0003435068333691328,32,0,[],0
2025-10-16,P3-2,64932.63422592357,0.0,0,189245120.0,189310052.63422593,0.9996570037706799,0.00034299622932007045,32,0,[],0
2025-10-17,P3-2,64932.63422592357,0.0,0,187014088.0,187079020.63422593,0.9996529133303894,0.000347086669610479,32,0,[],0
2025-10-20,P3-2,64932.63422592357,0.0,0,188998560.0,189063492.63422593,0.999656556465126,0.0003434435348740029,32,0,[],0
2025-10-21,P3-2,64932.63422592357,0.0,0,188342408.0,188407340.63422593,0.9996553603802943,0.0003446396197056027,32,0,[],0
2025-10-22,P3-2,64932.63422592357,0.0,0,190461138.0,190526070.63422593,0.9996591929177472,0.0003408070822527063,32,0,[],0
2025-10-23,P3-2,64932.63422592357,0.0,0,190239082.0,190304014.63422593,0.9996587952474322,0.0003412047525677659,32,0,[],0
2025-10-24,P3-2,64932.63422592357,0.0,0,190994506.0,191059438.63422593,0.9996601443263411,0.00033985567365888667,32,0,[],0
2025-10-27,P3-2,64932.63422592357,0.0,0,192270359.0,192335291.63422593,0.9996623987533738,0.0003376012466261748,32,0,[],0
2025-10-28,P3-2,64932.63422592357,0.0,0,192308955.0,192373887.63422593,0.9996624664863591,0.00033753351364081477,32,0,[],0
2025-10-29,P3-2,64932.63422592357,0.0,0,190440835.0,190505767.63422593,0.9996591565965047,0.00034084340349524347,32,0,[],0
2025-10-30,P3-2,64932.63422592357,0.0,0,188618185.0,188683117.63422593,0.9996558641014623,0.0003441358985375658,32,0,[],1
2025-10-31,P3-2,64932.63422592357,0.0,0,188636130.0,188701062.63422593,0.9996558968279272,0.00034410317207268505,32,0,[],1
2025-11-03,P3-2,64932.63422592357,5356393.860384,0,182476735.0,187898061.49460992,0.9711475123719387,0.028852487628061245,31,0,[],1
2025-11-04,P3-2,5421326.494609924,0.0,0,181396955.0,186818281.49460992,0.9709807495752693,0.02901925042473073,31,0,[],1
2025-11-05,P3-2,5421326.494609924,0.0,0,180026350.0,185447676.49460992,0.9707662743632839,0.029233725636716165,31,0,[],1
2025-11-06,P3-2,5421326.494609924,0.0,0,183472720.0,188894046.49460992,0.9712996433968362,0.028700356603163887,31,0,[],1
2025-11-07,P3-2,5421326.494609924,4077705.85236,0,177724960.0,187223992.34696993,0.9492638084046088,0.050736191595391215,30,0,[],1
2025-11-10,P3-2,4509550.286907425,0.0,0,187368425.0,191877975.28690743,0.976497822221834,0.02350217777816592,31,0,[],1
2025-11-11,P3-2,4509550.286907425,0.0,0,187010135.0,191519685.28690743,0.9764538549645595,0.02354614503544041,31,0,[],1
2025-11-12,P3-2,4509550.286907425,0.0,0,191577040.0,196086590.28690743,0.9770022504837826,0.0229977495162173,31,0,[],1
2025-11-13,P3-2,4509550.286907425,0.0,0,193372125.0,197881675.28690743,0.9772108747292084,0.022789125270791525,31,0,[],1
2025-11-14,P3-2,4509550.286907425,0.0,0,191691280.0,196200830.28690743,0.9770156411656716,0.022984358834328283,31,0,[],1
2025-11-17,P3-2,4509550.286907425,0.0,0,194445985.0,198955535.28690743,0.977333878746302,0.02266612125369795,31,0,[],1
2025-11-18,P3-2,4509550.286907425,4175842.8795974995,0,186856230.0,195541623.16650492,0.9555828931668975,0.04441710683310253,30,0,[],1
2025-11-19,P3-2,8685393.166504925,0.0,0,188710135.0,197395528.16650492,0.9560000510286195,0.043999948971380536,30,0,[],1
2025-11-20,P3-2,8685393.166504925,0.0,0,189018570.0,197703963.16650492,0.9560686946918199,0.043931305308180124,30,0,[],1
2025-11-21,P3-2,8685393.166504925,0.0,0,186651260.0,195336653.16650492,0.9555362855577264,0.04446371444227366,30,0,[],1
2025-11-24,P3-2,3688057.0835156767,0.0,0,191493520.0,195181577.08351567,0.9811044815877392,0.01889551841226083,31,0,[],0
2025-11-25,P3-2,3688057.0835156767,0.0,0,190970610.0,194658667.08351567,0.9810537227097452,0.01894627729025477,31,0,[],0
2025-11-26,P3-2,3688057.0835156767,0.0,0,193777875.0,197465932.08351567,0.9813230715566883,0.018676928443311733,31,0,[],0
2025-11-27,P3-2,3688057.0835156767,0.0,0,193809310.0,197497367.08351567,0.9813260443013597,0.01867395569864032,31,0,[],0
2025-11-28,P3-2,3688057.0835156767,0.0,0,195979045.0,199667102.08351567,0.9815289697449856,0.01847103025501445,31,0,[],0
2025-12-01,P3-2,3688057.0835156767,18341086.22433,0,179343910.0,201373053.30784568,0.8906053071849241,0.10939469281507588,29,0,[],0
2025-12-02,P3-2,22029143.30784568,0.0,0,180830995.0,202860138.30784568,0.8914072350950689,0.10859276490493103,29,0,[],0
2025-12-03,P3-2,22029143.30784568,0.0,0,184234015.0,206263158.30784568,0.8931988461314676,0.10680115386853237,29,0,[],0
2025-12-04,P3-2,22029143.30784568,0.0,0,183904755.0,205933898.30784568,0.8930280857650991,0.10697191423490093,29,0,[],0
2025-12-05,P3-2,22029143.30784568,0.0,0,183662195.0,205691338.30784568,0.8929019399208925,0.10709806007910748,29,0,[],0
2025-12-08,P3-2,17060234.88336568,0.0,0,188220875.0,205281109.8833657,0.9168933035628131,0.08310669643718689,30,0,[],0
2025-12-09,P3-2,17060234.88336568,0.0,0,188565395.0,205625629.8833657,0.9170325465116262,0.08296745348837366,30,0,[],0
2025-12-10,P3-2,17060234.88336568,0.0,0,188367545.0,205427779.8833657,0.9169526395453825,0.08304736045461744,30,0,[],0
2025-12-11,P3-2,17060234.88336568,0.0,0,189401465.0,206461699.8833657,0.9173685245592603,0.0826314754407396,30,0,[],0
2025-12-12,P3-2,17060234.88336568,0.0,0,191375135.0,208435369.8833657,0.9181509602093344,0.0818490397906655,30,0,[],0
2025-12-15,P3-2,7120491.821517081,0.0,0,201291449.0,208411940.82151708,0.9658345304330953,0.03416546956690468,32,0,[],0
2025-12-16,P3-2,7120491.821517081,0.0,0,200032763.0,207153254.82151708,0.9656269372757281,0.034373062724271874,32,0,[],0
2025-12-17,P3-2,7120491.821517081,0.0,0,202376358.0,209496849.82151708,0.9660114611385161,0.033988538861483855,32,0,[],0
2025-12-18,P3-2,7120491.821517081,0.0,0,199578293.0,206698784.82151708,0.9655513609929272,0.0344486390070729,32,0,[],0
2025-12-19,P3-2,7120491.821517081,0.0,0,199877869.0,206998360.82151708,0.9656012163900337,0.034398783609966246,32,0,[],0
2025-12-22,P3-2,2129658.2087520817,0.0,0,207019357.0,209149015.2087521,0.989817507834658,0.010182492165341851,33,0,[],0
2025-12-23,P3-2,2129658.2087520817,0.0,0,205481162.0,207610820.2087521,0.9897420654346882,0.010257934565311752,33,0,[],0
2025-12-24,P3-2,2129658.2087520817,0.0,0,205025882.0,207155540.2087521,0.9897195208653072,0.010280479134692754,33,0,[],0
2025-12-26,P3-2,2129658.2087520817,0.0,0,204437660.0,206567318.2087521,0.9896902461278995,0.010309753872100421,33,0,[],0
2025-12-29,P3-2,2129658.2087520817,0.0,0,202628749.0,204758407.2087521,0.989599165974265,0.010400834025734952,33,0,[],0
2025-12-30,P3-2,2129658.2087520817,0.0,0,203556020.0,205685678.2087521,0.9896460549548293,0.01035394504517069,33,0,[],0
2026-01-02,P3-2,2129658.2087520817,6607993.05234,0,196592359.0,205330010.26109207,0.9574458149104386,0.04255418508956154,32,0,[],0
2026-01-05,P3-2,3739659.4247545823,0.0,0,200937228.0,204676887.4247546,0.9817289608425895,0.018271039157410452,33,0,[],0
2026-01-06,P3-2,3739659.4247545823,0.0,0,200724708.0,204464367.4247546,0.9817099699480359,0.018290030051964057,33,0,[],0
2026-01-07,P3-2,3739659.4247545823,0.0,0,199992120.0,203731779.4247546,0.9816442018259808,0.01835579817401915,33,0,[],0
2026-01-08,P3-2,3739659.4247545823,0.0,0,198978271.0,202717930.4247546,0.9815523993515577,0.018447600648442294,33,0,[],0
2026-01-09,P3-2,3739659.4247545823,0.0,0,200472135.0,204211794.4247546,0.9816873484938083,0.018312651506191654,33,0,[],0
2026-01-12,P3-2,3739659.4247545823,0.0,0,201838403.0,205578062.4247546,0.9818090540369628,0.01819094596303712,33,0,[],0
2026-01-13,P3-2,3739659.4247545823,0.0,0,202347954.0,206087613.4247546,0.9818540310957602,0.018145968904239765,33,0,[],0
2026-01-14,P3-2,3739659.4247545823,0.0,0,204650523.0,208390182.4247546,0.98205453164232,0.017945468357679933,33,0,[],0
2026-01-15,P3-2,3739659.4247545823,0.0,0,207636566.0,211376225.4247546,0.9823080414212154,0.017691958578784542,33,0,[],0
2026-01-16,P3-2,3739659.4247545823,0.0,0,206839190.0,210578849.4247546,0.9822410492080741,0.01775895079192586,33,0,[],0
2026-01-19,P3-2,3739659.4247545823,0.0,0,207546318.0,211285977.4247546,0.9823004845360057,0.01769951546399424,33,0,[],0
2026-01-20,P3-2,3739659.4247545823,0.0,0,209047750.0,212787409.4247546,0.9824253726530893,0.01757462734691073,33,0,[],0
2026-01-21,P3-2,3739659.4247545823,0.0,0,207019144.0,210758803.4247546,0.9822562124856163,0.017743787514383574,33,0,[],0
2026-01-22,P3-2,3739659.4247545823,0.0,0,208289809.0,212029468.4247546,0.9823625486941135,0.017637451305886377,33,0,[],0
2026-01-23,P3-2,3739659.4247545823,0.0,0,210456363.0,214196022.4247546,0.9825409483219124,0.017459051678087513,33,0,[],0
2026-01-26,P3-2,3739659.4247545823,0.0,0,211787811.0,215527470.4247546,0.9826488038049879,0.01735119619501209,33,0,[],0
2026-01-27,P3-2,3739659.4247545823,0.0,0,211972786.0,215712445.4247546,0.9826636825826581,0.017336317417341877,33,0,[],0
2026-01-28,P3-2,3739659.4247545823,0.0,0,214649252.0,218388911.4247546,0.9828761478760194,0.017123852123980543,33,0,[],0
2026-01-29,P3-2,3739659.4247545823,0.0,0,217112141.0,220851800.4247546,0.9830671091765507,0.016932890823449297,33,0,[],0
2026-01-30,P3-2,3739659.4247545823,0.0,0,218353073.0,222092732.4247546,0.9831617208545012,0.016838279145498763,33,0,[],0
2026-02-02,P3-2,3739659.4247545823,0.0,0,214104670.0,217844329.4247546,0.9828333405114118,0.017166659488588133,33,0,[],0
2026-02-03,P3-2,3739659.4247545823,0.0,0,218011187.0,221750846.4247546,0.9831357603136656,0.01686423968633436,33,0,[],0
2026-02-04,P3-2,3739659.4247545823,0.0,0,221542930.0,225282589.4247546,0.9834001400893714,0.01659985991062858,33,0,[],0
2026-02-05,P3-2,3739659.4247545823,0.0,0,221390811.0,225130470.4247546,0.9833889236863452,0.016611076313654705,33,0,[],0
2026-02-06,P3-2,3739659.4247545823,0.0,0,219010436.0,222750095.4247546,0.98321141269267,0.016788587307330006,33,0,[],0
2026-02-09,P3-2,3739659.4247545823,0.0,0,226383582.0,230123241.4247546,0.9837493188362837,0.01625068116371623,33,0,[],0
2026-02-10,P3-2,3739659.4247545823,0.0,0,226023237.0,229762896.4247546,0.9837238323378322,0.01627616766216772,33,0,[],0
2026-02-11,P3-2,3739659.4247545823,0.0,0,229495512.0,233235171.4247546,0.9839661428338176,0.016033857166182403,33,0,[],0
2026-02-12,P3-2,3739659.4247545823,0.0,0,232422160.0,236161819.4247546,0.9841648432677912,0.015835156732208804,33,0,[],0
2026-02-13,P3-2,3739659.4247545823,0.0,0,232355057.0,236094716.4247546,0.9841603425888337,0.01583965741116635,33,0,[],0
2026-02-19,P3-2,3739659.4247545823,0.0,0,235875149.0,239614808.4247546,0.9843930371025923,0.015606962897407631,33,0,[],0
2026-02-20,P3-2,3739659.4247545823,0.0,0,238548928.0,242288587.4247546,0.9845652679537951,0.015434732046204921,33,0,[],0
2026-02-23,P3-2,3739659.4247545823,0.0,0,239692116.0,243431775.4247546,0.9846377515086951,0.015362248491304789,33,0,[],0
2026-02-24,P3-2,3739659.4247545823,0.0,0,239676352.0,243416011.4247546,0.9846367566255575,0.015363243374442507,33,0,[],0
2026-02-25,P3-2,3739659.4247545823,0.0,0,239477203.0,243216862.4247546,0.9846241770102945,0.015375822989705504,33,0,[],0
2026-02-26,P3-2,3739659.4247545823,0.0,0,233257837.0,236997496.4247546,0.9842206796224875,0.015779320377512528,33,0,[],0
2026-02-27,P3-2,3739659.4247545823,0.0,0,231953270.0,235692929.4247546,0.9841333406399513,0.01586665936004871,33,0,[],0
2026-03-03,P3-2,3739659.4247545823,10117802.6519175,0,213380024.0,227237486.07667208,0.9390177108718918,0.06098228912810822,31,0,[],0
2026-03-04,P3-2,13857462.076672083,0.0,0,191269375.0,205126837.07667208,0.9324444218311012,0.06755557816889877,31,0,[],0
2026-03-05,P3-2,13857462.076672083,4338233.9392842,0,200450865.0,218646561.01595628,0.9167803237727192,0.08321967622728083,30,0,[],0
2026-03-06,P3-2,18195696.015956283,0.0,0,202183845.0,220379541.01595628,0.9174347313181905,0.08256526868180948,30,0,[],0
2026-03-09,P3-2,18195696.015956283,0.0,0,193915935.0,212111631.01595628,0.9142164155317466,0.08578358446825339,30,0,[],0
2026-03-10,P3-2,18195696.015956283,0.0,0,199553685.0,217749381.01595628,0.9164374386229693,0.08356256137703066,30,0,[],0
2026-03-11,P3-2,18195696.015956283,0.0,0,202441765.0,220637461.01595628,0.917531248174396,0.08246875182560404,30,0,[],0
2026-03-12,P3-2,18195696.015956283,0.0,0,203363255.0,221558951.01595628,0.9178742455110926,0.08212575448890738,30,0,[],0
2026-03-13,P3-2,18195696.015956283,0.0,0,200933525.0,219129221.01595628,0.9169636257017894,0.08303637429821069,30,0,[],0
2026-03-16,P3-2,3209894.8979185345,0.0,0,215968620.0,219178514.89791852,0.9853548834409545,0.014645116559045624,33,0,[],0
2026-03-17,P3-2,3209894.8979185345,0.0,0,217336225.0,220546119.89791852,0.9854456977098294,0.014554302290170688,33,0,[],0
2026-03-18,P3-2,3209894.8979185345,0.0,0,223393855.0,226603749.89791852,0.9858347670796952,0.014165232920304903,33,0,[],0
2026-03-19,P3-2,3209894.8979185345,0.0,0,221738290.0,224948184.89791852,0.9857305143432246,0.014269485656775513,33,0,[],0
2026-03-20,P3-2,3209894.8979185345,0.0,0,227840715.0,231050609.89791852,0.9861073948286192,0.013892605171380903,33,0,[],0
2026-03-23,P3-2,3209894.8979185345,0.0,0,218588085.0,221797979.89791852,0.9855278443050028,0.014472155694997192,33,0,[],0
2026-03-24,P3-2,3209894.8979185345,0.0,0,222604175.0,225814069.89791852,0.9857852307459425,0.01421476925405755,33,0,[],0
2026-03-25,P3-2,3209894.8979185345,0.0,0,228875960.0,232085854.89791852,0.9861693643529875,0.013830635647012552,33,0,[],0
2026-03-26,P3-2,3209894.8979185345,0.0,0,227051230.0,230261124.89791852,0.9860597619361863,0.013940238063813745,33,0,[],0
2026-03-27,P3-2,3209894.8979185345,0.0,0,227106925.0,230316819.89791852,0.9860631329516393,0.013936867048360734,33,0,[],0
2026-03-30,P3-2,3209894.8979185345,0.0,0,219531620.0,222741514.89791852,0.9855891484827621,0.014410851517237887,33,0,[],0
2026-03-31,P3-2,3209894.8979185345,0.0,0,212342595.0,215552489.89791852,0.9851085232212411,0.014891476778758985,33,0,[],0
2026-04-01,P3-2,3209894.8979185345,15366710.24766,0,205876870.0,224453475.14557853,0.9172362774355357,0.08276372256446425,31,0,[],0
2026-04-02,P3-2,18576605.145578533,0.0,0,198994000.0,217570605.14557853,0.9146180379782979,0.08538196202170212,31,0,[],0
2026-04-03,P3-2,18576605.145578533,0.0,0,200183050.0,218759655.14557853,0.9150821245662675,0.08491787543373258,31,0,[],0
2026-04-06,P3-2,13580385.345006533,0.0,0,203679670.0,217260055.34500653,0.9374924887898006,0.06250751121019937,32,0,[],0
2026-04-07,P3-2,13580385.345006533,0.0,0,203736415.0,217316800.34500653,0.9375088105316908,0.062491189468309234,32,0,[],0
2026-04-08,P3-2,13580385.345006533,0.0,0,212401200.0,225981585.34500653,0.9399049027633233,0.06009509723667675,32,0,[],0
2026-04-09,P3-2,13580385.345006533,0.0,0,212592985.0,226173370.34500653,0.9399558607439465,0.0600441392560535,32,0,[],0
2026-04-10,P3-2,13580385.345006533,0.0,0,216020885.0,229601270.34500653,0.9408523074606678,0.05914769253933218,32,0,[],0
2026-04-13,P3-2,3594913.748906535,0.0,0,225107470.0,228702383.74890652,0.9842812580700803,0.015718741929919754,34,0,[],0
2026-04-14,P3-2,3594913.748906535,0.0,0,231354465.0,234949378.74890652,0.9846991987463459,0.015300801253654161,34,0,[],0
2026-04-15,P3-2,3594913.748906535,0.0,0,232670680.0,236265593.74890652,0.9847844381745781,0.015215561825422044,34,0,[],0
2026-04-16,P3-2,3594913.748906535,0.0,0,235308535.0,238903448.74890652,0.9849524409641952,0.01504755903580479,34,0,[],0
2026-04-17,P3-2,3594913.748906535,0.0,0,235059355.0,238654268.74890652,0.9849367297398363,0.015063270260163769,34,0,[],0
2026-04-20,P3-2,3594913.748906535,0.0,0,237286870.0,240881783.74890652,0.985076024874285,0.014923975125714977,34,0,[],0
2026-04-21,P3-2,3594913.748906535,0.0,0,239286845.0,242881758.74890652,0.9851989142065503,0.014801085793449771,34,0,[],0
2026-04-22,P3-2,3594913.748906535,0.0,0,239609740.0,243204653.74890652,0.9852185651323184,0.014781434867681673,34,0,[],0
2026-04-23,P3-2,3594913.748906535,0.0,0,240050440.0,243645353.74890652,0.9852453014449382,0.014754698555061894,34,0,[],0
2026-04-24,P3-2,3594913.748906535,0.0,0,244553025.0,248147938.74890652,0.9855130219213946,0.014486978078605443,34,0,[],0
2026-04-27,P3-2,3594913.748906535,0.0,0,246493995.0,250088908.74890652,0.9856254570948771,0.01437454290512295,34,0,[],0
2026-04-28,P3-2,3594913.748906535,0.0,0,247301530.0,250896443.74890652,0.985671722981836,0.014328277018164004,34,0,[],0
2026-04-29,P3-2,3594913.748906535,0.0,0,248658710.0,252253623.74890652,0.9857488122648937,0.014251187735106297,34,0,[],0
2026-04-30,P3-2,3594913.748906535,0.0,0,243441320.0,247036233.74890652,0.9854478280600713,0.014552171939928823,34,0,[],0
2026-05-04,P3-2,3594913.748906535,32940879.326820005,0,208810270.0,245346063.07572654,0.8510846572482,0.1489153427517999,31,0,[],0
2026-05-06,P3-2,36535793.07572654,0.0,0,204908965.0,241444758.07572654,0.8486784580998545,0.15132154190014546,31,0,[],0
2026-05-07,P3-2,36535793.07572654,0.0,0,207027885.0,243563678.07572654,0.8499949033272228,0.15000509667277717,31,0,[],0
2026-05-08,P3-2,36535793.07572654,0.0,0,206415035.0,242950828.07572654,0.8496165114352336,0.15038348856476635,31,0,[],0
2026-05-11,P3-2,1768790.7465173919,0.0,0,236552311.0,238321101.7465174,0.9925781194633839,0.007421880536616138,38,0,[],0
2026-05-12,P3-2,1768790.7465173919,4170898.5713549997,0,229246620.0,235186309.3178724,0.9747447488116987,0.02525525118830129,37,0,[],0
2026-05-13,P3-2,5939689.317872392,0.0,0,229285579.0,235225268.3178724,0.974748931692807,0.025251068307192977,37,0,[],0
2026-05-14,P3-2,5939689.317872392,4153158.992691,0,228935546.0,239028394.3105634,0.9577755256245832,0.042224474375416744,36,0,[],0
2026-05-15,P3-2,10092848.310563393,0.0,0,223044651.0,233137499.3105634,0.956708601831923,0.04329139816807707,36,0,[],0
2026-05-18,P3-2,5167990.492683394,4144468.996386,0,218352527.0,227664986.4890694,0.9590957765061668,0.04090422349383313,36,0,[],0
2026-05-19,P3-2,9312459.489069395,0.0,0,214820583.0,224133042.4890694,0.9584511976206116,0.04154880237938834,36,0,[],0
2026-05-20,P3-2,9312459.489069395,4194366.555629251,0,209135254.0,222642080.04469866,0.9393339029082599,0.060666097091740034,35,0,[],0
2026-05-21,P3-2,13506826.044698644,8500049.96622525,0,204383131.0,226390007.0109239,0.9027921934298894,0.09720780657011069,33,0,[],0
2026-05-22,P3-2,22006876.010923892,0.0,0,210185050.0,232191926.0109239,0.9052211832297367,0.09477881677026331,33,0,[],0
2026-05-26,P3-2,17030458.960318893,0.0,0,214702456.0,231732914.9603189,0.9265082434955987,0.07349175650440132,34,0,[],0
2026-05-27,P3-2,17030458.960318893,0.0,0,210449217.0,227479675.9603189,0.925134151486616,0.0748658485133839,34,0,[],0
2026-05-28,P3-2,17030458.960318893,0.0,0,210556983.0,227587441.9603189,0.9251696015666442,0.07483039843335576,34,0,[],0
2026-05-29,P3-2,17030458.960318893,4136438.2411800004,0,205924399.0,227091296.2014989,0.9067912440698853,0.0932087559301147,33,0,[],0
2026-06-01,P3-2,21166897.201498892,8341197.832619999,0,193924195.0,223432290.0341189,0.8679327189923494,0.1320672810076507,31,0,[],0
2026-06-02,P3-2,29508095.03411889,8367517.5340725,0,182890720.0,220766332.5681914,0.8284357396004112,0.17156426039958872,29,0,[],0
2026-06-04,P3-2,37875612.568191394,0.0,0,185595043.0,223470655.5681914,0.8305119190173326,0.16948808098266738,29,0,[],0
2026-06-05,P3-2,37875612.568191394,0.0,0,183045093.0,220920705.5681914,0.8285556237439212,0.17144437625607872,29,0,[],0
2026-06-08,P3-2,32878732.008520395,8077791.059563499,0,170713095.0,211669618.06808388,0.8065073134165616,0.19349268658343854,28,0,[],0
2026-06-09,P3-2,40956523.0680839,0.0,0,180656815.0,221613338.06808388,0.8151892687275833,0.18481073127241676,28,0,[],0
2026-06-10,P3-2,40956523.0680839,0.0,0,178155230.0,219111753.06808388,0.8130792963198209,0.18692070368017918,28,0,[],0
2026-06-11,P3-2,40956523.0680839,0.0,0,186661370.0,227617893.06808388,0.8200645717433419,0.17993542825665818,28,0,[],0
2026-06-12,P3-2,40956523.0680839,0.0,0,187476235.0,228432758.06808388,0.8207064371394716,0.1792935628605285,28,0,[],0
2026-06-15,P3-2,31018646.150114898,0.0,0,199220630.0,230239276.1501149,0.8652764781544445,0.13472352184555553,30,0,[],0
2026-06-16,P3-2,31018646.150114898,0.0,0,199145355.0,230164001.1501149,0.8652324169065679,0.13476758309343204,30,0,[],0
2026-06-17,P3-2,31018646.150114898,0.0,0,200360560.0,231379206.1501149,0.8659402170738258,0.13405978292617413,30,0,[],0
2026-06-18,P3-2,31018646.150114898,0.0,0,193303245.0,224321891.1501149,0.8617226076729293,0.13827739232707076,30,0,[],0
2026-06-19,P3-2,31018646.150114898,4146676.4552175,0,181345350.0,216510672.6053324,0.8375815742375264,0.16241842576247356,29,0,[],0
2026-06-22,P3-2,35165322.6053324,0.0,0,177567560.0,212732882.6053324,0.8346972871581305,0.1653027128418695,29,0,[],0
2026-06-23,P3-2,35165322.6053324,0.0,0,170068320.0,205233642.6053324,0.8286571238568529,0.17134287614314714,29,0,[],0
2026-06-24,P3-2,35165322.6053324,20933641.742661,0,149001170.0,205100134.3479934,0.7264801189607692,0.27351988103923075,24,0,[],0
2026-06-25,P3-2,56098964.347993396,4231668.614481,0,142808805.0,203139437.9624744,0.7030087630073133,0.29699123699268665,23,0,[],0
2026-06-26,P3-2,60330632.9624744,0.0,0,140341210.0,200671842.9624744,0.6993567604112939,0.3006432395887061,23,0,[],0
2026-06-29,P3-2,60330632.9624744,0.0,0,143577395.0,203908027.9624744,0.7041282113052598,0.2958717886947402,23,0,[],0
2026-06-30,P3-2,60330632.9624744,0.0,0,144644895.0,204975527.9624744,0.705669093466029,0.2943309065339709,23,0,[],0
2026-07-01,P3-2,60330632.9624744,16099866.257759998,0,130756525.0,207187024.2202344,0.6311038323568431,0.3688961676431569,20,0,[],0
2026-07-02,P3-2,76430499.2202344,0.0,0,128191550.0,204622049.2202344,0.6264796510860255,0.3735203489139744,20,0,[],0
2026-07-03,P3-2,76430499.2202344,0.0,0,128638235.0,205068734.2202344,0.6272932609114779,0.37270673908852214,20,0,[],0
2026-07-06,P3-2,76430499.2202344,0.0,0,128448245.0,204878744.2202344,0.626947639145643,0.373052360854357,20,0,[],0
2026-07-07,P3-2,76430499.2202344,0.0,0,128006820.0,204437319.2202344,0.6261421372978481,0.37385786270215193,20,0,[],0
2026-07-08,P3-2,76430499.2202344,0.0,0,125105080.0,201535579.2202344,0.6207592747843668,0.37924072521563323,20,0,[],0
2026-07-09,P3-2,76430499.2202344,0.0,0,126152420.0,202582919.2202344,0.6227199237012457,0.3772800762987542,20,0,[],0
2026-07-10,P3-2,76430499.2202344,0.0,0,130372870.0,206803369.2202344,0.6304194679785896,0.3695805320214104,20,0,[],0
2026-07-13,P3-2,76430499.2202344,0.0,0,127700570.0,204131069.2202344,0.6255812527108526,0.37441874728914737,20,0,[],0
2026-07-14,P3-2,76430499.2202344,0.0,0,125889295.0,202319794.2202344,0.6222292558431713,0.3777707441568287,20,0,[],0
2026-07-15,P3-2,76430499.2202344,0.0,0,128917350.0,205347849.2202344,0.6277998551703207,0.37220014482967934,20,0,[],0
2026-07-16,P3-2,76430499.2202344,0.0,0,127485300.0,203915799.2202344,0.6251859860172607,0.3748140139827393,20,0,[],0
2026-07-20,P3-2,76430499.2202344,0.0,0,124208310.0,200638809.2202344,0.6190642303088071,0.38093576969119286,20,0,[],0
2026-07-21,P3-2,76430499.2202344,0.0,0,124261365.0,200691864.2202344,0.6191649346763682,0.3808350653236317,20,0,[],0
2026-07-22,P3-2,76430499.2202344,0.0,0,124785960.0,201216459.2202344,0.6201578165304058,0.3798421834695942,20,0,[],0
2026-07-23,P3-2,76430499.2202344,0.0,0,127571230.0,204001729.2202344,0.6253438658957531,0.37465613410424686,20,0,[],0
2026-07-24,P3-2,76430499.2202344,0.0,0,125198375.0,201628874.2202344,0.620934751950501,0.37906524804949904,20,0,[],0
2026-07-27,P3-2,76430499.2202344,0.0,0,124945715.0,201376214.2202344,0.6204591514634075,0.37954084853659253,20,0,[],0
2026-07-28,P3-2,76430499.2202344,0.0,0,119498080.0,195928579.2202344,0.6099063264562218,0.39009367354377816,20,0,[],0
2026-07-29,P3-2,76430499.2202344,0.0,0,115305635.0,191736134.2202344,0.6013766547914029,0.39862334520859705,20,0,[],0
2026-07-30,P3-2,76430499.2202344,0.0,0,115243580.0,191674079.2202344,0.6012475994084969,0.398752400591503,20,0,[],0
2026-07-31,P3-2,76430499.2202344,0.0,0,118188105.0,194618604.2202344,0.6072806116020436,0.39271938839795645,20,0,[],0
2026-08-03,P3-2,71473504.4825394,10173089.00772,0,111802610.0,193449203.4902594,0.5779429844260356,0.42205701557396424,20,0,[],0
2026-08-04,P3-2,81646593.4902594,4102377.4510649997,0,110569465.0,196318435.9413244,0.5632148833594364,0.43678511664056363,19,0,[],0
2026-08-05,P3-2,85748970.9413244,0.0,0,114131025.0,199879995.9413244,0.57099773522861,0.4290022647713899,19,0,[],0
2026-08-06,P3-2,85748970.9413244,0.0,0,115587750.0,201336720.9413244,0.5741016813007784,0.42589831869922146,19,0,[],0
2026-08-07,P3-2,85748970.9413244,0.0,0,116465040.0,202214010.9413244,0.5759494085392242,0.4240505914607758,19,0,[],0
2026-08-10,P3-2,70780584.8301459,0.0,0,134125430.0,204906014.8301459,0.6545704874070265,0.3454295125929735,22,0,[],0
2026-08-11,P3-2,70780584.8301459,0.0,0,134560215.0,205340799.8301459,0.6553018937848967,0.3446981062151033,22,0,[],0
2026-08-12,P3-2,70780584.8301459,0.0,0,135363370.0,206143954.8301459,0.6566448679590621,0.343355132040938,22,0,[],0
2026-08-13,P3-2,70780584.8301459,0.0,0,135326855.0,206107439.8301459,0.6565840374880377,0.3434159625119622,22,0,[],0
2026-08-14,P3-2,70780584.8301459,0.0,0,135811050.0,206591634.8301459,0.6573889117614089,0.34261108823859104,22,0,[],0
2026-08-18,P3-2,65780592.695808694,0.0,0,139820790.0,205601382.6958087,0.6800576346651696,0.31994236533483034,23,0,[],0
2026-08-19,P3-2,65780592.695808694,0.0,0,137248342.0,203028934.6958087,0.6760038523850528,0.3239961476149471,23,0,[],0
2026-08-20,P3-2,65780592.695808694,0.0,0,137814219.0,203594811.6958087,0.6769043761582119,0.32309562384178814,23,0,[],0
2026-08-21,P3-2,65780592.695808694,0.0,0,135024205.0,200804797.6958087,0.6724152338458709,0.32758476615412907,23,0,[],0
2026-08-24,P3-2,60887971.91275869,0.0,0,142401296.0,203289267.9127587,0.7004860485852668,0.2995139514147332,24,0,[],0
2026-08-25,P3-2,60887971.91275869,0.0,0,143636285.0,204524256.9127587,0.7022946185853597,0.2977053814146402,24,0,[],0
2026-08-26,P3-2,60887971.91275869,0.0,0,144864476.0,205752447.9127587,0.7040717010639121,0.2959282989360878,24,0,[],0
2026-08-27,P3-2,60887971.91275869,0.0,0,144049916.0,204937887.9127587,0.7028954844178033,0.29710451558219664,24,0,[],0
2026-08-28,P3-2,60887971.91275869,0.0,0,145551445.0,206439416.9127587,0.7050564624560534,0.2949435375439466,24,0,[],0
2026-08-31,P3-2,60887971.91275869,0.0,0,145040782.0,205928753.9127587,0.7043250602169245,0.29567493978307546,24,0,[],0
