ticker,name,raw_market,market,close,volume,trading_value,market_cap,shares_outstanding,effective_date
060310,3S,KOSDAQ,KOSDAQ,2215,385125,848389705,102491401295,46271513,2022-09-30
095570,AJ네트웍스,KOSPI,KOSPI,6800,186474,1240472220,318391606000,46822295,2022-09-30
006840,AK홀딩스,KOSPI,KOSPI,13250,24325,326316450,175530183250,13247561,2022-09-30
054620,APS홀딩스,KOSDAQ,KOSDAQ,9200,29664,270230820,187626833200,20394221,2022-09-30
265520,AP시스템,KOSDAQ,KOSDAQ,15900,144619,2317506000,242974593900,15281421,2022-09-30
211270,AP위성,KOSDAQ,KOSDAQ,8700,1060612,9751430940,131216044800,15082304,2022-09-30
027410,BGF,KOSPI,KOSPI,3285,133934,435156930,314429658435,95716791,2022-09-30
282330,BGF리테일,KOSPI,KOSPI,165500,72789,12031789500,2860486443000,17283906,2022-09-30
032790,BNGT,KOSDAQ,KOSDAQ,4075,0,0,120352455875,29534345,2022-09-30
138930,BNK금융지주,KOSPI,KOSPI,6020,1579043,9519379360,1962130180920,325935246,2022-09-30
001460,BYC,KOSPI,KOSPI,367000,230,83439500,229233705000,624615,2022-09-30
001465,BYC우,KOSPI,KOSPI,147000,181,26227000,31661595000,215385,2022-09-30
013720,CBI,KOSDAQ,KOSDAQ,259,3086920,807926253,70018237674,270340686,2022-09-30
001040,CJ,KOSPI,KOSPI,69500,55859,3883288200,2027801361000,29176998,2022-09-30
079160,CJ CGV,KOSPI,KOSPI,14900,174856,2596079150,710873889300,47709657,2022-09-30
035760,CJ ENM,KOSDAQ,KOSDAQ,76100,77597,5923382400,1668808619400,21929154,2022-09-30
311690,CJ 바이오사이언스,KOSDAQ,KOSDAQ,25950,2622,67877250,152551538400,5878672,2022-09-30
00104K,CJ4우(전환),KOSPI,KOSPI,64600,9460,605290900,273032675200,4226512,2022-09-30
000120,CJ대한통운,KOSPI,KOSPI,90400,116038,10604560400,2062235897600,22812344,2022-09-30
011150,CJ씨푸드,KOSPI,KOSPI,2650,121479,323046970,95216548450,35930773,2022-09-30
011155,CJ씨푸드1우,KOSPI,KOSPI,23800,138,3193050,4760000000,200000,2022-09-30
001045,CJ우,KOSPI,KOSPI,47500,1450,68188200,107360592500,2260223,2022-09-30
097950,CJ제일제당,KOSPI,KOSPI,411000,46890,19263525000,6187270446000,15054186,2022-09-30
097955,CJ제일제당 우,KOSPI,KOSPI,168500,4938,830569500,223672460500,1327433,2022-09-30
051500,CJ프레시웨이,KOSDAQ,KOSDAQ,35100,41019,1415015150,416692668600,11871586,2022-09-30
058820,CMG제약,KOSDAQ,KOSDAQ,2245,498831,1121142820,311813087780,138892244,2022-09-30
023460,CNH,KOSDAQ,KOSDAQ,2395,1423585,3579905130,89094000000,37200000,2022-09-30
056730,CNT85,KOSDAQ,KOSDAQ,3100,0,0,110449763600,35628956,2022-09-30
065770,CS,KOSDAQ,KOSDAQ,1420,59655,83378625,27563804600,19411130,2022-09-30
083660,CSA 코스믹,KOSDAQ,KOSDAQ,1005,21230,21059877,39648448965,39451193,2022-09-30
000590,CS홀딩스,KOSPI,KOSPI,53800,3136,167034400,62111131600,1154482,2022-09-30
012030,DB,KOSPI,KOSPI,738,1581006,1159462236,148466362554,201173933,2022-09-30
404950,DB금융스팩10호,KOSDAQ,KOSDAQ,2105,11475,24114535,12293200000,5840000,2022-09-30
367340,DB금융스팩8호,KOSDAQ,KOSDAQ,2140,5690,12080015,12947000000,6050000,2022-09-30
367360,DB금융스팩9호,KOSDAQ,KOSDAQ,2125,3075,6474675,10285000000,4840000,2022-09-30
016610,DB금융투자,KOSPI,KOSPI,4370,22460,98833925,185490719930,42446389,2022-09-30
005830,DB손해보험,KOSPI,KOSPI,55200,208222,11636672360,3908160000000,70800000,2022-09-30
000990,DB하이텍,KOSPI,KOSPI,37350,754658,27808844500,1658287261800,44398588,2022-09-30
000995,DB하이텍1우,KOSPI,KOSPI,67200,1075,72990200,7547635200,112316,2022-09-30
139130,DGB금융지주,KOSPI,KOSPI,6970,321628,2242059550,1178946456010,169145833,2022-09-30
001530,DI동일,KOSPI,KOSPI,13800,73734,1018804500,352842126000,25568270,2022-09-30
000210,DL,KOSPI,KOSPI,57300,60200,3471161700,1200772153200,20955884,2022-09-30
001880,DL건설,KOSPI,KOSPI,15650,49570,758559400,345133894600,22053284,2022-09-30
000215,DL우,KOSPI,KOSPI,34200,1527,51422050,57665133000,1686115,2022-09-30
375500,DL이앤씨,KOSPI,KOSPI,34300,234419,8049695900,1327191268900,38693623,2022-09-30
37550L,DL이앤씨2우(전환),KOSPI,KOSPI,27700,3927,109572650,58501042700,2111951,2022-09-30
37550K,DL이앤씨우,KOSPI,KOSPI,24600,3142,77441050,52001571000,2113885,2022-09-30
068790,DMS,KOSDAQ,KOSDAQ,4540,90604,403376390,111561696940,24573061,2022-09-30
007340,DN오토모티브,KOSPI,KOSPI,61600,18075,1103951100,615630708000,9994005,2022-09-30
004840,DRB동일,KOSPI,KOSPI,4000,13765,54433840,79720000000,19930000,2022-09-30
241520,DSC인베스트먼트,KOSDAQ,KOSDAQ,3715,76647,280895660,103319362145,27811403,2022-09-30
155660,DSR,KOSPI,KOSPI,4525,19657,88431500,72400000000,16000000,2022-09-30
069730,DSR제강,KOSPI,KOSPI,4080,53260,216541550,58752000000,14400000,2022-09-30
017940,E1,KOSPI,KOSPI,42350,7527,320319700,290521000000,6860000,2022-09-30
245620,EDGC,KOSDAQ,KOSDAQ,1835,540787,968432270,154279333385,84075931,2022-09-30
037370,EG,KOSDAQ,KOSDAQ,7240,28273,202096290,62444797280,8624972,2022-09-30
278990,EMB,KONEX,KONEX,4520,0,0,16399563440,3628222,2022-09-30
365550,ESR켄달스퀘어리츠,KOSPI,KOSPI,5050,251492,1285321170,1076099450000,213089000,2022-09-30
050120,ES큐브,KOSDAQ,KOSDAQ,4015,94092,389314570,54459805290,13564086,2022-09-30
084180,EV수성,KOSDAQ,KOSDAQ,1475,800649,1172542585,92446782875,62675785,2022-09-30
383220,F&F,KOSPI,KOSPI,137500,204533,28190539000,5267222812500,38307075,2022-09-30
007700,F&F홀딩스,KOSPI,KOSPI,14650,22576,325009500,573025476550,39114367,2022-09-30
214270,FSN,KOSDAQ,KOSDAQ,3290,131567,422771530,91805976080,27904552,2022-09-30
130500,GH신소재,KOSDAQ,KOSDAQ,3305,49147,162563175,48071396860,14545052,2022-09-30
114090,GKL,KOSPI,KOSPI,14700,184028,2681761850,909278349000,61855670,2022-09-30
900290,GRT,KOSDAQ,KOSDAQ,2815,661426,1859630140,189660625000,67375000,2022-09-30
078930,GS,KOSPI,KOSPI,41700,223372,9344626550,3874571262600,92915378,2022-09-30
083450,GST,KOSDAQ,KOSDAQ,18600,44641,820975250,173310057000,9317745,2022-09-30
006360,GS건설,KOSPI,KOSPI,22550,1090282,24882140550,1929862599500,85581490,2022-09-30
001250,GS글로벌,KOSPI,KOSPI,2660,1212140,3231840940,219539812240,82533764,2022-09-30
007070,GS리테일,KOSPI,KOSPI,25600,192476,4962768700,2680778803200,104717922,2022-09-30
078935,GS우,KOSPI,KOSPI,34400,402,13830500,61398014400,1784826,2022-09-30
297890,HB솔루션,KOSDAQ,KOSDAQ,13350,64962,868051850,223213241550,16720093,2022-09-30
078150,HB테크놀러지,KOSDAQ,KOSDAQ,1805,245552,432091675,142577718930,78990426,2022-09-30
012630,HDC,KOSPI,KOSPI,5920,55276,324757720,353670988320,59741721,2022-09-30
039570,HDC랩스,KOSPI,KOSPI,7990,6899,55442840,207401231990,25957601,2022-09-30
089470,HDC현대EP,KOSPI,KOSPI,3870,29402,112234100,123453000000,31900000,2022-09-30
294870,HDC현대산업개발,KOSPI,KOSPI,10350,200359,2087029900,682140865500,65907330,2022-09-30
267250,HD현대,KOSPI,KOSPI,54100,173857,9448095200,4273525898500,78993085,2022-09-30
097230,HJ중공업,KOSPI,KOSPI,4300,22942,97798160,358079408300,83274281,2022-09-30
195940,HK이노엔,KOSDAQ,KOSDAQ,32950,162573,5363972650,952403242050,28904499,2022-09-30
014790,HL D&I,KOSPI,KOSPI,3070,106555,324778750,116225905070,37858601,2022-09-30
028300,HLB,KOSDAQ,KOSDAQ,42850,552464,23398839750,4580814160850,106903481,2022-09-30
003580,HLB글로벌,KOSPI,KOSPI,7710,297867,2253038880,326649893820,42367042,2022-09-30
343090,HLB사이언스,KONEX,KONEX,3195,7425,23696635,36937915785,11561163,2022-09-30
067630,HLB생명과학,KOSDAQ,KOSDAQ,12800,529425,6708372550,1236952691200,96636929,2022-09-30
047920,HLB제약,KOSDAQ,KOSDAQ,15000,364700,5420438550,418067250000,27871150,2022-09-30
115450,HLB테라퓨틱스,KOSDAQ,KOSDAQ,14250,445745,6283955500,446526756750,31335211,2022-09-30
204320,HL만도,KOSPI,KOSPI,44350,295165,13159232400,2082548272000,46957120,2022-09-30
060980,HL홀딩스,KOSPI,KOSPI,31700,55363,1752538150,331964619000,10472070,2022-09-30
011200,HMM,KOSPI,KOSPI,18500,2257332,42087853950,9047230676000,489039496,2022-09-30
403870,HPSP,KOSDAQ,KOSDAQ,55200,369005,19522668500,1101217644000,19949595,2022-09-30
036640,HRS,KOSDAQ,KOSDAQ,5120,219412,1133136030,83736576000,16354800,2022-09-30
082740,HSD엔진,KOSPI,KOSPI,7140,558539,3951195980,510824117160,71543994,2022-09-30
335870,IBKS제12호스팩,KOSDAQ,KOSDAQ,10150,572568,6013582450,31668000000,3120000,2022-09-30
351340,IBKS제13호스팩,KOSDAQ,KOSDAQ,1925,104280,201510330,9952250000,5170000,2022-09-30
388790,IBKS제16호스팩,KOSDAQ,KOSDAQ,2225,0,0,7587250000,3410000,2022-09-30
405350,IBKS제17호스팩,KOSDAQ,KOSDAQ,2405,513734,1246043220,6541600000,2720000,2022-09-30
424760,IBKS제18호스팩,KOSDAQ,KOSDAQ,2165,135928,294915845,9157950000,4230000,2022-09-30
426550,IBKS제19호스팩,KOSDAQ,KOSDAQ,2225,21916,48168185,11303000000,5080000,2022-09-30
003560,IHQ,KOSPI,KOSPI,493,2143306,1025492126,91626170886,185854302,2022-09-30
095340,ISC,KOSDAQ,KOSDAQ,32200,343543,10731579950,560262966200,17399471,2022-09-30
099520,ITX-AI,KOSDAQ,KOSDAQ,1285,0,0,37652662655,29301683,2022-09-30
175330,JB금융지주,KOSPI,KOSPI,6960,179002,1240286170,1371000942240,196982894,2022-09-30
950170,JTC,KOSDAQ,KOSDAQ,3500,75240,257798815,122519309500,35005517,2022-09-30
234080,JW생명과학,KOSPI,KOSPI,11300,12211,137739600,178930460200,15834554,2022-09-30
067290,JW신약,KOSDAQ,KOSDAQ,3240,1389907,4683821705,149452895880,46127437,2022-09-30
001060,JW중외제약,KOSPI,KOSPI,17600,60461,1076797400,390334225600,22178081,2022-09-30
001067,JW중외제약2우B,KOSPI,KOSPI,62800,121,7539100,6463815600,102927,2022-09-30
001065,JW중외제약우,KOSPI,KOSPI,33550,34,1140900,6130759250,182735,2022-09-30
096760,JW홀딩스,KOSPI,KOSPI,2790,64604,179227260,196540729740,70444706,2022-09-30
035900,JYP Ent.,KOSDAQ,KOSDAQ,58800,306060,17931680100,2087252529600,35497492,2022-09-30
318000,KBG,KOSDAQ,KOSDAQ,6160,3438737,19806836185,50695722000,8229825,2022-09-30
024840,KBI메탈,KOSDAQ,KOSDAQ,1350,177314,233716750,44483644800,32950848,2022-09-30
105560,KB금융,KOSPI,KOSPI,43700,1347156,59134880200,17868801871600,408897068,2022-09-30
024120,KB오토시스,KOSDAQ,KOSDAQ,3600,216341,764104910,41400000000,11500000,2022-09-30
002380,KCC,KOSPI,KOSPI,231500,35781,8232229500,2057218036500,8886471,2022-09-30
021320,KCC건설,KOSDAQ,KOSDAQ,5550,26553,143916470,118770000000,21400000,2022-09-30
344820,KCC글라스,KOSPI,KOSPI,39950,16963,669925700,638021954400,15970512,2022-09-30
036670,KCI,KOSDAQ,KOSDAQ,8320,19427,161818290,93766400000,11270000,2022-09-30
009070,KCTC,KOSPI,KOSPI,3900,57843,225014450,117000000000,30000000,2022-09-30
009440,KC그린홀딩스,KOSPI,KOSPI,3140,40784,125666610,70445837200,22434980,2022-09-30
112190,KC산업,KONEX,KONEX,3425,23,78945,24403991525,7125253,2022-09-30
119650,KC코트렐,KOSPI,KOSPI,2995,72851,219251515,52713365720,17600456,2022-09-30
044180,KD,KOSDAQ,KOSDAQ,749,55796,40751402,18611632109,24848641,2022-09-30
092220,KEC,KOSPI,KOSPI,2280,2058481,4708595275,330025761480,144748141,2022-09-30
151860,KG ETS,KOSDAQ,KOSDAQ,9420,540451,5122793860,339120000000,36000000,2022-09-30
046440,KG모빌리언스,KOSDAQ,KOSDAQ,5520,208478,1136356880,214317135360,38825568,2022-09-30
016380,KG스틸,KOSPI,KOSPI,8280,688456,5725170400,828073667160,100008897,2022-09-30
035600,KG이니시스,KOSDAQ,KOSDAQ,11800,188923,2234235200,329272321200,27904434,2022-09-30
001390,KG케미칼,KOSPI,KOSPI,21500,82577,1763197050,298121064000,13866096,2022-09-30
226360,KH 건설,KOSDAQ,KOSDAQ,492,3635824,1826897120,60821301252,123620531,2022-09-30
111870,KH 전자,KOSDAQ,KOSDAQ,311,985911,304416738,49747504642,159959822,2022-09-30
033180,KH 필룩스,KOSPI,KOSPI,1000,541027,536355646,155264872000,155264872,2022-09-30
060720,KH바텍,KOSDAQ,KOSDAQ,12850,415102,5295850200,304255129700,23677442,2022-09-30
001940,KISCO홀딩스,KOSPI,KOSPI,12400,21084,259617150,200587112000,16176380,2022-09-30
058400,KNN,KOSDAQ,KOSDAQ,880,906608,797939866,116538153600,132429720,2022-09-30
114450,KPX생명과학,KOSDAQ,KOSDAQ,4145,497175,2045376065,62175000000,15000000,2022-09-30
025000,KPX케미칼,KOSPI,KOSPI,48600,1319,63861800,235224000000,4840000,2022-09-30
092230,KPX홀딩스,KOSPI,KOSPI,52500,7842,417401500,221793915000,4224646,2022-09-30
000040,KR모터스,KOSPI,KOSPI,638,14565029,10727615999,61336340670,96138465,2022-09-30
044450,KSS해운,KOSPI,KOSPI,8840,39105,346108000,204079179200,23085880,2022-09-30
030200,KT,KOSPI,KOSPI,36200,1145965,41646420200,9452247449600,261111808,2022-09-30
033780,KT&G,KOSPI,KOSPI,86600,483663,42140695200,11889530240200,137292497,2022-09-30
058850,KTcs,KOSPI,KOSPI,2130,41709,87431355,90919050000,42685000,2022-09-30
058860,KTis,KOSPI,KOSPI,2585,79490,202412935,89963170000,34802000,2022-09-30
060370,KT서브마린,KOSDAQ,KOSDAQ,6300,578006,3699039300,137970000000,21900000,2022-09-30
122450,KX,KOSDAQ,KOSDAQ,5940,82486,481592210,269295626160,45335964,2022-09-30
052900,KX하이텍,KOSDAQ,KOSDAQ,1185,142972,168397335,61179234510,51628046,2022-09-30
093050,LF,KOSPI,KOSPI,14600,49059,723196150,426904000000,29240000,2022-09-30
003550,LG,KOSPI,KOSPI,74000,438934,32663424600,11640273482000,157300993,2022-09-30
034220,LG디스플레이,KOSPI,KOSPI,12000,1855152,22327366100,4293788400000,357815700,2022-09-30
051900,LG생활건강,KOSPI,KOSPI,633000,78443,50327933000,9886318701000,15618197,2022-09-30
051905,LG생활건강우,KOSPI,KOSPI,329500,4036,1303089500,691850161500,2099697,2022-09-30
373220,LG에너지솔루션,KOSPI,KOSPI,426500,359392,153804360500,99801000000000,234000000,2022-09-30
003555,LG우,KOSPI,KOSPI,59500,4034,236964500,179786390000,3021620,2022-09-30
032640,LG유플러스,KOSPI,KOSPI,10750,1114312,12043608450,4693572130750,436611361,2022-09-30
011070,LG이노텍,KOSPI,KOSPI,273500,488377,131855629000,6472953764500,23667107,2022-09-30
066570,LG전자,KOSPI,KOSPI,78600,887235,69767713900,12862718180400,163647814,2022-09-30
066575,LG전자우,KOSPI,KOSPI,36950,21045,777111100,635022404400,17185992,2022-09-30
037560,LG헬로비전,KOSPI,KOSPI,4190,200713,836205210,324502364350,77446865,2022-09-30
051910,LG화학,KOSPI,KOSPI,536000,195616,105464104000,37837495848000,70592343,2022-09-30
051915,LG화학우,KOSPI,KOSPI,252000,13167,3339205200,1937577600000,7688800,2022-09-30
079550,LIG넥스원,KOSPI,KOSPI,90300,172584,15630059000,1986600000000,22000000,2022-09-30
006260,LS,KOSPI,KOSPI,56700,101527,5750020500,1825740000000,32200000,2022-09-30
010120,LS ELECTRIC,KOSPI,KOSPI,46700,97715,4598191850,1401000000000,30000000,2022-09-30
000680,LS네트웍스,KOSPI,KOSPI,2590,93095,239715290,204099811440,78803016,2022-09-30
229640,LS전선아시아,KOSPI,KOSPI,7050,105836,733495580,215905396950,30624879,2022-09-30
108320,LX세미콘,KOSDAQ,KOSDAQ,76000,205276,15468593300,1236086800000,16264300,2022-09-30
001120,LX인터내셔널,KOSPI,KOSPI,38900,305665,11852127600,1507764000000,38760000,2022-09-30
108670,LX하우시스,KOSPI,KOSPI,32600,20660,672591400,292346042000,8967670,2022-09-30
108675,LX하우시스우,KOSPI,KOSPI,15950,1962,31362800,16465663500,1032330,2022-09-30
383800,LX홀딩스,KOSPI,KOSPI,8250,175773,1449984170,629315692500,76280690,2022-09-30
38380K,LX홀딩스1우,KOSPI,KOSPI,9990,1759,17512650,14638197150,1465285,2022-09-30
086960,MDS테크,KOSDAQ,KOSDAQ,13000,126269,1637720900,115603904000,8892608,2022-09-30
023150,MH에탄올,KOSPI,KOSPI,7350,13189,96412320,54232166100,7378526,2022-09-30
035420,NAVER,KOSPI,KOSPI,193500,924294,179743445146,31743497947500,164049085,2022-09-30
160550,NEW,KOSDAQ,KOSDAQ,5580,193630,1080737180,155716071480,27906106,2022-09-30
053290,NE능률,KOSDAQ,KOSDAQ,3900,127954,488807220,64452597300,16526307,2022-09-30
181710,NHN,KOSPI,KOSPI,21500,93686,2019711750,774369757000,36017198,2022-09-30
104200,NHN벅스,KOSDAQ,KOSDAQ,6220,87026,528640260,92227361000,14827550,2022-09-30
060250,NHN한국사이버결제,KOSDAQ,KOSDAQ,11100,165625,1851718500,445782782100,40160611,2022-09-30
400760,NH올원리츠,KOSPI,KOSPI,4240,48068,201518630,178928000000,42200000,2022-09-30
005940,NH투자증권,KOSPI,KOSPI,8990,540706,4871759770,2981676629790,331665921,2022-09-30
005945,NH투자증권우,KOSPI,KOSPI,9200,16856,154305030,173612905600,18870968,2022-09-30
338100,NH프라임리츠,KOSPI,KOSPI,4455,43119,191550655,83130300000,18660000,2022-09-30
034310,NICE,KOSPI,KOSPI,12350,84287,1052743100,467846405000,37882300,2022-09-30
030190,NICE평가정보,KOSDAQ,KOSDAQ,13400,178545,2464868850,813578588000,60714820,2022-09-30
008260,NI스틸,KOSPI,KOSPI,3740,167173,620446925,106964437580,28600117,2022-09-30
004250,NPC,KOSPI,KOSPI,6980,240980,1677344110,256305600000,36720000,2022-09-30
004255,NPC우,KOSPI,KOSPI,3615,61003,214535580,19087200000,5280000,2022-09-30
010060,OCI,KOSPI,KOSPI,91000,281410,25771024500,2170292761000,23849371,2022-09-30
178920,PI첨단소재,KOSPI,KOSPI,29850,135132,4055721850,876584711700,29366322,2022-09-30
024940,PN풍년,KOSDAQ,KOSDAQ,4920,35457,173538960,49200000000,10000000,2022-09-30
005490,POSCO홀딩스,KOSPI,KOSPI,211000,412612,88070839500,17844529530000,84571230,2022-09-30
218410,RFHIC,KOSDAQ,KOSDAQ,20250,146095,2983530400,542425288500,26786434,2022-09-30
327260,RF머트리얼즈,KOSDAQ,KOSDAQ,10100,354544,3671936350,82796739700,8197697,2022-09-30
091340,S&K폴리텍,KOSDAQ,KOSDAQ,3360,85618,288057815,39324502560,11703721,2022-09-30
010950,S-Oil,KOSPI,KOSPI,81000,419744,34053757500,9119206152000,112582792,2022-09-30
010955,S-Oil우,KOSPI,KOSPI,53800,12408,673244000,216379672600,4021927,2022-09-30
019550,SBI인베스트먼트,KOSDAQ,KOSDAQ,1060,662107,697261635,171790569500,162066575,2022-09-30
950110,SBI핀테크솔루션즈,KOSDAQ,KOSDAQ,4205,5220,21939890,101140930700,24052540,2022-09-30
034120,SBS,KOSPI,KOSPI,30750,57254,1792874600,561266896500,18252582,2022-09-30
046140,SBS콘텐츠허브,KOSDAQ,KOSDAQ,5730,133016,775188290,122986170150,21463555,2022-09-30
151910,SBW생명과학,KOSDAQ,KOSDAQ,1725,1203764,1998434465,305556353550,177134118,2022-09-30
036120,SCI평가정보,KOSDAQ,KOSDAQ,4075,21144028,91423477295,144662500000,35500000,2022-09-30
099220,SDN,KOSDAQ,KOSDAQ,2120,1702422,3519400565,119084239320,56171811,2022-09-30
036540,SFA반도체,KOSDAQ,KOSDAQ,4160,500054,2071399800,684154860480,164460303,2022-09-30
255220,SG,KOSDAQ,KOSDAQ,1180,67853,79142695,52812893020,44756689,2022-09-30
040610,SG&G,KOSDAQ,KOSDAQ,1515,70240,105828620,51642101940,34087196,2022-09-30
049470,SGA,KOSDAQ,KOSDAQ,689,196119,135231667,40556089561,58862249,2022-09-30
184230,SGA솔루션즈,KOSDAQ,KOSDAQ,762,260913,195125328,41290664688,54187224,2022-09-30
005090,SGC에너지,KOSPI,KOSPI,30750,22691,696468200,451317873000,14677004,2022-09-30
016250,SGC이테크건설,KOSDAQ,KOSDAQ,38850,2272,87617150,100988438250,2599445,2022-09-30
001380,SG글로벌,KOSPI,KOSPI,1080,60908,64111220,48561274440,44964143,2022-09-30
004060,SG세계물산,KOSPI,KOSPI,505,488020,244379712,102224604800,202424960,2022-09-30
001770,SHD,KOSPI,KOSPI,35100,33133,1121094950,42642217800,1214878,2022-09-30
002360,SH에너지화학,KOSPI,KOSPI,913,2693091,2473453114,101465095490,111133730,2022-09-30
009160,SIMPAC,KOSPI,KOSPI,4550,104229,474393075,297704297800,65429516,2022-09-30
123700,SJM,KOSPI,KOSPI,3460,155193,545926900,53992947080,15604898,2022-09-30
025530,SJM홀딩스,KOSPI,KOSPI,4260,6144826,28971070635,63618874080,14934008,2022-09-30
034730,SK,KOSPI,KOSPI,192000,122060,23668504000,14236671168000,74149329,2022-09-30
337450,SK5호스팩,KOSDAQ,KOSDAQ,3200,0,0,13792000000,4310000,2022-09-30
340350,SK6호스팩,KOSDAQ,KOSDAQ,2010,162211,326172560,11477100000,5710000,2022-09-30
011790,SKC,KOSPI,KOSPI,83900,401487,33875299500,3177150202200,37868298,2022-09-30
018670,SK가스,KOSPI,KOSPI,100500,20141,2055973000,927639522000,9230244,2022-09-30
001740,SK네트웍스,KOSPI,KOSPI,3960,605580,2389070495,982823082120,248187647,2022-09-30
001745,SK네트웍스우,KOSPI,KOSPI,56900,15531,847460400,6466571200,113648,2022-09-30
006120,SK디스커버리,KOSPI,KOSPI,29800,36502,1103932050,567328079000,19037855,2022-09-30
006125,SK디스커버리우,KOSPI,KOSPI,27250,1649,44765450,37017898750,1358455,2022-09-30
210980,SK디앤디,KOSPI,KOSPI,22350,15630,345345650,495950165400,22190164,2022-09-30
068400,SK렌터카,KOSPI,KOSPI,6850,66924,455291180,323908004000,47285840,2022-09-30
395400,SK리츠,KOSPI,KOSPI,5040,159367,800009710,990632558160,196554079,2022-09-30
302440,SK바이오사이언스,KOSPI,KOSPI,80300,404022,33097991800,6165758893800,76784046,2022-09-30
326030,SK바이오팜,KOSPI,KOSPI,56900,105068,6042454300,4456023925000,78313250,2022-09-30
402340,SK스퀘어,KOSPI,KOSPI,36150,578351,20759463000,5114052691650,141467571,2022-09-30
260870,SK시그넷,KONEX,KONEX,39950,7020,276335300,234771847900,5876642,2022-09-30
361610,SK아이이테크놀로지,KOSPI,KOSPI,52400,1038031,55260769900,3735993820800,71297592,2022-09-30
03473K,SK우,KOSPI,KOSPI,169000,1142,191444000,95676815000,566135,2022-09-30
096770,SK이노베이션,KOSPI,KOSPI,143500,325292,46984889500,13268808434000,92465564,2022-09-30
096775,SK이노베이션우,KOSPI,KOSPI,88600,1667,148014700,110610543600,1248426,2022-09-30
001510,SK증권,KOSPI,KOSPI,637,953778,610116642,301039938927,472590171,2022-09-30
001515,SK증권우,KOSPI,KOSPI,2880,3606,10446255,11268040320,3912514,2022-09-30
285130,SK케미칼,KOSPI,KOSPI,91000,88867,8270042500,1603490980000,17620780,2022-09-30
28513K,SK케미칼우,KOSPI,KOSPI,41500,9413,393502600,87790303500,2115429,2022-09-30
017670,SK텔레콤,KOSPI,KOSPI,50800,852407,43489743600,11116723715200,218833144,2022-09-30
000660,SK하이닉스,KOSPI,KOSPI,83100,4711130,389466671870,60496996531500,728002365,2022-09-30
048550,SM C&C,KOSDAQ,KOSDAQ,3100,666496,2033000870,296437872000,95625120,2022-09-30
063440,SM Life Design,KOSDAQ,KOSDAQ,2140,762891,1601094835,97860389560,45729154,2022-09-30
064960,SNT모티브,KOSPI,KOSPI,42000,45971,1914908150,614171712000,14623136,2022-09-30
100840,SNT에너지,KOSPI,KOSPI,17300,41611,703152650,129866100300,7506711,2022-09-30
003570,SNT중공업,KOSPI,KOSPI,9260,149472,1386623940,307919974220,33252697,2022-09-30
036530,SNT홀딩스,KOSPI,KOSPI,14300,11975,170360600,233145569800,16303886,2022-09-30
005610,SPC삼립,KOSPI,KOSPI,85700,14065,1166050600,739506071300,8629009,2022-09-30
011810,STX,KOSPI,KOSPI,3265,3222984,10905488995,93449047310,28621454,2022-09-30
077970,STX엔진,KOSPI,KOSPI,12950,140259,1776442850,297965306800,23008904,2022-09-30
071970,STX중공업,KOSPI,KOSPI,3680,156167,568428060,104386791680,28365976,2022-09-30
002820,SUN&L,KOSPI,KOSPI,3630,7417,26151600,45767000070,12607989,2022-09-30
289080,SV인베스트먼트,KOSDAQ,KOSDAQ,2150,183522,390827275,114453100000,53234000,2022-09-30
084870,TBH글로벌,KOSPI,KOSPI,1690,39185,65052770,35248024110,20856819,2022-09-30
002710,TCC스틸,KOSPI,KOSPI,8230,407562,3343741740,204460186170,24843279,2022-09-30
089230,THE E&M,KOSDAQ,KOSDAQ,359,350180,124322704,62268618569,173450191,2022-09-30
161570,THE MIDONG,KOSDAQ,KOSDAQ,972,19223,18838784,15146510760,15582830,2022-09-30
032540,TJ미디어,KOSDAQ,KOSDAQ,5200,87048,447036490,72444366800,13931609,2022-09-30
022220,TKG애강,KOSDAQ,KOSDAQ,1415,208745,290537520,73289329285,51794579,2022-09-30
069260,TKG휴켐스,KOSPI,KOSPI,18900,148741,2817318250,772605313200,40878588,2022-09-30
048770,TPC,KOSDAQ,KOSDAQ,3455,62426,212152450,53477661245,15478339,2022-09-30
246690,TS인베스트먼트,KOSDAQ,KOSDAQ,1750,382212,652203505,68680288250,39245879,2022-09-30
317240,TS트릴리온,KOSDAQ,KOSDAQ,691,456765,317907800,65263308875,94447625,2022-09-30
002900,TYM,KOSPI,KOSPI,2035,2155253,4350157560,310039875145,152353747,2022-09-30
038340,UCI,KOSDAQ,KOSDAQ,1335,0,0,16641828315,12465789,2022-09-30
073570,WI,KOSDAQ,KOSDAQ,2340,32130638,69437500105,189317402820,80904873,2022-09-30
024070,WISCOM,KOSPI,KOSPI,2800,8265,22822080,42914026400,15326438,2022-09-30
057030,YBM넷,KOSDAQ,KOSDAQ,3405,40358,137203585,55544733285,16312697,2022-09-30
037270,YG PLUS,KOSPI,KOSPI,4710,874674,4054568330,298752521100,63429410,2022-09-30
040300,YTN,KOSDAQ,KOSDAQ,6760,18147470,121863298350,283920000000,42000000,2022-09-30
051390,YW,KOSDAQ,KOSDAQ,3180,14152,44440190,36110070240,11355368,2022-09-30
052220,iMBC,KOSDAQ,KOSDAQ,4510,30885963,156789074855,103730000000,23000000,2022-09-30
079940,가비아,KOSDAQ,KOSDAQ,9700,77800,754939850,131296134800,13535684,2022-09-30
078890,가온미디어,KOSDAQ,KOSDAQ,6200,80594,488117380,100164478200,16155561,2022-09-30
000500,가온전선,KOSPI,KOSPI,15900,19967,312311850,66149517300,4160347,2022-09-30
399720,가온칩스,KOSDAQ,KOSDAQ,24300,1228207,30853659000,279166176000,11488320,2022-09-30
036620,감성코퍼레이션,KOSDAQ,KOSDAQ,1510,84887,126629345,135286301270,89593577,2022-09-30
000860,강남제비스코,KOSPI,KOSPI,20250,3553,72012650,131625000000,6500000,2022-09-30
217730,강스템바이오텍,KOSDAQ,KOSDAQ,2755,770052,2198043100,104518983375,37937925,2022-09-30
035250,강원랜드,KOSPI,KOSPI,23550,618247,14558116900,5038298775000,213940500,2022-09-30
114190,강원에너지,KOSDAQ,KOSDAQ,7530,1354212,10642197950,196706476140,26123038,2022-09-30
094480,갤럭시아머니트리,KOSDAQ,KOSDAQ,4900,139289,678428250,192226206200,39229838,2022-09-30
011420,갤럭시아에스엠,KOSPI,KOSPI,1785,80357,140699400,49176114540,27549644,2022-09-30
039240,경남스틸,KOSDAQ,KOSDAQ,2980,549765,1652151835,80399219920,26979604,2022-09-30
053950,경남제약,KOSDAQ,KOSDAQ,1920,104205,199782960,59231164800,30849565,2022-09-30
002100,경농,KOSPI,KOSPI,8950,29136,256998090,174727046250,19522575,2022-09-30
009450,경동나비엔,KOSPI,KOSPI,34200,57401,1950560750,498245846400,14568592,2022-09-30
267290,경동도시가스,KOSPI,KOSPI,22150,292666,6609683250,130583242900,5895406,2022-09-30
012320,경동인베스트,KOSPI,KOSPI,29800,6374,188101500,70477685400,2365023,2022-09-30
011040,경동제약,KOSDAQ,KOSDAQ,7160,77047,551391360,220304364560,30768766,2022-09-30
000050,경방,KOSPI,KOSPI,11450,3564,40207400,313904841500,27415270,2022-09-30
214390,경보제약,KOSPI,KOSPI,5110,16252,83647250,122164054600,23906860,2022-09-30
012610,경인양행,KOSPI,KOSPI,4740,170415,784492030,197261570100,41616365,2022-09-30
009140,경인전자,KOSPI,KOSPI,26100,3146,79768850,40997801700,1570797,2022-09-30
024910,경창산업,KOSDAQ,KOSDAQ,1870,35569,65968995,66981539350,35819005,2022-09-30
013580,계룡건설,KOSPI,KOSPI,17400,39104,673298300,155397781800,8930907,2022-09-30
012200,계양전기,KOSPI,KOSPI,2370,61042,143308155,77262000000,32600000,2022-09-30
012205,계양전기우,KOSPI,KOSPI,4800,3015,14401035,6720000000,1400000,2022-09-30
002140,고려산업,KOSPI,KOSPI,5370,3573554,20157908810,133924712250,24939425,2022-09-30
198440,고려시멘트,KOSDAQ,KOSDAQ,2540,243160,604126590,81229098400,31979960,2022-09-30
049720,고려신용정보,KOSDAQ,KOSDAQ,13350,12473690,179363978400,190905000000,14300000,2022-09-30
010130,고려아연,KOSPI,KOSPI,595000,77106,45626493000,11818579010000,19863158,2022-09-30
002240,고려제강,KOSPI,KOSPI,17050,21977,368021700,392150000000,23000000,2022-09-30
014570,고려제약,KOSDAQ,KOSDAQ,7100,18379,128650840,78100000000,11000000,2022-09-30
348150,고바이오랩,KOSDAQ,KOSDAQ,10750,38240,408035900,183078401750,17030549,2022-09-30
098460,고영,KOSDAQ,KOSDAQ,12700,242400,3069111750,871915388500,68654755,2022-09-30
035290,골드앤에스,KOSDAQ,KOSDAQ,3200,125049,397312550,115916512000,36223910,2022-09-30
038530,골드퍼시픽,KOSDAQ,KOSDAQ,474,3690811,1841008992,43615788294,92016431,2022-09-30
900280,골든센츄리,KOSDAQ,KOSDAQ,392,654030,249976433,80518480896,205404288,2022-09-30
215000,골프존,KOSDAQ,KOSDAQ,108100,30987,3329298300,678372361500,6275415,2022-09-30
121440,골프존뉴딘홀딩스,KOSDAQ,KOSDAQ,5540,286725,1579567170,237315971720,42836818,2022-09-30
183410,골프존데카,KONEX,KONEX,3240,244,761860,13320161640,4111161,2022-09-30
366030,공구우먼,KOSDAQ,KOSDAQ,7550,123591,936838700,166346130000,22032600,2022-09-30
076340,관악산업,KONEX,KONEX,6360,2,12720,30982485600,4871460,2022-09-30
009290,광동제약,KOSPI,KOSPI,5920,63469,371940380,310331437920,52420851,2022-09-30
014200,광림,KOSDAQ,KOSDAQ,1365,15401187,22100931105,123814640040,90706696,2022-09-30
017040,광명전기,KOSPI,KOSPI,2090,343985,712332785,90575615350,43337615,2022-09-30
029480,광무,KOSDAQ,KOSDAQ,3325,91462,303767700,109217166100,32847268,2022-09-30
017900,광전자,KOSPI,KOSPI,2085,89022,181276495,120812745855,57943763,2022-09-30
037710,광주신세계,KOSPI,KOSPI,31350,4914,154402100,250800000000,8000000,2022-09-30
026910,광진실업,KOSDAQ,KOSDAQ,5230,28724,151704310,33500268150,6405405,2022-09-30
355150,교보10호스팩,KOSDAQ,KOSDAQ,2400,0,0,12768000000,5320000,2022-09-30
397880,교보11호스팩,KOSDAQ,KOSDAQ,2150,12265,26126500,9546000000,4440000,2022-09-30
421800,교보12호스팩,KOSDAQ,KOSDAQ,2115,12463,26322180,12647700000,5980000,2022-09-30
331520,교보9호스팩,KOSDAQ,KOSDAQ,2010,452508,917498435,7798800000,3880000,2022-09-30
030610,교보증권,KOSPI,KOSPI,5670,14621,81921170,366584188320,64653296,2022-09-30
339770,교촌에프앤비,KOSPI,KOSPI,9840,19973,194391880,245828193600,24982540,2022-09-30
053270,구영테크,KOSDAQ,KOSDAQ,2530,194821,488892280,66777260220,26394174,2022-09-30
007690,국도화학,KOSPI,KOSPI,43150,23147,998127000,388808080400,9010616,2022-09-30
005320,국동,KOSPI,KOSPI,1105,638272,706923065,61227371530,55409386,2022-09-30
001140,국보,KOSPI,KOSPI,880,691860,612797428,69855085520,79380779,2022-09-30
066620,국보디자인,KOSDAQ,KOSDAQ,15300,7465,111818350,114750000000,7500000,2022-09-30
043650,국순당,KOSDAQ,KOSDAQ,7080,48269,340203040,126436792320,17858304,2022-09-30
006050,국영지앤엠,KOSDAQ,KOSDAQ,1190,942882,1163972980,41525339170,34895243,2022-09-30
060480,국일신동,KOSDAQ,KOSDAQ,2755,38836,104106060,30552950000,11090000,2022-09-30
078130,국일제지,KOSDAQ,KOSDAQ,2030,395247,802808170,259063470190,127617473,2022-09-30
307750,국전약품,KOSDAQ,KOSDAQ,10300,6757151,71904702850,505413470700,49069269,2022-09-30
002720,국제약품,KOSPI,KOSPI,4225,166897,694427970,85324504525,20195149,2022-09-30
243870,굿센,KONEX,KONEX,15650,0,0,40436548250,2583805,2022-09-30
035080,그래디언트,KOSDAQ,KOSDAQ,14450,69277,991903800,224373588800,15527584,2022-09-30
204020,그리티,KOSDAQ,KOSDAQ,2820,129934,356949655,56815752600,20147430,2022-09-30
083420,그린케미칼,KOSPI,KOSPI,8660,2074894,19085162510,207840000000,24000000,2022-09-30
186230,그린플러스,KOSDAQ,KOSDAQ,11250,57524,635191250,121727115000,10820188,2022-09-30
014530,극동유화,KOSPI,KOSPI,3405,1717048,5815077410,118730375100,34869420,2022-09-30
900070,글로벌에스엠,KOSDAQ,KOSDAQ,594,147009,85981171,31923916992,53743968,2022-09-30
204620,글로벌텍스프리,KOSDAQ,KOSDAQ,2440,172241,417007480,126195926480,51719642,2022-09-30
019660,글로본,KOSDAQ,KOSDAQ,2375,137067,329810115,81518728125,34323675,2022-09-30
014280,금강공업,KOSPI,KOSPI,5170,67125,341619840,151632775690,29329357,2022-09-30
014285,금강공업우,KOSPI,KOSPI,11400,245,2773750,6724575000,589875,2022-09-30
053260,금강철강,KOSDAQ,KOSDAQ,7250,1608004,11772410010,135720000000,18720000,2022-09-30
008870,금비,KOSPI,KOSPI,58000,3334,191566100,58000000000,1000000,2022-09-30
001570,금양,KOSPI,KOSPI,15800,5348714,83442514450,917190584600,58050037,2022-09-30
002990,금호건설,KOSPI,KOSPI,7460,56300,419918840,275673818700,36953595,2022-09-30
002995,금호건설우,KOSPI,KOSPI,20050,735,14700000,5859933300,292266,2022-09-30
011780,금호석유,KOSPI,KOSPI,115500,66726,7754037000,3499169982000,30295844,2022-09-30
011785,금호석유우,KOSPI,KOSPI,83100,8198,678170000,251251686600,3023486,2022-09-30
214330,금호에이치티,KOSPI,KOSPI,1080,6623537,7376602350,214898259600,198979870,2022-09-30
001210,금호전기,KOSPI,KOSPI,1040,273502,281325237,28656358640,27554191,2022-09-30
073240,금호타이어,KOSPI,KOSPI,3335,284243,960848680,958013057145,287260287,2022-09-30
036190,금화피에스시,KOSDAQ,KOSDAQ,28450,5166,147323550,170700000000,6000000,2022-09-30
049080,기가레인,KOSDAQ,KOSDAQ,1300,202472,258525980,103016212000,79243240,2022-09-30
035460,기산텔레콤,KOSDAQ,KOSDAQ,2610,223041,580961415,38046857400,14577340,2022-09-30
092440,기신정기,KOSPI,KOSPI,3380,46250,150816805,98696000000,29200000,2022-09-30
000270,기아,KOSPI,KOSPI,71900,1400931,101498574300,29145624649300,405363347,2022-09-30
024110,기업은행,KOSPI,KOSPI,9520,1210073,11557368230,7085741588240,744300587,2022-09-30
013700,까뮤이앤씨,KOSPI,KOSPI,1700,270890,453699985,76758876000,45152280,2022-09-30
308100,까스텔바작,KOSDAQ,KOSDAQ,7150,33674,235102050,47366840950,6624733,2022-09-30
004540,깨끗한나라,KOSPI,KOSPI,2875,83556,236744945,107066992375,37240693,2022-09-30
004545,깨끗한나라우,KOSPI,KOSPI,16400,297,4861200,6005024000,366160,2022-09-30
187790,나노,KOSDAQ,KOSDAQ,1020,287118,291090126,27609048900,27067695,2022-09-30
286750,나노브릭,KOSDAQ,KOSDAQ,1520,60480,90291610,31106114480,20464549,2022-09-30
121600,나노신소재,KOSDAQ,KOSDAQ,79900,255958,20483680900,866781806700,10848333,2022-09-30
247660,나노씨엠에스,KOSDAQ,KOSDAQ,18000,44541,804492700,77200560000,4288920,2022-09-30
039860,나노엔텍,KOSDAQ,KOSDAQ,4870,175135,837435140,130553143490,26807627,2022-09-30
091970,나노캠텍,KOSDAQ,KOSDAQ,1610,0,0,45209484250,28080425,2022-09-30
244880,나눔테크,KONEX,KONEX,2940,0,0,14758800000,5020000,2022-09-30
288490,나라소프트,KONEX,KONEX,89,1977,169547,3395083000,38147000,2022-09-30
051490,나라엠앤디,KOSDAQ,KOSDAQ,6360,143718,887126680,90312000000,14200000,2022-09-30
137080,나래나노텍,KOSDAQ,KOSDAQ,7010,97125,677676950,77526548220,11059422,2022-09-30
190510,나무가,KOSDAQ,KOSDAQ,10150,492460,4983704430,154242861150,15196341,2022-09-30
242040,나무기술,KOSDAQ,KOSDAQ,1615,138452,216911020,55300345500,34241700,2022-09-30
089600,나스미디어,KOSDAQ,KOSDAQ,32000,167339,5143089250,337278784000,10539962,2022-09-30
293580,나우IB,KOSDAQ,KOSDAQ,6600,12682,82239910,63208200000,9577000,2022-09-30
257990,나우코스,KONEX,KONEX,5900,4,24320,34626462800,5868892,2022-09-30
138610,나이벡,KOSDAQ,KOSDAQ,17000,22109,375671850,169277143000,9957479,2022-09-30
130580,나이스디앤비,KOSDAQ,KOSDAQ,7640,150143,1171239270,117656000000,15400000,2022-09-30
036800,나이스정보통신,KOSDAQ,KOSDAQ,28050,73584,2058212400,280500000000,10000000,2022-09-30
267320,나인테크,KOSDAQ,KOSDAQ,2960,297797,872493755,116613799840,39396554,2022-09-30
001260,남광토건,KOSPI,KOSPI,8590,27243,230078170,84431230260,9829014,2022-09-30
008350,남선알미늄,KOSPI,KOSPI,1715,1309254,2273206455,221370639350,129079090,2022-09-30
008355,남선알미우,KOSPI,KOSPI,21200,1258,25996850,6527268000,307890,2022-09-30
004270,남성,KOSPI,KOSPI,1855,703762,1356949370,67173556800,36212160,2022-09-30
003920,남양유업,KOSPI,KOSPI,382500,1275,480615000,275400000000,720000,2022-09-30
003925,남양유업우,KOSPI,KOSPI,202500,165,33391500,33749055000,166662,2022-09-30
025860,남해화학,KOSPI,KOSPI,8220,300457,2452008210,408360089460,49678843,2022-09-30
111710,남화산업,KOSDAQ,KOSDAQ,6990,9397,64168530,143910120000,20588000,2022-09-30
091590,남화토건,KOSDAQ,KOSDAQ,5860,59016,342911700,68796400000,11740000,2022-09-30
168330,내츄럴엔도텍,KOSDAQ,KOSDAQ,3070,43665,131716620,97487543000,31754900,2022-09-30
094860,네오리진,KOSDAQ,KOSDAQ,575,170621,99052595,60064370625,104459775,2022-09-30
253590,네오셈,KOSDAQ,KOSDAQ,3170,416261,1335041970,121901164420,38454626,2022-09-30
212560,네오오토,KOSDAQ,KOSDAQ,6240,31197,193155440,49139769120,7874963,2022-09-30
095660,네오위즈,KOSDAQ,KOSDAQ,36900,435430,16250215250,813044231100,22033719,2022-09-30
042420,네오위즈홀딩스,KOSDAQ,KOSDAQ,24600,46148,1129908900,217878903600,8856866,2022-09-30
950220,네오이뮨텍,KOSDAQ,KOSDAQ,3345,459849,1507980725,330290350950,98741510,2022-09-30
311390,네오크레마,KOSDAQ,KOSDAQ,10600,40476,426042250,85187907000,8036595,2022-09-30
085910,네오티스,KOSDAQ,KOSDAQ,4630,69844,319622430,64026964340,13828718,2022-09-30
092730,네오팜,KOSDAQ,KOSDAQ,16850,18911,314581650,138294032850,8207361,2022-09-30
290660,네오펙트,KOSDAQ,KOSDAQ,1455,48767,69088930,27995097735,19240617,2022-09-30
306620,네온테크,KOSDAQ,KOSDAQ,2980,308525,915473450,124232048860,41688607,2022-09-30
153460,네이블,KOSDAQ,KOSDAQ,7800,11444,88470000,50934109200,6530014,2022-09-30
007390,네이처셀,KOSDAQ,KOSDAQ,11950,6030297,76864028900,748514014200,62637156,2022-09-30
033640,네패스,KOSDAQ,KOSDAQ,16200,197978,3188962950,373559072400,23059202,2022-09-30
330860,네패스아크,KOSDAQ,KOSDAQ,20500,38071,772983400,249772922500,12184045,2022-09-30
005720,넥센,KOSPI,KOSPI,3960,40871,160513080,212034148920,53543977,2022-09-30
005725,넥센우,KOSPI,KOSPI,2870,1395,4003720,10333722000,3600600,2022-09-30
002350,넥센타이어,KOSPI,KOSPI,7190,325870,2318061630,702232035630,97667877,2022-09-30
002355,넥센타이어1우B,KOSPI,KOSPI,2770,5238,14505880,18005000000,6500000,2022-09-30
089140,넥스턴바이오,KOSDAQ,KOSDAQ,1780,508108,916975035,62355783420,35031339,2022-09-30
137940,넥스트아이,KOSDAQ,KOSDAQ,490,92163,44272118,38377286080,78320992,2022-09-30
396270,넥스트칩,KOSDAQ,KOSDAQ,9620,1000094,9883242150,167236388800,17384240,2022-09-30
348210,넥스틴,KOSDAQ,KOSDAQ,43850,33573,1457488250,436600154900,9956674,2022-09-30
225570,넥슨게임즈,KOSDAQ,KOSDAQ,14900,1132522,16496572450,979677264800,65750152,2022-09-30
217270,넵튠,KOSDAQ,KOSDAQ,12300,291207,3675034350,406001155200,33008224,2022-09-30
251270,넷마블,KOSPI,KOSPI,51300,243009,12652384600,4409414652600,85953502,2022-09-30
317860,노드메이슨,KONEX,KONEX,8550,0,0,37874063250,4429715,2022-09-30
104620,노랑풍선,KOSDAQ,KOSDAQ,6440,68486,440891110,101411298240,15747096,2022-09-30
090350,노루페인트,KOSPI,KOSPI,7600,98302,736932610,152000000000,20000000,2022-09-30
090355,노루페인트우,KOSPI,KOSPI,14500,2675,40205700,6715327000,463126,2022-09-30
000320,노루홀딩스,KOSPI,KOSPI,11050,111154,1205564450,146867218550,13291151,2022-09-30
000325,노루홀딩스우,KOSPI,KOSPI,22800,26090,605025150,5553145200,243559,2022-09-30
194700,노바렉스,KOSDAQ,KOSDAQ,11500,190937,2135289800,215680752000,18754848,2022-09-30
285490,노바텍,KOSDAQ,KOSDAQ,19100,54644,1035158300,201998372100,10575831,2022-09-30
229500,노브메타파마,KONEX,KONEX,11500,7952,90760750,111839167500,9725145,2022-09-30
106520,노블엠앤비,KOSDAQ,KOSDAQ,2215,62923,138966170,55239787540,24938956,2022-09-30
376930,노을,KOSDAQ,KOSDAQ,5040,37413,187445800,57725791200,11453530,2022-09-30
278650,노터스,KOSDAQ,KOSDAQ,4700,3381091,15951237790,330200271900,70255377,2022-09-30
006280,녹십자,KOSPI,KOSPI,123500,43268,5413545000,1443287443000,11686538,2022-09-30
142280,녹십자엠에스,KOSDAQ,KOSDAQ,5480,113007,609591980,115722710840,21117283,2022-09-30
234690,녹십자웰빙,KOSDAQ,KOSDAQ,6490,34520,221807460,115212271240,17752276,2022-09-30
005250,녹십자홀딩스,KOSPI,KOSPI,16300,61192,1011466500,766559823000,47028210,2022-09-30
005257,녹십자홀딩스2우,KOSPI,KOSPI,42150,14990,654081800,35658478500,845990,2022-09-30
065560,녹원씨엔아이,KOSDAQ,KOSDAQ,5770,0,0,134210921250,23260125,2022-09-30
004370,농심,KOSPI,KOSPI,298000,20901,6292151500,1812627316000,6082642,2022-09-30
072710,농심홀딩스,KOSPI,KOSPI,62600,2325,144383300,290325654000,4637790,2022-09-30
054050,농우바이오,KOSDAQ,KOSDAQ,8420,32982,276526600,134977323620,16030561,2022-09-30
069140,누리플랜,KOSDAQ,KOSDAQ,4445,24841,108354875,31571692635,7102743,2022-09-30
040160,누리플렉스,KOSDAQ,KOSDAQ,4915,46326,222970955,59252954525,12055535,2022-09-30
332290,누보,KOSDAQ,KOSDAQ,1810,341781,620414480,59877194630,33081323,2022-09-30
126870,뉴로스,KOSDAQ,KOSDAQ,2230,0,0,79475857540,35639398,2022-09-30
060260,뉴보텍,KOSDAQ,KOSDAQ,853,147170,122863726,33617623944,39411048,2022-09-30
012340,뉴인텍,KOSDAQ,KOSDAQ,3030,201390,603878615,91224700860,30107162,2022-09-30
214870,뉴지랩파마,KOSDAQ,KOSDAQ,9410,113629,1061335530,296830856130,31544193,2022-09-30
270870,뉴트리,KOSDAQ,KOSDAQ,8590,18433,156056200,79029924160,9200224,2022-09-30
144960,뉴파워프라즈마,KOSDAQ,KOSDAQ,3520,87417,302114445,153798036480,43692624,2022-09-30
085670,뉴프렉스,KOSDAQ,KOSDAQ,6400,1391600,8801156110,154942419200,24209753,2022-09-30
119860,다나와,KOSDAQ,KOSDAQ,14300,39933,570094400,186969954600,13074822,2022-09-30
064260,다날,KOSDAQ,KOSDAQ,5750,569255,3251221160,396456980000,68949040,2022-09-30
093640,다믈멀티미디어,KOSDAQ,KOSDAQ,4050,94766,378208910,73905570450,18248289,2022-09-30
340360,다보링크,KOSDAQ,KOSDAQ,884,41106,35720195,37804401440,42765160,2022-09-30
039560,다산네트웍스,KOSDAQ,KOSDAQ,3850,70496,271117125,140066226300,36380838,2022-09-30
058730,다스코,KOSPI,KOSPI,4845,551315,2649084510,89367299235,18445263,2022-09-30
298870,다올인베스트먼트,KOSDAQ,KOSDAQ,2230,210045,461259290,223000000000,100000000,2022-09-30
030210,다올투자증권,KOSPI,KOSPI,3640,140073,508398650,219543294880,60314092,2022-09-30
023590,다우기술,KOSPI,KOSPI,17000,41298,699749650,762732489000,44866617,2022-09-30
032190,다우데이타,KOSDAQ,KOSDAQ,14050,165051,2279904550,538115000000,38300000,2022-09-30
323350,다원넥스뷰,KONEX,KONEX,44000,1,44000,40370000000,917500,2022-09-30
068240,다원시스,KOSDAQ,KOSDAQ,16900,229276,3880973450,585762771100,34660519,2022-09-30
145210,다이나믹디자인,KOSPI,KOSPI,4685,197015,933065810,30928139940,6601524,2022-09-30
271850,다이오진,KONEX,KONEX,1690,0,0,5418702770,3206333,2022-09-30
019680,대교,KOSPI,KOSPI,2365,73898,174907975,200322240250,84702850,2022-09-30
019685,대교우B,KOSPI,KOSPI,1745,17663,30955555,33900097550,19426990,2022-09-30
006370,대구백화점,KOSPI,KOSPI,9990,360,3617960,108107893890,10821611,2022-09-30
008060,대덕,KOSPI,KOSPI,5800,55680,324257930,196562870000,33890150,2022-09-30
00806K,대덕1우,KOSPI,KOSPI,7370,673,4982820,8935071090,1212357,2022-09-30
353200,대덕전자,KOSPI,KOSPI,21250,744463,15658894400,1050109656250,49416925,2022-09-30
35320K,대덕전자1우,KOSPI,KOSPI,9790,9720,94483190,20515131010,2095519,2022-09-30
000490,대동,KOSPI,KOSPI,9620,178426,1693226270,230229245480,23932354,2022-09-30
178600,대동고려삼,KONEX,KONEX,3895,1,3895,17331192000,4449600,2022-09-30
020400,대동금속,KOSDAQ,KOSDAQ,8400,10485,85718760,26788994400,3189166,2022-09-30
008830,대동기어,KOSDAQ,KOSDAQ,6700,91667,616076670,60216384000,8987520,2022-09-30
048470,대동스틸,KOSDAQ,KOSDAQ,4400,275790,1198148700,44000000000,10000000,2022-09-30
008110,대동전자,KOSPI,KOSPI,11650,164379,1901063450,122213707550,10490447,2022-09-30
004780,대륙제관,KOSDAQ,KOSDAQ,4170,77798,317131420,66316339830,15903199,2022-09-30
005750,대림B&Co,KOSPI,KOSPI,3805,50746,195712705,63437873200,16672240,2022-09-30
017650,대림제지,KOSDAQ,KOSDAQ,7690,2210,16880300,69210000000,9000000,2022-09-30
006570,대림통상,KOSPI,KOSPI,3245,2539,8220335,49405125000,15225000,2022-09-30
007720,대명소노시즌,KOSDAQ,KOSDAQ,710,121954,84553903,71568319500,100800450,2022-09-30
389260,대명에너지,KOSDAQ,KOSDAQ,21300,267712,5859402700,362100000000,17000000,2022-09-30
317850,대모,KOSDAQ,KOSDAQ,8800,3595937,31730752170,73254896000,8324420,2022-09-30
290670,대보마그네틱,KOSDAQ,KOSDAQ,48200,70550,3367727200,377140900000,7824500,2022-09-30
078140,대봉엘에스,KOSDAQ,KOSDAQ,8300,1241219,10359417420,92018605700,11086579,2022-09-30
001680,대상,KOSPI,KOSPI,21550,119188,2587124350,746664938750,34648025,2022-09-30
001685,대상우,KOSPI,KOSPI,15450,1581,24346150,21169945350,1370223,2022-09-30
084690,대상홀딩스,KOSPI,KOSPI,7230,70714,504509960,261816649740,36212538,2022-09-30
084695,대상홀딩스우,KOSPI,KOSPI,8650,3696,32033960,7901619300,913482,2022-09-30
036480,대성미생물,KOSDAQ,KOSDAQ,10250,15847,159013900,38950000000,3800000,2022-09-30
128820,대성산업,KOSPI,KOSPI,4015,294981,1187686505,181620444170,45235478,2022-09-30
117580,대성에너지,KOSPI,KOSPI,12200,5688150,72339399450,335500000000,27500000,2022-09-30
025440,대성엘텍,KOSDAQ,KOSDAQ,645,241721,152649842,91912500000,142500000,2022-09-30
027830,대성창투,KOSDAQ,KOSDAQ,2355,306703,716582250,94200000000,40000000,2022-09-30
104040,대성파인텍,KOSDAQ,KOSDAQ,1385,270234,371156665,43352274185,31301281,2022-09-30
129920,대성하이텍,KOSDAQ,KOSDAQ,9120,829426,7702426530,125081283360,13715053,2022-09-30
016710,대성홀딩스,KOSPI,KOSPI,88500,55480,4929536100,1423917121500,16089459,2022-09-30
387310,대신밸런스제10호스팩,KOSDAQ,KOSDAQ,2470,0,0,13486200000,5460000,2022-09-30
397500,대신밸런스제11호스팩,KOSDAQ,KOSDAQ,2680,0,0,20394800000,7610000,2022-09-30
426670,대신밸런스제12호스팩,KOSDAQ,KOSDAQ,2280,31261,71305260,13246800000,5810000,2022-09-30
020180,대신정보통신,KOSDAQ,KOSDAQ,1230,2400642,2900059320,47267565450,38428915,2022-09-30
003540,대신증권,KOSPI,KOSPI,13750,66554,921713850,698134250000,50773400,2022-09-30
003547,대신증권2우B,KOSPI,KOSPI,13050,15299,198224150,130500000000,10000000,2022-09-30
003545,대신증권우,KOSPI,KOSPI,13450,42856,574047500,349700000000,26000000,2022-09-30
045390,대아티아이,KOSDAQ,KOSDAQ,2730,342519,923926570,192392319210,70473377,2022-09-30
009190,대양금속,KOSPI,KOSPI,3310,398044,1284343935,107094268840,32354764,2022-09-30
108380,대양전기공업,KOSDAQ,KOSDAQ,11700,9627,110750600,111937796100,9567333,2022-09-30
006580,대양제지,KOSDAQ,KOSDAQ,3260,0,0,87531000000,26850000,2022-09-30
014160,대영포장,KOSPI,KOSPI,1335,207577,272464025,144706722915,108394549,2022-09-30
047040,대우건설,KOSPI,KOSPI,4120,1434104,5880934680,1712365268560,415622638,2022-09-30
009320,대우부품,KOSPI,KOSPI,1610,113672,179710505,76710663750,47646375,2022-09-30
042660,대우조선해양,KOSPI,KOSPI,18950,774772,14842960500,2033158177550,107290669,2022-09-30
003090,대웅,KOSPI,KOSPI,20950,45746,962825750,1218074481000,58141980,2022-09-30
069620,대웅제약,KOSPI,KOSPI,158000,23540,3774410500,1830678850000,11586575,2022-09-30
007680,대원,KOSDAQ,KOSDAQ,7000,9040,63729090,94125318000,13446474,2022-09-30
000430,대원강업,KOSPI,KOSPI,2690,40785,110128805,166780000000,62000000,2022-09-30
048910,대원미디어,KOSDAQ,KOSDAQ,11450,39290,444741200,144028931700,12578946,2022-09-30
005710,대원산업,KOSDAQ,KOSDAQ,4995,9546,47828420,100087812000,20037600,2022-09-30
006340,대원전선,KOSPI,KOSPI,1160,435508,499610920,83478859440,71964534,2022-09-30
006345,대원전선우,KOSPI,KOSPI,2210,6006,13254155,5792852000,2621200,2022-09-30
003220,대원제약,KOSPI,KOSPI,15200,55352,829911150,332011107200,21842836,2022-09-30
024890,대원화성,KOSPI,KOSPI,2590,1443153,3781121080,106835303680,41249152,2022-09-30
290380,대유,KOSDAQ,KOSDAQ,3410,221601,751177450,84273416920,24713612,2022-09-30
002880,대유에이텍,KOSPI,KOSPI,637,411755,257220592,73368147125,115177625,2022-09-30
290120,대유에이피,KOSDAQ,KOSDAQ,5200,15705,81629180,60504886000,11635555,2022-09-30
000300,대유플러스,KOSPI,KOSPI,821,556993,453860151,99339993454,120998774,2022-09-30
120240,대정화금,KOSDAQ,KOSDAQ,21500,940801,20925587800,154593406500,7190391,2022-09-30
003310,대주산업,KOSDAQ,KOSDAQ,3250,10362327,34807756785,115025137500,35392350,2022-09-30
114920,대주이엔티,KONEX,KONEX,1885,0,0,6540007500,3469500,2022-09-30
078600,대주전자재료,KOSDAQ,KOSDAQ,79100,175486,14030605900,1224514906300,15480593,2022-09-30
012800,대창,KOSPI,KOSPI,1205,424041,503333865,109824301295,91140499,2022-09-30
015230,대창단조,KOSPI,KOSPI,5010,156177,773771035,143146872300,28572230,2022-09-30
096350,대창솔루션,KOSDAQ,KOSDAQ,293,604537,173009412,47981975637,163761009,2022-09-30
140520,대창스틸,KOSDAQ,KOSDAQ,2650,31966,85249455,55939493950,21109243,2022-09-30
131220,대한과학,KOSDAQ,KOSDAQ,6930,28676,196765320,51659615700,7454490,2022-09-30
010170,대한광통신,KOSDAQ,KOSDAQ,2625,813128,2108001760,193571765625,73741625,2022-09-30
060900,대한그린파워,KOSDAQ,KOSDAQ,704,1141683,807970871,121641910720,172786805,2022-09-30
054670,대한뉴팜,KOSDAQ,KOSDAQ,8520,62322,525621180,122303918400,14354920,2022-09-30
001070,대한방직,KOSPI,KOSPI,50000,8408,420727700,265000000000,5300000,2022-09-30
023910,대한약품,KOSDAQ,KOSDAQ,25800,14704,378489100,154800000000,6000000,2022-09-30
006650,대한유화,KOSPI,KOSPI,103500,17727,1831825000,672750000000,6500000,2022-09-30
001440,대한전선,KOSPI,KOSPI,1450,7490090,10723600055,1804485863050,1244473009,2022-09-30
084010,대한제강,KOSPI,KOSPI,12200,112458,1334838600,300690154800,24646734,2022-09-30
001790,대한제당,KOSPI,KOSPI,2585,545256,1396009235,231865659300,89696580,2022-09-30
001795,대한제당우,KOSPI,KOSPI,2405,57916,139452350,15591037800,6482760,2022-09-30
001130,대한제분,KOSPI,KOSPI,127500,3734,476592500,215475000000,1690000,2022-09-30
003490,대한항공,KOSPI,KOSPI,22100,1179088,26017035700,8137676608100,368220661,2022-09-30
003495,대한항공우,KOSPI,KOSPI,26900,1951,52448950,29880358600,1110794,2022-09-30
005880,대한해운,KOSPI,KOSPI,1945,1615992,3145794140,620800159700,319177460,2022-09-30
003830,대한화섬,KOSPI,KOSPI,97700,378,36781700,129745600000,1328000,2022-09-30
016090,대현,KOSPI,KOSPI,2000,198954,395332680,88564620000,44282310,2022-09-30
069460,대호에이엘,KOSPI,KOSPI,1550,437923,670775565,80605454450,52003519,2022-09-30
021040,대호특수강,KOSDAQ,KOSDAQ,567,621400,348189057,42750972180,75398540,2022-09-30
021045,대호특수강우,KOSDAQ,KOSDAQ,1140,1001,1138015,4836411240,4242466,2022-09-30
067080,대화제약,KOSDAQ,KOSDAQ,10350,6267792,74413316900,192682327500,18616650,2022-09-30
298540,더네이쳐홀딩스,KOSDAQ,KOSDAQ,24600,62583,1532605850,357798537600,14544656,2022-09-30
192080,더블유게임즈,KOSPI,KOSPI,43900,103591,4470951850,806640637800,18374502,2022-09-30
393890,더블유씨피,KOSDAQ,KOSDAQ,41700,3788959,165749531200,1405144800600,33696518,2022-09-30
299170,더블유에스아이,KOSDAQ,KOSDAQ,1530,22871,35161720,45942783390,30027963,2022-09-30
012510,더존비즈온,KOSPI,KOSPI,31200,73262,2283963600,947942860800,30382784,2022-09-30
302920,더콘텐츠온,KONEX,KONEX,7590,6,43590,34552404810,4552359,2022-09-30
213420,덕산네오룩스,KOSDAQ,KOSDAQ,31700,88926,2805989500,787148374300,24831179,2022-09-30
317330,덕산테코피아,KOSDAQ,KOSDAQ,15300,228501,3500408950,281174648400,18377428,2022-09-30
077360,덕산하이메탈,KOSDAQ,KOSDAQ,5810,213078,1244018690,263988981620,45437002,2022-09-30
004830,덕성,KOSPI,KOSPI,4410,1015135,4534228805,69148800000,15680000,2022-09-30
004835,덕성우,KOSPI,KOSPI,7110,584223,4177760530,9897120000,1392000,2022-09-30
090410,덕신하우징,KOSDAQ,KOSDAQ,1620,696230,1116303065,74656233900,46084095,2022-09-30
024900,덕양산업,KOSPI,KOSPI,2370,99683,231759175,77179002600,32564980,2022-09-30
263600,덕우전자,KOSDAQ,KOSDAQ,6060,339496,1985425740,96537678600,15930310,2022-09-30
194480,데브시스터즈,KOSDAQ,KOSDAQ,44000,287950,12381505050,520505040000,11829660,2022-09-30
348840,데이드림엔터,KONEX,KONEX,10500,0,0,8846250000,842500,2022-09-30
263800,데이타솔루션,KOSDAQ,KOSDAQ,4225,61934,259987200,68460125500,16203580,2022-09-30
199150,데이터스트림즈,KONEX,KONEX,9990,11,106090,41855832270,4189773,2022-09-30
206560,덱스터,KOSDAQ,KOSDAQ,10250,253211,2579283100,260455944000,25410336,2022-09-30
261200,덴티스,KOSDAQ,KOSDAQ,7210,46574,330675480,106404386900,14757890,2022-09-30
145720,덴티움,KOSPI,KOSPI,83500,58891,4868837800,924247305000,11068830,2022-09-30
227420,도부마스크,KONEX,KONEX,1480,3608,4451170,12751092440,8615603,2022-09-30
067990,도이치모터스,KOSDAQ,KOSDAQ,5930,278540,1637041780,189108571710,31890147,2022-09-30
002150,도화엔지니어링,KOSPI,KOSPI,7730,327514,2492815050,260655600000,33720000,2022-09-30
006620,동구바이오제약,KOSDAQ,KOSDAQ,5390,57950,308591240,153426306880,28464992,2022-09-30
100130,동국S&C,KOSDAQ,KOSDAQ,5520,411756,2255703570,315429360000,57143000,2022-09-30
005160,동국산업,KOSDAQ,KOSDAQ,4770,2648514,12654799635,258746179140,54244482,2022-09-30
075970,동국알앤에스,KOSDAQ,KOSDAQ,3170,58668,184236600,58328000000,18400000,2022-09-30
001230,동국제강,KOSPI,KOSPI,10800,533376,5797093050,1030673559600,95432737,2022-09-30
086450,동국제약,KOSDAQ,KOSDAQ,16250,74032,1220967100,722475000000,44460000,2022-09-30
023450,동남합성,KOSPI,KOSPI,56100,1617,90301600,202521000000,3610000,2022-09-30
004140,동방,KOSPI,KOSPI,2070,161272,328765050,99301555620,47971766,2022-09-30
099410,동방선기,KOSDAQ,KOSDAQ,2660,67804,176525940,36019065320,13541002,2022-09-30
007590,동방아그로,KOSPI,KOSPI,6300,11616,72402200,85790735100,13617577,2022-09-30
005960,동부건설,KOSPI,KOSPI,8750,76547,670413920,200151437500,22874450,2022-09-30
005965,동부건설우,KOSPI,KOSPI,23900,46,1064650,5394994800,225732,2022-09-30
026960,동서,KOSPI,KOSPI,20800,59080,1231426300,2073760000000,99700000,2022-09-30
002210,동성제약,KOSPI,KOSPI,6540,54203,345409000,170700343800,26100970,2022-09-30
102260,동성케미컬,KOSPI,KOSPI,4615,48485,223467965,229318094720,49689728,2022-09-30
033500,동성화인텍,KOSDAQ,KOSDAQ,10750,227388,2421601950,319963559000,29764052,2022-09-30
025950,동신건설,KOSDAQ,KOSDAQ,13550,18971,255882450,113820000000,8400000,2022-09-30
000640,동아쏘시오홀딩스,KOSPI,KOSPI,101000,3370,337714500,641240213000,6348913,2022-09-30
170900,동아에스티,KOSPI,KOSPI,49800,3813,190446450,420637592400,8446538,2022-09-30
088130,동아엘텍,KOSDAQ,KOSDAQ,6250,34295,211455370,66643362500,10662938,2022-09-30
028100,동아지질,KOSPI,KOSPI,13400,60654,813181500,188305456400,14052646,2022-09-30
282690,동아타이어,KOSPI,KOSPI,11650,8823,102127700,159989624750,13733015,2022-09-30
041930,동아화성,KOSDAQ,KOSDAQ,7090,35529,250600400,112022000000,15800000,2022-09-30
001520,동양,KOSPI,KOSPI,916,498804,457199535,218634601708,238684063,2022-09-30
001527,동양2우B,KOSPI,KOSPI,11500,1033,12271150,3548543500,308569,2022-09-30
084670,동양고속,KOSPI,KOSPI,13800,268,3697250,39958852200,2895569,2022-09-30
082640,동양생명,KOSPI,KOSPI,4815,117574,570836275,776941586775,161358585,2022-09-30
060380,동양에스텍,KOSDAQ,KOSDAQ,2095,57812,121093890,41271500000,19700000,2022-09-30
001525,동양우,KOSPI,KOSPI,5940,127,755390,3669322140,617731,2022-09-30
079960,동양이엔피,KOSDAQ,KOSDAQ,12100,22351,269529900,95106000000,7860000,2022-09-30
008970,동양철관,KOSPI,KOSPI,990,540302,536438776,117696437100,118885290,2022-09-30
228340,동양파일,KOSDAQ,KOSDAQ,2570,6267,15843135,51400000000,20000000,2022-09-30
092780,동양피스톤,KOSPI,KOSPI,4150,78333,327187850,54649109000,13168460,2022-09-30
088910,동우팜투테이블,KOSDAQ,KOSDAQ,2630,69833,181666895,67937539320,25831764,2022-09-30
094170,동운아나텍,KOSDAQ,KOSDAQ,9650,2912773,27026877470,174773890600,18111284,2022-09-30
049770,동원F&B,KOSPI,KOSPI,144000,3282,474029000,555713856000,3859124,2022-09-30
013120,동원개발,KOSDAQ,KOSDAQ,3230,184998,603809225,293310163000,90808100,2022-09-30
018500,동원금속,KOSPI,KOSPI,957,812250,785410483,44744470881,46754933,2022-09-30
006040,동원산업,KOSPI,KOSPI,232500,4612,1069316000,855051532500,3677641,2022-09-30
030720,동원수산,KOSPI,KOSPI,8500,36860,310916280,39557342500,4653805,2022-09-30
014820,동원시스템즈,KOSPI,KOSPI,45800,26321,1201984250,1327800715600,28991282,2022-09-30
014825,동원시스템즈우,KOSPI,KOSPI,28250,21,579250,7461135750,264111,2022-09-30
163560,동일고무벨트,KOSPI,KOSPI,5940,36313,210900230,82566000000,13900000,2022-09-30
109860,동일금속,KOSDAQ,KOSDAQ,21000,12568,263027500,191100000000,9100000,2022-09-30
032960,동일기연,KOSDAQ,KOSDAQ,11450,503608,5875973350,41622467500,3635150,2022-09-30
004890,동일산업,KOSPI,KOSPI,175000,896,156019000,424412625000,2425215,2022-09-30
002690,동일제강,KOSPI,KOSPI,2300,108409,243855475,46690828000,20300360,2022-09-30
023790,동일철강,KOSDAQ,KOSDAQ,2150,41552,87316645,34366558900,15984446,2022-09-30
005290,동진쎄미켐,KOSDAQ,KOSDAQ,26500,520265,13661724650,1362484091000,51414494,2022-09-30
025900,동화기업,KOSDAQ,KOSDAQ,61800,177103,10900194800,1248579575400,20203553,2022-09-30
000020,동화약품,KOSPI,KOSPI,8260,77293,644437110,230713942200,27931470,2022-09-30
000150,두산,KOSPI,KOSPI,81100,404240,32128913700,1340083018500,16523835,2022-09-30
000157,두산2우B,KOSPI,KOSPI,83500,2106,173357100,74568673000,893038,2022-09-30
241560,두산밥캣,KOSPI,KOSPI,28500,247989,7074022900,2857101231000,100249166,2022-09-30
034020,두산에너빌리티,KOSPI,KOSPI,14250,7095899,101722760850,9095889470250,638308033,2022-09-30
000155,두산우,KOSPI,KOSPI,53900,32292,1751754400,215409301800,3996462,2022-09-30
131970,두산테스나,KOSDAQ,KOSDAQ,20450,136382,2788373800,301833349650,14759577,2022-09-30
336260,두산퓨얼셀,KOSPI,KOSPI,28600,264221,7506321050,1873120563600,65493726,2022-09-30
33626K,두산퓨얼셀1우,KOSPI,KOSPI,9350,16176,149878900,124955270000,13364200,2022-09-30
33626L,두산퓨얼셀2우B,KOSPI,KOSPI,11200,7151,78730950,33446560000,2986300,2022-09-30
016740,두올,KOSPI,KOSPI,2385,135661,322794665,78864031800,33066680,2022-09-30
073190,듀오백,KOSDAQ,KOSDAQ,2100,8005,16862900,25132884000,11968040,2022-09-30
176750,듀켐바이오,KONEX,KONEX,5520,25082,138544080,149179214400,27025220,2022-09-30
030350,드래곤플라이,KOSDAQ,KOSDAQ,1160,424275,486728195,47950168320,41336352,2022-09-30
203650,드림시큐리티,KOSDAQ,KOSDAQ,2565,134655,338878965,129803759010,50605754,2022-09-30
223250,드림씨아이에스,KOSDAQ,KOSDAQ,10300,8346,86072700,61034916000,5925720,2022-09-30
060570,드림어스컴퍼니,KOSDAQ,KOSDAQ,2760,16107,44674930,156933177720,56859847,2022-09-30
192650,드림텍,KOSPI,KOSPI,10150,375045,3788571310,683912044550,67380497,2022-09-30
217620,디딤,KOSDAQ,KOSDAQ,1290,277132,364188830,59363169690,46017961,2022-09-30
016670,디모아,KOSDAQ,KOSDAQ,447,1488379,652699202,45530536728,101858024,2022-09-30
187870,디바이스이엔지,KOSDAQ,KOSDAQ,14700,17508,252797150,103438152300,7036609,2022-09-30
066670,디스플레이텍,KOSDAQ,KOSDAQ,4610,181993,834297260,86169741980,18691918,2022-09-30
024090,디씨엠,KOSPI,KOSPI,13700,50342,687578750,156180000000,11400000,2022-09-30
003160,디아이,KOSPI,KOSPI,4255,148883,622918055,134018820175,31496785,2022-09-30
092200,디아이씨,KOSPI,KOSPI,3100,149797,461823055,120554563900,38888569,2022-09-30
110990,디아이티,KOSDAQ,KOSDAQ,5950,24749,146765850,112455000000,18900000,2022-09-30
078590,디아크,KOSDAQ,KOSDAQ,2380,0,0,316556560040,133006958,2022-09-30
263690,디알젬,KOSDAQ,KOSDAQ,8230,8598,70505160,93209770300,11325610,2022-09-30
214680,디알텍,KOSDAQ,KOSDAQ,1400,240718,334653765,81227937000,58019955,2022-09-30
377190,디앤디플랫폼리츠,KOSPI,KOSPI,4135,72421,300125490,266294000000,64400000,2022-09-30
263720,디앤씨미디어,KOSDAQ,KOSDAQ,13800,38157,511322200,169396531800,12275111,2022-09-30
376300,디어유,KOSDAQ,KOSDAQ,26650,102365,2746324950,616419989900,23130206,2022-09-30
141020,디에스앤엘,KOSDAQ,KOSDAQ,1335,0,0,43790846220,32802132,2022-09-30
109740,디에스케이,KOSDAQ,KOSDAQ,6180,83871,522049350,167013943800,27024910,2022-09-30
196490,디에이테크놀로지,KOSDAQ,KOSDAQ,3620,76699,278474220,89364482020,24686321,2022-09-30
066900,디에이피,KOSDAQ,KOSDAQ,2740,52854,144759635,62319938220,22744503,2022-09-30
180400,디엑스앤브이엑스,KOSDAQ,KOSDAQ,7740,0,0,222082929900,28692885,2022-09-30
127120,디엔에이링크,KOSDAQ,KOSDAQ,4130,38323,156820725,70596947960,17093692,2022-09-30
092070,디엔에프,KOSDAQ,KOSDAQ,11900,161628,1896623800,137705110200,11571858,2022-09-30
039840,디오,KOSDAQ,KOSDAQ,19000,49467,927309050,301753345000,15881755,2022-09-30
013570,디와이,KOSPI,KOSPI,5300,152313,804340860,139494054900,26319633,2022-09-30
219550,디와이디,KOSDAQ,KOSDAQ,1055,276292,283690515,38758157450,36737590,2022-09-30
310870,디와이씨,KOSDAQ,KOSDAQ,1450,152880,217883920,29996542950,20687271,2022-09-30
210540,디와이파워,KOSPI,KOSPI,9350,61969,566316410,103239969800,11041708,2022-09-30
104460,디와이피엔에프,KOSDAQ,KOSDAQ,40700,55547,2219127300,436044537500,10713625,2022-09-30
079810,디이엔티,KOSDAQ,KOSDAQ,9570,483841,4508372190,147449219940,15407442,2022-09-30
113810,디젠스,KOSDAQ,KOSDAQ,1120,525380,563626650,36543417120,32628051,2022-09-30
043360,디지아이,KOSDAQ,KOSDAQ,2975,42676,125083655,26775000000,9000000,2022-09-30
197140,디지캡,KOSDAQ,KOSDAQ,3410,19882,68072495,32591583090,9557649,2022-09-30
068930,디지털대성,KOSDAQ,KOSDAQ,7000,33751,234657260,208605173000,29800739,2022-09-30
033130,디지틀조선,KOSDAQ,KOSDAQ,1990,322591,655918300,73859381330,37115267,2022-09-30
105740,디케이락,KOSDAQ,KOSDAQ,10250,309647,3069308020,87042098000,8491912,2022-09-30
263020,디케이앤디,KOSDAQ,KOSDAQ,3040,81807,234233205,47200268160,15526404,2022-09-30
290550,디케이티,KOSDAQ,KOSDAQ,9680,86222,846835510,159358606880,16462666,2022-09-30
187220,디티앤씨,KOSDAQ,KOSDAQ,4605,18852,84185675,53869386705,11698021,2022-09-30
163430,디피코,KONEX,KONEX,7620,0,0,68986679400,9053370,2022-09-30
131180,딜리,KOSDAQ,KOSDAQ,1315,90997,119307225,38595250000,29350000,2022-09-30
315640,딥노이드,KOSDAQ,KOSDAQ,5570,29640,163451580,51896436380,9317134,2022-09-30
317120,라닉스,KOSDAQ,KOSDAQ,5090,36392,186213015,49169400000,9660000,2022-09-30
042510,라온시큐어,KOSDAQ,KOSDAQ,2305,152168,348929005,89126849530,38666746,2022-09-30
232680,라온테크,KOSDAQ,KOSDAQ,9690,169911,1579115530,120938312460,12480734,2022-09-30
300120,라온피플,KOSDAQ,KOSDAQ,4100,88344,356612625,85198049200,20780012,2022-09-30
171120,라이온켐텍,KOSDAQ,KOSDAQ,7950,50649,399583280,150203929200,18893576,2022-09-30
069540,라이트론,KOSDAQ,KOSDAQ,3140,54289,166334800,81834541840,26061956,2022-09-30
285770,라이프사이언스테크놀로지,KONEX,KONEX,1390,0,0,4928078200,3545380,2022-09-30
347700,라이프시맨틱스,KOSDAQ,KOSDAQ,4340,16174,70444850,44389303000,10227950,2022-09-30
214260,라파스,KOSDAQ,KOSDAQ,19650,120184,2382232950,169332224400,8617416,2022-09-30
403360,라피치,KONEX,KONEX,12800,57,689600,37171200000,2904000,2022-09-30
115390,락앤락,KOSPI,KOSPI,6760,50711,339261750,339355001440,50200444,2022-09-30
200350,래몽래인,KOSDAQ,KOSDAQ,19050,40015,748802750,119224786950,6258519,2022-09-30
171010,램테크놀러지,KOSDAQ,KOSDAQ,5970,38389,228438370,82601260290,13836057,2022-09-30
084650,랩지노믹스,KOSDAQ,KOSDAQ,6340,8828250,56864711170,215506889820,33991623,2022-09-30
217500,러셀,KOSDAQ,KOSDAQ,2820,217873,608487255,89709840000,31812000,2022-09-30
092590,럭스피아,KONEX,KONEX,1685,2,3660,12285500130,7291098,2022-09-30
141080,레고켐바이오,KOSDAQ,KOSDAQ,35850,127473,4589012250,871271799300,24303258,2022-09-30
060300,레드로버,KOSDAQ,KOSDAQ,1830,0,0,53493273510,29231297,2022-09-30
038390,레드캡투어,KOSDAQ,KOSDAQ,18800,20163,379422450,161482224000,8589480,2022-09-30
294140,레몬,KOSDAQ,KOSDAQ,3850,78059,298793125,142450000000,37000000,2022-09-30
228670,레이,KOSDAQ,KOSDAQ,17250,191419,3343249350,229537711500,13306534,2022-09-30
228850,레이언스,KOSDAQ,KOSDAQ,9810,14167,137387720,162757847340,16591014,2022-09-30
412350,레이저쎌,KOSDAQ,KOSDAQ,7700,409025,3160539110,64878444400,8425772,2022-09-30
281740,레이크머티리얼즈,KOSDAQ,KOSDAQ,5630,978784,5555825510,370062985240,65730548,2022-09-30
277810,레인보우로보틱스,KOSDAQ,KOSDAQ,31050,885832,27076917350,500998394700,16135214,2022-09-30
179720,렌딩머신,KONEX,KONEX,6390,35,219950,9342461160,1462044,2022-09-30
215100,로보로보,KOSDAQ,KOSDAQ,5890,298498,1756370810,119852394060,20348454,2022-09-30
090360,로보스타,KOSDAQ,KOSDAQ,17100,61335,1050909200,166725000000,9750000,2022-09-30
238500,로보쓰리,KONEX,KONEX,644,57927,36406282,10829120820,16815405,2022-09-30
108490,로보티즈,KOSDAQ,KOSDAQ,22000,525672,11519869600,262513306000,11932423,2022-09-30
900260,로스웰,KOSDAQ,KOSDAQ,284,713892,202227588,51164429812,180156443,2022-09-30
223220,로지스몬,KONEX,KONEX,563,1484,664560,25012851400,44427800,2022-09-30
067730,로지시스,KOSDAQ,KOSDAQ,4445,44466,193434820,43000583290,9673922,2022-09-30
071280,로체시스템즈,KOSDAQ,KOSDAQ,6600,345708,2249646160,100957579800,15296603,2022-09-30
032350,롯데관광개발,KOSPI,KOSPI,10850,424794,4588671800,784809263350,72332651,2022-09-30
089860,롯데렌탈,KOSPI,KOSPI,31100,60523,1857212200,1139319359300,36634063,2022-09-30
330590,롯데리츠,KOSPI,KOSPI,4900,308054,1497571580,1190547531600,242968884,2022-09-30
000400,롯데손해보험,KOSPI,KOSPI,1330,1236322,1594417605,412747305600,310336320,2022-09-30
023530,롯데쇼핑,KOSPI,KOSPI,86500,51610,4479453700,2446977307500,28288755,2022-09-30
004000,롯데정밀화학,KOSPI,KOSPI,56300,83119,4659277600,1452540000000,25800000,2022-09-30
286940,롯데정보통신,KOSPI,KOSPI,23600,8174,190799950,363353411600,15396331,2022-09-30
280360,롯데제과,KOSPI,KOSPI,138500,19813,2691990500,1306688499000,9434574,2022-09-30
004990,롯데지주,KOSPI,KOSPI,38300,165823,6353521600,4018023777100,104909237,2022-09-30
00499K,롯데지주우,KOSPI,KOSPI,45400,175,7884950,36574376200,805603,2022-09-30
005300,롯데칠성,KOSPI,KOSPI,159500,29508,4757703000,1479981998000,9278884,2022-09-30
005305,롯데칠성우,KOSPI,KOSPI,68800,303,20835800,53341328000,775310,2022-09-30
011170,롯데케미칼,KOSPI,KOSPI,144000,156819,22579091500,4935660336000,34275419,2022-09-30
071840,롯데하이마트,KOSPI,KOSPI,12950,15605,200006300,305719870400,23607712,2022-09-30
328130,루닛,KOSDAQ,KOSDAQ,23900,83580,2019504850,292141124200,12223478,2022-09-30
038060,루멘스,KOSDAQ,KOSDAQ,975,43877,41737673,46900492275,48103069,2022-09-30
162120,루켄테크놀러지스,KONEX,KONEX,4500,72,305845,49454712000,10989936,2022-09-30
253610,루트락,KONEX,KONEX,1985,1,1985,15428497855,7772543,2022-09-30
085370,루트로닉,KOSDAQ,KOSDAQ,15950,162134,2551447150,420435939000,26359620,2022-09-30
08537M,루트로닉3우C,KOSDAQ,KOSDAQ,22000,94,2019850,4736270000,215285,2022-09-30
060240,룽투코리아,KOSDAQ,KOSDAQ,2980,230794,679548605,75779266320,25429284,2022-09-30
058470,리노공업,KOSDAQ,KOSDAQ,124500,30365,3751409900,1897675065000,15242370,2022-09-30
039980,리노스,KOSDAQ,KOSDAQ,874,627481,532175050,39953682904,45713596,2022-09-30
019570,리더스 기술투자,KOSDAQ,KOSDAQ,401,2013454,812002965,52147524903,130043703,2022-09-30
016100,리더스코스메틱,KOSDAQ,KOSDAQ,2580,29148,76048995,49280306520,19100894,2022-09-30
012700,리드코프,KOSDAQ,KOSDAQ,9190,3318900,31804917860,243039980650,26446135,2022-09-30
302550,리메드,KOSDAQ,KOSDAQ,11750,37949,439419750,71999488000,6127616,2022-09-30
377450,리파인,KOSDAQ,KOSDAQ,8310,54646,449427690,144012300000,17330000,2022-09-30
277070,린드먼아시아,KOSDAQ,KOSDAQ,3435,11659,39733685,47032020000,13692000,2022-09-30
042500,링네트,KOSDAQ,KOSDAQ,3900,55500,211461540,59891824200,15356878,2022-09-30
219420,링크제니시스,KOSDAQ,KOSDAQ,5340,23022,120790740,61247167380,11469507,2022-09-30
027740,마니커,KOSPI,KOSPI,1170,155339,178280885,74308136760,63511228,2022-09-30
195500,마니커에프앤지,KOSDAQ,KOSDAQ,3155,55348,170240895,50252840000,15928000,2022-09-30
357430,마스턴프리미어리츠,KOSPI,KOSPI,4320,85168,366446030,114825600000,26580000,2022-09-30
305090,마이크로디지탈,KOSDAQ,KOSDAQ,3805,70980,272132835,56101681000,14744200,2022-09-30
098120,마이크로컨텍솔,KOSDAQ,KOSDAQ,4855,31108,149945730,40358478930,8312766,2022-09-30
147760,마이크로프랜드,KOSDAQ,KOSDAQ,3775,5836,21755295,40844994150,10819866,2022-09-30
377480,마인즈랩,KOSDAQ,KOSDAQ,12100,49481,593979000,73558416800,6079208,2022-09-30
038290,마크로젠,KOSDAQ,KOSDAQ,18700,17760,329275900,202734180000,10841400,2022-09-30
001080,만호제강,KOSPI,KOSPI,25000,9521,234018950,103750000000,4150000,2022-09-30
267980,매일유업,KOSDAQ,KOSDAQ,51500,14399,743081900,403947357000,7843638,2022-09-30
005990,매일홀딩스,KOSDAQ,KOSDAQ,7930,2076,16370060,108786150720,13718304,2022-09-30
093520,매커스,KOSDAQ,KOSDAQ,6200,47884,291736480,100211170400,16163092,2022-09-30
377030,맥스트,KOSDAQ,KOSDAQ,12350,213841,2647121000,241700392700,19570882,2022-09-30
088980,맥쿼리인프라,KOSPI,KOSPI,11750,615373,7181541900,4756935177250,404845547,2022-09-30
094800,맵스리얼티1,KOSPI,KOSPI,4180,31546,131441535,388047503580,92834331,2022-09-30
100590,머큐리,KOSDAQ,KOSDAQ,5540,95618,522564230,83547737260,15080819,2022-09-30
067280,멀티캠퍼스,KOSDAQ,KOSDAQ,32800,5545,181025800,194398351200,5926779,2022-09-30
072870,메가스터디,KOSDAQ,KOSDAQ,11200,9109,100273500,133514740800,11920959,2022-09-30
215200,메가스터디교육,KOSDAQ,KOSDAQ,71700,96096,6896802500,850496796000,11861880,2022-09-30
133750,메가엠디,KOSDAQ,KOSDAQ,2740,157279,429670275,64135390980,23407077,2022-09-30
235980,메드팩토,KOSDAQ,KOSDAQ,23750,60752,1443122550,500654631250,21080195,2022-09-30
200580,메디쎄이,KONEX,KONEX,15100,4701,69676750,56263792900,3726079,2022-09-30
041920,메디아나,KOSDAQ,KOSDAQ,3940,74214,291451395,63040000000,16000000,2022-09-30
233250,메디안디노스틱,KONEX,KONEX,32850,1,32850,57373641900,1746534,2022-09-30
014100,메디앙스,KOSDAQ,KOSDAQ,3125,29860,92763320,36875000000,11800000,2022-09-30
236340,메디젠휴먼케어,KONEX,KONEX,7300,95,693810,22006923100,3014647,2022-09-30
054180,메디콕스,KOSDAQ,KOSDAQ,10650,1209916,12378626720,128925289650,12105661,2022-09-30
086900,메디톡스,KOSDAQ,KOSDAQ,108800,23923,2595646700,713300742400,6556073,2022-09-30
078160,메디포스트,KOSDAQ,KOSDAQ,14550,51979,744815050,236644022700,16264194,2022-09-30
065650,메디프론,KOSDAQ,KOSDAQ,1415,9997564,14876209455,61716581985,43615959,2022-09-30
138040,메리츠금융지주,KOSPI,KOSPI,20850,260337,5398873000,2659872488700,127571822,2022-09-30
008560,메리츠증권,KOSPI,KOSPI,3675,1708001,6299568200,2350936377825,639710579,2022-09-30
000060,메리츠화재,KOSPI,KOSPI,29500,167474,4986450200,3356598500000,113783000,2022-09-30
021880,메이슨캐피탈,KOSDAQ,KOSDAQ,375,3485106,1338418267,57069153000,152184408,2022-09-30
140410,메지온,KOSDAQ,KOSDAQ,13750,127887,1758198100,367702747500,26742018,2022-09-30
241770,메카로,KOSDAQ,KOSDAQ,9890,7627,75173500,100805209600,10192640,2022-09-30
090370,메타랩스,KOSPI,KOSPI,617,212577,129035762,76830967416,124523448,2022-09-30
059210,메타바이오메드,KOSDAQ,KOSDAQ,2195,111458,241318365,52377860445,23862351,2022-09-30
058110,멕아이씨에스,KOSDAQ,KOSDAQ,3945,68663,269176565,63319340850,16050530,2022-09-30
096640,멜파스,KOSDAQ,KOSDAQ,1495,0,0,56729621325,37946235,2022-09-30
017180,명문제약,KOSPI,KOSPI,2520,77249,192333950,85562704080,33953454,2022-09-30
257370,명성티엔에스,KOSDAQ,KOSDAQ,9210,0,0,71157896760,7726156,2022-09-30
009900,명신산업,KOSPI,KOSPI,17350,591408,10219606300,910356807550,52470133,2022-09-30
267060,명진홀딩스,KONEX,KONEX,181,0,0,1654666524,9141804,2022-09-30
012690,모나리자,KOSPI,KOSPI,2835,382479,1091962610,103679507925,36571255,2022-09-30
005360,모나미,KOSPI,KOSPI,3100,1742641,5850817935,58581651700,18897307,2022-09-30
080420,모다이노칩,KOSDAQ,KOSDAQ,3090,358409,1091850505,246339811980,79721622,2022-09-30
080160,모두투어,KOSDAQ,KOSDAQ,17550,76489,1338991650,331695000000,18900000,2022-09-30
204210,모두투어리츠,KOSPI,KOSPI,4555,12514,58009330,35651142325,7826815,2022-09-30
100030,모바일리더,KOSDAQ,KOSDAQ,21800,7899,170550350,71584965200,3283714,2022-09-30
087260,모바일어플라이언스,KOSDAQ,KOSDAQ,3590,1420486,5086796245,116864770990,32552861,2022-09-30
101330,모베이스,KOSDAQ,KOSDAQ,2575,34488,87463815,61692334100,23958188,2022-09-30
012860,모베이스전자,KOSDAQ,KOSDAQ,1200,180177,214817580,86394080400,71995067,2022-09-30
363260,모비데이즈,KOSDAQ,KOSDAQ,890,271594,243871219,142416773830,160018847,2022-09-30
348030,모비릭스,KOSDAQ,KOSDAQ,10950,34137,374319450,105161610000,9603800,2022-09-30
250060,모비스,KOSDAQ,KOSDAQ,1700,165501,273070235,54691233800,32171314,2022-09-30
288980,모아데이타,KOSDAQ,KOSDAQ,1580,394704,621054595,51247666560,32435232,2022-09-30
033200,모아텍,KOSDAQ,KOSDAQ,6020,29966,178266790,86273733700,14331185,2022-09-30
009680,모토닉,KOSPI,KOSPI,7730,13392,103552130,255090000000,33000000,2022-09-30
118990,모트렉스,KOSDAQ,KOSDAQ,13400,2618774,35569255350,328239700000,24495500,2022-09-30
006920,모헨즈,KOSDAQ,KOSDAQ,3725,37079,134395475,40677000000,10920000,2022-09-30
009580,무림P&P,KOSPI,KOSPI,4405,401661,1792258125,274732467220,62368324,2022-09-30
001810,무림SP,KOSDAQ,KOSDAQ,2270,48422,108978045,50252125000,22137500,2022-09-30
009200,무림페이퍼,KOSPI,KOSPI,2120,86221,179874240,88211737200,41609310,2022-09-30
135160,무송지오씨,KONEX,KONEX,2690,7263,18180400,25760335770,9576333,2022-09-30
322970,무진메디,KONEX,KONEX,4590,1425,6538130,34390542870,7492493,2022-09-30
033920,무학,KOSPI,KOSPI,5210,82521,424657700,148485000000,28500000,2022-09-30
008420,문배철강,KOSPI,KOSPI,4175,5759447,24235191880,85602133375,20503505,2022-09-30
279600,미디어젠,KOSDAQ,KOSDAQ,12850,126725,1632736450,60199435850,4684781,2022-09-30
095500,미래나노텍,KOSDAQ,KOSDAQ,12250,7719310,99716868000,379872487750,31009999,2022-09-30
025560,미래산업,KOSPI,KOSPI,8300,18605,153467510,36951658100,4452007,2022-09-30
218150,미래생명자원,KOSDAQ,KOSDAQ,5240,662689,3570338840,104254222560,19895844,2022-09-30
007120,미래아이앤지,KOSPI,KOSPI,293,2628524,770157532,40849451732,139417924,2022-09-30
396690,미래에셋글로벌리츠,KOSPI,KOSPI,4490,18343,82305050,130479400000,29060000,2022-09-30
353490,미래에셋대우스팩 5호,KOSDAQ,KOSDAQ,2155,14062,29935560,10904300000,5060000,2022-09-30
357250,미래에셋맵스리츠,KOSPI,KOSPI,3815,30201,114752310,76681500000,20100000,2022-09-30
100790,미래에셋벤처투자,KOSDAQ,KOSDAQ,4455,127602,570359660,215980008255,48480361,2022-09-30
412930,미래에셋비전스팩1호,KOSDAQ,KOSDAQ,2135,12330,26200750,13185760000,6176000,2022-09-30
085620,미래에셋생명,KOSPI,KOSPI,2645,63099,167206410,468207819905,177016189,2022-09-30
006800,미래에셋증권,KOSPI,KOSPI,5980,1043951,6294375460,3679592119840,615316408,2022-09-30
00680K,미래에셋증권2우B,KOSPI,KOSPI,3655,63293,231584070,511700000000,140000000,2022-09-30
006805,미래에셋증권우,KOSPI,KOSPI,4085,11235,45972220,57499438750,14075750,2022-09-30
208890,미래엔에듀파트너,KONEX,KONEX,1200,0,0,3780984000,3150820,2022-09-30
049950,미래컴퍼니,KOSDAQ,KOSDAQ,20700,103935,2174671450,177747174000,8586820,2022-09-30
207760,미스터블루,KOSDAQ,KOSDAQ,4020,63011,247790665,100030886100,24883305,2022-09-30
002840,미원상사,KOSPI,KOSPI,167000,1739,294889000,829990000000,4970000,2022-09-30
268280,미원에스씨,KOSPI,KOSPI,182000,505,90978500,928200000000,5100000,2022-09-30
107590,미원홀딩스,KOSPI,KOSPI,129000,134,17292500,299280000000,2320000,2022-09-30
134380,미원화학,KOSPI,KOSPI,61500,282,17350300,135254982000,2199268,2022-09-30
003650,미창석유,KOSPI,KOSPI,73900,223,16341000,128561760800,1739672,2022-09-30
059090,미코,KOSDAQ,KOSDAQ,6070,129275,784230120,202839842460,33416778,2022-09-30
214610,미코바이오메드,KOSDAQ,KOSDAQ,6220,154291,953181110,113876388220,18308101,2022-09-30
201490,미투온,KOSDAQ,KOSDAQ,4415,366343,1614402610,138003054550,31257770,2022-09-30
950190,미투젠,KOSDAQ,KOSDAQ,14250,18614,261440200,193513461000,13579892,2022-09-30
155900,바다로19호,KOSPI,KOSPI,3285,21670,70933920,49932013140,15200004,2022-09-30
206640,바디텍메드,KOSDAQ,KOSDAQ,8740,123893,1088259100,205272534400,23486560,2022-09-30
018700,바른손,KOSDAQ,KOSDAQ,2305,635513,1487701430,80951039885,35119757,2022-09-30
035620,바른손이앤에이,KOSDAQ,KOSDAQ,840,392716,331878767,62529327000,74439675,2022-09-30
064520,바른전자,KOSDAQ,KOSDAQ,6050,74576,431374470,52371661650,8656473,2022-09-30
354390,바스칸바이오제약,KONEX,KONEX,5640,106,565290,39582913080,7018247,2022-09-30
053030,바이넥스,KOSDAQ,KOSDAQ,11700,179582,2096245800,371604261600,31761048,2022-09-30
301300,바이브컴퍼니,KOSDAQ,KOSDAQ,21050,11631,245345050,117462789000,5580180,2022-09-30
064550,바이오니아,KOSDAQ,KOSDAQ,24800,422002,10504505700,640095216800,25810291,2022-09-30
314930,바이오다인,KOSDAQ,KOSDAQ,22750,2701,60850350,140326436250,6168195,2022-09-30
208710,바이오로그디바이스,KOSDAQ,KOSDAQ,950,281403,265497207,40141734150,42254457,2022-09-30
086820,바이오솔루션,KOSDAQ,KOSDAQ,12100,30531,360836450,98535454600,8143426,2022-09-30
038460,바이오스마트,KOSDAQ,KOSDAQ,3100,60226,186858020,62272180000,20087800,2022-09-30
281310,바이오시네틱스,KONEX,KONEX,7600,0,0,20146764000,2650890,2022-09-30
251120,바이오에프디엔씨,KOSDAQ,KOSDAQ,15550,33418,509235200,135218135000,8695700,2022-09-30
266470,바이오인프라생명과학,KONEX,KONEX,1500,1782,2649190,21160270500,14106847,2022-09-30
086040,바이오톡스텍,KOSDAQ,KOSDAQ,6880,254769,1769740040,100909806240,14667123,2022-09-30
199290,바이오프로테크,KONEX,KONEX,930,4994,4594420,13452820140,14465398,2022-09-30
099430,바이오플러스,KOSDAQ,KOSDAQ,27950,157851,4416269850,404791912200,14482716,2022-09-30
032980,바이온,KOSDAQ,KOSDAQ,920,76412,69874888,31550277600,34293780,2022-09-30
222160,바이옵트로,KOSDAQ,KOSDAQ,4400,113673,498951980,35833010400,8143866,2022-09-30
308080,바이젠셀,KOSDAQ,KOSDAQ,6750,67017,451918890,128290905000,19006060,2022-09-30
043150,바텍,KOSDAQ,KOSDAQ,29800,15911,473194550,442656828800,14854256,2022-09-30
323990,박셀바이오,KOSDAQ,KOSDAQ,40300,298178,11991099200,613486900000,15223000,2022-09-30
003610,방림,KOSPI,KOSPI,4540,372401,1679379350,192105968600,42314090,2022-09-30
267790,배럴,KOSDAQ,KOSDAQ,5750,13152,74002480,45341625000,7885500,2022-09-30
001340,백광산업,KOSPI,KOSPI,4015,293202,1174096630,180347404105,44918407,2022-09-30
046310,백금T&A,KOSDAQ,KOSDAQ,2300,51748,116193980,37762874300,16418641,2022-09-30
035150,백산,KOSPI,KOSPI,9040,740223,6883244130,219988400000,24335000,2022-09-30
066410,버킷스튜디오,KOSDAQ,KOSDAQ,1680,1732580,2878521695,130240400640,77524048,2022-09-30
002410,범양건영,KOSPI,KOSPI,3130,250036,778261020,77724103660,24831982,2022-09-30
382900,범한퓨얼셀,KOSDAQ,KOSDAQ,25600,133118,3385591100,224281600000,8761000,2022-09-30
206400,베노홀딩스,KOSDAQ,KOSDAQ,2845,1177889,3258779795,82032761295,28834011,2022-09-30
019010,베뉴지,KOSDAQ,KOSDAQ,2005,80840,158536720,96641000000,48200000,2022-09-30
322190,베른,KONEX,KONEX,400,12,4800,3570078800,8925197,2022-09-30
177350,베셀,KOSDAQ,KOSDAQ,5050,182155,893724770,62588659700,12393794,2022-09-30
299910,베스파,KOSDAQ,KOSDAQ,3165,0,0,25974889140,8206916,2022-09-30
096300,베트남개발1,KOSPI,KOSPI,235,512291997,111423638570,32354849585,137680211,2022-09-30
007210,벽산,KOSPI,KOSPI,2000,1076220,2143676285,137120000000,68560000,2022-09-30
225530,보광산업,KOSDAQ,KOSDAQ,5270,74850,392601470,191505091290,36338727,2022-09-30
250000,보라티알,KOSDAQ,KOSDAQ,10450,65027,666529350,70545159850,6750733,2022-09-30
002760,보락,KOSPI,KOSPI,1400,134024,185822255,83860000000,59900000,2022-09-30
003850,보령,KOSPI,KOSPI,10400,780192,8104702650,714376000000,68690000,2022-09-30
310210,보로노이,KOSDAQ,KOSDAQ,24700,186538,4548909600,312352964300,12645869,2022-09-30
006910,보성파워텍,KOSDAQ,KOSDAQ,4270,1048061,4455509730,209784348480,49129824,2022-09-30
000890,보해양조,KOSPI,KOSPI,625,596419,367930698,86950080625,139120129,2022-09-30
226340,본느,KOSDAQ,KOSDAQ,1430,165874,235669145,43900422280,30699596,2022-09-30
206950,볼빅,KONEX,KONEX,3205,0,0,16923752510,5280422,2022-09-30
003000,부광약품,KOSPI,KOSPI,7460,278107,2038445270,530130345540,71063049,2022-09-30
001270,부국증권,KOSPI,KOSPI,20700,1276,26496000,214656640200,10369886,2022-09-30
001275,부국증권우,KOSPI,KOSPI,19000,238,4479850,57000000000,3000000,2022-09-30
026940,부국철강,KOSPI,KOSPI,3210,449152,1459006505,64200000000,20000000,2022-09-30
014470,부방,KOSDAQ,KOSDAQ,1690,125390,208451705,101488319400,60052260,2022-09-30
011390,부산산업,KOSPI,KOSPI,67800,2686,179485100,71596800000,1056000,2022-09-30
005030,부산주공,KOSPI,KOSPI,689,681711,475108587,47172180367,68464703,2022-09-30
008470,부스타,KOSDAQ,KOSDAQ,5180,30146,154413435,43536864000,8404800,2022-09-30
338220,뷰노,KOSDAQ,KOSDAQ,5460,37715,206066530,62132921760,11379656,2022-09-30
100120,뷰웍스,KOSDAQ,KOSDAQ,34300,13029,445018100,343063969500,10001865,2022-09-30
337930,브랜드엑스코퍼레이션,KOSDAQ,KOSDAQ,5460,70686,378554640,161465391360,29572416,2022-09-30
099390,브레인즈컴퍼니,KOSDAQ,KOSDAQ,6250,33692,207284520,51301768750,8208283,2022-09-30
064480,브리지텍,KOSDAQ,KOSDAQ,4030,36349,145703910,48168575000,11952500,2022-09-30
288330,브릿지바이오테라퓨틱스,KOSDAQ,KOSDAQ,8860,14226,124148250,176282325500,19896425,2022-09-30
365900,브이씨,KOSDAQ,KOSDAQ,7460,18054,133160200,54534838000,7310300,2022-09-30
251630,브이원텍,KOSDAQ,KOSDAQ,6430,48840,311847820,97450379400,15155580,2022-09-30
018290,브이티지엠피,KOSDAQ,KOSDAQ,4925,112224,545580770,169833173025,34483893,2022-09-30
044480,블루베리 NFT,KOSDAQ,KOSDAQ,1285,80813,103972725,41562015585,32343981,2022-09-30
033560,블루콤,KOSDAQ,KOSDAQ,5930,140133,823054400,101403000000,17100000,2022-09-30
191600,블루탑,KONEX,KONEX,12000,1,12000,34200000000,2850000,2022-09-30
369370,블리츠웨이,KOSDAQ,KOSDAQ,2210,45406,98852920,92729871780,41959218,2022-09-30
126340,비나텍,KOSDAQ,KOSDAQ,42650,39873,1685704600,233221374300,5468262,2022-09-30
121800,비덴트,KOSDAQ,KOSDAQ,5820,1081937,6266968370,320623008480,55089864,2022-09-30
148140,비디아이,KOSDAQ,KOSDAQ,640,0,0,27653546880,43208667,2022-09-30
082800,비보존 헬스케어,KOSDAQ,KOSDAQ,552,495334,272171745,129191530104,234042627,2022-09-30
318410,비비씨,KOSDAQ,KOSDAQ,9130,75452,684068840,50719368590,5555243,2022-09-30
002070,비비안,KOSPI,KOSPI,1310,96533,125749340,39030126900,29793990,2022-09-30
100220,비상교육,KOSPI,KOSPI,5980,52276,302628490,77720511180,12996741,2022-09-30
146320,비씨엔씨,KOSDAQ,KOSDAQ,14700,54239,802043350,181808468100,12367923,2022-09-30
200780,비씨월드제약,KOSDAQ,KOSDAQ,6900,12434,84064090,61357449600,8892384,2022-09-30
141000,비아트론,KOSDAQ,KOSDAQ,8300,30400,249882880,100552093000,12114710,2022-09-30
090460,비에이치,KOSDAQ,KOSDAQ,25700,902574,23213916500,885734540300,34464379,2022-09-30
083650,비에이치아이,KOSDAQ,KOSDAQ,6670,824613,5479620030,173420000000,26000000,2022-09-30
215050,비엔디생활건강,KONEX,KONEX,912,0,0,1934959392,2121666,2022-09-30
142760,비엘,KOSDAQ,KOSDAQ,4820,667532,3345077020,151582237540,31448597,2022-09-30
065170,비엘팜텍,KOSDAQ,KOSDAQ,814,351664,284901892,72422035026,88970559,2022-09-30
086220,비엘헬스케어,KONEX,KONEX,2280,0,0,24108412200,10573865,2022-09-30
086670,비엠티,KOSDAQ,KOSDAQ,13600,165593,2232539650,116842604800,8591368,2022-09-30
335890,비올,KOSDAQ,KOSDAQ,1700,414243,698673160,98826684800,58133344,2022-09-30
138580,비즈니스온,KOSDAQ,KOSDAQ,7070,31744,222936740,159472072410,22556163,2022-09-30
082920,비츠로셀,KOSDAQ,KOSDAQ,10950,50519,543851600,235853714400,21539152,2022-09-30
054220,비츠로시스,KOSDAQ,KOSDAQ,1450,191043,271916645,36486180350,25162883,2022-09-30
042370,비츠로테크,KOSDAQ,KOSDAQ,5360,45315,237500340,140432134000,26200025,2022-09-30
030790,비케이탑스,KOSPI,KOSPI,904,0,0,19208323080,21248145,2022-09-30
050090,비케이홀딩스,KOSDAQ,KOSDAQ,448,193765,85782536,35454246016,79138942,2022-09-30
307870,비투엔,KOSDAQ,KOSDAQ,2340,2193759,5139908930,71840808000,30701200,2022-09-30
357880,비트나인,KOSDAQ,KOSDAQ,6880,171716,1194051770,71235217280,10353956,2022-09-30
032850,비트컴퓨터,KOSDAQ,KOSDAQ,5040,57998,289642545,83781396720,16623293,2022-09-30
148780,비플라이소프트,KOSDAQ,KOSDAQ,972,351487,342410775,30565244700,31445725,2022-09-30
238200,비피도,KOSDAQ,KOSDAQ,6290,27967,171095140,51452200000,8180000,2022-09-30
093190,빅솔론,KOSDAQ,KOSDAQ,8570,159716,1347996630,164877415850,19238905,2022-09-30
065450,빅텍,KOSDAQ,KOSDAQ,5140,817916,4228153530,147275392000,28652800,2022-09-30
210120,빅텐츠,KONEX,KONEX,16600,2375,34478750,44039800000,2653000,2022-09-30
005180,빙그레,KOSPI,KOSPI,39450,7228,283379900,388631457450,9851241,2022-09-30
072950,빛샘전자,KOSDAQ,KOSDAQ,6090,4929,29758770,37945931310,6230859,2022-09-30
266170,뿌리깊은나무들,KONEX,KONEX,887,5,4428,5165032932,5823036,2022-09-30
143240,사람인에이치알,KOSDAQ,KOSDAQ,29950,11455,342598600,349644176850,11674263,2022-09-30
003960,사조대림,KOSPI,KOSPI,23700,18860,444042200,217197867900,9164467,2022-09-30
008040,사조동아원,KOSPI,KOSPI,1120,3172653,3539215745,158081952000,141144600,2022-09-30
007160,사조산업,KOSPI,KOSPI,40500,7277,296134500,202500000000,5000000,2022-09-30
014710,사조씨푸드,KOSPI,KOSPI,4670,79482,371556070,80410595810,17218543,2022-09-30
006090,사조오양,KOSPI,KOSPI,8010,6752,53645890,75476139390,9422739,2022-09-30
100090,삼강엠앤티,KOSDAQ,KOSDAQ,21250,416377,8871859950,1131244005000,53235012,2022-09-30
122350,삼기,KOSDAQ,KOSDAQ,3550,3233464,11886654565,136104969400,38339428,2022-09-30
014970,삼륭물산,KOSDAQ,KOSDAQ,4945,33050,155350995,74793125000,15125000,2022-09-30
018310,삼목에스폼,KOSDAQ,KOSDAQ,15250,66809,977974350,224175000000,14700000,2022-09-30
053700,삼보모터스,KOSDAQ,KOSDAQ,6020,2486156,14982156810,113319853920,18823896,2022-09-30
009620,삼보산업,KOSDAQ,KOSDAQ,1010,290044,289794172,45708116610,45255561,2022-09-30
023600,삼보판지,KOSDAQ,KOSDAQ,9160,8717,79405940,148117200000,16170000,2022-09-30
001470,삼부토건,KOSPI,KOSPI,1480,1208312,1777879530,277756595000,187673375,2022-09-30
006400,삼성SDI,KOSPI,KOSPI,546000,304306,167903776000,37545433380000,68764530,2022-09-30
006405,삼성SDI우,KOSPI,KOSPI,271000,2524,683699500,438449816000,1617896,2022-09-30
006660,삼성공조,KOSPI,KOSPI,10250,19309,190965770,83294718500,8126314,2022-09-30
380320,삼성머스트스팩5호,KOSDAQ,KOSDAQ,3835,96259,365135355,18446350000,4810000,2022-09-30
028260,삼성물산,KOSPI,KOSPI,103500,325489,33874016500,19342812883500,186887081,2022-09-30
02826K,삼성물산우B,KOSPI,KOSPI,94600,1535,145600500,153954405000,1627425,2022-09-30
207940,삼성바이오로직스,KOSPI,KOSPI,807000,75555,61437785000,57437418000000,71174000,2022-09-30
032830,삼성생명,KOSPI,KOSPI,62400,315431,19716173600,12480000000000,200000000,2022-09-30
377630,삼성스팩4호,KOSDAQ,KOSDAQ,5770,413138,2408441980,23195400000,4020000,2022-09-30
425290,삼성스팩6호,KOSDAQ,KOSDAQ,3510,1319973,4733308565,19375200000,5520000,2022-09-30
018260,삼성에스디에스,KOSPI,KOSPI,115000,204309,23652704000,8898447000000,77377800,2022-09-30
028050,삼성엔지니어링,KOSPI,KOSPI,22750,1700439,38558278950,4459000000000,196000000,2022-09-30
009150,삼성전기,KOSPI,KOSPI,112000,802552,89305777000,8365693952000,74693696,2022-09-30
009155,삼성전기우,KOSPI,KOSPI,59300,8682,516527500,172384151200,2906984,2022-09-30
005930,삼성전자,KOSPI,KOSPI,53100,22503249,1187343660500,316995453405000,5969782550,2022-09-30
005935,삼성전자우,KOSPI,KOSPI,46900,1933302,90946954050,38593386230000,822886700,2022-09-30
001360,삼성제약,KOSPI,KOSPI,2860,132213,380219495,192083545940,67162079,2022-09-30
010140,삼성중공업,KOSPI,KOSPI,5310,3349923,17857390550,4672800000000,880000000,2022-09-30
010145,삼성중공우,KOSPI,KOSPI,199000,1646,342531000,22854155000,114845,2022-09-30
016360,삼성증권,KOSPI,KOSPI,30750,304468,9406237800,2745975000000,89300000,2022-09-30
068290,삼성출판사,KOSPI,KOSPI,20800,34374,710815050,208000000000,10000000,2022-09-30
029780,삼성카드,KOSPI,KOSPI,30200,72889,2210451800,3498938508200,115858891,2022-09-30
000810,삼성화재,KOSPI,KOSPI,184000,180981,33616288030,8716970008000,47374837,2022-09-30
000815,삼성화재우,KOSPI,KOSPI,154500,5717,883048500,493164000000,3192000,2022-09-30
006110,삼아알미늄,KOSPI,KOSPI,22300,94630,2049899650,245300000000,11000000,2022-09-30
009300,삼아제약,KOSDAQ,KOSDAQ,14750,4914,70719150,93957500000,6370000,2022-09-30
145990,삼양사,KOSPI,KOSPI,36700,39791,1451752450,378503578300,10313449,2022-09-30
145995,삼양사우,KOSPI,KOSPI,30400,51,1551750,11250128000,370070,2022-09-30
003230,삼양식품,KOSPI,KOSPI,106000,85294,9069211000,798499590000,7533015,2022-09-30
225190,삼양옵틱스,KOSDAQ,KOSDAQ,11650,15737,183311250,118243865200,10149688,2022-09-30
002170,삼양통상,KOSPI,KOSPI,47350,739,34753800,142050000000,3000000,2022-09-30
272550,삼양패키징,KOSPI,KOSPI,16800,7251,121644300,265249672800,15788671,2022-09-30
000070,삼양홀딩스,KOSPI,KOSPI,62400,32363,2058752500,534410510400,8564271,2022-09-30
000075,삼양홀딩스우,KOSPI,KOSPI,58900,24,1412300,17909016200,304058,2022-09-30
002810,삼영무역,KOSPI,KOSPI,12550,9651,120488300,231760197400,18466948,2022-09-30
361670,삼영에스앤씨,KOSDAQ,KOSDAQ,6300,51870,328814940,35706245400,5667658,2022-09-30
054540,삼영엠텍,KOSDAQ,KOSDAQ,4100,77669,312902255,53300000000,13000000,2022-09-30
065570,삼영이엔씨,KOSDAQ,KOSDAQ,7550,55733,421812810,81494775500,10794010,2022-09-30
005680,삼영전자,KOSPI,KOSPI,9390,30181,281945420,187800000000,20000000,2022-09-30
003720,삼영화학,KOSPI,KOSPI,2405,197442,472338290,81770000000,34000000,2022-09-30
023000,삼원강재,KOSPI,KOSPI,2390,78514,194985345,95600000000,40000000,2022-09-30
004380,삼익THK,KOSPI,KOSPI,11650,40836,471775150,244650000000,21000000,2022-09-30
002450,삼익악기,KOSPI,KOSPI,1180,237267,280071320,106826479700,90530915,2022-09-30
032280,삼일,KOSDAQ,KOSDAQ,1870,65585,119893675,30319413300,16213590,2022-09-30
002290,삼일기업공사,KOSDAQ,KOSDAQ,3495,160920,555941460,43338000000,12400000,2022-09-30
004440,삼일씨엔에스,KOSPI,KOSPI,6500,106018,695659090,82757655500,12731947,2022-09-30
000520,삼일제약,KOSPI,KOSPI,8130,145335,1171173510,111394373850,13701645,2022-09-30
009770,삼정펄프,KOSPI,KOSPI,24950,3616,90200050,62374276450,2499971,2022-09-30
037460,삼지전자,KOSDAQ,KOSDAQ,8000,53416,422318250,130548176000,16318522,2022-09-30
032750,삼진,KOSDAQ,KOSDAQ,6080,30075,182694530,43776000000,7200000,2022-09-30
054090,삼진엘앤디,KOSDAQ,KOSDAQ,2320,288922,658874435,57905418240,24959232,2022-09-30
005500,삼진제약,KOSPI,KOSPI,26300,318576,8491176300,365570000000,13900000,2022-09-30
000250,삼천당제약,KOSDAQ,KOSDAQ,31450,169345,5354161100,716054889450,22768041,2022-09-30
004690,삼천리,KOSPI,KOSPI,267500,26876,7309173500,1084719187500,4055025,2022-09-30
024950,삼천리자전거,KOSDAQ,KOSDAQ,6730,30493,202347910,89331173210,13273577,2022-09-30
038500,삼표시멘트,KOSDAQ,KOSDAQ,3335,180814,593654005,359900880510,107916306,2022-09-30
017480,삼현철강,KOSDAQ,KOSDAQ,4855,24855,118736440,76237530950,15702890,2022-09-30
010960,삼호개발,KOSPI,KOSPI,4000,544768,2248985480,100000000000,25000000,2022-09-30
046390,삼화네트웍스,KOSDAQ,KOSDAQ,2575,528600,1335391320,111170302475,43172933,2022-09-30
004450,삼화왕관,KOSPI,KOSPI,33300,2128,70312950,71740820700,2154379,2022-09-30
009470,삼화전기,KOSPI,KOSPI,14950,23011,338179650,98876609000,6613820,2022-09-30
011230,삼화전자,KOSPI,KOSPI,2680,6058,16044520,28027279200,10457940,2022-09-30
001820,삼화콘덴서,KOSPI,KOSPI,30250,46314,1395935450,314448750000,10395000,2022-09-30
000390,삼화페인트,KOSPI,KOSPI,5780,38539,218849820,157236050820,27203469,2022-09-30
027580,상보,KOSDAQ,KOSDAQ,1415,716047,1018820360,83741509785,59181279,2022-09-30
038540,상상인,KOSDAQ,KOSDAQ,7370,118558,882776050,407769666810,55328313,2022-09-30
101000,상상인인더스트리,KOSDAQ,KOSDAQ,602,81177,48896601,43193976784,71750792,2022-09-30
415580,상상인제3호스팩,KOSDAQ,KOSDAQ,2110,3383,7108770,11204100000,5310000,2022-09-30
001290,상상인증권,KOSPI,KOSPI,880,97212,86046606,95336665600,108337120,2022-09-30
041650,상신브레이크,KOSPI,KOSPI,2600,20713,53510670,55825770000,21471450,2022-09-30
091580,상신이디피,KOSDAQ,KOSDAQ,13900,152588,2095115300,189432244100,13628219,2022-09-30
263810,상신전자,KOSDAQ,KOSDAQ,3000,80960,240244580,42734154000,14244718,2022-09-30
089980,상아프론테크,KOSDAQ,KOSDAQ,25000,103749,2553492500,399725925000,15989037,2022-09-30
042940,상지카일룸,KOSDAQ,KOSDAQ,763,5088037,3807278707,71299556657,93446339,2022-09-30
042600,새로닉스,KOSDAQ,KOSDAQ,16650,33502,556521950,206852507100,12423574,2022-09-30
075180,새론오토모티브,KOSPI,KOSPI,4850,2344,11340365,93120000000,19200000,2022-09-30
107600,새빗켐,KOSDAQ,KOSDAQ,127100,252546,32586265600,604302669500,4754545,2022-09-30
252990,샘씨엔에스,KOSDAQ,KOSDAQ,3915,96382,372466695,196352307090,50153846,2022-09-30
007540,샘표,KOSPI,KOSPI,47400,121622,5976430150,136312920000,2875800,2022-09-30
248170,샘표식품,KOSPI,KOSPI,29750,52586,1568656000,135906508500,4568286,2022-09-30
294630,서남,KOSDAQ,KOSDAQ,2380,22315,52145295,50906200800,21389160,2022-09-30
038070,서린바이오,KOSDAQ,KOSDAQ,11600,108789,1269267400,98607841600,8500676,2022-09-30
006730,서부T&D,KOSDAQ,KOSDAQ,6850,190305,1297081080,413737979250,60399705,2022-09-30
079650,서산,KOSDAQ,KOSDAQ,1710,25262,42028315,34200000000,20000000,2022-09-30
100660,서암기계공업,KOSDAQ,KOSDAQ,5000,214566,1051319555,63000000000,12600000,2022-09-30
007860,서연,KOSPI,KOSPI,5060,125858,633176965,118808010640,23479844,2022-09-30
200880,서연이화,KOSPI,KOSPI,7140,194643,1397237560,192983040180,27028437,2022-09-30
019770,서연탑메탈,KOSDAQ,KOSDAQ,4255,191650,793104550,49570750000,11650000,2022-09-30
017390,서울가스,KOSPI,KOSPI,293500,9794,2878895000,1467500000000,5000000,2022-09-30
043710,서울리거,KOSDAQ,KOSDAQ,854,3797586,3456247094,33447903202,39166163,2022-09-30
092190,서울바이오시스,KOSDAQ,KOSDAQ,5380,87198,470756680,205643253140,38223653,2022-09-30
046890,서울반도체,KOSDAQ,KOSDAQ,10150,362692,3614186690,591799810000,58305400,2022-09-30
004410,서울식품,KOSPI,KOSPI,212,1565169,326889989,79448178508,374755559,2022-09-30
004415,서울식품우,KOSPI,KOSPI,2970,3010,9175030,6606765000,2224500,2022-09-30
063170,서울옥션,KOSDAQ,KOSDAQ,18200,211188,3819908150,323491659400,17774267,2022-09-30
027040,서울전자통신,KOSDAQ,KOSDAQ,600,703110,415470964,41753308200,69588847,2022-09-30
018680,서울제약,KOSDAQ,KOSDAQ,4040,9112,36198530,34439072920,8524523,2022-09-30
021050,서원,KOSPI,KOSPI,1190,155188,182282125,56494762100,47474590,2022-09-30
093920,서원인텍,KOSDAQ,KOSDAQ,5520,22695,124295700,102672000000,18600000,2022-09-30
189860,서전기전,KOSDAQ,KOSDAQ,6700,56653,375318890,64981826000,9698780,2022-09-30
178320,서진시스템,KOSDAQ,KOSDAQ,15600,1067583,16684468550,586258015200,37580642,2022-09-30
122690,서진오토모티브,KOSDAQ,KOSDAQ,2785,61095,166562550,58599870110,21041246,2022-09-30
140070,서플러스글로벌,KOSDAQ,KOSDAQ,2540,127680,315678170,93949520000,36988000,2022-09-30
011370,서한,KOSDAQ,KOSDAQ,1035,485838,501309945,104426185275,100894865,2022-09-30
065710,서호전기,KOSDAQ,KOSDAQ,17000,3712,63225650,87550000000,5150000,2022-09-30
008490,서흥,KOSPI,KOSPI,31950,9534,306526550,369633160350,11569113,2022-09-30
035890,서희건설,KOSDAQ,KOSDAQ,1170,424918,495159780,268875894690,229808457,2022-09-30
357550,석경에이티,KOSDAQ,KOSDAQ,21900,75677,1627326750,119464500000,5455000,2022-09-30
003100,선광,KOSDAQ,KOSDAQ,101800,18185,1853679300,671880000000,6600000,2022-09-30
007610,선도전기,KOSPI,KOSPI,3000,0,0,54000000000,18000000,2022-09-30
067370,선바이오,KONEX,KONEX,13500,5807,78923450,157718016000,11682816,2022-09-30
171090,선익시스템,KOSDAQ,KOSDAQ,19900,236089,4606854650,183262602400,9209176,2022-09-30
136490,선진,KOSPI,KOSPI,8240,127785,1056627420,195943936960,23779604,2022-09-30
086710,선진뷰티사이언스,KOSDAQ,KOSDAQ,5130,16779,84508095,62602826400,12203280,2022-09-30
014620,성광벤드,KOSDAQ,KOSDAQ,14650,1156667,16923595450,418990000000,28600000,2022-09-30
037350,성도이엔지,KOSDAQ,KOSDAQ,4565,81651,362542920,70620550000,15470000,2022-09-30
014910,성문전자,KOSPI,KOSPI,1570,49474,76374755,30594365490,19486857,2022-09-30
014915,성문전자우,KOSPI,KOSPI,7770,1120,8722500,4662000000,600000,2022-09-30
003080,성보화학,KOSPI,KOSPI,2970,41527,123426200,59459400000,20020000,2022-09-30
004980,성신양회,KOSPI,KOSPI,7790,60832,468640890,190980208670,24516073,2022-09-30
004985,성신양회우,KOSPI,KOSPI,11250,20285,234572650,8276006250,735645,2022-09-30
011300,성안,KOSPI,KOSPI,1005,601696,600639911,57142149300,56857860,2022-09-30
081580,성우전자,KOSDAQ,KOSDAQ,2635,47759,124121095,40863956805,15508143,2022-09-30
045300,성우테크론,KOSDAQ,KOSDAQ,3960,44178,172003315,38694320280,9771293,2022-09-30
015750,성우하이텍,KOSDAQ,KOSDAQ,4240,491098,2093271065,339200000000,80000000,2022-09-30
365340,성일하이텍,KOSDAQ,KOSDAQ,128200,309214,39871588100,1488869801800,11613649,2022-09-30
000180,성창기업지주,KOSPI,KOSPI,1850,99791,179163290,129040460000,69751600,2022-09-30
080470,성창오토텍,KOSDAQ,KOSDAQ,6400,21311,134503720,46720000000,7300000,2022-09-30
043260,성호전자,KOSDAQ,KOSDAQ,1405,1586180,2252944540,75034564520,53405384,2022-09-30
148150,세경하이테크,KOSDAQ,KOSDAQ,15050,362872,5100866900,177353429050,11784281,2022-09-30
002420,세기상사,KOSPI,KOSPI,7670,10281,78146370,40598445160,5293148,2022-09-30
053060,세동,KOSDAQ,KOSDAQ,1155,103326,117325675,20165153085,17459007,2022-09-30
340440,세림B&G,KOSDAQ,KOSDAQ,2560,566359,1444363495,72648611840,28378364,2022-09-30
017510,세명전기,KOSDAQ,KOSDAQ,2970,44016,127973340,45280620000,15246000,2022-09-30
004360,세방,KOSPI,KOSPI,15000,107010,1589556950,289630350000,19308690,2022-09-30
004365,세방우,KOSPI,KOSPI,7250,517,3779250,26747062500,3689250,2022-09-30
004490,세방전지,KOSPI,KOSPI,39900,35225,1400813850,558600000000,14000000,2022-09-30
011560,세보엠이씨,KOSDAQ,KOSDAQ,7210,73970,515146440,75921300000,10530000,2022-09-30
396300,세아메카닉스,KOSDAQ,KOSDAQ,5700,419102,2389825780,150990150000,26489500,2022-09-30
001430,세아베스틸지주,KOSPI,KOSPI,16250,348109,5655792350,582759433750,35862119,2022-09-30
306200,세아제강,KOSPI,KOSPI,148000,28127,4194198000,419772400000,2836300,2022-09-30
003030,세아제강지주,KOSPI,KOSPI,150500,32428,4890673500,623319378500,4141657,2022-09-30
019440,세아특수강,KOSPI,KOSPI,17500,95016,1639810000,149975000000,8570000,2022-09-30
058650,세아홀딩스,KOSPI,KOSPI,92700,1196,111571800,370800000000,4000000,2022-09-30
013000,세우글로벌,KOSPI,KOSPI,1290,75759,97336115,37029489990,28705031,2022-09-30
100700,세운메디칼,KOSDAQ,KOSDAQ,2665,51109,136759045,116727000000,43800000,2022-09-30
024830,세원물산,KOSDAQ,KOSDAQ,6280,0,0,52438000000,8350000,2022-09-30
091090,세원이앤씨,KOSPI,KOSPI,925,29228146,26745962316,165195618650,178589858,2022-09-30
021820,세원정공,KOSPI,KOSPI,8090,0,0,80900000000,10000000,2022-09-30
067830,세이브존I&C,KOSPI,KOSPI,2590,26045,66884020,106295918050,41040895,2022-09-30
033530,세종공업,KOSPI,KOSPI,4550,90175,401506700,126585372550,27820961,2022-09-30
258830,세종메디칼,KOSDAQ,KOSDAQ,5280,26609027,140739766685,214718829600,40666445,2022-09-30
036630,세종텔레콤,KOSDAQ,KOSDAQ,610,620051,377957545,169480531570,277836937,2022-09-30
039310,세중,KOSDAQ,KOSDAQ,2560,58864,152183345,46391467520,18121667,2022-09-30
075580,세진중공업,KOSPI,KOSPI,6210,740039,4560433580,353035121760,56849456,2022-09-30
067770,세진티에스,KOSDAQ,KOSDAQ,2930,18955,53433285,24602017490,8396593,2022-09-30
053450,세코닉스,KOSDAQ,KOSDAQ,6460,36058,226502790,95561507380,14792803,2022-09-30
222810,세토피아,KOSDAQ,KOSDAQ,1280,556283,703050740,50342593280,39330151,2022-09-30
027970,세하,KOSPI,KOSPI,1130,66468,73955035,65046186610,57562997,2022-09-30
252500,세화피앤씨,KOSDAQ,KOSDAQ,1085,667481,738251205,45012733150,41486390,2022-09-30
347000,센코,KOSDAQ,KOSDAQ,11700,3621,42136550,96539554800,8251244,2022-09-30
308170,센트랄모텍,KOSPI,KOSPI,13150,45101,583041200,113221500000,8610000,2022-09-30
012600,센트럴인사이트,KOSPI,KOSPI,2490,0,0,45159499050,18136345,2022-09-30
331920,셀레믹스,KOSDAQ,KOSDAQ,6800,50356,340403190,55516206400,8164148,2022-09-30
049180,셀루메드,KOSDAQ,KOSDAQ,3980,79804,313388870,160092208540,40224173,2022-09-30
299660,셀리드,KOSDAQ,KOSDAQ,15650,65951,1030425400,152293154800,9731192,2022-09-30
268600,셀리버리,KOSDAQ,KOSDAQ,11300,1293692,15079516100,392999671600,34778732,2022-09-30
108860,셀바스AI,KOSDAQ,KOSDAQ,5470,145813,789174160,123131122200,22510260,2022-09-30
208370,셀바스헬스케어,KOSDAQ,KOSDAQ,1920,47981,88572040,41626682880,21680564,2022-09-30
258250,셀젠텍,KONEX,KONEX,6400,2523,15571500,28768019200,4495003,2022-09-30
068270,셀트리온,KOSPI,KOSPI,175500,620054,109024378500,24708972483000,140791866,2022-09-30
068760,셀트리온제약,KOSDAQ,KOSDAQ,64100,128340,8264987900,2415654459700,37685717,2022-09-30
091990,셀트리온헬스케어,KOSDAQ,KOSDAQ,67800,721560,49078829900,10728829431600,158242322,2022-09-30
068940,셀피글로벌,KOSDAQ,KOSDAQ,1860,2033813,3693753695,68374710420,36760597,2022-09-30
060230,소니드,KOSDAQ,KOSDAQ,3700,122774,454524170,73177837800,19777794,2022-09-30
290690,소룩스,KOSDAQ,KOSDAQ,6400,15112,94049490,52843795200,8256843,2022-09-30
950200,소마젠,KOSDAQ,KOSDAQ,7240,3330883,24087266020,138841863720,19177053,2022-09-30
032680,소프트센,KOSDAQ,KOSDAQ,1380,231510,316693000,52781830140,38247703,2022-09-30
032685,소프트센우,KOSDAQ,KOSDAQ,18350,2420,44611050,2621425950,142857,2022-09-30
258790,소프트캠프,KOSDAQ,KOSDAQ,1425,74895,106131645,35612579700,24991284,2022-09-30
066910,손오공,KOSDAQ,KOSDAQ,1835,41853,76582460,49354455435,26896161,2022-09-30
043100,솔고바이오,KOSDAQ,KOSDAQ,458,185630,84461600,28523877264,62279208,2022-09-30
336370,솔루스첨단소재,KOSPI,KOSPI,29900,176492,5267025150,1049824730500,35111195,2022-09-30
33637K,솔루스첨단소재1우,KOSPI,KOSPI,8180,5837,47293340,69163691420,8455219,2022-09-30
33637L,솔루스첨단소재2우B,KOSPI,KOSPI,10050,3476,34198310,18987967500,1889350,2022-09-30
154040,솔루에타,KOSDAQ,KOSDAQ,2295,27519,63069930,31728870720,13825216,2022-09-30
248070,솔루엠,KOSPI,KOSPI,18900,125344,2371197600,945104913900,50005551,2022-09-30
035610,솔본,KOSDAQ,KOSDAQ,3085,23978,73016435,84362400745,27345997,2022-09-30
357780,솔브레인,KOSDAQ,KOSDAQ,177900,22077,3927241700,1383806891400,7778566,2022-09-30
036830,솔브레인홀딩스,KOSDAQ,KOSDAQ,21700,23616,510407300,454920015200,20964056,2022-09-30
304100,솔트룩스,KOSDAQ,KOSDAQ,6860,14600,99984260,69981123800,10201330,2022-09-30
328380,솔트웨어,KOSDAQ,KOSDAQ,1845,205992,365023720,58845865410,31894778,2022-09-30
004430,송원산업,KOSPI,KOSPI,15950,175947,2771390600,382800000000,24000000,2022-09-30
086980,쇼박스,KOSDAQ,KOSDAQ,3565,331223,1176270910,223304470000,62638000,2022-09-30
050960,수산아이앤티,KOSDAQ,KOSDAQ,9810,16401,160341840,66227310000,6751000,2022-09-30
126720,수산인더스트리,KOSPI,KOSPI,26600,103265,2699823800,380007600000,14286000,2022-09-30
017550,수산중공업,KOSPI,KOSPI,2400,806855,1902003480,129564391200,53985163,2022-09-30
253840,수젠텍,KOSDAQ,KOSDAQ,8720,424606,3781021800,141602414480,16238809,2022-09-30
185190,수프로,KONEX,KONEX,1500,4,6000,13857937500,9238625,2022-09-30
236200,슈프리마,KOSDAQ,KOSDAQ,21600,19642,418040750,155374696800,7193273,2022-09-30
317770,슈프리마아이디,KOSDAQ,KOSDAQ,13250,8346,109212800,40465765000,3054020,2022-09-30
094840,슈프리마에이치큐,KOSDAQ,KOSDAQ,5170,6165,31885710,54139412800,10471840,2022-09-30
192440,슈피겐코리아,KOSDAQ,KOSDAQ,33000,19219,626365700,205139979000,6216363,2022-09-30
136510,스마트솔루션즈,KOSDAQ,KOSDAQ,11600,0,0,335276888000,28903180,2022-09-30
099440,스맥,KOSDAQ,KOSDAQ,1735,361452,617961215,57566593855,33179593,2022-09-30
053210,스카이라이프,KOSPI,KOSPI,8040,84976,690942080,384488606640,47821966,2022-09-30
033790,스카이문스테크놀로지,KOSDAQ,KOSDAQ,829,0,0,14190075900,17117100,2022-09-30
276040,스코넥,KOSDAQ,KOSDAQ,13000,278210,3586286500,160690712000,12360824,2022-09-30
159910,스킨앤스킨,KOSDAQ,KOSDAQ,178,1570016,274026226,63038833322,354150749,2022-09-30
115570,스타플렉스,KOSDAQ,KOSDAQ,4515,23120,105599430,36050053620,7984508,2022-09-30
258540,스템랩,KONEX,KONEX,2200,698,1431020,12204126000,5547330,2022-09-30
330730,스톤브릿지벤처스,KOSDAQ,KOSDAQ,4615,57339,261392995,83327655450,18055830,2022-09-30
253450,스튜디오드래곤,KOSDAQ,KOSDAQ,66500,60585,4031655000,1995943302500,30014185,2022-09-30
204630,스튜디오산타클로스,KOSDAQ,KOSDAQ,7170,49192,353366740,74028529200,10324760,2022-09-30
026890,스틱인베스트먼트,KOSPI,KOSPI,5460,339061,1852025300,227562835500,41678175,2022-09-30
013810,스페코,KOSDAQ,KOSDAQ,4890,186541,883091480,71665248300,14655470,2022-09-30
049830,승일,KOSDAQ,KOSDAQ,12000,317622,3962593900,73585344000,6132112,2022-09-30
020710,시공테크,KOSDAQ,KOSDAQ,4300,68196,290284090,86206271000,20047970,2022-09-30
033170,시그네틱스,KOSDAQ,KOSDAQ,1200,589271,696645830,102873982800,85728319,2022-09-30
048870,시너지이노베이션,KOSDAQ,KOSDAQ,3140,111655,348484965,252542017160,80427394,2022-09-30
025320,시노펙스,KOSDAQ,KOSDAQ,2405,579361,1378059360,176397250250,73346050,2022-09-30
134790,시디즈,KOSPI,KOSPI,42900,10158,429776650,85800000000,2000000,2022-09-30
269620,시스웍,KOSDAQ,KOSDAQ,889,0,0,96529874504,108582536,2022-09-30
131090,시큐브,KOSDAQ,KOSDAQ,993,74150,74267212,43692000000,44000000,2022-09-30
232830,시큐센,KONEX,KONEX,4060,3072,12414490,38606669920,9509032,2022-09-30
139050,시티랩스,KOSDAQ,KOSDAQ,640,1672866,1146554351,67903057280,106098527,2022-09-30
016590,신대양제지,KOSPI,KOSPI,82000,1575,128840200,330442124000,4029782,2022-09-30
290520,신도기연,KOSDAQ,KOSDAQ,3370,20508,68216070,53681949940,15929362,2022-09-30
029530,신도리코,KOSPI,KOSPI,31700,15468,490033200,319536919300,10080029,2022-09-30
004970,신라교역,KOSPI,KOSPI,10800,5654,60342050,172800000000,16000000,2022-09-30
001000,신라섬유,KOSDAQ,KOSDAQ,2005,892463,1839629880,48676467700,24277540,2022-09-30
025870,신라에스지,KOSDAQ,KOSDAQ,8380,7168,59813270,33520000000,4000000,2022-09-30
215600,신라젠,KOSDAQ,KOSDAQ,12100,0,0,1244692212500,102867125,2022-09-30
065350,신성델타테크,KOSDAQ,KOSDAQ,8950,111174,972769950,245981334600,27483948,2022-09-30
011930,신성이엔지,KOSPI,KOSPI,1890,1842257,3463761170,389053005390,205848151,2022-09-30
005390,신성통상,KOSPI,KOSPI,2255,817109,1845380525,324062419450,143708390,2022-09-30
004170,신세계,KOSPI,KOSPI,231000,35301,8208229000,2274236811000,9845181,2022-09-30
035510,신세계 I&C,KOSPI,KOSPI,12150,57996,699146750,208980000000,17200000,2022-09-30
034300,신세계건설,KOSPI,KOSPI,19100,4598,85546150,76400000000,4000000,2022-09-30
031430,신세계인터내셔날,KOSPI,KOSPI,27050,78050,2139204650,965685000000,35700000,2022-09-30
031440,신세계푸드,KOSPI,KOSPI,50000,8839,442337250,193624000000,3872480,2022-09-30
006880,신송홀딩스,KOSPI,KOSPI,8320,570478,4934033920,98416098560,11828858,2022-09-30
002800,신신제약,KOSDAQ,KOSDAQ,4485,13188,57335710,68039692500,15170500,2022-09-30
344050,신영스팩6호,KOSDAQ,KOSDAQ,2285,0,0,9836925000,4305000,2022-09-30
419270,신영스팩7호,KOSDAQ,KOSDAQ,2145,4308,9185830,9234225000,4305000,2022-09-30
430220,신영스팩8호,KOSDAQ,KOSDAQ,2120,24826,52468405,14331200000,6760000,2022-09-30
005800,신영와코루,KOSPI,KOSPI,11100,2579,28969150,99900000000,9000000,2022-09-30
001720,신영증권,KOSPI,KOSPI,54500,3116,168338900,511549916500,9386237,2022-09-30
001725,신영증권우,KOSPI,KOSPI,54600,682,36889500,385135459800,7053763,2022-09-30
009270,신원,KOSPI,KOSPI,1475,580033,853643460,151314875100,102586356,2022-09-30
017000,신원종합개발,KOSDAQ,KOSDAQ,4925,125069,602683210,57465032975,11668027,2022-09-30
002700,신일전자,KOSPI,KOSPI,1715,1169649,1976592380,121846498515,71047521,2022-09-30
012790,신일제약,KOSDAQ,KOSDAQ,7980,17516,138946710,92100882720,11541464,2022-09-30
138070,신진에스엠,KOSDAQ,KOSDAQ,2605,184888,478266215,45595846420,17503204,2022-09-30
226330,신테카바이오,KOSDAQ,KOSDAQ,7780,51195,394588660,105167830480,13517716,2022-09-30
019170,신풍제약,KOSPI,KOSPI,19900,498147,10106952500,1054401301000,52984990,2022-09-30
019175,신풍제약우,KOSPI,KOSPI,31400,3000,95354550,69080000000,2200000,2022-09-30
002870,신풍제지,KOSPI,KOSPI,1230,76312,93814980,42999201000,34958700,2022-09-30
404990,신한서부티엔디리츠,KOSPI,KOSPI,4320,21037,91240390,241729418880,55955884,2022-09-30
293940,신한알파리츠,KOSPI,KOSPI,7620,196782,1484959290,562585537260,73830123,2022-09-30
418210,신한제10호스팩,KOSDAQ,KOSDAQ,2120,25124,53249840,7759200000,3660000,2022-09-30
333050,신한제6호스팩,KOSDAQ,KOSDAQ,2035,337840,687138920,10195350000,5010000,2022-09-30
366330,신한제7호스팩,KOSDAQ,KOSDAQ,2085,60434,127061760,9486750000,4550000,2022-09-30
393360,신한제8호스팩,KOSDAQ,KOSDAQ,2150,12998,27662740,15802500000,7350000,2022-09-30
405640,신한제9호스팩,KOSDAQ,KOSDAQ,2125,17823,37696885,9636875000,4535000,2022-09-30
055550,신한지주,KOSPI,KOSPI,33500,1565312,52879709500,17183293388500,512934131,2022-09-30
056700,신화인터텍,KOSDAQ,KOSDAQ,3210,754557,2432650140,93523642110,29135091,2022-09-30
187270,신화콘텍,KOSDAQ,KOSDAQ,4010,106485,426903540,40676818450,10143845,2022-09-30
004080,신흥,KOSPI,KOSPI,14900,793,11950950,141550000000,9500000,2022-09-30
243840,신흥에스이씨,KOSDAQ,KOSDAQ,41850,35840,1485372600,324891133650,7763229,2022-09-30
257720,실리콘투,KOSDAQ,KOSDAQ,1910,283921,539685525,114938516940,60177234,2022-09-30
222800,심텍,KOSDAQ,KOSDAQ,29500,431410,12650409300,939697218500,31854143,2022-09-30
036710,심텍홀딩스,KOSDAQ,KOSDAQ,2870,118747,341679820,138764916150,48350145,2022-09-30
160980,싸이맥스,KOSDAQ,KOSDAQ,11700,51031,584469850,127813643100,10924243,2022-09-30
356890,싸이버원,KOSDAQ,KOSDAQ,8220,15482,127626160,38993460600,4743730,2022-09-30
217330,싸이토젠,KOSDAQ,KOSDAQ,20800,18705,383860000,123960948800,5959661,2022-09-30
102280,쌍방울,KOSPI,KOSPI,394,4126875,1638940398,103461298826,262592129,2022-09-30
003410,쌍용C&E,KOSPI,KOSPI,5870,1307890,7716796400,2957655822650,503859595,2022-09-30
010280,쌍용정보통신,KOSDAQ,KOSDAQ,771,172246,133019514,49316270214,63964034,2022-09-30
003620,쌍용차,KOSPI,KOSPI,2770,0,0,415056805540,149840002,2022-09-30
004770,써니전자,KOSPI,KOSPI,2150,361988,772841450,74916773650,34845011,2022-09-30
217320,썬테크,KONEX,KONEX,6650,0,0,6982500000,1050000,2022-09-30
208640,썸에이지,KOSDAQ,KOSDAQ,1015,1151888,1142485652,141328857810,139240254,2022-09-30
222420,쎄노텍,KOSDAQ,KOSDAQ,1560,210757,323276620,66716296920,42766857,2022-09-30
037760,쎄니트,KOSDAQ,KOSDAQ,1650,176487,287562990,55824319650,33832921,2022-09-30
099320,쎄트렉아이,KOSDAQ,KOSDAQ,23950,36932,865315150,217600287650,9085607,2022-09-30
015540,쎌마테라퓨틱스,KOSPI,KOSPI,6410,0,0,157390672070,24553927,2022-09-30
049960,쎌바이오텍,KOSDAQ,KOSDAQ,11100,11434,125721050,104340000000,9400000,2022-09-30
403550,쏘카,KOSPI,KOSPI,16000,429439,7039626900,523610432000,32725652,2022-09-30
050890,쏠리드,KOSDAQ,KOSDAQ,4090,315265,1287653630,250396507600,61221640,2022-09-30
066790,씨씨에스,KOSDAQ,KOSDAQ,444,77826,34115195,24875124864,56025056,2022-09-30
222080,씨아이에스,KOSDAQ,KOSDAQ,10950,1260188,13917596900,676462497150,61777397,2022-09-30
004920,씨아이테크,KOSPI,KOSPI,816,264212,213090623,35585811408,43610063,2022-09-30
236030,씨알푸드,KONEX,KONEX,6780,1,6780,13424400000,1980000,2022-09-30
103660,씨앗,KONEX,KONEX,5950,0,0,35803952450,6017471,2022-09-30
352480,씨앤씨인터내셔널,KOSDAQ,KOSDAQ,21450,24409,512210800,214799034450,10013941,2022-09-30
245450,씨앤에스링크,KONEX,KONEX,1895,11,20845,2994024200,1579960,2022-09-30
264660,씨앤지하이테크,KOSDAQ,KOSDAQ,10550,3563,37290700,89533018100,8486542,2022-09-30
352700,씨앤투스성진,KOSDAQ,KOSDAQ,4015,146801,586050095,113531749485,28276899,2022-09-30
297090,씨에스베어링,KOSDAQ,KOSDAQ,8720,312785,2702318390,235440000000,27000000,2022-09-30
112610,씨에스윈드,KOSPI,KOSPI,60700,181640,11011115300,2559804162100,42171403,2022-09-30
359090,씨엔알리서치,KOSDAQ,KOSDAQ,1295,125458,151434525,70306905865,54291047,2022-09-30
286000,씨엔티드림,KONEX,KONEX,1900,463,879900,9004901800,4739422,2022-09-30
115530,씨엔플러스,KOSDAQ,KOSDAQ,564,162097,89311077,38331132000,67963000,2022-09-30
115480,씨유메디칼,KOSDAQ,KOSDAQ,1025,352980,354394567,46273138125,45144525,2022-09-30
376290,씨유테크,KOSDAQ,KOSDAQ,4070,25458,101177155,71866025000,17657500,2022-09-30
189330,씨이랩,KOSDAQ,KOSDAQ,11000,21445,226304350,66300124000,6027284,2022-09-30
096530,씨젠,KOSDAQ,KOSDAQ,26800,361912,9718173250,1399656639200,52225994,2022-09-30
900120,씨케이에이치,KOSDAQ,KOSDAQ,209,1772731,390414548,33628183182,160900398,2022-09-30
101240,씨큐브,KOSDAQ,KOSDAQ,6340,3825,24047500,64276086560,10138184,2022-09-30
060590,씨티씨바이오,KOSDAQ,KOSDAQ,6900,129008,888897080,166849038000,24181020,2022-09-30
260930,씨티케이,KOSDAQ,KOSDAQ,6530,20973,135340830,126300589230,19341591,2022-09-30
013990,아가방컴퍼니,KOSDAQ,KOSDAQ,3000,1208416,3666684950,98662608000,32887536,2022-09-30
123860,아나패스,KOSDAQ,KOSDAQ,24300,18688,453313750,284306500800,11699856,2022-09-30
025980,아난티,KOSDAQ,KOSDAQ,5610,484734,2698053760,484866134610,86428901,2022-09-30
008700,아남전자,KOSPI,KOSPI,1755,657853,1160622125,135354059100,77124820,2022-09-30
058220,아리온,KOSDAQ,KOSDAQ,275,0,0,10717917100,38974244,2022-09-30
125210,아모그린텍,KOSDAQ,KOSDAQ,14750,417994,6081728750,243327652500,16496790,2022-09-30
002790,아모레G,KOSPI,KOSPI,26850,300096,8146183050,2214002133000,82458180,2022-09-30
00279K,아모레G3우(전환),KOSPI,KOSPI,23200,5136,118534450,164539040000,7092200,2022-09-30
002795,아모레G우,KOSPI,KOSPI,12150,19587,239665400,78291805500,6443770,2022-09-30
090430,아모레퍼시픽,KOSPI,KOSPI,102000,248288,25641721500,5966261418000,58492759,2022-09-30
090435,아모레퍼시픽우,KOSPI,KOSPI,42000,10574,444808750,443428860000,10557830,2022-09-30
357580,아모센스,KOSDAQ,KOSDAQ,12250,52465,642194200,137200931000,11200076,2022-09-30
052710,아모텍,KOSDAQ,KOSDAQ,20150,30254,593856900,196329630900,9743406,2022-09-30
074430,아미노로직스,KOSDAQ,KOSDAQ,1850,578449,1066043525,162479661400,87826844,2022-09-30
092040,아미코젠,KOSDAQ,KOSDAQ,20300,91859,1839645150,401020572400,19754708,2022-09-30
083930,아바코,KOSDAQ,KOSDAQ,10850,65365,704801850,167228858300,15412798,2022-09-30
149950,아바텍,KOSDAQ,KOSDAQ,15800,106152,1675548700,246598500000,15607500,2022-09-30
036010,아비코전자,KOSDAQ,KOSDAQ,8770,219179,1913958070,116579031180,13292934,2022-09-30
002030,아세아,KOSPI,KOSPI,102000,3691,368095600,223484448000,2191024,2022-09-30
183190,아세아시멘트,KOSPI,KOSPI,9180,139383,1265995660,357635266200,38958090,2022-09-30
002310,아세아제지,KOSPI,KOSPI,32700,17713,570631650,292877615400,8956502,2022-09-30
050860,아세아텍,KOSDAQ,KOSDAQ,2590,530854,1334822660,58275000000,22500000,2022-09-30
012170,아센디오,KOSPI,KOSPI,888,107336,96041911,71492166048,80509196,2022-09-30
136410,아셈스,KOSDAQ,KOSDAQ,10350,121133,1265092950,114047747100,11019106,2022-09-30
246720,아스타,KOSDAQ,KOSDAQ,3685,14110,50198560,46669710615,12664779,2022-09-30
067390,아스트,KOSDAQ,KOSDAQ,4000,72252,285828750,102851540000,25712885,2022-09-30
159010,아스플로,KOSDAQ,KOSDAQ,7290,83904,606377180,97210247310,13334739,2022-09-30
127710,아시아경제,KOSDAQ,KOSDAQ,1550,422987,661139785,54101327100,34904082,2022-09-30
267850,아시아나IDT,KOSPI,KOSPI,11700,49030,569564000,129870000000,11100000,2022-09-30
020560,아시아나항공,KOSPI,KOSPI,12050,270773,3251751700,896661756200,74411764,2022-09-30
154030,아시아종묘,KOSDAQ,KOSDAQ,3325,36092,119020535,36976789675,11120839,2022-09-30
227610,아우딘퓨쳐스,KOSDAQ,KOSDAQ,2195,232284,510801565,51799076260,23598668,2022-09-30
143160,아이디스,KOSDAQ,KOSDAQ,19750,11401,224007700,211648702500,10716390,2022-09-30
054800,아이디스홀딩스,KOSDAQ,KOSDAQ,12200,1226,14571700,126242623200,10347756,2022-09-30
332370,아이디피,KOSDAQ,KOSDAQ,3810,168508,625598390,50572896060,13273726,2022-09-30
122900,아이마켓코리아,KOSPI,KOSPI,10400,70155,726431000,347659936000,33428840,2022-09-30
339950,아이비김영,KOSDAQ,KOSDAQ,1825,128393,232010720,82027645375,44946655,2022-09-30
099190,아이센스,KOSDAQ,KOSDAQ,32250,37584,1205916800,443558050500,13753738,2022-09-30
289010,아이스크림에듀,KOSDAQ,KOSDAQ,3905,42180,162732510,50234064485,12864037,2022-09-30
214430,아이쓰리시스템,KOSDAQ,KOSDAQ,16500,10924,176952750,117261540000,7106760,2022-09-30
040910,아이씨디,KOSDAQ,KOSDAQ,7500,18245,136837670,135490597500,18065413,2022-09-30
368600,아이씨에이치,KOSDAQ,KOSDAQ,20900,250547,5051020950,118393379500,5664755,2022-09-30
052860,아이앤씨,KOSDAQ,KOSDAQ,2505,38423,95398900,44746449270,17862854,2022-09-30
010780,아이에스동서,KOSPI,KOSPI,30600,115641,3555045250,945313743600,30892606,2022-09-30
069920,아이에스이커머스,KOSDAQ,KOSDAQ,6580,95151,622127800,169937461960,25826362,2022-09-30
038880,아이에이,KOSDAQ,KOSDAQ,703,1186491,823628437,207222712450,294769150,2022-09-30
307180,아이엘사이언스,KOSDAQ,KOSDAQ,3055,125051,385646460,71954353900,23552980,2022-09-30
101390,아이엠,KOSDAQ,KOSDAQ,5980,13460,79458370,48458750600,8103470,2022-09-30
078860,아이오케이,KOSDAQ,KOSDAQ,484,328278,156101623,46525212448,96126472,2022-09-30
090150,아이윈,KOSDAQ,KOSDAQ,1475,262989,389205295,61044827900,41386324,2022-09-30
123010,아이윈플러스,KOSDAQ,KOSDAQ,595,1528916,918256563,91556785845,153876951,2022-09-30
031310,아이즈비전,KOSDAQ,KOSDAQ,2405,87820,211331480,39537954690,16439898,2022-09-30
185490,아이진,KOSDAQ,KOSDAQ,6710,46405,309972650,144119661400,21478340,2022-09-30
059100,아이컴포넌트,KOSDAQ,KOSDAQ,6190,5595,34528190,43768623400,7070860,2022-09-30
149010,아이케이세미콘,KONEX,KONEX,8100,1155,8991550,25272000000,3120000,2022-09-30
262840,아이퀘스트,KOSDAQ,KOSDAQ,6630,10181,66482480,65371800000,9860000,2022-09-30
175250,아이큐어,KOSDAQ,KOSDAQ,5420,142075,772864010,102988980940,19001657,2022-09-30
052460,아이크래프트,KOSDAQ,KOSDAQ,2430,54663,131653520,35497284480,14607936,2022-09-30
119830,아이텍,KOSDAQ,KOSDAQ,6200,394026,2424660000,120673904600,19463533,2022-09-30
052770,아이톡시,KOSDAQ,KOSDAQ,2085,0,0,41353750305,19833933,2022-09-30
124500,아이티센,KOSDAQ,KOSDAQ,3530,43307,152208450,70272885490,19907333,2022-09-30
372800,아이티아이즈,KOSDAQ,KOSDAQ,7790,55118,431401420,46560752100,5976990,2022-09-30
084850,아이티엠반도체,KOSDAQ,KOSDAQ,30050,23945,712193400,681471916700,22677934,2022-09-30
114840,아이패밀리에스씨,KOSDAQ,KOSDAQ,10350,101862,1062639800,87991021800,8501548,2022-09-30
027360,아주IB투자,KOSDAQ,KOSDAQ,2300,206977,469346650,277892798800,120822956,2022-09-30
139990,아주스틸,KOSPI,KOSPI,9360,37388,349912930,247592489040,26452189,2022-09-30
032080,아즈텍WB,KOSDAQ,KOSDAQ,1820,101947,180785580,39113672780,21491029,2022-09-30
013310,아진산업,KOSDAQ,KOSDAQ,2595,449201,1160513185,100703080290,38806582,2022-09-30
059120,아진엑스텍,KOSDAQ,KOSDAQ,9080,120921,1094088030,88517251680,9748596,2022-09-30
158430,아톤,KOSDAQ,KOSDAQ,26750,27331,736701000,116458184750,4353577,2022-09-30
149300,아퓨어스,KONEX,KONEX,1400,5400,7261345,50886691800,36347637,2022-09-30
067160,아프리카TV,KOSDAQ,KOSDAQ,63600,169037,10731695100,731067181200,11494767,2022-09-30
001540,안국약품,KOSDAQ,KOSDAQ,7390,14799,108975000,96383483800,13042420,2022-09-30
053800,안랩,KOSDAQ,KOSDAQ,61600,65379,4039722900,616853468000,10013855,2022-09-30
251280,안지오랩,KONEX,KONEX,8880,129,1096550,24081672000,2711900,2022-09-30
065660,안트로젠,KOSDAQ,KOSDAQ,14400,29746,428305100,140131771200,9731373,2022-09-30
297570,알로이스,KOSDAQ,KOSDAQ,1365,150415,200163825,47257962570,34621218,2022-09-30
001780,알루코,KOSPI,KOSPI,2320,334990,771529575,208729082240,89969432,2022-09-30
260660,알리코제약,KOSDAQ,KOSDAQ,5240,33500,172824050,80313590040,15327021,2022-09-30
361570,알비더블유,KOSDAQ,KOSDAQ,15000,23430,349578750,144272895000,9618193,2022-09-30
131370,알서포트,KOSDAQ,KOSDAQ,3980,114311,451385950,212002990340,53267083,2022-09-30
140670,알에스오토메이션,KOSDAQ,KOSDAQ,11750,180066,2123538150,109311895000,9303140,2022-09-30
096610,알에프세미,KOSDAQ,KOSDAQ,2715,106756,288833520,29522399580,10873812,2022-09-30
061040,알에프텍,KOSDAQ,KOSDAQ,4280,127405,537957510,137342028520,32089259,2022-09-30
148250,알엔투테크놀로지,KOSDAQ,KOSDAQ,8140,70288,573934240,62242420460,7646489,2022-09-30
347860,알체라,KOSDAQ,KOSDAQ,9670,38573,368602760,134905628480,13950944,2022-09-30
196170,알테오젠,KOSDAQ,KOSDAQ,45350,611564,28547451000,1947042614750,42933685,2022-09-30
123750,알톤스포츠,KOSDAQ,KOSDAQ,3100,288612,881472385,39513520700,12746297,2022-09-30
085810,알티캐스트,KOSDAQ,KOSDAQ,1470,109860,157763215,43638080430,29685769,2022-09-30
117670,알파홀딩스,KOSDAQ,KOSDAQ,1145,156119,177604725,30820692075,26917635,2022-09-30
314140,알피바이오,KOSDAQ,KOSDAQ,15750,2196187,36564279750,123227086500,7823942,2022-09-30
291650,압타머사이언스,KOSDAQ,KOSDAQ,8000,49465,395965640,67921008000,8490126,2022-09-30
293780,압타바이오,KOSDAQ,KOSDAQ,13300,193555,2577641600,296574917800,22298866,2022-09-30
267810,앙츠,KONEX,KONEX,1495,1,1495,2671565000,1787000,2022-09-30
018250,애경산업,KOSPI,KOSPI,11700,18673,217745750,308996239500,26409935,2022-09-30
161000,애경케미칼,KOSPI,KOSPI,9490,228000,2160352490,461676248410,48648709,2022-09-30
196300,애니젠,KOSDAQ,KOSDAQ,8260,7305,61315820,46277112560,5602556,2022-09-30
310200,애니플러스,KOSDAQ,KOSDAQ,2420,61471,148173245,84068133160,34738898,2022-09-30
179530,애드바이오텍,KOSDAQ,KOSDAQ,3385,89863,310472310,30940402940,9140444,2022-09-30
900100,애머릿지,KOSDAQ,KOSDAQ,2960,3844491,11404958335,95186105280,32157468,2022-09-30
205500,액션스퀘어,KOSDAQ,KOSDAQ,3910,105262,405640895,179969268860,46027946,2022-09-30
052790,액토즈소프트,KOSDAQ,KOSDAQ,6890,13154,89022180,78068095820,11330638,2022-09-30
290740,액트로,KOSDAQ,KOSDAQ,5660,39588,225052810,56967962260,10065011,2022-09-30
238090,앤디포스,KOSDAQ,KOSDAQ,4985,48980,241768895,119536825455,23979303,2022-09-30
092600,앤씨앤,KOSDAQ,KOSDAQ,1835,478349,864093455,46028253695,25083517,2022-09-30
129890,앱코,KOSDAQ,KOSDAQ,10050,90774,898455090,101793254100,10128682,2022-09-30
174900,앱클론,KOSDAQ,KOSDAQ,14800,743871,11517666100,226707421200,15318069,2022-09-30
255440,야스,KOSDAQ,KOSDAQ,6340,20746,132006470,82787720000,13058000,2022-09-30
030960,양지사,KOSDAQ,KOSDAQ,33750,2418634,86307415550,539325000000,15980000,2022-09-30
102120,어보브반도체,KOSDAQ,KOSDAQ,9860,337560,3315159320,175318224580,17780753,2022-09-30
263540,어스앤에어로스페이스,KOSDAQ,KOSDAQ,10900,0,0,84297842300,7733747,2022-09-30
238120,얼라인드,KOSDAQ,KOSDAQ,8100,10276,81031520,58234528800,7189448,2022-09-30
224810,엄지하우스,KONEX,KONEX,4995,10,49950,20979000000,4200000,2022-09-30
019990,에너토크,KOSDAQ,KOSDAQ,8220,126075,1024831340,80195043360,9756088,2022-09-30
011090,에넥스,KOSPI,KOSPI,958,309481,293700135,57471992078,59991641,2022-09-30
270660,에브리봇,KOSDAQ,KOSDAQ,14200,384629,5515843800,173117056400,12191342,2022-09-30
038680,에스넷,KOSDAQ,KOSDAQ,4485,112947,498607735,72411056055,16145163,2022-09-30
137310,에스디바이오센서,KOSPI,KOSPI,26600,227668,6126763100,2747017989800,103271353,2022-09-30
217480,에스디생명공학,KOSDAQ,KOSDAQ,2945,1203185,3473187860,66012369370,22415066,2022-09-30
121890,에스디시스템,KOSDAQ,KOSDAQ,739,0,0,8238120740,11147660,2022-09-30
097780,에스맥,KOSDAQ,KOSDAQ,2280,4149676,9117275190,129285234000,56704050,2022-09-30
042110,에스씨디,KOSDAQ,KOSDAQ,1535,115711,176006875,74185880740,48329564,2022-09-30
298060,에스씨엠생명과학,KOSDAQ,KOSDAQ,6690,47146,307124160,81086613300,12120570,2022-09-30
065420,에스아이리소스,KOSDAQ,KOSDAQ,667,684605,464262718,45406816062,68076186,2022-09-30
270210,에스알바이오텍,KONEX,KONEX,2800,10,28000,3102976800,1108206,2022-09-30
103230,에스앤더블류,KOSDAQ,KOSDAQ,2505,0,0,18036000000,7200000,2022-09-30
260970,에스앤디,KOSDAQ,KOSDAQ,17550,8178,140633250,71242821000,4059420,2022-09-30
101490,에스앤에스텍,KOSDAQ,KOSDAQ,21200,153297,3204985050,454770676400,21451447,2022-09-30
095910,에스에너지,KOSDAQ,KOSDAQ,4365,914063,3990820170,85137155595,19504503,2022-09-30
275630,에스에스알,KOSDAQ,KOSDAQ,6620,58522,382627810,39839087180,6017989,2022-09-30
031330,에스에이엠티,KOSDAQ,KOSDAQ,2640,329246,879907165,263986976880,99995067,2022-09-30
060540,에스에이티,KOSDAQ,KOSDAQ,1990,165966,322241280,52005278940,26133306,2022-09-30
351320,에스에이티이엔지,KOSDAQ,KOSDAQ,2870,15005,43578090,63185592820,22015886,2022-09-30
056190,에스에프에이,KOSDAQ,KOSDAQ,38000,150157,5693543150,1364532880000,35908760,2022-09-30
080000,에스엔유,KOSDAQ,KOSDAQ,2250,42574,91094190,77226457500,34322870,2022-09-30
086460,에스엔피제네틱스,KONEX,KONEX,10100,1,10100,22573843400,2235034,2022-09-30
005850,에스엘,KOSPI,KOSPI,32300,168081,5454447400,1500287196000,46448520,2022-09-30
214310,에스엘바이오닉스,KOSDAQ,KOSDAQ,621,606551,371534975,41243184045,66414145,2022-09-30
246250,에스엘에스바이오,KONEX,KONEX,7490,35,256280,51423366470,6865603,2022-09-30
041510,에스엠,KOSDAQ,KOSDAQ,70800,491352,34531429500,1684657750800,23794601,2022-09-30
010580,에스엠벡셀,KOSPI,KOSPI,2105,409317,845627440,234184954800,111251760,2022-09-30
299670,에스엠비나,KONEX,KONEX,2675,0,0,14578750000,5450000,2022-09-30
007820,에스엠코어,KOSDAQ,KOSDAQ,5800,106258,610430380,116196886800,20033946,2022-09-30
109610,에스와이,KOSDAQ,KOSDAQ,2890,191404,541675250,141342386000,48907400,2022-09-30
012750,에스원,KOSPI,KOSPI,57900,125946,7278378400,2200152406200,37999178,2022-09-30
306040,에스제이그룹,KOSDAQ,KOSDAQ,17600,37105,654734950,173638572800,9865828,2022-09-30
217910,에스제이켐,KONEX,KONEX,347,3,1043,4507711134,12990522,2022-09-30
224020,에스케이씨에스,KONEX,KONEX,5500,0,0,18972723000,3449586,2022-09-30
408920,에스케이증권7호스팩,KOSDAQ,KOSDAQ,2185,0,0,7909700000,3620000,2022-09-30
096630,에스코넥,KOSDAQ,KOSDAQ,868,373800,320222958,57531007884,66279963,2022-09-30
069510,에스텍,KOSDAQ,KOSDAQ,7150,13349,97559980,78006500000,10910000,2022-09-30
041910,에스텍파마,KOSDAQ,KOSDAQ,6990,24424,167607480,83168858370,11898263,2022-09-30
234300,에스트래픽,KOSDAQ,KOSDAQ,3185,79521,250901350,83236573420,26133932,2022-09-30
039440,에스티아이,KOSDAQ,KOSDAQ,12500,161457,1997623350,197875000000,15830000,2022-09-30
098660,에스티오,KOSDAQ,KOSDAQ,2590,56272,139345725,32377527840,12500976,2022-09-30
052020,에스티큐브,KOSDAQ,KOSDAQ,24100,2220897,50419909650,1031246663800,42790318,2022-09-30
237690,에스티팜,KOSDAQ,KOSDAQ,82500,46695,3832687000,1551723937500,18808775,2022-09-30
050760,에스폴리텍,KOSDAQ,KOSDAQ,2425,108489,265181040,39611594150,16334678,2022-09-30
288620,에스퓨얼셀,KOSDAQ,KOSDAQ,18250,32272,586345500,125456267000,6874316,2022-09-30
317830,에스피시스템스,KOSDAQ,KOSDAQ,8170,294032,2429146970,71560637840,8758952,2022-09-30
058610,에스피지,KOSDAQ,KOSDAQ,17300,1708010,29831241750,383668328000,22177360,2022-09-30
043340,에쎈테크,KOSDAQ,KOSDAQ,811,104694,85260577,58392000000,72000000,2022-09-30
023960,에쓰씨엔지니어링,KOSPI,KOSPI,1580,278348,440236825,49373980900,31249355,2022-09-30
298690,에어부산,KOSPI,KOSPI,3115,916959,2878611410,201353600000,64640000,2022-09-30
187660,에이디엠코리아,KOSDAQ,KOSDAQ,2130,99450,211101060,46511212500,21836250,2022-09-30
054630,에이디칩스,KOSDAQ,KOSDAQ,251,363097,88705748,20007074711,79709461,2022-09-30
200710,에이디테크놀로지,KOSDAQ,KOSDAQ,13350,412778,5668636450,178013265450,13334327,2022-09-30
096690,에이루트,KOSDAQ,KOSDAQ,505,817221,413551199,81296893740,160983948,2022-09-30
140910,에이리츠,KOSPI,KOSPI,4620,2124,9847860,20619207840,4463032,2022-09-30
078520,에이블씨엔씨,KOSPI,KOSPI,4550,207015,951060440,123002238450,27033459,2022-09-30
298380,에이비엘바이오,KOSDAQ,KOSDAQ,20600,506922,10568008250,981755088400,47658014,2022-09-30
203400,에이비온,KOSDAQ,KOSDAQ,8140,33425,270030920,153400229180,18845237,2022-09-30
195990,에이비프로바이오,KOSDAQ,KOSDAQ,657,1336127,878627070,179814146697,273689721,2022-09-30
003800,에이스침대,KOSDAQ,KOSDAQ,34100,412,14029000,378169000000,11090000,2022-09-30
088800,에이스테크,KOSDAQ,KOSDAQ,5320,160925,850322740,239006708360,44926073,2022-09-30
241840,에이스토리,KOSDAQ,KOSDAQ,20300,132049,2648225550,193661878200,9539994,2022-09-30
312610,에이에프더블류,KOSDAQ,KOSDAQ,4650,3019105,14604326820,94194529200,20256888,2022-09-30
015260,에이엔피,KOSPI,KOSPI,1960,94155,181032960,56933725240,29047819,2022-09-30
234070,에이원알폼,KONEX,KONEX,24850,0,0,172421277700,6938482,2022-09-30
072990,에이치시티,KOSDAQ,KOSDAQ,8080,9434,75894720,57137865440,7071518,2022-09-30
227100,에이치앤비디자인,KOSDAQ,KOSDAQ,4950,69690,330837005,54513963900,11012922,2022-09-30
044990,에이치엔에스하이텍,KONEX,KONEX,12150,0,0,91259427600,7511064,2022-09-30
239610,에이치엘사이언스,KOSDAQ,KOSDAQ,21550,29447,606978650,116200078250,5392115,2022-09-30
353070,에이치엠씨제4호스팩,KOSDAQ,KOSDAQ,2070,12151,25135080,8921700000,4310000,2022-09-30
353060,에이치엠씨제5호스팩,KOSDAQ,KOSDAQ,2075,8605,17732605,10613625000,5115000,2022-09-30
148930,에이치와이티씨,KOSDAQ,KOSDAQ,12150,471762,5808368600,122419912950,10075713,2022-09-30
044780,에이치케이,KOSDAQ,KOSDAQ,1770,84213,144593990,32755242990,18505787,2022-09-30
357230,에이치피오,KOSDAQ,KOSDAQ,7310,34214,249615050,145747949600,19938160,2022-09-30
071670,에이테크솔루션,KOSDAQ,KOSDAQ,9000,63933,567784870,90000000000,10000000,2022-09-30
045660,에이텍,KOSDAQ,KOSDAQ,9890,73697,720929940,81691400000,8260000,2022-09-30
224110,에이텍티앤,KOSDAQ,KOSDAQ,11700,157149,1826820700,62478000000,5340000,2022-09-30
230980,에이트원,KOSDAQ,KOSDAQ,1070,337229,349971080,67575378130,63154559,2022-09-30
021080,에이티넘인베스트,KOSDAQ,KOSDAQ,2715,192183,518385880,130320000000,48000000,2022-09-30
089530,에이티세미콘,KOSDAQ,KOSDAQ,1315,1860496,2465124080,75153697815,57151101,2022-09-30
200470,에이팩트,KOSDAQ,KOSDAQ,4385,177694,774174315,81018088765,18476189,2022-09-30
207490,에이펙스인텍,KONEX,KONEX,8650,200,1730000,31140000000,3600000,2022-09-30
262260,에이프로,KOSDAQ,KOSDAQ,16700,273534,4427902250,240479916500,14399995,2022-09-30
007460,에이프로젠,KOSPI,KOSPI,955,2034746,1940401411,726731666485,760975567,2022-09-30
109960,에이프로젠 H&G,KOSDAQ,KOSDAQ,370,149503,54920141,66117230290,178695217,2022-09-30
003060,에이프로젠제약,KOSPI,KOSPI,481,576123,276613455,191714999242,398575882,2022-09-30
397030,에이프릴바이오,KOSDAQ,KOSDAQ,12350,61623,748759550,130348383750,10554525,2022-09-30
244920,에이플러스에셋,KOSPI,KOSPI,4960,60520,301768510,112134157280,22607693,2022-09-30
089970,에이피티씨,KOSDAQ,KOSDAQ,12800,93129,1182581800,306951616000,23980595,2022-09-30
230240,에치에프알,KOSDAQ,KOSDAQ,28800,76113,2164714200,388483948800,13489026,2022-09-30
230360,에코마케팅,KOSDAQ,KOSDAQ,12750,124722,1583373050,411799869750,32298029,2022-09-30
038870,에코바이오,KOSDAQ,KOSDAQ,4895,52925,254690035,57781005865,11804087,2022-09-30
128540,에코캡,KOSDAQ,KOSDAQ,4685,246542,1158098600,125044805100,26690460,2022-09-30
086520,에코프로,KOSDAQ,KOSDAQ,115700,847552,98203791400,2898459012800,25051504,2022-09-30
247540,에코프로비엠,KOSDAQ,KOSDAQ,88100,998231,88917109900,8616298406400,97801344,2022-09-30
383310,에코프로에이치엔,KOSDAQ,KOSDAQ,50800,98038,4959732900,777490545600,15304932,2022-09-30
038110,에코플라스틱,KOSDAQ,KOSDAQ,3200,3503084,11475220840,109341984000,34169370,2022-09-30
073540,에프알텍,KOSDAQ,KOSDAQ,2860,23797,67654555,32604000000,11400000,2022-09-30
064850,에프앤가이드,KOSDAQ,KOSDAQ,6150,5139,31534180,74292000000,12080000,2022-09-30
064090,에프앤리퍼블릭,KOSDAQ,KOSDAQ,5180,446898,2213934155,56925138620,10989409,2022-09-30
036810,에프에스티,KOSDAQ,KOSDAQ,10900,74348,812727300,237149000100,21756789,2022-09-30
173940,에프엔씨엔터,KOSDAQ,KOSDAQ,4590,3189,14457515,69806542230,15208397,2022-09-30
083500,에프엔에스테크,KOSDAQ,KOSDAQ,6930,12825,87105030,58840703460,8490722,2022-09-30
054940,엑사이엔씨,KOSDAQ,KOSDAQ,1140,217900,242845810,37817844720,33173548,2022-09-30
950130,엑세스바이오,KOSDAQ,KOSDAQ,11300,298817,3348911050,410365455100,36315527,2022-09-30
205100,엑셈,KOSDAQ,KOSDAQ,3475,129752,446915930,126428398675,36382273,2022-09-30
070300,엑스큐어,KOSDAQ,KOSDAQ,3485,31996,109869675,25670767890,7366074,2022-09-30
092870,엑시콘,KOSDAQ,KOSDAQ,8580,18367,151647700,89885169660,10476127,2022-09-30
317870,엔바이오니아,KOSDAQ,KOSDAQ,7520,18922,138635740,59221135520,7875151,2022-09-30
067570,엔브이에이치코리아,KOSDAQ,KOSDAQ,3390,224654,762121470,111275773680,32824712,2022-09-30
236810,엔비티,KOSDAQ,KOSDAQ,4330,233948,1063355220,73503594580,16975426,2022-09-30
140610,엔솔바이오사이언스,KONEX,KONEX,11750,6632,76376150,112915267500,9609810,2022-09-30
333620,엔시스,KOSDAQ,KOSDAQ,11950,20655,247413600,126148310800,10556344,2022-09-30
101400,엔시트론,KOSDAQ,KOSDAQ,595,117295,69465850,28086366910,47203978,2022-09-30
036570,엔씨소프트,KOSPI,KOSPI,346000,114853,39469334000,7596091612000,21954022,2022-09-30
217820,엔에스,KOSDAQ,KOSDAQ,6560,50368,324276610,75526834720,11513237,2022-09-30
031860,엔에스엔,KOSDAQ,KOSDAQ,1050,684575,714238955,88873697850,84641617,2022-09-30
238170,엔에스엠,KONEX,KONEX,689,2439,1378898,14313757276,20774684,2022-09-30
224760,엔에스컴퍼니,KONEX,KONEX,1995,1,1995,7859701500,3939700,2022-09-30
380440,엔에이치스팩19호,KOSPI,KOSPI,2055,209341,428758905,105400950000,51290000,2022-09-30
391060,엔에이치스팩20호,KOSDAQ,KOSDAQ,2065,56767,117092865,52657500000,25500000,2022-09-30
396770,엔에이치스팩22호,KOSDAQ,KOSDAQ,2190,0,0,14103600000,6440000,2022-09-30
422040,엔에이치스팩23호,KOSDAQ,KOSDAQ,2130,131032,281931965,15250800000,7160000,2022-09-30
265740,엔에프씨,KOSDAQ,KOSDAQ,8150,18737,152068860,72794170000,8931800,2022-09-30
354200,엔젠바이오,KOSDAQ,KOSDAQ,8520,451749,3703013800,106524810240,12502912,2022-09-30
093510,엔지브이아이,KONEX,KONEX,2075,0,0,12491500000,6020000,2022-09-30
208860,엔지스테크널러지,KOSDAQ,KOSDAQ,2205,0,0,25233717915,11443863,2022-09-30
183490,엔지켐생명과학,KOSDAQ,KOSDAQ,2155,1835789,3915972640,181640808090,84288078,2022-09-30
085310,엔케이,KOSPI,KOSPI,881,183030,161532723,70465333112,79983352,2022-09-30
182400,엔케이맥스,KOSDAQ,KOSDAQ,12700,312191,3984577050,505237483300,39782479,2022-09-30
348370,엔켐,KOSDAQ,KOSDAQ,66800,285202,18750273400,1024743329200,15340469,2022-09-30
069410,엔텔스,KOSDAQ,KOSDAQ,4640,23762,108469070,47535983360,10244824,2022-09-30
227950,엔투텍,KOSDAQ,KOSDAQ,810,462216,370562449,74172975750,91571575,2022-09-30
291230,엔피,KOSDAQ,KOSDAQ,5010,195280,974226200,206968415610,41311061,2022-09-30
198080,엔피디,KOSDAQ,KOSDAQ,2015,14040,28180870,43393397775,21535185,2022-09-30
048830,엔피케이,KOSDAQ,KOSDAQ,1810,109769,193209480,33890300630,18723923,2022-09-30
096870,엘디티,KOSDAQ,KOSDAQ,3525,64928,224081350,23541360000,6678400,2022-09-30
276240,엘리비젼,KONEX,KONEX,617,59,36442,4660286146,7553138,2022-09-30
900140,엘브이엠씨홀딩스,KOSPI,KOSPI,2620,189905,493946335,260572878140,99455297,2022-09-30
376190,엘비루셈,KOSDAQ,KOSDAQ,6800,41371,281809490,167280000000,24600000,2022-09-30
061970,엘비세미콘,KOSDAQ,KOSDAQ,7100,177454,1259059960,310870603200,43784592,2022-09-30
138690,엘아이에스,KOSDAQ,KOSDAQ,982,0,0,22849431320,23268260,2022-09-30
290650,엘앤씨바이오,KOSDAQ,KOSDAQ,23950,202138,4784769700,543303139450,22684891,2022-09-30
066970,엘앤에프,KOSDAQ,KOSDAQ,177700,458773,81973182100,6384692763200,35929616,2022-09-30
156100,엘앤케이바이오,KOSDAQ,KOSDAQ,9700,24452,238255980,130034892300,13405659,2022-09-30
311060,엘에이티,KONEX,KONEX,4985,0,0,14394386900,2887540,2022-09-30
073110,엘엠에스,KOSDAQ,KOSDAQ,6760,49720,329536890,60135303800,8895755,2022-09-30
083310,엘오티베큠,KOSDAQ,KOSDAQ,8650,49631,425635310,154056785450,17810033,2022-09-30
037950,엘컴텍,KOSDAQ,KOSDAQ,876,447479,383953550,73976026644,84447519,2022-09-30
170920,엘티씨,KOSDAQ,KOSDAQ,9610,30840,297933560,77502391650,8064765,2022-09-30
058630,엠게임,KOSDAQ,KOSDAQ,5860,88600,514484550,114527119220,19543877,2022-09-30
058970,엠로,KOSDAQ,KOSDAQ,13700,11101,151607800,153606044000,11212120,2022-09-30
019590,엠벤처투자,KOSDAQ,KOSDAQ,1185,1403989,1706234720,96870602640,81747344,2022-09-30
169330,엠브레인,KOSDAQ,KOSDAQ,3010,29731,89831480,53990123180,17936918,2022-09-30
097520,엠씨넥스,KOSPI,KOSPI,27050,73047,1948214200,486297650600,17977732,2022-09-30
179290,엠아이텍,KOSDAQ,KOSDAQ,13400,3688209,49856903600,425570707200,31759008,2022-09-30
009780,엠에스씨,KOSDAQ,KOSDAQ,5080,11016,55157435,89408000000,17600000,2022-09-30
123040,엠에스오토텍,KOSDAQ,KOSDAQ,4085,74302,302745205,178301450910,43647846,2022-09-30
323230,엠에프엠코리아,KOSDAQ,KOSDAQ,742,56343,42098812,22461571720,30271660,2022-09-30
033160,엠케이전자,KOSDAQ,KOSDAQ,9350,85110,787427830,203901892150,21807689,2022-09-30
347890,엠투아이,KOSDAQ,KOSDAQ,8010,30054,238689960,134553614040,16798204,2022-09-30
033310,엠투엔,KOSDAQ,KOSDAQ,8870,415348,3709063470,357835588970,40342231,2022-09-30
259630,엠플러스,KOSDAQ,KOSDAQ,13300,67517,900338550,163355946600,12282402,2022-09-30
065150,엠피대산,KOSDAQ,KOSDAQ,378,124182,47520412,47356749090,125282405,2022-09-30
115960,연우,KOSDAQ,KOSDAQ,13800,23818,329248850,171092400000,12398000,2022-09-30
090740,연이비앤티,KOSDAQ,KOSDAQ,2105,0,0,47277068575,22459415,2022-09-30
060850,영림원소프트랩,KOSDAQ,KOSDAQ,8210,9973,80066280,66755510000,8131000,2022-09-30
014440,영보화학,KOSPI,KOSPI,3440,21509,74510505,68800000000,20000000,2022-09-30
007530,영신금속,KOSDAQ,KOSDAQ,2500,30183,74084735,47936130000,19174452,2022-09-30
143540,영우디에스피,KOSDAQ,KOSDAQ,1475,685115,997082885,65784845125,44599895,2022-09-30
111770,영원무역,KOSPI,KOSPI,44600,260054,11680964900,1976291472800,44311468,2022-09-30
009970,영원무역홀딩스,KOSPI,KOSPI,51100,22050,1133103500,696778751200,13635592,2022-09-30
003520,영진약품,KOSPI,KOSPI,2630,618769,1601825640,481007882530,182892731,2022-09-30
112290,영창케미칼,KOSDAQ,KOSDAQ,12950,253697,3288982850,130931557750,10110545,2022-09-30
000670,영풍,KOSPI,KOSPI,638000,2091,1332323000,1175221520000,1842040,2022-09-30
036560,영풍정밀,KOSDAQ,KOSDAQ,10850,354905,3742757390,170887500000,15750000,2022-09-30
006740,영풍제지,KOSPI,KOSPI,7390,93935,683497340,164058000000,22200000,2022-09-30
012280,영화금속,KOSPI,KOSPI,915,140993,127998878,48855972075,53394505,2022-09-30
265560,영화테크,KOSDAQ,KOSDAQ,9830,55087,543089660,105084469400,10690180,2022-09-30
012160,영흥,KOSPI,KOSPI,699,61519,42650910,70815950028,101310372,2022-09-30
036000,예림당,KOSDAQ,KOSDAQ,1585,9396,14642480,36509329045,23034277,2022-09-30
250930,예선테크,KOSDAQ,KOSDAQ,1315,3063448,4154235565,43395578600,33000440,2022-09-30
053280,예스24,KOSDAQ,KOSDAQ,4955,158970,773474375,123875000000,25000000,2022-09-30
015360,예스코홀딩스,KOSPI,KOSPI,33200,1088,36142150,199200000000,6000000,2022-09-30
122640,예스티,KOSDAQ,KOSDAQ,8210,62035,497065860,148205688500,18051850,2022-09-30
900300,오가닉티코스메틱,KOSDAQ,KOSDAQ,239,528506,126365877,30246042720,126552480,2022-09-30
045060,오공,KOSDAQ,KOSDAQ,3065,32006,96302180,51927150310,16941974,2022-09-30
080520,오디텍,KOSDAQ,KOSDAQ,4040,96024,387010710,47456300360,11746609,2022-09-30
007310,오뚜기,KOSPI,KOSPI,461000,4141,1935349500,1692783241000,3671981,2022-09-30
039830,오로라,KOSDAQ,KOSDAQ,7380,28999,211861840,79430128200,10762890,2022-09-30
322310,오로스테크놀로지,KOSDAQ,KOSDAQ,9240,107159,995151260,86546848080,9366542,2022-09-30
046120,오르비텍,KOSDAQ,KOSDAQ,5310,367009,1949897860,143735455440,27068824,2022-09-30
014940,오리엔탈정공,KOSDAQ,KOSDAQ,2690,83110,222421740,122593148090,45573661,2022-09-30
002630,오리엔트바이오,KOSPI,KOSPI,610,162135,97587749,72335633050,118583005,2022-09-30
065500,오리엔트정공,KOSDAQ,KOSDAQ,1360,51032,70417370,43170360320,31742912,2022-09-30
271560,오리온,KOSPI,KOSPI,103000,151082,15761715500,4072221596000,39536132,2022-09-30
001800,오리온홀딩스,KOSPI,KOSPI,14800,95922,1442395450,927152245600,62645422,2022-09-30
010470,오리콤,KOSDAQ,KOSDAQ,5690,77664,443883430,68138034500,11975050,2022-09-30
352910,오비고,KOSDAQ,KOSDAQ,10150,79548,801225010,116225802700,11450818,2022-09-30
053980,오상자이엘,KOSDAQ,KOSDAQ,4410,54864,239751200,78268159620,17747882,2022-09-30
052420,오성첨단소재,KOSDAQ,KOSDAQ,2430,19314639,42859162855,175367617920,72167744,2022-09-30
241790,오션브릿지,KOSDAQ,KOSDAQ,12750,22178,283628050,127533583500,10002634,2022-09-30
329020,오션스톤,KONEX,KONEX,1760,4,7120,1469867520,835152,2022-09-30
039200,오스코텍,KOSDAQ,KOSDAQ,18500,129280,2402330350,558820712500,30206525,2022-09-30
226400,오스테오닉,KOSDAQ,KOSDAQ,2380,249326,618934620,40791662520,17139354,2022-09-30
031510,오스템,KOSDAQ,KOSDAQ,1450,68395,97803310,40600000000,28000000,2022-09-30
048260,오스템임플란트,KOSDAQ,KOSDAQ,115300,98568,11316021500,1647143170100,14285717,2022-09-30
138080,오이솔루션,KOSDAQ,KOSDAQ,16550,38075,621409100,175828772250,10624095,2022-09-30
080580,오킨스전자,KOSDAQ,KOSDAQ,17800,41790,747253750,314691504400,17679298,2022-09-30
067170,오텍,KOSDAQ,KOSDAQ,5160,33433,170971010,79420681800,15391605,2022-09-30
353590,오토앤,KOSDAQ,KOSDAQ,10200,91601,919656530,131330814000,12875570,2022-09-30
173130,오파스넷,KOSDAQ,KOSDAQ,5030,139230,704588595,59657962900,11860430,2022-09-30
049480,오픈베이스,KOSDAQ,KOSDAQ,2355,179867,420219685,73999711965,31422383,2022-09-30
394280,오픈엣지테크놀로지,KOSDAQ,KOSDAQ,10550,2641815,29731294000,220183500700,20870474,2022-09-30
309930,오하임아이엔티,KOSDAQ,KOSDAQ,2690,252892,667910875,57077555180,21218422,2022-09-30
244460,올리패스,KOSDAQ,KOSDAQ,5140,264901,1388169410,142646097260,27752159,2022-09-30
226950,올릭스,KOSDAQ,KOSDAQ,18550,132947,2498781150,254193618000,13703160,2022-09-30
057540,옴니시스템,KOSDAQ,KOSDAQ,1625,353690,564769745,75480201875,46449355,2022-09-30
131030,옵투스제약,KOSDAQ,KOSDAQ,6220,136428,851846530,100472667640,16153162,2022-09-30
082210,옵트론텍,KOSDAQ,KOSDAQ,4055,174549,703629145,99282396975,24483945,2022-09-30
109080,옵티시스,KOSDAQ,KOSDAQ,10450,48844,501591800,58896200000,5636000,2022-09-30
153710,옵티팜,KOSDAQ,KOSDAQ,8330,42303,356681650,122200750140,14669958,2022-09-30
321820,와이더플래닛,KOSDAQ,KOSDAQ,5780,11598,65459430,39929869960,6908282,2022-09-30
122990,와이솔,KOSDAQ,KOSDAQ,6800,62271,418197470,191671198800,28186941,2022-09-30
232140,와이아이케이,KOSDAQ,KOSDAQ,2985,187424,559243605,244905369750,82045350,2022-09-30
065530,와이어블,KOSDAQ,KOSDAQ,2285,134718,305224105,120785100000,52860000,2022-09-30
067900,와이엔텍,KOSDAQ,KOSDAQ,7900,84380,657245010,143777306100,18199659,2022-09-30
155650,와이엠씨,KOSDAQ,KOSDAQ,5560,84133,466926980,111057430480,19974358,2022-09-30
273640,와이엠텍,KOSDAQ,KOSDAQ,15350,91113,1381498050,168328100000,10966000,2022-09-30
251370,와이엠티,KOSDAQ,KOSDAQ,13150,69364,896197200,214535201600,16314464,2022-09-30
066430,와이오엠,KOSDAQ,KOSDAQ,1110,262522,286879940,18215506260,16410366,2022-09-30
193250,와이제이엠게임즈,KOSDAQ,KOSDAQ,1360,316486,422069580,78101775360,57427776,2022-09-30
273060,와이즈버즈,KOSDAQ,KOSDAQ,1035,47214,48889210,52225667370,50459582,2022-09-30
019210,와이지-원,KOSDAQ,KOSDAQ,5470,59780,322739500,167238789930,30573819,2022-09-30
122870,와이지엔터테인먼트,KOSDAQ,KOSDAQ,48450,436975,20851330650,903529951050,18648709,2022-09-30
011690,와이투솔루션,KOSPI,KOSPI,612,478137,294100109,97452209844,159235637,2022-09-30
332570,와이팜,KOSDAQ,KOSDAQ,3455,28536,96382730,128323384980,37141356,2022-09-30
079000,와토스코리아,KOSDAQ,KOSDAQ,5280,12691,66244560,38016000000,7200000,2022-09-30
070960,용평리조트,KOSPI,KOSPI,3270,94524,305990315,157395998910,48133333,2022-09-30
316140,우리금융지주,KOSPI,KOSPI,10700,2261502,24371113650,7790247874300,728060549,2022-09-30
032820,우리기술,KOSDAQ,KOSDAQ,1430,1559669,2201023850,215393898720,150625104,2022-09-30
041190,우리기술투자,KOSDAQ,KOSDAQ,4630,488958,2250113260,388920000000,84000000,2022-09-30
115440,우리넷,KOSDAQ,KOSDAQ,8220,69867,571316840,80482694040,9791082,2022-09-30
046970,우리로,KOSDAQ,KOSDAQ,1185,298231,345123165,37978816290,32049634,2022-09-30
082850,우리바이오,KOSDAQ,KOSDAQ,3320,3873280,12702865040,159132838960,47931578,2022-09-30
215360,우리산업,KOSDAQ,KOSDAQ,13700,75157,1019140500,125110633100,9132163,2022-09-30
072470,우리산업홀딩스,KOSDAQ,KOSDAQ,4155,74318,308769990,78476901855,18887341,2022-09-30
073560,우리손에프앤지,KOSDAQ,KOSDAQ,1675,929722,1566426185,115973052025,69237643,2022-09-30
037400,우리엔터프라이즈,KOSDAQ,KOSDAQ,2335,211265,485381660,61231512910,26223346,2022-09-30
153490,우리이앤엘,KOSDAQ,KOSDAQ,1075,255377,273540665,55341000000,51480000,2022-09-30
010050,우리종금,KOSPI,KOSPI,728,2317164,1692599945,636420079568,874203406,2022-09-30
101170,우림피티에스,KOSDAQ,KOSDAQ,6610,367756,2426816640,89235000000,13500000,2022-09-30
006980,우성,KOSPI,KOSPI,20100,5259,105829150,62109000000,3090000,2022-09-30
066590,우수AMS,KOSDAQ,KOSDAQ,2700,118088,313953550,98886217500,36624525,2022-09-30
017370,우신시스템,KOSPI,KOSPI,2110,35934,73718215,38642653940,18314054,2022-09-30
103840,우양,KOSDAQ,KOSDAQ,2880,32018,89656320,41063040000,14258000,2022-09-30
046940,우원개발,KOSDAQ,KOSDAQ,3335,217690,722237105,60277957250,18074350,2022-09-30
215380,우정바이오,KOSDAQ,KOSDAQ,3380,12928,43319795,43796387180,12957511,2022-09-30
065680,우주일렉트로,KOSDAQ,KOSDAQ,15200,73665,1117151000,151000144000,9934220,2022-09-30
105840,우진,KOSPI,KOSPI,9100,398740,3652541740,184944887400,20323614,2022-09-30
018620,우진비앤지,KOSDAQ,KOSDAQ,1865,174727,326160620,53878531445,28889293,2022-09-30
010400,우진아이엔에스,KOSPI,KOSPI,6010,6810,39643860,45808220000,7622000,2022-09-30
049800,우진플라임,KOSPI,KOSPI,3795,42304,159310715,75900000000,20000000,2022-09-30
016880,웅진,KOSPI,KOSPI,1105,311410,348180110,88319423400,79927080,2022-09-30
095720,웅진씽크빅,KOSPI,KOSPI,2175,74623,160864525,251225517375,115505985,2022-09-30
005820,원림,KOSPI,KOSPI,20200,2185,42879800,46418994000,2297970,2022-09-30
307280,원바이오젠,KOSDAQ,KOSDAQ,1280,63966,80806460,46661642240,36454408,2022-09-30
053080,원방테크,KOSDAQ,KOSDAQ,8450,99060,846970300,109848369150,12999807,2022-09-30
032940,원익,KOSDAQ,KOSDAQ,2875,67044,192059135,52305536250,18193230,2022-09-30
240810,원익IPS,KOSDAQ,KOSDAQ,22250,249391,5561856050,1092116797250,49083901,2022-09-30
074600,원익QnC,KOSDAQ,KOSDAQ,20350,732547,14740749050,534960800000,26288000,2022-09-30
104830,원익머트리얼즈,KOSDAQ,KOSDAQ,24800,51504,1282754900,312678400000,12608000,2022-09-30
014190,원익큐브,KOSDAQ,KOSDAQ,1865,352688,646666880,66020824690,35399906,2022-09-30
131390,원익피앤이,KOSDAQ,KOSDAQ,15200,184720,2686141850,225247432000,14818910,2022-09-30
030530,원익홀딩스,KOSDAQ,KOSDAQ,3030,334295,1002491450,234031082430,77237981,2022-09-30
012620,원일특강,KOSDAQ,KOSDAQ,9340,34514,317265870,41096000000,4400000,2022-09-30
382840,원준,KOSDAQ,KOSDAQ,20300,189360,3851886100,305729631900,15060573,2022-09-30
336570,원텍,KOSDAQ,KOSDAQ,2410,182840,436219765,209759051910,87036951,2022-09-30
376980,원티드랩,KOSDAQ,KOSDAQ,15600,35803,553658650,147234921600,9438136,2022-09-30
122830,원포유,KONEX,KONEX,2000,4662,9196210,65503970000,32751985,2022-09-30
008370,원풍,KOSDAQ,KOSDAQ,4435,12886,56420135,53220000000,12000000,2022-09-30
008290,원풍물산,KOSDAQ,KOSDAQ,678,46047,30656302,27590314362,40693679,2022-09-30
101160,월덱스,KOSDAQ,KOSDAQ,16000,98751,1562832700,264175888000,16510993,2022-09-30
336060,웨이버스,KOSDAQ,KOSDAQ,1145,107543,122334815,53454554000,46685200,2022-09-30
095270,웨이브일렉트로,KOSDAQ,KOSDAQ,4595,13791,62145380,68792921320,14971256,2022-09-30
010600,웰바이오텍,KOSPI,KOSPI,1405,371797,508144755,93337106120,66432104,2022-09-30
065950,웰크론,KOSDAQ,KOSDAQ,2755,89693,242532750,77777237010,28231302,2022-09-30
076080,웰크론한텍,KOSDAQ,KOSDAQ,3350,303265,1007394575,69736099100,20816746,2022-09-30
196700,웹스,KOSDAQ,KOSDAQ,2545,88324,221587770,36556746480,14364144,2022-09-30
069080,웹젠,KOSDAQ,KOSDAQ,14850,62203,916087750,524366627400,35310884,2022-09-30
053580,웹케시,KOSDAQ,KOSDAQ,14650,25866,373079650,201968533200,13786248,2022-09-30
071460,위니아,KOSDAQ,KOSDAQ,1680,81497,135015775,60425055600,35967295,2022-09-30
377460,위니아에이드,KOSDAQ,KOSDAQ,6550,112590,733592550,100826802750,15393405,2022-09-30
044340,위닉스,KOSDAQ,KOSDAQ,9290,12420,115785490,166044118250,17873425,2022-09-30
330350,위더스제약,KOSDAQ,KOSDAQ,6300,15694,98711100,83114501400,13192778,2022-09-30
348350,위드텍,KOSDAQ,KOSDAQ,11850,30166,354010850,120675660000,10183600,2022-09-30
112040,위메이드,KOSDAQ,KOSDAQ,45800,205155,9347054750,1547900859600,33796962,2022-09-30
101730,위메이드맥스,KOSDAQ,KOSDAQ,14000,190090,2629445300,466134088000,33295292,2022-09-30
123420,위메이드플레이,KOSDAQ,KOSDAQ,18200,55664,1002691100,208751124400,11469842,2022-09-30
065370,위세아이텍,KOSDAQ,KOSDAQ,10150,24379,244957930,66745121100,6575874,2022-09-30
140660,위월드,KONEX,KONEX,2100,0,0,5223229200,2487252,2022-09-30
038620,위즈코프,KOSDAQ,KOSDAQ,783,577102,448209521,52105882095,66546465,2022-09-30
299900,위지윅스튜디오,KOSDAQ,KOSDAQ,18300,279452,5063924350,782548644300,42762221,2022-09-30
036090,위지트,KOSDAQ,KOSDAQ,687,499779,343197040,67282603584,97936832,2022-09-30
136540,윈스,KOSDAQ,KOSDAQ,12200,20678,251132250,169142776400,13864162,2022-09-30
320000,윈텍,KOSDAQ,KOSDAQ,1905,55940,103777285,35240876940,18499148,2022-09-30
097800,윈팩,KOSDAQ,KOSDAQ,1310,53923,69788865,65063954710,49667141,2022-09-30
192390,윈하이텍,KOSDAQ,KOSDAQ,3225,38132,120386720,34368489600,10656896,2022-09-30
313760,윌링스,KOSDAQ,KOSDAQ,8030,52677,415503800,45671966010,5687667,2022-09-30
008600,윌비스,KOSPI,KOSPI,707,192250,133082185,47535879573,67236039,2022-09-30
900340,윙입푸드,KOSDAQ,KOSDAQ,964,458816,445165917,46246384592,47973428,2022-09-30
033270,유나이티드제약,KOSPI,KOSPI,23450,379552,8963072950,380941075900,16244822,2022-09-30
064510,유네코,KOSDAQ,KOSDAQ,2750,0,0,27821777500,10117010,2022-09-30
014830,유니드,KOSPI,KOSPI,83500,42937,3604331700,742301890500,8889843,2022-09-30
036200,유니셈,KOSDAQ,KOSDAQ,6370,231431,1470858280,195331100510,30664223,2022-09-30
018000,유니슨,KOSDAQ,KOSDAQ,1945,314237,610776350,237772404735,122248023,2022-09-30
000910,유니온,KOSPI,KOSPI,4750,64532,302981330,74155190250,15611619,2022-09-30
047400,유니온머티리얼,KOSPI,KOSPI,2420,341289,818482735,101640000000,42000000,2022-09-30
203450,유니온커뮤니티,KOSDAQ,KOSDAQ,2905,33975,96201520,42642515335,14679007,2022-09-30
011330,유니켐,KOSPI,KOSPI,1120,189374,211099775,81671946720,72921381,2022-09-30
077500,유니퀘스트,KOSPI,KOSPI,7590,89238,669858700,207631850250,27355975,2022-09-30
011320,유니크,KOSDAQ,KOSDAQ,4945,98823,479839605,95540836775,19320695,2022-09-30
086390,유니테스트,KOSDAQ,KOSDAQ,13950,204326,2834885300,294821057700,21134126,2022-09-30
241690,유니테크노,KOSDAQ,KOSDAQ,3960,95180,371152710,99045797400,25011565,2022-09-30
142210,유니트론텍,KOSDAQ,KOSDAQ,2970,119225,348386345,55849549140,18804562,2022-09-30
121060,유니포인트,KONEX,KONEX,1285,725,955995,7686445950,5981670,2022-09-30
048430,유라테크,KOSDAQ,KOSDAQ,6120,94555,577433610,70502400000,11520000,2022-09-30
206650,유바이오로직스,KOSDAQ,KOSDAQ,11650,198773,2354585100,424582001550,36444807,2022-09-30
089850,유비벨록스,KOSDAQ,KOSDAQ,13100,27197,358613200,93215630700,7115697,2022-09-30
084440,유비온,KONEX,KONEX,2250,1736,3831520,37833300000,16814800,2022-09-30
032620,유비케어,KOSDAQ,KOSDAQ,4535,60806,273388725,236714025365,52197139,2022-09-30
264450,유비쿼스,KOSDAQ,KOSDAQ,14500,37752,532721150,148562737000,10245706,2022-09-30
078070,유비쿼스홀딩스,KOSDAQ,KOSDAQ,13000,11112,143121400,243056164000,18696628,2022-09-30
002920,유성기업,KOSPI,KOSPI,2600,8185,21236795,67463500000,25947500,2022-09-30
024800,유성티엔에스,KOSDAQ,KOSDAQ,2260,54151,119822455,70689676680,31278618,2022-09-30
000700,유수홀딩스,KOSPI,KOSPI,6370,62224,400820340,165886342440,26041812,2022-09-30
054930,유신,KOSDAQ,KOSDAQ,30500,200764,6076742150,91500000000,3000000,2022-09-30
069330,유아이디,KOSDAQ,KOSDAQ,1550,33501,50902665,21996191050,14191091,2022-09-30
049520,유아이엘,KOSDAQ,KOSDAQ,3000,22137,66136275,65354808000,21784936,2022-09-30
367460,유안타제7호스팩,KOSDAQ,KOSDAQ,3270,2494502,7494880735,17985000000,5500000,2022-09-30
367480,유안타제8호스팩,KOSDAQ,KOSDAQ,2165,3526,7698710,14050850000,6490000,2022-09-30
430700,유안타제9호스팩,KOSDAQ,KOSDAQ,2110,9655,20382815,11056400000,5240000,2022-09-30
003470,유안타증권,KOSPI,KOSPI,2455,114632,279499520,490009594080,199596576,2022-09-30
003475,유안타증권우,KOSPI,KOSPI,2700,2377,6336980,34862972400,12912212,2022-09-30
263770,유에스티,KOSDAQ,KOSDAQ,2650,20803,53840120,62805455800,23700172,2022-09-30
337840,유엑스엔,KONEX,KONEX,14400,7,101300,52188494400,3624201,2022-09-30
072130,유엔젤,KOSPI,KOSPI,2720,87747,235365310,35891634880,13195454,2022-09-30
000220,유유제약,KOSPI,KOSPI,5690,91911,512117360,98052077190,17232351,2022-09-30
000225,유유제약1우,KOSPI,KOSPI,7570,22416,164294760,17160660100,2266930,2022-09-30
000227,유유제약2우B,KOSPI,KOSPI,14550,7289,108026200,4736898000,325560,2022-09-30
388720,유일로보틱스,KOSDAQ,KOSDAQ,24250,664509,16294450700,208085515500,8580846,2022-09-30
340930,유일에너테크,KOSDAQ,KOSDAQ,14950,117451,1758479750,159587422800,10674744,2022-09-30
023410,유진기업,KOSDAQ,KOSDAQ,3290,221670,717777545,254352739270,77310863,2022-09-30
056080,유진로봇,KOSDAQ,KOSDAQ,4230,212097,884745760,158676402960,37512152,2022-09-30
373340,유진스팩6호,KOSDAQ,KOSDAQ,2335,7437,17212835,7051700000,3020000,2022-09-30
388800,유진스팩7호,KOSDAQ,KOSDAQ,2155,16146,34666655,10796550000,5010000,2022-09-30
413630,유진스팩8호,KOSDAQ,KOSDAQ,2115,2508,5292370,12520800000,5920000,2022-09-30
084370,유진테크,KOSDAQ,KOSDAQ,20100,264778,5304216700,460612444200,22916042,2022-09-30
001200,유진투자증권,KOSPI,KOSPI,2240,157812,350156090,216980776320,96866418,2022-09-30
178780,유테크,KOSDAQ,KOSDAQ,1730,0,0,60240302320,34820984,2022-09-30
221800,유투바이오,KONEX,KONEX,27000,0,0,68188770000,2525510,2022-09-30
179900,유티아이,KOSDAQ,KOSDAQ,21900,464900,10111483350,356683000500,16286895,2022-09-30
263050,유틸렉스,KOSDAQ,KOSDAQ,6720,3036021,21131110550,247016145600,36758355,2022-09-30
000100,유한양행,KOSPI,KOSPI,54300,113795,6215551600,3976469146800,73231476,2022-09-30
000105,유한양행우,KOSPI,KOSPI,52500,178,9304600,61999350000,1180940,2022-09-30
003460,유화증권,KOSPI,KOSPI,2365,9174,21338330,134101211475,56702415,2022-09-30
003465,유화증권우,KOSPI,KOSPI,2520,120,302150,44040591000,17476425,2022-09-30
191410,육일씨엔에쓰,KOSDAQ,KOSDAQ,3050,652342,2101051350,29378020900,9632138,2022-09-30
008730,율촌화학,KOSPI,KOSPI,26700,626643,17109659300,662160000000,24800000,2022-09-30
072770,율호,KOSDAQ,KOSDAQ,1555,252244,395148365,84777422865,54519243,2022-09-30
008250,이건산업,KOSPI,KOSPI,6990,34687,240372130,76558918650,10952635,2022-09-30
039020,이건홀딩스,KOSDAQ,KOSDAQ,3255,47261,151570765,73513227795,22584709,2022-09-30
025820,이구산업,KOSPI,KOSPI,2540,418566,1042541885,84942680000,33442000,2022-09-30
067920,이글루,KOSDAQ,KOSDAQ,5140,21026,106551730,56520051660,10996119,2022-09-30
044960,이글벳,KOSDAQ,KOSDAQ,5660,599162,3437183640,71553057780,12641883,2022-09-30
303530,이노뎁,KOSDAQ,KOSDAQ,10200,25919,264020150,74860849800,7339299,2022-09-30
302430,이노메트리,KOSDAQ,KOSDAQ,9170,6101,55592490,90170517360,9833208,2022-09-30
279060,이노벡스,KONEX,KONEX,6100,2451,14997480,51175114300,8389363,2022-09-30
214320,이노션,KOSPI,KOSPI,41500,17952,747140100,830000000000,20000000,2022-09-30
056090,이노시스,KOSDAQ,KOSDAQ,1670,25210009,44785321810,127229167100,76185130,2022-09-30
073490,이노와이어리스,KOSDAQ,KOSDAQ,23500,42945,1000138350,158332284000,6737544,2022-09-30
215790,이노인스트루먼트,KOSDAQ,KOSDAQ,1300,75627,94567435,52368093700,40283149,2022-09-30
344860,이노진,KONEX,KONEX,6670,188,1019050,62031000000,9300000,2022-09-30
246960,이노테라피,KOSDAQ,KOSDAQ,6980,19453,133571370,37845860140,5422043,2022-09-30
088390,이녹스,KOSDAQ,KOSDAQ,20000,40358,799701050,187716880000,9385844,2022-09-30
272290,이녹스첨단소재,KOSDAQ,KOSDAQ,26600,202811,5362451850,535342502800,20125658,2022-09-30
053350,이니텍,KOSDAQ,KOSDAQ,3200,15389,47986015,63330931200,19790916,2022-09-30
041520,이라이콤,KOSDAQ,KOSDAQ,4830,13155,63267755,58871565900,12188730,2022-09-30
264850,이랜시스,KOSDAQ,KOSDAQ,2610,48152,125211665,75757003920,29025672,2022-09-30
054210,이랜텍,KOSDAQ,KOSDAQ,11750,381002,4441940000,297171717500,25291210,2022-09-30
164060,이루다,KOSDAQ,KOSDAQ,4965,225106,1107370615,86658186510,17453814,2022-09-30
065440,이루온,KOSDAQ,KOSDAQ,2520,1463424,3617990605,68733050400,27275020,2022-09-30
088260,이리츠코크렙,KOSPI,KOSPI,5450,35787,196198490,345211665500,63341590,2022-09-30
139480,이마트,KOSPI,KOSPI,83900,143825,12128727700,2338781214100,27875819,2022-09-30
115610,이미지스,KOSDAQ,KOSDAQ,1955,115572,223159470,29966779580,15328276,2022-09-30
349720,이베스트스팩5호,KOSDAQ,KOSDAQ,2050,11710,23972480,7421000000,3620000,2022-09-30
078020,이베스트투자증권,KOSDAQ,KOSDAQ,5480,79916,442293810,304036921200,55481190,2022-09-30
131400,이브이첨단소재,KOSDAQ,KOSDAQ,1900,15684135,30239912035,108135980600,56913674,2022-09-30
208850,이비테크,KONEX,KONEX,5440,1,5440,15342160000,2820250,2022-09-30
351330,이삭엔지니어링,KOSDAQ,KOSDAQ,8080,104369,887585840,66971241600,8288520,2022-09-30
080010,이상네트웍스,KOSDAQ,KOSDAQ,5180,31662,163069740,51800000000,10000000,2022-09-30
379390,이성씨엔아이,KONEX,KONEX,9190,118,1025920,26113017400,2841460,2022-09-30
086890,이수앱지스,KOSDAQ,KOSDAQ,5810,179897,1064248470,192791301080,33182668,2022-09-30
007660,이수페타시스,KOSPI,KOSPI,4760,759568,3609353615,301052954440,63246419,2022-09-30
005950,이수화학,KOSPI,KOSPI,21050,1344282,28606754300,588548401200,27959544,2022-09-30
015020,이스타코,KOSPI,KOSPI,924,184063,168852926,39594878400,42851600,2022-09-30
047560,이스트소프트,KOSDAQ,KOSDAQ,9100,23735,215108780,103525531200,11376432,2022-09-30
900110,이스트아시아홀딩스,KOSDAQ,KOSDAQ,162,6888937,1105044649,35628992100,219932050,2022-09-30
067010,이씨에스,KOSDAQ,KOSDAQ,3110,67323,209603850,38234340000,12294000,2022-09-30
093230,이아이디,KOSPI,KOSPI,1105,213729,232571560,112559753150,101864030,2022-09-30
341310,이앤에치,KONEX,KONEX,1590,0,0,27496506000,17293400,2022-09-30
101360,이엔드디,KOSDAQ,KOSDAQ,27150,345080,9287913800,288024467400,10608636,2022-09-30
102710,이엔에프테크놀로지,KOSDAQ,KOSDAQ,22050,83342,1839251250,315046783800,14287836,2022-09-30
066980,이엔코퍼레이션,KOSDAQ,KOSDAQ,2735,82041,224312620,123266400770,45069982,2022-09-30
074610,이엔플러스,KOSPI,KOSPI,3725,2842026,10411962185,215085113250,57740970,2022-09-30
063760,이엘피,KOSDAQ,KOSDAQ,3745,31586,117444520,34922611850,9325130,2022-09-30
123570,이엠넷,KOSDAQ,KOSDAQ,3650,158147,574535870,81307684700,22276078,2022-09-30
083470,이엠앤아이,KOSDAQ,KOSDAQ,3220,0,0,61111149960,18978618,2022-09-30
095190,이엠코리아,KOSDAQ,KOSDAQ,2775,144472,396622020,118162377675,42581037,2022-09-30
091120,이엠텍,KOSDAQ,KOSDAQ,23350,131780,3058288200,400054055600,17132936,2022-09-30
232530,이엠티,KONEX,KONEX,2780,20,55600,71207765120,25614304,2022-09-30
102460,이연제약,KOSPI,KOSPI,19150,50734,974202600,344672749550,17998577,2022-09-30
039030,이오테크닉스,KOSDAQ,KOSDAQ,58700,82774,4830569100,723157585000,12319550,2022-09-30
294090,이오플로우,KOSDAQ,KOSDAQ,14950,198411,2870740500,453037638950,30303521,2022-09-30
088290,이원컴포텍,KOSDAQ,KOSDAQ,9050,216019,1886877090,209574153250,23157365,2022-09-30
084680,이월드,KOSPI,KOSPI,1510,322187,477905540,214127351430,141806193,2022-09-30
181340,이즈미디어,KOSDAQ,KOSDAQ,2705,0,0,37716353295,13943199,2022-09-30
353810,이지바이오,KOSDAQ,KOSDAQ,3995,275949,1098207765,136595921400,34191720,2022-09-30
350520,이지스레지던스리츠,KOSPI,KOSPI,4265,27380,116162450,120949501505,28358617,2022-09-30
334890,이지스밸류리츠,KOSPI,KOSPI,4400,41686,182992580,161679474000,36745335,2022-09-30
099750,이지케어텍,KOSDAQ,KOSDAQ,17800,11183,192491400,113670800000,6386000,2022-09-30
377330,이지트로닉스,KOSDAQ,KOSDAQ,11900,71112,854835450,94788902600,7965454,2022-09-30
035810,이지홀딩스,KOSDAQ,KOSDAQ,2890,608555,1761233760,188271492050,65145845,2022-09-30
160600,이큐셀,KOSDAQ,KOSDAQ,3100,0,0,85164598100,27472451,2022-09-30
092130,이크레더블,KOSDAQ,KOSDAQ,17000,10742,183055050,204741200000,12043600,2022-09-30
096040,이트론,KOSDAQ,KOSDAQ,152,3733279,569623471,97451956840,641131295,2022-09-30
134060,이퓨쳐,KOSDAQ,KOSDAQ,5470,22821,117616420,26087797500,4769250,2022-09-30
001840,이화공영,KOSDAQ,KOSDAQ,4235,195806,826703750,83877393600,19805760,2022-09-30
000760,이화산업,KOSPI,KOSPI,15400,676,10152950,43120000000,2800000,2022-09-30
024810,이화전기,KOSDAQ,KOSDAQ,710,984780,694658467,87335711950,123008045,2022-09-30
014990,인디에프,KOSPI,KOSPI,571,127190,70540861,40377120145,70712995,2022-09-30
041830,인바디,KOSDAQ,KOSDAQ,19250,24617,474904500,263412803500,13683782,2022-09-30
352940,인바이오,KOSDAQ,KOSDAQ,4380,6140,26405195,47600657400,10867730,2022-09-30
101140,인바이오젠,KOSPI,KOSPI,1255,353388,429611610,67013009100,53396820,2022-09-30
216400,인바이츠바이오코아,KONEX,KONEX,7990,1086,7761610,61613406850,7711315,2022-09-30
079950,인베니아,KOSDAQ,KOSDAQ,1505,90381,134632935,34916000000,23200000,2022-09-30
277410,인산가,KOSDAQ,KOSDAQ,1745,268216,466919060,56508944005,32383349,2022-09-30
060150,인선이엔티,KOSDAQ,KOSDAQ,9250,413577,3797657780,430713411000,46563612,2022-09-30
033230,인성정보,KOSDAQ,KOSDAQ,1675,146398,243630690,65685761500,39215380,2022-09-30
006490,인스코비,KOSPI,KOSPI,1450,344250,493414430,159339538650,109889337,2022-09-30
037330,인지디스플레,KOSDAQ,KOSDAQ,1510,82718,120002175,66266688240,43885224,2022-09-30
023800,인지컨트롤스,KOSPI,KOSPI,8020,89820,726252070,122972368260,15333213,2022-09-30
034590,인천도시가스,KOSPI,KOSPI,29250,65299,2009569550,127961554500,4374754,2022-09-30
211050,인카금융서비스,KOSDAQ,KOSDAQ,5760,23186,134652120,59189529600,10275960,2022-09-30
083640,인콘,KOSDAQ,KOSDAQ,1075,2121772,2296675065,62387960400,58035312,2022-09-30
216050,인크로스,KOSDAQ,KOSDAQ,12650,78592,990510650,162466758300,12843222,2022-09-30
049070,인탑스,KOSDAQ,KOSDAQ,30450,426410,12630547100,523740000000,17200000,2022-09-30
119610,인터로조,KOSDAQ,KOSDAQ,24000,19448,470543000,317195472000,13216478,2022-09-30
017250,인터엠,KOSDAQ,KOSDAQ,1170,12542,14793905,24623196390,21045467,2022-09-30
129260,인터지스,KOSPI,KOSPI,2525,105151,261106970,75113381850,29747874,2022-09-30
051370,인터플렉스,KOSDAQ,KOSDAQ,9690,87092,834589760,226043203680,23327472,2022-09-30
064290,인텍플러스,KOSDAQ,KOSDAQ,13800,129691,1757338950,175514775600,12718462,2022-09-30
189300,인텔리안테크,KOSDAQ,KOSDAQ,54800,158559,8619011600,503265061200,9183669,2022-09-30
150840,인트로메딕,KOSDAQ,KOSDAQ,5850,0,0,223669017000,38234020,2022-09-30
048530,인트론바이오,KOSDAQ,KOSDAQ,10300,196524,1993983040,351752848600,34150762,2022-09-30
023810,인팩,KOSPI,KOSPI,7040,64592,446367180,70400000000,10000000,2022-09-30
175140,인포마크,KOSDAQ,KOSDAQ,6110,539,3275300,53597983140,8772174,2022-09-30
115310,인포바인,KOSDAQ,KOSDAQ,22300,27519,605027600,71201290900,3192883,2022-09-30
039290,인포뱅크,KOSDAQ,KOSDAQ,11250,130580,1461200650,97807252500,8693978,2022-09-30
071200,인피니트헬스케어,KOSDAQ,KOSDAQ,4450,80818,360567135,108564238100,24396458,2022-09-30
101930,인화정공,KOSDAQ,KOSDAQ,13300,26687,350347950,124111676500,9331705,2022-09-30
249420,일동제약,KOSPI,KOSPI,28000,746348,21672491700,750491980000,26803285,2022-09-30
000230,일동홀딩스,KOSPI,KOSPI,23900,391687,9656504650,275815560000,11540400,2022-09-30
013360,일성건설,KOSPI,KOSPI,2370,198384,468185890,128038965600,54024880,2022-09-30
003120,일성신약,KOSPI,KOSPI,108000,36618,4152915000,287280000000,2660000,2022-09-30
333430,일승,KOSDAQ,KOSDAQ,4450,842327,3752936755,136734024150,30726747,2022-09-30
068330,일신바이오,KOSDAQ,KOSDAQ,1575,412454,654418815,69640420500,44216140,2022-09-30
003200,일신방직,KOSPI,KOSPI,102000,4006,400173900,244800000000,2400000,2022-09-30
007110,일신석재,KOSPI,KOSPI,1165,413142,477133295,90236950650,77456610,2022-09-30
058450,일야,KOSDAQ,KOSDAQ,690,148951,101600665,23025300000,33370000,2022-09-30
007570,일양약품,KOSPI,KOSPI,17950,320816,5663358950,342587668800,19085664,2022-09-30
007575,일양약품우,KOSPI,KOSPI,20000,7512,146456000,8901600000,445080,2022-09-30
008500,일정실업,KOSPI,KOSPI,21200,1485,31448150,25440000000,1200000,2022-09-30
019540,일지테크,KOSDAQ,KOSDAQ,2250,20427,45139560,30405375000,13513500,2022-09-30
081000,일진다이아,KOSPI,KOSPI,15700,24879,392476950,222986707500,14202975,2022-09-30
020760,일진디스플,KOSPI,KOSPI,1215,146941,176370480,62589195315,51513741,2022-09-30
020150,일진머티리얼즈,KOSPI,KOSPI,50800,512082,26246361300,2342430418000,46110835,2022-09-30
103590,일진전기,KOSPI,KOSPI,4385,289589,1268877990,162597510150,37080390,2022-09-30
094820,일진파워,KOSDAQ,KOSDAQ,14000,314845,4402738450,211101926000,15078709,2022-09-30
271940,일진하이솔루스,KOSPI,KOSPI,29400,88899,2631328100,1067607786000,36313190,2022-09-30
015860,일진홀딩스,KOSPI,KOSPI,3880,1037838,4156814260,191468234040,49347483,2022-09-30
226320,잇츠한불,KOSPI,KOSPI,16650,95843,1598300450,365123094750,21929315,2022-09-30
950140,잉글우드랩,KOSDAQ,KOSDAQ,4335,365723,1621883325,86127199110,19867866,2022-09-30
049550,잉크테크,KOSDAQ,KOSDAQ,5330,11869,63296570,104501456410,19606277,2022-09-30
254120,자비스,KOSDAQ,KOSDAQ,1810,68117,121367330,40149812770,22182217,2022-09-30
043910,자연과환경,KOSDAQ,KOSDAQ,1075,3654592,3990605005,87483022700,81379556,2022-09-30
234920,자이글,KOSDAQ,KOSDAQ,3255,44292,146044460,44043112050,13530910,2022-09-30
289220,자이언트스텝,KOSDAQ,KOSDAQ,17850,100228,1749616050,392632562700,21996222,2022-09-30
317400,자이에스앤디,KOSPI,KOSPI,6140,72278,437887650,238124672800,38782520,2022-09-30
033240,자화전자,KOSPI,KOSPI,19700,171624,3382830250,395172012100,20059493,2022-09-30
174880,장원테크,KOSDAQ,KOSDAQ,1085,37853,40125515,23738390585,21878701,2022-09-30
049630,재영솔루텍,KOSDAQ,KOSDAQ,590,309299,178827304,48347876270,81945553,2022-09-30
000950,전방,KOSPI,KOSPI,69100,3583,248153200,116088000000,1680000,2022-09-30
110020,전진바이오팜,KOSDAQ,KOSDAQ,3530,28794,106374925,24145200000,6840000,2022-09-30
208140,정다운,KOSDAQ,KOSDAQ,1925,215967,401948480,62917173550,32684246,2022-09-30
040420,정상제이엘에스,KOSDAQ,KOSDAQ,7310,24294,177934440,114602905120,15677552,2022-09-30
045510,정원엔시스,KOSDAQ,KOSDAQ,1400,64577,88125710,45093008800,32209292,2022-09-30
217190,제너셈,KOSDAQ,KOSDAQ,4765,16643,78559065,41785114110,8769174,2022-09-30
095700,제넥신,KOSDAQ,KOSDAQ,22850,152619,3422652950,574562838700,25144982,2022-09-30
072520,제넨바이오,KOSDAQ,KOSDAQ,1370,109941,147736590,59689077900,43568670,2022-09-30
122310,제노레이,KOSDAQ,KOSDAQ,7720,20152,154369170,112355675680,14553844,2022-09-30
361390,제노코,KOSDAQ,KOSDAQ,20000,87158,1731864750,150015780000,7500789,2022-09-30
066830,제노텍,KONEX,KONEX,2800,21,59985,15868104000,5667180,2022-09-30
187420,제노포커스,KOSDAQ,KOSDAQ,7250,171252,1200254190,163306322500,22525010,2022-09-30
225220,제놀루션,KOSDAQ,KOSDAQ,8900,32900,288297930,85358431500,9590835,2022-09-30
123330,제닉,KOSDAQ,KOSDAQ,4090,46045,186351620,28630000000,7000000,2022-09-30
159580,제로투세븐,KOSDAQ,KOSDAQ,6050,62764,378034830,121197447800,20032636,2022-09-30
147830,제룡산업,KOSDAQ,KOSDAQ,2810,34818,95338540,56200000000,20000000,2022-09-30
033100,제룡전기,KOSDAQ,KOSDAQ,9540,749686,6931996390,153235381860,16062409,2022-09-30
079370,제우스,KOSDAQ,KOSDAQ,23450,57388,1341511350,243504800000,10384000,2022-09-30
054950,제이브이엠,KOSDAQ,KOSDAQ,18400,42350,775275150,222454012800,12089892,2022-09-30
023440,제이스코홀딩스,KOSDAQ,KOSDAQ,1895,468709,880447090,70078737280,36980864,2022-09-30
090470,제이스텍,KOSDAQ,KOSDAQ,6070,22096,132569090,88608694560,14597808,2022-09-30
287410,제이시스메디칼,KOSDAQ,KOSDAQ,6520,312295,2052809920,464872557440,71299472,2022-09-30
137950,제이씨케미칼,KOSDAQ,KOSDAQ,6450,133843,855035670,143627400300,22267814,2022-09-30
033320,제이씨현시스템,KOSDAQ,KOSDAQ,3770,35623,130909175,72061408640,19114432,2022-09-30
348950,제이알글로벌리츠,KOSPI,KOSPI,4510,771333,3427077880,890165760000,197376000,2022-09-30
204270,제이앤티씨,KOSDAQ,KOSDAQ,4460,30755,136550445,258004158360,57848466,2022-09-30
194370,제이에스코퍼레이션,KOSPI,KOSPI,14250,139006,1944391250,190032314250,13335601,2022-09-30
026040,제이에스티나,KOSDAQ,KOSDAQ,2425,28954,68431155,40021690750,16503790,2022-09-30
126880,제이엔케이히터,KOSDAQ,KOSDAQ,4690,169396,791412360,108830995070,23204903,2022-09-30
322510,제이엘케이,KOSDAQ,KOSDAQ,3400,9634,32326870,51844097600,15248264,2022-09-30
254160,제이엠멀티,KONEX,KONEX,3730,2,6990,19246800000,5160000,2022-09-30
033050,제이엠아이,KOSDAQ,KOSDAQ,997,98964,96563228,32481603974,32579342,2022-09-30
094970,제이엠티,KOSDAQ,KOSDAQ,3055,190309,576464285,51165873200,16748240,2022-09-30
058420,제이웨이,KOSDAQ,KOSDAQ,2160,0,0,7799412240,3610839,2022-09-30
025620,제이준코스메틱,KOSPI,KOSPI,415,4662640,1938555829,31947851210,76982774,2022-09-30
089790,제이티,KOSDAQ,KOSDAQ,6130,50198,303003380,63234094690,10315513,2022-09-30
030000,제일기획,KOSPI,KOSPI,22700,394659,8995000750,2611435807500,115041225,2022-09-30
052670,제일바이오,KOSDAQ,KOSDAQ,1440,106953,153692010,41945852160,29129064,2022-09-30
271980,제일약품,KOSPI,KOSPI,17300,9065,155232200,254394285600,14704872,2022-09-30
001560,제일연마,KOSPI,KOSPI,8300,47566,382518510,83000000000,10000000,2022-09-30
199820,제일전기공업,KOSDAQ,KOSDAQ,8970,15239,135617510,99656700000,11110000,2022-09-30
038010,제일테크노스,KOSDAQ,KOSDAQ,6560,85304,555319010,59040000000,9000000,2022-09-30
002620,제일파마홀딩스,KOSPI,KOSPI,9500,3760,34834780,151746872500,15973355,2022-09-30
276730,제주맥주,KOSDAQ,KOSDAQ,1630,201329,330756370,93189823730,57171671,2022-09-30
080220,제주반도체,KOSDAQ,KOSDAQ,3520,272720,942663020,121238772160,34442833,2022-09-30
006220,제주은행,KOSPI,KOSPI,8880,8258499,81037613050,285303513120,32128774,2022-09-30
089590,제주항공,KOSPI,KOSPI,12800,427694,5240125850,636923750400,49759668,2022-09-30
216080,제테마,KOSDAQ,KOSDAQ,13450,22721,300247500,239440383550,17802259,2022-09-30
229000,젠큐릭스,KOSDAQ,KOSDAQ,6660,402731,2682845560,44412796080,6668588,2022-09-30
248020,젬,KONEX,KONEX,2965,8,23150,14146163250,4771050,2022-09-30
082270,젬백스,KOSDAQ,KOSDAQ,11950,122696,1476239050,475763712850,39812863,2022-09-30
064800,젬백스링크,KOSDAQ,KOSDAQ,1050,126638,131935355,87934472850,83747117,2022-09-30
044060,조광ILI,KOSDAQ,KOSDAQ,1435,7018061,10090963800,137375684040,95732184,2022-09-30
004910,조광페인트,KOSPI,KOSPI,8200,362758,2970751520,104960000000,12800000,2022-09-30
004700,조광피혁,KOSPI,KOSPI,47950,389,18367150,318826167100,6649138,2022-09-30
001550,조비,KOSPI,KOSPI,14600,27868,405674300,75806689400,5192239,2022-09-30
000480,조선내화,KOSPI,KOSPI,74900,409,30643700,299600000000,4000000,2022-09-30
120030,조선선재,KOSPI,KOSPI,108500,27488,2944681500,136455133500,1257651,2022-09-30
034940,조아제약,KOSDAQ,KOSDAQ,2280,114154,258515260,70634005560,30979827,2022-09-30
067000,조이시티,KOSDAQ,KOSDAQ,3560,396792,1409185770,243908910840,68513739,2022-09-30
018470,조일알미늄,KOSPI,KOSPI,2430,22753097,55225131625,305771082030,125831721,2022-09-30
002600,조흥,KOSPI,KOSPI,183000,60,11054000,109800000000,600000,2022-09-30
185750,종근당,KOSPI,KOSPI,78600,21131,1659934900,942259786800,11988038,2022-09-30
063160,종근당바이오,KOSPI,KOSPI,21500,8671,186356900,117948183000,5485962,2022-09-30
001630,종근당홀딩스,KOSPI,KOSPI,50400,1729,87052750,252496994400,5009861,2022-09-30
033340,좋은사람들,KOSDAQ,KOSDAQ,1055,0,0,52653176320,49908224,2022-09-30
036930,주성엔지니어링,KOSDAQ,KOSDAQ,11600,1197916,13767570050,559690859200,48249212,2022-09-30
044380,주연테크,KOSPI,KOSPI,605,208492,123955509,35815542620,59199244,2022-09-30
239340,줌인터넷,KOSDAQ,KOSDAQ,3005,117663,351202015,81073800170,26979634,2022-09-30
051980,중앙디앤엠,KOSDAQ,KOSDAQ,433,84029,36472379,15876044157,36665229,2022-09-30
072020,중앙백신,KOSDAQ,KOSDAQ,10200,22068,225038450,101592000000,9960000,2022-09-30
000440,중앙에너비스,KOSDAQ,KOSDAQ,20900,202627,4233956700,130147017000,6227130,2022-09-30
078650,지나인제약,KOSDAQ,KOSDAQ,2120,0,0,8647007240,4078777,2022-09-30
228760,지노믹트리,KOSDAQ,KOSDAQ,8690,39246,337666310,180119385380,20727202,2022-09-30
314130,지놈앤컴퍼니,KOSDAQ,KOSDAQ,16650,30429,506489750,234424024650,14079521,2022-09-30
013890,지누스,KOSPI,KOSPI,34800,46321,1616801100,599688598800,17232431,2022-09-30
389030,지니너스,KOSDAQ,KOSDAQ,2045,90202,182906150,66683247525,32607945,2022-09-30
043610,지니뮤직,KOSDAQ,KOSDAQ,3525,489511,1743213725,204856918950,58115438,2022-09-30
263860,지니언스,KOSDAQ,KOSDAQ,7790,8499,65535440,73573434000,9444600,2022-09-30
303030,지니틱스,KOSDAQ,KOSDAQ,2035,2343975,5025264495,72742434380,35745668,2022-09-30
036180,지더블유바이텍,KOSDAQ,KOSDAQ,644,81438,51034050,31680670028,49193587,2022-09-30
208350,지란지교시큐리티,KOSDAQ,KOSDAQ,4215,1166530,5265237080,37254484035,8838549,2022-09-30
144510,지씨셀,KOSDAQ,KOSDAQ,46350,51488,2403266500,732345944400,15800344,2022-09-30
382480,지아이텍,KOSDAQ,KOSDAQ,3295,1350519,4480908585,129681776300,39357140,2022-09-30
382800,지앤비에스엔지니어링,KOSDAQ,KOSDAQ,12400,46590,571677150,89163663200,7190618,2022-09-30
299480,지앤이헬스케어,KONEX,KONEX,749,5,3604,8314456507,11100743,2022-09-30
051160,지어소프트,KOSDAQ,KOSDAQ,8810,62689,545899690,136329728300,15474430,2022-09-30
053050,지에스이,KOSDAQ,KOSDAQ,5420,8191985,45448268210,162532775740,29987597,2022-09-30
119850,지엔씨에너지,KOSDAQ,KOSDAQ,3475,84767,293116390,57159958775,16448909,2022-09-30
270520,지엔원에너지,KOSDAQ,KOSDAQ,2140,716496,1505110630,66787063120,31208908,2022-09-30
065060,지엔코,KOSDAQ,KOSDAQ,421,184445,75797108,41261386524,98008044,2022-09-30
204840,지엘팜텍,KOSDAQ,KOSDAQ,744,124968,91526447,46205421384,62104061,2022-09-30
013870,지엠비코리아,KOSPI,KOSPI,4360,34532,146924210,83155140800,19072280,2022-09-30
071320,지역난방공사,KOSPI,KOSPI,29300,4450,133422400,339257199200,11578744,2022-09-30
311320,지오엘리먼트,KOSDAQ,KOSDAQ,15800,58528,918273400,99655024000,6307280,2022-09-30
035000,지투알,KOSPI,KOSPI,5810,18596,107245650,96256646290,16567409,2022-09-30
388050,지투파워,KOSDAQ,KOSDAQ,6080,796203,4801543550,110762710080,18217551,2022-09-30
219750,지티지웰니스,KOSDAQ,KOSDAQ,1425,0,0,27234074175,19111631,2022-09-30
088790,진도,KOSPI,KOSPI,2500,40055,97418480,31119360000,12447744,2022-09-30
018120,진로발효,KOSDAQ,KOSDAQ,21150,2272,48179900,140036688000,6621120,2022-09-30
109820,진매트릭스,KOSDAQ,KOSDAQ,4700,201648,940467310,95850108000,20393640,2022-09-30
086060,진바이오텍,KOSDAQ,KOSDAQ,4180,345230,1421694600,35992253660,8610587,2022-09-30
036890,진성티이씨,KOSDAQ,KOSDAQ,8260,103364,843218600,185703533680,22482268,2022-09-30
363250,진시스템,KOSDAQ,KOSDAQ,7300,126250,882795380,50521694000,6920780,2022-09-30
003780,진양산업,KOSPI,KOSPI,6760,49510,328998350,87880000000,13000000,2022-09-30
007370,진양제약,KOSDAQ,KOSDAQ,5720,12860,71747410,68640000000,12000000,2022-09-30
010640,진양폴리,KOSPI,KOSPI,5840,53142,304551700,58400000000,10000000,2022-09-30
100250,진양홀딩스,KOSPI,KOSPI,3100,52311,160476200,173275405200,55895292,2022-09-30
051630,진양화학,KOSPI,KOSPI,3810,50578,190105275,60198000000,15800000,2022-09-30
272450,진에어,KOSPI,KOSPI,16200,162725,2640842300,845640000000,52200000,2022-09-30
011000,진원생명과학,KOSPI,KOSPI,9520,319956,3026177140,740195222480,77751599,2022-09-30
250030,진코스텍,KONEX,KONEX,4200,302,1207795,10875215400,2589337,2022-09-30
002780,진흥기업,KOSPI,KOSPI,1305,1575921,2018235260,189840627225,145471745,2022-09-30
002787,진흥기업2우B,KOSPI,KOSPI,13450,1760,22818000,3965167600,294808,2022-09-30
002785,진흥기업우B,KOSPI,KOSPI,4950,42,208680,4243229100,857218,2022-09-30
233990,질경이,KONEX,KONEX,727,2512,1585169,10153511732,13966316,2022-09-30
085660,차바이오텍,KOSDAQ,KOSDAQ,14250,200171,2883147350,801823531500,56268318,2022-09-30
261780,차백신연구소,KOSDAQ,KOSDAQ,4855,112505,540102440,128313581510,26429162,2022-09-30
009310,참엔지니어링,KOSPI,KOSPI,752,431269,319695593,44268299088,58867419,2022-09-30
158310,참존글로벌,KOSDAQ,KOSDAQ,1680,0,0,80373095040,47841128,2022-09-30
094850,참좋은여행,KOSDAQ,KOSDAQ,10200,139653,1433855450,142800000000,14000000,2022-09-30
004650,창해에탄올,KOSDAQ,KOSDAQ,11000,17266,186007400,101099735000,9190885,2022-09-30
278280,천보,KOSDAQ,KOSDAQ,178300,56327,9998322800,1783000000000,10000000,2022-09-30
000650,천일고속,KOSPI,KOSPI,58100,260,15110900,83037682000,1429220,2022-09-30
140290,청광건설,KONEX,KONEX,570,2,1140,6016407000,10555100,2022-09-30
362320,청담글로벌,KOSDAQ,KOSDAQ,8040,787172,6400891610,165232371600,20551290,2022-09-30
066360,체리부로,KOSDAQ,KOSDAQ,926,12046,10893597,43403961854,46872529,2022-09-30
033250,체시스,KOSPI,KOSPI,1060,3322083,3602148827,33920000000,32000000,2022-09-30
047820,초록뱀미디어,KOSDAQ,KOSDAQ,11700,75059,863470700,254038613400,21712702,2022-09-30
131100,초록뱀이앤엠,KOSDAQ,KOSDAQ,2665,20704,55899945,71510488660,26833204,2022-09-30
052300,초록뱀컴퍼니,KOSDAQ,KOSDAQ,586,263482,152977135,67436881172,115080002,2022-09-30
118000,초록뱀헬스케어,KOSPI,KOSPI,604,216716,129374233,51161810940,84704985,2022-09-30
094360,칩스앤미디어,KOSDAQ,KOSDAQ,14100,97807,1357484200,135928441500,9640315,2022-09-30
016790,카나리아바이오,KOSDAQ,KOSDAQ,22450,8576200,198770969450,997588604100,44436018,2022-09-30
016920,카스,KOSDAQ,KOSDAQ,1680,161764,267373005,44509143840,26493538,2022-09-30
284620,카이노스메드,KOSDAQ,KOSDAQ,3730,230171,815094235,104150537080,27922396,2022-09-30
035720,카카오,KOSPI,KOSPI,57100,1882206,107097953200,25427268492200,445311182,2022-09-30
293490,카카오게임즈,KOSDAQ,KOSDAQ,42650,548103,23206659300,3507297885050,82234417,2022-09-30
323410,카카오뱅크,KOSPI,KOSPI,20050,3572107,71807493650,9556360061850,476626437,2022-09-30
377300,카카오페이,KOSPI,KOSPI,49100,352813,17387375300,6512178024700,132630917,2022-09-30
042000,카페24,KOSDAQ,KOSDAQ,10750,77931,832995150,241844878500,22497198,2022-09-30
006380,카프로,KOSPI,KOSPI,2265,48172,106939410,90600000000,40000000,2022-09-30
317530,캐리소프트,KOSDAQ,KOSDAQ,4950,51520,249352680,34457920200,6961196,2022-09-30
071850,캐스텍코리아,KOSDAQ,KOSDAQ,1985,862007,1636622005,32889838180,16569188,2022-09-30
050110,캠시스,KOSDAQ,KOSDAQ,1815,2193459,3971898360,133990774170,73824118,2022-09-30
223310,커머스마이너,KOSDAQ,KOSDAQ,3320,0,0,50836291520,15312136,2022-09-30
109070,컨버즈,KOSPI,KOSPI,4100,0,0,150921943000,36810230,2022-09-30
900310,컬러레이,KOSDAQ,KOSDAQ,821,195621,161734321,52578215175,64041675,2022-09-30
078340,컴투스,KOSDAQ,KOSDAQ,77300,162357,12570176100,994574266000,12866420,2022-09-30
063080,컴투스홀딩스,KOSDAQ,KOSDAQ,43400,60235,2580300000,286231332800,6595192,2022-09-30
307930,컴퍼니케이,KOSDAQ,KOSDAQ,4800,21969,103991050,74928000000,15610000,2022-09-30
079190,케스피온,KOSDAQ,KOSDAQ,1305,157237,204355415,41478377085,31784197,2022-09-30
263700,케어랩스,KOSDAQ,KOSDAQ,7830,577458,4488110520,141751610820,18103654,2022-09-30
214370,케어젠,KOSDAQ,KOSDAQ,115000,64861,7577804900,1235445000000,10743000,2022-09-30
221980,케이디켐,KOSDAQ,KOSDAQ,12600,47875,595895550,50838480000,4034800,2022-09-30
001620,케이비아이동국실업,KOSPI,KOSPI,532,134763,71693155,46436154128,87286004,2022-09-30
342550,케이비제20호스팩,KOSDAQ,KOSDAQ,2085,293605,611363040,13554585000,6501000,2022-09-30
424140,케이비제21호스팩,KOSDAQ,KOSDAQ,2085,55134,115167445,16075350000,7710000,2022-09-30
436530,케이비제22호스팩,KOSDAQ,KOSDAQ,2100,33477,70186330,10962000000,5220000,2022-09-30
192250,케이사인,KOSDAQ,KOSDAQ,1445,366447,526588450,102119966365,70671257,2022-09-30
029460,케이씨,KOSPI,KOSPI,14150,27088,384365200,191789722600,13554044,2022-09-30
115500,케이씨에스,KOSDAQ,KOSDAQ,4810,29512,140246305,57720000000,12000000,2022-09-30
281820,케이씨텍,KOSPI,KOSPI,13650,28699,385732700,284760239400,20861556,2022-09-30
089150,케이씨티,KOSDAQ,KOSDAQ,3975,67653,262788835,68171250000,17150000,2022-09-30
025880,케이씨피드,KOSDAQ,KOSDAQ,2710,686307,1900731465,45299975180,16715858,2022-09-30
093320,케이아이엔엑스,KOSDAQ,KOSDAQ,50300,5862,292654850,245464000000,4880000,2022-09-30
073010,케이에스피,KOSDAQ,KOSDAQ,1820,221721,396248575,65869907740,36192257,2022-09-30
105330,케이엔더블유,KOSDAQ,KOSDAQ,7940,49009,387456330,96354933080,12135382,2022-09-30
272110,케이엔제이,KOSDAQ,KOSDAQ,10300,20909,216578150,81837568500,7945395,2022-09-30
039420,케이엘넷,KOSDAQ,KOSDAQ,2410,62604,148723690,58212899300,24154730,2022-09-30
083550,케이엠,KOSDAQ,KOSDAQ,5610,21570,120119040,63121565760,11251616,2022-09-30
032500,케이엠더블유,KOSDAQ,KOSDAQ,26250,115455,3044805950,1045298178750,39820883,2022-09-30
225430,케이엠제약,KOSDAQ,KOSDAQ,1205,33060,39339625,33603895250,27887050,2022-09-30
102370,케이옥션,KOSDAQ,KOSDAQ,4890,200984,985441645,132881520150,27174135,2022-09-30
381970,케이카,KOSPI,KOSPI,13700,345982,4873016550,658785502100,48086533,2022-09-30
145270,케이탑리츠,KOSPI,KOSPI,922,62788,57642872,44312033628,48060774,2022-09-30
036030,케이티알파,KOSDAQ,KOSDAQ,5200,65716,328657250,254900271600,49019283,2022-09-30
064820,케이프,KOSDAQ,KOSDAQ,4425,84184,364742000,136740146400,30901728,2022-09-30
347140,케이프이에스제4호,KOSDAQ,KOSDAQ,2025,403,814080,6093225000,3009000,2022-09-30
256940,케이피에스,KOSDAQ,KOSDAQ,4770,9441,44497480,89431098660,18748658,2022-09-30
024880,케이피에프,KOSDAQ,KOSDAQ,7170,1534600,11195113220,140734810620,19628286,2022-09-30
042040,케이피엠테크,KOSDAQ,KOSDAQ,345,494992,170495668,55386994140,160542012,2022-09-30
054410,케이피티유,KOSDAQ,KOSDAQ,5040,5698,28340975,25502400000,5060000,2022-09-30
258610,케일럼,KOSDAQ,KOSDAQ,3185,63909,202073000,70537436970,22146762,2022-09-30
274090,켄코아에어로스페이스,KOSDAQ,KOSDAQ,13200,236990,3010596450,161668953600,12247648,2022-09-30
402420,켈스,KONEX,KONEX,15000,150,2200000,33398100000,2226540,2022-09-30
217600,켐온,KOSDAQ,KOSDAQ,1995,316603,629008325,127403373300,63861340,2022-09-30
089010,켐트로닉스,KOSDAQ,KOSDAQ,15700,61067,951132550,233273064900,14858157,2022-09-30
220260,켐트로스,KOSDAQ,KOSDAQ,8390,940002,8119192330,222824195730,26558307,2022-09-30
176590,코나솔,KONEX,KONEX,8020,2585,20273260,46703130660,5823333,2022-09-30
052400,코나아이,KOSDAQ,KOSDAQ,15550,90973,1410582600,241944284900,15559118,2022-09-30
402030,코난테크놀로지,KOSDAQ,KOSDAQ,24850,199381,5119558700,141159033400,5680444,2022-09-30
391710,코닉오토메이션,KOSDAQ,KOSDAQ,4445,1923476,8634941205,178747771790,40213222,2022-09-30
046070,코다코,KOSDAQ,KOSDAQ,925,65408,59798385,36134436800,39064256,2022-09-30
047770,코데즈컴바인,KOSDAQ,KOSDAQ,1710,200273,342989715,64710849420,37842602,2022-09-30
078940,코드네이처,KOSDAQ,KOSDAQ,1210,127066,152167340,46713101490,38605869,2022-09-30
080530,코디,KOSDAQ,KOSDAQ,1705,321735,538685025,48236663090,28291298,2022-09-30
224060,코디엠,KOSDAQ,KOSDAQ,400,563807,224648554,24284971600,60712429,2022-09-30
417310,코람코더원리츠,KOSPI,KOSPI,4485,88718,398207050,181194000000,40400000,2022-09-30
357120,코람코에너지리츠,KOSPI,KOSPI,4775,122336,585733645,422752113350,88534474,2022-09-30
104540,코렌텍,KOSDAQ,KOSDAQ,9510,17742,166286320,117432523200,12348320,2022-09-30
027050,코리아나,KOSDAQ,KOSDAQ,2945,362870,1066010900,117800000000,40000000,2022-09-30
290510,코리아센터,KOSDAQ,KOSDAQ,4730,169417,792473265,541747929580,114534446,2022-09-30
007815,코리아써우,KOSPI,KOSPI,6200,1077,6478200,18381078000,2964690,2022-09-30
007810,코리아써키트,KOSPI,KOSPI,13350,230202,3046719350,315337025850,23620751,2022-09-30
00781K,코리아써키트2우B,KOSPI,KOSPI,7990,224,1750520,6261755010,783699,2022-09-30
190650,코리아에셋투자증권,KOSDAQ,KOSDAQ,7440,16156,120034780,47526720000,6388000,2022-09-30
101670,코리아에스이,KOSDAQ,KOSDAQ,14900,4818747,64606267450,281610000000,18900000,2022-09-30
123410,코리아에프티,KOSDAQ,KOSDAQ,2895,4885751,14777945015,80599880280,27841064,2022-09-30
003690,코리안리,KOSPI,KOSPI,7850,278911,2158086778,944897560600,120369116,2022-09-30
036690,코맥스,KOSDAQ,KOSDAQ,2885,22310,65090360,44986027145,15593077,2022-09-30
049430,코메론,KOSDAQ,KOSDAQ,8960,21877,194291490,81070080000,9048000,2022-09-30
183300,코미코,KOSDAQ,KOSDAQ,39850,58849,2343885200,399314812950,10020447,2022-09-30
041960,코미팜,KOSDAQ,KOSDAQ,7100,75580,535960330,455719719600,64185876,2022-09-30
089890,코세스,KOSDAQ,KOSDAQ,7270,187012,1378764120,120572673740,16584962,2022-09-30
009730,코센,KOSDAQ,KOSDAQ,2715,0,0,53431463355,19680097,2022-09-30
189350,코셋,KONEX,KONEX,2205,1,2205,10584000000,4800000,2022-09-30
082660,코스나인,KOSDAQ,KOSDAQ,909,964872,873432462,45203962788,49729332,2022-09-30
192820,코스맥스,KOSPI,KOSPI,50300,120064,6063183200,570880302700,11349509,2022-09-30
044820,코스맥스비티아이,KOSPI,KOSPI,7660,16321,124490640,73566034860,9603921,2022-09-30
222040,코스맥스엔비티,KOSDAQ,KOSDAQ,3900,63440,247574950,80449200000,20628000,2022-09-30
241710,코스메카코리아,KOSDAQ,KOSDAQ,7770,14452,110716920,82983600000,10680000,2022-09-30
005070,코스모신소재,KOSPI,KOSPI,50500,594069,30105204450,1547863178000,30650756,2022-09-30
005420,코스모화학,KOSPI,KOSPI,22800,2428178,54735990600,798187598400,35008228,2022-09-30
069110,코스온,KOSDAQ,KOSDAQ,2630,0,0,62963935800,23940660,2022-09-30
169670,코스텍시스템,KONEX,KONEX,8990,915,8106640,25786924990,2868401,2022-09-30
071950,코아스,KOSPI,KOSPI,770,90552,68577412,23798551700,30907210,2022-09-30
166480,코아스템,KOSDAQ,KOSDAQ,9390,109100,1010888790,149602728870,15932133,2022-09-30
045970,코아시아,KOSDAQ,KOSDAQ,6400,175387,1119645950,168415206400,26314876,2022-09-30
196450,코아시아옵틱스,KOSDAQ,KOSDAQ,1470,68139,98931880,60611960220,41232626,2022-09-30
029960,코엔텍,KOSDAQ,KOSDAQ,8110,125370,1017258370,405500000000,50000000,2022-09-30
002020,코오롱,KOSPI,KOSPI,22400,48503,1096622550,282831942400,12626426,2022-09-30
003070,코오롱글로벌,KOSPI,KOSPI,15050,31238,458256250,379417091900,25210438,2022-09-30
003075,코오롱글로벌우,KOSPI,KOSPI,26500,1127,30006600,8289279500,312803,2022-09-30
102940,코오롱생명과학,KOSDAQ,KOSDAQ,39450,19538,759719250,450217444200,11412356,2022-09-30
002025,코오롱우,KOSPI,KOSPI,16750,1333,22328950,18029532500,1076390,2022-09-30
120110,코오롱인더,KOSPI,KOSPI,42300,132765,5580116250,1164057549300,27519091,2022-09-30
120115,코오롱인더우,KOSPI,KOSPI,24150,2688,64794250,66843819000,2767860,2022-09-30
950160,코오롱티슈진,KOSDAQ,KOSDAQ,8010,0,0,551809300500,68890050,2022-09-30
138490,코오롱플라스틱,KOSPI,KOSPI,9560,342410,3265589740,363280000000,38000000,2022-09-30
056000,코원플레이,KOSDAQ,KOSDAQ,2860,0,0,56399843500,19720225,2022-09-30
021240,코웨이,KOSPI,KOSPI,53900,246517,13595164300,3977799464100,73799619,2022-09-30
033290,코웰패션,KOSDAQ,KOSDAQ,5270,146906,774268650,466396233180,88500234,2022-09-30
056360,코위버,KOSDAQ,KOSDAQ,6400,31064,196495330,62699520000,9796800,2022-09-30
282880,코윈테크,KOSDAQ,KOSDAQ,25000,128676,3235216450,243759325000,9750373,2022-09-30
121850,코이즈,KOSDAQ,KOSDAQ,2605,241649,624369265,51094925875,19614175,2022-09-30
015710,코콤,KOSDAQ,KOSDAQ,3880,48771,194205410,68018340000,17530500,2022-09-30
052330,코텍,KOSDAQ,KOSDAQ,9870,152511,1525421310,153720828240,15574552,2022-09-30
322780,코퍼스코리아,KOSDAQ,KOSDAQ,1885,107500,200726800,67399445490,35755674,2022-09-30
126600,코프라,KOSDAQ,KOSDAQ,4905,133978,653580425,144873560070,29535894,2022-09-30
036420,콘텐트리중앙,KOSPI,KOSPI,26550,100234,2633152800,509025069450,19172319,2022-09-30
200130,콜마비앤에이치,KOSDAQ,KOSDAQ,22600,70567,1558084000,667684410800,29543558,2022-09-30
031820,콤텍시스템,KOSPI,KOSPI,634,422022,262652382,76746629444,121051466,2022-09-30
294570,쿠콘,KOSDAQ,KOSDAQ,25500,20348,513915850,257337967500,10091685,2022-09-30
192400,쿠쿠홀딩스,KOSPI,KOSPI,16450,14291,235887300,584997943250,35562185,2022-09-30
284740,쿠쿠홈시스,KOSPI,KOSPI,28100,19612,558133300,630488973000,22437330,2022-09-30
317690,퀀타매트릭스,KOSDAQ,KOSDAQ,5450,137579,749173770,89812789950,16479411,2022-09-30
365270,큐라클,KOSDAQ,KOSDAQ,12500,75046,933997150,172374600000,13789968,2022-09-30
060280,큐렉소,KOSDAQ,KOSDAQ,6360,63194,391826990,247449092400,38907090,2022-09-30
015590,큐로,KOSPI,KOSPI,327,162122,52158051,75606205626,231211638,2022-09-30
040350,큐로컴,KOSDAQ,KOSDAQ,784,163292,127323241,98763202048,125973472,2022-09-30
051780,큐로홀딩스,KOSDAQ,KOSDAQ,406,212123,85063285,50515514700,124422450,2022-09-30
115180,큐리언트,KOSDAQ,KOSDAQ,30300,0,0,269168898600,8883462,2022-09-30
182360,큐브엔터,KOSDAQ,KOSDAQ,16150,164434,2569705950,222945695050,13804687,2022-09-30
066310,큐에스아이,KOSDAQ,KOSDAQ,8790,113921,996685470,81497548590,9271621,2022-09-30
136660,큐엠씨,KONEX,KONEX,2200,1010,2188205,20776360000,9443800,2022-09-30
016600,큐캐피탈,KOSDAQ,KOSDAQ,424,1363385,572553550,75576775488,178247112,2022-09-30
264900,크라운제과,KOSPI,KOSPI,7960,50559,398392380,99689846000,12523850,2022-09-30
26490K,크라운제과우,KOSPI,KOSPI,10600,5800,60554550,8199736000,773560,2022-09-30
005740,크라운해태홀딩스,KOSPI,KOSPI,6000,28782,171951390,89084082000,14847347,2022-09-30
005745,크라운해태홀딩스우,KOSPI,KOSPI,10050,729,7359550,6037296300,600726,2022-09-30
259960,크래프톤,KOSPI,KOSPI,210000,133112,27875568000,10305129450000,49072045,2022-09-30
096240,크레버스,KOSDAQ,KOSDAQ,19950,34390,673358600,230298091800,11543764,2022-09-30
215570,크로넥스,KONEX,KONEX,2650,620,1629300,13456851050,5078057,2022-09-30
043590,크로바하이텍,KOSDAQ,KOSDAQ,1665,1209648,2072586565,59533145595,35755643,2022-09-30
114120,크루셜텍,KOSDAQ,KOSDAQ,10850,0,0,24913021350,2296131,2022-09-30
110790,크리스에프앤씨,KOSDAQ,KOSDAQ,22600,20546,461226350,264769848000,11715480,2022-09-30
900250,크리스탈신소재,KOSDAQ,KOSDAQ,825,156373,126821614,79110107175,95891039,2022-09-30
083790,크리스탈지노믹스,KOSDAQ,KOSDAQ,3075,142509,435318870,212932944450,69246486,2022-09-30
045520,크린앤사이언스,KOSDAQ,KOSDAQ,6900,16296,110817420,44850000000,6500000,2022-09-30
036170,클라우드에어,KOSDAQ,KOSDAQ,1010,186210,188326800,61979282260,61365626,2022-09-30
214150,클래시스,KOSDAQ,KOSDAQ,13500,419498,5716450250,874485477000,64776702,2022-09-30
352770,클리노믹스,KOSDAQ,KOSDAQ,6450,29000,184815390,87849909450,13620141,2022-09-30
237880,클리오,KOSDAQ,KOSDAQ,14350,72334,1041370300,259323915550,18071353,2022-09-30
139670,키네마스터,KOSDAQ,KOSDAQ,7400,41047,301550290,100242671800,13546307,2022-09-30
020120,키다리스튜디오,KOSPI,KOSPI,6760,107847,726241430,247421009160,36600741,2022-09-30
413600,키움제6호스팩,KOSDAQ,KOSDAQ,2150,69430,149252630,7374500000,3430000,2022-09-30
433530,키움제7호스팩,KOSDAQ,KOSDAQ,2110,45944,97050085,8661550000,4105000,2022-09-30
039490,키움증권,KOSPI,KOSPI,75700,52339,3937146800,1984817134100,26219513,2022-09-30
054780,키이스트,KOSDAQ,KOSDAQ,6190,62322,381828890,121000838670,19547793,2022-09-30
336040,타스컴,KONEX,KONEX,18500,14,259000,75316700500,4071173,2022-09-30
219130,타이거일렉,KOSDAQ,KOSDAQ,17950,55738,994740150,113341505500,6314290,2022-09-30
318660,타임기술,KONEX,KONEX,1800,39,67695,3873781800,2152101,2022-09-30
180060,탑선,KONEX,KONEX,9530,3823,36765690,88073076980,9241666,2022-09-30
065130,탑엔지니어링,KOSDAQ,KOSDAQ,5220,32311,166674980,83396061540,15976257,2022-09-30
134580,탑코미디어,KOSDAQ,KOSDAQ,6040,34576,205250960,79206053400,13113585,2022-09-30
014580,태경비케이,KOSPI,KOSPI,5240,869627,4532382160,144535444000,27583100,2022-09-30
015890,태경산업,KOSPI,KOSPI,6600,169596,1124979790,192909750000,29228750,2022-09-30
006890,태경케미컬,KOSPI,KOSPI,10450,71436,729068060,121220000000,11600000,2022-09-30
023160,태광,KOSDAQ,KOSDAQ,16400,763981,12525662500,434600000000,26500000,2022-09-30
003240,태광산업,KOSPI,KOSPI,703000,480,339768000,782720200000,1113400,2022-09-30
011280,태림포장,KOSPI,KOSPI,2450,65182,159055315,173474553000,70805940,2022-09-30
323280,태성,KOSDAQ,KOSDAQ,1435,73646,104776180,34644100050,24142230,2022-09-30
053620,태양,KOSDAQ,KOSDAQ,7430,7890,57883250,63898000000,8600000,2022-09-30
004100,태양금속,KOSPI,KOSPI,1090,105797,113231335,40003000000,36700000,2022-09-30
004105,태양금속우,KOSPI,KOSPI,1900,7750,14680290,6270000000,3300000,2022-09-30
116100,태양기계,KONEX,KONEX,984,5,4773,6140146224,6239986,2022-09-30
009410,태영건설,KOSPI,KOSPI,4705,94535,445795280,183020256090,38899098,2022-09-30
009415,태영건설우,KOSPI,KOSPI,7590,1701,12863880,9883257780,1302142,2022-09-30
044490,태웅,KOSDAQ,KOSDAQ,10000,55905,558472140,200073810000,20007381,2022-09-30
124560,태웅로직스,KOSDAQ,KOSDAQ,4450,347882,1545099950,170953798800,38416584,2022-09-30
001420,태원물산,KOSPI,KOSPI,4010,5510,21718825,30476000000,7600000,2022-09-30
007980,태평양물산,KOSPI,KOSPI,1410,298573,422710140,67890917670,48149587,2022-09-30
191420,테고사이언스,KOSDAQ,KOSDAQ,15500,11884,184983900,125686927000,8108834,2022-09-30
073640,테라사이언스,KOSDAQ,KOSDAQ,1350,163587,214969760,111007763550,82227973,2022-09-30
182690,테라셈,KOSDAQ,KOSDAQ,96,0,0,2031662208,21163148,2022-09-30
066700,테라젠이텍스,KOSDAQ,KOSDAQ,3950,54920,215799595,128274018250,32474435,2022-09-30
095610,테스,KOSDAQ,KOSDAQ,15250,76782,1172999600,301465446500,19768226,2022-09-30
055490,테이팩스,KOSPI,KOSPI,69000,10776,739988700,325517850000,4717650,2022-09-30
308700,테크엔,KONEX,KONEX,703,2,1408,2812000000,4000000,2022-09-30
089030,테크윙,KOSDAQ,KOSDAQ,5490,310508,1682672070,205071511050,37353645,2022-09-30
258050,테크트랜스,KONEX,KONEX,1140,375,427615,11080903740,9720091,2022-09-30
054450,텔레칩스,KOSDAQ,KOSDAQ,13100,164875,2148560650,181512434100,13855911,2022-09-30
091440,텔레필드,KOSDAQ,KOSDAQ,2315,200218,455481915,23088955765,9973631,2022-09-30
078000,텔코웨어,KOSPI,KOSPI,8800,8028,70497680,85383812800,9702706,2022-09-30
200230,텔콘RF제약,KOSDAQ,KOSDAQ,1075,167779,177498695,116749622500,108604300,2022-09-30
214420,토니모리,KOSPI,KOSPI,3790,110602,414206105,91167688210,24054799,2022-09-30
393210,토마토시스템,KONEX,KONEX,10400,2,20800,39868088000,3833470,2022-09-30
215480,토박스코리아,KOSDAQ,KOSDAQ,4665,60199,272637855,44853774405,9614957,2022-09-30
051360,토비스,KOSDAQ,KOSDAQ,7970,76462,606204340,130843952260,16417058,2022-09-30
045340,토탈소프트,KOSDAQ,KOSDAQ,4440,48499,209200660,37997697600,8558040,2022-09-30
108230,톱텍,KOSDAQ,KOSDAQ,6020,112403,676510010,228899934900,38023245,2022-09-30
079970,투비소프트,KOSDAQ,KOSDAQ,1025,819707,824472795,45303894025,44198921,2022-09-30
199800,툴젠,KOSDAQ,KOSDAQ,59500,345322,20281256800,467219406500,7852427,2022-09-30
105550,트루윈,KOSDAQ,KOSDAQ,2455,148413,354147730,108836218760,44332472,2022-09-30
290090,트윔,KOSDAQ,KOSDAQ,15100,23571,342790750,111097102400,7357424,2022-09-30
026150,특수건설,KOSDAQ,KOSDAQ,7880,154725,1213938590,138265088280,17546331,2022-09-30
322180,티라유텍,KOSDAQ,KOSDAQ,7470,3852,28301910,41019637500,5491250,2022-09-30
117730,티로보틱스,KOSDAQ,KOSDAQ,6520,212153,1385799230,92261240440,14150497,2022-09-30
033830,티비씨,KOSDAQ,KOSDAQ,1000,381479,384345483,100000000000,100000000,2022-09-30
057680,티사이언티픽,KOSDAQ,KOSDAQ,2875,278689,810262365,159414308125,55448455,2022-09-30
064760,티씨케이,KOSDAQ,KOSDAQ,88300,26278,2319407400,1030902500000,11675000,2022-09-30
246710,티앤알바이오팹,KOSDAQ,KOSDAQ,13100,70223,919316600,272374728400,20791964,2022-09-30
340570,티앤엘,KOSDAQ,KOSDAQ,37050,43098,1579518650,301142400000,8128000,2022-09-30
043220,티에스넥스젠,KOSDAQ,KOSDAQ,1005,276370,276445981,106137086205,105609041,2022-09-30
277880,티에스아이,KOSDAQ,KOSDAQ,8400,79135,678315310,156604156800,18643352,2022-09-30
131290,티에스이,KOSDAQ,KOSDAQ,40400,62146,2498532800,446881731600,11061429,2022-09-30
019180,티에이치엔,KOSPI,KOSPI,3510,257489,920757670,63180000000,18000000,2022-09-30
356860,티엘비,KOSDAQ,KOSDAQ,32400,55932,1778326850,159288606000,4916315,2022-09-30
062860,티엘아이,KOSDAQ,KOSDAQ,5690,9005,52541640,56175776800,9872720,2022-09-30
413300,티엘엔지니어링,KONEX,KONEX,8650,7,60550,10380000000,1200000,2022-09-30
363280,티와이홀딩스,KOSPI,KOSPI,12050,52433,620726100,613697679400,50929268,2022-09-30
36328K,티와이홀딩스우,KOSPI,KOSPI,12800,1264,16024750,16068326400,1255338,2022-09-30
321550,티움바이오,KOSDAQ,KOSDAQ,12850,40842,528202750,308201159100,23984526,2022-09-30
091810,티웨이항공,KOSPI,KOSPI,1715,459272,783755885,274966428485,160330279,2022-09-30
004870,티웨이홀딩스,KOSPI,KOSPI,464,355346,161680443,50795085488,109472167,2022-09-30
104480,티케이케미칼,KOSDAQ,KOSDAQ,3160,658639,2084483160,287229571440,90895434,2022-09-30
081150,티플랙스,KOSDAQ,KOSDAQ,3830,554399,2127220195,92947979660,24268402,2022-09-30
130740,티피씨글로벌,KOSDAQ,KOSDAQ,2665,38887,103170930,30052349535,11276679,2022-09-30
217880,틸론,KONEX,KONEX,11400,68,764350,60575553000,5313645,2022-09-30
084730,팅크웨어,KOSDAQ,KOSDAQ,12950,22854,297246050,135012581900,10425682,2022-09-30
046210,파나진,KOSDAQ,KOSDAQ,3295,70791,221698000,105890294700,32136660,2022-09-30
058530,파나케이아,KOSDAQ,KOSDAQ,1620,0,0,29287053360,18078428,2022-09-30
034230,파라다이스,KOSDAQ,KOSDAQ,15400,637828,9824294200,1400517148800,90942672,2022-09-30
033540,파라텍,KOSDAQ,KOSDAQ,1105,156162,166405115,55996293795,50675379,2022-09-30
043200,파루,KOSDAQ,KOSDAQ,882,121703,107478746,36871405830,41804315,2022-09-30
214450,파마리서치,KOSDAQ,KOSDAQ,56600,36023,2017739400,572335238000,10111930,2022-09-30
217950,파마리서치바이오,KONEX,KONEX,26950,574,15156650,109131087450,4049391,2022-09-30
208340,파멥신,KOSDAQ,KOSDAQ,4720,7805997,34722084175,121203869920,25678786,2022-09-30
005690,파미셀,KOSPI,KOSPI,10300,452371,4685350450,617577185000,59958950,2022-09-30
177830,파버나인,KOSDAQ,KOSDAQ,3690,70220,258499420,52725498570,14288753,2022-09-30
037070,파세코,KOSDAQ,KOSDAQ,12200,861806,10345590650,244000000000,20000000,2022-09-30
150900,파수,KOSDAQ,KOSDAQ,9360,28212,263152000,108902869920,11634922,2022-09-30
037030,파워넷,KOSDAQ,KOSDAQ,3070,3446507,11897703145,54224034640,17662552,2022-09-30
047310,파워로직스,KOSDAQ,KOSDAQ,5070,149658,755438300,174514378740,34420982,2022-09-30
266870,파워풀엑스,KONEX,KONEX,1305,3,4145,8363327400,6408680,2022-09-30
368770,파이버프로,KOSDAQ,KOSDAQ,2575,55459,142219100,82565379375,32064225,2022-09-30
170790,파이오링크,KOSDAQ,KOSDAQ,10450,23544,241078650,71648648500,6856330,2022-09-30
049120,파인디앤씨,KOSDAQ,KOSDAQ,1680,33400,56651535,47339243280,28178121,2022-09-30
038950,파인디지털,KOSDAQ,KOSDAQ,4535,23854,108345775,46305819275,10210765,2022-09-30
106240,파인테크닉스,KOSDAQ,KOSDAQ,10400,0,0,470000637600,45192369,2022-09-30
131760,파인텍,KOSDAQ,KOSDAQ,1080,555562,593176220,46360936440,42926793,2022-09-30
065690,파커스,KOSDAQ,KOSDAQ,2160,22482,46793595,30346554960,14049331,2022-09-30
140860,파크시스템스,KOSDAQ,KOSDAQ,97200,45290,4285748300,675011134800,6944559,2022-09-30
091700,파트론,KOSDAQ,KOSDAQ,7590,357000,2718975210,447189244260,58918214,2022-09-30
202960,판도라티비,KONEX,KONEX,1680,3198,5095920,20018177760,11915582,2022-09-30
032800,판타지오,KOSDAQ,KOSDAQ,523,255588,132134410,50232146910,96046170,2022-09-30
318010,팜스빌,KOSDAQ,KOSDAQ,17850,19620,351434350,141538683300,7929338,2022-09-30
036580,팜스코,KOSPI,KOSPI,4090,190230,777729820,150217286870,36727943,2022-09-30
027710,팜스토리,KOSDAQ,KOSDAQ,2105,4511105,9720736885,234531943000,111416600,2022-09-30
004720,팜젠사이언스,KOSPI,KOSPI,5970,35213,208840380,94510413300,15830890,2022-09-30
225590,패션플랫폼,KOSDAQ,KOSDAQ,1390,190948,262276780,37025031070,26636713,2022-09-30
054300,팬스타엔터프라이즈,KOSDAQ,KOSDAQ,595,335533,201195751,35184744875,59134025,2022-09-30
068050,팬엔터테인먼트,KOSDAQ,KOSDAQ,3265,134856,430449435,90421158140,27694076,2022-09-30
028670,팬오션,KOSPI,KOSPI,4500,5187499,23641106475,2405562804000,534569512,2022-09-30
222110,팬젠,KOSDAQ,KOSDAQ,6180,4717,28557730,65987753400,10677630,2022-09-30
010820,퍼스텍,KOSPI,KOSPI,2920,780494,2271503955,140339463200,48061460,2022-09-30
016800,퍼시스,KOSPI,KOSPI,26800,701,18660150,308200000000,11500000,2022-09-30
263750,펄어비스,KOSDAQ,KOSDAQ,46650,175273,8166884950,2996602635750,64235855,2022-09-30
251970,펌텍코리아,KOSDAQ,KOSDAQ,15800,20360,313138200,195920000000,12400000,2022-09-30
001020,페이퍼코리아,KOSPI,KOSPI,1245,312842,379651910,59220678450,47566810,2022-09-30
327610,펨토바이오메드,KONEX,KONEX,13350,3068,38840850,112156981200,8401272,2022-09-30
087010,펩트론,KOSDAQ,KOSDAQ,8340,234522,1905017660,172027954020,20626853,2022-09-30
090080,평화산업,KOSPI,KOSPI,1215,339644,403224095,66706244685,54902259,2022-09-30
010770,평화홀딩스,KOSPI,KOSPI,2905,27073,79614035,42486978730,14625466,2022-09-30
119500,포메탈,KOSDAQ,KOSDAQ,3740,123446,455978725,44308647680,11847232,2022-09-30
389140,포바이포,KOSDAQ,KOSDAQ,13050,138958,1788769900,133426266750,10224235,2022-09-30
022100,포스코 ICT,KOSDAQ,KOSDAQ,6040,612426,3720571730,918289763160,152034729,2022-09-30
058430,포스코스틸리온,KOSPI,KOSPI,28050,14239,399998000,168300000000,6000000,2022-09-30
009520,포스코엠텍,KOSDAQ,KOSDAQ,5550,269874,1475433160,231117001650,41642703,2022-09-30
047050,포스코인터내셔널,KOSPI,KOSPI,20900,516586,10811128350,2578540614100,123375149,2022-09-30
003670,포스코케미칼,KOSPI,KOSPI,150000,948498,143084263500,11619483000000,77463220,2022-09-30
189690,포시에스,KOSDAQ,KOSDAQ,8140,131215,1062487040,74133609220,9107323,2022-09-30
318020,포인트모바일,KOSDAQ,KOSDAQ,18100,0,0,229187123200,12662272,2022-09-30
256630,포인트엔지니어링,KOSDAQ,KOSDAQ,1925,23136,43904265,111644363600,57997072,2022-09-30
331380,포커스에이치엔에스,KOSDAQ,KOSDAQ,1840,55829,101511195,35049390880,19048582,2022-09-30
234100,폴라리스세원,KOSDAQ,KOSDAQ,1835,436345,800378620,88083275475,48001785,2022-09-30
041020,폴라리스오피스,KOSDAQ,KOSDAQ,1080,97428,102747590,51289275600,47490070,2022-09-30
114630,폴라리스우노,KOSDAQ,KOSDAQ,774,2537875,1936624577,46935286470,60639905,2022-09-30
290720,푸드나무,KOSDAQ,KOSDAQ,19700,5948,115167850,134078869800,6806034,2022-09-30
005670,푸드웰,KOSDAQ,KOSDAQ,5550,36414,199254720,55500000000,10000000,2022-09-30
094940,푸른기술,KOSDAQ,KOSDAQ,6340,46714,291402100,53011187240,8361386,2022-09-30
007330,푸른저축은행,KOSDAQ,KOSDAQ,17600,8449809,167168607200,265457280000,15082800,2022-09-30
017810,풀무원,KOSPI,KOSPI,11400,61981,683527850,434574178800,38120542,2022-09-30
093380,풍강,KOSDAQ,KOSDAQ,3570,37324,130988270,35269147410,9879313,2022-09-30
023900,풍국주정,KOSDAQ,KOSDAQ,11700,14604,169101550,147420000000,12600000,2022-09-30
103140,풍산,KOSPI,KOSPI,24300,125399,3032054050,680989955400,28024278,2022-09-30
005810,풍산홀딩스,KOSPI,KOSPI,24550,12587,307638650,255553912400,10409528,2022-09-30
371950,풍원정밀,KOSDAQ,KOSDAQ,12900,143847,1860580850,271422295200,21040488,2022-09-30
370090,퓨런티어,KOSDAQ,KOSDAQ,20450,254734,5232998050,162904291000,7965980,2022-09-30
341170,퓨쳐메디신,KONEX,KONEX,5740,4334,21684580,53241197800,9275470,2022-09-30
220100,퓨쳐켐,KOSDAQ,KOSDAQ,12050,374389,4597530250,164988250550,13691971,2022-09-30
035200,프럼파스트,KOSDAQ,KOSDAQ,3490,49995,170711150,33959759100,9730590,2022-09-30
334970,프레스티지바이오로직스,KOSDAQ,KOSDAQ,3600,154341,548484325,219988688400,61107969,2022-09-30
950210,프레스티지바이오파마,KOSPI,KOSPI,7900,46683,362230950,474759624500,60096155,2022-09-30
203690,프로스테믹스,KOSDAQ,KOSDAQ,1150,363048,417092605,52790860400,45905096,2022-09-30
321260,프로이천,KOSDAQ,KOSDAQ,2015,145584,289463435,56807049260,28192084,2022-09-30
303360,프로테옴텍,KONEX,KONEX,7400,906,6750020,83077691000,11226715,2022-09-30
053610,프로텍,KOSDAQ,KOSDAQ,19700,31855,630094200,216700000000,11000000,2022-09-30
377220,프롬바이오,KOSDAQ,KOSDAQ,6590,332921,2197306200,93281450000,14155000,2022-09-30
335810,프리시젼바이오,KOSDAQ,KOSDAQ,6060,21646,129648290,70148899560,11575726,2022-09-30
053160,프리엠스,KOSDAQ,KOSDAQ,6280,23317,145607700,37680000000,6000000,2022-09-30
041590,플래스크,KOSDAQ,KOSDAQ,1515,279750,419624685,184177862190,121569546,2022-09-30
367000,플래티어,KOSDAQ,KOSDAQ,9770,529395,5706059600,80795037390,8269707,2022-09-30
075130,플랜티넷,KOSDAQ,KOSDAQ,2215,31462,67671835,36818438800,16622320,2022-09-30
222670,플럼라인생명과학,KONEX,KONEX,5090,1,5090,14618734500,2872050,2022-09-30
009810,플레이그램,KOSPI,KOSPI,1020,430456,433892247,91511407320,89717066,2022-09-30
237820,플레이디,KOSDAQ,KOSDAQ,5070,4964,24254795,65033599800,12827140,2022-09-30
023770,플레이위드,KOSDAQ,KOSDAQ,5700,43192,244965270,49970874000,8766820,2022-09-30
300080,플리토,KOSDAQ,KOSDAQ,36100,14049,492216000,188402687100,5218911,2022-09-30
150440,피노텍,KONEX,KONEX,994,0,0,9508019528,9565412,2022-09-30
032580,피델릭스,KOSDAQ,KOSDAQ,1185,147637,175544770,39261495840,33132064,2022-09-30
051380,피씨디렉트,KOSDAQ,KOSDAQ,7380,74448,548983580,56604865680,7670036,2022-09-30
241820,피씨엘,KOSDAQ,KOSDAQ,9930,15706,156028750,104952136140,10569198,2022-09-30
237750,피앤씨테크,KOSDAQ,KOSDAQ,5050,42233,211227950,32807830000,6496600,2022-09-30
024850,피에스엠씨,KOSDAQ,KOSDAQ,1010,52104,52384933,40979362260,40573626,2022-09-30
319660,피에스케이,KOSDAQ,KOSDAQ,14450,292764,4143188750,209284508650,14483357,2022-09-30
031980,피에스케이홀딩스,KOSDAQ,KOSDAQ,6750,35608,237416760,145546166250,21562395,2022-09-30
002230,피에스텍,KOSDAQ,KOSDAQ,3210,5520,17551955,63138270030,19669243,2022-09-30
057880,피에이치씨,KOSDAQ,KOSDAQ,1740,0,0,206724832500,118807375,2022-09-30
043370,피에이치에이,KOSDAQ,KOSDAQ,5790,26984,157196800,121590000000,21000000,2022-09-30
242350,피엔아이컴퍼니,KONEX,KONEX,5000,3280,15934285,23807600000,4761520,2022-09-30
239890,피엔에이치테크,KOSDAQ,KOSDAQ,11850,38699,459296150,109098589200,9206632,2022-09-30
347740,피엔케이피부임상연구센타,KOSDAQ,KOSDAQ,3160,160158,501422555,94833420160,30010576,2022-09-30
137400,피엔티,KOSDAQ,KOSDAQ,40650,232043,9322234150,924429698700,22741198,2022-09-30
128660,피제이메탈,KOSDAQ,KOSDAQ,3490,1304404,4706303295,86563757810,24803369,2022-09-30
006140,피제이전자,KOSDAQ,KOSDAQ,5910,17931,105447220,88650000000,15000000,2022-09-30
376180,피코그램,KOSDAQ,KOSDAQ,38000,114971,4316469350,119019154000,3132083,2022-09-30
304840,피플바이오,KOSDAQ,KOSDAQ,8340,2733879,28578036770,98017351200,11752680,2022-09-30
062970,피피아이,KOSDAQ,KOSDAQ,2400,22070,52437355,22339644000,9308185,2022-09-30
087600,픽셀플러스,KOSDAQ,KOSDAQ,8530,20826,171888940,69660739740,8166558,2022-09-30
161580,필옵틱스,KOSDAQ,KOSDAQ,6850,51128,352253490,150625382950,21989107,2022-09-30
347770,핌스,KOSDAQ,KOSDAQ,9720,51990,502246930,73629631800,7575065,2022-09-30
163730,핑거,KOSDAQ,KOSDAQ,9380,52214,484439930,87287859960,9305742,2022-09-30
341160,하나금융15호스팩,KOSDAQ,KOSDAQ,2600,1845729,4874237495,12246000000,4710000,2022-09-30
343510,하나금융16호스팩,KOSDAQ,KOSDAQ,2180,9101,19792875,8741800000,4010000,2022-09-30
388220,하나금융19호스팩,KOSDAQ,KOSDAQ,2210,0,0,13945100000,6310000,2022-09-30
400560,하나금융20호스팩,KOSDAQ,KOSDAQ,2280,169749,387375575,6954000000,3050000,2022-09-30
406760,하나금융21호스팩,KOSDAQ,KOSDAQ,2140,8803,18738705,15857400000,7410000,2022-09-30
418170,하나금융22호스팩,KOSDAQ,KOSDAQ,2110,8919,18858600,12681100000,6010000,2022-09-30
427950,하나금융23호스팩,KOSDAQ,KOSDAQ,2105,10024,21084315,10167150000,4830000,2022-09-30
430230,하나금융24호스팩,KOSDAQ,KOSDAQ,2085,155290,323444435,16688340000,8004000,2022-09-30
086790,하나금융지주,KOSPI,KOSPI,35450,1260564,45029192600,10489778224200,295903476,2022-09-30
299030,하나기술,KOSDAQ,KOSDAQ,64000,244550,15687212000,478282880000,7473170,2022-09-30
067310,하나마이크론,KOSDAQ,KOSDAQ,9180,935834,8476794340,439922619720,47921854,2022-09-30
372290,하나머스트7호스팩,KOSDAQ,KOSDAQ,2150,7970,16972945,9253600000,4304000,2022-09-30
166090,하나머티리얼즈,KOSDAQ,KOSDAQ,28750,219325,6321642400,567889377500,19752674,2022-09-30
293480,하나제약,KOSPI,KOSPI,14800,42387,628751600,263039600800,17772946,2022-09-30
039130,하나투어,KOSPI,KOSPI,53900,164438,8901945700,864512071500,16039185,2022-09-30
136480,하림,KOSDAQ,KOSDAQ,2540,377503,950768800,269772643080,106209702,2022-09-30
003380,하림지주,KOSDAQ,KOSDAQ,6990,186211,1296157480,782919290790,112005621,2022-09-30
365590,하이딥,KOSDAQ,KOSDAQ,1055,237814,243724660,145017506360,137457352,2022-09-30
149980,하이로닉,KOSDAQ,KOSDAQ,5670,82257,463179700,79969793400,14104020,2022-09-30
013030,하이록코리아,KOSDAQ,KOSDAQ,21000,185952,3910916800,285877872000,13613232,2022-09-30
352820,하이브,KOSPI,KOSPI,135000,173772,23294671000,5582707245000,41353387,2022-09-30
126700,하이비젼시스템,KOSDAQ,KOSDAQ,14300,185076,2657860100,213672201600,14942112,2022-09-30
106080,하이소닉,KOSDAQ,KOSDAQ,5650,0,0,75931762500,13439250,2022-09-30
071090,하이스틸,KOSPI,KOSPI,3815,707582,2607512840,77030461865,20191471,2022-09-30
377400,하이제6호스팩,KOSDAQ,KOSDAQ,2165,22091,47031060,11707237500,5407500,2022-09-30
400840,하이제7호스팩,KOSDAQ,KOSDAQ,2125,6449,13578730,10880000000,5120000,2022-09-30
221840,하이즈항공,KOSDAQ,KOSDAQ,3020,28772,85456830,56475694220,18700561,2022-09-30
106190,하이텍팜,KOSDAQ,KOSDAQ,9280,4400,40286710,65783896960,7088782,2022-09-30
019490,하이트론,KOSPI,KOSPI,2470,0,0,23739723280,9611224,2022-09-30
000080,하이트진로,KOSPI,KOSPI,26500,259941,6903945300,1858540691500,70133611,2022-09-30
000087,하이트진로2우B,KOSPI,KOSPI,17000,1513,25400900,19212346000,1130138,2022-09-30
000140,하이트진로홀딩스,KOSPI,KOSPI,10050,26285,261606960,233227988250,23206765,2022-09-30
000145,하이트진로홀딩스우,KOSPI,KOSPI,13150,196,2457050,6191151500,470810,2022-09-30
373200,하인크코리아,KOSDAQ,KOSDAQ,6280,853460,5513567050,118861560000,18927000,2022-09-30
066130,하츠,KOSDAQ,KOSDAQ,5430,23061,124990930,69504000000,12800000,2022-09-30
152550,한국ANKOR유전,KOSPI,KOSPI,1675,6951,11633515,117283500000,70020000,2022-09-30
004590,한국가구,KOSDAQ,KOSDAQ,4540,72720,324519790,68100000000,15000000,2022-09-30
036460,한국가스공사,KOSPI,KOSPI,33800,604020,20676025500,3120179400000,92313000,2022-09-30
039340,한국경제TV,KOSDAQ,KOSDAQ,6040,3075444,19339684430,138920000000,23000000,2022-09-30
005430,한국공항,KOSPI,KOSPI,36550,14431,524618250,115730275250,3166355,2022-09-30
071050,한국금융지주,KOSPI,KOSPI,47500,232315,11100806000,2646984620000,55725992,2022-09-30
071055,한국금융지주우,KOSPI,KOSPI,44600,11250,498472650,261277994600,5858251,2022-09-30
034950,한국기업평가,KOSDAQ,KOSDAQ,68700,1193,81647400,311933311800,4540514,2022-09-30
010040,한국내화,KOSPI,KOSPI,2680,24519,64624805,110059726160,41067062,2022-09-30
025540,한국단자,KOSPI,KOSPI,62300,15958,969611300,648854500000,10415000,2022-09-30
222980,한국맥널티,KOSDAQ,KOSDAQ,5620,218931,1235309260,61996934460,11031483,2022-09-30
331660,한국미라클피플사,KONEX,KONEX,8760,1,8760,9636000000,1100000,2022-09-30
256840,한국비엔씨,KOSDAQ,KOSDAQ,6250,920284,5801697300,422390550000,67582488,2022-09-30
004090,한국석유,KOSPI,KOSPI,10050,240378,2421304250,127575906000,12694120,2022-09-30
025550,한국선재,KOSDAQ,KOSDAQ,3700,315894,1154992130,88464032600,23909198,2022-09-30
002200,한국수출포장,KOSPI,KOSPI,23850,5937,143941650,95400000000,4000000,2022-09-30
002960,한국쉘석유,KOSPI,KOSPI,246500,1273,312013000,320450000000,1300000,2022-09-30
017890,한국알콜,KOSDAQ,KOSDAQ,10400,51432,533805750,224699904000,21605760,2022-09-30
000240,한국앤컴퍼니,KOSPI,KOSPI,12450,91746,1139727450,1181943738000,94935240,2022-09-30
080720,한국유니온제약,KOSDAQ,KOSDAQ,5840,19491,111069120,46157771520,7903728,2022-09-30
123890,한국자산신탁,KOSPI,KOSPI,3085,120024,371840675,382471364920,123977752,2022-09-30
015760,한국전력,KOSPI,KOSPI,20100,3324035,66432872100,12903477947700,641964077,2022-09-30
063570,한국전자금융,KOSDAQ,KOSDAQ,4650,223806,1051044730,158786935200,34147728,2022-09-30
041460,한국전자인증,KOSDAQ,KOSDAQ,4745,485960,2303819210,90155000000,19000000,2022-09-30
006200,한국전자홀딩스,KOSPI,KOSPI,1155,75672,87363570,54057622080,46803136,2022-09-30
101680,한국정밀기계,KOSDAQ,KOSDAQ,1440,0,0,12101760000,8404000,2022-09-30
039740,한국정보공학,KOSDAQ,KOSDAQ,3360,39744,130679170,26941813920,8018397,2022-09-30
053300,한국정보인증,KOSDAQ,KOSDAQ,4545,31914,143222570,189873424395,41776331,2022-09-30
025770,한국정보통신,KOSDAQ,KOSDAQ,11950,973019,11324640650,447459038450,37444271,2022-09-30
409570,한국제10호스팩,KOSDAQ,KOSDAQ,2155,10628,22830620,11658550000,5410000,2022-09-30
009540,한국조선해양,KOSPI,KOSPI,72900,216344,15914904800,5159360156400,70773116,2022-09-30
023350,한국종합기술,KOSPI,KOSPI,6300,106646,664964830,68985000000,10950000,2022-09-30
025890,한국주강,KOSPI,KOSPI,2410,48284,116384240,27255314190,11309259,2022-09-30
000970,한국주철관,KOSPI,KOSPI,6770,27352,184346810,154359385000,22800500,2022-09-30
104700,한국철강,KOSPI,KOSPI,5980,48155,288992740,253851000000,42450000,2022-09-30
017960,한국카본,KOSPI,KOSPI,11900,473285,5591989950,523133008300,43960757,2022-09-30
023760,한국캐피탈,KOSDAQ,KOSDAQ,732,2229230,1696545430,231026209632,315609576,2022-09-30
054040,한국컴퓨터,KOSDAQ,KOSDAQ,3445,51713,175207230,55365594050,16071290,2022-09-30
050540,한국코퍼레이션,KOSDAQ,KOSDAQ,822,0,0,4207455498,5118559,2022-09-30
161890,한국콜마,KOSPI,KOSPI,38000,76169,2891118700,869484840000,22881180,2022-09-30
024720,한국콜마홀딩스,KOSPI,KOSPI,14900,38752,561685700,276793113100,18576719,2022-09-30
021650,한국큐빅,KOSDAQ,KOSDAQ,2335,44854,102237995,38178564605,16350563,2022-09-30
161390,한국타이어앤테크놀로지,KOSPI,KOSPI,35250,358654,12751910200,4366596182250,123875069,2022-09-30
053590,한국테크놀로지,KOSDAQ,KOSDAQ,752,397542,296787641,101560406464,135053732,2022-09-30
034830,한국토지신탁,KOSPI,KOSPI,1370,746726,1030167160,345910245100,252489230,2022-09-30
007280,한국특강,KOSPI,KOSPI,2150,90141,190639645,130267635700,60589598,2022-09-30
032300,한국파마,KOSDAQ,KOSDAQ,26100,665886,17296857300,284664896100,10906701,2022-09-30
168490,한국패러랠,KOSPI,KOSPI,2080,56941,117834500,166441600000,80020000,2022-09-30
037230,한국팩키지,KOSDAQ,KOSDAQ,2290,44514,100657395,68242748830,29800327,2022-09-30
010100,한국프랜지,KOSPI,KOSPI,2145,53393,112676485,65316150900,30450420,2022-09-30
047810,한국항공우주,KOSPI,KOSPI,48450,1462046,70917838650,4722668934150,97475107,2022-09-30
123690,한국화장품,KOSPI,KOSPI,6730,57914,386247910,108137640000,16068000,2022-09-30
003350,한국화장품제조,KOSPI,KOSPI,20300,18157,355010500,91999600000,4532000,2022-09-30
030520,한글과컴퓨터,KOSDAQ,KOSDAQ,13250,137539,1833118150,333950747500,25203830,2022-09-30
052600,한네트,KOSDAQ,KOSDAQ,5470,560253,3059491210,63253439000,11563700,2022-09-30
011500,한농화성,KOSPI,KOSPI,12300,247628,3048295700,192335616600,15637042,2022-09-30
002390,한독,KOSPI,KOSPI,14800,18926,278788400,203700288400,13763533,2022-09-30
256150,한독크린텍,KOSDAQ,KOSDAQ,8810,12780,111812060,73959950000,8395000,2022-09-30
092460,한라IMS,KOSDAQ,KOSDAQ,4710,28864,133846195,82978269570,17617467,2022-09-30
053690,한미글로벌,KOSPI,KOSPI,21300,2475721,51039224450,233395815000,10957550,2022-09-30
042700,한미반도체,KOSPI,KOSPI,10800,752543,8135996350,1068333343200,98919754,2022-09-30
008930,한미사이언스,KOSPI,KOSPI,31550,85673,2730039700,2165077230200,68623684,2022-09-30
128940,한미약품,KOSPI,KOSPI,229000,31007,7091213000,2820815359000,12317971,2022-09-30
047080,한빛소프트,KOSDAQ,KOSDAQ,3210,82011,263186565,79679782020,24822362,2022-09-30
009240,한샘,KOSPI,KOSPI,42750,59743,2580522650,1006075422000,23533928,2022-09-30
020000,한섬,KOSPI,KOSPI,25700,54084,1391818400,632991000000,24630000,2022-09-30
003680,한성기업,KOSPI,KOSPI,5310,28826,152962030,32972524650,6209515,2022-09-30
105630,한세실업,KOSPI,KOSPI,13400,1020375,13751431900,536000000000,40000000,2022-09-30
069640,한세엠케이,KOSPI,KOSPI,2740,7223,19767220,82491815480,30106502,2022-09-30
016450,한세예스24홀딩스,KOSPI,KOSPI,4075,142722,588402485,163000000000,40000000,2022-09-30
010420,한솔PNS,KOSPI,KOSPI,1555,65447,99933265,31866633660,20493012,2022-09-30
009180,한솔로지스틱스,KOSPI,KOSPI,2540,92831,232345205,69792659500,27477425,2022-09-30
114810,한솔아이원스,KOSDAQ,KOSDAQ,6050,100330,606896110,177580652700,29352174,2022-09-30
070590,한솔인티큐브,KOSDAQ,KOSDAQ,1705,25373,42446355,23664583305,13879521,2022-09-30
213500,한솔제지,KOSPI,KOSPI,15000,96892,1439817150,357008640000,23800576,2022-09-30
014680,한솔케미칼,KOSPI,KOSPI,170000,58243,9860371500,1926983150000,11335195,2022-09-30
004710,한솔테크닉스,KOSPI,KOSPI,4530,138789,627019240,145457747340,32109878,2022-09-30
004150,한솔홀딩스,KOSPI,KOSPI,3125,55812,172598575,131276803125,42008577,2022-09-30
025750,한솔홈데코,KOSPI,KOSPI,1030,354309,361215760,82982103470,80565149,2022-09-30
226440,한송네오텍,KOSDAQ,KOSDAQ,1530,0,0,90418067280,59096776,2022-09-30
042520,한스바이오메드,KOSDAQ,KOSDAQ,9610,16081,153742530,97089647410,10102981,2022-09-30
004960,한신공영,KOSPI,KOSPI,9070,108498,982329170,104946267140,11570702,2022-09-30
011700,한신기계,KOSPI,KOSPI,6320,702398,4402527420,205059674320,32446151,2022-09-30
078350,한양디지텍,KOSDAQ,KOSDAQ,10000,49580,492163070,152443820000,15244382,2022-09-30
045100,한양이엔지,KOSDAQ,KOSDAQ,12850,96668,1237052350,231300000000,18000000,2022-09-30
001750,한양증권,KOSPI,KOSPI,8920,4881,43269360,113538523280,12728534,2022-09-30
001755,한양증권우,KOSPI,KOSPI,14600,244,3474850,7665000000,525000,2022-09-30
018880,한온시스템,KOSPI,KOSPI,8320,1858803,15746863810,4441216000000,533800000,2022-09-30
009420,한올바이오파마,KOSPI,KOSPI,13300,181252,2435146750,694800485400,52240638,2022-09-30
014130,한익스프레스,KOSPI,KOSPI,4510,26401,115323315,54120000000,12000000,2022-09-30
046110,한일네트웍스,KOSDAQ,KOSDAQ,12000,67144,805728000,143450724000,11954227,2022-09-30
024740,한일단조,KOSDAQ,KOSDAQ,2795,1017358,2779802765,83546261760,29891328,2022-09-30
005860,한일사료,KOSDAQ,KOSDAQ,6120,6865957,44263136970,241150552200,39403685,2022-09-30
300720,한일시멘트,KOSPI,KOSPI,11350,100954,1149904100,786118479000,69261540,2022-09-30
123840,한일진공,KOSDAQ,KOSDAQ,469,35457,16133013,40451950217,86251493,2022-09-30
002220,한일철강,KOSPI,KOSPI,3335,41191,137911805,89036029100,26697460,2022-09-30
006390,한일현대시멘트,KOSPI,KOSPI,18950,10750,201164450,336827438250,17774535,2022-09-30
003300,한일홀딩스,KOSPI,KOSPI,11100,5782,63869800,342245012400,30832884,2022-09-30
007770,한일화학,KOSDAQ,KOSDAQ,22650,276707,6170073050,79501500000,3510000,2022-09-30
051600,한전KPS,KOSPI,KOSPI,34700,142083,4963988900,1561500000000,45000000,2022-09-30
052690,한전기술,KOSPI,KOSPI,55400,127700,7014730400,2117388000000,38220000,2022-09-30
130660,한전산업,KOSPI,KOSPI,8200,190399,1551589220,267320000000,32600000,2022-09-30
107640,한중엔시에스,KONEX,KONEX,11450,1615,17784700,66352738550,5794999,2022-09-30
002320,한진,KOSPI,KOSPI,20400,15555,316978700,304931611200,14947628,2022-09-30
003480,한진중공업홀딩스,KOSPI,KOSPI,3485,66356,233331060,102911394820,29529812,2022-09-30
180640,한진칼,KOSPI,KOSPI,37350,204654,7807510500,2493553080600,66761796,2022-09-30
18064K,한진칼우,KOSPI,KOSPI,22350,1501,33899200,11996720100,536766,2022-09-30
005110,한창,KOSPI,KOSPI,1050,3888124,4135813990,83246265900,79282158,2022-09-30
043090,한창바이오텍,KOSDAQ,KOSDAQ,3860,478823,1883111355,169806390980,43991293,2022-09-30
079170,한창산업,KOSDAQ,KOSDAQ,11800,1067692,12752671650,61360000000,5200000,2022-09-30
009460,한창제지,KOSPI,KOSPI,1465,190905,273022420,87412866990,59667486,2022-09-30
372910,한컴라이프케어,KOSPI,KOSPI,5040,644162,3292016025,139479006240,27674406,2022-09-30
054920,한컴위드,KOSDAQ,KOSDAQ,3870,51037,198200010,109200103470,28217081,2022-09-30
002680,한탑,KOSDAQ,KOSDAQ,1795,993255,1823403655,53840696515,29994817,2022-09-30
000880,한화,KOSPI,KOSPI,24450,285697,7037131250,1832741070750,74958735,2022-09-30
00088K,한화3우B,KOSPI,KOSPI,14000,58702,802015700,314608000000,22472000,2022-09-30
088350,한화생명,KOSPI,KOSPI,2090,1121072,2369752690,1815227700000,868530000,2022-09-30
000370,한화손해보험,KOSPI,KOSPI,3940,558621,2207162675,459951325100,116738915,2022-09-30
009830,한화솔루션,KOSPI,KOSPI,47200,1919464,90612735450,9028345058400,191278497,2022-09-30
009835,한화솔루션우,KOSPI,KOSPI,37350,11822,440894900,41971576950,1123737,2022-09-30
272210,한화시스템,KOSPI,KOSPI,11050,746664,8184408900,2087559248450,188919389,2022-09-30
012450,한화에어로스페이스,KOSPI,KOSPI,61500,1612367,99047419100,3113745000000,50630000,2022-09-30
000885,한화우,KOSPI,KOSPI,29900,291,8616700,14330890600,479294,2022-09-30
003530,한화투자증권,KOSPI,KOSPI,2420,470598,1131951390,519205615500,214547775,2022-09-30
003535,한화투자증권우,KOSPI,KOSPI,5360,4337,23495960,25728000000,4800000,2022-09-30
386580,한화플러스제2호스팩,KOSDAQ,KOSDAQ,2205,51301,112671305,9172800000,4160000,2022-09-30
430460,한화플러스제3호스팩,KOSDAQ,KOSDAQ,2110,168574,356148655,12491200000,5920000,2022-09-30
195870,해성디에스,KOSPI,KOSPI,41750,320704,12933818050,709750000000,17000000,2022-09-30
034810,해성산업,KOSDAQ,KOSDAQ,9290,59158,545103710,244850008420,26356298,2022-09-30
03481K,해성산업1우,KOSDAQ,KOSDAQ,12100,3142,37386450,12100000000,1000000,2022-09-30
076610,해성옵틱스,KOSDAQ,KOSDAQ,514,317786,162587573,60255600116,117228794,2022-09-30
059270,해성티피씨,KOSDAQ,KOSDAQ,8070,1660911,13827443300,77596681500,9615450,2022-09-30
101530,해태제과식품,KOSPI,KOSPI,6100,10070,61034090,177612614200,29116822,2022-09-30
220180,핸디소프트,KOSDAQ,KOSDAQ,3665,61775,220218490,71130320000,19408000,2022-09-30
143210,핸즈코퍼레이션,KOSPI,KOSPI,3360,8736,29750630,73460580480,21863268,2022-09-30
900270,헝셩그룹,KOSDAQ,KOSDAQ,301,214064,63872652,24930282258,82824858,2022-09-30
214180,헥토이노베이션,KOSDAQ,KOSDAQ,12450,27654,343647100,165051953250,13257185,2022-09-30
234340,헥토파이낸셜,KOSDAQ,KOSDAQ,22050,15967,353935700,208438650000,9453000,2022-09-30
084990,헬릭스미스,KOSDAQ,KOSDAQ,13700,130273,1812624250,516343766200,37689326,2022-09-30
000720,현대건설,KOSPI,KOSPI,37500,582687,21987556750,4175841187500,111355765,2022-09-30
267270,현대건설기계,KOSPI,KOSPI,32000,181379,5680856850,630425376000,19700793,2022-09-30
000725,현대건설우,KOSPI,KOSPI,60100,2601,156752100,63387049300,1054693,2022-09-30
170030,현대공업,KOSDAQ,KOSDAQ,5970,191637,1147270290,91579800000,15340000,2022-09-30
005440,현대그린푸드,KOSPI,KOSPI,6410,199098,1297592790,626285729620,97704482,2022-09-30
086280,현대글로비스,KOSPI,KOSPI,162500,73653,11961504000,6093750000000,37500000,2022-09-30
042670,현대두산인프라코어,KOSPI,KOSPI,4450,1347949,5902490925,880047178950,197763411,2022-09-30
064350,현대로템,KOSPI,KOSPI,25300,4830006,121910477650,2761300012900,109142293,2022-09-30
079430,현대리바트,KOSPI,KOSPI,9210,34822,316257240,189129947220,20535282,2022-09-30
012330,현대모비스,KOSPI,KOSPI,191000,248779,47817254500,18063460954000,94573094,2022-09-30
319400,현대무벡스,KOSDAQ,KOSDAQ,2655,323885,848159510,304701513075,114765165,2022-09-30
010620,현대미포조선,KOSPI,KOSPI,103000,287340,29603430200,4114041347000,39942149,2022-09-30
048410,현대바이오,KOSDAQ,KOSDAQ,21000,914174,19682818000,833336868000,39682708,2022-09-30
052260,현대바이오랜드,KOSDAQ,KOSDAQ,11700,30708,361664800,175500000000,15000000,2022-09-30
069960,현대백화점,KOSPI,KOSPI,54400,89716,4859424500,1273092790400,23402441,2022-09-30
004560,현대비앤지스틸,KOSPI,KOSPI,11600,74801,853544100,174914207600,15078811,2022-09-30
004565,현대비앤지스틸우,KOSPI,KOSPI,56300,664,38125600,6184667600,109852,2022-09-30
004310,현대약품,KOSPI,KOSPI,4750,5048612,24969983450,152000000000,32000000,2022-09-30
322000,현대에너지솔루션,KOSPI,KOSPI,58900,450009,26431824100,659680000000,11200000,2022-09-30
041440,현대에버다임,KOSDAQ,KOSDAQ,6460,2419404,15996245200,115736998240,17915944,2022-09-30
039010,현대에이치티,KOSDAQ,KOSDAQ,7410,17972,133096330,63911250000,8625000,2022-09-30
017800,현대엘리베이,KOSPI,KOSPI,22450,137801,3119106700,916301037950,40815191,2022-09-30
307950,현대오토에버,KOSPI,KOSPI,103500,39939,4108108500,2838382137000,27423982,2022-09-30
011210,현대위아,KOSPI,KOSPI,60100,232555,14040886100,1634424488300,27195083,2022-09-30
090850,현대이지웰,KOSDAQ,KOSDAQ,5410,265314,1404867000,128467813010,23746361,2022-09-30
267260,현대일렉트릭,KOSPI,KOSPI,31850,549757,17400961950,1148101249750,36047135,2022-09-30
004020,현대제철,KOSPI,KOSPI,28100,544035,15466063400,3749826558500,133445785,2022-09-30
329180,현대중공업,KOSPI,KOSPI,115000,277750,32072976000,10208908340000,88773116,2022-09-30
005380,현대차,KOSPI,KOSPI,176500,1005125,178250693500,37712435005500,213668187,2022-09-30
005387,현대차2우B,KOSPI,KOSPI,83700,100121,8393672200,3053832248700,36485451,2022-09-30
005389,현대차3우B,KOSPI,KOSPI,80300,10079,809834100,195027420500,2428735,2022-09-30
005385,현대차우,KOSPI,KOSPI,84100,62627,5245972100,2048397208500,24356685,2022-09-30
001500,현대차증권,KOSPI,KOSPI,9720,24623,237842180,308246102640,31712562,2022-09-30
011760,현대코퍼레이션,KOSPI,KOSPI,15600,30052,461431950,206371869600,13228966,2022-09-30
227840,현대코퍼레이션홀딩스,KOSPI,KOSPI,10250,15909,160211010,93283569000,9100836,2022-09-30
126560,현대퓨처넷,KOSPI,KOSPI,2435,554658,1369991110,268344171075,110202945,2022-09-30
001450,현대해상,KOSPI,KOSPI,29300,377438,11153258850,2619420000000,89400000,2022-09-30
057050,현대홈쇼핑,KOSPI,KOSPI,47650,12334,593061300,571800000000,12000000,2022-09-30
092300,현우산업,KOSDAQ,KOSDAQ,3560,115799,404449970,66475224960,18672816,2022-09-30
138360,협진,KOSDAQ,KOSDAQ,4480,0,0,155061688320,34611984,2022-09-30
011080,형지I&C,KOSDAQ,KOSDAQ,589,0,0,22979039261,39013649,2022-09-30
093240,형지엘리트,KOSPI,KOSPI,1330,145435,189599280,41435881340,31154798,2022-09-30
003010,혜인,KOSPI,KOSPI,5770,564910,3284354810,73352550190,12712747,2022-09-30
111110,호전실업,KOSPI,KOSPI,7200,73014,521023170,70199884800,9749984,2022-09-30
008770,호텔신라,KOSPI,KOSPI,71900,190032,13733550000,2821939899900,39248121,2022-09-30
008775,호텔신라우,KOSPI,KOSPI,54200,4262,227982700,40751841800,751879,2022-09-30
060560,홈센타홀딩스,KOSDAQ,KOSDAQ,1035,693789,712011420,132137958375,127669525,2022-09-30
064240,홈캐스트,KOSDAQ,KOSDAQ,3995,58743,232566520,139976857940,35038012,2022-09-30
039610,화성밸브,KOSDAQ,KOSDAQ,5480,229690,1246033100,57048992000,10410400,2022-09-30
002460,화성산업,KOSPI,KOSPI,11850,16157,189846850,120277500000,10150000,2022-09-30
378850,화승알앤에이,KOSPI,KOSPI,4240,6338399,26986719840,80532961520,18993623,2022-09-30
241590,화승엔터프라이즈,KOSPI,KOSPI,10700,359083,3830618650,648305253200,60589276,2022-09-30
006060,화승인더,KOSPI,KOSPI,4160,370176,1553154140,230131200000,55320000,2022-09-30
013520,화승코퍼레이션,KOSPI,KOSPI,1480,2464504,3700994790,74075852960,50051252,2022-09-30
010690,화신,KOSPI,KOSPI,8370,437574,3681987320,292283831700,34920410,2022-09-30
126640,화신정공,KOSDAQ,KOSDAQ,1395,172088,235452355,50741572365,36373887,2022-09-30
133820,화인베스틸,KOSPI,KOSPI,2280,105424,230855230,67902825480,29781941,2022-09-30
061250,화일약품,KOSDAQ,KOSDAQ,2015,1751952,3452324385,137124792090,68052006,2022-09-30
010660,화천기계,KOSPI,KOSPI,4940,7976663,39960084800,108680000000,22000000,2022-09-30
000850,화천기공,KOSPI,KOSPI,29300,5137,150042400,64460000000,2200000,2022-09-30
016580,환인제약,KOSPI,KOSPI,16750,17977,301535600,311551172500,18600070,2022-09-30
032560,황금에스티,KOSPI,KOSPI,7130,512231,3687499430,121210000000,17000000,2022-09-30
004800,효성,KOSPI,KOSPI,70000,44076,3092000900,1474971750000,21071025,2022-09-30
094280,효성ITX,KOSPI,KOSPI,13350,11256,150354800,154301970000,11558200,2022-09-30
097870,효성오앤비,KOSDAQ,KOSDAQ,8140,120920,973208770,69108600000,8490000,2022-09-30
298040,효성중공업,KOSPI,KOSPI,59500,40833,2391312100,554810606000,9324548,2022-09-30
298050,효성첨단소재,KOSPI,KOSPI,307500,45529,14088292000,1377584010000,4479948,2022-09-30
298020,효성티앤씨,KOSPI,KOSPI,259000,23066,6020739500,1120869638000,4327682,2022-09-30
298000,효성화학,KOSPI,KOSPI,114500,14901,1699128500,365269427000,3190126,2022-09-30
093370,후성,KOSPI,KOSPI,11850,1499912,17801225850,1097390805150,92606819,2022-09-30
081660,휠라홀딩스,KOSPI,KOSPI,31300,546647,17047301850,1901544548600,60752222,2022-09-30
290270,휴네시온,KOSDAQ,KOSDAQ,3810,9594,36466025,36605230320,9607672,2022-09-30
005870,휴니드,KOSPI,KOSPI,5910,62260,361137870,83425648650,14116015,2022-09-30
353190,휴럼,KOSDAQ,KOSDAQ,998,102075,99447643,38303659160,38380420,2022-09-30
192410,휴림네트웍스,KOSDAQ,KOSDAQ,1190,1724281,1974955550,129467668400,108796360,2022-09-30
090710,휴림로봇,KOSDAQ,KOSDAQ,2150,3914777,8356884385,352117750700,163775698,2022-09-30
205470,휴마시스,KOSDAQ,KOSDAQ,12000,1404302,16840683600,410685780000,34223815,2022-09-30
115160,휴맥스,KOSDAQ,KOSDAQ,3300,103838,336686990,145006583700,43941389,2022-09-30
028080,휴맥스홀딩스,KOSDAQ,KOSDAQ,2905,24586,69942370,36537654930,12577506,2022-09-30
032860,휴먼엔,KOSDAQ,KOSDAQ,3640,0,0,65288375880,17936367,2022-09-30
200670,휴메딕스,KOSDAQ,KOSDAQ,18650,19387,358419750,185962768100,9971194,2022-09-30
212310,휴벡셀,KONEX,KONEX,4240,1966,7739315,26729121120,6304038,2022-09-30
079980,휴비스,KOSPI,KOSPI,5370,48239,256236170,185265000000,34500000,2022-09-30
065510,휴비츠,KOSDAQ,KOSDAQ,8430,44635,372007420,100235827530,11890371,2022-09-30
215090,휴센텍,KOSDAQ,KOSDAQ,1505,0,0,120843123170,80294434,2022-09-30
005010,휴스틸,KOSPI,KOSPI,5820,3485583,20191053930,228074596500,39188075,2022-09-30
263920,휴엠앤씨,KOSDAQ,KOSDAQ,4555,0,0,223400585370,49045134,2022-09-30
243070,휴온스,KOSDAQ,KOSDAQ,31850,18150,573397250,380147235650,11935549,2022-09-30
084110,휴온스글로벌,KOSDAQ,KOSDAQ,17750,16093,280859000,224031483000,12621492,2022-09-30
145020,휴젤,KOSDAQ,KOSDAQ,102200,30645,3169555500,1265793501000,12385455,2022-09-30
024060,흥구석유,KOSDAQ,KOSDAQ,5500,203322,1113289340,82500000000,15000000,2022-09-30
010240,흥국,KOSDAQ,KOSDAQ,4970,51423,255503300,61243799120,12322696,2022-09-30
189980,흥국에프엔비,KOSDAQ,KOSDAQ,2345,73819,171439425,93794772995,39997771,2022-09-30
000540,흥국화재,KOSPI,KOSPI,3090,36565,113301145,198509773050,64242645,2022-09-30
000547,흥국화재2우B,KOSPI,KOSPI,17800,7495,138859250,2734080000,153600,2022-09-30
000545,흥국화재우,KOSPI,KOSPI,6010,1636,8854820,4615680000,768000,2022-09-30
003280,흥아해운,KOSPI,KOSPI,1230,138386,171543770,295722625770,240424899,2022-09-30
037440,희림,KOSDAQ,KOSDAQ,7220,305525,2193339410,100520269500,13922475,2022-09-30
238490,힘스,KOSDAQ,KOSDAQ,6300,41392,258831340,71267086800,11312236,2022-09-30
