ticker,name,raw_market,market,close,volume,trading_value,market_cap,shares_outstanding,effective_date
060310,3S,KOSDAQ,KOSDAQ,2095,193223,407345010,101684264990,48536642,2022-12-29
095570,AJ네트웍스,KOSPI,KOSPI,5720,112525,631964430,267823527400,46822295,2022-12-29
006840,AK홀딩스,KOSPI,KOSPI,17200,11782,198942500,227858049200,13247561,2022-12-29
054620,APS홀딩스,KOSDAQ,KOSDAQ,15750,177731,2833137950,321208980750,20394221,2022-12-29
265520,AP시스템,KOSDAQ,KOSDAQ,18350,40438,740530200,280414075350,15281421,2022-12-29
211270,AP위성,KOSDAQ,KOSDAQ,10050,126978,1278340670,151577155200,15082304,2022-12-29
027410,BGF,KOSPI,KOSPI,4305,144565,624224765,412060785255,95716791,2022-12-29
282330,BGF리테일,KOSPI,KOSPI,210500,33874,7124135000,3638262213000,17283906,2022-12-29
138930,BNK금융지주,KOSPI,KOSPI,6500,3097584,20179012670,2118579099000,325935246,2022-12-29
001460,BYC,KOSPI,KOSPI,366000,1977,730078500,228609090000,624615,2022-12-29
001465,BYC우,KOSPI,KOSPI,142500,114,15995500,30692362500,215385,2022-12-29
013720,CBI,KOSDAQ,KOSDAQ,408,76153645,34191040653,110298999888,270340686,2022-12-29
001040,CJ,KOSPI,KOSPI,84100,64279,5450474900,2453785531800,29176998,2022-12-29
079160,CJ CGV,KOSPI,KOSPI,16950,152816,2617171450,808879408050,47721499,2022-12-29
035760,CJ ENM,KOSDAQ GLOBAL,KOSDAQ,104700,226908,23556656600,2295982423800,21929154,2022-12-29
311690,CJ 바이오사이언스,KOSDAQ,KOSDAQ,29000,25225,730179500,170481488000,5878672,2022-12-29
00104K,CJ4우(전환),KOSPI,KOSPI,72900,4562,332811100,308112724800,4226512,2022-12-29
000120,CJ대한통운,KOSPI,KOSPI,93700,68572,6535602700,2137516632800,22812344,2022-12-29
011150,CJ씨푸드,KOSPI,KOSPI,2875,12908812,41790598120,103300972375,35930773,2022-12-29
011155,CJ씨푸드1우,KOSPI,KOSPI,25850,21876,630516250,5170000000,200000,2022-12-29
001045,CJ우,KOSPI,KOSPI,49200,1055,52114100,111202971600,2260223,2022-12-29
097950,CJ제일제당,KOSPI,KOSPI,380500,24104,9200607000,5728117773000,15054186,2022-12-29
097955,CJ제일제당 우,KOSPI,KOSPI,168500,1582,266102000,223672460500,1327433,2022-12-29
051500,CJ프레시웨이,KOSDAQ,KOSDAQ,32000,116447,3760389650,379890752000,11871586,2022-12-29
058820,CMG제약,KOSDAQ,KOSDAQ,2150,538832,1157212500,298618324600,138892244,2022-12-29
023460,CNH,KOSDAQ,KOSDAQ,2800,78093,215931045,104160000000,37200000,2022-12-29
056730,CNT85,KOSDAQ,KOSDAQ,3100,0,0,110511763600,35648956,2022-12-29
065770,CS,KOSDAQ,KOSDAQ,1500,58916,86313260,29116695000,19411130,2022-12-29
083660,CSA 코스믹,KOSDAQ,KOSDAQ,980,22141,21319002,38662169140,39451193,2022-12-29
000590,CS홀딩스,KOSPI,KOSPI,57600,1608,93347100,66498163200,1154482,2022-12-29
012030,DB,KOSPI,KOSPI,803,183755,145836318,161542668199,201173933,2022-12-29
404950,DB금융스팩10호,KOSDAQ,KOSDAQ,2010,18332,36763440,11738400000,5840000,2022-12-29
367340,DB금융스팩8호,KOSDAQ,KOSDAQ,2015,1591,3200515,12190750000,6050000,2022-12-29
367360,DB금융스팩9호,KOSDAQ,KOSDAQ,2015,5501,11223670,9752600000,4840000,2022-12-29
016610,DB금융투자,KOSPI,KOSPI,4100,133552,549090630,174030194900,42446389,2022-12-29
005830,DB손해보험,KOSPI,KOSPI,65300,164431,10729375600,4623240000000,70800000,2022-12-29
000990,DB하이텍,KOSPI,KOSPI,37150,290858,10849308850,1649407544200,44398588,2022-12-29
000995,DB하이텍1우,KOSPI,KOSPI,68900,121,8372100,7738572400,112316,2022-12-29
139130,DGB금융지주,KOSPI,KOSPI,6990,843695,5943204640,1182329372670,169145833,2022-12-29
001530,DI동일,KOSPI,KOSPI,15050,45939,693383850,384802463500,25568270,2022-12-29
000210,DL,KOSPI,KOSPI,59200,127800,7538663500,1240588332800,20955884,2022-12-29
001880,DL건설,KOSPI,KOSPI,14850,27270,398280700,327491267400,22053284,2022-12-29
000215,DL우,KOSPI,KOSPI,33900,1011,34285250,57159298500,1686115,2022-12-29
375500,DL이앤씨,KOSPI,KOSPI,33750,271280,9205173150,1305909776250,38693623,2022-12-29
37550L,DL이앤씨2우(전환),KOSPI,KOSPI,25700,2677,68674500,54277140700,2111951,2022-12-29
37550K,DL이앤씨우,KOSPI,KOSPI,23300,2372,54852150,49253520500,2113885,2022-12-29
068790,DMS,KOSDAQ,KOSDAQ,5980,132019,793387210,146946904780,24573061,2022-12-29
007340,DN오토모티브,KOSPI,KOSPI,64100,25394,1642910700,640615720500,9994005,2022-12-29
004840,DRB동일,KOSPI,KOSPI,4080,3353,13736555,81314400000,19930000,2022-12-29
241520,DSC인베스트먼트,KOSDAQ,KOSDAQ,3395,212373,714266000,94419713185,27811403,2022-12-29
155660,DSR,KOSPI,KOSPI,5530,24059,135235800,88480000000,16000000,2022-12-29
069730,DSR제강,KOSPI,KOSPI,4775,56938,275248305,68760000000,14400000,2022-12-29
017940,E1,KOSPI,KOSPI,45450,7683,348368850,311787000000,6860000,2022-12-29
245620,EDGC,KOSDAQ,KOSDAQ,1870,737335,1394881855,157221990970,84075931,2022-12-29
037370,EG,KOSDAQ,KOSDAQ,7400,13420,100093690,63824792800,8624972,2022-12-29
278990,EMB,KONEX,KONEX,4100,20,83000,14875710200,3628222,2022-12-29
365550,ESR켄달스퀘어리츠,KOSPI,KOSPI,3990,452000,1792165450,850225110000,213089000,2022-12-29
050120,ES큐브,KOSDAQ,KOSDAQ,4250,9762,41362075,57647365500,13564086,2022-12-29
084180,EV수성,KOSDAQ,KOSDAQ,1565,5090764,7909017075,98087603525,62675785,2022-12-29
383220,F&F,KOSPI,KOSPI,144500,154348,22291348500,5535372337500,38307075,2022-12-29
007700,F&F홀딩스,KOSPI,KOSPI,30450,539194,16565280600,1191032475150,39114367,2022-12-29
214270,FSN,KOSDAQ,KOSDAQ,3240,270152,886998910,102637160640,31678136,2022-12-29
130500,GH신소재,KOSDAQ,KOSDAQ,4080,142880,584956535,59343812160,14545052,2022-12-29
114090,GKL,KOSPI,KOSPI,18900,534987,10069552250,1169072163000,61855670,2022-12-29
900290,GRT,KOSDAQ,KOSDAQ,2400,11051,26692425,161700000000,67375000,2022-12-29
078930,GS,KOSPI,KOSPI,43800,159108,6970998400,4069693556400,92915378,2022-12-29
083450,GST,KOSDAQ,KOSDAQ,19600,35197,686302650,182627802000,9317745,2022-12-29
006360,GS건설,KOSPI,KOSPI,21150,963181,20645819900,1810048513500,85581490,2022-12-29
001250,GS글로벌,KOSPI,KOSPI,2250,481130,1087704450,185700969000,82533764,2022-12-29
007070,GS리테일,KOSPI,KOSPI,28150,135402,3832196750,2947809504300,104717922,2022-12-29
078935,GS우,KOSPI,KOSPI,34100,5941,202402800,60862566600,1784826,2022-12-29
297890,HB솔루션,KOSDAQ,KOSDAQ,12150,58418,716426050,203149129950,16720093,2022-12-29
078150,HB테크놀러지,KOSDAQ,KOSDAQ,1920,175068,336573405,151661617920,78990426,2022-12-29
012630,HDC,KOSPI,KOSPI,5490,98624,542889230,327982048290,59741721,2022-12-29
039570,HDC랩스,KOSPI,KOSPI,7600,21409,164314340,197277767600,25957601,2022-12-29
089470,HDC현대EP,KOSPI,KOSPI,3955,12851,50832280,126164500000,31900000,2022-12-29
294870,HDC현대산업개발,KOSPI,KOSPI,10000,263008,2637179770,659073300000,65907330,2022-12-29
267250,HD현대,KOSPI,KOSPI,57100,180151,10433815600,4510505153500,78993085,2022-12-29
097230,HJ중공업,KOSPI,KOSPI,3915,13302,52114445,326018810115,83274281,2022-12-29
195940,HK이노엔,KOSDAQ GLOBAL,KOSDAQ,37050,101289,3729055800,1070911687950,28904499,2022-12-29
014790,HL D&I,KOSPI,KOSPI,2680,73350,197903490,101461050680,37858601,2022-12-29
028300,HLB,KOSDAQ,KOSDAQ,28400,856626,24409224150,3307631247600,116465889,2022-12-29
003580,HLB글로벌,KOSPI,KOSPI,5470,242008,1319945060,231747719740,42367042,2022-12-29
343090,HLB사이언스,KONEX,KONEX,2430,1302,3051700,28093626090,11561163,2022-12-29
067630,HLB생명과학,KOSDAQ,KOSDAQ,10600,441214,4614946450,1024879126000,96686710,2022-12-29
047920,HLB제약,KOSDAQ,KOSDAQ,10600,153322,1618953000,295434190000,27871150,2022-12-29
115450,HLB테라퓨틱스,KOSDAQ,KOSDAQ,11200,113609,1249205950,356256364800,31808604,2022-12-29
204320,HL만도,KOSPI,KOSPI,40300,290035,11790970400,1892371936000,46957120,2022-12-29
060980,HL홀딩스,KOSPI,KOSPI,30750,28926,876982250,322016152500,10472070,2022-12-29
011200,HMM,KOSPI,KOSPI,19550,1774831,34894537650,9560722146800,489039496,2022-12-29
403870,HPSP,KOSDAQ,KOSDAQ,53500,79101,4252059600,1085501625000,20289750,2022-12-29
036640,HRS,KOSDAQ,KOSDAQ,5200,124753,655376570,85044960000,16354800,2022-12-29
082740,HSD엔진,KOSPI,KOSPI,7420,257211,1878819990,530856435480,71543994,2022-12-29
351340,IBKS제13호스팩,KOSDAQ,KOSDAQ,1995,5539,11055300,10314150000,5170000,2022-12-29
388790,IBKS제16호스팩,KOSDAQ,KOSDAQ,2265,192489,436742585,7723650000,3410000,2022-12-29
405350,IBKS제17호스팩,KOSDAQ,KOSDAQ,2375,0,0,6460000000,2720000,2022-12-29
424760,IBKS제18호스팩,KOSDAQ,KOSDAQ,2135,0,0,9031050000,4230000,2022-12-29
426550,IBKS제19호스팩,KOSDAQ,KOSDAQ,2075,7716,16001885,10541000000,5080000,2022-12-29
439730,IBKS제20호스팩,KOSDAQ,KOSDAQ,2045,18021,36789920,8813950000,4310000,2022-12-29
442770,IBKS제21호스팩,KOSDAQ,KOSDAQ,2040,5998,12243860,8588400000,4210000,2022-12-29
003560,IHQ,KOSPI,KOSPI,423,1929358,817105476,90562459104,214095648,2022-12-29
095340,ISC,KOSDAQ,KOSDAQ,31350,125377,3911135300,545473415850,17399471,2022-12-29
099520,ITX-AI,KOSDAQ,KOSDAQ,2570,0,0,63350158190,24649867,2022-12-29
175330,JB금융지주,KOSPI,KOSPI,7890,950711,7492675460,1554195033660,196982894,2022-12-29
950170,JTC,KOSDAQ,KOSDAQ,3570,70078,250176630,178832095680,50093024,2022-12-29
234080,JW생명과학,KOSPI,KOSPI,12150,15835,191935350,192389831100,15834554,2022-12-29
067290,JW신약,KOSDAQ,KOSDAQ,3630,371184,1358411835,167442596310,46127437,2022-12-29
001060,JW중외제약,KOSPI,KOSPI,18900,73684,1389466600,419165730900,22178081,2022-12-29
001067,JW중외제약2우B,KOSPI,KOSPI,65100,162,10502500,13020000000,200000,2022-12-29
001065,JW중외제약우,KOSPI,KOSPI,32350,113,3658600,10534939250,325655,2022-12-29
096760,JW홀딩스,KOSPI,KOSPI,2980,24488,72373815,209925223880,70444706,2022-12-29
035900,JYP Ent.,KOSDAQ GLOBAL,KOSDAQ,67800,361815,24261447200,2406729957600,35497492,2022-12-29
318000,KBG,KOSDAQ,KOSDAQ,5720,23425,133698000,47074599000,8229825,2022-12-29
024840,KBI메탈,KOSDAQ,KOSDAQ,1310,162287,213821555,43165610880,32950848,2022-12-29
105560,KB금융,KOSPI,KOSPI,48500,707932,34593164150,19831507798000,408897068,2022-12-29
432320,KB스타리츠,KOSPI,KOSPI,4425,33790,149130515,448758211125,101414285,2022-12-29
024120,KB오토시스,KOSDAQ,KOSDAQ,3660,57305,210819750,42090000000,11500000,2022-12-29
002380,KCC,KOSPI,KOSPI,204500,60542,12614678000,1817283319500,8886471,2022-12-29
021320,KCC건설,KOSDAQ,KOSDAQ,6770,59039,404277660,144878000000,21400000,2022-12-29
344820,KCC글라스,KOSPI,KOSPI,36950,31086,1149338500,590110418400,15970512,2022-12-29
036670,KCI,KOSDAQ,KOSDAQ,8890,8729,77372790,100190300000,11270000,2022-12-29
009070,KCTC,KOSPI,KOSPI,4550,67670,305167475,136500000000,30000000,2022-12-29
009440,KC그린홀딩스,KOSPI,KOSPI,2820,20515,57303105,63266643600,22434980,2022-12-29
112190,KC산업,KONEX,KONEX,3190,284,880140,22729557070,7125253,2022-12-29
119650,KC코트렐,KOSPI,KOSPI,1820,89115,162716840,32032829920,17600456,2022-12-29
044180,KD,KOSDAQ,KOSDAQ,738,109570,81676206,18338297058,24848641,2022-12-29
092220,KEC,KOSPI,KOSPI,1955,1276085,2463331135,283011940655,144763141,2022-12-29
151860,KG ETS,KOSDAQ,KOSDAQ,9570,302961,2928889470,344520000000,36000000,2022-12-29
046440,KG모빌리언스,KOSDAQ,KOSDAQ,5640,154012,866300530,218976203520,38825568,2022-12-29
016380,KG스틸,KOSPI,KOSPI,7390,502248,3761043700,739065748830,100008897,2022-12-29
035600,KG이니시스,KOSDAQ,KOSDAQ,11700,289001,3442280800,326481877800,27904434,2022-12-29
001390,KG케미칼,KOSPI,KOSPI,20550,74253,1535216350,284948272800,13866096,2022-12-29
226360,KH 건설,KOSDAQ,KOSDAQ,452,5358023,2467526172,55876480012,123620531,2022-12-29
111870,KH 전자,KOSDAQ,KOSDAQ,247,945083,230685769,39510076034,159959822,2022-12-29
033180,KH 필룩스,KOSPI,KOSPI,663,1679650,1119571140,113572630626,171301102,2022-12-29
060720,KH바텍,KOSDAQ,KOSDAQ,13900,207964,2818640050,329116443800,23677442,2022-12-29
001940,KISCO홀딩스,KOSPI,KOSPI,15650,9649,148289350,253160347000,16176380,2022-12-29
058400,KNN,KOSDAQ,KOSDAQ,889,321826,283486112,117730021080,132429720,2022-12-29
114450,KPX생명과학,KOSDAQ,KOSDAQ,5930,31117034,189603010730,88950000000,15000000,2022-12-29
025000,KPX케미칼,KOSPI,KOSPI,51000,1603,81003100,246840000000,4840000,2022-12-29
092230,KPX홀딩스,KOSPI,KOSPI,54000,2958,161160400,228130884000,4224646,2022-12-29
000040,KR모터스,KOSPI,KOSPI,560,140872,78752594,53837540400,96138465,2022-12-29
044450,KSS해운,KOSPI,KOSPI,9250,20433,187850160,213544390000,23085880,2022-12-29
030200,KT,KOSPI,KOSPI,33800,745365,25226496850,8825579110400,261111808,2022-12-29
033780,KT&G,KOSPI,KOSPI,91500,307887,28154576800,12562263475500,137292497,2022-12-29
058850,KTcs,KOSPI,KOSPI,2185,112937,248889075,93266725000,42685000,2022-12-29
058860,KTis,KOSPI,KOSPI,2415,83626,201386655,84046830000,34802000,2022-12-29
060370,KT서브마린,KOSDAQ,KOSDAQ,4940,63210,311840615,128134866080,25938232,2022-12-29
122450,KX,KOSDAQ,KOSDAQ,5200,143163,729971510,235747012800,45335964,2022-12-29
052900,KX하이텍,KOSDAQ,KOSDAQ,1180,148789,175789525,65026870060,55107517,2022-12-29
093050,LF,KOSPI,KOSPI,15900,34202,544995950,464916000000,29240000,2022-12-29
003550,LG,KOSPI,KOSPI,78100,169981,13326789500,12285207553300,157300993,2022-12-29
034220,LG디스플레이,KOSPI,KOSPI,12450,860698,10759546100,4454805465000,357815700,2022-12-29
051900,LG생활건강,KOSPI,KOSPI,722000,84144,60616040000,11276338234000,15618197,2022-12-29
051905,LG생활건강우,KOSPI,KOSPI,315500,7294,2317537000,662454403500,2099697,2022-12-29
373220,LG에너지솔루션,KOSPI,KOSPI,435500,265226,116156988000,101907000000000,234000000,2022-12-29
003555,LG우,KOSPI,KOSPI,59700,4884,291328300,180390714000,3021620,2022-12-29
032640,LG유플러스,KOSPI,KOSPI,11050,422537,4699546550,4824555539050,436611361,2022-12-29
011070,LG이노텍,KOSPI,KOSPI,252500,308631,78038342500,5975944517500,23667107,2022-12-29
066570,LG전자,KOSPI,KOSPI,86500,451139,39440513200,14155535911000,163647814,2022-12-29
066575,LG전자우,KOSPI,KOSPI,42050,16865,707573650,722670963600,17185992,2022-12-29
037560,LG헬로비전,KOSPI,KOSPI,4400,130435,576380145,340766206000,77446865,2022-12-29
051910,LG화학,KOSPI,KOSPI,600000,103968,62525555000,42355405800000,70592343,2022-12-29
051915,LG화학우,KOSPI,KOSPI,277500,7206,2003461500,2133642000000,7688800,2022-12-29
079550,LIG넥스원,KOSPI,KOSPI,92200,165629,15264084800,2028400000000,22000000,2022-12-29
006260,LS,KOSPI,KOSPI,69700,112443,7866162200,2244340000000,32200000,2022-12-29
010120,LS ELECTRIC,KOSPI,KOSPI,56400,123010,6930385000,1692000000000,30000000,2022-12-29
000680,LS네트웍스,KOSPI,KOSPI,2400,17697,41519480,189127238400,78803016,2022-12-29
229640,LS전선아시아,KOSPI,KOSPI,7290,98919,725409110,223255367910,30624879,2022-12-29
108320,LX세미콘,KOSPI,KOSPI,71700,146734,10598878600,1166150310000,16264300,2022-12-29
001120,LX인터내셔널,KOSPI,KOSPI,33950,738292,25371252600,1315902000000,38760000,2022-12-29
108670,LX하우시스,KOSPI,KOSPI,31250,13160,411476350,280239687500,8967670,2022-12-29
108675,LX하우시스우,KOSPI,KOSPI,15900,2133,34049300,16414047000,1032330,2022-12-29
383800,LX홀딩스,KOSPI,KOSPI,8460,148587,1261896650,645334637400,76280690,2022-12-29
38380K,LX홀딩스1우,KOSPI,KOSPI,11050,469,5199050,16191399250,1465285,2022-12-29
086960,MDS테크,KOSDAQ,KOSDAQ,7440,4096342,31206236790,165402508800,22231520,2022-12-29
023150,MH에탄올,KOSPI,KOSPI,7610,19902,152100170,56150582860,7378526,2022-12-29
035420,NAVER,KOSPI,KOSPI,177500,656658,118186269500,29118712587500,164049085,2022-12-29
160550,NEW,KOSDAQ,KOSDAQ,8150,321674,2625567620,227434763900,27906106,2022-12-29
053290,NE능률,KOSDAQ,KOSDAQ,3770,68572,258806880,62304177390,16526307,2022-12-29
181710,NHN,KOSPI,KOSPI,24900,60666,1528939250,896828230200,36017198,2022-12-29
104200,NHN벅스,KOSDAQ,KOSDAQ,5700,55581,318196240,84517035000,14827550,2022-12-29
060250,NHN한국사이버결제,KOSDAQ GLOBAL,KOSDAQ,13400,253484,3434245400,538152187400,40160611,2022-12-29
400760,NH올원리츠,KOSPI,KOSPI,3400,176951,597137550,143480000000,42200000,2022-12-29
005940,NH투자증권,KOSPI,KOSPI,8770,604563,5339139640,2908710127170,331665921,2022-12-29
005945,NH투자증권우,KOSPI,KOSPI,8740,81486,713830660,164932260320,18870968,2022-12-29
338100,NH프라임리츠,KOSPI,KOSPI,4040,11099,44820005,75386400000,18660000,2022-12-29
034310,NICE,KOSPI,KOSPI,12900,40604,524970150,488681670000,37882300,2022-12-29
030190,NICE평가정보,KOSDAQ GLOBAL,KOSDAQ,12200,107251,1312172400,740720804000,60714820,2022-12-29
008260,NI스틸,KOSPI,KOSPI,4475,203257,901132795,127985523575,28600117,2022-12-29
004250,NPC,KOSPI,KOSPI,5820,186584,1091744330,213710400000,36720000,2022-12-29
004255,NPC우,KOSPI,KOSPI,3010,29920,90702630,15892800000,5280000,2022-12-29
010060,OCI,KOSPI,KOSPI,80800,426734,34663207100,1927029176800,23849371,2022-12-29
178920,PI첨단소재,KOSPI,KOSPI,28900,145459,4194395950,848686705800,29366322,2022-12-29
024940,PN풍년,KOSDAQ,KOSDAQ,8060,158042,1266851160,80600000000,10000000,2022-12-29
005490,POSCO홀딩스,KOSPI,KOSPI,276500,606222,169850262000,23383945095000,84571230,2022-12-29
218410,RFHIC,KOSDAQ,KOSDAQ,22450,131184,2963131850,601355443300,26786434,2022-12-29
327260,RF머트리얼즈,KOSDAQ,KOSDAQ,12000,69766,841521350,98372364000,8197697,2022-12-29
091340,S&K폴리텍,KOSDAQ,KOSDAQ,3590,18874,68248045,42016358390,11703721,2022-12-29
010950,S-Oil,KOSPI,KOSPI,83400,350223,29288792100,9389404852800,112582792,2022-12-29
010955,S-Oil우,KOSPI,KOSPI,53900,34498,1868202300,216781865300,4021927,2022-12-29
419530,SAMG엔터,KOSDAQ,KOSDAQ,25300,1608331,43152141750,217350529000,8590930,2022-12-29
019550,SBI인베스트먼트,KOSDAQ,KOSDAQ,1065,747091,786950375,172600902375,162066575,2022-12-29
950110,SBI핀테크솔루션즈,KOSDAQ,KOSDAQ,3900,5386,21028935,93804906000,24052540,2022-12-29
034120,SBS,KOSPI,KOSPI,34550,21671,754829600,630626708100,18252582,2022-12-29
046140,SBS콘텐츠허브,KOSDAQ,KOSDAQ,5700,75631,428085080,122342263500,21463555,2022-12-29
151910,SBW생명과학,KOSDAQ,KOSDAQ,799,3051660,2495886398,141530160282,177134118,2022-12-29
036120,SCI평가정보,KOSDAQ,KOSDAQ,3960,4883251,20307102760,140580000000,35500000,2022-12-29
099220,SDN,KOSDAQ,KOSDAQ,1715,316694,546127680,96334655865,56171811,2022-12-29
036540,SFA반도체,KOSDAQ,KOSDAQ,3845,718603,2803368150,632349865035,164460303,2022-12-29
255220,SG,KOSDAQ,KOSDAQ,1175,73903,83578530,52589109575,44756689,2022-12-29
040610,SG&G,KOSDAQ,KOSDAQ,1595,44897,70926740,54369077620,34087196,2022-12-29
049470,SGA,KOSDAQ,KOSDAQ,771,63949,48354733,45382793979,58862249,2022-12-29
184230,SGA솔루션즈,KOSDAQ,KOSDAQ,823,153477,125784801,44596085352,54187224,2022-12-29
005090,SGC에너지,KOSPI,KOSPI,30950,54386,1686480750,454253273800,14677004,2022-12-29
016250,SGC이테크건설,KOSDAQ,KOSDAQ,28500,12970,373249750,74084182500,2599445,2022-12-29
001380,SG글로벌,KOSPI,KOSPI,1705,200406,347769745,76663863815,44964143,2022-12-29
004060,SG세계물산,KOSPI,KOSPI,534,543307,291237432,108094928640,202424960,2022-12-29
001770,SHD,KOSPI,KOSPI,31900,11877,378424350,38754608200,1214878,2022-12-29
002360,SH에너지화학,KOSPI,KOSPI,821,1047229,870348382,91240792330,111133730,2022-12-29
009160,SIMPAC,KOSPI,KOSPI,4685,132483,625297090,306537282460,65429516,2022-12-29
123700,SJM,KOSPI,KOSPI,4200,61074,259777935,65540571600,15604898,2022-12-29
025530,SJM홀딩스,KOSPI,KOSPI,3425,67979,235515255,51148977400,14934008,2022-12-29
034730,SK,KOSPI,KOSPI,189000,143674,27418995000,14014223181000,74149329,2022-12-29
011790,SKC,KOSPI,KOSPI,88500,116511,10337836000,3351344373000,37868298,2022-12-29
018670,SK가스,KOSPI,KOSPI,115500,14792,1709397500,1066093182000,9230244,2022-12-29
001740,SK네트웍스,KOSPI,KOSPI,3870,418615,1621109370,960486193890,248187647,2022-12-29
001745,SK네트웍스우,KOSPI,KOSPI,37500,2095,78893800,4261800000,113648,2022-12-29
006120,SK디스커버리,KOSPI,KOSPI,30250,43937,1327111050,575895113750,19037855,2022-12-29
006125,SK디스커버리우,KOSPI,KOSPI,28000,1127,31756950,38036740000,1358455,2022-12-29
210980,SK디앤디,KOSPI,KOSPI,20050,19482,391968750,444912788200,22190164,2022-12-29
068400,SK렌터카,KOSPI,KOSPI,6660,46930,313847560,314923694400,47285840,2022-12-29
395400,SK리츠,KOSPI,KOSPI,5510,316840,1707965730,1083012975290,196554079,2022-12-29
302440,SK바이오사이언스,KOSPI,KOSPI,73500,162925,11988020700,5643627381000,76784046,2022-12-29
326030,SK바이오팜,KOSPI,KOSPI,72100,97899,7011080700,5646385325000,78313250,2022-12-29
402340,SK스퀘어,KOSPI,KOSPI,33550,324278,10897446500,4746237007050,141467571,2022-12-29
260870,SK시그넷,KONEX,KONEX,40000,3756,149939150,235065680000,5876642,2022-12-29
361610,SK아이이테크놀로지,KOSPI,KOSPI,53000,197506,10490917000,3778772376000,71297592,2022-12-29
03473K,SK우,KOSPI,KOSPI,168000,879,148002500,95110680000,566135,2022-12-29
096770,SK이노베이션,KOSPI,KOSPI,154000,201938,31184459500,14239696856000,92465564,2022-12-29
096775,SK이노베이션우,KOSPI,KOSPI,93900,4975,465613000,117227201400,1248426,2022-12-29
001510,SK증권,KOSPI,KOSPI,618,1439178,895063181,292060725678,472590171,2022-12-29
001515,SK증권우,KOSPI,KOSPI,2570,4399,11272045,10055160980,3912514,2022-12-29
285130,SK케미칼,KOSPI,KOSPI,73200,153476,11369725500,1262976915600,17253783,2022-12-29
28513K,SK케미칼우,KOSPI,KOSPI,37700,8567,325392700,79751673300,2115429,2022-12-29
017670,SK텔레콤,KOSPI,KOSPI,47400,407839,19456420650,10372691025600,218833144,2022-12-29
000660,SK하이닉스,KOSPI,KOSPI,75000,1736661,130328025000,54600177375000,728002365,2022-12-29
048550,SM C&C,KOSDAQ,KOSDAQ,2960,272688,814692225,283050355200,95625120,2022-12-29
063440,SM Life Design,KOSDAQ,KOSDAQ,2250,712275,1611375140,103565596500,46029154,2022-12-29
064960,SNT모티브,KOSPI,KOSPI,42000,32043,1340596400,614171712000,14623136,2022-12-29
100840,SNT에너지,KOSPI,KOSPI,18650,31955,602316900,140000160150,7506711,2022-12-29
003570,SNT중공업,KOSPI,KOSPI,9340,102158,956584970,310580189980,33252697,2022-12-29
036530,SNT홀딩스,KOSPI,KOSPI,15700,10739,169028650,255971010200,16303886,2022-12-29
005610,SPC삼립,KOSPI,KOSPI,71300,15341,1086138600,615248341700,8629009,2022-12-29
011810,STX,KOSPI,KOSPI,5500,2378432,13473355530,157417997000,28621454,2022-12-29
077970,STX엔진,KOSPI,KOSPI,13450,140254,1842452400,309469758800,23008904,2022-12-29
071970,STX중공업,KOSPI,KOSPI,7080,1169736,8378225500,200937777360,28381042,2022-12-29
002820,SUN&L,KOSPI,KOSPI,3100,18691,58317550,39084765900,12607989,2022-12-29
289080,SV인베스트먼트,KOSDAQ,KOSDAQ,1905,288335,552301390,101410770000,53234000,2022-12-29
084870,TBH글로벌,KOSPI,KOSPI,1640,70539,116308010,34205183160,20856819,2022-12-29
002710,TCC스틸,KOSPI,KOSPI,9350,207710,1922749540,237359277650,25386019,2022-12-29
089230,THE E&M,KOSDAQ,KOSDAQ,315,267192,84073404,57210644610,181621094,2022-12-29
161570,THE MIDONG,KOSDAQ,KOSDAQ,1055,33035,34154450,16439885650,15582830,2022-12-29
032540,TJ미디어,KOSDAQ,KOSDAQ,6200,42883,261898360,86375975800,13931609,2022-12-29
022220,TKG애강,KOSDAQ,KOSDAQ,1345,123981,168806065,69663708755,51794579,2022-12-29
069260,TKG휴켐스,KOSPI,KOSPI,20000,126558,2547224300,817571760000,40878588,2022-12-29
048770,TPC,KOSDAQ,KOSDAQ,3235,43701,140463840,50783000885,15697991,2022-12-29
246690,TS인베스트먼트,KOSDAQ,KOSDAQ,1655,156872,255637140,64951929745,39245879,2022-12-29
317240,TS트릴리온,KOSDAQ,KOSDAQ,649,144676,94263260,61296508625,94447625,2022-12-29
002900,TYM,KOSPI,KOSPI,2880,3744042,10871302615,438778791360,152353747,2022-12-29
038340,UCI,KOSDAQ,KOSDAQ,2040,0,0,25977967920,12734298,2022-12-29
024070,WISCOM,KOSPI,KOSPI,2695,8068,21400610,41304750410,15326438,2022-12-29
057030,YBM넷,KOSDAQ,KOSDAQ,3360,49090,166200275,54810661920,16312697,2022-12-29
037270,YG PLUS,KOSPI,KOSPI,4410,298718,1324647030,279723698100,63429410,2022-12-29
040300,YTN,KOSDAQ,KOSDAQ,5580,801275,4526344510,234360000000,42000000,2022-12-29
051390,YW,KOSDAQ,KOSDAQ,3300,16234,53268940,37472714400,11355368,2022-12-29
052220,iMBC,KOSDAQ,KOSDAQ,3220,308745,997608035,74060000000,23000000,2022-12-29
079940,가비아,KOSDAQ,KOSDAQ,10150,63637,635122400,137387192600,13535684,2022-12-29
078890,가온미디어,KOSDAQ,KOSDAQ,7670,479396,3652046270,125273220280,16332884,2022-12-29
000500,가온전선,KOSPI,KOSPI,19500,86218,1679301800,123999057000,6358926,2022-12-29
399720,가온칩스,KOSDAQ,KOSDAQ,14200,141780,2049809650,163134144000,11488320,2022-12-29
036620,감성코퍼레이션,KOSDAQ,KOSDAQ,1870,596449,1101143665,167539988990,89593577,2022-12-29
000860,강남제비스코,KOSPI,KOSPI,20750,1543,31989750,134875000000,6500000,2022-12-29
217730,강스템바이오텍,KOSDAQ,KOSDAQ,2895,81783,233230935,109830292875,37937925,2022-12-29
035250,강원랜드,KOSPI,KOSPI,23200,385404,8987277200,4963419600000,213940500,2022-12-29
114190,강원에너지,KOSDAQ,KOSDAQ,8800,671158,5872903110,229882734400,26123038,2022-12-29
094480,갤럭시아머니트리,KOSDAQ,KOSDAQ,4150,152996,641618445,162803827700,39229838,2022-12-29
011420,갤럭시아에스엠,KOSPI,KOSPI,1700,41188,70167010,46834394800,27549644,2022-12-29
039240,경남스틸,KOSDAQ,KOSDAQ,2915,176397,520498225,78645545660,26979604,2022-12-29
053950,경남제약,KOSDAQ,KOSDAQ,2680,24771187,68423476675,82676834200,30849565,2022-12-29
002100,경농,KOSPI,KOSPI,10100,27707,279047450,197178007500,19522575,2022-12-29
009450,경동나비엔,KOSPI,KOSPI,33800,34089,1151253450,492418409600,14568592,2022-12-29
267290,경동도시가스,KOSPI,KOSPI,25300,78253,1996713950,149153771800,5895406,2022-12-29
012320,경동인베스트,KOSPI,KOSPI,98500,60256,6006430600,232954765500,2365023,2022-12-29
011040,경동제약,KOSDAQ,KOSDAQ,7870,233721,1829638550,242150188420,30768766,2022-12-29
000050,경방,KOSPI,KOSPI,10800,4661,50867950,296084916000,27415270,2022-12-29
214390,경보제약,KOSPI,KOSPI,10000,467123,4630687800,239068600000,23906860,2022-12-29
012610,경인양행,KOSPI,KOSPI,4090,75390,309361235,170210932850,41616365,2022-12-29
009140,경인전자,KOSPI,KOSPI,24200,2797,66212550,38013287400,1570797,2022-12-29
024910,경창산업,KOSDAQ,KOSDAQ,1995,21131,41595270,71458914975,35819005,2022-12-29
013580,계룡건설,KOSPI,KOSPI,18200,25410,456197800,162542507400,8930907,2022-12-29
012200,계양전기,KOSPI,KOSPI,3170,102470,323135135,103342000000,32600000,2022-12-29
012205,계양전기우,KOSPI,KOSPI,5200,902,4671830,7280000000,1400000,2022-12-29
002140,고려산업,KOSPI,KOSPI,3470,267098,921910850,86539804750,24939425,2022-12-29
198440,고려시멘트,KOSDAQ,KOSDAQ,2380,245776,590224330,76112304800,31979960,2022-12-29
049720,고려신용정보,KOSDAQ,KOSDAQ,10800,358552,3968411600,154440000000,14300000,2022-12-29
010130,고려아연,KOSPI,KOSPI,564000,48740,27589122000,11202821112000,19863158,2022-12-29
002240,고려제강,KOSPI,KOSPI,19500,46138,903566050,448500000000,23000000,2022-12-29
014570,고려제약,KOSDAQ,KOSDAQ,7830,61872,479615430,86130000000,11000000,2022-12-29
348150,고바이오랩,KOSDAQ,KOSDAQ,11050,25150,277835650,191230725400,17305948,2022-12-29
098460,고영,KOSDAQ GLOBAL,KOSDAQ,12750,202246,2589492350,875348126250,68654755,2022-12-29
035290,골드앤에스,KOSDAQ,KOSDAQ,5380,31225,167341390,239000635800,44423910,2022-12-29
038530,골드퍼시픽,KOSDAQ,KOSDAQ,402,864661,350586222,36990605262,92016431,2022-12-29
900280,골든센츄리,KOSDAQ,KOSDAQ,364,5079982,1881622254,74767160832,205404288,2022-12-29
215000,골프존,KOSDAQ GLOBAL,KOSDAQ,112800,25259,2835167700,707866812000,6275415,2022-12-29
121440,골프존뉴딘홀딩스,KOSDAQ,KOSDAQ,4600,130680,606256165,197049362800,42836818,2022-12-29
183410,골프존데카,KONEX,KONEX,2660,13,32200,10935688260,4111161,2022-12-29
366030,공구우먼,KOSDAQ,KOSDAQ,11900,1761190,22055911300,264936840000,22263600,2022-12-29
076340,관악산업,KONEX,KONEX,5500,4795,25676880,26793030000,4871460,2022-12-29
009290,광동제약,KOSPI,KOSPI,5960,92728,555524070,312428271960,52420851,2022-12-29
014200,광림,KOSDAQ,KOSDAQ,1005,970576,970786473,91160229480,90706696,2022-12-29
017040,광명전기,KOSPI,KOSPI,2085,251163,529165920,90358927275,43337615,2022-12-29
029480,광무,KOSDAQ,KOSDAQ,3120,359465,1115086710,111891995280,35862819,2022-12-29
017900,광전자,KOSPI,KOSPI,2185,53861,117520565,126607122155,57943763,2022-12-29
037710,광주신세계,KOSPI,KOSPI,32000,11587,370589550,256000000000,8000000,2022-12-29
026910,광진실업,KOSDAQ,KOSDAQ,4830,11237,54234895,30938106150,6405405,2022-12-29
355150,교보10호스팩,KOSDAQ,KOSDAQ,2170,235849,514326535,11544400000,5320000,2022-12-29
397880,교보11호스팩,KOSDAQ,KOSDAQ,2020,5541,11144890,8968800000,4440000,2022-12-29
421800,교보12호스팩,KOSDAQ,KOSDAQ,2025,8674,17492690,12109500000,5980000,2022-12-29
440790,교보13호스팩,KOSDAQ,KOSDAQ,1995,2123,4236820,8079750000,4050000,2022-12-29
030610,교보증권,KOSPI,KOSPI,5260,51788,272755480,340076336960,64653296,2022-12-29
339770,교촌에프앤비,KOSPI,KOSPI,9200,43531,401914230,229839368000,24982540,2022-12-29
053270,구영테크,KOSDAQ,KOSDAQ,2230,96824,216842120,58859008020,26394174,2022-12-29
007690,국도화학,KOSPI,KOSPI,42750,12670,546326900,385203834000,9010616,2022-12-29
005320,국동,KOSPI,KOSPI,1085,347692,379418825,60328643060,55602436,2022-12-29
001140,국보,KOSPI,KOSPI,728,1110642,810210183,75639265520,103900090,2022-12-29
066620,국보디자인,KOSDAQ,KOSDAQ,16300,2466,40526850,122250000000,7500000,2022-12-29
043650,국순당,KOSDAQ,KOSDAQ,6720,35172,238795980,120007802880,17858304,2022-12-29
006050,국영지앤엠,KOSDAQ,KOSDAQ,1490,378152,562761285,51993912070,34895243,2022-12-29
060480,국일신동,KOSDAQ,KOSDAQ,2525,59555,153016675,28002250000,11090000,2022-12-29
078130,국일제지,KOSDAQ,KOSDAQ,2220,910963,2055531000,283310790060,127617473,2022-12-29
307750,국전약품,KOSDAQ,KOSDAQ,6620,670268,4517646420,324838560780,49069269,2022-12-29
002720,국제약품,KOSPI,KOSPI,5500,5238257,30959688280,111073319500,20195149,2022-12-29
243870,굿센,KONEX,KONEX,14000,320,4467550,36173270000,2583805,2022-12-29
035080,그래디언트,KOSDAQ,KOSDAQ,14950,114022,1726910150,232137380800,15527584,2022-12-29
204020,그리티,KOSDAQ,KOSDAQ,2990,45746,136372420,60240815700,20147430,2022-12-29
083420,그린케미칼,KOSPI,KOSPI,9570,220568,2121346810,229680000000,24000000,2022-12-29
186230,그린플러스,KOSDAQ,KOSDAQ,10300,15742,162988350,111447936400,10820188,2022-12-29
014530,극동유화,KOSPI,KOSPI,3630,146921,537165595,126575994600,34869420,2022-12-29
900070,글로벌에스엠,KOSDAQ,KOSDAQ,710,269082,192654066,38158217280,53743968,2022-12-29
204620,글로벌텍스프리,KOSDAQ,KOSDAQ,3060,652189,2007411530,162974363760,53259596,2022-12-29
019660,글로본,KOSDAQ,KOSDAQ,1785,124753,216176290,62101481610,34790746,2022-12-29
014280,금강공업,KOSPI,KOSPI,6190,229309,1428546950,181548719830,29329357,2022-12-29
014285,금강공업우,KOSPI,KOSPI,11950,1752,20331350,7049006250,589875,2022-12-29
053260,금강철강,KOSDAQ,KOSDAQ,6300,91381,579623580,117936000000,18720000,2022-12-29
008870,금비,KOSPI,KOSPI,109000,96359,10922610500,109000000000,1000000,2022-12-29
001570,금양,KOSPI,KOSPI,23900,1561996,37230735900,1387395884300,58050037,2022-12-29
002990,금호건설,KOSPI,KOSPI,7000,149240,1061367320,258675165000,36953595,2022-12-29
002995,금호건설우,KOSPI,KOSPI,21850,400,8886700,6386012100,292266,2022-12-29
011780,금호석유,KOSPI,KOSPI,126000,127424,16141703500,3693603312000,29314312,2022-12-29
011785,금호석유우,KOSPI,KOSPI,81000,19681,1603634300,244902366000,3023486,2022-12-29
214330,금호에이치티,KOSPI,KOSPI,892,624936,560839705,179330122296,201042738,2022-12-29
001210,금호전기,KOSPI,KOSPI,920,71372,65134635,25349855720,27554191,2022-12-29
073240,금호타이어,KOSPI,KOSPI,2780,475793,1336360730,798583597860,287260287,2022-12-29
036190,금화피에스시,KOSDAQ,KOSDAQ,28750,16039,462789550,172500000000,6000000,2022-12-29
049080,기가레인,KOSDAQ,KOSDAQ,1400,1367052,1934538805,118836685800,84883347,2022-12-29
035460,기산텔레콤,KOSDAQ,KOSDAQ,2910,877824,2637300765,42420059400,14577340,2022-12-29
092440,기신정기,KOSPI,KOSPI,3430,34250,117615030,100156000000,29200000,2022-12-29
000270,기아,KOSPI,KOSPI,59300,1172767,70005059900,24038046477100,405363347,2022-12-29
024110,기업은행,KOSPI,KOSPI,9820,2097846,20682137070,7830722033580,797425869,2022-12-29
013700,까뮤이앤씨,KOSPI,KOSPI,2130,488699,1041828320,96174356400,45152280,2022-12-29
308100,까스텔바작,KOSDAQ,KOSDAQ,5530,18051,100857750,36634773490,6624733,2022-12-29
004540,깨끗한나라,KOSPI,KOSPI,2800,36244,101569020,104273940400,37240693,2022-12-29
004545,깨끗한나라우,KOSPI,KOSPI,17550,99,1752350,6426108000,366160,2022-12-29
187790,나노,KOSDAQ,KOSDAQ,1030,100697,102544065,28241129160,27418572,2022-12-29
286750,나노브릭,KOSDAQ,KOSDAQ,1325,48958,64282575,27115527425,20464549,2022-12-29
121600,나노신소재,KOSDAQ,KOSDAQ,77500,149301,11686178900,840745807500,10848333,2022-12-29
247660,나노씨엠에스,KOSDAQ,KOSDAQ,18900,39511,752957500,82100088000,4343920,2022-12-29
039860,나노엔텍,KOSDAQ,KOSDAQ,5950,17662910,109204959150,159505380650,26807627,2022-12-29
091970,나노캠텍,KOSDAQ,KOSDAQ,1610,0,0,45209484250,28080425,2022-12-29
244880,나눔테크,KONEX,KONEX,2895,2,5695,14532900000,5020000,2022-12-29
288490,나라소프트,KONEX,KONEX,48,30180,1458961,1831056000,38147000,2022-12-29
051490,나라엠앤디,KOSDAQ,KOSDAQ,5980,41378,248801550,84916000000,14200000,2022-12-29
137080,나래나노텍,KOSDAQ,KOSDAQ,7140,71628,513036610,78964273080,11059422,2022-12-29
190510,나무가,KOSDAQ,KOSDAQ,17200,1017621,17637369650,277425404800,16129384,2022-12-29
242040,나무기술,KOSDAQ,KOSDAQ,1990,196988,391269560,68140983000,34241700,2022-12-29
089600,나스미디어,KOSDAQ,KOSDAQ,25000,37862,945514550,263499050000,10539962,2022-12-29
293580,나우IB,KOSDAQ,KOSDAQ,12800,141669,1830618350,122585600000,9577000,2022-12-29
257990,나우코스,KONEX,KONEX,4790,4,19165,28111992680,5868892,2022-12-29
138610,나이벡,KOSDAQ,KOSDAQ,18950,23483,438695250,188694227050,9957479,2022-12-29
130580,나이스디앤비,KOSDAQ,KOSDAQ,7700,9015,68773610,118580000000,15400000,2022-12-29
036800,나이스정보통신,KOSDAQ,KOSDAQ,26550,13254,354580800,265500000000,10000000,2022-12-29
267320,나인테크,KOSDAQ,KOSDAQ,2920,205573,601653910,115037937680,39396554,2022-12-29
001260,남광토건,KOSPI,KOSPI,8780,31544,277531810,86298742920,9829014,2022-12-29
008350,남선알미늄,KOSPI,KOSPI,2130,1710234,3691056385,274938461700,129079090,2022-12-29
008355,남선알미우,KOSPI,KOSPI,27100,2638,71640000,8343819000,307890,2022-12-29
004270,남성,KOSPI,KOSPI,1930,95200,186919660,69889468800,36212160,2022-12-29
003920,남양유업,KOSPI,KOSPI,489000,1534,741942000,352080000000,720000,2022-12-29
003925,남양유업우,KOSPI,KOSPI,242500,230,55534000,40415535000,166662,2022-12-29
025860,남해화학,KOSPI,KOSPI,8510,176929,1516541180,422766953930,49678843,2022-12-29
111710,남화산업,KOSDAQ,KOSDAQ,8300,22599,188125060,170880400000,20588000,2022-12-29
091590,남화토건,KOSDAQ,KOSDAQ,10550,220329,2265816550,123857000000,11740000,2022-12-29
168330,내츄럴엔도텍,KOSDAQ,KOSDAQ,3250,48738,159008650,103203425000,31754900,2022-12-29
094860,네오리진,KOSDAQ,KOSDAQ,567,8185361,5109777641,59228692425,104459775,2022-12-29
253590,네오셈,KOSDAQ,KOSDAQ,3365,97385,324192910,129399816490,38454626,2022-12-29
212560,네오오토,KOSDAQ,KOSDAQ,6600,29120,194557690,51974755800,7874963,2022-12-29
095660,네오위즈,KOSDAQ,KOSDAQ,36950,469519,17607354000,814145917050,22033719,2022-12-29
042420,네오위즈홀딩스,KOSDAQ,KOSDAQ,24250,69248,1748893000,214779000500,8856866,2022-12-29
950220,네오이뮨텍,KOSDAQ,KOSDAQ,3995,471551,1858999035,394815722675,98827465,2022-12-29
311390,네오크레마,KOSDAQ,KOSDAQ,7370,89234,660301980,59229705150,8036595,2022-12-29
085910,네오티스,KOSDAQ,KOSDAQ,4615,118237,551609850,63819533570,13828718,2022-12-29
092730,네오팜,KOSDAQ,KOSDAQ,19200,11623,220118200,157581331200,8207361,2022-12-29
290660,네오펙트,KOSDAQ,KOSDAQ,1395,70652,98051275,26840660715,19240617,2022-12-29
306620,네온테크,KOSDAQ,KOSDAQ,3340,1450302,5014714430,139239947380,41688607,2022-12-29
153460,네이블,KOSDAQ,KOSDAQ,7410,16021,119642990,48387403740,6530014,2022-12-29
007390,네이처셀,KOSDAQ,KOSDAQ,15250,376467,5721834300,955216629000,62637156,2022-12-29
033640,네패스,KOSDAQ,KOSDAQ,15650,137853,2162618850,360876511300,23059202,2022-12-29
330860,네패스아크,KOSDAQ,KOSDAQ,18000,39046,696322300,219312810000,12184045,2022-12-29
005720,넥센,KOSPI,KOSPI,4105,13142,53645345,219798025585,53543977,2022-12-29
005725,넥센우,KOSPI,KOSPI,3270,1160,3794855,11773962000,3600600,2022-12-29
002350,넥센타이어,KOSPI,KOSPI,6120,284727,1770368710,597727407240,97667877,2022-12-29
002355,넥센타이어1우B,KOSPI,KOSPI,2655,10740,29333005,17257500000,6500000,2022-12-29
089140,넥스턴바이오,KOSDAQ,KOSDAQ,1695,360780,623961845,65856053655,38853129,2022-12-29
137940,넥스트아이,KOSDAQ,KOSDAQ,572,184574,106232099,44799607424,78320992,2022-12-29
396270,넥스트칩,KOSDAQ,KOSDAQ,6890,109039,756123380,121385539600,17617640,2022-12-29
348210,넥스틴,KOSDAQ,KOSDAQ,49850,55720,2792961650,496340198900,9956674,2022-12-29
225570,넥슨게임즈,KOSDAQ,KOSDAQ,12950,3690474,51277478400,851606167300,65761094,2022-12-29
217270,넵튠,KOSDAQ,KOSDAQ,10500,134436,1478373200,487309515000,46410430,2022-12-29
251270,넷마블,KOSPI,KOSPI,60400,4107844,248980103000,5191591520800,85953502,2022-12-29
317860,노드메이슨,KONEX,KONEX,6960,36,229210,30830816400,4429715,2022-12-29
104620,노랑풍선,KOSDAQ,KOSDAQ,7520,107380,819628820,118418161920,15747096,2022-12-29
090350,노루페인트,KOSPI,KOSPI,7740,47110,368256160,154800000000,20000000,2022-12-29
090355,노루페인트우,KOSPI,KOSPI,15300,288,4351800,7085827800,463126,2022-12-29
000320,노루홀딩스,KOSPI,KOSPI,9970,51945,521377240,132512775470,13291151,2022-12-29
000325,노루홀딩스우,KOSPI,KOSPI,22200,1666,36787950,5407009800,243559,2022-12-29
194700,노바렉스,KOSDAQ,KOSDAQ,10150,209076,2105644510,190361707200,18754848,2022-12-29
285490,노바텍,KOSDAQ,KOSDAQ,20500,48692,1030343700,216804535500,10575831,2022-12-29
229500,노브메타파마,KONEX,KONEX,11850,8941,105912200,115242968250,9725145,2022-12-29
106520,노블엠앤비,KOSDAQ,KOSDAQ,2995,435670,1305411150,75279426830,25135034,2022-12-29
376930,노을,KOSDAQ,KOSDAQ,8600,2329854,20067676100,98500358000,11453530,2022-12-29
278650,노터스,KOSDAQ,KOSDAQ,4650,2755746,13246657960,327966020550,70530327,2022-12-29
006280,녹십자,KOSPI,KOSPI,129500,27725,3600488000,1513406671000,11686538,2022-12-29
142280,녹십자엠에스,KOSDAQ,KOSDAQ,5780,153361,872590630,122057895740,21117283,2022-12-29
234690,녹십자웰빙,KOSDAQ,KOSDAQ,8230,269662,2221689000,146101231480,17752276,2022-12-29
005250,녹십자홀딩스,KOSPI,KOSPI,17000,535820,9642649750,799479570000,47028210,2022-12-29
005257,녹십자홀딩스2우,KOSPI,KOSPI,32950,2246,73399100,27875370500,845990,2022-12-29
065560,녹원씨엔아이,KOSDAQ,KOSDAQ,5770,0,0,150366921250,26060125,2022-12-29
004370,농심,KOSPI,KOSPI,357000,16506,5887095500,2171503194000,6082642,2022-12-29
072710,농심홀딩스,KOSPI,KOSPI,66500,1673,110713400,308413035000,4637790,2022-12-29
054050,농우바이오,KOSDAQ,KOSDAQ,8670,18855,164143540,138984963870,16030561,2022-12-29
069140,누리플랜,KOSDAQ,KOSDAQ,4905,15981,76999040,34838954415,7102743,2022-12-29
040160,누리플렉스,KOSDAQ,KOSDAQ,4760,42559,201460635,57384346600,12055535,2022-12-29
332290,누보,KOSDAQ,KOSDAQ,1500,144809,219417700,49621984500,33081323,2022-12-29
348340,뉴로메카,KOSDAQ,KOSDAQ,12450,202570,2569630000,128677273800,10335524,2022-12-29
060260,뉴보텍,KOSDAQ,KOSDAQ,780,146204,114304471,30740617440,39411048,2022-12-29
012340,뉴인텍,KOSDAQ,KOSDAQ,2590,81390,209917200,77977549580,30107162,2022-12-29
214870,뉴지랩파마,KOSDAQ,KOSDAQ,11450,1015607,11610575800,370576089800,32364724,2022-12-29
270870,뉴트리,KOSDAQ,KOSDAQ,11000,180811,2009840150,101202464000,9200224,2022-12-29
144960,뉴파워프라즈마,KOSDAQ,KOSDAQ,3540,65301,230646610,154671888960,43692624,2022-12-29
085670,뉴프렉스,KOSDAQ,KOSDAQ,7430,1282330,9326312760,179878464790,24209753,2022-12-29
064260,다날,KOSDAQ,KOSDAQ,5000,629533,3167363800,344745200000,68949040,2022-12-29
093640,다믈멀티미디어,KOSDAQ,KOSDAQ,4735,212068,1008587570,89041296200,18804920,2022-12-29
340360,다보링크,KOSDAQ,KOSDAQ,881,101546,89698499,37676105960,42765160,2022-12-29
039560,다산네트웍스,KOSDAQ,KOSDAQ,3985,77310,312314380,144977639430,36380838,2022-12-29
058730,다스코,KOSPI,KOSPI,4550,319263,1476679260,88256081550,19396941,2022-12-29
298870,다올인베스트먼트,KOSDAQ,KOSDAQ,3190,7951187,26569470040,319000000000,100000000,2022-12-29
030210,다올투자증권,KOSPI,KOSPI,2800,358191,1016554180,168879457600,60314092,2022-12-29
023590,다우기술,KOSPI,KOSPI,19200,43790,843625200,861439046400,44866617,2022-12-29
032190,다우데이타,KOSDAQ,KOSDAQ,30950,917066,29510295900,1185385000000,38300000,2022-12-29
323350,다원넥스뷰,KONEX,KONEX,54000,108,4999900,49545000000,917500,2022-12-29
068240,다원시스,KOSDAQ,KOSDAQ,14200,283753,4039774150,492179369800,34660519,2022-12-29
145210,다이나믹디자인,KOSPI,KOSPI,3590,525402,1915466555,50048376680,13941052,2022-12-29
271850,다이오진,KONEX,KONEX,1690,0,0,5418702770,3206333,2022-12-29
019680,대교,KOSPI,KOSPI,2615,12438,31756765,221497952750,84702850,2022-12-29
019685,대교우B,KOSPI,KOSPI,1685,6195,10520790,32734478150,19426990,2022-12-29
006370,대구백화점,KOSPI,KOSPI,9820,916,8946580,106268220020,10821611,2022-12-29
008060,대덕,KOSPI,KOSPI,6210,83724,521467790,210457831500,33890150,2022-12-29
00806K,대덕1우,KOSPI,KOSPI,9360,453,4204690,11347661520,1212357,2022-12-29
353200,대덕전자,KOSPI,KOSPI,18900,292558,5534647500,933979882500,49416925,2022-12-29
35320K,대덕전자1우,KOSPI,KOSPI,9910,8662,86892940,20766593290,2095519,2022-12-29
000490,대동,KOSPI,KOSPI,12950,608121,7971862300,309923984300,23932354,2022-12-29
178600,대동고려삼,KONEX,KONEX,3075,211,639065,13682520000,4449600,2022-12-29
020400,대동금속,KOSDAQ,KOSDAQ,8930,3576,32046850,28479252380,3189166,2022-12-29
008830,대동기어,KOSDAQ,KOSDAQ,6800,26291,179632050,61115136000,8987520,2022-12-29
048470,대동스틸,KOSDAQ,KOSDAQ,4025,42151,170858310,40250000000,10000000,2022-12-29
008110,대동전자,KOSPI,KOSPI,9320,50711,478333470,97770966040,10490447,2022-12-29
004780,대륙제관,KOSDAQ,KOSDAQ,4300,21120,92185310,68383755700,15903199,2022-12-29
005750,대림B&Co,KOSPI,KOSPI,3770,33271,124319500,62854344800,16672240,2022-12-29
017650,대림제지,KOSDAQ,KOSDAQ,8800,10780,96656880,79200000000,9000000,2022-12-29
006570,대림통상,KOSPI,KOSPI,3570,6441,23354805,54353250000,15225000,2022-12-29
007720,대명소노시즌,KOSDAQ,KOSDAQ,754,165742,124505245,76003539300,100800450,2022-12-29
389260,대명에너지,KOSDAQ,KOSDAQ,17300,80403,1390303050,294100000000,17000000,2022-12-29
317850,대모,KOSDAQ,KOSDAQ,13700,403108,5540020550,114044554000,8324420,2022-12-29
290670,대보마그네틱,KOSDAQ,KOSDAQ,63600,76918,4919708100,497638200000,7824500,2022-12-29
078140,대봉엘에스,KOSDAQ,KOSDAQ,7990,102347,810773300,88581766210,11086579,2022-12-29
001680,대상,KOSPI,KOSPI,21900,135333,2973555400,758791747500,34648025,2022-12-29
001685,대상우,KOSPI,KOSPI,15650,3030,47277000,21443989950,1370223,2022-12-29
084690,대상홀딩스,KOSPI,KOSPI,7740,37804,290012040,280285044120,36212538,2022-12-29
084695,대상홀딩스우,KOSPI,KOSPI,8980,526,4717350,8203068360,913482,2022-12-29
036480,대성미생물,KOSDAQ,KOSDAQ,10300,7857,81732050,39140000000,3800000,2022-12-29
128820,대성산업,KOSPI,KOSPI,3850,120895,470163960,174156590300,45235478,2022-12-29
117580,대성에너지,KOSPI,KOSPI,9140,247504,2287630980,251350000000,27500000,2022-12-29
025440,대성엘텍,KOSDAQ,KOSDAQ,600,130919,78119724,85500000000,142500000,2022-12-29
027830,대성창투,KOSDAQ,KOSDAQ,2840,6942599,21543552525,113600000000,40000000,2022-12-29
104040,대성파인텍,KOSDAQ,KOSDAQ,1575,303415,477090495,49299517575,31301281,2022-12-29
129920,대성하이텍,KOSDAQ,KOSDAQ,8440,373552,3191752450,115755047320,13715053,2022-12-29
016710,대성홀딩스,KOSPI,KOSPI,109500,56121,6299478500,1761795760500,16089459,2022-12-29
387310,대신밸런스제10호스팩,KOSDAQ,KOSDAQ,2880,659781,1927235715,15724800000,5460000,2022-12-29
397500,대신밸런스제11호스팩,KOSDAQ,KOSDAQ,2045,202693,409721685,15562450000,7610000,2022-12-29
426670,대신밸런스제12호스팩,KOSDAQ,KOSDAQ,2410,516910,1242025195,14002100000,5810000,2022-12-29
438220,대신밸런스제13호스팩,KOSDAQ,KOSDAQ,2040,5351,10915025,11505600000,5640000,2022-12-29
442310,대신밸런스제14호스팩,KOSDAQ,KOSDAQ,2025,4042,8165415,13587750000,6710000,2022-12-29
020180,대신정보통신,KOSDAQ,KOSDAQ,1315,744309,991184510,50534023225,38428915,2022-12-29
003540,대신증권,KOSPI,KOSPI,12900,129200,1666354000,654976860000,50773400,2022-12-29
003547,대신증권2우B,KOSPI,KOSPI,11300,29502,334769700,113000000000,10000000,2022-12-29
003545,대신증권우,KOSPI,KOSPI,11600,113817,1326129350,301600000000,26000000,2022-12-29
045390,대아티아이,KOSDAQ,KOSDAQ,3125,384149,1199445810,220229303125,70473377,2022-12-29
009190,대양금속,KOSPI,KOSPI,3200,290459,905166030,103969891200,32490591,2022-12-29
108380,대양전기공업,KOSDAQ,KOSDAQ,12000,6815,82223750,114807996000,9567333,2022-12-29
006580,대양제지,KOSDAQ,KOSDAQ,3260,0,0,87531000000,26850000,2022-12-29
014160,대영포장,KOSPI,KOSPI,1530,384926,597806570,165843659970,108394549,2022-12-29
047040,대우건설,KOSPI,KOSPI,4180,1065599,4458690470,1737302626840,415622638,2022-12-29
009320,대우부품,KOSPI,KOSPI,1440,100196,143821710,68610780000,47646375,2022-12-29
042660,대우조선해양,KOSPI,KOSPI,18950,275767,5218310100,2033158177550,107290669,2022-12-29
003090,대웅,KOSPI,KOSPI,20350,53230,1074003150,1183189293000,58141980,2022-12-29
069620,대웅제약,KOSPI,KOSPI,158500,25359,4028368500,1836472137500,11586575,2022-12-29
007680,대원,KOSDAQ,KOSDAQ,7020,18434,131465380,94394247480,13446474,2022-12-29
000430,대원강업,KOSPI,KOSPI,3390,152111,523545315,210180000000,62000000,2022-12-29
048910,대원미디어,KOSDAQ,KOSDAQ,13850,130640,1838730100,174218402100,12578946,2022-12-29
005710,대원산업,KOSDAQ,KOSDAQ,5310,7354,38869670,106399656000,20037600,2022-12-29
006340,대원전선,KOSPI,KOSPI,1100,185831,205084635,79160987400,71964534,2022-12-29
006345,대원전선우,KOSPI,KOSPI,2365,2845,6734985,6199138000,2621200,2022-12-29
003220,대원제약,KOSPI,KOSPI,18750,321576,6053809000,411837562500,21964670,2022-12-29
024890,대원화성,KOSPI,KOSPI,2325,304994,716441855,95904278400,41249152,2022-12-29
290380,대유,KOSDAQ,KOSDAQ,3680,370292,1358082120,90946092160,24713612,2022-12-29
002880,대유에이텍,KOSPI,KOSPI,711,343988,245910404,82007542008,115341128,2022-12-29
290120,대유에이피,KOSDAQ,KOSDAQ,5390,32434,179923160,62817819680,11654512,2022-12-29
000300,대유플러스,KOSPI,KOSPI,750,582871,441837093,90749080500,120998774,2022-12-29
120240,대정화금,KOSDAQ,KOSDAQ,16050,147580,2348833300,115405775550,7190391,2022-12-29
003310,대주산업,KOSDAQ,KOSDAQ,2110,688063,1464403285,74677858500,35392350,2022-12-29
114920,대주이엔티,KONEX,KONEX,1995,0,0,6921652500,3469500,2022-12-29
078600,대주전자재료,KOSDAQ,KOSDAQ,71000,112357,7921770600,1099122103000,15480593,2022-12-29
012800,대창,KOSPI,KOSPI,1205,140917,170253480,109824301295,91140499,2022-12-29
015230,대창단조,KOSPI,KOSPI,8090,477362,3866107610,231149340700,28572230,2022-12-29
096350,대창솔루션,KOSDAQ,KOSDAQ,304,2257511,684124850,49783346736,163761009,2022-12-29
140520,대창스틸,KOSDAQ,KOSDAQ,2860,68516,197956730,60372434980,21109243,2022-12-29
131220,대한과학,KOSDAQ,KOSDAQ,6840,72597,500060950,50988711600,7454490,2022-12-29
010170,대한광통신,KOSDAQ,KOSDAQ,3315,732442,2446430195,246333191325,74308655,2022-12-29
060900,대한그린파워,KOSDAQ,KOSDAQ,640,7477383,5008499095,116656706560,182276104,2022-12-29
054670,대한뉴팜,KOSDAQ,KOSDAQ,8540,56694,489114770,122591016800,14354920,2022-12-29
001070,대한방직,KOSPI,KOSPI,51400,6009,307712500,272420000000,5300000,2022-12-29
023910,대한약품,KOSDAQ,KOSDAQ,30600,7506,231363300,183600000000,6000000,2022-12-29
006650,대한유화,KOSPI,KOSPI,171500,47085,8064385500,1114750000000,6500000,2022-12-29
001440,대한전선,KOSPI,KOSPI,1495,4831822,7291557835,1860487148455,1244473009,2022-12-29
084010,대한제강,KOSPI,KOSPI,10850,42206,464070150,267417063900,24646734,2022-12-29
001790,대한제당,KOSPI,KOSPI,2545,293443,754537685,228277796100,89696580,2022-12-29
001795,대한제당우,KOSPI,KOSPI,2340,23084,54519350,15169658400,6482760,2022-12-29
001130,대한제분,KOSPI,KOSPI,132500,4927,654666500,223925000000,1690000,2022-12-29
003490,대한항공,KOSPI,KOSPI,22950,2038736,47307904100,8450664169950,368220661,2022-12-29
003495,대한항공우,KOSPI,KOSPI,30700,4523,139843100,34101375800,1110794,2022-12-29
005880,대한해운,KOSPI,KOSPI,2175,796129,1710022455,694210975500,319177460,2022-12-29
003830,대한화섬,KOSPI,KOSPI,117000,195,22425000,155376000000,1328000,2022-12-29
016090,대현,KOSPI,KOSPI,2190,523117,1165766915,96978258900,44282310,2022-12-29
069460,대호에이엘,KOSPI,KOSPI,1300,480925,628694045,67604574700,52003519,2022-12-29
021040,대호특수강,KOSDAQ,KOSDAQ,5320,1939448,11713258340,40112023280,7539854,2022-12-29
021045,대호특수강우,KOSDAQ,KOSDAQ,9780,51506,557416640,4149125880,424246,2022-12-29
067080,대화제약,KOSDAQ,KOSDAQ,9400,87428,826396300,174996510000,18616650,2022-12-29
298540,더네이쳐홀딩스,KOSDAQ,KOSDAQ,31950,67613,2142741450,464701759200,14544656,2022-12-29
192080,더블유게임즈,KOSPI,KOSPI,47250,44281,2106693550,868195219500,18374502,2022-12-29
393890,더블유씨피,KOSDAQ,KOSDAQ,40350,171193,6936131450,1359654501300,33696518,2022-12-29
299170,더블유에스아이,KOSDAQ,KOSDAQ,1870,109130,203070545,56152290810,30027963,2022-12-29
012510,더존비즈온,KOSPI,KOSPI,36850,87118,3278236700,1119605590400,30382784,2022-12-29
224060,더코디,KOSDAQ,KOSDAQ,9470,2474212,24946929460,28747330870,3035621,2022-12-29
302920,더콘텐츠온,KONEX,KONEX,6000,1,6000,27314154000,4552359,2022-12-29
213420,덕산네오룩스,KOSDAQ GLOBAL,KOSDAQ,39100,82595,3237709150,970899098900,24831179,2022-12-29
317330,덕산테코피아,KOSDAQ,KOSDAQ,13500,81373,1108435250,248095278000,18377428,2022-12-29
077360,덕산하이메탈,KOSDAQ,KOSDAQ,4790,1140267,5598044985,217643239580,45437002,2022-12-29
004830,덕성,KOSPI,KOSPI,5000,70745,353631030,78400000000,15680000,2022-12-29
004835,덕성우,KOSPI,KOSPI,5810,8211,47523090,8087520000,1392000,2022-12-29
090410,덕신하우징,KOSDAQ,KOSDAQ,1880,851701,1647321035,86638098600,46084095,2022-12-29
024900,덕양산업,KOSPI,KOSPI,2395,74160,172380735,77993127100,32564980,2022-12-29
263600,덕우전자,KOSDAQ,KOSDAQ,6850,219192,1474650610,109122623500,15930310,2022-12-29
194480,데브시스터즈,KOSDAQ,KOSDAQ,55900,1245451,71839687900,662516793900,11851821,2022-12-29
348840,데이드림엔터,KONEX,KONEX,10450,1,10450,8804125000,842500,2022-12-29
263800,데이타솔루션,KOSDAQ,KOSDAQ,5470,351206,1931179510,88633582600,16203580,2022-12-29
199150,데이터스트림즈,KONEX,KONEX,8590,845,7201980,36667385670,4268613,2022-12-29
206560,덱스터,KOSDAQ,KOSDAQ,12700,615446,7949425850,322711267200,25410336,2022-12-29
261200,덴티스,KOSDAQ,KOSDAQ,8130,91276,740898570,119981645700,14757890,2022-12-29
145720,덴티움,KOSPI,KOSPI,100000,79352,7865838300,1106883000000,11068830,2022-12-29
227420,도부마스크,KONEX,KONEX,860,4459,3647990,14818837160,17231206,2022-12-29
067990,도이치모터스,KOSDAQ,KOSDAQ,5680,624301,3533006910,181136034960,31890147,2022-12-29
002150,도화엔지니어링,KOSPI,KOSPI,8210,177430,1483189050,276841200000,33720000,2022-12-29
006620,동구바이오제약,KOSDAQ,KOSDAQ,6140,240994,1484103980,174775050880,28464992,2022-12-29
100130,동국S&C,KOSDAQ,KOSDAQ,4565,208101,952342455,260857795000,57143000,2022-12-29
005160,동국산업,KOSDAQ,KOSDAQ,3665,262635,957354030,198806026530,54244482,2022-12-29
075970,동국알앤에스,KOSDAQ,KOSDAQ,3195,132592,427330075,58788000000,18400000,2022-12-29
001230,동국제강,KOSPI,KOSPI,11150,342009,3848529750,1064075017550,95432737,2022-12-29
086450,동국제약,KOSDAQ GLOBAL,KOSDAQ,16600,82262,1371364300,738036000000,44460000,2022-12-29
023450,동남합성,KOSPI,KOSPI,54400,315,16946700,196384000000,3610000,2022-12-29
004140,동방,KOSPI,KOSPI,2645,378898,1022035395,126885321070,47971766,2022-12-29
099410,동방선기,KOSDAQ,KOSDAQ,2495,58058,142188395,33784799990,13541002,2022-12-29
007590,동방아그로,KOSPI,KOSPI,6310,11412,72469680,85926910870,13617577,2022-12-29
005960,동부건설,KOSPI,KOSPI,7260,181466,1324162360,166071207720,22874822,2022-12-29
005965,동부건설우,KOSPI,KOSPI,28100,11669,346082250,6343069200,225732,2022-12-29
026960,동서,KOSPI,KOSPI,20200,95020,1936176750,2013940000000,99700000,2022-12-29
002210,동성제약,KOSPI,KOSPI,6680,18173,119731920,174354479600,26100970,2022-12-29
102260,동성케미컬,KOSPI,KOSPI,4730,37388,175567285,235032413440,49689728,2022-12-29
033500,동성화인텍,KOSDAQ,KOSDAQ,10850,120110,1302706400,322939964200,29764052,2022-12-29
025950,동신건설,KOSDAQ,KOSDAQ,12550,19599,248786100,105420000000,8400000,2022-12-29
000640,동아쏘시오홀딩스,KOSPI,KOSPI,101500,2135,215741500,644414669500,6348913,2022-12-29
170900,동아에스티,KOSPI,KOSPI,60800,5800,350320500,513549510400,8446538,2022-12-29
088130,동아엘텍,KOSDAQ,KOSDAQ,6430,21927,140799840,68562691340,10662938,2022-12-29
028100,동아지질,KOSPI,KOSPI,12150,29214,358352500,170739648900,14052646,2022-12-29
282690,동아타이어,KOSPI,KOSPI,11350,32184,364999450,155869720250,13733015,2022-12-29
041930,동아화성,KOSDAQ,KOSDAQ,8700,90281,796238820,137460000000,15800000,2022-12-29
001520,동양,KOSPI,KOSPI,1000,402207,404451133,238684063000,238684063,2022-12-29
001527,동양2우B,KOSPI,KOSPI,12600,1823,23006050,3887969400,308569,2022-12-29
084670,동양고속,KOSPI,KOSPI,13850,438,6112700,40103630650,2895569,2022-12-29
082640,동양생명,KOSPI,KOSPI,4860,243075,1193448895,784202723100,161358585,2022-12-29
060380,동양에스텍,KOSDAQ,KOSDAQ,1960,77667,148854470,38612000000,19700000,2022-12-29
001525,동양우,KOSPI,KOSPI,6390,2119,13453380,3947301090,617731,2022-12-29
079960,동양이엔피,KOSDAQ,KOSDAQ,15000,33611,491844150,117900000000,7860000,2022-12-29
008970,동양철관,KOSPI,KOSPI,943,488660,462856050,112108828470,118885290,2022-12-29
228340,동양파일,KOSDAQ,KOSDAQ,3070,74107,228761450,61400000000,20000000,2022-12-29
092780,동양피스톤,KOSPI,KOSPI,4795,35432,169538805,63142765700,13168460,2022-12-29
088910,동우팜투테이블,KOSDAQ,KOSDAQ,2700,55392,147804135,69745762800,25831764,2022-12-29
094170,동운아나텍,KOSDAQ,KOSDAQ,9890,370654,3684767610,179120598760,18111284,2022-12-29
049770,동원F&B,KOSPI,KOSPI,157000,2003,314156000,605882468000,3859124,2022-12-29
013120,동원개발,KOSDAQ,KOSDAQ,3420,45118,153018490,310563702000,90808100,2022-12-29
018500,동원금속,KOSPI,KOSPI,1000,217585,219765227,46754933000,46754933,2022-12-29
006040,동원산업,KOSPI,KOSPI,49350,29389,1471519650,2466644517750,49982665,2022-12-29
030720,동원수산,KOSPI,KOSPI,8680,47224,413167590,40395027400,4653805,2022-12-29
014820,동원시스템즈,KOSPI,KOSPI,40600,32130,1317582800,1177046049200,28991282,2022-12-29
014825,동원시스템즈우,KOSPI,KOSPI,29400,46,1341600,7764863400,264111,2022-12-29
163560,동일고무벨트,KOSPI,KOSPI,6200,58087,364044740,86180000000,13900000,2022-12-29
109860,동일금속,KOSDAQ,KOSDAQ,18250,81047,1472554950,166075000000,9100000,2022-12-29
032960,동일기연,KOSDAQ,KOSDAQ,12950,27961,361055550,47075192500,3635150,2022-12-29
004890,동일산업,KOSPI,KOSPI,185500,20463,3767464000,449877382500,2425215,2022-12-29
002690,동일제강,KOSPI,KOSPI,2070,64462,134468990,42021745200,20300360,2022-12-29
023790,동일철강,KOSDAQ,KOSDAQ,1900,19667,37158460,30370447400,15984446,2022-12-29
005290,동진쎄미켐,KOSDAQ,KOSDAQ,29950,315497,9504772450,1539864095300,51414494,2022-12-29
025900,동화기업,KOSDAQ,KOSDAQ,49700,54972,2741738450,1004116584100,20203553,2022-12-29
000020,동화약품,KOSPI,KOSPI,9260,161137,1504699320,258645412200,27931470,2022-12-29
000150,두산,KOSPI,KOSPI,83100,73877,6161446900,1373130688500,16523835,2022-12-29
000157,두산2우B,KOSPI,KOSPI,81100,151,12221300,72425381800,893038,2022-12-29
241560,두산밥캣,KOSPI,KOSPI,34600,222390,7760830300,3468621143600,100249166,2022-12-29
034020,두산에너빌리티,KOSPI,KOSPI,15400,4185941,65680740200,9829943708200,638308033,2022-12-29
000155,두산우,KOSPI,KOSPI,47550,2792,134169750,190031768100,3996462,2022-12-29
131970,두산테스나,KOSDAQ,KOSDAQ,27500,182364,4961189600,405888367500,14759577,2022-12-29
336260,두산퓨얼셀,KOSPI,KOSPI,29350,398826,11772332100,1922240858100,65493726,2022-12-29
33626K,두산퓨얼셀1우,KOSPI,KOSPI,9330,12878,122269840,124687986000,13364200,2022-12-29
33626L,두산퓨얼셀2우B,KOSPI,KOSPI,11700,1532,18024000,34939710000,2986300,2022-12-29
016740,두올,KOSPI,KOSPI,2445,75280,181568490,80848032600,33066680,2022-12-29
073190,듀오백,KOSDAQ,KOSDAQ,1925,54304,104498175,23038477000,11968040,2022-12-29
176750,듀켐바이오,KONEX,KONEX,4950,4425,22146680,133774839000,27025220,2022-12-29
030350,드래곤플라이,KOSDAQ,KOSDAQ,742,3459206,2706853734,42769760754,57641187,2022-12-29
203650,드림시큐리티,KOSDAQ,KOSDAQ,2750,203044,557395680,139165823500,50605754,2022-12-29
223250,드림씨아이에스,KOSDAQ,KOSDAQ,10700,53591,584134850,63405204000,5925720,2022-12-29
060570,드림어스컴퍼니,KOSDAQ,KOSDAQ,2785,14286,39718735,158354673895,56859847,2022-12-29
192650,드림텍,KOSPI,KOSPI,9100,249720,2293400480,613390022700,67405497,2022-12-29
217620,디딤이앤에프,KOSDAQ,KOSDAQ,1150,438573,504658745,52920655150,46017961,2022-12-29
016670,디모아,KOSDAQ,KOSDAQ,421,476011,203106184,42882228104,101858024,2022-12-29
187870,디바이스이엔지,KOSDAQ,KOSDAQ,13850,4760,65710700,97457034650,7036609,2022-12-29
066670,디스플레이텍,KOSDAQ,KOSDAQ,4465,51595,231138825,83459413870,18691918,2022-12-29
024090,디씨엠,KOSPI,KOSPI,13550,17240,233861350,154470000000,11400000,2022-12-29
003160,디아이,KOSPI,KOSPI,4745,109022,521778370,134283500000,28300000,2022-12-29
092200,디아이씨,KOSPI,KOSPI,3370,134263,448078965,131054477530,38888569,2022-12-29
110990,디아이티,KOSDAQ,KOSDAQ,5350,13126,69833740,101115000000,18900000,2022-12-29
078590,디아크,KOSDAQ,KOSDAQ,2380,0,0,316556560040,133006958,2022-12-29
263690,디알젬,KOSDAQ,KOSDAQ,10600,8733,92034650,120051466000,11325610,2022-12-29
214680,디알텍,KOSDAQ,KOSDAQ,1385,177318,245849950,80357637675,58019955,2022-12-29
377190,디앤디플랫폼리츠,KOSPI,KOSPI,3405,88508,301068965,219282000000,64400000,2022-12-29
263720,디앤씨미디어,KOSDAQ,KOSDAQ,22600,305202,7150905800,277417508600,12275111,2022-12-29
376300,디어유,KOSDAQ,KOSDAQ,28800,98732,2821167800,679237372800,23584631,2022-12-29
141020,디에스앤엘,KOSDAQ,KOSDAQ,1335,0,0,43790846220,32802132,2022-12-29
109740,디에스케이,KOSDAQ,KOSDAQ,5090,15469,78062290,137556791900,27024910,2022-12-29
196490,디에이테크놀로지,KOSDAQ,KOSDAQ,3285,227488,756260590,88023539430,26795598,2022-12-29
066900,디에이피,KOSDAQ,KOSDAQ,2745,12281,33344755,62433660735,22744503,2022-12-29
180400,디엑스앤브이엑스,KOSDAQ,KOSDAQ,7740,0,0,222082929900,28692885,2022-12-29
127120,디엔에이링크,KOSDAQ,KOSDAQ,3765,125414,473613580,64357750380,17093692,2022-12-29
092070,디엔에프,KOSDAQ,KOSDAQ,13200,99367,1312101050,152748525600,11571858,2022-12-29
039840,디오,KOSDAQ,KOSDAQ,19700,51492,1012925350,312870573500,15881755,2022-12-29
013570,디와이,KOSPI,KOSPI,5300,78978,415138630,139494054900,26319633,2022-12-29
219550,디와이디,KOSDAQ,KOSDAQ,1240,460977,590773215,45554611600,36737590,2022-12-29
310870,디와이씨,KOSDAQ,KOSDAQ,1540,47103,73995445,31858397340,20687271,2022-12-29
210540,디와이파워,KOSPI,KOSPI,12250,92751,1146589750,135260923000,11041708,2022-12-29
104460,디와이피엔에프,KOSDAQ,KOSDAQ,40700,31451,1266857550,436044537500,10713625,2022-12-29
079810,디이엔티,KOSDAQ,KOSDAQ,9590,250099,2396155450,153440901460,16000094,2022-12-29
113810,디젠스,KOSDAQ,KOSDAQ,954,722023,698247096,31127160654,32628051,2022-12-29
043360,디지아이,KOSDAQ,KOSDAQ,3015,22943,69141540,27135000000,9000000,2022-12-29
197140,디지캡,KOSDAQ,KOSDAQ,3980,103518,418018405,38062443440,9563428,2022-12-29
068930,디지털대성,KOSDAQ,KOSDAQ,6680,35450,236912430,192472436520,28813239,2022-12-29
033130,디지틀조선,KOSDAQ,KOSDAQ,2920,3642744,10570603045,108376579640,37115267,2022-12-29
105740,디케이락,KOSDAQ,KOSDAQ,11250,77060,859717700,103024721250,9157753,2022-12-29
263020,디케이앤디,KOSDAQ,KOSDAQ,2795,82391,230311385,43396299180,15526404,2022-12-29
290550,디케이티,KOSDAQ,KOSDAQ,8040,20779,164989860,132359834640,16462666,2022-12-29
187220,디티앤씨,KOSDAQ,KOSDAQ,4670,1550466,7529052695,54629758070,11698021,2022-12-29
383930,디티앤씨알오,KOSDAQ,KOSDAQ,9010,49797,456674450,56900456560,6315256,2022-12-29
163430,디피코,KONEX,KONEX,3100,14475,43117415,28065447000,9053370,2022-12-29
131180,딜리,KOSDAQ,KOSDAQ,1365,141567,192013570,40062750000,29350000,2022-12-29
315640,딥노이드,KOSDAQ,KOSDAQ,5680,19853,113068400,52921321120,9317134,2022-12-29
317120,라닉스,KOSDAQ,KOSDAQ,4865,34911,171123285,46995900000,9660000,2022-12-29
042510,라온시큐어,KOSDAQ,KOSDAQ,2105,84652,179377560,81393500330,38666746,2022-12-29
232680,라온테크,KOSDAQ,KOSDAQ,8750,47772,414009810,109206422500,12480734,2022-12-29
300120,라온피플,KOSDAQ,KOSDAQ,4885,127276,621292175,101510358620,20780012,2022-12-29
171120,라이온켐텍,KOSDAQ,KOSDAQ,7010,40160,282424440,132443967760,18893576,2022-12-29
069540,라이트론,KOSDAQ,KOSDAQ,2840,33121,94204780,74015955040,26061956,2022-12-29
285770,라이프사이언스테크놀로지,KONEX,KONEX,1390,0,0,4928078200,3545380,2022-12-29
347700,라이프시맨틱스,KOSDAQ,KOSDAQ,4130,22306,91577260,42241433500,10227950,2022-12-29
214260,라파스,KOSDAQ,KOSDAQ,15900,34790,555273200,137016914400,8617416,2022-12-29
403360,라피치,KONEX,KONEX,12000,0,0,34848000000,2904000,2022-12-29
115390,락앤락,KOSPI,KOSPI,6270,30006,188331670,314756783880,50200444,2022-12-29
200350,래몽래인,KOSDAQ,KOSDAQ,21200,355272,7748685550,132744202800,6261519,2022-12-29
171010,램테크놀러지,KOSDAQ,KOSDAQ,5430,28157,153458240,75129789510,13836057,2022-12-29
084650,랩지노믹스,KOSDAQ,KOSDAQ,6300,1431587,9065776350,214147224900,33991623,2022-12-29
217500,러셀,KOSDAQ,KOSDAQ,2640,119381,318681000,83983680000,31812000,2022-12-29
092590,럭스피아,KONEX,KONEX,1440,46,64360,10499181120,7291098,2022-12-29
141080,레고켐바이오,KOSDAQ GLOBAL,KOSDAQ,42850,454618,19540846750,1092804449850,25503021,2022-12-29
038390,레드캡투어,KOSDAQ,KOSDAQ,19050,10187,195684400,163629594000,8589480,2022-12-29
294140,레몬,KOSDAQ,KOSDAQ,3220,72555,232328010,119140000000,37000000,2022-12-29
228670,레이,KOSDAQ,KOSDAQ,23900,107549,2518043350,325683340200,13626918,2022-12-29
228850,레이언스,KOSDAQ,KOSDAQ,11000,25138,275793050,182501154000,16591014,2022-12-29
412350,레이저쎌,KOSDAQ,KOSDAQ,6210,57211,361490730,52324044120,8425772,2022-12-29
281740,레이크머티리얼즈,KOSDAQ,KOSDAQ,4370,555305,2445190100,287242494760,65730548,2022-12-29
277810,레인보우로보틱스,KOSDAQ,KOSDAQ,34450,319327,10949276300,578216826850,16784233,2022-12-29
179720,렌딩머신,KONEX,KONEX,5000,131,657125,7310220000,1462044,2022-12-29
215100,로보로보,KOSDAQ,KOSDAQ,6650,837220,5525795030,135317219100,20348454,2022-12-29
090360,로보스타,KOSDAQ,KOSDAQ,18650,18337,343071550,181837500000,9750000,2022-12-29
238500,로보쓰리,KONEX,KONEX,600,98172,56643827,10089243000,16815405,2022-12-29
108490,로보티즈,KOSDAQ,KOSDAQ,22500,149491,3370730500,268479517500,11932423,2022-12-29
900260,로스웰,KOSDAQ,KOSDAQ,1220,596562,756418040,43958171360,36031288,2022-12-29
223220,로지스몬,KONEX,KONEX,397,4,1483,17637836600,44427800,2022-12-29
067730,로지시스,KOSDAQ,KOSDAQ,3860,16991,65509570,37341338920,9673922,2022-12-29
071280,로체시스템즈,KOSDAQ,KOSDAQ,7970,215243,1740020020,121913925910,15296603,2022-12-29
032350,롯데관광개발,KOSPI,KOSPI,14450,1405352,20437354700,1045206806950,72332651,2022-12-29
089860,롯데렌탈,KOSPI,KOSPI,27650,33276,925166550,1012931841950,36634063,2022-12-29
330590,롯데리츠,KOSPI,KOSPI,3990,161980,650615855,969445847160,242968884,2022-12-29
000400,롯데손해보험,KOSPI,KOSPI,1415,180747,254043115,439125892800,310336320,2022-12-29
023530,롯데쇼핑,KOSPI,KOSPI,91000,66907,6116442300,2574276705000,28288755,2022-12-29
004000,롯데정밀화학,KOSPI,KOSPI,56700,61791,3513638600,1462860000000,25800000,2022-12-29
286940,롯데정보통신,KOSPI,KOSPI,23500,29374,692846950,361813778500,15396331,2022-12-29
280360,롯데제과,KOSPI,KOSPI,122500,8669,1063874500,1155735315000,9434574,2022-12-29
004990,롯데지주,KOSPI,KOSPI,30800,182971,5690492750,3231204499600,104909237,2022-12-29
00499K,롯데지주우,KOSPI,KOSPI,42400,365,15502150,34157567200,805603,2022-12-29
005300,롯데칠성,KOSPI,KOSPI,176000,25205,4432455500,1633083584000,9278884,2022-12-29
005305,롯데칠성우,KOSPI,KOSPI,74600,566,42180700,57838126000,775310,2022-12-29
011170,롯데케미칼,KOSPI,KOSPI,178500,79421,14283275000,6118162291500,34275419,2022-12-29
071840,롯데하이마트,KOSPI,KOSPI,12250,32386,398833300,289194472000,23607712,2022-12-29
328130,루닛,KOSDAQ,KOSDAQ,29800,135209,4054130700,364383314400,12227628,2022-12-29
038060,루멘스,KOSDAQ,KOSDAQ,1020,63491,64022630,49065130380,48103069,2022-12-29
162120,루켄테크놀러지스,KONEX,KONEX,3700,1031,3815210,40662763200,10989936,2022-12-29
253610,루트락,KONEX,KONEX,1990,791,1578040,15467360570,7772543,2022-12-29
085370,루트로닉,KOSDAQ,KOSDAQ,19750,357004,6987097000,520983630500,26378918,2022-12-29
08537M,루트로닉3우C,KOSDAQ,KOSDAQ,28850,11,313300,5821208750,201775,2022-12-29
060240,룽투코리아,KOSDAQ,KOSDAQ,2860,8516634,26350900355,72727752240,25429284,2022-12-29
058470,리노공업,KOSDAQ GLOBAL,KOSDAQ,155500,34393,5379911300,2370188535000,15242370,2022-12-29
039980,리노스,KOSDAQ,KOSDAQ,857,154168,133105569,39176551772,45713596,2022-12-29
019570,리더스 기술투자,KOSDAQ,KOSDAQ,357,845637,301700894,46449720891,130111263,2022-12-29
016100,리더스코스메틱,KOSDAQ,KOSDAQ,3160,45597,144067470,60358825040,19100894,2022-12-29
012700,리드코프,KOSDAQ,KOSDAQ,7370,257679,1924475190,194908014950,26446135,2022-12-29
302550,리메드,KOSDAQ,KOSDAQ,12350,93007,1168445250,75676057600,6127616,2022-12-29
377450,리파인,KOSDAQ,KOSDAQ,8900,6199941,61255923370,154237000000,17330000,2022-12-29
277070,린드먼아시아,KOSDAQ,KOSDAQ,4015,59395,241073580,54973380000,13692000,2022-12-29
042500,링네트,KOSDAQ,KOSDAQ,4090,67011,277243165,62809631020,15356878,2022-12-29
219420,링크제니시스,KOSDAQ,KOSDAQ,5900,57877,343906490,67670091300,11469507,2022-12-29
027740,마니커,KOSPI,KOSPI,1195,285057,331566890,75895917460,63511228,2022-12-29
195500,마니커에프앤지,KOSDAQ,KOSDAQ,3005,110215,339131250,47863640000,15928000,2022-12-29
357430,마스턴프리미어리츠,KOSPI,KOSPI,3715,40965,151783775,98744700000,26580000,2022-12-29
305090,마이크로디지탈,KOSDAQ,KOSDAQ,3445,25065,84198915,51220783640,14868152,2022-12-29
448780,마이크로엔엑스,KONEX,KONEX,5300,200,1060000,13825580000,2608600,2022-12-29
098120,마이크로컨텍솔,KOSDAQ,KOSDAQ,5210,44779,230970040,43309510860,8312766,2022-12-29
147760,마이크로프랜드,KOSDAQ,KOSDAQ,4550,8478,38755680,49230390300,10819866,2022-12-29
377480,마인즈랩,KOSDAQ,KOSDAQ,17400,146440,2535793500,105793444200,6080083,2022-12-29
038290,마크로젠,KOSDAQ,KOSDAQ,19150,7603,145863150,207612810000,10841400,2022-12-29
001080,만호제강,KOSPI,KOSPI,29500,10631,318632000,122425000000,4150000,2022-12-29
267980,매일유업,KOSDAQ GLOBAL,KOSDAQ,52800,10481,558636900,414144086400,7843638,2022-12-29
005990,매일홀딩스,KOSDAQ,KOSDAQ,8400,1876,15883070,115233753600,13718304,2022-12-29
093520,매커스,KOSDAQ,KOSDAQ,7900,103804,831719980,127688426800,16163092,2022-12-29
377030,맥스트,KOSDAQ,KOSDAQ,12150,593906,7099426150,237786216300,19570882,2022-12-29
088980,맥쿼리인프라,KOSPI,KOSPI,11050,727090,8050312550,4473543294350,404845547,2022-12-29
094800,맵스리얼티1,KOSPI,KOSPI,4005,6317,25326105,371801495655,92834331,2022-12-29
100590,머큐리,KOSDAQ,KOSDAQ,5500,32096,176978590,83186928000,15124896,2022-12-29
067280,멀티캠퍼스,KOSDAQ,KOSDAQ,35300,10772,377071250,209215298700,5926779,2022-12-29
072870,메가스터디,KOSDAQ,KOSDAQ,10850,16661,177558500,129342405150,11920959,2022-12-29
215200,메가스터디교육,KOSDAQ GLOBAL,KOSDAQ,79600,52282,4151665700,944205648000,11861880,2022-12-29
133750,메가엠디,KOSDAQ,KOSDAQ,2645,386243,1027913430,61911718665,23407077,2022-12-29
235980,메드팩토,KOSDAQ,KOSDAQ,22250,93787,2099502750,469045463750,21080695,2022-12-29
200580,메디쎄이,KONEX,KONEX,13550,100,1364950,50488370450,3726079,2022-12-29
041920,메디아나,KOSDAQ,KOSDAQ,5350,385489,2085992160,85600000000,16000000,2022-12-29
233250,메디안디노스틱,KONEX,KONEX,28950,2,57900,50562159300,1746534,2022-12-29
014100,메디앙스,KOSDAQ,KOSDAQ,3035,34626,103647325,35813000000,11800000,2022-12-29
236340,메디젠휴먼케어,KONEX,KONEX,6050,93,559700,18238614350,3014647,2022-12-29
054180,메디콕스,KOSDAQ,KOSDAQ,3375,1278086,4331609050,83758735125,24817403,2022-12-29
086900,메디톡스,KOSDAQ,KOSDAQ,128000,40793,5254466400,848000128000,6625001,2022-12-29
078160,메디포스트,KOSDAQ,KOSDAQ,14900,59882,883807100,242336490600,16264194,2022-12-29
065650,메디프론,KOSDAQ,KOSDAQ,1150,94075,109110475,50158352850,43615959,2022-12-29
138040,메리츠금융지주,KOSPI,KOSPI,42700,355631,15263334650,5447316799400,127571822,2022-12-29
008560,메리츠증권,KOSPI,KOSPI,6240,1184381,7423350330,3837853212960,615040579,2022-12-29
000060,메리츠화재,KOSPI,KOSPI,49700,183367,9163632200,5521872279000,111104070,2022-12-29
021880,메이슨캐피탈,KOSDAQ,KOSDAQ,336,851932,290804122,51133961088,152184408,2022-12-29
140410,메지온,KOSDAQ,KOSDAQ,13000,196282,2572356150,347646234000,26742018,2022-12-29
241770,메카로,KOSDAQ,KOSDAQ,10800,7052,74329300,110080512000,10192640,2022-12-29
090370,메타랩스,KOSPI,KOSPI,2445,22593,55686545,60891964605,24904689,2022-12-29
059210,메타바이오메드,KOSDAQ,KOSDAQ,2310,56558,130558790,55122030810,23862351,2022-12-29
058110,멕아이씨에스,KOSDAQ,KOSDAQ,5860,1379650,8149048080,94056105800,16050530,2022-12-29
096640,멜파스,KOSDAQ,KOSDAQ,1495,0,0,56729621325,37946235,2022-12-29
017180,명문제약,KOSPI,KOSPI,2870,137341,385253860,97446412980,33953454,2022-12-29
257370,명성티엔에스,KOSDAQ,KOSDAQ,9210,0,0,71157896760,7726156,2022-12-29
009900,명신산업,KOSPI,KOSPI,14350,270084,3880203250,752946408550,52470133,2022-12-29
267060,명진홀딩스,KONEX,KONEX,181,0,0,1654666524,9141804,2022-12-29
012690,모나리자,KOSPI,KOSPI,2850,106739,305256630,104228076750,36571255,2022-12-29
005360,모나미,KOSPI,KOSPI,3175,63387,204277560,59998949725,18897307,2022-12-29
080420,모다이노칩,KOSDAQ,KOSDAQ,2940,76869,227904410,234381568680,79721622,2022-12-29
417970,모델솔루션,KOSDAQ,KOSDAQ,17600,20493,366703000,112581920000,6396700,2022-12-29
080160,모두투어,KOSDAQ,KOSDAQ,17050,160687,2764326100,322245000000,18900000,2022-12-29
204210,모두투어리츠,KOSPI,KOSPI,3715,54039,202767960,29076617725,7826815,2022-12-29
087260,모바일어플라이언스,KOSDAQ,KOSDAQ,2780,161276,445144655,90496953580,32552861,2022-12-29
101330,모베이스,KOSDAQ,KOSDAQ,2875,38014,109822005,68879790500,23958188,2022-12-29
012860,모베이스전자,KOSDAQ,KOSDAQ,1220,136744,168836520,89344817540,73233457,2022-12-29
363260,모비데이즈,KOSDAQ,KOSDAQ,830,230978,194064926,132815643010,160018847,2022-12-29
348030,모비릭스,KOSDAQ,KOSDAQ,11350,308065,3717333850,109003130000,9603800,2022-12-29
250060,모비스,KOSDAQ,KOSDAQ,1640,107059,174841935,52760954960,32171314,2022-12-29
288980,모아데이타,KOSDAQ,KOSDAQ,2310,1946303,4618480110,75734809920,32785632,2022-12-29
033200,모아텍,KOSDAQ,KOSDAQ,5500,10119,55443060,78821517500,14331185,2022-12-29
333050,모코엠시스,KOSDAQ,KOSDAQ,1475,132115,197079880,33278262650,22561534,2022-12-29
009680,모토닉,KOSPI,KOSPI,8040,10226,82400060,265320000000,33000000,2022-12-29
118990,모트렉스,KOSDAQ,KOSDAQ,13600,850227,11739880200,333138800000,24495500,2022-12-29
006920,모헨즈,KOSDAQ,KOSDAQ,3480,41103,143662295,38001600000,10920000,2022-12-29
009580,무림P&P,KOSPI,KOSPI,4350,244276,1050646070,271302209400,62368324,2022-12-29
001810,무림SP,KOSDAQ,KOSDAQ,2605,91461,244872070,57668187500,22137500,2022-12-29
009200,무림페이퍼,KOSPI,KOSPI,2450,194678,482078215,101942809500,41609310,2022-12-29
135160,무송지오씨,KONEX,KONEX,2500,8606,21494480,23940832500,9576333,2022-12-29
322970,무진메디,KONEX,KONEX,3965,9181,33633360,29985284745,7562493,2022-12-29
033920,무학,KOSPI,KOSPI,4935,50397,250152370,140647500000,28500000,2022-12-29
008420,문배철강,KOSPI,KOSPI,3220,135324,443389030,66021286100,20503505,2022-12-29
279600,미디어젠,KOSDAQ,KOSDAQ,12250,34615,399221100,57388567250,4684781,2022-12-29
095500,미래나노텍,KOSDAQ,KOSDAQ,15000,2387449,36679369650,465149985000,31009999,2022-12-29
025560,미래산업,KOSPI,KOSPI,10850,23316,257269200,48304275950,4452007,2022-12-29
218150,미래생명자원,KOSDAQ,KOSDAQ,3850,173396,669006020,76598999400,19895844,2022-12-29
007120,미래아이앤지,KOSPI,KOSPI,280,419312,117696394,39037018720,139417924,2022-12-29
396690,미래에셋글로벌리츠,KOSPI,KOSPI,3700,64339,238452280,107522000000,29060000,2022-12-29
353490,미래에셋대우스팩 5호,KOSDAQ,KOSDAQ,2035,0,0,10297100000,5060000,2022-12-29
357250,미래에셋맵스리츠,KOSPI,KOSPI,3470,8697,30075995,69747000000,20100000,2022-12-29
100790,미래에셋벤처투자,KOSDAQ,KOSDAQ,4270,94847,402795355,207011141470,48480361,2022-12-29
412930,미래에셋비전스팩1호,KOSDAQ,KOSDAQ,2035,9923,20130050,12568160000,6176000,2022-12-29
085620,미래에셋생명,KOSPI,KOSPI,2890,82354,238180285,511576786210,177016189,2022-12-29
006800,미래에셋증권,KOSPI,KOSPI,6080,877295,5417393310,3741123760640,615316408,2022-12-29
00680K,미래에셋증권2우B,KOSPI,KOSPI,3580,155743,558207170,501200000000,140000000,2022-12-29
006805,미래에셋증권우,KOSPI,KOSPI,4040,5793,23457965,56866030000,14075750,2022-12-29
208890,미래엔에듀파트너,KONEX,KONEX,1100,0,0,3465902000,3150820,2022-12-29
049950,미래컴퍼니,KOSDAQ,KOSDAQ,17650,41350,735666300,151557373000,8586820,2022-12-29
207760,미스터블루,KOSDAQ,KOSDAQ,3280,3109695,10736277995,81644923600,24891745,2022-12-29
002840,미원상사,KOSPI,KOSPI,166000,3245,538883500,805100000000,4850000,2022-12-29
268280,미원에스씨,KOSPI,KOSPI,154000,725,111063500,785400000000,5100000,2022-12-29
107590,미원홀딩스,KOSPI,KOSPI,110000,1031,113411500,255200000000,2320000,2022-12-29
134380,미원화학,KOSPI,KOSPI,68700,608,41699700,151089711600,2199268,2022-12-29
003650,미창석유,KOSPI,KOSPI,72900,744,53853200,126822088800,1739672,2022-12-29
059090,미코,KOSDAQ,KOSDAQ,7330,249026,1844829750,244944982740,33416778,2022-12-29
214610,미코바이오메드,KOSDAQ,KOSDAQ,4800,140785,667790085,87878884800,18308101,2022-12-29
201490,미투온,KOSDAQ,KOSDAQ,3890,623393,2486812440,121592725300,31257770,2022-12-29
950190,미투젠,KOSDAQ,KOSDAQ,12550,60783,771299200,170427644600,13579892,2022-12-29
155900,바다로19호,KOSPI,KOSPI,2975,9311,27658610,45220011900,15200004,2022-12-29
206640,바디텍메드,KOSDAQ,KOSDAQ,10250,91024,936526150,240737240000,23486560,2022-12-29
018700,바른손,KOSDAQ,KOSDAQ,2640,246424,660133085,92716158480,35119757,2022-12-29
035620,바른손이앤에이,KOSDAQ,KOSDAQ,998,3930218,4158534059,74290795650,74439675,2022-12-29
354390,바스칸바이오제약,KONEX,KONEX,5830,28,157500,40916380010,7018247,2022-12-29
053030,바이넥스,KOSDAQ,KOSDAQ,11550,164575,1919769800,366840104400,31761048,2022-12-29
301300,바이브컴퍼니,KOSDAQ,KOSDAQ,18800,16773,315991700,105204424000,5595980,2022-12-29
377740,바이오노트,KOSPI,KOSPI,8580,2059794,17721767120,874096491840,101876048,2022-12-29
064550,바이오니아,KOSDAQ,KOSDAQ,29400,436462,12666967950,758822555400,25810291,2022-12-29
314930,바이오다인,KOSDAQ,KOSDAQ,22800,21458,487437350,140634846000,6168195,2022-12-29
208710,바이오로그디바이스,KOSDAQ,KOSDAQ,990,206505,204780470,41831912430,42254457,2022-12-29
086820,바이오솔루션,KOSDAQ,KOSDAQ,10600,10856,113722850,86320315600,8143426,2022-12-29
038460,바이오스마트,KOSDAQ,KOSDAQ,3330,59916,198540430,66892374000,20087800,2022-12-29
281310,바이오시네틱스,KONEX,KONEX,7600,0,0,20146764000,2650890,2022-12-29
251120,바이오에프디엔씨,KOSDAQ,KOSDAQ,17000,12405,212379350,147826900000,8695700,2022-12-29
266470,바이오인프라생명과학,KONEX,KONEX,1070,5428,5500798,15094326290,14106847,2022-12-29
086040,바이오톡스텍,KOSDAQ,KOSDAQ,8140,398701,3285156040,119390381220,14667123,2022-12-29
199290,바이오프로테크,KONEX,KONEX,1075,0,0,15936619150,14824762,2022-12-29
099430,바이오플러스,KOSDAQ,KOSDAQ,6940,719986,5038425940,402040196160,57930864,2022-12-29
032980,바이온,KOSDAQ,KOSDAQ,1255,2447125,3246847185,46077700245,36715299,2022-12-29
222160,바이옵트로,KOSDAQ,KOSDAQ,4540,39747,180750115,36973151640,8143866,2022-12-29
308080,바이젠셀,KOSDAQ,KOSDAQ,7120,102209,733270470,135323147200,19006060,2022-12-29
043150,바텍,KOSDAQ,KOSDAQ,32800,26427,874810950,487219596800,14854256,2022-12-29
323990,박셀바이오,KOSDAQ,KOSDAQ,34150,241606,8352922600,519865450000,15223000,2022-12-29
003610,방림,KOSPI,KOSPI,4780,375471,1846315940,202261350200,42314090,2022-12-29
267790,배럴,KOSDAQ,KOSDAQ,7000,12558,85886660,55198500000,7885500,2022-12-29
001340,백광산업,KOSPI,KOSPI,4310,101405,435490895,193598334170,44918407,2022-12-29
046310,백금T&A,KOSDAQ,KOSDAQ,3060,611039,2000488120,50241041460,16418641,2022-12-29
035150,백산,KOSPI,KOSPI,8180,110759,914667980,191452900000,23405000,2022-12-29
331520,밸로프,KOSDAQ,KOSDAQ,1070,7978001,9237418850,51220149930,47869299,2022-12-29
066410,버킷스튜디오,KOSDAQ,KOSDAQ,1620,6205210,10470582470,136258080120,84109926,2022-12-29
002410,범양건영,KOSPI,KOSPI,3380,246124,836455625,83932099160,24831982,2022-12-29
382900,범한퓨얼셀,KOSDAQ,KOSDAQ,26100,59432,1536603150,228662100000,8761000,2022-12-29
206400,베노홀딩스,KOSDAQ,KOSDAQ,2400,75608,181651115,69201626400,28834011,2022-12-29
019010,베뉴지,KOSDAQ,KOSDAQ,2150,30861,65738890,103630000000,48200000,2022-12-29
322190,베른,KONEX,KONEX,117,2041,249540,1044248049,8925197,2022-12-29
177350,베셀,KOSDAQ,KOSDAQ,7280,1936662,14793361740,90226820320,12393794,2022-12-29
299910,베스파,KOSDAQ,KOSDAQ,3165,0,0,25974889140,8206916,2022-12-29
096300,베트남개발1,KOSPI,KOSPI,180,15745237,2895590361,24782437980,137680211,2022-12-29
007210,벽산,KOSPI,KOSPI,2020,100878,202542885,138491200000,68560000,2022-12-29
225530,보광산업,KOSDAQ,KOSDAQ,5680,33055,187425500,206403969360,36338727,2022-12-29
250000,보라티알,KOSDAQ,KOSDAQ,10700,47719,522796850,72232843100,6750733,2022-12-29
002760,보락,KOSPI,KOSPI,1610,1551285,2534426630,96439000000,59900000,2022-12-29
003850,보령,KOSPI,KOSPI,9060,373115,3398652340,622331400000,68690000,2022-12-29
310210,보로노이,KOSDAQ,KOSDAQ,34150,239238,8295126750,431924726350,12647869,2022-12-29
006910,보성파워텍,KOSDAQ,KOSDAQ,3720,511764,1942242685,182762945280,49129824,2022-12-29
000890,보해양조,KOSPI,KOSPI,617,212674,131315414,85837119593,139120129,2022-12-29
226340,본느,KOSDAQ,KOSDAQ,1660,85923,143004685,50961329360,30699596,2022-12-29
206950,볼빅,KONEX,KONEX,2420,4447,10859850,12778621240,5280422,2022-12-29
003000,부광약품,KOSPI,KOSPI,8750,339881,2997540140,621801678750,71063049,2022-12-29
001270,부국증권,KOSPI,KOSPI,18150,17235,305346950,188213430900,10369886,2022-12-29
001275,부국증권우,KOSPI,KOSPI,18000,4187,75375350,54000000000,3000000,2022-12-29
026940,부국철강,KOSPI,KOSPI,3205,120090,390671135,64100000000,20000000,2022-12-29
014470,부방,KOSDAQ,KOSDAQ,2150,393143,857041785,129112359000,60052260,2022-12-29
011390,부산산업,KOSPI,KOSPI,72500,4749,346312200,76560000000,1056000,2022-12-29
005030,부산주공,KOSPI,KOSPI,643,1077750,702020277,46893339284,72928988,2022-12-29
008470,부스타,KOSDAQ,KOSDAQ,4870,11246,54605020,40931376000,8404800,2022-12-29
338220,뷰노,KOSDAQ,KOSDAQ,6240,15130,93459980,71009053440,11379656,2022-12-29
100120,뷰웍스,KOSDAQ,KOSDAQ,30150,17004,513639850,301556229750,10001865,2022-12-29
337930,브랜드엑스코퍼레이션,KOSDAQ,KOSDAQ,4770,41176,197540640,139601629530,29266589,2022-12-29
099390,브레인즈컴퍼니,KOSDAQ,KOSDAQ,6740,17322,117767250,55323827420,8208283,2022-12-29
064480,브리지텍,KOSDAQ,KOSDAQ,4020,51635,206998210,48049050000,11952500,2022-12-29
288330,브릿지바이오테라퓨틱스,KOSDAQ,KOSDAQ,11600,44630,524448850,230798530000,19896425,2022-12-29
365900,브이씨,KOSDAQ,KOSDAQ,7690,277419,2180262870,56216207000,7310300,2022-12-29
251630,브이원텍,KOSDAQ,KOSDAQ,6260,37938,237383210,94917750800,15162580,2022-12-29
018290,브이티지엠피,KOSDAQ,KOSDAQ,5250,134857,700791340,181040438250,34483893,2022-12-29
044480,블루베리 NFT,KOSDAQ,KOSDAQ,1495,53067,78768360,48354251595,32343981,2022-12-29
033560,블루콤,KOSDAQ,KOSDAQ,3700,71676,260073280,63270000000,17100000,2022-12-29
191600,블루탑,KONEX,KONEX,18650,0,0,53152500000,2850000,2022-12-29
369370,블리츠웨이,KOSDAQ,KOSDAQ,2015,77285,151104670,84775537405,42072227,2022-12-29
126340,비나텍,KOSDAQ,KOSDAQ,40000,29812,1198026850,218730480000,5468262,2022-12-29
121800,비덴트,KOSDAQ,KOSDAQ,3085,511051,1595505900,169952230440,55089864,2022-12-29
148140,비디아이,KOSDAQ,KOSDAQ,640,0,0,27653546880,43208667,2022-12-29
082800,비보존 제약,KOSDAQ,KOSDAQ,637,343026,217819423,149085442597,234043081,2022-12-29
318410,비비씨,KOSDAQ,KOSDAQ,8700,8262,72306990,48330614100,5555243,2022-12-29
002070,비비안,KOSPI,KOSPI,1270,96683,122283810,37838367300,29793990,2022-12-29
100220,비상교육,KOSPI,KOSPI,5850,14179,83218800,76030934850,12996741,2022-12-29
419540,비스토스,KOSDAQ,KOSDAQ,2385,1064001,2550233400,50503109580,21175308,2022-12-29
146320,비씨엔씨,KOSDAQ,KOSDAQ,15100,20614,310103350,186755637300,12367923,2022-12-29
200780,비씨월드제약,KOSDAQ,KOSDAQ,8470,17528,146092020,75318492480,8892384,2022-12-29
141000,비아트론,KOSDAQ,KOSDAQ,8630,23530,200814650,104549947300,12114710,2022-12-29
090460,비에이치,KOSDAQ GLOBAL,KOSDAQ,22450,1160804,25275206550,773725308550,34464379,2022-12-29
083650,비에이치아이,KOSDAQ,KOSDAQ,6490,506991,3248117110,168740000000,26000000,2022-12-29
215050,비엔디생활건강,KONEX,KONEX,912,0,0,1934959392,2121666,2022-12-29
032790,비엔지티,KOSDAQ,KOSDAQ,2155,130294,281104260,66639567115,30923233,2022-12-29
445360,비엔케이제1호스팩,KOSDAQ,KOSDAQ,1995,24087,48049690,8598450000,4310000,2022-12-29
142760,비엘,KOSDAQ,KOSDAQ,3570,106573,378056480,112271491290,31448597,2022-12-29
065170,비엘팜텍,KOSDAQ,KOSDAQ,625,306074,192116921,55606599375,88970559,2022-12-29
086220,비엘헬스케어,KONEX,KONEX,2195,0,0,23209633675,10573865,2022-12-29
086670,비엠티,KOSDAQ,KOSDAQ,14900,72422,1084446400,135965092600,9125174,2022-12-29
335890,비올,KOSDAQ,KOSDAQ,3225,5114046,16356684305,187480034400,58133344,2022-12-29
138580,비즈니스온,KOSDAQ,KOSDAQ,6820,12523,85680670,153833031660,22556163,2022-12-29
082920,비츠로셀,KOSDAQ,KOSDAQ,12750,41990,538488050,274624188000,21539152,2022-12-29
054220,비츠로시스,KOSDAQ,KOSDAQ,1235,202685,248543935,31076160505,25162883,2022-12-29
042370,비츠로테크,KOSDAQ,KOSDAQ,6710,275380,1821397110,175802167750,26200025,2022-12-29
030790,비케이탑스,KOSPI,KOSPI,904,0,0,19208323080,21248145,2022-12-29
050090,비케이홀딩스,KOSDAQ,KOSDAQ,407,93397,37748119,32209549394,79138942,2022-12-29
307870,비투엔,KOSDAQ,KOSDAQ,1980,44003,86959270,61738776000,31181200,2022-12-29
357880,비트나인,KOSDAQ,KOSDAQ,6860,149964,1043073280,71028138160,10353956,2022-12-29
032850,비트컴퓨터,KOSDAQ,KOSDAQ,6140,82658,511813630,102067019020,16623293,2022-12-29
148780,비플라이소프트,KOSDAQ,KOSDAQ,894,651661,582357495,28112478150,31445725,2022-12-29
238200,비피도,KOSDAQ,KOSDAQ,8500,54361,462322440,69530000000,8180000,2022-12-29
093190,빅솔론,KOSDAQ,KOSDAQ,7000,26013,181833200,134672335000,19238905,2022-12-29
065450,빅텍,KOSDAQ,KOSDAQ,5680,2832467,16094067660,162747904000,28652800,2022-12-29
210120,빅텐츠,KONEX,KONEX,14450,124,1781400,38335850000,2653000,2022-12-29
005180,빙그레,KOSPI,KOSPI,39250,14177,557742400,386661209250,9851241,2022-12-29
072950,빛샘전자,KOSDAQ,KOSDAQ,5730,9499,54517290,35702822070,6230859,2022-12-29
266170,뿌리깊은나무들,KONEX,KONEX,942,184,174303,5485299912,5823036,2022-12-29
143240,사람인에이치알,KOSDAQ,KOSDAQ,26400,17326,455073100,308200543200,11674263,2022-12-29
003960,사조대림,KOSPI,KOSPI,27150,26264,710089800,248815279050,9164467,2022-12-29
008040,사조동아원,KOSPI,KOSPI,902,1248504,1133280431,127312429200,141144600,2022-12-29
007160,사조산업,KOSPI,KOSPI,45000,5731,257544650,225000000000,5000000,2022-12-29
014710,사조씨푸드,KOSPI,KOSPI,4525,392510,1862764715,77913907075,17218543,2022-12-29
006090,사조오양,KOSPI,KOSPI,7990,14014,112899900,75287684610,9422739,2022-12-29
419120,산돌,KOSDAQ,KOSDAQ,12850,60716,778445900,98582964100,7671826,2022-12-29
100090,삼강엠앤티,KOSDAQ,KOSDAQ,20100,466057,9182911750,1070023741200,53235012,2022-12-29
122350,삼기,KOSDAQ,KOSDAQ,3375,209114,713147565,129395569500,38339428,2022-12-29
014970,삼륭물산,KOSDAQ,KOSDAQ,4775,47034,226704030,72221875000,15125000,2022-12-29
018310,삼목에스폼,KOSDAQ,KOSDAQ,16700,74672,1250223050,245490000000,14700000,2022-12-29
053700,삼보모터스,KOSDAQ,KOSDAQ,5000,3802132,20811546925,96660015000,19332003,2022-12-29
009620,삼보산업,KOSDAQ,KOSDAQ,864,209939,182852526,39100804704,45255561,2022-12-29
023600,삼보판지,KOSDAQ,KOSDAQ,10250,20954,214586900,165742500000,16170000,2022-12-29
001470,삼부토건,KOSPI,KOSPI,1240,1470293,1839226070,245114985000,197673375,2022-12-29
006400,삼성SDI,KOSPI,KOSPI,591000,197767,118176938000,40639837230000,68764530,2022-12-29
006405,삼성SDI우,KOSPI,KOSPI,277000,3572,991057000,448157192000,1617896,2022-12-29
006660,삼성공조,KOSPI,KOSPI,9750,8164,78180520,79231561500,8126314,2022-12-29
380320,삼성머스트스팩5호,KOSDAQ,KOSDAQ,3120,19589,61691410,15007200000,4810000,2022-12-29
028260,삼성물산,KOSPI,KOSPI,113500,280073,32121871000,21211683693500,186887081,2022-12-29
02826K,삼성물산우B,KOSPI,KOSPI,102000,1670,172692000,165997350000,1627425,2022-12-29
207940,삼성바이오로직스,KOSPI,KOSPI,821000,35179,28994143000,58433854000000,71174000,2022-12-29
032830,삼성생명,KOSPI,KOSPI,71000,211081,15039355000,14200000000000,200000000,2022-12-29
377630,삼성스팩4호,KOSDAQ,KOSDAQ,4730,76994,363052150,19014600000,4020000,2022-12-29
425290,삼성스팩6호,KOSDAQ,KOSDAQ,2800,74608,210356010,15456000000,5520000,2022-12-29
439250,삼성스팩7호,KOSDAQ,KOSDAQ,9910,38919,385692020,34704820000,3502000,2022-12-29
018260,삼성에스디에스,KOSPI,KOSPI,123000,62223,7707206500,9517469400000,77377800,2022-12-29
028050,삼성엔지니어링,KOSPI,KOSPI,22250,677042,15325169400,4361000000000,196000000,2022-12-29
009150,삼성전기,KOSPI,KOSPI,130500,280030,36745738500,9747527328000,74693696,2022-12-29
009155,삼성전기우,KOSPI,KOSPI,64000,3118,199143900,186046976000,2906984,2022-12-29
005930,삼성전자,KOSPI,KOSPI,55300,11295935,628653753150,330128975015000,5969782550,2022-12-29
005935,삼성전자우,KOSPI,KOSPI,50500,722569,36552249900,41555778350000,822886700,2022-12-29
001360,삼성제약,KOSPI,KOSPI,2685,195799,524650455,180330182115,67162079,2022-12-29
010140,삼성중공업,KOSPI,KOSPI,5110,2683070,13748411630,4496800000000,880000000,2022-12-29
010145,삼성중공우,KOSPI,KOSPI,123500,3541,442309500,14183357500,114845,2022-12-29
016360,삼성증권,KOSPI,KOSPI,31450,278209,8791819300,2808485000000,89300000,2022-12-29
068290,삼성출판사,KOSPI,KOSPI,24200,36096,880185600,242000000000,10000000,2022-12-29
029780,삼성카드,KOSPI,KOSPI,29550,113735,3381258850,3423630229050,115858891,2022-12-29
000810,삼성화재,KOSPI,KOSPI,200000,66949,13468668000,9474967400000,47374837,2022-12-29
000815,삼성화재우,KOSPI,KOSPI,153000,9814,1499431000,488376000000,3192000,2022-12-29
006110,삼아알미늄,KOSPI,KOSPI,41400,2048983,82803817800,455400000000,11000000,2022-12-29
009300,삼아제약,KOSDAQ,KOSDAQ,16650,37733,632292500,106060500000,6370000,2022-12-29
145990,삼양사,KOSPI,KOSPI,38550,11521,445415900,397583458950,10313449,2022-12-29
145995,삼양사우,KOSPI,KOSPI,29500,99,2924850,10917065000,370070,2022-12-29
003230,삼양식품,KOSPI,KOSPI,127000,46522,5932684500,956692905000,7533015,2022-12-29
225190,삼양옵틱스,KOSDAQ,KOSDAQ,9910,58153,580150330,100583408080,10149688,2022-12-29
002170,삼양통상,KOSPI,KOSPI,52800,606,31544000,158400000000,3000000,2022-12-29
272550,삼양패키징,KOSPI,KOSPI,18650,6412,119181950,294458714150,15788671,2022-12-29
000070,삼양홀딩스,KOSPI,KOSPI,68700,19103,1299692700,588365417700,8564271,2022-12-29
000075,삼양홀딩스우,KOSPI,KOSPI,55500,49,2712300,16875219000,304058,2022-12-29
002810,삼영무역,KOSPI,KOSPI,12450,10426,130489000,229913502600,18466948,2022-12-29
361670,삼영에스앤씨,KOSDAQ,KOSDAQ,7650,41938,319171310,43357583700,5667658,2022-12-29
054540,삼영엠텍,KOSDAQ,KOSDAQ,3650,60103,220560210,47450000000,13000000,2022-12-29
065570,삼영이엔씨,KOSDAQ,KOSDAQ,4500,35192,154704470,48573045000,10794010,2022-12-29
005680,삼영전자,KOSPI,KOSPI,9300,40642,376457990,186000000000,20000000,2022-12-29
003720,삼영화학,KOSPI,KOSPI,2410,89947,217823370,81940000000,34000000,2022-12-29
023000,삼원강재,KOSPI,KOSPI,2670,60620,161244610,106800000000,40000000,2022-12-29
004380,삼익THK,KOSPI,KOSPI,11850,26266,313221550,248850000000,21000000,2022-12-29
002450,삼익악기,KOSPI,KOSPI,1285,147905,190808740,116332225775,90530915,2022-12-29
032280,삼일,KOSDAQ,KOSDAQ,1965,51375,100675265,31859704350,16213590,2022-12-29
002290,삼일기업공사,KOSDAQ,KOSDAQ,3730,76770,288969925,46252000000,12400000,2022-12-29
004440,삼일씨엔에스,KOSPI,KOSPI,5600,10233,57702440,71298903200,12731947,2022-12-29
000520,삼일제약,KOSPI,KOSPI,8580,1507417,12846148100,117669981000,13714450,2022-12-29
009770,삼정펄프,KOSPI,KOSPI,25500,1264,32262550,63749260500,2499971,2022-12-29
037460,삼지전자,KOSDAQ,KOSDAQ,8330,34729,286213550,135933288260,16318522,2022-12-29
032750,삼진,KOSDAQ,KOSDAQ,6140,7818,47026950,44208000000,7200000,2022-12-29
054090,삼진엘앤디,KOSDAQ,KOSDAQ,2520,330593,846228165,62897264640,24959232,2022-12-29
005500,삼진제약,KOSPI,KOSPI,25650,91476,2329300950,356535000000,13900000,2022-12-29
000250,삼천당제약,KOSDAQ,KOSDAQ,43800,555814,24694465250,997240195800,22768041,2022-12-29
004690,삼천리,KOSPI,KOSPI,391000,32767,13250710500,1585514775000,4055025,2022-12-29
024950,삼천리자전거,KOSDAQ,KOSDAQ,7340,53263,387381600,97428055180,13273577,2022-12-29
038500,삼표시멘트,KOSDAQ,KOSDAQ,3355,202466,681851320,362059206630,107916306,2022-12-29
017480,삼현철강,KOSDAQ,KOSDAQ,4870,30161,141498290,76473074300,15702890,2022-12-29
010960,삼호개발,KOSPI,KOSPI,3820,39670,152525105,95500000000,25000000,2022-12-29
046390,삼화네트웍스,KOSDAQ,KOSDAQ,3390,1440344,5000227605,146356242870,43172933,2022-12-29
004450,삼화왕관,KOSPI,KOSPI,36850,22091,835796550,79388866150,2154379,2022-12-29
009470,삼화전기,KOSPI,KOSPI,13700,8467,116375900,90609334000,6613820,2022-12-29
011230,삼화전자,KOSPI,KOSPI,2890,31798,90675315,34976803000,12102700,2022-12-29
001820,삼화콘덴서,KOSPI,KOSPI,30000,49784,1500486400,311850000000,10395000,2022-12-29
000390,삼화페인트,KOSPI,KOSPI,5880,64359,381801490,159956397720,27203469,2022-12-29
027580,상보,KOSDAQ,KOSDAQ,1355,172705,232587855,80190633045,59181279,2022-12-29
038540,상상인,KOSDAQ,KOSDAQ,6130,204619,1269582930,339162558690,55328313,2022-12-29
101000,상상인인더스트리,KOSDAQ,KOSDAQ,540,37950,20503172,38745427680,71750792,2022-12-29
415580,상상인제3호스팩,KOSDAQ,KOSDAQ,1975,7717,15169435,10487250000,5310000,2022-12-29
001290,상상인증권,KOSPI,KOSPI,760,226672,170430519,82336211200,108337120,2022-12-29
041650,상신브레이크,KOSPI,KOSPI,3025,48591,148826735,64951136250,21471450,2022-12-29
091580,상신이디피,KOSDAQ,KOSDAQ,14900,166624,2468567450,203060463100,13628219,2022-12-29
263810,상신전자,KOSDAQ,KOSDAQ,3095,69088,210015605,44087402210,14244718,2022-12-29
089980,상아프론테크,KOSDAQ,KOSDAQ,27100,62966,1730195600,433302902700,15989037,2022-12-29
042940,상지카일룸,KOSDAQ,KOSDAQ,501,1037886,527915183,47211453939,94234439,2022-12-29
042600,새로닉스,KOSDAQ,KOSDAQ,14950,19130,289166950,185732431300,12423574,2022-12-29
075180,새론오토모티브,KOSPI,KOSPI,5060,11923,59516970,97152000000,19200000,2022-12-29
107600,새빗켐,KOSDAQ,KOSDAQ,76300,59361,4525606000,370935883500,4861545,2022-12-29
252990,샘씨엔에스,KOSDAQ,KOSDAQ,3960,145192,577399445,198609230160,50153846,2022-12-29
007540,샘표,KOSPI,KOSPI,47400,13710,656681550,136312920000,2875800,2022-12-29
248170,샘표식품,KOSPI,KOSPI,34750,9333,326721350,158747938500,4568286,2022-12-29
378800,샤페론,KOSDAQ,KOSDAQ,7100,4839677,33773367630,159514145100,22466781,2022-12-29
294630,서남,KOSDAQ,KOSDAQ,2075,51124,105206695,44382507000,21389160,2022-12-29
038070,서린바이오,KOSDAQ,KOSDAQ,11650,121613,1446746450,99032875400,8500676,2022-12-29
006730,서부T&D,KOSDAQ,KOSDAQ,7740,205203,1581702690,467493716700,60399705,2022-12-29
079650,서산,KOSDAQ,KOSDAQ,1900,17405,32974790,38000000000,20000000,2022-12-29
100660,서암기계공업,KOSDAQ,KOSDAQ,5850,125748,741638380,73710000000,12600000,2022-12-29
007860,서연,KOSPI,KOSPI,6930,128582,893963660,162715318920,23479844,2022-12-29
200880,서연이화,KOSPI,KOSPI,7860,194884,1547444350,212443514820,27028437,2022-12-29
019770,서연탑메탈,KOSDAQ,KOSDAQ,3965,105356,420885450,46192250000,11650000,2022-12-29
017390,서울가스,KOSPI,KOSPI,425000,8368,3604671500,2125000000000,5000000,2022-12-29
043710,서울리거,KOSDAQ,KOSDAQ,846,136821,112954020,33160494492,39196802,2022-12-29
092190,서울바이오시스,KOSDAQ,KOSDAQ,5010,94097,478780230,191500501530,38223653,2022-12-29
046890,서울반도체,KOSDAQ GLOBAL,KOSDAQ,10100,207301,2112573500,588884540000,58305400,2022-12-29
004410,서울식품,KOSPI,KOSPI,201,1284396,258402936,75325867359,374755559,2022-12-29
004415,서울식품우,KOSPI,KOSPI,2710,765,2084680,6028395000,2224500,2022-12-29
063170,서울옥션,KOSDAQ,KOSDAQ,17650,84453,1498003750,313715812550,17774267,2022-12-29
027040,서울전자통신,KOSDAQ,KOSDAQ,599,121130,72489346,41683719353,69588847,2022-12-29
018680,서울제약,KOSDAQ,KOSDAQ,5030,2513678,13712003680,58646374570,11659319,2022-12-29
021050,서원,KOSPI,KOSPI,1175,123817,147272820,55782643250,47474590,2022-12-29
093920,서원인텍,KOSDAQ,KOSDAQ,5740,36872,211939810,106764000000,18600000,2022-12-29
189860,서전기전,KOSDAQ,KOSDAQ,5950,50912,304489080,57707741000,9698780,2022-12-29
178320,서진시스템,KOSDAQ,KOSDAQ,17500,527029,9282703000,657661235000,37580642,2022-12-29
122690,서진오토모티브,KOSDAQ,KOSDAQ,2710,29296,78669470,57021776660,21041246,2022-12-29
140070,서플러스글로벌,KOSDAQ,KOSDAQ,3490,271376,954594925,129088120000,36988000,2022-12-29
011370,서한,KOSDAQ,KOSDAQ,1130,640564,734333965,114011197450,100894865,2022-12-29
065710,서호전기,KOSDAQ,KOSDAQ,17800,6798,122629500,91670000000,5150000,2022-12-29
008490,서흥,KOSPI,KOSPI,33650,10952,366056500,389300652450,11569113,2022-12-29
035890,서희건설,KOSDAQ,KOSDAQ,1130,506718,572653660,259683556410,229808457,2022-12-29
357550,석경에이티,KOSDAQ,KOSDAQ,23400,10736,252268550,127647000000,5455000,2022-12-29
003100,선광,KOSDAQ,KOSDAQ,134100,25098,3369642400,885060000000,6600000,2022-12-29
007610,선도전기,KOSPI,KOSPI,3000,0,0,54000000000,18000000,2022-12-29
067370,선바이오,KOSDAQ,KOSDAQ,11150,1989281,25701712500,137296138250,12313555,2022-12-29
171090,선익시스템,KOSDAQ,KOSDAQ,22150,475595,10237138600,204904577650,9250771,2022-12-29
136490,선진,KOSPI,KOSPI,9300,41378,383574780,221150317200,23779604,2022-12-29
086710,선진뷰티사이언스,KOSDAQ,KOSDAQ,6730,79445,542221390,82128074400,12203280,2022-12-29
014620,성광벤드,KOSDAQ,KOSDAQ,13250,200567,2704615100,378950000000,28600000,2022-12-29
037350,성도이엔지,KOSDAQ,KOSDAQ,4460,89016,397882825,68996200000,15470000,2022-12-29
014910,성문전자,KOSPI,KOSPI,1550,131307,204466500,30204628350,19486857,2022-12-29
014915,성문전자우,KOSPI,KOSPI,8000,5491,44217730,4800000000,600000,2022-12-29
003080,성보화학,KOSPI,KOSPI,3275,17094,55232870,65565500000,20020000,2022-12-29
004980,성신양회,KOSPI,KOSPI,9540,95052,908645720,233883336420,24516073,2022-12-29
004985,성신양회우,KOSPI,KOSPI,12500,4910,61578000,9195562500,735645,2022-12-29
011300,성안,KOSPI,KOSPI,890,568408,496529890,50603495400,56857860,2022-12-29
081580,성우전자,KOSDAQ,KOSDAQ,2585,39954,103094125,40088549655,15508143,2022-12-29
045300,성우테크론,KOSDAQ,KOSDAQ,3900,37882,146397630,38108042700,9771293,2022-12-29
015750,성우하이텍,KOSDAQ,KOSDAQ,4675,803240,3767758715,374000000000,80000000,2022-12-29
365340,성일하이텍,KOSDAQ,KOSDAQ,101700,93623,9495063800,1213266660300,11929859,2022-12-29
000180,성창기업지주,KOSPI,KOSPI,1860,95074,176595655,129737976000,69751600,2022-12-29
080470,성창오토텍,KOSDAQ,KOSDAQ,6890,17439,119586310,50297000000,7300000,2022-12-29
043260,성호전자,KOSDAQ,KOSDAQ,1185,172958,204921800,63285380040,53405384,2022-12-29
148150,세경하이테크,KOSDAQ,KOSDAQ,11850,71651,851123550,139643729850,11784281,2022-12-29
002420,세기상사,KOSPI,KOSPI,7570,6879,52318260,40069130360,5293148,2022-12-29
053060,세동,KOSDAQ,KOSDAQ,1405,84157,119684845,24529904835,17459007,2022-12-29
340440,세림B&G,KOSDAQ,KOSDAQ,2090,270725,566353205,59310780760,28378364,2022-12-29
017510,세명전기,KOSDAQ,KOSDAQ,2990,57783,172339360,45585540000,15246000,2022-12-29
004360,세방,KOSPI,KOSPI,29800,434767,13264102050,575398962000,19308690,2022-12-29
004365,세방우,KOSPI,KOSPI,8120,13941,113365910,29956710000,3689250,2022-12-29
004490,세방전지,KOSPI,KOSPI,42350,55464,2372540850,592900000000,14000000,2022-12-29
011560,세보엠이씨,KOSDAQ,KOSDAQ,7600,41204,314155330,80028000000,10530000,2022-12-29
396300,세아메카닉스,KOSDAQ,KOSDAQ,4485,239946,1090808350,118805407500,26489500,2022-12-29
001430,세아베스틸지주,KOSPI,KOSPI,16300,210518,3462353000,584552539700,35862119,2022-12-29
306200,세아제강,KOSPI,KOSPI,129500,12850,1693352500,367300850000,2836300,2022-12-29
003030,세아제강지주,KOSPI,KOSPI,146500,40336,6010309000,606752750500,4141657,2022-12-29
019440,세아특수강,KOSPI,KOSPI,17150,35952,617446900,146975500000,8570000,2022-12-29
058650,세아홀딩스,KOSPI,KOSPI,108000,44,4736500,432000000000,4000000,2022-12-29
013000,세우글로벌,KOSPI,KOSPI,1640,257351,424810645,47076250840,28705031,2022-12-29
100700,세운메디칼,KOSDAQ,KOSDAQ,2920,91846,270231520,127896000000,43800000,2022-12-29
024830,세원물산,KOSDAQ,KOSDAQ,7960,208504,1697248920,66466000000,8350000,2022-12-29
091090,세원이앤씨,KOSPI,KOSPI,560,24339894,13575472004,120473946320,215132047,2022-12-29
021820,세원정공,KOSPI,KOSPI,6150,112101,697556270,61500000000,10000000,2022-12-29
067830,세이브존I&C,KOSPI,KOSPI,2500,9547,23910305,102602237500,41040895,2022-12-29
033530,세종공업,KOSPI,KOSPI,5480,35849,194888890,152458866280,27820961,2022-12-29
258830,세종메디칼,KOSDAQ,KOSDAQ,2865,1571769,4561850215,157100312475,54834315,2022-12-29
036630,세종텔레콤,KOSDAQ,KOSDAQ,649,144215,93773210,175230000000,270000000,2022-12-29
039310,세중,KOSDAQ,KOSDAQ,2580,54009,138950325,46753900860,18121667,2022-12-29
075580,세진중공업,KOSPI,KOSPI,5150,344627,1759134530,292774698400,56849456,2022-12-29
067770,세진티에스,KOSDAQ,KOSDAQ,3060,71794,223384120,25693574580,8396593,2022-12-29
053450,세코닉스,KOSDAQ,KOSDAQ,5370,98314,515116910,79437352110,14792803,2022-12-29
222810,세토피아,KOSDAQ,KOSDAQ,1055,289501,301418295,56428081315,53486333,2022-12-29
027970,세하,KOSPI,KOSPI,1125,122650,137396855,64758371625,57562997,2022-12-29
252500,세화피앤씨,KOSDAQ,KOSDAQ,1280,1056726,1366294230,53102579200,41486390,2022-12-29
347000,센코,KOSDAQ,KOSDAQ,12750,50423,636089550,105203361000,8251244,2022-12-29
308170,센트랄모텍,KOSPI,KOSPI,13000,35210,459634050,111930000000,8610000,2022-12-29
012600,센트럴인사이트,KOSPI,KOSPI,2490,0,0,45159499050,18136345,2022-12-29
331920,셀레믹스,KOSDAQ,KOSDAQ,5800,40568,234798690,47352058400,8164148,2022-12-29
049180,셀루메드,KOSDAQ,KOSDAQ,4385,297216,1317478735,181594325545,41412617,2022-12-29
299660,셀리드,KOSDAQ,KOSDAQ,11750,29501,348943400,114341506000,9731192,2022-12-29
268600,셀리버리,KOSDAQ,KOSDAQ,12000,392656,4708602500,434397372000,36199781,2022-12-29
108860,셀바스AI,KOSDAQ,KOSDAQ,6720,725173,4842406390,151268947200,22510260,2022-12-29
208370,셀바스헬스케어,KOSDAQ,KOSDAQ,2090,85743,180073045,45312378760,21680564,2022-12-29
258250,셀젠텍,KONEX,KONEX,4245,1410,5912230,19081287735,4495003,2022-12-29
068270,셀트리온,KOSPI,KOSPI,160500,432740,69698211500,22599236205000,140805210,2022-12-29
068760,셀트리온제약,KOSDAQ,KOSDAQ,66900,120278,7941097200,2522262060600,37701974,2022-12-29
091990,셀트리온헬스케어,KOSDAQ GLOBAL,KOSDAQ,58000,845251,49472982400,9178054676000,158242322,2022-12-29
068940,셀피글로벌,KOSDAQ,KOSDAQ,1335,908827,1203594680,51077896995,38260597,2022-12-29
060230,소니드,KOSDAQ,KOSDAQ,3175,372831,1197408595,67988056175,21413561,2022-12-29
290690,소룩스,KOSDAQ,KOSDAQ,6400,14905,96254830,52843795200,8256843,2022-12-29
950200,소마젠,KOSDAQ,KOSDAQ,7760,282765,2202881470,149031211280,19205053,2022-12-29
032680,소프트센,KOSDAQ,KOSDAQ,1560,716973,1132514185,59666416680,38247703,2022-12-29
032685,소프트센우,KOSDAQ,KOSDAQ,20200,358,7293300,2885711400,142857,2022-12-29
258790,소프트캠프,KOSDAQ,KOSDAQ,1670,495252,823387295,41735444280,24991284,2022-12-29
066910,손오공,KOSDAQ,KOSDAQ,1800,228356,404822945,48413089800,26896161,2022-12-29
043100,솔고바이오,KOSDAQ,KOSDAQ,468,261229,122602515,30784669344,65779208,2022-12-29
336370,솔루스첨단소재,KOSPI,KOSPI,30000,110300,3337400100,1053335850000,35111195,2022-12-29
33637K,솔루스첨단소재1우,KOSPI,KOSPI,7980,15938,126206500,67472647620,8455219,2022-12-29
33637L,솔루스첨단소재2우B,KOSPI,KOSPI,9980,4595,44857080,18855713000,1889350,2022-12-29
154040,솔루에타,KOSDAQ,KOSDAQ,2440,36052,88887360,33733527040,13825216,2022-12-29
248070,솔루엠,KOSPI,KOSPI,17400,109866,1886389050,870096587400,50005551,2022-12-29
035610,솔본,KOSDAQ,KOSDAQ,3630,117452,428938890,99265969110,27345997,2022-12-29
357780,솔브레인,KOSDAQ,KOSDAQ,217900,10132,2201540600,1694949531400,7778566,2022-12-29
036830,솔브레인홀딩스,KOSDAQ GLOBAL,KOSDAQ,23800,37880,905284200,498944532800,20964056,2022-12-29
304100,솔트룩스,KOSDAQ,KOSDAQ,14750,431677,6320644900,150723317500,10218530,2022-12-29
328380,솔트웨어,KOSDAQ,KOSDAQ,1185,82909,99399805,37795311930,31894778,2022-12-29
004430,송원산업,KOSPI,KOSPI,17200,166921,2835166900,412800000000,24000000,2022-12-29
086980,쇼박스,KOSDAQ,KOSDAQ,3675,312694,1160075705,230194650000,62638000,2022-12-29
050960,수산아이앤티,KOSDAQ,KOSDAQ,10700,15937,168843200,72235700000,6751000,2022-12-29
126720,수산인더스트리,KOSPI,KOSPI,22000,50343,1107826150,314292000000,14286000,2022-12-29
017550,수산중공업,KOSPI,KOSPI,2665,418751,1130187950,143870459395,53985163,2022-12-29
253840,수젠텍,KOSDAQ,KOSDAQ,10150,1194804,12105572280,165128411350,16268809,2022-12-29
185190,수프로,KONEX,KONEX,1120,0,0,10347260000,9238625,2022-12-29
236200,슈프리마,KOSDAQ,KOSDAQ,21650,15031,325954500,155734360450,7193273,2022-12-29
317770,슈프리마아이디,KOSDAQ,KOSDAQ,14800,6675,99186000,45199496000,3054020,2022-12-29
094840,슈프리마에이치큐,KOSDAQ,KOSDAQ,5400,24832,131797960,56547936000,10471840,2022-12-29
192440,슈피겐코리아,KOSDAQ,KOSDAQ,33100,1843,60141300,205761615300,6216363,2022-12-29
136510,스마트솔루션즈,KOSDAQ,KOSDAQ,11600,0,0,335276888000,28903180,2022-12-29
099440,스맥,KOSDAQ,KOSDAQ,1740,420160,736770850,58394107680,33559832,2022-12-29
053210,스카이라이프,KOSPI,KOSPI,8140,59511,486330330,389270803240,47821966,2022-12-29
033790,스카이문스테크놀로지,KOSDAQ,KOSDAQ,829,0,0,14190075900,17117100,2022-12-29
276040,스코넥,KOSDAQ,KOSDAQ,15250,313260,4812507350,188502566000,12360824,2022-12-29
159910,스킨앤스킨,KOSDAQ,KOSDAQ,247,7383579,1896909026,87475235003,354150749,2022-12-29
115570,스타플렉스,KOSDAQ,KOSDAQ,4990,39026,197494585,39842694920,7984508,2022-12-29
330730,스톤브릿지벤처스,KOSDAQ,KOSDAQ,4515,28152,126888110,81522072450,18055830,2022-12-29
253450,스튜디오드래곤,KOSDAQ,KOSDAQ,86000,172290,14973876800,2585030828000,30058498,2022-12-29
204630,스튜디오산타클로스,KOSDAQ,KOSDAQ,1680,1297128,2223745230,18228517440,10850308,2022-12-29
026890,스틱인베스트먼트,KOSPI,KOSPI,5160,122548,638344310,215059383000,41678175,2022-12-29
013810,스페코,KOSDAQ,KOSDAQ,4580,115895,529399550,67122052600,14655470,2022-12-29
049830,승일,KOSDAQ,KOSDAQ,11850,77918,941437650,72665527200,6132112,2022-12-29
020710,시공테크,KOSDAQ,KOSDAQ,4200,44753,188911235,84201474000,20047970,2022-12-29
033170,시그네틱스,KOSDAQ,KOSDAQ,1030,767502,788613305,88300168570,85728319,2022-12-29
048870,시너지이노베이션,KOSDAQ,KOSDAQ,2790,579998,1627978600,230756279760,82708344,2022-12-29
025320,시노펙스,KOSDAQ,KOSDAQ,2495,445120,1120944955,188142722975,75407905,2022-12-29
134790,시디즈,KOSPI,KOSPI,39250,4690,184963050,78500000000,2000000,2022-12-29
269620,시스웍,KOSDAQ,KOSDAQ,889,0,0,96529874504,108582536,2022-12-29
131090,시큐브,KOSDAQ,KOSDAQ,1020,80704,83818695,44880000000,44000000,2022-12-29
232830,시큐센,KONEX,KONEX,4085,8475,34314680,38844395720,9509032,2022-12-29
139050,시티랩스,KOSDAQ,KOSDAQ,607,223928,134279998,64401805889,106098527,2022-12-29
016590,신대양제지,KOSPI,KOSPI,86000,3610,308038700,346561252000,4029782,2022-12-29
290520,신도기연,KOSDAQ,KOSDAQ,5090,102254,519671470,81080452580,15929362,2022-12-29
029530,신도리코,KOSPI,KOSPI,32350,12884,414302250,326088938150,10080029,2022-12-29
004970,신라교역,KOSPI,KOSPI,11300,10846,122677200,180800000000,16000000,2022-12-29
001000,신라섬유,KOSDAQ,KOSDAQ,1945,318807,635352225,47219815300,24277540,2022-12-29
025870,신라에스지,KOSDAQ,KOSDAQ,9700,117056,1168746620,38800000000,4000000,2022-12-29
215600,신라젠,KOSDAQ,KOSDAQ,6970,919534,6441081240,716983861250,102867125,2022-12-29
065350,신성델타테크,KOSDAQ,KOSDAQ,7800,63466,496336730,214374794400,27483948,2022-12-29
011930,신성이엔지,KOSPI,KOSPI,1555,955010,1490106085,320093874805,205848151,2022-12-29
005390,신성통상,KOSPI,KOSPI,2235,95496,210683190,321188251650,143708390,2022-12-29
004170,신세계,KOSPI,KOSPI,220000,98154,21897843500,2165939820000,9845181,2022-12-29
035510,신세계 I&C,KOSPI,KOSPI,13750,128941,1798110900,236500000000,17200000,2022-12-29
034300,신세계건설,KOSPI,KOSPI,16550,9436,156694300,66200000000,4000000,2022-12-29
031430,신세계인터내셔날,KOSPI,KOSPI,24750,128881,3240587900,883575000000,35700000,2022-12-29
031440,신세계푸드,KOSPI,KOSPI,48050,4978,239258400,186072664000,3872480,2022-12-29
006880,신송홀딩스,KOSPI,KOSPI,5990,106301,639350360,70854859420,11828858,2022-12-29
162300,신스틸,KOSDAQ,KOSDAQ,8730,15957567,125293394760,351778388040,40295348,2022-12-29
002800,신신제약,KOSDAQ,KOSDAQ,5580,32188,177163980,84651390000,15170500,2022-12-29
344050,신영스팩6호,KOSDAQ,KOSDAQ,3355,5173781,19847313020,14443275000,4305000,2022-12-29
419270,신영스팩7호,KOSDAQ,KOSDAQ,2050,1080,2203435,8825250000,4305000,2022-12-29
430220,신영스팩8호,KOSDAQ,KOSDAQ,2025,929,1879170,13689000000,6760000,2022-12-29
445970,신영스팩9호,KOSDAQ,KOSDAQ,2020,36978,74359080,10827200000,5360000,2022-12-29
005800,신영와코루,KOSPI,KOSPI,11150,3502,37545400,100350000000,9000000,2022-12-29
001720,신영증권,KOSPI,KOSPI,57100,2112,120264800,535954132700,9386237,2022-12-29
001725,신영증권우,KOSPI,KOSPI,57500,128,7298300,405591372500,7053763,2022-12-29
009270,신원,KOSPI,KOSPI,1545,933833,1455068660,158495920020,102586356,2022-12-29
017000,신원종합개발,KOSDAQ,KOSDAQ,4340,176196,769716695,50639237180,11668027,2022-12-29
002700,신일전자,KOSPI,KOSPI,1860,319554,591670425,132148389060,71047521,2022-12-29
012790,신일제약,KOSDAQ,KOSDAQ,8500,71345,599426040,98102444000,11541464,2022-12-29
138070,신진에스엠,KOSDAQ,KOSDAQ,2655,120541,318946790,46471006620,17503204,2022-12-29
226330,신테카바이오,KOSDAQ,KOSDAQ,8580,47890,410206630,115982003280,13517716,2022-12-29
002870,신풍,KOSPI,KOSPI,1150,145092,166653280,40202505000,34958700,2022-12-29
019170,신풍제약,KOSPI,KOSPI,21150,266178,5532756550,1120632538500,52984990,2022-12-29
019175,신풍제약우,KOSPI,KOSPI,41550,3355,139325200,91410000000,2200000,2022-12-29
404990,신한서부티엔디리츠,KOSPI,KOSPI,3645,25853,94452945,203959197180,55955884,2022-12-29
293940,신한알파리츠,KOSPI,KOSPI,6570,26093,172209730,485063908110,73830123,2022-12-29
418210,신한제10호스팩,KOSDAQ,KOSDAQ,2025,6680,13594465,7411500000,3660000,2022-12-29
366330,신한제7호스팩,KOSDAQ,KOSDAQ,2035,3366,6838105,9259250000,4550000,2022-12-29
393360,신한제8호스팩,KOSDAQ,KOSDAQ,2025,20115,40442085,14883750000,7350000,2022-12-29
405640,신한제9호스팩,KOSDAQ,KOSDAQ,2030,14177,28778235,9206050000,4535000,2022-12-29
055550,신한지주,KOSPI,KOSPI,35200,1032343,36599415200,17909227388800,508784869,2022-12-29
056700,신화인터텍,KOSDAQ,KOSDAQ,3365,854420,2886206045,98039581215,29135091,2022-12-29
187270,신화콘텍,KOSDAQ,KOSDAQ,4140,55563,232584400,41995518300,10143845,2022-12-29
004080,신흥,KOSPI,KOSPI,14800,1403,20688800,140600000000,9500000,2022-12-29
243840,신흥에스이씨,KOSDAQ,KOSDAQ,41300,26206,1075613100,320621357700,7763229,2022-12-29
257720,실리콘투,KOSDAQ,KOSDAQ,2455,2895763,7172177320,147735109470,60177234,2022-12-29
222800,심텍,KOSDAQ,KOSDAQ,26450,336808,8925290200,842542082350,31854143,2022-12-29
036710,심텍홀딩스,KOSDAQ,KOSDAQ,2840,134521,385493385,137314411800,48350145,2022-12-29
160980,싸이맥스,KOSDAQ,KOSDAQ,11600,18081,205316750,126721218800,10924243,2022-12-29
356890,싸이버원,KOSDAQ,KOSDAQ,8550,41126,354868280,40610191500,4749730,2022-12-29
217330,싸이토젠,KOSDAQ,KOSDAQ,16200,6164,99267350,289471125600,17868588,2022-12-29
102280,쌍방울,KOSPI,KOSPI,317,1971433,631010993,83241704893,262592129,2022-12-29
003410,쌍용C&E,KOSPI,KOSPI,5760,439291,2523536120,2902231267200,503859595,2022-12-29
010280,쌍용정보통신,KOSDAQ,KOSDAQ,789,209663,165454658,50467622826,63964034,2022-12-29
003620,쌍용차,KOSPI,KOSPI,8760,0,0,1462534770240,166956024,2022-12-29
004770,써니전자,KOSPI,KOSPI,2595,277458,711992925,90422803545,34845011,2022-12-29
217320,썬테크,KONEX,KONEX,4155,3,14975,4362750000,1050000,2022-12-29
208640,썸에이지,KOSDAQ,KOSDAQ,610,5601986,3637939873,84936554940,139240254,2022-12-29
222420,쎄노텍,KOSDAQ,KOSDAQ,1685,1005257,1722659890,73365616125,43540425,2022-12-29
037760,쎄니트,KOSDAQ,KOSDAQ,1610,80626,130516520,54471002810,33832921,2022-12-29
099320,쎄트렉아이,KOSDAQ,KOSDAQ,30000,31909,961009300,272568210000,9085607,2022-12-29
015540,쎌마테라퓨틱스,KOSPI,KOSPI,6410,0,0,203176385440,31696784,2022-12-29
049960,쎌바이오텍,KOSDAQ,KOSDAQ,12700,7882,99029500,119380000000,9400000,2022-12-29
403550,쏘카,KOSPI,KOSPI,21750,164783,3560317400,711782931000,32725652,2022-12-29
050890,쏠리드,KOSDAQ,KOSDAQ,5800,626555,3655688920,355085512000,61221640,2022-12-29
066790,씨씨에스,KOSDAQ,KOSDAQ,517,252409,131619442,28964953952,56025056,2022-12-29
222080,씨아이에스,KOSDAQ,KOSDAQ,9000,1390563,12673247650,556621308000,61846812,2022-12-29
004920,씨아이테크,KOSPI,KOSPI,876,593903,507374383,38202415188,43610063,2022-12-29
236030,씨알푸드,KONEX,KONEX,6820,1,6820,13503600000,1980000,2022-12-29
103660,씨앗,KONEX,KONEX,5950,0,0,35803952450,6017471,2022-12-29
352480,씨앤씨인터내셔널,KOSDAQ,KOSDAQ,30400,28973,875261900,304423806400,10013941,2022-12-29
245450,씨앤에스링크,KONEX,KONEX,1980,1,1980,3128320800,1579960,2022-12-29
264660,씨앤지하이테크,KOSDAQ,KOSDAQ,11750,3843,45415950,100539368500,8556542,2022-12-29
352700,씨앤투스,KOSDAQ,KOSDAQ,4400,109218,477158430,124418355600,28276899,2022-12-29
297090,씨에스베어링,KOSDAQ,KOSDAQ,8100,202459,1647925600,218700000000,27000000,2022-12-29
112610,씨에스윈드,KOSPI,KOSPI,68800,210249,14539761000,2901392526400,42171403,2022-12-29
359090,씨엔알리서치,KOSDAQ,KOSDAQ,1140,66280,75844705,61891793580,54291047,2022-12-29
286000,씨엔티드림,KONEX,KONEX,3970,122,446445,18815505340,4739422,2022-12-29
115530,씨엔플러스,KOSDAQ,KOSDAQ,500,98853,50522123,33981500000,67963000,2022-12-29
115480,씨유메디칼,KOSDAQ,KOSDAQ,1305,573599,751489480,59670126675,45724235,2022-12-29
376290,씨유테크,KOSDAQ,KOSDAQ,4080,16386,67130895,72042600000,17657500,2022-12-29
189330,씨이랩,KOSDAQ,KOSDAQ,13400,114694,1600725350,80765605600,6027284,2022-12-29
096530,씨젠,KOSDAQ,KOSDAQ,27200,517252,13962568650,1420547036800,52225994,2022-12-29
900120,씨케이에이치,KOSDAQ,KOSDAQ,220,1217963,272856704,35398087560,160900398,2022-12-29
101240,씨큐브,KOSDAQ,KOSDAQ,6770,36127,244413160,68635505680,10138184,2022-12-29
060590,씨티씨바이오,KOSDAQ,KOSDAQ,6300,57423,362688090,152340426000,24181020,2022-12-29
260930,씨티케이,KOSDAQ,KOSDAQ,5390,66635,365524290,104251175490,19341591,2022-12-29
013990,아가방컴퍼니,KOSDAQ,KOSDAQ,3410,515820,1772218855,112146497760,32887536,2022-12-29
123860,아나패스,KOSDAQ,KOSDAQ,24200,84771,2055086950,283407579400,11711057,2022-12-29
025980,아난티,KOSDAQ,KOSDAQ,6680,533751,3521096860,577345058680,86428901,2022-12-29
008700,아남전자,KOSPI,KOSPI,1670,284381,476832730,128798449400,77124820,2022-12-29
058220,아리온,KOSDAQ,KOSDAQ,275,0,0,10717917100,38974244,2022-12-29
125210,아모그린텍,KOSDAQ,KOSDAQ,11800,207101,2450599000,194662122000,16496790,2022-12-29
002790,아모레G,KOSPI,KOSPI,34900,367234,12866385800,2877790482000,82458180,2022-12-29
00279K,아모레G3우(전환),KOSPI,KOSPI,28000,737,20642100,198581600000,7092200,2022-12-29
002795,아모레G우,KOSPI,KOSPI,13800,6373,86829400,88924026000,6443770,2022-12-29
090430,아모레퍼시픽,KOSPI,KOSPI,137500,232848,32003637000,8042754362500,58492759,2022-12-29
090435,아모레퍼시픽우,KOSPI,KOSPI,48300,10477,502662200,509943189000,10557830,2022-12-29
357580,아모센스,KOSDAQ,KOSDAQ,12200,38976,480059300,136640927200,11200076,2022-12-29
052710,아모텍,KOSDAQ,KOSDAQ,24200,39867,969258700,235790425200,9743406,2022-12-29
074430,아미노로직스,KOSDAQ,KOSDAQ,1830,294514,534393365,160723124520,87826844,2022-12-29
092040,아미코젠,KOSDAQ,KOSDAQ,19400,78210,1520785200,383241335200,19754708,2022-12-29
083930,아바코,KOSDAQ,KOSDAQ,12800,102418,1311751250,197283814400,15412798,2022-12-29
149950,아바텍,KOSDAQ,KOSDAQ,15000,14420,221913500,234112500000,15607500,2022-12-29
036010,아비코전자,KOSDAQ,KOSDAQ,10100,164957,1651551280,134258633400,13292934,2022-12-29
002030,아세아,KOSPI,KOSPI,131500,2126,280111000,288119656000,2191024,2022-12-29
183190,아세아시멘트,KOSPI,KOSPI,9260,59938,556413330,360751913400,38958090,2022-12-29
002310,아세아제지,KOSPI,KOSPI,39400,20007,786583900,352886178800,8956502,2022-12-29
050860,아세아텍,KOSDAQ,KOSDAQ,2505,139771,350588100,56362500000,22500000,2022-12-29
012170,아센디오,KOSPI,KOSPI,829,93363,76700065,70125796412,84590828,2022-12-29
136410,아셈스,KOSDAQ,KOSDAQ,9850,84999,841157230,108538194100,11019106,2022-12-29
246720,아스타,KOSDAQ,KOSDAQ,3940,14148,56076080,50841858500,12904025,2022-12-29
067390,아스트,KOSDAQ,KOSDAQ,3995,77768,310895725,104992571030,26280994,2022-12-29
159010,아스플로,KOSDAQ,KOSDAQ,9590,86786,836066170,127880147010,13334739,2022-12-29
127710,아시아경제,KOSDAQ,KOSDAQ,1660,77612,128476215,57940776120,34904082,2022-12-29
267850,아시아나IDT,KOSPI,KOSPI,15900,206897,3446132000,176490000000,11100000,2022-12-29
020560,아시아나항공,KOSPI,KOSPI,14000,508678,7184066400,1041764696000,74411764,2022-12-29
154030,아시아종묘,KOSDAQ,KOSDAQ,3245,22218,71956065,36087122555,11120839,2022-12-29
227610,아우딘퓨쳐스,KOSDAQ,KOSDAQ,4510,813759,3592854115,106781547180,23676618,2022-12-29
143160,아이디스,KOSDAQ,KOSDAQ,22150,8116,176943350,237368038500,10716390,2022-12-29
054800,아이디스홀딩스,KOSDAQ,KOSDAQ,12600,2604,32346350,130381725600,10347756,2022-12-29
332370,아이디피,KOSDAQ,KOSDAQ,4540,107450,489738250,60262716040,13273726,2022-12-29
122900,아이마켓코리아,KOSPI,KOSPI,10100,54262,551188900,337631284000,33428840,2022-12-29
339950,아이비김영,KOSDAQ,KOSDAQ,1915,167736,327858905,86072844325,44946655,2022-12-29
099190,아이센스,KOSDAQ,KOSDAQ,32900,17243,564583200,452497980200,13753738,2022-12-29
289010,아이스크림에듀,KOSDAQ,KOSDAQ,4010,65294,261839590,51584788370,12864037,2022-12-29
214430,아이쓰리시스템,KOSDAQ,KOSDAQ,18550,15688,290255350,131830398000,7106760,2022-12-29
040910,아이씨디,KOSDAQ,KOSDAQ,8870,8797,77934020,160240213310,18065413,2022-12-29
368600,아이씨에이치,KOSDAQ,KOSDAQ,6830,68440,467246050,116070829950,16994265,2022-12-29
052860,아이앤씨,KOSDAQ,KOSDAQ,2495,27723,68881675,44567820730,17862854,2022-12-29
010780,아이에스동서,KOSPI,KOSPI,28200,140473,3984858900,871171489200,30892606,2022-12-29
069920,아이에스이커머스,KOSDAQ,KOSDAQ,7790,108636,845170660,201187359980,25826362,2022-12-29
038880,아이에이,KOSDAQ,KOSDAQ,607,1226999,758535321,178924874050,294769150,2022-12-29
307180,아이엘사이언스,KOSDAQ,KOSDAQ,2810,15915,44561715,66183873800,23552980,2022-12-29
101390,아이엠,KOSDAQ,KOSDAQ,5050,5658,28486785,40922523500,8103470,2022-12-29
447690,아이오바이오,KONEX,KONEX,8700,3,26100,22307382900,2564067,2022-12-29
078860,아이오케이,KOSDAQ,KOSDAQ,408,447534,184635134,39219600576,96126472,2022-12-29
090150,아이윈,KOSDAQ,KOSDAQ,1260,375045,458611340,52146768240,41386324,2022-12-29
123010,아이윈플러스,KOSDAQ,KOSDAQ,2240,3075365,6637896105,70457712640,31454336,2022-12-29
031310,아이즈비전,KOSDAQ,KOSDAQ,2680,707423,1964068625,44058926640,16439898,2022-12-29
185490,아이진,KOSDAQ,KOSDAQ,5030,105256,523089660,108036050200,21478340,2022-12-29
059100,아이컴포넌트,KOSDAQ,KOSDAQ,6700,22419,149095080,47374762000,7070860,2022-12-29
149010,아이케이세미콘,KONEX,KONEX,7780,27,211440,24273600000,3120000,2022-12-29
262840,아이퀘스트,KOSDAQ,KOSDAQ,6610,26756,179237120,65174600000,9860000,2022-12-29
175250,아이큐어,KOSDAQ,KOSDAQ,2555,325181,838894485,80043824385,31328307,2022-12-29
052460,아이크래프트,KOSDAQ,KOSDAQ,2375,24767,59010710,34693848000,14607936,2022-12-29
119830,아이텍,KOSDAQ,KOSDAQ,6680,58972,392083930,134092690080,20073756,2022-12-29
052770,아이톡시,KOSDAQ,KOSDAQ,2085,0,0,42604750305,20433933,2022-12-29
124500,아이티센,KOSDAQ,KOSDAQ,3590,132225,473936750,71467325470,19907333,2022-12-29
372800,아이티아이즈,KOSDAQ,KOSDAQ,7450,46086,346151280,44528575500,5976990,2022-12-29
084850,아이티엠반도체,KOSDAQ GLOBAL,KOSDAQ,26200,22729,602141550,594161870800,22677934,2022-12-29
114840,아이패밀리에스씨,KOSDAQ,KOSDAQ,12450,166966,2084597350,105844272600,8501548,2022-12-29
027360,아주IB투자,KOSDAQ,KOSDAQ,2215,389457,876048810,267622847540,120822956,2022-12-29
139990,아주스틸,KOSPI,KOSPI,9290,21292,198648680,245740835810,26452189,2022-12-29
032080,아즈텍WB,KOSDAQ,KOSDAQ,1850,203895,378014635,39758403650,21491029,2022-12-29
013310,아진산업,KOSDAQ,KOSDAQ,2360,287818,692460840,91583533520,38806582,2022-12-29
059120,아진엑스텍,KOSDAQ,KOSDAQ,7790,37213,291834790,75941562840,9748596,2022-12-29
158430,아톤,KOSDAQ,KOSDAQ,21600,29319,642759450,94037263200,4353577,2022-12-29
149300,아퓨어스,KONEX,KONEX,1075,2887,2926660,39073709775,36347637,2022-12-29
067160,아프리카TV,KOSDAQ,KOSDAQ,71100,137778,9894407700,817277933700,11494767,2022-12-29
102950,아하,KONEX,KONEX,4040,5867,23434705,51517688120,12751903,2022-12-29
001540,안국약품,KOSDAQ,KOSDAQ,9190,45039,418524770,119859839800,13042420,2022-12-29
053800,안랩,KOSDAQ,KOSDAQ,66700,88346,5920474500,667924128500,10013855,2022-12-29
251280,안지오랩,KONEX,KONEX,8620,3141,25260600,23855453480,2767454,2022-12-29
065660,안트로젠,KOSDAQ,KOSDAQ,14700,16735,247213550,143051183100,9731373,2022-12-29
297570,알로이스,KOSDAQ,KOSDAQ,1480,302180,449189050,51239402640,34621218,2022-12-29
001780,알루코,KOSPI,KOSPI,2585,759634,1982441080,232570981720,89969432,2022-12-29
260660,알리코제약,KOSDAQ,KOSDAQ,6550,44314,288640190,100391987550,15327021,2022-12-29
361570,알비더블유,KOSDAQ,KOSDAQ,13100,43249,572630600,125998328300,9618193,2022-12-29
131370,알서포트,KOSDAQ,KOSDAQ,4230,477512,2062659975,225319761090,53267083,2022-12-29
140670,알에스오토메이션,KOSDAQ,KOSDAQ,11800,42151,492931300,109777052000,9303140,2022-12-29
096610,알에프세미,KOSDAQ,KOSDAQ,2310,42165,98302610,25118505720,10873812,2022-12-29
061040,알에프텍,KOSDAQ,KOSDAQ,5370,273841,1473523820,172319320830,32089259,2022-12-29
148250,알엔투테크놀로지,KOSDAQ,KOSDAQ,9530,41682,399170630,72871040170,7646489,2022-12-29
347860,알체라,KOSDAQ,KOSDAQ,6590,216889,1438466500,141956059880,21541132,2022-12-29
196170,알테오젠,KOSDAQ GLOBAL,KOSDAQ,38250,455707,17405636300,1970587215000,51518620,2022-12-29
123750,알톤스포츠,KOSDAQ,KOSDAQ,3905,721615,2869873060,49774289785,12746297,2022-12-29
085810,알티캐스트,KOSDAQ,KOSDAQ,1760,153345,265632190,52246953440,29685769,2022-12-29
117670,알파홀딩스,KOSDAQ,KOSDAQ,1170,84127,98917785,32663632950,27917635,2022-12-29
314140,알피바이오,KOSDAQ,KOSDAQ,12550,143310,1828512500,102515390350,8168557,2022-12-29
291650,압타머사이언스,KOSDAQ,KOSDAQ,8750,165812,1490061040,74288602500,8490126,2022-12-29
293780,압타바이오,KOSDAQ,KOSDAQ,10650,185745,2011946450,237482922900,22298866,2022-12-29
267810,앙츠,KONEX,KONEX,880,12,10975,1572560000,1787000,2022-12-29
018250,애경산업,KOSPI,KOSPI,20900,134021,2776171200,551967641500,26409935,2022-12-29
161000,애경케미칼,KOSPI,KOSPI,8870,287740,2556819620,431514048830,48648709,2022-12-29
390110,애니메디솔루션,KONEX,KONEX,9890,2,19780,88770632330,8975797,2022-12-29
196300,애니젠,KOSDAQ,KOSDAQ,7410,15489,114728440,41514939960,5602556,2022-12-29
310200,애니플러스,KOSDAQ,KOSDAQ,4740,1179559,5543099635,192473132040,40606146,2022-12-29
179530,애드바이오텍,KOSDAQ,KOSDAQ,3360,35395,118220105,30711891840,9140444,2022-12-29
900100,애머릿지,KOSDAQ,KOSDAQ,1525,164113,250495295,51347565875,33670535,2022-12-29
205500,액션스퀘어,KOSDAQ,KOSDAQ,3185,565733,1854080060,146599008010,46027946,2022-12-29
052790,액토즈소프트,KOSDAQ,KOSDAQ,7790,357594,2930230350,88265670020,11330638,2022-12-29
290740,액트로,KOSDAQ,KOSDAQ,5990,29894,180734640,60289415890,10065011,2022-12-29
238090,앤디포스,KOSDAQ,KOSDAQ,4880,88154,432259950,117018998640,23979303,2022-12-29
092600,앤씨앤,KOSDAQ,KOSDAQ,1520,51109,77444980,38126945840,25083517,2022-12-29
129890,앱코,KOSDAQ,KOSDAQ,6030,41309,253591840,61075952460,10128682,2022-12-29
174900,앱클론,KOSDAQ,KOSDAQ,12800,63730,824247550,196071283200,15318069,2022-12-29
255440,야스,KOSDAQ,KOSDAQ,7840,15731,124415560,102374720000,13058000,2022-12-29
030960,양지사,KOSDAQ,KOSDAQ,31900,412799,14296606350,509762000000,15980000,2022-12-29
073570,어반리튬,KOSDAQ,KOSDAQ,14750,1451106,22163756850,408052245250,27664559,2022-12-29
102120,어보브반도체,KOSDAQ,KOSDAQ,8100,158661,1287033640,144024099300,17780753,2022-12-29
263540,어스앤에어로스페이스,KOSDAQ,KOSDAQ,10900,0,0,84297842300,7733747,2022-12-29
238120,얼라인드,KOSDAQ,KOSDAQ,7530,12861,96250520,54136543440,7189448,2022-12-29
224810,엄지하우스,KONEX,KONEX,4200,37,155465,17640000000,4200000,2022-12-29
019990,에너토크,KOSDAQ,KOSDAQ,9950,1732940,17625488370,97073075600,9756088,2022-12-29
011090,에넥스,KOSPI,KOSPI,768,218047,170495537,46073580288,59991641,2022-12-29
270660,에브리봇,KOSDAQ,KOSDAQ,14750,83993,1233330650,179822294500,12191342,2022-12-29
038680,에스넷,KOSDAQ,KOSDAQ,4715,25767,122487475,80079192230,16983922,2022-12-29
137310,에스디바이오센서,KOSPI,KOSPI,30150,412897,12343764050,3139141207950,104117453,2022-12-29
217480,에스디생명공학,KOSDAQ,KOSDAQ,1270,436047,557513620,53045774020,41768326,2022-12-29
121890,에스디시스템,KOSDAQ,KOSDAQ,739,0,0,9375042680,12686120,2022-12-29
097780,에스맥,KOSDAQ,KOSDAQ,1380,66593,91899335,78251589000,56704050,2022-12-29
389500,에스비비테크,KOSDAQ,KOSDAQ,17200,48003,829770450,106208348800,6174904,2022-12-29
042110,에스씨디,KOSDAQ,KOSDAQ,1835,207932,382941825,88684749940,48329564,2022-12-29
298060,에스씨엠생명과학,KOSDAQ,KOSDAQ,14450,1492849,22508273400,175142236500,12120570,2022-12-29
065420,에스아이리소스,KOSDAQ,KOSDAQ,414,824531,347753679,28183541004,68076186,2022-12-29
270210,에스알바이오텍,KONEX,KONEX,5560,91,377260,6909439800,1242705,2022-12-29
103230,에스앤더블류,KOSDAQ,KOSDAQ,2505,0,0,18036000000,7200000,2022-12-29
260970,에스앤디,KOSDAQ,KOSDAQ,15800,11719,184518300,64138836000,4059420,2022-12-29
101490,에스앤에스텍,KOSDAQ,KOSDAQ,26350,262676,6945174500,565245628450,21451447,2022-12-29
095910,에스에너지,KOSDAQ,KOSDAQ,3040,111476,341283210,59293689120,19504503,2022-12-29
275630,에스에스알,KOSDAQ,KOSDAQ,5960,123898,743763380,35867214440,6017989,2022-12-29
031330,에스에이엠티,KOSDAQ,KOSDAQ,2690,416690,1126071695,268986730230,99995067,2022-12-29
060540,에스에이티,KOSDAQ,KOSDAQ,2060,434204,902656160,53834610360,26133306,2022-12-29
351320,에스에이티이엔지,KOSDAQ,KOSDAQ,2760,141103,389029115,60763845360,22015886,2022-12-29
056190,에스에프에이,KOSDAQ GLOBAL,KOSDAQ,36400,89867,3260911400,1307078864000,35908760,2022-12-29
080000,에스엔유,KOSDAQ,KOSDAQ,2910,538250,1578525965,99879551700,34322870,2022-12-29
086460,에스엔피제네틱스,KONEX,KONEX,8700,1,8700,19444795800,2235034,2022-12-29
005850,에스엘,KOSPI,KOSPI,22950,133051,3056329900,1065993534000,46448520,2022-12-29
214310,에스엘바이오닉스,KOSDAQ,KOSDAQ,306,0,0,20322728370,66414145,2022-12-29
246250,에스엘에스바이오,KONEX,KONEX,4975,20375,103868565,34156374925,6865603,2022-12-29
258540,에스엘테라퓨틱스,KONEX,KONEX,3480,397,1362770,36115854120,10378119,2022-12-29
041510,에스엠,KOSDAQ,KOSDAQ,76700,492722,37423296700,1825805226700,23804501,2022-12-29
010580,에스엠벡셀,KOSPI,KOSPI,1745,98703,168683435,194134321200,111251760,2022-12-29
299670,에스엠비나,KONEX,KONEX,2040,0,0,11118000000,5450000,2022-12-29
007820,에스엠코어,KOSDAQ,KOSDAQ,5700,75831,434308830,114193492200,20033946,2022-12-29
109610,에스와이,KOSDAQ,KOSDAQ,3920,917974,3588482375,191717008000,48907400,2022-12-29
012750,에스원,KOSPI,KOSPI,59300,49292,2930823300,2253351255400,37999178,2022-12-29
306040,에스제이그룹,KOSDAQ,KOSDAQ,16400,44630,722242800,161799579200,9865828,2022-12-29
217910,에스제이켐,KONEX,KONEX,357,2,714,4637616354,12990522,2022-12-29
224020,에스케이씨에스,KONEX,KONEX,3605,107,390900,12435757530,3449586,2022-12-29
408920,에스케이증권7호스팩,KOSDAQ,KOSDAQ,3995,1888043,7299609730,14461900000,3620000,2022-12-29
435870,에스케이증권제8호스팩,KOSDAQ,KOSDAQ,2070,3776,7797625,7700400000,3720000,2022-12-29
096630,에스코넥,KOSDAQ,KOSDAQ,943,208554,195926181,62502005109,66279963,2022-12-29
069510,에스텍,KOSDAQ,KOSDAQ,8240,2576,21342660,89898400000,10910000,2022-12-29
041910,에스텍파마,KOSDAQ,KOSDAQ,7090,71449,509420570,84358684670,11898263,2022-12-29
234300,에스트래픽,KOSDAQ,KOSDAQ,3825,187478,724587825,99962289900,26133932,2022-12-29
039440,에스티아이,KOSDAQ,KOSDAQ,11950,77420,922045750,189168500000,15830000,2022-12-29
098660,에스티오,KOSDAQ,KOSDAQ,2420,97606,231972600,30252361920,12500976,2022-12-29
052020,에스티큐브,KOSDAQ,KOSDAQ,14350,907400,13274915000,626425816450,43653367,2022-12-29
237690,에스티팜,KOSDAQ GLOBAL,KOSDAQ,87600,104769,9051956400,1647648690000,18808775,2022-12-29
050760,에스폴리텍,KOSDAQ,KOSDAQ,2380,91613,214810435,38876533640,16334678,2022-12-29
288620,에스퓨얼셀,KOSDAQ,KOSDAQ,20300,26922,550531350,139548614800,6874316,2022-12-29
317830,에스피시스템스,KOSDAQ,KOSDAQ,7160,59922,427434800,65736389600,9181060,2022-12-29
058610,에스피지,KOSDAQ,KOSDAQ,17200,260674,4489986550,381450592000,22177360,2022-12-29
043340,에쎈테크,KOSDAQ,KOSDAQ,875,99224,85650492,63000000000,72000000,2022-12-29
023960,에쓰씨엔지니어링,KOSPI,KOSPI,1595,76143,121576650,49842721225,31249355,2022-12-29
298690,에어부산,KOSPI,KOSPI,2725,4588690,12917720275,317844000000,116640000,2022-12-29
187660,에이디엠코리아,KOSDAQ,KOSDAQ,2060,84346,172857425,44982675000,21836250,2022-12-29
054630,에이디칩스,KOSDAQ,KOSDAQ,377,1113843,418476318,30050466797,79709461,2022-12-29
200710,에이디테크놀로지,KOSDAQ,KOSDAQ,12300,58234,711447350,164012222100,13334327,2022-12-29
096690,에이루트,KOSDAQ,KOSDAQ,417,538672,222632498,67130306316,160983948,2022-12-29
140910,에이리츠,KOSPI,KOSPI,4095,2005,8229615,18276116040,4463032,2022-12-29
078520,에이블씨엔씨,KOSPI,KOSPI,5240,45094,235611020,141655325160,27033459,2022-12-29
298380,에이비엘바이오,KOSDAQ,KOSDAQ,23000,305300,7001694000,1099128922000,47788214,2022-12-29
203400,에이비온,KOSDAQ,KOSDAQ,6730,26783,178477550,126828445010,18845237,2022-12-29
195990,에이비프로바이오,KOSDAQ,KOSDAQ,422,1402900,596558672,115497062262,273689721,2022-12-29
003800,에이스침대,KOSDAQ,KOSDAQ,35900,21318,758547300,398131000000,11090000,2022-12-29
088800,에이스테크,KOSDAQ,KOSDAQ,6690,540081,3652091740,300555428370,44926073,2022-12-29
241840,에이스토리,KOSDAQ,KOSDAQ,25350,108896,2814132300,241838847900,9539994,2022-12-29
311960,에이아이더뉴트리진,KONEX,KONEX,19000,3659,77744700,58190616000,3062664,2022-12-29
312610,에이에프더블류,KOSDAQ,KOSDAQ,3180,68260,219355670,64416903840,20256888,2022-12-29
015260,에이엔피,KOSPI,KOSPI,1610,122778,193379135,65335656330,40581153,2022-12-29
234070,에이원알폼,KONEX,KONEX,3885,0,0,26956002570,6938482,2022-12-29
072990,에이치시티,KOSDAQ,KOSDAQ,7990,14723,117782140,56501428820,7071518,2022-12-29
227100,에이치앤비디자인,KOSDAQ,KOSDAQ,3760,60374,230640075,41408586720,11012922,2022-12-29
044990,에이치엔에스하이텍,KONEX,KONEX,12150,0,0,91259427600,7511064,2022-12-29
239610,에이치엘사이언스,KOSDAQ,KOSDAQ,18600,20891,394729100,100293339000,5392115,2022-12-29
353070,에이치엠씨제4호스팩,KOSDAQ,KOSDAQ,2015,175,350975,8684650000,4310000,2022-12-29
353060,에이치엠씨제5호스팩,KOSDAQ,KOSDAQ,2015,1,2015,10306725000,5115000,2022-12-29
148930,에이치와이티씨,KOSDAQ,KOSDAQ,9110,55291,509019900,91967390430,10095213,2022-12-29
044780,에이치케이,KOSDAQ,KOSDAQ,1945,63892,124933690,35993755715,18505787,2022-12-29
357230,에이치피오,KOSDAQ,KOSDAQ,7190,51450,371602910,143355370400,19938160,2022-12-29
071670,에이테크솔루션,KOSDAQ,KOSDAQ,8090,19062,154145030,80900000000,10000000,2022-12-29
045660,에이텍,KOSDAQ,KOSDAQ,8600,21152,182097350,71036000000,8260000,2022-12-29
224110,에이텍티앤,KOSDAQ,KOSDAQ,9610,82823,793368270,51317400000,5340000,2022-12-29
230980,에이트원,KOSDAQ,KOSDAQ,655,666254,448956925,48742361445,74415819,2022-12-29
021080,에이티넘인베스트,KOSDAQ,KOSDAQ,2620,368220,973981050,125760000000,48000000,2022-12-29
089530,에이티세미콘,KOSDAQ,KOSDAQ,1000,482505,483222556,72278403000,72278403,2022-12-29
200470,에이팩트,KOSDAQ,KOSDAQ,2475,80595,200602590,104846180175,42362093,2022-12-29
207490,에이펙스인텍,KONEX,KONEX,6800,0,0,24480000000,3600000,2022-12-29
262260,에이프로,KOSDAQ,KOSDAQ,10800,241292,2547695150,155958944400,14440643,2022-12-29
007460,에이프로젠,KOSPI,KOSPI,572,0,0,435295756324,761006567,2022-12-29
109960,에이프로젠 H&G,KOSDAQ,KOSDAQ,375,190814,70612290,67010706375,178695217,2022-12-29
003060,에이프로젠제약,KOSPI,KOSPI,503,1758529,867932138,200483668646,398575882,2022-12-29
397030,에이프릴바이오,KOSDAQ,KOSDAQ,17550,77958,1365248900,185345988750,10561025,2022-12-29
244920,에이플러스에셋,KOSPI,KOSPI,4840,70143,341994905,109421234120,22607693,2022-12-29
089970,에이피티씨,KOSDAQ,KOSDAQ,10600,100497,1062937600,254194307000,23980595,2022-12-29
230240,에치에프알,KOSDAQ,KOSDAQ,37000,268598,10002786000,499093962000,13489026,2022-12-29
230360,에코마케팅,KOSDAQ GLOBAL,KOSDAQ,14450,47989,693611100,467718019050,32368029,2022-12-29
038870,에코바이오,KOSDAQ,KOSDAQ,4640,31198,146286065,54770963680,11804087,2022-12-29
128540,에코캡,KOSDAQ,KOSDAQ,3850,158653,622076935,102758271000,26690460,2022-12-29
086520,에코프로,KOSDAQ,KOSDAQ,103000,447607,46652755400,2596628146000,25209982,2022-12-29
247540,에코프로비엠,KOSDAQ GLOBAL,KOSDAQ,92100,543767,50054151800,9007503782400,97801344,2022-12-29
383310,에코프로에이치엔,KOSDAQ,KOSDAQ,45350,269742,12354710400,694078666200,15304932,2022-12-29
038110,에코플라스틱,KOSDAQ,KOSDAQ,2635,491470,1309069170,90036289950,34169370,2022-12-29
073540,에프알텍,KOSDAQ,KOSDAQ,2860,28315,81516375,32604000000,11400000,2022-12-29
064850,에프앤가이드,KOSDAQ,KOSDAQ,6400,56453,367623200,77312000000,12080000,2022-12-29
064090,에프앤리퍼블릭,KOSDAQ,KOSDAQ,1815,6976484,14915033505,24641763135,13576729,2022-12-29
036810,에프에스티,KOSDAQ,KOSDAQ,15600,103938,1586743550,339405908400,21756789,2022-12-29
173940,에프엔씨엔터,KOSDAQ,KOSDAQ,5400,6312,33280920,82125343800,15208397,2022-12-29
083500,에프엔에스테크,KOSDAQ,KOSDAQ,6940,27245,190015890,58925610680,8490722,2022-12-29
054940,엑사이엔씨,KOSDAQ,KOSDAQ,1345,232589,310352600,44618422060,33173548,2022-12-29
043090,엑서지21,KOSDAQ,KOSDAQ,1925,530940,1027261940,95543679000,49633080,2022-12-29
950130,엑세스바이오,KOSDAQ,KOSDAQ,12200,460639,5704921000,443049429400,36315527,2022-12-29
205100,엑셈,KOSDAQ,KOSDAQ,3680,65553,242219845,133886764640,36382273,2022-12-29
070300,엑스큐어,KOSDAQ,KOSDAQ,3000,39119,112731820,22098222000,7366074,2022-12-29
092870,엑시콘,KOSDAQ,KOSDAQ,9090,27428,245376020,95227994430,10476127,2022-12-29
317870,엔바이오니아,KOSDAQ,KOSDAQ,5230,113376,639819900,41187039730,7875151,2022-12-29
067570,엔브이에이치코리아,KOSDAQ,KOSDAQ,3340,86583,289903945,109634538080,32824712,2022-12-29
236810,엔비티,KOSDAQ,KOSDAQ,5460,160200,883610790,92685825960,16975426,2022-12-29
140610,엔솔바이오사이언스,KONEX,KONEX,8100,5769,46599320,77839461000,9609810,2022-12-29
333620,엔시스,KOSDAQ,KOSDAQ,9960,54514,545586910,105141186240,10556344,2022-12-29
101400,엔시트론,KOSDAQ,KOSDAQ,706,94129,67074750,33326008468,47203978,2022-12-29
036570,엔씨소프트,KOSPI,KOSPI,448000,173209,78794226500,9835401856000,21954022,2022-12-29
031860,엔에스엔,KOSDAQ,KOSDAQ,687,707304,491865379,59475045066,86572118,2022-12-29
238170,엔에스엠,KONEX,KONEX,519,45725,22909017,10782060996,20774684,2022-12-29
224760,엔에스컴퍼니,KONEX,KONEX,2795,1,2795,11011461500,3939700,2022-12-29
380440,엔에이치스팩19호,KOSPI,KOSPI,1955,79772,155666835,100271950000,51290000,2022-12-29
391060,엔에이치스팩20호,KOSDAQ,KOSDAQ,1960,41153,80387685,49980000000,25500000,2022-12-29
396770,엔에이치스팩22호,KOSDAQ,KOSDAQ,2190,0,0,14103600000,6440000,2022-12-29
422040,엔에이치스팩23호,KOSDAQ,KOSDAQ,2015,0,0,14427400000,7160000,2022-12-29
437780,엔에이치스팩24호,KOSDAQ,KOSDAQ,2035,3614,7350620,10236050000,5030000,2022-12-29
438580,엔에이치스팩25호,KOSDAQ,KOSDAQ,2190,3600,7906795,6613800000,3020000,2022-12-29
439410,엔에이치스팩26호,KOSDAQ,KOSDAQ,1995,3271,6519795,17556000000,8800000,2022-12-29
440820,엔에이치스팩27호,KOSDAQ,KOSDAQ,1980,26362,52252550,15444000000,7800000,2022-12-29
265740,엔에프씨,KOSDAQ,KOSDAQ,8750,28001,241522470,78153250000,8931800,2022-12-29
354200,엔젠바이오,KOSDAQ,KOSDAQ,9280,107906,1009576100,116027023360,12502912,2022-12-29
419080,엔젯,KOSDAQ,KOSDAQ,12600,138378,1695642700,132524494200,10517817,2022-12-29
093510,엔지브이아이,KONEX,KONEX,1995,0,0,12009900000,6020000,2022-12-29
208860,엔지스테크널러지,KOSDAQ,KOSDAQ,2205,0,0,25233717915,11443863,2022-12-29
183490,엔지켐생명과학,KOSDAQ,KOSDAQ,1655,762577,1275042195,139496769090,84288078,2022-12-29
085310,엔케이,KOSPI,KOSPI,870,64388,55389305,69585516240,79983352,2022-12-29
182400,엔케이맥스,KOSDAQ,KOSDAQ,13700,316927,4335186300,545019962300,39782479,2022-12-29
348370,엔켐,KOSDAQ,KOSDAQ,52600,129476,6845157300,831727769000,15812315,2022-12-29
069410,엔텔스,KOSDAQ,KOSDAQ,4935,30043,149712690,50558206440,10244824,2022-12-29
227950,엔투텍,KOSDAQ,KOSDAQ,719,444695,323181146,72116944589,100301731,2022-12-29
291230,엔피,KOSDAQ,KOSDAQ,5490,431156,2358491230,226797724890,41311061,2022-12-29
198080,엔피디,KOSDAQ,KOSDAQ,1940,26714,50742505,41778258900,21535185,2022-12-29
048830,엔피케이,KOSDAQ,KOSDAQ,1775,51961,93541925,33234963325,18723923,2022-12-29
096870,엘디티,KOSDAQ,KOSDAQ,3460,18811,65568355,23107264000,6678400,2022-12-29
276240,엘리비젼,KONEX,KONEX,500,1,500,3776569000,7553138,2022-12-29
900140,엘브이엠씨홀딩스,KOSPI,KOSPI,2630,155071,406324695,261567431110,99455297,2022-12-29
376190,엘비루셈,KOSDAQ,KOSDAQ,6530,20980,138453030,160638000000,24600000,2022-12-29
061970,엘비세미콘,KOSDAQ,KOSDAQ,6590,233593,1555658780,288540461280,43784592,2022-12-29
138690,엘아이에스,KOSDAQ,KOSDAQ,982,0,0,22849431320,23268260,2022-12-29
290650,엘앤씨바이오,KOSDAQ,KOSDAQ,23100,123299,2879785100,524020982100,22684891,2022-12-29
066970,엘앤에프,KOSDAQ GLOBAL,KOSDAQ,173500,425561,73699704400,6249177826000,36018316,2022-12-29
156100,엘앤케이바이오,KOSDAQ,KOSDAQ,8010,19316,155271440,107379328590,13405659,2022-12-29
311060,엘에이티,KONEX,KONEX,4800,0,0,15184329600,3163402,2022-12-29
073110,엘엠에스,KOSDAQ,KOSDAQ,6660,13193,88678520,59245728300,8895755,2022-12-29
083310,엘오티베큠,KOSDAQ,KOSDAQ,11300,41651,475799250,201253372900,17810033,2022-12-29
037950,엘컴텍,KOSDAQ,KOSDAQ,1030,2806194,2916301860,86980944570,84447519,2022-12-29
170920,엘티씨,KOSDAQ,KOSDAQ,10000,19846,198122690,80647650000,8064765,2022-12-29
058630,엠게임,KOSDAQ,KOSDAQ,7360,3164018,25095853100,143842934720,19543877,2022-12-29
058970,엠로,KOSDAQ,KOSDAQ,13150,27482,357080700,147439378000,11212120,2022-12-29
019590,엠벤처투자,KOSDAQ,KOSDAQ,1375,2090138,2839623450,116405917375,84658849,2022-12-29
169330,엠브레인,KOSDAQ,KOSDAQ,2790,34944,97485220,50657801220,18156918,2022-12-29
097520,엠씨넥스,KOSPI,KOSPI,27900,26316,741770550,501578722800,17977732,2022-12-29
179290,엠아이텍,KOSDAQ,KOSDAQ,11100,274860,3011576450,356076988800,32079008,2022-12-29
009780,엠에스씨,KOSDAQ,KOSDAQ,6200,69059,425044700,109120000000,17600000,2022-12-29
123040,엠에스오토텍,KOSDAQ,KOSDAQ,4205,93663,395033785,183539192430,43647846,2022-12-29
323230,엠에프엠코리아,KOSDAQ,KOSDAQ,834,73412,61758990,25246564440,30271660,2022-12-29
033160,엠케이전자,KOSDAQ,KOSDAQ,11200,111118,1229783700,244246116800,21807689,2022-12-29
347890,엠투아이,KOSDAQ,KOSDAQ,7970,33900,268058160,133881685880,16798204,2022-12-29
033310,엠투엔,KOSDAQ,KOSDAQ,4620,198371,880629470,186381107220,40342231,2022-12-29
259630,엠플러스,KOSDAQ,KOSDAQ,9640,96289,943705030,118402355280,12282402,2022-12-29
065150,엠피대산,KOSDAQ,KOSDAQ,425,36200,15349946,53245022125,125282405,2022-12-29
050540,엠피씨플러스,KOSDAQ,KOSDAQ,822,0,0,4207455498,5118559,2022-12-29
115960,연우,KOSDAQ,KOSDAQ,18250,184811,3446414650,226263500000,12398000,2022-12-29
060850,영림원소프트랩,KOSDAQ,KOSDAQ,9040,10948,97923160,73504240000,8131000,2022-12-29
014440,영보화학,KOSPI,KOSPI,3420,31694,107609615,68400000000,20000000,2022-12-29
007530,영신금속,KOSDAQ,KOSDAQ,2755,14402,39838400,52825615260,19174452,2022-12-29
143540,영우디에스피,KOSDAQ,KOSDAQ,1245,304913,379838105,55526869275,44599895,2022-12-29
111770,영원무역,KOSPI,KOSPI,46950,62306,2927632450,2080423422600,44311468,2022-12-29
009970,영원무역홀딩스,KOSPI,KOSPI,61400,20217,1241361800,837225348800,13635592,2022-12-29
003520,영진약품,KOSPI,KOSPI,3250,1889459,6064041645,594401375750,182892731,2022-12-29
112290,영창케미칼,KOSDAQ,KOSDAQ,11450,76495,880577650,115765740250,10110545,2022-12-29
000670,영풍,KOSPI,KOSPI,605000,3137,1901964000,1114434200000,1842040,2022-12-29
036560,영풍정밀,KOSDAQ,KOSDAQ,11900,226468,2731680050,187425000000,15750000,2022-12-29
006740,영풍제지,KOSPI,KOSPI,12300,290359,3517448250,274228500000,22295000,2022-12-29
012280,영화금속,KOSPI,KOSPI,796,150300,120073367,42502025980,53394505,2022-12-29
265560,영화테크,KOSDAQ,KOSDAQ,8950,25143,227020430,95677111000,10690180,2022-12-29
012160,영흥,KOSPI,KOSPI,709,96955,69565781,71829053748,101310372,2022-12-29
036000,예림당,KOSDAQ,KOSDAQ,1810,55676,101204155,41692041370,23034277,2022-12-29
250930,예선테크,KOSDAQ,KOSDAQ,1115,203324,226978135,36795490600,33000440,2022-12-29
053280,예스24,KOSDAQ,KOSDAQ,4940,37088,182483030,123500000000,25000000,2022-12-29
015360,예스코홀딩스,KOSPI,KOSPI,31500,2790,87196500,189000000000,6000000,2022-12-29
122640,예스티,KOSDAQ,KOSDAQ,7200,9502,69053370,129973320000,18051850,2022-12-29
900300,오가닉티코스메틱,KOSDAQ,KOSDAQ,254,4921212,1295374845,47056924174,185263481,2022-12-29
045060,오공,KOSDAQ,KOSDAQ,3260,115597,384245215,55230835240,16941974,2022-12-29
080520,오디텍,KOSDAQ,KOSDAQ,4385,68645,304588010,51508880465,11746609,2022-12-29
007310,오뚜기,KOSPI,KOSPI,476000,3808,1815354000,1907727080000,4007830,2022-12-29
039830,오로라,KOSDAQ,KOSDAQ,8070,9529,76622080,86856522300,10762890,2022-12-29
322310,오로스테크놀로지,KOSDAQ,KOSDAQ,13250,70153,943963400,124106681500,9366542,2022-12-29
046120,오르비텍,KOSDAQ,KOSDAQ,4380,174044,771592750,118561449120,27068824,2022-12-29
014940,오리엔탈정공,KOSDAQ,KOSDAQ,2295,62688,142054980,104591551995,45573661,2022-12-29
002630,오리엔트바이오,KOSPI,KOSPI,613,196303,120864057,72691382065,118583005,2022-12-29
065500,오리엔트정공,KOSDAQ,KOSDAQ,1235,77951,96488815,39202496320,31742912,2022-12-29
271560,오리온,KOSPI,KOSPI,128000,87233,11180664000,5060624896000,39536132,2022-12-29
001800,오리온홀딩스,KOSPI,KOSPI,15350,79047,1219690750,961607227700,62645422,2022-12-29
010470,오리콤,KOSDAQ,KOSDAQ,15400,932906,14348729250,184415770000,11975050,2022-12-29
352910,오비고,KOSDAQ,KOSDAQ,9460,42305,402264330,115091239780,12166093,2022-12-29
053980,오상자이엘,KOSDAQ,KOSDAQ,4905,287428,1463736485,87053361210,17747882,2022-12-29
052420,오성첨단소재,KOSDAQ,KOSDAQ,1630,190421,312376405,113313922720,69517744,2022-12-29
241790,오션브릿지,KOSDAQ,KOSDAQ,13300,26999,358064500,133035032200,10002634,2022-12-29
039200,오스코텍,KOSDAQ,KOSDAQ,17300,235149,4017777200,633292882500,36606525,2022-12-29
226400,오스테오닉,KOSDAQ,KOSDAQ,3165,58530,183562640,55111483515,17412791,2022-12-29
031510,오스템,KOSDAQ,KOSDAQ,1415,28371,40227670,39620000000,28000000,2022-12-29
048260,오스템임플란트,KOSDAQ,KOSDAQ,138100,193100,26143516000,2058214227600,14903796,2022-12-29
368970,오에스피,KOSDAQ,KOSDAQ,5320,192915,1046440630,49721571200,9346160,2022-12-29
138080,오이솔루션,KOSDAQ,KOSDAQ,17600,53728,949736100,186984072000,10624095,2022-12-29
080580,오킨스전자,KOSDAQ,KOSDAQ,18400,66617,1249459500,325299083200,17679298,2022-12-29
067170,오텍,KOSDAQ,KOSDAQ,5630,70022,398940680,86654736150,15391605,2022-12-29
353590,오토앤,KOSDAQ,KOSDAQ,12550,137091,1717394000,161588403500,12875570,2022-12-29
173130,오파스넷,KOSDAQ,KOSDAQ,8510,531711,4485253700,100932259300,11860430,2022-12-29
049480,오픈베이스,KOSDAQ,KOSDAQ,2690,218742,583104910,84526210270,31422383,2022-12-29
394280,오픈엣지테크놀로지,KOSDAQ,KOSDAQ,7410,362869,2763441230,154835832840,20895524,2022-12-29
309930,오하임아이엔티,KOSDAQ,KOSDAQ,2430,74749,181492380,51574674780,21224146,2022-12-29
244460,올리패스,KOSDAQ,KOSDAQ,6090,139325,834144930,175897695330,28883037,2022-12-29
226950,올릭스,KOSDAQ,KOSDAQ,20350,28449,580239650,278859306000,13703160,2022-12-29
057540,옴니시스템,KOSDAQ,KOSDAQ,1510,281844,425392740,70138526050,46449355,2022-12-29
131030,옵투스제약,KOSDAQ,KOSDAQ,6290,27096,167327080,101603388980,16153162,2022-12-29
082210,옵트론텍,KOSDAQ,KOSDAQ,3665,81008,296438860,89733658425,24483945,2022-12-29
109080,옵티시스,KOSDAQ,KOSDAQ,11800,21225,253436000,66504800000,5636000,2022-12-29
380540,옵티코어,KOSDAQ,KOSDAQ,2300,30613271,83835893370,60263116500,26201355,2022-12-29
153710,옵티팜,KOSDAQ,KOSDAQ,7010,34869,244648650,102836405580,14669958,2022-12-29
321820,와이더플래닛,KOSDAQ,KOSDAQ,5440,12828,69038440,37581054080,6908282,2022-12-29
122990,와이솔,KOSDAQ,KOSDAQ,6710,39397,263710420,189134374110,28186941,2022-12-29
232140,와이아이케이,KOSDAQ,KOSDAQ,2805,95471,269078890,230137206750,82045350,2022-12-29
065530,와이어블,KOSDAQ,KOSDAQ,2160,125854,279146155,114177600000,52860000,2022-12-29
067900,와이엔텍,KOSDAQ,KOSDAQ,8440,113176,949018600,153605121960,18199659,2022-12-29
155650,와이엠씨,KOSDAQ,KOSDAQ,5650,18647,104708530,112855122700,19974358,2022-12-29
273640,와이엠텍,KOSDAQ,KOSDAQ,19600,96794,1924953450,214933600000,10966000,2022-12-29
251370,와이엠티,KOSDAQ,KOSDAQ,13900,51963,721879050,226771049600,16314464,2022-12-29
066430,와이오엠,KOSDAQ,KOSDAQ,1155,122723,142175035,18953972730,16410366,2022-12-29
193250,와이제이엠게임즈,KOSDAQ,KOSDAQ,1240,661202,854705010,71210442240,57427776,2022-12-29
273060,와이즈버즈,KOSDAQ,KOSDAQ,1250,63995,79566865,63074477500,50459582,2022-12-29
019210,와이지-원,KOSDAQ,KOSDAQ,6380,88639,564494300,195060965220,30573819,2022-12-29
122870,와이지엔터테인먼트,KOSDAQ,KOSDAQ,43850,314793,13727032800,818020390650,18654969,2022-12-29
011690,와이투솔루션,KOSPI,KOSPI,594,222405,131053855,94585968378,159235637,2022-12-29
332570,와이팜,KOSDAQ,KOSDAQ,2900,91285,258522035,108289932400,37341356,2022-12-29
079000,와토스코리아,KOSDAQ,KOSDAQ,5290,6995,37447550,38088000000,7200000,2022-12-29
070960,용평리조트,KOSPI,KOSPI,3530,48163,170384110,169910665490,48133333,2022-12-29
316140,우리금융지주,KOSPI,KOSPI,11550,2983405,34812342850,8409099340950,728060549,2022-12-29
032820,우리기술,KOSDAQ,KOSDAQ,1295,863459,1132613745,195059509680,150625104,2022-12-29
041190,우리기술투자,KOSDAQ,KOSDAQ,3750,443127,1654086645,315000000000,84000000,2022-12-29
115440,우리넷,KOSDAQ,KOSDAQ,8350,156208,1322024570,81809901550,9797593,2022-12-29
046970,우리로,KOSDAQ,KOSDAQ,1155,230607,273168995,37017327270,32049634,2022-12-29
082850,우리바이오,KOSDAQ,KOSDAQ,3000,1893049,5969140825,143989734000,47996578,2022-12-29
215360,우리산업,KOSDAQ,KOSDAQ,13150,24323,318953900,120087943450,9132163,2022-12-29
072470,우리산업홀딩스,KOSDAQ,KOSDAQ,4265,80075,343287605,80554509365,18887341,2022-12-29
073560,우리손에프앤지,KOSDAQ,KOSDAQ,1795,487499,868091410,124281569185,69237643,2022-12-29
037400,우리엔터프라이즈,KOSDAQ,KOSDAQ,1780,222542,399819165,46677555880,26223346,2022-12-29
153490,우리이앤엘,KOSDAQ,KOSDAQ,1010,107657,107876328,51994800000,51480000,2022-12-29
010050,우리종금,KOSPI,KOSPI,744,1112685,835932792,650407334064,874203406,2022-12-29
101170,우림피티에스,KOSDAQ,KOSDAQ,5810,124811,731883390,78435000000,13500000,2022-12-29
006980,우성,KOSPI,KOSPI,21500,2373,50901100,66435000000,3090000,2022-12-29
066590,우수AMS,KOSDAQ,KOSDAQ,2380,72752,174497685,92993987520,39073104,2022-12-29
017370,우신시스템,KOSPI,KOSPI,3200,54003,170256755,58604972800,18314054,2022-12-29
103840,우양,KOSDAQ,KOSDAQ,2605,77831,201717210,37142090000,14258000,2022-12-29
046940,우원개발,KOSDAQ,KOSDAQ,3280,93984,304158675,59283868000,18074350,2022-12-29
215380,우정바이오,KOSDAQ,KOSDAQ,2985,12042,35467510,38678170335,12957511,2022-12-29
065680,우주일렉트로,KOSDAQ,KOSDAQ,13550,122622,1665232150,134608681000,9934220,2022-12-29
105840,우진,KOSPI,KOSPI,8380,188579,1589755180,170311885320,20323614,2022-12-29
018620,우진비앤지,KOSDAQ,KOSDAQ,1540,94537,146924835,44489511220,28889293,2022-12-29
010400,우진아이엔에스,KOSPI,KOSPI,5110,8800,45193730,38948420000,7622000,2022-12-29
049800,우진플라임,KOSPI,KOSPI,3530,35244,123236750,70600000000,20000000,2022-12-29
016880,웅진,KOSPI,KOSPI,1185,271440,322868570,94713589800,79927080,2022-12-29
095720,웅진씽크빅,KOSPI,KOSPI,2400,74192,178254955,277214364000,115505985,2022-12-29
005820,원림,KOSPI,KOSPI,20550,1671,34253850,47223283500,2297970,2022-12-29
307280,원바이오젠,KOSDAQ,KOSDAQ,1670,61908,102589860,60878861360,36454408,2022-12-29
053080,원방테크,KOSDAQ,KOSDAQ,8580,33353,286563970,111538344060,12999807,2022-12-29
032940,원익,KOSDAQ,KOSDAQ,3960,48404,186752430,72045190800,18193230,2022-12-29
240810,원익IPS,KOSDAQ GLOBAL,KOSDAQ,24750,141765,3514612900,1214826549750,49083901,2022-12-29
074600,원익QnC,KOSDAQ GLOBAL,KOSDAQ,23400,148960,3491753300,615139200000,26288000,2022-12-29
104830,원익머트리얼즈,KOSDAQ,KOSDAQ,28400,46583,1318017200,358067200000,12608000,2022-12-29
014190,원익큐브,KOSDAQ,KOSDAQ,2025,139628,283297320,71684809650,35399906,2022-12-29
217820,원익피앤이,KOSDAQ,KOSDAQ,7460,181973,1370527420,324171010140,43454559,2022-12-29
030530,원익홀딩스,KOSDAQ,KOSDAQ,3395,167519,566532930,262222945495,77237981,2022-12-29
012620,원일특강,KOSDAQ,KOSDAQ,9390,34843,330619080,41316000000,4400000,2022-12-29
382840,원준,KOSDAQ,KOSDAQ,16500,180970,3053629550,248499454500,15060573,2022-12-29
336570,원텍,KOSDAQ,KOSDAQ,4645,1493082,6953112540,408420687395,87926951,2022-12-29
376980,원티드랩,KOSDAQ,KOSDAQ,12550,84170,1061029100,118448606800,9438136,2022-12-29
122830,원포유,KONEX,KONEX,1800,0,0,58953573000,32751985,2022-12-29
008370,원풍,KOSDAQ,KOSDAQ,4965,25805,128317245,59580000000,12000000,2022-12-29
008290,원풍물산,KOSDAQ,KOSDAQ,963,1479004,1450685080,39188012877,40693679,2022-12-29
101160,월덱스,KOSDAQ,KOSDAQ,18600,42820,779277000,307104469800,16510993,2022-12-29
336060,웨이버스,KOSDAQ,KOSDAQ,1510,1949236,2896617370,70494652000,46685200,2022-12-29
095270,웨이브일렉트로,KOSDAQ,KOSDAQ,4220,947026,4331912100,63178700320,14971256,2022-12-29
010600,웰바이오텍,KOSPI,KOSPI,1065,387792,413532265,70750190760,66432104,2022-12-29
065950,웰크론,KOSDAQ,KOSDAQ,3090,341296,1059807285,87234723180,28231302,2022-12-29
076080,웰크론한텍,KOSDAQ,KOSDAQ,4840,819149,4020033160,104723510760,21637089,2022-12-29
196700,웹스,KOSDAQ,KOSDAQ,3400,1146481,3972907870,48838089600,14364144,2022-12-29
069080,웹젠,KOSDAQ GLOBAL,KOSDAQ,15250,231977,3641031750,538490981000,35310884,2022-12-29
053580,웹케시,KOSDAQ,KOSDAQ,14500,30063,433009450,199900596000,13786248,2022-12-29
071460,위니아,KOSDAQ,KOSDAQ,2345,837773,2024574830,84343306775,35967295,2022-12-29
377460,위니아에이드,KOSDAQ,KOSDAQ,6300,90196,573636340,96978451500,15393405,2022-12-29
044340,위닉스,KOSDAQ,KOSDAQ,11200,15313,170978300,200182360000,17873425,2022-12-29
330350,위더스제약,KOSDAQ,KOSDAQ,9370,410336,3769811610,123616329860,13192778,2022-12-29
348350,위드텍,KOSDAQ,KOSDAQ,11250,6095,68450800,114565500000,10183600,2022-12-29
112040,위메이드,KOSDAQ,KOSDAQ,31550,1791685,60307315100,1066294151100,33796962,2022-12-29
101730,위메이드맥스,KOSDAQ,KOSDAQ,9580,1073984,10974040780,318968897360,33295292,2022-12-29
123420,위메이드플레이,KOSDAQ,KOSDAQ,12400,635649,8317416400,142226040800,11469842,2022-12-29
065370,위세아이텍,KOSDAQ,KOSDAQ,11000,20428,226232350,72334614000,6575874,2022-12-29
140660,위월드,KONEX,KONEX,1700,0,0,4228328400,2487252,2022-12-29
038620,위즈코프,KOSDAQ,KOSDAQ,791,194234,152838846,52638253815,66546465,2022-12-29
299900,위지윅스튜디오,KOSDAQ,KOSDAQ,17250,176356,3066285000,737648312250,42762221,2022-12-29
036090,위지트,KOSDAQ,KOSDAQ,621,272148,171266014,60818772672,97936832,2022-12-29
136540,윈스,KOSDAQ,KOSDAQ,12700,9523,119968800,176074857400,13864162,2022-12-29
320000,윈텍,KOSDAQ,KOSDAQ,2265,54901,127202905,41900570220,18499148,2022-12-29
097800,윈팩,KOSDAQ,KOSDAQ,1195,69339,82436545,71203472720,59584496,2022-12-29
192390,윈하이텍,KOSDAQ,KOSDAQ,3250,63218,207498295,34634912000,10656896,2022-12-29
313760,윌링스,KOSDAQ,KOSDAQ,6810,10848,74093120,38733012270,5687667,2022-12-29
008600,윌비스,KOSPI,KOSPI,689,92947,63163974,46325630871,67236039,2022-12-29
335870,윙스풋,KOSDAQ,KOSDAQ,3135,45655,143548160,48109424715,15345909,2022-12-29
900340,윙입푸드,KOSDAQ,KOSDAQ,1010,412089,420431295,48453162280,47973428,2022-12-29
033270,유나이티드제약,KOSPI,KOSPI,22750,55731,1262882400,369569700500,16244822,2022-12-29
064510,유네코,KOSDAQ,KOSDAQ,2750,0,0,27821777500,10117010,2022-12-29
014830,유니드,KOSPI,KOSPI,81400,25763,2091537100,550882640000,6767600,2022-12-29
446070,유니드비티플러스,KOSPI,KOSPI,8400,833630,7079490360,89134206000,10611215,2022-12-29
036200,유니셈,KOSDAQ,KOSDAQ,5620,143445,812195530,172332933260,30664223,2022-12-29
018000,유니슨,KOSDAQ,KOSDAQ,1625,156420,256015240,198653037375,122248023,2022-12-29
000910,유니온,KOSPI,KOSPI,4705,35480,168044840,73452667395,15611619,2022-12-29
047400,유니온머티리얼,KOSPI,KOSPI,2460,393390,963181385,103320000000,42000000,2022-12-29
203450,유니온커뮤니티,KOSDAQ,KOSDAQ,3085,14107,43528380,45284736595,14679007,2022-12-29
011330,유니켐,KOSPI,KOSPI,1215,83614,100919650,88599477915,72921381,2022-12-29
077500,유니퀘스트,KOSPI,KOSPI,8250,72916,602323180,225686793750,27355975,2022-12-29
011320,유니크,KOSDAQ,KOSDAQ,4620,66071,306090385,89261610900,19320695,2022-12-29
086390,유니테스트,KOSDAQ,KOSDAQ,10500,179845,1900370750,221908323000,21134126,2022-12-29
241690,유니테크노,KOSDAQ,KOSDAQ,3500,85898,303407025,87540477500,25011565,2022-12-29
142210,유니트론텍,KOSDAQ,KOSDAQ,3775,158465,604375835,70987221550,18804562,2022-12-29
121060,유니포인트,KONEX,KONEX,1400,37,51520,8374338000,5981670,2022-12-29
048430,유라테크,KOSDAQ,KOSDAQ,7590,78115,584428570,87436800000,11520000,2022-12-29
206650,유바이오로직스,KOSDAQ,KOSDAQ,8900,292451,2607966970,324358782300,36444807,2022-12-29
089850,유비벨록스,KOSDAQ,KOSDAQ,11800,49808,595313600,83965224600,7115697,2022-12-29
084440,유비온,KOSDAQ,KOSDAQ,1215,167979,204850365,23951052000,19712800,2022-12-29
032620,유비케어,KOSDAQ,KOSDAQ,5040,73534,370508815,263073580560,52197139,2022-12-29
264450,유비쿼스,KOSDAQ,KOSDAQ,14700,21980,319142000,150611878200,10245706,2022-12-29
078070,유비쿼스홀딩스,KOSDAQ,KOSDAQ,16450,15634,254160400,307559530600,18696628,2022-12-29
002920,유성기업,KOSPI,KOSPI,2675,16482,44128915,69409562500,25947500,2022-12-29
024800,유성티엔에스,KOSDAQ,KOSDAQ,2360,40508,95921450,73817538480,31278618,2022-12-29
000700,유수홀딩스,KOSPI,KOSPI,6400,84136,544829410,166667596800,26041812,2022-12-29
054930,유신,KOSDAQ,KOSDAQ,32200,42187,1357655100,96600000000,3000000,2022-12-29
069330,유아이디,KOSDAQ,KOSDAQ,1720,114541,204703290,24408676520,14191091,2022-12-29
049520,유아이엘,KOSDAQ,KOSDAQ,3305,46441,156955315,71999213480,21784936,2022-12-29
435380,유안타제10호스팩,KOSDAQ,KOSDAQ,2000,30808,62080385,11460000000,5730000,2022-12-29
367480,유안타제8호스팩,KOSDAQ,KOSDAQ,2070,0,0,13434300000,6490000,2022-12-29
430700,유안타제9호스팩,KOSDAQ,KOSDAQ,2015,6169,12430985,10558600000,5240000,2022-12-29
003470,유안타증권,KOSPI,KOSPI,2395,607331,1458425380,478033799520,199596576,2022-12-29
003475,유안타증권우,KOSPI,KOSPI,2365,122160,289432480,30537381380,12912212,2022-12-29
263770,유에스티,KOSDAQ,KOSDAQ,3120,68631,214427520,73944536640,23700172,2022-12-29
337840,유엑스엔,KONEX,KONEX,15700,1742,27112450,57359023700,3653441,2022-12-29
072130,유엔젤,KOSPI,KOSPI,3010,79364,238455430,39718316540,13195454,2022-12-29
000220,유유제약,KOSPI,KOSPI,6220,95016,591692620,107185223220,17232351,2022-12-29
000225,유유제약1우,KOSPI,KOSPI,7680,2340,17831590,17410022400,2266930,2022-12-29
000227,유유제약2우B,KOSPI,KOSPI,15050,135,2019750,4899678000,325560,2022-12-29
388720,유일로보틱스,KOSDAQ,KOSDAQ,21100,123906,2644735700,181055850600,8580846,2022-12-29
340930,유일에너테크,KOSDAQ,KOSDAQ,16150,142869,2352445100,172397115600,10674744,2022-12-29
023410,유진기업,KOSDAQ,KOSDAQ,3595,341283,1216926265,277932552485,77310863,2022-12-29
056080,유진로봇,KOSDAQ,KOSDAQ,3880,99536,387289900,145547149760,37512152,2022-12-29
373340,유진스팩6호,KOSDAQ,KOSDAQ,2150,3263,6948895,6493000000,3020000,2022-12-29
388800,유진스팩7호,KOSDAQ,KOSDAQ,2040,1705,3444840,10220400000,5010000,2022-12-29
413630,유진스팩8호,KOSDAQ,KOSDAQ,2015,2369,4741960,11928800000,5920000,2022-12-29
442130,유진스팩9호,KOSDAQ,KOSDAQ,2040,564,1153280,7058400000,3460000,2022-12-29
084370,유진테크,KOSDAQ GLOBAL,KOSDAQ,22150,150389,3336066500,507590330300,22916042,2022-12-29
001200,유진투자증권,KOSPI,KOSPI,2340,96380,225283340,226667418120,96866418,2022-12-29
178780,유테크,KOSDAQ,KOSDAQ,1730,0,0,60240302320,34820984,2022-12-29
221800,유투바이오,KONEX,KONEX,25950,1,25950,65536984500,2525510,2022-12-29
179900,유티아이,KOSDAQ,KOSDAQ,25800,172177,4411177050,420201891000,16286895,2022-12-29
263050,유틸렉스,KOSDAQ,KOSDAQ,6640,480312,3112511630,244105357200,36762855,2022-12-29
000100,유한양행,KOSPI,KOSPI,57200,150754,8631433200,4188840427200,73231476,2022-12-29
000105,유한양행우,KOSPI,KOSPI,54600,545,29784800,64479324000,1180940,2022-12-29
003460,유화증권,KOSPI,KOSPI,2230,8096,17895765,126446385450,56702415,2022-12-29
003465,유화증권우,KOSPI,KOSPI,2460,34,83620,42992005500,17476425,2022-12-29
191410,육일씨엔에쓰,KOSDAQ,KOSDAQ,2915,14662,41978030,28357184130,9728022,2022-12-29
372170,윤성에프앤씨,KOSDAQ,KOSDAQ,44400,36412,1619306900,354269731200,7979048,2022-12-29
008730,율촌화학,KOSPI,KOSPI,36450,269265,9788387700,903960000000,24800000,2022-12-29
072770,율호,KOSDAQ,KOSDAQ,1355,324142,448565085,73873574265,54519243,2022-12-29
008250,이건산업,KOSPI,KOSPI,7140,47838,343572640,78201813900,10952635,2022-12-29
039020,이건홀딩스,KOSDAQ,KOSDAQ,3230,43627,140513720,72948610070,22584709,2022-12-29
025820,이구산업,KOSPI,KOSPI,3130,422251,1316862685,104673460000,33442000,2022-12-29
067920,이글루,KOSDAQ,KOSDAQ,5710,47674,269233790,62787839490,10996119,2022-12-29
044960,이글벳,KOSDAQ,KOSDAQ,5460,106495,585356280,69024681180,12641883,2022-12-29
303530,이노뎁,KOSDAQ,KOSDAQ,12400,17281,215070400,91007307600,7339299,2022-12-29
296640,이노룰스,KOSDAQ,KOSDAQ,9610,49739,483592210,49412313600,5141760,2022-12-29
302430,이노메트리,KOSDAQ,KOSDAQ,12850,8601,108278750,126356722800,9833208,2022-12-29
279060,이노벡스,KONEX,KONEX,4120,1733,7259840,34564175560,8389363,2022-12-29
214320,이노션,KOSPI,KOSPI,41150,14701,606856200,823000000000,20000000,2022-12-29
056090,이노시스,KOSDAQ,KOSDAQ,1180,0,0,93078496760,78880082,2022-12-29
073490,이노와이어리스,KOSDAQ,KOSDAQ,34000,60065,2031101700,229076496000,6737544,2022-12-29
215790,이노인스트루먼트,KOSDAQ,KOSDAQ,1255,54801,69418020,50555351995,40283149,2022-12-29
344860,이노진,KONEX,KONEX,3920,277,1060040,36456000000,9300000,2022-12-29
246960,이노테라피,KOSDAQ,KOSDAQ,8560,6968,60043210,47934690320,5599847,2022-12-29
088390,이녹스,KOSDAQ,KOSDAQ,22000,13658,300108650,206488568000,9385844,2022-12-29
272290,이녹스첨단소재,KOSDAQ GLOBAL,KOSDAQ,30300,340268,10399820800,609807437400,20125658,2022-12-29
053350,이니텍,KOSDAQ,KOSDAQ,3530,12438,43680340,69861933480,19790916,2022-12-29
041520,이라이콤,KOSDAQ,KOSDAQ,5050,33195,168581360,61553086500,12188730,2022-12-29
264850,이랜시스,KOSDAQ,KOSDAQ,2400,33513,80385875,70250428800,29271012,2022-12-29
054210,이랜텍,KOSDAQ,KOSDAQ,11300,229597,2613123000,285790673000,25291210,2022-12-29
164060,이루다,KOSDAQ,KOSDAQ,6300,454526,2851752550,110567658600,17550422,2022-12-29
065440,이루온,KOSDAQ,KOSDAQ,2480,357293,877813095,67642049600,27275020,2022-12-29
088260,이리츠코크렙,KOSPI,KOSPI,5200,30527,159008740,329376268000,63341590,2022-12-29
139480,이마트,KOSPI,KOSPI,98000,339626,34073821700,2731830262000,27875819,2022-12-29
115610,이미지스,KOSDAQ,KOSDAQ,1780,55149,96543060,27284331280,15328276,2022-12-29
078020,이베스트투자증권,KOSDAQ,KOSDAQ,5000,55861,281111820,277405950000,55481190,2022-12-29
131400,이브이첨단소재,KOSDAQ,KOSDAQ,953,0,0,61120542546,64134882,2022-12-29
208850,이비테크,KONEX,KONEX,5000,2,9235,14101250000,2820250,2022-12-29
351330,이삭엔지니어링,KOSDAQ,KOSDAQ,7930,28917,231075560,65727963600,8288520,2022-12-29
080010,이상네트웍스,KOSDAQ,KOSDAQ,5180,23964,125770400,51800000000,10000000,2022-12-29
379390,이성씨엔아이,KONEX,KONEX,8600,1,8600,24436556000,2841460,2022-12-29
086890,이수앱지스,KOSDAQ,KOSDAQ,5750,67612,389498920,190800341000,33182668,2022-12-29
007660,이수페타시스,KOSPI,KOSPI,5630,710256,4023792920,356077338970,63246419,2022-12-29
005950,이수화학,KOSPI,KOSPI,18200,466768,8556556550,508863700800,27959544,2022-12-29
015020,이스타코,KOSPI,KOSPI,820,140233,115679694,35138312000,42851600,2022-12-29
047560,이스트소프트,KOSDAQ,KOSDAQ,8800,30278,266472140,100112601600,11376432,2022-12-29
900110,이스트아시아홀딩스,KOSDAQ,KOSDAQ,174,4248663,749114041,50796176700,291932050,2022-12-29
067010,이씨에스,KOSDAQ,KOSDAQ,3435,3911348,14729858240,42229890000,12294000,2022-12-29
093230,이아이디,KOSPI,KOSPI,862,535076,463173239,90981746740,105547270,2022-12-29
341310,이앤에치,KONEX,KONEX,1200,69,76305,20752080000,17293400,2022-12-29
101360,이엔드디,KOSDAQ,KOSDAQ,24150,105952,2572181300,256198559400,10608636,2022-12-29
102710,이엔에프테크놀로지,KOSDAQ,KOSDAQ,20200,59062,1198913100,288614287200,14287836,2022-12-29
066980,이엔코퍼레이션,KOSDAQ,KOSDAQ,3595,542770,1906432860,162681173675,45252065,2022-12-29
074610,이엔플러스,KOSPI,KOSPI,4725,4124421,19660265335,275646133350,58337806,2022-12-29
063760,이엘피,KOSDAQ,KOSDAQ,3420,40952,138049955,31891944600,9325130,2022-12-29
123570,이엠넷,KOSDAQ,KOSDAQ,4080,40423,164669190,90886398240,22276078,2022-12-29
083470,이엠앤아이,KOSDAQ,KOSDAQ,5210,249224,1308951040,108074249780,20743618,2022-12-29
095190,이엠코리아,KOSDAQ,KOSDAQ,3020,85065,256377320,128594731740,42581037,2022-12-29
091120,이엠텍,KOSDAQ,KOSDAQ,21550,153328,3299944500,369214770800,17132936,2022-12-29
232530,이엠티,KONEX,KONEX,2500,2270,5638100,64035760000,25614304,2022-12-29
102460,이연제약,KOSPI,KOSPI,21650,115645,2516330550,389669192050,17998577,2022-12-29
039030,이오테크닉스,KOSDAQ GLOBAL,KOSDAQ,66600,93352,6266589100,820482030000,12319550,2022-12-29
294090,이오플로우,KOSDAQ,KOSDAQ,15000,182470,2777617350,454552815000,30303521,2022-12-29
088290,이원컴포텍,KOSDAQ,KOSDAQ,7070,220679,1558418430,167934134200,23753060,2022-12-29
084680,이월드,KOSPI,KOSPI,1510,105922,160043330,214127351430,141806193,2022-12-29
181340,이즈미디어,KOSDAQ,KOSDAQ,2705,0,0,54259503030,20058966,2022-12-29
353810,이지바이오,KOSDAQ,KOSDAQ,4025,146515,587000405,137621673000,34191720,2022-12-29
350520,이지스레지던스리츠,KOSPI,KOSPI,3905,31228,122136675,110740399385,28358617,2022-12-29
334890,이지스밸류리츠,KOSPI,KOSPI,4840,20394,98352030,177847421400,36745335,2022-12-29
099750,이지케어텍,KOSDAQ,KOSDAQ,19600,15012,289789850,125165600000,6386000,2022-12-29
377330,이지트로닉스,KOSDAQ,KOSDAQ,9960,49750,496021030,80670561840,8099454,2022-12-29
035810,이지홀딩스,KOSDAQ,KOSDAQ,2810,179119,506524800,183059824450,65145845,2022-12-29
160600,이큐셀,KOSDAQ,KOSDAQ,3100,0,0,85164598100,27472451,2022-12-29
092130,이크레더블,KOSDAQ,KOSDAQ,16050,74744,1234878000,193299780000,12043600,2022-12-29
096040,이트론,KOSDAQ,KOSDAQ,146,4708419,694644763,93605169070,641131295,2022-12-29
134060,이퓨쳐,KOSDAQ,KOSDAQ,5650,11731,66313310,26946262500,4769250,2022-12-29
001840,이화공영,KOSDAQ,KOSDAQ,3835,154646,593903215,75955089600,19805760,2022-12-29
000760,이화산업,KOSPI,KOSPI,15750,534,8538350,44100000000,2800000,2022-12-29
024810,이화전기,KOSDAQ,KOSDAQ,638,626902,403001588,78479132710,123008045,2022-12-29
014990,인디에프,KOSPI,KOSPI,1510,1419769,2181847385,106776622450,70712995,2022-12-29
041830,인바디,KOSDAQ,KOSDAQ,20200,37729,752481400,276412396400,13683782,2022-12-29
352940,인바이오,KOSDAQ,KOSDAQ,4265,6167,26297300,46350868450,10867730,2022-12-29
101140,인바이오젠,KOSPI,KOSPI,775,337376,264805142,52414564400,67631696,2022-12-29
216400,인바이츠바이오코아,KONEX,KONEX,7170,701,4919480,55290128550,7711315,2022-12-29
079950,인베니아,KOSDAQ,KOSDAQ,1485,69547,104433540,34452000000,23200000,2022-12-29
389470,인벤티지랩,KOSDAQ,KOSDAQ,9780,334267,3365272880,80248303440,8205348,2022-12-29
277410,인산가,KOSDAQ,KOSDAQ,1780,84052,149662920,57642361220,32383349,2022-12-29
060150,인선이엔티,KOSDAQ,KOSDAQ,8270,173714,1435895450,385081071240,46563612,2022-12-29
033230,인성정보,KOSDAQ,KOSDAQ,2130,1427854,3021690185,83528759400,39215380,2022-12-29
006490,인스코비,KOSPI,KOSPI,1290,327544,428064620,144491064330,112008577,2022-12-29
037330,인지디스플레,KOSDAQ,KOSDAQ,1645,64366,105798635,72191193480,43885224,2022-12-29
100030,인지소프트,KOSDAQ,KOSDAQ,17800,1483,26278450,58450109200,3283714,2022-12-29
023800,인지컨트롤스,KOSPI,KOSPI,6990,35077,245155100,107179158870,15333213,2022-12-29
034590,인천도시가스,KOSPI,KOSPI,27900,7338,204143100,122055636600,4374754,2022-12-29
211050,인카금융서비스,KOSDAQ,KOSDAQ,6740,143175,960456970,69259970400,10275960,2022-12-29
083640,인콘,KOSDAQ,KOSDAQ,1095,1722519,1908720870,63548666640,58035312,2022-12-29
216050,인크로스,KOSDAQ,KOSDAQ,15200,46230,692937750,195216974400,12843222,2022-12-29
049070,인탑스,KOSDAQ GLOBAL,KOSDAQ,27750,253960,7120410950,477300000000,17200000,2022-12-29
119610,인터로조,KOSDAQ,KOSDAQ,28200,48062,1332397000,372704679600,13216478,2022-12-29
017250,인터엠,KOSDAQ,KOSDAQ,1160,88197,99822000,24412741720,21045467,2022-12-29
129260,인터지스,KOSPI,KOSPI,2800,142937,403101425,83294047200,29747874,2022-12-29
051370,인터플렉스,KOSDAQ,KOSDAQ,9130,57553,526778620,212979819360,23327472,2022-12-29
064290,인텍플러스,KOSDAQ,KOSDAQ,13750,33491,460504000,175394477500,12755962,2022-12-29
189300,인텔리안테크,KOSDAQ,KOSDAQ,68000,37881,2604570400,624489492000,9183669,2022-12-29
150840,인트로메딕,KOSDAQ,KOSDAQ,5850,0,0,223669017000,38234020,2022-12-29
048530,인트론바이오,KOSDAQ,KOSDAQ,8130,195022,1594398270,277645695060,34150762,2022-12-29
023810,인팩,KOSPI,KOSPI,6660,12648,82714180,66600000000,10000000,2022-12-29
175140,인포마크,KOSDAQ,KOSDAQ,5630,101287,562756260,50563930800,8981160,2022-12-29
115310,인포바인,KOSDAQ,KOSDAQ,21300,19668,422596200,68008407900,3192883,2022-12-29
039290,인포뱅크,KOSDAQ,KOSDAQ,9560,47995,464528500,83114429680,8693978,2022-12-29
071200,인피니트헬스케어,KOSDAQ,KOSDAQ,5490,177766,974830430,133936554420,24396458,2022-12-29
101930,인화정공,KOSDAQ,KOSDAQ,12600,19600,245167950,117579483000,9331705,2022-12-29
249420,일동제약,KOSPI,KOSPI,28550,2718996,80219983600,765233786750,26803285,2022-12-29
000230,일동홀딩스,KOSPI,KOSPI,20150,587225,12107062650,232539060000,11540400,2022-12-29
013360,일성건설,KOSPI,KOSPI,2140,157236,335629170,115613243200,54024880,2022-12-29
003120,일성신약,KOSPI,KOSPI,84400,3965,335450500,224504000000,2660000,2022-12-29
333430,일승,KOSDAQ,KOSDAQ,3070,187124,578286465,94331113290,30726747,2022-12-29
068330,일신바이오,KOSDAQ,KOSDAQ,1555,74244,113462550,68756097700,44216140,2022-12-29
003200,일신방직,KOSPI,KOSPI,103000,19302,1996448000,247200000000,2400000,2022-12-29
007110,일신석재,KOSPI,KOSPI,1020,522887,542462665,79005742200,77456610,2022-12-29
058450,일야,KOSDAQ,KOSDAQ,1640,910367,1538008270,54726800000,33370000,2022-12-29
007570,일양약품,KOSPI,KOSPI,19350,138890,2669805000,369307598400,19085664,2022-12-29
007575,일양약품우,KOSPI,KOSPI,21100,3719,76352150,9391188000,445080,2022-12-29
008500,일정실업,KOSPI,KOSPI,16400,913,14654450,19680000000,1200000,2022-12-29
019540,일지테크,KOSDAQ,KOSDAQ,2450,69908,169331155,33108075000,13513500,2022-12-29
081000,일진다이아,KOSPI,KOSPI,16600,13560,226948900,235769385000,14202975,2022-12-29
020760,일진디스플,KOSPI,KOSPI,1205,73087,86198045,62074057905,51513741,2022-12-29
020150,일진머티리얼즈,KOSPI,KOSPI,51900,201974,10458521600,2393152336500,46110835,2022-12-29
103590,일진전기,KOSPI,KOSPI,5310,245857,1304768020,196896870900,37080390,2022-12-29
094820,일진파워,KOSDAQ,KOSDAQ,12000,105244,1277868750,180944508000,15078709,2022-12-29
271940,일진하이솔루스,KOSPI,KOSPI,29850,40309,1210486650,1083948721500,36313190,2022-12-29
015860,일진홀딩스,KOSPI,KOSPI,3820,119275,460537860,188507385060,49347483,2022-12-29
226320,잇츠한불,KOSPI,KOSPI,17850,76900,1376669650,391438272750,21929315,2022-12-29
950140,잉글우드랩,KOSDAQ,KOSDAQ,5090,469755,2406523670,101127437940,19867866,2022-12-29
049550,잉크테크,KOSDAQ,KOSDAQ,4905,32581,160665625,96168788685,19606277,2022-12-29
254120,자비스,KOSDAQ,KOSDAQ,1620,134288,217233180,35935191540,22182217,2022-12-29
043910,자연과환경,KOSDAQ,KOSDAQ,1010,723787,733158270,82193351560,81379556,2022-12-29
234920,자이글,KOSDAQ,KOSDAQ,5440,337450,1923249670,73608150400,13530910,2022-12-29
289220,자이언트스텝,KOSDAQ,KOSDAQ,17450,182614,3191420000,386024450250,22121745,2022-12-29
317400,자이에스앤디,KOSPI,KOSPI,6030,67851,409830020,233858595600,38782520,2022-12-29
033240,자화전자,KOSPI,KOSPI,21250,350103,7473281600,430332560000,20250944,2022-12-29
174880,장원테크,KOSDAQ,KOSDAQ,878,408464,356362053,19233753350,21906325,2022-12-29
049630,재영솔루텍,KOSDAQ,KOSDAQ,543,341948,185504304,44498955342,81950194,2022-12-29
417840,저스템,KOSDAQ,KOSDAQ,7510,87662,662090520,53112409750,7072225,2022-12-29
000950,전방,KOSPI,KOSPI,44450,2739,122359100,74676000000,1680000,2022-12-29
110020,전진바이오팜,KOSDAQ,KOSDAQ,3740,19288,70896900,25581600000,6840000,2022-12-29
208140,정다운,KOSDAQ,KOSDAQ,2135,215979,467920505,69780865210,32684246,2022-12-29
040420,정상제이엘에스,KOSDAQ,KOSDAQ,7140,26246,187290610,111937721280,15677552,2022-12-29
045510,정원엔시스,KOSDAQ,KOSDAQ,1290,25552,33130505,41549986680,32209292,2022-12-29
217190,제너셈,KOSDAQ,KOSDAQ,5100,11841,61410340,44722787400,8769174,2022-12-29
095700,제넥신,KOSDAQ,KOSDAQ,18700,183660,3457430050,470211163400,25144982,2022-12-29
072520,제넨바이오,KOSDAQ,KOSDAQ,1910,132179,249999855,85201604700,44608170,2022-12-29
122310,제노레이,KOSDAQ,KOSDAQ,7740,11990,93523010,112646752560,14553844,2022-12-29
361390,제노코,KOSDAQ,KOSDAQ,19950,30509,612359400,149640740550,7500789,2022-12-29
066830,제노텍,KONEX,KONEX,2890,0,0,16378150200,5667180,2022-12-29
187420,제노포커스,KOSDAQ,KOSDAQ,5450,420569,2372265060,122761304500,22525010,2022-12-29
225220,제놀루션,KOSDAQ,KOSDAQ,9000,22696,200945700,86317515000,9590835,2022-12-29
123330,제닉,KOSDAQ,KOSDAQ,4400,24365,107400075,30800000000,7000000,2022-12-29
159580,제로투세븐,KOSDAQ,KOSDAQ,6870,58927,400705620,137624209320,20032636,2022-12-29
147830,제룡산업,KOSDAQ,KOSDAQ,3200,49239,157551670,64000000000,20000000,2022-12-29
033100,제룡전기,KOSDAQ,KOSDAQ,11250,598910,6715294450,180702101250,16062409,2022-12-29
079370,제우스,KOSDAQ,KOSDAQ,25750,48294,1231053050,267388000000,10384000,2022-12-29
054950,제이브이엠,KOSDAQ,KOSDAQ,20450,32752,666027800,247238291400,12089892,2022-12-29
023440,제이스코홀딩스,KOSDAQ,KOSDAQ,2710,634739,1661542640,107575577350,39695785,2022-12-29
090470,제이스텍,KOSDAQ,KOSDAQ,7720,27523,213562780,112695077760,14597808,2022-12-29
287410,제이시스메디칼,KOSDAQ,KOSDAQ,8520,587335,4964495710,607471501440,71299472,2022-12-29
137950,제이씨케미칼,KOSDAQ,KOSDAQ,6640,135121,894065480,147858284960,22267814,2022-12-29
033320,제이씨현시스템,KOSDAQ,KOSDAQ,5130,7775547,41042440970,98057036160,19114432,2022-12-29
417500,제이아이테크,KOSDAQ,KOSDAQ,10050,44350,441602850,82371669300,8196186,2022-12-29
348950,제이알글로벌리츠,KOSPI,KOSPI,4210,200676,844026160,830952960000,197376000,2022-12-29
204270,제이앤티씨,KOSDAQ,KOSDAQ,5890,25740,150805710,340727464740,57848466,2022-12-29
194370,제이에스코퍼레이션,KOSPI,KOSPI,13400,55482,751480250,178697053400,13335601,2022-12-29
026040,제이에스티나,KOSDAQ,KOSDAQ,2465,64308,159332170,40681842350,16503790,2022-12-29
126880,제이엔케이히터,KOSDAQ,KOSDAQ,5140,187431,970221150,119273201420,23204903,2022-12-29
322510,제이엘케이,KOSDAQ,KOSDAQ,3150,22114,70421385,48296927700,15332358,2022-12-29
254160,제이엠멀티,KONEX,KONEX,2990,1,2990,15428400000,5160000,2022-12-29
033050,제이엠아이,KOSDAQ,KOSDAQ,1160,50131,57978495,37792036720,32579342,2022-12-29
094970,제이엠티,KOSDAQ,KOSDAQ,3085,61893,192591860,51668320400,16748240,2022-12-29
058420,제이웨이,KOSDAQ,KOSDAQ,2160,0,0,7799412240,3610839,2022-12-29
025620,제이준코스메틱,KOSPI,KOSPI,6030,37605,227344740,23210302140,3849138,2022-12-29
089790,제이티,KOSDAQ,KOSDAQ,6810,24314,165620540,70248643530,10315513,2022-12-29
030000,제일기획,KOSPI,KOSPI,23050,277991,6413081100,2651700236250,115041225,2022-12-29
052670,제일바이오,KOSDAQ,KOSDAQ,1245,43147,53972400,36265684680,29129064,2022-12-29
271980,제일약품,KOSPI,KOSPI,21000,1783979,40113369100,308802312000,14704872,2022-12-29
001560,제일연마,KOSPI,KOSPI,8650,6885,59106750,86500000000,10000000,2022-12-29
199820,제일전기공업,KOSDAQ,KOSDAQ,9470,4104,39017270,105211700000,11110000,2022-12-29
038010,제일테크노스,KOSDAQ,KOSDAQ,6810,92292,634952820,61290000000,9000000,2022-12-29
002620,제일파마홀딩스,KOSPI,KOSPI,15400,3045840,48652264550,245989667000,15973355,2022-12-29
276730,제주맥주,KOSDAQ,KOSDAQ,1320,217633,291285330,75479805720,57181671,2022-12-29
080220,제주반도체,KOSDAQ,KOSDAQ,3580,452764,1633645205,123305342140,34442833,2022-12-29
006220,제주은행,KOSPI,KOSPI,10650,7511676,85549561650,342171443100,32128774,2022-12-29
089590,제주항공,KOSPI,KOSPI,14900,962505,14210086200,1147206293900,76993711,2022-12-29
216080,제테마,KOSDAQ,KOSDAQ,13100,36892,471531950,233353692900,17813259,2022-12-29
229000,젠큐릭스,KOSDAQ,KOSDAQ,6920,157913,1072585470,46146628960,6668588,2022-12-29
248020,젬,KONEX,KONEX,2495,1,2495,11903769750,4771050,2022-12-29
082270,젬백스,KOSDAQ,KOSDAQ,11850,240224,2770864050,472316778600,39857956,2022-12-29
064800,젬백스링크,KOSDAQ,KOSDAQ,1325,863066,1141887170,110964930025,83747117,2022-12-29
044060,조광ILI,KOSDAQ,KOSDAQ,1175,2475958,2961304780,112485316200,95732184,2022-12-29
004910,조광페인트,KOSPI,KOSPI,7520,18869,142641130,96256000000,12800000,2022-12-29
004700,조광피혁,KOSPI,KOSPI,49200,1585,78123900,327137589600,6649138,2022-12-29
001550,조비,KOSPI,KOSPI,15300,22704,341641150,79441256700,5192239,2022-12-29
000480,조선내화,KOSPI,KOSPI,75800,1459,110291400,303200000000,4000000,2022-12-29
120030,조선선재,KOSPI,KOSPI,99700,8029,803402400,125387804700,1257651,2022-12-29
034940,조아제약,KOSDAQ,KOSDAQ,2355,104134,245960395,72957492585,30979827,2022-12-29
067000,조이시티,KOSDAQ,KOSDAQ,4040,20334618,90035951515,276807112480,68516612,2022-12-29
018470,조일알미늄,KOSPI,KOSPI,2355,6372366,15325092660,298217702955,126631721,2022-12-29
002600,조흥,KOSPI,KOSPI,202500,53,10679000,121500000000,600000,2022-12-29
185750,종근당,KOSPI,KOSPI,82100,18305,1505768700,984217919800,11988038,2022-12-29
063160,종근당바이오,KOSPI,KOSPI,23800,19814,465638500,130565895600,5485962,2022-12-29
001630,종근당홀딩스,KOSPI,KOSPI,53000,4051,214688500,265522633000,5009861,2022-12-29
033340,좋은사람들,KOSDAQ,KOSDAQ,2110,0,0,204565677380,96950558,2022-12-29
036930,주성엔지니어링,KOSDAQ GLOBAL,KOSDAQ,10600,565073,6029166300,511441647200,48249212,2022-12-29
044380,주연테크,KOSPI,KOSPI,806,490844,398502964,47714590664,59199244,2022-12-29
239340,줌인터넷,KOSDAQ,KOSDAQ,3145,196483,618903505,84850948930,26979634,2022-12-29
051980,중앙디앤엠,KOSDAQ,KOSDAQ,1320,821277,1097502465,48398102280,36665229,2022-12-29
072020,중앙백신,KOSDAQ,KOSDAQ,11000,16341,178793850,109560000000,9960000,2022-12-29
000440,중앙에너비스,KOSDAQ,KOSDAQ,19500,34097,674771750,121429035000,6227130,2022-12-29
078650,지나인제약,KOSDAQ,KOSDAQ,2120,0,0,8647007240,4078777,2022-12-29
228760,지노믹트리,KOSDAQ,KOSDAQ,8790,12004,105020070,184820333160,21026204,2022-12-29
314130,지놈앤컴퍼니,KOSDAQ,KOSDAQ,17450,55148,965572400,245897041450,14091521,2022-12-29
013890,지누스,KOSPI,KOSPI,35000,59022,2069179950,661523660000,18900676,2022-12-29
389030,지니너스,KOSDAQ,KOSDAQ,2145,165471,357665180,69944042025,32607945,2022-12-29
043610,지니뮤직,KOSDAQ,KOSDAQ,3410,121864,418358105,198173643580,58115438,2022-12-29
263860,지니언스,KOSDAQ,KOSDAQ,8220,25439,213116360,77634612000,9444600,2022-12-29
303030,지니틱스,KOSDAQ,KOSDAQ,1340,360556,487638820,47899195120,35745668,2022-12-29
036180,지더블유바이텍,KOSDAQ,KOSDAQ,729,227456,161411987,35862124923,49193587,2022-12-29
208350,지란지교시큐리티,KOSDAQ,KOSDAQ,4125,16433,67375520,36459014625,8838549,2022-12-29
144510,지씨셀,KOSDAQ,KOSDAQ,47150,45724,2172037500,744986219600,15800344,2022-12-29
382480,지아이텍,KOSDAQ,KOSDAQ,3160,346662,1108131245,124368562400,39357140,2022-12-29
382800,지앤비에스엔지니어링,KOSDAQ,KOSDAQ,11100,69564,782525450,84118497300,7578243,2022-12-29
299480,지앤이헬스케어,KONEX,KONEX,799,1,799,8869493657,11100743,2022-12-29
051160,지어소프트,KOSDAQ,KOSDAQ,9200,102740,961998030,142364756000,15474430,2022-12-29
053050,지에스이,KOSDAQ,KOSDAQ,3815,973723,3792321180,114402682555,29987597,2022-12-29
388610,지에프씨생명과학,KONEX,KONEX,21950,192,3987000,22751745700,1036526,2022-12-29
119850,지엔씨에너지,KOSDAQ,KOSDAQ,3575,147938,535215380,58804849675,16448909,2022-12-29
270520,지엔원에너지,KOSDAQ,KOSDAQ,3555,3378059,12321539255,110947667940,31208908,2022-12-29
065060,지엔코,KOSDAQ,KOSDAQ,397,110545,43740581,38909193468,98008044,2022-12-29
204840,지엘팜텍,KOSDAQ,KOSDAQ,750,158470,115067835,46578045750,62104061,2022-12-29
013870,지엠비코리아,KOSPI,KOSPI,4450,14195,63509520,84871646000,19072280,2022-12-29
071320,지역난방공사,KOSPI,KOSPI,28500,2342,66444550,329994204000,11578744,2022-12-29
311320,지오엘리먼트,KOSDAQ,KOSDAQ,19600,42143,830834400,123622688000,6307280,2022-12-29
035000,지투알,KOSPI,KOSPI,5900,10195,59982160,97747713100,16567409,2022-12-29
388050,지투파워,KOSDAQ,KOSDAQ,8210,973159,8213240210,149566093710,18217551,2022-12-29
219750,지티지웰니스,KOSDAQ,KOSDAQ,1425,0,0,27234074175,19111631,2022-12-29
088790,진도,KOSPI,KOSPI,2635,24909,66662560,32799805440,12447744,2022-12-29
018120,진로발효,KOSDAQ,KOSDAQ,20950,2165,45466650,138712464000,6621120,2022-12-29
109820,진매트릭스,KOSDAQ,KOSDAQ,4055,131158,540597255,82696210200,20393640,2022-12-29
086060,진바이오텍,KOSDAQ,KOSDAQ,3990,55364,221619825,34356242130,8610587,2022-12-29
036890,진성티이씨,KOSDAQ,KOSDAQ,13150,410405,5358737100,295641824200,22482268,2022-12-29
363250,진시스템,KOSDAQ,KOSDAQ,8370,2862480,22141109780,58003932600,6929980,2022-12-29
003780,진양산업,KOSPI,KOSPI,6240,29732,185861250,81120000000,13000000,2022-12-29
007370,진양제약,KOSDAQ,KOSDAQ,6520,23622,152585240,78240000000,12000000,2022-12-29
010640,진양폴리,KOSPI,KOSPI,4420,20958,92303005,44200000000,10000000,2022-12-29
100250,진양홀딩스,KOSPI,KOSPI,3025,52950,160311095,169083258300,55895292,2022-12-29
051630,진양화학,KOSPI,KOSPI,3595,10424,37383810,56801000000,15800000,2022-12-29
272450,진에어,KOSPI,KOSPI,16450,385802,6389790700,858690000000,52200000,2022-12-29
011000,진원생명과학,KOSPI,KOSPI,7140,380202,2718050050,555146416860,77751599,2022-12-29
250030,진코스텍,KONEX,KONEX,3795,82,300090,9826533915,2589337,2022-12-29
002780,진흥기업,KOSPI,KOSPI,1275,765381,985475165,185476474875,145471745,2022-12-29
002787,진흥기업2우B,KOSPI,KOSPI,13000,185,2394800,3832504000,294808,2022-12-29
002785,진흥기업우B,KOSPI,KOSPI,4935,1102,5377790,4230370830,857218,2022-12-29
233990,질경이,KONEX,KONEX,697,4026,2467346,9734522252,13966316,2022-12-29
085660,차바이오텍,KOSDAQ,KOSDAQ,13000,287265,3763398000,731488134000,56268318,2022-12-29
261780,차백신연구소,KOSDAQ,KOSDAQ,4985,155528,779028280,131749372570,26429162,2022-12-29
009310,참엔지니어링,KOSPI,KOSPI,710,167340,118996766,41795867490,58867419,2022-12-29
094850,참좋은여행,KOSDAQ,KOSDAQ,11000,177300,1963947600,154000000000,14000000,2022-12-29
004650,창해에탄올,KOSDAQ,KOSDAQ,10750,43709,473776100,98802013750,9190885,2022-12-29
278280,천보,KOSDAQ GLOBAL,KOSDAQ,218300,70221,15069072200,2183000000000,10000000,2022-12-29
000650,천일고속,KOSPI,KOSPI,60500,1114,67227900,86467810000,1429220,2022-12-29
140290,청광건설,KONEX,KONEX,510,0,0,5383101000,10555100,2022-12-29
362320,청담글로벌,KOSDAQ,KOSDAQ,11000,2739437,31006322350,226064190000,20551290,2022-12-29
066360,체리부로,KOSDAQ,KOSDAQ,1080,10931,11675140,50622331320,46872529,2022-12-29
033250,체시스,KOSPI,KOSPI,896,44633,40270207,28672000000,32000000,2022-12-29
047820,초록뱀미디어,KOSDAQ,KOSDAQ,10650,78325,832971700,231240276300,21712702,2022-12-29
131100,초록뱀이앤엠,KOSDAQ,KOSDAQ,2420,27736,69202755,64936353680,26833204,2022-12-29
052300,초록뱀컴퍼니,KOSDAQ,KOSDAQ,511,734695,378879920,60630880730,118651430,2022-12-29
118000,초록뱀헬스케어,KOSPI,KOSPI,520,544877,286751930,44046592200,84704985,2022-12-29
094360,칩스앤미디어,KOSDAQ,KOSDAQ,14100,69999,995386150,135928441500,9640315,2022-12-29
016790,카나리아바이오,KOSDAQ,KOSDAQ,12400,1770929,22825887050,581131493200,46865443,2022-12-29
016920,카스,KOSDAQ,KOSDAQ,1650,192386,322323295,43714337700,26493538,2022-12-29
284620,카이노스메드,KOSDAQ,KOSDAQ,4100,147351,605294600,114481823600,27922396,2022-12-29
446600,카이바이오텍,KONEX,KONEX,22500,0,0,22078822500,981281,2022-12-29
035720,카카오,KOSPI,KOSPI,53100,1319611,70904387100,23651291549700,445410387,2022-12-29
293490,카카오게임즈,KOSDAQ GLOBAL,KOSDAQ,44650,2758353,125672124200,3673874065100,82281614,2022-12-29
323410,카카오뱅크,KOSPI,KOSPI,24300,1906638,46672888750,11584391669100,476723937,2022-12-29
377300,카카오페이,KOSPI,KOSPI,54200,519289,28460729100,7208753223400,133002827,2022-12-29
042000,카페24,KOSDAQ,KOSDAQ,9860,57617,572498900,221822372280,22497198,2022-12-29
006380,카프로,KOSPI,KOSPI,1960,59556,117946310,78400000000,40000000,2022-12-29
317530,캐리소프트,KOSDAQ,KOSDAQ,7330,142637,1075033520,51025566680,6961196,2022-12-29
071850,캐스텍코리아,KOSDAQ,KOSDAQ,2085,24026,49426340,34546756980,16569188,2022-12-29
050110,캠시스,KOSDAQ,KOSDAQ,1755,935577,1643994500,129561327090,73824118,2022-12-29
119860,커넥트웨이브,KOSDAQ,KOSDAQ,15400,96336,1498114250,742171768800,48192972,2022-12-29
223310,커머스마이너,KOSDAQ,KOSDAQ,3320,0,0,52224831720,15730371,2022-12-29
109070,컨버즈,KOSPI,KOSPI,4100,0,0,150921943000,36810230,2022-12-29
900310,컬러레이,KOSDAQ,KOSDAQ,1205,2091513,2547631775,77170218375,64041675,2022-12-29
078340,컴투스,KOSDAQ,KOSDAQ,59600,251710,15562980900,766838632000,12866420,2022-12-29
063080,컴투스홀딩스,KOSDAQ,KOSDAQ,38750,78683,3129817750,255563690000,6595192,2022-12-29
307930,컴퍼니케이,KOSDAQ,KOSDAQ,5470,28175,154040930,85386700000,15610000,2022-12-29
079190,케스피온,KOSDAQ,KOSDAQ,1175,264675,300866685,37346431475,31784197,2022-12-29
263700,케어랩스,KOSDAQ,KOSDAQ,6610,55901,370350520,120403780780,18215398,2022-12-29
214370,케어젠,KOSDAQ,KOSDAQ,137100,65748,9135303900,1472865300000,10743000,2022-12-29
221980,케이디켐,KOSDAQ,KOSDAQ,13200,13397,178196900,53259360000,4034800,2022-12-29
001620,케이비아이동국실업,KOSPI,KOSPI,610,50446,30839555,61166539760,100273016,2022-12-29
424140,케이비제21호스팩,KOSDAQ,KOSDAQ,1980,81994,162253020,15265800000,7710000,2022-12-29
436530,케이비제22호스팩,KOSDAQ,KOSDAQ,1985,8657,17206465,10361700000,5220000,2022-12-29
440200,케이비제23호스팩,KOSDAQ,KOSDAQ,1980,24539,48879040,12127500000,6125000,2022-12-29
192250,케이사인,KOSDAQ,KOSDAQ,1590,4652766,7820588340,112367298630,70671257,2022-12-29
029460,케이씨,KOSPI,KOSPI,17050,21473,363036000,231096450200,13554044,2022-12-29
115500,케이씨에스,KOSDAQ,KOSDAQ,5240,50878,265071130,62880000000,12000000,2022-12-29
281820,케이씨텍,KOSPI,KOSPI,14800,23113,346535900,308751028800,20861556,2022-12-29
089150,케이씨티,KOSDAQ,KOSDAQ,3220,46260,147814090,55223000000,17150000,2022-12-29
025880,케이씨피드,KOSDAQ,KOSDAQ,2555,150180,385469620,42709017190,16715858,2022-12-29
093320,케이아이엔엑스,KOSDAQ,KOSDAQ,54600,19782,1091783000,266448000000,4880000,2022-12-29
073010,케이에스피,KOSDAQ,KOSDAQ,1750,12566773,25742734310,63336449750,36192257,2022-12-29
105330,케이엔더블유,KOSDAQ,KOSDAQ,8100,22596,180830130,98296594200,12135382,2022-12-29
272110,케이엔제이,KOSDAQ,KOSDAQ,12850,26393,338547050,102098325750,7945395,2022-12-29
039420,케이엘넷,KOSDAQ,KOSDAQ,2470,133035,335211290,59662183100,24154730,2022-12-29
083550,케이엠,KOSDAQ,KOSDAQ,6110,71960,439151780,68747373760,11251616,2022-12-29
032500,케이엠더블유,KOSDAQ,KOSDAQ,26500,95848,2558319050,1055253399500,39820883,2022-12-29
225430,케이엠제약,KOSDAQ,KOSDAQ,1590,2854747,4582007360,44340409500,27887050,2022-12-29
102370,케이옥션,KOSDAQ,KOSDAQ,4605,76507,355205375,125136891675,27174135,2022-12-29
381970,케이카,KOSPI,KOSPI,11550,666990,7895282800,555399456150,48086533,2022-12-29
145270,케이탑리츠,KOSPI,KOSPI,885,128355,113943335,42533784990,48060774,2022-12-29
036030,케이티알파,KOSDAQ,KOSDAQ,5430,49642,268616580,266174706690,49019283,2022-12-29
064820,케이프,KOSDAQ,KOSDAQ,4430,32235,141596220,136894655040,30901728,2022-12-29
256940,케이피에스,KOSDAQ,KOSDAQ,6820,8448,56945680,127865847560,18748658,2022-12-29
024880,케이피에프,KOSDAQ,KOSDAQ,5090,196829,1007740410,101427070970,19926733,2022-12-29
042040,케이피엠테크,KOSDAQ,KOSDAQ,347,396535,136137788,56505239529,162839307,2022-12-29
054410,케이피티유,KOSDAQ,KOSDAQ,5060,10786,54084520,25603600000,5060000,2022-12-29
258610,케일럼,KOSDAQ,KOSDAQ,3600,313696,1208425205,79728343200,22146762,2022-12-29
274090,켄코아에어로스페이스,KOSDAQ,KOSDAQ,12100,48667,593638700,148196540800,12247648,2022-12-29
402420,켈스,KONEX,KONEX,13800,0,0,30726252000,2226540,2022-12-29
089010,켐트로닉스,KOSDAQ,KOSDAQ,13250,59480,792700350,196870580250,14858157,2022-12-29
220260,켐트로스,KOSDAQ,KOSDAQ,6970,171790,1199751070,185111399790,26558307,2022-12-29
176590,코나솔,KONEX,KONEX,6610,1005,6798150,38492231130,5823333,2022-12-29
052400,코나아이,KOSDAQ,KOSDAQ,16300,53885,885984650,244499983700,14999999,2022-12-29
402030,코난테크놀로지,KOSDAQ,KOSDAQ,28250,113471,3138434500,160472543000,5680444,2022-12-29
391710,코닉오토메이션,KOSDAQ,KOSDAQ,3855,157907,622064320,155021970810,40213222,2022-12-29
046070,코다코,KOSDAQ,KOSDAQ,1045,58441,61023485,40822147520,39064256,2022-12-29
047770,코데즈컴바인,KOSDAQ,KOSDAQ,1745,86228,150667220,66035340490,37842602,2022-12-29
078940,코드네이처,KOSDAQ,KOSDAQ,1130,293171,329901670,44535757750,39412175,2022-12-29
080530,코디,KOSDAQ,KOSDAQ,1340,21934,29026695,37910339320,28291298,2022-12-29
417310,코람코더원리츠,KOSPI,KOSPI,4270,21572,92024460,172508000000,40400000,2022-12-29
357120,코람코에너지리츠,KOSPI,KOSPI,5370,69672,372395250,475430125380,88534474,2022-12-29
104540,코렌텍,KOSDAQ,KOSDAQ,10800,32083,346257750,133361856000,12348320,2022-12-29
027050,코리아나,KOSDAQ,KOSDAQ,3410,982720,3312868845,136400000000,40000000,2022-12-29
007815,코리아써우,KOSPI,KOSPI,6820,1492,10455970,20219185800,2964690,2022-12-29
007810,코리아써키트,KOSPI,KOSPI,12000,112517,1357564400,283449012000,23620751,2022-12-29
00781K,코리아써키트2우B,KOSPI,KOSPI,8130,366,2950610,6371472870,783699,2022-12-29
190650,코리아에셋투자증권,KOSDAQ,KOSDAQ,7420,4328,31848400,47398960000,6388000,2022-12-29
123410,코리아에프티,KOSDAQ,KOSDAQ,2385,224238,539837040,66400937640,27841064,2022-12-29
003690,코리안리,KOSPI,KOSPI,6810,232908,1593592770,959004214590,140822939,2022-12-29
036690,코맥스,KOSDAQ,KOSDAQ,2995,383209,1174987695,46701265615,15593077,2022-12-29
049430,코메론,KOSDAQ,KOSDAQ,9920,31543,309981270,89756160000,9048000,2022-12-29
183300,코미코,KOSDAQ GLOBAL,KOSDAQ,43100,43312,1866414600,431881265700,10020447,2022-12-29
041960,코미팜,KOSDAQ,KOSDAQ,6990,181571,1269548810,448659273240,64185876,2022-12-29
089890,코세스,KOSDAQ,KOSDAQ,10100,354067,3557894610,167508116200,16584962,2022-12-29
009730,코센,KOSDAQ,KOSDAQ,1370,68512,93360385,34510324660,25190018,2022-12-29
189350,코셋,KONEX,KONEX,2075,1,2075,9960000000,4800000,2022-12-29
082660,코스나인,KOSDAQ,KOSDAQ,603,280235,168072604,33509418525,55571175,2022-12-29
192820,코스맥스,KOSPI,KOSPI,74100,112038,8220366400,840998616900,11349509,2022-12-29
044820,코스맥스비티아이,KOSPI,KOSPI,8870,14525,129476840,85186779270,9603921,2022-12-29
222040,코스맥스엔비티,KOSDAQ,KOSDAQ,4290,20477,86761200,88494120000,20628000,2022-12-29
241710,코스메카코리아,KOSDAQ,KOSDAQ,10250,212875,2212329550,109470000000,10680000,2022-12-29
005070,코스모신소재,KOSPI,KOSPI,51800,221401,11617064900,1587709160800,30650756,2022-12-29
005420,코스모화학,KOSPI,KOSPI,20550,639751,13343108900,719419085400,35008228,2022-12-29
069110,코스온,KOSDAQ,KOSDAQ,2630,0,0,62963935800,23940660,2022-12-29
169670,코스텍시스템,KONEX,KONEX,6770,384,2569390,19419074770,2868401,2022-12-29
071950,코아스,KOSPI,KOSPI,730,157407,114313404,22562263300,30907210,2022-12-29
166480,코아스템켐온,KOSDAQ,KOSDAQ,7770,55217,432863970,255402821520,32870376,2022-12-29
045970,코아시아,KOSDAQ,KOSDAQ,4855,49617,242095760,127758722980,26314876,2022-12-29
196450,코아시아옵틱스,KOSDAQ,KOSDAQ,1445,33042,47316350,59581144570,41232626,2022-12-29
029960,코엔텍,KOSDAQ,KOSDAQ,7620,253704,1886476510,381000000000,50000000,2022-12-29
002020,코오롱,KOSPI,KOSPI,21900,35301,776785100,276518729400,12626426,2022-12-29
003070,코오롱글로벌,KOSPI,KOSPI,18750,0,0,472695712500,25210438,2022-12-29
003075,코오롱글로벌우,KOSPI,KOSPI,36400,0,0,35903103600,986349,2022-12-29
102940,코오롱생명과학,KOSDAQ,KOSDAQ,27400,23152,645351800,312698554400,11412356,2022-12-29
002025,코오롱우,KOSPI,KOSPI,16750,3848,64842550,18029532500,1076390,2022-12-29
120110,코오롱인더,KOSPI,KOSPI,41150,112589,4664159600,1132410594650,27519091,2022-12-29
120115,코오롱인더우,KOSPI,KOSPI,23800,5869,139277700,65875068000,2767860,2022-12-29
950160,코오롱티슈진,KOSDAQ,KOSDAQ,8890,213257,1907563880,612432544500,68890050,2022-12-29
138490,코오롱플라스틱,KOSPI,KOSPI,8740,102759,904841550,332120000000,38000000,2022-12-29
056000,코원플레이,KOSDAQ,KOSDAQ,2860,0,0,56399843500,19720225,2022-12-29
021240,코웨이,KOSPI,KOSPI,55900,118231,6635688000,4125398702100,73799619,2022-12-29
033290,코웰패션,KOSDAQ,KOSDAQ,4405,350002,1574687660,389843530770,88500234,2022-12-29
056360,코위버,KOSDAQ,KOSDAQ,6980,56366,392029070,68381664000,9796800,2022-12-29
282880,코윈테크,KOSDAQ,KOSDAQ,23000,31781,737578850,224258579000,9750373,2022-12-29
121850,코이즈,KOSDAQ,KOSDAQ,2730,2966163,8510753895,53546697750,19614175,2022-12-29
015710,코콤,KOSDAQ,KOSDAQ,6550,22861991,159128411670,114824775000,17530500,2022-12-29
052330,코텍,KOSDAQ,KOSDAQ,9100,35640,324063650,141728423200,15574552,2022-12-29
322780,코퍼스코리아,KOSDAQ,KOSDAQ,2745,925035,2479154355,99459340695,36232911,2022-12-29
126600,코프라,KOSDAQ,KOSDAQ,4805,122402,592855065,141919970670,29535894,2022-12-29
036420,콘텐트리중앙,KOSPI,KOSPI,28550,169292,4915947150,549938893400,19262308,2022-12-29
200130,콜마비앤에이치,KOSDAQ GLOBAL,KOSDAQ,28300,128401,3568033050,836082691400,29543558,2022-12-29
031820,콤텍시스템,KOSPI,KOSPI,607,378250,230563129,73478239862,121051466,2022-12-29
294570,쿠콘,KOSDAQ,KOSDAQ,32750,53378,1741497850,335840933750,10254685,2022-12-29
192400,쿠쿠홀딩스,KOSPI,KOSPI,16450,17261,281141650,584997943250,35562185,2022-12-29
284740,쿠쿠홈시스,KOSPI,KOSPI,29400,13557,401330400,659657502000,22437330,2022-12-29
317690,퀀타매트릭스,KOSDAQ,KOSDAQ,4620,35975,166698980,76134878820,16479411,2022-12-29
365270,큐라클,KOSDAQ,KOSDAQ,11350,32752,374821100,157151736800,13845968,2022-12-29
060280,큐렉소,KOSDAQ,KOSDAQ,6720,12087,82110390,261455644800,38907090,2022-12-29
015590,큐로,KOSPI,KOSPI,343,146348,50553027,79305591834,231211638,2022-12-29
040350,큐로컴,KOSDAQ,KOSDAQ,666,83253,55498818,83898332352,125973472,2022-12-29
051780,큐로홀딩스,KOSDAQ,KOSDAQ,411,412747,174198393,51137626950,124422450,2022-12-29
115180,큐리언트,KOSDAQ,KOSDAQ,10600,62912,638539980,122572050600,11563401,2022-12-29
182360,큐브엔터,KOSDAQ,KOSDAQ,16200,243151,4057840400,223635929400,13804687,2022-12-29
405100,큐알티,KOSDAQ,KOSDAQ,12000,71603,870975500,47814672000,3984556,2022-12-29
066310,큐에스아이,KOSDAQ,KOSDAQ,9430,49733,469049510,87431386030,9271621,2022-12-29
136660,큐엠씨,KONEX,KONEX,2800,4,10810,26442640000,9443800,2022-12-29
016600,큐캐피탈,KOSDAQ,KOSDAQ,388,1050816,411081715,69159879456,178247112,2022-12-29
264900,크라운제과,KOSPI,KOSPI,8500,36381,310645100,106452725000,12523850,2022-12-29
26490K,크라운제과우,KOSPI,KOSPI,10700,5893,63022400,8277092000,773560,2022-12-29
005740,크라운해태홀딩스,KOSPI,KOSPI,6790,25994,176361730,100813486130,14847347,2022-12-29
005745,크라운해태홀딩스우,KOSPI,KOSPI,10700,667,7084400,6427768200,600726,2022-12-29
259960,크래프톤,KOSPI,KOSPI,168000,342547,58920797000,8245699560000,49081545,2022-12-29
096240,크레버스,KOSDAQ,KOSDAQ,18150,72082,1286398450,209519316600,11543764,2022-12-29
215570,크로넥스,KONEX,KONEX,2095,126,262100,10638529415,5078057,2022-12-29
043590,크로바하이텍,KOSDAQ,KOSDAQ,1060,254975,265760400,37900981580,35755643,2022-12-29
114120,크루셜텍,KOSDAQ,KOSDAQ,10850,0,0,24913021350,2296131,2022-12-29
110790,크리스에프앤씨,KOSDAQ,KOSDAQ,20600,25959,535337150,241338888000,11715480,2022-12-29
900250,크리스탈신소재,KOSDAQ,KOSDAQ,909,1552668,1454948806,87164954451,95891039,2022-12-29
083790,크리스탈지노믹스,KOSDAQ,KOSDAQ,3500,143430,505573795,247612701000,70746486,2022-12-29
045520,크린앤사이언스,KOSDAQ,KOSDAQ,9370,16208,152841480,60905000000,6500000,2022-12-29
036170,클라우드에어,KOSDAQ,KOSDAQ,914,140538,127971417,56088182164,61365626,2022-12-29
214150,클래시스,KOSDAQ GLOBAL,KOSDAQ,18400,139729,2578146750,1191891316800,64776702,2022-12-29
352770,클리노믹스,KOSDAQ,KOSDAQ,6620,78644,524855840,90165333420,13620141,2022-12-29
237880,클리오,KOSDAQ,KOSDAQ,16200,140925,2284527000,292755918600,18071353,2022-12-29
139670,키네마스터,KOSDAQ,KOSDAQ,8570,185024,1632406720,116091850990,13546307,2022-12-29
020120,키다리스튜디오,KOSPI,KOSPI,9150,1742509,16359659100,334896780150,36600741,2022-12-29
413600,키움제6호스팩,KOSDAQ,KOSDAQ,2010,34888,70101370,6894300000,3430000,2022-12-29
433530,키움제7호스팩,KOSDAQ,KOSDAQ,2015,6627,13320180,8271575000,4105000,2022-12-29
039490,키움증권,KOSPI,KOSPI,84000,72181,6093072800,2202439092000,26219513,2022-12-29
054780,키이스트,KOSDAQ,KOSDAQ,9350,390401,3675440010,182771864550,19547793,2022-12-29
336040,타스컴,KONEX,KONEX,14200,90,1276000,57810656600,4071173,2022-12-29
219130,타이거일렉,KOSDAQ,KOSDAQ,20050,10837,214556550,126601514500,6314290,2022-12-29
346010,타이드,KONEX,KONEX,10650,692,5762350,51759660300,4860062,2022-12-29
318660,타임기술,KONEX,KONEX,2095,72,130445,4508651595,2152101,2022-12-29
434190,탈로스,KONEX,KONEX,12950,139,1735950,38115476000,2943280,2022-12-29
360070,탑머티리얼,KOSDAQ,KOSDAQ,30350,93929,2928859850,242324810050,7984343,2022-12-29
180060,탑선,KONEX,KONEX,9770,241,2290820,90291076820,9241666,2022-12-29
065130,탑엔지니어링,KOSDAQ,KOSDAQ,5140,6847,35377010,82117960980,15976257,2022-12-29
134580,탑코미디어,KOSDAQ,KOSDAQ,4950,64741,323603210,79022661300,15964174,2022-12-29
014580,태경비케이,KOSPI,KOSPI,5200,536616,2809516230,143432120000,27583100,2022-12-29
015890,태경산업,KOSPI,KOSPI,6480,81989,525772410,189402300000,29228750,2022-12-29
006890,태경케미컬,KOSPI,KOSPI,10750,35664,382412250,124700000000,11600000,2022-12-29
023160,태광,KOSDAQ,KOSDAQ,16100,147861,2399462950,426650000000,26500000,2022-12-29
003240,태광산업,KOSPI,KOSPI,746000,1019,748147000,830596400000,1113400,2022-12-29
011280,태림포장,KOSPI,KOSPI,2865,150319,437559180,202859018100,70805940,2022-12-29
323280,태성,KOSDAQ,KOSDAQ,1720,259359,434177440,41524635600,24142230,2022-12-29
053620,태양,KOSDAQ,KOSDAQ,7950,7178,57799120,68370000000,8600000,2022-12-29
004100,태양금속,KOSPI,KOSPI,1445,158301,224301445,53031500000,36700000,2022-12-29
004105,태양금속우,KOSPI,KOSPI,2325,11488,26552885,7672500000,3300000,2022-12-29
116100,태양기계,KONEX,KONEX,1165,232,246180,7269583690,6239986,2022-12-29
009410,태영건설,KOSPI,KOSPI,4030,143192,575406740,156763364940,38899098,2022-12-29
009415,태영건설우,KOSPI,KOSPI,6690,506,3379420,8711329980,1302142,2022-12-29
044490,태웅,KOSDAQ,KOSDAQ,9800,60265,574318670,196072333800,20007381,2022-12-29
124560,태웅로직스,KOSDAQ,KOSDAQ,4385,348918,1549636025,168456720840,38416584,2022-12-29
001420,태원물산,KOSPI,KOSPI,3895,4234,16653475,29602000000,7600000,2022-12-29
007980,태평양물산,KOSPI,KOSPI,1715,729788,1257794890,83410861765,48636071,2022-12-29
191420,테고사이언스,KOSDAQ,KOSDAQ,12200,9359,113623750,98927774800,8108834,2022-12-29
073640,테라사이언스,KOSDAQ,KOSDAQ,1860,2331032,4504958710,155275180800,83481280,2022-12-29
066700,테라젠이텍스,KOSDAQ,KOSDAQ,4420,79115,349609710,143537002700,32474435,2022-12-29
095610,테스,KOSDAQ GLOBAL,KOSDAQ,15700,81620,1295515100,310361148200,19768226,2022-12-29
055490,테이팩스,KOSPI,KOSPI,52400,11426,597832100,247204860000,4717650,2022-12-29
308700,테크엔,KONEX,KONEX,610,1,610,2440000000,4000000,2022-12-29
064520,테크엘,KOSDAQ,KOSDAQ,5680,9764,54923380,62143181680,10940701,2022-12-29
089030,테크윙,KOSDAQ,KOSDAQ,5640,155846,877827140,210674557800,37353645,2022-12-29
258050,테크트랜스,KONEX,KONEX,1000,1,1000,9720091000,9720091,2022-12-29
054450,텔레칩스,KOSDAQ,KOSDAQ,11050,73458,809451050,153107816550,13855911,2022-12-29
091440,텔레필드,KOSDAQ,KOSDAQ,2015,50204,100810010,20629547835,10237989,2022-12-29
078000,텔코웨어,KOSPI,KOSPI,8750,351,3069600,84898677500,9702706,2022-12-29
200230,텔콘RF제약,KOSDAQ,KOSDAQ,1015,161187,164471730,110233364500,108604300,2022-12-29
214420,토니모리,KOSPI,KOSPI,4395,184592,815277305,105720841605,24054799,2022-12-29
393210,토마토시스템,KONEX,KONEX,12000,441,5111400,51494664000,4291222,2022-12-29
215480,토박스코리아,KOSDAQ,KOSDAQ,4180,43425,182510355,40190520260,9614957,2022-12-29
051360,토비스,KOSDAQ,KOSDAQ,9480,84940,790326560,155633709840,16417058,2022-12-29
045340,토탈소프트,KOSDAQ,KOSDAQ,3880,36272,143127800,33205195200,8558040,2022-12-29
108230,톱텍,KOSDAQ,KOSDAQ,6530,48800,316281620,248291789850,38023245,2022-12-29
079970,투비소프트,KOSDAQ,KOSDAQ,910,215016,200064128,42475867980,46676778,2022-12-29
199800,툴젠,KOSDAQ,KOSDAQ,54900,39252,2170975800,432891660600,7885094,2022-12-29
105550,트루윈,KOSDAQ,KOSDAQ,2190,156459,339896785,97088113680,44332472,2022-12-29
290090,트윔,KOSDAQ,KOSDAQ,15400,34556,509702400,113304329600,7357424,2022-12-29
026150,특수건설,KOSDAQ,KOSDAQ,7620,72206,552277210,133703042220,17546331,2022-12-29
322180,티라유텍,KOSDAQ,KOSDAQ,6880,2040,14073450,37779800000,5491250,2022-12-29
117730,티로보틱스,KOSDAQ,KOSDAQ,6000,67051,398502810,85382982000,14230497,2022-12-29
033830,티비씨,KOSDAQ,KOSDAQ,1110,323665,362253675,111000000000,100000000,2022-12-29
057680,티사이언티픽,KOSDAQ,KOSDAQ,2480,479442,1186699000,137512168400,55448455,2022-12-29
204610,티쓰리,KOSDAQ,KOSDAQ,1750,38308773,71141304165,114778566000,65587752,2022-12-29
064760,티씨케이,KOSDAQ GLOBAL,KOSDAQ,94600,23172,2206770900,1104455000000,11675000,2022-12-29
246710,티앤알바이오팹,KOSDAQ,KOSDAQ,11450,86918,991511050,242676086100,21194418,2022-12-29
340570,티앤엘,KOSDAQ,KOSDAQ,36200,70121,2504481550,294233600000,8128000,2022-12-29
043220,티에스넥스젠,KOSDAQ,KOSDAQ,888,236291,212408967,95816779752,107901779,2022-12-29
277880,티에스아이,KOSDAQ,KOSDAQ,8900,113372,1013242280,165925832800,18643352,2022-12-29
131290,티에스이,KOSDAQ GLOBAL,KOSDAQ,36950,107984,3985019850,408719801550,11061429,2022-12-29
019180,티에이치엔,KOSPI,KOSPI,3495,92107,323006180,62910000000,18000000,2022-12-29
425420,티에프이,KOSDAQ,KOSDAQ,7840,63445,498053500,89227040000,11381000,2022-12-29
356860,티엘비,KOSDAQ,KOSDAQ,18800,82537,1522572750,184853444000,9832630,2022-12-29
062860,티엘아이,KOSDAQ,KOSDAQ,5870,1480,8678750,57952866400,9872720,2022-12-29
413300,티엘엔지니어링,KONEX,KONEX,3995,5,19975,4918747870,1231226,2022-12-29
363280,티와이홀딩스,KOSPI,KOSPI,10450,38926,404442550,532210850600,50929268,2022-12-29
36328K,티와이홀딩스우,KOSPI,KOSPI,10800,1033,11146300,13557650400,1255338,2022-12-29
321550,티움바이오,KOSDAQ,KOSDAQ,12600,61201,760989750,302626522800,24017978,2022-12-29
091810,티웨이항공,KOSPI,KOSPI,2475,1687028,4157222035,396817440525,160330279,2022-12-29
004870,티웨이홀딩스,KOSPI,KOSPI,525,841212,441090693,57472887675,109472167,2022-12-29
104480,티케이케미칼,KOSDAQ,KOSDAQ,2830,561218,1604400815,257234078220,90895434,2022-12-29
081150,티플랙스,KOSDAQ,KOSDAQ,3750,216051,805992690,91006507500,24268402,2022-12-29
130740,티피씨글로벌,KOSDAQ,KOSDAQ,2895,37783,108513570,32645985705,11276679,2022-12-29
217880,틸론,KONEX,KONEX,11300,1358,15402900,60609188500,5363645,2022-12-29
084730,팅크웨어,KOSDAQ,KOSDAQ,12700,31973,413085250,132406161400,10425682,2022-12-29
046210,파나진,KOSDAQ,KOSDAQ,4240,1695446,7506268800,136259438400,32136660,2022-12-29
058530,파나케이아,KOSDAQ,KOSDAQ,1620,0,0,29287053360,18078428,2022-12-29
034230,파라다이스,KOSDAQ,KOSDAQ,17600,850809,14988886600,1601759209600,91009046,2022-12-29
033540,파라텍,KOSDAQ,KOSDAQ,791,359485,280937521,57881724789,73175379,2022-12-29
043200,파루,KOSDAQ,KOSDAQ,821,106772,87775225,34321342615,41804315,2022-12-29
214450,파마리서치,KOSDAQ GLOBAL,KOSDAQ,69900,95578,6646057000,706823907000,10111930,2022-12-29
217950,파마리서치바이오,KONEX,KONEX,26900,18,486650,108928617900,4049391,2022-12-29
208340,파멥신,KOSDAQ,KOSDAQ,2975,132051,391887340,76394388350,25678786,2022-12-29
005690,파미셀,KOSPI,KOSPI,11300,527568,5943936650,678191693200,60016964,2022-12-29
177830,파버나인,KOSDAQ,KOSDAQ,3730,43375,160864950,53297048690,14288753,2022-12-29
037070,파세코,KOSDAQ,KOSDAQ,13000,79746,1050345250,260000000000,20000000,2022-12-29
150900,파수,KOSDAQ,KOSDAQ,9100,44772,404015580,105877790200,11634922,2022-12-29
037030,파워넷,KOSDAQ,KOSDAQ,2865,97819,283088570,55930678980,19522052,2022-12-29
047310,파워로직스,KOSDAQ,KOSDAQ,4385,120911,533407810,150936006070,34420982,2022-12-29
266870,파워풀엑스,KONEX,KONEX,1235,48,56155,7914719800,6408680,2022-12-29
368770,파이버프로,KOSDAQ,KOSDAQ,2165,238852,528884555,71129397125,32854225,2022-12-29
170790,파이오링크,KOSDAQ,KOSDAQ,12100,16378,197507150,82961593000,6856330,2022-12-29
049120,파인디앤씨,KOSDAQ,KOSDAQ,1600,23014,36836150,48194708800,30121693,2022-12-29
038950,파인디지털,KOSDAQ,KOSDAQ,4485,28773,129362660,45795281025,10210765,2022-12-29
441270,파인엠텍,KOSDAQ,KOSDAQ,6160,127918,789680770,200390553440,32530934,2022-12-29
106240,파인테크닉스,KOSDAQ,KOSDAQ,2010,196220,398639210,32005344570,15923057,2022-12-29
131760,파인텍,KOSDAQ,KOSDAQ,1160,74242,84909235,49493689840,42666974,2022-12-29
065690,파커스,KOSDAQ,KOSDAQ,2285,12307,27400050,32102721335,14049331,2022-12-29
140860,파크시스템스,KOSDAQ,KOSDAQ,113900,17820,2034832500,791361140100,6947859,2022-12-29
091700,파트론,KOSDAQ GLOBAL,KOSDAQ,8100,508854,4147208950,477237533400,58918214,2022-12-29
202960,판도라티비,KONEX,KONEX,1095,10663,11346520,13047562290,11915582,2022-12-29
032800,판타지오,KOSDAQ,KOSDAQ,504,132456,66107858,48407269680,96046170,2022-12-29
318010,팜스빌,KOSDAQ,KOSDAQ,10900,26298,276999600,86429784200,7929338,2022-12-29
036580,팜스코,KOSPI,KOSPI,3900,134699,511792005,143238977700,36727943,2022-12-29
027710,팜스토리,KOSDAQ,KOSDAQ,1640,1123191,1866790360,182723224000,111416600,2022-12-29
004720,팜젠사이언스,KOSPI,KOSPI,6680,166510,1128826150,105750345200,15830890,2022-12-29
225590,패션플랫폼,KOSDAQ,KOSDAQ,1655,181667,304674805,44083760015,26636713,2022-12-29
054300,팬스타엔터프라이즈,KOSDAQ,KOSDAQ,608,118137,71794526,35953487200,59134025,2022-12-29
068050,팬엔터테인먼트,KOSDAQ,KOSDAQ,5210,639972,3465345870,144286135960,27694076,2022-12-29
028670,팬오션,KOSPI,KOSPI,5730,2155042,12428395940,3063083303760,534569512,2022-12-29
222110,팬젠,KOSDAQ,KOSDAQ,6500,18063,117483000,69404595000,10677630,2022-12-29
010820,퍼스텍,KOSPI,KOSPI,3280,3884171,12743387550,157641588800,48061460,2022-12-29
016800,퍼시스,KOSPI,KOSPI,30400,498,15165400,349600000000,11500000,2022-12-29
263750,펄어비스,KOSDAQ GLOBAL,KOSDAQ,41950,996552,43861380050,2694694117250,64235855,2022-12-29
251970,펌텍코리아,KOSDAQ,KOSDAQ,16450,20341,332462750,203980000000,12400000,2022-12-29
001020,페이퍼코리아,KOSPI,KOSPI,1095,97216,107144790,52085656950,47566810,2022-12-29
327610,펨토바이오메드,KONEX,KONEX,11750,3036,36957100,98714946000,8401272,2022-12-29
168360,펨트론,KOSDAQ,KOSDAQ,5560,123404,700284950,59181429520,10644142,2022-12-29
087010,펩트론,KOSDAQ,KOSDAQ,7650,2885942,24083320590,157795425450,20626853,2022-12-29
090080,평화산업,KOSPI,KOSPI,1175,172280,201164790,64510154325,54902259,2022-12-29
010770,평화홀딩스,KOSPI,KOSPI,3750,56188,211492925,54845497500,14625466,2022-12-29
119500,포메탈,KOSDAQ,KOSDAQ,3410,231505,790303115,40399061120,11847232,2022-12-29
389140,포바이포,KOSDAQ,KOSDAQ,11200,151652,1684625850,117524232000,10493235,2022-12-29
022100,포스코 ICT,KOSDAQ GLOBAL,KOSDAQ,6250,438358,2762977710,950217056250,152034729,2022-12-29
058430,포스코스틸리온,KOSPI,KOSPI,32200,69438,2229519150,193200000000,6000000,2022-12-29
009520,포스코엠텍,KOSDAQ,KOSDAQ,7990,2022034,16384713570,332725196970,41642703,2022-12-29
047050,포스코인터내셔널,KOSPI,KOSPI,22600,722802,16458067100,2788278367400,123375149,2022-12-29
003670,포스코케미칼,KOSPI,KOSPI,180000,548339,99599363500,13943379600000,77463220,2022-12-29
189690,포시에스,KOSDAQ,KOSDAQ,6690,25608,170605800,60927990870,9107323,2022-12-29
318020,포인트모바일,KOSDAQ,KOSDAQ,18100,0,0,229187123200,12662272,2022-12-29
256630,포인트엔지니어링,KOSDAQ,KOSDAQ,1975,6457,12737430,114544217200,57997072,2022-12-29
331380,포커스에이치엔에스,KOSDAQ,KOSDAQ,1915,22195,42552400,36478034530,19048582,2022-12-29
234100,폴라리스세원,KOSDAQ,KOSDAQ,1845,275243,509496800,88563293325,48001785,2022-12-29
041020,폴라리스오피스,KOSDAQ,KOSDAQ,1300,246213,317914515,61737091000,47490070,2022-12-29
114630,폴라리스우노,KOSDAQ,KOSDAQ,808,779961,635575743,49106429472,60775284,2022-12-29
290720,푸드나무,KOSDAQ,KOSDAQ,10300,239952,2776543200,70102150200,6806034,2022-12-29
005670,푸드웰,KOSDAQ,KOSDAQ,5400,39976,216774820,54000000000,10000000,2022-12-29
094940,푸른기술,KOSDAQ,KOSDAQ,6150,39611,247527770,51422523900,8361386,2022-12-29
007330,푸른저축은행,KOSDAQ,KOSDAQ,12400,455086,5878889150,187026720000,15082800,2022-12-29
017810,풀무원,KOSPI,KOSPI,11200,39477,439543950,426950070400,38120542,2022-12-29
093380,풍강,KOSDAQ,KOSDAQ,3580,20861,75134275,35367940540,9879313,2022-12-29
023900,풍국주정,KOSDAQ,KOSDAQ,12050,20342,247136650,151830000000,12600000,2022-12-29
103140,풍산,KOSPI,KOSPI,33650,180108,6035957400,943016954700,28024278,2022-12-29
005810,풍산홀딩스,KOSPI,KOSPI,28300,28737,806132150,294589642400,10409528,2022-12-29
371950,풍원정밀,KOSDAQ,KOSDAQ,9670,62193,603146190,203461518960,21040488,2022-12-29
370090,퓨런티어,KOSDAQ,KOSDAQ,18450,47961,888454100,146972331000,7965980,2022-12-29
341170,퓨쳐메디신,KONEX,KONEX,5090,542,2709430,47212142300,9275470,2022-12-29
220100,퓨쳐켐,KOSDAQ,KOSDAQ,9610,103269,992501970,212401709550,22102155,2022-12-29
035200,프럼파스트,KOSDAQ,KOSDAQ,3585,47188,171417545,34884165150,9730590,2022-12-29
334970,프레스티지바이오로직스,KOSDAQ,KOSDAQ,3020,178941,524187795,184546066380,61107969,2022-12-29
950210,프레스티지바이오파마,KOSPI,KOSPI,7330,29260,210930910,440504816150,60096155,2022-12-29
203690,프로스테믹스,KOSDAQ,KOSDAQ,988,218464,217352879,45354234848,45905096,2022-12-29
321260,프로이천,KOSDAQ,KOSDAQ,2175,152505,330309955,61317782700,28192084,2022-12-29
303360,프로테옴텍,KONEX,KONEX,6890,9574,66441060,77352066350,11226715,2022-12-29
053610,프로텍,KOSDAQ,KOSDAQ,21200,19280,405365950,233200000000,11000000,2022-12-29
377220,프롬바이오,KOSDAQ,KOSDAQ,8370,405371,3378176490,118477350000,14155000,2022-12-29
335810,프리시젼바이오,KOSDAQ,KOSDAQ,5930,11157,66444650,68644055180,11575726,2022-12-29
053160,프리엠스,KOSDAQ,KOSDAQ,6780,6708,45770590,40680000000,6000000,2022-12-29
405000,플라즈맵,KOSDAQ,KOSDAQ,5700,218170,1242592650,100986318600,17716898,2022-12-29
041590,플래스크,KOSDAQ,KOSDAQ,1110,409576,441039650,142342187550,128236205,2022-12-29
367000,플래티어,KOSDAQ,KOSDAQ,10050,14509,146265150,83110555350,8269707,2022-12-29
075130,플랜티넷,KOSDAQ,KOSDAQ,2380,156005,378970890,39561121600,16622320,2022-12-29
222670,플럼라인생명과학,KONEX,KONEX,4250,154,643780,12206212500,2872050,2022-12-29
009810,플레이그램,KOSPI,KOSPI,800,358539,283534628,84412521600,105515652,2022-12-29
237820,플레이디,KOSDAQ,KOSDAQ,5140,18389,93461635,65931499600,12827140,2022-12-29
023770,플레이위드,KOSDAQ,KOSDAQ,6350,155808,1024640420,55669307000,8766820,2022-12-29
300080,플리토,KOSDAQ,KOSDAQ,25700,25527,660291350,134129482200,5219046,2022-12-29
150440,피노텍,KONEX,KONEX,994,0,0,9508019528,9565412,2022-12-29
032580,피델릭스,KOSDAQ,KOSDAQ,1280,593587,754674590,42409041920,33132064,2022-12-29
051380,피씨디렉트,KOSDAQ,KOSDAQ,7960,410693,3355401990,61053486560,7670036,2022-12-29
241820,피씨엘,KOSDAQ,KOSDAQ,14950,26546,396902400,175404657350,11732753,2022-12-29
237750,피앤씨테크,KOSDAQ,KOSDAQ,5160,21928,112599590,33522456000,6496600,2022-12-29
024850,피에스엠씨,KOSDAQ,KOSDAQ,948,88928,83205199,38463797448,40573626,2022-12-29
319660,피에스케이,KOSDAQ GLOBAL,KOSDAQ,15400,206561,3189598000,446087395600,28966714,2022-12-29
031980,피에스케이홀딩스,KOSDAQ,KOSDAQ,6850,11343,78095760,147702405750,21562395,2022-12-29
002230,피에스텍,KOSDAQ,KOSDAQ,3760,8191,31221280,73956353680,19669243,2022-12-29
057880,피에이치씨,KOSDAQ,KOSDAQ,1740,0,0,206724832500,118807375,2022-12-29
043370,피에이치에이,KOSDAQ,KOSDAQ,7040,13472,93325010,147840000000,21000000,2022-12-29
242350,피엔아이컴퍼니,KONEX,KONEX,3850,883,3152830,18331852000,4761520,2022-12-29
239890,피엔에이치테크,KOSDAQ,KOSDAQ,15850,33147,518004100,145925117200,9206632,2022-12-29
347740,피엔케이피부임상연구센타,KOSDAQ,KOSDAQ,3035,225612,695242525,91082098160,30010576,2022-12-29
137400,피엔티,KOSDAQ GLOBAL,KOSDAQ,43350,328415,14410567500,985830933300,22741198,2022-12-29
128660,피제이메탈,KOSDAQ,KOSDAQ,3290,91135,303333000,81603084010,24803369,2022-12-29
006140,피제이전자,KOSDAQ,KOSDAQ,5610,8083,45891680,84150000000,15000000,2022-12-29
376180,피코그램,KOSDAQ,KOSDAQ,5720,468538,2733390170,104776088560,18317498,2022-12-29
304840,피플바이오,KOSDAQ,KOSDAQ,15850,519714,8169902300,186279978000,11752680,2022-12-29
062970,피피아이,KOSDAQ,KOSDAQ,2500,35552,87025465,23270462500,9308185,2022-12-29
087600,픽셀플러스,KOSDAQ,KOSDAQ,7690,15417,117183520,62800831020,8166558,2022-12-29
291810,핀텔,KOSDAQ,KOSDAQ,6730,244761,1672958930,72733882760,10807412,2022-12-29
161580,필옵틱스,KOSDAQ,KOSDAQ,7000,41676,286132620,153923749000,21989107,2022-12-29
347770,핌스,KOSDAQ,KOSDAQ,8250,28943,239756700,64502740500,7818514,2022-12-29
163730,핑거,KOSDAQ,KOSDAQ,10650,55241,599500600,99106152300,9305742,2022-12-29
417180,핑거스토리,KOSDAQ,KOSDAQ,7360,1046179,7904794800,97274352640,13216624,2022-12-29
343510,하나금융16호스팩,KOSDAQ,KOSDAQ,2060,0,0,8260600000,4010000,2022-12-29
388220,하나금융19호스팩,KOSDAQ,KOSDAQ,2210,0,0,13945100000,6310000,2022-12-29
400560,하나금융20호스팩,KOSDAQ,KOSDAQ,2150,23581,50318480,6557500000,3050000,2022-12-29
406760,하나금융21호스팩,KOSDAQ,KOSDAQ,2020,9073,18290560,14968200000,7410000,2022-12-29
418170,하나금융22호스팩,KOSDAQ,KOSDAQ,2015,14491,29196250,12110150000,6010000,2022-12-29
427950,하나금융23호스팩,KOSDAQ,KOSDAQ,2010,8172,16426070,9708300000,4830000,2022-12-29
430230,하나금융24호스팩,KOSDAQ,KOSDAQ,1995,12675,25291440,15967980000,8004000,2022-12-29
435620,하나금융25호스팩,KOSDAQ,KOSDAQ,9480,7461,70747880,40782960000,4302000,2022-12-29
086790,하나금융지주,KOSPI,KOSPI,42050,723264,30524577600,12442741165800,295903476,2022-12-29
299030,하나기술,KOSDAQ,KOSDAQ,54100,58562,3161348300,404754830500,7481605,2022-12-29
067310,하나마이크론,KOSDAQ GLOBAL,KOSDAQ,9290,440008,4079808610,445194023660,47921854,2022-12-29
372290,하나머스트7호스팩,KOSDAQ,KOSDAQ,2035,9180,18643175,8758640000,4304000,2022-12-29
166090,하나머티리얼즈,KOSDAQ GLOBAL,KOSDAQ,32700,70582,2287310300,645912439800,19752674,2022-12-29
293480,하나제약,KOSPI,KOSPI,18250,1890293,34474851050,324356264500,17772946,2022-12-29
039130,하나투어,KOSPI,KOSPI,60500,255015,15358054100,970370692500,16039185,2022-12-29
136480,하림,KOSDAQ,KOSDAQ,2715,249040,674407760,288359340930,106209702,2022-12-29
003380,하림지주,KOSDAQ GLOBAL,KOSDAQ,7650,176843,1336504110,856843000650,112005621,2022-12-29
101670,하이드로리튬,KOSDAQ,KOSDAQ,22900,1234688,29288379800,511433737900,22333351,2022-12-29
365590,하이딥,KOSDAQ,KOSDAQ,803,120597,96342518,110378253656,137457352,2022-12-29
149980,하이로닉,KOSDAQ,KOSDAQ,8520,377672,3184827110,120166250400,14104020,2022-12-29
013030,하이록코리아,KOSDAQ,KOSDAQ,20500,56673,1145553600,279071256000,13613232,2022-12-29
352820,하이브,KOSPI,KOSPI,173500,194427,33723121000,7174812644500,41353387,2022-12-29
126700,하이비젼시스템,KOSDAQ,KOSDAQ,18200,238872,4328567650,271946438400,14942112,2022-12-29
106080,하이소닉,KOSDAQ,KOSDAQ,5560,0,0,78197230000,14064250,2022-12-29
071090,하이스틸,KOSPI,KOSPI,3300,155773,525197650,66631854300,20191471,2022-12-29
377400,하이제6호스팩,KOSDAQ,KOSDAQ,2010,1082,2164205,10869075000,5407500,2022-12-29
400840,하이제7호스팩,KOSDAQ,KOSDAQ,2020,852,1705985,10342400000,5120000,2022-12-29
221840,하이즈항공,KOSDAQ,KOSDAQ,2970,297568,908453920,55540666170,18700561,2022-12-29
106190,하이텍팜,KOSDAQ,KOSDAQ,10900,6180,66768900,77267723800,7088782,2022-12-29
019490,하이트론,KOSPI,KOSPI,2470,0,0,23739723280,9611224,2022-12-29
000080,하이트진로,KOSPI,KOSPI,25550,198962,5127632450,1791913761050,70133611,2022-12-29
000087,하이트진로2우B,KOSPI,KOSPI,16600,126,2089150,18760290800,1130138,2022-12-29
000140,하이트진로홀딩스,KOSPI,KOSPI,9720,42618,418502980,225569755800,23206765,2022-12-29
000145,하이트진로홀딩스우,KOSPI,KOSPI,13200,6,79250,6214692000,470810,2022-12-29
373200,하인크코리아,KOSDAQ,KOSDAQ,5340,101071,542419920,101070180000,18927000,2022-12-29
066130,하츠,KOSDAQ,KOSDAQ,5170,28265,147775530,66176000000,12800000,2022-12-29
152550,한국ANKOR유전,KOSPI,KOSPI,278,26822662,7063125411,19465560000,70020000,2022-12-29
004590,한국가구,KOSDAQ,KOSDAQ,4250,51024,218162535,63750000000,15000000,2022-12-29
036460,한국가스공사,KOSPI,KOSPI,36200,586474,21463894100,3341730600000,92313000,2022-12-29
039340,한국경제TV,KOSDAQ,KOSDAQ,5650,93282,513071030,129950000000,23000000,2022-12-29
005430,한국공항,KOSPI,KOSPI,40250,13462,534812900,127445788750,3166355,2022-12-29
071050,한국금융지주,KOSPI,KOSPI,53300,106180,5698426900,2970195373600,55725992,2022-12-29
071055,한국금융지주우,KOSPI,KOSPI,43100,19809,852331500,252490618100,5858251,2022-12-29
034950,한국기업평가,KOSDAQ,KOSDAQ,69000,2693,185849600,313295466000,4540514,2022-12-29
010040,한국내화,KOSPI,KOSPI,2815,41099,115658890,115603779530,41067062,2022-12-29
025540,한국단자,KOSPI,KOSPI,51800,6785,353451300,539497000000,10415000,2022-12-29
222980,한국맥널티,KOSDAQ,KOSDAQ,4995,76789,386064145,55102257585,11031483,2022-12-29
331660,한국미라클피플사,KONEX,KONEX,15500,0,0,17050000000,1100000,2022-12-29
256840,한국비엔씨,KOSDAQ,KOSDAQ,4650,585720,2742101260,314258569200,67582488,2022-12-29
004090,한국석유,KOSPI,KOSPI,10300,57718,604315950,130749436000,12694120,2022-12-29
025550,한국선재,KOSDAQ,KOSDAQ,4010,160592,650964185,95875883980,23909198,2022-12-29
002200,한국수출포장,KOSPI,KOSPI,28750,8388,238612250,115000000000,4000000,2022-12-29
002960,한국쉘석유,KOSPI,KOSPI,233500,2895,677943500,303550000000,1300000,2022-12-29
017890,한국알콜,KOSDAQ,KOSDAQ,9900,38092,376737120,213897024000,21605760,2022-12-29
000240,한국앤컴퍼니,KOSPI,KOSPI,13950,118508,1659509150,1324346598000,94935240,2022-12-29
080720,한국유니온제약,KOSDAQ,KOSDAQ,7150,644892,4655664440,56511655200,7903728,2022-12-29
123890,한국자산신탁,KOSPI,KOSPI,2985,169604,509100540,370073589720,123977752,2022-12-29
015760,한국전력,KOSPI,KOSPI,21800,2756682,61083024700,13994816878600,641964077,2022-12-29
063570,한국전자금융,KOSDAQ,KOSDAQ,4590,67773,314817680,156738071520,34147728,2022-12-29
041460,한국전자인증,KOSDAQ,KOSDAQ,4745,137228,651868435,90155000000,19000000,2022-12-29
006200,한국전자홀딩스,KOSPI,KOSPI,1000,248205,248181848,46803136000,46803136,2022-12-29
101680,한국정밀기계,KOSDAQ,KOSDAQ,1440,0,0,12101760000,8404000,2022-12-29
039740,한국정보공학,KOSDAQ,KOSDAQ,3425,72644,249731015,27463009725,8018397,2022-12-29
053300,한국정보인증,KOSDAQ,KOSDAQ,4875,41370,198081405,203659613625,41776331,2022-12-29
025770,한국정보통신,KOSDAQ,KOSDAQ,11400,129476,1485712350,426864689400,37444271,2022-12-29
409570,한국제10호스팩,KOSDAQ,KOSDAQ,2025,0,0,10955250000,5410000,2022-12-29
436610,한국제11호스팩,KOSDAQ,KOSDAQ,2015,3735,7526925,12130300000,6020000,2022-12-29
009540,한국조선해양,KOSPI,KOSPI,70700,144487,10310876500,5003659301200,70773116,2022-12-29
023350,한국종합기술,KOSPI,KOSPI,6710,109265,740499250,73474500000,10950000,2022-12-29
025890,한국주강,KOSPI,KOSPI,2560,40479,101473685,28951703040,11309259,2022-12-29
000970,한국주철관,KOSPI,KOSPI,6780,41331,282277080,154587390000,22800500,2022-12-29
104700,한국철강,KOSPI,KOSPI,6090,69484,421938880,258520500000,42450000,2022-12-29
017960,한국카본,KOSPI,KOSPI,11050,381042,4216973600,485766364850,43960757,2022-12-29
023760,한국캐피탈,KOSDAQ,KOSDAQ,746,184137,137945715,235444743696,315609576,2022-12-29
054040,한국컴퓨터,KOSDAQ,KOSDAQ,4100,156419,647951045,65892289000,16071290,2022-12-29
161890,한국콜마,KOSPI,KOSPI,42600,74992,3173988250,974738268000,22881180,2022-12-29
024720,한국콜마홀딩스,KOSPI,KOSPI,15750,8847,139313750,292583324250,18576719,2022-12-29
021650,한국큐빅,KOSDAQ,KOSDAQ,2905,39200,114049575,47498385515,16350563,2022-12-29
161390,한국타이어앤테크놀로지,KOSPI,KOSPI,31150,303821,9551827650,3858708399350,123875069,2022-12-29
053590,한국테크놀로지,KOSDAQ,KOSDAQ,401,19968486,8281349132,63013198947,157140147,2022-12-29
034830,한국토지신탁,KOSPI,KOSPI,1310,1145475,1507907815,330760891300,252489230,2022-12-29
007280,한국특강,KOSPI,KOSPI,1945,110749,211577870,117846768110,60589598,2022-12-29
032300,한국파마,KOSDAQ,KOSDAQ,21400,26021,558467200,233403401400,10906701,2022-12-29
168490,한국패러랠,KOSPI,KOSPI,2055,24295,50315655,164441100000,80020000,2022-12-29
037230,한국팩키지,KOSDAQ,KOSDAQ,2400,35164,83858685,71520784800,29800327,2022-12-29
010100,한국프랜지,KOSPI,KOSPI,2700,40597,108865730,82216134000,30450420,2022-12-29
047810,한국항공우주,KOSPI,KOSPI,50900,815849,41344709700,4961482946300,97475107,2022-12-29
123690,한국화장품,KOSPI,KOSPI,8140,300875,2473495410,130793520000,16068000,2022-12-29
003350,한국화장품제조,KOSPI,KOSPI,28550,359827,10315023400,129388600000,4532000,2022-12-29
030520,한글과컴퓨터,KOSDAQ,KOSDAQ,12300,109710,1364306750,310007109000,25203830,2022-12-29
052600,한네트,KOSDAQ,KOSDAQ,5050,58911,296491235,58396685000,11563700,2022-12-29
011500,한농화성,KOSPI,KOSPI,9970,115949,1158379560,155901308740,15637042,2022-12-29
002390,한독,KOSPI,KOSPI,16750,23658,390641900,230539177750,13763533,2022-12-29
256150,한독크린텍,KOSDAQ,KOSDAQ,7250,88306,651047390,60863750000,8395000,2022-12-29
092460,한라IMS,KOSDAQ,KOSDAQ,5790,41497,238366510,102005133930,17617467,2022-12-29
053690,한미글로벌,KOSPI,KOSPI,26900,205298,5538270500,294758095000,10957550,2022-12-29
042700,한미반도체,KOSPI,KOSPI,11500,288021,3331803300,1119401973000,97339302,2022-12-29
008930,한미사이언스,KOSPI,KOSPI,32450,83355,2713554250,2226838545800,68623684,2022-12-29
128940,한미약품,KOSPI,KOSPI,298000,40677,12065500000,3670755358000,12317971,2022-12-29
047080,한빛소프트,KOSDAQ,KOSDAQ,3040,497020,1562088260,75459980480,24822362,2022-12-29
009240,한샘,KOSPI,KOSPI,44600,42288,1882193900,1049613188800,23533928,2022-12-29
020000,한섬,KOSPI,KOSPI,27050,62521,1682654050,666241500000,24630000,2022-12-29
003680,한성기업,KOSPI,KOSPI,5140,34986,181077310,31916907100,6209515,2022-12-29
105630,한세실업,KOSPI,KOSPI,15400,208123,3206813950,616000000000,40000000,2022-12-29
069640,한세엠케이,KOSPI,KOSPI,2965,4704,13971325,89265778430,30106502,2022-12-29
016450,한세예스24홀딩스,KOSPI,KOSPI,4625,25318,118317795,185000000000,40000000,2022-12-29
010420,한솔PNS,KOSPI,KOSPI,1560,58612,90982735,31969098720,20493012,2022-12-29
009180,한솔로지스틱스,KOSPI,KOSPI,2820,114788,321584015,77486338500,27477425,2022-12-29
114810,한솔아이원스,KOSDAQ,KOSDAQ,6630,29823,198101270,194604913620,29352174,2022-12-29
070590,한솔인티큐브,KOSDAQ,KOSDAQ,1650,54102,88672010,22901209650,13879521,2022-12-29
213500,한솔제지,KOSPI,KOSPI,13250,99217,1310117050,315357632000,23800576,2022-12-29
014680,한솔케미칼,KOSPI,KOSPI,185500,19248,3613025500,2102678672500,11335195,2022-12-29
004710,한솔테크닉스,KOSPI,KOSPI,5100,56641,290875570,163760377800,32109878,2022-12-29
004150,한솔홀딩스,KOSPI,KOSPI,3270,127663,417851295,137368046790,42008577,2022-12-29
025750,한솔홈데코,KOSPI,KOSPI,1025,270181,278782195,82579277725,80565149,2022-12-29
226440,한송네오텍,KOSDAQ,KOSDAQ,1530,0,0,90418067280,59096776,2022-12-29
042520,한스바이오메드,KOSDAQ,KOSDAQ,9840,6362,62197380,99413333040,10102981,2022-12-29
004960,한신공영,KOSPI,KOSPI,8490,58231,497776540,98235259980,11570702,2022-12-29
011700,한신기계,KOSPI,KOSPI,6400,590836,3893449200,207655366400,32446151,2022-12-29
078350,한양디지텍,KOSDAQ,KOSDAQ,12150,104175,1253404100,185219241300,15244382,2022-12-29
045100,한양이엔지,KOSDAQ,KOSDAQ,14450,47215,682933700,260100000000,18000000,2022-12-29
001750,한양증권,KOSPI,KOSPI,8210,28164,234831310,104501264140,12728534,2022-12-29
001755,한양증권우,KOSPI,KOSPI,12850,770,9916550,6746250000,525000,2022-12-29
018880,한온시스템,KOSPI,KOSPI,8090,525877,4244755300,4318442000000,533800000,2022-12-29
009420,한올바이오파마,KOSPI,KOSPI,17800,240161,4222143300,929883356400,52240638,2022-12-29
014130,한익스프레스,KOSPI,KOSPI,5260,12837,67209230,63120000000,12000000,2022-12-29
024740,한일단조,KOSDAQ,KOSDAQ,2510,263961,658856535,75649941690,30139419,2022-12-29
005860,한일사료,KOSDAQ,KOSDAQ,4210,716118,3056463875,165889513850,39403685,2022-12-29
300720,한일시멘트,KOSPI,KOSPI,11650,86479,1010758750,806896941000,69261540,2022-12-29
123840,한일진공,KOSDAQ,KOSDAQ,470,9376876,4814418274,40938200850,87102555,2022-12-29
002220,한일철강,KOSPI,KOSPI,2815,50707,141589705,75153349900,26697460,2022-12-29
006390,한일현대시멘트,KOSPI,KOSPI,17500,13887,244755650,338234260000,19327672,2022-12-29
003300,한일홀딩스,KOSPI,KOSPI,10800,11166,120725850,332995147200,30832884,2022-12-29
007770,한일화학,KOSDAQ,KOSDAQ,16150,31980,518748000,56686500000,3510000,2022-12-29
051600,한전KPS,KOSPI,KOSPI,33200,167668,5664217900,1494000000000,45000000,2022-12-29
052690,한전기술,KOSPI,KOSPI,54600,145233,8014653600,2086812000000,38220000,2022-12-29
130660,한전산업,KOSPI,KOSPI,8510,107009,921158140,277426000000,32600000,2022-12-29
107640,한중엔시에스,KONEX,KONEX,10200,61,631500,72604752600,7118113,2022-12-29
002320,한진,KOSPI,KOSPI,21050,25233,525146300,314647569400,14947628,2022-12-29
003480,한진중공업홀딩스,KOSPI,KOSPI,3895,35383,134048100,115018617740,29529812,2022-12-29
180640,한진칼,KOSPI,KOSPI,37450,86783,3256597750,2500229260200,66761796,2022-12-29
18064K,한진칼우,KOSPI,KOSPI,30500,3530,107815800,16371363000,536766,2022-12-29
005110,한창,KOSPI,KOSPI,917,2025255,1858194667,72805827556,79395668,2022-12-29
079170,한창산업,KOSDAQ,KOSDAQ,8780,61368,539991660,45656000000,5200000,2022-12-29
009460,한창제지,KOSPI,KOSPI,1335,379712,509051505,79656093810,59667486,2022-12-29
372910,한컴라이프케어,KOSPI,KOSPI,5850,312186,1813984770,161895275100,27674406,2022-12-29
054920,한컴위드,KOSDAQ,KOSDAQ,3300,153471,507604510,93116367300,28217081,2022-12-29
002680,한탑,KOSDAQ,KOSDAQ,1180,181992,212800505,35393884060,29994817,2022-12-29
000880,한화,KOSPI,KOSPI,25650,207040,5351331550,1922691552750,74958735,2022-12-29
00088K,한화3우B,KOSPI,KOSPI,13850,52497,731062700,311237200000,22472000,2022-12-29
088350,한화생명,KOSPI,KOSPI,2770,4359753,11995158525,2405828100000,868530000,2022-12-29
000370,한화손해보험,KOSPI,KOSPI,4660,641651,2981856185,544003343900,116738915,2022-12-29
009830,한화솔루션,KOSPI,KOSPI,43000,1104032,47661022250,8224975371000,191278497,2022-12-29
009835,한화솔루션우,KOSPI,KOSPI,33800,3013,101049200,37982310600,1123737,2022-12-29
272210,한화시스템,KOSPI,KOSPI,10550,549109,5868422050,1993099553950,188919389,2022-12-29
012450,한화에어로스페이스,KOSPI,KOSPI,73600,591938,43359164900,3726368000000,50630000,2022-12-29
000885,한화우,KOSPI,KOSPI,32750,488,15987600,15696878500,479294,2022-12-29
003530,한화투자증권,KOSPI,KOSPI,2350,557852,1332248660,504187271250,214547775,2022-12-29
003535,한화투자증권우,KOSPI,KOSPI,5040,3177,15953650,24192000000,4800000,2022-12-29
386580,한화플러스제2호스팩,KOSDAQ,KOSDAQ,2060,6991,14421720,8569600000,4160000,2022-12-29
430460,한화플러스제3호스팩,KOSDAQ,KOSDAQ,2015,78605,157317265,11928800000,5920000,2022-12-29
195870,해성디에스,KOSPI,KOSPI,35850,100622,3584277200,609450000000,17000000,2022-12-29
034810,해성산업,KOSDAQ,KOSDAQ,9900,58228,576582410,260927350200,26356298,2022-12-29
03481K,해성산업1우,KOSDAQ,KOSDAQ,12800,3843,48956950,12800000000,1000000,2022-12-29
076610,해성옵틱스,KOSDAQ,KOSDAQ,460,157062,73097492,53925245240,117228794,2022-12-29
059270,해성티피씨,KOSDAQ,KOSDAQ,5440,57681,318000600,52308048000,9615450,2022-12-29
101530,해태제과식품,KOSPI,KOSPI,6590,26731,177230370,191879856980,29116822,2022-12-29
220180,핸디소프트,KOSDAQ,KOSDAQ,3020,26590,79370510,58612160000,19408000,2022-12-29
143210,핸즈코퍼레이션,KOSPI,KOSPI,3305,58704,198175150,72258100740,21863268,2022-12-29
900270,헝셩그룹,KOSDAQ,KOSDAQ,436,46360983,20694548123,36111638088,82824858,2022-12-29
214180,헥토이노베이션,KOSDAQ,KOSDAQ,12050,42121,513819250,159749079250,13257185,2022-12-29
234340,헥토파이낸셜,KOSDAQ,KOSDAQ,19300,40839,801046300,182442900000,9453000,2022-12-29
084990,헬릭스미스,KOSDAQ,KOSDAQ,10550,233006,2472257550,397622389300,37689326,2022-12-29
000720,현대건설,KOSPI,KOSPI,34900,351395,12360580150,3886316198500,111355765,2022-12-29
267270,현대건설기계,KOSPI,KOSPI,62200,184595,11649567400,1225389324600,19700793,2022-12-29
000725,현대건설우,KOSPI,KOSPI,55000,1702,93730800,58008115000,1054693,2022-12-29
170030,현대공업,KOSDAQ,KOSDAQ,6030,273879,1684119600,92500200000,15340000,2022-12-29
005440,현대그린푸드,KOSPI,KOSPI,6730,198942,1354941680,657551163860,97704482,2022-12-29
086280,현대글로비스,KOSPI,KOSPI,163500,55293,9135731500,6131250000000,37500000,2022-12-29
042670,현대두산인프라코어,KOSPI,KOSPI,8000,10020581,78392175880,1582107288000,197763411,2022-12-29
064350,현대로템,KOSPI,KOSPI,28400,1722904,48645799750,3099641121200,109142293,2022-12-29
079430,현대리바트,KOSPI,KOSPI,8590,68091,592521460,176398072380,20535282,2022-12-29
012330,현대모비스,KOSPI,KOSPI,200500,215394,43471715000,18904161347000,94285094,2022-12-29
319400,현대무벡스,KOSDAQ,KOSDAQ,3035,518073,1590187790,348967814530,114981158,2022-12-29
010620,현대미포조선,KOSPI,KOSPI,84500,172811,14706315400,3375111590500,39942149,2022-12-29
048410,현대바이오,KOSDAQ,KOSDAQ,27400,881649,23856700550,1087306199200,39682708,2022-12-29
052260,현대바이오랜드,KOSDAQ,KOSDAQ,13450,68741,912236750,201750000000,15000000,2022-12-29
069960,현대백화점,KOSPI,KOSPI,59000,65634,3885038900,1380744019000,23402441,2022-12-29
004560,현대비앤지스틸,KOSPI,KOSPI,10350,37641,384956800,156065693850,15078811,2022-12-29
004565,현대비앤지스틸우,KOSPI,KOSPI,50000,367,18537600,5492600000,109852,2022-12-29
004310,현대약품,KOSPI,KOSPI,4790,558120,2694793780,153280000000,32000000,2022-12-29
322000,현대에너지솔루션,KOSPI,KOSPI,48800,156748,7621971100,546560000000,11200000,2022-12-29
041440,현대에버다임,KOSDAQ,KOSDAQ,8220,303959,2519407270,147269059680,17915944,2022-12-29
039010,현대에이치티,KOSDAQ,KOSDAQ,6720,21858,144414670,57960000000,8625000,2022-12-29
017800,현대엘리베이,KOSPI,KOSPI,28300,147874,4177667350,1155069905300,40815191,2022-12-29
307950,현대오토에버,KOSPI,KOSPI,95500,52687,5078594900,2618990281000,27423982,2022-12-29
011210,현대위아,KOSPI,KOSPI,49450,140711,7006863550,1344796854350,27195083,2022-12-29
090850,현대이지웰,KOSDAQ,KOSDAQ,6830,81115,545592290,162187645630,23746361,2022-12-29
267260,현대일렉트릭,KOSPI,KOSPI,42500,190241,8136970100,1532003237500,36047135,2022-12-29
004020,현대제철,KOSPI,KOSPI,30600,347045,10750680350,4083441021000,133445785,2022-12-29
329180,현대중공업,KOSPI,KOSPI,116000,116649,13644530000,10297681456000,88773116,2022-12-29
005380,현대차,KOSPI,KOSPI,151000,552974,83810742000,32263896237000,213668187,2022-12-29
005387,현대차2우B,KOSPI,KOSPI,73900,82278,6165756300,2696274828900,36485451,2022-12-29
005389,현대차3우B,KOSPI,KOSPI,72800,7692,565253200,176811908000,2428735,2022-12-29
005385,현대차우,KOSPI,KOSPI,74000,51695,3861749100,1802394690000,24356685,2022-12-29
001500,현대차증권,KOSPI,KOSPI,9090,69308,632292040,288267188580,31712562,2022-12-29
011760,현대코퍼레이션,KOSPI,KOSPI,16200,28213,461863650,214309249200,13228966,2022-12-29
227840,현대코퍼레이션홀딩스,KOSPI,KOSPI,10350,19270,199489650,94193652600,9100836,2022-12-29
126560,현대퓨처넷,KOSPI,KOSPI,2505,395368,978580010,276058377225,110202945,2022-12-29
001450,현대해상,KOSPI,KOSPI,29450,259819,7728630100,2632830000000,89400000,2022-12-29
057050,현대홈쇼핑,KOSPI,KOSPI,53900,23327,1271279100,646800000000,12000000,2022-12-29
092300,현우산업,KOSDAQ,KOSDAQ,4400,394170,1724687525,82160390400,18672816,2022-12-29
138360,협진,KOSDAQ,KOSDAQ,4480,0,0,155061688320,34611984,2022-12-29
011080,형지I&C,KOSDAQ,KOSDAQ,1200,1260534,1552665660,30604035600,25503363,2022-12-29
093240,형지엘리트,KOSPI,KOSPI,1310,123582,162989925,40812785380,31154798,2022-12-29
003010,혜인,KOSPI,KOSPI,6050,269262,1647166380,76912119350,12712747,2022-12-29
111110,호전실업,KOSPI,KOSPI,8110,57958,473340000,79072370240,9749984,2022-12-29
008770,호텔신라,KOSPI,KOSPI,83100,446669,37030284600,3261518855100,39248121,2022-12-29
008775,호텔신라우,KOSPI,KOSPI,62900,5740,360418900,47293189100,751879,2022-12-29
060560,홈센타홀딩스,KOSDAQ,KOSDAQ,1135,396281,449198440,144904910875,127669525,2022-12-29
064240,홈캐스트,KOSDAQ,KOSDAQ,4420,164871,732269080,154868013040,35038012,2022-12-29
039610,화성밸브,KOSDAQ,KOSDAQ,4685,62008,291035720,48772724000,10410400,2022-12-29
002460,화성산업,KOSPI,KOSPI,10500,44011,454754600,106575000000,10150000,2022-12-29
378850,화승알앤에이,KOSPI,KOSPI,3595,27276,98523485,68282074685,18993623,2022-12-29
241590,화승엔터프라이즈,KOSPI,KOSPI,9230,327117,3020846750,559239017480,60589276,2022-12-29
006060,화승인더,KOSPI,KOSPI,3850,108248,418989045,212982000000,55320000,2022-12-29
013520,화승코퍼레이션,KOSPI,KOSPI,1400,63638,89703845,70071752800,50051252,2022-12-29
010690,화신,KOSPI,KOSPI,7220,97342,702188560,252125360200,34920410,2022-12-29
126640,화신정공,KOSDAQ,KOSDAQ,1465,95656,139606180,53287744455,36373887,2022-12-29
133820,화인베스틸,KOSPI,KOSPI,2090,33593,70140965,62244256690,29781941,2022-12-29
061250,화일약품,KOSDAQ,KOSDAQ,2780,37736102,109257812700,189184576680,68052006,2022-12-29
010660,화천기계,KOSPI,KOSPI,3150,365205,1157874875,69300000000,22000000,2022-12-29
000850,화천기공,KOSPI,KOSPI,30650,5017,153241400,67430000000,2200000,2022-12-29
016580,환인제약,KOSPI,KOSPI,17600,40767,710906400,327361232000,18600070,2022-12-29
032560,황금에스티,KOSPI,KOSPI,6970,84210,591208470,118490000000,17000000,2022-12-29
004800,효성,KOSPI,KOSPI,67100,149894,10186185400,1413865777500,21071025,2022-12-29
094280,효성ITX,KOSPI,KOSPI,13550,3711,50849450,156613610000,11558200,2022-12-29
097870,효성오앤비,KOSDAQ,KOSDAQ,7780,47347,370429660,66052200000,8490000,2022-12-29
298040,효성중공업,KOSPI,KOSPI,78000,80420,6322388400,727314744000,9324548,2022-12-29
298050,효성첨단소재,KOSPI,KOSPI,333500,31079,10363313000,1494062658000,4479948,2022-12-29
298020,효성티앤씨,KOSPI,KOSPI,350000,36207,12697432500,1514688700000,4327682,2022-12-29
298000,효성화학,KOSPI,KOSPI,99500,21887,2187716000,317417537000,3190126,2022-12-29
093370,후성,KOSPI,KOSPI,10700,596264,6416458450,1009567512800,94352104,2022-12-29
081660,휠라홀딩스,KOSPI,KOSPI,33250,157191,5249825700,2020011381500,60752222,2022-12-29
290270,휴네시온,KOSDAQ,KOSDAQ,4245,6039,25610110,40784567640,9607672,2022-12-29
005870,휴니드,KOSPI,KOSPI,6050,234080,1438007430,85401890750,14116015,2022-12-29
353190,휴럼,KOSDAQ,KOSDAQ,1160,727915,855355345,44521287200,38380420,2022-12-29
192410,휴림네트웍스,KOSDAQ,KOSDAQ,778,356946,276623068,84643568080,108796360,2022-12-29
090710,휴림로봇,KOSDAQ,KOSDAQ,1715,2313820,3951815055,280875322070,163775698,2022-12-29
205470,휴마시스,KOSDAQ,KOSDAQ,14250,2705596,39510277400,483222273750,33910335,2022-12-29
115160,휴맥스,KOSDAQ,KOSDAQ,3300,244595,816258990,145101409200,43970124,2022-12-29
028080,휴맥스홀딩스,KOSDAQ,KOSDAQ,3340,93212,314582505,42008870040,12577506,2022-12-29
032860,휴먼엔,KOSDAQ,KOSDAQ,3640,0,0,65288375880,17936367,2022-12-29
200670,휴메딕스,KOSDAQ,KOSDAQ,27700,118709,3229316250,276202073800,9971194,2022-12-29
212310,휴벡셀,KONEX,KONEX,3935,223,932085,24806389530,6304038,2022-12-29
079980,휴비스,KOSPI,KOSPI,4885,14712,72262450,168532500000,34500000,2022-12-29
065510,휴비츠,KOSDAQ,KOSDAQ,10250,82311,849220550,121876302750,11890371,2022-12-29
215090,휴센텍,KOSDAQ,KOSDAQ,1505,0,0,120843123170,80294434,2022-12-29
005010,휴스틸,KOSPI,KOSPI,5070,798003,4076704400,284873540250,56188075,2022-12-29
263920,휴엠앤씨,KOSDAQ,KOSDAQ,992,329692,328818742,48652772928,49045134,2022-12-29
243070,휴온스,KOSDAQ GLOBAL,KOSDAQ,29150,29854,870856950,347921253350,11935549,2022-12-29
084110,휴온스글로벌,KOSDAQ,KOSDAQ,18750,17677,333659200,236652975000,12621492,2022-12-29
145020,휴젤,KOSDAQ GLOBAL,KOSDAQ,134900,49630,6670294300,1670797879500,12385455,2022-12-29
024060,흥구석유,KOSDAQ,KOSDAQ,5680,60657,346928330,85200000000,15000000,2022-12-29
010240,흥국,KOSDAQ,KOSDAQ,5600,23551,132684820,69007097600,12322696,2022-12-29
189980,흥국에프엔비,KOSDAQ,KOSDAQ,2670,142452,391112260,107167998090,40137827,2022-12-29
000540,흥국화재,KOSPI,KOSPI,3370,118286,393975725,216497713650,64242645,2022-12-29
000547,흥국화재2우B,KOSPI,KOSPI,16200,410,6684300,2488320000,153600,2022-12-29
000545,흥국화재우,KOSPI,KOSPI,6150,1079,6685480,4723200000,768000,2022-12-29
003280,흥아해운,KOSPI,KOSPI,1355,157217,213966615,325775738145,240424899,2022-12-29
037440,희림,KOSDAQ,KOSDAQ,8200,243294,2012703280,114164295000,13922475,2022-12-29
238490,힘스,KOSDAQ,KOSDAQ,6060,10452,62240100,68552150160,11312236,2022-12-29
