strategy_id,pair_id,trade_id,ticker,isu_cd,market,signal_date,execution_date,event_type,event_status,reference_open,fill_price,shares,notional,commission,sell_tax,slippage_impact,cash_before,cash_after,pending_sale_proceeds,market_cap_at_signal,reason,open_at_effective_cutoff
PATTERN_B_ET_REALISTIC_PORTFOLIO_V02_P2_1,PATTERN_B_PROGRESSED_PREVIOUS_STAGE_EARLY_TRANSITION_ONLY_5WINDOW_V01_P2_1_NEW_TEST_011000_KR7011000007_2021-03-31_0001,PATTERN_B_PROGRESSED_PREVIOUS_STAGE_EARLY_TRANSITION_ONLY_5WINDOW_V01_P2_1_NEW_TEST_011000_KR7011000007_2021-03-31_0001,011000,KR7011000007,KOSPI,2021-03-31,2021-04-01,ENTRY,EXECUTED,38285.0,38323.284999999996,130,4982027.05,747.3040574999999,0.0,4977.049999999508,200000000.0,195017225.6459425,0.0,523820793600,ENTRY,False
PATTERN_B_ET_REALISTIC_PORTFOLIO_V02_P2_1,PATTERN_B_PROGRESSED_PREVIOUS_STAGE_EARLY_TRANSITION_ONLY_5WINDOW_V01_P2_1_NEW_TEST_012790_KR7012790002_2021-03-31_0001,PATTERN_B_PROGRESSED_PREVIOUS_STAGE_EARLY_TRANSITION_ONLY_5WINDOW_V01_P2_1_NEW_TEST_012790_KR7012790002_2021-03-31_0001,012790,KR7012790002,KOSDAQ,2021-03-31,2021-04-01,ENTRY,EXECUTED,12823.0,12835.822999999999,389,4993135.147,748.97027205,0.0,4988.146999999417,195017225.6459425,190023341.52867046,0.0,148812300000,ENTRY,False
PATTERN_B_ET_REALISTIC_PORTFOLIO_V02_P2_1,PATTERN_B_PROGRESSED_PREVIOUS_STAGE_EARLY_TRANSITION_ONLY_5WINDOW_V01_P2_1_NEW_TEST_011000_KR7011000007_2021-03-31_0001,PATTERN_B_PROGRESSED_PREVIOUS_STAGE_EARLY_TRANSITION_ONLY_5WINDOW_V01_P2_1_NEW_TEST_011000_KR7011000007_2021-03-31_0001,011000,KR7011000007,KOSPI,2021-04-30,2021-05-03,EXIT,EXECUTED,57260.0,57202.74,130,7436356.2,1115.45343,0.0,7443.800000000265,190023341.52867046,190023341.52867046,7435240.74657,523820793600,,False
PATTERN_B_ET_REALISTIC_PORTFOLIO_V02_P2_1,PATTERN_B_PROGRESSED_PREVIOUS_STAGE_EARLY_TRANSITION_ONLY_5WINDOW_V01_P2_1_NEW_TEST_012790_KR7012790002_2021-03-31_0001,PATTERN_B_PROGRESSED_PREVIOUS_STAGE_EARLY_TRANSITION_ONLY_5WINDOW_V01_P2_1_NEW_TEST_012790_KR7012790002_2021-03-31_0001,012790,KR7012790002,KOSDAQ,2021-04-30,2021-05-03,EXIT,EXECUTED,14233.0,14218.767,389,5531100.363,829.66505445,0.0,5536.637000000068,190023341.52867046,190023341.52867046,12965511.44451555,148812300000,,False
PATTERN_B_ET_REALISTIC_PORTFOLIO_V02_P2_1,PATTERN_B_PROGRESSED_PREVIOUS_STAGE_EARLY_TRANSITION_ONLY_5WINDOW_V01_P2_1_NEW_TEST_012790_KR7012790002_2021-05-31_0002,PATTERN_B_PROGRESSED_PREVIOUS_STAGE_EARLY_TRANSITION_ONLY_5WINDOW_V01_P2_1_NEW_TEST_012790_KR7012790002_2021-05-31_0002,012790,KR7012790002,KOSDAQ,2021-05-31,2021-06-01,ENTRY,EXECUTED,13811.0,13824.810999999998,361,4990756.770999999,748.6135156499997,0.0,4985.770999999233,202988852.97318602,197997347.58867037,0.0,166014352800,ENTRY,False
PATTERN_B_ET_REALISTIC_PORTFOLIO_V02_P2_1,PATTERN_B_PROGRESSED_PREVIOUS_STAGE_EARLY_TRANSITION_ONLY_5WINDOW_V01_P2_1_NEW_TEST_033200_KR7033200007_2021-05-31_0001,PATTERN_B_PROGRESSED_PREVIOUS_STAGE_EARLY_TRANSITION_ONLY_5WINDOW_V01_P2_1_NEW_TEST_033200_KR7033200007_2021-05-31_0001,033200,KR7033200007,KOSDAQ,2021-05-31,2021-06-01,ENTRY,EXECUTED,8610.0,8618.609999999999,580,4998793.799999999,749.8190699999998,0.0,4993.799999999283,197997347.58867037,192997803.96960038,0.0,123391502850,ENTRY,False
PATTERN_B_ET_REALISTIC_PORTFOLIO_V02_P2_1,PATTERN_B_PROGRESSED_PREVIOUS_STAGE_EARLY_TRANSITION_ONLY_5WINDOW_V01_P2_1_NEW_TEST_012790_KR7012790002_2021-05-31_0002,PATTERN_B_PROGRESSED_PREVIOUS_STAGE_EARLY_TRANSITION_ONLY_5WINDOW_V01_P2_1_NEW_TEST_012790_KR7012790002_2021-05-31_0002,012790,KR7012790002,KOSDAQ,2021-06-30,2021-07-01,EXIT,EXECUTED,17193.0,17175.807,361,6200466.3270000005,930.06994905,0.0,6206.672999999748,192997803.96960038,192997803.96960038,6199536.25705095,166014352800,,False
PATTERN_B_ET_REALISTIC_PORTFOLIO_V02_P2_1,PATTERN_B_PROGRESSED_PREVIOUS_STAGE_EARLY_TRANSITION_ONLY_5WINDOW_V01_P2_1_NEW_TEST_033200_KR7033200007_2021-05-31_0001,PATTERN_B_PROGRESSED_PREVIOUS_STAGE_EARLY_TRANSITION_ONLY_5WINDOW_V01_P2_1_NEW_TEST_033200_KR7033200007_2021-05-31_0001,033200,KR7033200007,KOSDAQ,2021-07-30,2021-08-02,EXIT,EXECUTED,10500.0,10489.5,580,6083910.0,912.5864999999999,0.0,6090.0,199197340.22665134,199197340.22665134,6082997.4135,123391502850,,False
PATTERN_B_ET_REALISTIC_PORTFOLIO_V02_P2_1,PATTERN_B_PROGRESSED_PREVIOUS_STAGE_EARLY_TRANSITION_ONLY_5WINDOW_V01_P2_1_NEW_TEST_033200_KR7033200007_2021-08-31_0002,PATTERN_B_PROGRESSED_PREVIOUS_STAGE_EARLY_TRANSITION_ONLY_5WINDOW_V01_P2_1_NEW_TEST_033200_KR7033200007_2021-08-31_0002,033200,KR7033200007,KOSDAQ,2021-08-31,2021-09-01,ENTRY,EXECUTED,8370.0,8378.369999999999,596,4993508.52,749.0262779999998,0.0,4988.519999999393,205280337.64015135,200286080.09387335,0.0,118088964400,ENTRY,False
PATTERN_B_ET_REALISTIC_PORTFOLIO_V02_P2_1,PATTERN_B_PROGRESSED_PREVIOUS_STAGE_EARLY_TRANSITION_ONLY_5WINDOW_V01_P2_1_NEW_TEST_083550_KR7083550004_2021-08-31_0001,PATTERN_B_PROGRESSED_PREVIOUS_STAGE_EARLY_TRANSITION_ONLY_5WINDOW_V01_P2_1_NEW_TEST_083550_KR7083550004_2021-08-31_0001,083550,KR7083550004,KOSDAQ,2021-08-31,2021-09-01,ENTRY,EXECUTED,7281.0,7288.280999999999,685,4992472.484999999,748.8708727499999,0.0,4987.484999999342,200286080.09387335,195292858.7380006,0.0,97979088540,ENTRY,True
PATTERN_B_ET_REALISTIC_PORTFOLIO_V02_P2_1,PATTERN_B_PROGRESSED_PREVIOUS_STAGE_EARLY_TRANSITION_ONLY_5WINDOW_V01_P2_1_NEW_TEST_072770_KR7072770001_2021-08-31_0001,PATTERN_B_PROGRESSED_PREVIOUS_STAGE_EARLY_TRANSITION_ONLY_5WINDOW_V01_P2_1_NEW_TEST_072770_KR7072770001_2021-08-31_0001,072770,KR7072770001,KOSDAQ,2021-08-31,2021-09-01,ENTRY,EXECUTED,3680.0,3683.6799999999994,1357,4998753.759999999,749.8130639999997,0.0,4993.759999999161,195292858.7380006,190293355.1649366,0.0,71699287360,ENTRY,False
PATTERN_B_ET_REALISTIC_PORTFOLIO_V02_P2_1,PATTERN_B_PROGRESSED_PREVIOUS_STAGE_EARLY_TRANSITION_ONLY_5WINDOW_V01_P2_1_NEW_TEST_072770_KR7072770001_2021-08-31_0001,PATTERN_B_PROGRESSED_PREVIOUS_STAGE_EARLY_TRANSITION_ONLY_5WINDOW_V01_P2_1_NEW_TEST_072770_KR7072770001_2021-08-31_0001,072770,KR7072770001,KOSDAQ,2021-09-30,2021-10-01,EXIT,EXECUTED,3920.0,3916.08,1357,5314120.56,797.1180839999998,0.0,5319.440000000099,190293355.1649366,190293355.1649366,5313323.441915999,71699287360,,False
PATTERN_B_ET_REALISTIC_PORTFOLIO_V02_P2_1,PATTERN_B_PROGRESSED_PREVIOUS_STAGE_EARLY_TRANSITION_ONLY_5WINDOW_V01_P2_1_NEW_TEST_019170_KR7019170000_2021-09-30_0001,PATTERN_B_PROGRESSED_PREVIOUS_STAGE_EARLY_TRANSITION_ONLY_5WINDOW_V01_P2_1_NEW_TEST_019170_KR7019170000_2021-09-30_0001,019170,KR7019170000,KOSPI,2021-09-30,2021-10-01,ENTRY,EXECUTED,55700.0,55755.7,89,4962257.3,744.3385949999999,0.0,4957.299999999741,190293355.1649366,185330353.52634162,5313323.441915999,3030741428000,ENTRY,True
PATTERN_B_ET_REALISTIC_PORTFOLIO_V02_P2_1,PATTERN_B_PROGRESSED_PREVIOUS_STAGE_EARLY_TRANSITION_ONLY_5WINDOW_V01_P2_1_NEW_TEST_069640_KR7069640001_2021-09-30_0001,PATTERN_B_PROGRESSED_PREVIOUS_STAGE_EARLY_TRANSITION_ONLY_5WINDOW_V01_P2_1_NEW_TEST_069640_KR7069640001_2021-09-30_0001,069640,KR7069640001,KOSPI,2021-09-30,2021-10-01,ENTRY,EXECUTED,9320.0,9329.32,535,4991186.2,748.67793,0.0,4986.199999999844,185330353.52634162,180338418.64841163,5313323.441915999,67386660840,ENTRY,True
PATTERN_B_ET_REALISTIC_PORTFOLIO_V02_P2_1,PATTERN_B_PROGRESSED_PREVIOUS_STAGE_EARLY_TRANSITION_ONLY_5WINDOW_V01_P2_1_NEW_TEST_062860_KR7062860002_2021-09-30_0001,PATTERN_B_PROGRESSED_PREVIOUS_STAGE_EARLY_TRANSITION_ONLY_5WINDOW_V01_P2_1_NEW_TEST_062860_KR7062860002_2021-09-30_0001,062860,KR7062860002,KOSDAQ,2021-09-30,2021-10-01,ENTRY,EXECUTED,6730.0,6736.73,742,4998653.659999999,749.7980489999998,0.0,4993.659999999676,180338418.64841163,175339015.19036263,5313323.441915999,62198136000,ENTRY,False
PATTERN_B_ET_REALISTIC_PORTFOLIO_V02_P2_1,PATTERN_B_PROGRESSED_PREVIOUS_STAGE_EARLY_TRANSITION_ONLY_5WINDOW_V01_P2_1_NEW_TEST_121850_KR7121850002_2021-09-30_0001,PATTERN_B_PROGRESSED_PREVIOUS_STAGE_EARLY_TRANSITION_ONLY_5WINDOW_V01_P2_1_NEW_TEST_121850_KR7121850002_2021-09-30_0001,121850,KR7121850002,KOSDAQ,2021-09-30,2021-10-01,ENTRY,EXECUTED,18776.0,18794.775999999998,265,4980615.64,747.0923459999999,0.0,4975.639999999476,175339015.19036263,170357652.45801663,5313323.441915999,34950862870,ENTRY,False
PATTERN_B_ET_REALISTIC_PORTFOLIO_V02_P2_1,PATTERN_B_PROGRESSED_PREVIOUS_STAGE_EARLY_TRANSITION_ONLY_5WINDOW_V01_P2_1_NEW_TEST_019490_KR7019490002_2021-09-30_0001,PATTERN_B_PROGRESSED_PREVIOUS_STAGE_EARLY_TRANSITION_ONLY_5WINDOW_V01_P2_1_NEW_TEST_019490_KR7019490002_2021-09-30_0001,019490,KR7019490002,KOSPI,2021-09-30,2021-10-01,ENTRY,EXECUTED,2675.0,2677.6749999999997,1867,4999219.225,749.8828837499999,0.0,4994.224999999491,170357652.45801663,165357683.35013288,5313323.441915999,27381826560,ENTRY,False
PATTERN_B_ET_REALISTIC_PORTFOLIO_V02_P2_1,PATTERN_B_PROGRESSED_PREVIOUS_STAGE_EARLY_TRANSITION_ONLY_5WINDOW_V01_P2_1_NEW_TEST_019490_KR7019490002_2021-09-30_0001,PATTERN_B_PROGRESSED_PREVIOUS_STAGE_EARLY_TRANSITION_ONLY_5WINDOW_V01_P2_1_NEW_TEST_019490_KR7019490002_2021-09-30_0001,019490,KR7019490002,KOSPI,2021-11-30,2021-12-01,EXIT,EXECUTED,3930.0,3926.07,1867,7329972.69,1099.4959035,0.0,7337.309999999694,170671006.79204887,170671006.79204887,7328873.1940965,27381826560,,False
PATTERN_B_ET_REALISTIC_PORTFOLIO_V02_P2_1,PATTERN_B_PROGRESSED_PREVIOUS_STAGE_EARLY_TRANSITION_ONLY_5WINDOW_V01_P2_1_NEW_TEST_005250_KR7005250006_2021-11-30_0001,PATTERN_B_PROGRESSED_PREVIOUS_STAGE_EARLY_TRANSITION_ONLY_5WINDOW_V01_P2_1_NEW_TEST_005250_KR7005250006_2021-11-30_0001,005250,KR7005250006,KOSPI,2021-11-30,2021-12-01,ENTRY,EXECUTED,24150.0,24174.149999999998,206,4979874.899999999,746.9812349999999,0.0,4974.89999999955,170671006.79204887,165690384.91081387,7328873.1940965,1156893966000,ENTRY,False
PATTERN_B_ET_REALISTIC_PORTFOLIO_V02_P2_1,PATTERN_B_PROGRESSED_PREVIOUS_STAGE_EARLY_TRANSITION_ONLY_5WINDOW_V01_P2_1_NEW_TEST_073240_KR7073240004_2021-11-30_0001,PATTERN_B_PROGRESSED_PREVIOUS_STAGE_EARLY_TRANSITION_ONLY_5WINDOW_V01_P2_1_NEW_TEST_073240_KR7073240004_2021-11-30_0001,073240,KR7073240004,KOSPI,2021-11-30,2021-12-01,ENTRY,EXECUTED,3960.0,3963.9599999999996,1261,4998553.56,749.7830339999999,0.0,4993.559999999472,165690384.91081387,160691081.56777987,7328873.1940965,1131805530780,ENTRY,False
PATTERN_B_ET_REALISTIC_PORTFOLIO_V02_P2_1,PATTERN_B_PROGRESSED_PREVIOUS_STAGE_EARLY_TRANSITION_ONLY_5WINDOW_V01_P2_1_NEW_TEST_036030_KR7036030005_2021-11-30_0001,PATTERN_B_PROGRESSED_PREVIOUS_STAGE_EARLY_TRANSITION_ONLY_5WINDOW_V01_P2_1_NEW_TEST_036030_KR7036030005_2021-11-30_0001,036030,KR7036030005,KOSDAQ,2021-11-30,2021-12-01,ENTRY,EXECUTED,6770.0,6776.7699999999995,737,4994479.489999999,749.1719234999998,0.0,4989.489999999651,160691081.56777987,155695852.90585637,7328873.1940965,338233052700,ENTRY,False
PATTERN_B_ET_REALISTIC_PORTFOLIO_V02_P2_1,PATTERN_B_PROGRESSED_PREVIOUS_STAGE_EARLY_TRANSITION_ONLY_5WINDOW_V01_P2_1_NEW_TEST_214390_KR7214390007_2021-11-30_0001,PATTERN_B_PROGRESSED_PREVIOUS_STAGE_EARLY_TRANSITION_ONLY_5WINDOW_V01_P2_1_NEW_TEST_214390_KR7214390007_2021-11-30_0001,214390,KR7214390007,KOSPI,2021-11-30,2021-12-01,ENTRY,EXECUTED,5922.0,5927.922,843,4997238.245999999,749.5857368999998,0.0,4992.245999999638,155695852.90585637,150697865.07411948,7328873.1940965,196036252000,ENTRY,False
PATTERN_B_ET_REALISTIC_PORTFOLIO_V02_P2_1,PATTERN_B_PROGRESSED_PREVIOUS_STAGE_EARLY_TRANSITION_ONLY_5WINDOW_V01_P2_1_NEW_TEST_052420_KR7052420007_2021-11-30_0001,PATTERN_B_PROGRESSED_PREVIOUS_STAGE_EARLY_TRANSITION_ONLY_5WINDOW_V01_P2_1_NEW_TEST_052420_KR7052420007_2021-11-30_0001,052420,KR7052420007,KOSDAQ,2021-11-30,2021-12-01,ENTRY,EXECUTED,20730.0,20750.729999999996,240,4980175.199999999,747.0262799999998,0.0,4975.199999999022,150697865.07411948,145716942.84783947,7328873.1940965,165984826800,ENTRY,False
PATTERN_B_ET_REALISTIC_PORTFOLIO_V02_P2_1,PATTERN_B_PROGRESSED_PREVIOUS_STAGE_EARLY_TRANSITION_ONLY_5WINDOW_V01_P2_1_NEW_TEST_007330_KR7007330004_2021-11-30_0001,PATTERN_B_PROGRESSED_PREVIOUS_STAGE_EARLY_TRANSITION_ONLY_5WINDOW_V01_P2_1_NEW_TEST_007330_KR7007330004_2021-11-30_0001,007330,KR7007330004,KOSDAQ,2021-11-30,2021-12-01,ENTRY,EXECUTED,10373.0,10383.373,481,4994402.413,749.1603619499999,0.0,4989.412999999804,145716942.84783947,140721791.2744775,7328873.1940965,165910800000,ENTRY,False
PATTERN_B_ET_REALISTIC_PORTFOLIO_V02_P2_1,PATTERN_B_PROGRESSED_PREVIOUS_STAGE_EARLY_TRANSITION_ONLY_5WINDOW_V01_P2_1_NEW_TEST_061250_KR7061250007_2021-11-30_0001,PATTERN_B_PROGRESSED_PREVIOUS_STAGE_EARLY_TRANSITION_ONLY_5WINDOW_V01_P2_1_NEW_TEST_061250_KR7061250007_2021-11-30_0001,061250,KR7061250007,KOSDAQ,2021-11-30,2021-12-01,ENTRY,EXECUTED,22900.0,22922.899999999998,218,4997192.199999999,749.5788299999998,0.0,4992.199999999524,140721791.2744775,135723849.49564752,7328873.1940965,152269842960,ENTRY,False
PATTERN_B_ET_REALISTIC_PORTFOLIO_V02_P2_1,PATTERN_B_PROGRESSED_PREVIOUS_STAGE_EARLY_TRANSITION_ONLY_5WINDOW_V01_P2_1_NEW_TEST_068330_KR7068330000_2021-11-30_0001,PATTERN_B_PROGRESSED_PREVIOUS_STAGE_EARLY_TRANSITION_ONLY_5WINDOW_V01_P2_1_NEW_TEST_068330_KR7068330000_2021-11-30_0001,068330,KR7068330000,KOSDAQ,2021-11-30,2021-12-01,ENTRY,EXECUTED,2820.0,2822.8199999999997,1771,4999214.22,749.8821329999998,0.0,4994.219999999485,135723849.49564752,130723885.39351451,7328873.1940965,152103521600,ENTRY,False
PATTERN_B_ET_REALISTIC_PORTFOLIO_V02_P2_1,PATTERN_B_PROGRESSED_PREVIOUS_STAGE_EARLY_TRANSITION_ONLY_5WINDOW_V01_P2_1_NEW_TEST_017550_KR7017550005_2021-11-30_0001,PATTERN_B_PROGRESSED_PREVIOUS_STAGE_EARLY_TRANSITION_ONLY_5WINDOW_V01_P2_1_NEW_TEST_017550_KR7017550005_2021-11-30_0001,017550,KR7017550005,KOSPI,2021-11-30,2021-12-01,ENTRY,EXECUTED,2310.0,2312.31,2162,4999214.22,749.8821329999998,0.0,4994.219999999882,130723885.39351451,125723921.29138151,7328873.1940965,125245578160,ENTRY,False
PATTERN_B_ET_REALISTIC_PORTFOLIO_V02_P2_1,PATTERN_B_PROGRESSED_PREVIOUS_STAGE_EARLY_TRANSITION_ONLY_5WINDOW_V01_P2_1_NEW_TEST_100220_KR7100220003_2021-11-30_0001,PATTERN_B_PROGRESSED_PREVIOUS_STAGE_EARLY_TRANSITION_ONLY_5WINDOW_V01_P2_1_NEW_TEST_100220_KR7100220003_2021-11-30_0001,100220,KR7100220003,KOSPI,2021-11-30,2021-12-01,ENTRY,EXECUTED,7110.0,7117.109999999999,702,4996211.219999999,749.4316829999998,0.0,4991.219999999132,125723921.29138151,120726960.6396985,7328873.1940965,93706502610,ENTRY,False
PATTERN_B_ET_REALISTIC_PORTFOLIO_V02_P2_1,PATTERN_B_PROGRESSED_PREVIOUS_STAGE_EARLY_TRANSITION_ONLY_5WINDOW_V01_P2_1_NEW_TEST_043910_KR7043910009_2021-11-30_0001,PATTERN_B_PROGRESSED_PREVIOUS_STAGE_EARLY_TRANSITION_ONLY_5WINDOW_V01_P2_1_NEW_TEST_043910_KR7043910009_2021-11-30_0001,043910,KR7043910009,KOSDAQ,2021-11-30,2021-12-01,ENTRY,EXECUTED,12080.0,12092.079999999998,413,4994029.039999999,749.1043559999998,0.0,4989.039999999219,120726960.6396985,115732182.49534251,7328873.1940965,91144223650,ENTRY,False
PATTERN_B_ET_REALISTIC_PORTFOLIO_V02_P2_1,PATTERN_B_PROGRESSED_PREVIOUS_STAGE_EARLY_TRANSITION_ONLY_5WINDOW_V01_P2_1_NEW_TEST_049430_KR7049430002_2021-11-30_0001,PATTERN_B_PROGRESSED_PREVIOUS_STAGE_EARLY_TRANSITION_ONLY_5WINDOW_V01_P2_1_NEW_TEST_049430_KR7049430002_2021-11-30_0001,049430,KR7049430002,KOSDAQ,2021-11-30,2021-12-01,ENTRY,EXECUTED,9820.0,9829.82,508,4993548.56,749.0322839999999,0.0,4988.559999999852,115732182.49534251,110737884.90305851,7328873.1940965,88851360000,ENTRY,False
PATTERN_B_ET_REALISTIC_PORTFOLIO_V02_P2_1,PATTERN_B_PROGRESSED_PREVIOUS_STAGE_EARLY_TRANSITION_ONLY_5WINDOW_V01_P2_1_NEW_TEST_106190_KR7106190002_2021-11-30_0001,PATTERN_B_PROGRESSED_PREVIOUS_STAGE_EARLY_TRANSITION_ONLY_5WINDOW_V01_P2_1_NEW_TEST_106190_KR7106190002_2021-11-30_0001,106190,KR7106190002,KOSDAQ,2021-11-30,2021-12-01,ENTRY,EXECUTED,8105.0,8113.104999999999,616,4997672.679999999,749.6509019999997,0.0,4992.679999999171,110737884.90305851,105739462.57215652,7328873.1940965,86128701300,ENTRY,False
PATTERN_B_ET_REALISTIC_PORTFOLIO_V02_P2_1,PATTERN_B_PROGRESSED_PREVIOUS_STAGE_EARLY_TRANSITION_ONLY_5WINDOW_V01_P2_1_NEW_TEST_039240_KR7039240007_2021-11-30_0001,PATTERN_B_PROGRESSED_PREVIOUS_STAGE_EARLY_TRANSITION_ONLY_5WINDOW_V01_P2_1_NEW_TEST_039240_KR7039240007_2021-11-30_0001,039240,KR7039240007,KOSDAQ,2021-11-30,2021-12-01,ENTRY,EXECUTED,3400.0,3403.3999999999996,1468,4996191.199999999,749.4286799999999,0.0,4991.199999999466,105739462.57215652,100742521.94347651,7328873.1940965,85500000000,ENTRY,False
PATTERN_B_ET_REALISTIC_PORTFOLIO_V02_P2_1,PATTERN_B_PROGRESSED_PREVIOUS_STAGE_EARLY_TRANSITION_ONLY_5WINDOW_V01_P2_1_NEW_TEST_024120_KR7024120008_2021-11-30_0001,PATTERN_B_PROGRESSED_PREVIOUS_STAGE_EARLY_TRANSITION_ONLY_5WINDOW_V01_P2_1_NEW_TEST_024120_KR7024120008_2021-11-30_0001,024120,KR7024120008,KOSDAQ,2021-11-30,2021-12-01,ENTRY,EXECUTED,6240.0,6246.239999999999,800,4996991.999999999,749.5487999999998,0.0,4991.999999999098,100742521.94347651,95744780.3946765,7328873.1940965,71760000000,ENTRY,False
PATTERN_B_ET_REALISTIC_PORTFOLIO_V02_P2_1,PATTERN_B_PROGRESSED_PREVIOUS_STAGE_EARLY_TRANSITION_ONLY_5WINDOW_V01_P2_1_NEW_TEST_001380_KR7001380005_2021-11-30_0001,PATTERN_B_PROGRESSED_PREVIOUS_STAGE_EARLY_TRANSITION_ONLY_5WINDOW_V01_P2_1_NEW_TEST_001380_KR7001380005_2021-11-30_0001,001380,KR7001380005,KOSPI,2021-11-30,2021-12-01,ENTRY,EXECUTED,3155.0,3158.1549999999997,1582,4996201.21,749.4301814999999,0.0,4991.209999999597,95744780.3946765,90747829.75449501,7328873.1940965,71492987370,ENTRY,False
PATTERN_B_ET_REALISTIC_PORTFOLIO_V02_P2_1,PATTERN_B_PROGRESSED_PREVIOUS_STAGE_EARLY_TRANSITION_ONLY_5WINDOW_V01_P2_1_NEW_TEST_045340_KR7045340007_2021-11-30_0001,PATTERN_B_PROGRESSED_PREVIOUS_STAGE_EARLY_TRANSITION_ONLY_5WINDOW_V01_P2_1_NEW_TEST_045340_KR7045340007_2021-11-30_0001,045340,KR7045340007,KOSDAQ,2021-11-30,2021-12-01,ENTRY,EXECUTED,7600.0,7607.599999999999,657,4998193.199999999,749.7289799999999,0.0,4993.1999999996415,90747829.75449501,85748886.82551502,7328873.1940965,66581551200,ENTRY,False
PATTERN_B_ET_REALISTIC_PORTFOLIO_V02_P2_1,PATTERN_B_PROGRESSED_PREVIOUS_STAGE_EARLY_TRANSITION_ONLY_5WINDOW_V01_P2_1_NEW_TEST_024740_KR7024740003_2021-11-30_0001,PATTERN_B_PROGRESSED_PREVIOUS_STAGE_EARLY_TRANSITION_ONLY_5WINDOW_V01_P2_1_NEW_TEST_024740_KR7024740003_2021-11-30_0001,024740,KR7024740003,KOSDAQ,2021-11-30,2021-12-01,ENTRY,EXECUTED,2130.0,2132.1299999999997,2344,4997712.719999999,749.6569079999997,0.0,4992.71999999919,85748886.82551502,80750424.44860701,7328873.1940965,65013638400,ENTRY,False
PATTERN_B_ET_REALISTIC_PORTFOLIO_V02_P2_1,PATTERN_B_PROGRESSED_PREVIOUS_STAGE_EARLY_TRANSITION_ONLY_5WINDOW_V01_P2_1_NEW_TEST_069730_KR7069730000_2021-11-30_0001,PATTERN_B_PROGRESSED_PREVIOUS_STAGE_EARLY_TRANSITION_ONLY_5WINDOW_V01_P2_1_NEW_TEST_069730_KR7069730000_2021-11-30_0001,069730,KR7069730000,KOSPI,2021-11-30,2021-12-01,ENTRY,EXECUTED,4235.0,4239.235,1179,4998058.0649999995,749.7087097499999,0.0,4993.064999999614,80750424.44860701,75751616.67489727,7328873.1940965,61920000000,ENTRY,False
PATTERN_B_ET_REALISTIC_PORTFOLIO_V02_P2_1,PATTERN_B_PROGRESSED_PREVIOUS_STAGE_EARLY_TRANSITION_ONLY_5WINDOW_V01_P2_1_NEW_TEST_065770_KR7065770000_2021-11-30_0001,PATTERN_B_PROGRESSED_PREVIOUS_STAGE_EARLY_TRANSITION_ONLY_5WINDOW_V01_P2_1_NEW_TEST_065770_KR7065770000_2021-11-30_0001,065770,KR7065770000,KOSDAQ,2021-11-30,2021-12-01,ENTRY,EXECUTED,5913.0,5918.913,844,4995562.572,749.3343857999998,0.0,4990.571999999625,75751616.67489727,70755304.76851147,7328873.1940965,57262833500,ENTRY,False
PATTERN_B_ET_REALISTIC_PORTFOLIO_V02_P2_1,PATTERN_B_PROGRESSED_PREVIOUS_STAGE_EARLY_TRANSITION_ONLY_5WINDOW_V01_P2_1_NEW_TEST_028080_KR7028080000_2021-11-30_0001,PATTERN_B_PROGRESSED_PREVIOUS_STAGE_EARLY_TRANSITION_ONLY_5WINDOW_V01_P2_1_NEW_TEST_028080_KR7028080000_2021-11-30_0001,028080,KR7028080000,KOSDAQ,2021-11-30,2021-12-01,ENTRY,EXECUTED,19362.0,19381.361999999997,257,4981010.033999999,747.1515050999998,0.0,4976.033999999319,70755304.76851147,65773547.583006375,7328873.1940965,48674948220,ENTRY,False
PATTERN_B_ET_REALISTIC_PORTFOLIO_V02_P2_1,PATTERN_B_PROGRESSED_PREVIOUS_STAGE_EARLY_TRANSITION_ONLY_5WINDOW_V01_P2_1_NEW_TEST_002290_KR7002290005_2021-11-30_0001,PATTERN_B_PROGRESSED_PREVIOUS_STAGE_EARLY_TRANSITION_ONLY_5WINDOW_V01_P2_1_NEW_TEST_002290_KR7002290005_2021-11-30_0001,002290,KR7002290005,KOSDAQ,2021-11-30,2021-12-01,ENTRY,EXECUTED,3600.0,3603.5999999999995,1387,4998193.199999999,749.7289799999999,0.0,4993.199999999243,65773547.583006375,60774604.654026374,7328873.1940965,45074000000,ENTRY,False
PATTERN_B_ET_REALISTIC_PORTFOLIO_V02_P2_1,PATTERN_B_PROGRESSED_PREVIOUS_STAGE_EARLY_TRANSITION_ONLY_5WINDOW_V01_P2_1_NEW_TEST_024850_KR7024850000_2021-11-30_0001,PATTERN_B_PROGRESSED_PREVIOUS_STAGE_EARLY_TRANSITION_ONLY_5WINDOW_V01_P2_1_NEW_TEST_024850_KR7024850000_2021-11-30_0001,024850,KR7024850000,KOSDAQ,2021-11-30,2021-12-01,ENTRY,EXECUTED,5550.0,5555.549999999999,899,4994439.449999999,749.1659174999999,0.0,4989.449999999346,60774604.654026374,55779416.03810888,7328873.1940965,45036724860,ENTRY,False
PATTERN_B_ET_REALISTIC_PORTFOLIO_V02_P2_1,PATTERN_B_PROGRESSED_PREVIOUS_STAGE_EARLY_TRANSITION_ONLY_5WINDOW_V01_P2_1_NEW_TEST_079000_KR7079000006_2021-11-30_0001,PATTERN_B_PROGRESSED_PREVIOUS_STAGE_EARLY_TRANSITION_ONLY_5WINDOW_V01_P2_1_NEW_TEST_079000_KR7079000006_2021-11-30_0001,079000,KR7079000006,KOSDAQ,2021-11-30,2021-12-01,ENTRY,EXECUTED,5440.0,5445.44,918,4998913.92,749.8370879999999,0.0,4993.919999999633,55779416.03810888,50779752.28102088,7328873.1940965,40392000000,ENTRY,False
PATTERN_B_ET_REALISTIC_PORTFOLIO_V02_P2_1,PATTERN_B_PROGRESSED_PREVIOUS_STAGE_EARLY_TRANSITION_ONLY_5WINDOW_V01_P2_1_NEW_TEST_007330_KR7007330004_2021-11-30_0001,PATTERN_B_PROGRESSED_PREVIOUS_STAGE_EARLY_TRANSITION_ONLY_5WINDOW_V01_P2_1_NEW_TEST_007330_KR7007330004_2021-11-30_0001,007330,KR7007330004,KOSDAQ,2021-12-30,2022-01-03,EXIT,EXECUTED,11670.0,11658.33,481,5607656.7299999995,841.1485094999998,0.0,5613.270000000035,58108625.47511738,58108625.47511738,5606815.5814905,165910800000,,False
PATTERN_B_ET_REALISTIC_PORTFOLIO_V02_P2_1,PATTERN_B_PROGRESSED_PREVIOUS_STAGE_EARLY_TRANSITION_ONLY_5WINDOW_V01_P2_1_NEW_TEST_039240_KR7039240007_2021-11-30_0001,PATTERN_B_PROGRESSED_PREVIOUS_STAGE_EARLY_TRANSITION_ONLY_5WINDOW_V01_P2_1_NEW_TEST_039240_KR7039240007_2021-11-30_0001,039240,KR7039240007,KOSDAQ,2021-12-30,2022-01-03,EXIT,EXECUTED,4745.0,4740.255,1468,6958694.34,1043.8041509999998,0.0,6965.65999999984,58108625.47511738,58108625.47511738,12564466.1173395,85500000000,,False
PATTERN_B_ET_REALISTIC_PORTFOLIO_V02_P2_1,PATTERN_B_PROGRESSED_PREVIOUS_STAGE_EARLY_TRANSITION_ONLY_5WINDOW_V01_P2_1_NEW_TEST_016880_KR7016880007_2021-12-30_0001,PATTERN_B_PROGRESSED_PREVIOUS_STAGE_EARLY_TRANSITION_ONLY_5WINDOW_V01_P2_1_NEW_TEST_016880_KR7016880007_2021-12-30_0001,016880,KR7016880007,KOSPI,2021-12-30,2022-01-03,ENTRY,EXECUTED,1700.0,1701.6999999999998,2937,4997892.899999999,749.6839349999999,0.0,4992.899999999466,58108625.47511738,53109982.89118238,12564466.1173395,136675306800,ENTRY,False
PATTERN_B_ET_REALISTIC_PORTFOLIO_V02_P2_1,PATTERN_B_PROGRESSED_PREVIOUS_STAGE_EARLY_TRANSITION_ONLY_5WINDOW_V01_P2_1_NEW_TEST_001380_KR7001380005_2021-11-30_0001,PATTERN_B_PROGRESSED_PREVIOUS_STAGE_EARLY_TRANSITION_ONLY_5WINDOW_V01_P2_1_NEW_TEST_001380_KR7001380005_2021-11-30_0001,001380,KR7001380005,KOSPI,2022-01-28,2022-02-03,EXIT,EXECUTED,3716.0,3712.284,1582,5872833.288,880.9249931999999,0.0,5878.711999999833,65674449.00852188,65674449.00852188,5871952.3630067995,71492987370,,False
PATTERN_B_ET_REALISTIC_PORTFOLIO_V02_P2_1,PATTERN_B_PROGRESSED_PREVIOUS_STAGE_EARLY_TRANSITION_ONLY_5WINDOW_V01_P2_1_NEW_TEST_002290_KR7002290005_2021-11-30_0001,PATTERN_B_PROGRESSED_PREVIOUS_STAGE_EARLY_TRANSITION_ONLY_5WINDOW_V01_P2_1_NEW_TEST_002290_KR7002290005_2021-11-30_0001,002290,KR7002290005,KOSDAQ,2022-01-28,2022-02-03,EXIT,EXECUTED,4660.0,4655.34,1387,6456956.58,968.5434869999999,0.0,6463.419999999798,65674449.00852188,65674449.00852188,12327940.3995198,45074000000,,False
PATTERN_B_ET_REALISTIC_PORTFOLIO_V02_P2_1,PATTERN_B_PROGRESSED_PREVIOUS_STAGE_EARLY_TRANSITION_ONLY_5WINDOW_V01_P2_1_NEW_TEST_005250_KR7005250006_2021-11-30_0001,PATTERN_B_PROGRESSED_PREVIOUS_STAGE_EARLY_TRANSITION_ONLY_5WINDOW_V01_P2_1_NEW_TEST_005250_KR7005250006_2021-11-30_0001,005250,KR7005250006,KOSPI,2022-01-28,2022-02-03,EXIT,EXECUTED,22100.0,22077.9,206,4548047.4,682.20711,0.0,4552.5999999997,65674449.00852188,65674449.00852188,16875305.5924098,1156893966000,,False
PATTERN_B_ET_REALISTIC_PORTFOLIO_V02_P2_1,PATTERN_B_PROGRESSED_PREVIOUS_STAGE_EARLY_TRANSITION_ONLY_5WINDOW_V01_P2_1_NEW_TEST_016880_KR7016880007_2021-12-30_0001,PATTERN_B_PROGRESSED_PREVIOUS_STAGE_EARLY_TRANSITION_ONLY_5WINDOW_V01_P2_1_NEW_TEST_016880_KR7016880007_2021-12-30_0001,016880,KR7016880007,KOSPI,2022-01-28,2022-02-03,EXIT,EXECUTED,1890.0,1888.11,2937,5545379.069999999,831.8068604999999,0.0,5550.930000000294,65674449.00852188,65674449.00852188,22419852.8555493,136675306800,,False
PATTERN_B_ET_REALISTIC_PORTFOLIO_V02_P2_1,PATTERN_B_PROGRESSED_PREVIOUS_STAGE_EARLY_TRANSITION_ONLY_5WINDOW_V01_P2_1_NEW_TEST_017550_KR7017550005_2021-11-30_0001,PATTERN_B_PROGRESSED_PREVIOUS_STAGE_EARLY_TRANSITION_ONLY_5WINDOW_V01_P2_1_NEW_TEST_017550_KR7017550005_2021-11-30_0001,017550,KR7017550005,KOSPI,2022-01-28,2022-02-03,EXIT,EXECUTED,2455.0,2452.545,2162,5302402.29,795.3603434999999,0.0,5307.709999999843,65674449.00852188,65674449.00852188,27721459.785205796,125245578160,,False
PATTERN_B_ET_REALISTIC_PORTFOLIO_V02_P2_1,PATTERN_B_PROGRESSED_PREVIOUS_STAGE_EARLY_TRANSITION_ONLY_5WINDOW_V01_P2_1_NEW_TEST_024120_KR7024120008_2021-11-30_0001,PATTERN_B_PROGRESSED_PREVIOUS_STAGE_EARLY_TRANSITION_ONLY_5WINDOW_V01_P2_1_NEW_TEST_024120_KR7024120008_2021-11-30_0001,024120,KR7024120008,KOSDAQ,2022-01-28,2022-02-03,EXIT,EXECUTED,5960.0,5954.04,800,4763232.0,714.4848,0.0,4768.000000000029,65674449.00852188,65674449.00852188,32483977.300405797,71760000000,,False
PATTERN_B_ET_REALISTIC_PORTFOLIO_V02_P2_1,PATTERN_B_PROGRESSED_PREVIOUS_STAGE_EARLY_TRANSITION_ONLY_5WINDOW_V01_P2_1_NEW_TEST_024740_KR7024740003_2021-11-30_0001,PATTERN_B_PROGRESSED_PREVIOUS_STAGE_EARLY_TRANSITION_ONLY_5WINDOW_V01_P2_1_NEW_TEST_024740_KR7024740003_2021-11-30_0001,024740,KR7024740003,KOSDAQ,2022-01-28,2022-02-03,EXIT,EXECUTED,2730.0,2727.27,2344,6392720.88,958.9081319999999,0.0,6399.120000000043,65674449.00852188,65674449.00852188,38875739.272273794,65013638400,,False
PATTERN_B_ET_REALISTIC_PORTFOLIO_V02_P2_1,PATTERN_B_PROGRESSED_PREVIOUS_STAGE_EARLY_TRANSITION_ONLY_5WINDOW_V01_P2_1_NEW_TEST_024850_KR7024850000_2021-11-30_0001,PATTERN_B_PROGRESSED_PREVIOUS_STAGE_EARLY_TRANSITION_ONLY_5WINDOW_V01_P2_1_NEW_TEST_024850_KR7024850000_2021-11-30_0001,024850,KR7024850000,KOSDAQ,2022-01-28,2022-02-03,EXIT,EXECUTED,6675.0,6668.325,899,5994824.175,899.2236262499999,0.0,6000.8250000001635,65674449.00852188,65674449.00852188,44869664.22364754,45036724860,,False
PATTERN_B_ET_REALISTIC_PORTFOLIO_V02_P2_1,PATTERN_B_PROGRESSED_PREVIOUS_STAGE_EARLY_TRANSITION_ONLY_5WINDOW_V01_P2_1_NEW_TEST_028080_KR7028080000_2021-11-30_0001,PATTERN_B_PROGRESSED_PREVIOUS_STAGE_EARLY_TRANSITION_ONLY_5WINDOW_V01_P2_1_NEW_TEST_028080_KR7028080000_2021-11-30_0001,028080,KR7028080000,KOSDAQ,2022-01-28,2022-02-03,EXIT,EXECUTED,22039.0,22016.961,257,5658358.977,848.7538465499999,0.0,5664.023000000172,65674449.00852188,65674449.00852188,50527174.44680099,48674948220,,False
PATTERN_B_ET_REALISTIC_PORTFOLIO_V02_P2_1,PATTERN_B_PROGRESSED_PREVIOUS_STAGE_EARLY_TRANSITION_ONLY_5WINDOW_V01_P2_1_NEW_TEST_043910_KR7043910009_2021-11-30_0001,PATTERN_B_PROGRESSED_PREVIOUS_STAGE_EARLY_TRANSITION_ONLY_5WINDOW_V01_P2_1_NEW_TEST_043910_KR7043910009_2021-11-30_0001,043910,KR7043910009,KOSDAQ,2022-01-28,2022-02-03,EXIT,EXECUTED,10770.0,10759.23,413,4443561.99,666.5342985,0.0,4448.01000000018,65674449.00852188,65674449.00852188,54970069.90250249,91144223650,,False
PATTERN_B_ET_REALISTIC_PORTFOLIO_V02_P2_1,PATTERN_B_PROGRESSED_PREVIOUS_STAGE_EARLY_TRANSITION_ONLY_5WINDOW_V01_P2_1_NEW_TEST_045340_KR7045340007_2021-11-30_0001,PATTERN_B_PROGRESSED_PREVIOUS_STAGE_EARLY_TRANSITION_ONLY_5WINDOW_V01_P2_1_NEW_TEST_045340_KR7045340007_2021-11-30_0001,045340,KR7045340007,KOSDAQ,2022-01-28,2022-02-03,EXIT,EXECUTED,8650.0,8641.35,657,5677366.95,851.6050425,0.0,5683.049999999761,65674449.00852188,65674449.00852188,60646585.24745999,66581551200,,False
PATTERN_B_ET_REALISTIC_PORTFOLIO_V02_P2_1,PATTERN_B_PROGRESSED_PREVIOUS_STAGE_EARLY_TRANSITION_ONLY_5WINDOW_V01_P2_1_NEW_TEST_049430_KR7049430002_2021-11-30_0001,PATTERN_B_PROGRESSED_PREVIOUS_STAGE_EARLY_TRANSITION_ONLY_5WINDOW_V01_P2_1_NEW_TEST_049430_KR7049430002_2021-11-30_0001,049430,KR7049430002,KOSDAQ,2022-01-28,2022-02-03,EXIT,EXECUTED,9620.0,9610.38,508,4882073.04,732.3109559999999,0.0,4886.960000000407,65674449.00852188,65674449.00852188,65527925.97650399,88851360000,,False
PATTERN_B_ET_REALISTIC_PORTFOLIO_V02_P2_1,PATTERN_B_PROGRESSED_PREVIOUS_STAGE_EARLY_TRANSITION_ONLY_5WINDOW_V01_P2_1_NEW_TEST_052420_KR7052420007_2021-11-30_0001,PATTERN_B_PROGRESSED_PREVIOUS_STAGE_EARLY_TRANSITION_ONLY_5WINDOW_V01_P2_1_NEW_TEST_052420_KR7052420007_2021-11-30_0001,052420,KR7052420007,KOSDAQ,2022-01-28,2022-02-03,EXIT,EXECUTED,21100.0,21078.9,240,5058936.0,758.8403999999999,0.0,5063.999999999651,65674449.00852188,65674449.00852188,70586103.13610399,165984826800,,False
PATTERN_B_ET_REALISTIC_PORTFOLIO_V02_P2_1,PATTERN_B_PROGRESSED_PREVIOUS_STAGE_EARLY_TRANSITION_ONLY_5WINDOW_V01_P2_1_NEW_TEST_061250_KR7061250007_2021-11-30_0001,PATTERN_B_PROGRESSED_PREVIOUS_STAGE_EARLY_TRANSITION_ONLY_5WINDOW_V01_P2_1_NEW_TEST_061250_KR7061250007_2021-11-30_0001,061250,KR7061250007,KOSDAQ,2022-01-28,2022-02-03,EXIT,EXECUTED,21550.0,21528.45,218,4693202.100000001,703.980315,0.0,4697.899999999841,65674449.00852188,65674449.00852188,75278601.25578898,152269842960,,False
PATTERN_B_ET_REALISTIC_PORTFOLIO_V02_P2_1,PATTERN_B_PROGRESSED_PREVIOUS_STAGE_EARLY_TRANSITION_ONLY_5WINDOW_V01_P2_1_NEW_TEST_065770_KR7065770000_2021-11-30_0001,PATTERN_B_PROGRESSED_PREVIOUS_STAGE_EARLY_TRANSITION_ONLY_5WINDOW_V01_P2_1_NEW_TEST_065770_KR7065770000_2021-11-30_0001,065770,KR7065770000,KOSDAQ,2022-01-28,2022-02-03,EXIT,EXECUTED,6113.0,6106.887,844,5154212.628,773.1318941999999,0.0,5159.3720000002395,65674449.00852188,65674449.00852188,80432040.75189479,57262833500,,False
PATTERN_B_ET_REALISTIC_PORTFOLIO_V02_P2_1,PATTERN_B_PROGRESSED_PREVIOUS_STAGE_EARLY_TRANSITION_ONLY_5WINDOW_V01_P2_1_NEW_TEST_068330_KR7068330000_2021-11-30_0001,PATTERN_B_PROGRESSED_PREVIOUS_STAGE_EARLY_TRANSITION_ONLY_5WINDOW_V01_P2_1_NEW_TEST_068330_KR7068330000_2021-11-30_0001,068330,KR7068330000,KOSDAQ,2022-01-28,2022-02-03,EXIT,EXECUTED,2683.0,2680.317,1771,4746841.407,712.0262110499999,0.0,4751.592999999987,65674449.00852188,65674449.00852188,85178170.13268374,152103521600,,False
PATTERN_B_ET_REALISTIC_PORTFOLIO_V02_P2_1,PATTERN_B_PROGRESSED_PREVIOUS_STAGE_EARLY_TRANSITION_ONLY_5WINDOW_V01_P2_1_NEW_TEST_069730_KR7069730000_2021-11-30_0001,PATTERN_B_PROGRESSED_PREVIOUS_STAGE_EARLY_TRANSITION_ONLY_5WINDOW_V01_P2_1_NEW_TEST_069730_KR7069730000_2021-11-30_0001,069730,KR7069730000,KOSPI,2022-01-28,2022-02-03,EXIT,EXECUTED,4325.0,4320.675,1179,5094075.825,764.11137375,0.0,5099.1749999997855,65674449.00852188,65674449.00852188,90271481.84630999,61920000000,,False
PATTERN_B_ET_REALISTIC_PORTFOLIO_V02_P2_1,PATTERN_B_PROGRESSED_PREVIOUS_STAGE_EARLY_TRANSITION_ONLY_5WINDOW_V01_P2_1_NEW_TEST_073240_KR7073240004_2021-11-30_0001,PATTERN_B_PROGRESSED_PREVIOUS_STAGE_EARLY_TRANSITION_ONLY_5WINDOW_V01_P2_1_NEW_TEST_073240_KR7073240004_2021-11-30_0001,073240,KR7073240004,KOSPI,2022-01-28,2022-02-03,EXIT,EXECUTED,4105.0,4100.895,1261,5171228.595000001,775.68428925,0.0,5176.4049999994495,65674449.00852188,65674449.00852188,95441934.75702074,1131805530780,,False
PATTERN_B_ET_REALISTIC_PORTFOLIO_V02_P2_1,PATTERN_B_PROGRESSED_PREVIOUS_STAGE_EARLY_TRANSITION_ONLY_5WINDOW_V01_P2_1_NEW_TEST_079000_KR7079000006_2021-11-30_0001,PATTERN_B_PROGRESSED_PREVIOUS_STAGE_EARLY_TRANSITION_ONLY_5WINDOW_V01_P2_1_NEW_TEST_079000_KR7079000006_2021-11-30_0001,079000,KR7079000006,KOSDAQ,2022-01-28,2022-02-03,EXIT,EXECUTED,5690.0,5684.31,918,5218196.58,782.729487,0.0,5223.419999999633,65674449.00852188,65674449.00852188,100659348.60753374,40392000000,,False
PATTERN_B_ET_REALISTIC_PORTFOLIO_V02_P2_1,PATTERN_B_PROGRESSED_PREVIOUS_STAGE_EARLY_TRANSITION_ONLY_5WINDOW_V01_P2_1_NEW_TEST_100220_KR7100220003_2021-11-30_0001,PATTERN_B_PROGRESSED_PREVIOUS_STAGE_EARLY_TRANSITION_ONLY_5WINDOW_V01_P2_1_NEW_TEST_100220_KR7100220003_2021-11-30_0001,100220,KR7100220003,KOSPI,2022-01-28,2022-02-03,EXIT,EXECUTED,6880.0,6873.12,702,4824930.24,723.7395359999999,0.0,4829.760000000077,65674449.00852188,65674449.00852188,105483555.10799775,93706502610,,False
PATTERN_B_ET_REALISTIC_PORTFOLIO_V02_P2_1,PATTERN_B_PROGRESSED_PREVIOUS_STAGE_EARLY_TRANSITION_ONLY_5WINDOW_V01_P2_1_NEW_TEST_106190_KR7106190002_2021-11-30_0001,PATTERN_B_PROGRESSED_PREVIOUS_STAGE_EARLY_TRANSITION_ONLY_5WINDOW_V01_P2_1_NEW_TEST_106190_KR7106190002_2021-11-30_0001,106190,KR7106190002,KOSDAQ,2022-01-28,2022-02-03,EXIT,EXECUTED,7872.0,7864.128,616,4844302.848,726.6454272,0.0,4849.152000000184,65674449.00852188,65674449.00852188,110327131.31057054,86128701300,,False
PATTERN_B_ET_REALISTIC_PORTFOLIO_V02_P2_1,PATTERN_B_PROGRESSED_PREVIOUS_STAGE_EARLY_TRANSITION_ONLY_5WINDOW_V01_P2_1_NEW_TEST_121850_KR7121850002_2021-09-30_0001,PATTERN_B_PROGRESSED_PREVIOUS_STAGE_EARLY_TRANSITION_ONLY_5WINDOW_V01_P2_1_NEW_TEST_121850_KR7121850002_2021-09-30_0001,121850,KR7121850002,KOSDAQ,2022-01-28,2022-02-03,EXIT,EXECUTED,53655.0,53601.345,265,14204356.425,2130.65346375,0.0,14218.574999999691,65674449.00852188,65674449.00852188,124529357.08210678,34950862870,,False
PATTERN_B_ET_REALISTIC_PORTFOLIO_V02_P2_1,PATTERN_B_PROGRESSED_PREVIOUS_STAGE_EARLY_TRANSITION_ONLY_5WINDOW_V01_P2_1_NEW_TEST_214390_KR7214390007_2021-11-30_0001,PATTERN_B_PROGRESSED_PREVIOUS_STAGE_EARLY_TRANSITION_ONLY_5WINDOW_V01_P2_1_NEW_TEST_214390_KR7214390007_2021-11-30_0001,214390,KR7214390007,KOSPI,2022-01-28,2022-02-03,EXIT,EXECUTED,6274.0,6267.726,843,5283693.018,792.5539527,0.0,5288.982000000288,65674449.00852188,65674449.00852188,129812257.54615408,196036252000,,False
PATTERN_B_ET_REALISTIC_PORTFOLIO_V02_P2_1,PATTERN_B_PROGRESSED_PREVIOUS_STAGE_EARLY_TRANSITION_ONLY_5WINDOW_V01_P2_1_NEW_TEST_033200_KR7033200007_2021-08-31_0002,PATTERN_B_PROGRESSED_PREVIOUS_STAGE_EARLY_TRANSITION_ONLY_5WINDOW_V01_P2_1_NEW_TEST_033200_KR7033200007_2021-08-31_0002,033200,KR7033200007,KOSDAQ,2022-02-28,2022-03-02,EXIT,EXECUTED,7480.0,7472.52,596,4453621.92,668.043288,0.0,4458.07999999974,195486706.55467597,195486706.55467597,4452953.876712,118088964400,,False
PATTERN_B_ET_REALISTIC_PORTFOLIO_V02_P2_1,PATTERN_B_PROGRESSED_PREVIOUS_STAGE_EARLY_TRANSITION_ONLY_5WINDOW_V01_P2_1_NEW_TEST_073240_KR7073240004_2022-02-28_0002,PATTERN_B_PROGRESSED_PREVIOUS_STAGE_EARLY_TRANSITION_ONLY_5WINDOW_V01_P2_1_NEW_TEST_073240_KR7073240004_2022-02-28_0002,073240,KR7073240004,KOSPI,2022-02-28,2022-03-02,ENTRY,EXECUTED,3995.0,3998.9949999999994,1250,4998743.749999999,749.8115624999998,0.0,4993.749999999295,195486706.55467597,190487212.99311346,4452953.876712,1143295942260,ENTRY,False
PATTERN_B_ET_REALISTIC_PORTFOLIO_V02_P2_1,PATTERN_B_PROGRESSED_PREVIOUS_STAGE_EARLY_TRANSITION_ONLY_5WINDOW_V01_P2_1_NEW_TEST_084110_KR7084110006_2022-02-28_0001,PATTERN_B_PROGRESSED_PREVIOUS_STAGE_EARLY_TRANSITION_ONLY_5WINDOW_V01_P2_1_NEW_TEST_084110_KR7084110006_2022-02-28_0001,084110,KR7084110006,KOSDAQ,2022-02-28,2022-03-02,ENTRY,EXECUTED,30000.0,30029.999999999996,166,4984979.999999999,747.7469999999998,0.0,4979.999999999396,190487212.99311346,185501485.24611345,4452953.876712,363314727800,ENTRY,False
PATTERN_B_ET_REALISTIC_PORTFOLIO_V02_P2_1,PATTERN_B_PROGRESSED_PREVIOUS_STAGE_EARLY_TRANSITION_ONLY_5WINDOW_V01_P2_1_NEW_TEST_001360_KR7001360007_2022-02-28_0001,PATTERN_B_PROGRESSED_PREVIOUS_STAGE_EARLY_TRANSITION_ONLY_5WINDOW_V01_P2_1_NEW_TEST_001360_KR7001360007_2022-02-28_0001,001360,KR7001360007,KOSPI,2022-02-28,2022-03-02,ENTRY,EXECUTED,3852.0,3855.8519999999994,1296,4997184.191999999,749.5776287999997,0.0,4992.1919999992315,185501485.24611345,180503551.47648466,4452953.876712,287453698120,ENTRY,True
PATTERN_B_ET_REALISTIC_PORTFOLIO_V02_P2_1,PATTERN_B_PROGRESSED_PREVIOUS_STAGE_EARLY_TRANSITION_ONLY_5WINDOW_V01_P2_1_NEW_TEST_048910_KR7048910004_2022-02-28_0001,PATTERN_B_PROGRESSED_PREVIOUS_STAGE_EARLY_TRANSITION_ONLY_5WINDOW_V01_P2_1_NEW_TEST_048910_KR7048910004_2022-02-28_0001,048910,KR7048910004,KOSDAQ,2022-02-28,2022-03-02,ENTRY,EXECUTED,16500.0,16516.5,302,4987983.0,748.1974499999999,0.0,4983.0,180503551.47648466,175514820.27903464,4452953.876712,208810503600,ENTRY,False
PATTERN_B_ET_REALISTIC_PORTFOLIO_V02_P2_1,PATTERN_B_PROGRESSED_PREVIOUS_STAGE_EARLY_TRANSITION_ONLY_5WINDOW_V01_P2_1_NEW_TEST_017550_KR7017550005_2022-02-28_0002,PATTERN_B_PROGRESSED_PREVIOUS_STAGE_EARLY_TRANSITION_ONLY_5WINDOW_V01_P2_1_NEW_TEST_017550_KR7017550005_2022-02-28_0002,017550,KR7017550005,KOSPI,2022-02-28,2022-03-02,ENTRY,EXECUTED,2545.0,2547.5449999999996,1962,4998283.289999999,749.7424934999998,0.0,4993.2899999992505,175514820.27903464,170515787.24654114,4452953.876712,138202017280,ENTRY,False
PATTERN_B_ET_REALISTIC_PORTFOLIO_V02_P2_1,PATTERN_B_PROGRESSED_PREVIOUS_STAGE_EARLY_TRANSITION_ONLY_5WINDOW_V01_P2_1_NEW_TEST_045660_KR7045660008_2022-02-28_0001,PATTERN_B_PROGRESSED_PREVIOUS_STAGE_EARLY_TRANSITION_ONLY_5WINDOW_V01_P2_1_NEW_TEST_045660_KR7045660008_2022-02-28_0001,045660,KR7045660008,KOSDAQ,2022-02-28,2022-03-02,ENTRY,EXECUTED,15550.0,15565.549999999997,321,4996541.549999999,749.4812324999998,0.0,4991.549999999183,170515787.24654114,165518496.21530864,4452953.876712,130508000000,ENTRY,False
PATTERN_B_ET_REALISTIC_PORTFOLIO_V02_P2_1,PATTERN_B_PROGRESSED_PREVIOUS_STAGE_EARLY_TRANSITION_ONLY_5WINDOW_V01_P2_1_NEW_TEST_120240_KR7120240007_2022-02-28_0001,PATTERN_B_PROGRESSED_PREVIOUS_STAGE_EARLY_TRANSITION_ONLY_5WINDOW_V01_P2_1_NEW_TEST_120240_KR7120240007_2022-02-28_0001,120240,KR7120240007,KOSDAQ,2022-02-28,2022-03-02,ENTRY,EXECUTED,17400.0,17417.399999999998,287,4998793.8,749.8190699999999,0.0,4993.7999999993735,165518496.21530864,160518952.59623864,4452953.876712,125112803400,ENTRY,False
PATTERN_B_ET_REALISTIC_PORTFOLIO_V02_P2_1,PATTERN_B_PROGRESSED_PREVIOUS_STAGE_EARLY_TRANSITION_ONLY_5WINDOW_V01_P2_1_NEW_TEST_038620_KR7038620001_2022-02-28_0001,PATTERN_B_PROGRESSED_PREVIOUS_STAGE_EARLY_TRANSITION_ONLY_5WINDOW_V01_P2_1_NEW_TEST_038620_KR7038620001_2022-02-28_0001,038620,KR7038620001,KOSDAQ,2022-02-28,2022-03-02,ENTRY,EXECUTED,8025.0,8033.024999999999,622,4996541.549999999,749.4812324999998,0.0,4991.549999999208,160518952.59623864,155521661.56500614,4452953.876712,106807076325,ENTRY,False
PATTERN_B_ET_REALISTIC_PORTFOLIO_V02_P2_1,PATTERN_B_PROGRESSED_PREVIOUS_STAGE_EARLY_TRANSITION_ONLY_5WINDOW_V01_P2_1_NEW_TEST_039240_KR7039240007_2022-02-28_0002,PATTERN_B_PROGRESSED_PREVIOUS_STAGE_EARLY_TRANSITION_ONLY_5WINDOW_V01_P2_1_NEW_TEST_039240_KR7039240007_2022-02-28_0002,039240,KR7039240007,KOSDAQ,2022-02-28,2022-03-02,ENTRY,EXECUTED,3825.0,3828.8249999999994,1305,4996616.624999999,749.4924937499998,0.0,4991.624999999169,155521661.56500614,150524295.4475124,4452953.876712,102522495200,ENTRY,False
PATTERN_B_ET_REALISTIC_PORTFOLIO_V02_P2_1,PATTERN_B_PROGRESSED_PREVIOUS_STAGE_EARLY_TRANSITION_ONLY_5WINDOW_V01_P2_1_NEW_TEST_002410_KR7002410009_2022-02-28_0001,PATTERN_B_PROGRESSED_PREVIOUS_STAGE_EARLY_TRANSITION_ONLY_5WINDOW_V01_P2_1_NEW_TEST_002410_KR7002410009_2022-02-28_0001,002410,KR7002410009,KOSPI,2022-02-28,2022-03-02,ENTRY,EXECUTED,4085.0,4089.0849999999996,1222,4996861.869999999,749.5292804999998,0.0,4991.869999999489,150524295.4475124,145526684.0482319,4452953.876712,101314486560,ENTRY,False
PATTERN_B_ET_REALISTIC_PORTFOLIO_V02_P2_1,PATTERN_B_PROGRESSED_PREVIOUS_STAGE_EARLY_TRANSITION_ONLY_5WINDOW_V01_P2_1_NEW_TEST_015020_KR7015020001_2022-02-28_0001,PATTERN_B_PROGRESSED_PREVIOUS_STAGE_EARLY_TRANSITION_ONLY_5WINDOW_V01_P2_1_NEW_TEST_015020_KR7015020001_2022-02-28_0001,015020,KR7015020001,KOSPI,2022-02-28,2022-03-02,ENTRY,EXECUTED,3640.0,3643.6399999999994,1372,4999074.079999999,749.8611119999998,0.0,4994.079999999201,145526684.0482319,140526860.1071199,4452953.876712,78846944000,ENTRY,False
PATTERN_B_ET_REALISTIC_PORTFOLIO_V02_P2_1,PATTERN_B_PROGRESSED_PREVIOUS_STAGE_EARLY_TRANSITION_ONLY_5WINDOW_V01_P2_1_NEW_TEST_224110_KR7224110007_2022-02-28_0001,PATTERN_B_PROGRESSED_PREVIOUS_STAGE_EARLY_TRANSITION_ONLY_5WINDOW_V01_P2_1_NEW_TEST_224110_KR7224110007_2022-02-28_0001,224110,KR7224110007,KOSDAQ,2022-02-28,2022-03-02,ENTRY,EXECUTED,14350.0,14364.349999999999,348,4998793.8,749.8190699999999,0.0,4993.799999999494,140526860.1071199,135527316.4880499,4452953.876712,76629000000,ENTRY,False
PATTERN_B_ET_REALISTIC_PORTFOLIO_V02_P2_1,PATTERN_B_PROGRESSED_PREVIOUS_STAGE_EARLY_TRANSITION_ONLY_5WINDOW_V01_P2_1_NEW_TEST_069730_KR7069730000_2022-02-28_0002,PATTERN_B_PROGRESSED_PREVIOUS_STAGE_EARLY_TRANSITION_ONLY_5WINDOW_V01_P2_1_NEW_TEST_069730_KR7069730000_2022-02-28_0002,069730,KR7069730000,KOSPI,2022-02-28,2022-03-02,ENTRY,EXECUTED,4565.0,4569.565,1094,4999104.109999999,749.8656164999999,0.0,4994.109999999562,135527316.4880499,130527462.5124334,4452953.876712,65448000000,ENTRY,False
PATTERN_B_ET_REALISTIC_PORTFOLIO_V02_P2_1,PATTERN_B_PROGRESSED_PREVIOUS_STAGE_EARLY_TRANSITION_ONLY_5WINDOW_V01_P2_1_NEW_TEST_001620_KR7001620004_2022-02-28_0001,PATTERN_B_PROGRESSED_PREVIOUS_STAGE_EARLY_TRANSITION_ONLY_5WINDOW_V01_P2_1_NEW_TEST_001620_KR7001620004_2022-02-28_0001,001620,KR7001620004,KOSPI,2022-02-28,2022-03-02,ENTRY,EXECUTED,3585.0,3588.5849999999996,1393,4998898.904999999,749.8348357499998,0.0,4993.904999999417,130527462.5124334,125527813.77259764,4452953.876712,63233033325,ENTRY,False
PATTERN_B_ET_REALISTIC_PORTFOLIO_V02_P2_1,PATTERN_B_PROGRESSED_PREVIOUS_STAGE_EARLY_TRANSITION_ONLY_5WINDOW_V01_P2_1_NEW_TEST_053160_KR7053160008_2022-02-28_0001,PATTERN_B_PROGRESSED_PREVIOUS_STAGE_EARLY_TRANSITION_ONLY_5WINDOW_V01_P2_1_NEW_TEST_053160_KR7053160008_2022-02-28_0001,053160,KR7053160008,KOSDAQ,2022-02-28,2022-03-02,ENTRY,EXECUTED,10400.0,10410.4,480,4996992.0,749.5487999999999,0.0,4991.999999999825,125527813.77259764,120530072.22379763,4452953.876712,63000000000,ENTRY,False
PATTERN_B_ET_REALISTIC_PORTFOLIO_V02_P2_1,PATTERN_B_PROGRESSED_PREVIOUS_STAGE_EARLY_TRANSITION_ONLY_5WINDOW_V01_P2_1_NEW_TEST_024850_KR7024850000_2022-02-28_0002,PATTERN_B_PROGRESSED_PREVIOUS_STAGE_EARLY_TRANSITION_ONLY_5WINDOW_V01_P2_1_NEW_TEST_024850_KR7024850000_2022-02-28_0002,024850,KR7024850000,KOSDAQ,2022-02-28,2022-03-02,ENTRY,EXECUTED,5550.0,5555.549999999999,899,4994439.449999999,749.1659174999999,0.0,4989.449999999346,120530072.22379763,115534883.60788013,4452953.876712,45036724860,ENTRY,False
PATTERN_B_ET_REALISTIC_PORTFOLIO_V02_P2_1,PATTERN_B_PROGRESSED_PREVIOUS_STAGE_EARLY_TRANSITION_ONLY_5WINDOW_V01_P2_1_NEW_TEST_024940_KR7024940009_2022-02-28_0001,PATTERN_B_PROGRESSED_PREVIOUS_STAGE_EARLY_TRANSITION_ONLY_5WINDOW_V01_P2_1_NEW_TEST_024940_KR7024940009_2022-02-28_0001,024940,KR7024940009,KOSDAQ,2022-02-28,2022-03-02,ENTRY,EXECUTED,4050.0,4054.0499999999997,1233,4998643.649999999,749.7965474999999,0.0,4993.649999999663,115534883.60788013,110535490.16133264,4452953.876712,38950000000,ENTRY,False
PATTERN_B_ET_REALISTIC_PORTFOLIO_V02_P2_1,PATTERN_B_PROGRESSED_PREVIOUS_STAGE_EARLY_TRANSITION_ONLY_5WINDOW_V01_P2_1_NEW_TEST_134060_KR7134060003_2022-02-28_0001,PATTERN_B_PROGRESSED_PREVIOUS_STAGE_EARLY_TRANSITION_ONLY_5WINDOW_V01_P2_1_NEW_TEST_134060_KR7134060003_2022-02-28_0001,134060,KR7134060003,KOSDAQ,2022-02-28,2022-03-02,ENTRY,EXECUTED,7480.0,7487.48,667,4994149.16,749.1223739999999,0.0,4989.159999999709,110535490.16133264,105540591.87895864,4452953.876712,35673990000,ENTRY,False
PATTERN_B_ET_REALISTIC_PORTFOLIO_V02_P2_1,PATTERN_B_PROGRESSED_PREVIOUS_STAGE_EARLY_TRANSITION_ONLY_5WINDOW_V01_P2_1_NEW_TEST_019490_KR7019490002_2022-02-28_0002,PATTERN_B_PROGRESSED_PREVIOUS_STAGE_EARLY_TRANSITION_ONLY_5WINDOW_V01_P2_1_NEW_TEST_019490_KR7019490002_2022-02-28_0002,019490,KR7019490002,KOSPI,2022-02-28,2022-03-02,ENTRY,EXECUTED,2613.0,2615.613,1911,4998436.443,749.76546645,0.0,4993.442999999674,105540591.87895864,100541405.67049219,4452953.876712,35465416560,ENTRY,False
PATTERN_B_ET_REALISTIC_PORTFOLIO_V02_P2_1,PATTERN_B_PROGRESSED_PREVIOUS_STAGE_EARLY_TRANSITION_ONLY_5WINDOW_V01_P2_1_NEW_TEST_001620_KR7001620004_2022-02-28_0001,PATTERN_B_PROGRESSED_PREVIOUS_STAGE_EARLY_TRANSITION_ONLY_5WINDOW_V01_P2_1_NEW_TEST_001620_KR7001620004_2022-02-28_0001,001620,KR7001620004,KOSPI,2022-03-31,2022-04-01,EXIT,EXECUTED,3815.0,3811.185,1393,5308980.705,796.34710575,0.0,5314.2950000000765,104994359.54720418,104994359.54720418,5308184.35789425,63233033325,,False
PATTERN_B_ET_REALISTIC_PORTFOLIO_V02_P2_1,PATTERN_B_PROGRESSED_PREVIOUS_STAGE_EARLY_TRANSITION_ONLY_5WINDOW_V01_P2_1_NEW_TEST_002410_KR7002410009_2022-02-28_0001,PATTERN_B_PROGRESSED_PREVIOUS_STAGE_EARLY_TRANSITION_ONLY_5WINDOW_V01_P2_1_NEW_TEST_002410_KR7002410009_2022-02-28_0001,002410,KR7002410009,KOSPI,2022-03-31,2022-04-01,EXIT,EXECUTED,6620.0,6613.38,1222,8081550.36,1212.232554,0.0,8089.639999999867,104994359.54720418,104994359.54720418,13388522.48534025,101314486560,,False
PATTERN_B_ET_REALISTIC_PORTFOLIO_V02_P2_1,PATTERN_B_PROGRESSED_PREVIOUS_STAGE_EARLY_TRANSITION_ONLY_5WINDOW_V01_P2_1_NEW_TEST_017550_KR7017550005_2022-02-28_0002,PATTERN_B_PROGRESSED_PREVIOUS_STAGE_EARLY_TRANSITION_ONLY_5WINDOW_V01_P2_1_NEW_TEST_017550_KR7017550005_2022-02-28_0002,017550,KR7017550005,KOSPI,2022-03-31,2022-04-01,EXIT,EXECUTED,3085.0,3081.915,1962,6046717.2299999995,907.0075844999999,0.0,6052.770000000071,104994359.54720418,104994359.54720418,19434332.707755752,138202017280,,False
PATTERN_B_ET_REALISTIC_PORTFOLIO_V02_P2_1,PATTERN_B_PROGRESSED_PREVIOUS_STAGE_EARLY_TRANSITION_ONLY_5WINDOW_V01_P2_1_NEW_TEST_024850_KR7024850000_2022-02-28_0002,PATTERN_B_PROGRESSED_PREVIOUS_STAGE_EARLY_TRANSITION_ONLY_5WINDOW_V01_P2_1_NEW_TEST_024850_KR7024850000_2022-02-28_0002,024850,KR7024850000,KOSDAQ,2022-03-31,2022-04-01,EXIT,EXECUTED,6000.0,5994.0,899,5388606.0,808.2909,0.0,5394.0,104994359.54720418,104994359.54720418,24822130.416855752,45036724860,,False
PATTERN_B_ET_REALISTIC_PORTFOLIO_V02_P2_1,PATTERN_B_PROGRESSED_PREVIOUS_STAGE_EARLY_TRANSITION_ONLY_5WINDOW_V01_P2_1_NEW_TEST_024940_KR7024940009_2022-02-28_0001,PATTERN_B_PROGRESSED_PREVIOUS_STAGE_EARLY_TRANSITION_ONLY_5WINDOW_V01_P2_1_NEW_TEST_024940_KR7024940009_2022-02-28_0001,024940,KR7024940009,KOSDAQ,2022-03-31,2022-04-01,EXIT,EXECUTED,6950.0,6943.05,1233,8560780.65,1284.1170975,0.0,8569.349999999777,104994359.54720418,104994359.54720418,33381626.949758254,38950000000,,False
PATTERN_B_ET_REALISTIC_PORTFOLIO_V02_P2_1,PATTERN_B_PROGRESSED_PREVIOUS_STAGE_EARLY_TRANSITION_ONLY_5WINDOW_V01_P2_1_NEW_TEST_038620_KR7038620001_2022-02-28_0001,PATTERN_B_PROGRESSED_PREVIOUS_STAGE_EARLY_TRANSITION_ONLY_5WINDOW_V01_P2_1_NEW_TEST_038620_KR7038620001_2022-02-28_0001,038620,KR7038620001,KOSDAQ,2022-03-31,2022-04-01,EXIT,EXECUTED,8750.0,8741.25,622,5437057.5,815.5586249999999,0.0,5442.5,104994359.54720418,104994359.54720418,38817868.891133256,106807076325,,False
PATTERN_B_ET_REALISTIC_PORTFOLIO_V02_P2_1,PATTERN_B_PROGRESSED_PREVIOUS_STAGE_EARLY_TRANSITION_ONLY_5WINDOW_V01_P2_1_NEW_TEST_039240_KR7039240007_2022-02-28_0002,PATTERN_B_PROGRESSED_PREVIOUS_STAGE_EARLY_TRANSITION_ONLY_5WINDOW_V01_P2_1_NEW_TEST_039240_KR7039240007_2022-02-28_0002,039240,KR7039240007,KOSDAQ,2022-03-31,2022-04-01,EXIT,EXECUTED,5360.0,5354.64,1305,6987805.2,1048.17078,0.0,6994.799999999573,104994359.54720418,104994359.54720418,45804625.920353256,102522495200,,False
PATTERN_B_ET_REALISTIC_PORTFOLIO_V02_P2_1,PATTERN_B_PROGRESSED_PREVIOUS_STAGE_EARLY_TRANSITION_ONLY_5WINDOW_V01_P2_1_NEW_TEST_048910_KR7048910004_2022-02-28_0001,PATTERN_B_PROGRESSED_PREVIOUS_STAGE_EARLY_TRANSITION_ONLY_5WINDOW_V01_P2_1_NEW_TEST_048910_KR7048910004_2022-02-28_0001,048910,KR7048910004,KOSDAQ,2022-03-31,2022-04-01,EXIT,EXECUTED,18400.0,18381.6,302,5551243.199999999,832.6864799999998,0.0,5556.8000000004395,104994359.54720418,104994359.54720418,51355036.43387326,208810503600,,False
PATTERN_B_ET_REALISTIC_PORTFOLIO_V02_P2_1,PATTERN_B_PROGRESSED_PREVIOUS_STAGE_EARLY_TRANSITION_ONLY_5WINDOW_V01_P2_1_NEW_TEST_062860_KR7062860002_2021-09-30_0001,PATTERN_B_PROGRESSED_PREVIOUS_STAGE_EARLY_TRANSITION_ONLY_5WINDOW_V01_P2_1_NEW_TEST_062860_KR7062860002_2021-09-30_0001,062860,KR7062860002,KOSDAQ,2022-03-31,2022-04-01,EXIT,EXECUTED,7150.0,7142.85,742,5299994.7,794.999205,0.0,5305.29999999973,104994359.54720418,104994359.54720418,56654236.13466826,62198136000,,False
PATTERN_B_ET_REALISTIC_PORTFOLIO_V02_P2_1,PATTERN_B_PROGRESSED_PREVIOUS_STAGE_EARLY_TRANSITION_ONLY_5WINDOW_V01_P2_1_NEW_TEST_069730_KR7069730000_2022-02-28_0002,PATTERN_B_PROGRESSED_PREVIOUS_STAGE_EARLY_TRANSITION_ONLY_5WINDOW_V01_P2_1_NEW_TEST_069730_KR7069730000_2022-02-28_0002,069730,KR7069730000,KOSPI,2022-03-31,2022-04-01,EXIT,EXECUTED,5410.0,5404.59,1094,5912621.46,886.8932189999999,0.0,5918.539999999841,104994359.54720418,104994359.54720418,62565970.70144926,65448000000,,False
PATTERN_B_ET_REALISTIC_PORTFOLIO_V02_P2_1,PATTERN_B_PROGRESSED_PREVIOUS_STAGE_EARLY_TRANSITION_ONLY_5WINDOW_V01_P2_1_NEW_TEST_073240_KR7073240004_2022-02-28_0002,PATTERN_B_PROGRESSED_PREVIOUS_STAGE_EARLY_TRANSITION_ONLY_5WINDOW_V01_P2_1_NEW_TEST_073240_KR7073240004_2022-02-28_0002,073240,KR7073240004,KOSPI,2022-03-31,2022-04-01,EXIT,EXECUTED,4155.0,4150.845,1250,5188556.25,778.2834374999999,0.0,5193.749999999682,104994359.54720418,104994359.54720418,67753748.66801175,1143295942260,,False
PATTERN_B_ET_REALISTIC_PORTFOLIO_V02_P2_1,PATTERN_B_PROGRESSED_PREVIOUS_STAGE_EARLY_TRANSITION_ONLY_5WINDOW_V01_P2_1_NEW_TEST_120240_KR7120240007_2022-02-28_0001,PATTERN_B_PROGRESSED_PREVIOUS_STAGE_EARLY_TRANSITION_ONLY_5WINDOW_V01_P2_1_NEW_TEST_120240_KR7120240007_2022-02-28_0001,120240,KR7120240007,KOSDAQ,2022-03-31,2022-04-01,EXIT,EXECUTED,21000.0,20979.0,287,6020973.0,903.14595,0.0,6027.0,104994359.54720418,104994359.54720418,73773818.52206175,125112803400,,False
PATTERN_B_ET_REALISTIC_PORTFOLIO_V02_P2_1,PATTERN_B_PROGRESSED_PREVIOUS_STAGE_EARLY_TRANSITION_ONLY_5WINDOW_V01_P2_1_NEW_TEST_134060_KR7134060003_2022-02-28_0001,PATTERN_B_PROGRESSED_PREVIOUS_STAGE_EARLY_TRANSITION_ONLY_5WINDOW_V01_P2_1_NEW_TEST_134060_KR7134060003_2022-02-28_0001,134060,KR7134060003,KOSDAQ,2022-03-31,2022-04-01,EXIT,EXECUTED,7710.0,7702.29,667,5137427.43,770.6141144999999,0.0,5142.570000000024,104994359.54720418,104994359.54720418,78910475.33794725,35673990000,,False
PATTERN_B_ET_REALISTIC_PORTFOLIO_V02_P2_1,PATTERN_B_PROGRESSED_PREVIOUS_STAGE_EARLY_TRANSITION_ONLY_5WINDOW_V01_P2_1_NEW_TEST_053290_KR7053290003_2022-03-31_0001,PATTERN_B_PROGRESSED_PREVIOUS_STAGE_EARLY_TRANSITION_ONLY_5WINDOW_V01_P2_1_NEW_TEST_053290_KR7053290003_2022-03-31_0001,053290,KR7053290003,KOSDAQ,2022-03-31,2022-04-01,ENTRY,EXECUTED,8450.0,8458.449999999999,591,4998943.949999999,749.8415924999998,0.0,4993.949999999355,104994359.54720418,99994665.75561169,78910475.33794725,139482031080,ENTRY,False
PATTERN_B_ET_REALISTIC_PORTFOLIO_V02_P2_1,PATTERN_B_PROGRESSED_PREVIOUS_STAGE_EARLY_TRANSITION_ONLY_5WINDOW_V01_P2_1_NEW_TEST_046890_KR7046890000_2022-05-31_0001,PATTERN_B_PROGRESSED_PREVIOUS_STAGE_EARLY_TRANSITION_ONLY_5WINDOW_V01_P2_1_NEW_TEST_046890_KR7046890000_2022-05-31_0001,046890,KR7046890000,KOSDAQ,2022-05-31,2022-06-02,ENTRY,EXECUTED,12650.0,12662.649999999998,394,4989084.099999999,748.3626149999998,0.0,4984.09999999914,178905141.09355894,173915308.63094392,0.0,746309120000,ENTRY,False
PATTERN_B_ET_REALISTIC_PORTFOLIO_V02_P2_1,PATTERN_B_PROGRESSED_PREVIOUS_STAGE_EARLY_TRANSITION_ONLY_5WINDOW_V01_P2_1_NEW_TEST_206650_KR7206650004_2022-05-31_0001,PATTERN_B_PROGRESSED_PREVIOUS_STAGE_EARLY_TRANSITION_ONLY_5WINDOW_V01_P2_1_NEW_TEST_206650_KR7206650004_2022-05-31_0001,206650,KR7206650004,KOSDAQ,2022-05-31,2022-06-02,ENTRY,EXECUTED,17600.0,17617.6,283,4985780.8,747.8671199999999,0.0,4980.799999999588,173915308.63094392,168928779.9638239,0.0,645073083900,ENTRY,False
PATTERN_B_ET_REALISTIC_PORTFOLIO_V02_P2_1,PATTERN_B_PROGRESSED_PREVIOUS_STAGE_EARLY_TRANSITION_ONLY_5WINDOW_V01_P2_1_NEW_TEST_194480_KR7194480000_2022-05-31_0001,PATTERN_B_PROGRESSED_PREVIOUS_STAGE_EARLY_TRANSITION_ONLY_5WINDOW_V01_P2_1_NEW_TEST_194480_KR7194480000_2022-05-31_0001,194480,KR7194480000,KOSDAQ,2022-05-31,2022-06-02,ENTRY,EXECUTED,51300.0,51351.299999999996,97,4981076.1,747.1614149999999,0.0,4976.0999999995765,168928779.9638239,163946956.7024089,0.0,604367876000,ENTRY,False
PATTERN_B_ET_REALISTIC_PORTFOLIO_V02_P2_1,PATTERN_B_PROGRESSED_PREVIOUS_STAGE_EARLY_TRANSITION_ONLY_5WINDOW_V01_P2_1_NEW_TEST_108670_KR7108670001_2022-05-31_0001,PATTERN_B_PROGRESSED_PREVIOUS_STAGE_EARLY_TRANSITION_ONLY_5WINDOW_V01_P2_1_NEW_TEST_108670_KR7108670001_2022-05-31_0001,108670,KR7108670001,KOSPI,2022-05-31,2022-06-02,ENTRY,EXECUTED,50400.0,50450.399999999994,99,4994589.6,749.1884399999999,0.0,4989.599999999424,163946956.7024089,158951617.91396892,0.0,450177034000,ENTRY,False
PATTERN_B_ET_REALISTIC_PORTFOLIO_V02_P2_1,PATTERN_B_PROGRESSED_PREVIOUS_STAGE_EARLY_TRANSITION_ONLY_5WINDOW_V01_P2_1_NEW_TEST_226950_KR7226950004_2022-05-31_0001,PATTERN_B_PROGRESSED_PREVIOUS_STAGE_EARLY_TRANSITION_ONLY_5WINDOW_V01_P2_1_NEW_TEST_226950_KR7226950004_2022-05-31_0001,226950,KR7226950004,KOSDAQ,2022-05-31,2022-06-02,ENTRY,EXECUTED,22700.0,22722.699999999997,220,4998993.999999999,749.8490999999998,0.0,4993.99999999936,158951617.91396892,153951874.06486893,0.0,307635942000,ENTRY,False
PATTERN_B_ET_REALISTIC_PORTFOLIO_V02_P2_1,PATTERN_B_PROGRESSED_PREVIOUS_STAGE_EARLY_TRANSITION_ONLY_5WINDOW_V01_P2_1_NEW_TEST_048910_KR7048910004_2022-05-31_0002,PATTERN_B_PROGRESSED_PREVIOUS_STAGE_EARLY_TRANSITION_ONLY_5WINDOW_V01_P2_1_NEW_TEST_048910_KR7048910004_2022-05-31_0002,048910,KR7048910004,KOSDAQ,2022-05-31,2022-06-02,ENTRY,EXECUTED,16350.0,16366.349999999999,305,4991736.75,748.7605124999999,0.0,4986.749999999556,153951874.06486893,148959388.55435643,0.0,203778925200,ENTRY,False
PATTERN_B_ET_REALISTIC_PORTFOLIO_V02_P2_1,PATTERN_B_PROGRESSED_PREVIOUS_STAGE_EARLY_TRANSITION_ONLY_5WINDOW_V01_P2_1_NEW_TEST_066980_KR7066980004_2022-05-31_0001,PATTERN_B_PROGRESSED_PREVIOUS_STAGE_EARLY_TRANSITION_ONLY_5WINDOW_V01_P2_1_NEW_TEST_066980_KR7066980004_2022-05-31_0001,066980,KR7066980004,KOSDAQ,2022-05-31,2022-06-02,ENTRY,EXECUTED,3375.0,3378.3749999999995,1479,4996616.624999999,749.4924937499998,0.0,4991.624999999327,148959388.55435643,143962022.43686268,0.0,151660489430,ENTRY,False
PATTERN_B_ET_REALISTIC_PORTFOLIO_V02_P2_1,PATTERN_B_PROGRESSED_PREVIOUS_STAGE_EARLY_TRANSITION_ONLY_5WINDOW_V01_P2_1_NEW_TEST_234100_KR7234100006_2022-05-31_0001,PATTERN_B_PROGRESSED_PREVIOUS_STAGE_EARLY_TRANSITION_ONLY_5WINDOW_V01_P2_1_NEW_TEST_234100_KR7234100006_2022-05-31_0001,234100,KR7234100006,KOSDAQ,2022-05-31,2022-06-02,ENTRY,EXECUTED,13855.0,13868.854999999998,360,4992787.799999999,748.9181699999998,0.0,4987.799999999188,143962022.43686268,138968485.7186927,0.0,100110423530,ENTRY,True
PATTERN_B_ET_REALISTIC_PORTFOLIO_V02_P2_1,PATTERN_B_PROGRESSED_PREVIOUS_STAGE_EARLY_TRANSITION_ONLY_5WINDOW_V01_P2_1_NEW_TEST_038620_KR7038620001_2022-05-31_0002,PATTERN_B_PROGRESSED_PREVIOUS_STAGE_EARLY_TRANSITION_ONLY_5WINDOW_V01_P2_1_NEW_TEST_038620_KR7038620001_2022-05-31_0002,038620,KR7038620001,KOSDAQ,2022-05-31,2022-06-02,ENTRY,EXECUTED,7125.0,7132.124999999999,700,4992487.499999999,748.8731249999998,0.0,4987.499999999363,138968485.7186927,133975249.34556769,0.0,96159641925,ENTRY,False
PATTERN_B_ET_REALISTIC_PORTFOLIO_V02_P2_1,PATTERN_B_PROGRESSED_PREVIOUS_STAGE_EARLY_TRANSITION_ONLY_5WINDOW_V01_P2_1_NEW_TEST_008600_KR7008600009_2022-05-31_0001,PATTERN_B_PROGRESSED_PREVIOUS_STAGE_EARLY_TRANSITION_ONLY_5WINDOW_V01_P2_1_NEW_TEST_008600_KR7008600009_2022-05-31_0001,008600,KR7008600009,KOSPI,2022-05-31,2022-06-02,ENTRY,EXECUTED,12255.0,12267.255,407,4992772.784999999,748.9159177499998,0.0,4987.784999999674,133975249.34556769,128981727.64464994,0.0,80010886410,ENTRY,False
PATTERN_B_ET_REALISTIC_PORTFOLIO_V02_P2_1,PATTERN_B_PROGRESSED_PREVIOUS_STAGE_EARLY_TRANSITION_ONLY_5WINDOW_V01_P2_1_NEW_TEST_016920_KR7016920001_2022-05-31_0001,PATTERN_B_PROGRESSED_PREVIOUS_STAGE_EARLY_TRANSITION_ONLY_5WINDOW_V01_P2_1_NEW_TEST_016920_KR7016920001_2022-05-31_0001,016920,KR7016920001,KOSDAQ,2022-05-31,2022-06-02,ENTRY,EXECUTED,2765.0,2767.765,1806,4998583.59,749.7875384999999,0.0,4993.58999999977,128981727.64464994,123982394.26711144,0.0,72327358740,ENTRY,False
PATTERN_B_ET_REALISTIC_PORTFOLIO_V02_P2_1,PATTERN_B_PROGRESSED_PREVIOUS_STAGE_EARLY_TRANSITION_ONLY_5WINDOW_V01_P2_1_NEW_TEST_001620_KR7001620004_2022-05-31_0002,PATTERN_B_PROGRESSED_PREVIOUS_STAGE_EARLY_TRANSITION_ONLY_5WINDOW_V01_P2_1_NEW_TEST_001620_KR7001620004_2022-05-31_0002,001620,KR7001620004,KOSPI,2022-05-31,2022-06-02,ENTRY,EXECUTED,3585.0,3588.5849999999996,1393,4998898.904999999,749.8348357499998,0.0,4993.904999999417,123982394.26711144,118982745.52727568,0.0,62671350872,ENTRY,False
PATTERN_B_ET_REALISTIC_PORTFOLIO_V02_P2_1,PATTERN_B_PROGRESSED_PREVIOUS_STAGE_EARLY_TRANSITION_ONLY_5WINDOW_V01_P2_1_NEW_TEST_196300_KR7196300008_2022-05-31_0001,PATTERN_B_PROGRESSED_PREVIOUS_STAGE_EARLY_TRANSITION_ONLY_5WINDOW_V01_P2_1_NEW_TEST_196300_KR7196300008_2022-05-31_0001,196300,KR7196300008,KOSDAQ,2022-05-31,2022-06-02,ENTRY,EXECUTED,11150.0,11161.15,447,4989034.05,748.3551074999999,0.0,4984.049999999837,118982745.52727568,113992963.12216818,0.0,62468499400,ENTRY,False
PATTERN_B_ET_REALISTIC_PORTFOLIO_V02_P2_1,PATTERN_B_PROGRESSED_PREVIOUS_STAGE_EARLY_TRANSITION_ONLY_5WINDOW_V01_P2_1_NEW_TEST_093240_KR7093240000_2022-05-31_0001,PATTERN_B_PROGRESSED_PREVIOUS_STAGE_EARLY_TRANSITION_ONLY_5WINDOW_V01_P2_1_NEW_TEST_093240_KR7093240000_2022-05-31_0001,093240,KR7093240000,KOSPI,2022-05-31,2022-06-02,ENTRY,EXECUTED,1697.0,1698.697,2942,4997566.574,749.6349861,0.0,4992.573999999673,113992963.12216818,108994646.91318208,0.0,60751856100,ENTRY,False
PATTERN_B_ET_REALISTIC_PORTFOLIO_V02_P2_1,PATTERN_B_PROGRESSED_PREVIOUS_STAGE_EARLY_TRANSITION_ONLY_5WINDOW_V01_P2_1_NEW_TEST_071850_KR7071850002_2022-05-31_0001,PATTERN_B_PROGRESSED_PREVIOUS_STAGE_EARLY_TRANSITION_ONLY_5WINDOW_V01_P2_1_NEW_TEST_071850_KR7071850002_2022-05-31_0001,071850,KR7071850002,KOSDAQ,2022-05-31,2022-06-02,ENTRY,EXECUTED,2092.0,2094.0919999999996,2387,4998597.603999999,749.7896405999999,0.0,4993.603999999149,108994646.91318208,103995299.51954149,0.0,38109132400,ENTRY,False
PATTERN_B_ET_REALISTIC_PORTFOLIO_V02_P2_1,PATTERN_B_PROGRESSED_PREVIOUS_STAGE_EARLY_TRANSITION_ONLY_5WINDOW_V01_P2_1_NEW_TEST_112040_KR7112040001_2022-06-30_0001,PATTERN_B_PROGRESSED_PREVIOUS_STAGE_EARLY_TRANSITION_ONLY_5WINDOW_V01_P2_1_NEW_TEST_112040_KR7112040001_2022-06-30_0001,112040,KR7112040001,KOSDAQ,2022-06-30,2022-07-01,ENTRY,EXECUTED,59500.0,59559.49999999999,83,4943438.499999999,741.5157749999998,0.0,4938.499999999396,103995299.51954149,99051119.50376649,0.0,1937188526600,ENTRY,False
PATTERN_B_ET_REALISTIC_PORTFOLIO_V02_P2_1,PATTERN_B_PROGRESSED_PREVIOUS_STAGE_EARLY_TRANSITION_ONLY_5WINDOW_V01_P2_1_NEW_TEST_011000_KR7011000007_2022-06-30_0002,PATTERN_B_PROGRESSED_PREVIOUS_STAGE_EARLY_TRANSITION_ONLY_5WINDOW_V01_P2_1_NEW_TEST_011000_KR7011000007_2022-06-30_0002,011000,KR7011000007,KOSPI,2022-06-30,2022-07-01,ENTRY,EXECUTED,51750.0,51801.74999999999,96,4972967.999999999,745.9451999999998,0.0,4967.9999999993015,99051119.50376649,94077405.5585665,0.0,800088570600,ENTRY,False
PATTERN_B_ET_REALISTIC_PORTFOLIO_V02_P2_1,PATTERN_B_PROGRESSED_PREVIOUS_STAGE_EARLY_TRANSITION_ONLY_5WINDOW_V01_P2_1_NEW_TEST_213420_KR7213420003_2022-06-30_0001,PATTERN_B_PROGRESSED_PREVIOUS_STAGE_EARLY_TRANSITION_ONLY_5WINDOW_V01_P2_1_NEW_TEST_213420_KR7213420003_2022-06-30_0001,213420,KR7213420003,KOSDAQ,2022-06-30,2022-07-01,ENTRY,EXECUTED,30150.0,30180.149999999998,165,4979724.75,746.9587124999999,0.0,4974.74999999964,94077405.5585665,89096933.84985399,0.0,747418487900,ENTRY,False
PATTERN_B_ET_REALISTIC_PORTFOLIO_V02_P2_1,PATTERN_B_PROGRESSED_PREVIOUS_STAGE_EARLY_TRANSITION_ONLY_5WINDOW_V01_P2_1_NEW_TEST_003850_KR7003850005_2022-06-30_0001,PATTERN_B_PROGRESSED_PREVIOUS_STAGE_EARLY_TRANSITION_ONLY_5WINDOW_V01_P2_1_NEW_TEST_003850_KR7003850005_2022-06-30_0001,003850,KR7003850005,KOSPI,2022-06-30,2022-07-01,ENTRY,EXECUTED,10250.0,10260.249999999998,487,4996741.749999999,749.5112624999998,0.0,4991.749999999114,89096933.84985399,84099442.58859149,0.0,697203500000,ENTRY,False
PATTERN_B_ET_REALISTIC_PORTFOLIO_V02_P2_1,PATTERN_B_PROGRESSED_PREVIOUS_STAGE_EARLY_TRANSITION_ONLY_5WINDOW_V01_P2_1_NEW_TEST_064550_KR7064550007_2022-06-30_0001,PATTERN_B_PROGRESSED_PREVIOUS_STAGE_EARLY_TRANSITION_ONLY_5WINDOW_V01_P2_1_NEW_TEST_064550_KR7064550007_2022-06-30_0001,064550,KR7064550007,KOSDAQ,2022-06-30,2022-07-01,ENTRY,EXECUTED,24950.0,24974.949999999997,200,4994989.999999999,749.2484999999998,0.0,4989.999999999418,84099442.58859149,79103703.34009148,0.0,634933158600,ENTRY,False
PATTERN_B_ET_REALISTIC_PORTFOLIO_V02_P2_1,PATTERN_B_PROGRESSED_PREVIOUS_STAGE_EARLY_TRANSITION_ONLY_5WINDOW_V01_P2_1_NEW_TEST_192400_KR7192400000_2022-06-30_0001,PATTERN_B_PROGRESSED_PREVIOUS_STAGE_EARLY_TRANSITION_ONLY_5WINDOW_V01_P2_1_NEW_TEST_192400_KR7192400000_2022-06-30_0001,192400,KR7192400000,KOSPI,2022-06-30,2022-07-01,ENTRY,EXECUTED,16050.0,16066.049999999997,311,4996541.549999999,749.4812324999998,0.0,4991.549999999208,79103703.34009148,74106412.30885899,0.0,570773069250,ENTRY,False
PATTERN_B_ET_REALISTIC_PORTFOLIO_V02_P2_1,PATTERN_B_PROGRESSED_PREVIOUS_STAGE_EARLY_TRANSITION_ONLY_5WINDOW_V01_P2_1_NEW_TEST_033160_KR7033160003_2022-06-30_0001,PATTERN_B_PROGRESSED_PREVIOUS_STAGE_EARLY_TRANSITION_ONLY_5WINDOW_V01_P2_1_NEW_TEST_033160_KR7033160003_2022-06-30_0001,033160,KR7033160003,KOSDAQ,2022-06-30,2022-07-01,ENTRY,EXECUTED,10750.0,10760.749999999998,464,4992987.999999999,748.9481999999998,0.0,4987.999999999156,74106412.30885899,69112675.36065899,0.0,232251887850,ENTRY,False
PATTERN_B_ET_REALISTIC_PORTFOLIO_V02_P2_1,PATTERN_B_PROGRESSED_PREVIOUS_STAGE_EARLY_TRANSITION_ONLY_5WINDOW_V01_P2_1_NEW_TEST_094480_KR7094480001_2022-06-30_0001,PATTERN_B_PROGRESSED_PREVIOUS_STAGE_EARLY_TRANSITION_ONLY_5WINDOW_V01_P2_1_NEW_TEST_094480_KR7094480001_2022-06-30_0001,094480,KR7094480001,KOSDAQ,2022-06-30,2022-07-01,ENTRY,EXECUTED,5870.0,5875.869999999999,850,4994489.499999999,749.1734249999998,0.0,4989.499999999134,69112675.36065899,64117436.68723399,0.0,232240640960,ENTRY,False
PATTERN_B_ET_REALISTIC_PORTFOLIO_V02_P2_1,PATTERN_B_PROGRESSED_PREVIOUS_STAGE_EARLY_TRANSITION_ONLY_5WINDOW_V01_P2_1_NEW_TEST_160550_KR7160550000_2022-06-30_0001,PATTERN_B_PROGRESSED_PREVIOUS_STAGE_EARLY_TRANSITION_ONLY_5WINDOW_V01_P2_1_NEW_TEST_160550_KR7160550000_2022-06-30_0001,160550,KR7160550000,KOSDAQ,2022-06-30,2022-07-01,ENTRY,EXECUTED,6440.0,6446.44,775,4995991.0,749.39865,0.0,4990.99999999969,64117436.68723399,59120696.288583994,0.0,177203773100,ENTRY,False
PATTERN_B_ET_REALISTIC_PORTFOLIO_V02_P2_1,PATTERN_B_PROGRESSED_PREVIOUS_STAGE_EARLY_TRANSITION_ONLY_5WINDOW_V01_P2_1_NEW_TEST_054620_KR7054620000_2022-06-30_0001,PATTERN_B_PROGRESSED_PREVIOUS_STAGE_EARLY_TRANSITION_ONLY_5WINDOW_V01_P2_1_NEW_TEST_054620_KR7054620000_2022-06-30_0001,054620,KR7054620000,KOSDAQ,2022-06-30,2022-07-01,ENTRY,EXECUTED,8700.0,8708.699999999999,574,4998793.8,749.8190699999999,0.0,4993.7999999993735,59120696.288583994,54121152.66951399,0.0,175186358390,ENTRY,False
PATTERN_B_ET_REALISTIC_PORTFOLIO_V02_P2_1,PATTERN_B_PROGRESSED_PREVIOUS_STAGE_EARLY_TRANSITION_ONLY_5WINDOW_V01_P2_1_NEW_TEST_007860_KR7007860000_2022-06-30_0001,PATTERN_B_PROGRESSED_PREVIOUS_STAGE_EARLY_TRANSITION_ONLY_5WINDOW_V01_P2_1_NEW_TEST_007860_KR7007860000_2022-06-30_0001,007860,KR7007860000,KOSPI,2022-06-30,2022-07-01,ENTRY,EXECUTED,7220.0,7227.219999999999,691,4994009.02,749.1013529999999,0.0,4989.0199999995475,54121152.66951399,49126394.54816099,0.0,169994070560,ENTRY,False
PATTERN_B_ET_REALISTIC_PORTFOLIO_V02_P2_1,PATTERN_B_PROGRESSED_PREVIOUS_STAGE_EARLY_TRANSITION_ONLY_5WINDOW_V01_P2_1_NEW_TEST_009270_KR7009270000_2022-06-30_0001,PATTERN_B_PROGRESSED_PREVIOUS_STAGE_EARLY_TRANSITION_ONLY_5WINDOW_V01_P2_1_NEW_TEST_009270_KR7009270000_2022-06-30_0001,009270,KR7009270000,KOSPI,2022-06-30,2022-07-01,ENTRY,EXECUTED,1630.0,1631.6299999999999,3063,4997682.6899999995,749.6524034999999,0.0,4992.689999999638,49126394.54816099,44127962.20575749,0.0,155777165190,ENTRY,False
PATTERN_B_ET_REALISTIC_PORTFOLIO_V02_P2_1,PATTERN_B_PROGRESSED_PREVIOUS_STAGE_EARLY_TRANSITION_ONLY_5WINDOW_V01_P2_1_NEW_TEST_060560_KR7060560000_2022-06-30_0001,PATTERN_B_PROGRESSED_PREVIOUS_STAGE_EARLY_TRANSITION_ONLY_5WINDOW_V01_P2_1_NEW_TEST_060560_KR7060560000_2022-06-30_0001,060560,KR7060560000,KOSDAQ,2022-06-30,2022-07-01,ENTRY,EXECUTED,6770.0,6776.7699999999995,737,4994479.489999999,749.1719234999998,0.0,4989.489999999651,44127962.20575749,39132733.54383399,0.0,149373344250,ENTRY,False
PATTERN_B_ET_REALISTIC_PORTFOLIO_V02_P2_1,PATTERN_B_PROGRESSED_PREVIOUS_STAGE_EARLY_TRANSITION_ONLY_5WINDOW_V01_P2_1_NEW_TEST_104200_KR7104200001_2022-06-30_0001,PATTERN_B_PROGRESSED_PREVIOUS_STAGE_EARLY_TRANSITION_ONLY_5WINDOW_V01_P2_1_NEW_TEST_104200_KR7104200001_2022-06-30_0001,104200,KR7104200001,KOSDAQ,2022-06-30,2022-07-01,ENTRY,EXECUTED,8670.0,8678.669999999998,576,4998913.919999999,749.8370879999998,0.0,4993.919999998994,39132733.54383399,34133069.786745995,0.0,129296236000,ENTRY,True
PATTERN_B_ET_REALISTIC_PORTFOLIO_V02_P2_1,PATTERN_B_PROGRESSED_PREVIOUS_STAGE_EARLY_TRANSITION_ONLY_5WINDOW_V01_P2_1_NEW_TEST_086960_KR7086960002_2022-06-30_0001,PATTERN_B_PROGRESSED_PREVIOUS_STAGE_EARLY_TRANSITION_ONLY_5WINDOW_V01_P2_1_NEW_TEST_086960_KR7086960002_2022-06-30_0001,086960,KR7086960002,KOSDAQ,2022-06-30,2022-07-01,ENTRY,EXECUTED,2965.0,2967.9649999999997,1684,4998053.06,749.7079589999998,0.0,4993.059999999479,34133069.786745995,29134267.018786997,0.0,106711296000,ENTRY,False
PATTERN_B_ET_REALISTIC_PORTFOLIO_V02_P2_1,PATTERN_B_PROGRESSED_PREVIOUS_STAGE_EARLY_TRANSITION_ONLY_5WINDOW_V01_P2_1_NEW_TEST_013990_KR7013990007_2022-06-30_0001,PATTERN_B_PROGRESSED_PREVIOUS_STAGE_EARLY_TRANSITION_ONLY_5WINDOW_V01_P2_1_NEW_TEST_013990_KR7013990007_2022-06-30_0001,013990,KR7013990007,KOSDAQ,2022-06-30,2022-07-01,ENTRY,EXECUTED,2885.0,2887.8849999999998,1731,4998928.935,749.8393402499999,0.0,4993.93499999959,29134267.018786997,24134588.244446747,0.0,94880541360,ENTRY,False
PATTERN_B_ET_REALISTIC_PORTFOLIO_V02_P2_1,PATTERN_B_PROGRESSED_PREVIOUS_STAGE_EARLY_TRANSITION_ONLY_5WINDOW_V01_P2_1_NEW_TEST_068050_KR7068050004_2022-06-30_0001,PATTERN_B_PROGRESSED_PREVIOUS_STAGE_EARLY_TRANSITION_ONLY_5WINDOW_V01_P2_1_NEW_TEST_068050_KR7068050004_2022-06-30_0001,068050,KR7068050004,KOSDAQ,2022-06-30,2022-07-01,ENTRY,EXECUTED,3255.0,3258.2549999999997,1534,4998163.17,749.7244754999999,0.0,4993.16999999947,24134588.244446747,19135675.349971246,0.0,89590335860,ENTRY,False
PATTERN_B_ET_REALISTIC_PORTFOLIO_V02_P2_1,PATTERN_B_PROGRESSED_PREVIOUS_STAGE_EARLY_TRANSITION_ONLY_5WINDOW_V01_P2_1_NEW_TEST_006660_KR7006660005_2022-06-30_0001,PATTERN_B_PROGRESSED_PREVIOUS_STAGE_EARLY_TRANSITION_ONLY_5WINDOW_V01_P2_1_NEW_TEST_006660_KR7006660005_2022-06-30_0001,006660,KR7006660005,KOSPI,2022-06-30,2022-07-01,ENTRY,EXECUTED,10650.0,10660.65,468,4989184.2,748.37763,0.0,4984.19999999983,19135675.349971246,14145742.772341246,0.0,89389454000,ENTRY,False
PATTERN_B_ET_REALISTIC_PORTFOLIO_V02_P2_1,PATTERN_B_PROGRESSED_PREVIOUS_STAGE_EARLY_TRANSITION_ONLY_5WINDOW_V01_P2_1_NEW_TEST_037230_KR7037230000_2022-06-30_0001,PATTERN_B_PROGRESSED_PREVIOUS_STAGE_EARLY_TRANSITION_ONLY_5WINDOW_V01_P2_1_NEW_TEST_037230_KR7037230000_2022-06-30_0001,037230,KR7037230000,KOSDAQ,2022-06-30,2022-07-01,ENTRY,EXECUTED,2835.0,2837.8349999999996,1761,4997427.435,749.6141152499998,0.0,4992.434999999263,14145742.772341246,9147565.723225996,0.0,85526938490,ENTRY,False
PATTERN_B_ET_REALISTIC_PORTFOLIO_V02_P2_1,PATTERN_B_PROGRESSED_PREVIOUS_STAGE_EARLY_TRANSITION_ONLY_5WINDOW_V01_P2_1_NEW_TEST_048430_KR7048430003_2022-06-30_0001,PATTERN_B_PROGRESSED_PREVIOUS_STAGE_EARLY_TRANSITION_ONLY_5WINDOW_V01_P2_1_NEW_TEST_048430_KR7048430003_2022-06-30_0001,048430,KR7048430003,KOSDAQ,2022-06-30,2022-07-01,ENTRY,EXECUTED,6730.0,6736.73,742,4998653.659999999,749.7980489999998,0.0,4993.659999999676,9147565.723225996,4148162.2651769966,0.0,77990400000,ENTRY,False
PATTERN_B_ET_REALISTIC_PORTFOLIO_V02_P2_1,PATTERN_B_PROGRESSED_PREVIOUS_STAGE_EARLY_TRANSITION_ONLY_5WINDOW_V01_P2_1_NEW_TEST_037330_KR7037330008_2022-06-30_0001,PATTERN_B_PROGRESSED_PREVIOUS_STAGE_EARLY_TRANSITION_ONLY_5WINDOW_V01_P2_1_NEW_TEST_037330_KR7037330008_2022-06-30_0001,037330,KR7037330008,KOSDAQ,2022-06-30,2022-07-01,ENTRY,SKIPPED_CASH_UNAVAILABLE,,,0,0.0,0.0,0.0,0.0,4148162.2651769966,4148162.2651769966,0.0,77237994240,INSUFFICIENT_AVAILABLE_CASH,False
PATTERN_B_ET_REALISTIC_PORTFOLIO_V02_P2_1,PATTERN_B_PROGRESSED_PREVIOUS_STAGE_EARLY_TRANSITION_ONLY_5WINDOW_V01_P2_1_NEW_TEST_023460_KR7023460009_2022-06-30_0001,PATTERN_B_PROGRESSED_PREVIOUS_STAGE_EARLY_TRANSITION_ONLY_5WINDOW_V01_P2_1_NEW_TEST_023460_KR7023460009_2022-06-30_0001,023460,KR7023460009,KOSDAQ,2022-06-30,2022-07-01,ENTRY,SKIPPED_CASH_UNAVAILABLE,,,0,0.0,0.0,0.0,0.0,4148162.2651769966,4148162.2651769966,0.0,67518000000,INSUFFICIENT_AVAILABLE_CASH,False
PATTERN_B_ET_REALISTIC_PORTFOLIO_V02_P2_1,PATTERN_B_PROGRESSED_PREVIOUS_STAGE_EARLY_TRANSITION_ONLY_5WINDOW_V01_P2_1_NEW_TEST_109080_KR7109080002_2022-06-30_0001,PATTERN_B_PROGRESSED_PREVIOUS_STAGE_EARLY_TRANSITION_ONLY_5WINDOW_V01_P2_1_NEW_TEST_109080_KR7109080002_2022-06-30_0001,109080,KR7109080002,KOSDAQ,2022-06-30,2022-07-01,ENTRY,SKIPPED_CASH_UNAVAILABLE,,,0,0.0,0.0,0.0,0.0,4148162.2651769966,4148162.2651769966,0.0,62841400000,INSUFFICIENT_AVAILABLE_CASH,False
PATTERN_B_ET_REALISTIC_PORTFOLIO_V02_P2_1,PATTERN_B_PROGRESSED_PREVIOUS_STAGE_EARLY_TRANSITION_ONLY_5WINDOW_V01_P2_1_NEW_TEST_052460_KR7052460003_2022-06-30_0001,PATTERN_B_PROGRESSED_PREVIOUS_STAGE_EARLY_TRANSITION_ONLY_5WINDOW_V01_P2_1_NEW_TEST_052460_KR7052460003_2022-06-30_0001,052460,KR7052460003,KOSDAQ,2022-06-30,2022-07-01,ENTRY,SKIPPED_CASH_UNAVAILABLE,,,0,0.0,0.0,0.0,0.0,4148162.2651769966,4148162.2651769966,0.0,52077291840,INSUFFICIENT_AVAILABLE_CASH,False
PATTERN_B_ET_REALISTIC_PORTFOLIO_V02_P2_1,PATTERN_B_PROGRESSED_PREVIOUS_STAGE_EARLY_TRANSITION_ONLY_5WINDOW_V01_P2_1_NEW_TEST_196700_KR7196700009_2022-06-30_0001,PATTERN_B_PROGRESSED_PREVIOUS_STAGE_EARLY_TRANSITION_ONLY_5WINDOW_V01_P2_1_NEW_TEST_196700_KR7196700009_2022-06-30_0001,196700,KR7196700009,KOSDAQ,2022-06-30,2022-07-01,ENTRY,SKIPPED_CASH_UNAVAILABLE,,,0,0.0,0.0,0.0,0.0,4148162.2651769966,4148162.2651769966,0.0,45749798640,INSUFFICIENT_AVAILABLE_CASH,False
PATTERN_B_ET_REALISTIC_PORTFOLIO_V02_P2_1,PATTERN_B_PROGRESSED_PREVIOUS_STAGE_EARLY_TRANSITION_ONLY_5WINDOW_V01_P2_1_NEW_TEST_035200_KR7035200005_2022-06-30_0001,PATTERN_B_PROGRESSED_PREVIOUS_STAGE_EARLY_TRANSITION_ONLY_5WINDOW_V01_P2_1_NEW_TEST_035200_KR7035200005_2022-06-30_0001,035200,KR7035200005,KOSDAQ,2022-06-30,2022-07-01,ENTRY,SKIPPED_CASH_UNAVAILABLE,,,0,0.0,0.0,0.0,0.0,4148162.2651769966,4148162.2651769966,0.0,37170853800,INSUFFICIENT_AVAILABLE_CASH,False
PATTERN_B_ET_REALISTIC_PORTFOLIO_V02_P2_1,PATTERN_B_PROGRESSED_PREVIOUS_STAGE_EARLY_TRANSITION_ONLY_5WINDOW_V01_P2_1_NEW_TEST_025890_KR7025890005_2022-06-30_0001,PATTERN_B_PROGRESSED_PREVIOUS_STAGE_EARLY_TRANSITION_ONLY_5WINDOW_V01_P2_1_NEW_TEST_025890_KR7025890005_2022-06-30_0001,025890,KR7025890005,KOSPI,2022-06-30,2022-07-01,ENTRY,SKIPPED_CASH_UNAVAILABLE,,,0,0.0,0.0,0.0,0.0,4148162.2651769966,4148162.2651769966,0.0,30648091890,INSUFFICIENT_AVAILABLE_CASH,False
PATTERN_B_ET_REALISTIC_PORTFOLIO_V02_P2_1,PATTERN_B_PROGRESSED_PREVIOUS_STAGE_EARLY_TRANSITION_ONLY_5WINDOW_V01_P2_1_NEW_TEST_006660_KR7006660005_2022-06-30_0001,PATTERN_B_PROGRESSED_PREVIOUS_STAGE_EARLY_TRANSITION_ONLY_5WINDOW_V01_P2_1_NEW_TEST_006660_KR7006660005_2022-06-30_0001,006660,KR7006660005,KOSPI,2022-08-31,2022-09-01,EXIT,EXECUTED,13100.0,13086.9,468,6124669.2,918.70038,0.0,6130.80000000017,4148162.2651769966,4148162.2651769966,6123750.49962,89389454000,,False
PATTERN_B_ET_REALISTIC_PORTFOLIO_V02_P2_1,PATTERN_B_PROGRESSED_PREVIOUS_STAGE_EARLY_TRANSITION_ONLY_5WINDOW_V01_P2_1_NEW_TEST_011000_KR7011000007_2022-06-30_0002,PATTERN_B_PROGRESSED_PREVIOUS_STAGE_EARLY_TRANSITION_ONLY_5WINDOW_V01_P2_1_NEW_TEST_011000_KR7011000007_2022-06-30_0002,011000,KR7011000007,KOSPI,2022-08-31,2022-09-01,EXIT,EXECUTED,54000.0,53946.0,96,5178816.0,776.8223999999999,0.0,5184.0,4148162.2651769966,4148162.2651769966,11301789.67722,800088570600,,False
PATTERN_B_ET_REALISTIC_PORTFOLIO_V02_P2_1,PATTERN_B_PROGRESSED_PREVIOUS_STAGE_EARLY_TRANSITION_ONLY_5WINDOW_V01_P2_1_NEW_TEST_013990_KR7013990007_2022-06-30_0001,PATTERN_B_PROGRESSED_PREVIOUS_STAGE_EARLY_TRANSITION_ONLY_5WINDOW_V01_P2_1_NEW_TEST_013990_KR7013990007_2022-06-30_0001,013990,KR7013990007,KOSDAQ,2022-08-31,2022-09-01,EXIT,EXECUTED,4240.0,4235.76,1731,7332100.5600000005,1099.815084,0.0,7339.439999999622,4148162.2651769966,4148162.2651769966,18632790.422136,94880541360,,False
PATTERN_B_ET_REALISTIC_PORTFOLIO_V02_P2_1,PATTERN_B_PROGRESSED_PREVIOUS_STAGE_EARLY_TRANSITION_ONLY_5WINDOW_V01_P2_1_NEW_TEST_025890_KR7025890005_2022-06-30_0001,PATTERN_B_PROGRESSED_PREVIOUS_STAGE_EARLY_TRANSITION_ONLY_5WINDOW_V01_P2_1_NEW_TEST_025890_KR7025890005_2022-06-30_0001,025890,KR7025890005,KOSPI,2022-08-31,2022-09-01,EXIT,SKIPPED_NO_EXECUTED_POSITION,,,0,0.0,0.0,0.0,0.0,4148162.2651769966,4148162.2651769966,0.0,30648091890,ENTRY_WAS_NOT_EXECUTED,False
PATTERN_B_ET_REALISTIC_PORTFOLIO_V02_P2_1,PATTERN_B_PROGRESSED_PREVIOUS_STAGE_EARLY_TRANSITION_ONLY_5WINDOW_V01_P2_1_NEW_TEST_033160_KR7033160003_2022-06-30_0001,PATTERN_B_PROGRESSED_PREVIOUS_STAGE_EARLY_TRANSITION_ONLY_5WINDOW_V01_P2_1_NEW_TEST_033160_KR7033160003_2022-06-30_0001,033160,KR7033160003,KOSDAQ,2022-08-31,2022-09-01,EXIT,EXECUTED,12950.0,12937.05,464,6002791.199999999,900.4186799999998,0.0,6008.800000000338,4148162.2651769966,4148162.2651769966,24634681.203456,232251887850,,False
PATTERN_B_ET_REALISTIC_PORTFOLIO_V02_P2_1,PATTERN_B_PROGRESSED_PREVIOUS_STAGE_EARLY_TRANSITION_ONLY_5WINDOW_V01_P2_1_NEW_TEST_035200_KR7035200005_2022-06-30_0001,PATTERN_B_PROGRESSED_PREVIOUS_STAGE_EARLY_TRANSITION_ONLY_5WINDOW_V01_P2_1_NEW_TEST_035200_KR7035200005_2022-06-30_0001,035200,KR7035200005,KOSDAQ,2022-08-31,2022-09-01,EXIT,SKIPPED_NO_EXECUTED_POSITION,,,0,0.0,0.0,0.0,0.0,4148162.2651769966,4148162.2651769966,0.0,37170853800,ENTRY_WAS_NOT_EXECUTED,False
PATTERN_B_ET_REALISTIC_PORTFOLIO_V02_P2_1,PATTERN_B_PROGRESSED_PREVIOUS_STAGE_EARLY_TRANSITION_ONLY_5WINDOW_V01_P2_1_NEW_TEST_037230_KR7037230000_2022-06-30_0001,PATTERN_B_PROGRESSED_PREVIOUS_STAGE_EARLY_TRANSITION_ONLY_5WINDOW_V01_P2_1_NEW_TEST_037230_KR7037230000_2022-06-30_0001,037230,KR7037230000,KOSDAQ,2022-08-31,2022-09-01,EXIT,EXECUTED,3350.0,3346.65,1761,5893450.65,884.0175975,0.0,5899.34999999984,4148162.2651769966,4148162.2651769966,30527247.8358585,85526938490,,False
PATTERN_B_ET_REALISTIC_PORTFOLIO_V02_P2_1,PATTERN_B_PROGRESSED_PREVIOUS_STAGE_EARLY_TRANSITION_ONLY_5WINDOW_V01_P2_1_NEW_TEST_037330_KR7037330008_2022-06-30_0001,PATTERN_B_PROGRESSED_PREVIOUS_STAGE_EARLY_TRANSITION_ONLY_5WINDOW_V01_P2_1_NEW_TEST_037330_KR7037330008_2022-06-30_0001,037330,KR7037330008,KOSDAQ,2022-08-31,2022-09-01,EXIT,SKIPPED_NO_EXECUTED_POSITION,,,0,0.0,0.0,0.0,0.0,4148162.2651769966,4148162.2651769966,0.0,77237994240,ENTRY_WAS_NOT_EXECUTED,False
PATTERN_B_ET_REALISTIC_PORTFOLIO_V02_P2_1,PATTERN_B_PROGRESSED_PREVIOUS_STAGE_EARLY_TRANSITION_ONLY_5WINDOW_V01_P2_1_NEW_TEST_048430_KR7048430003_2022-06-30_0001,PATTERN_B_PROGRESSED_PREVIOUS_STAGE_EARLY_TRANSITION_ONLY_5WINDOW_V01_P2_1_NEW_TEST_048430_KR7048430003_2022-06-30_0001,048430,KR7048430003,KOSDAQ,2022-08-31,2022-09-01,EXIT,EXECUTED,6710.0,6703.29,742,4973841.18,746.0761769999999,0.0,4978.820000000027,4148162.2651769966,4148162.2651769966,35500342.9396815,77990400000,,False
PATTERN_B_ET_REALISTIC_PORTFOLIO_V02_P2_1,PATTERN_B_PROGRESSED_PREVIOUS_STAGE_EARLY_TRANSITION_ONLY_5WINDOW_V01_P2_1_NEW_TEST_054620_KR7054620000_2022-06-30_0001,PATTERN_B_PROGRESSED_PREVIOUS_STAGE_EARLY_TRANSITION_ONLY_5WINDOW_V01_P2_1_NEW_TEST_054620_KR7054620000_2022-06-30_0001,054620,KR7054620000,KOSDAQ,2022-08-31,2022-09-01,EXIT,EXECUTED,13600.0,13586.4,574,7798593.6,1169.7890399999999,0.0,7806.400000000209,4148162.2651769966,4148162.2651769966,43297766.7506415,175186358390,,False
PATTERN_B_ET_REALISTIC_PORTFOLIO_V02_P2_1,PATTERN_B_PROGRESSED_PREVIOUS_STAGE_EARLY_TRANSITION_ONLY_5WINDOW_V01_P2_1_NEW_TEST_060560_KR7060560000_2022-06-30_0001,PATTERN_B_PROGRESSED_PREVIOUS_STAGE_EARLY_TRANSITION_ONLY_5WINDOW_V01_P2_1_NEW_TEST_060560_KR7060560000_2022-06-30_0001,060560,KR7060560000,KOSDAQ,2022-08-31,2022-09-01,EXIT,EXECUTED,7930.0,7922.07,737,5838565.59,875.7848384999999,0.0,5844.4100000002145,4148162.2651769966,4148162.2651769966,49135456.555803,149373344250,,False
PATTERN_B_ET_REALISTIC_PORTFOLIO_V02_P2_1,PATTERN_B_PROGRESSED_PREVIOUS_STAGE_EARLY_TRANSITION_ONLY_5WINDOW_V01_P2_1_NEW_TEST_064550_KR7064550007_2022-06-30_0001,PATTERN_B_PROGRESSED_PREVIOUS_STAGE_EARLY_TRANSITION_ONLY_5WINDOW_V01_P2_1_NEW_TEST_064550_KR7064550007_2022-06-30_0001,064550,KR7064550007,KOSDAQ,2022-08-31,2022-09-01,EXIT,EXECUTED,30050.0,30019.95,200,6003990.0,900.5985,0.0,6009.9999999998545,4148162.2651769966,4148162.2651769966,55138545.957303,634933158600,,False
PATTERN_B_ET_REALISTIC_PORTFOLIO_V02_P2_1,PATTERN_B_PROGRESSED_PREVIOUS_STAGE_EARLY_TRANSITION_ONLY_5WINDOW_V01_P2_1_NEW_TEST_068050_KR7068050004_2022-06-30_0001,PATTERN_B_PROGRESSED_PREVIOUS_STAGE_EARLY_TRANSITION_ONLY_5WINDOW_V01_P2_1_NEW_TEST_068050_KR7068050004_2022-06-30_0001,068050,KR7068050004,KOSDAQ,2022-08-31,2022-09-01,EXIT,EXECUTED,3665.0,3661.335,1534,5616487.89,842.4731834999999,0.0,5622.109999999944,4148162.2651769966,4148162.2651769966,60754191.374119505,89590335860,,False
PATTERN_B_ET_REALISTIC_PORTFOLIO_V02_P2_1,PATTERN_B_PROGRESSED_PREVIOUS_STAGE_EARLY_TRANSITION_ONLY_5WINDOW_V01_P2_1_NEW_TEST_086960_KR7086960002_2022-06-30_0001,PATTERN_B_PROGRESSED_PREVIOUS_STAGE_EARLY_TRANSITION_ONLY_5WINDOW_V01_P2_1_NEW_TEST_086960_KR7086960002_2022-06-30_0001,086960,KR7086960002,KOSDAQ,2022-08-31,2022-09-01,EXIT,EXECUTED,4066.0,4061.934,1684,6840296.856000001,1026.0445284,0.0,6847.143999999669,4148162.2651769966,4148162.2651769966,67593462.1855911,106711296000,,False
PATTERN_B_ET_REALISTIC_PORTFOLIO_V02_P2_1,PATTERN_B_PROGRESSED_PREVIOUS_STAGE_EARLY_TRANSITION_ONLY_5WINDOW_V01_P2_1_NEW_TEST_094480_KR7094480001_2022-06-30_0001,PATTERN_B_PROGRESSED_PREVIOUS_STAGE_EARLY_TRANSITION_ONLY_5WINDOW_V01_P2_1_NEW_TEST_094480_KR7094480001_2022-06-30_0001,094480,KR7094480001,KOSDAQ,2022-08-31,2022-09-01,EXIT,EXECUTED,6540.0,6533.46,850,5553441.0,833.0161499999999,0.0,5558.999999999969,4148162.2651769966,4148162.2651769966,73146070.1694411,232240640960,,False
PATTERN_B_ET_REALISTIC_PORTFOLIO_V02_P2_1,PATTERN_B_PROGRESSED_PREVIOUS_STAGE_EARLY_TRANSITION_ONLY_5WINDOW_V01_P2_1_NEW_TEST_109080_KR7109080002_2022-06-30_0001,PATTERN_B_PROGRESSED_PREVIOUS_STAGE_EARLY_TRANSITION_ONLY_5WINDOW_V01_P2_1_NEW_TEST_109080_KR7109080002_2022-06-30_0001,109080,KR7109080002,KOSDAQ,2022-08-31,2022-09-01,EXIT,SKIPPED_NO_EXECUTED_POSITION,,,0,0.0,0.0,0.0,0.0,4148162.2651769966,4148162.2651769966,0.0,62841400000,ENTRY_WAS_NOT_EXECUTED,False
PATTERN_B_ET_REALISTIC_PORTFOLIO_V02_P2_1,PATTERN_B_PROGRESSED_PREVIOUS_STAGE_EARLY_TRANSITION_ONLY_5WINDOW_V01_P2_1_NEW_TEST_160550_KR7160550000_2022-06-30_0001,PATTERN_B_PROGRESSED_PREVIOUS_STAGE_EARLY_TRANSITION_ONLY_5WINDOW_V01_P2_1_NEW_TEST_160550_KR7160550000_2022-06-30_0001,160550,KR7160550000,KOSDAQ,2022-08-31,2022-09-01,EXIT,EXECUTED,7390.0,7382.61,775,5721522.75,858.2284124999999,0.0,5727.250000000254,4148162.2651769966,4148162.2651769966,78866734.69102861,177203773100,,False
PATTERN_B_ET_REALISTIC_PORTFOLIO_V02_P2_1,PATTERN_B_PROGRESSED_PREVIOUS_STAGE_EARLY_TRANSITION_ONLY_5WINDOW_V01_P2_1_NEW_TEST_192400_KR7192400000_2022-06-30_0001,PATTERN_B_PROGRESSED_PREVIOUS_STAGE_EARLY_TRANSITION_ONLY_5WINDOW_V01_P2_1_NEW_TEST_192400_KR7192400000_2022-06-30_0001,192400,KR7192400000,KOSPI,2022-08-31,2022-09-01,EXIT,EXECUTED,17750.0,17732.25,311,5514729.75,827.2094625,0.0,5520.25,4148162.2651769966,4148162.2651769966,84380637.23156612,570773069250,,False
PATTERN_B_ET_REALISTIC_PORTFOLIO_V02_P2_1,PATTERN_B_PROGRESSED_PREVIOUS_STAGE_EARLY_TRANSITION_ONLY_5WINDOW_V01_P2_1_NEW_TEST_196700_KR7196700009_2022-06-30_0001,PATTERN_B_PROGRESSED_PREVIOUS_STAGE_EARLY_TRANSITION_ONLY_5WINDOW_V01_P2_1_NEW_TEST_196700_KR7196700009_2022-06-30_0001,196700,KR7196700009,KOSDAQ,2022-08-31,2022-09-01,EXIT,SKIPPED_NO_EXECUTED_POSITION,,,0,0.0,0.0,0.0,0.0,4148162.2651769966,4148162.2651769966,0.0,45749798640,ENTRY_WAS_NOT_EXECUTED,False
PATTERN_B_ET_REALISTIC_PORTFOLIO_V02_P2_1,PATTERN_B_PROGRESSED_PREVIOUS_STAGE_EARLY_TRANSITION_ONLY_5WINDOW_V01_P2_1_NEW_TEST_213420_KR7213420003_2022-06-30_0001,PATTERN_B_PROGRESSED_PREVIOUS_STAGE_EARLY_TRANSITION_ONLY_5WINDOW_V01_P2_1_NEW_TEST_213420_KR7213420003_2022-06-30_0001,213420,KR7213420003,KOSDAQ,2022-08-31,2022-09-01,EXIT,EXECUTED,35800.0,35764.2,165,5901092.999999999,885.1639499999998,0.0,5907.00000000048,4148162.2651769966,4148162.2651769966,90280845.06761612,747418487900,,False
PATTERN_B_ET_REALISTIC_PORTFOLIO_V02_P2_1,PATTERN_B_PROGRESSED_PREVIOUS_STAGE_EARLY_TRANSITION_ONLY_5WINDOW_V01_P2_1_NEW_TEST_053800_KR7053800009_2022-08-31_0001,PATTERN_B_PROGRESSED_PREVIOUS_STAGE_EARLY_TRANSITION_ONLY_5WINDOW_V01_P2_1_NEW_TEST_053800_KR7053800009_2022-08-31_0001,053800,KR7053800009,KOSDAQ,2022-08-31,2022-09-01,ENTRY,SKIPPED_CASH_UNAVAILABLE,,,0,0.0,0.0,0.0,0.0,4148162.2651769966,4148162.2651769966,0.0,839161049000,INSUFFICIENT_AVAILABLE_CASH,False
PATTERN_B_ET_REALISTIC_PORTFOLIO_V02_P2_1,PATTERN_B_PROGRESSED_PREVIOUS_STAGE_EARLY_TRANSITION_ONLY_5WINDOW_V01_P2_1_NEW_TEST_011090_KR7011090008_2022-08-31_0001,PATTERN_B_PROGRESSED_PREVIOUS_STAGE_EARLY_TRANSITION_ONLY_5WINDOW_V01_P2_1_NEW_TEST_011090_KR7011090008_2022-08-31_0001,011090,KR7011090008,KOSPI,2022-08-31,2022-09-01,ENTRY,SKIPPED_CASH_UNAVAILABLE,,,0,0.0,0.0,0.0,0.0,4148162.2651769966,4148162.2651769966,0.0,79188966120,INSUFFICIENT_AVAILABLE_CASH,False
PATTERN_B_ET_REALISTIC_PORTFOLIO_V02_P2_1,PATTERN_B_PROGRESSED_PREVIOUS_STAGE_EARLY_TRANSITION_ONLY_5WINDOW_V01_P2_1_NEW_TEST_023460_KR7023460009_2022-06-30_0001,PATTERN_B_PROGRESSED_PREVIOUS_STAGE_EARLY_TRANSITION_ONLY_5WINDOW_V01_P2_1_NEW_TEST_023460_KR7023460009_2022-06-30_0001,023460,KR7023460009,KOSDAQ,2022-09-30,2022-10-04,EXIT,SKIPPED_NO_EXECUTED_POSITION,,,0,0.0,0.0,0.0,0.0,94429007.33279312,94429007.33279312,0.0,67518000000,ENTRY_WAS_NOT_EXECUTED,False
PATTERN_B_ET_REALISTIC_PORTFOLIO_V02_P2_1,PATTERN_B_PROGRESSED_PREVIOUS_STAGE_EARLY_TRANSITION_ONLY_5WINDOW_V01_P2_1_NEW_TEST_006360_KR7006360002_2022-09-30_0001,PATTERN_B_PROGRESSED_PREVIOUS_STAGE_EARLY_TRANSITION_ONLY_5WINDOW_V01_P2_1_NEW_TEST_006360_KR7006360002_2022-09-30_0001,006360,KR7006360002,KOSPI,2022-09-30,2022-10-04,ENTRY,EXECUTED,22900.0,22922.899999999998,218,4997192.199999999,749.5788299999998,0.0,4992.199999999524,94429007.33279312,89431065.55396312,0.0,1929862599500,ENTRY,False
PATTERN_B_ET_REALISTIC_PORTFOLIO_V02_P2_1,PATTERN_B_PROGRESSED_PREVIOUS_STAGE_EARLY_TRANSITION_ONLY_5WINDOW_V01_P2_1_NEW_TEST_064550_KR7064550007_2022-09-30_0002,PATTERN_B_PROGRESSED_PREVIOUS_STAGE_EARLY_TRANSITION_ONLY_5WINDOW_V01_P2_1_NEW_TEST_064550_KR7064550007_2022-09-30_0002,064550,KR7064550007,KOSDAQ,2022-09-30,2022-10-04,ENTRY,EXECUTED,25350.0,25375.35,197,4998943.949999999,749.8415924999998,0.0,4993.949999999713,89431065.55396312,84431371.76237063,0.0,640095216800,ENTRY,False
PATTERN_B_ET_REALISTIC_PORTFOLIO_V02_P2_1,PATTERN_B_PROGRESSED_PREVIOUS_STAGE_EARLY_TRANSITION_ONLY_5WINDOW_V01_P2_1_NEW_TEST_068240_KR7068240001_2022-09-30_0001,PATTERN_B_PROGRESSED_PREVIOUS_STAGE_EARLY_TRANSITION_ONLY_5WINDOW_V01_P2_1_NEW_TEST_068240_KR7068240001_2022-09-30_0001,068240,KR7068240001,KOSDAQ,2022-09-30,2022-10-04,ENTRY,EXECUTED,17042.0,17059.041999999998,293,4998299.305999999,749.7448958999997,0.0,4993.305999999309,84431371.76237063,79432322.71147473,0.0,585762771100,ENTRY,False
PATTERN_B_ET_REALISTIC_PORTFOLIO_V02_P2_1,PATTERN_B_PROGRESSED_PREVIOUS_STAGE_EARLY_TRANSITION_ONLY_5WINDOW_V01_P2_1_NEW_TEST_003530_KR7003530003_2022-09-30_0001,PATTERN_B_PROGRESSED_PREVIOUS_STAGE_EARLY_TRANSITION_ONLY_5WINDOW_V01_P2_1_NEW_TEST_003530_KR7003530003_2022-09-30_0001,003530,KR7003530003,KOSPI,2022-09-30,2022-10-04,ENTRY,EXECUTED,2480.0,2482.4799999999996,2013,4997232.239999999,749.5848359999999,0.0,4992.239999999121,79432322.71147473,74434340.88663873,0.0,519205615500,ENTRY,False
PATTERN_B_ET_REALISTIC_PORTFOLIO_V02_P2_1,PATTERN_B_PROGRESSED_PREVIOUS_STAGE_EARLY_TRANSITION_ONLY_5WINDOW_V01_P2_1_NEW_TEST_101730_KR7101730000_2022-09-30_0001,PATTERN_B_PROGRESSED_PREVIOUS_STAGE_EARLY_TRANSITION_ONLY_5WINDOW_V01_P2_1_NEW_TEST_101730_KR7101730000_2022-09-30_0001,101730,KR7101730000,KOSDAQ,2022-09-30,2022-10-04,ENTRY,EXECUTED,14500.0,14514.499999999998,344,4992987.999999999,748.9481999999998,0.0,4987.999999999374,74434340.88663873,69440603.93843873,0.0,466134088000,ENTRY,False
PATTERN_B_ET_REALISTIC_PORTFOLIO_V02_P2_1,PATTERN_B_PROGRESSED_PREVIOUS_STAGE_EARLY_TRANSITION_ONLY_5WINDOW_V01_P2_1_NEW_TEST_064260_KR7064260003_2022-09-30_0001,PATTERN_B_PROGRESSED_PREVIOUS_STAGE_EARLY_TRANSITION_ONLY_5WINDOW_V01_P2_1_NEW_TEST_064260_KR7064260003_2022-09-30_0001,064260,KR7064260003,KOSDAQ,2022-09-30,2022-10-04,ENTRY,EXECUTED,5870.0,5875.869999999999,850,4994489.499999999,749.1734249999998,0.0,4989.499999999134,69440603.93843873,64445365.26501373,0.0,396456980000,ENTRY,True
PATTERN_B_ET_REALISTIC_PORTFOLIO_V02_P2_1,PATTERN_B_PROGRESSED_PREVIOUS_STAGE_EARLY_TRANSITION_ONLY_5WINDOW_V01_P2_1_NEW_TEST_317330_KR7317330009_2022-09-30_0001,PATTERN_B_PROGRESSED_PREVIOUS_STAGE_EARLY_TRANSITION_ONLY_5WINDOW_V01_P2_1_NEW_TEST_317330_KR7317330009_2022-09-30_0001,317330,KR7317330009,KOSDAQ,2022-09-30,2022-10-04,ENTRY,EXECUTED,15750.0,15765.749999999998,317,4997742.749999999,749.6614124999998,0.0,4992.749999999423,64445365.26501373,59446872.85360123,0.0,281174648400,ENTRY,False
PATTERN_B_ET_REALISTIC_PORTFOLIO_V02_P2_1,PATTERN_B_PROGRESSED_PREVIOUS_STAGE_EARLY_TRANSITION_ONLY_5WINDOW_V01_P2_1_NEW_TEST_036200_KR7036200004_2022-09-30_0001,PATTERN_B_PROGRESSED_PREVIOUS_STAGE_EARLY_TRANSITION_ONLY_5WINDOW_V01_P2_1_NEW_TEST_036200_KR7036200004_2022-09-30_0001,036200,KR7036200004,KOSDAQ,2022-09-30,2022-10-04,ENTRY,EXECUTED,6550.0,6556.549999999999,762,4996091.1,749.4136649999999,0.0,4991.099999999446,59446872.85360123,54450032.339936234,0.0,195331100510,ENTRY,False
PATTERN_B_ET_REALISTIC_PORTFOLIO_V02_P2_1,PATTERN_B_PROGRESSED_PREVIOUS_STAGE_EARLY_TRANSITION_ONLY_5WINDOW_V01_P2_1_NEW_TEST_004980_KR7004980009_2022-09-30_0001,PATTERN_B_PROGRESSED_PREVIOUS_STAGE_EARLY_TRANSITION_ONLY_5WINDOW_V01_P2_1_NEW_TEST_004980_KR7004980009_2022-09-30_0001,004980,KR7004980009,KOSPI,2022-09-30,2022-10-04,ENTRY,EXECUTED,7880.0,7887.879999999999,633,4993028.039999999,748.9542059999998,0.0,4988.039999999493,54450032.339936234,49456255.34573024,0.0,190980208670,ENTRY,False
PATTERN_B_ET_REALISTIC_PORTFOLIO_V02_P2_1,PATTERN_B_PROGRESSED_PREVIOUS_STAGE_EARLY_TRANSITION_ONLY_5WINDOW_V01_P2_1_NEW_TEST_160550_KR7160550000_2022-09-30_0002,PATTERN_B_PROGRESSED_PREVIOUS_STAGE_EARLY_TRANSITION_ONLY_5WINDOW_V01_P2_1_NEW_TEST_160550_KR7160550000_2022-09-30_0002,160550,KR7160550000,KOSDAQ,2022-09-30,2022-10-04,ENTRY,EXECUTED,5670.0,5675.669999999999,880,4994589.6,749.1884399999999,0.0,4989.599999999264,49456255.34573024,44460916.55729024,0.0,155716071480,ENTRY,False
PATTERN_B_ET_REALISTIC_PORTFOLIO_V02_P2_1,PATTERN_B_PROGRESSED_PREVIOUS_STAGE_EARLY_TRANSITION_ONLY_5WINDOW_V01_P2_1_NEW_TEST_014160_KR7014160006_2022-09-30_0001,PATTERN_B_PROGRESSED_PREVIOUS_STAGE_EARLY_TRANSITION_ONLY_5WINDOW_V01_P2_1_NEW_TEST_014160_KR7014160006_2022-09-30_0001,014160,KR7014160006,KOSPI,2022-09-30,2022-10-04,ENTRY,EXECUTED,1350.0,1351.35,3699,4998643.649999999,749.7965474999999,0.0,4993.649999999663,44460916.55729024,39461523.11074274,0.0,144706722915,ENTRY,False
PATTERN_B_ET_REALISTIC_PORTFOLIO_V02_P2_1,PATTERN_B_PROGRESSED_PREVIOUS_STAGE_EARLY_TRANSITION_ONLY_5WINDOW_V01_P2_1_NEW_TEST_013360_KR7013360003_2022-09-30_0001,PATTERN_B_PROGRESSED_PREVIOUS_STAGE_EARLY_TRANSITION_ONLY_5WINDOW_V01_P2_1_NEW_TEST_013360_KR7013360003_2022-09-30_0001,013360,KR7013360003,KOSPI,2022-09-30,2022-10-04,ENTRY,EXECUTED,2445.0,2447.4449999999997,2042,4997682.6899999995,749.6524034999999,0.0,4992.689999999406,39461523.11074274,34463090.76833924,0.0,128038965600,ENTRY,False
PATTERN_B_ET_REALISTIC_PORTFOLIO_V02_P2_1,PATTERN_B_PROGRESSED_PREVIOUS_STAGE_EARLY_TRANSITION_ONLY_5WINDOW_V01_P2_1_NEW_TEST_002460_KR7002460004_2022-09-30_0001,PATTERN_B_PROGRESSED_PREVIOUS_STAGE_EARLY_TRANSITION_ONLY_5WINDOW_V01_P2_1_NEW_TEST_002460_KR7002460004_2022-09-30_0001,002460,KR7002460004,KOSPI,2022-09-30,2022-10-04,ENTRY,EXECUTED,11750.0,11761.749999999998,425,4998743.749999999,749.8115624999998,0.0,4993.749999999227,34463090.76833924,29463597.20677674,0.0,120277500000,ENTRY,False
PATTERN_B_ET_REALISTIC_PORTFOLIO_V02_P2_1,PATTERN_B_PROGRESSED_PREVIOUS_STAGE_EARLY_TRANSITION_ONLY_5WINDOW_V01_P2_1_NEW_TEST_014790_KR7014790000_2022-09-30_0001,PATTERN_B_PROGRESSED_PREVIOUS_STAGE_EARLY_TRANSITION_ONLY_5WINDOW_V01_P2_1_NEW_TEST_014790_KR7014790000_2022-09-30_0001,014790,KR7014790000,KOSPI,2022-09-30,2022-10-04,ENTRY,EXECUTED,3110.0,3113.1099999999997,1605,4996541.55,749.4812324999999,0.0,4991.5499999994745,29463597.20677674,24466306.17554424,0.0,116225905070,ENTRY,False
PATTERN_B_ET_REALISTIC_PORTFOLIO_V02_P2_1,PATTERN_B_PROGRESSED_PREVIOUS_STAGE_EARLY_TRANSITION_ONLY_5WINDOW_V01_P2_1_NEW_TEST_110990_KR7110990009_2022-09-30_0001,PATTERN_B_PROGRESSED_PREVIOUS_STAGE_EARLY_TRANSITION_ONLY_5WINDOW_V01_P2_1_NEW_TEST_110990_KR7110990009_2022-09-30_0001,110990,KR7110990009,KOSDAQ,2022-09-30,2022-10-04,ENTRY,EXECUTED,6000.0,6005.999999999999,832,4996991.999999999,749.5487999999998,0.0,4991.999999999243,24466306.17554424,19468564.62674424,0.0,112455000000,ENTRY,False
PATTERN_B_ET_REALISTIC_PORTFOLIO_V02_P2_1,PATTERN_B_PROGRESSED_PREVIOUS_STAGE_EARLY_TRANSITION_ONLY_5WINDOW_V01_P2_1_NEW_TEST_012800_KR7012800009_2022-09-30_0001,PATTERN_B_PROGRESSED_PREVIOUS_STAGE_EARLY_TRANSITION_ONLY_5WINDOW_V01_P2_1_NEW_TEST_012800_KR7012800009_2022-09-30_0001,012800,KR7012800009,KOSPI,2022-09-30,2022-10-04,ENTRY,EXECUTED,1225.0,1226.225,4076,4998093.1,749.7139649999999,0.0,4993.099999999629,19468564.62674424,14469721.81277924,0.0,109824301295,ENTRY,False
PATTERN_B_ET_REALISTIC_PORTFOLIO_V02_P2_1,PATTERN_B_PROGRESSED_PREVIOUS_STAGE_EARLY_TRANSITION_ONLY_5WINDOW_V01_P2_1_NEW_TEST_011370_KR7011370004_2022-09-30_0001,PATTERN_B_PROGRESSED_PREVIOUS_STAGE_EARLY_TRANSITION_ONLY_5WINDOW_V01_P2_1_NEW_TEST_011370_KR7011370004_2022-09-30_0001,011370,KR7011370004,KOSDAQ,2022-09-30,2022-10-04,ENTRY,EXECUTED,5250.0,5255.249999999999,951,4997742.749999999,749.6614124999998,0.0,4992.749999999135,14469721.81277924,9471229.40136674,0.0,104426185275,ENTRY,False
PATTERN_B_ET_REALISTIC_PORTFOLIO_V02_P2_1,PATTERN_B_PROGRESSED_PREVIOUS_STAGE_EARLY_TRANSITION_ONLY_5WINDOW_V01_P2_1_NEW_TEST_009470_KR7009470006_2022-09-30_0001,PATTERN_B_PROGRESSED_PREVIOUS_STAGE_EARLY_TRANSITION_ONLY_5WINDOW_V01_P2_1_NEW_TEST_009470_KR7009470006_2022-09-30_0001,009470,KR7009470006,KOSPI,2022-09-30,2022-10-04,ENTRY,EXECUTED,15050.0,15065.049999999997,331,4986531.549999999,747.9797324999997,0.0,4981.549999999157,9471229.40136674,4483949.871634241,0.0,98876609000,ENTRY,False
PATTERN_B_ET_REALISTIC_PORTFOLIO_V02_P2_1,PATTERN_B_PROGRESSED_PREVIOUS_STAGE_EARLY_TRANSITION_ONLY_5WINDOW_V01_P2_1_NEW_TEST_013990_KR7013990007_2022-09-30_0002,PATTERN_B_PROGRESSED_PREVIOUS_STAGE_EARLY_TRANSITION_ONLY_5WINDOW_V01_P2_1_NEW_TEST_013990_KR7013990007_2022-09-30_0002,013990,KR7013990007,KOSDAQ,2022-09-30,2022-10-04,ENTRY,SKIPPED_CASH_UNAVAILABLE,,,0,0.0,0.0,0.0,0.0,4483949.871634241,4483949.871634241,0.0,98662608000,INSUFFICIENT_AVAILABLE_CASH,False
PATTERN_B_ET_REALISTIC_PORTFOLIO_V02_P2_1,PATTERN_B_PROGRESSED_PREVIOUS_STAGE_EARLY_TRANSITION_ONLY_5WINDOW_V01_P2_1_NEW_TEST_033200_KR7033200007_2022-09-30_0003,PATTERN_B_PROGRESSED_PREVIOUS_STAGE_EARLY_TRANSITION_ONLY_5WINDOW_V01_P2_1_NEW_TEST_033200_KR7033200007_2022-09-30_0003,033200,KR7033200007,KOSDAQ,2022-09-30,2022-10-04,ENTRY,SKIPPED_CASH_UNAVAILABLE,,,0,0.0,0.0,0.0,0.0,4483949.871634241,4483949.871634241,0.0,86273733700,INSUFFICIENT_AVAILABLE_CASH,False
PATTERN_B_ET_REALISTIC_PORTFOLIO_V02_P2_1,PATTERN_B_PROGRESSED_PREVIOUS_STAGE_EARLY_TRANSITION_ONLY_5WINDOW_V01_P2_1_NEW_TEST_950140_KR8840110108_2022-09-30_0001,PATTERN_B_PROGRESSED_PREVIOUS_STAGE_EARLY_TRANSITION_ONLY_5WINDOW_V01_P2_1_NEW_TEST_950140_KR8840110108_2022-09-30_0001,950140,KR8840110108,KOSDAQ,2022-09-30,2022-10-04,ENTRY,SKIPPED_CASH_UNAVAILABLE,,,0,0.0,0.0,0.0,0.0,4483949.871634241,4483949.871634241,0.0,86127199110,INSUFFICIENT_AVAILABLE_CASH,False
PATTERN_B_ET_REALISTIC_PORTFOLIO_V02_P2_1,PATTERN_B_PROGRESSED_PREVIOUS_STAGE_EARLY_TRANSITION_ONLY_5WINDOW_V01_P2_1_NEW_TEST_017650_KR7017650003_2022-09-30_0001,PATTERN_B_PROGRESSED_PREVIOUS_STAGE_EARLY_TRANSITION_ONLY_5WINDOW_V01_P2_1_NEW_TEST_017650_KR7017650003_2022-09-30_0001,017650,KR7017650003,KOSDAQ,2022-09-30,2022-10-04,ENTRY,SKIPPED_CASH_UNAVAILABLE,,,0,0.0,0.0,0.0,0.0,4483949.871634241,4483949.871634241,0.0,69210000000,INSUFFICIENT_AVAILABLE_CASH,False
PATTERN_B_ET_REALISTIC_PORTFOLIO_V02_P2_1,PATTERN_B_PROGRESSED_PREVIOUS_STAGE_EARLY_TRANSITION_ONLY_5WINDOW_V01_P2_1_NEW_TEST_109080_KR7109080002_2022-09-30_0002,PATTERN_B_PROGRESSED_PREVIOUS_STAGE_EARLY_TRANSITION_ONLY_5WINDOW_V01_P2_1_NEW_TEST_109080_KR7109080002_2022-09-30_0002,109080,KR7109080002,KOSDAQ,2022-09-30,2022-10-04,ENTRY,SKIPPED_CASH_UNAVAILABLE,,,0,0.0,0.0,0.0,0.0,4483949.871634241,4483949.871634241,0.0,58896200000,INSUFFICIENT_AVAILABLE_CASH,False
PATTERN_B_ET_REALISTIC_PORTFOLIO_V02_P2_1,PATTERN_B_PROGRESSED_PREVIOUS_STAGE_EARLY_TRANSITION_ONLY_5WINDOW_V01_P2_1_NEW_TEST_098120_KR7098120009_2022-09-30_0001,PATTERN_B_PROGRESSED_PREVIOUS_STAGE_EARLY_TRANSITION_ONLY_5WINDOW_V01_P2_1_NEW_TEST_098120_KR7098120009_2022-09-30_0001,098120,KR7098120009,KOSDAQ,2022-09-30,2022-10-04,ENTRY,SKIPPED_CASH_UNAVAILABLE,,,0,0.0,0.0,0.0,0.0,4483949.871634241,4483949.871634241,0.0,40358478930,INSUFFICIENT_AVAILABLE_CASH,False
PATTERN_B_ET_REALISTIC_PORTFOLIO_V02_P2_1,PATTERN_B_PROGRESSED_PREVIOUS_STAGE_EARLY_TRANSITION_ONLY_5WINDOW_V01_P2_1_NEW_TEST_023790_KR7023790009_2022-09-30_0001,PATTERN_B_PROGRESSED_PREVIOUS_STAGE_EARLY_TRANSITION_ONLY_5WINDOW_V01_P2_1_NEW_TEST_023790_KR7023790009_2022-09-30_0001,023790,KR7023790009,KOSDAQ,2022-09-30,2022-10-04,ENTRY,SKIPPED_CASH_UNAVAILABLE,,,0,0.0,0.0,0.0,0.0,4483949.871634241,4483949.871634241,0.0,34366558900,INSUFFICIENT_AVAILABLE_CASH,False
PATTERN_B_ET_REALISTIC_PORTFOLIO_V02_P2_1,PATTERN_B_PROGRESSED_PREVIOUS_STAGE_EARLY_TRANSITION_ONLY_5WINDOW_V01_P2_1_NEW_TEST_900070_KYG3931T1076_2022-09-30_0001,PATTERN_B_PROGRESSED_PREVIOUS_STAGE_EARLY_TRANSITION_ONLY_5WINDOW_V01_P2_1_NEW_TEST_900070_KYG3931T1076_2022-09-30_0001,900070,KYG3931T1076,KOSDAQ,2022-09-30,2022-10-04,ENTRY,SKIPPED_CASH_UNAVAILABLE,,,0,0.0,0.0,0.0,0.0,4483949.871634241,4483949.871634241,0.0,31923916992,INSUFFICIENT_AVAILABLE_CASH,False
PATTERN_B_ET_REALISTIC_PORTFOLIO_V02_P2_1,PATTERN_B_PROGRESSED_PREVIOUS_STAGE_EARLY_TRANSITION_ONLY_5WINDOW_V01_P2_1_NEW_TEST_025890_KR7025890005_2022-09-30_0002,PATTERN_B_PROGRESSED_PREVIOUS_STAGE_EARLY_TRANSITION_ONLY_5WINDOW_V01_P2_1_NEW_TEST_025890_KR7025890005_2022-09-30_0002,025890,KR7025890005,KOSPI,2022-09-30,2022-10-04,ENTRY,SKIPPED_CASH_UNAVAILABLE,,,0,0.0,0.0,0.0,0.0,4483949.871634241,4483949.871634241,0.0,27255314190,INSUFFICIENT_AVAILABLE_CASH,False
PATTERN_B_ET_REALISTIC_PORTFOLIO_V02_P2_1,PATTERN_B_PROGRESSED_PREVIOUS_STAGE_EARLY_TRANSITION_ONLY_5WINDOW_V01_P2_1_NEW_TEST_004980_KR7004980009_2022-09-30_0001,PATTERN_B_PROGRESSED_PREVIOUS_STAGE_EARLY_TRANSITION_ONLY_5WINDOW_V01_P2_1_NEW_TEST_004980_KR7004980009_2022-09-30_0001,004980,KR7004980009,KOSPI,2022-10-31,2022-11-01,EXIT,EXECUTED,9570.0,9560.43,633,6051752.19,907.7628285,0.0,6057.809999999816,4483949.871634241,4483949.871634241,6050844.4271715,190980208670,,False
PATTERN_B_ET_REALISTIC_PORTFOLIO_V02_P2_1,PATTERN_B_PROGRESSED_PREVIOUS_STAGE_EARLY_TRANSITION_ONLY_5WINDOW_V01_P2_1_NEW_TEST_009470_KR7009470006_2022-09-30_0001,PATTERN_B_PROGRESSED_PREVIOUS_STAGE_EARLY_TRANSITION_ONLY_5WINDOW_V01_P2_1_NEW_TEST_009470_KR7009470006_2022-09-30_0001,009470,KR7009470006,KOSPI,2022-10-31,2022-11-01,EXIT,EXECUTED,15450.0,15434.55,331,5108836.05,766.3254074999999,0.0,5113.950000000241,4483949.871634241,4483949.871634241,11158914.151764,98876609000,,False
PATTERN_B_ET_REALISTIC_PORTFOLIO_V02_P2_1,PATTERN_B_PROGRESSED_PREVIOUS_STAGE_EARLY_TRANSITION_ONLY_5WINDOW_V01_P2_1_NEW_TEST_012800_KR7012800009_2022-09-30_0001,PATTERN_B_PROGRESSED_PREVIOUS_STAGE_EARLY_TRANSITION_ONLY_5WINDOW_V01_P2_1_NEW_TEST_012800_KR7012800009_2022-09-30_0001,012800,KR7012800009,KOSPI,2022-10-31,2022-11-01,EXIT,EXECUTED,1270.0,1268.73,4076,5171343.48,775.701522,0.0,5176.519999999926,4483949.871634241,4483949.871634241,16329481.930242,109824301295,,False
PATTERN_B_ET_REALISTIC_PORTFOLIO_V02_P2_1,PATTERN_B_PROGRESSED_PREVIOUS_STAGE_EARLY_TRANSITION_ONLY_5WINDOW_V01_P2_1_NEW_TEST_017650_KR7017650003_2022-09-30_0001,PATTERN_B_PROGRESSED_PREVIOUS_STAGE_EARLY_TRANSITION_ONLY_5WINDOW_V01_P2_1_NEW_TEST_017650_KR7017650003_2022-09-30_0001,017650,KR7017650003,KOSDAQ,2022-10-31,2022-11-01,EXIT,SKIPPED_NO_EXECUTED_POSITION,,,0,0.0,0.0,0.0,0.0,4483949.871634241,4483949.871634241,0.0,69210000000,ENTRY_WAS_NOT_EXECUTED,False
PATTERN_B_ET_REALISTIC_PORTFOLIO_V02_P2_1,PATTERN_B_PROGRESSED_PREVIOUS_STAGE_EARLY_TRANSITION_ONLY_5WINDOW_V01_P2_1_NEW_TEST_068240_KR7068240001_2022-09-30_0001,PATTERN_B_PROGRESSED_PREVIOUS_STAGE_EARLY_TRANSITION_ONLY_5WINDOW_V01_P2_1_NEW_TEST_068240_KR7068240001_2022-09-30_0001,068240,KR7068240001,KOSDAQ,2022-10-31,2022-11-01,EXIT,EXECUTED,16603.0,16586.397,293,4859814.321,728.97214815,0.0,4864.678999999753,4483949.871634241,4483949.871634241,21188567.27909385,585762771100,,False
PATTERN_B_ET_REALISTIC_PORTFOLIO_V02_P2_1,PATTERN_B_PROGRESSED_PREVIOUS_STAGE_EARLY_TRANSITION_ONLY_5WINDOW_V01_P2_1_NEW_TEST_317330_KR7317330009_2022-09-30_0001,PATTERN_B_PROGRESSED_PREVIOUS_STAGE_EARLY_TRANSITION_ONLY_5WINDOW_V01_P2_1_NEW_TEST_317330_KR7317330009_2022-09-30_0001,317330,KR7317330009,KOSDAQ,2022-10-31,2022-11-01,EXIT,EXECUTED,17450.0,17432.55,317,5526118.35,828.9177524999999,0.0,5531.650000000231,4483949.871634241,4483949.871634241,26713856.71134135,281174648400,,False
PATTERN_B_ET_REALISTIC_PORTFOLIO_V02_P2_1,PATTERN_B_PROGRESSED_PREVIOUS_STAGE_EARLY_TRANSITION_ONLY_5WINDOW_V01_P2_1_NEW_TEST_900070_KYG3931T1076_2022-09-30_0001,PATTERN_B_PROGRESSED_PREVIOUS_STAGE_EARLY_TRANSITION_ONLY_5WINDOW_V01_P2_1_NEW_TEST_900070_KYG3931T1076_2022-09-30_0001,900070,KYG3931T1076,KOSDAQ,2022-10-31,2022-11-01,EXIT,SKIPPED_NO_EXECUTED_POSITION,,,0,0.0,0.0,0.0,0.0,4483949.871634241,4483949.871634241,0.0,31923916992,ENTRY_WAS_NOT_EXECUTED,False
PATTERN_B_ET_REALISTIC_PORTFOLIO_V02_P2_1,PATTERN_B_PROGRESSED_PREVIOUS_STAGE_EARLY_TRANSITION_ONLY_5WINDOW_V01_P2_1_NEW_TEST_027710_KR7027710003_2022-10-31_0001,PATTERN_B_PROGRESSED_PREVIOUS_STAGE_EARLY_TRANSITION_ONLY_5WINDOW_V01_P2_1_NEW_TEST_027710_KR7027710003_2022-10-31_0001,027710,KR7027710003,KOSDAQ,2022-10-31,2022-11-01,ENTRY,SKIPPED_CASH_UNAVAILABLE,,,0,0.0,0.0,0.0,0.0,4483949.871634241,4483949.871634241,0.0,224504449000,INSUFFICIENT_AVAILABLE_CASH,False
PATTERN_B_ET_REALISTIC_PORTFOLIO_V02_P2_1,PATTERN_B_PROGRESSED_PREVIOUS_STAGE_EARLY_TRANSITION_ONLY_5WINDOW_V01_P2_1_NEW_TEST_030210_KR7030210009_2022-10-31_0001,PATTERN_B_PROGRESSED_PREVIOUS_STAGE_EARLY_TRANSITION_ONLY_5WINDOW_V01_P2_1_NEW_TEST_030210_KR7030210009_2022-10-31_0001,030210,KR7030210009,KOSPI,2022-10-31,2022-11-01,ENTRY,SKIPPED_CASH_UNAVAILABLE,,,0,0.0,0.0,0.0,0.0,4483949.871634241,4483949.871634241,0.0,186672114740,INSUFFICIENT_AVAILABLE_CASH,False
PATTERN_B_ET_REALISTIC_PORTFOLIO_V02_P2_1,PATTERN_B_PROGRESSED_PREVIOUS_STAGE_EARLY_TRANSITION_ONLY_5WINDOW_V01_P2_1_NEW_TEST_058430_KR7058430000_2022-10-31_0001,PATTERN_B_PROGRESSED_PREVIOUS_STAGE_EARLY_TRANSITION_ONLY_5WINDOW_V01_P2_1_NEW_TEST_058430_KR7058430000_2022-10-31_0001,058430,KR7058430000,KOSPI,2022-10-31,2022-11-01,ENTRY,SKIPPED_CASH_UNAVAILABLE,,,0,0.0,0.0,0.0,0.0,4483949.871634241,4483949.871634241,0.0,162000000000,INSUFFICIENT_AVAILABLE_CASH,False
PATTERN_B_ET_REALISTIC_PORTFOLIO_V02_P2_1,PATTERN_B_PROGRESSED_PREVIOUS_STAGE_EARLY_TRANSITION_ONLY_5WINDOW_V01_P2_1_NEW_TEST_023810_KR7023810005_2022-10-31_0001,PATTERN_B_PROGRESSED_PREVIOUS_STAGE_EARLY_TRANSITION_ONLY_5WINDOW_V01_P2_1_NEW_TEST_023810_KR7023810005_2022-10-31_0001,023810,KR7023810005,KOSPI,2022-10-31,2022-11-01,ENTRY,SKIPPED_CASH_UNAVAILABLE,,,0,0.0,0.0,0.0,0.0,4483949.871634241,4483949.871634241,0.0,63800000000,INSUFFICIENT_AVAILABLE_CASH,False
PATTERN_B_ET_REALISTIC_PORTFOLIO_V02_P2_1,PATTERN_B_PROGRESSED_PREVIOUS_STAGE_EARLY_TRANSITION_ONLY_5WINDOW_V01_P2_1_NEW_TEST_006360_KR7006360002_2022-09-30_0001,PATTERN_B_PROGRESSED_PREVIOUS_STAGE_EARLY_TRANSITION_ONLY_5WINDOW_V01_P2_1_NEW_TEST_006360_KR7006360002_2022-09-30_0001,006360,KR7006360002,KOSPI,2022-11-30,2022-12-01,EXIT,EXECUTED,24000.0,23976.0,218,5226768.0,784.0151999999999,0.0,5232.0,31197806.582975592,31197806.582975592,5225983.9848,1929862599500,,False
PATTERN_B_ET_REALISTIC_PORTFOLIO_V02_P2_1,PATTERN_B_PROGRESSED_PREVIOUS_STAGE_EARLY_TRANSITION_ONLY_5WINDOW_V01_P2_1_NEW_TEST_007860_KR7007860000_2022-06-30_0001,PATTERN_B_PROGRESSED_PREVIOUS_STAGE_EARLY_TRANSITION_ONLY_5WINDOW_V01_P2_1_NEW_TEST_007860_KR7007860000_2022-06-30_0001,007860,KR7007860000,KOSPI,2022-11-30,2022-12-01,EXIT,EXECUTED,8250.0,8241.75,691,5695049.25,854.2573874999999,0.0,5700.75,31197806.582975592,31197806.582975592,10920178.9774125,169994070560,,False
PATTERN_B_ET_REALISTIC_PORTFOLIO_V02_P2_1,PATTERN_B_PROGRESSED_PREVIOUS_STAGE_EARLY_TRANSITION_ONLY_5WINDOW_V01_P2_1_NEW_TEST_013360_KR7013360003_2022-09-30_0001,PATTERN_B_PROGRESSED_PREVIOUS_STAGE_EARLY_TRANSITION_ONLY_5WINDOW_V01_P2_1_NEW_TEST_013360_KR7013360003_2022-09-30_0001,013360,KR7013360003,KOSPI,2022-11-30,2022-12-01,EXIT,EXECUTED,2880.0,2877.12,2042,5875079.04,881.261856,0.0,5880.960000000223,31197806.582975592,31197806.582975592,16794376.7555565,128038965600,,False
PATTERN_B_ET_REALISTIC_PORTFOLIO_V02_P2_1,PATTERN_B_PROGRESSED_PREVIOUS_STAGE_EARLY_TRANSITION_ONLY_5WINDOW_V01_P2_1_NEW_TEST_013990_KR7013990007_2022-09-30_0002,PATTERN_B_PROGRESSED_PREVIOUS_STAGE_EARLY_TRANSITION_ONLY_5WINDOW_V01_P2_1_NEW_TEST_013990_KR7013990007_2022-09-30_0002,013990,KR7013990007,KOSDAQ,2022-11-30,2022-12-01,EXIT,SKIPPED_NO_EXECUTED_POSITION,,,0,0.0,0.0,0.0,0.0,31197806.582975592,31197806.582975592,0.0,98662608000,ENTRY_WAS_NOT_EXECUTED,False
PATTERN_B_ET_REALISTIC_PORTFOLIO_V02_P2_1,PATTERN_B_PROGRESSED_PREVIOUS_STAGE_EARLY_TRANSITION_ONLY_5WINDOW_V01_P2_1_NEW_TEST_014160_KR7014160006_2022-09-30_0001,PATTERN_B_PROGRESSED_PREVIOUS_STAGE_EARLY_TRANSITION_ONLY_5WINDOW_V01_P2_1_NEW_TEST_014160_KR7014160006_2022-09-30_0001,014160,KR7014160006,KOSPI,2022-11-30,2022-12-01,EXIT,EXECUTED,1825.0,1823.175,3699,6743924.325,1011.58864875,0.0,6750.675000000168,31197806.582975592,31197806.582975592,23537289.491907753,144706722915,,False
PATTERN_B_ET_REALISTIC_PORTFOLIO_V02_P2_1,PATTERN_B_PROGRESSED_PREVIOUS_STAGE_EARLY_TRANSITION_ONLY_5WINDOW_V01_P2_1_NEW_TEST_023810_KR7023810005_2022-10-31_0001,PATTERN_B_PROGRESSED_PREVIOUS_STAGE_EARLY_TRANSITION_ONLY_5WINDOW_V01_P2_1_NEW_TEST_023810_KR7023810005_2022-10-31_0001,023810,KR7023810005,KOSPI,2022-11-30,2022-12-01,EXIT,SKIPPED_NO_EXECUTED_POSITION,,,0,0.0,0.0,0.0,0.0,31197806.582975592,31197806.582975592,0.0,63800000000,ENTRY_WAS_NOT_EXECUTED,False
PATTERN_B_ET_REALISTIC_PORTFOLIO_V02_P2_1,PATTERN_B_PROGRESSED_PREVIOUS_STAGE_EARLY_TRANSITION_ONLY_5WINDOW_V01_P2_1_NEW_TEST_036200_KR7036200004_2022-09-30_0001,PATTERN_B_PROGRESSED_PREVIOUS_STAGE_EARLY_TRANSITION_ONLY_5WINDOW_V01_P2_1_NEW_TEST_036200_KR7036200004_2022-09-30_0001,036200,KR7036200004,KOSDAQ,2022-11-30,2022-12-01,EXIT,EXECUTED,7100.0,7092.9,762,5404789.8,810.7184699999999,0.0,5410.200000000277,31197806.582975592,31197806.582975592,28941268.573437754,195331100510,,False
PATTERN_B_ET_REALISTIC_PORTFOLIO_V02_P2_1,PATTERN_B_PROGRESSED_PREVIOUS_STAGE_EARLY_TRANSITION_ONLY_5WINDOW_V01_P2_1_NEW_TEST_058430_KR7058430000_2022-10-31_0001,PATTERN_B_PROGRESSED_PREVIOUS_STAGE_EARLY_TRANSITION_ONLY_5WINDOW_V01_P2_1_NEW_TEST_058430_KR7058430000_2022-10-31_0001,058430,KR7058430000,KOSPI,2022-11-30,2022-12-01,EXIT,SKIPPED_NO_EXECUTED_POSITION,,,0,0.0,0.0,0.0,0.0,31197806.582975592,31197806.582975592,0.0,162000000000,ENTRY_WAS_NOT_EXECUTED,False
PATTERN_B_ET_REALISTIC_PORTFOLIO_V02_P2_1,PATTERN_B_PROGRESSED_PREVIOUS_STAGE_EARLY_TRANSITION_ONLY_5WINDOW_V01_P2_1_NEW_TEST_064550_KR7064550007_2022-09-30_0002,PATTERN_B_PROGRESSED_PREVIOUS_STAGE_EARLY_TRANSITION_ONLY_5WINDOW_V01_P2_1_NEW_TEST_064550_KR7064550007_2022-09-30_0002,064550,KR7064550007,KOSDAQ,2022-11-30,2022-12-01,EXIT,EXECUTED,33950.0,33916.05,197,6681461.850000001,1002.2192775,0.0,6688.149999999427,31197806.582975592,31197806.582975592,35621728.20416026,640095216800,,False
PATTERN_B_ET_REALISTIC_PORTFOLIO_V02_P2_1,PATTERN_B_PROGRESSED_PREVIOUS_STAGE_EARLY_TRANSITION_ONLY_5WINDOW_V01_P2_1_NEW_TEST_098120_KR7098120009_2022-09-30_0001,PATTERN_B_PROGRESSED_PREVIOUS_STAGE_EARLY_TRANSITION_ONLY_5WINDOW_V01_P2_1_NEW_TEST_098120_KR7098120009_2022-09-30_0001,098120,KR7098120009,KOSDAQ,2022-11-30,2022-12-01,EXIT,SKIPPED_NO_EXECUTED_POSITION,,,0,0.0,0.0,0.0,0.0,31197806.582975592,31197806.582975592,0.0,40358478930,ENTRY_WAS_NOT_EXECUTED,False
PATTERN_B_ET_REALISTIC_PORTFOLIO_V02_P2_1,PATTERN_B_PROGRESSED_PREVIOUS_STAGE_EARLY_TRANSITION_ONLY_5WINDOW_V01_P2_1_NEW_TEST_109080_KR7109080002_2022-09-30_0002,PATTERN_B_PROGRESSED_PREVIOUS_STAGE_EARLY_TRANSITION_ONLY_5WINDOW_V01_P2_1_NEW_TEST_109080_KR7109080002_2022-09-30_0002,109080,KR7109080002,KOSDAQ,2022-11-30,2022-12-01,EXIT,SKIPPED_NO_EXECUTED_POSITION,,,0,0.0,0.0,0.0,0.0,31197806.582975592,31197806.582975592,0.0,58896200000,ENTRY_WAS_NOT_EXECUTED,False
PATTERN_B_ET_REALISTIC_PORTFOLIO_V02_P2_1,PATTERN_B_PROGRESSED_PREVIOUS_STAGE_EARLY_TRANSITION_ONLY_5WINDOW_V01_P2_1_NEW_TEST_160550_KR7160550000_2022-09-30_0002,PATTERN_B_PROGRESSED_PREVIOUS_STAGE_EARLY_TRANSITION_ONLY_5WINDOW_V01_P2_1_NEW_TEST_160550_KR7160550000_2022-09-30_0002,160550,KR7160550000,KOSDAQ,2022-11-30,2022-12-01,EXIT,EXECUTED,7830.0,7822.17,880,6883509.6,1032.5264399999999,0.0,6890.399999999936,31197806.582975592,31197806.582975592,42504205.27772026,155716071480,,False
PATTERN_B_ET_REALISTIC_PORTFOLIO_V02_P2_1,PATTERN_B_PROGRESSED_PREVIOUS_STAGE_EARLY_TRANSITION_ONLY_5WINDOW_V01_P2_1_NEW_TEST_003530_KR7003530003_2022-09-30_0001,PATTERN_B_PROGRESSED_PREVIOUS_STAGE_EARLY_TRANSITION_ONLY_5WINDOW_V01_P2_1_NEW_TEST_003530_KR7003530003_2022-09-30_0001,003530,KR7003530003,KOSPI,2023-01-31,2023-02-01,EXIT,EXECUTED,3345.0,3341.655,2013,6726751.515000001,1009.01272725,0.0,6733.484999999597,73702011.86069585,73702011.86069585,6725742.50227275,519205615500,,False
PATTERN_B_ET_REALISTIC_PORTFOLIO_V02_P2_1,PATTERN_B_PROGRESSED_PREVIOUS_STAGE_EARLY_TRANSITION_ONLY_5WINDOW_V01_P2_1_NEW_TEST_011370_KR7011370004_2022-09-30_0001,PATTERN_B_PROGRESSED_PREVIOUS_STAGE_EARLY_TRANSITION_ONLY_5WINDOW_V01_P2_1_NEW_TEST_011370_KR7011370004_2022-09-30_0001,011370,KR7011370004,KOSDAQ,2023-01-31,2023-02-01,EXIT,EXECUTED,5745.0,5739.255,951,5458031.505,818.70472575,0.0,5463.494999999896,73702011.86069585,73702011.86069585,12182955.302547,104426185275,,False
PATTERN_B_ET_REALISTIC_PORTFOLIO_V02_P2_1,PATTERN_B_PROGRESSED_PREVIOUS_STAGE_EARLY_TRANSITION_ONLY_5WINDOW_V01_P2_1_NEW_TEST_025890_KR7025890005_2022-09-30_0002,PATTERN_B_PROGRESSED_PREVIOUS_STAGE_EARLY_TRANSITION_ONLY_5WINDOW_V01_P2_1_NEW_TEST_025890_KR7025890005_2022-09-30_0002,025890,KR7025890005,KOSPI,2023-01-31,2023-02-01,EXIT,SKIPPED_NO_EXECUTED_POSITION,,,0,0.0,0.0,0.0,0.0,73702011.86069585,73702011.86069585,0.0,27255314190,ENTRY_WAS_NOT_EXECUTED,False
PATTERN_B_ET_REALISTIC_PORTFOLIO_V02_P2_1,PATTERN_B_PROGRESSED_PREVIOUS_STAGE_EARLY_TRANSITION_ONLY_5WINDOW_V01_P2_1_NEW_TEST_036030_KR7036030005_2021-11-30_0001,PATTERN_B_PROGRESSED_PREVIOUS_STAGE_EARLY_TRANSITION_ONLY_5WINDOW_V01_P2_1_NEW_TEST_036030_KR7036030005_2021-11-30_0001,036030,KR7036030005,KOSDAQ,2023-01-31,2023-02-01,EXIT,EXECUTED,8300.0,8291.7,737,6110982.9,916.647435,0.0,6117.099999999464,73702011.86069585,73702011.86069585,18293021.555112,338233052700,,False
PATTERN_B_ET_REALISTIC_PORTFOLIO_V02_P2_1,PATTERN_B_PROGRESSED_PREVIOUS_STAGE_EARLY_TRANSITION_ONLY_5WINDOW_V01_P2_1_NEW_TEST_053800_KR7053800009_2022-08-31_0001,PATTERN_B_PROGRESSED_PREVIOUS_STAGE_EARLY_TRANSITION_ONLY_5WINDOW_V01_P2_1_NEW_TEST_053800_KR7053800009_2022-08-31_0001,053800,KR7053800009,KOSDAQ,2023-01-31,2023-02-01,EXIT,SKIPPED_NO_EXECUTED_POSITION,,,0,0.0,0.0,0.0,0.0,73702011.86069585,73702011.86069585,0.0,839161049000,ENTRY_WAS_NOT_EXECUTED,False
PATTERN_B_ET_REALISTIC_PORTFOLIO_V02_P2_1,PATTERN_B_PROGRESSED_PREVIOUS_STAGE_EARLY_TRANSITION_ONLY_5WINDOW_V01_P2_1_NEW_TEST_066980_KR7066980004_2022-05-31_0001,PATTERN_B_PROGRESSED_PREVIOUS_STAGE_EARLY_TRANSITION_ONLY_5WINDOW_V01_P2_1_NEW_TEST_066980_KR7066980004_2022-05-31_0001,066980,KR7066980004,KOSDAQ,2023-01-31,2023-02-01,EXIT,EXECUTED,4005.0,4000.995,1479,5917471.6049999995,887.6207407499999,0.0,5923.395000000161,73702011.86069585,73702011.86069585,24209605.539371252,151660489430,,False
PATTERN_B_ET_REALISTIC_PORTFOLIO_V02_P2_1,PATTERN_B_PROGRESSED_PREVIOUS_STAGE_EARLY_TRANSITION_ONLY_5WINDOW_V01_P2_1_NEW_TEST_194480_KR7194480000_2022-05-31_0001,PATTERN_B_PROGRESSED_PREVIOUS_STAGE_EARLY_TRANSITION_ONLY_5WINDOW_V01_P2_1_NEW_TEST_194480_KR7194480000_2022-05-31_0001,194480,KR7194480000,KOSDAQ,2023-01-31,2023-02-01,EXIT,EXECUTED,61300.0,61238.7,97,5940153.899999999,891.0230849999998,0.0,5946.100000000282,73702011.86069585,73702011.86069585,30148868.416286252,604367876000,,False
PATTERN_B_ET_REALISTIC_PORTFOLIO_V02_P2_1,PATTERN_B_PROGRESSED_PREVIOUS_STAGE_EARLY_TRANSITION_ONLY_5WINDOW_V01_P2_1_NEW_TEST_950140_KR8840110108_2022-09-30_0001,PATTERN_B_PROGRESSED_PREVIOUS_STAGE_EARLY_TRANSITION_ONLY_5WINDOW_V01_P2_1_NEW_TEST_950140_KR8840110108_2022-09-30_0001,950140,KR8840110108,KOSDAQ,2023-01-31,2023-02-01,EXIT,SKIPPED_NO_EXECUTED_POSITION,,,0,0.0,0.0,0.0,0.0,73702011.86069585,73702011.86069585,0.0,86127199110,ENTRY_WAS_NOT_EXECUTED,False
PATTERN_B_ET_REALISTIC_PORTFOLIO_V02_P2_1,PATTERN_B_PROGRESSED_PREVIOUS_STAGE_EARLY_TRANSITION_ONLY_5WINDOW_V01_P2_1_NEW_TEST_249420_KR7249420001_2023-01-31_0001,PATTERN_B_PROGRESSED_PREVIOUS_STAGE_EARLY_TRANSITION_ONLY_5WINDOW_V01_P2_1_NEW_TEST_249420_KR7249420001_2023-01-31_0001,249420,KR7249420001,KOSPI,2023-01-31,2023-02-01,ENTRY,EXECUTED,25900.0,25925.899999999998,192,4977772.8,746.6659199999999,0.0,4972.799999999581,73702011.86069585,68723492.39477585,30148868.416286252,695545245750,ENTRY,True
PATTERN_B_ET_REALISTIC_PORTFOLIO_V02_P2_1,PATTERN_B_PROGRESSED_PREVIOUS_STAGE_EARLY_TRANSITION_ONLY_5WINDOW_V01_P2_1_NEW_TEST_064550_KR7064550007_2023-01-31_0003,PATTERN_B_PROGRESSED_PREVIOUS_STAGE_EARLY_TRANSITION_ONLY_5WINDOW_V01_P2_1_NEW_TEST_064550_KR7064550007_2023-01-31_0003,064550,KR7064550007,KOSDAQ,2023-01-31,2023-02-01,ENTRY,EXECUTED,26550.0,26576.549999999996,188,4996391.399999999,749.4587099999999,0.0,4991.399999999179,68723492.39477585,63726351.536065854,30148868.416286252,686553740600,ENTRY,False
PATTERN_B_ET_REALISTIC_PORTFOLIO_V02_P2_1,PATTERN_B_PROGRESSED_PREVIOUS_STAGE_EARLY_TRANSITION_ONLY_5WINDOW_V01_P2_1_NEW_TEST_031330_KR7031330004_2023-01-31_0001,PATTERN_B_PROGRESSED_PREVIOUS_STAGE_EARLY_TRANSITION_ONLY_5WINDOW_V01_P2_1_NEW_TEST_031330_KR7031330004_2023-01-31_0001,031330,KR7031330004,KOSDAQ,2023-01-31,2023-02-01,ENTRY,EXECUTED,2680.0,2682.68,1863,4997832.84,749.6749259999999,0.0,4992.839999999695,63726351.536065854,58727769.02113985,30148868.416286252,269486705565,ENTRY,False
PATTERN_B_ET_REALISTIC_PORTFOLIO_V02_P2_1,PATTERN_B_PROGRESSED_PREVIOUS_STAGE_EARLY_TRANSITION_ONLY_5WINDOW_V01_P2_1_NEW_TEST_006880_KR7006880009_2023-01-31_0001,PATTERN_B_PROGRESSED_PREVIOUS_STAGE_EARLY_TRANSITION_ONLY_5WINDOW_V01_P2_1_NEW_TEST_006880_KR7006880009_2023-01-31_0001,006880,KR7006880009,KOSPI,2023-01-31,2023-02-01,ENTRY,EXECUTED,6460.0,6466.459999999999,773,4998573.579999999,749.7860369999999,0.0,4993.579999999325,58727769.02113985,53728445.65510286,30148868.416286252,76177845520,ENTRY,False
PATTERN_B_ET_REALISTIC_PORTFOLIO_V02_P2_1,PATTERN_B_PROGRESSED_PREVIOUS_STAGE_EARLY_TRANSITION_ONLY_5WINDOW_V01_P2_1_NEW_TEST_227610_KR7227610003_2023-01-31_0001,PATTERN_B_PROGRESSED_PREVIOUS_STAGE_EARLY_TRANSITION_ONLY_5WINDOW_V01_P2_1_NEW_TEST_227610_KR7227610003_2023-01-31_0001,227610,KR7227610003,KOSDAQ,2023-01-31,2023-02-01,ENTRY,EXECUTED,3636.0,3639.6359999999995,1373,4997220.227999999,749.5830341999998,0.0,4992.227999999331,53728445.65510286,48730475.84406866,30148868.416286252,43588653738,ENTRY,False
PATTERN_B_ET_REALISTIC_PORTFOLIO_V02_P2_1,PATTERN_B_PROGRESSED_PREVIOUS_STAGE_EARLY_TRANSITION_ONLY_5WINDOW_V01_P2_1_NEW_TEST_006880_KR7006880009_2023-01-31_0001,PATTERN_B_PROGRESSED_PREVIOUS_STAGE_EARLY_TRANSITION_ONLY_5WINDOW_V01_P2_1_NEW_TEST_006880_KR7006880009_2023-01-31_0001,006880,KR7006880009,KOSPI,2023-02-28,2023-03-02,EXIT,EXECUTED,7100.0,7092.9,773,5482811.699999999,822.4217549999998,0.0,5488.300000000281,78879344.2603549,78879344.2603549,5481989.278244999,76177845520,,False
PATTERN_B_ET_REALISTIC_PORTFOLIO_V02_P2_1,PATTERN_B_PROGRESSED_PREVIOUS_STAGE_EARLY_TRANSITION_ONLY_5WINDOW_V01_P2_1_NEW_TEST_030210_KR7030210009_2022-10-31_0001,PATTERN_B_PROGRESSED_PREVIOUS_STAGE_EARLY_TRANSITION_ONLY_5WINDOW_V01_P2_1_NEW_TEST_030210_KR7030210009_2022-10-31_0001,030210,KR7030210009,KOSPI,2023-02-28,2023-03-02,EXIT,SKIPPED_NO_EXECUTED_POSITION,,,0,0.0,0.0,0.0,0.0,78879344.2603549,78879344.2603549,0.0,186672114740,ENTRY_WAS_NOT_EXECUTED,False
PATTERN_B_ET_REALISTIC_PORTFOLIO_V02_P2_1,PATTERN_B_PROGRESSED_PREVIOUS_STAGE_EARLY_TRANSITION_ONLY_5WINDOW_V01_P2_1_NEW_TEST_031330_KR7031330004_2023-01-31_0001,PATTERN_B_PROGRESSED_PREVIOUS_STAGE_EARLY_TRANSITION_ONLY_5WINDOW_V01_P2_1_NEW_TEST_031330_KR7031330004_2023-01-31_0001,031330,KR7031330004,KOSDAQ,2023-02-28,2023-03-02,EXIT,EXECUTED,2830.0,2827.17,1863,5267017.71,790.0526564999999,0.0,5272.289999999864,78879344.2603549,78879344.2603549,10748216.9355885,269486705565,,False
PATTERN_B_ET_REALISTIC_PORTFOLIO_V02_P2_1,PATTERN_B_PROGRESSED_PREVIOUS_STAGE_EARLY_TRANSITION_ONLY_5WINDOW_V01_P2_1_NEW_TEST_064550_KR7064550007_2023-01-31_0003,PATTERN_B_PROGRESSED_PREVIOUS_STAGE_EARLY_TRANSITION_ONLY_5WINDOW_V01_P2_1_NEW_TEST_064550_KR7064550007_2023-01-31_0003,064550,KR7064550007,KOSDAQ,2023-02-28,2023-03-02,EXIT,EXECUTED,54700.0,54645.3,188,10273316.4,1540.9974599999998,0.0,10283.599999999453,78879344.2603549,78879344.2603549,21019992.3381285,686553740600,,False
PATTERN_B_ET_REALISTIC_PORTFOLIO_V02_P2_1,PATTERN_B_PROGRESSED_PREVIOUS_STAGE_EARLY_TRANSITION_ONLY_5WINDOW_V01_P2_1_NEW_TEST_101730_KR7101730000_2022-09-30_0001,PATTERN_B_PROGRESSED_PREVIOUS_STAGE_EARLY_TRANSITION_ONLY_5WINDOW_V01_P2_1_NEW_TEST_101730_KR7101730000_2022-09-30_0001,101730,KR7101730000,KOSDAQ,2023-02-28,2023-03-02,EXIT,EXECUTED,18370.0,18351.63,344,6312960.720000001,946.944108,0.0,6319.27999999965,78879344.2603549,78879344.2603549,27332006.1140205,466134088000,,False
PATTERN_B_ET_REALISTIC_PORTFOLIO_V02_P2_1,PATTERN_B_PROGRESSED_PREVIOUS_STAGE_EARLY_TRANSITION_ONLY_5WINDOW_V01_P2_1_NEW_TEST_005870_KR7005870001_2023-02-28_0001,PATTERN_B_PROGRESSED_PREVIOUS_STAGE_EARLY_TRANSITION_ONLY_5WINDOW_V01_P2_1_NEW_TEST_005870_KR7005870001_2023-02-28_0001,005870,KR7005870001,KOSPI,2023-02-28,2023-03-02,ENTRY,EXECUTED,6000.0,6005.999999999999,832,4996991.999999999,749.5487999999998,0.0,4991.999999999243,78879344.2603549,73881602.71155491,27332006.1140205,85260730600,ENTRY,False
PATTERN_B_ET_REALISTIC_PORTFOLIO_V02_P2_1,PATTERN_B_PROGRESSED_PREVIOUS_STAGE_EARLY_TRANSITION_ONLY_5WINDOW_V01_P2_1_NEW_TEST_090080_KR7090080003_2023-02-28_0001,PATTERN_B_PROGRESSED_PREVIOUS_STAGE_EARLY_TRANSITION_ONLY_5WINDOW_V01_P2_1_NEW_TEST_090080_KR7090080003_2023-02-28_0001,090080,KR7090080003,KOSPI,2023-02-28,2023-03-02,ENTRY,EXECUTED,1220.0,1221.2199999999998,4093,4998453.459999999,749.7680189999998,0.0,4993.459999999181,73881602.71155491,68882399.48353592,27332006.1140205,66596440167,ENTRY,False
PATTERN_B_ET_REALISTIC_PORTFOLIO_V02_P2_1,PATTERN_B_PROGRESSED_PREVIOUS_STAGE_EARLY_TRANSITION_ONLY_5WINDOW_V01_P2_1_NEW_TEST_010660_KR7010660009_2023-02-28_0001,PATTERN_B_PROGRESSED_PREVIOUS_STAGE_EARLY_TRANSITION_ONLY_5WINDOW_V01_P2_1_NEW_TEST_010660_KR7010660009_2023-02-28_0001,010660,KR7010660009,KOSPI,2023-02-28,2023-03-02,ENTRY,EXECUTED,2920.0,2922.9199999999996,1710,4998193.199999999,749.7289799999999,0.0,4993.199999999347,68882399.48353592,63883456.554555915,27332006.1140205,64570000000,ENTRY,False
PATTERN_B_ET_REALISTIC_PORTFOLIO_V02_P2_1,PATTERN_B_PROGRESSED_PREVIOUS_STAGE_EARLY_TRANSITION_ONLY_5WINDOW_V01_P2_1_NEW_TEST_035460_KR7035460005_2023-02-28_0001,PATTERN_B_PROGRESSED_PREVIOUS_STAGE_EARLY_TRANSITION_ONLY_5WINDOW_V01_P2_1_NEW_TEST_035460_KR7035460005_2023-02-28_0001,035460,KR7035460005,KOSDAQ,2023-02-28,2023-03-02,ENTRY,EXECUTED,2955.0,2957.9549999999995,1690,4998943.949999999,749.8415924999998,0.0,4993.9499999991085,63883456.554555915,58883762.762963414,27332006.1140205,42711606200,ENTRY,False
PATTERN_B_ET_REALISTIC_PORTFOLIO_V02_P2_1,PATTERN_B_PROGRESSED_PREVIOUS_STAGE_EARLY_TRANSITION_ONLY_5WINDOW_V01_P2_1_NEW_TEST_110990_KR7110990009_2022-09-30_0001,PATTERN_B_PROGRESSED_PREVIOUS_STAGE_EARLY_TRANSITION_ONLY_5WINDOW_V01_P2_1_NEW_TEST_110990_KR7110990009_2022-09-30_0001,110990,KR7110990009,KOSDAQ,2023-03-31,2023-04-03,EXIT,EXECUTED,8330.0,8321.67,832,6923629.44,1038.544416,0.0,6930.5599999999395,86215768.87698391,86215768.87698391,6922590.895584,112455000000,,False
PATTERN_B_ET_REALISTIC_PORTFOLIO_V02_P2_1,PATTERN_B_PROGRESSED_PREVIOUS_STAGE_EARLY_TRANSITION_ONLY_5WINDOW_V01_P2_1_NEW_TEST_030960_KR7030960009_2023-03-31_0001,PATTERN_B_PROGRESSED_PREVIOUS_STAGE_EARLY_TRANSITION_ONLY_5WINDOW_V01_P2_1_NEW_TEST_030960_KR7030960009_2023-03-31_0001,030960,KR7030960009,KOSDAQ,2023-03-31,2023-04-03,ENTRY,EXECUTED,21250.0,21271.249999999996,235,4998743.749999999,749.8115624999998,0.0,4993.749999999145,86215768.87698391,81216275.31542142,6922590.895584,341972000000,ENTRY,True
PATTERN_B_ET_REALISTIC_PORTFOLIO_V02_P2_1,PATTERN_B_PROGRESSED_PREVIOUS_STAGE_EARLY_TRANSITION_ONLY_5WINDOW_V01_P2_1_NEW_TEST_005860_KR7005860002_2023-03-31_0001,PATTERN_B_PROGRESSED_PREVIOUS_STAGE_EARLY_TRANSITION_ONLY_5WINDOW_V01_P2_1_NEW_TEST_005860_KR7005860002_2023-03-31_0001,005860,KR7005860002,KOSDAQ,2023-03-31,2023-04-03,ENTRY,EXECUTED,4300.0,4304.299999999999,1161,4997292.299999999,749.5938449999998,0.0,4992.299999999155,81216275.31542142,76218233.42157643,6922590.895584,168844790225,ENTRY,False
PATTERN_B_ET_REALISTIC_PORTFOLIO_V02_P2_1,PATTERN_B_PROGRESSED_PREVIOUS_STAGE_EARLY_TRANSITION_ONLY_5WINDOW_V01_P2_1_NEW_TEST_006880_KR7006880009_2023-03-31_0002,PATTERN_B_PROGRESSED_PREVIOUS_STAGE_EARLY_TRANSITION_ONLY_5WINDOW_V01_P2_1_NEW_TEST_006880_KR7006880009_2023-03-31_0002,006880,KR7006880009,KOSPI,2023-03-31,2023-04-03,ENTRY,EXECUTED,7000.0,7006.999999999999,713,4995990.999999999,749.3986499999997,0.0,4990.9999999993515,76218233.42157643,71221493.02292642,6922590.895584,82802006000,ENTRY,False
PATTERN_B_ET_REALISTIC_PORTFOLIO_V02_P2_1,PATTERN_B_PROGRESSED_PREVIOUS_STAGE_EARLY_TRANSITION_ONLY_5WINDOW_V01_P2_1_NEW_TEST_032680_KR7032680001_2023-03-31_0001,PATTERN_B_PROGRESSED_PREVIOUS_STAGE_EARLY_TRANSITION_ONLY_5WINDOW_V01_P2_1_NEW_TEST_032680_KR7032680001_2023-03-31_0001,032680,KR7032680001,KOSDAQ,2023-03-31,2023-04-03,ENTRY,EXECUTED,3675.0,3678.6749999999997,1358,4995640.649999999,749.3460974999998,0.0,4990.6499999996295,71221493.02292642,66225103.02682892,6922590.895584,70222782708,ENTRY,False
PATTERN_B_ET_REALISTIC_PORTFOLIO_V02_P2_1,PATTERN_B_PROGRESSED_PREVIOUS_STAGE_EARLY_TRANSITION_ONLY_5WINDOW_V01_P2_1_NEW_TEST_005860_KR7005860002_2023-03-31_0001,PATTERN_B_PROGRESSED_PREVIOUS_STAGE_EARLY_TRANSITION_ONLY_5WINDOW_V01_P2_1_NEW_TEST_005860_KR7005860002_2023-03-31_0001,005860,KR7005860002,KOSDAQ,2023-05-31,2023-06-01,EXIT,EXECUTED,6050.0,6043.95,1161,7017025.95,1052.5538924999998,0.0,7024.050000000211,73147693.92241292,73147693.92241292,7015973.3961075,168844790225,,False
PATTERN_B_ET_REALISTIC_PORTFOLIO_V02_P2_1,PATTERN_B_PROGRESSED_PREVIOUS_STAGE_EARLY_TRANSITION_ONLY_5WINDOW_V01_P2_1_NEW_TEST_006880_KR7006880009_2023-03-31_0002,PATTERN_B_PROGRESSED_PREVIOUS_STAGE_EARLY_TRANSITION_ONLY_5WINDOW_V01_P2_1_NEW_TEST_006880_KR7006880009_2023-03-31_0002,006880,KR7006880009,KOSPI,2023-05-31,2023-06-01,EXIT,EXECUTED,8060.0,8051.94,713,5741033.22,861.1549829999999,0.0,5746.780000000285,73147693.92241292,73147693.92241292,12756145.4611245,82802006000,,False
PATTERN_B_ET_REALISTIC_PORTFOLIO_V02_P2_1,PATTERN_B_PROGRESSED_PREVIOUS_STAGE_EARLY_TRANSITION_ONLY_5WINDOW_V01_P2_1_NEW_TEST_010660_KR7010660009_2023-02-28_0001,PATTERN_B_PROGRESSED_PREVIOUS_STAGE_EARLY_TRANSITION_ONLY_5WINDOW_V01_P2_1_NEW_TEST_010660_KR7010660009_2023-02-28_0001,010660,KR7010660009,KOSPI,2023-05-31,2023-06-01,EXIT,EXECUTED,3900.0,3896.1,1710,6662331.0,999.3496499999999,0.0,6669.0000000001555,73147693.92241292,73147693.92241292,19417477.1114745,64570000000,,False
PATTERN_B_ET_REALISTIC_PORTFOLIO_V02_P2_1,PATTERN_B_PROGRESSED_PREVIOUS_STAGE_EARLY_TRANSITION_ONLY_5WINDOW_V01_P2_1_NEW_TEST_046890_KR7046890000_2022-05-31_0001,PATTERN_B_PROGRESSED_PREVIOUS_STAGE_EARLY_TRANSITION_ONLY_5WINDOW_V01_P2_1_NEW_TEST_046890_KR7046890000_2022-05-31_0001,046890,KR7046890000,KOSDAQ,2023-05-31,2023-06-01,EXIT,EXECUTED,12300.0,12287.7,394,4841353.800000001,726.20307,0.0,4846.199999999713,73147693.92241292,73147693.92241292,24258104.7084045,746309120000,,False
PATTERN_B_ET_REALISTIC_PORTFOLIO_V02_P2_1,PATTERN_B_PROGRESSED_PREVIOUS_STAGE_EARLY_TRANSITION_ONLY_5WINDOW_V01_P2_1_NEW_TEST_052460_KR7052460003_2022-06-30_0001,PATTERN_B_PROGRESSED_PREVIOUS_STAGE_EARLY_TRANSITION_ONLY_5WINDOW_V01_P2_1_NEW_TEST_052460_KR7052460003_2022-06-30_0001,052460,KR7052460003,KOSDAQ,2023-05-31,2023-06-01,EXIT,SKIPPED_NO_EXECUTED_POSITION,,,0,0.0,0.0,0.0,0.0,73147693.92241292,73147693.92241292,0.0,52077291840,ENTRY_WAS_NOT_EXECUTED,False
PATTERN_B_ET_REALISTIC_PORTFOLIO_V02_P2_1,PATTERN_B_PROGRESSED_PREVIOUS_STAGE_EARLY_TRANSITION_ONLY_5WINDOW_V01_P2_1_NEW_TEST_090080_KR7090080003_2023-02-28_0001,PATTERN_B_PROGRESSED_PREVIOUS_STAGE_EARLY_TRANSITION_ONLY_5WINDOW_V01_P2_1_NEW_TEST_090080_KR7090080003_2023-02-28_0001,090080,KR7090080003,KOSPI,2023-05-31,2023-06-01,EXIT,EXECUTED,1715.0,1713.285,4093,7012475.505,1051.8713257499999,0.0,7019.494999999665,73147693.92241292,73147693.92241292,31269528.34207875,66596440167,,False
PATTERN_B_ET_REALISTIC_PORTFOLIO_V02_P2_1,PATTERN_B_PROGRESSED_PREVIOUS_STAGE_EARLY_TRANSITION_ONLY_5WINDOW_V01_P2_1_NEW_TEST_196300_KR7196300008_2022-05-31_0001,PATTERN_B_PROGRESSED_PREVIOUS_STAGE_EARLY_TRANSITION_ONLY_5WINDOW_V01_P2_1_NEW_TEST_196300_KR7196300008_2022-05-31_0001,196300,KR7196300008,KOSDAQ,2023-05-31,2023-06-01,EXIT,EXECUTED,14930.0,14915.07,447,6667036.29,1000.0554434999999,0.0,6673.71000000013,73147693.92241292,73147693.92241292,37935564.57663525,62468499400,,False
PATTERN_B_ET_REALISTIC_PORTFOLIO_V02_P2_1,PATTERN_B_PROGRESSED_PREVIOUS_STAGE_EARLY_TRANSITION_ONLY_5WINDOW_V01_P2_1_NEW_TEST_032680_KR7032680001_2023-03-31_0001,PATTERN_B_PROGRESSED_PREVIOUS_STAGE_EARLY_TRANSITION_ONLY_5WINDOW_V01_P2_1_NEW_TEST_032680_KR7032680001_2023-03-31_0001,032680,KR7032680001,KOSDAQ,2023-06-30,2023-07-03,EXIT,EXECUTED,4725.0,4720.275,1358,6410133.449999999,961.5200174999998,0.0,6416.550000000494,111083258.49904817,111083258.49904817,6409171.929982499,70222782708,,False
PATTERN_B_ET_REALISTIC_PORTFOLIO_V02_P2_1,PATTERN_B_PROGRESSED_PREVIOUS_STAGE_EARLY_TRANSITION_ONLY_5WINDOW_V01_P2_1_NEW_TEST_035460_KR7035460005_2023-02-28_0001,PATTERN_B_PROGRESSED_PREVIOUS_STAGE_EARLY_TRANSITION_ONLY_5WINDOW_V01_P2_1_NEW_TEST_035460_KR7035460005_2023-02-28_0001,035460,KR7035460005,KOSDAQ,2023-06-30,2023-07-03,EXIT,EXECUTED,3605.0,3601.395,1690,6086357.55,912.9536324999999,0.0,6092.450000000031,111083258.49904817,111083258.49904817,12494616.526349999,42711606200,,False
PATTERN_B_ET_REALISTIC_PORTFOLIO_V02_P2_1,PATTERN_B_PROGRESSED_PREVIOUS_STAGE_EARLY_TRANSITION_ONLY_5WINDOW_V01_P2_1_NEW_TEST_224110_KR7224110007_2022-02-28_0001,PATTERN_B_PROGRESSED_PREVIOUS_STAGE_EARLY_TRANSITION_ONLY_5WINDOW_V01_P2_1_NEW_TEST_224110_KR7224110007_2022-02-28_0001,224110,KR7224110007,KOSDAQ,2023-06-30,2023-07-03,EXIT,EXECUTED,15520.0,15504.48,348,5395559.04,809.333856,0.0,5400.960000000152,111083258.49904817,111083258.49904817,17889366.232494,76629000000,,False
PATTERN_B_ET_REALISTIC_PORTFOLIO_V02_P2_1,PATTERN_B_PROGRESSED_PREVIOUS_STAGE_EARLY_TRANSITION_ONLY_5WINDOW_V01_P2_1_NEW_TEST_025770_KR7025770009_2023-06-30_0001,PATTERN_B_PROGRESSED_PREVIOUS_STAGE_EARLY_TRANSITION_ONLY_5WINDOW_V01_P2_1_NEW_TEST_025770_KR7025770009_2023-06-30_0001,025770,KR7025770009,KOSDAQ,2023-06-30,2023-07-03,ENTRY,EXECUTED,9580.0,9589.579999999998,521,4996171.179999999,749.4256769999997,0.0,4991.179999999014,111083258.49904817,106086337.89337118,17889366.232494,358716116180,ENTRY,False
PATTERN_B_ET_REALISTIC_PORTFOLIO_V02_P2_1,PATTERN_B_PROGRESSED_PREVIOUS_STAGE_EARLY_TRANSITION_ONLY_5WINDOW_V01_P2_1_NEW_TEST_065370_KR7065370009_2023-06-30_0001,PATTERN_B_PROGRESSED_PREVIOUS_STAGE_EARLY_TRANSITION_ONLY_5WINDOW_V01_P2_1_NEW_TEST_065370_KR7065370009_2023-06-30_0001,065370,KR7065370009,KOSDAQ,2023-06-30,2023-07-03,ENTRY,EXECUTED,13450.0,13463.449999999999,371,4994939.949999999,749.2409924999998,0.0,4989.949999999595,106086337.89337118,101090648.70237868,17889366.232494,98428106820,ENTRY,False
PATTERN_B_ET_REALISTIC_PORTFOLIO_V02_P2_1,PATTERN_B_PROGRESSED_PREVIOUS_STAGE_EARLY_TRANSITION_ONLY_5WINDOW_V01_P2_1_NEW_TEST_053160_KR7053160008_2022-02-28_0001,PATTERN_B_PROGRESSED_PREVIOUS_STAGE_EARLY_TRANSITION_ONLY_5WINDOW_V01_P2_1_NEW_TEST_053160_KR7053160008_2022-02-28_0001,053160,KR7053160008,KOSDAQ,2023-07-31,2023-08-01,EXIT,EXECUTED,10800.0,10789.2,480,5178816.0,776.8223999999999,0.0,5183.999999999651,118980014.93487267,118980014.93487267,5178039.1776,63000000000,,False
PATTERN_B_ET_REALISTIC_PORTFOLIO_V02_P2_1,PATTERN_B_PROGRESSED_PREVIOUS_STAGE_EARLY_TRANSITION_ONLY_5WINDOW_V01_P2_1_NEW_TEST_108670_KR7108670001_2022-05-31_0001,PATTERN_B_PROGRESSED_PREVIOUS_STAGE_EARLY_TRANSITION_ONLY_5WINDOW_V01_P2_1_NEW_TEST_108670_KR7108670001_2022-05-31_0001,108670,KR7108670001,KOSPI,2023-07-31,2023-08-01,EXIT,EXECUTED,55000.0,54945.0,99,5439555.0,815.9332499999999,0.0,5445.0,118980014.93487267,118980014.93487267,10616778.244350001,450177034000,,False
PATTERN_B_ET_REALISTIC_PORTFOLIO_V02_P2_1,PATTERN_B_PROGRESSED_PREVIOUS_STAGE_EARLY_TRANSITION_ONLY_5WINDOW_V01_P2_1_NEW_TEST_227610_KR7227610003_2023-01-31_0001,PATTERN_B_PROGRESSED_PREVIOUS_STAGE_EARLY_TRANSITION_ONLY_5WINDOW_V01_P2_1_NEW_TEST_227610_KR7227610003_2023-01-31_0001,227610,KR7227610003,KOSDAQ,2023-07-31,2023-08-01,EXIT,EXECUTED,5940.0,5934.06,1373,8147464.380000001,1222.119657,0.0,8155.619999999451,118980014.93487267,118980014.93487267,18763020.504693,43588653738,,False
PATTERN_B_ET_REALISTIC_PORTFOLIO_V02_P2_1,PATTERN_B_PROGRESSED_PREVIOUS_STAGE_EARLY_TRANSITION_ONLY_5WINDOW_V01_P2_1_NEW_TEST_053050_KR7053050001_2023-07-31_0001,PATTERN_B_PROGRESSED_PREVIOUS_STAGE_EARLY_TRANSITION_ONLY_5WINDOW_V01_P2_1_NEW_TEST_053050_KR7053050001_2023-07-31_0001,053050,KR7053050001,KOSDAQ,2023-07-31,2023-08-01,ENTRY,EXECUTED,3020.0,3023.0199999999995,1653,4997052.06,749.5578089999999,0.0,4992.059999999218,118980014.93487267,113982213.31706367,18763020.504693,90112728985,ENTRY,False
PATTERN_B_ET_REALISTIC_PORTFOLIO_V02_P2_1,PATTERN_B_PROGRESSED_PREVIOUS_STAGE_EARLY_TRANSITION_ONLY_5WINDOW_V01_P2_1_NEW_TEST_010660_KR7010660009_2023-07-31_0002,PATTERN_B_PROGRESSED_PREVIOUS_STAGE_EARLY_TRANSITION_ONLY_5WINDOW_V01_P2_1_NEW_TEST_010660_KR7010660009_2023-07-31_0002,010660,KR7010660009,KOSPI,2023-07-31,2023-08-01,ENTRY,EXECUTED,3650.0,3653.6499999999996,1368,4998193.199999999,749.7289799999999,0.0,4993.199999999502,113982213.31706367,108983270.38808368,18763020.504693,80300000000,ENTRY,False
PATTERN_B_ET_REALISTIC_PORTFOLIO_V02_P2_1,PATTERN_B_PROGRESSED_PREVIOUS_STAGE_EARLY_TRANSITION_ONLY_5WINDOW_V01_P2_1_NEW_TEST_010660_KR7010660009_2023-07-31_0002,PATTERN_B_PROGRESSED_PREVIOUS_STAGE_EARLY_TRANSITION_ONLY_5WINDOW_V01_P2_1_NEW_TEST_010660_KR7010660009_2023-07-31_0002,010660,KR7010660009,KOSPI,2023-08-31,2023-09-01,EXIT,EXECUTED,4170.0,4165.83,1368,5698855.4399999995,854.8283159999999,0.0,5704.5600000000995,127746290.89277668,127746290.89277668,5698000.611683999,80300000000,,False
PATTERN_B_ET_REALISTIC_PORTFOLIO_V02_P2_1,PATTERN_B_PROGRESSED_PREVIOUS_STAGE_EARLY_TRANSITION_ONLY_5WINDOW_V01_P2_1_NEW_TEST_084110_KR7084110006_2022-02-28_0001,PATTERN_B_PROGRESSED_PREVIOUS_STAGE_EARLY_TRANSITION_ONLY_5WINDOW_V01_P2_1_NEW_TEST_084110_KR7084110006_2022-02-28_0001,084110,KR7084110006,KOSDAQ,2023-08-31,2023-09-01,EXIT,EXECUTED,24950.0,24925.05,166,4137558.3,620.6337449999999,0.0,4141.700000000121,127746290.89277668,127746290.89277668,9834938.277939,363314727800,,False
PATTERN_B_ET_REALISTIC_PORTFOLIO_V02_P2_1,PATTERN_B_PROGRESSED_PREVIOUS_STAGE_EARLY_TRANSITION_ONLY_5WINDOW_V01_P2_1_NEW_TEST_290670_KR7290670009_2023-08-31_0001,PATTERN_B_PROGRESSED_PREVIOUS_STAGE_EARLY_TRANSITION_ONLY_5WINDOW_V01_P2_1_NEW_TEST_290670_KR7290670009_2023-08-31_0001,290670,KR7290670009,KOSDAQ,2023-08-31,2023-09-01,ENTRY,EXECUTED,43650.0,43693.649999999994,114,4981076.1,747.1614149999999,0.0,4976.099999999336,127746290.89277668,122764467.63136168,9834938.277939,341415327000,ENTRY,True
PATTERN_B_ET_REALISTIC_PORTFOLIO_V02_P2_1,PATTERN_B_PROGRESSED_PREVIOUS_STAGE_EARLY_TRANSITION_ONLY_5WINDOW_V01_P2_1_NEW_TEST_131400_KR7131400004_2023-08-31_0001,PATTERN_B_PROGRESSED_PREVIOUS_STAGE_EARLY_TRANSITION_ONLY_5WINDOW_V01_P2_1_NEW_TEST_131400_KR7131400004_2023-08-31_0001,131400,KR7131400004,KOSDAQ,2023-08-31,2023-09-01,ENTRY,EXECUTED,4915.0,4919.914999999999,1016,4998633.639999999,749.7950459999997,0.0,4993.639999999039,122764467.63136168,117765084.19631568,9834938.277939,290939389785,ENTRY,True
PATTERN_B_ET_REALISTIC_PORTFOLIO_V02_P2_1,PATTERN_B_PROGRESSED_PREVIOUS_STAGE_EARLY_TRANSITION_ONLY_5WINDOW_V01_P2_1_NEW_TEST_227610_KR7227610003_2023-08-31_0002,PATTERN_B_PROGRESSED_PREVIOUS_STAGE_EARLY_TRANSITION_ONLY_5WINDOW_V01_P2_1_NEW_TEST_227610_KR7227610003_2023-08-31_0002,227610,KR7227610003,KOSDAQ,2023-08-31,2023-09-01,ENTRY,EXECUTED,4670.0,4674.669999999999,1069,4997222.2299999995,749.5833344999999,0.0,4992.2299999991055,117765084.19631568,112767112.38298118,9834938.277939,73748782540,ENTRY,True
PATTERN_B_ET_REALISTIC_PORTFOLIO_V02_P2_1,PATTERN_B_PROGRESSED_PREVIOUS_STAGE_EARLY_TRANSITION_ONLY_5WINDOW_V01_P2_1_NEW_TEST_045660_KR7045660008_2022-02-28_0001,PATTERN_B_PROGRESSED_PREVIOUS_STAGE_EARLY_TRANSITION_ONLY_5WINDOW_V01_P2_1_NEW_TEST_045660_KR7045660008_2022-02-28_0001,045660,KR7045660008,KOSDAQ,2023-10-31,2023-11-01,EXIT,EXECUTED,12240.0,12227.76,321,3925110.96,588.7666439999999,0.0,3929.03999999993,122602050.66092017,122602050.66092017,3924522.193356,130508000000,,False
PATTERN_B_ET_REALISTIC_PORTFOLIO_V02_P2_1,PATTERN_B_PROGRESSED_PREVIOUS_STAGE_EARLY_TRANSITION_ONLY_5WINDOW_V01_P2_1_NEW_TEST_053050_KR7053050001_2023-07-31_0001,PATTERN_B_PROGRESSED_PREVIOUS_STAGE_EARLY_TRANSITION_ONLY_5WINDOW_V01_P2_1_NEW_TEST_053050_KR7053050001_2023-07-31_0001,053050,KR7053050001,KOSDAQ,2023-10-31,2023-11-01,EXIT,EXECUTED,5240.0,5234.76,1653,8653058.280000001,1297.958742,0.0,8661.71999999964,122602050.66092017,122602050.66092017,12576282.514614,90112728985,,False
PATTERN_B_ET_REALISTIC_PORTFOLIO_V02_P2_1,PATTERN_B_PROGRESSED_PREVIOUS_STAGE_EARLY_TRANSITION_ONLY_5WINDOW_V01_P2_1_NEW_TEST_042670_KR7042670000_2023-10-31_0001,PATTERN_B_PROGRESSED_PREVIOUS_STAGE_EARLY_TRANSITION_ONLY_5WINDOW_V01_P2_1_NEW_TEST_042670_KR7042670000_2023-10-31_0001,042670,KR7042670000,KOSPI,2023-10-31,2023-11-01,ENTRY,EXECUTED,6730.0,6736.73,742,4998653.659999999,749.7980489999998,0.0,4993.659999999676,122602050.66092017,117602647.20287117,12576282.514614,1335347100570,ENTRY,False
PATTERN_B_ET_REALISTIC_PORTFOLIO_V02_P2_1,PATTERN_B_PROGRESSED_PREVIOUS_STAGE_EARLY_TRANSITION_ONLY_5WINDOW_V01_P2_1_NEW_TEST_005160_KR7005160007_2023-10-31_0001,PATTERN_B_PROGRESSED_PREVIOUS_STAGE_EARLY_TRANSITION_ONLY_5WINDOW_V01_P2_1_NEW_TEST_005160_KR7005160007_2023-10-31_0001,005160,KR7005160007,KOSDAQ,2023-10-31,2023-11-01,ENTRY,EXECUTED,4375.0,4379.374999999999,1141,4996866.874999999,749.5300312499998,0.0,4991.874999998962,117602647.20287117,112605030.79783992,12576282.514614,238404498390,ENTRY,False
PATTERN_B_ET_REALISTIC_PORTFOLIO_V02_P2_1,PATTERN_B_PROGRESSED_PREVIOUS_STAGE_EARLY_TRANSITION_ONLY_5WINDOW_V01_P2_1_NEW_TEST_049950_KR7049950009_2023-10-31_0001,PATTERN_B_PROGRESSED_PREVIOUS_STAGE_EARLY_TRANSITION_ONLY_5WINDOW_V01_P2_1_NEW_TEST_049950_KR7049950009_2023-10-31_0001,049950,KR7049950009,KOSDAQ,2023-10-31,2023-11-01,ENTRY,EXECUTED,24950.0,24974.949999999997,200,4994989.999999999,749.2484999999998,0.0,4989.999999999418,112605030.79783992,107609291.54933992,12576282.514614,216919946400,ENTRY,False
PATTERN_B_ET_REALISTIC_PORTFOLIO_V02_P2_1,PATTERN_B_PROGRESSED_PREVIOUS_STAGE_EARLY_TRANSITION_ONLY_5WINDOW_V01_P2_1_NEW_TEST_179290_KR7179290002_2023-10-31_0001,PATTERN_B_PROGRESSED_PREVIOUS_STAGE_EARLY_TRANSITION_ONLY_5WINDOW_V01_P2_1_NEW_TEST_179290_KR7179290002_2023-10-31_0001,179290,KR7179290002,KOSDAQ,2023-10-31,2023-11-01,ENTRY,EXECUTED,6590.0,6596.589999999999,757,4993618.629999999,749.0427944999998,0.0,4988.629999999422,107609291.54933992,102614923.87654543,12576282.514614,213342231580,ENTRY,False
PATTERN_B_ET_REALISTIC_PORTFOLIO_V02_P2_1,PATTERN_B_PROGRESSED_PREVIOUS_STAGE_EARLY_TRANSITION_ONLY_5WINDOW_V01_P2_1_NEW_TEST_190510_KR7190510008_2023-10-31_0001,PATTERN_B_PROGRESSED_PREVIOUS_STAGE_EARLY_TRANSITION_ONLY_5WINDOW_V01_P2_1_NEW_TEST_190510_KR7190510008_2023-10-31_0001,190510,KR7190510008,KOSDAQ,2023-10-31,2023-11-01,ENTRY,EXECUTED,10840.0,10850.839999999998,460,4991386.399999999,748.7079599999998,0.0,4986.39999999923,102614923.87654543,97622788.76858543,12576282.514614,173575461120,ENTRY,False
PATTERN_B_ET_REALISTIC_PORTFOLIO_V02_P2_1,PATTERN_B_PROGRESSED_PREVIOUS_STAGE_EARLY_TRANSITION_ONLY_5WINDOW_V01_P2_1_NEW_TEST_900250_KYG2115T1076_2023-10-31_0001,PATTERN_B_PROGRESSED_PREVIOUS_STAGE_EARLY_TRANSITION_ONLY_5WINDOW_V01_P2_1_NEW_TEST_900250_KYG2115T1076_2023-10-31_0001,900250,KYG2115T1076,KOSDAQ,2023-10-31,2023-11-01,ENTRY,EXECUTED,6732.0,6738.731999999999,741,4993400.412,749.0100617999999,0.0,4988.4119999993045,97622788.76858543,92628639.34652363,12576282.514614,160425708247,ENTRY,True
PATTERN_B_ET_REALISTIC_PORTFOLIO_V02_P2_1,PATTERN_B_PROGRESSED_PREVIOUS_STAGE_EARLY_TRANSITION_ONLY_5WINDOW_V01_P2_1_NEW_TEST_317830_KR7317830008_2023-10-31_0001,PATTERN_B_PROGRESSED_PREVIOUS_STAGE_EARLY_TRANSITION_ONLY_5WINDOW_V01_P2_1_NEW_TEST_317830_KR7317830008_2023-10-31_0001,317830,KR7317830008,KOSDAQ,2023-10-31,2023-11-01,ENTRY,EXECUTED,8700.0,8708.699999999999,574,4998793.8,749.8190699999999,0.0,4993.7999999993735,92628639.34652363,87629095.72745363,12576282.514614,92870311160,ENTRY,False
PATTERN_B_ET_REALISTIC_PORTFOLIO_V02_P2_1,PATTERN_B_PROGRESSED_PREVIOUS_STAGE_EARLY_TRANSITION_ONLY_5WINDOW_V01_P2_1_NEW_TEST_322180_KR7322180001_2023-10-31_0001,PATTERN_B_PROGRESSED_PREVIOUS_STAGE_EARLY_TRANSITION_ONLY_5WINDOW_V01_P2_1_NEW_TEST_322180_KR7322180001_2023-10-31_0001,322180,KR7322180001,KOSDAQ,2023-10-31,2023-11-01,ENTRY,EXECUTED,5030.0,5035.03,992,4994749.76,749.212464,0.0,4989.759999999747,87629095.72745363,82633596.75498964,12576282.514614,82489147990,ENTRY,False
PATTERN_B_ET_REALISTIC_PORTFOLIO_V02_P2_1,PATTERN_B_PROGRESSED_PREVIOUS_STAGE_EARLY_TRANSITION_ONLY_5WINDOW_V01_P2_1_NEW_TEST_003850_KR7003850005_2022-06-30_0001,PATTERN_B_PROGRESSED_PREVIOUS_STAGE_EARLY_TRANSITION_ONLY_5WINDOW_V01_P2_1_NEW_TEST_003850_KR7003850005_2022-06-30_0001,003850,KR7003850005,KOSPI,2023-11-30,2023-12-01,EXIT,EXECUTED,9570.0,9560.43,487,4655929.41,698.3894114999999,0.0,4660.589999999858,95209879.26960364,95209879.26960364,4655231.0205885,697203500000,,False
PATTERN_B_ET_REALISTIC_PORTFOLIO_V02_P2_1,PATTERN_B_PROGRESSED_PREVIOUS_STAGE_EARLY_TRANSITION_ONLY_5WINDOW_V01_P2_1_NEW_TEST_005160_KR7005160007_2023-10-31_0001,PATTERN_B_PROGRESSED_PREVIOUS_STAGE_EARLY_TRANSITION_ONLY_5WINDOW_V01_P2_1_NEW_TEST_005160_KR7005160007_2023-10-31_0001,005160,KR7005160007,KOSDAQ,2023-11-30,2023-12-01,EXIT,EXECUTED,4850.0,4845.15,1141,5528316.149999999,829.2474224999999,0.0,5533.850000000415,95209879.26960364,95209879.26960364,10182717.923166,238404498390,,False
PATTERN_B_ET_REALISTIC_PORTFOLIO_V02_P2_1,PATTERN_B_PROGRESSED_PREVIOUS_STAGE_EARLY_TRANSITION_ONLY_5WINDOW_V01_P2_1_NEW_TEST_042670_KR7042670000_2023-10-31_0001,PATTERN_B_PROGRESSED_PREVIOUS_STAGE_EARLY_TRANSITION_ONLY_5WINDOW_V01_P2_1_NEW_TEST_042670_KR7042670000_2023-10-31_0001,042670,KR7042670000,KOSPI,2023-11-30,2023-12-01,EXIT,EXECUTED,7820.0,7812.18,742,5796637.5600000005,869.495634,0.0,5802.439999999784,95209879.26960364,95209879.26960364,15978485.987532001,1335347100570,,False
PATTERN_B_ET_REALISTIC_PORTFOLIO_V02_P2_1,PATTERN_B_PROGRESSED_PREVIOUS_STAGE_EARLY_TRANSITION_ONLY_5WINDOW_V01_P2_1_NEW_TEST_049950_KR7049950009_2023-10-31_0001,PATTERN_B_PROGRESSED_PREVIOUS_STAGE_EARLY_TRANSITION_ONLY_5WINDOW_V01_P2_1_NEW_TEST_049950_KR7049950009_2023-10-31_0001,049950,KR7049950009,KOSDAQ,2023-11-30,2023-12-01,EXIT,EXECUTED,33500.0,33466.5,200,6693300.0,1003.9949999999999,0.0,6700.0,95209879.26960364,95209879.26960364,22670781.992532,216919946400,,False
PATTERN_B_ET_REALISTIC_PORTFOLIO_V02_P2_1,PATTERN_B_PROGRESSED_PREVIOUS_STAGE_EARLY_TRANSITION_ONLY_5WINDOW_V01_P2_1_NEW_TEST_190510_KR7190510008_2023-10-31_0001,PATTERN_B_PROGRESSED_PREVIOUS_STAGE_EARLY_TRANSITION_ONLY_5WINDOW_V01_P2_1_NEW_TEST_190510_KR7190510008_2023-10-31_0001,190510,KR7190510008,KOSDAQ,2023-11-30,2023-12-01,EXIT,EXECUTED,12960.0,12947.04,460,5955638.4,893.3457599999999,0.0,5961.599999999598,95209879.26960364,95209879.26960364,28625527.046772,173575461120,,False
PATTERN_B_ET_REALISTIC_PORTFOLIO_V02_P2_1,PATTERN_B_PROGRESSED_PREVIOUS_STAGE_EARLY_TRANSITION_ONLY_5WINDOW_V01_P2_1_NEW_TEST_317830_KR7317830008_2023-10-31_0001,PATTERN_B_PROGRESSED_PREVIOUS_STAGE_EARLY_TRANSITION_ONLY_5WINDOW_V01_P2_1_NEW_TEST_317830_KR7317830008_2023-10-31_0001,317830,KR7317830008,KOSDAQ,2023-11-30,2023-12-01,EXIT,EXECUTED,10650.0,10639.35,574,6106986.9,916.048035,0.0,6113.099999999791,95209879.26960364,95209879.26960364,34731597.898737,92870311160,,False
PATTERN_B_ET_REALISTIC_PORTFOLIO_V02_P2_1,PATTERN_B_PROGRESSED_PREVIOUS_STAGE_EARLY_TRANSITION_ONLY_5WINDOW_V01_P2_1_NEW_TEST_322180_KR7322180001_2023-10-31_0001,PATTERN_B_PROGRESSED_PREVIOUS_STAGE_EARLY_TRANSITION_ONLY_5WINDOW_V01_P2_1_NEW_TEST_322180_KR7322180001_2023-10-31_0001,322180,KR7322180001,KOSDAQ,2023-11-30,2023-12-01,EXIT,EXECUTED,5430.0,5424.57,992,5381173.4399999995,807.1760159999999,0.0,5386.560000000289,95209879.26960364,95209879.26960364,40111964.162721,82489147990,,False
PATTERN_B_ET_REALISTIC_PORTFOLIO_V02_P2_1,PATTERN_B_PROGRESSED_PREVIOUS_STAGE_EARLY_TRANSITION_ONLY_5WINDOW_V01_P2_1_NEW_TEST_011330_KR7011330008_2023-11-30_0001,PATTERN_B_PROGRESSED_PREVIOUS_STAGE_EARLY_TRANSITION_ONLY_5WINDOW_V01_P2_1_NEW_TEST_011330_KR7011330008_2023-11-30_0001,011330,KR7011330008,KOSPI,2023-11-30,2023-12-01,ENTRY,EXECUTED,16060.0,16076.059999999998,310,4983578.6,747.5367899999999,0.0,4978.599999999278,95209879.26960364,90225553.13281363,40111964.162721,155336179218,ENTRY,False
PATTERN_B_ET_REALISTIC_PORTFOLIO_V02_P2_1,PATTERN_B_PROGRESSED_PREVIOUS_STAGE_EARLY_TRANSITION_ONLY_5WINDOW_V01_P2_1_NEW_TEST_008110_KR7008110009_2023-11-30_0001,PATTERN_B_PROGRESSED_PREVIOUS_STAGE_EARLY_TRANSITION_ONLY_5WINDOW_V01_P2_1_NEW_TEST_008110_KR7008110009_2023-11-30_0001,008110,KR7008110009,KOSPI,2023-11-30,2023-12-01,ENTRY,EXECUTED,7060.0,7067.0599999999995,707,4996411.42,749.4617129999999,0.0,4991.41999999964,90225553.13281363,85228392.25110063,40111964.162721,74062555820,ENTRY,False
PATTERN_B_ET_REALISTIC_PORTFOLIO_V02_P2_1,PATTERN_B_PROGRESSED_PREVIOUS_STAGE_EARLY_TRANSITION_ONLY_5WINDOW_V01_P2_1_NEW_TEST_011330_KR7011330008_2023-11-30_0001,PATTERN_B_PROGRESSED_PREVIOUS_STAGE_EARLY_TRANSITION_ONLY_5WINDOW_V01_P2_1_NEW_TEST_011330_KR7011330008_2023-11-30_0001,011330,KR7011330008,KOSPI,2023-12-28,2024-01-02,EXIT,EXECUTED,21700.0,21678.3,310,6720273.0,1008.04095,0.0,6727.000000000226,125340356.41382164,125340356.41382164,6719264.95905,155336179218,,False
PATTERN_B_ET_REALISTIC_PORTFOLIO_V02_P2_1,PATTERN_B_PROGRESSED_PREVIOUS_STAGE_EARLY_TRANSITION_ONLY_5WINDOW_V01_P2_1_NEW_TEST_005870_KR7005870001_2023-02-28_0001,PATTERN_B_PROGRESSED_PREVIOUS_STAGE_EARLY_TRANSITION_ONLY_5WINDOW_V01_P2_1_NEW_TEST_005870_KR7005870001_2023-02-28_0001,005870,KR7005870001,KOSPI,2024-01-31,2024-02-01,EXIT,EXECUTED,6380.0,6373.62,832,5302851.84,795.4277759999999,0.0,5308.160000000091,132059621.37287164,132059621.37287164,5302056.412223999,85260730600,,False
PATTERN_B_ET_REALISTIC_PORTFOLIO_V02_P2_1,PATTERN_B_PROGRESSED_PREVIOUS_STAGE_EARLY_TRANSITION_ONLY_5WINDOW_V01_P2_1_NEW_TEST_053290_KR7053290003_2022-03-31_0001,PATTERN_B_PROGRESSED_PREVIOUS_STAGE_EARLY_TRANSITION_ONLY_5WINDOW_V01_P2_1_NEW_TEST_053290_KR7053290003_2022-03-31_0001,053290,KR7053290003,KOSDAQ,2024-01-31,2024-02-01,EXIT,EXECUTED,5250.0,5244.75,591,3099647.25,464.94708749999995,0.0,3102.75,132059621.37287164,132059621.37287164,8401238.7151365,139482031080,,False
PATTERN_B_ET_REALISTIC_PORTFOLIO_V02_P2_1,PATTERN_B_PROGRESSED_PREVIOUS_STAGE_EARLY_TRANSITION_ONLY_5WINDOW_V01_P2_1_NEW_TEST_071850_KR7071850002_2022-05-31_0001,PATTERN_B_PROGRESSED_PREVIOUS_STAGE_EARLY_TRANSITION_ONLY_5WINDOW_V01_P2_1_NEW_TEST_071850_KR7071850002_2022-05-31_0001,071850,KR7071850002,KOSDAQ,2024-01-31,2024-02-01,EXIT,EXECUTED,2136.0,2133.864,2387,5093533.368,764.0300051999999,0.0,5098.631999999921,132059621.37287164,132059621.37287164,13494008.053131301,38109132400,,False
PATTERN_B_ET_REALISTIC_PORTFOLIO_V02_P2_1,PATTERN_B_PROGRESSED_PREVIOUS_STAGE_EARLY_TRANSITION_ONLY_5WINDOW_V01_P2_1_NEW_TEST_112040_KR7112040001_2022-06-30_0001,PATTERN_B_PROGRESSED_PREVIOUS_STAGE_EARLY_TRANSITION_ONLY_5WINDOW_V01_P2_1_NEW_TEST_112040_KR7112040001_2022-06-30_0001,112040,KR7112040001,KOSDAQ,2024-01-31,2024-02-01,EXIT,EXECUTED,51000.0,50949.0,83,4228767.0,634.3150499999999,0.0,4233.0,132059621.37287164,132059621.37287164,17722140.7380813,1937188526600,,False
PATTERN_B_ET_REALISTIC_PORTFOLIO_V02_P2_1,PATTERN_B_PROGRESSED_PREVIOUS_STAGE_EARLY_TRANSITION_ONLY_5WINDOW_V01_P2_1_NEW_TEST_206650_KR7206650004_2022-05-31_0001,PATTERN_B_PROGRESSED_PREVIOUS_STAGE_EARLY_TRANSITION_ONLY_5WINDOW_V01_P2_1_NEW_TEST_206650_KR7206650004_2022-05-31_0001,206650,KR7206650004,KOSDAQ,2024-01-31,2024-02-01,EXIT,EXECUTED,10980.0,10969.02,283,3104232.66,465.63489899999996,0.0,3107.3399999998765,132059621.37287164,132059621.37287164,20825907.763182297,645073083900,,False
PATTERN_B_ET_REALISTIC_PORTFOLIO_V02_P2_1,PATTERN_B_PROGRESSED_PREVIOUS_STAGE_EARLY_TRANSITION_ONLY_5WINDOW_V01_P2_1_NEW_TEST_042660_KR7042660001_2024-01-31_0001,PATTERN_B_PROGRESSED_PREVIOUS_STAGE_EARLY_TRANSITION_ONLY_5WINDOW_V01_P2_1_NEW_TEST_042660_KR7042660001_2024-01-31_0001,042660,KR7042660001,KOSPI,2024-01-31,2024-02-01,ENTRY,EXECUTED,21800.0,21821.8,229,4997192.2,749.5788299999999,0.0,4992.199999999833,132059621.37287164,127061679.59404163,20825907.763182297,6724577833050,ENTRY,False
PATTERN_B_ET_REALISTIC_PORTFOLIO_V02_P2_1,PATTERN_B_PROGRESSED_PREVIOUS_STAGE_EARLY_TRANSITION_ONLY_5WINDOW_V01_P2_1_NEW_TEST_001470_KR7001470004_2024-01-31_0001,PATTERN_B_PROGRESSED_PREVIOUS_STAGE_EARLY_TRANSITION_ONLY_5WINDOW_V01_P2_1_NEW_TEST_001470_KR7001470004_2024-01-31_0001,001470,KR7001470004,KOSPI,2024-01-31,2024-02-01,ENTRY,EXECUTED,33376.0,33409.376,149,4977997.023999999,746.6995535999998,0.0,4973.023999999488,127061679.59404163,122082935.87048803,20825907.763182297,407088693222,ENTRY,False
PATTERN_B_ET_REALISTIC_PORTFOLIO_V02_P2_1,PATTERN_B_PROGRESSED_PREVIOUS_STAGE_EARLY_TRANSITION_ONLY_5WINDOW_V01_P2_1_NEW_TEST_322180_KR7322180001_2024-01-31_0002,PATTERN_B_PROGRESSED_PREVIOUS_STAGE_EARLY_TRANSITION_ONLY_5WINDOW_V01_P2_1_NEW_TEST_322180_KR7322180001_2024-01-31_0002,322180,KR7322180001,KOSDAQ,2024-01-31,2024-02-01,ENTRY,EXECUTED,5060.0,5065.0599999999995,987,4999214.22,749.8821329999998,0.0,4994.219999999497,122082935.87048803,117082971.76835503,20825907.763182297,83753738250,ENTRY,False
PATTERN_B_ET_REALISTIC_PORTFOLIO_V02_P2_1,PATTERN_B_PROGRESSED_PREVIOUS_STAGE_EARLY_TRANSITION_ONLY_5WINDOW_V01_P2_1_NEW_TEST_004920_KR7004920005_2024-01-31_0001,PATTERN_B_PROGRESSED_PREVIOUS_STAGE_EARLY_TRANSITION_ONLY_5WINDOW_V01_P2_1_NEW_TEST_004920_KR7004920005_2024-01-31_0001,004920,KR7004920005,KOSPI,2024-01-31,2024-02-01,ENTRY,EXECUTED,1322.0,1323.322,3777,4998187.193999999,749.7280790999998,0.0,4993.193999999581,117082971.76835503,112084034.84627593,20825907.763182297,67488688964,ENTRY,False
PATTERN_B_ET_REALISTIC_PORTFOLIO_V02_P2_1,PATTERN_B_PROGRESSED_PREVIOUS_STAGE_EARLY_TRANSITION_ONLY_5WINDOW_V01_P2_1_NEW_TEST_001470_KR7001470004_2024-01-31_0001,PATTERN_B_PROGRESSED_PREVIOUS_STAGE_EARLY_TRANSITION_ONLY_5WINDOW_V01_P2_1_NEW_TEST_001470_KR7001470004_2024-01-31_0001,001470,KR7001470004,KOSPI,2024-02-29,2024-03-04,EXIT,EXECUTED,40672.0,40631.328,149,6054067.872,908.1101808,0.0,6060.1279999998005,132909942.60945822,132909942.60945822,6053159.761819201,407088693222,,False
PATTERN_B_ET_REALISTIC_PORTFOLIO_V02_P2_1,PATTERN_B_PROGRESSED_PREVIOUS_STAGE_EARLY_TRANSITION_ONLY_5WINDOW_V01_P2_1_NEW_TEST_042660_KR7042660001_2024-01-31_0001,PATTERN_B_PROGRESSED_PREVIOUS_STAGE_EARLY_TRANSITION_ONLY_5WINDOW_V01_P2_1_NEW_TEST_042660_KR7042660001_2024-01-31_0001,042660,KR7042660001,KOSPI,2024-02-29,2024-03-04,EXIT,EXECUTED,23800.0,23776.2,229,5444749.8,816.7124699999999,0.0,5450.199999999833,132909942.60945822,132909942.60945822,11497092.8493492,6724577833050,,False
PATTERN_B_ET_REALISTIC_PORTFOLIO_V02_P2_1,PATTERN_B_PROGRESSED_PREVIOUS_STAGE_EARLY_TRANSITION_ONLY_5WINDOW_V01_P2_1_NEW_TEST_010120_KR7010120004_2024-02-29_0001,PATTERN_B_PROGRESSED_PREVIOUS_STAGE_EARLY_TRANSITION_ONLY_5WINDOW_V01_P2_1_NEW_TEST_010120_KR7010120004_2024-02-29_0001,010120,KR7010120004,KOSPI,2024-02-29,2024-03-04,ENTRY,EXECUTED,12980.0,12992.979999999998,384,4989304.319999999,748.3956479999998,0.0,4984.319999999134,132909942.60945822,127919889.89381023,11497092.8493492,1923000000000,ENTRY,False
PATTERN_B_ET_REALISTIC_PORTFOLIO_V02_P2_1,PATTERN_B_PROGRESSED_PREVIOUS_STAGE_EARLY_TRANSITION_ONLY_5WINDOW_V01_P2_1_NEW_TEST_010120_KR7010120004_2024-02-29_0001,PATTERN_B_PROGRESSED_PREVIOUS_STAGE_EARLY_TRANSITION_ONLY_5WINDOW_V01_P2_1_NEW_TEST_010120_KR7010120004_2024-02-29_0001,010120,KR7010120004,KOSPI,2024-03-29,2024-04-01,EXIT,EXECUTED,19740.0,19720.26,384,7572579.84,1135.8869759999998,0.0,7580.160000000615,139416982.7431594,139416982.7431594,7571443.953024,1923000000000,,False
PATTERN_B_ET_REALISTIC_PORTFOLIO_V02_P2_1,PATTERN_B_PROGRESSED_PREVIOUS_STAGE_EARLY_TRANSITION_ONLY_5WINDOW_V01_P2_1_NEW_TEST_008110_KR7008110009_2023-11-30_0001,PATTERN_B_PROGRESSED_PREVIOUS_STAGE_EARLY_TRANSITION_ONLY_5WINDOW_V01_P2_1_NEW_TEST_008110_KR7008110009_2023-11-30_0001,008110,KR7008110009,KOSPI,2024-04-30,2024-05-02,EXIT,EXECUTED,11950.0,11938.05,707,8440201.35,1266.0302024999999,0.0,8448.650000000514,146988426.6961834,146988426.6961834,8438935.3197975,74062555820,,False
PATTERN_B_ET_REALISTIC_PORTFOLIO_V02_P2_1,PATTERN_B_PROGRESSED_PREVIOUS_STAGE_EARLY_TRANSITION_ONLY_5WINDOW_V01_P2_1_NEW_TEST_179290_KR7179290002_2023-10-31_0001,PATTERN_B_PROGRESSED_PREVIOUS_STAGE_EARLY_TRANSITION_ONLY_5WINDOW_V01_P2_1_NEW_TEST_179290_KR7179290002_2023-10-31_0001,179290,KR7179290002,KOSDAQ,2024-04-30,2024-05-02,EXIT,EXECUTED,7830.0,7822.17,757,5921382.69,888.2074034999999,0.0,5927.309999999945,146988426.6961834,146988426.6961834,14359429.802393999,213342231580,,False
PATTERN_B_ET_REALISTIC_PORTFOLIO_V02_P2_1,PATTERN_B_PROGRESSED_PREVIOUS_STAGE_EARLY_TRANSITION_ONLY_5WINDOW_V01_P2_1_NEW_TEST_023160_KR7023160005_2024-04-30_0001,PATTERN_B_PROGRESSED_PREVIOUS_STAGE_EARLY_TRANSITION_ONLY_5WINDOW_V01_P2_1_NEW_TEST_023160_KR7023160005_2024-04-30_0001,023160,KR7023160005,KOSDAQ,2024-04-30,2024-05-02,ENTRY,EXECUTED,12370.0,12382.369999999999,403,4990095.109999999,748.5142664999998,0.0,4985.1099999995895,146988426.6961834,141997583.0719169,14359429.802393999,329925000000,ENTRY,False
PATTERN_B_ET_REALISTIC_PORTFOLIO_V02_P2_1,PATTERN_B_PROGRESSED_PREVIOUS_STAGE_EARLY_TRANSITION_ONLY_5WINDOW_V01_P2_1_NEW_TEST_084690_KR7084690007_2024-04-30_0001,PATTERN_B_PROGRESSED_PREVIOUS_STAGE_EARLY_TRANSITION_ONLY_5WINDOW_V01_P2_1_NEW_TEST_084690_KR7084690007_2024-04-30_0001,084690,KR7084690007,KOSPI,2024-04-30,2024-05-02,ENTRY,EXECUTED,8630.0,8638.63,578,4993128.14,748.9692209999998,0.0,4988.139999999537,141997583.0719169,137003705.9626959,14359429.802393999,313238453700,ENTRY,False
PATTERN_B_ET_REALISTIC_PORTFOLIO_V02_P2_1,PATTERN_B_PROGRESSED_PREVIOUS_STAGE_EARLY_TRANSITION_ONLY_5WINDOW_V01_P2_1_NEW_TEST_047310_KR7047310008_2024-04-30_0001,PATTERN_B_PROGRESSED_PREVIOUS_STAGE_EARLY_TRANSITION_ONLY_5WINDOW_V01_P2_1_NEW_TEST_047310_KR7047310008_2024-04-30_0001,047310,KR7047310008,KOSDAQ,2024-04-30,2024-05-02,ENTRY,EXECUTED,7950.0,7957.949999999999,628,4997592.6,749.6388899999998,0.0,4992.599999999315,137003705.9626959,132005363.7238059,14359429.802393999,285878744000,ENTRY,True
PATTERN_B_ET_REALISTIC_PORTFOLIO_V02_P2_1,PATTERN_B_PROGRESSED_PREVIOUS_STAGE_EARLY_TRANSITION_ONLY_5WINDOW_V01_P2_1_NEW_TEST_004100_KR7004100004_2024-04-30_0001,PATTERN_B_PROGRESSED_PREVIOUS_STAGE_EARLY_TRANSITION_ONLY_5WINDOW_V01_P2_1_NEW_TEST_004100_KR7004100004_2024-04-30_0001,004100,KR7004100004,KOSPI,2024-04-30,2024-05-02,ENTRY,EXECUTED,2030.0,2032.0299999999997,2460,4998793.8,749.8190699999999,0.0,4993.7999999993735,132005363.7238059,127005820.10473591,14359429.802393999,74134000000,ENTRY,False
PATTERN_B_ET_REALISTIC_PORTFOLIO_V02_P2_1,PATTERN_B_PROGRESSED_PREVIOUS_STAGE_EARLY_TRANSITION_ONLY_5WINDOW_V01_P2_1_NEW_TEST_001620_KR7001620004_2022-05-31_0002,PATTERN_B_PROGRESSED_PREVIOUS_STAGE_EARLY_TRANSITION_ONLY_5WINDOW_V01_P2_1_NEW_TEST_001620_KR7001620004_2022-05-31_0002,001620,KR7001620004,KOSPI,2024-05-31,2024-06-03,EXIT,EXECUTED,3075.0,3071.925,1393,4279191.525,641.87872875,0.0,4283.474999999747,141365249.9071299,141365249.9071299,4278549.64627125,62671350872,,False
PATTERN_B_ET_REALISTIC_PORTFOLIO_V02_P2_1,PATTERN_B_PROGRESSED_PREVIOUS_STAGE_EARLY_TRANSITION_ONLY_5WINDOW_V01_P2_1_NEW_TEST_004100_KR7004100004_2024-04-30_0001,PATTERN_B_PROGRESSED_PREVIOUS_STAGE_EARLY_TRANSITION_ONLY_5WINDOW_V01_P2_1_NEW_TEST_004100_KR7004100004_2024-04-30_0001,004100,KR7004100004,KOSPI,2024-05-31,2024-06-03,EXIT,EXECUTED,2590.0,2587.41,2460,6365028.6,954.7542899999999,0.0,6371.400000000358,141365249.9071299,141365249.9071299,10642623.49198125,74134000000,,False
PATTERN_B_ET_REALISTIC_PORTFOLIO_V02_P2_1,PATTERN_B_PROGRESSED_PREVIOUS_STAGE_EARLY_TRANSITION_ONLY_5WINDOW_V01_P2_1_NEW_TEST_084690_KR7084690007_2024-04-30_0001,PATTERN_B_PROGRESSED_PREVIOUS_STAGE_EARLY_TRANSITION_ONLY_5WINDOW_V01_P2_1_NEW_TEST_084690_KR7084690007_2024-04-30_0001,084690,KR7084690007,KOSPI,2024-05-31,2024-06-03,EXIT,EXECUTED,9350.0,9340.65,578,5398895.7,809.834355,0.0,5404.30000000021,141365249.9071299,141365249.9071299,16040709.357626248,313238453700,,False
PATTERN_B_ET_REALISTIC_PORTFOLIO_V02_P2_1,PATTERN_B_PROGRESSED_PREVIOUS_STAGE_EARLY_TRANSITION_ONLY_5WINDOW_V01_P2_1_NEW_TEST_060280_KR7060280005_2024-05-31_0001,PATTERN_B_PROGRESSED_PREVIOUS_STAGE_EARLY_TRANSITION_ONLY_5WINDOW_V01_P2_1_NEW_TEST_060280_KR7060280005_2024-05-31_0001,060280,KR7060280005,KOSDAQ,2024-05-31,2024-06-03,ENTRY,EXECUTED,10300.0,10310.3,484,4990185.199999999,748.5277799999998,0.0,4985.199999999648,141365249.9071299,136374316.1793499,16040709.357626248,426924996100,ENTRY,True
PATTERN_B_ET_REALISTIC_PORTFOLIO_V02_P2_1,PATTERN_B_PROGRESSED_PREVIOUS_STAGE_EARLY_TRANSITION_ONLY_5WINDOW_V01_P2_1_NEW_TEST_053610_KR7053610002_2024-05-31_0001,PATTERN_B_PROGRESSED_PREVIOUS_STAGE_EARLY_TRANSITION_ONLY_5WINDOW_V01_P2_1_NEW_TEST_053610_KR7053610002_2024-05-31_0001,053610,KR7053610002,KOSDAQ,2024-05-31,2024-06-03,ENTRY,EXECUTED,31100.0,31131.099999999995,160,4980975.999999999,747.1463999999997,0.0,4975.999999999185,136374316.1793499,131392593.0329499,16040709.357626248,347600000000,ENTRY,False
PATTERN_B_ET_REALISTIC_PORTFOLIO_V02_P2_1,PATTERN_B_PROGRESSED_PREVIOUS_STAGE_EARLY_TRANSITION_ONLY_5WINDOW_V01_P2_1_NEW_TEST_117730_KR7117730002_2024-05-31_0001,PATTERN_B_PROGRESSED_PREVIOUS_STAGE_EARLY_TRANSITION_ONLY_5WINDOW_V01_P2_1_NEW_TEST_117730_KR7117730002_2024-05-31_0001,117730,KR7117730002,KOSDAQ,2024-05-31,2024-06-03,ENTRY,EXECUTED,13810.0,13823.809999999998,361,4990395.409999999,748.5593114999998,0.0,4985.4099999991595,131392593.0329499,126401449.06363839,16040709.357626248,246151428000,ENTRY,True
PATTERN_B_ET_REALISTIC_PORTFOLIO_V02_P2_1,PATTERN_B_PROGRESSED_PREVIOUS_STAGE_EARLY_TRANSITION_ONLY_5WINDOW_V01_P2_1_NEW_TEST_079810_KR7079810008_2024-05-31_0001,PATTERN_B_PROGRESSED_PREVIOUS_STAGE_EARLY_TRANSITION_ONLY_5WINDOW_V01_P2_1_NEW_TEST_079810_KR7079810008_2024-05-31_0001,079810,KR7079810008,KOSDAQ,2024-05-31,2024-06-03,ENTRY,EXECUTED,10750.0,10760.749999999998,464,4992987.999999999,748.9481999999998,0.0,4987.999999999156,126401449.06363839,121407712.11543839,16040709.357626248,236802010500,ENTRY,True
PATTERN_B_ET_REALISTIC_PORTFOLIO_V02_P2_1,PATTERN_B_PROGRESSED_PREVIOUS_STAGE_EARLY_TRANSITION_ONLY_5WINDOW_V01_P2_1_NEW_TEST_009270_KR7009270000_2022-06-30_0001,PATTERN_B_PROGRESSED_PREVIOUS_STAGE_EARLY_TRANSITION_ONLY_5WINDOW_V01_P2_1_NEW_TEST_009270_KR7009270000_2022-06-30_0001,009270,KR7009270000,KOSPI,2024-07-31,2024-08-01,EXIT,EXECUTED,1325.0,1323.675,3063,4054416.525,608.1624787499999,0.0,4058.4750000001395,137448421.47306463,137448421.47306463,4053808.36252125,155777165190,,False
PATTERN_B_ET_REALISTIC_PORTFOLIO_V02_P2_1,PATTERN_B_PROGRESSED_PREVIOUS_STAGE_EARLY_TRANSITION_ONLY_5WINDOW_V01_P2_1_NEW_TEST_011090_KR7011090008_2022-08-31_0001,PATTERN_B_PROGRESSED_PREVIOUS_STAGE_EARLY_TRANSITION_ONLY_5WINDOW_V01_P2_1_NEW_TEST_011090_KR7011090008_2022-08-31_0001,011090,KR7011090008,KOSPI,2024-07-31,2024-08-01,EXIT,SKIPPED_NO_EXECUTED_POSITION,,,0,0.0,0.0,0.0,0.0,137448421.47306463,137448421.47306463,0.0,79188966120,ENTRY_WAS_NOT_EXECUTED,False
PATTERN_B_ET_REALISTIC_PORTFOLIO_V02_P2_1,PATTERN_B_PROGRESSED_PREVIOUS_STAGE_EARLY_TRANSITION_ONLY_5WINDOW_V01_P2_1_NEW_TEST_014790_KR7014790000_2022-09-30_0001,PATTERN_B_PROGRESSED_PREVIOUS_STAGE_EARLY_TRANSITION_ONLY_5WINDOW_V01_P2_1_NEW_TEST_014790_KR7014790000_2022-09-30_0001,014790,KR7014790000,KOSPI,2024-07-31,2024-08-01,EXIT,EXECUTED,2740.0,2737.26,1605,4393302.300000001,658.995345,0.0,4397.69999999965,137448421.47306463,137448421.47306463,8446451.66717625,116225905070,,False
PATTERN_B_ET_REALISTIC_PORTFOLIO_V02_P2_1,PATTERN_B_PROGRESSED_PREVIOUS_STAGE_EARLY_TRANSITION_ONLY_5WINDOW_V01_P2_1_NEW_TEST_023160_KR7023160005_2024-04-30_0001,PATTERN_B_PROGRESSED_PREVIOUS_STAGE_EARLY_TRANSITION_ONLY_5WINDOW_V01_P2_1_NEW_TEST_023160_KR7023160005_2024-04-30_0001,023160,KR7023160005,KOSDAQ,2024-07-31,2024-08-01,EXIT,EXECUTED,16210.0,16193.79,403,6526097.37,978.9146054999999,0.0,6532.629999999648,137448421.47306463,137448421.47306463,14971570.12257075,329925000000,,False
PATTERN_B_ET_REALISTIC_PORTFOLIO_V02_P2_1,PATTERN_B_PROGRESSED_PREVIOUS_STAGE_EARLY_TRANSITION_ONLY_5WINDOW_V01_P2_1_NEW_TEST_322180_KR7322180001_2024-01-31_0002,PATTERN_B_PROGRESSED_PREVIOUS_STAGE_EARLY_TRANSITION_ONLY_5WINDOW_V01_P2_1_NEW_TEST_322180_KR7322180001_2024-01-31_0002,322180,KR7322180001,KOSDAQ,2024-07-31,2024-08-01,EXIT,EXECUTED,5730.0,5724.27,987,5649854.49,847.4781734999999,0.0,5655.509999999569,137448421.47306463,137448421.47306463,20620577.13439725,83753738250,,False
PATTERN_B_ET_REALISTIC_PORTFOLIO_V02_P2_1,PATTERN_B_PROGRESSED_PREVIOUS_STAGE_EARLY_TRANSITION_ONLY_5WINDOW_V01_P2_1_NEW_TEST_265520_KR7265520007_2024-07-31_0001,PATTERN_B_PROGRESSED_PREVIOUS_STAGE_EARLY_TRANSITION_ONLY_5WINDOW_V01_P2_1_NEW_TEST_265520_KR7265520007_2024-07-31_0001,265520,KR7265520007,KOSDAQ,2024-07-31,2024-08-01,ENTRY,EXECUTED,21150.0,21171.149999999998,236,4996391.399999999,749.4587099999999,0.0,4991.399999999485,137448421.47306463,132451280.61435463,20620577.13439725,317089485750,ENTRY,True
PATTERN_B_ET_REALISTIC_PORTFOLIO_V02_P2_1,PATTERN_B_PROGRESSED_PREVIOUS_STAGE_EARLY_TRANSITION_ONLY_5WINDOW_V01_P2_1_NEW_TEST_000680_KR7000680009_2024-07-31_0001,PATTERN_B_PROGRESSED_PREVIOUS_STAGE_EARLY_TRANSITION_ONLY_5WINDOW_V01_P2_1_NEW_TEST_000680_KR7000680009_2024-07-31_0001,000680,KR7000680009,KOSPI,2024-07-31,2024-08-01,ENTRY,EXECUTED,3950.0,3953.9499999999994,1264,4997792.799999999,749.6689199999997,0.0,4992.799999999195,132451280.61435463,127452738.14543463,20620577.13439725,312847973520,ENTRY,False
PATTERN_B_ET_REALISTIC_PORTFOLIO_V02_P2_1,PATTERN_B_PROGRESSED_PREVIOUS_STAGE_EARLY_TRANSITION_ONLY_5WINDOW_V01_P2_1_NEW_TEST_054450_KR7054450002_2024-07-31_0001,PATTERN_B_PROGRESSED_PREVIOUS_STAGE_EARLY_TRANSITION_ONLY_5WINDOW_V01_P2_1_NEW_TEST_054450_KR7054450002_2024-07-31_0001,054450,KR7054450002,KOSDAQ,2024-07-31,2024-08-01,ENTRY,EXECUTED,17590.0,17607.589999999997,283,4982947.969999999,747.4421954999998,0.0,4977.969999999012,127452738.14543463,122469042.73323913,20620577.13439725,262601000220,ENTRY,True
PATTERN_B_ET_REALISTIC_PORTFOLIO_V02_P2_1,PATTERN_B_PROGRESSED_PREVIOUS_STAGE_EARLY_TRANSITION_ONLY_5WINDOW_V01_P2_1_NEW_TEST_011330_KR7011330008_2024-07-31_0002,PATTERN_B_PROGRESSED_PREVIOUS_STAGE_EARLY_TRANSITION_ONLY_5WINDOW_V01_P2_1_NEW_TEST_011330_KR7011330008_2024-07-31_0002,011330,KR7011330008,KOSPI,2024-07-31,2024-08-01,ENTRY,EXECUTED,15580.0,15595.579999999998,320,4990585.6,748.5878399999999,0.0,4985.599999999395,122469042.73323913,117477708.54539913,20620577.13439725,150745428898,ENTRY,False
PATTERN_B_ET_REALISTIC_PORTFOLIO_V02_P2_1,PATTERN_B_PROGRESSED_PREVIOUS_STAGE_EARLY_TRANSITION_ONLY_5WINDOW_V01_P2_1_NEW_TEST_065510_KR7065510000_2024-07-31_0001,PATTERN_B_PROGRESSED_PREVIOUS_STAGE_EARLY_TRANSITION_ONLY_5WINDOW_V01_P2_1_NEW_TEST_065510_KR7065510000_2024-07-31_0001,065510,KR7065510000,KOSDAQ,2024-07-31,2024-08-01,ENTRY,EXECUTED,10700.0,10710.699999999999,466,4991186.199999999,748.6779299999998,0.0,4986.199999999491,117477708.54539913,112485773.66746913,20620577.13439725,130470050830,ENTRY,True
PATTERN_B_ET_REALISTIC_PORTFOLIO_V02_P2_1,PATTERN_B_PROGRESSED_PREVIOUS_STAGE_EARLY_TRANSITION_ONLY_5WINDOW_V01_P2_1_NEW_TEST_096630_KR7096630009_2024-07-31_0001,PATTERN_B_PROGRESSED_PREVIOUS_STAGE_EARLY_TRANSITION_ONLY_5WINDOW_V01_P2_1_NEW_TEST_096630_KR7096630009_2024-07-31_0001,096630,KR7096630009,KOSDAQ,2024-07-31,2024-08-01,ENTRY,EXECUTED,5915.0,5920.914999999999,844,4997252.259999999,749.5878389999998,0.0,4992.259999999202,112485773.66746913,107487771.81963013,20620577.13439725,94388332770,ENTRY,True
PATTERN_B_ET_REALISTIC_PORTFOLIO_V02_P2_1,PATTERN_B_PROGRESSED_PREVIOUS_STAGE_EARLY_TRANSITION_ONLY_5WINDOW_V01_P2_1_NEW_TEST_019490_KR7019490002_2022-02-28_0002,PATTERN_B_PROGRESSED_PREVIOUS_STAGE_EARLY_TRANSITION_ONLY_5WINDOW_V01_P2_1_NEW_TEST_019490_KR7019490002_2022-02-28_0002,019490,KR7019490002,KOSPI,2024-09-30,2024-10-02,EXIT,EXECUTED,3920.0,3916.08,1911,7483628.88,1122.544332,0.0,7491.120000000139,128108348.95402738,128108348.95402738,7482506.335667999,35465416560,,False
PATTERN_B_ET_REALISTIC_PORTFOLIO_V02_P2_1,PATTERN_B_PROGRESSED_PREVIOUS_STAGE_EARLY_TRANSITION_ONLY_5WINDOW_V01_P2_1_NEW_TEST_093240_KR7093240000_2022-05-31_0001,PATTERN_B_PROGRESSED_PREVIOUS_STAGE_EARLY_TRANSITION_ONLY_5WINDOW_V01_P2_1_NEW_TEST_093240_KR7093240000_2022-05-31_0001,093240,KR7093240000,KOSPI,2024-09-30,2024-10-02,EXIT,EXECUTED,1711.0,1709.289,2942,5028728.238,754.3092356999999,0.0,5033.762000000037,128108348.95402738,128108348.95402738,12510480.2644323,60751856100,,False
PATTERN_B_ET_REALISTIC_PORTFOLIO_V02_P2_1,PATTERN_B_PROGRESSED_PREVIOUS_STAGE_EARLY_TRANSITION_ONLY_5WINDOW_V01_P2_1_NEW_TEST_226950_KR7226950004_2022-05-31_0001,PATTERN_B_PROGRESSED_PREVIOUS_STAGE_EARLY_TRANSITION_ONLY_5WINDOW_V01_P2_1_NEW_TEST_226950_KR7226950004_2022-05-31_0001,226950,KR7226950004,KOSDAQ,2024-09-30,2024-10-02,EXIT,EXECUTED,16150.0,16133.85,220,3549447.0,532.4170499999999,0.0,3552.99999999992,128108348.95402738,128108348.95402738,16059394.8473823,307635942000,,False
PATTERN_B_ET_REALISTIC_PORTFOLIO_V02_P2_1,PATTERN_B_PROGRESSED_PREVIOUS_STAGE_EARLY_TRANSITION_ONLY_5WINDOW_V01_P2_1_NEW_TEST_065350_KR7065350001_2024-09-30_0001,PATTERN_B_PROGRESSED_PREVIOUS_STAGE_EARLY_TRANSITION_ONLY_5WINDOW_V01_P2_1_NEW_TEST_065350_KR7065350001_2024-09-30_0001,065350,KR7065350001,KOSDAQ,2024-09-30,2024-10-02,ENTRY,EXECUTED,46500.0,46546.49999999999,107,4980475.499999999,747.0713249999998,0.0,4975.4999999992215,128108348.95402738,123127126.38270238,16059394.8473823,1291745556000,ENTRY,False
PATTERN_B_ET_REALISTIC_PORTFOLIO_V02_P2_1,PATTERN_B_PROGRESSED_PREVIOUS_STAGE_EARLY_TRANSITION_ONLY_5WINDOW_V01_P2_1_NEW_TEST_140410_KR7140410002_2024-09-30_0001,PATTERN_B_PROGRESSED_PREVIOUS_STAGE_EARLY_TRANSITION_ONLY_5WINDOW_V01_P2_1_NEW_TEST_140410_KR7140410002_2024-09-30_0001,140410,KR7140410002,KOSDAQ,2024-09-30,2024-10-02,ENTRY,EXECUTED,27000.0,27026.999999999996,184,4972967.999999999,745.9451999999998,0.0,4967.999999999331,123127126.38270238,118153412.43750238,16059394.8473823,811886677800,ENTRY,False
PATTERN_B_ET_REALISTIC_PORTFOLIO_V02_P2_1,PATTERN_B_PROGRESSED_PREVIOUS_STAGE_EARLY_TRANSITION_ONLY_5WINDOW_V01_P2_1_NEW_TEST_006110_KR7006110001_2024-09-30_0001,PATTERN_B_PROGRESSED_PREVIOUS_STAGE_EARLY_TRANSITION_ONLY_5WINDOW_V01_P2_1_NEW_TEST_006110_KR7006110001_2024-09-30_0001,006110,KR7006110001,KOSPI,2024-09-30,2024-10-02,ENTRY,EXECUTED,50800.0,50850.799999999996,98,4983378.399999999,747.5067599999999,0.0,4978.399999999572,118153412.43750238,113169286.53074238,16059394.8473823,750307716000,ENTRY,True
PATTERN_B_ET_REALISTIC_PORTFOLIO_V02_P2_1,PATTERN_B_PROGRESSED_PREVIOUS_STAGE_EARLY_TRANSITION_ONLY_5WINDOW_V01_P2_1_NEW_TEST_108860_KR7108860008_2024-09-30_0001,PATTERN_B_PROGRESSED_PREVIOUS_STAGE_EARLY_TRANSITION_ONLY_5WINDOW_V01_P2_1_NEW_TEST_108860_KR7108860008_2024-09-30_0001,108860,KR7108860008,KOSDAQ,2024-09-30,2024-10-02,ENTRY,EXECUTED,11160.0,11171.159999999998,447,4993508.52,749.0262779999998,0.0,4988.519999999122,113169286.53074238,108175028.98446438,16059394.8473823,304137127000,ENTRY,False
PATTERN_B_ET_REALISTIC_PORTFOLIO_V02_P2_1,PATTERN_B_PROGRESSED_PREVIOUS_STAGE_EARLY_TRANSITION_ONLY_5WINDOW_V01_P2_1_NEW_TEST_056080_KR7056080005_2024-09-30_0001,PATTERN_B_PROGRESSED_PREVIOUS_STAGE_EARLY_TRANSITION_ONLY_5WINDOW_V01_P2_1_NEW_TEST_056080_KR7056080005_2024-09-30_0001,056080,KR7056080005,KOSDAQ,2024-09-30,2024-10-02,ENTRY,EXECUTED,6030.0,6036.03,828,4997832.84,749.6749259999999,0.0,4992.839999999789,108175028.98446438,103176446.46953838,16059394.8473823,226198276560,ENTRY,False
PATTERN_B_ET_REALISTIC_PORTFOLIO_V02_P2_1,PATTERN_B_PROGRESSED_PREVIOUS_STAGE_EARLY_TRANSITION_ONLY_5WINDOW_V01_P2_1_NEW_TEST_078350_KR7078350006_2024-09-30_0001,PATTERN_B_PROGRESSED_PREVIOUS_STAGE_EARLY_TRANSITION_ONLY_5WINDOW_V01_P2_1_NEW_TEST_078350_KR7078350006_2024-09-30_0001,078350,KR7078350006,KOSDAQ,2024-09-30,2024-10-02,ENTRY,EXECUTED,13200.0,13213.199999999999,378,4994589.6,749.1884399999999,0.0,4989.599999999587,103176446.46953838,98181107.68109837,16059394.8473823,209305364860,ENTRY,True
PATTERN_B_ET_REALISTIC_PORTFOLIO_V02_P2_1,PATTERN_B_PROGRESSED_PREVIOUS_STAGE_EARLY_TRANSITION_ONLY_5WINDOW_V01_P2_1_NEW_TEST_102120_KR7102120003_2024-09-30_0001,PATTERN_B_PROGRESSED_PREVIOUS_STAGE_EARLY_TRANSITION_ONLY_5WINDOW_V01_P2_1_NEW_TEST_102120_KR7102120003_2024-09-30_0001,102120,KR7102120003,KOSDAQ,2024-09-30,2024-10-02,ENTRY,EXECUTED,10850.0,10860.849999999999,460,4995990.999999999,749.3986499999997,0.0,4990.999999999331,98181107.68109837,93184367.28244837,16059394.8473823,197721973360,ENTRY,False
PATTERN_B_ET_REALISTIC_PORTFOLIO_V02_P2_1,PATTERN_B_PROGRESSED_PREVIOUS_STAGE_EARLY_TRANSITION_ONLY_5WINDOW_V01_P2_1_NEW_TEST_093640_KR7093640001_2024-09-30_0001,PATTERN_B_PROGRESSED_PREVIOUS_STAGE_EARLY_TRANSITION_ONLY_5WINDOW_V01_P2_1_NEW_TEST_093640_KR7093640001_2024-09-30_0001,093640,KR7093640001,KOSDAQ,2024-09-30,2024-10-02,ENTRY,EXECUTED,5200.0,5205.2,960,4996992.0,749.5487999999999,0.0,4991.999999999825,93184367.28244837,88186625.73364836,16059394.8473823,173069415400,ENTRY,True
PATTERN_B_ET_REALISTIC_PORTFOLIO_V02_P2_1,PATTERN_B_PROGRESSED_PREVIOUS_STAGE_EARLY_TRANSITION_ONLY_5WINDOW_V01_P2_1_NEW_TEST_010100_KR7010100006_2024-09-30_0001,PATTERN_B_PROGRESSED_PREVIOUS_STAGE_EARLY_TRANSITION_ONLY_5WINDOW_V01_P2_1_NEW_TEST_010100_KR7010100006_2024-09-30_0001,010100,KR7010100006,KOSPI,2024-09-30,2024-10-02,ENTRY,EXECUTED,3825.0,3828.8249999999994,1305,4996616.624999999,749.4924937499998,0.0,4991.624999999169,88186625.73364836,83189259.61615461,16059394.8473823,117234117000,ENTRY,False
PATTERN_B_ET_REALISTIC_PORTFOLIO_V02_P2_1,PATTERN_B_PROGRESSED_PREVIOUS_STAGE_EARLY_TRANSITION_ONLY_5WINDOW_V01_P2_1_NEW_TEST_103840_KR7103840005_2024-09-30_0001,PATTERN_B_PROGRESSED_PREVIOUS_STAGE_EARLY_TRANSITION_ONLY_5WINDOW_V01_P2_1_NEW_TEST_103840_KR7103840005_2024-09-30_0001,103840,KR7103840005,KOSDAQ,2024-09-30,2024-10-02,ENTRY,EXECUTED,4385.0,4389.384999999999,1138,4995120.129999999,749.2680194999998,0.0,4990.129999999213,83189259.61615461,78193390.21813512,16059394.8473823,73403429580,ENTRY,True
PATTERN_B_ET_REALISTIC_PORTFOLIO_V02_P2_1,PATTERN_B_PROGRESSED_PREVIOUS_STAGE_EARLY_TRANSITION_ONLY_5WINDOW_V01_P2_1_NEW_TEST_011330_KR7011330008_2024-07-31_0002,PATTERN_B_PROGRESSED_PREVIOUS_STAGE_EARLY_TRANSITION_ONLY_5WINDOW_V01_P2_1_NEW_TEST_011330_KR7011330008_2024-07-31_0002,011330,KR7011330008,KOSPI,2024-10-31,2024-11-01,EXIT,EXECUTED,15280.0,15264.72,320,4884710.399999999,732.7065599999999,0.0,4889.60000000021,94252785.06551743,94252785.06551743,4883977.69344,150745428898,,False
PATTERN_B_ET_REALISTIC_PORTFOLIO_V02_P2_1,PATTERN_B_PROGRESSED_PREVIOUS_STAGE_EARLY_TRANSITION_ONLY_5WINDOW_V01_P2_1_NEW_TEST_053610_KR7053610002_2024-05-31_0001,PATTERN_B_PROGRESSED_PREVIOUS_STAGE_EARLY_TRANSITION_ONLY_5WINDOW_V01_P2_1_NEW_TEST_053610_KR7053610002_2024-05-31_0001,053610,KR7053610002,KOSDAQ,2024-10-31,2024-11-01,EXIT,EXECUTED,32900.0,32867.1,160,5258736.0,788.8104,0.0,5264.000000000233,94252785.06551743,94252785.06551743,10141924.88304,347600000000,,False
PATTERN_B_ET_REALISTIC_PORTFOLIO_V02_P2_1,PATTERN_B_PROGRESSED_PREVIOUS_STAGE_EARLY_TRANSITION_ONLY_5WINDOW_V01_P2_1_NEW_TEST_140410_KR7140410002_2024-09-30_0001,PATTERN_B_PROGRESSED_PREVIOUS_STAGE_EARLY_TRANSITION_ONLY_5WINDOW_V01_P2_1_NEW_TEST_140410_KR7140410002_2024-09-30_0001,140410,KR7140410002,KOSDAQ,2024-10-31,2024-11-01,EXIT,EXECUTED,35300.0,35264.7,184,6488704.8,973.3057199999998,0.0,6495.2000000005355,94252785.06551743,94252785.06551743,16629656.377319999,811886677800,,False
PATTERN_B_ET_REALISTIC_PORTFOLIO_V02_P2_1,PATTERN_B_PROGRESSED_PREVIOUS_STAGE_EARLY_TRANSITION_ONLY_5WINDOW_V01_P2_1_NEW_TEST_086520_KR7086520004_2024-10-31_0001,PATTERN_B_PROGRESSED_PREVIOUS_STAGE_EARLY_TRANSITION_ONLY_5WINDOW_V01_P2_1_NEW_TEST_086520_KR7086520004_2024-10-31_0001,086520,KR7086520004,KOSDAQ,2024-10-31,2024-11-01,ENTRY,EXECUTED,75930.0,76005.93,65,4940385.449999999,741.0578174999998,0.0,4935.449999999546,94252785.06551743,89311658.55769992,16629656.377319999,10517928860000,ENTRY,True
PATTERN_B_ET_REALISTIC_PORTFOLIO_V02_P2_1,PATTERN_B_PROGRESSED_PREVIOUS_STAGE_EARLY_TRANSITION_ONLY_5WINDOW_V01_P2_1_NEW_TEST_131970_KR7131970006_2024-10-31_0001,PATTERN_B_PROGRESSED_PREVIOUS_STAGE_EARLY_TRANSITION_ONLY_5WINDOW_V01_P2_1_NEW_TEST_131970_KR7131970006_2024-10-31_0001,131970,KR7131970006,KOSDAQ,2024-10-31,2024-11-01,ENTRY,EXECUTED,29700.0,29729.699999999997,168,4994589.6,749.1884399999999,0.0,4989.599999999511,89311658.55769992,84316319.76925991,16629656.377319999,510196980000,ENTRY,True
PATTERN_B_ET_REALISTIC_PORTFOLIO_V02_P2_1,PATTERN_B_PROGRESSED_PREVIOUS_STAGE_EARLY_TRANSITION_ONLY_5WINDOW_V01_P2_1_NEW_TEST_080220_KR7080220007_2024-10-31_0001,PATTERN_B_PROGRESSED_PREVIOUS_STAGE_EARLY_TRANSITION_ONLY_5WINDOW_V01_P2_1_NEW_TEST_080220_KR7080220007_2024-10-31_0001,080220,KR7080220007,KOSDAQ,2024-10-31,2024-11-01,ENTRY,EXECUTED,11970.0,11981.97,417,4996481.489999999,749.4722234999998,0.0,4991.489999999727,84316319.76925991,79319088.80703641,16629656.377319999,417447135960,ENTRY,False
PATTERN_B_ET_REALISTIC_PORTFOLIO_V02_P2_1,PATTERN_B_PROGRESSED_PREVIOUS_STAGE_EARLY_TRANSITION_ONLY_5WINDOW_V01_P2_1_NEW_TEST_003960_KR7003960002_2024-10-31_0001,PATTERN_B_PROGRESSED_PREVIOUS_STAGE_EARLY_TRANSITION_ONLY_5WINDOW_V01_P2_1_NEW_TEST_003960_KR7003960002_2024-10-31_0001,003960,KR7003960002,KOSPI,2024-10-31,2024-11-01,ENTRY,EXECUTED,43500.0,43543.49999999999,114,4963958.999999999,744.5938499999997,0.0,4958.9999999991705,79319088.80703641,74354385.21318641,16629656.377319999,401861877950,ENTRY,True
PATTERN_B_ET_REALISTIC_PORTFOLIO_V02_P2_1,PATTERN_B_PROGRESSED_PREVIOUS_STAGE_EARLY_TRANSITION_ONLY_5WINDOW_V01_P2_1_NEW_TEST_084690_KR7084690007_2024-10-31_0002,PATTERN_B_PROGRESSED_PREVIOUS_STAGE_EARLY_TRANSITION_ONLY_5WINDOW_V01_P2_1_NEW_TEST_084690_KR7084690007_2024-10-31_0002,084690,KR7084690007,KOSPI,2024-10-31,2024-11-01,ENTRY,EXECUTED,8680.0,8688.679999999998,575,4995990.999999999,749.3986499999997,0.0,4990.999999999121,74354385.21318641,69357644.81453641,16629656.377319999,317946083640,ENTRY,False
PATTERN_B_ET_REALISTIC_PORTFOLIO_V02_P2_1,PATTERN_B_PROGRESSED_PREVIOUS_STAGE_EARLY_TRANSITION_ONLY_5WINDOW_V01_P2_1_NEW_TEST_094360_KR7094360005_2024-10-31_0001,PATTERN_B_PROGRESSED_PREVIOUS_STAGE_EARLY_TRANSITION_ONLY_5WINDOW_V01_P2_1_NEW_TEST_094360_KR7094360005_2024-10-31_0001,094360,KR7094360005,KOSDAQ,2024-10-31,2024-11-01,ENTRY,EXECUTED,13730.0,13743.729999999998,363,4988973.989999999,748.3460984999998,0.0,4983.989999999181,69357644.81453641,64367922.47843791,16629656.377319999,292356660960,ENTRY,False
PATTERN_B_ET_REALISTIC_PORTFOLIO_V02_P2_1,PATTERN_B_PROGRESSED_PREVIOUS_STAGE_EARLY_TRANSITION_ONLY_5WINDOW_V01_P2_1_NEW_TEST_322310_KR7322310004_2024-10-31_0001,PATTERN_B_PROGRESSED_PREVIOUS_STAGE_EARLY_TRANSITION_ONLY_5WINDOW_V01_P2_1_NEW_TEST_322310_KR7322310004_2024-10-31_0001,322310,KR7322310004,KOSDAQ,2024-10-31,2024-11-01,ENTRY,EXECUTED,16890.0,16906.89,295,4987532.55,748.1298824999999,0.0,4982.549999999828,64367922.47843791,59379641.79855541,16629656.377319999,158856552320,ENTRY,False
PATTERN_B_ET_REALISTIC_PORTFOLIO_V02_P2_1,PATTERN_B_PROGRESSED_PREVIOUS_STAGE_EARLY_TRANSITION_ONLY_5WINDOW_V01_P2_1_NEW_TEST_317690_KR7317690006_2024-10-31_0001,PATTERN_B_PROGRESSED_PREVIOUS_STAGE_EARLY_TRANSITION_ONLY_5WINDOW_V01_P2_1_NEW_TEST_317690_KR7317690006_2024-10-31_0001,317690,KR7317690006,KOSDAQ,2024-10-31,2024-11-01,ENTRY,EXECUTED,7310.0,7317.3099999999995,683,4997722.7299999995,749.6584094999998,0.0,4992.729999999652,59379641.79855541,54381169.41014591,16629656.377319999,121219222630,ENTRY,True
PATTERN_B_ET_REALISTIC_PORTFOLIO_V02_P2_1,PATTERN_B_PROGRESSED_PREVIOUS_STAGE_EARLY_TRANSITION_ONLY_5WINDOW_V01_P2_1_NEW_TEST_091440_KR7091440008_2024-10-31_0001,PATTERN_B_PROGRESSED_PREVIOUS_STAGE_EARLY_TRANSITION_ONLY_5WINDOW_V01_P2_1_NEW_TEST_091440_KR7091440008_2024-10-31_0001,091440,KR7091440008,KOSDAQ,2024-10-31,2024-11-01,ENTRY,EXECUTED,4960.0,4964.959999999999,1006,4994749.759999999,749.2124639999997,0.0,4989.759999999122,54381169.41014591,49385670.43768191,16629656.377319999,74347955390,ENTRY,True
PATTERN_B_ET_REALISTIC_PORTFOLIO_V02_P2_1,PATTERN_B_PROGRESSED_PREVIOUS_STAGE_EARLY_TRANSITION_ONLY_5WINDOW_V01_P2_1_NEW_TEST_004920_KR7004920005_2024-01-31_0001,PATTERN_B_PROGRESSED_PREVIOUS_STAGE_EARLY_TRANSITION_ONLY_5WINDOW_V01_P2_1_NEW_TEST_004920_KR7004920005_2024-01-31_0001,004920,KR7004920005,KOSPI,2024-11-29,2024-12-02,EXIT,EXECUTED,1288.0,1286.712,3777,4859911.224,728.9866836,0.0,4864.776000000042,66015326.81500191,66015326.81500191,4859182.237316401,67488688964,,False
PATTERN_B_ET_REALISTIC_PORTFOLIO_V02_P2_1,PATTERN_B_PROGRESSED_PREVIOUS_STAGE_EARLY_TRANSITION_ONLY_5WINDOW_V01_P2_1_NEW_TEST_002460_KR7002460004_2022-09-30_0001,PATTERN_B_PROGRESSED_PREVIOUS_STAGE_EARLY_TRANSITION_ONLY_5WINDOW_V01_P2_1_NEW_TEST_002460_KR7002460004_2022-09-30_0001,002460,KR7002460004,KOSPI,2024-12-30,2025-01-02,EXIT,EXECUTED,9690.0,9680.31,425,4114131.75,617.1197625,0.0,4118.2500000002165,70874509.05231832,70874509.05231832,4113514.6302375,120277500000,,False
PATTERN_B_ET_REALISTIC_PORTFOLIO_V02_P2_1,PATTERN_B_PROGRESSED_PREVIOUS_STAGE_EARLY_TRANSITION_ONLY_5WINDOW_V01_P2_1_NEW_TEST_056080_KR7056080005_2024-09-30_0001,PATTERN_B_PROGRESSED_PREVIOUS_STAGE_EARLY_TRANSITION_ONLY_5WINDOW_V01_P2_1_NEW_TEST_056080_KR7056080005_2024-09-30_0001,056080,KR7056080005,KOSDAQ,2024-12-30,2025-01-02,EXIT,EXECUTED,6850.0,6843.15,828,5666128.199999999,849.9192299999999,0.0,5671.800000000301,70874509.05231832,70874509.05231832,9778792.9110075,226198276560,,False
PATTERN_B_ET_REALISTIC_PORTFOLIO_V02_P2_1,PATTERN_B_PROGRESSED_PREVIOUS_STAGE_EARLY_TRANSITION_ONLY_5WINDOW_V01_P2_1_NEW_TEST_065350_KR7065350001_2024-09-30_0001,PATTERN_B_PROGRESSED_PREVIOUS_STAGE_EARLY_TRANSITION_ONLY_5WINDOW_V01_P2_1_NEW_TEST_065350_KR7065350001_2024-09-30_0001,065350,KR7065350001,KOSDAQ,2024-12-30,2025-01-02,EXIT,EXECUTED,116300.0,116183.7,107,12431655.9,1864.7483849999999,0.0,12444.100000000311,70874509.05231832,70874509.05231832,22208584.062622502,1291745556000,,False
PATTERN_B_ET_REALISTIC_PORTFOLIO_V02_P2_1,PATTERN_B_PROGRESSED_PREVIOUS_STAGE_EARLY_TRANSITION_ONLY_5WINDOW_V01_P2_1_NEW_TEST_084690_KR7084690007_2024-10-31_0002,PATTERN_B_PROGRESSED_PREVIOUS_STAGE_EARLY_TRANSITION_ONLY_5WINDOW_V01_P2_1_NEW_TEST_084690_KR7084690007_2024-10-31_0002,084690,KR7084690007,KOSPI,2024-12-30,2025-01-02,EXIT,EXECUTED,10220.0,10209.78,575,5870623.5,880.5935249999999,0.0,5876.4999999996235,70874509.05231832,70874509.05231832,28078326.969097503,317946083640,,False
PATTERN_B_ET_REALISTIC_PORTFOLIO_V02_P2_1,PATTERN_B_PROGRESSED_PREVIOUS_STAGE_EARLY_TRANSITION_ONLY_5WINDOW_V01_P2_1_NEW_TEST_108860_KR7108860008_2024-09-30_0001,PATTERN_B_PROGRESSED_PREVIOUS_STAGE_EARLY_TRANSITION_ONLY_5WINDOW_V01_P2_1_NEW_TEST_108860_KR7108860008_2024-09-30_0001,108860,KR7108860008,KOSDAQ,2024-12-30,2025-01-02,EXIT,EXECUTED,11700.0,11688.3,447,5224670.1,783.7005149999999,0.0,5229.900000000325,70874509.05231832,70874509.05231832,33302213.368582502,304137127000,,False
PATTERN_B_ET_REALISTIC_PORTFOLIO_V02_P2_1,PATTERN_B_PROGRESSED_PREVIOUS_STAGE_EARLY_TRANSITION_ONLY_5WINDOW_V01_P2_1_NEW_TEST_058470_KR7058470006_2024-12-30_0001,PATTERN_B_PROGRESSED_PREVIOUS_STAGE_EARLY_TRANSITION_ONLY_5WINDOW_V01_P2_1_NEW_TEST_058470_KR7058470006_2024-12-30_0001,058470,KR7058470006,KOSDAQ,2024-12-30,2025-01-02,ENTRY,EXECUTED,38043.0,38081.043,131,4988616.632999999,748.2924949499999,0.0,4983.632999999718,70874509.05231832,65885144.12682337,33302213.368582502,2920438092000,ENTRY,False
PATTERN_B_ET_REALISTIC_PORTFOLIO_V02_P2_1,PATTERN_B_PROGRESSED_PREVIOUS_STAGE_EARLY_TRANSITION_ONLY_5WINDOW_V01_P2_1_NEW_TEST_036830_KR7036830008_2024-12-30_0001,PATTERN_B_PROGRESSED_PREVIOUS_STAGE_EARLY_TRANSITION_ONLY_5WINDOW_V01_P2_1_NEW_TEST_036830_KR7036830008_2024-12-30_0001,036830,KR7036830008,KOSDAQ,2024-12-30,2025-01-02,ENTRY,EXECUTED,35750.0,35785.74999999999,139,4974219.249999999,746.1328874999998,0.0,4969.249999998989,65885144.12682337,60910178.743935876,33302213.368582502,756802421600,ENTRY,True
PATTERN_B_ET_REALISTIC_PORTFOLIO_V02_P2_1,PATTERN_B_PROGRESSED_PREVIOUS_STAGE_EARLY_TRANSITION_ONLY_5WINDOW_V01_P2_1_NEW_TEST_083450_KR7083450007_2024-12-30_0001,PATTERN_B_PROGRESSED_PREVIOUS_STAGE_EARLY_TRANSITION_ONLY_5WINDOW_V01_P2_1_NEW_TEST_083450_KR7083450007_2024-12-30_0001,083450,KR7083450007,KOSDAQ,2024-12-30,2025-01-02,ENTRY,EXECUTED,16690.0,16706.69,299,4995300.31,749.2950464999999,0.0,4990.309999999608,60910178.743935876,55914129.13888937,33302213.368582502,311669672400,ENTRY,False
PATTERN_B_ET_REALISTIC_PORTFOLIO_V02_P2_1,PATTERN_B_PROGRESSED_PREVIOUS_STAGE_EARLY_TRANSITION_ONLY_5WINDOW_V01_P2_1_NEW_TEST_148150_KR7148150006_2024-12-30_0001,PATTERN_B_PROGRESSED_PREVIOUS_STAGE_EARLY_TRANSITION_ONLY_5WINDOW_V01_P2_1_NEW_TEST_148150_KR7148150006_2024-12-30_0001,148150,KR7148150006,KOSDAQ,2024-12-30,2025-01-02,ENTRY,EXECUTED,8270.0,8278.269999999999,603,4991796.81,748.7695214999999,0.0,4986.809999999166,55914129.13888937,50921583.55936787,33302213.368582502,295848539250,ENTRY,False
PATTERN_B_ET_REALISTIC_PORTFOLIO_V02_P2_1,PATTERN_B_PROGRESSED_PREVIOUS_STAGE_EARLY_TRANSITION_ONLY_5WINDOW_V01_P2_1_NEW_TEST_054950_KR7054950001_2024-12-30_0001,PATTERN_B_PROGRESSED_PREVIOUS_STAGE_EARLY_TRANSITION_ONLY_5WINDOW_V01_P2_1_NEW_TEST_054950_KR7054950001_2024-12-30_0001,054950,KR7054950001,KOSDAQ,2024-12-30,2025-01-02,ENTRY,EXECUTED,19060.0,19079.059999999998,262,4998713.72,749.8070579999999,0.0,4993.71999999939,50921583.55936787,45922120.032309875,33302213.368582502,230433341520,ENTRY,False
PATTERN_B_ET_REALISTIC_PORTFOLIO_V02_P2_1,PATTERN_B_PROGRESSED_PREVIOUS_STAGE_EARLY_TRANSITION_ONLY_5WINDOW_V01_P2_1_NEW_TEST_009470_KR7009470006_2024-12-30_0002,PATTERN_B_PROGRESSED_PREVIOUS_STAGE_EARLY_TRANSITION_ONLY_5WINDOW_V01_P2_1_NEW_TEST_009470_KR7009470006_2024-12-30_0002,009470,KR7009470006,KOSPI,2024-12-30,2025-01-02,ENTRY,EXECUTED,31000.0,31030.999999999996,161,4995990.999999999,749.3986499999997,0.0,4990.999999999414,45922120.032309875,40925379.63365988,33302213.368582502,206351184000,ENTRY,False
PATTERN_B_ET_REALISTIC_PORTFOLIO_V02_P2_1,PATTERN_B_PROGRESSED_PREVIOUS_STAGE_EARLY_TRANSITION_ONLY_5WINDOW_V01_P2_1_NEW_TEST_000680_KR7000680009_2024-07-31_0001,PATTERN_B_PROGRESSED_PREVIOUS_STAGE_EARLY_TRANSITION_ONLY_5WINDOW_V01_P2_1_NEW_TEST_000680_KR7000680009_2024-07-31_0001,000680,KR7000680009,KOSPI,2025-01-31,2025-02-03,EXIT,EXECUTED,3725.0,3721.275,1264,4703691.600000001,705.5537400000001,0.0,4708.399999999885,74227593.00224239,74227593.00224239,4702986.04626,312847973520,,False
PATTERN_B_ET_REALISTIC_PORTFOLIO_V02_P2_1,PATTERN_B_PROGRESSED_PREVIOUS_STAGE_EARLY_TRANSITION_ONLY_5WINDOW_V01_P2_1_NEW_TEST_008600_KR7008600009_2022-05-31_0001,PATTERN_B_PROGRESSED_PREVIOUS_STAGE_EARLY_TRANSITION_ONLY_5WINDOW_V01_P2_1_NEW_TEST_008600_KR7008600009_2022-05-31_0001,008600,KR7008600009,KOSPI,2025-01-31,2025-02-03,EXIT,EXECUTED,7922.0,7914.078,407,3221029.7460000003,483.1544619,0.0,3224.2539999998253,74227593.00224239,74227593.00224239,7923532.637798101,80010886410,,False
PATTERN_B_ET_REALISTIC_PORTFOLIO_V02_P2_1,PATTERN_B_PROGRESSED_PREVIOUS_STAGE_EARLY_TRANSITION_ONLY_5WINDOW_V01_P2_1_NEW_TEST_009470_KR7009470006_2024-12-30_0002,PATTERN_B_PROGRESSED_PREVIOUS_STAGE_EARLY_TRANSITION_ONLY_5WINDOW_V01_P2_1_NEW_TEST_009470_KR7009470006_2024-12-30_0002,009470,KR7009470006,KOSPI,2025-01-31,2025-02-03,EXIT,EXECUTED,37000.0,36963.0,161,5951043.0,892.65645,0.0,5957.0,74227593.00224239,74227593.00224239,13873682.981348101,206351184000,,False
PATTERN_B_ET_REALISTIC_PORTFOLIO_V02_P2_1,PATTERN_B_PROGRESSED_PREVIOUS_STAGE_EARLY_TRANSITION_ONLY_5WINDOW_V01_P2_1_NEW_TEST_010100_KR7010100006_2024-09-30_0001,PATTERN_B_PROGRESSED_PREVIOUS_STAGE_EARLY_TRANSITION_ONLY_5WINDOW_V01_P2_1_NEW_TEST_010100_KR7010100006_2024-09-30_0001,010100,KR7010100006,KOSPI,2025-01-31,2025-02-03,EXIT,EXECUTED,5990.0,5984.01,1305,7809133.050000001,1171.3699575,0.0,7816.949999999715,74227593.00224239,74227593.00224239,21681644.661390603,117234117000,,False
PATTERN_B_ET_REALISTIC_PORTFOLIO_V02_P2_1,PATTERN_B_PROGRESSED_PREVIOUS_STAGE_EARLY_TRANSITION_ONLY_5WINDOW_V01_P2_1_NEW_TEST_015020_KR7015020001_2022-02-28_0001,PATTERN_B_PROGRESSED_PREVIOUS_STAGE_EARLY_TRANSITION_ONLY_5WINDOW_V01_P2_1_NEW_TEST_015020_KR7015020001_2022-02-28_0001,015020,KR7015020001,KOSPI,2025-01-31,2025-02-03,EXIT,EXECUTED,2558.0,2555.442,1372,3506066.424,525.9099636,0.0,3509.57599999999,74227593.00224239,74227593.00224239,25187185.175427005,78846944000,,False
PATTERN_B_ET_REALISTIC_PORTFOLIO_V02_P2_1,PATTERN_B_PROGRESSED_PREVIOUS_STAGE_EARLY_TRANSITION_ONLY_5WINDOW_V01_P2_1_NEW_TEST_016920_KR7016920001_2022-05-31_0001,PATTERN_B_PROGRESSED_PREVIOUS_STAGE_EARLY_TRANSITION_ONLY_5WINDOW_V01_P2_1_NEW_TEST_016920_KR7016920001_2022-05-31_0001,016920,KR7016920001,KOSDAQ,2025-01-31,2025-02-03,EXIT,EXECUTED,1790.0,1788.21,1806,3229507.2600000002,484.426089,0.0,3232.7399999999343,74227593.00224239,74227593.00224239,28416208.009338006,72327358740,,False
PATTERN_B_ET_REALISTIC_PORTFOLIO_V02_P2_1,PATTERN_B_PROGRESSED_PREVIOUS_STAGE_EARLY_TRANSITION_ONLY_5WINDOW_V01_P2_1_NEW_TEST_038620_KR7038620001_2022-05-31_0002,PATTERN_B_PROGRESSED_PREVIOUS_STAGE_EARLY_TRANSITION_ONLY_5WINDOW_V01_P2_1_NEW_TEST_038620_KR7038620001_2022-05-31_0002,038620,KR7038620001,KOSDAQ,2025-01-31,2025-02-03,EXIT,EXECUTED,4195.0,4190.805,700,2933563.5,440.034525,0.0,2936.4999999997963,74227593.00224239,74227593.00224239,31349331.474813007,96159641925,,False
PATTERN_B_ET_REALISTIC_PORTFOLIO_V02_P2_1,PATTERN_B_PROGRESSED_PREVIOUS_STAGE_EARLY_TRANSITION_ONLY_5WINDOW_V01_P2_1_NEW_TEST_054950_KR7054950001_2024-12-30_0001,PATTERN_B_PROGRESSED_PREVIOUS_STAGE_EARLY_TRANSITION_ONLY_5WINDOW_V01_P2_1_NEW_TEST_054950_KR7054950001_2024-12-30_0001,054950,KR7054950001,KOSDAQ,2025-01-31,2025-02-03,EXIT,EXECUTED,20800.0,20779.2,262,5444150.4,816.62256,0.0,5449.599999999809,74227593.00224239,74227593.00224239,36792665.25225301,230433341520,,False
PATTERN_B_ET_REALISTIC_PORTFOLIO_V02_P2_1,PATTERN_B_PROGRESSED_PREVIOUS_STAGE_EARLY_TRANSITION_ONLY_5WINDOW_V01_P2_1_NEW_TEST_058470_KR7058470006_2024-12-30_0001,PATTERN_B_PROGRESSED_PREVIOUS_STAGE_EARLY_TRANSITION_ONLY_5WINDOW_V01_P2_1_NEW_TEST_058470_KR7058470006_2024-12-30_0001,058470,KR7058470006,KOSDAQ,2025-01-31,2025-02-03,EXIT,EXECUTED,40846.0,40805.154,131,5345475.174000001,801.8212761,0.0,5350.825999999703,74227593.00224239,74227593.00224239,42137338.60497691,2920438092000,,False
PATTERN_B_ET_REALISTIC_PORTFOLIO_V02_P2_1,PATTERN_B_PROGRESSED_PREVIOUS_STAGE_EARLY_TRANSITION_ONLY_5WINDOW_V01_P2_1_NEW_TEST_080220_KR7080220007_2024-10-31_0001,PATTERN_B_PROGRESSED_PREVIOUS_STAGE_EARLY_TRANSITION_ONLY_5WINDOW_V01_P2_1_NEW_TEST_080220_KR7080220007_2024-10-31_0001,080220,KR7080220007,KOSDAQ,2025-01-31,2025-02-03,EXIT,EXECUTED,13820.0,13806.18,417,5757177.0600000005,863.576559,0.0,5762.939999999879,74227593.00224239,74227593.00224239,47893652.08841791,417447135960,,False
PATTERN_B_ET_REALISTIC_PORTFOLIO_V02_P2_1,PATTERN_B_PROGRESSED_PREVIOUS_STAGE_EARLY_TRANSITION_ONLY_5WINDOW_V01_P2_1_NEW_TEST_083450_KR7083450007_2024-12-30_0001,PATTERN_B_PROGRESSED_PREVIOUS_STAGE_EARLY_TRANSITION_ONLY_5WINDOW_V01_P2_1_NEW_TEST_083450_KR7083450007_2024-12-30_0001,083450,KR7083450007,KOSDAQ,2025-01-31,2025-02-03,EXIT,EXECUTED,17500.0,17482.5,299,5227267.5,784.090125,0.0,5232.5,74227593.00224239,74227593.00224239,53120135.49829291,311669672400,,False
PATTERN_B_ET_REALISTIC_PORTFOLIO_V02_P2_1,PATTERN_B_PROGRESSED_PREVIOUS_STAGE_EARLY_TRANSITION_ONLY_5WINDOW_V01_P2_1_NEW_TEST_094360_KR7094360005_2024-10-31_0001,PATTERN_B_PROGRESSED_PREVIOUS_STAGE_EARLY_TRANSITION_ONLY_5WINDOW_V01_P2_1_NEW_TEST_094360_KR7094360005_2024-10-31_0001,094360,KR7094360005,KOSDAQ,2025-01-31,2025-02-03,EXIT,EXECUTED,19180.0,19160.82,363,6955377.66,1043.3066489999999,0.0,6962.340000000106,74227593.00224239,74227593.00224239,60074469.851643905,292356660960,,False
PATTERN_B_ET_REALISTIC_PORTFOLIO_V02_P2_1,PATTERN_B_PROGRESSED_PREVIOUS_STAGE_EARLY_TRANSITION_ONLY_5WINDOW_V01_P2_1_NEW_TEST_148150_KR7148150006_2024-12-30_0001,PATTERN_B_PROGRESSED_PREVIOUS_STAGE_EARLY_TRANSITION_ONLY_5WINDOW_V01_P2_1_NEW_TEST_148150_KR7148150006_2024-12-30_0001,148150,KR7148150006,KOSDAQ,2025-01-31,2025-02-03,EXIT,EXECUTED,7610.0,7602.39,603,4584241.17,687.6361754999999,0.0,4588.829999999803,74227593.00224239,74227593.00224239,64658023.38546841,295848539250,,False
PATTERN_B_ET_REALISTIC_PORTFOLIO_V02_P2_1,PATTERN_B_PROGRESSED_PREVIOUS_STAGE_EARLY_TRANSITION_ONLY_5WINDOW_V01_P2_1_NEW_TEST_322310_KR7322310004_2024-10-31_0001,PATTERN_B_PROGRESSED_PREVIOUS_STAGE_EARLY_TRANSITION_ONLY_5WINDOW_V01_P2_1_NEW_TEST_322310_KR7322310004_2024-10-31_0001,322310,KR7322310004,KOSDAQ,2025-01-31,2025-02-03,EXIT,EXECUTED,20800.0,20779.2,295,6129864.0,919.4795999999999,0.0,6135.999999999785,74227593.00224239,74227593.00224239,70786967.90586841,158856552320,,False
PATTERN_B_ET_REALISTIC_PORTFOLIO_V02_P2_1,PATTERN_B_PROGRESSED_PREVIOUS_STAGE_EARLY_TRANSITION_ONLY_5WINDOW_V01_P2_1_NEW_TEST_065370_KR7065370009_2023-06-30_0001,PATTERN_B_PROGRESSED_PREVIOUS_STAGE_EARLY_TRANSITION_ONLY_5WINDOW_V01_P2_1_NEW_TEST_065370_KR7065370009_2023-06-30_0001,065370,KR7065370009,KOSDAQ,2025-02-28,2025-03-04,EXIT,EXECUTED,8750.0,8741.25,371,3243003.75,486.45056249999993,0.0,3246.25,145014560.9081108,145014560.9081108,3242517.2994375,98428106820,,False
PATTERN_B_ET_REALISTIC_PORTFOLIO_V02_P2_1,PATTERN_B_PROGRESSED_PREVIOUS_STAGE_EARLY_TRANSITION_ONLY_5WINDOW_V01_P2_1_NEW_TEST_102120_KR7102120003_2024-09-30_0001,PATTERN_B_PROGRESSED_PREVIOUS_STAGE_EARLY_TRANSITION_ONLY_5WINDOW_V01_P2_1_NEW_TEST_102120_KR7102120003_2024-09-30_0001,102120,KR7102120003,KOSDAQ,2025-02-28,2025-03-04,EXIT,EXECUTED,12590.0,12577.41,460,5785608.6,867.8412899999998,0.0,5791.400000000067,145014560.9081108,145014560.9081108,9027258.0581475,197721973360,,False
PATTERN_B_ET_REALISTIC_PORTFOLIO_V02_P2_1,PATTERN_B_PROGRESSED_PREVIOUS_STAGE_EARLY_TRANSITION_ONLY_5WINDOW_V01_P2_1_NEW_TEST_290650_KR7290650001_2025-02-28_0001,PATTERN_B_PROGRESSED_PREVIOUS_STAGE_EARLY_TRANSITION_ONLY_5WINDOW_V01_P2_1_NEW_TEST_290650_KR7290650001_2025-02-28_0001,290650,KR7290650001,KOSDAQ,2025-02-28,2025-03-04,ENTRY,EXECUTED,21307.0,21328.306999999997,234,4990823.8379999995,748.6235756999998,0.0,4985.837999999312,145014560.9081108,140022988.4465351,9027258.0581475,491127890150,ENTRY,True
PATTERN_B_ET_REALISTIC_PORTFOLIO_V02_P2_1,PATTERN_B_PROGRESSED_PREVIOUS_STAGE_EARLY_TRANSITION_ONLY_5WINDOW_V01_P2_1_NEW_TEST_025320_KR7025320003_2025-02-28_0001,PATTERN_B_PROGRESSED_PREVIOUS_STAGE_EARLY_TRANSITION_ONLY_5WINDOW_V01_P2_1_NEW_TEST_025320_KR7025320003_2025-02-28_0001,025320,KR7025320003,KOSDAQ,2025-02-28,2025-03-04,ENTRY,EXECUTED,4671.0,4675.670999999999,1069,4998292.299,749.7438448499998,0.0,4993.298999999323,140022988.4465351,135023946.40369025,9027258.0581475,440837765700,ENTRY,False
PATTERN_B_ET_REALISTIC_PORTFOLIO_V02_P2_1,PATTERN_B_PROGRESSED_PREVIOUS_STAGE_EARLY_TRANSITION_ONLY_5WINDOW_V01_P2_1_NEW_TEST_081580_KR7081580003_2025-02-28_0001,PATTERN_B_PROGRESSED_PREVIOUS_STAGE_EARLY_TRANSITION_ONLY_5WINDOW_V01_P2_1_NEW_TEST_081580_KR7081580003_2025-02-28_0001,081580,KR7081580003,KOSDAQ,2025-02-28,2025-03-04,ENTRY,EXECUTED,2700.0,2702.7,1849,4997292.3,749.5938449999999,0.0,4992.299999999664,135023946.40369025,130025904.50984526,9027258.0581475,41949526815,ENTRY,False
PATTERN_B_ET_REALISTIC_PORTFOLIO_V02_P2_1,PATTERN_B_PROGRESSED_PREVIOUS_STAGE_EARLY_TRANSITION_ONLY_5WINDOW_V01_P2_1_NEW_TEST_025320_KR7025320003_2025-02-28_0001,PATTERN_B_PROGRESSED_PREVIOUS_STAGE_EARLY_TRANSITION_ONLY_5WINDOW_V01_P2_1_NEW_TEST_025320_KR7025320003_2025-02-28_0001,025320,KR7025320003,KOSDAQ,2025-03-31,2025-04-01,EXIT,EXECUTED,6666.0,6659.334,1069,7118828.046,1067.8242068999998,0.0,7125.954000000179,139053162.56799275,139053162.56799275,7117760.2217931,440837765700,,False
PATTERN_B_ET_REALISTIC_PORTFOLIO_V02_P2_1,PATTERN_B_PROGRESSED_PREVIOUS_STAGE_EARLY_TRANSITION_ONLY_5WINDOW_V01_P2_1_NEW_TEST_048910_KR7048910004_2022-05-31_0002,PATTERN_B_PROGRESSED_PREVIOUS_STAGE_EARLY_TRANSITION_ONLY_5WINDOW_V01_P2_1_NEW_TEST_048910_KR7048910004_2022-05-31_0002,048910,KR7048910004,KOSDAQ,2025-03-31,2025-04-01,EXIT,EXECUTED,10500.0,10489.5,305,3199297.5,479.89462499999996,0.0,3202.5,139053162.56799275,139053162.56799275,10316577.8271681,203778925200,,False
PATTERN_B_ET_REALISTIC_PORTFOLIO_V02_P2_1,PATTERN_B_PROGRESSED_PREVIOUS_STAGE_EARLY_TRANSITION_ONLY_5WINDOW_V01_P2_1_NEW_TEST_030520_KR7030520001_2025-03-31_0001,PATTERN_B_PROGRESSED_PREVIOUS_STAGE_EARLY_TRANSITION_ONLY_5WINDOW_V01_P2_1_NEW_TEST_030520_KR7030520001_2025-03-31_0001,030520,KR7030520001,KOSDAQ,2025-03-31,2025-04-01,ENTRY,EXECUTED,18300.0,18318.3,272,4982577.6,747.3866399999998,0.0,4977.599999999802,139053162.56799275,134069837.58135274,10316577.8271681,438378758720,ENTRY,False
PATTERN_B_ET_REALISTIC_PORTFOLIO_V02_P2_1,PATTERN_B_PROGRESSED_PREVIOUS_STAGE_EARLY_TRANSITION_ONLY_5WINDOW_V01_P2_1_NEW_TEST_009470_KR7009470006_2025-03-31_0003,PATTERN_B_PROGRESSED_PREVIOUS_STAGE_EARLY_TRANSITION_ONLY_5WINDOW_V01_P2_1_NEW_TEST_009470_KR7009470006_2025-03-31_0003,009470,KR7009470006,KOSPI,2025-03-31,2025-04-01,ENTRY,EXECUTED,29950.0,29979.949999999997,166,4976671.699999999,746.5007549999998,0.0,4971.699999999517,134069837.58135274,129092419.38059774,10316577.8271681,196430454000,ENTRY,True
PATTERN_B_ET_REALISTIC_PORTFOLIO_V02_P2_1,PATTERN_B_PROGRESSED_PREVIOUS_STAGE_EARLY_TRANSITION_ONLY_5WINDOW_V01_P2_1_NEW_TEST_078150_KR7078150000_2025-03-31_0001,PATTERN_B_PROGRESSED_PREVIOUS_STAGE_EARLY_TRANSITION_ONLY_5WINDOW_V01_P2_1_NEW_TEST_078150_KR7078150000_2025-03-31_0001,078150,KR7078150000,KOSDAQ,2025-03-31,2025-04-01,ENTRY,EXECUTED,2010.0,2012.0099999999998,2484,4997832.84,749.6749259999999,0.0,4992.839999999413,129092419.38059774,124093836.86567174,10316577.8271681,185895411580,ENTRY,True
PATTERN_B_ET_REALISTIC_PORTFOLIO_V02_P2_1,PATTERN_B_PROGRESSED_PREVIOUS_STAGE_EARLY_TRANSITION_ONLY_5WINDOW_V01_P2_1_NEW_TEST_042500_KR7042500009_2025-03-31_0001,PATTERN_B_PROGRESSED_PREVIOUS_STAGE_EARLY_TRANSITION_ONLY_5WINDOW_V01_P2_1_NEW_TEST_042500_KR7042500009_2025-03-31_0001,042500,KR7042500009,KOSDAQ,2025-03-31,2025-04-01,ENTRY,EXECUTED,3498.0,3501.4979999999996,1427,4996637.646,749.4956468999999,0.0,4991.645999999419,124093836.86567174,119096449.72402483,10316577.8271681,77424744040,ENTRY,False
PATTERN_B_ET_REALISTIC_PORTFOLIO_V02_P2_1,PATTERN_B_PROGRESSED_PREVIOUS_STAGE_EARLY_TRANSITION_ONLY_5WINDOW_V01_P2_1_NEW_TEST_025770_KR7025770009_2023-06-30_0001,PATTERN_B_PROGRESSED_PREVIOUS_STAGE_EARLY_TRANSITION_ONLY_5WINDOW_V01_P2_1_NEW_TEST_025770_KR7025770009_2023-06-30_0001,025770,KR7025770009,KOSDAQ,2025-04-30,2025-05-02,EXIT,EXECUTED,7760.0,7752.24,521,4038917.04,605.837556,0.0,4042.9600000001137,129413027.55119294,129413027.55119294,4038311.202444,358716116180,,False
PATTERN_B_ET_REALISTIC_PORTFOLIO_V02_P2_1,PATTERN_B_PROGRESSED_PREVIOUS_STAGE_EARLY_TRANSITION_ONLY_5WINDOW_V01_P2_1_NEW_TEST_030520_KR7030520001_2025-03-31_0001,PATTERN_B_PROGRESSED_PREVIOUS_STAGE_EARLY_TRANSITION_ONLY_5WINDOW_V01_P2_1_NEW_TEST_030520_KR7030520001_2025-03-31_0001,030520,KR7030520001,KOSDAQ,2025-04-30,2025-05-02,EXIT,EXECUTED,21350.0,21328.65,272,5801392.800000001,870.20892,0.0,5807.199999999604,129413027.55119294,129413027.55119294,9838833.793524,438378758720,,False
PATTERN_B_ET_REALISTIC_PORTFOLIO_V02_P2_1,PATTERN_B_PROGRESSED_PREVIOUS_STAGE_EARLY_TRANSITION_ONLY_5WINDOW_V01_P2_1_NEW_TEST_042500_KR7042500009_2025-03-31_0001,PATTERN_B_PROGRESSED_PREVIOUS_STAGE_EARLY_TRANSITION_ONLY_5WINDOW_V01_P2_1_NEW_TEST_042500_KR7042500009_2025-03-31_0001,042500,KR7042500009,KOSDAQ,2025-04-30,2025-05-02,EXIT,EXECUTED,3764.0,3760.236,1427,5365856.772,804.8785158,0.0,5371.2280000001765,129413027.55119294,129413027.55119294,15203885.6870082,77424744040,,False
PATTERN_B_ET_REALISTIC_PORTFOLIO_V02_P2_1,PATTERN_B_PROGRESSED_PREVIOUS_STAGE_EARLY_TRANSITION_ONLY_5WINDOW_V01_P2_1_NEW_TEST_001380_KR7001380005_2025-04-30_0002,PATTERN_B_PROGRESSED_PREVIOUS_STAGE_EARLY_TRANSITION_ONLY_5WINDOW_V01_P2_1_NEW_TEST_001380_KR7001380005_2025-04-30_0002,001380,KR7001380005,KOSPI,2025-04-30,2025-05-02,ENTRY,EXECUTED,4317.0,4321.316999999999,1156,4995442.451999999,749.3163677999997,0.0,4990.451999998957,129413027.55119294,124416835.78282514,15203885.6870082,87140509134,ENTRY,True
PATTERN_B_ET_REALISTIC_PORTFOLIO_V02_P2_1,PATTERN_B_PROGRESSED_PREVIOUS_STAGE_EARLY_TRANSITION_ONLY_5WINDOW_V01_P2_1_NEW_TEST_039240_KR7039240007_2025-04-30_0003,PATTERN_B_PROGRESSED_PREVIOUS_STAGE_EARLY_TRANSITION_ONLY_5WINDOW_V01_P2_1_NEW_TEST_039240_KR7039240007_2025-04-30_0003,039240,KR7039240007,KOSDAQ,2025-04-30,2025-05-02,ENTRY,EXECUTED,2965.0,2967.9649999999997,1684,4998053.06,749.7079589999998,0.0,4993.059999999479,124416835.78282514,119418033.01486614,15203885.6870082,81478404080,ENTRY,True
PATTERN_B_ET_REALISTIC_PORTFOLIO_V02_P2_1,PATTERN_B_PROGRESSED_PREVIOUS_STAGE_EARLY_TRANSITION_ONLY_5WINDOW_V01_P2_1_NEW_TEST_081580_KR7081580003_2025-02-28_0001,PATTERN_B_PROGRESSED_PREVIOUS_STAGE_EARLY_TRANSITION_ONLY_5WINDOW_V01_P2_1_NEW_TEST_081580_KR7081580003_2025-02-28_0001,081580,KR7081580003,KOSDAQ,2025-05-30,2025-06-02,EXIT,EXECUTED,3415.0,3411.585,1849,6308020.665,946.20309975,0.0,6314.334999999933,134621918.70187435,134621918.70187435,6307074.46190025,41949526815,,False
