date,window_id,cash,pending_sale_proceeds,cash_receivables,invested_market_value,equity,capital_utilization,cash_ratio,open_stock_positions,valuation_missing_count,valuation_missing_ids,valuation_carry_count
2022-01-03,P3-1,200000000.0,0.0,0.0,0.0,200000000.0,0.0,1.0,0,0,[],0
2022-01-04,P3-1,200000000.0,0.0,0.0,0.0,200000000.0,0.0,1.0,0,0,[],0
2022-01-05,P3-1,200000000.0,0.0,0.0,0.0,200000000.0,0.0,1.0,0,0,[],0
2022-01-06,P3-1,200000000.0,0.0,0.0,0.0,200000000.0,0.0,1.0,0,0,[],0
2022-01-07,P3-1,200000000.0,0.0,0.0,0.0,200000000.0,0.0,1.0,0,0,[],0
2022-01-10,P3-1,140148043.35597047,0.0,0.0,59068546.0,199216589.35597047,0.29650415254551554,0.7034958474544845,12,0,[],0
2022-01-11,P3-1,140148043.35597047,0.0,0.0,58363189.0,198511232.35597047,0.29400446668601143,0.7059955333139886,12,0,[],0
2022-01-12,P3-1,140148043.35597047,0.0,0.0,59640683.0,199788726.35597047,0.2985187607319551,0.701481239268045,12,0,[],0
2022-01-13,P3-1,140148043.35597047,0.0,0.0,62739586.0,202887629.35597047,0.30923317601548844,0.6907668239845115,12,0,[],0
2022-01-14,P3-1,140148043.35597047,0.0,0.0,61874554.0,202022597.35597047,0.30627541081938964,0.6937245891806103,12,0,[],0
2022-01-17,P3-1,120167879.57088898,0.0,0.0,79415612.0,199583491.570889,0.3979067175092124,0.6020932824907875,16,0,[],0
2022-01-18,P3-1,120167879.57088898,0.0,0.0,78649678.0,198817557.570889,0.39558718536192267,0.6044128146380773,16,0,[],0
2022-01-19,P3-1,120167879.57088898,4091565.8970414,0.0,73483242.0,197742687.46793038,0.3716104142253928,0.6283895857746072,15,0,[],0
2022-01-20,P3-1,124259445.46793038,4191674.654475,0.0,70256857.0,198707977.12240538,0.3535683771604264,0.6464316228395737,14,0,[],0
2022-01-21,P3-1,128451120.12240538,0.0,0.0,68906847.0,197357967.12240538,0.34914651789690654,0.6508534821030935,14,0,[],0
2022-01-24,P3-1,113470900.41645388,4162807.8851400004,0.0,77826223.0,195459931.3015939,0.3981697040500564,0.6018302959499435,16,0,[],0
2022-01-25,P3-1,117633708.30159388,0.0,0.0,74998116.0,192631824.3015939,0.38933398607376135,0.6106660139262385,16,0,[],0
2022-01-26,P3-1,117633708.30159388,8045663.04448875,0.0,66157245.0,191836616.34608263,0.34486244732678717,0.6551375526732128,14,0,[],0
2022-01-27,P3-1,125679371.34608263,4266168.898662,0.0,60315137.0,190260677.24474463,0.31701315202622105,0.682986847973779,13,0,[],0
2022-01-28,P3-1,129945540.24474463,8428866.9102855,0.0,54304305.0,192678712.15503013,0.28183863382015195,0.718161366179848,11,0,[],0
2022-02-03,P3-1,133404697.81043014,0.0,0.0,58991304.0,192396001.81043014,0.3066139807734922,0.6933860192265078,12,0,[],0
2022-02-04,P3-1,133404697.81043014,0.0,0.0,63034967.0,196439664.81043014,0.3208871643149592,0.6791128356850408,12,0,[],0
2022-02-07,P3-1,118697701.99191515,0.0,0.0,76547157.0,195244858.99191517,0.39205722186605546,0.6079427781339445,15,0,[],0
2022-02-08,P3-1,118697701.99191515,0.0,0.0,74561857.0,193259558.99191517,0.38581200013562705,0.6141879998643729,15,0,[],0
2022-02-09,P3-1,118697701.99191515,0.0,0.0,75456907.0,194154608.99191517,0.3886433981237196,0.6113566018762803,15,0,[],0
2022-02-10,P3-1,118697701.99191515,0.0,0.0,75205108.0,193902809.99191517,0.3878495004953033,0.6121504995046967,15,0,[],0
2022-02-11,P3-1,118697701.99191515,0.0,0.0,72717730.0,191415431.99191517,0.37989481434846584,0.620105185651534,15,0,[],0
2022-02-14,P3-1,118697701.99191515,3991405.1994,0.0,67105076.0,189794183.19131514,0.3535676113548599,0.6464323886451401,14,0,[],0
2022-02-15,P3-1,122689107.19131514,8395929.82658925,0.0,57034933.0,188119970.0179044,0.30318382994942894,0.6968161700505711,12,0,[],0
2022-02-16,P3-1,131085037.0179044,4278361.862443049,0.0,54560795.0,189924193.88034746,0.28727669648224696,0.712723303517753,11,0,[],0
2022-02-17,P3-1,135363398.88034746,0.0,0.0,54778730.0,190142128.88034746,0.28809359778690147,0.7119064022130985,11,0,[],0
2022-02-18,P3-1,135363398.88034746,0.0,0.0,54478485.0,189841883.88034746,0.2869676800844244,0.7130323199155756,11,0,[],0
2022-02-21,P3-1,135363398.88034746,0.0,0.0,54195110.0,189558508.88034746,0.28590175307935595,0.714098246920644,11,0,[],0
2022-02-22,P3-1,135363398.88034746,0.0,0.0,53565060.0,188928458.88034746,0.2835203352498838,0.7164796647501162,11,0,[],0
2022-02-23,P3-1,135363398.88034746,0.0,0.0,54354015.0,189717413.88034746,0.28649987309167324,0.7135001269083268,11,0,[],0
2022-02-24,P3-1,135363398.88034746,0.0,0.0,53395130.0,188758528.88034746,0.2828753239216372,0.7171246760783628,11,0,[],0
2022-02-25,P3-1,135363398.88034746,0.0,0.0,54661255.0,190024653.88034746,0.2876534906592619,0.7123465093407381,11,0,[],0
2022-02-28,P3-1,130364355.83635247,0.0,0.0,60281715.0,190646070.83635247,0.3161969965368175,0.6838030034631826,12,0,[],0
2022-03-02,P3-1,130364355.83635247,0.0,0.0,60805935.0,191170290.83635247,0.31807209548083865,0.6819279045191613,12,0,[],0
2022-03-03,P3-1,130364355.83635247,4251006.353385,0.0,57002710.0,191618072.18973747,0.29748086570642845,0.7025191342935716,11,0,[],0
2022-03-04,P3-1,134615362.18973747,0.0,0.0,56510785.0,191126147.18973747,0.2956727053358105,0.7043272946641894,11,0,[],0
2022-03-07,P3-1,109819175.61958247,0.0,0.0,79294945.0,189114120.61958247,0.41929679677123555,0.5807032032287645,16,0,[],0
2022-03-08,P3-1,109819175.61958247,0.0,0.0,77042775.0,186861950.61958247,0.4122978206346851,0.5877021793653149,16,0,[],0
2022-03-10,P3-1,109819175.61958247,0.0,0.0,78063235.0,187882410.61958247,0.4154898520972228,0.5845101479027772,16,0,[],0
2022-03-11,P3-1,109819175.61958247,0.0,0.0,77712300.0,187531475.61958247,0.41439603534951924,0.5856039646504808,16,0,[],0
2022-03-14,P3-1,94825500.45561498,0.0,0.0,91800455.0,186625955.45561498,0.491895432100455,0.508104567899545,19,0,[],0
2022-03-15,P3-1,94825500.45561498,8135434.70172,0.0,82979725.0,185940660.15733498,0.4462699278887476,0.5537300721112525,17,0,[],0
2022-03-16,P3-1,102960935.15733498,4280122.8352575,0.0,80413885.0,187654942.99259248,0.4285199404695365,0.5714800595304634,16,0,[],0
2022-03-17,P3-1,107241057.99259248,0.0,0.0,81996855.0,189237912.99259248,0.4333003556386171,0.5666996443613829,16,0,[],0
2022-03-18,P3-1,107241057.99259248,0.0,0.0,82759895.0,190000952.99259248,0.4355762099952548,0.5644237900047452,16,0,[],0
2022-03-21,P3-1,97275309.05444749,0.0,0.0,91887160.0,189162469.05444747,0.4857578802989282,0.5142421197010719,18,0,[],0
2022-03-22,P3-1,97275309.05444749,0.0,0.0,93097250.0,190372559.05444747,0.4890266247530651,0.510973375246935,18,0,[],0
2022-03-23,P3-1,97275309.05444749,0.0,0.0,92719780.0,189995089.05444747,0.48801145577730703,0.511988544222693,18,0,[],0
2022-03-24,P3-1,97275309.05444749,0.0,0.0,94365910.0,191641219.05444747,0.4924092555119343,0.5075907444880657,18,0,[],0
2022-03-25,P3-1,97275309.05444749,0.0,0.0,94077170.0,191352479.05444747,0.4916433299682063,0.5083566700317937,18,0,[],0
2022-03-28,P3-1,57307403.77879915,0.0,0.0,134142389.0,191449792.77879915,0.7006661488267473,0.2993338511732528,26,0,[],0
2022-03-29,P3-1,57307403.77879915,0.0,0.0,134309666.0,191617069.77879915,0.7009274599337405,0.2990725400662595,26,0,[],0
2022-03-30,P3-1,57307403.77879915,0.0,0.0,132449595.0,189756998.77879915,0.6979958360028516,0.3020041639971484,26,0,[],0
2022-03-31,P3-1,57307403.77879915,0.0,0.0,133263903.0,190571306.77879915,0.6992862947341948,0.30071370526580515,26,0,[],0
2022-04-01,P3-1,57307403.77879915,0.0,0.0,133213860.0,190521263.77879915,0.6992073081914114,0.3007926918085886,26,0,[],0
2022-04-04,P3-1,2430486.602768205,0.0,0.0,190256773.0,192687259.6027682,0.9873863658252302,0.012613634174769735,37,0,[],0
2022-04-05,P3-1,2430486.602768205,0.0,0.0,189535004.0,191965490.6027682,0.9873389399566739,0.012661060043326124,37,0,[],0
2022-04-06,P3-1,2430486.602768205,0.0,0.0,188514240.0,190944726.6027682,0.9872712556873882,0.012728744312611822,37,0,[],0
2022-04-07,P3-1,2430486.602768205,0.0,0.0,186692602.0,189123088.6027682,0.9871486521253194,0.012851347874680542,37,0,[],0
2022-04-08,P3-1,2430486.602768205,0.0,0.0,186750786.0,189181272.6027682,0.9871526046456427,0.012847395354357295,37,0,[],1
2022-04-11,P3-1,2430486.602768205,0.0,0.0,185796093.0,188226579.6027682,0.9870874421248185,0.012912557875181516,37,0,[],1
2022-04-12,P3-1,2430486.602768205,0.0,0.0,184500594.0,186931080.6027682,0.9869979534974548,0.013002046502545135,37,0,[],1
2022-04-13,P3-1,2430486.602768205,0.0,0.0,186321217.0,188751703.6027682,0.987123366007423,0.012876633992576901,37,0,[],1
2022-04-14,P3-1,2430486.602768205,0.0,0.0,187497680.0,189928166.6027682,0.987203127128313,0.012796872871686956,37,0,[],1
2022-04-15,P3-1,2430486.602768205,0.0,0.0,188466452.0,190896938.6027682,0.9872680692495245,0.012731930750475432,37,0,[],1
2022-04-18,P3-1,2430486.602768205,4190975.45937,0.0,184666204.0,191287666.0621382,0.9653847934974162,0.034615206502583803,36,0,[],0
2022-04-19,P3-1,6621462.062138205,0.0,0.0,185892233.0,192513695.0621382,0.9656052414348965,0.034394758565103524,36,0,[],0
2022-04-20,P3-1,6621462.062138205,0.0,0.0,185230076.0,191851538.0621382,0.9654865312573434,0.03451346874265663,36,0,[],0
2022-04-21,P3-1,6621462.062138205,0.0,0.0,185411871.0,192033333.0621382,0.965519204626857,0.03448079537314301,36,0,[],0
2022-04-22,P3-1,6621462.062138205,0.0,0.0,184476727.0,191098189.0621382,0.9653504719503901,0.03464952804960986,36,0,[],0
2022-04-25,P3-1,1639238.3406632058,0.0,0.0,186603152.0,188242390.3406632,0.9912918746001012,0.008708125399898865,37,0,[],0
2022-04-26,P3-1,1639238.3406632058,8330629.998033,0.0,179196921.0,189166789.3386962,0.9472958843698218,0.0527041156301782,35,0,[],0
2022-04-27,P3-1,9969868.338696206,0.0,0.0,177729924.0,187699792.3386962,0.9468839671345719,0.05311603286542804,35,0,[],0
2022-04-28,P3-1,9969868.338696206,0.0,0.0,177351761.0,187321629.3386962,0.9467767370276836,0.053223262972316394,35,0,[],0
2022-04-29,P3-1,9969868.338696206,0.0,0.0,177891288.0,187861156.3386962,0.9469295913375436,0.053070408662456325,35,0,[],0
2022-05-02,P3-1,194534.15448060632,6136695.597564001,0.0,182864019.0,189195248.75204462,0.9665360002758727,0.033463999724127245,36,0,[],0
2022-05-03,P3-1,6331229.752044607,0.0,0.0,182511653.0,188842882.75204462,0.9664735590784341,0.03352644092156583,36,0,[],0
2022-05-04,P3-1,6331229.752044607,0.0,0.0,179972989.0,186304218.75204462,0.9660167129093788,0.033983287090621095,36,0,[],0
2022-05-06,P3-1,6331229.752044607,0.0,0.0,177867717.0,184198946.75204462,0.9656283064388677,0.034371693561132316,36,0,[],0
2022-05-09,P3-1,1335890.9636046076,4131094.3928775005,0.0,175188657.0,180655642.35648212,0.9697380868642105,0.030261913135789454,36,0,[],0
2022-05-10,P3-1,5466985.356482108,4043345.4072,0.0,171168642.0,180678972.7636821,0.9473633781606614,0.05263662183933868,35,0,[],0
2022-05-11,P3-1,9510330.763682108,0.0,0.0,169635570.0,179145900.7636821,0.9469129311743084,0.0530870688256916,35,0,[],0
2022-05-12,P3-1,9510330.763682108,4118189.2489394997,0.0,162178826.0,175807346.0126216,0.9224803722840843,0.07751962771591572,34,0,[],0
2022-05-13,P3-1,13628520.012621608,0.0,0.0,165631569.0,179260089.0126216,0.9239734840717275,0.07602651592827242,34,0,[],0
2022-05-16,P3-1,3630393.878625608,0.0,0.0,177451677.0,181082070.8786256,0.9799516657777845,0.02004833422221553,36,0,[],0
2022-05-17,P3-1,3630393.878625608,8227009.283472002,0.0,168277118.0,180134521.1620976,0.9341747318303998,0.06582526816960027,34,0,[],0
2022-05-18,P3-1,11857403.16209761,0.0,0.0,168003522.0,179860925.1620976,0.9340746015210849,0.0659253984789151,34,0,[],0
2022-05-19,P3-1,11857403.16209761,0.0,0.0,166993948.0,178851351.1620976,0.9337024680828331,0.066297531917167,34,0,[],0
2022-05-20,P3-1,11857403.16209761,8364870.5811749995,0.0,160480553.0,180702826.7432726,0.8880909938835505,0.11190900611644951,32,0,[],0
2022-05-23,P3-1,263544.5829026131,0.0,0.0,180424950.0,180688494.5829026,0.9985414423673684,0.0014585576326316386,36,0,[],0
2022-05-24,P3-1,263544.5829026131,4197537.9048555,0.0,172822642.0,177283724.4877581,0.9748364803331614,0.02516351966683869,35,0,[],0
2022-05-25,P3-1,4461082.487758113,0.0,0.0,174940085.0,179401167.4877581,0.9751334812909592,0.02486651870904088,35,0,[],0
2022-05-26,P3-1,4461082.487758113,0.0,0.0,174413741.0,178874823.4877581,0.9750603108879466,0.024939689112053392,35,0,[],0
2022-05-27,P3-1,4461082.487758113,0.0,0.0,175850031.0,180311113.4877581,0.9752589710003594,0.024741028999640615,35,0,[],0
2022-05-30,P3-1,4461082.487758113,0.0,0.0,177745213.0,182206295.4877581,0.9755163098189555,0.024483690181044484,35,0,[],0
2022-05-31,P3-1,4461082.487758113,0.0,0.0,178891137.0,183352219.4877581,0.9756693292275311,0.02433067077246898,35,0,[],0
2022-06-02,P3-1,4461082.487758113,0.0,0.0,179139573.0,183600655.4877581,0.97570225184705,0.02429774815295016,35,0,[],0
2022-06-03,P3-1,4461082.487758113,0.0,0.0,179934920.0,184396002.4877581,0.975807054233433,0.02419294576656715,35,0,[],0
2022-06-07,P3-1,4461082.487758113,0.0,0.0,177385974.0,181847056.4877581,0.9754679422701659,0.02453205772983426,35,0,[],0
2022-06-08,P3-1,4461082.487758113,0.0,0.0,176779529.0,181240611.4877581,0.9753858561216594,0.024614143878340627,35,0,[],0
2022-06-09,P3-1,4461082.487758113,0.0,0.0,175346093.0,179807175.4877581,0.9751896303600974,0.024810369639902602,35,0,[],0
2022-06-10,P3-1,4461082.487758113,0.0,0.0,173817653.0,178278735.4877581,0.97497692321211,0.025023076787890067,35,0,[],0
2022-06-13,P3-1,4461082.487758113,4068716.20101,0.0,163308011.0,171837809.68876812,0.9503613395432748,0.04963866045672513,34,0,[],0
2022-06-14,P3-1,8529798.688768113,12216037.219515,0.0,149188595.0,169934430.9082831,0.8779185842598312,0.12208141574016887,31,0,[],0
2022-06-15,P3-1,20745835.908283114,0.0,0.0,145640452.0,166386287.9082831,0.8753152307856112,0.1246847692143887,31,0,[],0
2022-06-16,P3-1,20745835.908283114,21077925.646828502,0.0,124575938.0,166399699.55511162,0.7486548252975687,0.25134517470243134,26,0,[],0
2022-06-17,P3-1,41823761.55511162,0.0,0.0,123522483.0,165346244.55511162,0.74705345339022,0.25294654660977994,26,0,[],0
2022-06-20,P3-1,41823761.55511162,12667717.257344998,0.0,107437096.0,161928574.8124566,0.6634844784154503,0.3365155215845497,23,0,[],0
2022-06-21,P3-1,54491478.812456615,16512091.714665,0.0,92075194.0,163078764.5271216,0.5646056632020106,0.43539433679798956,19,0,[],0
2022-06-22,P3-1,71003570.52712162,4224237.169364999,0.0,84009025.0,159236832.69648662,0.5275728207940773,0.47242717920592275,18,0,[],0
2022-06-23,P3-1,75227807.69648662,12491145.522078749,0.0,68931758.0,156650711.21856537,0.44003475926658026,0.5599652407334197,15,0,[],0
2022-06-24,P3-1,87718953.21856537,12031359.8152815,0.0,58776689.0,158527002.03384686,0.37076768150482453,0.6292323184951756,12,0,[],0
2022-06-27,P3-1,99750313.03384687,0.0,0.0,59805498.0,159555811.03384686,0.3748249444033935,0.6251750555966067,12,0,[],0
2022-06-28,P3-1,99750313.03384687,0.0,0.0,61050771.0,160801084.03384686,0.3796664143579373,0.6203335856420628,12,0,[],0
2022-06-29,P3-1,99750313.03384687,0.0,0.0,61217898.0,160968211.03384686,0.3803104824661789,0.6196895175338212,12,0,[],0
2022-06-30,P3-1,99750313.03384687,0.0,0.0,60152347.0,159902660.03384686,0.3761810278032114,0.6238189721967887,12,0,[],0
2022-07-01,P3-1,99750313.03384687,7389493.4097,0.0,52503116.0,159642922.4435469,0.3288784444457048,0.6711215555542951,11,0,[],0
2022-07-04,P3-1,87326439.27920613,0.0,0.0,71334870.0,158661309.27920613,0.44960469773048206,0.5503953022695179,15,0,[],0
2022-07-05,P3-1,87326439.27920613,0.0,0.0,,,,,15,1,['128940|KR7128940004|2022-04-29|2022-05-02'],0
2022-07-06,P3-1,87326439.27920613,0.0,0.0,69998236.0,157324675.27920613,0.4449285267919557,0.5550714732080443,15,0,[],0
2022-07-07,P3-1,87326439.27920613,4197553.8864579005,0.0,67268524.0,158792517.16566402,0.42362527656023324,0.5763747234397669,14,0,[],0
2022-07-08,P3-1,91523993.16566403,0.0,0.0,67330212.0,158854205.16566402,0.42384910068816534,0.5761508993118347,14,0,[],0
2022-07-11,P3-1,81529060.70064653,0.0,0.0,76551449.0,158080509.70064652,0.48425608662929887,0.5157439133707012,16,0,[],0
2022-07-12,P3-1,81529060.70064653,0.0,0.0,75235589.0,156764649.70064652,0.47992700614371814,0.520072993856282,16,0,[],0
2022-07-13,P3-1,81529060.70064653,4146499.65874095,0.0,71112485.0,156788045.3593875,0.45355808114704727,0.5464419188529527,15,0,[],0
2022-07-14,P3-1,85675560.35938749,4075308.612,0.0,67183865.0,156934733.9713875,0.42810067153297643,0.5718993284670235,14,0,[],0
2022-07-15,P3-1,89750868.97138749,0.0,0.0,67044155.0,156795023.9713875,0.427591088682983,0.5724089113170169,14,0,[],0
2022-07-18,P3-1,84751695.777873,0.0,0.0,73005161.0,157756856.77787298,0.46277012924258343,0.5372298707574167,15,0,[],0
2022-07-19,P3-1,84751695.777873,0.0,0.0,73410863.0,158162558.77787298,0.46414817493626825,0.5358518250637319,15,0,[],0
2022-07-20,P3-1,84751695.777873,0.0,0.0,73834312.0,158586007.77787298,0.46557898161745565,0.5344210183825444,15,0,[],0
2022-07-21,P3-1,84751695.777873,0.0,0.0,75120228.0,159871923.77787298,0.4698775508848727,0.5301224491151274,15,0,[],0
2022-07-22,P3-1,84751695.777873,0.0,0.0,76222163.0,160973858.77787298,0.4735064660727217,0.5264935339272784,15,0,[],0
2022-07-25,P3-1,74775434.76315299,0.0,0.0,85184211.0,159959645.763153,0.5325356316813147,0.4674643683186854,17,0,[],0
2022-07-26,P3-1,74775434.76315299,0.0,0.0,85713368.0,160488802.763153,0.5340769357379688,0.46592306426203123,17,0,[],0
2022-07-27,P3-1,74775434.76315299,0.0,0.0,85335588.0,160111022.763153,0.5329775959662325,0.46702240403376755,17,0,[],0
2022-07-28,P3-1,74775434.76315299,0.0,0.0,85873418.0,160648852.763153,0.534541121974923,0.465458878025077,17,0,[],0
2022-07-29,P3-1,74775434.76315299,0.0,0.0,86467115.0,161242549.763153,0.5362549471402579,0.46374505285974216,17,0,[],0
2022-08-01,P3-1,61026451.53697479,0.0,0.0,100006019.0,161032470.5369748,0.6210301479355218,0.37896985206447825,20,0,[],0
2022-08-02,P3-1,61026451.53697479,0.0,0.0,99635021.0,160661472.5369748,0.6201550342262044,0.37984496577379556,20,0,[],0
2022-08-03,P3-1,61026451.53697479,0.0,0.0,99952222.0,160978673.5369748,0.6209035010904238,0.3790964989095762,20,0,[],0
2022-08-04,P3-1,61026451.53697479,0.0,0.0,99397892.0,160424343.5369748,0.6195935717018575,0.38040642829814253,20,0,[],0
2022-08-05,P3-1,61026451.53697479,0.0,0.0,99860775.0,160887226.5369748,0.6206880257025886,0.3793119742974114,20,0,[],0
2022-08-08,P3-1,31214264.441584088,0.0,0.0,129604027.0,160818291.44158408,0.8059035190476302,0.19409648095236984,26,0,[],0
2022-08-09,P3-1,31214264.441584088,0.0,0.0,129863243.0,161077507.44158408,0.8062158712450641,0.19378412875493597,26,0,[],0
2022-08-10,P3-1,31214264.441584088,4178005.39017225,0.0,124822964.0,160215233.83175635,0.7790954768450912,0.22090452315490874,25,0,[],0
2022-08-11,P3-1,35392269.83175634,0.0,0.0,126836136.0,162228405.83175635,0.7818367896158647,0.21816321038413528,25,0,[],0
2022-08-12,P3-1,35392269.83175634,0.0,0.0,127817590.0,163209859.83175635,0.7831487027300912,0.21685129726990876,25,0,[],0
2022-08-16,P3-1,484817.1491538426,0.0,0.0,161562279.0,162047096.14915383,0.9970081713238009,0.0029918286761991706,32,0,[],0
2022-08-17,P3-1,484817.1491538426,0.0,0.0,161049912.0,161534729.14915383,0.996998681635166,0.003001318364834007,32,0,[],0
2022-08-18,P3-1,484817.1491538426,0.0,0.0,162843952.0,163328769.14915383,0.9970316487923135,0.002968351207686514,32,0,[],0
2022-08-19,P3-1,484817.1491538426,0.0,0.0,162469292.0,162954109.14915383,0.9970248240336789,0.002975175966321191,32,0,[],0
2022-08-22,P3-1,484817.1491538426,4130145.485235,0.0,155675904.0,160290866.63438883,0.971208823488894,0.028791176511106013,31,0,[],0
2022-08-23,P3-1,4614962.634388843,0.0,0.0,155028117.0,159643079.63438883,0.9710919969411895,0.028908003058810514,31,0,[],0
2022-08-24,P3-1,4614962.634388843,4209154.5321,0.0,154944786.0,163768903.16648886,0.9461184816172447,0.05388151838275531,30,0,[],0
2022-08-25,P3-1,8824117.166488843,0.0,0.0,155474614.0,164298731.16648886,0.9462922379020254,0.05370776209797445,30,0,[],0
2022-08-26,P3-1,8824117.166488843,0.0,0.0,155955351.0,164779468.16648886,0.9464489279843215,0.05355107201567847,30,0,[],0
2022-08-29,P3-1,3835235.796516344,0.0,0.0,158433540.0,162268775.79651636,0.976364918156986,0.023635081843013942,31,0,[],0
2022-08-30,P3-1,3835235.796516344,0.0,0.0,160606552.0,164441787.79651636,0.9766772433703885,0.023322756629611346,31,0,[],0
2022-08-31,P3-1,3835235.796516344,0.0,0.0,160958363.0,164793598.79651636,0.9767270341534805,0.02327296584651939,31,0,[],0
2022-09-01,P3-1,3835235.796516344,0.0,0.0,159513863.0,163349098.79651636,0.9765212307580962,0.023478769241903744,31,0,[],0
2022-09-02,P3-1,3835235.796516344,0.0,0.0,160679063.0,164514298.79651636,0.9766875230629037,0.02331247693709622,31,0,[],0
2022-09-05,P3-1,3835235.796516344,4086143.13957705,0.0,159210924.0,167132302.9360934,0.9526041417671227,0.047395858232877355,30,0,[],0
2022-09-06,P3-1,7921378.936093394,0.0,0.0,163486790.0,171408168.9360934,0.9537864561224807,0.04621354387751931,30,0,[],0
2022-09-07,P3-1,7921378.936093394,0.0,0.0,167014036.0,174935414.9360934,0.9547182659441075,0.045281734055892545,30,0,[],0
2022-09-08,P3-1,7921378.936093394,4271902.2985229995,0.0,163234285.0,175427566.2346164,0.9304939269447019,0.0695060730552981,29,0,[],1
2022-09-13,P3-1,12193281.234616393,0.0,0.0,169537218.0,181730499.2346164,0.9329045961686667,0.06709540383133329,29,0,[],0
2022-09-14,P3-1,12193281.234616393,0.0,0.0,165164608.0,177357889.2346164,0.9312504152635318,0.06874958473646815,29,0,[],0
2022-09-15,P3-1,12193281.234616393,4165205.1255,0.0,163624650.0,179983136.3601164,0.9091110051144693,0.09088899488553069,28,0,[],0
2022-09-16,P3-1,16358486.360116392,0.0,0.0,168856485.0,185214971.3601164,0.9116783797768144,0.08832162022318557,28,0,[],0
2022-09-19,P3-1,1381960.8982183943,4206008.1541275,0.0,177319193.0,182907162.0523459,0.9694491511997398,0.030550848800260114,30,0,[],0
2022-09-20,P3-1,5587969.052345894,4159861.2771975,0.0,177437999.0,187185829.32954338,0.9479243147600549,0.05207568523994515,29,0,[],0
2022-09-21,P3-1,9747830.329543395,0.0,0.0,167696568.0,177444398.32954338,0.9450654378424499,0.05493456215755019,29,0,[],0
2022-09-22,P3-1,9747830.329543395,3611075.0254848003,0.0,162107011.0,175465916.35502818,0.9238660952934101,0.07613390470658993,28,0,[],0
2022-09-23,P3-1,13358905.355028195,4144828.5824399996,0.0,153881492.0,171385225.9374682,0.8978690616899812,0.10213093831001877,27,0,[],0
2022-09-26,P3-1,2543222.873369594,0.0,0.0,161608015.0,164151237.8733696,0.9845068309790541,0.015493169020945795,30,0,[],0
2022-09-27,P3-1,2543222.873369594,19899378.3594429,0.0,142894604.0,165337205.2328125,0.8642616391077198,0.13573836089228017,25,0,[],0
2022-09-28,P3-1,22442601.232812494,0.0,0.0,144448593.0,166891194.2328125,0.8655255519263337,0.13447444807366626,25,0,[],0
2022-09-29,P3-1,22442601.232812494,8388093.8471625,0.0,137929552.0,168760247.079975,0.8173106782347597,0.18268932176524022,23,0,[],0
2022-09-30,P3-1,30830695.079974994,0.0,0.0,142820625.0,173651320.079975,0.8224563161064601,0.17754368389353986,23,0,[],0
2022-10-04,P3-1,25830851.115859993,0.0,0.0,151301865.0,177132716.11586,0.8541723308811886,0.14582766911881145,24,0,[],1
2022-10-05,P3-1,25830851.115859993,0.0,0.0,157325774.0,183156625.11586,0.8589685134265819,0.14103148657341816,24,0,[],1
2022-10-06,P3-1,25830851.115859993,0.0,0.0,156343983.0,182174834.11586,0.8582084554037139,0.14179154459628615,24,0,[],1
2022-10-07,P3-1,25830851.115859993,0.0,0.0,154668923.0,180499774.11586,0.8568926125121932,0.1431073874878069,24,0,[],1
2022-10-11,P3-1,25830851.115859993,0.0,0.0,149734998.0,175565849.11586,0.8528708672788999,0.14712913272110006,24,0,[],1
2022-10-12,P3-1,25830851.115859993,8136713.229912,0.0,138498837.0,172466401.345772,0.8030482222582497,0.1969517777417503,22,0,[],1
2022-10-13,P3-1,33967564.34577199,4319527.473675,0.0,130728833.0,169015924.81944698,0.7734705066380724,0.2265294933619277,21,0,[],1
2022-10-14,P3-1,38287091.81944699,12956025.364641,0.0,119586878.0,170829995.184088,0.7000344282111117,0.29996557178888833,18,0,[],1
2022-10-17,P3-1,51243117.18408799,0.0,0.0,117314898.0,168558015.184088,0.6959912162698189,0.30400878373018114,18,0,[],1
2022-10-18,P3-1,51243117.18408799,0.0,0.0,117243471.0,168486588.184088,0.6958623369588331,0.3041376630411668,18,0,[],1
2022-10-19,P3-1,51243117.18408799,0.0,0.0,118928345.0,170171462.184088,0.6988736153148039,0.30112638468519615,18,0,[],1
2022-10-20,P3-1,51243117.18408799,0.0,0.0,114506750.0,165749867.184088,0.6908406742361037,0.3091593257638962,18,0,[],1
2022-10-21,P3-1,51243117.18408799,4194858.9887532,0.0,104217098.0,159655074.1728412,0.652764082444229,0.34723591755577105,17,0,[],1
2022-10-24,P3-1,40482486.87789499,0.0,0.0,127025508.0,167507994.877895,0.7583250464707388,0.24167495352926116,20,0,[],1
2022-10-25,P3-1,40482486.87789499,0.0,0.0,125672394.0,166154880.877895,0.7563569203384098,0.24364307966159013,20,0,[],1
2022-10-26,P3-1,40482486.87789499,0.0,0.0,121897688.0,162380174.877895,0.7506931686190349,0.24930683138096507,20,0,[],1
2022-10-27,P3-1,40482486.87789499,0.0,0.0,126049493.0,166531979.877895,0.7569086315578685,0.24309136844213142,20,0,[],1
2022-10-28,P3-1,40482486.87789499,0.0,0.0,129079189.0,169561675.877895,0.761252142217282,0.23874785778271795,20,0,[],1
2022-10-31,P3-1,30490037.26524949,0.0,0.0,143916482.0,174406519.2652495,0.8251783396991134,0.17482166030088667,22,0,[],1
2022-11-01,P3-1,30490037.26524949,0.0,0.0,145287024.0,175777061.2652495,0.826541432392935,0.17345856760706502,22,0,[],1
2022-11-02,P3-1,30490037.26524949,0.0,0.0,146017718.0,176507755.2652495,0.8272595035870794,0.17274049641292055,22,0,[],1
2022-11-03,P3-1,30490037.26524949,0.0,0.0,148244787.0,178734824.2652495,0.8294118821522936,0.1705881178477065,22,0,[],1
2022-11-04,P3-1,30490037.26524949,4213649.357775,0.0,143935292.0,178638978.6230245,0.8057328423475906,0.1942671576524094,21,0,[],0
2022-11-07,P3-1,24704414.172106743,4084977.4814520003,0.0,147846510.0,176635901.65355873,0.8370127964697447,0.16298720353025534,22,0,[],0
2022-11-08,P3-1,28789391.653558742,0.0,0.0,147089742.0,175879133.65355873,0.8363114995195099,0.16368850048049016,22,0,[],0
2022-11-09,P3-1,28789391.653558742,0.0,0.0,147670300.0,176459691.65355873,0.8368500398942065,0.16314996010579358,22,0,[],0
2022-11-10,P3-1,28789391.653558742,0.0,0.0,156361972.0,185151363.65355873,0.8445088867537197,0.15549111324628037,22,0,[],0
2022-11-11,P3-1,28789391.653558742,0.0,0.0,163420826.0,192210217.65355873,0.850219244299234,0.14978075570076602,22,0,[],0
2022-11-14,P3-1,3833035.0755058434,0.0,0.0,190513011.0,194346046.07550585,0.9802772675189045,0.019722732481095406,27,0,[],0
2022-11-15,P3-1,3833035.0755058434,0.0,0.0,194139846.0,197972881.07550585,0.9806385851704408,0.019361414829559123,27,0,[],0
2022-11-16,P3-1,3833035.0755058434,0.0,0.0,195510793.0,199343828.07550585,0.9807717393986535,0.019228260601346518,27,0,[],0
2022-11-17,P3-1,3833035.0755058434,0.0,0.0,198577121.0,202410156.07550585,0.9810630298902788,0.018936970109721132,27,0,[],0
2022-11-18,P3-1,3833035.0755058434,0.0,0.0,198576997.0,202410032.07550585,0.9810630182891528,0.01893698171084717,27,0,[],0
2022-11-21,P3-1,3833035.0755058434,0.0,0.0,209370420.0,213203455.07550585,0.982021702818332,0.017978297181667983,27,0,[],0
2022-11-22,P3-1,3833035.0755058434,0.0,0.0,198296806.0,202129841.07550585,0.9810367679749274,0.01896323202507248,27,0,[],0
2022-11-23,P3-1,3833035.0755058434,0.0,0.0,205634146.0,209467181.07550585,0.9817010232542148,0.018298976745785123,27,0,[],0
2022-11-24,P3-1,3833035.0755058434,0.0,0.0,215793313.0,219626348.07550585,0.9825474716076047,0.01745252839239523,27,0,[],0
2022-11-25,P3-1,3833035.0755058434,0.0,0.0,213489403.0,217322438.07550585,0.9823624513444207,0.01763754865557925,27,0,[],0
2022-11-28,P3-1,3833035.0755058434,0.0,0.0,202494330.0,206327365.07550585,0.9814225559750489,0.01857744402495102,27,0,[],0
2022-11-29,P3-1,3833035.0755058434,4036533.249177,0.0,204534606.0,212404174.32468283,0.962950029820726,0.03704997017927413,26,0,[],0
2022-11-30,P3-1,7869568.324682843,0.0,0.0,204540184.0,212409752.32468283,0.9629510027738573,0.03704899722614275,26,0,[],0
2022-12-01,P3-1,7869568.324682843,11999761.19078625,0.0,193035338.0,212904667.5154691,0.9066749933322835,0.09332500666771638,24,0,[],0
2022-12-02,P3-1,19869329.515469093,0.0,0.0,191800056.0,211669385.5154691,0.9061303576467509,0.09386964235324911,24,0,[],0
2022-12-05,P3-1,16634.169785897247,0.0,0.0,208334163.0,208350797.1697859,0.9999201626775043,7.983732249578098e-05,28,0,[],0
2022-12-06,P3-1,16634.169785897247,0.0,0.0,198534187.0,198550821.1697859,0.9999162221053135,8.377789468658477e-05,28,0,[],0
2022-12-07,P3-1,16634.169785897247,0.0,0.0,196581089.0,196597723.1697859,0.9999153898147054,8.46101852946264e-05,28,0,[],0
2022-12-08,P3-1,16634.169785897247,0.0,0.0,198763318.0,198779952.1697859,0.9999163186749754,8.368132502461485e-05,28,0,[],0
2022-12-09,P3-1,16634.169785897247,3794645.7037521,0.0,192105777.0,195917056.873538,0.980546462189874,0.0194535378101261,27,0,[],0
2022-12-12,P3-1,3811279.8735379972,0.0,0.0,190848901.0,194660180.873538,0.9804208551721525,0.019579144827847537,27,0,[],0
2022-12-13,P3-1,3811279.8735379972,0.0,0.0,186288161.0,190099440.873538,0.9799511252846167,0.0200488747153834,27,0,[],0
2022-12-14,P3-1,3811279.8735379972,0.0,0.0,186814111.0,190625390.873538,0.9800064416598814,0.01999355834011862,27,0,[],0
2022-12-15,P3-1,3811279.8735379972,0.0,0.0,184332480.0,188143759.873538,0.9797427250518446,0.02025727494815546,27,0,[],0
2022-12-16,P3-1,3811279.8735379972,0.0,0.0,185540338.0,189351617.873538,0.9798719445001869,0.020128055499813217,27,0,[],0
2022-12-19,P3-1,3811279.8735379972,0.0,0.0,198826391.0,202637670.873538,0.981191651793528,0.018808348206472127,27,0,[],0
2022-12-20,P3-1,3811279.8735379972,0.0,0.0,204430835.0,208242114.873538,0.9816978430330843,0.01830215696691577,27,0,[],0
2022-12-21,P3-1,3811279.8735379972,4059526.77963,0.0,198987248.0,206858054.653168,0.961950688038884,0.03804931196111612,26,0,[],0
2022-12-22,P3-1,7870806.653167997,0.0,0.0,203983114.0,211853920.653168,0.9628479537744619,0.037152046225538186,26,0,[],0
2022-12-23,P3-1,7870806.653167997,0.0,0.0,193385697.0,201256503.653168,0.9608916655596282,0.03910833444037177,26,0,[],0
2022-12-26,P3-1,2918116.8611179963,4150771.7408325,0.0,191715755.0,198784643.6019505,0.96443946336164,0.03556053663836001,26,0,[],0
2022-12-27,P3-1,7068888.601950496,0.0,0.0,197819499.0,204888387.6019505,0.9654988323902296,0.03450116760977039,26,0,[],0
2022-12-28,P3-1,7068888.601950496,0.0,0.0,198423365.0,205492253.6019505,0.9656002186065694,0.03439978139343059,26,0,[],0
2022-12-29,P3-1,7068888.601950496,0.0,0.0,191935049.0,199003937.6019505,0.9644786495828552,0.03552135041714477,26,0,[],0
2023-01-02,P3-1,7068888.601950496,0.0,0.0,195758412.0,202827300.6019505,0.9651482390143168,0.0348517609856832,26,0,[],0
2023-01-03,P3-1,7068888.601950496,0.0,0.0,198361829.0,205430717.6019505,0.9655899142812351,0.034410085718764874,26,0,[],0
2023-01-04,P3-1,7068888.601950496,4166032.1734242,0.0,194618241.0,205853161.7753747,0.9454226465191039,0.054577353480896006,25,0,[],0
2023-01-05,P3-1,11234920.775374696,0.0,0.0,190617862.0,201852782.7753747,0.9443410161559321,0.05565898384406774,25,0,[],0
2023-01-06,P3-1,11234920.775374696,0.0,0.0,190138606.0,201373526.7753747,0.9442085513658065,0.05579144863419344,25,0,[],0
2023-01-09,P3-1,1277641.567498697,0.0,0.0,203716886.0,204994527.56749868,0.9937674357327515,0.006232564267248584,27,0,[],0
2023-01-10,P3-1,1277641.567498697,0.0,0.0,201913736.0,203191377.56749868,0.9937121270459705,0.006287872954029626,27,0,[],0
2023-01-11,P3-1,1277641.567498697,0.0,0.0,202126094.0,203403735.56749868,0.9937186917244462,0.0062813082755538525,27,0,[],0
2023-01-12,P3-1,1277641.567498697,0.0,0.0,206213781.0,207491422.56749868,0.9938424367056279,0.006157563294372178,27,0,[],0
2023-01-13,P3-1,1277641.567498697,0.0,0.0,207007564.0,208285205.56749868,0.9938659034182596,0.006134096581740432,27,0,[],0
2023-01-16,P3-1,1277641.567498697,0.0,0.0,204011078.0,205288719.56749868,0.9937763674000675,0.006223632599932555,27,0,[],0
2023-01-17,P3-1,1277641.567498697,0.0,0.0,201576724.0,202854365.56749868,0.9937016806913452,0.006298319308654803,27,0,[],0
2023-01-18,P3-1,1277641.567498697,0.0,0.0,194618602.0,195896243.56749868,0.9934779680088227,0.006522031991177352,27,0,[],0
2023-01-19,P3-1,1277641.567498697,0.0,0.0,192553564.0,193831205.56749868,0.9934084836146068,0.00659151638539326,27,0,[],0
2023-01-20,P3-1,1277641.567498697,0.0,0.0,191624159.0,192901800.56749868,0.993376725547714,0.0066232744522860725,27,0,[],0
2023-01-25,P3-1,1277641.567498697,0.0,0.0,191419922.0,192697563.56749868,0.9933697056473101,0.006630294352689938,27,0,[],0
2023-01-26,P3-1,1277641.567498697,0.0,0.0,194484951.0,195762592.56749868,0.993473515288381,0.006526484711619089,27,0,[],0
2023-01-27,P3-1,1277641.567498697,0.0,0.0,195606758.0,196884399.56749868,0.9935107018620809,0.006489298137919139,27,0,[],0
2023-01-30,P3-1,1277641.567498697,0.0,0.0,201397418.0,202675059.56749868,0.9936961085876815,0.006303891412318508,27,0,[],0
2023-01-31,P3-1,1277641.567498697,0.0,0.0,198234383.0,199512024.56749868,0.9935961675980766,0.006403832401923457,27,0,[],0
2023-02-01,P3-1,1277641.567498697,0.0,0.0,197506475.0,198784116.56749868,0.9935727180342155,0.006427281965784544,27,0,[],0
2023-02-02,P3-1,1277641.567498697,0.0,0.0,197950065.0,199227706.56749868,0.9935870286843571,0.006412971315642937,27,0,[],0
2023-02-03,P3-1,1277641.567498697,0.0,0.0,197504369.0,198782010.56749868,0.9935726499402477,0.00642735005975231,27,0,[],0
2023-02-06,P3-1,1277641.567498697,0.0,0.0,197032547.0,198310188.56749868,0.9935573579112209,0.006442642088779151,27,0,[],0
2023-02-07,P3-1,1277641.567498697,0.0,0.0,199315941.0,200593582.56749868,0.9936306957024971,0.006369304297503023,27,0,[],0
2023-02-08,P3-1,1277641.567498697,0.0,0.0,198392334.0,199669975.56749868,0.9936012334159535,0.006398766584046527,27,0,[],0
2023-02-09,P3-1,1277641.567498697,0.0,0.0,197750638.0,199028279.56749868,0.9935806028657079,0.006419397134292145,27,0,[],0
2023-02-10,P3-1,1277641.567498697,0.0,0.0,195849121.0,197126762.56749868,0.9935186803107914,0.006481319689208696,27,0,[],0
2023-02-13,P3-1,1277641.567498697,0.0,0.0,196217908.0,197495549.56749868,0.9935307829958872,0.006469217004112963,27,0,[],0
2023-02-14,P3-1,1277641.567498697,0.0,0.0,194226992.0,195504633.56749868,0.9934649039043999,0.006535096095600141,27,0,[],0
2023-02-15,P3-1,1277641.567498697,0.0,0.0,193521811.0,194799452.56749868,0.9934412466223129,0.006558753377687187,27,0,[],0
2023-02-16,P3-1,1277641.567498697,8352354.9887955,0.0,189904414.0,199534410.5562942,0.9517376650501227,0.048262334949877264,25,0,[],0
2023-02-17,P3-1,9629996.556294197,0.0,0.0,188258965.0,197888961.5562942,0.9513363631778182,0.0486636368221818,25,0,[],0
2023-02-20,P3-1,4672200.898479197,0.0,0.0,196133209.0,200805409.8984792,0.976732694100018,0.023267305899982042,26,0,[],0
2023-02-21,P3-1,4672200.898479197,0.0,0.0,198100134.0,202772334.8984792,0.9769583907941959,0.023041609205804135,26,0,[],0
2023-02-22,P3-1,4672200.898479197,0.0,0.0,197963478.0,202635678.8984792,0.9769428517037221,0.02305714829627796,26,0,[],0
2023-02-23,P3-1,4672200.898479197,0.0,0.0,197865806.0,202538006.8984792,0.976931732616382,0.02306826738361806,26,0,[],0
2023-02-24,P3-1,4672200.898479197,0.0,0.0,203859224.0,208531424.8984792,0.977594739494281,0.02240526050571897,26,0,[],0
2023-02-27,P3-1,4672200.898479197,0.0,0.0,206360888.0,211033088.8984792,0.9778603397084955,0.022139660291504493,26,0,[],1
2023-02-28,P3-1,4672200.898479197,0.0,0.0,207166417.0,211838617.8984792,0.9779445270893984,0.02205547291060163,26,0,[],1
2023-03-02,P3-1,4672200.898479197,33951865.5061425,0.0,173887562.0,212511628.4046217,0.8182496332338033,0.18175036676619666,23,0,[],1
2023-03-03,P3-1,38624066.40462169,0.0,0.0,175013421.0,213637487.4046217,0.8192074486839985,0.1807925513160015,23,0,[],1
2023-03-06,P3-1,3980297.6496763434,0.0,0.0,210900974.0,214881271.64967635,0.9814767586811126,0.018523241318887357,30,0,[],1
2023-03-07,P3-1,3980297.6496763434,0.0,0.0,228085141.0,232065438.64967635,0.9828483824526539,0.017151617547346034,30,0,[],1
2023-03-08,P3-1,3980297.6496763434,0.0,0.0,231690454.0,235670751.64967635,0.983110769487454,0.01688923051254591,30,0,[],1
2023-03-09,P3-1,3980297.6496763434,0.0,0.0,221037848.0,225018145.64967635,0.9823112147769933,0.017688785223006608,30,0,[],1
2023-03-10,P3-1,3980297.6496763434,0.0,0.0,215793254.0,219773551.64967635,0.9818890962092608,0.01811090379073921,30,0,[],1
2023-03-13,P3-1,3980297.6496763434,0.0,0.0,215109701.0,219089998.64967635,0.9818325908338663,0.01816740916613367,30,0,[],1
2023-03-14,P3-1,3980297.6496763434,0.0,0.0,203979375.0,207959672.64967635,0.9808602427626366,0.01913975723736329,30,0,[],1
2023-03-15,P3-1,3980297.6496763434,4201063.845884999,0.0,205444954.0,213626315.49556133,0.9617024640593432,0.03829753594065677,29,0,[],1
2023-03-16,P3-1,8181361.495561343,4124851.5794400005,0.0,203011430.0,215317643.07500136,0.9428462391690088,0.05715376083099114,28,0,[],1
2023-03-17,P3-1,12306213.075001344,0.0,0.0,199933129.0,212239342.07500136,0.9420172859815379,0.05798271401846205,28,0,[],1
2023-03-20,P3-1,2325333.7546393955,0.0,0.0,210460016.0,212785349.7546394,0.9890719273797717,0.010928072620228385,30,0,[],1
2023-03-21,P3-1,2325333.7546393955,0.0,0.0,217441722.0,219767055.7546394,0.9894190976593165,0.010580902340683547,30,0,[],1
2023-03-22,P3-1,2325333.7546393955,0.0,0.0,219784498.0,222109831.7546394,0.9895307031828823,0.010469296817117706,30,0,[],1
2023-03-23,P3-1,2325333.7546393955,0.0,0.0,223223531.0,225548864.7546394,0.9896903327038734,0.010309667296126637,30,0,[],1
2023-03-24,P3-1,2325333.7546393955,0.0,0.0,227978982.0,230304315.7546394,0.9899032124212699,0.010096787578730176,30,0,[],1
2023-03-27,P3-1,2325333.7546393955,0.0,0.0,235456485.0,237781818.7546394,0.9902207251722688,0.009779274827731234,30,0,[],1
2023-03-28,P3-1,2325333.7546393955,0.0,0.0,239263798.0,241589131.7546394,0.9903748412118099,0.00962515878819015,30,0,[],2
2023-03-29,P3-1,2325333.7546393955,0.0,0.0,253591073.0,255916406.7546394,0.9909136980151929,0.009086301984807157,30,0,[],1
2023-03-30,P3-1,2325333.7546393955,0.0,0.0,252966975.0,255292308.7546394,0.9908914852704228,0.00910851472957717,30,0,[],2
2023-03-31,P3-1,2325333.7546393955,0.0,0.0,271177362.0,273502695.7546394,0.9914979494142703,0.008502050585729743,30,0,[],0
2023-04-03,P3-1,2325333.7546393955,7573553.5245408,0.0,294930350.0,304829237.27918017,0.9675264506530448,0.032473549346955274,29,0,[],0
2023-04-04,P3-1,9898887.279180195,0.0,0.0,291631511.0,301530398.27918017,0.9671711796367044,0.032828820363295645,29,0,[],0
2023-04-05,P3-1,9898887.279180195,0.0,0.0,294837590.0,304736477.27918017,0.9675165658946978,0.03248343410530228,29,0,[],0
2023-04-06,P3-1,9898887.279180195,0.0,0.0,289910251.0,299809138.27918017,0.9669827032758341,0.033017296724165965,29,0,[],0
2023-04-07,P3-1,9898887.279180195,0.0,0.0,298347183.0,308246070.27918017,0.9678864120791072,0.03211358792089294,29,0,[],0
2023-04-10,P3-1,59523.53597119637,0.0,0.0,307690974.0,307750497.5359712,0.9998065850861402,0.0001934149138596892,31,0,[],0
2023-04-11,P3-1,59523.53597119637,0.0,0.0,305405225.0,305464748.5359712,0.9998051377900183,0.0001948622099816108,31,0,[],0
2023-04-12,P3-1,59523.53597119637,0.0,0.0,290526968.0,290586491.5359712,0.9997951606915497,0.00020483930845019356,31,0,[],0
2023-04-13,P3-1,59523.53597119637,0.0,0.0,303540582.0,303600105.5359712,0.9998039409905141,0.00019605900948589718,31,0,[],0
2023-04-14,P3-1,59523.53597119637,0.0,0.0,305532307.0,305591830.5359712,0.9998052188245123,0.00019478117548757525,31,0,[],0
2023-04-17,P3-1,59523.53597119637,0.0,0.0,305957657.0,306017180.5359712,0.9998054895615109,0.00019451043848892527,31,0,[],0
2023-04-18,P3-1,59523.53597119637,0.0,0.0,298784334.0,298843857.5359712,0.9998008206142766,0.0001991793857233008,31,0,[],0
2023-04-19,P3-1,59523.53597119637,0.0,0.0,296900841.0,296960364.5359712,0.9997995573043418,0.00020044269565808065,31,0,[],0
2023-04-20,P3-1,59523.53597119637,0.0,0.0,291038203.0,291097726.5359712,0.9997955204367979,0.00020447956320208838,31,0,[],0
2023-04-21,P3-1,59523.53597119637,0.0,0.0,277906623.0,277966146.5359712,0.9997858604844043,0.0002141395155956285,31,0,[],0
2023-04-24,P3-1,59523.53597119637,0.0,0.0,282643852.0,282703375.5359712,0.9997894487964342,0.00021055120356574088,31,0,[],0
2023-04-25,P3-1,59523.53597119637,0.0,0.0,272933262.0,272992785.5359712,0.9997819593076266,0.00021804069237336377,31,0,[],0
2023-04-26,P3-1,59523.53597119637,0.0,0.0,268389323.0,268448846.5359712,0.9997782686096837,0.00022173139031618234,31,0,[],0
2023-04-27,P3-1,59523.53597119637,4200765.18969015,0.0,268299745.0,272560033.72566134,0.9843693564774452,0.015630643522554874,30,0,[],0
2023-04-28,P3-1,4260288.725661347,0.0,0.0,258866869.0,263127157.72566134,0.9838090117246538,0.016190988275346176,30,0,[],0
2023-05-02,P3-1,4260288.725661347,21327548.287814997,0.0,241356904.0,266944741.01347634,0.9041455661709981,0.095854433829002,29,0,[],0
2023-05-03,P3-1,25587837.013476342,0.0,0.0,236007846.0,261595683.01347634,0.9021855532219996,0.09781444677800039,29,0,[],0
2023-05-04,P3-1,25587837.013476342,4158162.23309235,0.0,230530415.0,260276414.24656868,0.8857138118616108,0.11428618813838927,28,0,[],0
2023-05-08,P3-1,29745999.24656869,0.0,0.0,232445215.0,262191214.24656868,0.8865484515488186,0.11345154845118148,28,0,[],0
2023-05-09,P3-1,29745999.24656869,0.0,0.0,231439004.0,261185003.24656868,0.8861113812936369,0.11388861870636319,28,0,[],0
2023-05-10,P3-1,29745999.24656869,0.0,0.0,227601036.0,257347035.24656868,0.8844128932044291,0.11558710679557094,28,0,[],0
2023-05-11,P3-1,29745999.24656869,0.0,0.0,225558519.0,255304518.24656868,0.8834881597440414,0.11651184025595865,28,0,[],0
2023-05-12,P3-1,29745999.24656869,0.0,0.0,223875546.0,253621545.24656868,0.8827150145400704,0.11728498545992963,28,0,[],0
2023-05-15,P3-1,4787711.4498764435,0.0,0.0,252306617.0,257094328.44987646,0.9813776076713031,0.018622392328696835,33,0,[],0
2023-05-16,P3-1,4787711.4498764435,0.0,0.0,248289058.0,253076769.44987646,0.9810819797475536,0.01891802025244629,33,0,[],0
2023-05-17,P3-1,4787711.4498764435,0.0,0.0,251846610.0,256634321.44987646,0.9813442277602314,0.01865577223976855,33,0,[],0
2023-05-18,P3-1,4787711.4498764435,0.0,0.0,252562477.0,257350188.44987646,0.981396122230511,0.01860387776948893,33,0,[],0
2023-05-19,P3-1,4787711.4498764435,0.0,0.0,250121937.0,254909648.44987646,0.9812180061484889,0.01878199385151113,33,0,[],0
2023-05-22,P3-1,4787711.4498764435,0.0,0.0,251505309.0,256293020.44987646,0.9813193841897353,0.01868061581026465,33,0,[],0
2023-05-23,P3-1,4787711.4498764435,0.0,0.0,256129319.0,260917030.44987646,0.9816504448114352,0.018349555188564775,33,0,[],0
2023-05-24,P3-1,4787711.4498764435,0.0,0.0,265368075.0,270155786.4498764,0.9822779607544526,0.017722039245547442,33,0,[],0
2023-05-25,P3-1,4787711.4498764435,0.0,0.0,265384196.0,270171907.4498764,0.9822790182181889,0.017720981781811206,33,0,[],0
2023-05-26,P3-1,4787711.4498764435,0.0,0.0,260181804.0,264969515.44987646,0.9819310857637805,0.018068914236219456,33,0,[],0
2023-05-30,P3-1,4787711.4498764435,0.0,0.0,255032208.0,259819919.44987646,0.9815729623039927,0.01842703769600726,33,0,[],0
2023-05-31,P3-1,4787711.4498764435,0.0,0.0,258408064.0,263195775.44987646,0.9818093149797222,0.018190685020277708,33,0,[],0
2023-06-01,P3-1,4787711.4498764435,10008868.054558499,0.0,248667845.0,263464424.50443494,0.9438384156332809,0.0561615843667192,32,0,[],0
2023-06-02,P3-1,14796579.504434943,0.0,0.0,251757105.0,266553684.50443494,0.944489307915799,0.05551069208420099,32,0,[],0
2023-06-05,P3-1,285318.5517464448,0.0,0.0,275929883.0,276215201.5517464,0.9989670425445684,0.001032957455431695,35,0,[],0
2023-06-07,P3-1,285318.5517464448,0.0,0.0,275760561.0,276045879.5517464,0.9989664089454632,0.0010335910545368606,35,0,[],0
2023-06-08,P3-1,285318.5517464448,0.0,0.0,274614464.0,274899782.5517464,0.9989620997546889,0.0010379002453111696,35,0,[],0
2023-06-09,P3-1,285318.5517464448,0.0,0.0,274294818.0,274580136.5517464,0.9989608915075594,0.0010391084924406928,35,0,[],0
2023-06-12,P3-1,285318.5517464448,0.0,0.0,273441404.0,273726722.5517464,0.9989576518175258,0.001042348182474245,35,0,[],0
2023-06-13,P3-1,285318.5517464448,0.0,0.0,274571576.0,274856894.5517464,0.9989619378032639,0.0010380621967360864,35,0,[],0
2023-06-14,P3-1,285318.5517464448,0.0,0.0,268714501.0,268999819.5517464,0.9989393355273551,0.0010606644726449683,35,0,[],0
2023-06-15,P3-1,285318.5517464448,0.0,0.0,268866235.0,269151553.5517464,0.9989399334762095,0.0010600665237906202,35,0,[],0
2023-06-16,P3-1,285318.5517464448,4260735.153845999,0.0,263226529.0,267772582.70559245,0.9830227065831056,0.01697729341689432,34,0,[],0
2023-06-19,P3-1,4546053.705592444,4237701.669387,0.0,255751856.0,264535611.37497944,0.9667955655220708,0.03320443447792919,33,0,[],0
2023-06-20,P3-1,8783755.374979444,0.0,0.0,251925079.0,260708834.37497944,0.9663081790226346,0.03369182097736551,33,0,[],0
2023-06-21,P3-1,8783755.374979444,0.0,0.0,248584890.0,257368645.37497944,0.965870918882983,0.03412908111701696,33,0,[],0
2023-06-22,P3-1,8783755.374979444,0.0,0.0,253321390.0,262105145.37497944,0.9664876652367392,0.03351233476326078,33,0,[],0
2023-06-23,P3-1,8783755.374979444,4187379.5988300005,0.0,244202885.0,257174019.97380945,0.9495628097459828,0.05043719025401719,32,0,[],0
2023-06-26,P3-1,2981138.179031444,0.0,0.0,254070673.0,257051811.17903143,0.9884025785877263,0.011597421412273733,34,0,[],0
2023-06-27,P3-1,2981138.179031444,0.0,0.0,256604632.0,259585770.17903143,0.9885157873754967,0.011484212624503295,34,0,[],0
2023-06-28,P3-1,2981138.179031444,0.0,0.0,253768582.0,256749720.17903143,0.9883889330942496,0.011611066905750464,34,0,[],0
2023-06-29,P3-1,2981138.179031444,0.0,0.0,247772927.0,250754065.17903143,0.9881113066824939,0.011888693317506116,34,0,[],0
2023-06-30,P3-1,2981138.179031444,7948548.8398048505,0.0,242453712.0,253383399.0188363,0.9568650232763521,0.043134976723647904,32,0,[],0
2023-07-03,P3-1,939894.4586888943,0.0,0.0,255963928.0,256903822.45868888,0.9963414539741229,0.0036585460258771857,34,0,[],0
2023-07-04,P3-1,939894.4586888943,0.0,0.0,257039690.0,257979584.45868888,0.9963567099285743,0.003643290071425798,34,0,[],0
2023-07-05,P3-1,939894.4586888943,0.0,0.0,260530860.0,261470754.45868888,0.9964053553115922,0.003594644688407755,34,0,[],0
2023-07-06,P3-1,939894.4586888943,0.0,0.0,258085012.0,259024906.45868888,0.9963714128052825,0.0036285871947174904,34,0,[],0
2023-07-07,P3-1,939894.4586888943,0.0,0.0,258757971.0,259697865.45868888,0.9963808156180691,0.003619184381930959,34,0,[],0
2023-07-10,P3-1,939894.4586888943,3170901.7413828005,0.0,253771141.0,257881937.2000717,0.9840593868469258,0.01594061315307411,33,0,[],0
2023-07-11,P3-1,4110796.200071695,0.0,0.0,262166708.0,266277504.2000717,0.984561984639217,0.015438015360783106,33,0,[],0
2023-07-12,P3-1,4110796.200071695,0.0,0.0,260571796.0,264682592.2000717,0.9844689589674096,0.01553104103259036,33,0,[],0
2023-07-13,P3-1,4110796.200071695,0.0,0.0,259311192.0,263421988.2000717,0.9843946352840163,0.015605364715983781,33,0,[],0
2023-07-14,P3-1,4110796.200071695,0.0,0.0,262931192.0,267041988.2000717,0.9846061803696884,0.015393819630311572,33,0,[],0
2023-07-17,P3-1,4110796.200071695,0.0,0.0,262308691.0,266419487.2000717,0.9845702120243756,0.015429787975624438,33,0,[],0
2023-07-18,P3-1,4110796.200071695,0.0,0.0,258219868.0,262330664.2000717,0.9843297152751593,0.015670284724840687,33,0,[],0
2023-07-19,P3-1,4110796.200071695,0.0,0.0,254111631.0,258222427.2000717,0.9840804060102547,0.01591959398974526,33,0,[],0
2023-07-20,P3-1,4110796.200071695,4217025.471282,0.0,250362812.0,258690633.6713537,0.9678077959253308,0.03219220407466914,32,0,[],0
2023-07-21,P3-1,8327821.671353694,0.0,0.0,247551621.0,255879442.6713537,0.9674541198604618,0.03254588013953812,32,0,[],0
2023-07-24,P3-1,3331982.307838694,0.0,0.0,255923909.0,259255891.3078387,0.9871479012838233,0.0128520987161766,33,0,[],0
2023-07-25,P3-1,3331982.307838694,8344506.024316801,0.0,248395903.0,260072391.3321555,0.9551029301020935,0.044897069897906566,31,0,[],0
2023-07-26,P3-1,11676488.332155496,4291060.2444,0.0,227207462.0,243175010.5765555,0.9343372144255396,0.06566278557446037,30,0,[],0
2023-07-27,P3-1,15967548.576555496,0.0,0.0,229267740.0,245235288.5765555,0.934888862572603,0.06511113742739712,30,0,[],0
2023-07-28,P3-1,15967548.576555496,0.0,0.0,230990334.0,246957882.5765555,0.9353430293053892,0.06465697069461085,30,0,[],0
2023-07-31,P3-1,5983478.590665498,0.0,0.0,247595607.0,253579085.5906655,0.9764038955471107,0.023596104452889295,32,0,[],0
2023-08-01,P3-1,5983478.590665498,8267674.470778801,0.0,239946092.0,254197245.06144428,0.9439366344902774,0.05606336550972267,31,0,[],0
2023-08-02,P3-1,14251153.061444297,0.0,0.0,232778292.0,247029445.06144428,0.9423099013241132,0.057690098675886876,31,0,[],0
2023-08-03,P3-1,14251153.061444297,0.0,0.0,236511757.0,250762910.06144428,0.9431688160822813,0.056831183917718714,31,0,[],0
2023-08-04,P3-1,14251153.061444297,4222933.6699192505,0.0,234715797.0,253189883.73136353,0.9270346569179491,0.07296534308205102,30,0,[],0
2023-08-07,P3-1,3493046.082289053,0.0,0.0,243388840.0,246881886.08228904,0.985851347226322,0.014148652773678074,33,0,[],0
2023-08-08,P3-1,3493046.082289053,0.0,0.0,239206092.0,242699138.08228904,0.9856075052021623,0.01439249479783776,33,0,[],0
2023-08-09,P3-1,3493046.082289053,0.0,0.0,241002418.0,244495464.08228904,0.9857132479107531,0.014286752089246981,33,0,[],0
2023-08-10,P3-1,3493046.082289053,0.0,0.0,236199321.0,239692367.08228904,0.9854269615473827,0.014573038452617273,33,0,[],0
2023-08-11,P3-1,3493046.082289053,0.0,0.0,236246891.0,239739937.08228904,0.9854298531784044,0.014570146821595643,33,0,[],0
2023-08-14,P3-1,3493046.082289053,0.0,0.0,235519677.0,239012723.08228904,0.9853855224222251,0.014614477577774978,33,0,[],0
2023-08-16,P3-1,3493046.082289053,0.0,0.0,227915242.0,231408288.08228904,0.9849052680384252,0.015094731961574868,33,0,[],0
2023-08-17,P3-1,3493046.082289053,0.0,0.0,225733703.0,229226749.08228904,0.9847616122626461,0.015238387737353903,33,0,[],0
2023-08-18,P3-1,3493046.082289053,4085047.4009625,0.0,219935509.0,227513602.48325154,0.9666916905163532,0.033308309483646874,32,0,[],0
2023-08-21,P3-1,2622400.2407515543,0.0,0.0,225898934.0,228521334.24075156,0.9885244839416664,0.011475516058333555,33,0,[],0
2023-08-22,P3-1,2622400.2407515543,0.0,0.0,224684156.0,227306556.24075156,0.9884631561705856,0.01153684382941441,33,0,[],0
2023-08-23,P3-1,2622400.2407515543,0.0,0.0,223951576.0,226573976.24075156,0.9884258541768051,0.011574145823194895,33,0,[],0
2023-08-24,P3-1,2622400.2407515543,0.0,0.0,226588020.0,229210420.24075156,0.988558983321975,0.011441016678024985,33,0,[],0
2023-08-25,P3-1,2622400.2407515543,0.0,0.0,222990179.0,225612579.24075156,0.9883765335710595,0.0116234664289405,33,0,[],0
2023-08-28,P3-1,2622400.2407515543,0.0,0.0,225334898.0,227957298.24075156,0.988496090009007,0.011503909990993006,33,0,[],0
2023-08-29,P3-1,2622400.2407515543,0.0,0.0,227014283.0,229636683.24075156,0.9885802207045369,0.011419779295463105,33,0,[],0
2023-08-30,P3-1,2622400.2407515543,0.0,0.0,226538191.0,229160591.24075156,0.9885564955712803,0.011443504428719652,33,0,[],0
2023-08-31,P3-1,2622400.2407515543,0.0,0.0,226828141.0,229450541.24075156,0.9885709563962196,0.011429043603780364,33,0,[],0
2023-09-01,P3-1,2622400.2407515543,12643844.738760002,0.0,210348638.0,225614882.97951156,0.9323349382899624,0.06766506171003757,31,0,[],0
2023-09-04,P3-1,315399.01896105893,0.0,0.0,224975197.0,225290596.01896107,0.9986000346905979,0.0013999653094020582,34,0,[],0
2023-09-05,P3-1,315399.01896105893,0.0,0.0,226294416.0,226609815.01896107,0.9986081846501896,0.0013918153498102834,34,0,[],0
2023-09-06,P3-1,315399.01896105893,0.0,0.0,223000870.0,223316269.01896107,0.9985876576733678,0.0014123423266321873,34,0,[],0
2023-09-07,P3-1,315399.01896105893,0.0,0.0,218096337.0,218411736.01896107,0.998555942896156,0.0014440571038438982,34,0,[],0
2023-09-08,P3-1,315399.01896105893,4259097.0396,0.0,214591231.0,219165727.05856106,0.9791276851542634,0.020872314845736595,33,0,[],0
2023-09-11,P3-1,4574496.058561059,0.0,0.0,214972634.0,219547130.05856106,0.9791639450839513,0.020836054916048674,33,0,[],0
2023-09-12,P3-1,4574496.058561059,0.0,0.0,211645332.0,216219828.05856106,0.9788433091468276,0.021156690853172358,33,0,[],0
2023-09-13,P3-1,4574496.058561059,0.0,0.0,211566692.0,216141188.05856106,0.9788356115757,0.021164388424299997,33,0,[],0
2023-09-14,P3-1,4574496.058561059,0.0,0.0,214787426.0,219361922.05856106,0.9791463531335222,0.0208536468664778,33,0,[],0
2023-09-15,P3-1,4574496.058561059,0.0,0.0,216967241.0,221541737.05856106,0.9793515383633926,0.020648461636607385,33,0,[],0
2023-09-18,P3-1,4574496.058561059,0.0,0.0,217431228.0,222005724.05856106,0.9793946931865848,0.02060530681341527,33,0,[],0
2023-09-19,P3-1,4574496.058561059,0.0,0.0,218877095.0,223451591.05856106,0.9795280219895046,0.02047197801049534,33,0,[],0
2023-09-20,P3-1,4574496.058561059,0.0,0.0,215376045.0,219950541.05856106,0.9792021604650515,0.020797839534948518,33,0,[],0
2023-09-21,P3-1,4574496.058561059,0.0,0.0,209827456.0,214401952.05856106,0.9786639253297862,0.021336074670213805,33,0,[],0
2023-09-22,P3-1,4574496.058561059,0.0,0.0,208802063.0,213376559.05856106,0.9785613936285026,0.0214386063714974,33,0,[],0
2023-09-25,P3-1,4574496.058561059,0.0,0.0,205803573.0,210378069.05856106,0.9782558320882406,0.021744167911759364,33,0,[],0
2023-09-26,P3-1,4574496.058561059,4258997.154585,0.0,200533122.0,209366615.21314606,0.9578084920360722,0.042191507963927795,32,0,[],0
2023-09-27,P3-1,8833493.213146059,3369411.2224934995,0.0,200293899.0,212496803.43563956,0.9425737035176835,0.05742629648231645,31,0,[],0
2023-10-04,P3-1,12202904.435639558,18643078.578681,0.0,174149727.0,204995710.01432055,0.8495286412961242,0.15047135870387593,28,0,[],0
2023-10-05,P3-1,30845983.01432056,0.0,0.0,174647676.0,205493659.01432055,0.8498932611240771,0.15010673887592293,28,0,[],0
2023-10-06,P3-1,30845983.01432056,8276132.733849,0.0,167545427.0,206667542.74816954,0.8107002423895803,0.18929975761041976,26,0,[],0
2023-10-10,P3-1,4216680.38311931,0.0,0.0,199069534.0,203286214.38311931,0.9792574208934186,0.020742579106581362,33,0,[],0
2023-10-11,P3-1,4216680.38311931,4122454.3390800003,0.0,199381693.0,207720827.72219932,0.9598541233748987,0.040145876625101176,32,0,[],0
2023-10-12,P3-1,8339134.722199311,0.0,0.0,201761356.0,210100490.72219932,0.9603088279635408,0.03969117203645919,32,0,[],0
2023-10-13,P3-1,8339134.722199311,0.0,0.0,198628208.0,206967342.72219932,0.9597079683561842,0.04029203164381573,32,0,[],0
2023-10-16,P3-1,3346634.1944345618,0.0,0.0,200331979.0,203678613.19443455,0.98356904467314,0.01643095532686005,33,0,[],0
2023-10-17,P3-1,3346634.1944345618,0.0,0.0,209349279.0,212695913.19443455,0.9842656394089939,0.015734360591006084,33,0,[],0
2023-10-18,P3-1,3346634.1944345618,0.0,0.0,208543850.0,211890484.19443455,0.9842058306338871,0.015794169366112873,33,0,[],0
2023-10-19,P3-1,3346634.1944345618,4141682.2044675,0.0,196521812.0,204010128.39890206,0.963294389069448,0.03670561093055203,32,0,[],0
2023-10-20,P3-1,7488316.398902062,4381466.171476499,0.0,187048519.0,198918301.57037857,0.9403283535166372,0.05967164648336269,31,0,[],0
2023-10-23,P3-1,6874774.161488061,4109269.5171,0.0,188261125.0,199245168.67858806,0.9448717188404857,0.05512828115951433,31,0,[],0
2023-10-24,P3-1,10984043.67858806,0.0,0.0,190003923.0,200987966.67858806,0.9453497447628131,0.05465025523718694,31,0,[],0
2023-10-25,P3-1,10984043.67858806,0.0,0.0,187818129.0,198802172.67858806,0.9447488750721732,0.05525112492782678,31,0,[],0
2023-10-26,P3-1,10984043.67858806,0.0,0.0,181868609.0,192852652.67858806,0.94304437338026,0.05695562661973999,31,0,[],0
2023-10-27,P3-1,10984043.67858806,0.0,0.0,182689495.0,193673538.67858806,0.9432857800114001,0.05671421998859993,31,0,[],0
2023-10-30,P3-1,10984043.67858806,0.0,0.0,181330674.0,192314717.67858806,0.9428850593902778,0.05711494060972226,31,0,[],0
2023-10-31,P3-1,10984043.67858806,0.0,0.0,178318417.0,189302460.67858806,0.9419762234510116,0.05802377654898842,31,0,[],0
2023-11-01,P3-1,10984043.67858806,60619461.47163674,0.0,120497536.0,192101041.1502248,0.6272612333515142,0.37273876664848576,23,0,[],0
2023-11-02,P3-1,71603505.1502248,0.0,0.0,121976118.0,193579623.1502248,0.6301082521756027,0.36989174782439727,23,0,[],0
2023-11-03,P3-1,71603505.1502248,0.0,0.0,124037539.0,195641044.1502248,0.6340057094806579,0.36599429051934207,23,0,[],0
2023-11-06,P3-1,36753448.405721806,0.0,0.0,161964650.0,198718098.4057218,0.8150473021803859,0.1849526978196141,30,0,[],0
2023-11-07,P3-1,36753448.405721806,0.0,0.0,161774061.0,198527509.4057218,0.8148697451766725,0.1851302548233274,30,0,[],0
2023-11-08,P3-1,36753448.405721806,0.0,0.0,161365073.0,198118521.4057218,0.8144875696378968,0.18551243036210313,30,0,[],0
2023-11-09,P3-1,36753448.405721806,0.0,0.0,161120178.0,197873626.4057218,0.8142579732664209,0.185742026733579,30,0,[],0
2023-11-10,P3-1,36753448.405721806,0.0,0.0,160368510.0,197121958.4057218,0.8135496993689822,0.18645030063101772,30,0,[],0
2023-11-13,P3-1,26912442.77626681,0.0,0.0,169292910.0,196205352.7762668,0.8628353284175937,0.1371646715824063,32,0,[],0
2023-11-14,P3-1,26912442.77626681,0.0,0.0,172423055.0,199335497.7762668,0.8649892112719773,0.13501078872802277,32,0,[],0
2023-11-15,P3-1,26912442.77626681,0.0,0.0,173144086.0,200056528.7762668,0.8654758085582683,0.13452419144173164,32,0,[],0
2023-11-16,P3-1,26912442.77626681,4043431.3083129004,0.0,169591806.0,200547680.0845797,0.8456433199749592,0.15435668002504077,31,0,[],0
2023-11-17,P3-1,30955874.08457971,0.0,0.0,169200743.0,200156617.0845797,0.845341740205877,0.15465825979412293,31,0,[],0
2023-11-20,P3-1,15964671.761482712,0.0,0.0,185951488.0,201916159.76148272,0.9209341551446834,0.07906584485531659,34,0,[],0
2023-11-21,P3-1,15964671.761482712,0.0,0.0,185974439.0,201939110.76148272,0.920943141220726,0.07905685877927401,34,0,[],0
2023-11-22,P3-1,15964671.761482712,0.0,0.0,184060127.0,200024798.76148272,0.9201865375676763,0.07981346243232372,34,0,[],0
2023-11-23,P3-1,15964671.761482712,0.0,0.0,184565213.0,200529884.76148272,0.9203875682645923,0.07961243173540768,34,0,[],0
2023-11-24,P3-1,15964671.761482712,0.0,0.0,182766960.0,198731631.76148272,0.9196671832260529,0.08033281677394707,34,0,[],0
2023-11-27,P3-1,1038123.7150727138,0.0,0.0,198667472.0,199705595.71507272,0.994801729459029,0.005198270540970934,37,0,[],0
2023-11-28,P3-1,1038123.7150727138,0.0,0.0,197947061.0,198985184.71507272,0.9947829095087697,0.005217090491230316,37,0,[],0
2023-11-29,P3-1,1038123.7150727138,0.0,0.0,193768201.0,194806324.71507272,0.9946709958386049,0.005329004161395132,37,0,[],0
2023-11-30,P3-1,1038123.7150727138,3478056.1533089997,0.0,191558723.0,196074902.8683817,0.9769670681850943,0.0230329318149058,36,0,[],0
2023-12-01,P3-1,4516179.8683817135,8180333.0159625,0.0,182223720.0,194920232.88434422,0.9348630324493934,0.0651369675506066,35,0,[],0
2023-12-04,P3-1,2712522.990466214,0.0,0.0,193237002.0,195949524.9904662,0.9861570320693649,0.013842967930635146,37,0,[],0
2023-12-05,P3-1,2712522.990466214,0.0,0.0,194931437.0,197643959.9904662,0.986275710167935,0.013724289832064984,37,0,[],0
2023-12-06,P3-1,2712522.990466214,0.0,0.0,195940659.0,198653181.9904662,0.9863454339704643,0.013654566029535804,37,0,[],0
2023-12-07,P3-1,2712522.990466214,0.0,0.0,195339928.0,198052450.9904662,0.9863040170575986,0.013695982942401397,37,0,[],0
2023-12-08,P3-1,2712522.990466214,0.0,0.0,196353236.0,199065758.9904662,0.9863737339649853,0.01362626603501471,37,0,[],0
2023-12-11,P3-1,2712522.990466214,0.0,0.0,197628114.0,200340636.9904662,0.9864604454133022,0.013539554586697741,37,0,[],0
2023-12-12,P3-1,2712522.990466214,0.0,0.0,196628460.0,199340982.9904662,0.9863925473338518,0.013607452666148157,37,0,[],0
2023-12-13,P3-1,2712522.990466214,0.0,0.0,194758735.0,197471257.9904662,0.9862637073462247,0.01373629265377533,37,0,[],0
2023-12-14,P3-1,2712522.990466214,8370598.98678525,0.0,186927404.0,198010525.97725147,0.9440276120547008,0.05597238794529919,35,0,[],0
2023-12-15,P3-1,11083121.977251463,0.0,0.0,185658958.0,196742079.97725147,0.9436667438987482,0.056333256101251755,35,0,[],0
2023-12-18,P3-1,1124731.4927089643,0.0,0.0,197333735.0,198458466.49270895,0.9943326605682995,0.005667339431700613,37,0,[],0
2023-12-19,P3-1,1124731.4927089643,0.0,0.0,197350456.0,198475187.49270895,0.9943331380263829,0.005666861973617139,37,0,[],0
2023-12-20,P3-1,1124731.4927089643,0.0,0.0,199097321.0,200222052.49270895,0.9943825793477474,0.005617420652252684,37,0,[],0
2023-12-21,P3-1,1124731.4927089643,0.0,0.0,198123756.0,199248487.49270895,0.9943551315903961,0.005644868409603969,37,0,[],0
2023-12-22,P3-1,1124731.4927089643,0.0,0.0,197847199.0,198971930.49270895,0.9943472856200178,0.0056527143799822484,37,0,[],0
2023-12-26,P3-1,1124731.4927089643,0.0,0.0,197508990.0,198633721.49270895,0.9943376608752194,0.005662339124780727,37,0,[],0
2023-12-27,P3-1,1124731.4927089643,0.0,0.0,194488141.0,195612872.49270895,0.9942502173891912,0.005749782610808939,37,0,[],0
2023-12-28,P3-1,1124731.4927089643,0.0,0.0,197012961.0,198137692.49270895,0.9943234854582232,0.005676514541776811,37,0,[],0
2024-01-02,P3-1,1124731.4927089643,5774952.02724,0.0,192490698.0,199390381.51994896,0.9653961065355671,0.034603893464432996,36,0,[],0
2024-01-03,P3-1,6899683.519948964,0.0,0.0,190114610.0,197014293.51994896,0.9649787667855159,0.03502123321448414,36,0,[],0
2024-01-04,P3-1,6899683.519948964,0.0,0.0,188620479.0,195520162.51994896,0.9647111406259956,0.035288859374004396,36,0,[],0
2024-01-05,P3-1,6899683.519948964,0.0,0.0,187982360.0,194882043.51994896,0.9645955912852346,0.03540440871476536,36,0,[],0
2024-01-08,P3-1,1995649.6251889644,0.0,0.0,192204165.0,194199814.62518898,0.9897237305347555,0.010276269465244462,37,0,[],0
2024-01-09,P3-1,1995649.6251889644,0.0,0.0,193848903.0,195844552.62518898,0.9898100325056869,0.010189967494313086,37,0,[],0
2024-01-10,P3-1,1995649.6251889644,0.0,0.0,194504487.0,196500136.62518898,0.9898440293250506,0.010155970674949373,37,0,[],0
2024-01-11,P3-1,1995649.6251889644,0.0,0.0,193385260.0,195380909.62518898,0.9897858514989138,0.01021414850108611,37,0,[],0
2024-01-12,P3-1,1995649.6251889644,0.0,0.0,192212829.0,194208478.62518898,0.9897241889781729,0.01027581102182697,37,0,[],0
2024-01-15,P3-1,1995649.6251889644,0.0,0.0,191981383.0,193977032.62518898,0.9897119282722245,0.010288071727775355,37,0,[],0
2024-01-16,P3-1,1995649.6251889644,0.0,0.0,190913181.0,192908830.62518898,0.9896549597096133,0.010345040290386704,37,0,[],0
2024-01-17,P3-1,1995649.6251889644,0.0,0.0,187140149.0,189135798.62518898,0.9894485885818805,0.010551411418119473,37,0,[],0
2024-01-18,P3-1,1995649.6251889644,0.0,0.0,188520554.0,190516203.62518898,0.9895250399324821,0.010474960067517905,37,0,[],0
2024-01-19,P3-1,1995649.6251889644,12395930.13153,0.0,177172000.0,191563579.75671896,0.9248730903076884,0.07512690969231164,34,0,[],0
2024-01-22,P3-1,4398018.867406965,0.0,0.0,187711107.0,192109125.86740696,0.9771066634781189,0.022893336521881122,36,0,[],0
2024-01-23,P3-1,4398018.867406965,0.0,0.0,189081509.0,193479527.86740696,0.9772688153838117,0.02273118461618824,36,0,[],0
2024-01-24,P3-1,4398018.867406965,0.0,0.0,188206349.0,192604367.86740696,0.9771655289228194,0.022834471077180642,36,0,[],0
2024-01-25,P3-1,4398018.867406965,0.0,0.0,188980868.0,193378886.86740696,0.9772569852963187,0.02274301470368133,36,0,[],0
2024-01-26,P3-1,4398018.867406965,0.0,0.0,189510101.0,193908119.86740696,0.9773190577557335,0.022680942244266512,36,0,[],0
2024-01-29,P3-1,4398018.867406965,4190975.4593700003,0.0,185731441.0,194320435.32677698,0.9557998400305486,0.04420015996945134,35,0,[],0
2024-01-30,P3-1,8588994.326776966,0.0,0.0,186642979.0,195231973.32677698,0.9560062105585502,0.04399378944144978,35,0,[],0
2024-01-31,P3-1,8588994.326776966,0.0,0.0,187147872.0,195736866.32677698,0.9561196902353698,0.04388030976463009,35,0,[],0
2024-02-01,P3-1,8588994.326776966,5626023.469875,0.0,185852005.0,200067022.79665196,0.9289487212937632,0.07105127870623688,34,0,[],0
2024-02-02,P3-1,14215017.796651967,0.0,0.0,189458794.0,203673811.79665196,0.930206943783012,0.06979305621698802,34,0,[],0
2024-02-05,P3-1,512491.94203436794,0.0,0.0,202518395.0,203030886.94203436,0.9974757932167204,0.0025242067832796553,37,0,[],0
2024-02-06,P3-1,512491.94203436794,0.0,0.0,202174714.0,202687205.94203436,0.9974715131147404,0.0025284868852597105,37,0,[],0
2024-02-07,P3-1,512491.94203436794,0.0,0.0,204669179.0,205181670.94203436,0.9975022528100029,0.002497747189997061,37,0,[],0
2024-02-08,P3-1,512491.94203436794,0.0,0.0,204947618.0,205460109.94203436,0.9975056377504181,0.0024943622495819514,37,0,[],0
2024-02-13,P3-1,512491.94203436794,0.0,0.0,208237379.0,208749870.94203436,0.9975449472628576,0.002455052737142418,37,0,[],0
2024-02-14,P3-1,512491.94203436794,0.0,0.0,209973818.0,210486309.94203436,0.9975652005958227,0.0024347994041774147,37,0,[],0
2024-02-15,P3-1,512491.94203436794,0.0,0.0,207110841.0,207623332.94203436,0.9975316264565628,0.0024683735434371857,37,0,[],0
2024-02-16,P3-1,512491.94203436794,0.0,0.0,210079603.0,210592094.94203436,0.9975664236486397,0.0024335763513603477,37,0,[],0
2024-02-19,P3-1,512491.94203436794,0.0,0.0,213670494.0,214182985.94203436,0.9976072238428263,0.002392776157173692,37,0,[],0
2024-02-20,P3-1,512491.94203436794,0.0,0.0,210950564.0,211463055.94203436,0.9975764469129074,0.0024235530870926726,37,0,[],0
2024-02-21,P3-1,512491.94203436794,0.0,0.0,211678794.0,212191285.94203436,0.9975847644272519,0.0024152355727481128,37,0,[],0
2024-02-22,P3-1,512491.94203436794,0.0,0.0,212582103.0,213094594.94203436,0.9975950026223154,0.002404997377684662,37,0,[],0
2024-02-23,P3-1,512491.94203436794,0.0,0.0,212182188.0,212694679.94203436,0.9975904806731695,0.0024095193268305407,37,0,[],0
2024-02-26,P3-1,512491.94203436794,0.0,0.0,208867820.0,209380311.94203436,0.9975523393900748,0.0024476606099251975,37,0,[],0
2024-02-27,P3-1,512491.94203436794,0.0,0.0,205987060.0,206499551.94203436,0.9975181934429658,0.002481806557034213,37,0,[],0
2024-02-28,P3-1,512491.94203436794,0.0,0.0,207688842.0,208201333.94203436,0.9975384790657631,0.002461520934236913,37,0,[],0
2024-02-29,P3-1,512491.94203436794,0.0,0.0,206576102.0,207088593.94203436,0.9975252526839898,0.0024747473160101623,37,0,[],0
2024-03-04,P3-1,512491.94203436794,8004505.424058001,0.0,199880466.0,208397463.36609238,0.9591309931103598,0.040869006889640194,36,0,[],0
2024-03-05,P3-1,8516997.366092369,0.0,0.0,200456328.0,208973325.36609238,0.9592436146997624,0.04075638530023756,36,0,[],0
2024-03-06,P3-1,8516997.366092369,0.0,0.0,200188163.0,208705160.36609238,0.9591912468711717,0.04080875312882822,36,0,[],0
2024-03-07,P3-1,8516997.366092369,0.0,0.0,199942156.0,208459153.36609238,0.9591430876094226,0.04085691239057737,36,0,[],0
2024-03-08,P3-1,8516997.366092369,0.0,0.0,200942009.0,209459006.36609238,0.9593381181652013,0.04066188183479857,36,0,[],0
2024-03-11,P3-1,3525470.9574235696,0.0,0.0,203892482.0,207417952.95742357,0.9830030578011382,0.016996942198861827,37,0,[],0
2024-03-12,P3-1,3525470.9574235696,0.0,0.0,202855806.0,206381276.95742357,0.9829176802789583,0.017082319721041718,37,0,[],0
2024-03-13,P3-1,3525470.9574235696,0.0,0.0,205425027.0,208950497.95742357,0.9831277216762512,0.01687227832374887,37,0,[],0
2024-03-14,P3-1,3525470.9574235696,0.0,0.0,208196150.0,211721620.95742357,0.9833485548548085,0.01665144514519152,37,0,[],0
2024-03-15,P3-1,3525470.9574235696,0.0,0.0,204000527.0,207525997.95742357,0.9830119069797373,0.016988093020262753,37,0,[],0
2024-03-18,P3-1,3525470.9574235696,0.0,0.0,204761727.0,208287197.95742357,0.9830739911430167,0.016926008856983227,37,0,[],0
2024-03-19,P3-1,3525470.9574235696,0.0,0.0,204741494.0,208266964.95742357,0.9830723467922804,0.016927653207719662,37,0,[],0
2024-03-20,P3-1,3525470.9574235696,0.0,0.0,205594727.0,209120197.95742357,0.9831414134461496,0.01685858655385047,37,0,[],0
2024-03-21,P3-1,3525470.9574235696,4205538.694557,0.0,203945850.0,211676859.65198058,0.9634773037322493,0.03652269626775065,36,0,[],0
2024-03-22,P3-1,7731009.65198057,0.0,0.0,205050040.0,212781049.65198058,0.9636668318695427,0.03633316813045719,36,0,[],0
2024-03-25,P3-1,2741077.0743505694,0.0,0.0,209214414.0,211955491.07435057,0.9870676760462458,0.012932323953754252,37,0,[],0
2024-03-26,P3-1,2741077.0743505694,0.0,0.0,210814509.0,213555586.07435057,0.9871645732863376,0.012835426713662494,37,0,[],0
2024-03-27,P3-1,2741077.0743505694,0.0,0.0,211315053.0,214056130.07435057,0.9871945873570709,0.012805412642929122,37,0,[],0
2024-03-28,P3-1,2741077.0743505694,0.0,0.0,208975986.0,211717063.07435057,0.9870531121367957,0.012946887863204304,37,0,[],0
2024-03-29,P3-1,2741077.0743505694,0.0,0.0,209677883.0,212418960.07435057,0.9870958926011542,0.012904107398845855,37,0,[],0
2024-04-01,P3-1,2741077.0743505694,8921899.3443255,0.0,201859951.0,213522927.41867608,0.9453783415220451,0.05462165847795486,36,0,[],0
2024-04-02,P3-1,11662976.418676069,0.0,0.0,200029497.0,211692473.41867608,0.9449060411533406,0.05509395884665935,36,0,[],0
2024-04-03,P3-1,11662976.418676069,0.0,0.0,200897175.0,212560151.41867608,0.9451309366274222,0.05486906337257779,36,0,[],0
2024-04-04,P3-1,11662976.418676069,0.0,0.0,202842580.0,214505556.41867608,0.9456285580038213,0.05437144199617863,36,0,[],0
2024-04-05,P3-1,11662976.418676069,4155915.819105,0.0,197721447.0,213540339.23778108,0.9259208246355437,0.07407917536445628,35,0,[],0
2024-04-08,P3-1,916652.1170130707,0.0,0.0,210754149.0,211670801.11701307,0.995669444665132,0.00433055533486803,38,0,[],0
2024-04-09,P3-1,916652.1170130707,0.0,0.0,210067295.0,210983947.11701307,0.9956553466292642,0.004344653370735782,38,0,[],0
2024-04-11,P3-1,916652.1170130707,0.0,0.0,211132311.0,212048963.11701307,0.9956771676525141,0.00432283234748591,38,0,[],0
2024-04-12,P3-1,916652.1170130707,0.0,0.0,208760896.0,209677548.11701307,0.9956282772035205,0.004371722796479488,38,0,[],0
2024-04-15,P3-1,916652.1170130707,0.0,0.0,208595818.0,209512470.11701307,0.9956248326579267,0.004375167342073333,38,0,[],0
2024-04-16,P3-1,916652.1170130707,0.0,0.0,203976695.0,204893347.11701307,0.9955261987277236,0.004473801272276437,38,0,[],0
2024-04-17,P3-1,916652.1170130707,4210189.3408554,0.0,198923261.0,204050102.45786846,0.9748745950327222,0.025125404967277793,37,0,[],0
2024-04-18,P3-1,5126841.457868471,0.0,0.0,201504294.0,206631135.45786846,0.9751884368901713,0.024811563109828724,37,0,[],0
2024-04-19,P3-1,5126841.457868471,0.0,0.0,200893858.0,206020699.45786846,0.975114920630017,0.024885079369983003,37,0,[],0
2024-04-22,P3-1,138191.35358062107,0.0,0.0,208977030.0,209115221.35358062,0.9993391616703646,0.0006608383296353231,38,0,[],0
2024-04-23,P3-1,138191.35358062107,0.0,0.0,209579837.0,209718028.35358062,0.9993410611635751,0.000658938836424845,38,0,[],0
2024-04-24,P3-1,138191.35358062107,0.0,0.0,211479191.0,211617382.35358062,0.9993469754136277,0.0006530245863722302,38,0,[],0
2024-04-25,P3-1,138191.35358062107,0.0,0.0,210596396.0,210734587.35358062,0.9993442398074467,0.000655760192553285,38,0,[],0
2024-04-26,P3-1,138191.35358062107,0.0,0.0,213482023.0,213620214.35358062,0.99935309795471,0.0006469020452900073,38,0,[],0
2024-04-29,P3-1,138191.35358062107,0.0,0.0,215699422.0,215837613.35358062,0.9993597438767345,0.0006402561232654057,38,0,[],0
2024-04-30,P3-1,138191.35358062107,0.0,0.0,215050511.0,215188702.35358062,0.9993578131562243,0.0006421868437756377,38,0,[],0
2024-05-02,P3-1,138191.35358062107,7596255.39075,0.0,207193831.0,214928277.7443306,0.9640138243999183,0.035986175600081736,37,0,[],0
2024-05-03,P3-1,7734446.744330621,4154717.198925,0.0,201772660.0,213661823.94325563,0.9443552258244639,0.05564477417553615,36,0,[],0
2024-05-07,P3-1,1900438.6091681235,4211831.450502001,0.0,209370231.0,215482501.05967012,0.9716344945431205,0.02836550545687954,37,0,[],0
2024-05-08,P3-1,6112270.059670124,0.0,0.0,209275110.0,215387380.05967012,0.971621967554567,0.028378032445432987,37,0,[],0
2024-05-09,P3-1,6112270.059670124,0.0,0.0,208318700.0,214430970.05967012,0.9714953951942238,0.028504604805776195,37,0,[],0
2024-05-10,P3-1,6112270.059670124,0.0,0.0,210206080.0,216318350.05967012,0.9717440981868432,0.02825590181315682,37,0,[],0
2024-05-13,P3-1,1151070.4913451253,0.0,0.0,216315466.0,217466536.49134514,0.9947069075090045,0.005293092490995442,38,0,[],0
2024-05-14,P3-1,1151070.4913451253,0.0,0.0,217128214.0,218279284.49134514,0.9947266159771988,0.005273384022801145,38,0,[],0
2024-05-16,P3-1,1151070.4913451253,0.0,0.0,218976680.0,220127750.49134514,0.9947708978591938,0.005229102140806107,38,0,[],0
2024-05-17,P3-1,1151070.4913451253,0.0,0.0,218199657.0,219350727.49134514,0.9947523744073721,0.0052476255926278735,38,0,[],0
2024-05-20,P3-1,1151070.4913451253,0.0,0.0,220506801.0,221657871.49134514,0.9948069947455482,0.0051930052544516565,38,0,[],0
2024-05-21,P3-1,1151070.4913451253,0.0,0.0,220425612.0,221576682.49134514,0.9948050919509994,0.005194908049000537,38,0,[],0
2024-05-22,P3-1,1151070.4913451253,0.0,0.0,220524634.0,221675704.49134514,0.9948074125038359,0.005192587496164093,38,0,[],0
2024-05-23,P3-1,1151070.4913451253,0.0,0.0,218907228.0,220058298.49134514,0.9947692475165147,0.005230752483485174,38,0,[],0
2024-05-24,P3-1,1151070.4913451253,0.0,0.0,217731416.0,218882486.49134514,0.9947411485048593,0.005258851495140704,38,0,[],0
2024-05-27,P3-1,1151070.4913451253,0.0,0.0,218347423.0,219498493.49134514,0.9947559070996972,0.0052440929003028085,38,0,[],0
2024-05-28,P3-1,1151070.4913451253,0.0,0.0,220816310.0,221967380.49134514,0.9948142358179065,0.005185764182093447,38,0,[],0
2024-05-29,P3-1,1151070.4913451253,4059127.23957,0.0,216014176.0,221224373.73091513,0.976448355834188,0.02355164416581202,37,0,[],0
2024-05-30,P3-1,5210197.730915125,0.0,0.0,214227256.0,219437453.73091513,0.9762565704152577,0.02374342958474228,37,0,[],0
2024-05-31,P3-1,5210197.730915125,0.0,0.0,215485152.0,220695349.73091513,0.9763919007026305,0.023608099297369463,37,0,[],0
2024-06-03,P3-1,534826.5304151261,0.0,0.0,222638287.0,223173113.53041512,0.9976035351124757,0.002396464887524354,38,0,[],0
2024-06-04,P3-1,534826.5304151261,0.0,0.0,222400695.0,222935521.53041512,0.997600981096491,0.0023990189035091015,38,0,[],0
2024-06-05,P3-1,534826.5304151261,0.0,0.0,221948259.0,222483085.53041512,0.9975961025120627,0.002403897487937398,38,0,[],0
2024-06-07,P3-1,534826.5304151261,0.0,0.0,222781375.0,223316201.53041512,0.9976050706274338,0.002394929372566298,38,0,[],0
2024-06-10,P3-1,534826.5304151261,0.0,0.0,225819306.0,226354132.53041512,0.9976372133150992,0.0023627866849007567,38,0,[],0
2024-06-11,P3-1,534826.5304151261,0.0,0.0,223335247.0,223870073.53041512,0.9976109958692516,0.002389004130748473,38,0,[],0
2024-06-12,P3-1,534826.5304151261,0.0,0.0,224826870.0,225361696.53041512,0.9976268081992232,0.00237319180077678,38,0,[],0
2024-06-13,P3-1,534826.5304151261,0.0,0.0,225481494.0,226016320.53041512,0.9976336818104109,0.0023663181895891196,38,0,[],0
2024-06-14,P3-1,534826.5304151261,0.0,0.0,225088739.0,225623565.53041512,0.9976295626338596,0.002370437366140413,38,0,[],0
2024-06-17,P3-1,534826.5304151261,0.0,0.0,227810456.0,228345282.53041512,0.9976578165991064,0.0023421834008937248,38,0,[],0
2024-06-18,P3-1,534826.5304151261,0.0,0.0,227906384.0,228441210.53041512,0.9976588001386733,0.0023411998613267647,38,0,[],0
2024-06-19,P3-1,534826.5304151261,0.0,0.0,225860275.0,226395101.53041512,0.9976376408906389,0.0023623591093611834,38,0,[],0
2024-06-20,P3-1,534826.5304151261,0.0,0.0,225224325.0,225759151.53041512,0.9976309862666052,0.0023690137333948666,38,0,[],0
2024-06-21,P3-1,534826.5304151261,0.0,0.0,225779523.0,226314349.53041512,0.997636797969175,0.0023632020308250452,38,0,[],0
2024-06-24,P3-1,534826.5304151261,0.0,0.0,221462540.0,221997366.53041512,0.9975908429060494,0.002409157093950713,38,0,[],0
2024-06-25,P3-1,534826.5304151261,0.0,0.0,221920513.0,222455339.53041512,0.9975958026831628,0.0024041973168371722,38,0,[],0
2024-06-26,P3-1,534826.5304151261,4182185.57805,0.0,217482525.0,222199537.10846514,0.9787712784200691,0.021228721579930877,37,0,[],0
2024-06-27,P3-1,4717012.108465126,0.0,0.0,218573261.0,223290273.10846514,0.97887497720882,0.02112502279117997,37,0,[],0
2024-06-28,P3-1,4717012.108465126,0.0,0.0,219453527.0,224170539.10846514,0.9789579303006324,0.021042069699367564,37,0,[],0
2024-07-01,P3-1,4717012.108465126,43165286.25869655,0.0,174577246.0,222459544.3671617,0.7847595233399668,0.21524047666003315,31,0,[],0
2024-07-02,P3-1,47882298.36716168,0.0,0.0,172845572.0,220727870.3671617,0.7830708995311121,0.21692910046888786,31,0,[],0
2024-07-03,P3-1,47882298.36716168,0.0,0.0,172617722.0,220500020.3671617,0.7828467394813328,0.21715326051866715,31,0,[],0
2024-07-04,P3-1,47882298.36716168,4212750.39264,0.0,169460656.0,221555704.7598017,0.764867039572372,0.235132960427628,30,0,[],0
2024-07-05,P3-1,52095048.75980168,4216131.500397749,0.0,165330652.0,221641832.26019943,0.7459361363061998,0.2540638636938002,29,0,[],0
2024-07-08,P3-1,41326465.39007443,0.0,0.0,180385738.0,221712203.39007443,0.8136031090838705,0.18639689091612954,32,0,[],0
2024-07-09,P3-1,41326465.39007443,0.0,0.0,180865976.0,222192441.39007443,0.8140059799895581,0.18599402001044185,32,0,[],0
2024-07-10,P3-1,41326465.39007443,0.0,0.0,181484100.0,222810565.39007443,0.8145219670453051,0.18547803295469492,32,0,[],0
2024-07-11,P3-1,41326465.39007443,0.0,0.0,182772161.0,224098626.39007443,0.8155880468533526,0.18441195314664732,32,0,[],0
2024-07-12,P3-1,41326465.39007443,0.0,0.0,182111783.0,223438248.39007443,0.8150430121617878,0.18495698783821218,32,0,[],0
2024-07-15,P3-1,26343852.93526444,0.0,0.0,196439692.0,222783544.93526444,0.8817513522243335,0.11824864777566643,35,0,[],0
2024-07-16,P3-1,26343852.93526444,0.0,0.0,196698545.0,223042397.93526444,0.8818885862995858,0.11811141370041425,35,0,[],0
2024-07-17,P3-1,26343852.93526444,0.0,0.0,197631334.0,223975186.93526444,0.882380484661104,0.11761951533889602,35,0,[],0
2024-07-18,P3-1,26343852.93526444,4127463.5725822495,0.0,192069388.0,222540704.50784668,0.8630753121087011,0.1369246878912989,34,0,[],0
2024-07-19,P3-1,30471316.507846687,0.0,0.0,193413220.0,223884536.50784668,0.863897181184826,0.13610281881517408,34,0,[],0
2024-07-22,P3-1,20482000.495170686,0.0,0.0,203008476.0,223490476.49517068,0.9083540345146954,0.09164596548530458,36,0,[],0
2024-07-23,P3-1,20482000.495170686,0.0,0.0,204110963.0,224592963.49517068,0.9088039082951452,0.09119609170485478,36,0,[],0
2024-07-24,P3-1,20482000.495170686,0.0,0.0,203349554.0,223831554.49517068,0.9084936860606372,0.09150631393936283,36,0,[],0
2024-07-25,P3-1,20482000.495170686,0.0,0.0,199013631.0,219495631.49517068,0.9066860677105488,0.09331393228945119,36,0,[],0
2024-07-26,P3-1,20482000.495170686,0.0,0.0,200960493.0,221442493.49517068,0.9075064583500214,0.09249354164997861,36,0,[],0
2024-07-29,P3-1,15495491.851053687,0.0,0.0,208926516.0,224422007.85105368,0.9309537776645423,0.06904622233545771,37,0,[],0
2024-07-30,P3-1,15495491.851053687,0.0,0.0,206811297.0,222306788.85105368,0.9302968122065057,0.06970318779349433,37,0,[],0
2024-07-31,P3-1,15495491.851053687,0.0,0.0,207709870.0,223205361.85105368,0.9305774210684333,0.06942257893156673,37,0,[],0
2024-08-01,P3-1,15495491.851053687,9018118.579274999,0.0,199635554.0,224149164.4303287,0.8906370653103721,0.10936293468962782,35,0,[],0
2024-08-02,P3-1,24513610.430328686,0.0,0.0,192603787.0,217117397.4303287,0.8870951350722831,0.11290486492771688,35,0,[],0
2024-08-05,P3-1,4542917.525666188,4168261.6069589998,0.0,192331454.0,201042633.1326252,0.9566699908527434,0.04333000914725653,38,0,[],0
2024-08-06,P3-1,8711179.132625189,12658947.353028,0.0,186840762.0,208210888.4856532,0.8973630695249365,0.1026369304750635,35,0,[],0
2024-08-07,P3-1,21370126.485653188,0.0,0.0,190528174.0,211898300.4856532,0.8991491369365651,0.10085086306343488,35,0,[],0
2024-08-08,P3-1,21370126.485653188,0.0,0.0,191779439.0,213149565.4856532,0.8997411679589298,0.10025883204107015,35,0,[],0
2024-08-09,P3-1,21370126.485653188,4239519.57666,0.0,191228527.0,216838173.0623132,0.8818951215985679,0.11810487840143209,34,0,[],0
2024-08-12,P3-1,10643432.446960188,0.0,0.0,207235875.0,217879307.44696018,0.9511498702117401,0.04885012978825991,37,0,[],0
2024-08-13,P3-1,10643432.446960188,0.0,0.0,204671049.0,215314481.44696018,0.9505679674890699,0.049432032510930084,37,0,[],0
2024-08-14,P3-1,10643432.446960188,0.0,0.0,205327300.0,215970732.44696018,0.9507181721969014,0.04928182780309868,37,0,[],0
2024-08-16,P3-1,10643432.446960188,0.0,0.0,207170190.0,217813622.44696018,0.9511351387145128,0.04886486128548719,37,0,[],0
2024-08-19,P3-1,647508.8432941902,0.0,0.0,217421901.0,218069409.8432942,0.9970307213480354,0.002969278651964498,39,0,[],0
2024-08-20,P3-1,647508.8432941902,0.0,0.0,219573943.0,220221451.8432942,0.9970597376510125,0.0029402623489874474,39,0,[],0
2024-08-21,P3-1,647508.8432941902,0.0,0.0,219160084.0,219807592.8432942,0.9970542016546452,0.0029457983453547664,39,0,[],0
2024-08-22,P3-1,647508.8432941902,0.0,0.0,217308099.0,217955607.8432942,0.99702917098715,0.0029708290128498843,39,0,[],0
2024-08-23,P3-1,647508.8432941902,0.0,0.0,218096175.0,218743683.8432942,0.9970398741032538,0.0029601258967461622,39,0,[],0
2024-08-26,P3-1,647508.8432941902,3965435.0955,0.0,213856861.0,218469804.9387942,0.9788852105210304,0.021114789478969588,38,0,[],0
2024-08-27,P3-1,4612943.93879419,0.0,0.0,214150105.0,218763048.9387942,0.9789135141370021,0.02108648586299785,38,0,[],0
2024-08-28,P3-1,4612943.93879419,0.0,0.0,213030463.0,217643406.9387942,0.978805037084852,0.021194962915147917,38,0,[],0
2024-08-29,P3-1,4612943.93879419,0.0,0.0,210094392.0,214707335.9387942,0.9785152010823273,0.02148479891767268,38,0,[],0
2024-08-30,P3-1,4612943.93879419,0.0,0.0,212019222.0,216632165.9387942,0.9787060987974542,0.021293901202545797,38,0,[],0
2024-09-02,P3-1,4612943.93879419,0.0,0.0,211947647.0,216560590.9387942,0.9786990609935216,0.021300939006478475,38,0,[],0
2024-09-03,P3-1,4612943.93879419,0.0,0.0,211704946.0,216317889.9387942,0.9786751620954726,0.021324837904527424,38,0,[],0
2024-09-04,P3-1,4612943.93879419,0.0,0.0,206650248.0,211263191.9387942,0.9781649425228289,0.021835057477171047,38,0,[],0
2024-09-05,P3-1,4612943.93879419,8334325.743588001,0.0,197021512.0,209968781.6823822,0.9383371681321302,0.061662831867869784,36,0,[],0
2024-09-06,P3-1,12947269.68238219,8358398.032203,0.0,188006757.0,209312424.71458519,0.8982111657077346,0.10178883429226541,34,0,[],0
2024-09-09,P3-1,6329282.413708192,4161609.2649600003,0.0,200730844.0,211221735.6786682,0.9503323289861229,0.04966767101387708,36,0,[],0
2024-09-10,P3-1,10490891.678668194,4173295.811715,0.0,196258289.0,210922476.4903832,0.9304759372524635,0.06952406274753649,35,0,[],0
2024-09-11,P3-1,14664187.490383193,0.0,0.0,193735853.0,208400040.4903832,0.9296344307041539,0.0703655692958461,35,0,[],0
2024-09-12,P3-1,14664187.490383193,0.0,0.0,196790292.0,211454479.4903832,0.9306508543790385,0.06934914562096146,35,0,[],0
2024-09-13,P3-1,14664187.490383193,0.0,0.0,200160868.0,214825055.4903832,0.931738933073197,0.0682610669268029,35,0,[],0
2024-09-19,P3-1,4670966.992122194,0.0,0.0,212614346.0,217285312.9921222,0.9785030707883531,0.02149692921164691,37,0,[],0
2024-09-20,P3-1,4670966.992122194,0.0,0.0,214220961.0,218891927.9921222,0.9786608531663611,0.02133914683363883,37,0,[],0
2024-09-23,P3-1,4670966.992122194,0.0,0.0,213956777.0,218627743.9921222,0.9786350675041018,0.021364932495898152,37,0,[],0
2024-09-24,P3-1,4670966.992122194,0.0,0.0,212779999.0,217450965.9921222,0.978519447035745,0.021480552964255,37,0,[],0
2024-09-25,P3-1,4670966.992122194,0.0,0.0,209940134.0,214611100.9921222,0.9782352032558946,0.021764796744105294,37,0,[],0
2024-09-26,P3-1,4670966.992122194,0.0,0.0,213666669.0,218337635.9921222,0.9786066796459648,0.021393320354035187,37,0,[],0
2024-09-27,P3-1,4670966.992122194,0.0,0.0,211512918.0,216183884.9921222,0.9783935468071896,0.021606453192810394,37,0,[],0
2024-09-30,P3-1,4670966.992122194,0.0,0.0,209205454.0,213876420.9921222,0.9781604397041306,0.021839560295869368,37,0,[],0
2024-10-02,P3-1,4670966.992122194,11359073.7333225,0.0,194603161.0,210633201.7254447,0.9238959452064947,0.07610405479350527,35,0,[],0
2024-10-04,P3-1,16030040.725444693,0.0,0.0,197292171.0,213322211.7254447,0.924855266613886,0.07514473338611395,35,0,[],0
2024-10-07,P3-1,1123946.1765991952,0.0,0.0,213013645.0,214137591.1765992,0.9947512897178699,0.005248710282130134,38,0,[],0
2024-10-08,P3-1,1123946.1765991952,0.0,0.0,211436124.0,212560070.1765992,0.9947123362555093,0.005287663744490666,38,0,[],0
2024-10-10,P3-1,1123946.1765991952,0.0,0.0,214601805.0,215725751.1765992,0.9947899304071534,0.0052100695928466185,38,0,[],0
2024-10-11,P3-1,1123946.1765991952,0.0,0.0,213560938.0,214684884.1765992,0.9947646701773626,0.00523532982263735,38,0,[],0
2024-10-14,P3-1,1123946.1765991952,0.0,0.0,214262403.0,215386349.1765992,0.9947817204716272,0.005218279528372762,38,0,[],0
2024-10-15,P3-1,1123946.1765991952,0.0,0.0,214824038.0,215947984.1765992,0.9947952921121965,0.005204707887803426,38,0,[],0
2024-10-16,P3-1,1123946.1765991952,0.0,0.0,215528755.0,216652701.1765992,0.9948122217240069,0.005187778275993142,38,0,[],0
2024-10-17,P3-1,1123946.1765991952,0.0,0.0,215016491.0,216140437.1765992,0.9947999264215382,0.005200073578461703,38,0,[],0
2024-10-18,P3-1,1123946.1765991952,0.0,0.0,213663666.0,214787612.1765992,0.9947671741158187,0.005232825884181265,38,0,[],0
2024-10-21,P3-1,1123946.1765991952,0.0,0.0,214536452.0,215660398.1765992,0.9947883515652288,0.0052116484347711454,38,0,[],0
2024-10-22,P3-1,1123946.1765991952,0.0,0.0,212156773.0,213280719.1765992,0.9947302026130709,0.00526979738692907,38,0,[],0
2024-10-23,P3-1,1123946.1765991952,0.0,0.0,211036661.0,212160607.1765992,0.9947023804675311,0.005297619532468815,38,0,[],0
2024-10-24,P3-1,1123946.1765991952,0.0,0.0,210911564.0,212035510.1765992,0.9946992549707212,0.005300745029278765,38,0,[],0
2024-10-25,P3-1,1123946.1765991952,0.0,0.0,210272114.0,211396060.1765992,0.9946832207957884,0.005316779204211546,38,0,[],0
2024-10-28,P3-1,1123946.1765991952,0.0,0.0,211416740.0,212540686.1765992,0.9947118540133755,0.005288145986624476,38,0,[],0
2024-10-29,P3-1,1123946.1765991952,0.0,0.0,211365857.0,212489803.1765992,0.994710587709166,0.005289412290833971,38,0,[],0
2024-10-30,P3-1,1123946.1765991952,0.0,0.0,211087578.0,212211524.1765992,0.9947036515525713,0.005296348447428634,38,0,[],0
2024-10-31,P3-1,1123946.1765991952,0.0,0.0,212613852.0,213737798.1765992,0.9947414720925002,0.005258527907499746,38,0,[],0
2024-11-01,P3-1,1123946.1765991952,0.0,0.0,210610694.0,211734640.1765992,0.9946917227352985,0.005308277264701504,38,0,[],0
2024-11-04,P3-1,1123946.1765991952,0.0,0.0,210840132.0,211964078.1765992,0.9946974686170041,0.005302531382995813,38,0,[],0
2024-11-05,P3-1,1123946.1765991952,0.0,0.0,209997126.0,211121072.1765992,0.994676295620273,0.005323704379726877,38,0,[],0
2024-11-06,P3-1,1123946.1765991952,8375493.35252025,0.0,203555676.0,213055115.52911943,0.9554132295508244,0.044586770449175646,36,0,[],0
2024-11-07,P3-1,9499439.529119445,0.0,0.0,201855220.0,211354659.52911943,0.955054506248959,0.044945493751041045,36,0,[],0
2024-11-08,P3-1,9499439.529119445,0.0,0.0,202520174.0,212019613.52911943,0.9551954681409003,0.04480453185909974,36,0,[],0
2024-11-11,P3-1,4521120.293229446,0.0,0.0,206577728.0,211098848.29322946,0.9785829229776312,0.021417077022368818,37,0,[],0
2024-11-12,P3-1,4521120.293229446,4194890.951958001,0.0,198023842.0,206739853.24518746,0.9578406818599676,0.0421593181400323,36,0,[],0
2024-11-13,P3-1,8716011.245187446,0.0,0.0,194240949.0,202956960.24518746,0.9570548788538326,0.04294512114616735,36,0,[],0
2024-11-14,P3-1,8716011.245187446,4199785.317693,0.0,190261053.0,203176849.56288046,0.9364307666416336,0.06356923335836637,35,0,[],0
2024-11-15,P3-1,12915796.562880445,0.0,0.0,190245449.0,203161245.56288046,0.9364258841439181,0.06357411585608179,35,0,[],0
2024-11-18,P3-1,2921512.843160146,4083778.861272,0.0,196261279.0,203266570.70443216,0.9655364299198097,0.034463570080190256,36,0,[],0
2024-11-19,P3-1,7005291.704432146,0.0,0.0,196052121.0,203057412.70443216,0.9655009309380447,0.034499069061955205,36,0,[],0
2024-11-20,P3-1,7005291.704432146,0.0,0.0,197833821.0,204839112.70443216,0.9658010054235088,0.034198994576491205,36,0,[],0
2024-11-21,P3-1,7005291.704432146,0.0,0.0,197719096.0,204724387.70443216,0.9657818407323999,0.034218159267599975,36,0,[],0
2024-11-22,P3-1,7005291.704432146,0.0,0.0,198568492.0,205573783.70443216,0.9659232243616036,0.034076775638396305,36,0,[],0
2024-11-25,P3-1,2005898.2578846458,0.0,0.0,203207105.0,205213003.25788465,0.9902252867701375,0.009774713229862423,37,0,[],0
2024-11-26,P3-1,2005898.2578846458,0.0,0.0,203553477.0,205559375.25788465,0.9902417573736632,0.00975824262633677,37,0,[],0
2024-11-27,P3-1,2005898.2578846458,0.0,0.0,204078261.0,206084159.25788465,0.9902666062976021,0.009733393702397829,37,0,[],0
2024-11-28,P3-1,2005898.2578846458,4205740.4622873,0.0,201408672.0,207620310.72017196,0.9700817386380665,0.029918261361933488,36,0,[],0
2024-11-29,P3-1,6211638.720171946,0.0,0.0,198749914.0,204961552.72017196,0.9696936394278174,0.030306360572182608,36,0,[],0
2024-12-02,P3-1,1228914.423621947,7498567.84608,0.0,195649326.0,204376808.26970196,0.9572971006662121,0.04270289933378787,36,0,[],0
2024-12-03,P3-1,8727482.269701947,0.0,0.0,202906955.0,211634437.26970196,0.9587615211290974,0.041238478870902505,36,0,[],0
2024-12-04,P3-1,8727482.269701947,0.0,0.0,200593719.0,209321201.26970196,0.9583057893000674,0.04169421069993257,36,0,[],0
2024-12-05,P3-1,8727482.269701947,4226174.938656,0.0,195375686.0,208329343.20835796,0.9378212545152483,0.062178745484751566,35,0,[],0
2024-12-06,P3-1,12953657.208357947,0.0,0.0,192613174.0,205566831.20835796,0.9369856647971169,0.06301433520288303,35,0,[],0
2024-12-09,P3-1,2957313.1216289485,0.0,0.0,195668571.0,198625884.12162894,0.9851111392923089,0.01488886070769121,37,0,[],0
2024-12-10,P3-1,2957313.1216289485,7994357.1065340005,0.0,195476978.0,206428648.22816294,0.9469469459681865,0.053053054031813485,35,0,[],0
2024-12-11,P3-1,10951670.228162948,0.0,0.0,198792688.0,209744358.22816294,0.9477856266519953,0.05221437334800473,35,0,[],0
2024-12-12,P3-1,10951670.228162948,0.0,0.0,200954320.0,211905990.22816294,0.9483182602984885,0.05168173970151146,35,0,[],0
2024-12-13,P3-1,10951670.228162948,0.0,0.0,201909124.0,212860794.22816294,0.9485500828469897,0.05144991715301026,35,0,[],0
2024-12-16,P3-1,991527.7308579497,0.0,0.0,211455208.0,212446735.73085794,0.9953328172944297,0.00466718270557042,37,0,[],0
2024-12-17,P3-1,991527.7308579497,0.0,0.0,211785220.0,212776747.73085794,0.9953400559909295,0.004659944009070656,37,0,[],0
2024-12-18,P3-1,991527.7308579497,0.0,0.0,211017048.0,212008575.73085794,0.9953231715866218,0.0046768284133783386,37,0,[],0
2024-12-19,P3-1,991527.7308579497,0.0,0.0,209818429.0,210809956.73085794,0.9952965801699593,0.00470341983004075,37,0,[],0
2024-12-20,P3-1,991527.7308579497,4218169.154703749,0.0,201941042.0,207150738.8855617,0.974850696098942,0.025149303901057976,36,0,[],0
2024-12-23,P3-1,214157.8670916995,0.0,0.0,209958278.0,210172435.8670917,0.9989810373267638,0.001018962673236219,37,0,[],0
2024-12-24,P3-1,214157.8670916995,0.0,0.0,210055689.0,210269846.8670917,0.9989815093781513,0.0010184906218487207,37,0,[],0
2024-12-26,P3-1,214157.8670916995,0.0,0.0,209329187.0,209543344.8670917,0.9989779781971719,0.0010220218028281199,37,0,[],0
2024-12-27,P3-1,214157.8670916995,0.0,0.0,204751057.0,204965214.8670917,0.9989551501837493,0.0010448498162508636,37,0,[],0
2024-12-30,P3-1,214157.8670916995,0.0,0.0,204526550.0,204740707.8670917,0.9989540044609463,0.0010459955390538212,37,0,[],0
2025-01-02,P3-1,214157.8670916995,0.0,0.0,204566037.0,204780194.8670917,0.9989542061563587,0.0010457938436414429,37,0,[],0
2025-01-03,P3-1,214157.8670916995,0.0,0.0,204134262.0,204348419.8670917,0.9989519964615778,0.0010480035384222099,37,0,[],0
2025-01-06,P3-1,214157.8670916995,0.0,0.0,203996580.0,204210737.8670917,0.9989512898815778,0.001048710118422283,37,0,[],0
2025-01-07,P3-1,214157.8670916995,0.0,0.0,206133182.0,206347339.8670917,0.9989621486410747,0.0010378513589253855,37,0,[],0
2025-01-08,P3-1,214157.8670916995,0.0,0.0,206269764.0,206483921.8670917,0.9989628351439899,0.0010371648560101804,37,0,[],0
2025-01-09,P3-1,214157.8670916995,0.0,0.0,205595852.0,205810009.8670917,0.9989594390125631,0.0010405609874369023,37,0,[],0
2025-01-10,P3-1,214157.8670916995,0.0,0.0,205197502.0,205411659.8670917,0.9989574210771177,0.0010425789228823083,37,0,[],0
2025-01-13,P3-1,214157.8670916995,4230310.178276999,0.0,200946700.0,205391168.0453687,0.9783609583232568,0.021639041676743194,36,0,[],0
2025-01-14,P3-1,4444468.045368698,0.0,0.0,200635308.0,205079776.0453687,0.9783281017218125,0.02167189827818747,36,0,[],0
2025-01-15,P3-1,4444468.045368698,0.0,0.0,200601762.0,205046230.0453687,0.9783245561530913,0.02167544384690863,36,0,[],0
2025-01-16,P3-1,4444468.045368698,0.0,0.0,201360056.0,205804524.0453687,0.9784044200875345,0.021595579912465555,36,0,[],0
2025-01-17,P3-1,4444468.045368698,0.0,0.0,200900740.0,205345208.0453687,0.9783561151113556,0.02164388488864441,36,0,[],0
2025-01-20,P3-1,4444468.045368698,0.0,0.0,200159465.0,204603933.0453687,0.9782776998505538,0.021722300149446226,36,0,[],0
2025-01-21,P3-1,4444468.045368698,0.0,0.0,201045818.0,205490286.0453687,0.9783713958897919,0.021628604110208095,36,0,[],0
2025-01-22,P3-1,4444468.045368698,0.0,0.0,201715599.0,206160067.0453687,0.9784416637563926,0.021558336243607375,36,0,[],0
2025-01-23,P3-1,4444468.045368698,0.0,0.0,198708208.0,203152676.0453687,0.9781225227652126,0.021877477234787425,36,0,[],0
2025-01-24,P3-1,4444468.045368698,0.0,0.0,199354923.0,203799391.0453687,0.9781919463911485,0.021808053608851536,36,0,[],0
2025-01-31,P3-1,4444468.045368698,0.0,0.0,199440940.0,203885408.0453687,0.9782011469679099,0.02179885303209003,36,0,[],0
2025-02-03,P3-1,4444468.045368698,6857605.704825,0.0,189916020.0,201218093.7501937,0.9438317223886195,0.05616827761138066,35,0,[],0
2025-02-04,P3-1,11302073.750193698,4222838.779155,0.0,188519155.0,204044067.5293487,0.9239139235100983,0.07608607648990172,34,0,[],0
2025-02-05,P3-1,15524912.529348698,0.0,0.0,187987656.0,203512568.5293487,0.9237152150280593,0.07628478497194063,34,0,[],0
2025-02-06,P3-1,15524912.529348698,0.0,0.0,189431512.0,204956424.5293487,0.9242526182577623,0.07574738174223765,34,0,[],0
2025-02-07,P3-1,15524912.529348698,0.0,0.0,188822214.0,204347126.5293487,0.9240267637082776,0.07597323629172237,34,0,[],0
2025-02-10,P3-1,731657.6139097,0.0,0.0,202463333.0,203194990.6139097,0.9963992339983424,0.0036007660016575942,37,0,[],0
2025-02-11,P3-1,731657.6139097,0.0,0.0,205151699.0,205883356.6139097,0.9964462517711825,0.003553748228817581,37,0,[],0
2025-02-12,P3-1,731657.6139097,0.0,0.0,204523599.0,205255256.6139097,0.9964353769741159,0.003564623025884138,37,0,[],0
2025-02-13,P3-1,731657.6139097,0.0,0.0,203866368.0,204598025.6139097,0.9964239263222883,0.003576073677711765,37,0,[],0
2025-02-14,P3-1,731657.6139097,0.0,0.0,205221679.0,205953336.6139097,0.9964474592840353,0.0035525407159647114,37,0,[],0
2025-02-17,P3-1,731657.6139097,0.0,0.0,207359141.0,208090798.6139097,0.9964839501852881,0.0035160498147119553,37,0,[],0
2025-02-18,P3-1,731657.6139097,0.0,0.0,208033217.0,208764874.6139097,0.9964953030759469,0.0035046969240530978,37,0,[],0
2025-02-19,P3-1,731657.6139097,0.0,0.0,208270048.0,209001705.6139097,0.9964992744352944,0.003500725564705659,37,0,[],0
2025-02-20,P3-1,731657.6139097,0.0,0.0,207655277.0,208386934.6139097,0.9964889467985828,0.003511053201417275,37,0,[],0
2025-02-21,P3-1,731657.6139097,0.0,0.0,207868924.0,208600581.6139097,0.9964925427903941,0.0035074572096059405,37,0,[],0
2025-02-24,P3-1,731657.6139097,0.0,0.0,208700181.0,209431838.6139097,0.9965064642570487,0.0034935357429512915,37,0,[],0
2025-02-25,P3-1,731657.6139097,0.0,0.0,209618532.0,210350189.6139097,0.9965217164041895,0.003478283595810546,37,0,[],0
2025-02-26,P3-1,731657.6139097,0.0,0.0,208755011.0,209486668.6139097,0.9965073786377396,0.00349262136226037,37,0,[],0
2025-02-27,P3-1,731657.6139097,4180187.87775,0.0,204388003.0,209299848.4916597,0.9765320160188485,0.02346798398115147,36,0,[],0
2025-02-28,P3-1,4911845.4916597,0.0,0.0,200761448.0,205673293.4916597,0.9761182144347833,0.023881785565216716,36,0,[],0
2025-03-04,P3-1,604897.5463597011,4223338.204230001,0.0,203366879.0,208195114.7505897,0.9768090824015071,0.023190917598492913,36,0,[],0
2025-03-05,P3-1,4828235.750589702,0.0,0.0,205015429.0,209843664.7505897,0.9769912722581913,0.023008727741808722,36,0,[],0
2025-03-06,P3-1,4828235.750589702,0.0,0.0,206463073.0,211291308.7505897,0.9771489145524249,0.022851085447575123,36,0,[],0
2025-03-07,P3-1,4828235.750589702,0.0,0.0,205085094.0,209913329.7505897,0.976998908281211,0.023001091718788946,36,0,[],0
2025-03-10,P3-1,4828235.750589702,0.0,0.0,204724312.0,209552547.7505897,0.9769593078088639,0.023040692191136174,36,0,[],0
2025-03-11,P3-1,4828235.750589702,0.0,0.0,202213069.0,207041304.7505897,0.9766798429115099,0.023320157088490095,36,0,[],0
2025-03-12,P3-1,4828235.750589702,0.0,0.0,203488441.0,208316676.7505897,0.9768226153282468,0.023177384671753287,36,0,[],0
2025-03-13,P3-1,4828235.750589702,0.0,0.0,203057798.0,207886033.7505897,0.9767746025864231,0.023225397413576883,36,0,[],0
2025-03-14,P3-1,4828235.750589702,0.0,0.0,203247559.0,208075794.7505897,0.9767957836884532,0.023204216311546823,36,0,[],0
2025-03-17,P3-1,4828235.750589702,0.0,0.0,204773832.0,209602067.7505897,0.9769647513385463,0.023035248661453716,36,0,[],0
2025-03-18,P3-1,4828235.750589702,0.0,0.0,205455263.0,210283498.7505897,0.977039397863946,0.02296060213605402,36,0,[],0
2025-03-19,P3-1,4828235.750589702,0.0,0.0,205899586.0,210727821.7505897,0.9770878106626839,0.022912189337316067,36,0,[],0
2025-03-20,P3-1,4828235.750589702,0.0,0.0,204147442.0,208975677.7505897,0.9768957047893767,0.023104295210623273,36,0,[],0
2025-03-21,P3-1,4828235.750589702,0.0,0.0,203447512.0,208275747.7505897,0.9768180606588363,0.023181939341163797,36,0,[],0
2025-03-24,P3-1,4828235.750589702,0.0,0.0,203530197.0,208358432.7505897,0.9768272601840444,0.023172739815955624,36,0,[],0
2025-03-25,P3-1,4828235.750589702,0.0,0.0,202407011.0,207235246.7505897,0.9767016671811598,0.023298332818840157,36,0,[],0
2025-03-26,P3-1,4828235.750589702,0.0,0.0,203218750.0,208046985.7505897,0.976792570518768,0.023207429481232063,36,0,[],0
2025-03-27,P3-1,4828235.750589702,0.0,0.0,200729081.0,205557316.7505897,0.9765114867866855,0.02348851321331451,36,0,[],0
2025-03-28,P3-1,4828235.750589702,0.0,0.0,198006459.0,202834694.7505897,0.976196203728723,0.023803796271277034,36,0,[],0
2025-03-31,P3-1,4828235.750589702,4014778.2929100003,0.0,190215286.0,199058300.0434997,0.9555757582498833,0.04442424175011673,35,0,[],0
2025-04-01,P3-1,8843014.043499703,8694790.785720002,0.0,183726872.0,201264676.8292197,0.9128619830090644,0.08713801699093558,34,0,[],0
2025-04-02,P3-1,17537804.829219706,0.0,0.0,183364970.0,200902774.8292197,0.9127050144323394,0.08729498556766063,34,0,[],0
2025-04-03,P3-1,17537804.829219706,0.0,0.0,183176680.0,200714484.8292197,0.912623123118683,0.08737687688131704,34,0,[],0
2025-04-04,P3-1,17537804.829219706,0.0,0.0,183845279.0,201383083.8292197,0.9129132174572696,0.08708678254273042,34,0,[],0
2025-04-07,P3-1,3043653.5325947097,0.0,0.0,191508786.0,194552439.5325947,0.9843556136334914,0.01564438636650858,37,0,[],0
2025-04-08,P3-1,3043653.5325947097,4350202.1617815,0.0,187441785.0,194835640.6943762,0.9620508051400392,0.0379491948599609,36,0,[],0
2025-04-09,P3-1,7393855.69437621,0.0,0.0,183729202.0,191123057.6943762,0.9613136385343956,0.03868636146560444,36,0,[],0
2025-04-10,P3-1,7393855.69437621,0.0,0.0,190378043.0,197771898.6943762,0.9626142250583225,0.037385774941677594,36,0,[],0
2025-04-11,P3-1,7393855.69437621,0.0,0.0,192506398.0,199900253.6943762,0.9630122745833003,0.036987725416699764,36,0,[],0
2025-04-14,P3-1,7393855.69437621,0.0,0.0,193395192.0,200789047.6943762,0.9631760009857186,0.0368239990142814,36,0,[],0
2025-04-15,P3-1,7393855.69437621,0.0,0.0,194656616.0,202050471.6943762,0.9634058973860737,0.03659410261392628,36,0,[],0
2025-04-16,P3-1,7393855.69437621,0.0,0.0,195471527.0,202865382.6943762,0.9635528960329555,0.03644710396704455,36,0,[],0
2025-04-17,P3-1,7393855.69437621,4065320.1105000004,0.0,193144146.0,204603321.8048762,0.9439932074230717,0.05600679257692829,35,0,[],1
2025-04-18,P3-1,11459175.80487621,0.0,0.0,194423862.0,205883037.8048762,0.9443413312380958,0.05565866876190423,35,0,[],1
2025-04-21,P3-1,1463872.9143032115,0.0,0.0,206201735.0,207665607.9143032,0.992950816801079,0.007049183198920949,37,0,[],1
2025-04-22,P3-1,1463872.9143032115,0.0,0.0,206494880.0,207958752.9143032,0.9929607535446875,0.007039246455312474,37,0,[],1
2025-04-23,P3-1,1463872.9143032115,0.0,0.0,206676792.0,208140664.9143032,0.9929669057466213,0.007033094253378719,37,0,[],1
2025-04-24,P3-1,1463872.9143032115,0.0,0.0,207735882.0,209199754.9143032,0.9930025113322772,0.0069974886677227404,37,0,[],1
2025-04-25,P3-1,1463872.9143032115,0.0,0.0,208688025.0,210151897.9143032,0.9930342151137738,0.006965784886226233,37,0,[],1
2025-04-28,P3-1,1463872.9143032115,0.0,0.0,209414297.0,210878169.9143032,0.9930582055273995,0.006941794472600464,37,0,[],1
2025-04-29,P3-1,1463872.9143032115,0.0,0.0,212384448.0,213848320.9143032,0.9931546204896795,0.006845379510320488,37,0,[],1
2025-04-30,P3-1,1463872.9143032115,0.0,0.0,213542405.0,215006277.9143032,0.9931914875765316,0.0068085124234683,37,0,[],0
2025-05-02,P3-1,1463872.9143032115,0.0,0.0,214778206.0,216242078.9143032,0.9932303975172041,0.006769602482795889,37,0,[],0
2025-05-07,P3-1,1463872.9143032115,0.0,0.0,214738165.0,216202037.9143032,0.9932291437748452,0.0067708562251547885,37,0,[],0
2025-05-08,P3-1,1463872.9143032115,0.0,0.0,216078281.0,217542153.9143032,0.993270854002485,0.006729145997514935,37,0,[],0
2025-05-09,P3-1,1463872.9143032115,0.0,0.0,217645567.0,219109439.9143032,0.993318987466374,0.006681012533625903,37,0,[],0
2025-05-12,P3-1,1463872.9143032115,0.0,0.0,218163404.0,219627276.9143032,0.9933347399518394,0.006665260048160607,37,0,[],0
2025-05-13,P3-1,1463872.9143032115,0.0,0.0,219432062.0,220895934.9143032,0.9933730201288171,0.006626979871182883,37,0,[],0
2025-05-14,P3-1,1463872.9143032115,0.0,0.0,222268549.0,223732421.9143032,0.993457037197479,0.006542962802520961,37,0,[],0
2025-05-15,P3-1,1463872.9143032115,0.0,0.0,221329130.0,222793002.9143032,0.9934294484335027,0.006570551566497295,37,0,[],0
2025-05-16,P3-1,1463872.9143032115,0.0,0.0,219576786.0,221040658.9143032,0.9933773590727906,0.006622640927209462,37,0,[],0
2025-05-19,P3-1,1463872.9143032115,4017674.958345,0.0,213965769.0,219447316.8726482,0.9750211214665736,0.02497887853342639,36,0,[],0
2025-05-20,P3-1,5481547.872648211,0.0,0.0,216667778.0,222149325.8726482,0.9753249403250919,0.02467505967490815,36,0,[],0
2025-05-21,P3-1,5481547.872648211,0.0,0.0,219028894.0,224510441.8726482,0.9755844412984694,0.024415558701530577,36,0,[],0
2025-05-22,P3-1,5481547.872648211,0.0,0.0,217610007.0,223091554.8726482,0.9754291556407083,0.024570844359291646,36,0,[],0
2025-05-23,P3-1,5481547.872648211,0.0,0.0,219497186.0,224978733.8726482,0.9756352621499279,0.024364737850072107,36,0,[],0
2025-05-26,P3-1,492306.0886217123,0.0,0.0,226130147.0,226622453.0886217,0.9978276376329349,0.0021723623670651636,37,0,[],0
2025-05-27,P3-1,492306.0886217123,0.0,0.0,224962097.0,225454403.0886217,0.9978163829054685,0.002183617094531511,37,0,[],0
2025-05-28,P3-1,492306.0886217123,0.0,0.0,225705044.0,226197350.0886217,0.9978235550132271,0.002176444986772975,37,0,[],1
2025-05-29,P3-1,492306.0886217123,0.0,0.0,232543222.0,233035528.0886217,0.9978874204604781,0.0021125795395219387,37,0,[],1
2025-05-30,P3-1,492306.0886217123,0.0,5022000.0,227960740.0,233475046.0886217,0.9763816040257741,0.023618395974225912,36,0,[],0
