date,strategy_id,valuation_basis_date,cash,pending_sale_proceeds,invested_market_value,equity,drawdown,exposure,cash_ratio,open_positions,valuation_is_execution_support_only,peak_equity
2022-01-03,PATTERN_B_ET_REALISTIC_PORTFOLIO_P3_2,2022-01-03,200000000.0,0.0,0.0,200000000.0,0.0,0.0,1.0,0,False,200000000.0
2022-01-04,PATTERN_B_ET_REALISTIC_PORTFOLIO_P3_2,2022-01-04,200000000.0,0.0,0.0,200000000.0,0.0,0.0,1.0,0,False,200000000.0
2022-01-05,PATTERN_B_ET_REALISTIC_PORTFOLIO_P3_2,2022-01-05,200000000.0,0.0,0.0,200000000.0,0.0,0.0,1.0,0,False,200000000.0
2022-01-06,PATTERN_B_ET_REALISTIC_PORTFOLIO_P3_2,2022-01-06,200000000.0,0.0,0.0,200000000.0,0.0,0.0,1.0,0,False,200000000.0
2022-01-07,PATTERN_B_ET_REALISTIC_PORTFOLIO_P3_2,2022-01-07,200000000.0,0.0,0.0,200000000.0,0.0,0.0,1.0,0,False,200000000.0
2022-01-10,PATTERN_B_ET_REALISTIC_PORTFOLIO_P3_2,2022-01-10,200000000.0,0.0,0.0,200000000.0,0.0,0.0,1.0,0,False,200000000.0
2022-01-11,PATTERN_B_ET_REALISTIC_PORTFOLIO_P3_2,2022-01-11,200000000.0,0.0,0.0,200000000.0,0.0,0.0,1.0,0,False,200000000.0
2022-01-12,PATTERN_B_ET_REALISTIC_PORTFOLIO_P3_2,2022-01-12,200000000.0,0.0,0.0,200000000.0,0.0,0.0,1.0,0,False,200000000.0
2022-01-13,PATTERN_B_ET_REALISTIC_PORTFOLIO_P3_2,2022-01-13,200000000.0,0.0,0.0,200000000.0,0.0,0.0,1.0,0,False,200000000.0
2022-01-14,PATTERN_B_ET_REALISTIC_PORTFOLIO_P3_2,2022-01-14,200000000.0,0.0,0.0,200000000.0,0.0,0.0,1.0,0,False,200000000.0
2022-01-17,PATTERN_B_ET_REALISTIC_PORTFOLIO_P3_2,2022-01-17,200000000.0,0.0,0.0,200000000.0,0.0,0.0,1.0,0,False,200000000.0
2022-01-18,PATTERN_B_ET_REALISTIC_PORTFOLIO_P3_2,2022-01-18,200000000.0,0.0,0.0,200000000.0,0.0,0.0,1.0,0,False,200000000.0
2022-01-19,PATTERN_B_ET_REALISTIC_PORTFOLIO_P3_2,2022-01-19,200000000.0,0.0,0.0,200000000.0,0.0,0.0,1.0,0,False,200000000.0
2022-01-20,PATTERN_B_ET_REALISTIC_PORTFOLIO_P3_2,2022-01-20,200000000.0,0.0,0.0,200000000.0,0.0,0.0,1.0,0,False,200000000.0
2022-01-21,PATTERN_B_ET_REALISTIC_PORTFOLIO_P3_2,2022-01-21,200000000.0,0.0,0.0,200000000.0,0.0,0.0,1.0,0,False,200000000.0
2022-01-24,PATTERN_B_ET_REALISTIC_PORTFOLIO_P3_2,2022-01-24,200000000.0,0.0,0.0,200000000.0,0.0,0.0,1.0,0,False,200000000.0
2022-01-25,PATTERN_B_ET_REALISTIC_PORTFOLIO_P3_2,2022-01-25,200000000.0,0.0,0.0,200000000.0,0.0,0.0,1.0,0,False,200000000.0
2022-01-26,PATTERN_B_ET_REALISTIC_PORTFOLIO_P3_2,2022-01-26,200000000.0,0.0,0.0,200000000.0,0.0,0.0,1.0,0,False,200000000.0
2022-01-27,PATTERN_B_ET_REALISTIC_PORTFOLIO_P3_2,2022-01-27,200000000.0,0.0,0.0,200000000.0,0.0,0.0,1.0,0,False,200000000.0
2022-01-28,PATTERN_B_ET_REALISTIC_PORTFOLIO_P3_2,2022-01-28,200000000.0,0.0,0.0,200000000.0,0.0,0.0,1.0,0,False,200000000.0
2022-02-03,PATTERN_B_ET_REALISTIC_PORTFOLIO_P3_2,2022-02-03,200000000.0,0.0,0.0,200000000.0,0.0,0.0,1.0,0,False,200000000.0
2022-02-04,PATTERN_B_ET_REALISTIC_PORTFOLIO_P3_2,2022-02-04,200000000.0,0.0,0.0,200000000.0,0.0,0.0,1.0,0,False,200000000.0
2022-02-07,PATTERN_B_ET_REALISTIC_PORTFOLIO_P3_2,2022-02-07,200000000.0,0.0,0.0,200000000.0,0.0,0.0,1.0,0,False,200000000.0
2022-02-08,PATTERN_B_ET_REALISTIC_PORTFOLIO_P3_2,2022-02-08,200000000.0,0.0,0.0,200000000.0,0.0,0.0,1.0,0,False,200000000.0
2022-02-09,PATTERN_B_ET_REALISTIC_PORTFOLIO_P3_2,2022-02-09,200000000.0,0.0,0.0,200000000.0,0.0,0.0,1.0,0,False,200000000.0
2022-02-10,PATTERN_B_ET_REALISTIC_PORTFOLIO_P3_2,2022-02-10,200000000.0,0.0,0.0,200000000.0,0.0,0.0,1.0,0,False,200000000.0
2022-02-11,PATTERN_B_ET_REALISTIC_PORTFOLIO_P3_2,2022-02-11,200000000.0,0.0,0.0,200000000.0,0.0,0.0,1.0,0,False,200000000.0
2022-02-14,PATTERN_B_ET_REALISTIC_PORTFOLIO_P3_2,2022-02-14,200000000.0,0.0,0.0,200000000.0,0.0,0.0,1.0,0,False,200000000.0
2022-02-15,PATTERN_B_ET_REALISTIC_PORTFOLIO_P3_2,2022-02-15,200000000.0,0.0,0.0,200000000.0,0.0,0.0,1.0,0,False,200000000.0
2022-02-16,PATTERN_B_ET_REALISTIC_PORTFOLIO_P3_2,2022-02-16,200000000.0,0.0,0.0,200000000.0,0.0,0.0,1.0,0,False,200000000.0
2022-02-17,PATTERN_B_ET_REALISTIC_PORTFOLIO_P3_2,2022-02-17,200000000.0,0.0,0.0,200000000.0,0.0,0.0,1.0,0,False,200000000.0
2022-02-18,PATTERN_B_ET_REALISTIC_PORTFOLIO_P3_2,2022-02-18,200000000.0,0.0,0.0,200000000.0,0.0,0.0,1.0,0,False,200000000.0
2022-02-21,PATTERN_B_ET_REALISTIC_PORTFOLIO_P3_2,2022-02-21,200000000.0,0.0,0.0,200000000.0,0.0,0.0,1.0,0,False,200000000.0
2022-02-22,PATTERN_B_ET_REALISTIC_PORTFOLIO_P3_2,2022-02-22,200000000.0,0.0,0.0,200000000.0,0.0,0.0,1.0,0,False,200000000.0
2022-02-23,PATTERN_B_ET_REALISTIC_PORTFOLIO_P3_2,2022-02-23,200000000.0,0.0,0.0,200000000.0,0.0,0.0,1.0,0,False,200000000.0
2022-02-24,PATTERN_B_ET_REALISTIC_PORTFOLIO_P3_2,2022-02-24,200000000.0,0.0,0.0,200000000.0,0.0,0.0,1.0,0,False,200000000.0
2022-02-25,PATTERN_B_ET_REALISTIC_PORTFOLIO_P3_2,2022-02-25,200000000.0,0.0,0.0,200000000.0,0.0,0.0,1.0,0,False,200000000.0
2022-02-28,PATTERN_B_ET_REALISTIC_PORTFOLIO_P3_2,2022-02-28,200000000.0,0.0,0.0,200000000.0,0.0,0.0,1.0,0,False,200000000.0
2022-03-02,PATTERN_B_ET_REALISTIC_PORTFOLIO_P3_2,2022-03-02,90062345.47004673,0.0,110735430.0,200797775.47004673,0.0,0.551477374392121,0.44852262560787903,22,False,200797775.47004673
2022-03-03,PATTERN_B_ET_REALISTIC_PORTFOLIO_P3_2,2022-03-03,90062345.47004673,0.0,110851773.0,200914118.47004673,0.0,0.5517370996330769,0.44826290036692307,22,False,200914118.47004673
2022-03-04,PATTERN_B_ET_REALISTIC_PORTFOLIO_P3_2,2022-03-04,90062345.47004673,0.0,109808267.0,199870612.47004673,-0.00519379129722819,0.5493967604489941,0.4506032395510059,22,False,200914118.47004673
2022-03-07,PATTERN_B_ET_REALISTIC_PORTFOLIO_P3_2,2022-03-07,90062345.47004673,0.0,107766096.0,197828441.47004673,-0.015358188978939369,0.5447452105430295,0.45525478945697045,22,False,200914118.47004673
2022-03-08,PATTERN_B_ET_REALISTIC_PORTFOLIO_P3_2,2022-03-08,90062345.47004673,0.0,104179774.0,194242119.47004673,-0.03320821379207706,0.5363397716429115,0.4636602283570885,22,False,200914118.47004673
2022-03-10,PATTERN_B_ET_REALISTIC_PORTFOLIO_P3_2,2022-03-10,90062345.47004673,0.0,103506292.0,193568637.47004673,-0.03656030275988342,0.534726561868871,0.46527343813112904,22,False,200914118.47004673
2022-03-11,PATTERN_B_ET_REALISTIC_PORTFOLIO_P3_2,2022-03-11,90062345.47004673,0.0,105606259.0,195668604.47004673,-0.026108239878533057,0.5397199989544893,0.4602800010455107,22,False,200914118.47004673
2022-03-14,PATTERN_B_ET_REALISTIC_PORTFOLIO_P3_2,2022-03-14,90062345.47004673,0.0,105639036.0,195701381.47004673,-0.02594510052202803,0.5397970888425675,0.46020291115743256,22,False,200914118.47004673
2022-03-15,PATTERN_B_ET_REALISTIC_PORTFOLIO_P3_2,2022-03-15,90062345.47004673,0.0,105427635.0,195489980.47004673,-0.0269972963637628,0.539299429804556,0.46070057019544397,22,False,200914118.47004673
2022-03-16,PATTERN_B_ET_REALISTIC_PORTFOLIO_P3_2,2022-03-16,90062345.47004673,0.0,111265067.0,201327412.47004673,0.0,0.5526573139490077,0.4473426860509922,22,False,201327412.47004673
2022-03-17,PATTERN_B_ET_REALISTIC_PORTFOLIO_P3_2,2022-03-17,90062345.47004673,0.0,113379498.0,203441843.47004673,0.0,0.5573066782433731,0.44269332175662696,22,False,203441843.47004673
2022-03-18,PATTERN_B_ET_REALISTIC_PORTFOLIO_P3_2,2022-03-18,90062345.47004673,0.0,114011185.0,204073530.47004673,0.0,0.5586769863656287,0.4413230136343713,22,False,204073530.47004673
2022-03-21,PATTERN_B_ET_REALISTIC_PORTFOLIO_P3_2,2022-03-21,90062345.47004673,0.0,114985634.0,205047979.47004673,0.0,0.5607742846195518,0.4392257153804482,22,False,205047979.47004673
2022-03-22,PATTERN_B_ET_REALISTIC_PORTFOLIO_P3_2,2022-03-22,90062345.47004673,0.0,115908907.0,205971252.47004673,0.0,0.5627431285191413,0.43725687148085873,22,False,205971252.47004673
2022-03-23,PATTERN_B_ET_REALISTIC_PORTFOLIO_P3_2,2022-03-23,90062345.47004673,0.0,117900395.0,207962740.47004673,0.0,0.5669303776893699,0.4330696223106301,22,False,207962740.47004673
2022-03-24,PATTERN_B_ET_REALISTIC_PORTFOLIO_P3_2,2022-03-24,90062345.47004673,0.0,,,,,,22,False,
2022-03-25,PATTERN_B_ET_REALISTIC_PORTFOLIO_P3_2,2022-03-25,90062345.47004673,0.0,,,,,,22,False,
2022-03-28,PATTERN_B_ET_REALISTIC_PORTFOLIO_P3_2,2022-03-28,90062345.47004673,0.0,,,,,,22,False,
2022-03-29,PATTERN_B_ET_REALISTIC_PORTFOLIO_P3_2,2022-03-29,90062345.47004673,0.0,,,,,,22,False,
2022-03-30,PATTERN_B_ET_REALISTIC_PORTFOLIO_P3_2,2022-03-30,90062345.47004673,0.0,,,,,,22,False,
2022-03-31,PATTERN_B_ET_REALISTIC_PORTFOLIO_P3_2,2022-03-31,90062345.47004673,0.0,,,,,,22,False,
2022-04-01,PATTERN_B_ET_REALISTIC_PORTFOLIO_P3_2,2022-04-01,85062651.67845424,84600491.56900427,,,,,,9,False,
2022-04-04,PATTERN_B_ET_REALISTIC_PORTFOLIO_P3_2,2022-04-04,169663143.24745852,0.0,,,,,,9,False,
2022-04-05,PATTERN_B_ET_REALISTIC_PORTFOLIO_P3_2,2022-04-05,169663143.24745852,0.0,,,,,,9,False,
2022-04-06,PATTERN_B_ET_REALISTIC_PORTFOLIO_P3_2,2022-04-06,169663143.24745852,0.0,,,,,,9,False,
2022-04-07,PATTERN_B_ET_REALISTIC_PORTFOLIO_P3_2,2022-04-07,169663143.24745852,0.0,,,,,,9,False,
2022-04-08,PATTERN_B_ET_REALISTIC_PORTFOLIO_P3_2,2022-04-08,169663143.24745852,0.0,,,,,,9,False,
2022-04-11,PATTERN_B_ET_REALISTIC_PORTFOLIO_P3_2,2022-04-11,169663143.24745852,0.0,,,,,,9,False,
2022-04-12,PATTERN_B_ET_REALISTIC_PORTFOLIO_P3_2,2022-04-12,169663143.24745852,0.0,,,,,,9,False,
2022-04-13,PATTERN_B_ET_REALISTIC_PORTFOLIO_P3_2,2022-04-13,169663143.24745852,0.0,,,,,,9,False,
2022-04-14,PATTERN_B_ET_REALISTIC_PORTFOLIO_P3_2,2022-04-14,169663143.24745852,0.0,,,,,,9,False,
2022-04-15,PATTERN_B_ET_REALISTIC_PORTFOLIO_P3_2,2022-04-15,169663143.24745852,0.0,,,,,,9,False,
2022-04-18,PATTERN_B_ET_REALISTIC_PORTFOLIO_P3_2,2022-04-18,169663143.24745852,0.0,,,,,,9,False,
2022-04-19,PATTERN_B_ET_REALISTIC_PORTFOLIO_P3_2,2022-04-19,169663143.24745852,0.0,,,,,,9,False,
2022-04-20,PATTERN_B_ET_REALISTIC_PORTFOLIO_P3_2,2022-04-20,169663143.24745852,0.0,,,,,,9,False,
2022-04-21,PATTERN_B_ET_REALISTIC_PORTFOLIO_P3_2,2022-04-21,169663143.24745852,0.0,,,,,,9,False,
2022-04-22,PATTERN_B_ET_REALISTIC_PORTFOLIO_P3_2,2022-04-22,169663143.24745852,0.0,,,,,,9,False,
2022-04-25,PATTERN_B_ET_REALISTIC_PORTFOLIO_P3_2,2022-04-25,169663143.24745852,0.0,,,,,,9,False,
2022-04-26,PATTERN_B_ET_REALISTIC_PORTFOLIO_P3_2,2022-04-26,169663143.24745852,0.0,,,,,,9,False,
2022-04-27,PATTERN_B_ET_REALISTIC_PORTFOLIO_P3_2,2022-04-27,169663143.24745852,0.0,,,,,,9,False,
2022-04-28,PATTERN_B_ET_REALISTIC_PORTFOLIO_P3_2,2022-04-28,169663143.24745852,0.0,,,,,,9,False,
2022-04-29,PATTERN_B_ET_REALISTIC_PORTFOLIO_P3_2,2022-04-29,169663143.24745852,0.0,,,,,,9,False,
2022-05-02,PATTERN_B_ET_REALISTIC_PORTFOLIO_P3_2,2022-05-02,169663143.24745852,0.0,,,,,,9,False,
2022-05-03,PATTERN_B_ET_REALISTIC_PORTFOLIO_P3_2,2022-05-03,169663143.24745852,0.0,,,,,,9,False,
2022-05-04,PATTERN_B_ET_REALISTIC_PORTFOLIO_P3_2,2022-05-04,169663143.24745852,0.0,,,,,,9,False,
2022-05-06,PATTERN_B_ET_REALISTIC_PORTFOLIO_P3_2,2022-05-06,169663143.24745852,0.0,,,,,,9,False,
2022-05-09,PATTERN_B_ET_REALISTIC_PORTFOLIO_P3_2,2022-05-09,169663143.24745852,0.0,,,,,,9,False,
2022-05-10,PATTERN_B_ET_REALISTIC_PORTFOLIO_P3_2,2022-05-10,169663143.24745852,0.0,,,,,,9,False,
2022-05-11,PATTERN_B_ET_REALISTIC_PORTFOLIO_P3_2,2022-05-11,169663143.24745852,0.0,,,,,,9,False,
2022-05-12,PATTERN_B_ET_REALISTIC_PORTFOLIO_P3_2,2022-05-12,169663143.24745852,0.0,,,,,,9,False,
2022-05-13,PATTERN_B_ET_REALISTIC_PORTFOLIO_P3_2,2022-05-13,169663143.24745852,0.0,,,,,,9,False,
2022-05-16,PATTERN_B_ET_REALISTIC_PORTFOLIO_P3_2,2022-05-16,169663143.24745852,0.0,,,,,,9,False,
2022-05-17,PATTERN_B_ET_REALISTIC_PORTFOLIO_P3_2,2022-05-17,169663143.24745852,0.0,,,,,,9,False,
2022-05-18,PATTERN_B_ET_REALISTIC_PORTFOLIO_P3_2,2022-05-18,169663143.24745852,0.0,,,,,,9,False,
2022-05-19,PATTERN_B_ET_REALISTIC_PORTFOLIO_P3_2,2022-05-19,169663143.24745852,0.0,,,,,,9,False,
2022-05-20,PATTERN_B_ET_REALISTIC_PORTFOLIO_P3_2,2022-05-20,169663143.24745852,0.0,,,,,,9,False,
2022-05-23,PATTERN_B_ET_REALISTIC_PORTFOLIO_P3_2,2022-05-23,169663143.24745852,0.0,,,,,,9,False,
2022-05-24,PATTERN_B_ET_REALISTIC_PORTFOLIO_P3_2,2022-05-24,169663143.24745852,0.0,,,,,,9,False,
2022-05-25,PATTERN_B_ET_REALISTIC_PORTFOLIO_P3_2,2022-05-25,169663143.24745852,0.0,,,,,,9,False,
2022-05-26,PATTERN_B_ET_REALISTIC_PORTFOLIO_P3_2,2022-05-26,169663143.24745852,0.0,,,,,,9,False,
2022-05-27,PATTERN_B_ET_REALISTIC_PORTFOLIO_P3_2,2022-05-27,169663143.24745852,0.0,,,,,,9,False,
2022-05-30,PATTERN_B_ET_REALISTIC_PORTFOLIO_P3_2,2022-05-30,169663143.24745852,0.0,,,,,,9,False,
2022-05-31,PATTERN_B_ET_REALISTIC_PORTFOLIO_P3_2,2022-05-31,169663143.24745852,0.0,,,,,,9,False,
2022-06-02,PATTERN_B_ET_REALISTIC_PORTFOLIO_P3_2,2022-06-02,89757962.88500106,0.0,,,,,,25,False,
2022-06-03,PATTERN_B_ET_REALISTIC_PORTFOLIO_P3_2,2022-06-03,89757962.88500106,0.0,,,,,,25,False,
2022-06-07,PATTERN_B_ET_REALISTIC_PORTFOLIO_P3_2,2022-06-07,89757962.88500106,0.0,,,,,,25,False,
2022-06-08,PATTERN_B_ET_REALISTIC_PORTFOLIO_P3_2,2022-06-08,89757962.88500106,0.0,,,,,,25,False,
2022-06-09,PATTERN_B_ET_REALISTIC_PORTFOLIO_P3_2,2022-06-09,89757962.88500106,0.0,,,,,,25,False,
2022-06-10,PATTERN_B_ET_REALISTIC_PORTFOLIO_P3_2,2022-06-10,89757962.88500106,0.0,,,,,,25,False,
2022-06-13,PATTERN_B_ET_REALISTIC_PORTFOLIO_P3_2,2022-06-13,89757962.88500106,0.0,,,,,,25,False,
2022-06-14,PATTERN_B_ET_REALISTIC_PORTFOLIO_P3_2,2022-06-14,89757962.88500106,0.0,,,,,,25,False,
2022-06-15,PATTERN_B_ET_REALISTIC_PORTFOLIO_P3_2,2022-06-15,89757962.88500106,0.0,,,,,,25,False,
2022-06-16,PATTERN_B_ET_REALISTIC_PORTFOLIO_P3_2,2022-06-16,89757962.88500106,0.0,,,,,,25,False,
2022-06-17,PATTERN_B_ET_REALISTIC_PORTFOLIO_P3_2,2022-06-17,89757962.88500106,0.0,,,,,,25,False,
2022-06-20,PATTERN_B_ET_REALISTIC_PORTFOLIO_P3_2,2022-06-20,89757962.88500106,0.0,,,,,,25,False,
2022-06-21,PATTERN_B_ET_REALISTIC_PORTFOLIO_P3_2,2022-06-21,89757962.88500106,0.0,,,,,,25,False,
2022-06-22,PATTERN_B_ET_REALISTIC_PORTFOLIO_P3_2,2022-06-22,89757962.88500106,0.0,,,,,,25,False,
2022-06-23,PATTERN_B_ET_REALISTIC_PORTFOLIO_P3_2,2022-06-23,89757962.88500106,0.0,,,,,,25,False,
2022-06-24,PATTERN_B_ET_REALISTIC_PORTFOLIO_P3_2,2022-06-24,89757962.88500106,0.0,,,,,,25,False,
2022-06-27,PATTERN_B_ET_REALISTIC_PORTFOLIO_P3_2,2022-06-27,89757962.88500106,0.0,,,,,,25,False,
2022-06-28,PATTERN_B_ET_REALISTIC_PORTFOLIO_P3_2,2022-06-28,89757962.88500106,0.0,,,,,,25,False,
2022-06-29,PATTERN_B_ET_REALISTIC_PORTFOLIO_P3_2,2022-06-29,89757962.88500106,0.0,,,,,,25,False,
2022-06-30,PATTERN_B_ET_REALISTIC_PORTFOLIO_P3_2,2022-06-30,89757962.88500106,0.0,,,,,,25,False,
2022-07-01,PATTERN_B_ET_REALISTIC_PORTFOLIO_P3_2,2022-07-01,4901151.947352341,0.0,,,,,,42,False,
2022-07-04,PATTERN_B_ET_REALISTIC_PORTFOLIO_P3_2,2022-07-04,4901151.947352341,0.0,,,,,,42,False,
2022-07-05,PATTERN_B_ET_REALISTIC_PORTFOLIO_P3_2,2022-07-05,4901151.947352341,0.0,,,,,,42,False,
2022-07-06,PATTERN_B_ET_REALISTIC_PORTFOLIO_P3_2,2022-07-06,4901151.947352341,0.0,,,,,,42,False,
2022-07-07,PATTERN_B_ET_REALISTIC_PORTFOLIO_P3_2,2022-07-07,4901151.947352341,0.0,,,,,,42,False,
2022-07-08,PATTERN_B_ET_REALISTIC_PORTFOLIO_P3_2,2022-07-08,4901151.947352341,0.0,,,,,,42,False,
2022-07-11,PATTERN_B_ET_REALISTIC_PORTFOLIO_P3_2,2022-07-11,4901151.947352341,0.0,,,,,,42,False,
2022-07-12,PATTERN_B_ET_REALISTIC_PORTFOLIO_P3_2,2022-07-12,4901151.947352341,0.0,,,,,,42,False,
2022-07-13,PATTERN_B_ET_REALISTIC_PORTFOLIO_P3_2,2022-07-13,4901151.947352341,0.0,,,,,,42,False,
2022-07-14,PATTERN_B_ET_REALISTIC_PORTFOLIO_P3_2,2022-07-14,4901151.947352341,0.0,,,,,,42,False,
2022-07-15,PATTERN_B_ET_REALISTIC_PORTFOLIO_P3_2,2022-07-15,4901151.947352341,0.0,,,,,,42,False,
2022-07-18,PATTERN_B_ET_REALISTIC_PORTFOLIO_P3_2,2022-07-18,4901151.947352341,0.0,,,,,,42,False,
2022-07-19,PATTERN_B_ET_REALISTIC_PORTFOLIO_P3_2,2022-07-19,4901151.947352341,0.0,,,,,,42,False,
2022-07-20,PATTERN_B_ET_REALISTIC_PORTFOLIO_P3_2,2022-07-20,4901151.947352341,0.0,,,,,,42,False,
2022-07-21,PATTERN_B_ET_REALISTIC_PORTFOLIO_P3_2,2022-07-21,4901151.947352341,0.0,,,,,,42,False,
2022-07-22,PATTERN_B_ET_REALISTIC_PORTFOLIO_P3_2,2022-07-22,4901151.947352341,0.0,,,,,,42,False,
2022-07-25,PATTERN_B_ET_REALISTIC_PORTFOLIO_P3_2,2022-07-25,4901151.947352341,0.0,,,,,,42,False,
2022-07-26,PATTERN_B_ET_REALISTIC_PORTFOLIO_P3_2,2022-07-26,4901151.947352341,0.0,,,,,,42,False,
2022-07-27,PATTERN_B_ET_REALISTIC_PORTFOLIO_P3_2,2022-07-27,4901151.947352341,0.0,,,,,,42,False,
2022-07-28,PATTERN_B_ET_REALISTIC_PORTFOLIO_P3_2,2022-07-28,4901151.947352341,0.0,,,,,,42,False,
2022-07-29,PATTERN_B_ET_REALISTIC_PORTFOLIO_P3_2,2022-07-29,4901151.947352341,0.0,,,,,,42,False,
2022-08-01,PATTERN_B_ET_REALISTIC_PORTFOLIO_P3_2,2022-08-01,4901151.947352341,0.0,,,,,,42,False,
2022-08-02,PATTERN_B_ET_REALISTIC_PORTFOLIO_P3_2,2022-08-02,4901151.947352341,0.0,,,,,,42,False,
2022-08-03,PATTERN_B_ET_REALISTIC_PORTFOLIO_P3_2,2022-08-03,4901151.947352341,0.0,,,,,,42,False,
2022-08-04,PATTERN_B_ET_REALISTIC_PORTFOLIO_P3_2,2022-08-04,4901151.947352341,0.0,,,,,,42,False,
2022-08-05,PATTERN_B_ET_REALISTIC_PORTFOLIO_P3_2,2022-08-05,4901151.947352341,0.0,,,,,,42,False,
2022-08-08,PATTERN_B_ET_REALISTIC_PORTFOLIO_P3_2,2022-08-08,4901151.947352341,0.0,,,,,,42,False,
2022-08-09,PATTERN_B_ET_REALISTIC_PORTFOLIO_P3_2,2022-08-09,4901151.947352341,0.0,,,,,,42,False,
2022-08-10,PATTERN_B_ET_REALISTIC_PORTFOLIO_P3_2,2022-08-10,4901151.947352341,0.0,,,,,,42,False,
2022-08-11,PATTERN_B_ET_REALISTIC_PORTFOLIO_P3_2,2022-08-11,4901151.947352341,0.0,,,,,,42,False,
2022-08-12,PATTERN_B_ET_REALISTIC_PORTFOLIO_P3_2,2022-08-12,4901151.947352341,0.0,,,,,,42,False,
2022-08-16,PATTERN_B_ET_REALISTIC_PORTFOLIO_P3_2,2022-08-16,4901151.947352341,0.0,,,,,,42,False,
2022-08-17,PATTERN_B_ET_REALISTIC_PORTFOLIO_P3_2,2022-08-17,4901151.947352341,0.0,,,,,,42,False,
2022-08-18,PATTERN_B_ET_REALISTIC_PORTFOLIO_P3_2,2022-08-18,4901151.947352341,0.0,,,,,,42,False,
2022-08-19,PATTERN_B_ET_REALISTIC_PORTFOLIO_P3_2,2022-08-19,4901151.947352341,0.0,,,,,,42,False,
2022-08-22,PATTERN_B_ET_REALISTIC_PORTFOLIO_P3_2,2022-08-22,4901151.947352341,0.0,,,,,,42,False,
2022-08-23,PATTERN_B_ET_REALISTIC_PORTFOLIO_P3_2,2022-08-23,4901151.947352341,0.0,,,,,,42,False,
2022-08-24,PATTERN_B_ET_REALISTIC_PORTFOLIO_P3_2,2022-08-24,4901151.947352341,0.0,,,,,,42,False,
2022-08-25,PATTERN_B_ET_REALISTIC_PORTFOLIO_P3_2,2022-08-25,4901151.947352341,0.0,,,,,,42,False,
2022-08-26,PATTERN_B_ET_REALISTIC_PORTFOLIO_P3_2,2022-08-26,4901151.947352341,0.0,,,,,,42,False,
2022-08-29,PATTERN_B_ET_REALISTIC_PORTFOLIO_P3_2,2022-08-29,4901151.947352341,0.0,,,,,,42,False,
2022-08-30,PATTERN_B_ET_REALISTIC_PORTFOLIO_P3_2,2022-08-30,4901151.947352341,0.0,,,,,,42,False,
2022-08-31,PATTERN_B_ET_REALISTIC_PORTFOLIO_P3_2,2022-08-31,4901151.947352341,0.0,,,,,,42,False,
2022-09-01,PATTERN_B_ET_REALISTIC_PORTFOLIO_P3_2,2022-09-01,4901151.947352341,60205972.8386223,,,,,,32,False,
2022-09-02,PATTERN_B_ET_REALISTIC_PORTFOLIO_P3_2,2022-09-02,65107124.785974644,0.0,,,,,,32,False,
2022-09-05,PATTERN_B_ET_REALISTIC_PORTFOLIO_P3_2,2022-09-05,65107124.785974644,0.0,,,,,,32,False,
2022-09-06,PATTERN_B_ET_REALISTIC_PORTFOLIO_P3_2,2022-09-06,65107124.785974644,0.0,,,,,,32,False,
2022-09-07,PATTERN_B_ET_REALISTIC_PORTFOLIO_P3_2,2022-09-07,65107124.785974644,0.0,,,,,,32,False,
2022-09-08,PATTERN_B_ET_REALISTIC_PORTFOLIO_P3_2,2022-09-08,65107124.785974644,0.0,,,,,,32,False,
2022-09-13,PATTERN_B_ET_REALISTIC_PORTFOLIO_P3_2,2022-09-13,65107124.785974644,0.0,,,,,,32,False,
2022-09-14,PATTERN_B_ET_REALISTIC_PORTFOLIO_P3_2,2022-09-14,65107124.785974644,0.0,,,,,,32,False,
2022-09-15,PATTERN_B_ET_REALISTIC_PORTFOLIO_P3_2,2022-09-15,65107124.785974644,0.0,,,,,,32,False,
2022-09-16,PATTERN_B_ET_REALISTIC_PORTFOLIO_P3_2,2022-09-16,65107124.785974644,0.0,,,,,,32,False,
2022-09-19,PATTERN_B_ET_REALISTIC_PORTFOLIO_P3_2,2022-09-19,65107124.785974644,0.0,,,,,,32,False,
2022-09-20,PATTERN_B_ET_REALISTIC_PORTFOLIO_P3_2,2022-09-20,65107124.785974644,0.0,,,,,,32,False,
2022-09-21,PATTERN_B_ET_REALISTIC_PORTFOLIO_P3_2,2022-09-21,65107124.785974644,0.0,,,,,,32,False,
2022-09-22,PATTERN_B_ET_REALISTIC_PORTFOLIO_P3_2,2022-09-22,65107124.785974644,0.0,,,,,,32,False,
2022-09-23,PATTERN_B_ET_REALISTIC_PORTFOLIO_P3_2,2022-09-23,65107124.785974644,0.0,,,,,,32,False,
2022-09-26,PATTERN_B_ET_REALISTIC_PORTFOLIO_P3_2,2022-09-26,65107124.785974644,0.0,,,,,,32,False,
2022-09-27,PATTERN_B_ET_REALISTIC_PORTFOLIO_P3_2,2022-09-27,65107124.785974644,0.0,,,,,,32,False,
2022-09-28,PATTERN_B_ET_REALISTIC_PORTFOLIO_P3_2,2022-09-28,65107124.785974644,0.0,,,,,,32,False,
2022-09-29,PATTERN_B_ET_REALISTIC_PORTFOLIO_P3_2,2022-09-29,65107124.785974644,0.0,,,,,,32,False,
2022-09-30,PATTERN_B_ET_REALISTIC_PORTFOLIO_P3_2,2022-09-30,65107124.785974644,0.0,,,,,,32,False,
2022-10-04,PATTERN_B_ET_REALISTIC_PORTFOLIO_P3_2,2022-10-04,181910.83848073613,0.0,,,,,,45,False,
2022-10-05,PATTERN_B_ET_REALISTIC_PORTFOLIO_P3_2,2022-10-05,181910.83848073613,0.0,,,,,,45,False,
2022-10-06,PATTERN_B_ET_REALISTIC_PORTFOLIO_P3_2,2022-10-06,181910.83848073613,0.0,,,,,,45,False,
2022-10-07,PATTERN_B_ET_REALISTIC_PORTFOLIO_P3_2,2022-10-07,181910.83848073613,0.0,,,,,,45,False,
2022-10-11,PATTERN_B_ET_REALISTIC_PORTFOLIO_P3_2,2022-10-11,181910.83848073613,0.0,,,,,,45,False,
2022-10-12,PATTERN_B_ET_REALISTIC_PORTFOLIO_P3_2,2022-10-12,181910.83848073613,0.0,,,,,,45,False,
2022-10-13,PATTERN_B_ET_REALISTIC_PORTFOLIO_P3_2,2022-10-13,181910.83848073613,0.0,,,,,,45,False,
2022-10-14,PATTERN_B_ET_REALISTIC_PORTFOLIO_P3_2,2022-10-14,181910.83848073613,0.0,,,,,,45,False,
2022-10-17,PATTERN_B_ET_REALISTIC_PORTFOLIO_P3_2,2022-10-17,181910.83848073613,0.0,,,,,,45,False,
2022-10-18,PATTERN_B_ET_REALISTIC_PORTFOLIO_P3_2,2022-10-18,181910.83848073613,0.0,,,,,,45,False,
2022-10-19,PATTERN_B_ET_REALISTIC_PORTFOLIO_P3_2,2022-10-19,181910.83848073613,0.0,,,,,,45,False,
2022-10-20,PATTERN_B_ET_REALISTIC_PORTFOLIO_P3_2,2022-10-20,181910.83848073613,0.0,,,,,,45,False,
2022-10-21,PATTERN_B_ET_REALISTIC_PORTFOLIO_P3_2,2022-10-21,181910.83848073613,0.0,,,,,,45,False,
2022-10-24,PATTERN_B_ET_REALISTIC_PORTFOLIO_P3_2,2022-10-24,181910.83848073613,0.0,,,,,,45,False,
2022-10-25,PATTERN_B_ET_REALISTIC_PORTFOLIO_P3_2,2022-10-25,181910.83848073613,0.0,,,,,,45,False,
2022-10-26,PATTERN_B_ET_REALISTIC_PORTFOLIO_P3_2,2022-10-26,181910.83848073613,0.0,,,,,,45,False,
2022-10-27,PATTERN_B_ET_REALISTIC_PORTFOLIO_P3_2,2022-10-27,181910.83848073613,0.0,,,,,,45,False,
2022-10-28,PATTERN_B_ET_REALISTIC_PORTFOLIO_P3_2,2022-10-28,181910.83848073613,0.0,,,,,,45,False,
2022-10-31,PATTERN_B_ET_REALISTIC_PORTFOLIO_P3_2,2022-10-31,181910.83848073613,0.0,,,,,,45,False,
2022-11-01,PATTERN_B_ET_REALISTIC_PORTFOLIO_P3_2,2022-11-01,181910.83848073613,22194956.066210553,,,,,,41,False,
2022-11-02,PATTERN_B_ET_REALISTIC_PORTFOLIO_P3_2,2022-11-02,22376866.90469129,0.0,,,,,,41,False,
2022-11-03,PATTERN_B_ET_REALISTIC_PORTFOLIO_P3_2,2022-11-03,22376866.90469129,0.0,,,,,,41,False,
2022-11-04,PATTERN_B_ET_REALISTIC_PORTFOLIO_P3_2,2022-11-04,22376866.90469129,0.0,,,,,,41,False,
2022-11-07,PATTERN_B_ET_REALISTIC_PORTFOLIO_P3_2,2022-11-07,22376866.90469129,0.0,,,,,,41,False,
2022-11-08,PATTERN_B_ET_REALISTIC_PORTFOLIO_P3_2,2022-11-08,22376866.90469129,0.0,,,,,,41,False,
2022-11-09,PATTERN_B_ET_REALISTIC_PORTFOLIO_P3_2,2022-11-09,22376866.90469129,0.0,,,,,,41,False,
2022-11-10,PATTERN_B_ET_REALISTIC_PORTFOLIO_P3_2,2022-11-10,22376866.90469129,0.0,,,,,,41,False,
2022-11-11,PATTERN_B_ET_REALISTIC_PORTFOLIO_P3_2,2022-11-11,22376866.90469129,0.0,,,,,,41,False,
2022-11-14,PATTERN_B_ET_REALISTIC_PORTFOLIO_P3_2,2022-11-14,22376866.90469129,0.0,,,,,,41,False,
2022-11-15,PATTERN_B_ET_REALISTIC_PORTFOLIO_P3_2,2022-11-15,22376866.90469129,0.0,,,,,,41,False,
2022-11-16,PATTERN_B_ET_REALISTIC_PORTFOLIO_P3_2,2022-11-16,22376866.90469129,0.0,,,,,,41,False,
2022-11-17,PATTERN_B_ET_REALISTIC_PORTFOLIO_P3_2,2022-11-17,22376866.90469129,0.0,,,,,,41,False,
2022-11-18,PATTERN_B_ET_REALISTIC_PORTFOLIO_P3_2,2022-11-18,22376866.90469129,0.0,,,,,,41,False,
2022-11-21,PATTERN_B_ET_REALISTIC_PORTFOLIO_P3_2,2022-11-21,22376866.90469129,0.0,,,,,,41,False,
2022-11-22,PATTERN_B_ET_REALISTIC_PORTFOLIO_P3_2,2022-11-22,22376866.90469129,0.0,,,,,,41,False,
2022-11-23,PATTERN_B_ET_REALISTIC_PORTFOLIO_P3_2,2022-11-23,22376866.90469129,0.0,,,,,,41,False,
2022-11-24,PATTERN_B_ET_REALISTIC_PORTFOLIO_P3_2,2022-11-24,22376866.90469129,0.0,,,,,,41,False,
2022-11-25,PATTERN_B_ET_REALISTIC_PORTFOLIO_P3_2,2022-11-25,22376866.90469129,0.0,,,,,,41,False,
2022-11-28,PATTERN_B_ET_REALISTIC_PORTFOLIO_P3_2,2022-11-28,22376866.90469129,0.0,,,,,,41,False,
2022-11-29,PATTERN_B_ET_REALISTIC_PORTFOLIO_P3_2,2022-11-29,22376866.90469129,0.0,,,,,,41,False,
2022-11-30,PATTERN_B_ET_REALISTIC_PORTFOLIO_P3_2,2022-11-30,22376866.90469129,0.0,,,,,,41,False,
2022-12-01,PATTERN_B_ET_REALISTIC_PORTFOLIO_P3_2,2022-12-01,22376866.90469129,42406430.93943074,,,,,,34,False,
2022-12-02,PATTERN_B_ET_REALISTIC_PORTFOLIO_P3_2,2022-12-02,64783297.84412204,0.0,,,,,,34,False,
2022-12-05,PATTERN_B_ET_REALISTIC_PORTFOLIO_P3_2,2022-12-05,64783297.84412204,0.0,,,,,,34,False,
2022-12-06,PATTERN_B_ET_REALISTIC_PORTFOLIO_P3_2,2022-12-06,64783297.84412204,0.0,,,,,,34,False,
2022-12-07,PATTERN_B_ET_REALISTIC_PORTFOLIO_P3_2,2022-12-07,64783297.84412204,0.0,,,,,,34,False,
2022-12-08,PATTERN_B_ET_REALISTIC_PORTFOLIO_P3_2,2022-12-08,64783297.84412204,0.0,,,,,,34,False,
2022-12-09,PATTERN_B_ET_REALISTIC_PORTFOLIO_P3_2,2022-12-09,64783297.84412204,0.0,,,,,,34,False,
2022-12-12,PATTERN_B_ET_REALISTIC_PORTFOLIO_P3_2,2022-12-12,64783297.84412204,0.0,,,,,,34,False,
2022-12-13,PATTERN_B_ET_REALISTIC_PORTFOLIO_P3_2,2022-12-13,64783297.84412204,0.0,,,,,,34,False,
2022-12-14,PATTERN_B_ET_REALISTIC_PORTFOLIO_P3_2,2022-12-14,64783297.84412204,0.0,,,,,,34,False,
2022-12-15,PATTERN_B_ET_REALISTIC_PORTFOLIO_P3_2,2022-12-15,64783297.84412204,0.0,,,,,,34,False,
2022-12-16,PATTERN_B_ET_REALISTIC_PORTFOLIO_P3_2,2022-12-16,64783297.84412204,0.0,,,,,,34,False,
2022-12-19,PATTERN_B_ET_REALISTIC_PORTFOLIO_P3_2,2022-12-19,64783297.84412204,0.0,,,,,,34,False,
2022-12-20,PATTERN_B_ET_REALISTIC_PORTFOLIO_P3_2,2022-12-20,64783297.84412204,0.0,,,,,,34,False,
2022-12-21,PATTERN_B_ET_REALISTIC_PORTFOLIO_P3_2,2022-12-21,64783297.84412204,0.0,,,,,,34,False,
2022-12-22,PATTERN_B_ET_REALISTIC_PORTFOLIO_P3_2,2022-12-22,64783297.84412204,0.0,,,,,,34,False,
2022-12-23,PATTERN_B_ET_REALISTIC_PORTFOLIO_P3_2,2022-12-23,64783297.84412204,0.0,,,,,,34,False,
2022-12-26,PATTERN_B_ET_REALISTIC_PORTFOLIO_P3_2,2022-12-26,64783297.84412204,0.0,,,,,,34,False,
2022-12-27,PATTERN_B_ET_REALISTIC_PORTFOLIO_P3_2,2022-12-27,64783297.84412204,0.0,,,,,,34,False,
2022-12-28,PATTERN_B_ET_REALISTIC_PORTFOLIO_P3_2,2022-12-28,64783297.84412204,0.0,,,,,,34,False,
2022-12-29,PATTERN_B_ET_REALISTIC_PORTFOLIO_P3_2,2022-12-29,64783297.84412204,0.0,,,,,,34,False,
2023-01-02,PATTERN_B_ET_REALISTIC_PORTFOLIO_P3_2,2023-01-02,64783297.84412204,0.0,,,,,,34,False,
2023-01-03,PATTERN_B_ET_REALISTIC_PORTFOLIO_P3_2,2023-01-03,64783297.84412204,0.0,,,,,,34,False,
2023-01-04,PATTERN_B_ET_REALISTIC_PORTFOLIO_P3_2,2023-01-04,64783297.84412204,0.0,,,,,,34,False,
2023-01-05,PATTERN_B_ET_REALISTIC_PORTFOLIO_P3_2,2023-01-05,64783297.84412204,0.0,,,,,,34,False,
2023-01-06,PATTERN_B_ET_REALISTIC_PORTFOLIO_P3_2,2023-01-06,64783297.84412204,0.0,,,,,,34,False,
2023-01-09,PATTERN_B_ET_REALISTIC_PORTFOLIO_P3_2,2023-01-09,64783297.84412204,0.0,,,,,,34,False,
2023-01-10,PATTERN_B_ET_REALISTIC_PORTFOLIO_P3_2,2023-01-10,64783297.84412204,0.0,,,,,,34,False,
2023-01-11,PATTERN_B_ET_REALISTIC_PORTFOLIO_P3_2,2023-01-11,64783297.84412204,0.0,,,,,,34,False,
2023-01-12,PATTERN_B_ET_REALISTIC_PORTFOLIO_P3_2,2023-01-12,64783297.84412204,0.0,,,,,,34,False,
2023-01-13,PATTERN_B_ET_REALISTIC_PORTFOLIO_P3_2,2023-01-13,64783297.84412204,0.0,,,,,,34,False,
2023-01-16,PATTERN_B_ET_REALISTIC_PORTFOLIO_P3_2,2023-01-16,64783297.84412204,0.0,,,,,,34,False,
2023-01-17,PATTERN_B_ET_REALISTIC_PORTFOLIO_P3_2,2023-01-17,64783297.84412204,0.0,,,,,,34,False,
2023-01-18,PATTERN_B_ET_REALISTIC_PORTFOLIO_P3_2,2023-01-18,64783297.84412204,0.0,,,,,,34,False,
2023-01-19,PATTERN_B_ET_REALISTIC_PORTFOLIO_P3_2,2023-01-19,64783297.84412204,0.0,,,,,,34,False,
2023-01-20,PATTERN_B_ET_REALISTIC_PORTFOLIO_P3_2,2023-01-20,64783297.84412204,0.0,,,,,,34,False,
2023-01-25,PATTERN_B_ET_REALISTIC_PORTFOLIO_P3_2,2023-01-25,64783297.84412204,0.0,,,,,,34,False,
2023-01-26,PATTERN_B_ET_REALISTIC_PORTFOLIO_P3_2,2023-01-26,64783297.84412204,0.0,,,,,,34,False,
2023-01-27,PATTERN_B_ET_REALISTIC_PORTFOLIO_P3_2,2023-01-27,64783297.84412204,0.0,,,,,,34,False,
2023-01-30,PATTERN_B_ET_REALISTIC_PORTFOLIO_P3_2,2023-01-30,64783297.84412204,0.0,,,,,,34,False,
2023-01-31,PATTERN_B_ET_REALISTIC_PORTFOLIO_P3_2,2023-01-31,64783297.84412204,0.0,,,,,,34,False,
2023-02-01,PATTERN_B_ET_REALISTIC_PORTFOLIO_P3_2,2023-02-01,39811761.827494845,18544420.609407,,,,,,36,False,
2023-02-02,PATTERN_B_ET_REALISTIC_PORTFOLIO_P3_2,2023-02-02,58356182.436901845,0.0,,,,,,36,False,
2023-02-03,PATTERN_B_ET_REALISTIC_PORTFOLIO_P3_2,2023-02-03,58356182.436901845,0.0,,,,,,36,False,
2023-02-06,PATTERN_B_ET_REALISTIC_PORTFOLIO_P3_2,2023-02-06,58356182.436901845,0.0,,,,,,36,False,
2023-02-07,PATTERN_B_ET_REALISTIC_PORTFOLIO_P3_2,2023-02-07,58356182.436901845,0.0,,,,,,36,False,
2023-02-08,PATTERN_B_ET_REALISTIC_PORTFOLIO_P3_2,2023-02-08,58356182.436901845,0.0,,,,,,36,False,
2023-02-09,PATTERN_B_ET_REALISTIC_PORTFOLIO_P3_2,2023-02-09,58356182.436901845,0.0,,,,,,36,False,
2023-02-10,PATTERN_B_ET_REALISTIC_PORTFOLIO_P3_2,2023-02-10,58356182.436901845,0.0,,,,,,36,False,
2023-02-13,PATTERN_B_ET_REALISTIC_PORTFOLIO_P3_2,2023-02-13,58356182.436901845,0.0,,,,,,36,False,
2023-02-14,PATTERN_B_ET_REALISTIC_PORTFOLIO_P3_2,2023-02-14,58356182.436901845,0.0,,,,,,36,False,
2023-02-15,PATTERN_B_ET_REALISTIC_PORTFOLIO_P3_2,2023-02-15,58356182.436901845,0.0,,,,,,36,False,
2023-02-16,PATTERN_B_ET_REALISTIC_PORTFOLIO_P3_2,2023-02-16,58356182.436901845,0.0,,,,,,36,False,
2023-02-17,PATTERN_B_ET_REALISTIC_PORTFOLIO_P3_2,2023-02-17,58356182.436901845,0.0,,,,,,36,False,
2023-02-20,PATTERN_B_ET_REALISTIC_PORTFOLIO_P3_2,2023-02-20,58356182.436901845,0.0,,,,,,36,False,
2023-02-21,PATTERN_B_ET_REALISTIC_PORTFOLIO_P3_2,2023-02-21,58356182.436901845,0.0,,,,,,36,False,
2023-02-22,PATTERN_B_ET_REALISTIC_PORTFOLIO_P3_2,2023-02-22,58356182.436901845,0.0,,,,,,36,False,
2023-02-23,PATTERN_B_ET_REALISTIC_PORTFOLIO_P3_2,2023-02-23,58356182.436901845,0.0,,,,,,36,False,
2023-02-24,PATTERN_B_ET_REALISTIC_PORTFOLIO_P3_2,2023-02-24,58356182.436901845,0.0,,,,,,36,False,
2023-02-27,PATTERN_B_ET_REALISTIC_PORTFOLIO_P3_2,2023-02-27,58356182.436901845,0.0,,,,,,36,False,
2023-02-28,PATTERN_B_ET_REALISTIC_PORTFOLIO_P3_2,2023-02-28,58356182.436901845,0.0,,,,,,36,False,
2023-03-02,PATTERN_B_ET_REALISTIC_PORTFOLIO_P3_2,2023-03-02,38360600.939510345,27277333.900960498,,,,,,36,False,
2023-03-03,PATTERN_B_ET_REALISTIC_PORTFOLIO_P3_2,2023-03-03,65637934.84047084,0.0,,,,,,36,False,
2023-03-06,PATTERN_B_ET_REALISTIC_PORTFOLIO_P3_2,2023-03-06,65637934.84047084,0.0,,,,,,36,False,
2023-03-07,PATTERN_B_ET_REALISTIC_PORTFOLIO_P3_2,2023-03-07,65637934.84047084,0.0,,,,,,36,False,
2023-03-08,PATTERN_B_ET_REALISTIC_PORTFOLIO_P3_2,2023-03-08,65637934.84047084,0.0,,,,,,36,False,
2023-03-09,PATTERN_B_ET_REALISTIC_PORTFOLIO_P3_2,2023-03-09,65637934.84047084,0.0,,,,,,36,False,
2023-03-10,PATTERN_B_ET_REALISTIC_PORTFOLIO_P3_2,2023-03-10,65637934.84047084,0.0,,,,,,36,False,
2023-03-13,PATTERN_B_ET_REALISTIC_PORTFOLIO_P3_2,2023-03-13,65637934.84047084,0.0,,,,,,36,False,
2023-03-14,PATTERN_B_ET_REALISTIC_PORTFOLIO_P3_2,2023-03-14,65637934.84047084,0.0,,,,,,36,False,
2023-03-15,PATTERN_B_ET_REALISTIC_PORTFOLIO_P3_2,2023-03-15,65637934.84047084,0.0,,,,,,36,False,
2023-03-16,PATTERN_B_ET_REALISTIC_PORTFOLIO_P3_2,2023-03-16,65637934.84047084,0.0,,,,,,36,False,
2023-03-17,PATTERN_B_ET_REALISTIC_PORTFOLIO_P3_2,2023-03-17,65637934.84047084,0.0,,,,,,36,False,
2023-03-20,PATTERN_B_ET_REALISTIC_PORTFOLIO_P3_2,2023-03-20,65637934.84047084,0.0,,,,,,36,False,
2023-03-21,PATTERN_B_ET_REALISTIC_PORTFOLIO_P3_2,2023-03-21,65637934.84047084,0.0,,,,,,36,False,
2023-03-22,PATTERN_B_ET_REALISTIC_PORTFOLIO_P3_2,2023-03-22,65637934.84047084,0.0,,,,,,36,False,
2023-03-23,PATTERN_B_ET_REALISTIC_PORTFOLIO_P3_2,2023-03-23,65637934.84047084,0.0,,,,,,36,False,
2023-03-24,PATTERN_B_ET_REALISTIC_PORTFOLIO_P3_2,2023-03-24,65637934.84047084,0.0,,,,,,36,False,
2023-03-27,PATTERN_B_ET_REALISTIC_PORTFOLIO_P3_2,2023-03-27,65637934.84047084,0.0,,,,,,36,False,
2023-03-28,PATTERN_B_ET_REALISTIC_PORTFOLIO_P3_2,2023-03-28,65637934.84047084,0.0,,,,,,36,False,
2023-03-29,PATTERN_B_ET_REALISTIC_PORTFOLIO_P3_2,2023-03-29,65637934.84047084,0.0,,,,,,36,False,
2023-03-30,PATTERN_B_ET_REALISTIC_PORTFOLIO_P3_2,2023-03-30,65637934.84047084,0.0,,,,,,36,False,
2023-03-31,PATTERN_B_ET_REALISTIC_PORTFOLIO_P3_2,2023-03-31,65637934.84047084,0.0,,,,,,36,False,
2023-04-03,PATTERN_B_ET_REALISTIC_PORTFOLIO_P3_2,2023-04-03,45647268.99031585,0.0,,,,,,40,False,
2023-04-04,PATTERN_B_ET_REALISTIC_PORTFOLIO_P3_2,2023-04-04,45647268.99031585,0.0,,,,,,40,False,
2023-04-05,PATTERN_B_ET_REALISTIC_PORTFOLIO_P3_2,2023-04-05,45647268.99031585,0.0,,,,,,40,False,
2023-04-06,PATTERN_B_ET_REALISTIC_PORTFOLIO_P3_2,2023-04-06,45647268.99031585,0.0,,,,,,40,False,
2023-04-07,PATTERN_B_ET_REALISTIC_PORTFOLIO_P3_2,2023-04-07,45647268.99031585,0.0,,,,,,40,False,
2023-04-10,PATTERN_B_ET_REALISTIC_PORTFOLIO_P3_2,2023-04-10,45647268.99031585,0.0,,,,,,40,False,
2023-04-11,PATTERN_B_ET_REALISTIC_PORTFOLIO_P3_2,2023-04-11,45647268.99031585,0.0,,,,,,40,False,
2023-04-12,PATTERN_B_ET_REALISTIC_PORTFOLIO_P3_2,2023-04-12,45647268.99031585,0.0,,,,,,40,False,
2023-04-13,PATTERN_B_ET_REALISTIC_PORTFOLIO_P3_2,2023-04-13,45647268.99031585,0.0,,,,,,40,False,
2023-04-14,PATTERN_B_ET_REALISTIC_PORTFOLIO_P3_2,2023-04-14,45647268.99031585,0.0,,,,,,40,False,
2023-04-17,PATTERN_B_ET_REALISTIC_PORTFOLIO_P3_2,2023-04-17,45647268.99031585,0.0,,,,,,40,False,
2023-04-18,PATTERN_B_ET_REALISTIC_PORTFOLIO_P3_2,2023-04-18,45647268.99031585,0.0,,,,,,40,False,
2023-04-19,PATTERN_B_ET_REALISTIC_PORTFOLIO_P3_2,2023-04-19,45647268.99031585,0.0,,,,,,40,False,
2023-04-20,PATTERN_B_ET_REALISTIC_PORTFOLIO_P3_2,2023-04-20,45647268.99031585,0.0,,,,,,40,False,
2023-04-21,PATTERN_B_ET_REALISTIC_PORTFOLIO_P3_2,2023-04-21,45647268.99031585,0.0,,,,,,40,False,
2023-04-24,PATTERN_B_ET_REALISTIC_PORTFOLIO_P3_2,2023-04-24,45647268.99031585,0.0,,,,,,40,False,
2023-04-25,PATTERN_B_ET_REALISTIC_PORTFOLIO_P3_2,2023-04-25,45647268.99031585,0.0,,,,,,40,False,
2023-04-26,PATTERN_B_ET_REALISTIC_PORTFOLIO_P3_2,2023-04-26,45647268.99031585,0.0,,,,,,40,False,
2023-04-27,PATTERN_B_ET_REALISTIC_PORTFOLIO_P3_2,2023-04-27,45647268.99031585,0.0,,,,,,40,False,
2023-04-28,PATTERN_B_ET_REALISTIC_PORTFOLIO_P3_2,2023-04-28,45647268.99031585,0.0,,,,,,40,False,
2023-05-02,PATTERN_B_ET_REALISTIC_PORTFOLIO_P3_2,2023-05-02,45647268.99031585,0.0,,,,,,40,False,
2023-05-03,PATTERN_B_ET_REALISTIC_PORTFOLIO_P3_2,2023-05-03,45647268.99031585,0.0,,,,,,40,False,
2023-05-04,PATTERN_B_ET_REALISTIC_PORTFOLIO_P3_2,2023-05-04,45647268.99031585,0.0,,,,,,40,False,
2023-05-08,PATTERN_B_ET_REALISTIC_PORTFOLIO_P3_2,2023-05-08,45647268.99031585,0.0,,,,,,40,False,
2023-05-09,PATTERN_B_ET_REALISTIC_PORTFOLIO_P3_2,2023-05-09,45647268.99031585,0.0,,,,,,40,False,
2023-05-10,PATTERN_B_ET_REALISTIC_PORTFOLIO_P3_2,2023-05-10,45647268.99031585,0.0,,,,,,40,False,
2023-05-11,PATTERN_B_ET_REALISTIC_PORTFOLIO_P3_2,2023-05-11,45647268.99031585,0.0,,,,,,40,False,
2023-05-12,PATTERN_B_ET_REALISTIC_PORTFOLIO_P3_2,2023-05-12,45647268.99031585,0.0,,,,,,40,False,
2023-05-15,PATTERN_B_ET_REALISTIC_PORTFOLIO_P3_2,2023-05-15,45647268.99031585,0.0,,,,,,40,False,
2023-05-16,PATTERN_B_ET_REALISTIC_PORTFOLIO_P3_2,2023-05-16,45647268.99031585,0.0,,,,,,40,False,
2023-05-17,PATTERN_B_ET_REALISTIC_PORTFOLIO_P3_2,2023-05-17,45647268.99031585,0.0,,,,,,40,False,
2023-05-18,PATTERN_B_ET_REALISTIC_PORTFOLIO_P3_2,2023-05-18,45647268.99031585,0.0,,,,,,40,False,
2023-05-19,PATTERN_B_ET_REALISTIC_PORTFOLIO_P3_2,2023-05-19,45647268.99031585,0.0,,,,,,40,False,
2023-05-22,PATTERN_B_ET_REALISTIC_PORTFOLIO_P3_2,2023-05-22,45647268.99031585,0.0,,,,,,40,False,
2023-05-23,PATTERN_B_ET_REALISTIC_PORTFOLIO_P3_2,2023-05-23,45647268.99031585,0.0,,,,,,40,False,
2023-05-24,PATTERN_B_ET_REALISTIC_PORTFOLIO_P3_2,2023-05-24,45647268.99031585,0.0,,,,,,40,False,
2023-05-25,PATTERN_B_ET_REALISTIC_PORTFOLIO_P3_2,2023-05-25,45647268.99031585,0.0,,,,,,40,False,
2023-05-26,PATTERN_B_ET_REALISTIC_PORTFOLIO_P3_2,2023-05-26,45647268.99031585,0.0,,,,,,40,False,
2023-05-30,PATTERN_B_ET_REALISTIC_PORTFOLIO_P3_2,2023-05-30,45647268.99031585,0.0,,,,,,40,False,
2023-05-31,PATTERN_B_ET_REALISTIC_PORTFOLIO_P3_2,2023-05-31,45647268.99031585,0.0,,,,,,40,False,
2023-06-01,PATTERN_B_ET_REALISTIC_PORTFOLIO_P3_2,2023-06-01,45647268.99031585,37859682.065105245,,,,,,34,False,
2023-06-02,PATTERN_B_ET_REALISTIC_PORTFOLIO_P3_2,2023-06-02,83506951.05542108,0.0,,,,,,34,False,
2023-06-05,PATTERN_B_ET_REALISTIC_PORTFOLIO_P3_2,2023-06-05,83506951.05542108,0.0,,,,,,34,False,
2023-06-07,PATTERN_B_ET_REALISTIC_PORTFOLIO_P3_2,2023-06-07,83506951.05542108,0.0,,,,,,34,False,
2023-06-08,PATTERN_B_ET_REALISTIC_PORTFOLIO_P3_2,2023-06-08,83506951.05542108,0.0,,,,,,34,False,
2023-06-09,PATTERN_B_ET_REALISTIC_PORTFOLIO_P3_2,2023-06-09,83506951.05542108,0.0,,,,,,34,False,
2023-06-12,PATTERN_B_ET_REALISTIC_PORTFOLIO_P3_2,2023-06-12,83506951.05542108,0.0,,,,,,34,False,
2023-06-13,PATTERN_B_ET_REALISTIC_PORTFOLIO_P3_2,2023-06-13,83506951.05542108,0.0,,,,,,34,False,
2023-06-14,PATTERN_B_ET_REALISTIC_PORTFOLIO_P3_2,2023-06-14,83506951.05542108,0.0,,,,,,34,False,
2023-06-15,PATTERN_B_ET_REALISTIC_PORTFOLIO_P3_2,2023-06-15,83506951.05542108,0.0,,,,,,34,False,
2023-06-16,PATTERN_B_ET_REALISTIC_PORTFOLIO_P3_2,2023-06-16,83506951.05542108,0.0,,,,,,34,False,
2023-06-19,PATTERN_B_ET_REALISTIC_PORTFOLIO_P3_2,2023-06-19,83506951.05542108,0.0,,,,,,34,False,
2023-06-20,PATTERN_B_ET_REALISTIC_PORTFOLIO_P3_2,2023-06-20,83506951.05542108,0.0,,,,,,34,False,
2023-06-21,PATTERN_B_ET_REALISTIC_PORTFOLIO_P3_2,2023-06-21,83506951.05542108,0.0,,,,,,34,False,
2023-06-22,PATTERN_B_ET_REALISTIC_PORTFOLIO_P3_2,2023-06-22,83506951.05542108,0.0,,,,,,34,False,
2023-06-23,PATTERN_B_ET_REALISTIC_PORTFOLIO_P3_2,2023-06-23,83506951.05542108,0.0,,,,,,34,False,
2023-06-26,PATTERN_B_ET_REALISTIC_PORTFOLIO_P3_2,2023-06-26,83506951.05542108,0.0,,,,,,34,False,
2023-06-27,PATTERN_B_ET_REALISTIC_PORTFOLIO_P3_2,2023-06-27,83506951.05542108,0.0,,,,,,34,False,
2023-06-28,PATTERN_B_ET_REALISTIC_PORTFOLIO_P3_2,2023-06-28,83506951.05542108,0.0,,,,,,34,False,
2023-06-29,PATTERN_B_ET_REALISTIC_PORTFOLIO_P3_2,2023-06-29,83506951.05542108,0.0,,,,,,34,False,
2023-06-30,PATTERN_B_ET_REALISTIC_PORTFOLIO_P3_2,2023-06-30,83506951.05542108,0.0,,,,,,34,False,
2023-07-03,PATTERN_B_ET_REALISTIC_PORTFOLIO_P3_2,2023-07-03,73514341.25875159,17853582.132414,,,,,,33,False,
2023-07-04,PATTERN_B_ET_REALISTIC_PORTFOLIO_P3_2,2023-07-04,91367923.39116558,0.0,,,,,,33,False,
2023-07-05,PATTERN_B_ET_REALISTIC_PORTFOLIO_P3_2,2023-07-05,91367923.39116558,0.0,,,,,,33,False,
2023-07-06,PATTERN_B_ET_REALISTIC_PORTFOLIO_P3_2,2023-07-06,91367923.39116558,0.0,,,,,,33,False,
2023-07-07,PATTERN_B_ET_REALISTIC_PORTFOLIO_P3_2,2023-07-07,91367923.39116558,0.0,,,,,,33,False,
2023-07-10,PATTERN_B_ET_REALISTIC_PORTFOLIO_P3_2,2023-07-10,91367923.39116558,0.0,,,,,,33,False,
2023-07-11,PATTERN_B_ET_REALISTIC_PORTFOLIO_P3_2,2023-07-11,91367923.39116558,0.0,,,,,,33,False,
2023-07-12,PATTERN_B_ET_REALISTIC_PORTFOLIO_P3_2,2023-07-12,91367923.39116558,0.0,,,,,,33,False,
2023-07-13,PATTERN_B_ET_REALISTIC_PORTFOLIO_P3_2,2023-07-13,91367923.39116558,0.0,,,,,,33,False,
2023-07-14,PATTERN_B_ET_REALISTIC_PORTFOLIO_P3_2,2023-07-14,91367923.39116558,0.0,,,,,,33,False,
2023-07-17,PATTERN_B_ET_REALISTIC_PORTFOLIO_P3_2,2023-07-17,91367923.39116558,0.0,,,,,,33,False,
2023-07-18,PATTERN_B_ET_REALISTIC_PORTFOLIO_P3_2,2023-07-18,91367923.39116558,0.0,,,,,,33,False,
2023-07-19,PATTERN_B_ET_REALISTIC_PORTFOLIO_P3_2,2023-07-19,91367923.39116558,0.0,,,,,,33,False,
2023-07-20,PATTERN_B_ET_REALISTIC_PORTFOLIO_P3_2,2023-07-20,91367923.39116558,0.0,,,,,,33,False,
2023-07-21,PATTERN_B_ET_REALISTIC_PORTFOLIO_P3_2,2023-07-21,91367923.39116558,0.0,,,,,,33,False,
2023-07-24,PATTERN_B_ET_REALISTIC_PORTFOLIO_P3_2,2023-07-24,91367923.39116558,0.0,,,,,,33,False,
2023-07-25,PATTERN_B_ET_REALISTIC_PORTFOLIO_P3_2,2023-07-25,91367923.39116558,0.0,,,,,,33,False,
2023-07-26,PATTERN_B_ET_REALISTIC_PORTFOLIO_P3_2,2023-07-26,91367923.39116558,0.0,,,,,,33,False,
2023-07-27,PATTERN_B_ET_REALISTIC_PORTFOLIO_P3_2,2023-07-27,91367923.39116558,0.0,,,,,,33,False,
2023-07-28,PATTERN_B_ET_REALISTIC_PORTFOLIO_P3_2,2023-07-28,91367923.39116558,0.0,,,,,,33,False,
2023-07-31,PATTERN_B_ET_REALISTIC_PORTFOLIO_P3_2,2023-07-31,91367923.39116558,0.0,,,,,,33,False,
2023-08-01,PATTERN_B_ET_REALISTIC_PORTFOLIO_P3_2,2023-08-01,81371178.8443766,18725488.833933,,,,,,32,False,
2023-08-02,PATTERN_B_ET_REALISTIC_PORTFOLIO_P3_2,2023-08-02,100096667.67830959,0.0,,,,,,32,False,
2023-08-03,PATTERN_B_ET_REALISTIC_PORTFOLIO_P3_2,2023-08-03,100096667.67830959,0.0,,,,,,32,False,
2023-08-04,PATTERN_B_ET_REALISTIC_PORTFOLIO_P3_2,2023-08-04,100096667.67830959,0.0,,,,,,32,False,
2023-08-07,PATTERN_B_ET_REALISTIC_PORTFOLIO_P3_2,2023-08-07,100096667.67830959,0.0,,,,,,32,False,
2023-08-08,PATTERN_B_ET_REALISTIC_PORTFOLIO_P3_2,2023-08-08,100096667.67830959,0.0,,,,,,32,False,
2023-08-09,PATTERN_B_ET_REALISTIC_PORTFOLIO_P3_2,2023-08-09,100096667.67830959,0.0,,,,,,32,False,
2023-08-10,PATTERN_B_ET_REALISTIC_PORTFOLIO_P3_2,2023-08-10,100096667.67830959,0.0,,,,,,32,False,
2023-08-11,PATTERN_B_ET_REALISTIC_PORTFOLIO_P3_2,2023-08-11,100096667.67830959,0.0,,,,,,32,False,
2023-08-14,PATTERN_B_ET_REALISTIC_PORTFOLIO_P3_2,2023-08-14,100096667.67830959,0.0,,,,,,32,False,
2023-08-16,PATTERN_B_ET_REALISTIC_PORTFOLIO_P3_2,2023-08-16,100096667.67830959,0.0,,,,,,32,False,
2023-08-17,PATTERN_B_ET_REALISTIC_PORTFOLIO_P3_2,2023-08-17,100096667.67830959,0.0,,,,,,32,False,
2023-08-18,PATTERN_B_ET_REALISTIC_PORTFOLIO_P3_2,2023-08-18,100096667.67830959,0.0,,,,,,32,False,
2023-08-21,PATTERN_B_ET_REALISTIC_PORTFOLIO_P3_2,2023-08-21,100096667.67830959,0.0,,,,,,32,False,
2023-08-22,PATTERN_B_ET_REALISTIC_PORTFOLIO_P3_2,2023-08-22,100096667.67830959,0.0,,,,,,32,False,
2023-08-23,PATTERN_B_ET_REALISTIC_PORTFOLIO_P3_2,2023-08-23,100096667.67830959,0.0,,,,,,32,False,
2023-08-24,PATTERN_B_ET_REALISTIC_PORTFOLIO_P3_2,2023-08-24,100096667.67830959,0.0,,,,,,32,False,
2023-08-25,PATTERN_B_ET_REALISTIC_PORTFOLIO_P3_2,2023-08-25,100096667.67830959,0.0,,,,,,32,False,
2023-08-28,PATTERN_B_ET_REALISTIC_PORTFOLIO_P3_2,2023-08-28,100096667.67830959,0.0,,,,,,32,False,
2023-08-29,PATTERN_B_ET_REALISTIC_PORTFOLIO_P3_2,2023-08-29,100096667.67830959,0.0,,,,,,32,False,
2023-08-30,PATTERN_B_ET_REALISTIC_PORTFOLIO_P3_2,2023-08-30,100096667.67830959,0.0,,,,,,32,False,
2023-08-31,PATTERN_B_ET_REALISTIC_PORTFOLIO_P3_2,2023-08-31,100096667.67830959,0.0,,,,,,32,False,
2023-09-01,PATTERN_B_ET_REALISTIC_PORTFOLIO_P3_2,2023-09-01,80125003.65800159,9815265.450459,,,,,,34,False,
2023-09-04,PATTERN_B_ET_REALISTIC_PORTFOLIO_P3_2,2023-09-04,89940269.10846059,0.0,,,,,,34,False,
2023-09-05,PATTERN_B_ET_REALISTIC_PORTFOLIO_P3_2,2023-09-05,89940269.10846059,0.0,,,,,,34,False,
2023-09-06,PATTERN_B_ET_REALISTIC_PORTFOLIO_P3_2,2023-09-06,89940269.10846059,0.0,,,,,,34,False,
2023-09-07,PATTERN_B_ET_REALISTIC_PORTFOLIO_P3_2,2023-09-07,89940269.10846059,0.0,,,,,,34,False,
2023-09-08,PATTERN_B_ET_REALISTIC_PORTFOLIO_P3_2,2023-09-08,89940269.10846059,0.0,,,,,,34,False,
2023-09-11,PATTERN_B_ET_REALISTIC_PORTFOLIO_P3_2,2023-09-11,89940269.10846059,0.0,,,,,,34,False,
2023-09-12,PATTERN_B_ET_REALISTIC_PORTFOLIO_P3_2,2023-09-12,89940269.10846059,0.0,,,,,,34,False,
2023-09-13,PATTERN_B_ET_REALISTIC_PORTFOLIO_P3_2,2023-09-13,89940269.10846059,0.0,,,,,,34,False,
2023-09-14,PATTERN_B_ET_REALISTIC_PORTFOLIO_P3_2,2023-09-14,89940269.10846059,0.0,,,,,,34,False,
2023-09-15,PATTERN_B_ET_REALISTIC_PORTFOLIO_P3_2,2023-09-15,89940269.10846059,0.0,,,,,,34,False,
2023-09-18,PATTERN_B_ET_REALISTIC_PORTFOLIO_P3_2,2023-09-18,89940269.10846059,0.0,,,,,,34,False,
2023-09-19,PATTERN_B_ET_REALISTIC_PORTFOLIO_P3_2,2023-09-19,89940269.10846059,0.0,,,,,,34,False,
2023-09-20,PATTERN_B_ET_REALISTIC_PORTFOLIO_P3_2,2023-09-20,89940269.10846059,0.0,,,,,,34,False,
2023-09-21,PATTERN_B_ET_REALISTIC_PORTFOLIO_P3_2,2023-09-21,89940269.10846059,0.0,,,,,,34,False,
2023-09-22,PATTERN_B_ET_REALISTIC_PORTFOLIO_P3_2,2023-09-22,89940269.10846059,0.0,,,,,,34,False,
2023-09-25,PATTERN_B_ET_REALISTIC_PORTFOLIO_P3_2,2023-09-25,89940269.10846059,0.0,,,,,,34,False,
2023-09-26,PATTERN_B_ET_REALISTIC_PORTFOLIO_P3_2,2023-09-26,89940269.10846059,0.0,,,,,,34,False,
2023-09-27,PATTERN_B_ET_REALISTIC_PORTFOLIO_P3_2,2023-09-27,89940269.10846059,0.0,,,,,,34,False,
2023-10-04,PATTERN_B_ET_REALISTIC_PORTFOLIO_P3_2,2023-10-04,89940269.10846059,0.0,,,,,,34,False,
2023-10-05,PATTERN_B_ET_REALISTIC_PORTFOLIO_P3_2,2023-10-05,89940269.10846059,0.0,,,,,,34,False,
2023-10-06,PATTERN_B_ET_REALISTIC_PORTFOLIO_P3_2,2023-10-06,89940269.10846059,0.0,,,,,,34,False,
2023-10-10,PATTERN_B_ET_REALISTIC_PORTFOLIO_P3_2,2023-10-10,89940269.10846059,0.0,,,,,,34,False,
2023-10-11,PATTERN_B_ET_REALISTIC_PORTFOLIO_P3_2,2023-10-11,89940269.10846059,0.0,,,,,,34,False,
2023-10-12,PATTERN_B_ET_REALISTIC_PORTFOLIO_P3_2,2023-10-12,89940269.10846059,0.0,,,,,,34,False,
2023-10-13,PATTERN_B_ET_REALISTIC_PORTFOLIO_P3_2,2023-10-13,89940269.10846059,0.0,,,,,,34,False,
2023-10-16,PATTERN_B_ET_REALISTIC_PORTFOLIO_P3_2,2023-10-16,89940269.10846059,0.0,,,,,,34,False,
2023-10-17,PATTERN_B_ET_REALISTIC_PORTFOLIO_P3_2,2023-10-17,89940269.10846059,0.0,,,,,,34,False,
2023-10-18,PATTERN_B_ET_REALISTIC_PORTFOLIO_P3_2,2023-10-18,89940269.10846059,0.0,,,,,,34,False,
2023-10-19,PATTERN_B_ET_REALISTIC_PORTFOLIO_P3_2,2023-10-19,89940269.10846059,0.0,,,,,,34,False,
2023-10-20,PATTERN_B_ET_REALISTIC_PORTFOLIO_P3_2,2023-10-20,89940269.10846059,0.0,,,,,,34,False,
2023-10-23,PATTERN_B_ET_REALISTIC_PORTFOLIO_P3_2,2023-10-23,89940269.10846059,0.0,,,,,,34,False,
2023-10-24,PATTERN_B_ET_REALISTIC_PORTFOLIO_P3_2,2023-10-24,89940269.10846059,0.0,,,,,,34,False,
2023-10-25,PATTERN_B_ET_REALISTIC_PORTFOLIO_P3_2,2023-10-25,89940269.10846059,0.0,,,,,,34,False,
2023-10-26,PATTERN_B_ET_REALISTIC_PORTFOLIO_P3_2,2023-10-26,89940269.10846059,0.0,,,,,,34,False,
2023-10-27,PATTERN_B_ET_REALISTIC_PORTFOLIO_P3_2,2023-10-27,89940269.10846059,0.0,,,,,,34,False,
2023-10-30,PATTERN_B_ET_REALISTIC_PORTFOLIO_P3_2,2023-10-30,89940269.10846059,0.0,,,,,,34,False,
2023-10-31,PATTERN_B_ET_REALISTIC_PORTFOLIO_P3_2,2023-10-31,89940269.10846059,0.0,,,,,,34,False,
2023-11-01,PATTERN_B_ET_REALISTIC_PORTFOLIO_P3_2,2023-11-01,34990023.69084305,18592448.945993997,,,,,,42,False,
2023-11-02,PATTERN_B_ET_REALISTIC_PORTFOLIO_P3_2,2023-11-02,53582472.63683705,0.0,,,,,,42,False,
2023-11-03,PATTERN_B_ET_REALISTIC_PORTFOLIO_P3_2,2023-11-03,53582472.63683705,0.0,,,,,,42,False,
2023-11-06,PATTERN_B_ET_REALISTIC_PORTFOLIO_P3_2,2023-11-06,53582472.63683705,0.0,,,,,,42,False,
2023-11-07,PATTERN_B_ET_REALISTIC_PORTFOLIO_P3_2,2023-11-07,53582472.63683705,0.0,,,,,,42,False,
2023-11-08,PATTERN_B_ET_REALISTIC_PORTFOLIO_P3_2,2023-11-08,53582472.63683705,0.0,,,,,,42,False,
2023-11-09,PATTERN_B_ET_REALISTIC_PORTFOLIO_P3_2,2023-11-09,53582472.63683705,0.0,,,,,,42,False,
2023-11-10,PATTERN_B_ET_REALISTIC_PORTFOLIO_P3_2,2023-11-10,53582472.63683705,0.0,,,,,,42,False,
2023-11-13,PATTERN_B_ET_REALISTIC_PORTFOLIO_P3_2,2023-11-13,53582472.63683705,0.0,,,,,,42,False,
2023-11-14,PATTERN_B_ET_REALISTIC_PORTFOLIO_P3_2,2023-11-14,53582472.63683705,0.0,,,,,,42,False,
2023-11-15,PATTERN_B_ET_REALISTIC_PORTFOLIO_P3_2,2023-11-15,53582472.63683705,0.0,,,,,,42,False,
2023-11-16,PATTERN_B_ET_REALISTIC_PORTFOLIO_P3_2,2023-11-16,53582472.63683705,0.0,,,,,,42,False,
2023-11-17,PATTERN_B_ET_REALISTIC_PORTFOLIO_P3_2,2023-11-17,53582472.63683705,0.0,,,,,,42,False,
2023-11-20,PATTERN_B_ET_REALISTIC_PORTFOLIO_P3_2,2023-11-20,53582472.63683705,0.0,,,,,,42,False,
2023-11-21,PATTERN_B_ET_REALISTIC_PORTFOLIO_P3_2,2023-11-21,53582472.63683705,0.0,,,,,,42,False,
2023-11-22,PATTERN_B_ET_REALISTIC_PORTFOLIO_P3_2,2023-11-22,53582472.63683705,0.0,,,,,,42,False,
2023-11-23,PATTERN_B_ET_REALISTIC_PORTFOLIO_P3_2,2023-11-23,53582472.63683705,0.0,,,,,,42,False,
2023-11-24,PATTERN_B_ET_REALISTIC_PORTFOLIO_P3_2,2023-11-24,53582472.63683705,0.0,,,,,,42,False,
2023-11-27,PATTERN_B_ET_REALISTIC_PORTFOLIO_P3_2,2023-11-27,53582472.63683705,0.0,,,,,,42,False,
2023-11-28,PATTERN_B_ET_REALISTIC_PORTFOLIO_P3_2,2023-11-28,53582472.63683705,0.0,,,,,,42,False,
2023-11-29,PATTERN_B_ET_REALISTIC_PORTFOLIO_P3_2,2023-11-29,53582472.63683705,0.0,,,,,,42,False,
2023-11-30,PATTERN_B_ET_REALISTIC_PORTFOLIO_P3_2,2023-11-30,53582472.63683705,0.0,,,,,,42,False,
2023-12-01,PATTERN_B_ET_REALISTIC_PORTFOLIO_P3_2,2023-12-01,38604345.33469905,50620532.9745213,,,,,,36,False,
2023-12-04,PATTERN_B_ET_REALISTIC_PORTFOLIO_P3_2,2023-12-04,89224878.30922034,0.0,,,,,,36,False,
2023-12-05,PATTERN_B_ET_REALISTIC_PORTFOLIO_P3_2,2023-12-05,89224878.30922034,0.0,,,,,,36,False,
2023-12-06,PATTERN_B_ET_REALISTIC_PORTFOLIO_P3_2,2023-12-06,89224878.30922034,0.0,,,,,,36,False,
2023-12-07,PATTERN_B_ET_REALISTIC_PORTFOLIO_P3_2,2023-12-07,89224878.30922034,0.0,,,,,,36,False,
2023-12-08,PATTERN_B_ET_REALISTIC_PORTFOLIO_P3_2,2023-12-08,89224878.30922034,0.0,,,,,,36,False,
2023-12-11,PATTERN_B_ET_REALISTIC_PORTFOLIO_P3_2,2023-12-11,89224878.30922034,0.0,,,,,,36,False,
2023-12-12,PATTERN_B_ET_REALISTIC_PORTFOLIO_P3_2,2023-12-12,89224878.30922034,0.0,,,,,,36,False,
2023-12-13,PATTERN_B_ET_REALISTIC_PORTFOLIO_P3_2,2023-12-13,89224878.30922034,0.0,,,,,,36,False,
2023-12-14,PATTERN_B_ET_REALISTIC_PORTFOLIO_P3_2,2023-12-14,89224878.30922034,0.0,,,,,,36,False,
2023-12-15,PATTERN_B_ET_REALISTIC_PORTFOLIO_P3_2,2023-12-15,89224878.30922034,0.0,,,,,,36,False,
2023-12-18,PATTERN_B_ET_REALISTIC_PORTFOLIO_P3_2,2023-12-18,89224878.30922034,0.0,,,,,,36,False,
2023-12-19,PATTERN_B_ET_REALISTIC_PORTFOLIO_P3_2,2023-12-19,89224878.30922034,0.0,,,,,,36,False,
2023-12-20,PATTERN_B_ET_REALISTIC_PORTFOLIO_P3_2,2023-12-20,89224878.30922034,0.0,,,,,,36,False,
2023-12-21,PATTERN_B_ET_REALISTIC_PORTFOLIO_P3_2,2023-12-21,89224878.30922034,0.0,,,,,,36,False,
2023-12-22,PATTERN_B_ET_REALISTIC_PORTFOLIO_P3_2,2023-12-22,89224878.30922034,0.0,,,,,,36,False,
2023-12-26,PATTERN_B_ET_REALISTIC_PORTFOLIO_P3_2,2023-12-26,89224878.30922034,0.0,,,,,,36,False,
2023-12-27,PATTERN_B_ET_REALISTIC_PORTFOLIO_P3_2,2023-12-27,89224878.30922034,0.0,,,,,,36,False,
2023-12-28,PATTERN_B_ET_REALISTIC_PORTFOLIO_P3_2,2023-12-28,89224878.30922034,0.0,,,,,,36,False,
2024-01-02,PATTERN_B_ET_REALISTIC_PORTFOLIO_P3_2,2024-01-02,89224878.30922034,6707168.46765,,,,,,35,False,
2024-01-03,PATTERN_B_ET_REALISTIC_PORTFOLIO_P3_2,2024-01-03,95932046.77687034,0.0,,,,,,35,False,
2024-01-04,PATTERN_B_ET_REALISTIC_PORTFOLIO_P3_2,2024-01-04,95932046.77687034,0.0,,,,,,35,False,
2024-01-05,PATTERN_B_ET_REALISTIC_PORTFOLIO_P3_2,2024-01-05,95932046.77687034,0.0,,,,,,35,False,
2024-01-08,PATTERN_B_ET_REALISTIC_PORTFOLIO_P3_2,2024-01-08,95932046.77687034,0.0,,,,,,35,False,
2024-01-09,PATTERN_B_ET_REALISTIC_PORTFOLIO_P3_2,2024-01-09,95932046.77687034,0.0,,,,,,35,False,
2024-01-10,PATTERN_B_ET_REALISTIC_PORTFOLIO_P3_2,2024-01-10,95932046.77687034,0.0,,,,,,35,False,
2024-01-11,PATTERN_B_ET_REALISTIC_PORTFOLIO_P3_2,2024-01-11,95932046.77687034,0.0,,,,,,35,False,
2024-01-12,PATTERN_B_ET_REALISTIC_PORTFOLIO_P3_2,2024-01-12,95932046.77687034,0.0,,,,,,35,False,
2024-01-15,PATTERN_B_ET_REALISTIC_PORTFOLIO_P3_2,2024-01-15,95932046.77687034,0.0,,,,,,35,False,
2024-01-16,PATTERN_B_ET_REALISTIC_PORTFOLIO_P3_2,2024-01-16,95932046.77687034,0.0,,,,,,35,False,
2024-01-17,PATTERN_B_ET_REALISTIC_PORTFOLIO_P3_2,2024-01-17,95932046.77687034,0.0,,,,,,35,False,
2024-01-18,PATTERN_B_ET_REALISTIC_PORTFOLIO_P3_2,2024-01-18,95932046.77687034,0.0,,,,,,35,False,
2024-01-19,PATTERN_B_ET_REALISTIC_PORTFOLIO_P3_2,2024-01-19,95932046.77687034,0.0,,,,,,35,False,
2024-01-22,PATTERN_B_ET_REALISTIC_PORTFOLIO_P3_2,2024-01-22,95932046.77687034,0.0,,,,,,35,False,
2024-01-23,PATTERN_B_ET_REALISTIC_PORTFOLIO_P3_2,2024-01-23,95932046.77687034,0.0,,,,,,35,False,
2024-01-24,PATTERN_B_ET_REALISTIC_PORTFOLIO_P3_2,2024-01-24,95932046.77687034,0.0,,,,,,35,False,
2024-01-25,PATTERN_B_ET_REALISTIC_PORTFOLIO_P3_2,2024-01-25,95932046.77687034,0.0,,,,,,35,False,
2024-01-26,PATTERN_B_ET_REALISTIC_PORTFOLIO_P3_2,2024-01-26,95932046.77687034,0.0,,,,,,35,False,
2024-01-29,PATTERN_B_ET_REALISTIC_PORTFOLIO_P3_2,2024-01-29,95932046.77687034,0.0,,,,,,35,False,
2024-01-30,PATTERN_B_ET_REALISTIC_PORTFOLIO_P3_2,2024-01-30,95932046.77687034,0.0,,,,,,35,False,
2024-01-31,PATTERN_B_ET_REALISTIC_PORTFOLIO_P3_2,2024-01-31,95932046.77687034,0.0,,,,,,35,False,
2024-02-01,PATTERN_B_ET_REALISTIC_PORTFOLIO_P3_2,2024-02-01,66015059.28377764,25964112.177819896,,,,,,35,False,
2024-02-02,PATTERN_B_ET_REALISTIC_PORTFOLIO_P3_2,2024-02-02,91979171.46159753,0.0,,,,,,35,False,
2024-02-05,PATTERN_B_ET_REALISTIC_PORTFOLIO_P3_2,2024-02-05,91979171.46159753,0.0,,,,,,35,False,
2024-02-06,PATTERN_B_ET_REALISTIC_PORTFOLIO_P3_2,2024-02-06,91979171.46159753,0.0,,,,,,35,False,
2024-02-07,PATTERN_B_ET_REALISTIC_PORTFOLIO_P3_2,2024-02-07,91979171.46159753,0.0,,,,,,35,False,
2024-02-08,PATTERN_B_ET_REALISTIC_PORTFOLIO_P3_2,2024-02-08,91979171.46159753,0.0,,,,,,35,False,
2024-02-13,PATTERN_B_ET_REALISTIC_PORTFOLIO_P3_2,2024-02-13,91979171.46159753,0.0,,,,,,35,False,
2024-02-14,PATTERN_B_ET_REALISTIC_PORTFOLIO_P3_2,2024-02-14,91979171.46159753,0.0,,,,,,35,False,
2024-02-15,PATTERN_B_ET_REALISTIC_PORTFOLIO_P3_2,2024-02-15,91979171.46159753,0.0,,,,,,35,False,
2024-02-16,PATTERN_B_ET_REALISTIC_PORTFOLIO_P3_2,2024-02-16,91979171.46159753,0.0,,,,,,35,False,
2024-02-19,PATTERN_B_ET_REALISTIC_PORTFOLIO_P3_2,2024-02-19,91979171.46159753,0.0,,,,,,35,False,
2024-02-20,PATTERN_B_ET_REALISTIC_PORTFOLIO_P3_2,2024-02-20,91979171.46159753,0.0,,,,,,35,False,
2024-02-21,PATTERN_B_ET_REALISTIC_PORTFOLIO_P3_2,2024-02-21,91979171.46159753,0.0,,,,,,35,False,
2024-02-22,PATTERN_B_ET_REALISTIC_PORTFOLIO_P3_2,2024-02-22,91979171.46159753,0.0,,,,,,35,False,
2024-02-23,PATTERN_B_ET_REALISTIC_PORTFOLIO_P3_2,2024-02-23,91979171.46159753,0.0,,,,,,35,False,
2024-02-26,PATTERN_B_ET_REALISTIC_PORTFOLIO_P3_2,2024-02-26,91979171.46159753,0.0,,,,,,35,False,
2024-02-27,PATTERN_B_ET_REALISTIC_PORTFOLIO_P3_2,2024-02-27,91979171.46159753,0.0,,,,,,35,False,
2024-02-28,PATTERN_B_ET_REALISTIC_PORTFOLIO_P3_2,2024-02-28,91979171.46159753,0.0,,,,,,35,False,
2024-02-29,PATTERN_B_ET_REALISTIC_PORTFOLIO_P3_2,2024-02-29,91979171.46159753,0.0,,,,,,35,False,
2024-03-04,PATTERN_B_ET_REALISTIC_PORTFOLIO_P3_2,2024-03-04,86989118.74594954,21121038.0182016,,,,,,32,False,
2024-03-05,PATTERN_B_ET_REALISTIC_PORTFOLIO_P3_2,2024-03-05,108110156.76415114,0.0,,,,,,32,False,
2024-03-06,PATTERN_B_ET_REALISTIC_PORTFOLIO_P3_2,2024-03-06,108110156.76415114,0.0,,,,,,32,False,
2024-03-07,PATTERN_B_ET_REALISTIC_PORTFOLIO_P3_2,2024-03-07,108110156.76415114,0.0,,,,,,32,False,
2024-03-08,PATTERN_B_ET_REALISTIC_PORTFOLIO_P3_2,2024-03-08,108110156.76415114,0.0,,,,,,32,False,
2024-03-11,PATTERN_B_ET_REALISTIC_PORTFOLIO_P3_2,2024-03-11,108110156.76415114,0.0,,,,,,32,False,
2024-03-12,PATTERN_B_ET_REALISTIC_PORTFOLIO_P3_2,2024-03-12,108110156.76415114,0.0,,,,,,32,False,
2024-03-13,PATTERN_B_ET_REALISTIC_PORTFOLIO_P3_2,2024-03-13,108110156.76415114,0.0,,,,,,32,False,
2024-03-14,PATTERN_B_ET_REALISTIC_PORTFOLIO_P3_2,2024-03-14,108110156.76415114,0.0,,,,,,32,False,
2024-03-15,PATTERN_B_ET_REALISTIC_PORTFOLIO_P3_2,2024-03-15,108110156.76415114,0.0,,,,,,32,False,
2024-03-18,PATTERN_B_ET_REALISTIC_PORTFOLIO_P3_2,2024-03-18,108110156.76415114,0.0,,,,,,32,False,
2024-03-19,PATTERN_B_ET_REALISTIC_PORTFOLIO_P3_2,2024-03-19,108110156.76415114,0.0,,,,,,32,False,
2024-03-20,PATTERN_B_ET_REALISTIC_PORTFOLIO_P3_2,2024-03-20,108110156.76415114,0.0,,,,,,32,False,
2024-03-21,PATTERN_B_ET_REALISTIC_PORTFOLIO_P3_2,2024-03-21,108110156.76415114,0.0,,,,,,32,False,
2024-03-22,PATTERN_B_ET_REALISTIC_PORTFOLIO_P3_2,2024-03-22,108110156.76415114,0.0,,,,,,32,False,
2024-03-25,PATTERN_B_ET_REALISTIC_PORTFOLIO_P3_2,2024-03-25,108110156.76415114,0.0,,,,,,32,False,
2024-03-26,PATTERN_B_ET_REALISTIC_PORTFOLIO_P3_2,2024-03-26,108110156.76415114,0.0,,,,,,32,False,
2024-03-27,PATTERN_B_ET_REALISTIC_PORTFOLIO_P3_2,2024-03-27,108110156.76415114,0.0,,,,,,32,False,
2024-03-28,PATTERN_B_ET_REALISTIC_PORTFOLIO_P3_2,2024-03-28,108110156.76415114,0.0,,,,,,32,False,
2024-03-29,PATTERN_B_ET_REALISTIC_PORTFOLIO_P3_2,2024-03-29,108110156.76415114,0.0,,,,,,32,False,
2024-04-01,PATTERN_B_ET_REALISTIC_PORTFOLIO_P3_2,2024-04-01,108110156.76415114,7557813.309312,,,,,,31,False,
2024-04-02,PATTERN_B_ET_REALISTIC_PORTFOLIO_P3_2,2024-04-02,115667970.07346314,0.0,,,,,,31,False,
2024-04-03,PATTERN_B_ET_REALISTIC_PORTFOLIO_P3_2,2024-04-03,115667970.07346314,0.0,,,,,,31,False,
2024-04-04,PATTERN_B_ET_REALISTIC_PORTFOLIO_P3_2,2024-04-04,115667970.07346314,0.0,,,,,,31,False,
2024-04-05,PATTERN_B_ET_REALISTIC_PORTFOLIO_P3_2,2024-04-05,115667970.07346314,0.0,,,,,,31,False,
2024-04-08,PATTERN_B_ET_REALISTIC_PORTFOLIO_P3_2,2024-04-08,115667970.07346314,0.0,,,,,,31,False,
2024-04-09,PATTERN_B_ET_REALISTIC_PORTFOLIO_P3_2,2024-04-09,115667970.07346314,0.0,,,,,,31,False,
2024-04-11,PATTERN_B_ET_REALISTIC_PORTFOLIO_P3_2,2024-04-11,115667970.07346314,0.0,,,,,,31,False,
2024-04-12,PATTERN_B_ET_REALISTIC_PORTFOLIO_P3_2,2024-04-12,115667970.07346314,0.0,,,,,,31,False,
2024-04-15,PATTERN_B_ET_REALISTIC_PORTFOLIO_P3_2,2024-04-15,115667970.07346314,0.0,,,,,,31,False,
2024-04-16,PATTERN_B_ET_REALISTIC_PORTFOLIO_P3_2,2024-04-16,115667970.07346314,0.0,,,,,,31,False,
2024-04-17,PATTERN_B_ET_REALISTIC_PORTFOLIO_P3_2,2024-04-17,115667970.07346314,0.0,,,,,,31,False,
2024-04-18,PATTERN_B_ET_REALISTIC_PORTFOLIO_P3_2,2024-04-18,115667970.07346314,0.0,,,,,,31,False,
2024-04-19,PATTERN_B_ET_REALISTIC_PORTFOLIO_P3_2,2024-04-19,115667970.07346314,0.0,,,,,,31,False,
2024-04-22,PATTERN_B_ET_REALISTIC_PORTFOLIO_P3_2,2024-04-22,115667970.07346314,0.0,,,,,,31,False,
2024-04-23,PATTERN_B_ET_REALISTIC_PORTFOLIO_P3_2,2024-04-23,115667970.07346314,0.0,,,,,,31,False,
2024-04-24,PATTERN_B_ET_REALISTIC_PORTFOLIO_P3_2,2024-04-24,115667970.07346314,0.0,,,,,,31,False,
2024-04-25,PATTERN_B_ET_REALISTIC_PORTFOLIO_P3_2,2024-04-25,115667970.07346314,0.0,,,,,,31,False,
2024-04-26,PATTERN_B_ET_REALISTIC_PORTFOLIO_P3_2,2024-04-26,115667970.07346314,0.0,,,,,,31,False,
2024-04-29,PATTERN_B_ET_REALISTIC_PORTFOLIO_P3_2,2024-04-29,115667970.07346314,0.0,,,,,,31,False,
2024-04-30,PATTERN_B_ET_REALISTIC_PORTFOLIO_P3_2,2024-04-30,115667970.07346314,0.0,,,,,,31,False,
2024-05-02,PATTERN_B_ET_REALISTIC_PORTFOLIO_P3_2,2024-05-02,90693869.11015163,14333578.951121999,,,,,,34,False,
2024-05-03,PATTERN_B_ET_REALISTIC_PORTFOLIO_P3_2,2024-05-03,105027448.06127363,0.0,,,,,,34,False,
2024-05-07,PATTERN_B_ET_REALISTIC_PORTFOLIO_P3_2,2024-05-07,105027448.06127363,0.0,,,,,,34,False,
2024-05-08,PATTERN_B_ET_REALISTIC_PORTFOLIO_P3_2,2024-05-08,105027448.06127363,0.0,,,,,,34,False,
2024-05-09,PATTERN_B_ET_REALISTIC_PORTFOLIO_P3_2,2024-05-09,105027448.06127363,0.0,,,,,,34,False,
2024-05-10,PATTERN_B_ET_REALISTIC_PORTFOLIO_P3_2,2024-05-10,105027448.06127363,0.0,,,,,,34,False,
2024-05-13,PATTERN_B_ET_REALISTIC_PORTFOLIO_P3_2,2024-05-13,105027448.06127363,0.0,,,,,,34,False,
2024-05-14,PATTERN_B_ET_REALISTIC_PORTFOLIO_P3_2,2024-05-14,105027448.06127363,0.0,,,,,,34,False,
2024-05-16,PATTERN_B_ET_REALISTIC_PORTFOLIO_P3_2,2024-05-16,105027448.06127363,0.0,,,,,,34,False,
2024-05-17,PATTERN_B_ET_REALISTIC_PORTFOLIO_P3_2,2024-05-17,105027448.06127363,0.0,,,,,,34,False,
2024-05-20,PATTERN_B_ET_REALISTIC_PORTFOLIO_P3_2,2024-05-20,105027448.06127363,0.0,,,,,,34,False,
2024-05-21,PATTERN_B_ET_REALISTIC_PORTFOLIO_P3_2,2024-05-21,105027448.06127363,0.0,,,,,,34,False,
2024-05-22,PATTERN_B_ET_REALISTIC_PORTFOLIO_P3_2,2024-05-22,105027448.06127363,0.0,,,,,,34,False,
2024-05-23,PATTERN_B_ET_REALISTIC_PORTFOLIO_P3_2,2024-05-23,105027448.06127363,0.0,,,,,,34,False,
2024-05-24,PATTERN_B_ET_REALISTIC_PORTFOLIO_P3_2,2024-05-24,105027448.06127363,0.0,,,,,,34,False,
2024-05-27,PATTERN_B_ET_REALISTIC_PORTFOLIO_P3_2,2024-05-27,105027448.06127363,0.0,,,,,,34,False,
2024-05-28,PATTERN_B_ET_REALISTIC_PORTFOLIO_P3_2,2024-05-28,105027448.06127363,0.0,,,,,,34,False,
2024-05-29,PATTERN_B_ET_REALISTIC_PORTFOLIO_P3_2,2024-05-29,105027448.06127363,0.0,,,,,,34,False,
2024-05-30,PATTERN_B_ET_REALISTIC_PORTFOLIO_P3_2,2024-05-30,105027448.06127363,0.0,,,,,,34,False,
2024-05-31,PATTERN_B_ET_REALISTIC_PORTFOLIO_P3_2,2024-05-31,105027448.06127363,0.0,,,,,,34,False,
2024-06-03,PATTERN_B_ET_REALISTIC_PORTFOLIO_P3_2,2024-06-03,85069910.26958212,28128342.05499645,,,,,,33,False,
2024-06-04,PATTERN_B_ET_REALISTIC_PORTFOLIO_P3_2,2024-06-04,113198252.32457857,0.0,,,,,,33,False,
2024-06-05,PATTERN_B_ET_REALISTIC_PORTFOLIO_P3_2,2024-06-05,113198252.32457857,0.0,,,,,,33,False,
2024-06-07,PATTERN_B_ET_REALISTIC_PORTFOLIO_P3_2,2024-06-07,113198252.32457857,0.0,,,,,,33,False,
2024-06-10,PATTERN_B_ET_REALISTIC_PORTFOLIO_P3_2,2024-06-10,113198252.32457857,0.0,,,,,,33,False,
2024-06-11,PATTERN_B_ET_REALISTIC_PORTFOLIO_P3_2,2024-06-11,113198252.32457857,0.0,,,,,,33,False,
2024-06-12,PATTERN_B_ET_REALISTIC_PORTFOLIO_P3_2,2024-06-12,113198252.32457857,0.0,,,,,,33,False,
2024-06-13,PATTERN_B_ET_REALISTIC_PORTFOLIO_P3_2,2024-06-13,113198252.32457857,0.0,,,,,,33,False,
2024-06-14,PATTERN_B_ET_REALISTIC_PORTFOLIO_P3_2,2024-06-14,113198252.32457857,0.0,,,,,,33,False,
2024-06-17,PATTERN_B_ET_REALISTIC_PORTFOLIO_P3_2,2024-06-17,113198252.32457857,0.0,,,,,,33,False,
2024-06-18,PATTERN_B_ET_REALISTIC_PORTFOLIO_P3_2,2024-06-18,113198252.32457857,0.0,,,,,,33,False,
2024-06-19,PATTERN_B_ET_REALISTIC_PORTFOLIO_P3_2,2024-06-19,113198252.32457857,0.0,,,,,,33,False,
2024-06-20,PATTERN_B_ET_REALISTIC_PORTFOLIO_P3_2,2024-06-20,113198252.32457857,0.0,,,,,,33,False,
2024-06-21,PATTERN_B_ET_REALISTIC_PORTFOLIO_P3_2,2024-06-21,113198252.32457857,0.0,,,,,,33,False,
2024-06-24,PATTERN_B_ET_REALISTIC_PORTFOLIO_P3_2,2024-06-24,113198252.32457857,0.0,,,,,,33,False,
2024-06-25,PATTERN_B_ET_REALISTIC_PORTFOLIO_P3_2,2024-06-25,113198252.32457857,0.0,,,,,,33,False,
2024-06-26,PATTERN_B_ET_REALISTIC_PORTFOLIO_P3_2,2024-06-26,113198252.32457857,0.0,,,,,,33,False,
2024-06-27,PATTERN_B_ET_REALISTIC_PORTFOLIO_P3_2,2024-06-27,113198252.32457857,0.0,,,,,,33,False,
2024-06-28,PATTERN_B_ET_REALISTIC_PORTFOLIO_P3_2,2024-06-28,113198252.32457857,0.0,,,,,,33,False,
2024-07-01,PATTERN_B_ET_REALISTIC_PORTFOLIO_P3_2,2024-07-01,113198252.32457857,0.0,,,,,,33,False,
2024-07-02,PATTERN_B_ET_REALISTIC_PORTFOLIO_P3_2,2024-07-02,113198252.32457857,0.0,,,,,,33,False,
2024-07-03,PATTERN_B_ET_REALISTIC_PORTFOLIO_P3_2,2024-07-03,113198252.32457857,0.0,,,,,,33,False,
2024-07-04,PATTERN_B_ET_REALISTIC_PORTFOLIO_P3_2,2024-07-04,113198252.32457857,0.0,,,,,,33,False,
2024-07-05,PATTERN_B_ET_REALISTIC_PORTFOLIO_P3_2,2024-07-05,113198252.32457857,0.0,,,,,,33,False,
2024-07-08,PATTERN_B_ET_REALISTIC_PORTFOLIO_P3_2,2024-07-08,113198252.32457857,0.0,,,,,,33,False,
2024-07-09,PATTERN_B_ET_REALISTIC_PORTFOLIO_P3_2,2024-07-09,113198252.32457857,0.0,,,,,,33,False,
2024-07-10,PATTERN_B_ET_REALISTIC_PORTFOLIO_P3_2,2024-07-10,113198252.32457857,0.0,,,,,,33,False,
2024-07-11,PATTERN_B_ET_REALISTIC_PORTFOLIO_P3_2,2024-07-11,113198252.32457857,0.0,,,,,,33,False,
2024-07-12,PATTERN_B_ET_REALISTIC_PORTFOLIO_P3_2,2024-07-12,113198252.32457857,0.0,,,,,,33,False,
2024-07-15,PATTERN_B_ET_REALISTIC_PORTFOLIO_P3_2,2024-07-15,113198252.32457857,0.0,,,,,,33,False,
2024-07-16,PATTERN_B_ET_REALISTIC_PORTFOLIO_P3_2,2024-07-16,113198252.32457857,0.0,,,,,,33,False,
2024-07-17,PATTERN_B_ET_REALISTIC_PORTFOLIO_P3_2,2024-07-17,113198252.32457857,0.0,,,,,,33,False,
2024-07-18,PATTERN_B_ET_REALISTIC_PORTFOLIO_P3_2,2024-07-18,113198252.32457857,0.0,,,,,,33,False,
2024-07-19,PATTERN_B_ET_REALISTIC_PORTFOLIO_P3_2,2024-07-19,113198252.32457857,0.0,,,,,,33,False,
2024-07-22,PATTERN_B_ET_REALISTIC_PORTFOLIO_P3_2,2024-07-22,113198252.32457857,0.0,,,,,,33,False,
2024-07-23,PATTERN_B_ET_REALISTIC_PORTFOLIO_P3_2,2024-07-23,113198252.32457857,0.0,,,,,,33,False,
2024-07-24,PATTERN_B_ET_REALISTIC_PORTFOLIO_P3_2,2024-07-24,113198252.32457857,0.0,,,,,,33,False,
2024-07-25,PATTERN_B_ET_REALISTIC_PORTFOLIO_P3_2,2024-07-25,113198252.32457857,0.0,,,,,,33,False,
2024-07-26,PATTERN_B_ET_REALISTIC_PORTFOLIO_P3_2,2024-07-26,113198252.32457857,0.0,,,,,,33,False,
2024-07-29,PATTERN_B_ET_REALISTIC_PORTFOLIO_P3_2,2024-07-29,113198252.32457857,0.0,,,,,,33,False,
2024-07-30,PATTERN_B_ET_REALISTIC_PORTFOLIO_P3_2,2024-07-30,113198252.32457857,0.0,,,,,,33,False,
2024-07-31,PATTERN_B_ET_REALISTIC_PORTFOLIO_P3_2,2024-07-31,113198252.32457857,0.0,,,,,,33,False,
2024-08-01,PATTERN_B_ET_REALISTIC_PORTFOLIO_P3_2,2024-08-01,78238687.77436827,16198719.166649248,,,,,,37,False,
2024-08-02,PATTERN_B_ET_REALISTIC_PORTFOLIO_P3_2,2024-08-02,94437406.94101752,0.0,,,,,,37,False,
2024-08-05,PATTERN_B_ET_REALISTIC_PORTFOLIO_P3_2,2024-08-05,94437406.94101752,0.0,,,,,,37,False,
2024-08-06,PATTERN_B_ET_REALISTIC_PORTFOLIO_P3_2,2024-08-06,94437406.94101752,0.0,,,,,,37,False,
2024-08-07,PATTERN_B_ET_REALISTIC_PORTFOLIO_P3_2,2024-08-07,94437406.94101752,0.0,,,,,,37,False,
2024-08-08,PATTERN_B_ET_REALISTIC_PORTFOLIO_P3_2,2024-08-08,94437406.94101752,0.0,,,,,,37,False,
2024-08-09,PATTERN_B_ET_REALISTIC_PORTFOLIO_P3_2,2024-08-09,94437406.94101752,0.0,,,,,,37,False,
2024-08-12,PATTERN_B_ET_REALISTIC_PORTFOLIO_P3_2,2024-08-12,94437406.94101752,0.0,,,,,,37,False,
2024-08-13,PATTERN_B_ET_REALISTIC_PORTFOLIO_P3_2,2024-08-13,94437406.94101752,0.0,,,,,,37,False,
2024-08-14,PATTERN_B_ET_REALISTIC_PORTFOLIO_P3_2,2024-08-14,94437406.94101752,0.0,,,,,,37,False,
2024-08-16,PATTERN_B_ET_REALISTIC_PORTFOLIO_P3_2,2024-08-16,94437406.94101752,0.0,,,,,,37,False,
2024-08-19,PATTERN_B_ET_REALISTIC_PORTFOLIO_P3_2,2024-08-19,94437406.94101752,0.0,,,,,,37,False,
2024-08-20,PATTERN_B_ET_REALISTIC_PORTFOLIO_P3_2,2024-08-20,94437406.94101752,0.0,,,,,,37,False,
2024-08-21,PATTERN_B_ET_REALISTIC_PORTFOLIO_P3_2,2024-08-21,94437406.94101752,0.0,,,,,,37,False,
2024-08-22,PATTERN_B_ET_REALISTIC_PORTFOLIO_P3_2,2024-08-22,94437406.94101752,0.0,,,,,,37,False,
2024-08-23,PATTERN_B_ET_REALISTIC_PORTFOLIO_P3_2,2024-08-23,94437406.94101752,0.0,,,,,,37,False,
2024-08-26,PATTERN_B_ET_REALISTIC_PORTFOLIO_P3_2,2024-08-26,94437406.94101752,0.0,,,,,,37,False,
2024-08-27,PATTERN_B_ET_REALISTIC_PORTFOLIO_P3_2,2024-08-27,94437406.94101752,0.0,,,,,,37,False,
2024-08-28,PATTERN_B_ET_REALISTIC_PORTFOLIO_P3_2,2024-08-28,94437406.94101752,0.0,,,,,,37,False,
2024-08-29,PATTERN_B_ET_REALISTIC_PORTFOLIO_P3_2,2024-08-29,94437406.94101752,0.0,,,,,,37,False,
2024-08-30,PATTERN_B_ET_REALISTIC_PORTFOLIO_P3_2,2024-08-30,94437406.94101752,0.0,,,,,,37,False,
2024-09-02,PATTERN_B_ET_REALISTIC_PORTFOLIO_P3_2,2024-09-02,94437406.94101752,0.0,,,,,,37,False,
2024-09-03,PATTERN_B_ET_REALISTIC_PORTFOLIO_P3_2,2024-09-03,94437406.94101752,0.0,,,,,,37,False,
2024-09-04,PATTERN_B_ET_REALISTIC_PORTFOLIO_P3_2,2024-09-04,94437406.94101752,0.0,,,,,,37,False,
2024-09-05,PATTERN_B_ET_REALISTIC_PORTFOLIO_P3_2,2024-09-05,94437406.94101752,0.0,,,,,,37,False,
2024-09-06,PATTERN_B_ET_REALISTIC_PORTFOLIO_P3_2,2024-09-06,94437406.94101752,0.0,,,,,,37,False,
2024-09-09,PATTERN_B_ET_REALISTIC_PORTFOLIO_P3_2,2024-09-09,94437406.94101752,0.0,,,,,,37,False,
2024-09-10,PATTERN_B_ET_REALISTIC_PORTFOLIO_P3_2,2024-09-10,94437406.94101752,0.0,,,,,,37,False,
2024-09-11,PATTERN_B_ET_REALISTIC_PORTFOLIO_P3_2,2024-09-11,94437406.94101752,0.0,,,,,,37,False,
2024-09-12,PATTERN_B_ET_REALISTIC_PORTFOLIO_P3_2,2024-09-12,94437406.94101752,0.0,,,,,,37,False,
2024-09-13,PATTERN_B_ET_REALISTIC_PORTFOLIO_P3_2,2024-09-13,94437406.94101752,0.0,,,,,,37,False,
2024-09-19,PATTERN_B_ET_REALISTIC_PORTFOLIO_P3_2,2024-09-19,94437406.94101752,0.0,,,,,,37,False,
2024-09-20,PATTERN_B_ET_REALISTIC_PORTFOLIO_P3_2,2024-09-20,94437406.94101752,0.0,,,,,,37,False,
2024-09-23,PATTERN_B_ET_REALISTIC_PORTFOLIO_P3_2,2024-09-23,94437406.94101752,0.0,,,,,,37,False,
2024-09-24,PATTERN_B_ET_REALISTIC_PORTFOLIO_P3_2,2024-09-24,94437406.94101752,0.0,,,,,,37,False,
2024-09-25,PATTERN_B_ET_REALISTIC_PORTFOLIO_P3_2,2024-09-25,94437406.94101752,0.0,,,,,,37,False,
2024-09-26,PATTERN_B_ET_REALISTIC_PORTFOLIO_P3_2,2024-09-26,94437406.94101752,0.0,,,,,,37,False,
2024-09-27,PATTERN_B_ET_REALISTIC_PORTFOLIO_P3_2,2024-09-27,94437406.94101752,0.0,,,,,,37,False,
2024-09-30,PATTERN_B_ET_REALISTIC_PORTFOLIO_P3_2,2024-09-30,94437406.94101752,0.0,,,,,,37,False,
2024-10-02,PATTERN_B_ET_REALISTIC_PORTFOLIO_P3_2,2024-10-02,44522448.20512529,16030483.5999699,,,,,,44,False,
2024-10-04,PATTERN_B_ET_REALISTIC_PORTFOLIO_P3_2,2024-10-04,60552931.80509519,0.0,,,,,,44,False,
2024-10-07,PATTERN_B_ET_REALISTIC_PORTFOLIO_P3_2,2024-10-07,60552931.80509519,0.0,,,,,,44,False,
2024-10-08,PATTERN_B_ET_REALISTIC_PORTFOLIO_P3_2,2024-10-08,60552931.80509519,0.0,,,,,,44,False,
2024-10-10,PATTERN_B_ET_REALISTIC_PORTFOLIO_P3_2,2024-10-10,60552931.80509519,0.0,,,,,,44,False,
2024-10-11,PATTERN_B_ET_REALISTIC_PORTFOLIO_P3_2,2024-10-11,60552931.80509519,0.0,,,,,,44,False,
2024-10-14,PATTERN_B_ET_REALISTIC_PORTFOLIO_P3_2,2024-10-14,60552931.80509519,0.0,,,,,,44,False,
2024-10-15,PATTERN_B_ET_REALISTIC_PORTFOLIO_P3_2,2024-10-15,60552931.80509519,0.0,,,,,,44,False,
2024-10-16,PATTERN_B_ET_REALISTIC_PORTFOLIO_P3_2,2024-10-16,60552931.80509519,0.0,,,,,,44,False,
2024-10-17,PATTERN_B_ET_REALISTIC_PORTFOLIO_P3_2,2024-10-17,60552931.80509519,0.0,,,,,,44,False,
2024-10-18,PATTERN_B_ET_REALISTIC_PORTFOLIO_P3_2,2024-10-18,60552931.80509519,0.0,,,,,,44,False,
2024-10-21,PATTERN_B_ET_REALISTIC_PORTFOLIO_P3_2,2024-10-21,60552931.80509519,0.0,,,,,,44,False,
2024-10-22,PATTERN_B_ET_REALISTIC_PORTFOLIO_P3_2,2024-10-22,60552931.80509519,0.0,,,,,,44,False,
2024-10-23,PATTERN_B_ET_REALISTIC_PORTFOLIO_P3_2,2024-10-23,60552931.80509519,0.0,,,,,,44,False,
2024-10-24,PATTERN_B_ET_REALISTIC_PORTFOLIO_P3_2,2024-10-24,60552931.80509519,0.0,,,,,,44,False,
2024-10-25,PATTERN_B_ET_REALISTIC_PORTFOLIO_P3_2,2024-10-25,60552931.80509519,0.0,,,,,,44,False,
2024-10-28,PATTERN_B_ET_REALISTIC_PORTFOLIO_P3_2,2024-10-28,60552931.80509519,0.0,,,,,,44,False,
2024-10-29,PATTERN_B_ET_REALISTIC_PORTFOLIO_P3_2,2024-10-29,60552931.80509519,0.0,,,,,,44,False,
2024-10-30,PATTERN_B_ET_REALISTIC_PORTFOLIO_P3_2,2024-10-30,60552931.80509519,0.0,,,,,,44,False,
2024-10-31,PATTERN_B_ET_REALISTIC_PORTFOLIO_P3_2,2024-10-31,60552931.80509519,0.0,,,,,,44,False,
2024-11-01,PATTERN_B_ET_REALISTIC_PORTFOLIO_P3_2,2024-11-01,5735685.18030455,16599718.50516,,,,,,52,False,
2024-11-04,PATTERN_B_ET_REALISTIC_PORTFOLIO_P3_2,2024-11-04,22335403.68546455,0.0,,,,,,52,False,
2024-11-05,PATTERN_B_ET_REALISTIC_PORTFOLIO_P3_2,2024-11-05,22335403.68546455,0.0,,,,,,52,False,
2024-11-06,PATTERN_B_ET_REALISTIC_PORTFOLIO_P3_2,2024-11-06,22335403.68546455,0.0,,,,,,52,False,
2024-11-07,PATTERN_B_ET_REALISTIC_PORTFOLIO_P3_2,2024-11-07,22335403.68546455,0.0,,,,,,52,False,
2024-11-08,PATTERN_B_ET_REALISTIC_PORTFOLIO_P3_2,2024-11-08,22335403.68546455,0.0,,,,,,52,False,
2024-11-11,PATTERN_B_ET_REALISTIC_PORTFOLIO_P3_2,2024-11-11,22335403.68546455,0.0,,,,,,52,False,
2024-11-12,PATTERN_B_ET_REALISTIC_PORTFOLIO_P3_2,2024-11-12,22335403.68546455,0.0,,,,,,52,False,
2024-11-13,PATTERN_B_ET_REALISTIC_PORTFOLIO_P3_2,2024-11-13,22335403.68546455,0.0,,,,,,52,False,
2024-11-14,PATTERN_B_ET_REALISTIC_PORTFOLIO_P3_2,2024-11-14,22335403.68546455,0.0,,,,,,52,False,
2024-11-15,PATTERN_B_ET_REALISTIC_PORTFOLIO_P3_2,2024-11-15,22335403.68546455,0.0,,,,,,52,False,
2024-11-18,PATTERN_B_ET_REALISTIC_PORTFOLIO_P3_2,2024-11-18,22335403.68546455,0.0,,,,,,52,False,
2024-11-19,PATTERN_B_ET_REALISTIC_PORTFOLIO_P3_2,2024-11-19,22335403.68546455,0.0,,,,,,52,False,
2024-11-20,PATTERN_B_ET_REALISTIC_PORTFOLIO_P3_2,2024-11-20,22335403.68546455,0.0,,,,,,52,False,
2024-11-21,PATTERN_B_ET_REALISTIC_PORTFOLIO_P3_2,2024-11-21,22335403.68546455,0.0,,,,,,52,False,
2024-11-22,PATTERN_B_ET_REALISTIC_PORTFOLIO_P3_2,2024-11-22,22335403.68546455,0.0,,,,,,52,False,
2024-11-25,PATTERN_B_ET_REALISTIC_PORTFOLIO_P3_2,2024-11-25,22335403.68546455,0.0,,,,,,52,False,
2024-11-26,PATTERN_B_ET_REALISTIC_PORTFOLIO_P3_2,2024-11-26,22335403.68546455,0.0,,,,,,52,False,
2024-11-27,PATTERN_B_ET_REALISTIC_PORTFOLIO_P3_2,2024-11-27,22335403.68546455,0.0,,,,,,52,False,
2024-11-28,PATTERN_B_ET_REALISTIC_PORTFOLIO_P3_2,2024-11-28,22335403.68546455,0.0,,,,,,52,False,
2024-11-29,PATTERN_B_ET_REALISTIC_PORTFOLIO_P3_2,2024-11-29,22335403.68546455,0.0,,,,,,52,False,
2024-12-02,PATTERN_B_ET_REALISTIC_PORTFOLIO_P3_2,2024-12-02,17337061.44657455,13519202.871193202,,,,,,51,False,
2024-12-03,PATTERN_B_ET_REALISTIC_PORTFOLIO_P3_2,2024-12-03,30856264.317767754,0.0,,,,,,51,False,
2024-12-04,PATTERN_B_ET_REALISTIC_PORTFOLIO_P3_2,2024-12-04,30856264.317767754,0.0,,,,,,51,False,
2024-12-05,PATTERN_B_ET_REALISTIC_PORTFOLIO_P3_2,2024-12-05,30856264.317767754,0.0,,,,,,51,False,
2024-12-06,PATTERN_B_ET_REALISTIC_PORTFOLIO_P3_2,2024-12-06,30856264.317767754,0.0,,,,,,51,False,
2024-12-09,PATTERN_B_ET_REALISTIC_PORTFOLIO_P3_2,2024-12-09,30856264.317767754,0.0,,,,,,51,False,
2024-12-10,PATTERN_B_ET_REALISTIC_PORTFOLIO_P3_2,2024-12-10,30856264.317767754,0.0,,,,,,51,False,
2024-12-11,PATTERN_B_ET_REALISTIC_PORTFOLIO_P3_2,2024-12-11,30856264.317767754,0.0,,,,,,51,False,
2024-12-12,PATTERN_B_ET_REALISTIC_PORTFOLIO_P3_2,2024-12-12,30856264.317767754,0.0,,,,,,51,False,
2024-12-13,PATTERN_B_ET_REALISTIC_PORTFOLIO_P3_2,2024-12-13,30856264.317767754,0.0,,,,,,51,False,
2024-12-16,PATTERN_B_ET_REALISTIC_PORTFOLIO_P3_2,2024-12-16,30856264.317767754,0.0,,,,,,51,False,
2024-12-17,PATTERN_B_ET_REALISTIC_PORTFOLIO_P3_2,2024-12-17,30856264.317767754,0.0,,,,,,51,False,
2024-12-18,PATTERN_B_ET_REALISTIC_PORTFOLIO_P3_2,2024-12-18,30856264.317767754,0.0,,,,,,51,False,
2024-12-19,PATTERN_B_ET_REALISTIC_PORTFOLIO_P3_2,2024-12-19,30856264.317767754,0.0,,,,,,51,False,
2024-12-20,PATTERN_B_ET_REALISTIC_PORTFOLIO_P3_2,2024-12-20,30856264.317767754,0.0,,,,,,51,False,
2024-12-23,PATTERN_B_ET_REALISTIC_PORTFOLIO_P3_2,2024-12-23,30856264.317767754,0.0,,,,,,51,False,
2024-12-24,PATTERN_B_ET_REALISTIC_PORTFOLIO_P3_2,2024-12-24,30856264.317767754,0.0,,,,,,51,False,
2024-12-26,PATTERN_B_ET_REALISTIC_PORTFOLIO_P3_2,2024-12-26,30856264.317767754,0.0,,,,,,51,False,
2024-12-27,PATTERN_B_ET_REALISTIC_PORTFOLIO_P3_2,2024-12-27,30856264.317767754,0.0,,,,,,51,False,
2024-12-30,PATTERN_B_ET_REALISTIC_PORTFOLIO_P3_2,2024-12-30,30856264.317767754,0.0,,,,,,51,False,
2025-01-02,PATTERN_B_ET_REALISTIC_PORTFOLIO_P3_2,2025-01-02,907134.8991093049,29144909.121795,,,,,,53,False,
2025-01-03,PATTERN_B_ET_REALISTIC_PORTFOLIO_P3_2,2025-01-03,30052044.020904303,0.0,,,,,,53,False,
2025-01-06,PATTERN_B_ET_REALISTIC_PORTFOLIO_P3_2,2025-01-06,30052044.020904303,0.0,,,,,,53,False,
2025-01-07,PATTERN_B_ET_REALISTIC_PORTFOLIO_P3_2,2025-01-07,30052044.020904303,0.0,,,,,,53,False,
2025-01-08,PATTERN_B_ET_REALISTIC_PORTFOLIO_P3_2,2025-01-08,30052044.020904303,0.0,,,,,,53,False,
2025-01-09,PATTERN_B_ET_REALISTIC_PORTFOLIO_P3_2,2025-01-09,30052044.020904303,0.0,,,,,,53,False,
2025-01-10,PATTERN_B_ET_REALISTIC_PORTFOLIO_P3_2,2025-01-10,30052044.020904303,0.0,,,,,,53,False,
2025-01-13,PATTERN_B_ET_REALISTIC_PORTFOLIO_P3_2,2025-01-13,30052044.020904303,0.0,,,,,,53,False,
2025-01-14,PATTERN_B_ET_REALISTIC_PORTFOLIO_P3_2,2025-01-14,30052044.020904303,0.0,,,,,,53,False,
2025-01-15,PATTERN_B_ET_REALISTIC_PORTFOLIO_P3_2,2025-01-15,30052044.020904303,0.0,,,,,,53,False,
2025-01-16,PATTERN_B_ET_REALISTIC_PORTFOLIO_P3_2,2025-01-16,30052044.020904303,0.0,,,,,,53,False,
2025-01-17,PATTERN_B_ET_REALISTIC_PORTFOLIO_P3_2,2025-01-17,30052044.020904303,0.0,,,,,,53,False,
2025-01-20,PATTERN_B_ET_REALISTIC_PORTFOLIO_P3_2,2025-01-20,30052044.020904303,0.0,,,,,,53,False,
2025-01-21,PATTERN_B_ET_REALISTIC_PORTFOLIO_P3_2,2025-01-21,30052044.020904303,0.0,,,,,,53,False,
2025-01-22,PATTERN_B_ET_REALISTIC_PORTFOLIO_P3_2,2025-01-22,30052044.020904303,0.0,,,,,,53,False,
2025-01-23,PATTERN_B_ET_REALISTIC_PORTFOLIO_P3_2,2025-01-23,30052044.020904303,0.0,,,,,,53,False,
2025-01-24,PATTERN_B_ET_REALISTIC_PORTFOLIO_P3_2,2025-01-24,30052044.020904303,0.0,,,,,,53,False,
2025-01-31,PATTERN_B_ET_REALISTIC_PORTFOLIO_P3_2,2025-01-31,30052044.020904303,0.0,,,,,,53,False,
2025-02-03,PATTERN_B_ET_REALISTIC_PORTFOLIO_P3_2,2025-02-03,30052044.020904303,81714428.94502981,,,,,,37,False,
2025-02-04,PATTERN_B_ET_REALISTIC_PORTFOLIO_P3_2,2025-02-04,111766472.96593411,0.0,,,,,,37,False,
2025-02-05,PATTERN_B_ET_REALISTIC_PORTFOLIO_P3_2,2025-02-05,111766472.96593411,0.0,,,,,,37,False,
2025-02-06,PATTERN_B_ET_REALISTIC_PORTFOLIO_P3_2,2025-02-06,111766472.96593411,0.0,,,,,,37,False,
2025-02-07,PATTERN_B_ET_REALISTIC_PORTFOLIO_P3_2,2025-02-07,111766472.96593411,0.0,,,,,,37,False,
2025-02-10,PATTERN_B_ET_REALISTIC_PORTFOLIO_P3_2,2025-02-10,111766472.96593411,0.0,,,,,,37,False,
2025-02-11,PATTERN_B_ET_REALISTIC_PORTFOLIO_P3_2,2025-02-11,111766472.96593411,0.0,,,,,,37,False,
2025-02-12,PATTERN_B_ET_REALISTIC_PORTFOLIO_P3_2,2025-02-12,111766472.96593411,0.0,,,,,,37,False,
2025-02-13,PATTERN_B_ET_REALISTIC_PORTFOLIO_P3_2,2025-02-13,111766472.96593411,0.0,,,,,,37,False,
2025-02-14,PATTERN_B_ET_REALISTIC_PORTFOLIO_P3_2,2025-02-14,111766472.96593411,0.0,,,,,,37,False,
2025-02-17,PATTERN_B_ET_REALISTIC_PORTFOLIO_P3_2,2025-02-17,111766472.96593411,0.0,,,,,,37,False,
2025-02-18,PATTERN_B_ET_REALISTIC_PORTFOLIO_P3_2,2025-02-18,111766472.96593411,0.0,,,,,,37,False,
2025-02-19,PATTERN_B_ET_REALISTIC_PORTFOLIO_P3_2,2025-02-19,111766472.96593411,0.0,,,,,,37,False,
2025-02-20,PATTERN_B_ET_REALISTIC_PORTFOLIO_P3_2,2025-02-20,111766472.96593411,0.0,,,,,,37,False,
2025-02-21,PATTERN_B_ET_REALISTIC_PORTFOLIO_P3_2,2025-02-21,111766472.96593411,0.0,,,,,,37,False,
2025-02-24,PATTERN_B_ET_REALISTIC_PORTFOLIO_P3_2,2025-02-24,111766472.96593411,0.0,,,,,,37,False,
2025-02-25,PATTERN_B_ET_REALISTIC_PORTFOLIO_P3_2,2025-02-25,111766472.96593411,0.0,,,,,,37,False,
2025-02-26,PATTERN_B_ET_REALISTIC_PORTFOLIO_P3_2,2025-02-26,111766472.96593411,0.0,,,,,,37,False,
2025-02-27,PATTERN_B_ET_REALISTIC_PORTFOLIO_P3_2,2025-02-27,111766472.96593411,0.0,,,,,,37,False,
2025-02-28,PATTERN_B_ET_REALISTIC_PORTFOLIO_P3_2,2025-02-28,111766472.96593411,0.0,,,,,,37,False,
2025-03-04,PATTERN_B_ET_REALISTIC_PORTFOLIO_P3_2,2025-03-04,91779624.50130108,9013715.1396225,,,,,,39,False,
2025-03-05,PATTERN_B_ET_REALISTIC_PORTFOLIO_P3_2,2025-03-05,100793339.64092357,0.0,,,,,,39,False,
2025-03-06,PATTERN_B_ET_REALISTIC_PORTFOLIO_P3_2,2025-03-06,100793339.64092357,0.0,,,,,,39,False,
2025-03-07,PATTERN_B_ET_REALISTIC_PORTFOLIO_P3_2,2025-03-07,100793339.64092357,0.0,,,,,,39,False,
2025-03-10,PATTERN_B_ET_REALISTIC_PORTFOLIO_P3_2,2025-03-10,100793339.64092357,0.0,,,,,,39,False,
2025-03-11,PATTERN_B_ET_REALISTIC_PORTFOLIO_P3_2,2025-03-11,100793339.64092357,0.0,,,,,,39,False,
2025-03-12,PATTERN_B_ET_REALISTIC_PORTFOLIO_P3_2,2025-03-12,100793339.64092357,0.0,,,,,,39,False,
2025-03-13,PATTERN_B_ET_REALISTIC_PORTFOLIO_P3_2,2025-03-13,100793339.64092357,0.0,,,,,,39,False,
2025-03-14,PATTERN_B_ET_REALISTIC_PORTFOLIO_P3_2,2025-03-14,100793339.64092357,0.0,,,,,,39,False,
2025-03-17,PATTERN_B_ET_REALISTIC_PORTFOLIO_P3_2,2025-03-17,100793339.64092357,0.0,,,,,,39,False,
2025-03-18,PATTERN_B_ET_REALISTIC_PORTFOLIO_P3_2,2025-03-18,100793339.64092357,0.0,,,,,,39,False,
2025-03-19,PATTERN_B_ET_REALISTIC_PORTFOLIO_P3_2,2025-03-19,100793339.64092357,0.0,,,,,,39,False,
2025-03-20,PATTERN_B_ET_REALISTIC_PORTFOLIO_P3_2,2025-03-20,100793339.64092357,0.0,,,,,,39,False,
2025-03-21,PATTERN_B_ET_REALISTIC_PORTFOLIO_P3_2,2025-03-21,100793339.64092357,0.0,,,,,,39,False,
2025-03-24,PATTERN_B_ET_REALISTIC_PORTFOLIO_P3_2,2025-03-24,100793339.64092357,0.0,,,,,,39,False,
2025-03-25,PATTERN_B_ET_REALISTIC_PORTFOLIO_P3_2,2025-03-25,100793339.64092357,0.0,,,,,,39,False,
2025-03-26,PATTERN_B_ET_REALISTIC_PORTFOLIO_P3_2,2025-03-26,100793339.64092357,0.0,,,,,,39,False,
2025-03-27,PATTERN_B_ET_REALISTIC_PORTFOLIO_P3_2,2025-03-27,100793339.64092357,0.0,,,,,,39,False,
2025-03-28,PATTERN_B_ET_REALISTIC_PORTFOLIO_P3_2,2025-03-28,100793339.64092357,0.0,,,,,,39,False,
2025-03-31,PATTERN_B_ET_REALISTIC_PORTFOLIO_P3_2,2025-03-31,100793339.64092357,0.0,,,,,,39,False,
2025-04-01,PATTERN_B_ET_REALISTIC_PORTFOLIO_P3_2,2025-04-01,80836626.79695567,10301100.6388491,,,,,,41,False,
2025-04-02,PATTERN_B_ET_REALISTIC_PORTFOLIO_P3_2,2025-04-02,91137727.43580477,0.0,,,,,,41,False,
2025-04-03,PATTERN_B_ET_REALISTIC_PORTFOLIO_P3_2,2025-04-03,91137727.43580477,0.0,,,,,,41,False,
2025-04-04,PATTERN_B_ET_REALISTIC_PORTFOLIO_P3_2,2025-04-04,91137727.43580477,0.0,,,,,,41,False,
2025-04-07,PATTERN_B_ET_REALISTIC_PORTFOLIO_P3_2,2025-04-07,91137727.43580477,0.0,,,,,,41,False,
2025-04-08,PATTERN_B_ET_REALISTIC_PORTFOLIO_P3_2,2025-04-08,91137727.43580477,0.0,,,,,,41,False,
2025-04-09,PATTERN_B_ET_REALISTIC_PORTFOLIO_P3_2,2025-04-09,91137727.43580477,0.0,,,,,,41,False,
2025-04-10,PATTERN_B_ET_REALISTIC_PORTFOLIO_P3_2,2025-04-10,91137727.43580477,0.0,,,,,,41,False,
2025-04-11,PATTERN_B_ET_REALISTIC_PORTFOLIO_P3_2,2025-04-11,91137727.43580477,0.0,,,,,,41,False,
2025-04-14,PATTERN_B_ET_REALISTIC_PORTFOLIO_P3_2,2025-04-14,91137727.43580477,0.0,,,,,,41,False,
2025-04-15,PATTERN_B_ET_REALISTIC_PORTFOLIO_P3_2,2025-04-15,91137727.43580477,0.0,,,,,,41,False,
2025-04-16,PATTERN_B_ET_REALISTIC_PORTFOLIO_P3_2,2025-04-16,91137727.43580477,0.0,,,,,,41,False,
2025-04-17,PATTERN_B_ET_REALISTIC_PORTFOLIO_P3_2,2025-04-17,91137727.43580477,0.0,,,,,,41,False,
2025-04-18,PATTERN_B_ET_REALISTIC_PORTFOLIO_P3_2,2025-04-18,91137727.43580477,0.0,,,,,,41,False,
2025-04-21,PATTERN_B_ET_REALISTIC_PORTFOLIO_P3_2,2025-04-21,91137727.43580477,0.0,,,,,,41,False,
2025-04-22,PATTERN_B_ET_REALISTIC_PORTFOLIO_P3_2,2025-04-22,91137727.43580477,0.0,,,,,,41,False,
2025-04-23,PATTERN_B_ET_REALISTIC_PORTFOLIO_P3_2,2025-04-23,91137727.43580477,0.0,,,,,,41,False,
2025-04-24,PATTERN_B_ET_REALISTIC_PORTFOLIO_P3_2,2025-04-24,91137727.43580477,0.0,,,,,,41,False,
2025-04-25,PATTERN_B_ET_REALISTIC_PORTFOLIO_P3_2,2025-04-25,91137727.43580477,0.0,,,,,,41,False,
2025-04-28,PATTERN_B_ET_REALISTIC_PORTFOLIO_P3_2,2025-04-28,91137727.43580477,0.0,,,,,,41,False,
2025-04-29,PATTERN_B_ET_REALISTIC_PORTFOLIO_P3_2,2025-04-29,91137727.43580477,0.0,,,,,,41,False,
2025-04-30,PATTERN_B_ET_REALISTIC_PORTFOLIO_P3_2,2025-04-30,91137727.43580477,0.0,,,,,,41,False,
2025-05-02,PATTERN_B_ET_REALISTIC_PORTFOLIO_P3_2,2025-05-02,81142732.89947797,15181076.4370902,,,,,,40,False,
2025-05-07,PATTERN_B_ET_REALISTIC_PORTFOLIO_P3_2,2025-05-07,96323809.33656818,0.0,,,,,,40,False,
2025-05-08,PATTERN_B_ET_REALISTIC_PORTFOLIO_P3_2,2025-05-08,96323809.33656818,0.0,,,,,,40,False,
2025-05-09,PATTERN_B_ET_REALISTIC_PORTFOLIO_P3_2,2025-05-09,96323809.33656818,0.0,,,,,,40,False,
2025-05-12,PATTERN_B_ET_REALISTIC_PORTFOLIO_P3_2,2025-05-12,96323809.33656818,0.0,,,,,,40,False,
2025-05-13,PATTERN_B_ET_REALISTIC_PORTFOLIO_P3_2,2025-05-13,96323809.33656818,0.0,,,,,,40,False,
2025-05-14,PATTERN_B_ET_REALISTIC_PORTFOLIO_P3_2,2025-05-14,96323809.33656818,0.0,,,,,,40,False,
2025-05-15,PATTERN_B_ET_REALISTIC_PORTFOLIO_P3_2,2025-05-15,96323809.33656818,0.0,,,,,,40,False,
2025-05-16,PATTERN_B_ET_REALISTIC_PORTFOLIO_P3_2,2025-05-16,96323809.33656818,0.0,,,,,,40,False,
2025-05-19,PATTERN_B_ET_REALISTIC_PORTFOLIO_P3_2,2025-05-19,96323809.33656818,0.0,,,,,,40,False,
2025-05-20,PATTERN_B_ET_REALISTIC_PORTFOLIO_P3_2,2025-05-20,96323809.33656818,0.0,,,,,,40,False,
2025-05-21,PATTERN_B_ET_REALISTIC_PORTFOLIO_P3_2,2025-05-21,96323809.33656818,0.0,,,,,,40,False,
2025-05-22,PATTERN_B_ET_REALISTIC_PORTFOLIO_P3_2,2025-05-22,96323809.33656818,0.0,,,,,,40,False,
2025-05-23,PATTERN_B_ET_REALISTIC_PORTFOLIO_P3_2,2025-05-23,96323809.33656818,0.0,,,,,,40,False,
2025-05-26,PATTERN_B_ET_REALISTIC_PORTFOLIO_P3_2,2025-05-26,96323809.33656818,0.0,,,,,,40,False,
2025-05-27,PATTERN_B_ET_REALISTIC_PORTFOLIO_P3_2,2025-05-27,96323809.33656818,0.0,,,,,,40,False,
2025-05-28,PATTERN_B_ET_REALISTIC_PORTFOLIO_P3_2,2025-05-28,96323809.33656818,0.0,,,,,,40,False,
2025-05-29,PATTERN_B_ET_REALISTIC_PORTFOLIO_P3_2,2025-05-29,96323809.33656818,0.0,,,,,,40,False,
2025-05-30,PATTERN_B_ET_REALISTIC_PORTFOLIO_P3_2,2025-05-30,96323809.33656818,0.0,,,,,,40,False,
2025-06-02,PATTERN_B_ET_REALISTIC_PORTFOLIO_P3_2,2025-06-02,91326668.47785817,6297612.43090275,,,,,,40,False,
2025-06-04,PATTERN_B_ET_REALISTIC_PORTFOLIO_P3_2,2025-06-04,97624280.90876092,0.0,,,,,,40,False,
2025-06-05,PATTERN_B_ET_REALISTIC_PORTFOLIO_P3_2,2025-06-05,97624280.90876092,0.0,,,,,,40,False,
2025-06-09,PATTERN_B_ET_REALISTIC_PORTFOLIO_P3_2,2025-06-09,97624280.90876092,0.0,,,,,,40,False,
2025-06-10,PATTERN_B_ET_REALISTIC_PORTFOLIO_P3_2,2025-06-10,97624280.90876092,0.0,,,,,,40,False,
2025-06-11,PATTERN_B_ET_REALISTIC_PORTFOLIO_P3_2,2025-06-11,97624280.90876092,0.0,,,,,,40,False,
2025-06-12,PATTERN_B_ET_REALISTIC_PORTFOLIO_P3_2,2025-06-12,97624280.90876092,0.0,,,,,,40,False,
2025-06-13,PATTERN_B_ET_REALISTIC_PORTFOLIO_P3_2,2025-06-13,97624280.90876092,0.0,,,,,,40,False,
2025-06-16,PATTERN_B_ET_REALISTIC_PORTFOLIO_P3_2,2025-06-16,97624280.90876092,0.0,,,,,,40,False,
2025-06-17,PATTERN_B_ET_REALISTIC_PORTFOLIO_P3_2,2025-06-17,97624280.90876092,0.0,,,,,,40,False,
2025-06-18,PATTERN_B_ET_REALISTIC_PORTFOLIO_P3_2,2025-06-18,97624280.90876092,0.0,,,,,,40,False,
2025-06-19,PATTERN_B_ET_REALISTIC_PORTFOLIO_P3_2,2025-06-19,97624280.90876092,0.0,,,,,,40,False,
2025-06-20,PATTERN_B_ET_REALISTIC_PORTFOLIO_P3_2,2025-06-20,97624280.90876092,0.0,,,,,,40,False,
2025-06-23,PATTERN_B_ET_REALISTIC_PORTFOLIO_P3_2,2025-06-23,97624280.90876092,0.0,,,,,,40,False,
2025-06-24,PATTERN_B_ET_REALISTIC_PORTFOLIO_P3_2,2025-06-24,97624280.90876092,0.0,,,,,,40,False,
2025-06-25,PATTERN_B_ET_REALISTIC_PORTFOLIO_P3_2,2025-06-25,97624280.90876092,0.0,,,,,,40,False,
2025-06-26,PATTERN_B_ET_REALISTIC_PORTFOLIO_P3_2,2025-06-26,97624280.90876092,0.0,,,,,,40,False,
2025-06-27,PATTERN_B_ET_REALISTIC_PORTFOLIO_P3_2,2025-06-27,97624280.90876092,0.0,,,,,,40,False,
2025-06-30,PATTERN_B_ET_REALISTIC_PORTFOLIO_P3_2,2025-06-30,97624280.90876092,0.0,,,,,,40,False,
2025-07-01,PATTERN_B_ET_REALISTIC_PORTFOLIO_P3_2,2025-07-01,82635174.99407803,14114510.577283498,,,,,,40,False,
2025-07-02,PATTERN_B_ET_REALISTIC_PORTFOLIO_P3_2,2025-07-02,96749685.57136153,0.0,,,,,,40,False,
2025-07-03,PATTERN_B_ET_REALISTIC_PORTFOLIO_P3_2,2025-07-03,96749685.57136153,0.0,,,,,,40,False,
2025-07-04,PATTERN_B_ET_REALISTIC_PORTFOLIO_P3_2,2025-07-04,96749685.57136153,0.0,,,,,,40,False,
2025-07-07,PATTERN_B_ET_REALISTIC_PORTFOLIO_P3_2,2025-07-07,96749685.57136153,0.0,,,,,,40,False,
2025-07-08,PATTERN_B_ET_REALISTIC_PORTFOLIO_P3_2,2025-07-08,96749685.57136153,0.0,,,,,,40,False,
2025-07-09,PATTERN_B_ET_REALISTIC_PORTFOLIO_P3_2,2025-07-09,96749685.57136153,0.0,,,,,,40,False,
2025-07-10,PATTERN_B_ET_REALISTIC_PORTFOLIO_P3_2,2025-07-10,96749685.57136153,0.0,,,,,,40,False,
2025-07-11,PATTERN_B_ET_REALISTIC_PORTFOLIO_P3_2,2025-07-11,96749685.57136153,0.0,,,,,,40,False,
2025-07-14,PATTERN_B_ET_REALISTIC_PORTFOLIO_P3_2,2025-07-14,96749685.57136153,0.0,,,,,,40,False,
2025-07-15,PATTERN_B_ET_REALISTIC_PORTFOLIO_P3_2,2025-07-15,96749685.57136153,0.0,,,,,,40,False,
2025-07-16,PATTERN_B_ET_REALISTIC_PORTFOLIO_P3_2,2025-07-16,96749685.57136153,0.0,,,,,,40,False,
2025-07-17,PATTERN_B_ET_REALISTIC_PORTFOLIO_P3_2,2025-07-17,96749685.57136153,0.0,,,,,,40,False,
2025-07-18,PATTERN_B_ET_REALISTIC_PORTFOLIO_P3_2,2025-07-18,96749685.57136153,0.0,,,,,,40,False,
2025-07-21,PATTERN_B_ET_REALISTIC_PORTFOLIO_P3_2,2025-07-21,96749685.57136153,0.0,,,,,,40,False,
2025-07-22,PATTERN_B_ET_REALISTIC_PORTFOLIO_P3_2,2025-07-22,96749685.57136153,0.0,,,,,,40,False,
2025-07-23,PATTERN_B_ET_REALISTIC_PORTFOLIO_P3_2,2025-07-23,96749685.57136153,0.0,,,,,,40,False,
2025-07-24,PATTERN_B_ET_REALISTIC_PORTFOLIO_P3_2,2025-07-24,96749685.57136153,0.0,,,,,,40,False,
2025-07-25,PATTERN_B_ET_REALISTIC_PORTFOLIO_P3_2,2025-07-25,96749685.57136153,0.0,,,,,,40,False,
2025-07-28,PATTERN_B_ET_REALISTIC_PORTFOLIO_P3_2,2025-07-28,96749685.57136153,0.0,,,,,,40,False,
2025-07-29,PATTERN_B_ET_REALISTIC_PORTFOLIO_P3_2,2025-07-29,96749685.57136153,0.0,,,,,,40,False,
2025-07-30,PATTERN_B_ET_REALISTIC_PORTFOLIO_P3_2,2025-07-30,96749685.57136153,0.0,,,,,,40,False,
2025-07-31,PATTERN_B_ET_REALISTIC_PORTFOLIO_P3_2,2025-07-31,96749685.57136153,0.0,,,,,,40,False,
2025-08-01,PATTERN_B_ET_REALISTIC_PORTFOLIO_P3_2,2025-08-01,86752365.36323628,18974555.300150998,,,,,,38,False,
2025-08-04,PATTERN_B_ET_REALISTIC_PORTFOLIO_P3_2,2025-08-04,105726920.66338727,0.0,,,,,,38,False,
2025-08-05,PATTERN_B_ET_REALISTIC_PORTFOLIO_P3_2,2025-08-05,105726920.66338727,0.0,,,,,,38,False,
2025-08-06,PATTERN_B_ET_REALISTIC_PORTFOLIO_P3_2,2025-08-06,105726920.66338727,0.0,,,,,,38,False,
2025-08-07,PATTERN_B_ET_REALISTIC_PORTFOLIO_P3_2,2025-08-07,105726920.66338727,0.0,,,,,,38,False,
2025-08-08,PATTERN_B_ET_REALISTIC_PORTFOLIO_P3_2,2025-08-08,105726920.66338727,0.0,,,,,,38,False,
2025-08-11,PATTERN_B_ET_REALISTIC_PORTFOLIO_P3_2,2025-08-11,105726920.66338727,0.0,,,,,,38,False,
2025-08-12,PATTERN_B_ET_REALISTIC_PORTFOLIO_P3_2,2025-08-12,105726920.66338727,0.0,,,,,,38,False,
2025-08-13,PATTERN_B_ET_REALISTIC_PORTFOLIO_P3_2,2025-08-13,105726920.66338727,0.0,,,,,,38,False,
2025-08-14,PATTERN_B_ET_REALISTIC_PORTFOLIO_P3_2,2025-08-14,105726920.66338727,0.0,,,,,,38,False,
2025-08-18,PATTERN_B_ET_REALISTIC_PORTFOLIO_P3_2,2025-08-18,105726920.66338727,0.0,,,,,,38,False,
2025-08-19,PATTERN_B_ET_REALISTIC_PORTFOLIO_P3_2,2025-08-19,105726920.66338727,0.0,,,,,,38,False,
2025-08-20,PATTERN_B_ET_REALISTIC_PORTFOLIO_P3_2,2025-08-20,105726920.66338727,0.0,,,,,,38,False,
2025-08-21,PATTERN_B_ET_REALISTIC_PORTFOLIO_P3_2,2025-08-21,105726920.66338727,0.0,,,,,,38,False,
2025-08-22,PATTERN_B_ET_REALISTIC_PORTFOLIO_P3_2,2025-08-22,105726920.66338727,0.0,,,,,,38,False,
2025-08-25,PATTERN_B_ET_REALISTIC_PORTFOLIO_P3_2,2025-08-25,105726920.66338727,0.0,,,,,,38,False,
2025-08-26,PATTERN_B_ET_REALISTIC_PORTFOLIO_P3_2,2025-08-26,105726920.66338727,0.0,,,,,,38,False,
2025-08-27,PATTERN_B_ET_REALISTIC_PORTFOLIO_P3_2,2025-08-27,105726920.66338727,0.0,,,,,,38,False,
2025-08-28,PATTERN_B_ET_REALISTIC_PORTFOLIO_P3_2,2025-08-28,105726920.66338727,0.0,,,,,,38,False,
2025-08-29,PATTERN_B_ET_REALISTIC_PORTFOLIO_P3_2,2025-08-29,105726920.66338727,0.0,,,,,,38,False,
2025-09-01,PATTERN_B_ET_REALISTIC_PORTFOLIO_P3_2,2025-09-01,105726920.66338727,4729840.4649600005,,,,,,37,False,
2025-09-02,PATTERN_B_ET_REALISTIC_PORTFOLIO_P3_2,2025-09-02,110456761.12834726,0.0,,,,,,37,False,
2025-09-03,PATTERN_B_ET_REALISTIC_PORTFOLIO_P3_2,2025-09-03,110456761.12834726,0.0,,,,,,37,False,
2025-09-04,PATTERN_B_ET_REALISTIC_PORTFOLIO_P3_2,2025-09-04,110456761.12834726,0.0,,,,,,37,False,
2025-09-05,PATTERN_B_ET_REALISTIC_PORTFOLIO_P3_2,2025-09-05,110456761.12834726,0.0,,,,,,37,False,
2025-09-08,PATTERN_B_ET_REALISTIC_PORTFOLIO_P3_2,2025-09-08,110456761.12834726,0.0,,,,,,37,False,
2025-09-09,PATTERN_B_ET_REALISTIC_PORTFOLIO_P3_2,2025-09-09,110456761.12834726,0.0,,,,,,37,False,
2025-09-10,PATTERN_B_ET_REALISTIC_PORTFOLIO_P3_2,2025-09-10,110456761.12834726,0.0,,,,,,37,False,
2025-09-11,PATTERN_B_ET_REALISTIC_PORTFOLIO_P3_2,2025-09-11,110456761.12834726,0.0,,,,,,37,False,
2025-09-12,PATTERN_B_ET_REALISTIC_PORTFOLIO_P3_2,2025-09-12,110456761.12834726,0.0,,,,,,37,False,
2025-09-15,PATTERN_B_ET_REALISTIC_PORTFOLIO_P3_2,2025-09-15,110456761.12834726,0.0,,,,,,37,False,
2025-09-16,PATTERN_B_ET_REALISTIC_PORTFOLIO_P3_2,2025-09-16,110456761.12834726,0.0,,,,,,37,False,
2025-09-17,PATTERN_B_ET_REALISTIC_PORTFOLIO_P3_2,2025-09-17,110456761.12834726,0.0,,,,,,37,False,
2025-09-18,PATTERN_B_ET_REALISTIC_PORTFOLIO_P3_2,2025-09-18,110456761.12834726,0.0,,,,,,37,False,
2025-09-19,PATTERN_B_ET_REALISTIC_PORTFOLIO_P3_2,2025-09-19,110456761.12834726,0.0,,,,,,37,False,
2025-09-22,PATTERN_B_ET_REALISTIC_PORTFOLIO_P3_2,2025-09-22,110456761.12834726,0.0,,,,,,37,False,
2025-09-23,PATTERN_B_ET_REALISTIC_PORTFOLIO_P3_2,2025-09-23,110456761.12834726,0.0,,,,,,37,False,
2025-09-24,PATTERN_B_ET_REALISTIC_PORTFOLIO_P3_2,2025-09-24,110456761.12834726,0.0,,,,,,37,False,
2025-09-25,PATTERN_B_ET_REALISTIC_PORTFOLIO_P3_2,2025-09-25,110456761.12834726,0.0,,,,,,37,False,
2025-09-26,PATTERN_B_ET_REALISTIC_PORTFOLIO_P3_2,2025-09-26,110456761.12834726,0.0,,,,,,37,False,
2025-09-29,PATTERN_B_ET_REALISTIC_PORTFOLIO_P3_2,2025-09-29,110456761.12834726,0.0,,,,,,37,False,
2025-09-30,PATTERN_B_ET_REALISTIC_PORTFOLIO_P3_2,2025-09-30,110456761.12834726,0.0,,,,,,37,False,
2025-10-01,PATTERN_B_ET_REALISTIC_PORTFOLIO_P3_2,2025-10-01,110456761.12834726,22449667.548312,,,,,,33,False,
2025-10-02,PATTERN_B_ET_REALISTIC_PORTFOLIO_P3_2,2025-10-02,132906428.67665926,0.0,,,,,,33,False,
2025-10-10,PATTERN_B_ET_REALISTIC_PORTFOLIO_P3_2,2025-10-10,132906428.67665926,0.0,,,,,,33,False,
2025-10-13,PATTERN_B_ET_REALISTIC_PORTFOLIO_P3_2,2025-10-13,132906428.67665926,0.0,,,,,,33,False,
2025-10-14,PATTERN_B_ET_REALISTIC_PORTFOLIO_P3_2,2025-10-14,132906428.67665926,0.0,,,,,,33,False,
2025-10-15,PATTERN_B_ET_REALISTIC_PORTFOLIO_P3_2,2025-10-15,132906428.67665926,0.0,,,,,,33,False,
2025-10-16,PATTERN_B_ET_REALISTIC_PORTFOLIO_P3_2,2025-10-16,132906428.67665926,0.0,,,,,,33,False,
2025-10-17,PATTERN_B_ET_REALISTIC_PORTFOLIO_P3_2,2025-10-17,132906428.67665926,0.0,,,,,,33,False,
2025-10-20,PATTERN_B_ET_REALISTIC_PORTFOLIO_P3_2,2025-10-20,132906428.67665926,0.0,,,,,,33,False,
2025-10-21,PATTERN_B_ET_REALISTIC_PORTFOLIO_P3_2,2025-10-21,132906428.67665926,0.0,,,,,,33,False,
2025-10-22,PATTERN_B_ET_REALISTIC_PORTFOLIO_P3_2,2025-10-22,132906428.67665926,0.0,,,,,,33,False,
2025-10-23,PATTERN_B_ET_REALISTIC_PORTFOLIO_P3_2,2025-10-23,132906428.67665926,0.0,,,,,,33,False,
2025-10-24,PATTERN_B_ET_REALISTIC_PORTFOLIO_P3_2,2025-10-24,132906428.67665926,0.0,,,,,,33,False,
2025-10-27,PATTERN_B_ET_REALISTIC_PORTFOLIO_P3_2,2025-10-27,132906428.67665926,0.0,,,,,,33,False,
2025-10-28,PATTERN_B_ET_REALISTIC_PORTFOLIO_P3_2,2025-10-28,132906428.67665926,0.0,,,,,,33,False,
2025-10-29,PATTERN_B_ET_REALISTIC_PORTFOLIO_P3_2,2025-10-29,132906428.67665926,0.0,,,,,,33,False,
2025-10-30,PATTERN_B_ET_REALISTIC_PORTFOLIO_P3_2,2025-10-30,132906428.67665926,0.0,,,,,,33,False,
2025-10-31,PATTERN_B_ET_REALISTIC_PORTFOLIO_P3_2,2025-10-31,132906428.67665926,0.0,,,,,,33,False,
2025-11-03,PATTERN_B_ET_REALISTIC_PORTFOLIO_P3_2,2025-11-03,112913163.84071486,16357225.312089,,,,,,34,False,
2025-11-04,PATTERN_B_ET_REALISTIC_PORTFOLIO_P3_2,2025-11-04,129270389.15280385,0.0,,,,,,34,False,
2025-11-05,PATTERN_B_ET_REALISTIC_PORTFOLIO_P3_2,2025-11-05,129270389.15280385,0.0,,,,,,34,False,
2025-11-06,PATTERN_B_ET_REALISTIC_PORTFOLIO_P3_2,2025-11-06,129270389.15280385,0.0,,,,,,34,False,
2025-11-07,PATTERN_B_ET_REALISTIC_PORTFOLIO_P3_2,2025-11-07,129270389.15280385,0.0,,,,,,34,False,
2025-11-10,PATTERN_B_ET_REALISTIC_PORTFOLIO_P3_2,2025-11-10,129270389.15280385,0.0,,,,,,34,False,
2025-11-11,PATTERN_B_ET_REALISTIC_PORTFOLIO_P3_2,2025-11-11,129270389.15280385,0.0,,,,,,34,False,
2025-11-12,PATTERN_B_ET_REALISTIC_PORTFOLIO_P3_2,2025-11-12,129270389.15280385,0.0,,,,,,34,False,
2025-11-13,PATTERN_B_ET_REALISTIC_PORTFOLIO_P3_2,2025-11-13,129270389.15280385,0.0,,,,,,34,False,
2025-11-14,PATTERN_B_ET_REALISTIC_PORTFOLIO_P3_2,2025-11-14,129270389.15280385,0.0,,,,,,34,False,
2025-11-17,PATTERN_B_ET_REALISTIC_PORTFOLIO_P3_2,2025-11-17,129270389.15280385,0.0,,,,,,34,False,
2025-11-18,PATTERN_B_ET_REALISTIC_PORTFOLIO_P3_2,2025-11-18,129270389.15280385,0.0,,,,,,34,False,
2025-11-19,PATTERN_B_ET_REALISTIC_PORTFOLIO_P3_2,2025-11-19,129270389.15280385,0.0,,,,,,34,False,
2025-11-20,PATTERN_B_ET_REALISTIC_PORTFOLIO_P3_2,2025-11-20,129270389.15280385,0.0,,,,,,34,False,
2025-11-21,PATTERN_B_ET_REALISTIC_PORTFOLIO_P3_2,2025-11-21,129270389.15280385,0.0,,,,,,34,False,
2025-11-24,PATTERN_B_ET_REALISTIC_PORTFOLIO_P3_2,2025-11-24,129270389.15280385,0.0,,,,,,34,False,
2025-11-25,PATTERN_B_ET_REALISTIC_PORTFOLIO_P3_2,2025-11-25,129270389.15280385,0.0,,,,,,34,False,
2025-11-26,PATTERN_B_ET_REALISTIC_PORTFOLIO_P3_2,2025-11-26,129270389.15280385,0.0,,,,,,34,False,
2025-11-27,PATTERN_B_ET_REALISTIC_PORTFOLIO_P3_2,2025-11-27,129270389.15280385,0.0,,,,,,34,False,
2025-11-28,PATTERN_B_ET_REALISTIC_PORTFOLIO_P3_2,2025-11-28,129270389.15280385,0.0,,,,,,34,False,
2025-12-01,PATTERN_B_ET_REALISTIC_PORTFOLIO_P3_2,2025-12-01,129270389.15280385,0.0,,,,,,34,False,
2025-12-02,PATTERN_B_ET_REALISTIC_PORTFOLIO_P3_2,2025-12-02,129270389.15280385,0.0,,,,,,34,False,
2025-12-03,PATTERN_B_ET_REALISTIC_PORTFOLIO_P3_2,2025-12-03,129270389.15280385,0.0,,,,,,34,False,
2025-12-04,PATTERN_B_ET_REALISTIC_PORTFOLIO_P3_2,2025-12-04,129270389.15280385,0.0,,,,,,34,False,
2025-12-05,PATTERN_B_ET_REALISTIC_PORTFOLIO_P3_2,2025-12-05,129270389.15280385,0.0,,,,,,34,False,
2025-12-08,PATTERN_B_ET_REALISTIC_PORTFOLIO_P3_2,2025-12-08,129270389.15280385,0.0,,,,,,34,False,
2025-12-09,PATTERN_B_ET_REALISTIC_PORTFOLIO_P3_2,2025-12-09,129270389.15280385,0.0,,,,,,34,False,
2025-12-10,PATTERN_B_ET_REALISTIC_PORTFOLIO_P3_2,2025-12-10,129270389.15280385,0.0,,,,,,34,False,
2025-12-11,PATTERN_B_ET_REALISTIC_PORTFOLIO_P3_2,2025-12-11,129270389.15280385,0.0,,,,,,34,False,
2025-12-12,PATTERN_B_ET_REALISTIC_PORTFOLIO_P3_2,2025-12-12,129270389.15280385,0.0,,,,,,34,False,
2025-12-15,PATTERN_B_ET_REALISTIC_PORTFOLIO_P3_2,2025-12-15,129270389.15280385,0.0,,,,,,34,False,
2025-12-16,PATTERN_B_ET_REALISTIC_PORTFOLIO_P3_2,2025-12-16,129270389.15280385,0.0,,,,,,34,False,
2025-12-17,PATTERN_B_ET_REALISTIC_PORTFOLIO_P3_2,2025-12-17,129270389.15280385,0.0,,,,,,34,False,
2025-12-18,PATTERN_B_ET_REALISTIC_PORTFOLIO_P3_2,2025-12-18,129270389.15280385,0.0,,,,,,34,False,
2025-12-19,PATTERN_B_ET_REALISTIC_PORTFOLIO_P3_2,2025-12-19,129270389.15280385,0.0,,,,,,34,False,
2025-12-22,PATTERN_B_ET_REALISTIC_PORTFOLIO_P3_2,2025-12-22,129270389.15280385,0.0,,,,,,34,False,
2025-12-23,PATTERN_B_ET_REALISTIC_PORTFOLIO_P3_2,2025-12-23,129270389.15280385,0.0,,,,,,34,False,
2025-12-24,PATTERN_B_ET_REALISTIC_PORTFOLIO_P3_2,2025-12-24,129270389.15280385,0.0,,,,,,34,False,
2025-12-26,PATTERN_B_ET_REALISTIC_PORTFOLIO_P3_2,2025-12-26,129270389.15280385,0.0,,,,,,34,False,
2025-12-29,PATTERN_B_ET_REALISTIC_PORTFOLIO_P3_2,2025-12-29,129270389.15280385,0.0,,,,,,34,False,
2025-12-30,PATTERN_B_ET_REALISTIC_PORTFOLIO_P3_2,2025-12-30,129270389.15280385,0.0,,,,,,34,False,
2026-01-02,PATTERN_B_ET_REALISTIC_PORTFOLIO_P3_2,2026-01-02,119277649.20661487,12594519.1502235,,,,,,34,False,
2026-01-05,PATTERN_B_ET_REALISTIC_PORTFOLIO_P3_2,2026-01-05,131872168.35683836,0.0,,,,,,34,False,
2026-01-06,PATTERN_B_ET_REALISTIC_PORTFOLIO_P3_2,2026-01-06,131872168.35683836,0.0,,,,,,34,False,
2026-01-07,PATTERN_B_ET_REALISTIC_PORTFOLIO_P3_2,2026-01-07,131872168.35683836,0.0,,,,,,34,False,
2026-01-08,PATTERN_B_ET_REALISTIC_PORTFOLIO_P3_2,2026-01-08,131872168.35683836,0.0,,,,,,34,False,
2026-01-09,PATTERN_B_ET_REALISTIC_PORTFOLIO_P3_2,2026-01-09,131872168.35683836,0.0,,,,,,34,False,
2026-01-12,PATTERN_B_ET_REALISTIC_PORTFOLIO_P3_2,2026-01-12,131872168.35683836,0.0,,,,,,34,False,
2026-01-13,PATTERN_B_ET_REALISTIC_PORTFOLIO_P3_2,2026-01-13,131872168.35683836,0.0,,,,,,34,False,
2026-01-14,PATTERN_B_ET_REALISTIC_PORTFOLIO_P3_2,2026-01-14,131872168.35683836,0.0,,,,,,34,False,
2026-01-15,PATTERN_B_ET_REALISTIC_PORTFOLIO_P3_2,2026-01-15,131872168.35683836,0.0,,,,,,34,False,
2026-01-16,PATTERN_B_ET_REALISTIC_PORTFOLIO_P3_2,2026-01-16,131872168.35683836,0.0,,,,,,34,False,
2026-01-19,PATTERN_B_ET_REALISTIC_PORTFOLIO_P3_2,2026-01-19,131872168.35683836,0.0,,,,,,34,False,
2026-01-20,PATTERN_B_ET_REALISTIC_PORTFOLIO_P3_2,2026-01-20,131872168.35683836,0.0,,,,,,34,False,
2026-01-21,PATTERN_B_ET_REALISTIC_PORTFOLIO_P3_2,2026-01-21,131872168.35683836,0.0,,,,,,34,False,
2026-01-22,PATTERN_B_ET_REALISTIC_PORTFOLIO_P3_2,2026-01-22,131872168.35683836,0.0,,,,,,34,False,
2026-01-23,PATTERN_B_ET_REALISTIC_PORTFOLIO_P3_2,2026-01-23,131872168.35683836,0.0,,,,,,34,False,
2026-01-26,PATTERN_B_ET_REALISTIC_PORTFOLIO_P3_2,2026-01-26,131872168.35683836,0.0,,,,,,34,False,
2026-01-27,PATTERN_B_ET_REALISTIC_PORTFOLIO_P3_2,2026-01-27,131872168.35683836,0.0,,,,,,34,False,
2026-01-28,PATTERN_B_ET_REALISTIC_PORTFOLIO_P3_2,2026-01-28,131872168.35683836,0.0,,,,,,34,False,
2026-01-29,PATTERN_B_ET_REALISTIC_PORTFOLIO_P3_2,2026-01-29,131872168.35683836,0.0,,,,,,34,False,
2026-01-30,PATTERN_B_ET_REALISTIC_PORTFOLIO_P3_2,2026-01-30,131872168.35683836,0.0,,,,,,34,False,
2026-02-02,PATTERN_B_ET_REALISTIC_PORTFOLIO_P3_2,2026-02-02,131872168.35683836,8493100.569828,,,,,,32,False,
2026-02-03,PATTERN_B_ET_REALISTIC_PORTFOLIO_P3_2,2026-02-03,140365268.92666635,0.0,,,,,,32,False,
2026-02-04,PATTERN_B_ET_REALISTIC_PORTFOLIO_P3_2,2026-02-04,140365268.92666635,0.0,,,,,,32,False,
2026-02-05,PATTERN_B_ET_REALISTIC_PORTFOLIO_P3_2,2026-02-05,140365268.92666635,0.0,,,,,,32,False,
2026-02-06,PATTERN_B_ET_REALISTIC_PORTFOLIO_P3_2,2026-02-06,140365268.92666635,0.0,,,,,,32,False,
2026-02-09,PATTERN_B_ET_REALISTIC_PORTFOLIO_P3_2,2026-02-09,140365268.92666635,0.0,,,,,,32,False,
2026-02-10,PATTERN_B_ET_REALISTIC_PORTFOLIO_P3_2,2026-02-10,140365268.92666635,0.0,,,,,,32,False,
2026-02-11,PATTERN_B_ET_REALISTIC_PORTFOLIO_P3_2,2026-02-11,140365268.92666635,0.0,,,,,,32,False,
2026-02-12,PATTERN_B_ET_REALISTIC_PORTFOLIO_P3_2,2026-02-12,140365268.92666635,0.0,,,,,,32,False,
2026-02-13,PATTERN_B_ET_REALISTIC_PORTFOLIO_P3_2,2026-02-13,140365268.92666635,0.0,,,,,,32,False,
2026-02-19,PATTERN_B_ET_REALISTIC_PORTFOLIO_P3_2,2026-02-19,140365268.92666635,0.0,,,,,,32,False,
2026-02-20,PATTERN_B_ET_REALISTIC_PORTFOLIO_P3_2,2026-02-20,140365268.92666635,0.0,,,,,,32,False,
2026-02-23,PATTERN_B_ET_REALISTIC_PORTFOLIO_P3_2,2026-02-23,140365268.92666635,0.0,,,,,,32,False,
2026-02-24,PATTERN_B_ET_REALISTIC_PORTFOLIO_P3_2,2026-02-24,140365268.92666635,0.0,,,,,,32,False,
2026-02-25,PATTERN_B_ET_REALISTIC_PORTFOLIO_P3_2,2026-02-25,140365268.92666635,0.0,,,,,,32,False,
2026-02-26,PATTERN_B_ET_REALISTIC_PORTFOLIO_P3_2,2026-02-26,140365268.92666635,0.0,,,,,,32,False,
2026-02-27,PATTERN_B_ET_REALISTIC_PORTFOLIO_P3_2,2026-02-27,140365268.92666635,0.0,,,,,,32,False,
2026-03-03,PATTERN_B_ET_REALISTIC_PORTFOLIO_P3_2,2026-03-03,140365268.92666635,30893255.578741502,,,,,,25,False,
2026-03-04,PATTERN_B_ET_REALISTIC_PORTFOLIO_P3_2,2026-03-04,171258524.50540784,0.0,,,,,,25,False,
2026-03-05,PATTERN_B_ET_REALISTIC_PORTFOLIO_P3_2,2026-03-05,171258524.50540784,0.0,,,,,,25,False,
2026-03-06,PATTERN_B_ET_REALISTIC_PORTFOLIO_P3_2,2026-03-06,171258524.50540784,0.0,,,,,,25,False,
2026-03-09,PATTERN_B_ET_REALISTIC_PORTFOLIO_P3_2,2026-03-09,171258524.50540784,0.0,,,,,,25,False,
2026-03-10,PATTERN_B_ET_REALISTIC_PORTFOLIO_P3_2,2026-03-10,171258524.50540784,0.0,,,,,,25,False,
2026-03-11,PATTERN_B_ET_REALISTIC_PORTFOLIO_P3_2,2026-03-11,171258524.50540784,0.0,,,,,,25,False,
2026-03-12,PATTERN_B_ET_REALISTIC_PORTFOLIO_P3_2,2026-03-12,171258524.50540784,0.0,,,,,,25,False,
2026-03-13,PATTERN_B_ET_REALISTIC_PORTFOLIO_P3_2,2026-03-13,171258524.50540784,0.0,,,,,,25,False,
2026-03-16,PATTERN_B_ET_REALISTIC_PORTFOLIO_P3_2,2026-03-16,171258524.50540784,0.0,,,,,,25,False,
2026-03-17,PATTERN_B_ET_REALISTIC_PORTFOLIO_P3_2,2026-03-17,171258524.50540784,0.0,,,,,,25,False,
2026-03-18,PATTERN_B_ET_REALISTIC_PORTFOLIO_P3_2,2026-03-18,171258524.50540784,0.0,,,,,,25,False,
2026-03-19,PATTERN_B_ET_REALISTIC_PORTFOLIO_P3_2,2026-03-19,171258524.50540784,0.0,,,,,,25,False,
2026-03-20,PATTERN_B_ET_REALISTIC_PORTFOLIO_P3_2,2026-03-20,171258524.50540784,0.0,,,,,,25,False,
2026-03-23,PATTERN_B_ET_REALISTIC_PORTFOLIO_P3_2,2026-03-23,171258524.50540784,0.0,,,,,,25,False,
2026-03-24,PATTERN_B_ET_REALISTIC_PORTFOLIO_P3_2,2026-03-24,171258524.50540784,0.0,,,,,,25,False,
2026-03-25,PATTERN_B_ET_REALISTIC_PORTFOLIO_P3_2,2026-03-25,171258524.50540784,0.0,,,,,,25,False,
2026-03-26,PATTERN_B_ET_REALISTIC_PORTFOLIO_P3_2,2026-03-26,171258524.50540784,0.0,,,,,,25,False,
2026-03-27,PATTERN_B_ET_REALISTIC_PORTFOLIO_P3_2,2026-03-27,171258524.50540784,0.0,,,,,,25,False,
2026-03-30,PATTERN_B_ET_REALISTIC_PORTFOLIO_P3_2,2026-03-30,171258524.50540784,0.0,,,,,,25,False,
2026-03-31,PATTERN_B_ET_REALISTIC_PORTFOLIO_P3_2,2026-03-31,171258524.50540784,0.0,,,,,,25,False,
2026-04-01,PATTERN_B_ET_REALISTIC_PORTFOLIO_P3_2,2026-04-01,151274666.47627285,20144725.1832267,,,,,,25,False,
2026-04-02,PATTERN_B_ET_REALISTIC_PORTFOLIO_P3_2,2026-04-02,171419391.65949956,0.0,,,,,,25,False,
2026-04-03,PATTERN_B_ET_REALISTIC_PORTFOLIO_P3_2,2026-04-03,171419391.65949956,0.0,,,,,,25,False,
2026-04-06,PATTERN_B_ET_REALISTIC_PORTFOLIO_P3_2,2026-04-06,171419391.65949956,0.0,,,,,,25,False,
2026-04-07,PATTERN_B_ET_REALISTIC_PORTFOLIO_P3_2,2026-04-07,171419391.65949956,0.0,,,,,,25,False,
2026-04-08,PATTERN_B_ET_REALISTIC_PORTFOLIO_P3_2,2026-04-08,171419391.65949956,0.0,,,,,,25,False,
2026-04-09,PATTERN_B_ET_REALISTIC_PORTFOLIO_P3_2,2026-04-09,171419391.65949956,0.0,,,,,,25,False,
2026-04-10,PATTERN_B_ET_REALISTIC_PORTFOLIO_P3_2,2026-04-10,171419391.65949956,0.0,,,,,,25,False,
2026-04-13,PATTERN_B_ET_REALISTIC_PORTFOLIO_P3_2,2026-04-13,171419391.65949956,0.0,,,,,,25,False,
2026-04-14,PATTERN_B_ET_REALISTIC_PORTFOLIO_P3_2,2026-04-14,171419391.65949956,0.0,,,,,,25,False,
2026-04-15,PATTERN_B_ET_REALISTIC_PORTFOLIO_P3_2,2026-04-15,171419391.65949956,0.0,,,,,,25,False,
2026-04-16,PATTERN_B_ET_REALISTIC_PORTFOLIO_P3_2,2026-04-16,171419391.65949956,0.0,,,,,,25,False,
2026-04-17,PATTERN_B_ET_REALISTIC_PORTFOLIO_P3_2,2026-04-17,171419391.65949956,0.0,,,,,,25,False,
2026-04-20,PATTERN_B_ET_REALISTIC_PORTFOLIO_P3_2,2026-04-20,171419391.65949956,0.0,,,,,,25,False,
2026-04-21,PATTERN_B_ET_REALISTIC_PORTFOLIO_P3_2,2026-04-21,171419391.65949956,0.0,,,,,,25,False,
2026-04-22,PATTERN_B_ET_REALISTIC_PORTFOLIO_P3_2,2026-04-22,171419391.65949956,0.0,,,,,,25,False,
2026-04-23,PATTERN_B_ET_REALISTIC_PORTFOLIO_P3_2,2026-04-23,171419391.65949956,0.0,,,,,,25,False,
2026-04-24,PATTERN_B_ET_REALISTIC_PORTFOLIO_P3_2,2026-04-24,171419391.65949956,0.0,,,,,,25,False,
2026-04-27,PATTERN_B_ET_REALISTIC_PORTFOLIO_P3_2,2026-04-27,171419391.65949956,0.0,,,,,,25,False,
2026-04-28,PATTERN_B_ET_REALISTIC_PORTFOLIO_P3_2,2026-04-28,171419391.65949956,0.0,,,,,,25,False,
2026-04-29,PATTERN_B_ET_REALISTIC_PORTFOLIO_P3_2,2026-04-29,171419391.65949956,0.0,,,,,,25,False,
2026-04-30,PATTERN_B_ET_REALISTIC_PORTFOLIO_P3_2,2026-04-30,171419391.65949956,0.0,,,,,,25,False,
2026-05-04,PATTERN_B_ET_REALISTIC_PORTFOLIO_P3_2,2026-05-04,161430476.10688356,20672759.760785997,,,,,,23,False,
2026-05-06,PATTERN_B_ET_REALISTIC_PORTFOLIO_P3_2,2026-05-06,182103235.86766955,0.0,,,,,,23,False,
2026-05-07,PATTERN_B_ET_REALISTIC_PORTFOLIO_P3_2,2026-05-07,182103235.86766955,0.0,,,,,,23,False,
2026-05-08,PATTERN_B_ET_REALISTIC_PORTFOLIO_P3_2,2026-05-08,182103235.86766955,0.0,,,,,,23,False,
2026-05-11,PATTERN_B_ET_REALISTIC_PORTFOLIO_P3_2,2026-05-11,182103235.86766955,0.0,,,,,,23,False,
2026-05-12,PATTERN_B_ET_REALISTIC_PORTFOLIO_P3_2,2026-05-12,182103235.86766955,0.0,,,,,,23,False,
2026-05-13,PATTERN_B_ET_REALISTIC_PORTFOLIO_P3_2,2026-05-13,182103235.86766955,0.0,,,,,,23,False,
2026-05-14,PATTERN_B_ET_REALISTIC_PORTFOLIO_P3_2,2026-05-14,182103235.86766955,0.0,,,,,,23,False,
2026-05-15,PATTERN_B_ET_REALISTIC_PORTFOLIO_P3_2,2026-05-15,182103235.86766955,0.0,,,,,,23,False,
2026-05-18,PATTERN_B_ET_REALISTIC_PORTFOLIO_P3_2,2026-05-18,182103235.86766955,0.0,,,,,,23,False,
2026-05-19,PATTERN_B_ET_REALISTIC_PORTFOLIO_P3_2,2026-05-19,182103235.86766955,0.0,,,,,,23,False,
2026-05-20,PATTERN_B_ET_REALISTIC_PORTFOLIO_P3_2,2026-05-20,182103235.86766955,0.0,,,,,,23,False,
2026-05-21,PATTERN_B_ET_REALISTIC_PORTFOLIO_P3_2,2026-05-21,182103235.86766955,0.0,,,,,,23,False,
2026-05-22,PATTERN_B_ET_REALISTIC_PORTFOLIO_P3_2,2026-05-22,182103235.86766955,0.0,,,,,,23,False,
2026-05-26,PATTERN_B_ET_REALISTIC_PORTFOLIO_P3_2,2026-05-26,182103235.86766955,0.0,,,,,,23,False,
2026-05-27,PATTERN_B_ET_REALISTIC_PORTFOLIO_P3_2,2026-05-27,182103235.86766955,0.0,,,,,,23,False,
2026-05-28,PATTERN_B_ET_REALISTIC_PORTFOLIO_P3_2,2026-05-28,182103235.86766955,0.0,,,,,,23,False,
2026-05-29,PATTERN_B_ET_REALISTIC_PORTFOLIO_P3_2,2026-05-29,182103235.86766955,0.0,,,,,,23,False,
2026-06-01,PATTERN_B_ET_REALISTIC_PORTFOLIO_P3_2,2026-06-01,182103235.86766955,4155228.6594525003,,,,,,22,False,
2026-06-02,PATTERN_B_ET_REALISTIC_PORTFOLIO_P3_2,2026-06-02,186258464.52712205,0.0,,,,,,22,False,
2026-06-04,PATTERN_B_ET_REALISTIC_PORTFOLIO_P3_2,2026-06-04,186258464.52712205,0.0,,,,,,22,False,
2026-06-05,PATTERN_B_ET_REALISTIC_PORTFOLIO_P3_2,2026-06-05,186258464.52712205,0.0,,,,,,22,False,
2026-06-08,PATTERN_B_ET_REALISTIC_PORTFOLIO_P3_2,2026-06-08,186258464.52712205,0.0,,,,,,22,False,
2026-06-09,PATTERN_B_ET_REALISTIC_PORTFOLIO_P3_2,2026-06-09,186258464.52712205,0.0,,,,,,22,False,
2026-06-10,PATTERN_B_ET_REALISTIC_PORTFOLIO_P3_2,2026-06-10,186258464.52712205,0.0,,,,,,22,False,
2026-06-11,PATTERN_B_ET_REALISTIC_PORTFOLIO_P3_2,2026-06-11,186258464.52712205,0.0,,,,,,22,False,
2026-06-12,PATTERN_B_ET_REALISTIC_PORTFOLIO_P3_2,2026-06-12,186258464.52712205,0.0,,,,,,22,False,
2026-06-15,PATTERN_B_ET_REALISTIC_PORTFOLIO_P3_2,2026-06-15,186258464.52712205,0.0,,,,,,22,False,
2026-06-16,PATTERN_B_ET_REALISTIC_PORTFOLIO_P3_2,2026-06-16,186258464.52712205,0.0,,,,,,22,False,
2026-06-17,PATTERN_B_ET_REALISTIC_PORTFOLIO_P3_2,2026-06-17,186258464.52712205,0.0,,,,,,22,False,
2026-06-18,PATTERN_B_ET_REALISTIC_PORTFOLIO_P3_2,2026-06-18,186258464.52712205,0.0,,,,,,22,False,
2026-06-19,PATTERN_B_ET_REALISTIC_PORTFOLIO_P3_2,2026-06-19,186258464.52712205,0.0,,,,,,22,False,
2026-06-22,PATTERN_B_ET_REALISTIC_PORTFOLIO_P3_2,2026-06-22,186258464.52712205,0.0,,,,,,22,False,
2026-06-23,PATTERN_B_ET_REALISTIC_PORTFOLIO_P3_2,2026-06-23,186258464.52712205,0.0,,,,,,22,False,
2026-06-24,PATTERN_B_ET_REALISTIC_PORTFOLIO_P3_2,2026-06-24,186258464.52712205,0.0,,,,,,22,False,
2026-06-25,PATTERN_B_ET_REALISTIC_PORTFOLIO_P3_2,2026-06-25,186258464.52712205,0.0,,,,,,22,False,
2026-06-26,PATTERN_B_ET_REALISTIC_PORTFOLIO_P3_2,2026-06-26,186258464.52712205,0.0,,,,,,22,False,
2026-06-29,PATTERN_B_ET_REALISTIC_PORTFOLIO_P3_2,2026-06-29,186258464.52712205,0.0,,,,,,22,False,
2026-06-30,PATTERN_B_ET_REALISTIC_PORTFOLIO_P3_2,2026-06-30,186258464.52712205,0.0,,,,,,22,False,
2026-07-01,PATTERN_B_ET_REALISTIC_PORTFOLIO_P3_2,2026-07-01,1960061.2367206784,5666187.368772,,,,,,58,False,
2026-07-02,PATTERN_B_ET_REALISTIC_PORTFOLIO_P3_2,2026-07-02,7626248.6054926785,0.0,,,,,,58,False,
2026-07-03,PATTERN_B_ET_REALISTIC_PORTFOLIO_P3_2,2026-07-03,7626248.6054926785,0.0,,,,,,58,False,
2026-07-06,PATTERN_B_ET_REALISTIC_PORTFOLIO_P3_2,2026-07-06,7626248.6054926785,0.0,,,,,,58,False,
2026-07-07,PATTERN_B_ET_REALISTIC_PORTFOLIO_P3_2,2026-07-07,7626248.6054926785,0.0,,,,,,58,False,
2026-07-08,PATTERN_B_ET_REALISTIC_PORTFOLIO_P3_2,2026-07-08,7626248.6054926785,0.0,,,,,,58,False,
2026-07-09,PATTERN_B_ET_REALISTIC_PORTFOLIO_P3_2,2026-07-09,7626248.6054926785,0.0,,,,,,58,False,
2026-07-10,PATTERN_B_ET_REALISTIC_PORTFOLIO_P3_2,2026-07-10,7626248.6054926785,0.0,,,,,,58,False,
2026-07-13,PATTERN_B_ET_REALISTIC_PORTFOLIO_P3_2,2026-07-13,7626248.6054926785,0.0,,,,,,58,False,
2026-07-14,PATTERN_B_ET_REALISTIC_PORTFOLIO_P3_2,2026-07-14,7626248.6054926785,0.0,,,,,,58,False,
2026-07-15,PATTERN_B_ET_REALISTIC_PORTFOLIO_P3_2,2026-07-15,7626248.6054926785,0.0,,,,,,58,False,
2026-07-16,PATTERN_B_ET_REALISTIC_PORTFOLIO_P3_2,2026-07-16,7626248.6054926785,0.0,,,,,,58,False,
2026-07-20,PATTERN_B_ET_REALISTIC_PORTFOLIO_P3_2,2026-07-20,7626248.6054926785,0.0,,,,,,58,False,
2026-07-21,PATTERN_B_ET_REALISTIC_PORTFOLIO_P3_2,2026-07-21,7626248.6054926785,0.0,,,,,,58,False,
2026-07-22,PATTERN_B_ET_REALISTIC_PORTFOLIO_P3_2,2026-07-22,7626248.6054926785,0.0,,,,,,58,False,
2026-07-23,PATTERN_B_ET_REALISTIC_PORTFOLIO_P3_2,2026-07-23,7626248.6054926785,0.0,,,,,,58,False,
2026-07-24,PATTERN_B_ET_REALISTIC_PORTFOLIO_P3_2,2026-07-24,7626248.6054926785,0.0,,,,,,58,False,
2026-07-27,PATTERN_B_ET_REALISTIC_PORTFOLIO_P3_2,2026-07-27,7626248.6054926785,0.0,,,,,,58,False,
2026-07-28,PATTERN_B_ET_REALISTIC_PORTFOLIO_P3_2,2026-07-28,7626248.6054926785,0.0,,,,,,58,False,
2026-07-29,PATTERN_B_ET_REALISTIC_PORTFOLIO_P3_2,2026-07-29,7626248.6054926785,0.0,,,,,,58,False,
2026-07-30,PATTERN_B_ET_REALISTIC_PORTFOLIO_P3_2,2026-07-30,7626248.6054926785,0.0,,,,,,58,False,
2026-07-31,PATTERN_B_ET_REALISTIC_PORTFOLIO_P3_2,2026-07-31,7626248.6054926785,0.0,,,,,,58,False,
2026-08-03,PATTERN_B_ET_REALISTIC_PORTFOLIO_P3_2,2026-08-03,2640520.858492679,31314507.353992797,,,,,,53,False,
2026-08-04,PATTERN_B_ET_REALISTIC_PORTFOLIO_P3_2,2026-08-04,33955028.21248548,0.0,,,,,,53,False,
2026-08-05,PATTERN_B_ET_REALISTIC_PORTFOLIO_P3_2,2026-08-05,33955028.21248548,0.0,,,,,,53,False,
2026-08-06,PATTERN_B_ET_REALISTIC_PORTFOLIO_P3_2,2026-08-06,33955028.21248548,0.0,,,,,,53,False,
2026-08-07,PATTERN_B_ET_REALISTIC_PORTFOLIO_P3_2,2026-08-07,33955028.21248548,0.0,,,,,,53,False,
2026-08-10,PATTERN_B_ET_REALISTIC_PORTFOLIO_P3_2,2026-08-10,33955028.21248548,0.0,,,,,,53,False,
2026-08-11,PATTERN_B_ET_REALISTIC_PORTFOLIO_P3_2,2026-08-11,33955028.21248548,0.0,,,,,,53,False,
2026-08-12,PATTERN_B_ET_REALISTIC_PORTFOLIO_P3_2,2026-08-12,33955028.21248548,0.0,,,,,,53,False,
2026-08-13,PATTERN_B_ET_REALISTIC_PORTFOLIO_P3_2,2026-08-13,33955028.21248548,0.0,,,,,,53,False,
2026-08-14,PATTERN_B_ET_REALISTIC_PORTFOLIO_P3_2,2026-08-14,33955028.21248548,0.0,,,,,,53,False,
2026-08-18,PATTERN_B_ET_REALISTIC_PORTFOLIO_P3_2,2026-08-18,33955028.21248548,0.0,,,,,,53,False,
2026-08-19,PATTERN_B_ET_REALISTIC_PORTFOLIO_P3_2,2026-08-19,33955028.21248548,0.0,,,,,,53,False,
2026-08-20,PATTERN_B_ET_REALISTIC_PORTFOLIO_P3_2,2026-08-20,33955028.21248548,0.0,,,,,,53,False,
2026-08-21,PATTERN_B_ET_REALISTIC_PORTFOLIO_P3_2,2026-08-21,33955028.21248548,0.0,,,,,,53,False,
2026-08-24,PATTERN_B_ET_REALISTIC_PORTFOLIO_P3_2,2026-08-24,33955028.21248548,0.0,,,,,,53,False,
2026-08-25,PATTERN_B_ET_REALISTIC_PORTFOLIO_P3_2,2026-08-25,33955028.21248548,0.0,,,,,,53,False,
2026-08-26,PATTERN_B_ET_REALISTIC_PORTFOLIO_P3_2,2026-08-26,33955028.21248548,0.0,,,,,,53,False,
2026-08-27,PATTERN_B_ET_REALISTIC_PORTFOLIO_P3_2,2026-08-27,33955028.21248548,0.0,,,,,,53,False,
2026-08-28,PATTERN_B_ET_REALISTIC_PORTFOLIO_P3_2,2026-08-28,33955028.21248548,0.0,,,,,,53,False,
2026-08-31,PATTERN_B_ET_REALISTIC_PORTFOLIO_P3_2,2026-08-31,33955028.21248548,0.0,,,,,,53,False,
2026-09-01,PATTERN_B_ET_REALISTIC_PORTFOLIO_P3_2,2026-08-31,33955028.21248548,95206649.3708778,,,,,,37,True,
