strategy_id,pair_id,trade_id,ticker,identity,entry_date,concurrent_positions_before_candidate,position_cap_configured,slot_cap_would_block,cash_before,required_total_buy_cost,cash_sufficient,decision
PATTERN_B_ET_REALISTIC_PORTFOLIO_P3_2,PATTERN_B_PROGRESSED_PREVIOUS_STAGE_EARLY_TRANSITION_ONLY_5WINDOW_V01_P3_2_NEW_TEST_073240_KR7073240004_2022-02-28_0001,PATTERN_B_PROGRESSED_PREVIOUS_STAGE_EARLY_TRANSITION_ONLY_5WINDOW_V01_P3_2_NEW_TEST_073240_KR7073240004_2022-02-28_0001,073240,KR7073240004,2022-03-02,0,,False,200000000.0,4999493.561562499,True,EXECUTED
PATTERN_B_ET_REALISTIC_PORTFOLIO_P3_2,PATTERN_B_PROGRESSED_PREVIOUS_STAGE_EARLY_TRANSITION_ONLY_5WINDOW_V01_P3_2_NEW_TEST_007390_KR7007390008_2022-02-28_0001,PATTERN_B_PROGRESSED_PREVIOUS_STAGE_EARLY_TRANSITION_ONLY_5WINDOW_V01_P3_2_NEW_TEST_007390_KR7007390008_2022-02-28_0001,007390,KR7007390008,2022-03-02,1,,False,195000506.4384375,4998342.23889,True,EXECUTED
PATTERN_B_ET_REALISTIC_PORTFOLIO_P3_2,PATTERN_B_PROGRESSED_PREVIOUS_STAGE_EARLY_TRANSITION_ONLY_5WINDOW_V01_P3_2_NEW_TEST_084110_KR7084110006_2022-02-28_0001,PATTERN_B_PROGRESSED_PREVIOUS_STAGE_EARLY_TRANSITION_ONLY_5WINDOW_V01_P3_2_NEW_TEST_084110_KR7084110006_2022-02-28_0001,084110,KR7084110006,2022-03-02,2,,False,190002164.1995475,4985727.7469999995,True,EXECUTED
PATTERN_B_ET_REALISTIC_PORTFOLIO_P3_2,PATTERN_B_PROGRESSED_PREVIOUS_STAGE_EARLY_TRANSITION_ONLY_5WINDOW_V01_P3_2_NEW_TEST_001360_KR7001360007_2022-02-28_0001,PATTERN_B_PROGRESSED_PREVIOUS_STAGE_EARLY_TRANSITION_ONLY_5WINDOW_V01_P3_2_NEW_TEST_001360_KR7001360007_2022-02-28_0001,001360,KR7001360007,2022-03-02,3,,False,185016436.4525475,4997933.769628799,True,EXECUTED
PATTERN_B_ET_REALISTIC_PORTFOLIO_P3_2,PATTERN_B_PROGRESSED_PREVIOUS_STAGE_EARLY_TRANSITION_ONLY_5WINDOW_V01_P3_2_NEW_TEST_048910_KR7048910004_2022-02-28_0001,PATTERN_B_PROGRESSED_PREVIOUS_STAGE_EARLY_TRANSITION_ONLY_5WINDOW_V01_P3_2_NEW_TEST_048910_KR7048910004_2022-02-28_0001,048910,KR7048910004,2022-03-02,4,,False,180018502.6829187,4988731.19745,True,EXECUTED
PATTERN_B_ET_REALISTIC_PORTFOLIO_P3_2,PATTERN_B_PROGRESSED_PREVIOUS_STAGE_EARLY_TRANSITION_ONLY_5WINDOW_V01_P3_2_NEW_TEST_017550_KR7017550005_2022-02-28_0001,PATTERN_B_PROGRESSED_PREVIOUS_STAGE_EARLY_TRANSITION_ONLY_5WINDOW_V01_P3_2_NEW_TEST_017550_KR7017550005_2022-02-28_0001,017550,KR7017550005,2022-03-02,5,,False,175029771.4854687,4999033.032493499,True,EXECUTED
PATTERN_B_ET_REALISTIC_PORTFOLIO_P3_2,PATTERN_B_PROGRESSED_PREVIOUS_STAGE_EARLY_TRANSITION_ONLY_5WINDOW_V01_P3_2_NEW_TEST_045660_KR7045660008_2022-02-28_0001,PATTERN_B_PROGRESSED_PREVIOUS_STAGE_EARLY_TRANSITION_ONLY_5WINDOW_V01_P3_2_NEW_TEST_045660_KR7045660008_2022-02-28_0001,045660,KR7045660008,2022-03-02,6,,False,170030738.45297518,4997291.031232499,True,EXECUTED
PATTERN_B_ET_REALISTIC_PORTFOLIO_P3_2,PATTERN_B_PROGRESSED_PREVIOUS_STAGE_EARLY_TRANSITION_ONLY_5WINDOW_V01_P3_2_NEW_TEST_120240_KR7120240007_2022-02-28_0001,PATTERN_B_PROGRESSED_PREVIOUS_STAGE_EARLY_TRANSITION_ONLY_5WINDOW_V01_P3_2_NEW_TEST_120240_KR7120240007_2022-02-28_0001,120240,KR7120240007,2022-03-02,7,,False,165033447.42174268,4999543.61907,True,EXECUTED
PATTERN_B_ET_REALISTIC_PORTFOLIO_P3_2,PATTERN_B_PROGRESSED_PREVIOUS_STAGE_EARLY_TRANSITION_ONLY_5WINDOW_V01_P3_2_NEW_TEST_038620_KR7038620001_2022-02-28_0001,PATTERN_B_PROGRESSED_PREVIOUS_STAGE_EARLY_TRANSITION_ONLY_5WINDOW_V01_P3_2_NEW_TEST_038620_KR7038620001_2022-02-28_0001,038620,KR7038620001,2022-03-02,8,,False,160033903.80267268,4997291.031232499,True,EXECUTED
PATTERN_B_ET_REALISTIC_PORTFOLIO_P3_2,PATTERN_B_PROGRESSED_PREVIOUS_STAGE_EARLY_TRANSITION_ONLY_5WINDOW_V01_P3_2_NEW_TEST_039240_KR7039240007_2022-02-28_0001,PATTERN_B_PROGRESSED_PREVIOUS_STAGE_EARLY_TRANSITION_ONLY_5WINDOW_V01_P3_2_NEW_TEST_039240_KR7039240007_2022-02-28_0001,039240,KR7039240007,2022-03-02,9,,False,155036612.77144018,4997366.117493749,True,EXECUTED
PATTERN_B_ET_REALISTIC_PORTFOLIO_P3_2,PATTERN_B_PROGRESSED_PREVIOUS_STAGE_EARLY_TRANSITION_ONLY_5WINDOW_V01_P3_2_NEW_TEST_002410_KR7002410009_2022-02-28_0001,PATTERN_B_PROGRESSED_PREVIOUS_STAGE_EARLY_TRANSITION_ONLY_5WINDOW_V01_P3_2_NEW_TEST_002410_KR7002410009_2022-02-28_0001,002410,KR7002410009,2022-03-02,10,,False,150039246.65394643,4997611.399280499,True,EXECUTED
PATTERN_B_ET_REALISTIC_PORTFOLIO_P3_2,PATTERN_B_PROGRESSED_PREVIOUS_STAGE_EARLY_TRANSITION_ONLY_5WINDOW_V01_P3_2_NEW_TEST_015020_KR7015020001_2022-02-28_0001,PATTERN_B_PROGRESSED_PREVIOUS_STAGE_EARLY_TRANSITION_ONLY_5WINDOW_V01_P3_2_NEW_TEST_015020_KR7015020001_2022-02-28_0001,015020,KR7015020001,2022-03-02,11,,False,145041635.25466594,4999823.941112,True,EXECUTED
PATTERN_B_ET_REALISTIC_PORTFOLIO_P3_2,PATTERN_B_PROGRESSED_PREVIOUS_STAGE_EARLY_TRANSITION_ONLY_5WINDOW_V01_P3_2_NEW_TEST_023960_KR7023960008_2022-02-28_0001,PATTERN_B_PROGRESSED_PREVIOUS_STAGE_EARLY_TRANSITION_ONLY_5WINDOW_V01_P3_2_NEW_TEST_023960_KR7023960008_2022-02-28_0001,023960,KR7023960008,2022-03-02,12,,False,140041811.31355393,4998192.0663674995,True,EXECUTED
PATTERN_B_ET_REALISTIC_PORTFOLIO_P3_2,PATTERN_B_PROGRESSED_PREVIOUS_STAGE_EARLY_TRANSITION_ONLY_5WINDOW_V01_P3_2_NEW_TEST_224110_KR7224110007_2022-02-28_0001,PATTERN_B_PROGRESSED_PREVIOUS_STAGE_EARLY_TRANSITION_ONLY_5WINDOW_V01_P3_2_NEW_TEST_224110_KR7224110007_2022-02-28_0001,224110,KR7224110007,2022-03-02,13,,False,135043619.24718642,4999543.61907,True,EXECUTED
PATTERN_B_ET_REALISTIC_PORTFOLIO_P3_2,PATTERN_B_PROGRESSED_PREVIOUS_STAGE_EARLY_TRANSITION_ONLY_5WINDOW_V01_P3_2_NEW_TEST_069730_KR7069730000_2022-02-28_0001,PATTERN_B_PROGRESSED_PREVIOUS_STAGE_EARLY_TRANSITION_ONLY_5WINDOW_V01_P3_2_NEW_TEST_069730_KR7069730000_2022-02-28_0001,069730,KR7069730000,2022-03-02,14,,False,130044075.62811643,4999853.9756165,True,EXECUTED
PATTERN_B_ET_REALISTIC_PORTFOLIO_P3_2,PATTERN_B_PROGRESSED_PREVIOUS_STAGE_EARLY_TRANSITION_ONLY_5WINDOW_V01_P3_2_NEW_TEST_001620_KR7001620004_2022-02-28_0001,PATTERN_B_PROGRESSED_PREVIOUS_STAGE_EARLY_TRANSITION_ONLY_5WINDOW_V01_P3_2_NEW_TEST_001620_KR7001620004_2022-02-28_0001,001620,KR7001620004,2022-03-02,15,,False,125044221.65249993,4999648.739835749,True,EXECUTED
PATTERN_B_ET_REALISTIC_PORTFOLIO_P3_2,PATTERN_B_PROGRESSED_PREVIOUS_STAGE_EARLY_TRANSITION_ONLY_5WINDOW_V01_P3_2_NEW_TEST_053160_KR7053160008_2022-02-28_0001,PATTERN_B_PROGRESSED_PREVIOUS_STAGE_EARLY_TRANSITION_ONLY_5WINDOW_V01_P3_2_NEW_TEST_053160_KR7053160008_2022-02-28_0001,053160,KR7053160008,2022-03-02,16,,False,120044572.91266418,4997741.5488,True,EXECUTED
PATTERN_B_ET_REALISTIC_PORTFOLIO_P3_2,PATTERN_B_PROGRESSED_PREVIOUS_STAGE_EARLY_TRANSITION_ONLY_5WINDOW_V01_P3_2_NEW_TEST_024850_KR7024850000_2022-02-28_0001,PATTERN_B_PROGRESSED_PREVIOUS_STAGE_EARLY_TRANSITION_ONLY_5WINDOW_V01_P3_2_NEW_TEST_024850_KR7024850000_2022-02-28_0001,024850,KR7024850000,2022-03-02,17,,False,115046831.36386417,4995188.615917499,True,EXECUTED
PATTERN_B_ET_REALISTIC_PORTFOLIO_P3_2,PATTERN_B_PROGRESSED_PREVIOUS_STAGE_EARLY_TRANSITION_ONLY_5WINDOW_V01_P3_2_NEW_TEST_181340_KR7181340001_2022-02-28_0001,PATTERN_B_PROGRESSED_PREVIOUS_STAGE_EARLY_TRANSITION_ONLY_5WINDOW_V01_P3_2_NEW_TEST_181340_KR7181340001_2022-02-28_0001,181340,KR7181340001,2022-03-02,18,,False,110051642.74794666,4995819.340511999,True,EXECUTED
PATTERN_B_ET_REALISTIC_PORTFOLIO_P3_2,PATTERN_B_PROGRESSED_PREVIOUS_STAGE_EARLY_TRANSITION_ONLY_5WINDOW_V01_P3_2_NEW_TEST_024940_KR7024940009_2022-02-28_0001,PATTERN_B_PROGRESSED_PREVIOUS_STAGE_EARLY_TRANSITION_ONLY_5WINDOW_V01_P3_2_NEW_TEST_024940_KR7024940009_2022-02-28_0001,024940,KR7024940009,2022-03-02,19,,False,105055823.40743467,4999393.4465475,True,EXECUTED
PATTERN_B_ET_REALISTIC_PORTFOLIO_P3_2,PATTERN_B_PROGRESSED_PREVIOUS_STAGE_EARLY_TRANSITION_ONLY_5WINDOW_V01_P3_2_NEW_TEST_134060_KR7134060003_2022-02-28_0001,PATTERN_B_PROGRESSED_PREVIOUS_STAGE_EARLY_TRANSITION_ONLY_5WINDOW_V01_P3_2_NEW_TEST_134060_KR7134060003_2022-02-28_0001,134060,KR7134060003,2022-03-02,20,,False,100056429.96088718,4994898.282374,True,EXECUTED
PATTERN_B_ET_REALISTIC_PORTFOLIO_P3_2,PATTERN_B_PROGRESSED_PREVIOUS_STAGE_EARLY_TRANSITION_ONLY_5WINDOW_V01_P3_2_NEW_TEST_019490_KR7019490002_2022-02-28_0001,PATTERN_B_PROGRESSED_PREVIOUS_STAGE_EARLY_TRANSITION_ONLY_5WINDOW_V01_P3_2_NEW_TEST_019490_KR7019490002_2022-02-28_0001,019490,KR7019490002,2022-03-02,21,,False,95061531.67851318,4999186.20846645,True,EXECUTED
PATTERN_B_ET_REALISTIC_PORTFOLIO_P3_2,PATTERN_B_PROGRESSED_PREVIOUS_STAGE_EARLY_TRANSITION_ONLY_5WINDOW_V01_P3_2_NEW_TEST_053290_KR7053290003_2022-03-31_0001,PATTERN_B_PROGRESSED_PREVIOUS_STAGE_EARLY_TRANSITION_ONLY_5WINDOW_V01_P3_2_NEW_TEST_053290_KR7053290003_2022-03-31_0001,053290,KR7053290003,2022-04-01,8,,False,90062345.47004673,4999693.791592499,True,EXECUTED
PATTERN_B_ET_REALISTIC_PORTFOLIO_P3_2,PATTERN_B_PROGRESSED_PREVIOUS_STAGE_EARLY_TRANSITION_ONLY_5WINDOW_V01_P3_2_NEW_TEST_046890_KR7046890000_2022-05-31_0001,PATTERN_B_PROGRESSED_PREVIOUS_STAGE_EARLY_TRANSITION_ONLY_5WINDOW_V01_P3_2_NEW_TEST_046890_KR7046890000_2022-05-31_0001,046890,KR7046890000,2022-06-02,9,,False,169663143.24745852,4989832.462614999,True,EXECUTED
PATTERN_B_ET_REALISTIC_PORTFOLIO_P3_2,PATTERN_B_PROGRESSED_PREVIOUS_STAGE_EARLY_TRANSITION_ONLY_5WINDOW_V01_P3_2_NEW_TEST_206650_KR7206650004_2022-05-31_0001,PATTERN_B_PROGRESSED_PREVIOUS_STAGE_EARLY_TRANSITION_ONLY_5WINDOW_V01_P3_2_NEW_TEST_206650_KR7206650004_2022-05-31_0001,206650,KR7206650004,2022-06-02,10,,False,164673310.7848435,4986528.667119999,True,EXECUTED
PATTERN_B_ET_REALISTIC_PORTFOLIO_P3_2,PATTERN_B_PROGRESSED_PREVIOUS_STAGE_EARLY_TRANSITION_ONLY_5WINDOW_V01_P3_2_NEW_TEST_121800_KR7121800007_2022-05-31_0001,PATTERN_B_PROGRESSED_PREVIOUS_STAGE_EARLY_TRANSITION_ONLY_5WINDOW_V01_P3_2_NEW_TEST_121800_KR7121800007_2022-05-31_0001,121800,KR7121800007,2022-06-02,11,,False,159686782.1177235,4995338.788439999,True,EXECUTED
PATTERN_B_ET_REALISTIC_PORTFOLIO_P3_2,PATTERN_B_PROGRESSED_PREVIOUS_STAGE_EARLY_TRANSITION_ONLY_5WINDOW_V01_P3_2_NEW_TEST_194480_KR7194480000_2022-05-31_0001,PATTERN_B_PROGRESSED_PREVIOUS_STAGE_EARLY_TRANSITION_ONLY_5WINDOW_V01_P3_2_NEW_TEST_194480_KR7194480000_2022-05-31_0001,194480,KR7194480000,2022-06-02,12,,False,154691443.3292835,4981823.261415,True,EXECUTED
PATTERN_B_ET_REALISTIC_PORTFOLIO_P3_2,PATTERN_B_PROGRESSED_PREVIOUS_STAGE_EARLY_TRANSITION_ONLY_5WINDOW_V01_P3_2_NEW_TEST_108670_KR7108670001_2022-05-31_0001,PATTERN_B_PROGRESSED_PREVIOUS_STAGE_EARLY_TRANSITION_ONLY_5WINDOW_V01_P3_2_NEW_TEST_108670_KR7108670001_2022-05-31_0001,108670,KR7108670001,2022-06-02,13,,False,149709620.0678685,4995338.788439999,True,EXECUTED
PATTERN_B_ET_REALISTIC_PORTFOLIO_P3_2,PATTERN_B_PROGRESSED_PREVIOUS_STAGE_EARLY_TRANSITION_ONLY_5WINDOW_V01_P3_2_NEW_TEST_226950_KR7226950004_2022-05-31_0001,PATTERN_B_PROGRESSED_PREVIOUS_STAGE_EARLY_TRANSITION_ONLY_5WINDOW_V01_P3_2_NEW_TEST_226950_KR7226950004_2022-05-31_0001,226950,KR7226950004,2022-06-02,14,,False,144714281.2794285,4999743.849099999,True,EXECUTED
PATTERN_B_ET_REALISTIC_PORTFOLIO_P3_2,PATTERN_B_PROGRESSED_PREVIOUS_STAGE_EARLY_TRANSITION_ONLY_5WINDOW_V01_P3_2_NEW_TEST_048910_KR7048910004_2022-05-31_0002,PATTERN_B_PROGRESSED_PREVIOUS_STAGE_EARLY_TRANSITION_ONLY_5WINDOW_V01_P3_2_NEW_TEST_048910_KR7048910004_2022-05-31_0002,048910,KR7048910004,2022-06-02,15,,False,139714537.43032852,4992485.5105125,True,EXECUTED
PATTERN_B_ET_REALISTIC_PORTFOLIO_P3_2,PATTERN_B_PROGRESSED_PREVIOUS_STAGE_EARLY_TRANSITION_ONLY_5WINDOW_V01_P3_2_NEW_TEST_066980_KR7066980004_2022-05-31_0001,PATTERN_B_PROGRESSED_PREVIOUS_STAGE_EARLY_TRANSITION_ONLY_5WINDOW_V01_P3_2_NEW_TEST_066980_KR7066980004_2022-05-31_0001,066980,KR7066980004,2022-06-02,16,,False,134722051.91981602,4997366.117493749,True,EXECUTED
PATTERN_B_ET_REALISTIC_PORTFOLIO_P3_2,PATTERN_B_PROGRESSED_PREVIOUS_STAGE_EARLY_TRANSITION_ONLY_5WINDOW_V01_P3_2_NEW_TEST_234100_KR7234100006_2022-05-31_0001,PATTERN_B_PROGRESSED_PREVIOUS_STAGE_EARLY_TRANSITION_ONLY_5WINDOW_V01_P3_2_NEW_TEST_234100_KR7234100006_2022-05-31_0001,234100,KR7234100006,2022-06-02,17,,False,129724685.80232227,4993536.718169999,True,EXECUTED
PATTERN_B_ET_REALISTIC_PORTFOLIO_P3_2,PATTERN_B_PROGRESSED_PREVIOUS_STAGE_EARLY_TRANSITION_ONLY_5WINDOW_V01_P3_2_NEW_TEST_038620_KR7038620001_2022-05-31_0002,PATTERN_B_PROGRESSED_PREVIOUS_STAGE_EARLY_TRANSITION_ONLY_5WINDOW_V01_P3_2_NEW_TEST_038620_KR7038620001_2022-05-31_0002,038620,KR7038620001,2022-06-02,18,,False,124731149.08415227,4993236.373124999,True,EXECUTED
PATTERN_B_ET_REALISTIC_PORTFOLIO_P3_2,PATTERN_B_PROGRESSED_PREVIOUS_STAGE_EARLY_TRANSITION_ONLY_5WINDOW_V01_P3_2_NEW_TEST_008600_KR7008600009_2022-05-31_0001,PATTERN_B_PROGRESSED_PREVIOUS_STAGE_EARLY_TRANSITION_ONLY_5WINDOW_V01_P3_2_NEW_TEST_008600_KR7008600009_2022-05-31_0001,008600,KR7008600009,2022-06-02,19,,False,119737912.71102726,4993521.70091775,True,EXECUTED
PATTERN_B_ET_REALISTIC_PORTFOLIO_P3_2,PATTERN_B_PROGRESSED_PREVIOUS_STAGE_EARLY_TRANSITION_ONLY_5WINDOW_V01_P3_2_NEW_TEST_016920_KR7016920001_2022-05-31_0001,PATTERN_B_PROGRESSED_PREVIOUS_STAGE_EARLY_TRANSITION_ONLY_5WINDOW_V01_P3_2_NEW_TEST_016920_KR7016920001_2022-05-31_0001,016920,KR7016920001,2022-06-02,20,,False,114744391.01010951,4999333.377538499,True,EXECUTED
PATTERN_B_ET_REALISTIC_PORTFOLIO_P3_2,PATTERN_B_PROGRESSED_PREVIOUS_STAGE_EARLY_TRANSITION_ONLY_5WINDOW_V01_P3_2_NEW_TEST_001620_KR7001620004_2022-05-31_0002,PATTERN_B_PROGRESSED_PREVIOUS_STAGE_EARLY_TRANSITION_ONLY_5WINDOW_V01_P3_2_NEW_TEST_001620_KR7001620004_2022-05-31_0002,001620,KR7001620004,2022-06-02,21,,False,109745057.63257101,4999648.739835749,True,EXECUTED
PATTERN_B_ET_REALISTIC_PORTFOLIO_P3_2,PATTERN_B_PROGRESSED_PREVIOUS_STAGE_EARLY_TRANSITION_ONLY_5WINDOW_V01_P3_2_NEW_TEST_196300_KR7196300008_2022-05-31_0001,PATTERN_B_PROGRESSED_PREVIOUS_STAGE_EARLY_TRANSITION_ONLY_5WINDOW_V01_P3_2_NEW_TEST_196300_KR7196300008_2022-05-31_0001,196300,KR7196300008,2022-06-02,22,,False,104745408.89273526,4989782.4051075,True,EXECUTED
PATTERN_B_ET_REALISTIC_PORTFOLIO_P3_2,PATTERN_B_PROGRESSED_PREVIOUS_STAGE_EARLY_TRANSITION_ONLY_5WINDOW_V01_P3_2_NEW_TEST_093240_KR7093240000_2022-05-31_0001,PATTERN_B_PROGRESSED_PREVIOUS_STAGE_EARLY_TRANSITION_ONLY_5WINDOW_V01_P3_2_NEW_TEST_093240_KR7093240000_2022-05-31_0001,093240,KR7093240000,2022-06-02,23,,False,99755626.48762776,4998316.2089861,True,EXECUTED
PATTERN_B_ET_REALISTIC_PORTFOLIO_P3_2,PATTERN_B_PROGRESSED_PREVIOUS_STAGE_EARLY_TRANSITION_ONLY_5WINDOW_V01_P3_2_NEW_TEST_071850_KR7071850002_2022-05-31_0001,PATTERN_B_PROGRESSED_PREVIOUS_STAGE_EARLY_TRANSITION_ONLY_5WINDOW_V01_P3_2_NEW_TEST_071850_KR7071850002_2022-05-31_0001,071850,KR7071850002,2022-06-02,24,,False,94757310.27864166,4999347.393640599,True,EXECUTED
PATTERN_B_ET_REALISTIC_PORTFOLIO_P3_2,PATTERN_B_PROGRESSED_PREVIOUS_STAGE_EARLY_TRANSITION_ONLY_5WINDOW_V01_P3_2_NEW_TEST_112040_KR7112040001_2022-06-30_0001,PATTERN_B_PROGRESSED_PREVIOUS_STAGE_EARLY_TRANSITION_ONLY_5WINDOW_V01_P3_2_NEW_TEST_112040_KR7112040001_2022-06-30_0001,112040,KR7112040001,2022-07-01,25,,False,89757962.88500106,4944180.015774999,True,EXECUTED
PATTERN_B_ET_REALISTIC_PORTFOLIO_P3_2,PATTERN_B_PROGRESSED_PREVIOUS_STAGE_EARLY_TRANSITION_ONLY_5WINDOW_V01_P3_2_NEW_TEST_011000_KR7011000007_2022-06-30_0001,PATTERN_B_PROGRESSED_PREVIOUS_STAGE_EARLY_TRANSITION_ONLY_5WINDOW_V01_P3_2_NEW_TEST_011000_KR7011000007_2022-06-30_0001,011000,KR7011000007,2022-07-01,26,,False,84813782.86922607,4973713.945199999,True,EXECUTED
PATTERN_B_ET_REALISTIC_PORTFOLIO_P3_2,PATTERN_B_PROGRESSED_PREVIOUS_STAGE_EARLY_TRANSITION_ONLY_5WINDOW_V01_P3_2_NEW_TEST_213420_KR7213420003_2022-06-30_0001,PATTERN_B_PROGRESSED_PREVIOUS_STAGE_EARLY_TRANSITION_ONLY_5WINDOW_V01_P3_2_NEW_TEST_213420_KR7213420003_2022-06-30_0001,213420,KR7213420003,2022-07-01,27,,False,79840068.92402607,4980471.7087125,True,EXECUTED
PATTERN_B_ET_REALISTIC_PORTFOLIO_P3_2,PATTERN_B_PROGRESSED_PREVIOUS_STAGE_EARLY_TRANSITION_ONLY_5WINDOW_V01_P3_2_NEW_TEST_003850_KR7003850005_2022-06-30_0001,PATTERN_B_PROGRESSED_PREVIOUS_STAGE_EARLY_TRANSITION_ONLY_5WINDOW_V01_P3_2_NEW_TEST_003850_KR7003850005_2022-06-30_0001,003850,KR7003850005,2022-07-01,28,,False,74859597.21531357,4997491.261262499,True,EXECUTED
PATTERN_B_ET_REALISTIC_PORTFOLIO_P3_2,PATTERN_B_PROGRESSED_PREVIOUS_STAGE_EARLY_TRANSITION_ONLY_5WINDOW_V01_P3_2_NEW_TEST_151910_KR7151910007_2022-06-30_0001,PATTERN_B_PROGRESSED_PREVIOUS_STAGE_EARLY_TRANSITION_ONLY_5WINDOW_V01_P3_2_NEW_TEST_151910_KR7151910007_2022-06-30_0001,151910,KR7151910007,2022-07-01,29,,False,69862105.95405108,4996595.23187825,True,EXECUTED
PATTERN_B_ET_REALISTIC_PORTFOLIO_P3_2,PATTERN_B_PROGRESSED_PREVIOUS_STAGE_EARLY_TRANSITION_ONLY_5WINDOW_V01_P3_2_NEW_TEST_064550_KR7064550007_2022-06-30_0001,PATTERN_B_PROGRESSED_PREVIOUS_STAGE_EARLY_TRANSITION_ONLY_5WINDOW_V01_P3_2_NEW_TEST_064550_KR7064550007_2022-06-30_0001,064550,KR7064550007,2022-07-01,30,,False,64865510.72217283,4995739.248499999,True,EXECUTED
PATTERN_B_ET_REALISTIC_PORTFOLIO_P3_2,PATTERN_B_PROGRESSED_PREVIOUS_STAGE_EARLY_TRANSITION_ONLY_5WINDOW_V01_P3_2_NEW_TEST_192400_KR7192400000_2022-06-30_0001,PATTERN_B_PROGRESSED_PREVIOUS_STAGE_EARLY_TRANSITION_ONLY_5WINDOW_V01_P3_2_NEW_TEST_192400_KR7192400000_2022-06-30_0001,192400,KR7192400000,2022-07-01,31,,False,59869771.47367283,4997291.031232499,True,EXECUTED
PATTERN_B_ET_REALISTIC_PORTFOLIO_P3_2,PATTERN_B_PROGRESSED_PREVIOUS_STAGE_EARLY_TRANSITION_ONLY_5WINDOW_V01_P3_2_NEW_TEST_033160_KR7033160003_2022-06-30_0001,PATTERN_B_PROGRESSED_PREVIOUS_STAGE_EARLY_TRANSITION_ONLY_5WINDOW_V01_P3_2_NEW_TEST_033160_KR7033160003_2022-06-30_0001,033160,KR7033160003,2022-07-01,32,,False,54872480.44244033,4993736.9481999995,True,EXECUTED
PATTERN_B_ET_REALISTIC_PORTFOLIO_P3_2,PATTERN_B_PROGRESSED_PREVIOUS_STAGE_EARLY_TRANSITION_ONLY_5WINDOW_V01_P3_2_NEW_TEST_094480_KR7094480001_2022-06-30_0001,PATTERN_B_PROGRESSED_PREVIOUS_STAGE_EARLY_TRANSITION_ONLY_5WINDOW_V01_P3_2_NEW_TEST_094480_KR7094480001_2022-06-30_0001,094480,KR7094480001,2022-07-01,33,,False,49878743.49424033,4995238.673424999,True,EXECUTED
PATTERN_B_ET_REALISTIC_PORTFOLIO_P3_2,PATTERN_B_PROGRESSED_PREVIOUS_STAGE_EARLY_TRANSITION_ONLY_5WINDOW_V01_P3_2_NEW_TEST_160550_KR7160550000_2022-06-30_0001,PATTERN_B_PROGRESSED_PREVIOUS_STAGE_EARLY_TRANSITION_ONLY_5WINDOW_V01_P3_2_NEW_TEST_160550_KR7160550000_2022-06-30_0001,160550,KR7160550000,2022-07-01,34,,False,44883504.82081533,4996740.39865,True,EXECUTED
PATTERN_B_ET_REALISTIC_PORTFOLIO_P3_2,PATTERN_B_PROGRESSED_PREVIOUS_STAGE_EARLY_TRANSITION_ONLY_5WINDOW_V01_P3_2_NEW_TEST_054620_KR7054620000_2022-06-30_0001,PATTERN_B_PROGRESSED_PREVIOUS_STAGE_EARLY_TRANSITION_ONLY_5WINDOW_V01_P3_2_NEW_TEST_054620_KR7054620000_2022-06-30_0001,054620,KR7054620000,2022-07-01,35,,False,39886764.422165334,4999543.61907,True,EXECUTED
PATTERN_B_ET_REALISTIC_PORTFOLIO_P3_2,PATTERN_B_PROGRESSED_PREVIOUS_STAGE_EARLY_TRANSITION_ONLY_5WINDOW_V01_P3_2_NEW_TEST_007860_KR7007860000_2022-06-30_0001,PATTERN_B_PROGRESSED_PREVIOUS_STAGE_EARLY_TRANSITION_ONLY_5WINDOW_V01_P3_2_NEW_TEST_007860_KR7007860000_2022-06-30_0001,007860,KR7007860000,2022-07-01,36,,False,34887220.80309533,4994758.1213529995,True,EXECUTED
PATTERN_B_ET_REALISTIC_PORTFOLIO_P3_2,PATTERN_B_PROGRESSED_PREVIOUS_STAGE_EARLY_TRANSITION_ONLY_5WINDOW_V01_P3_2_NEW_TEST_053280_KR7053280004_2022-06-30_0001,PATTERN_B_PROGRESSED_PREVIOUS_STAGE_EARLY_TRANSITION_ONLY_5WINDOW_V01_P3_2_NEW_TEST_053280_KR7053280004_2022-06-30_0001,053280,KR7053280004,2022-07-01,37,,False,29892462.681742333,4999183.205015999,True,EXECUTED
PATTERN_B_ET_REALISTIC_PORTFOLIO_P3_2,PATTERN_B_PROGRESSED_PREVIOUS_STAGE_EARLY_TRANSITION_ONLY_5WINDOW_V01_P3_2_NEW_TEST_009270_KR7009270000_2022-06-30_0001,PATTERN_B_PROGRESSED_PREVIOUS_STAGE_EARLY_TRANSITION_ONLY_5WINDOW_V01_P3_2_NEW_TEST_009270_KR7009270000_2022-06-30_0001,009270,KR7009270000,2022-07-01,38,,False,24893279.476726335,4998432.342403499,True,EXECUTED
PATTERN_B_ET_REALISTIC_PORTFOLIO_P3_2,PATTERN_B_PROGRESSED_PREVIOUS_STAGE_EARLY_TRANSITION_ONLY_5WINDOW_V01_P3_2_NEW_TEST_060560_KR7060560000_2022-06-30_0001,PATTERN_B_PROGRESSED_PREVIOUS_STAGE_EARLY_TRANSITION_ONLY_5WINDOW_V01_P3_2_NEW_TEST_060560_KR7060560000_2022-06-30_0001,060560,KR7060560000,2022-07-01,39,,False,19894847.134322837,4995228.661923499,True,EXECUTED
PATTERN_B_ET_REALISTIC_PORTFOLIO_P3_2,PATTERN_B_PROGRESSED_PREVIOUS_STAGE_EARLY_TRANSITION_ONLY_5WINDOW_V01_P3_2_NEW_TEST_104200_KR7104200001_2022-06-30_0001,PATTERN_B_PROGRESSED_PREVIOUS_STAGE_EARLY_TRANSITION_ONLY_5WINDOW_V01_P3_2_NEW_TEST_104200_KR7104200001_2022-06-30_0001,104200,KR7104200001,2022-07-01,40,,False,14899618.47239934,4999663.757087999,True,EXECUTED
PATTERN_B_ET_REALISTIC_PORTFOLIO_P3_2,PATTERN_B_PROGRESSED_PREVIOUS_STAGE_EARLY_TRANSITION_ONLY_5WINDOW_V01_P3_2_NEW_TEST_086960_KR7086960002_2022-06-30_0001,PATTERN_B_PROGRESSED_PREVIOUS_STAGE_EARLY_TRANSITION_ONLY_5WINDOW_V01_P3_2_NEW_TEST_086960_KR7086960002_2022-06-30_0001,086960,KR7086960002,2022-07-01,41,,False,9899954.715311341,4998802.767959,True,EXECUTED
PATTERN_B_ET_REALISTIC_PORTFOLIO_P3_2,PATTERN_B_PROGRESSED_PREVIOUS_STAGE_EARLY_TRANSITION_ONLY_5WINDOW_V01_P3_2_NEW_TEST_013990_KR7013990007_2022-06-30_0001,PATTERN_B_PROGRESSED_PREVIOUS_STAGE_EARLY_TRANSITION_ONLY_5WINDOW_V01_P3_2_NEW_TEST_013990_KR7013990007_2022-06-30_0001,013990,KR7013990007,2022-07-01,42,,False,4901151.947352341,4999678.77434025,False,CASH_INSUFFICIENT
PATTERN_B_ET_REALISTIC_PORTFOLIO_P3_2,PATTERN_B_PROGRESSED_PREVIOUS_STAGE_EARLY_TRANSITION_ONLY_5WINDOW_V01_P3_2_NEW_TEST_068050_KR7068050004_2022-06-30_0001,PATTERN_B_PROGRESSED_PREVIOUS_STAGE_EARLY_TRANSITION_ONLY_5WINDOW_V01_P3_2_NEW_TEST_068050_KR7068050004_2022-06-30_0001,068050,KR7068050004,2022-07-01,42,,False,4901151.947352341,4998912.8944755,False,CASH_INSUFFICIENT
PATTERN_B_ET_REALISTIC_PORTFOLIO_P3_2,PATTERN_B_PROGRESSED_PREVIOUS_STAGE_EARLY_TRANSITION_ONLY_5WINDOW_V01_P3_2_NEW_TEST_006660_KR7006660005_2022-06-30_0001,PATTERN_B_PROGRESSED_PREVIOUS_STAGE_EARLY_TRANSITION_ONLY_5WINDOW_V01_P3_2_NEW_TEST_006660_KR7006660005_2022-06-30_0001,006660,KR7006660005,2022-07-01,42,,False,4901151.947352341,4989932.57763,False,CASH_INSUFFICIENT
PATTERN_B_ET_REALISTIC_PORTFOLIO_P3_2,PATTERN_B_PROGRESSED_PREVIOUS_STAGE_EARLY_TRANSITION_ONLY_5WINDOW_V01_P3_2_NEW_TEST_037230_KR7037230000_2022-06-30_0001,PATTERN_B_PROGRESSED_PREVIOUS_STAGE_EARLY_TRANSITION_ONLY_5WINDOW_V01_P3_2_NEW_TEST_037230_KR7037230000_2022-06-30_0001,037230,KR7037230000,2022-07-01,42,,False,4901151.947352341,4998177.04911525,False,CASH_INSUFFICIENT
PATTERN_B_ET_REALISTIC_PORTFOLIO_P3_2,PATTERN_B_PROGRESSED_PREVIOUS_STAGE_EARLY_TRANSITION_ONLY_5WINDOW_V01_P3_2_NEW_TEST_048430_KR7048430003_2022-06-30_0001,PATTERN_B_PROGRESSED_PREVIOUS_STAGE_EARLY_TRANSITION_ONLY_5WINDOW_V01_P3_2_NEW_TEST_048430_KR7048430003_2022-06-30_0001,048430,KR7048430003,2022-07-01,42,,False,4901151.947352341,4999403.458048999,False,CASH_INSUFFICIENT
PATTERN_B_ET_REALISTIC_PORTFOLIO_P3_2,PATTERN_B_PROGRESSED_PREVIOUS_STAGE_EARLY_TRANSITION_ONLY_5WINDOW_V01_P3_2_NEW_TEST_037330_KR7037330008_2022-06-30_0001,PATTERN_B_PROGRESSED_PREVIOUS_STAGE_EARLY_TRANSITION_ONLY_5WINDOW_V01_P3_2_NEW_TEST_037330_KR7037330008_2022-06-30_0001,037330,KR7037330008,2022-07-01,42,,False,4901151.947352341,4999543.61907,False,CASH_INSUFFICIENT
PATTERN_B_ET_REALISTIC_PORTFOLIO_P3_2,PATTERN_B_PROGRESSED_PREVIOUS_STAGE_EARLY_TRANSITION_ONLY_5WINDOW_V01_P3_2_NEW_TEST_023960_KR7023960008_2022-06-30_0002,PATTERN_B_PROGRESSED_PREVIOUS_STAGE_EARLY_TRANSITION_ONLY_5WINDOW_V01_P3_2_NEW_TEST_023960_KR7023960008_2022-06-30_0002,023960,KR7023960008,2022-07-01,42,,False,4901151.947352341,4998817.785211249,False,CASH_INSUFFICIENT
PATTERN_B_ET_REALISTIC_PORTFOLIO_P3_2,PATTERN_B_PROGRESSED_PREVIOUS_STAGE_EARLY_TRANSITION_ONLY_5WINDOW_V01_P3_2_NEW_TEST_023460_KR7023460009_2022-06-30_0001,PATTERN_B_PROGRESSED_PREVIOUS_STAGE_EARLY_TRANSITION_ONLY_5WINDOW_V01_P3_2_NEW_TEST_023460_KR7023460009_2022-06-30_0001,023460,KR7023460009,2022-07-01,42,,False,4901151.947352341,4998862.836967999,False,CASH_INSUFFICIENT
PATTERN_B_ET_REALISTIC_PORTFOLIO_P3_2,PATTERN_B_PROGRESSED_PREVIOUS_STAGE_EARLY_TRANSITION_ONLY_5WINDOW_V01_P3_2_NEW_TEST_109080_KR7109080002_2022-06-30_0001,PATTERN_B_PROGRESSED_PREVIOUS_STAGE_EARLY_TRANSITION_ONLY_5WINDOW_V01_P3_2_NEW_TEST_109080_KR7109080002_2022-06-30_0001,109080,KR7109080002,2022-07-01,42,,False,4901151.947352341,4999743.849099999,False,CASH_INSUFFICIENT
PATTERN_B_ET_REALISTIC_PORTFOLIO_P3_2,PATTERN_B_PROGRESSED_PREVIOUS_STAGE_EARLY_TRANSITION_ONLY_5WINDOW_V01_P3_2_NEW_TEST_052460_KR7052460003_2022-06-30_0001,PATTERN_B_PROGRESSED_PREVIOUS_STAGE_EARLY_TRANSITION_ONLY_5WINDOW_V01_P3_2_NEW_TEST_052460_KR7052460003_2022-06-30_0001,052460,KR7052460003,2022-07-01,42,,False,4901151.947352341,4996740.398649999,False,CASH_INSUFFICIENT
PATTERN_B_ET_REALISTIC_PORTFOLIO_P3_2,PATTERN_B_PROGRESSED_PREVIOUS_STAGE_EARLY_TRANSITION_ONLY_5WINDOW_V01_P3_2_NEW_TEST_196700_KR7196700009_2022-06-30_0001,PATTERN_B_PROGRESSED_PREVIOUS_STAGE_EARLY_TRANSITION_ONLY_5WINDOW_V01_P3_2_NEW_TEST_196700_KR7196700009_2022-06-30_0001,196700,KR7196700009,2022-07-01,42,,False,4901151.947352341,4998492.411412499,False,CASH_INSUFFICIENT
PATTERN_B_ET_REALISTIC_PORTFOLIO_P3_2,PATTERN_B_PROGRESSED_PREVIOUS_STAGE_EARLY_TRANSITION_ONLY_5WINDOW_V01_P3_2_NEW_TEST_035200_KR7035200005_2022-06-30_0001,PATTERN_B_PROGRESSED_PREVIOUS_STAGE_EARLY_TRANSITION_ONLY_5WINDOW_V01_P3_2_NEW_TEST_035200_KR7035200005_2022-06-30_0001,035200,KR7035200005,2022-07-01,42,,False,4901151.947352341,4996990.686187499,False,CASH_INSUFFICIENT
PATTERN_B_ET_REALISTIC_PORTFOLIO_P3_2,PATTERN_B_PROGRESSED_PREVIOUS_STAGE_EARLY_TRANSITION_ONLY_5WINDOW_V01_P3_2_NEW_TEST_025890_KR7025890005_2022-06-30_0001,PATTERN_B_PROGRESSED_PREVIOUS_STAGE_EARLY_TRANSITION_ONLY_5WINDOW_V01_P3_2_NEW_TEST_025890_KR7025890005_2022-06-30_0001,025890,KR7025890005,2022-07-01,42,,False,4901151.947352341,4999578.6593252495,False,CASH_INSUFFICIENT
PATTERN_B_ET_REALISTIC_PORTFOLIO_P3_2,PATTERN_B_PROGRESSED_PREVIOUS_STAGE_EARLY_TRANSITION_ONLY_5WINDOW_V01_P3_2_NEW_TEST_053800_KR7053800009_2022-08-31_0001,PATTERN_B_PROGRESSED_PREVIOUS_STAGE_EARLY_TRANSITION_ONLY_5WINDOW_V01_P3_2_NEW_TEST_053800_KR7053800009_2022-08-31_0001,053800,KR7053800009,2022-09-01,32,,False,4901151.947352341,4955793.357515,False,CASH_INSUFFICIENT
PATTERN_B_ET_REALISTIC_PORTFOLIO_P3_2,PATTERN_B_PROGRESSED_PREVIOUS_STAGE_EARLY_TRANSITION_ONLY_5WINDOW_V01_P3_2_NEW_TEST_078890_KR7078890001_2022-08-31_0001,PATTERN_B_PROGRESSED_PREVIOUS_STAGE_EARLY_TRANSITION_ONLY_5WINDOW_V01_P3_2_NEW_TEST_078890_KR7078890001_2022-08-31_0001,078890,KR7078890001,2022-09-01,32,,False,4901151.947352341,4993885.1184222,False,CASH_INSUFFICIENT
PATTERN_B_ET_REALISTIC_PORTFOLIO_P3_2,PATTERN_B_PROGRESSED_PREVIOUS_STAGE_EARLY_TRANSITION_ONLY_5WINDOW_V01_P3_2_NEW_TEST_011090_KR7011090008_2022-08-31_0001,PATTERN_B_PROGRESSED_PREVIOUS_STAGE_EARLY_TRANSITION_ONLY_5WINDOW_V01_P3_2_NEW_TEST_011090_KR7011090008_2022-08-31_0001,011090,KR7011090008,2022-09-01,32,,False,4901151.947352341,4997366.11749375,False,CASH_INSUFFICIENT
PATTERN_B_ET_REALISTIC_PORTFOLIO_P3_2,PATTERN_B_PROGRESSED_PREVIOUS_STAGE_EARLY_TRANSITION_ONLY_5WINDOW_V01_P3_2_NEW_TEST_020150_KR7020150009_2022-09-30_0001,PATTERN_B_PROGRESSED_PREVIOUS_STAGE_EARLY_TRANSITION_ONLY_5WINDOW_V01_P3_2_NEW_TEST_020150_KR7020150009_2022-09-30_0001,020150,KR7020150009,2022-10-04,32,,False,65107124.785974644,4959297.38304,True,EXECUTED
PATTERN_B_ET_REALISTIC_PORTFOLIO_P3_2,PATTERN_B_PROGRESSED_PREVIOUS_STAGE_EARLY_TRANSITION_ONLY_5WINDOW_V01_P3_2_NEW_TEST_006360_KR7006360002_2022-09-30_0001,PATTERN_B_PROGRESSED_PREVIOUS_STAGE_EARLY_TRANSITION_ONLY_5WINDOW_V01_P3_2_NEW_TEST_006360_KR7006360002_2022-09-30_0001,006360,KR7006360002,2022-10-04,33,,False,60147827.40293464,4997941.778829999,True,EXECUTED
PATTERN_B_ET_REALISTIC_PORTFOLIO_P3_2,PATTERN_B_PROGRESSED_PREVIOUS_STAGE_EARLY_TRANSITION_ONLY_5WINDOW_V01_P3_2_NEW_TEST_064550_KR7064550007_2022-09-30_0002,PATTERN_B_PROGRESSED_PREVIOUS_STAGE_EARLY_TRANSITION_ONLY_5WINDOW_V01_P3_2_NEW_TEST_064550_KR7064550007_2022-09-30_0002,064550,KR7064550007,2022-10-04,34,,False,55149885.62410464,4999693.791592499,True,EXECUTED
PATTERN_B_ET_REALISTIC_PORTFOLIO_P3_2,PATTERN_B_PROGRESSED_PREVIOUS_STAGE_EARLY_TRANSITION_ONLY_5WINDOW_V01_P3_2_NEW_TEST_068240_KR7068240001_2022-09-30_0001,PATTERN_B_PROGRESSED_PREVIOUS_STAGE_EARLY_TRANSITION_ONLY_5WINDOW_V01_P3_2_NEW_TEST_068240_KR7068240001_2022-09-30_0001,068240,KR7068240001,2022-10-04,35,,False,50150191.83251214,4999049.050895899,True,EXECUTED
PATTERN_B_ET_REALISTIC_PORTFOLIO_P3_2,PATTERN_B_PROGRESSED_PREVIOUS_STAGE_EARLY_TRANSITION_ONLY_5WINDOW_V01_P3_2_NEW_TEST_003530_KR7003530003_2022-09-30_0001,PATTERN_B_PROGRESSED_PREVIOUS_STAGE_EARLY_TRANSITION_ONLY_5WINDOW_V01_P3_2_NEW_TEST_003530_KR7003530003_2022-09-30_0001,003530,KR7003530003,2022-10-04,36,,False,45151142.78161624,4997981.824835999,True,EXECUTED
PATTERN_B_ET_REALISTIC_PORTFOLIO_P3_2,PATTERN_B_PROGRESSED_PREVIOUS_STAGE_EARLY_TRANSITION_ONLY_5WINDOW_V01_P3_2_NEW_TEST_101730_KR7101730000_2022-09-30_0001,PATTERN_B_PROGRESSED_PREVIOUS_STAGE_EARLY_TRANSITION_ONLY_5WINDOW_V01_P3_2_NEW_TEST_101730_KR7101730000_2022-09-30_0001,101730,KR7101730000,2022-10-04,37,,False,40153160.95678024,4993736.9481999995,True,EXECUTED
PATTERN_B_ET_REALISTIC_PORTFOLIO_P3_2,PATTERN_B_PROGRESSED_PREVIOUS_STAGE_EARLY_TRANSITION_ONLY_5WINDOW_V01_P3_2_NEW_TEST_064260_KR7064260003_2022-09-30_0001,PATTERN_B_PROGRESSED_PREVIOUS_STAGE_EARLY_TRANSITION_ONLY_5WINDOW_V01_P3_2_NEW_TEST_064260_KR7064260003_2022-09-30_0001,064260,KR7064260003,2022-10-04,38,,False,35159424.00858024,4995238.673424999,True,EXECUTED
PATTERN_B_ET_REALISTIC_PORTFOLIO_P3_2,PATTERN_B_PROGRESSED_PREVIOUS_STAGE_EARLY_TRANSITION_ONLY_5WINDOW_V01_P3_2_NEW_TEST_317330_KR7317330009_2022-09-30_0001,PATTERN_B_PROGRESSED_PREVIOUS_STAGE_EARLY_TRANSITION_ONLY_5WINDOW_V01_P3_2_NEW_TEST_317330_KR7317330009_2022-09-30_0001,317330,KR7317330009,2022-10-04,39,,False,30164185.335155237,4998492.411412499,True,EXECUTED
PATTERN_B_ET_REALISTIC_PORTFOLIO_P3_2,PATTERN_B_PROGRESSED_PREVIOUS_STAGE_EARLY_TRANSITION_ONLY_5WINDOW_V01_P3_2_NEW_TEST_036200_KR7036200004_2022-09-30_0001,PATTERN_B_PROGRESSED_PREVIOUS_STAGE_EARLY_TRANSITION_ONLY_5WINDOW_V01_P3_2_NEW_TEST_036200_KR7036200004_2022-09-30_0001,036200,KR7036200004,2022-10-04,40,,False,25165692.923742738,4996840.513665,True,EXECUTED
PATTERN_B_ET_REALISTIC_PORTFOLIO_P3_2,PATTERN_B_PROGRESSED_PREVIOUS_STAGE_EARLY_TRANSITION_ONLY_5WINDOW_V01_P3_2_NEW_TEST_004980_KR7004980009_2022-09-30_0001,PATTERN_B_PROGRESSED_PREVIOUS_STAGE_EARLY_TRANSITION_ONLY_5WINDOW_V01_P3_2_NEW_TEST_004980_KR7004980009_2022-09-30_0001,004980,KR7004980009,2022-10-04,41,,False,20168852.410077736,4993776.994205999,True,EXECUTED
PATTERN_B_ET_REALISTIC_PORTFOLIO_P3_2,PATTERN_B_PROGRESSED_PREVIOUS_STAGE_EARLY_TRANSITION_ONLY_5WINDOW_V01_P3_2_NEW_TEST_160550_KR7160550000_2022-09-30_0002,PATTERN_B_PROGRESSED_PREVIOUS_STAGE_EARLY_TRANSITION_ONLY_5WINDOW_V01_P3_2_NEW_TEST_160550_KR7160550000_2022-09-30_0002,160550,KR7160550000,2022-10-04,42,,False,15175075.415871736,4995338.788439999,True,EXECUTED
PATTERN_B_ET_REALISTIC_PORTFOLIO_P3_2,PATTERN_B_PROGRESSED_PREVIOUS_STAGE_EARLY_TRANSITION_ONLY_5WINDOW_V01_P3_2_NEW_TEST_014160_KR7014160006_2022-09-30_0001,PATTERN_B_PROGRESSED_PREVIOUS_STAGE_EARLY_TRANSITION_ONLY_5WINDOW_V01_P3_2_NEW_TEST_014160_KR7014160006_2022-09-30_0001,014160,KR7014160006,2022-10-04,43,,False,10179736.627431735,4999393.4465475,True,EXECUTED
PATTERN_B_ET_REALISTIC_PORTFOLIO_P3_2,PATTERN_B_PROGRESSED_PREVIOUS_STAGE_EARLY_TRANSITION_ONLY_5WINDOW_V01_P3_2_NEW_TEST_013360_KR7013360003_2022-09-30_0001,PATTERN_B_PROGRESSED_PREVIOUS_STAGE_EARLY_TRANSITION_ONLY_5WINDOW_V01_P3_2_NEW_TEST_013360_KR7013360003_2022-09-30_0001,013360,KR7013360003,2022-10-04,44,,False,5180343.180884236,4998432.342403499,True,EXECUTED
PATTERN_B_ET_REALISTIC_PORTFOLIO_P3_2,PATTERN_B_PROGRESSED_PREVIOUS_STAGE_EARLY_TRANSITION_ONLY_5WINDOW_V01_P3_2_NEW_TEST_002460_KR7002460004_2022-09-30_0001,PATTERN_B_PROGRESSED_PREVIOUS_STAGE_EARLY_TRANSITION_ONLY_5WINDOW_V01_P3_2_NEW_TEST_002460_KR7002460004_2022-09-30_0001,002460,KR7002460004,2022-10-04,45,,False,181910.83848073613,4999493.561562499,False,CASH_INSUFFICIENT
PATTERN_B_ET_REALISTIC_PORTFOLIO_P3_2,PATTERN_B_PROGRESSED_PREVIOUS_STAGE_EARLY_TRANSITION_ONLY_5WINDOW_V01_P3_2_NEW_TEST_014790_KR7014790000_2022-09-30_0001,PATTERN_B_PROGRESSED_PREVIOUS_STAGE_EARLY_TRANSITION_ONLY_5WINDOW_V01_P3_2_NEW_TEST_014790_KR7014790000_2022-09-30_0001,014790,KR7014790000,2022-10-04,45,,False,181910.83848073613,4997291.0312324995,False,CASH_INSUFFICIENT
PATTERN_B_ET_REALISTIC_PORTFOLIO_P3_2,PATTERN_B_PROGRESSED_PREVIOUS_STAGE_EARLY_TRANSITION_ONLY_5WINDOW_V01_P3_2_NEW_TEST_110990_KR7110990009_2022-09-30_0001,PATTERN_B_PROGRESSED_PREVIOUS_STAGE_EARLY_TRANSITION_ONLY_5WINDOW_V01_P3_2_NEW_TEST_110990_KR7110990009_2022-09-30_0001,110990,KR7110990009,2022-10-04,45,,False,181910.83848073613,4997741.548799999,False,CASH_INSUFFICIENT
PATTERN_B_ET_REALISTIC_PORTFOLIO_P3_2,PATTERN_B_PROGRESSED_PREVIOUS_STAGE_EARLY_TRANSITION_ONLY_5WINDOW_V01_P3_2_NEW_TEST_012800_KR7012800009_2022-09-30_0001,PATTERN_B_PROGRESSED_PREVIOUS_STAGE_EARLY_TRANSITION_ONLY_5WINDOW_V01_P3_2_NEW_TEST_012800_KR7012800009_2022-09-30_0001,012800,KR7012800009,2022-10-04,45,,False,181910.83848073613,4998842.813964999,False,CASH_INSUFFICIENT
PATTERN_B_ET_REALISTIC_PORTFOLIO_P3_2,PATTERN_B_PROGRESSED_PREVIOUS_STAGE_EARLY_TRANSITION_ONLY_5WINDOW_V01_P3_2_NEW_TEST_011370_KR7011370004_2022-09-30_0001,PATTERN_B_PROGRESSED_PREVIOUS_STAGE_EARLY_TRANSITION_ONLY_5WINDOW_V01_P3_2_NEW_TEST_011370_KR7011370004_2022-09-30_0001,011370,KR7011370004,2022-10-04,45,,False,181910.83848073613,4998492.411412499,False,CASH_INSUFFICIENT
PATTERN_B_ET_REALISTIC_PORTFOLIO_P3_2,PATTERN_B_PROGRESSED_PREVIOUS_STAGE_EARLY_TRANSITION_ONLY_5WINDOW_V01_P3_2_NEW_TEST_009470_KR7009470006_2022-09-30_0001,PATTERN_B_PROGRESSED_PREVIOUS_STAGE_EARLY_TRANSITION_ONLY_5WINDOW_V01_P3_2_NEW_TEST_009470_KR7009470006_2022-09-30_0001,009470,KR7009470006,2022-10-04,45,,False,181910.83848073613,4987279.529732499,False,CASH_INSUFFICIENT
PATTERN_B_ET_REALISTIC_PORTFOLIO_P3_2,PATTERN_B_PROGRESSED_PREVIOUS_STAGE_EARLY_TRANSITION_ONLY_5WINDOW_V01_P3_2_NEW_TEST_013990_KR7013990007_2022-09-30_0002,PATTERN_B_PROGRESSED_PREVIOUS_STAGE_EARLY_TRANSITION_ONLY_5WINDOW_V01_P3_2_NEW_TEST_013990_KR7013990007_2022-09-30_0002,013990,KR7013990007,2022-10-04,45,,False,181910.83848073613,4998422.330901999,False,CASH_INSUFFICIENT
PATTERN_B_ET_REALISTIC_PORTFOLIO_P3_2,PATTERN_B_PROGRESSED_PREVIOUS_STAGE_EARLY_TRANSITION_ONLY_5WINDOW_V01_P3_2_NEW_TEST_033200_KR7033200007_2022-09-30_0001,PATTERN_B_PROGRESSED_PREVIOUS_STAGE_EARLY_TRANSITION_ONLY_5WINDOW_V01_P3_2_NEW_TEST_033200_KR7033200007_2022-09-30_0001,033200,KR7033200007,2022-10-04,45,,False,181910.83848073613,4999183.205015999,False,CASH_INSUFFICIENT
PATTERN_B_ET_REALISTIC_PORTFOLIO_P3_2,PATTERN_B_PROGRESSED_PREVIOUS_STAGE_EARLY_TRANSITION_ONLY_5WINDOW_V01_P3_2_NEW_TEST_950140_KR8840110108_2022-09-30_0001,PATTERN_B_PROGRESSED_PREVIOUS_STAGE_EARLY_TRANSITION_ONLY_5WINDOW_V01_P3_2_NEW_TEST_950140_KR8840110108_2022-09-30_0001,950140,KR8840110108,2022-10-04,45,,False,181910.83848073613,4995869.398019499,False,CASH_INSUFFICIENT
PATTERN_B_ET_REALISTIC_PORTFOLIO_P3_2,PATTERN_B_PROGRESSED_PREVIOUS_STAGE_EARLY_TRANSITION_ONLY_5WINDOW_V01_P3_2_NEW_TEST_013520_KR7013520002_2022-09-30_0001,PATTERN_B_PROGRESSED_PREVIOUS_STAGE_EARLY_TRANSITION_ONLY_5WINDOW_V01_P3_2_NEW_TEST_013520_KR7013520002_2022-09-30_0001,013520,KR7013520002,2022-10-04,45,,False,181910.83848073613,4999243.274024999,False,CASH_INSUFFICIENT
PATTERN_B_ET_REALISTIC_PORTFOLIO_P3_2,PATTERN_B_PROGRESSED_PREVIOUS_STAGE_EARLY_TRANSITION_ONLY_5WINDOW_V01_P3_2_NEW_TEST_017650_KR7017650003_2022-09-30_0001,PATTERN_B_PROGRESSED_PREVIOUS_STAGE_EARLY_TRANSITION_ONLY_5WINDOW_V01_P3_2_NEW_TEST_017650_KR7017650003_2022-09-30_0001,017650,KR7017650003,2022-10-04,45,,False,181910.83848073613,4995338.788439999,False,CASH_INSUFFICIENT
PATTERN_B_ET_REALISTIC_PORTFOLIO_P3_2,PATTERN_B_PROGRESSED_PREVIOUS_STAGE_EARLY_TRANSITION_ONLY_5WINDOW_V01_P3_2_NEW_TEST_109080_KR7109080002_2022-09-30_0002,PATTERN_B_PROGRESSED_PREVIOUS_STAGE_EARLY_TRANSITION_ONLY_5WINDOW_V01_P3_2_NEW_TEST_109080_KR7109080002_2022-09-30_0002,109080,KR7109080002,2022-10-04,45,,False,181910.83848073613,4991934.8779299995,False,CASH_INSUFFICIENT
PATTERN_B_ET_REALISTIC_PORTFOLIO_P3_2,PATTERN_B_PROGRESSED_PREVIOUS_STAGE_EARLY_TRANSITION_ONLY_5WINDOW_V01_P3_2_NEW_TEST_025880_KR7025880006_2022-09-30_0001,PATTERN_B_PROGRESSED_PREVIOUS_STAGE_EARLY_TRANSITION_ONLY_5WINDOW_V01_P3_2_NEW_TEST_025880_KR7025880006_2022-09-30_0001,025880,KR7025880006,2022-10-04,45,,False,181910.83848073613,4998897.87722325,False,CASH_INSUFFICIENT
PATTERN_B_ET_REALISTIC_PORTFOLIO_P3_2,PATTERN_B_PROGRESSED_PREVIOUS_STAGE_EARLY_TRANSITION_ONLY_5WINDOW_V01_P3_2_NEW_TEST_098120_KR7098120009_2022-09-30_0001,PATTERN_B_PROGRESSED_PREVIOUS_STAGE_EARLY_TRANSITION_ONLY_5WINDOW_V01_P3_2_NEW_TEST_098120_KR7098120009_2022-09-30_0001,098120,KR7098120009,2022-10-04,45,,False,181910.83848073613,4995138.558409999,False,CASH_INSUFFICIENT
PATTERN_B_ET_REALISTIC_PORTFOLIO_P3_2,PATTERN_B_PROGRESSED_PREVIOUS_STAGE_EARLY_TRANSITION_ONLY_5WINDOW_V01_P3_2_NEW_TEST_023790_KR7023790009_2022-09-30_0001,PATTERN_B_PROGRESSED_PREVIOUS_STAGE_EARLY_TRANSITION_ONLY_5WINDOW_V01_P3_2_NEW_TEST_023790_KR7023790009_2022-09-30_0001,023790,KR7023790009,2022-10-04,45,,False,181910.83848073613,4996494.1157131,False,CASH_INSUFFICIENT
PATTERN_B_ET_REALISTIC_PORTFOLIO_P3_2,PATTERN_B_PROGRESSED_PREVIOUS_STAGE_EARLY_TRANSITION_ONLY_5WINDOW_V01_P3_2_NEW_TEST_900070_KYG3931T1076_2022-09-30_0001,PATTERN_B_PROGRESSED_PREVIOUS_STAGE_EARLY_TRANSITION_ONLY_5WINDOW_V01_P3_2_NEW_TEST_900070_KYG3931T1076_2022-09-30_0001,900070,KYG3931T1076,2022-10-04,45,,False,181910.83848073613,4998906.8875746,False,CASH_INSUFFICIENT
PATTERN_B_ET_REALISTIC_PORTFOLIO_P3_2,PATTERN_B_PROGRESSED_PREVIOUS_STAGE_EARLY_TRANSITION_ONLY_5WINDOW_V01_P3_2_NEW_TEST_025890_KR7025890005_2022-09-30_0002,PATTERN_B_PROGRESSED_PREVIOUS_STAGE_EARLY_TRANSITION_ONLY_5WINDOW_V01_P3_2_NEW_TEST_025890_KR7025890005_2022-09-30_0002,025890,KR7025890005,2022-10-04,45,,False,181910.83848073613,4998202.077868999,False,CASH_INSUFFICIENT
PATTERN_B_ET_REALISTIC_PORTFOLIO_P3_2,PATTERN_B_PROGRESSED_PREVIOUS_STAGE_EARLY_TRANSITION_ONLY_5WINDOW_V01_P3_2_NEW_TEST_027710_KR7027710003_2022-10-31_0001,PATTERN_B_PROGRESSED_PREVIOUS_STAGE_EARLY_TRANSITION_ONLY_5WINDOW_V01_P3_2_NEW_TEST_027710_KR7027710003_2022-10-31_0001,027710,KR7027710003,2022-11-01,41,,False,181910.83848073613,4999543.61907,False,CASH_INSUFFICIENT
PATTERN_B_ET_REALISTIC_PORTFOLIO_P3_2,PATTERN_B_PROGRESSED_PREVIOUS_STAGE_EARLY_TRANSITION_ONLY_5WINDOW_V01_P3_2_NEW_TEST_030210_KR7030210009_2022-10-31_0001,PATTERN_B_PROGRESSED_PREVIOUS_STAGE_EARLY_TRANSITION_ONLY_5WINDOW_V01_P3_2_NEW_TEST_030210_KR7030210009_2022-10-31_0001,030210,KR7030210009,2022-11-01,41,,False,181910.83848073613,4997976.81908525,False,CASH_INSUFFICIENT
PATTERN_B_ET_REALISTIC_PORTFOLIO_P3_2,PATTERN_B_PROGRESSED_PREVIOUS_STAGE_EARLY_TRANSITION_ONLY_5WINDOW_V01_P3_2_NEW_TEST_058430_KR7058430000_2022-10-31_0001,PATTERN_B_PROGRESSED_PREVIOUS_STAGE_EARLY_TRANSITION_ONLY_5WINDOW_V01_P3_2_NEW_TEST_058430_KR7058430000_2022-10-31_0001,058430,KR7058430000,2022-11-01,41,,False,181910.83848073613,4999843.9641149985,False,CASH_INSUFFICIENT
PATTERN_B_ET_REALISTIC_PORTFOLIO_P3_2,PATTERN_B_PROGRESSED_PREVIOUS_STAGE_EARLY_TRANSITION_ONLY_5WINDOW_V01_P3_2_NEW_TEST_023810_KR7023810005_2022-10-31_0001,PATTERN_B_PROGRESSED_PREVIOUS_STAGE_EARLY_TRANSITION_ONLY_5WINDOW_V01_P3_2_NEW_TEST_023810_KR7023810005_2022-10-31_0001,023810,KR7023810005,2022-11-01,41,,False,181910.83848073613,4994898.282373999,False,CASH_INSUFFICIENT
PATTERN_B_ET_REALISTIC_PORTFOLIO_P3_2,PATTERN_B_PROGRESSED_PREVIOUS_STAGE_EARLY_TRANSITION_ONLY_5WINDOW_V01_P3_2_NEW_TEST_249420_KR7249420001_2023-01-31_0001,PATTERN_B_PROGRESSED_PREVIOUS_STAGE_EARLY_TRANSITION_ONLY_5WINDOW_V01_P3_2_NEW_TEST_249420_KR7249420001_2023-01-31_0001,249420,KR7249420001,2023-02-01,31,,False,64783297.84412204,4978519.465919999,True,EXECUTED
PATTERN_B_ET_REALISTIC_PORTFOLIO_P3_2,PATTERN_B_PROGRESSED_PREVIOUS_STAGE_EARLY_TRANSITION_ONLY_5WINDOW_V01_P3_2_NEW_TEST_064550_KR7064550007_2023-01-31_0003,PATTERN_B_PROGRESSED_PREVIOUS_STAGE_EARLY_TRANSITION_ONLY_5WINDOW_V01_P3_2_NEW_TEST_064550_KR7064550007_2023-01-31_0003,064550,KR7064550007,2023-02-01,32,,False,59804778.378202036,4997140.858709999,True,EXECUTED
PATTERN_B_ET_REALISTIC_PORTFOLIO_P3_2,PATTERN_B_PROGRESSED_PREVIOUS_STAGE_EARLY_TRANSITION_ONLY_5WINDOW_V01_P3_2_NEW_TEST_031330_KR7031330004_2023-01-31_0001,PATTERN_B_PROGRESSED_PREVIOUS_STAGE_EARLY_TRANSITION_ONLY_5WINDOW_V01_P3_2_NEW_TEST_031330_KR7031330004_2023-01-31_0001,031330,KR7031330004,2023-02-01,33,,False,54807637.51949204,4998582.514926,True,EXECUTED
PATTERN_B_ET_REALISTIC_PORTFOLIO_P3_2,PATTERN_B_PROGRESSED_PREVIOUS_STAGE_EARLY_TRANSITION_ONLY_5WINDOW_V01_P3_2_NEW_TEST_006880_KR7006880009_2023-01-31_0001,PATTERN_B_PROGRESSED_PREVIOUS_STAGE_EARLY_TRANSITION_ONLY_5WINDOW_V01_P3_2_NEW_TEST_006880_KR7006880009_2023-01-31_0001,006880,KR7006880009,2023-02-01,34,,False,49809055.004566036,4999323.366036999,True,EXECUTED
PATTERN_B_ET_REALISTIC_PORTFOLIO_P3_2,PATTERN_B_PROGRESSED_PREVIOUS_STAGE_EARLY_TRANSITION_ONLY_5WINDOW_V01_P3_2_NEW_TEST_227610_KR7227610003_2023-01-31_0001,PATTERN_B_PROGRESSED_PREVIOUS_STAGE_EARLY_TRANSITION_ONLY_5WINDOW_V01_P3_2_NEW_TEST_227610_KR7227610003_2023-01-31_0001,227610,KR7227610003,2023-02-01,35,,False,44809731.63852904,4997969.811034199,True,EXECUTED
PATTERN_B_ET_REALISTIC_PORTFOLIO_P3_2,PATTERN_B_PROGRESSED_PREVIOUS_STAGE_EARLY_TRANSITION_ONLY_5WINDOW_V01_P3_2_NEW_TEST_005870_KR7005870001_2023-02-28_0001,PATTERN_B_PROGRESSED_PREVIOUS_STAGE_EARLY_TRANSITION_ONLY_5WINDOW_V01_P3_2_NEW_TEST_005870_KR7005870001_2023-02-28_0001,005870,KR7005870001,2023-03-02,32,,False,58356182.436901845,4997741.548799999,True,EXECUTED
PATTERN_B_ET_REALISTIC_PORTFOLIO_P3_2,PATTERN_B_PROGRESSED_PREVIOUS_STAGE_EARLY_TRANSITION_ONLY_5WINDOW_V01_P3_2_NEW_TEST_090080_KR7090080003_2023-02-28_0001,PATTERN_B_PROGRESSED_PREVIOUS_STAGE_EARLY_TRANSITION_ONLY_5WINDOW_V01_P3_2_NEW_TEST_090080_KR7090080003_2023-02-28_0001,090080,KR7090080003,2023-03-02,33,,False,53358440.888101846,4999203.228018999,True,EXECUTED
PATTERN_B_ET_REALISTIC_PORTFOLIO_P3_2,PATTERN_B_PROGRESSED_PREVIOUS_STAGE_EARLY_TRANSITION_ONLY_5WINDOW_V01_P3_2_NEW_TEST_010660_KR7010660009_2023-02-28_0001,PATTERN_B_PROGRESSED_PREVIOUS_STAGE_EARLY_TRANSITION_ONLY_5WINDOW_V01_P3_2_NEW_TEST_010660_KR7010660009_2023-02-28_0001,010660,KR7010660009,2023-03-02,34,,False,48359237.66008285,4998942.928979999,True,EXECUTED
PATTERN_B_ET_REALISTIC_PORTFOLIO_P3_2,PATTERN_B_PROGRESSED_PREVIOUS_STAGE_EARLY_TRANSITION_ONLY_5WINDOW_V01_P3_2_NEW_TEST_035460_KR7035460005_2023-02-28_0001,PATTERN_B_PROGRESSED_PREVIOUS_STAGE_EARLY_TRANSITION_ONLY_5WINDOW_V01_P3_2_NEW_TEST_035460_KR7035460005_2023-02-28_0001,035460,KR7035460005,2023-03-02,35,,False,43360294.73110285,4999693.791592499,True,EXECUTED
PATTERN_B_ET_REALISTIC_PORTFOLIO_P3_2,PATTERN_B_PROGRESSED_PREVIOUS_STAGE_EARLY_TRANSITION_ONLY_5WINDOW_V01_P3_2_NEW_TEST_030960_KR7030960009_2023-03-31_0001,PATTERN_B_PROGRESSED_PREVIOUS_STAGE_EARLY_TRANSITION_ONLY_5WINDOW_V01_P3_2_NEW_TEST_030960_KR7030960009_2023-03-31_0001,030960,KR7030960009,2023-04-03,36,,False,65637934.84047084,4999493.561562499,True,EXECUTED
PATTERN_B_ET_REALISTIC_PORTFOLIO_P3_2,PATTERN_B_PROGRESSED_PREVIOUS_STAGE_EARLY_TRANSITION_ONLY_5WINDOW_V01_P3_2_NEW_TEST_005860_KR7005860002_2023-03-31_0001,PATTERN_B_PROGRESSED_PREVIOUS_STAGE_EARLY_TRANSITION_ONLY_5WINDOW_V01_P3_2_NEW_TEST_005860_KR7005860002_2023-03-31_0001,005860,KR7005860002,2023-04-03,37,,False,60638441.27890834,4998041.893844998,True,EXECUTED
PATTERN_B_ET_REALISTIC_PORTFOLIO_P3_2,PATTERN_B_PROGRESSED_PREVIOUS_STAGE_EARLY_TRANSITION_ONLY_5WINDOW_V01_P3_2_NEW_TEST_006880_KR7006880009_2023-03-31_0002,PATTERN_B_PROGRESSED_PREVIOUS_STAGE_EARLY_TRANSITION_ONLY_5WINDOW_V01_P3_2_NEW_TEST_006880_KR7006880009_2023-03-31_0002,006880,KR7006880009,2023-04-03,38,,False,55640399.38506334,4996740.398649999,True,EXECUTED
PATTERN_B_ET_REALISTIC_PORTFOLIO_P3_2,PATTERN_B_PROGRESSED_PREVIOUS_STAGE_EARLY_TRANSITION_ONLY_5WINDOW_V01_P3_2_NEW_TEST_032680_KR7032680001_2023-03-31_0001,PATTERN_B_PROGRESSED_PREVIOUS_STAGE_EARLY_TRANSITION_ONLY_5WINDOW_V01_P3_2_NEW_TEST_032680_KR7032680001_2023-03-31_0001,032680,KR7032680001,2023-04-03,39,,False,50643658.986413345,4996389.9960974995,True,EXECUTED
PATTERN_B_ET_REALISTIC_PORTFOLIO_P3_2,PATTERN_B_PROGRESSED_PREVIOUS_STAGE_EARLY_TRANSITION_ONLY_5WINDOW_V01_P3_2_NEW_TEST_025770_KR7025770009_2023-06-30_0001,PATTERN_B_PROGRESSED_PREVIOUS_STAGE_EARLY_TRANSITION_ONLY_5WINDOW_V01_P3_2_NEW_TEST_025770_KR7025770009_2023-06-30_0001,025770,KR7025770009,2023-07-03,31,,False,83506951.05542108,4996920.605676998,True,EXECUTED
PATTERN_B_ET_REALISTIC_PORTFOLIO_P3_2,PATTERN_B_PROGRESSED_PREVIOUS_STAGE_EARLY_TRANSITION_ONLY_5WINDOW_V01_P3_2_NEW_TEST_065370_KR7065370009_2023-06-30_0001,PATTERN_B_PROGRESSED_PREVIOUS_STAGE_EARLY_TRANSITION_ONLY_5WINDOW_V01_P3_2_NEW_TEST_065370_KR7065370009_2023-06-30_0001,065370,KR7065370009,2023-07-03,32,,False,78510030.44974409,4995689.1909925,True,EXECUTED
PATTERN_B_ET_REALISTIC_PORTFOLIO_P3_2,PATTERN_B_PROGRESSED_PREVIOUS_STAGE_EARLY_TRANSITION_ONLY_5WINDOW_V01_P3_2_NEW_TEST_053050_KR7053050001_2023-07-31_0001,PATTERN_B_PROGRESSED_PREVIOUS_STAGE_EARLY_TRANSITION_ONLY_5WINDOW_V01_P3_2_NEW_TEST_053050_KR7053050001_2023-07-31_0001,053050,KR7053050001,2023-08-01,30,,False,91367923.39116558,4997801.6178089995,True,EXECUTED
PATTERN_B_ET_REALISTIC_PORTFOLIO_P3_2,PATTERN_B_PROGRESSED_PREVIOUS_STAGE_EARLY_TRANSITION_ONLY_5WINDOW_V01_P3_2_NEW_TEST_010660_KR7010660009_2023-07-31_0002,PATTERN_B_PROGRESSED_PREVIOUS_STAGE_EARLY_TRANSITION_ONLY_5WINDOW_V01_P3_2_NEW_TEST_010660_KR7010660009_2023-07-31_0002,010660,KR7010660009,2023-08-01,31,,False,86370121.77335659,4998942.928979999,True,EXECUTED
PATTERN_B_ET_REALISTIC_PORTFOLIO_P3_2,PATTERN_B_PROGRESSED_PREVIOUS_STAGE_EARLY_TRANSITION_ONLY_5WINDOW_V01_P3_2_NEW_TEST_290670_KR7290670009_2023-08-31_0001,PATTERN_B_PROGRESSED_PREVIOUS_STAGE_EARLY_TRANSITION_ONLY_5WINDOW_V01_P3_2_NEW_TEST_290670_KR7290670009_2023-08-31_0001,290670,KR7290670009,2023-09-01,30,,False,100096667.67830959,4981823.261415,True,EXECUTED
PATTERN_B_ET_REALISTIC_PORTFOLIO_P3_2,PATTERN_B_PROGRESSED_PREVIOUS_STAGE_EARLY_TRANSITION_ONLY_5WINDOW_V01_P3_2_NEW_TEST_131400_KR7131400004_2023-08-31_0001,PATTERN_B_PROGRESSED_PREVIOUS_STAGE_EARLY_TRANSITION_ONLY_5WINDOW_V01_P3_2_NEW_TEST_131400_KR7131400004_2023-08-31_0001,131400,KR7131400004,2023-09-01,31,,False,95114844.41689458,4999383.435045999,True,EXECUTED
PATTERN_B_ET_REALISTIC_PORTFOLIO_P3_2,PATTERN_B_PROGRESSED_PREVIOUS_STAGE_EARLY_TRANSITION_ONLY_5WINDOW_V01_P3_2_NEW_TEST_006220_KR7006220008_2023-08-31_0001,PATTERN_B_PROGRESSED_PREVIOUS_STAGE_EARLY_TRANSITION_ONLY_5WINDOW_V01_P3_2_NEW_TEST_006220_KR7006220008_2023-08-31_0001,006220,KR7006220008,2023-09-01,32,,False,90115460.98184858,4992485.5105125,True,EXECUTED
PATTERN_B_ET_REALISTIC_PORTFOLIO_P3_2,PATTERN_B_PROGRESSED_PREVIOUS_STAGE_EARLY_TRANSITION_ONLY_5WINDOW_V01_P3_2_NEW_TEST_227610_KR7227610003_2023-08-31_0002,PATTERN_B_PROGRESSED_PREVIOUS_STAGE_EARLY_TRANSITION_ONLY_5WINDOW_V01_P3_2_NEW_TEST_227610_KR7227610003_2023-08-31_0002,227610,KR7227610003,2023-09-01,33,,False,85122975.47133608,4997971.8133344995,True,EXECUTED
PATTERN_B_ET_REALISTIC_PORTFOLIO_P3_2,PATTERN_B_PROGRESSED_PREVIOUS_STAGE_EARLY_TRANSITION_ONLY_5WINDOW_V01_P3_2_NEW_TEST_042670_KR7042670000_2023-10-31_0001,PATTERN_B_PROGRESSED_PREVIOUS_STAGE_EARLY_TRANSITION_ONLY_5WINDOW_V01_P3_2_NEW_TEST_042670_KR7042670000_2023-10-31_0001,042670,KR7042670000,2023-11-01,31,,False,89940269.10846059,4999403.458048999,True,EXECUTED
PATTERN_B_ET_REALISTIC_PORTFOLIO_P3_2,PATTERN_B_PROGRESSED_PREVIOUS_STAGE_EARLY_TRANSITION_ONLY_5WINDOW_V01_P3_2_NEW_TEST_052020_KR7052020005_2023-10-31_0001,PATTERN_B_PROGRESSED_PREVIOUS_STAGE_EARLY_TRANSITION_ONLY_5WINDOW_V01_P3_2_NEW_TEST_052020_KR7052020005_2023-10-31_0001,052020,KR7052020005,2023-11-01,32,,False,84940865.65041159,4995899.432523999,True,EXECUTED
PATTERN_B_ET_REALISTIC_PORTFOLIO_P3_2,PATTERN_B_PROGRESSED_PREVIOUS_STAGE_EARLY_TRANSITION_ONLY_5WINDOW_V01_P3_2_NEW_TEST_003120_KR7003120003_2023-10-31_0001,PATTERN_B_PROGRESSED_PREVIOUS_STAGE_EARLY_TRANSITION_ONLY_5WINDOW_V01_P3_2_NEW_TEST_003120_KR7003120003_2023-10-31_0001,003120,KR7003120003,2023-11-01,33,,False,79944966.2178876,4987299.552735499,True,EXECUTED
PATTERN_B_ET_REALISTIC_PORTFOLIO_P3_2,PATTERN_B_PROGRESSED_PREVIOUS_STAGE_EARLY_TRANSITION_ONLY_5WINDOW_V01_P3_2_NEW_TEST_005160_KR7005160007_2023-10-31_0001,PATTERN_B_PROGRESSED_PREVIOUS_STAGE_EARLY_TRANSITION_ONLY_5WINDOW_V01_P3_2_NEW_TEST_005160_KR7005160007_2023-10-31_0001,005160,KR7005160007,2023-11-01,34,,False,74957666.6651521,4997616.405031249,True,EXECUTED
PATTERN_B_ET_REALISTIC_PORTFOLIO_P3_2,PATTERN_B_PROGRESSED_PREVIOUS_STAGE_EARLY_TRANSITION_ONLY_5WINDOW_V01_P3_2_NEW_TEST_049950_KR7049950009_2023-10-31_0001,PATTERN_B_PROGRESSED_PREVIOUS_STAGE_EARLY_TRANSITION_ONLY_5WINDOW_V01_P3_2_NEW_TEST_049950_KR7049950009_2023-10-31_0001,049950,KR7049950009,2023-11-01,35,,False,69960050.26012085,4995739.248499999,True,EXECUTED
PATTERN_B_ET_REALISTIC_PORTFOLIO_P3_2,PATTERN_B_PROGRESSED_PREVIOUS_STAGE_EARLY_TRANSITION_ONLY_5WINDOW_V01_P3_2_NEW_TEST_179290_KR7179290002_2023-10-31_0001,PATTERN_B_PROGRESSED_PREVIOUS_STAGE_EARLY_TRANSITION_ONLY_5WINDOW_V01_P3_2_NEW_TEST_179290_KR7179290002_2023-10-31_0001,179290,KR7179290002,2023-11-01,36,,False,64964311.01162086,4994367.6727944985,True,EXECUTED
PATTERN_B_ET_REALISTIC_PORTFOLIO_P3_2,PATTERN_B_PROGRESSED_PREVIOUS_STAGE_EARLY_TRANSITION_ONLY_5WINDOW_V01_P3_2_NEW_TEST_190510_KR7190510008_2023-10-31_0001,PATTERN_B_PROGRESSED_PREVIOUS_STAGE_EARLY_TRANSITION_ONLY_5WINDOW_V01_P3_2_NEW_TEST_190510_KR7190510008_2023-10-31_0001,190510,KR7190510008,2023-11-01,37,,False,59969943.33882636,4992135.10796,True,EXECUTED
PATTERN_B_ET_REALISTIC_PORTFOLIO_P3_2,PATTERN_B_PROGRESSED_PREVIOUS_STAGE_EARLY_TRANSITION_ONLY_5WINDOW_V01_P3_2_NEW_TEST_900250_KYG2115T1076_2023-10-31_0001,PATTERN_B_PROGRESSED_PREVIOUS_STAGE_EARLY_TRANSITION_ONLY_5WINDOW_V01_P3_2_NEW_TEST_900250_KYG2115T1076_2023-10-31_0001,900250,KYG2115T1076,2023-11-01,38,,False,54977808.23086636,4994149.422061799,True,EXECUTED
PATTERN_B_ET_REALISTIC_PORTFOLIO_P3_2,PATTERN_B_PROGRESSED_PREVIOUS_STAGE_EARLY_TRANSITION_ONLY_5WINDOW_V01_P3_2_NEW_TEST_317830_KR7317830008_2023-10-31_0001,PATTERN_B_PROGRESSED_PREVIOUS_STAGE_EARLY_TRANSITION_ONLY_5WINDOW_V01_P3_2_NEW_TEST_317830_KR7317830008_2023-10-31_0001,317830,KR7317830008,2023-11-01,39,,False,49983658.80880456,4999543.61907,True,EXECUTED
PATTERN_B_ET_REALISTIC_PORTFOLIO_P3_2,PATTERN_B_PROGRESSED_PREVIOUS_STAGE_EARLY_TRANSITION_ONLY_5WINDOW_V01_P3_2_NEW_TEST_322180_KR7322180001_2023-10-31_0001,PATTERN_B_PROGRESSED_PREVIOUS_STAGE_EARLY_TRANSITION_ONLY_5WINDOW_V01_P3_2_NEW_TEST_322180_KR7322180001_2023-10-31_0001,322180,KR7322180001,2023-11-01,40,,False,44984115.189734556,4995498.972464,True,EXECUTED
PATTERN_B_ET_REALISTIC_PORTFOLIO_P3_2,PATTERN_B_PROGRESSED_PREVIOUS_STAGE_EARLY_TRANSITION_ONLY_5WINDOW_V01_P3_2_NEW_TEST_018500_KR7018500009_2023-10-31_0001,PATTERN_B_PROGRESSED_PREVIOUS_STAGE_EARLY_TRANSITION_ONLY_5WINDOW_V01_P3_2_NEW_TEST_018500_KR7018500009_2023-10-31_0001,018500,KR7018500009,2023-11-01,41,,False,39988616.21727055,4998592.5264275,True,EXECUTED
PATTERN_B_ET_REALISTIC_PORTFOLIO_P3_2,PATTERN_B_PROGRESSED_PREVIOUS_STAGE_EARLY_TRANSITION_ONLY_5WINDOW_V01_P3_2_NEW_TEST_011330_KR7011330008_2023-11-30_0001,PATTERN_B_PROGRESSED_PREVIOUS_STAGE_EARLY_TRANSITION_ONLY_5WINDOW_V01_P3_2_NEW_TEST_011330_KR7011330008_2023-11-30_0001,011330,KR7011330008,2023-12-01,33,,False,53582472.63683705,4984326.13679,True,EXECUTED
PATTERN_B_ET_REALISTIC_PORTFOLIO_P3_2,PATTERN_B_PROGRESSED_PREVIOUS_STAGE_EARLY_TRANSITION_ONLY_5WINDOW_V01_P3_2_NEW_TEST_000440_KR7000440008_2023-11-30_0001,PATTERN_B_PROGRESSED_PREVIOUS_STAGE_EARLY_TRANSITION_ONLY_5WINDOW_V01_P3_2_NEW_TEST_000440_KR7000440008_2023-11-30_0001,000440,KR7000440008,2023-12-01,34,,False,48598146.50004705,4996640.283635,True,EXECUTED
PATTERN_B_ET_REALISTIC_PORTFOLIO_P3_2,PATTERN_B_PROGRESSED_PREVIOUS_STAGE_EARLY_TRANSITION_ONLY_5WINDOW_V01_P3_2_NEW_TEST_008110_KR7008110009_2023-11-30_0001,PATTERN_B_PROGRESSED_PREVIOUS_STAGE_EARLY_TRANSITION_ONLY_5WINDOW_V01_P3_2_NEW_TEST_008110_KR7008110009_2023-11-30_0001,008110,KR7008110009,2023-12-01,35,,False,43601506.21641205,4997160.881713,True,EXECUTED
PATTERN_B_ET_REALISTIC_PORTFOLIO_P3_2,PATTERN_B_PROGRESSED_PREVIOUS_STAGE_EARLY_TRANSITION_ONLY_5WINDOW_V01_P3_2_NEW_TEST_042660_KR7042660001_2024-01-31_0001,PATTERN_B_PROGRESSED_PREVIOUS_STAGE_EARLY_TRANSITION_ONLY_5WINDOW_V01_P3_2_NEW_TEST_042660_KR7042660001_2024-01-31_0001,042660,KR7042660001,2024-02-01,29,,False,95932046.77687034,4997941.77883,True,EXECUTED
PATTERN_B_ET_REALISTIC_PORTFOLIO_P3_2,PATTERN_B_PROGRESSED_PREVIOUS_STAGE_EARLY_TRANSITION_ONLY_5WINDOW_V01_P3_2_NEW_TEST_001470_KR7001470004_2024-01-31_0001,PATTERN_B_PROGRESSED_PREVIOUS_STAGE_EARLY_TRANSITION_ONLY_5WINDOW_V01_P3_2_NEW_TEST_001470_KR7001470004_2024-01-31_0001,001470,KR7001470004,2024-02-01,30,,False,90934104.99804033,4978743.723553599,True,EXECUTED
PATTERN_B_ET_REALISTIC_PORTFOLIO_P3_2,PATTERN_B_PROGRESSED_PREVIOUS_STAGE_EARLY_TRANSITION_ONLY_5WINDOW_V01_P3_2_NEW_TEST_012320_KR7012320008_2024-01-31_0001,PATTERN_B_PROGRESSED_PREVIOUS_STAGE_EARLY_TRANSITION_ONLY_5WINDOW_V01_P3_2_NEW_TEST_012320_KR7012320008_2024-01-31_0001,012320,KR7012320008,2024-02-01,31,,False,85955361.27448674,4942077.600459999,True,EXECUTED
PATTERN_B_ET_REALISTIC_PORTFOLIO_P3_2,PATTERN_B_PROGRESSED_PREVIOUS_STAGE_EARLY_TRANSITION_ONLY_5WINDOW_V01_P3_2_NEW_TEST_322180_KR7322180001_2024-01-31_0002,PATTERN_B_PROGRESSED_PREVIOUS_STAGE_EARLY_TRANSITION_ONLY_5WINDOW_V01_P3_2_NEW_TEST_322180_KR7322180001_2024-01-31_0002,322180,KR7322180001,2024-02-01,32,,False,81013283.67402674,4999964.102132999,True,EXECUTED
PATTERN_B_ET_REALISTIC_PORTFOLIO_P3_2,PATTERN_B_PROGRESSED_PREVIOUS_STAGE_EARLY_TRANSITION_ONLY_5WINDOW_V01_P3_2_NEW_TEST_004920_KR7004920005_2024-01-31_0001,PATTERN_B_PROGRESSED_PREVIOUS_STAGE_EARLY_TRANSITION_ONLY_5WINDOW_V01_P3_2_NEW_TEST_004920_KR7004920005_2024-01-31_0001,004920,KR7004920005,2024-02-01,33,,False,76013319.57189374,4998936.922079099,True,EXECUTED
PATTERN_B_ET_REALISTIC_PORTFOLIO_P3_2,PATTERN_B_PROGRESSED_PREVIOUS_STAGE_EARLY_TRANSITION_ONLY_5WINDOW_V01_P3_2_NEW_TEST_071090_KR7071090005_2024-01-31_0001,PATTERN_B_PROGRESSED_PREVIOUS_STAGE_EARLY_TRANSITION_ONLY_5WINDOW_V01_P3_2_NEW_TEST_071090_KR7071090005_2024-01-31_0001,071090,KR7071090005,2024-02-01,34,,False,71014382.64981464,4999323.366036999,True,EXECUTED
PATTERN_B_ET_REALISTIC_PORTFOLIO_P3_2,PATTERN_B_PROGRESSED_PREVIOUS_STAGE_EARLY_TRANSITION_ONLY_5WINDOW_V01_P3_2_NEW_TEST_010120_KR7010120004_2024-02-29_0001,PATTERN_B_PROGRESSED_PREVIOUS_STAGE_EARLY_TRANSITION_ONLY_5WINDOW_V01_P3_2_NEW_TEST_010120_KR7010120004_2024-02-29_0001,010120,KR7010120004,2024-03-04,31,,False,91979171.46159753,4990052.715647999,True,EXECUTED
PATTERN_B_ET_REALISTIC_PORTFOLIO_P3_2,PATTERN_B_PROGRESSED_PREVIOUS_STAGE_EARLY_TRANSITION_ONLY_5WINDOW_V01_P3_2_NEW_TEST_023160_KR7023160005_2024-04-30_0001,PATTERN_B_PROGRESSED_PREVIOUS_STAGE_EARLY_TRANSITION_ONLY_5WINDOW_V01_P3_2_NEW_TEST_023160_KR7023160005_2024-04-30_0001,023160,KR7023160005,2024-05-02,29,,False,115667970.07346314,4990843.6242665,True,EXECUTED
PATTERN_B_ET_REALISTIC_PORTFOLIO_P3_2,PATTERN_B_PROGRESSED_PREVIOUS_STAGE_EARLY_TRANSITION_ONLY_5WINDOW_V01_P3_2_NEW_TEST_084690_KR7084690007_2024-04-30_0001,PATTERN_B_PROGRESSED_PREVIOUS_STAGE_EARLY_TRANSITION_ONLY_5WINDOW_V01_P3_2_NEW_TEST_084690_KR7084690007_2024-04-30_0001,084690,KR7084690007,2024-05-02,30,,False,110677126.44919664,4993877.109220999,True,EXECUTED
PATTERN_B_ET_REALISTIC_PORTFOLIO_P3_2,PATTERN_B_PROGRESSED_PREVIOUS_STAGE_EARLY_TRANSITION_ONLY_5WINDOW_V01_P3_2_NEW_TEST_047310_KR7047310008_2024-04-30_0001,PATTERN_B_PROGRESSED_PREVIOUS_STAGE_EARLY_TRANSITION_ONLY_5WINDOW_V01_P3_2_NEW_TEST_047310_KR7047310008_2024-04-30_0001,047310,KR7047310008,2024-05-02,31,,False,105683249.33997564,4998342.23889,True,EXECUTED
PATTERN_B_ET_REALISTIC_PORTFOLIO_P3_2,PATTERN_B_PROGRESSED_PREVIOUS_STAGE_EARLY_TRANSITION_ONLY_5WINDOW_V01_P3_2_NEW_TEST_322510_KR7322510009_2024-04-30_0001,PATTERN_B_PROGRESSED_PREVIOUS_STAGE_EARLY_TRANSITION_ONLY_5WINDOW_V01_P3_2_NEW_TEST_322510_KR7322510009_2024-04-30_0001,322510,KR7322510009,2024-05-02,32,,False,100684907.10108563,4991494.371863999,True,EXECUTED
PATTERN_B_ET_REALISTIC_PORTFOLIO_P3_2,PATTERN_B_PROGRESSED_PREVIOUS_STAGE_EARLY_TRANSITION_ONLY_5WINDOW_V01_P3_2_NEW_TEST_004100_KR7004100004_2024-04-30_0001,PATTERN_B_PROGRESSED_PREVIOUS_STAGE_EARLY_TRANSITION_ONLY_5WINDOW_V01_P3_2_NEW_TEST_004100_KR7004100004_2024-04-30_0001,004100,KR7004100004,2024-05-02,33,,False,95693412.72922163,4999543.61907,True,EXECUTED
PATTERN_B_ET_REALISTIC_PORTFOLIO_P3_2,PATTERN_B_PROGRESSED_PREVIOUS_STAGE_EARLY_TRANSITION_ONLY_5WINDOW_V01_P3_2_NEW_TEST_060280_KR7060280005_2024-05-31_0001,PATTERN_B_PROGRESSED_PREVIOUS_STAGE_EARLY_TRANSITION_ONLY_5WINDOW_V01_P3_2_NEW_TEST_060280_KR7060280005_2024-05-31_0001,060280,KR7060280005,2024-06-03,29,,False,105027448.06127363,4990933.727779999,True,EXECUTED
PATTERN_B_ET_REALISTIC_PORTFOLIO_P3_2,PATTERN_B_PROGRESSED_PREVIOUS_STAGE_EARLY_TRANSITION_ONLY_5WINDOW_V01_P3_2_NEW_TEST_053610_KR7053610002_2024-05-31_0001,PATTERN_B_PROGRESSED_PREVIOUS_STAGE_EARLY_TRANSITION_ONLY_5WINDOW_V01_P3_2_NEW_TEST_053610_KR7053610002_2024-05-31_0001,053610,KR7053610002,2024-06-03,30,,False,100036514.33349364,4981723.146399999,True,EXECUTED
PATTERN_B_ET_REALISTIC_PORTFOLIO_P3_2,PATTERN_B_PROGRESSED_PREVIOUS_STAGE_EARLY_TRANSITION_ONLY_5WINDOW_V01_P3_2_NEW_TEST_117730_KR7117730002_2024-05-31_0001,PATTERN_B_PROGRESSED_PREVIOUS_STAGE_EARLY_TRANSITION_ONLY_5WINDOW_V01_P3_2_NEW_TEST_117730_KR7117730002_2024-05-31_0001,117730,KR7117730002,2024-06-03,31,,False,95054791.18709363,4991143.969311499,True,EXECUTED
PATTERN_B_ET_REALISTIC_PORTFOLIO_P3_2,PATTERN_B_PROGRESSED_PREVIOUS_STAGE_EARLY_TRANSITION_ONLY_5WINDOW_V01_P3_2_NEW_TEST_079810_KR7079810008_2024-05-31_0001,PATTERN_B_PROGRESSED_PREVIOUS_STAGE_EARLY_TRANSITION_ONLY_5WINDOW_V01_P3_2_NEW_TEST_079810_KR7079810008_2024-05-31_0001,079810,KR7079810008,2024-06-03,32,,False,90063647.21778212,4993736.9481999995,True,EXECUTED
PATTERN_B_ET_REALISTIC_PORTFOLIO_P3_2,PATTERN_B_PROGRESSED_PREVIOUS_STAGE_EARLY_TRANSITION_ONLY_5WINDOW_V01_P3_2_NEW_TEST_265520_KR7265520007_2024-07-31_0001,PATTERN_B_PROGRESSED_PREVIOUS_STAGE_EARLY_TRANSITION_ONLY_5WINDOW_V01_P3_2_NEW_TEST_265520_KR7265520007_2024-07-31_0001,265520,KR7265520007,2024-08-01,30,,False,113198252.32457857,4997140.858709999,True,EXECUTED
PATTERN_B_ET_REALISTIC_PORTFOLIO_P3_2,PATTERN_B_PROGRESSED_PREVIOUS_STAGE_EARLY_TRANSITION_ONLY_5WINDOW_V01_P3_2_NEW_TEST_000680_KR7000680009_2024-07-31_0001,PATTERN_B_PROGRESSED_PREVIOUS_STAGE_EARLY_TRANSITION_ONLY_5WINDOW_V01_P3_2_NEW_TEST_000680_KR7000680009_2024-07-31_0001,000680,KR7000680009,2024-08-01,31,,False,108201111.46586856,4998542.468919999,True,EXECUTED
PATTERN_B_ET_REALISTIC_PORTFOLIO_P3_2,PATTERN_B_PROGRESSED_PREVIOUS_STAGE_EARLY_TRANSITION_ONLY_5WINDOW_V01_P3_2_NEW_TEST_054450_KR7054450002_2024-07-31_0001,PATTERN_B_PROGRESSED_PREVIOUS_STAGE_EARLY_TRANSITION_ONLY_5WINDOW_V01_P3_2_NEW_TEST_054450_KR7054450002_2024-07-31_0001,054450,KR7054450002,2024-08-01,32,,False,103202568.99694857,4983695.412195499,True,EXECUTED
PATTERN_B_ET_REALISTIC_PORTFOLIO_P3_2,PATTERN_B_PROGRESSED_PREVIOUS_STAGE_EARLY_TRANSITION_ONLY_5WINDOW_V01_P3_2_NEW_TEST_011330_KR7011330008_2024-07-31_0002,PATTERN_B_PROGRESSED_PREVIOUS_STAGE_EARLY_TRANSITION_ONLY_5WINDOW_V01_P3_2_NEW_TEST_011330_KR7011330008_2024-07-31_0002,011330,KR7011330008,2024-08-01,33,,False,98218873.58475307,4991334.18784,True,EXECUTED
PATTERN_B_ET_REALISTIC_PORTFOLIO_P3_2,PATTERN_B_PROGRESSED_PREVIOUS_STAGE_EARLY_TRANSITION_ONLY_5WINDOW_V01_P3_2_NEW_TEST_065510_KR7065510000_2024-07-31_0001,PATTERN_B_PROGRESSED_PREVIOUS_STAGE_EARLY_TRANSITION_ONLY_5WINDOW_V01_P3_2_NEW_TEST_065510_KR7065510000_2024-07-31_0001,065510,KR7065510000,2024-08-01,34,,False,93227539.39691307,4991934.8779299995,True,EXECUTED
PATTERN_B_ET_REALISTIC_PORTFOLIO_P3_2,PATTERN_B_PROGRESSED_PREVIOUS_STAGE_EARLY_TRANSITION_ONLY_5WINDOW_V01_P3_2_NEW_TEST_096630_KR7096630009_2024-07-31_0001,PATTERN_B_PROGRESSED_PREVIOUS_STAGE_EARLY_TRANSITION_ONLY_5WINDOW_V01_P3_2_NEW_TEST_096630_KR7096630009_2024-07-31_0001,096630,KR7096630009,2024-08-01,35,,False,88235604.51898307,4998001.847838999,True,EXECUTED
PATTERN_B_ET_REALISTIC_PORTFOLIO_P3_2,PATTERN_B_PROGRESSED_PREVIOUS_STAGE_EARLY_TRANSITION_ONLY_5WINDOW_V01_P3_2_NEW_TEST_018500_KR7018500009_2024-07-31_0002,PATTERN_B_PROGRESSED_PREVIOUS_STAGE_EARLY_TRANSITION_ONLY_5WINDOW_V01_P3_2_NEW_TEST_018500_KR7018500009_2024-07-31_0002,018500,KR7018500009,2024-08-01,36,,False,83237602.67114407,4998914.896775799,True,EXECUTED
PATTERN_B_ET_REALISTIC_PORTFOLIO_P3_2,PATTERN_B_PROGRESSED_PREVIOUS_STAGE_EARLY_TRANSITION_ONLY_5WINDOW_V01_P3_2_NEW_TEST_065350_KR7065350001_2024-09-30_0001,PATTERN_B_PROGRESSED_PREVIOUS_STAGE_EARLY_TRANSITION_ONLY_5WINDOW_V01_P3_2_NEW_TEST_065350_KR7065350001_2024-09-30_0001,065350,KR7065350001,2024-10-02,34,,False,94437406.94101752,4981222.571324999,True,EXECUTED
PATTERN_B_ET_REALISTIC_PORTFOLIO_P3_2,PATTERN_B_PROGRESSED_PREVIOUS_STAGE_EARLY_TRANSITION_ONLY_5WINDOW_V01_P3_2_NEW_TEST_140410_KR7140410002_2024-09-30_0001,PATTERN_B_PROGRESSED_PREVIOUS_STAGE_EARLY_TRANSITION_ONLY_5WINDOW_V01_P3_2_NEW_TEST_140410_KR7140410002_2024-09-30_0001,140410,KR7140410002,2024-10-02,35,,False,89456184.36969252,4973713.945199999,True,EXECUTED
PATTERN_B_ET_REALISTIC_PORTFOLIO_P3_2,PATTERN_B_PROGRESSED_PREVIOUS_STAGE_EARLY_TRANSITION_ONLY_5WINDOW_V01_P3_2_NEW_TEST_006110_KR7006110001_2024-09-30_0001,PATTERN_B_PROGRESSED_PREVIOUS_STAGE_EARLY_TRANSITION_ONLY_5WINDOW_V01_P3_2_NEW_TEST_006110_KR7006110001_2024-09-30_0001,006110,KR7006110001,2024-10-02,36,,False,84482470.42449252,4984125.90676,True,EXECUTED
PATTERN_B_ET_REALISTIC_PORTFOLIO_P3_2,PATTERN_B_PROGRESSED_PREVIOUS_STAGE_EARLY_TRANSITION_ONLY_5WINDOW_V01_P3_2_NEW_TEST_108860_KR7108860008_2024-09-30_0001,PATTERN_B_PROGRESSED_PREVIOUS_STAGE_EARLY_TRANSITION_ONLY_5WINDOW_V01_P3_2_NEW_TEST_108860_KR7108860008_2024-09-30_0001,108860,KR7108860008,2024-10-02,37,,False,79498344.51773253,4994257.546278,True,EXECUTED
PATTERN_B_ET_REALISTIC_PORTFOLIO_P3_2,PATTERN_B_PROGRESSED_PREVIOUS_STAGE_EARLY_TRANSITION_ONLY_5WINDOW_V01_P3_2_NEW_TEST_056080_KR7056080005_2024-09-30_0001,PATTERN_B_PROGRESSED_PREVIOUS_STAGE_EARLY_TRANSITION_ONLY_5WINDOW_V01_P3_2_NEW_TEST_056080_KR7056080005_2024-09-30_0001,056080,KR7056080005,2024-10-02,38,,False,74504086.97145453,4998582.514926,True,EXECUTED
PATTERN_B_ET_REALISTIC_PORTFOLIO_P3_2,PATTERN_B_PROGRESSED_PREVIOUS_STAGE_EARLY_TRANSITION_ONLY_5WINDOW_V01_P3_2_NEW_TEST_078350_KR7078350006_2024-09-30_0001,PATTERN_B_PROGRESSED_PREVIOUS_STAGE_EARLY_TRANSITION_ONLY_5WINDOW_V01_P3_2_NEW_TEST_078350_KR7078350006_2024-09-30_0001,078350,KR7078350006,2024-10-02,39,,False,69505504.45652853,4995338.788439999,True,EXECUTED
PATTERN_B_ET_REALISTIC_PORTFOLIO_P3_2,PATTERN_B_PROGRESSED_PREVIOUS_STAGE_EARLY_TRANSITION_ONLY_5WINDOW_V01_P3_2_NEW_TEST_102120_KR7102120003_2024-09-30_0001,PATTERN_B_PROGRESSED_PREVIOUS_STAGE_EARLY_TRANSITION_ONLY_5WINDOW_V01_P3_2_NEW_TEST_102120_KR7102120003_2024-09-30_0001,102120,KR7102120003,2024-10-02,40,,False,64510165.66808853,4996740.398649999,True,EXECUTED
PATTERN_B_ET_REALISTIC_PORTFOLIO_P3_2,PATTERN_B_PROGRESSED_PREVIOUS_STAGE_EARLY_TRANSITION_ONLY_5WINDOW_V01_P3_2_NEW_TEST_093640_KR7093640001_2024-09-30_0001,PATTERN_B_PROGRESSED_PREVIOUS_STAGE_EARLY_TRANSITION_ONLY_5WINDOW_V01_P3_2_NEW_TEST_093640_KR7093640001_2024-09-30_0001,093640,KR7093640001,2024-10-02,41,,False,59513425.269438535,4997741.5488,True,EXECUTED
PATTERN_B_ET_REALISTIC_PORTFOLIO_P3_2,PATTERN_B_PROGRESSED_PREVIOUS_STAGE_EARLY_TRANSITION_ONLY_5WINDOW_V01_P3_2_NEW_TEST_010100_KR7010100006_2024-09-30_0001,PATTERN_B_PROGRESSED_PREVIOUS_STAGE_EARLY_TRANSITION_ONLY_5WINDOW_V01_P3_2_NEW_TEST_010100_KR7010100006_2024-09-30_0001,010100,KR7010100006,2024-10-02,42,,False,54515683.720638536,4997366.117493749,True,EXECUTED
PATTERN_B_ET_REALISTIC_PORTFOLIO_P3_2,PATTERN_B_PROGRESSED_PREVIOUS_STAGE_EARLY_TRANSITION_ONLY_5WINDOW_V01_P3_2_NEW_TEST_103840_KR7103840005_2024-09-30_0001,PATTERN_B_PROGRESSED_PREVIOUS_STAGE_EARLY_TRANSITION_ONLY_5WINDOW_V01_P3_2_NEW_TEST_103840_KR7103840005_2024-09-30_0001,103840,KR7103840005,2024-10-02,43,,False,49518317.60314479,4995869.398019499,True,EXECUTED
PATTERN_B_ET_REALISTIC_PORTFOLIO_P3_2,PATTERN_B_PROGRESSED_PREVIOUS_STAGE_EARLY_TRANSITION_ONLY_5WINDOW_V01_P3_2_NEW_TEST_003670_KR7003670007_2024-10-31_0001,PATTERN_B_PROGRESSED_PREVIOUS_STAGE_EARLY_TRANSITION_ONLY_5WINDOW_V01_P3_2_NEW_TEST_003670_KR7003670007_2024-10-31_0001,003670,KR7003670007,2024-11-01,41,,False,60552931.80509519,4954993.438545149,True,EXECUTED
PATTERN_B_ET_REALISTIC_PORTFOLIO_P3_2,PATTERN_B_PROGRESSED_PREVIOUS_STAGE_EARLY_TRANSITION_ONLY_5WINDOW_V01_P3_2_NEW_TEST_086520_KR7086520004_2024-10-31_0001,PATTERN_B_PROGRESSED_PREVIOUS_STAGE_EARLY_TRANSITION_ONLY_5WINDOW_V01_P3_2_NEW_TEST_086520_KR7086520004_2024-10-31_0001,086520,KR7086520004,2024-11-01,42,,False,55597938.36655004,4941126.507817499,True,EXECUTED
PATTERN_B_ET_REALISTIC_PORTFOLIO_P3_2,PATTERN_B_PROGRESSED_PREVIOUS_STAGE_EARLY_TRANSITION_ONLY_5WINDOW_V01_P3_2_NEW_TEST_131970_KR7131970006_2024-10-31_0001,PATTERN_B_PROGRESSED_PREVIOUS_STAGE_EARLY_TRANSITION_ONLY_5WINDOW_V01_P3_2_NEW_TEST_131970_KR7131970006_2024-10-31_0001,131970,KR7131970006,2024-11-01,43,,False,50656811.858732544,4995338.788439999,True,EXECUTED
PATTERN_B_ET_REALISTIC_PORTFOLIO_P3_2,PATTERN_B_PROGRESSED_PREVIOUS_STAGE_EARLY_TRANSITION_ONLY_5WINDOW_V01_P3_2_NEW_TEST_080220_KR7080220007_2024-10-31_0001,PATTERN_B_PROGRESSED_PREVIOUS_STAGE_EARLY_TRANSITION_ONLY_5WINDOW_V01_P3_2_NEW_TEST_080220_KR7080220007_2024-10-31_0001,080220,KR7080220007,2024-11-01,44,,False,45661473.07029255,4997230.962223499,True,EXECUTED
PATTERN_B_ET_REALISTIC_PORTFOLIO_P3_2,PATTERN_B_PROGRESSED_PREVIOUS_STAGE_EARLY_TRANSITION_ONLY_5WINDOW_V01_P3_2_NEW_TEST_003960_KR7003960002_2024-10-31_0001,PATTERN_B_PROGRESSED_PREVIOUS_STAGE_EARLY_TRANSITION_ONLY_5WINDOW_V01_P3_2_NEW_TEST_003960_KR7003960002_2024-10-31_0001,003960,KR7003960002,2024-11-01,45,,False,40664242.10806905,4964703.593849999,True,EXECUTED
PATTERN_B_ET_REALISTIC_PORTFOLIO_P3_2,PATTERN_B_PROGRESSED_PREVIOUS_STAGE_EARLY_TRANSITION_ONLY_5WINDOW_V01_P3_2_NEW_TEST_084690_KR7084690007_2024-10-31_0002,PATTERN_B_PROGRESSED_PREVIOUS_STAGE_EARLY_TRANSITION_ONLY_5WINDOW_V01_P3_2_NEW_TEST_084690_KR7084690007_2024-10-31_0002,084690,KR7084690007,2024-11-01,46,,False,35699538.514219046,4996740.398649999,True,EXECUTED
PATTERN_B_ET_REALISTIC_PORTFOLIO_P3_2,PATTERN_B_PROGRESSED_PREVIOUS_STAGE_EARLY_TRANSITION_ONLY_5WINDOW_V01_P3_2_NEW_TEST_094360_KR7094360005_2024-10-31_0001,PATTERN_B_PROGRESSED_PREVIOUS_STAGE_EARLY_TRANSITION_ONLY_5WINDOW_V01_P3_2_NEW_TEST_094360_KR7094360005_2024-10-31_0001,094360,KR7094360005,2024-11-01,47,,False,30702798.115569048,4989722.3360985,True,EXECUTED
PATTERN_B_ET_REALISTIC_PORTFOLIO_P3_2,PATTERN_B_PROGRESSED_PREVIOUS_STAGE_EARLY_TRANSITION_ONLY_5WINDOW_V01_P3_2_NEW_TEST_322310_KR7322310004_2024-10-31_0001,PATTERN_B_PROGRESSED_PREVIOUS_STAGE_EARLY_TRANSITION_ONLY_5WINDOW_V01_P3_2_NEW_TEST_322310_KR7322310004_2024-10-31_0001,322310,KR7322310004,2024-11-01,48,,False,25713075.779470548,4988280.679882499,True,EXECUTED
PATTERN_B_ET_REALISTIC_PORTFOLIO_P3_2,PATTERN_B_PROGRESSED_PREVIOUS_STAGE_EARLY_TRANSITION_ONLY_5WINDOW_V01_P3_2_NEW_TEST_317690_KR7317690006_2024-10-31_0001,PATTERN_B_PROGRESSED_PREVIOUS_STAGE_EARLY_TRANSITION_ONLY_5WINDOW_V01_P3_2_NEW_TEST_317690_KR7317690006_2024-10-31_0001,317690,KR7317690006,2024-11-01,49,,False,20724795.099588048,4998472.388409499,True,EXECUTED
PATTERN_B_ET_REALISTIC_PORTFOLIO_P3_2,PATTERN_B_PROGRESSED_PREVIOUS_STAGE_EARLY_TRANSITION_ONLY_5WINDOW_V01_P3_2_NEW_TEST_119850_KR7119850006_2024-10-31_0001,PATTERN_B_PROGRESSED_PREVIOUS_STAGE_EARLY_TRANSITION_ONLY_5WINDOW_V01_P3_2_NEW_TEST_119850_KR7119850006_2024-10-31_0001,119850,KR7119850006,2024-11-01,50,,False,15726322.711178549,4995138.558409999,True,EXECUTED
PATTERN_B_ET_REALISTIC_PORTFOLIO_P3_2,PATTERN_B_PROGRESSED_PREVIOUS_STAGE_EARLY_TRANSITION_ONLY_5WINDOW_V01_P3_2_NEW_TEST_091440_KR7091440008_2024-10-31_0001,PATTERN_B_PROGRESSED_PREVIOUS_STAGE_EARLY_TRANSITION_ONLY_5WINDOW_V01_P3_2_NEW_TEST_091440_KR7091440008_2024-10-31_0001,091440,KR7091440008,2024-11-01,51,,False,10731184.152768549,4995498.972463999,True,EXECUTED
PATTERN_B_ET_REALISTIC_PORTFOLIO_P3_2,PATTERN_B_PROGRESSED_PREVIOUS_STAGE_EARLY_TRANSITION_ONLY_5WINDOW_V01_P3_2_NEW_TEST_099190_KR7099190001_2024-11-29_0001,PATTERN_B_PROGRESSED_PREVIOUS_STAGE_EARLY_TRANSITION_ONLY_5WINDOW_V01_P3_2_NEW_TEST_099190_KR7099190001_2024-11-29_0001,099190,KR7099190001,2024-12-02,50,,False,22335403.68546455,4998342.23889,True,EXECUTED
PATTERN_B_ET_REALISTIC_PORTFOLIO_P3_2,PATTERN_B_PROGRESSED_PREVIOUS_STAGE_EARLY_TRANSITION_ONLY_5WINDOW_V01_P3_2_NEW_TEST_058470_KR7058470006_2024-12-30_0001,PATTERN_B_PROGRESSED_PREVIOUS_STAGE_EARLY_TRANSITION_ONLY_5WINDOW_V01_P3_2_NEW_TEST_058470_KR7058470006_2024-12-30_0001,058470,KR7058470006,2025-01-02,47,,False,30856264.317767754,4989364.925494949,True,EXECUTED
PATTERN_B_ET_REALISTIC_PORTFOLIO_P3_2,PATTERN_B_PROGRESSED_PREVIOUS_STAGE_EARLY_TRANSITION_ONLY_5WINDOW_V01_P3_2_NEW_TEST_036830_KR7036830008_2024-12-30_0001,PATTERN_B_PROGRESSED_PREVIOUS_STAGE_EARLY_TRANSITION_ONLY_5WINDOW_V01_P3_2_NEW_TEST_036830_KR7036830008_2024-12-30_0001,036830,KR7036830008,2025-01-02,48,,False,25866899.392272804,4974965.382887499,True,EXECUTED
PATTERN_B_ET_REALISTIC_PORTFOLIO_P3_2,PATTERN_B_PROGRESSED_PREVIOUS_STAGE_EARLY_TRANSITION_ONLY_5WINDOW_V01_P3_2_NEW_TEST_083450_KR7083450007_2024-12-30_0001,PATTERN_B_PROGRESSED_PREVIOUS_STAGE_EARLY_TRANSITION_ONLY_5WINDOW_V01_P3_2_NEW_TEST_083450_KR7083450007_2024-12-30_0001,083450,KR7083450007,2025-01-02,49,,False,20891934.009385303,4996049.6050464995,True,EXECUTED
PATTERN_B_ET_REALISTIC_PORTFOLIO_P3_2,PATTERN_B_PROGRESSED_PREVIOUS_STAGE_EARLY_TRANSITION_ONLY_5WINDOW_V01_P3_2_NEW_TEST_148150_KR7148150006_2024-12-30_0001,PATTERN_B_PROGRESSED_PREVIOUS_STAGE_EARLY_TRANSITION_ONLY_5WINDOW_V01_P3_2_NEW_TEST_148150_KR7148150006_2024-12-30_0001,148150,KR7148150006,2025-01-02,50,,False,15895884.404338803,4992545.5795215,True,EXECUTED
PATTERN_B_ET_REALISTIC_PORTFOLIO_P3_2,PATTERN_B_PROGRESSED_PREVIOUS_STAGE_EARLY_TRANSITION_ONLY_5WINDOW_V01_P3_2_NEW_TEST_054950_KR7054950001_2024-12-30_0001,PATTERN_B_PROGRESSED_PREVIOUS_STAGE_EARLY_TRANSITION_ONLY_5WINDOW_V01_P3_2_NEW_TEST_054950_KR7054950001_2024-12-30_0001,054950,KR7054950001,2025-01-02,51,,False,10903338.824817304,4999463.527058,True,EXECUTED
PATTERN_B_ET_REALISTIC_PORTFOLIO_P3_2,PATTERN_B_PROGRESSED_PREVIOUS_STAGE_EARLY_TRANSITION_ONLY_5WINDOW_V01_P3_2_NEW_TEST_009470_KR7009470006_2024-12-30_0002,PATTERN_B_PROGRESSED_PREVIOUS_STAGE_EARLY_TRANSITION_ONLY_5WINDOW_V01_P3_2_NEW_TEST_009470_KR7009470006_2024-12-30_0002,009470,KR7009470006,2025-01-02,52,,False,5903875.297759304,4996740.398649999,True,EXECUTED
PATTERN_B_ET_REALISTIC_PORTFOLIO_P3_2,PATTERN_B_PROGRESSED_PREVIOUS_STAGE_EARLY_TRANSITION_ONLY_5WINDOW_V01_P3_2_NEW_TEST_024840_KR7024840001_2024-12-30_0001,PATTERN_B_PROGRESSED_PREVIOUS_STAGE_EARLY_TRANSITION_ONLY_5WINDOW_V01_P3_2_NEW_TEST_024840_KR7024840001_2024-12-30_0001,024840,KR7024840001,2025-01-02,53,,False,907134.8991093049,4999186.20846645,False,CASH_INSUFFICIENT
PATTERN_B_ET_REALISTIC_PORTFOLIO_P3_2,PATTERN_B_PROGRESSED_PREVIOUS_STAGE_EARLY_TRANSITION_ONLY_5WINDOW_V01_P3_2_NEW_TEST_290650_KR7290650001_2025-02-28_0001,PATTERN_B_PROGRESSED_PREVIOUS_STAGE_EARLY_TRANSITION_ONLY_5WINDOW_V01_P3_2_NEW_TEST_290650_KR7290650001_2025-02-28_0001,290650,KR7290650001,2025-03-04,35,,False,111766472.96593411,4991572.4615757,True,EXECUTED
PATTERN_B_ET_REALISTIC_PORTFOLIO_P3_2,PATTERN_B_PROGRESSED_PREVIOUS_STAGE_EARLY_TRANSITION_ONLY_5WINDOW_V01_P3_2_NEW_TEST_025320_KR7025320003_2025-02-28_0001,PATTERN_B_PROGRESSED_PREVIOUS_STAGE_EARLY_TRANSITION_ONLY_5WINDOW_V01_P3_2_NEW_TEST_025320_KR7025320003_2025-02-28_0001,025320,KR7025320003,2025-03-04,36,,False,106774900.50435841,4999042.04284485,True,EXECUTED
PATTERN_B_ET_REALISTIC_PORTFOLIO_P3_2,PATTERN_B_PROGRESSED_PREVIOUS_STAGE_EARLY_TRANSITION_ONLY_5WINDOW_V01_P3_2_NEW_TEST_024840_KR7024840001_2025-02-28_0002,PATTERN_B_PROGRESSED_PREVIOUS_STAGE_EARLY_TRANSITION_ONLY_5WINDOW_V01_P3_2_NEW_TEST_024840_KR7024840001_2025-02-28_0002,024840,KR7024840001,2025-03-04,37,,False,101775858.46151356,4998192.0663674995,True,EXECUTED
PATTERN_B_ET_REALISTIC_PORTFOLIO_P3_2,PATTERN_B_PROGRESSED_PREVIOUS_STAGE_EARLY_TRANSITION_ONLY_5WINDOW_V01_P3_2_NEW_TEST_081580_KR7081580003_2025-02-28_0001,PATTERN_B_PROGRESSED_PREVIOUS_STAGE_EARLY_TRANSITION_ONLY_5WINDOW_V01_P3_2_NEW_TEST_081580_KR7081580003_2025-02-28_0001,081580,KR7081580003,2025-03-04,38,,False,96777666.39514607,4998041.893844999,True,EXECUTED
PATTERN_B_ET_REALISTIC_PORTFOLIO_P3_2,PATTERN_B_PROGRESSED_PREVIOUS_STAGE_EARLY_TRANSITION_ONLY_5WINDOW_V01_P3_2_NEW_TEST_030520_KR7030520001_2025-03-31_0001,PATTERN_B_PROGRESSED_PREVIOUS_STAGE_EARLY_TRANSITION_ONLY_5WINDOW_V01_P3_2_NEW_TEST_030520_KR7030520001_2025-03-31_0001,030520,KR7030520001,2025-04-01,37,,False,100793339.64092357,4983324.98664,True,EXECUTED
PATTERN_B_ET_REALISTIC_PORTFOLIO_P3_2,PATTERN_B_PROGRESSED_PREVIOUS_STAGE_EARLY_TRANSITION_ONLY_5WINDOW_V01_P3_2_NEW_TEST_009470_KR7009470006_2025-03-31_0003,PATTERN_B_PROGRESSED_PREVIOUS_STAGE_EARLY_TRANSITION_ONLY_5WINDOW_V01_P3_2_NEW_TEST_009470_KR7009470006_2025-03-31_0003,009470,KR7009470006,2025-04-01,38,,False,95810014.65428357,4977418.200754999,True,EXECUTED
PATTERN_B_ET_REALISTIC_PORTFOLIO_P3_2,PATTERN_B_PROGRESSED_PREVIOUS_STAGE_EARLY_TRANSITION_ONLY_5WINDOW_V01_P3_2_NEW_TEST_078150_KR7078150000_2025-03-31_0001,PATTERN_B_PROGRESSED_PREVIOUS_STAGE_EARLY_TRANSITION_ONLY_5WINDOW_V01_P3_2_NEW_TEST_078150_KR7078150000_2025-03-31_0001,078150,KR7078150000,2025-04-01,39,,False,90832596.45352857,4998582.514926,True,EXECUTED
PATTERN_B_ET_REALISTIC_PORTFOLIO_P3_2,PATTERN_B_PROGRESSED_PREVIOUS_STAGE_EARLY_TRANSITION_ONLY_5WINDOW_V01_P3_2_NEW_TEST_042500_KR7042500009_2025-03-31_0001,PATTERN_B_PROGRESSED_PREVIOUS_STAGE_EARLY_TRANSITION_ONLY_5WINDOW_V01_P3_2_NEW_TEST_042500_KR7042500009_2025-03-31_0001,042500,KR7042500009,2025-04-01,40,,False,85834013.93860257,4997387.141646899,True,EXECUTED
PATTERN_B_ET_REALISTIC_PORTFOLIO_P3_2,PATTERN_B_PROGRESSED_PREVIOUS_STAGE_EARLY_TRANSITION_ONLY_5WINDOW_V01_P3_2_NEW_TEST_001380_KR7001380005_2025-04-30_0001,PATTERN_B_PROGRESSED_PREVIOUS_STAGE_EARLY_TRANSITION_ONLY_5WINDOW_V01_P3_2_NEW_TEST_001380_KR7001380005_2025-04-30_0001,001380,KR7001380005,2025-05-02,38,,False,91137727.43580477,4996191.768367799,True,EXECUTED
PATTERN_B_ET_REALISTIC_PORTFOLIO_P3_2,PATTERN_B_PROGRESSED_PREVIOUS_STAGE_EARLY_TRANSITION_ONLY_5WINDOW_V01_P3_2_NEW_TEST_039240_KR7039240007_2025-04-30_0002,PATTERN_B_PROGRESSED_PREVIOUS_STAGE_EARLY_TRANSITION_ONLY_5WINDOW_V01_P3_2_NEW_TEST_039240_KR7039240007_2025-04-30_0002,039240,KR7039240007,2025-05-02,39,,False,86141535.66743697,4998802.767959,True,EXECUTED
PATTERN_B_ET_REALISTIC_PORTFOLIO_P3_2,PATTERN_B_PROGRESSED_PREVIOUS_STAGE_EARLY_TRANSITION_ONLY_5WINDOW_V01_P3_2_NEW_TEST_010770_KR7010770006_2025-05-30_0001,PATTERN_B_PROGRESSED_PREVIOUS_STAGE_EARLY_TRANSITION_ONLY_5WINDOW_V01_P3_2_NEW_TEST_010770_KR7010770006_2025-05-30_0001,010770,KR7010770006,2025-06-02,39,,False,96323809.33656818,4997140.858709999,True,EXECUTED
PATTERN_B_ET_REALISTIC_PORTFOLIO_P3_2,PATTERN_B_PROGRESSED_PREVIOUS_STAGE_EARLY_TRANSITION_ONLY_5WINDOW_V01_P3_2_NEW_TEST_321820_KR7321820003_2025-06-30_0001,PATTERN_B_PROGRESSED_PREVIOUS_STAGE_EARLY_TRANSITION_ONLY_5WINDOW_V01_P3_2_NEW_TEST_321820_KR7321820003_2025-06-30_0001,321820,KR7321820003,2025-07-01,37,,False,97624280.90876092,4993476.649161,True,EXECUTED
PATTERN_B_ET_REALISTIC_PORTFOLIO_P3_2,PATTERN_B_PROGRESSED_PREVIOUS_STAGE_EARLY_TRANSITION_ONLY_5WINDOW_V01_P3_2_NEW_TEST_042940_KR7042940007_2025-06-30_0001,PATTERN_B_PROGRESSED_PREVIOUS_STAGE_EARLY_TRANSITION_ONLY_5WINDOW_V01_P3_2_NEW_TEST_042940_KR7042940007_2025-06-30_0001,042940,KR7042940007,2025-07-01,38,,False,92630804.25959992,4996219.8005719995,True,EXECUTED
PATTERN_B_ET_REALISTIC_PORTFOLIO_P3_2,PATTERN_B_PROGRESSED_PREVIOUS_STAGE_EARLY_TRANSITION_ONLY_5WINDOW_V01_P3_2_NEW_TEST_011080_KR7011080009_2025-06-30_0001,PATTERN_B_PROGRESSED_PREVIOUS_STAGE_EARLY_TRANSITION_ONLY_5WINDOW_V01_P3_2_NEW_TEST_011080_KR7011080009_2025-06-30_0001,011080,KR7011080009,2025-07-01,39,,False,87634584.45902793,4999409.464949899,True,EXECUTED
PATTERN_B_ET_REALISTIC_PORTFOLIO_P3_2,PATTERN_B_PROGRESSED_PREVIOUS_STAGE_EARLY_TRANSITION_ONLY_5WINDOW_V01_P3_2_NEW_TEST_105550_KR7105550008_2025-07-31_0001,PATTERN_B_PROGRESSED_PREVIOUS_STAGE_EARLY_TRANSITION_ONLY_5WINDOW_V01_P3_2_NEW_TEST_105550_KR7105550008_2025-07-31_0001,105550,KR7105550008,2025-08-01,36,,False,96749685.57136153,4997741.5488,True,EXECUTED
PATTERN_B_ET_REALISTIC_PORTFOLIO_P3_2,PATTERN_B_PROGRESSED_PREVIOUS_STAGE_EARLY_TRANSITION_ONLY_5WINDOW_V01_P3_2_NEW_TEST_062970_KR7062970009_2025-07-31_0001,PATTERN_B_PROGRESSED_PREVIOUS_STAGE_EARLY_TRANSITION_ONLY_5WINDOW_V01_P3_2_NEW_TEST_062970_KR7062970009_2025-07-31_0001,062970,KR7062970009,2025-08-01,37,,False,91751944.02256152,4999578.6593252495,True,EXECUTED
PATTERN_B_ET_REALISTIC_PORTFOLIO_P3_2,PATTERN_B_PROGRESSED_PREVIOUS_STAGE_EARLY_TRANSITION_ONLY_5WINDOW_V01_P3_2_NEW_TEST_082800_KR7082800004_2025-10-31_0001,PATTERN_B_PROGRESSED_PREVIOUS_STAGE_EARLY_TRANSITION_ONLY_5WINDOW_V01_P3_2_NEW_TEST_082800_KR7082800004_2025-10-31_0001,082800,KR7082800004,2025-11-03,30,,False,132906428.67665926,4997120.8357069995,True,EXECUTED
PATTERN_B_ET_REALISTIC_PORTFOLIO_P3_2,PATTERN_B_PROGRESSED_PREVIOUS_STAGE_EARLY_TRANSITION_ONLY_5WINDOW_V01_P3_2_NEW_TEST_148150_KR7148150006_2025-10-31_0002,PATTERN_B_PROGRESSED_PREVIOUS_STAGE_EARLY_TRANSITION_ONLY_5WINDOW_V01_P3_2_NEW_TEST_148150_KR7148150006_2025-10-31_0002,148150,KR7148150006,2025-11-03,31,,False,127909307.84095226,4999303.343033999,True,EXECUTED
PATTERN_B_ET_REALISTIC_PORTFOLIO_P3_2,PATTERN_B_PROGRESSED_PREVIOUS_STAGE_EARLY_TRANSITION_ONLY_5WINDOW_V01_P3_2_NEW_TEST_168330_KR7168330009_2025-10-31_0001,PATTERN_B_PROGRESSED_PREVIOUS_STAGE_EARLY_TRANSITION_ONLY_5WINDOW_V01_P3_2_NEW_TEST_168330_KR7168330009_2025-10-31_0001,168330,KR7168330009,2025-11-03,32,,False,122910004.49791826,4998982.974985999,True,EXECUTED
PATTERN_B_ET_REALISTIC_PORTFOLIO_P3_2,PATTERN_B_PROGRESSED_PREVIOUS_STAGE_EARLY_TRANSITION_ONLY_5WINDOW_V01_P3_2_NEW_TEST_007720_KR7007720006_2025-10-31_0001,PATTERN_B_PROGRESSED_PREVIOUS_STAGE_EARLY_TRANSITION_ONLY_5WINDOW_V01_P3_2_NEW_TEST_007720_KR7007720006_2025-10-31_0001,007720,KR7007720006,2025-11-03,33,,False,117911021.52293226,4997857.6822174,True,EXECUTED
PATTERN_B_ET_REALISTIC_PORTFOLIO_P3_2,PATTERN_B_PROGRESSED_PREVIOUS_STAGE_EARLY_TRANSITION_ONLY_5WINDOW_V01_P3_2_NEW_TEST_009470_KR7009470006_2025-12-30_0004,PATTERN_B_PROGRESSED_PREVIOUS_STAGE_EARLY_TRANSITION_ONLY_5WINDOW_V01_P3_2_NEW_TEST_009470_KR7009470006_2025-12-30_0004,009470,KR7009470006,2026-01-02,32,,False,129270389.15280385,4998942.928979999,True,EXECUTED
PATTERN_B_ET_REALISTIC_PORTFOLIO_P3_2,PATTERN_B_PROGRESSED_PREVIOUS_STAGE_EARLY_TRANSITION_ONLY_5WINDOW_V01_P3_2_NEW_TEST_071280_KR7071280002_2025-12-30_0001,PATTERN_B_PROGRESSED_PREVIOUS_STAGE_EARLY_TRANSITION_ONLY_5WINDOW_V01_P3_2_NEW_TEST_071280_KR7071280002_2025-12-30_0001,071280,KR7071280002,2026-01-02,33,,False,124271446.22382386,4993797.017209,True,EXECUTED
PATTERN_B_ET_REALISTIC_PORTFOLIO_P3_2,PATTERN_B_PROGRESSED_PREVIOUS_STAGE_EARLY_TRANSITION_ONLY_5WINDOW_V01_P3_2_NEW_TEST_018290_KR7018290007_2026-03-31_0001,PATTERN_B_PROGRESSED_PREVIOUS_STAGE_EARLY_TRANSITION_ONLY_5WINDOW_V01_P3_2_NEW_TEST_018290_KR7018290007_2026-03-31_0001,018290,KR7018290007,2026-04-01,21,,False,171258524.50540784,4996740.398649999,True,EXECUTED
PATTERN_B_ET_REALISTIC_PORTFOLIO_P3_2,PATTERN_B_PROGRESSED_PREVIOUS_STAGE_EARLY_TRANSITION_ONLY_5WINDOW_V01_P3_2_NEW_TEST_263860_KR7263860009_2026-03-31_0001,PATTERN_B_PROGRESSED_PREVIOUS_STAGE_EARLY_TRANSITION_ONLY_5WINDOW_V01_P3_2_NEW_TEST_263860_KR7263860009_2026-03-31_0001,263860,KR7263860009,2026-04-01,22,,False,166261784.10675785,4989632.232585,True,EXECUTED
PATTERN_B_ET_REALISTIC_PORTFOLIO_P3_2,PATTERN_B_PROGRESSED_PREVIOUS_STAGE_EARLY_TRANSITION_ONLY_5WINDOW_V01_P3_2_NEW_TEST_308080_KR7308080001_2026-03-31_0001,PATTERN_B_PROGRESSED_PREVIOUS_STAGE_EARLY_TRANSITION_ONLY_5WINDOW_V01_P3_2_NEW_TEST_308080_KR7308080001_2026-03-31_0001,308080,KR7308080001,2026-04-01,23,,False,161272151.87417284,4999743.849099999,True,EXECUTED
PATTERN_B_ET_REALISTIC_PORTFOLIO_P3_2,PATTERN_B_PROGRESSED_PREVIOUS_STAGE_EARLY_TRANSITION_ONLY_5WINDOW_V01_P3_2_NEW_TEST_306040_KR7306040007_2026-03-31_0001,PATTERN_B_PROGRESSED_PREVIOUS_STAGE_EARLY_TRANSITION_ONLY_5WINDOW_V01_P3_2_NEW_TEST_306040_KR7306040007_2026-03-31_0001,306040,KR7306040007,2026-04-01,24,,False,156272408.02507284,4997741.548799999,True,EXECUTED
PATTERN_B_ET_REALISTIC_PORTFOLIO_P3_2,PATTERN_B_PROGRESSED_PREVIOUS_STAGE_EARLY_TRANSITION_ONLY_5WINDOW_V01_P3_2_NEW_TEST_082270_KR7082270000_2026-04-30_0001,PATTERN_B_PROGRESSED_PREVIOUS_STAGE_EARLY_TRANSITION_ONLY_5WINDOW_V01_P3_2_NEW_TEST_082270_KR7082270000_2026-04-30_0001,082270,KR7082270000,2026-05-04,21,,False,171419391.65949956,4990933.727779999,True,EXECUTED
PATTERN_B_ET_REALISTIC_PORTFOLIO_P3_2,PATTERN_B_PROGRESSED_PREVIOUS_STAGE_EARLY_TRANSITION_ONLY_5WINDOW_V01_P3_2_NEW_TEST_156100_KR7156100000_2026-04-30_0001,PATTERN_B_PROGRESSED_PREVIOUS_STAGE_EARLY_TRANSITION_ONLY_5WINDOW_V01_P3_2_NEW_TEST_156100_KR7156100000_2026-04-30_0001,156100,KR7156100000,2026-05-04,22,,False,166428457.93171954,4997981.824835999,True,EXECUTED
PATTERN_B_ET_REALISTIC_PORTFOLIO_P3_2,PATTERN_B_PROGRESSED_PREVIOUS_STAGE_EARLY_TRANSITION_ONLY_5WINDOW_V01_P3_2_NEW_TEST_005490_KR7005490008_2026-06-30_0001,PATTERN_B_PROGRESSED_PREVIOUS_STAGE_EARLY_TRANSITION_ONLY_5WINDOW_V01_P3_2_NEW_TEST_005490_KR7005490008_2026-06-30_0001,005490,KR7005490008,2026-07-01,21,,False,186258464.52712205,4880606.981249999,True,EXECUTED
PATTERN_B_ET_REALISTIC_PORTFOLIO_P3_2,PATTERN_B_PROGRESSED_PREVIOUS_STAGE_EARLY_TRANSITION_ONLY_5WINDOW_V01_P3_2_NEW_TEST_377300_KR7377300009_2026-06-30_0001,PATTERN_B_PROGRESSED_PREVIOUS_STAGE_EARLY_TRANSITION_ONLY_5WINDOW_V01_P3_2_NEW_TEST_377300_KR7377300009_2026-06-30_0001,377300,KR7377300009,2026-07-01,22,,False,181377857.54587206,4991834.762914999,True,EXECUTED
PATTERN_B_ET_REALISTIC_PORTFOLIO_P3_2,PATTERN_B_PROGRESSED_PREVIOUS_STAGE_EARLY_TRANSITION_ONLY_5WINDOW_V01_P3_2_NEW_TEST_140410_KR7140410002_2026-06-30_0002,PATTERN_B_PROGRESSED_PREVIOUS_STAGE_EARLY_TRANSITION_ONLY_5WINDOW_V01_P3_2_NEW_TEST_140410_KR7140410002_2026-06-30_0002,140410,KR7140410002,2026-07-01,23,,False,176386022.78295708,4983124.75661,True,EXECUTED
PATTERN_B_ET_REALISTIC_PORTFOLIO_P3_2,PATTERN_B_PROGRESSED_PREVIOUS_STAGE_EARLY_TRANSITION_ONLY_5WINDOW_V01_P3_2_NEW_TEST_103140_KR7103140000_2026-06-30_0001,PATTERN_B_PROGRESSED_PREVIOUS_STAGE_EARLY_TRANSITION_ONLY_5WINDOW_V01_P3_2_NEW_TEST_103140_KR7103140000_2026-06-30_0001,103140,KR7103140000,2026-07-01,24,,False,171402898.02634707,4945681.740999999,True,EXECUTED
PATTERN_B_ET_REALISTIC_PORTFOLIO_P3_2,PATTERN_B_PROGRESSED_PREVIOUS_STAGE_EARLY_TRANSITION_ONLY_5WINDOW_V01_P3_2_NEW_TEST_298020_KR7298020009_2026-06-30_0001,PATTERN_B_PROGRESSED_PREVIOUS_STAGE_EARLY_TRANSITION_ONLY_5WINDOW_V01_P3_2_NEW_TEST_298020_KR7298020009_2026-06-30_0001,298020,KR7298020009,2026-07-01,25,,False,166457216.28534707,4765474.713999999,True,EXECUTED
PATTERN_B_ET_REALISTIC_PORTFOLIO_P3_2,PATTERN_B_PROGRESSED_PREVIOUS_STAGE_EARLY_TRANSITION_ONLY_5WINDOW_V01_P3_2_NEW_TEST_100790_KR7100790005_2026-06-30_0001,PATTERN_B_PROGRESSED_PREVIOUS_STAGE_EARLY_TRANSITION_ONLY_5WINDOW_V01_P3_2_NEW_TEST_100790_KR7100790005_2026-06-30_0001,100790,KR7100790005,2026-07-01,26,,False,161691741.5713471,4996680.329640999,True,EXECUTED
PATTERN_B_ET_REALISTIC_PORTFOLIO_P3_2,PATTERN_B_PROGRESSED_PREVIOUS_STAGE_EARLY_TRANSITION_ONLY_5WINDOW_V01_P3_2_NEW_TEST_100090_KR7100090000_2026-06-30_0001,PATTERN_B_PROGRESSED_PREVIOUS_STAGE_EARLY_TRANSITION_ONLY_5WINDOW_V01_P3_2_NEW_TEST_100090_KR7100090000_2026-06-30_0001,100090,KR7100090000,2026-07-01,27,,False,156695061.24170607,4997901.732824,True,EXECUTED
PATTERN_B_ET_REALISTIC_PORTFOLIO_P3_2,PATTERN_B_PROGRESSED_PREVIOUS_STAGE_EARLY_TRANSITION_ONLY_5WINDOW_V01_P3_2_NEW_TEST_048410_KR7048410005_2026-06-30_0001,PATTERN_B_PROGRESSED_PREVIOUS_STAGE_EARLY_TRANSITION_ONLY_5WINDOW_V01_P3_2_NEW_TEST_048410_KR7048410005_2026-06-30_0001,048410,KR7048410005,2026-07-01,28,,False,151697159.50888208,4995559.041472999,True,EXECUTED
PATTERN_B_ET_REALISTIC_PORTFOLIO_P3_2,PATTERN_B_PROGRESSED_PREVIOUS_STAGE_EARLY_TRANSITION_ONLY_5WINDOW_V01_P3_2_NEW_TEST_056080_KR7056080005_2026-06-30_0002,PATTERN_B_PROGRESSED_PREVIOUS_STAGE_EARLY_TRANSITION_ONLY_5WINDOW_V01_P3_2_NEW_TEST_056080_KR7056080005_2026-06-30_0002,056080,KR7056080005,2026-07-01,29,,False,146701600.46740907,4988731.197449999,True,EXECUTED
PATTERN_B_ET_REALISTIC_PORTFOLIO_P3_2,PATTERN_B_PROGRESSED_PREVIOUS_STAGE_EARLY_TRANSITION_ONLY_5WINDOW_V01_P3_2_NEW_TEST_174900_KR7174900001_2026-06-30_0001,PATTERN_B_PROGRESSED_PREVIOUS_STAGE_EARLY_TRANSITION_ONLY_5WINDOW_V01_P3_2_NEW_TEST_174900_KR7174900001_2026-06-30_0001,174900,KR7174900001,2026-07-01,30,,False,141712869.26995906,4990883.670272499,True,EXECUTED
PATTERN_B_ET_REALISTIC_PORTFOLIO_P3_2,PATTERN_B_PROGRESSED_PREVIOUS_STAGE_EARLY_TRANSITION_ONLY_5WINDOW_V01_P3_2_NEW_TEST_058650_KR7058650003_2026-06-30_0001,PATTERN_B_PROGRESSED_PREVIOUS_STAGE_EARLY_TRANSITION_ONLY_5WINDOW_V01_P3_2_NEW_TEST_058650_KR7058650003_2026-06-30_0001,058650,KR7058650003,2026-07-01,31,,False,136721985.59968656,4924857.817879999,True,EXECUTED
PATTERN_B_ET_REALISTIC_PORTFOLIO_P3_2,PATTERN_B_PROGRESSED_PREVIOUS_STAGE_EARLY_TRANSITION_ONLY_5WINDOW_V01_P3_2_NEW_TEST_001530_KR7001530005_2026-06-30_0001,PATTERN_B_PROGRESSED_PREVIOUS_STAGE_EARLY_TRANSITION_ONLY_5WINDOW_V01_P3_2_NEW_TEST_001530_KR7001530005_2026-06-30_0001,001530,KR7001530005,2026-07-01,32,,False,131797127.78180656,4977718.5458,True,EXECUTED
PATTERN_B_ET_REALISTIC_PORTFOLIO_P3_2,PATTERN_B_PROGRESSED_PREVIOUS_STAGE_EARLY_TRANSITION_ONLY_5WINDOW_V01_P3_2_NEW_TEST_017900_KR7017900002_2026-06-30_0001,PATTERN_B_PROGRESSED_PREVIOUS_STAGE_EARLY_TRANSITION_ONLY_5WINDOW_V01_P3_2_NEW_TEST_017900_KR7017900002_2026-06-30_0001,017900,KR7017900002,2026-07-01,33,,False,126819409.23600656,4994898.282373999,True,EXECUTED
PATTERN_B_ET_REALISTIC_PORTFOLIO_P3_2,PATTERN_B_PROGRESSED_PREVIOUS_STAGE_EARLY_TRANSITION_ONLY_5WINDOW_V01_P3_2_NEW_TEST_117730_KR7117730002_2026-06-30_0002,PATTERN_B_PROGRESSED_PREVIOUS_STAGE_EARLY_TRANSITION_ONLY_5WINDOW_V01_P3_2_NEW_TEST_117730_KR7117730002_2026-06-30_0002,117730,KR7117730002,2026-07-01,34,,False,121824510.95363256,4989091.611504,True,EXECUTED
PATTERN_B_ET_REALISTIC_PORTFOLIO_P3_2,PATTERN_B_PROGRESSED_PREVIOUS_STAGE_EARLY_TRANSITION_ONLY_5WINDOW_V01_P3_2_NEW_TEST_064260_KR7064260003_2026-06-30_0002,PATTERN_B_PROGRESSED_PREVIOUS_STAGE_EARLY_TRANSITION_ONLY_5WINDOW_V01_P3_2_NEW_TEST_064260_KR7064260003_2026-06-30_0002,064260,KR7064260003,2026-07-01,35,,False,116835419.34212856,4998041.893844998,True,EXECUTED
PATTERN_B_ET_REALISTIC_PORTFOLIO_P3_2,PATTERN_B_PROGRESSED_PREVIOUS_STAGE_EARLY_TRANSITION_ONLY_5WINDOW_V01_P3_2_NEW_TEST_015860_KR7015860000_2026-06-30_0001,PATTERN_B_PROGRESSED_PREVIOUS_STAGE_EARLY_TRANSITION_ONLY_5WINDOW_V01_P3_2_NEW_TEST_015860_KR7015860000_2026-06-30_0001,015860,KR7015860000,2026-07-01,36,,False,111837377.44828357,4995969.513034499,True,EXECUTED
PATTERN_B_ET_REALISTIC_PORTFOLIO_P3_2,PATTERN_B_PROGRESSED_PREVIOUS_STAGE_EARLY_TRANSITION_ONLY_5WINDOW_V01_P3_2_NEW_TEST_010820_KR7010820009_2026-06-30_0001,PATTERN_B_PROGRESSED_PREVIOUS_STAGE_EARLY_TRANSITION_ONLY_5WINDOW_V01_P3_2_NEW_TEST_010820_KR7010820009_2026-06-30_0001,010820,KR7010820009,2026-07-01,37,,False,106841407.93524908,4994958.351383,True,EXECUTED
PATTERN_B_ET_REALISTIC_PORTFOLIO_P3_2,PATTERN_B_PROGRESSED_PREVIOUS_STAGE_EARLY_TRANSITION_ONLY_5WINDOW_V01_P3_2_NEW_TEST_187660_KR7187660006_2026-06-30_0001,PATTERN_B_PROGRESSED_PREVIOUS_STAGE_EARLY_TRANSITION_ONLY_5WINDOW_V01_P3_2_NEW_TEST_187660_KR7187660006_2026-06-30_0001,187660,KR7187660006,2026-07-01,38,,False,101846449.58386607,4997741.548799999,True,EXECUTED
PATTERN_B_ET_REALISTIC_PORTFOLIO_P3_2,PATTERN_B_PROGRESSED_PREVIOUS_STAGE_EARLY_TRANSITION_ONLY_5WINDOW_V01_P3_2_NEW_TEST_069540_KR7069540003_2026-06-30_0001,PATTERN_B_PROGRESSED_PREVIOUS_STAGE_EARLY_TRANSITION_ONLY_5WINDOW_V01_P3_2_NEW_TEST_069540_KR7069540003_2026-06-30_0001,069540,KR7069540003,2026-07-01,39,,False,96848708.03506607,4998352.250391499,True,EXECUTED
PATTERN_B_ET_REALISTIC_PORTFOLIO_P3_2,PATTERN_B_PROGRESSED_PREVIOUS_STAGE_EARLY_TRANSITION_ONLY_5WINDOW_V01_P3_2_NEW_TEST_014940_KR7014940001_2026-06-30_0001,PATTERN_B_PROGRESSED_PREVIOUS_STAGE_EARLY_TRANSITION_ONLY_5WINDOW_V01_P3_2_NEW_TEST_014940_KR7014940001_2026-06-30_0001,014940,KR7014940001,2026-07-01,40,,False,91850355.78467457,4998642.583934999,True,EXECUTED
PATTERN_B_ET_REALISTIC_PORTFOLIO_P3_2,PATTERN_B_PROGRESSED_PREVIOUS_STAGE_EARLY_TRANSITION_ONLY_5WINDOW_V01_P3_2_NEW_TEST_000050_KR7000050005_2026-06-30_0001,PATTERN_B_PROGRESSED_PREVIOUS_STAGE_EARLY_TRANSITION_ONLY_5WINDOW_V01_P3_2_NEW_TEST_000050_KR7000050005_2026-06-30_0001,000050,KR7000050005,2026-07-01,41,,False,86851713.20073958,4994177.454266,True,EXECUTED
PATTERN_B_ET_REALISTIC_PORTFOLIO_P3_2,PATTERN_B_PROGRESSED_PREVIOUS_STAGE_EARLY_TRANSITION_ONLY_5WINDOW_V01_P3_2_NEW_TEST_023760_KR7023760002_2026-06-30_0001,PATTERN_B_PROGRESSED_PREVIOUS_STAGE_EARLY_TRANSITION_ONLY_5WINDOW_V01_P3_2_NEW_TEST_023760_KR7023760002_2026-06-30_0001,023760,KR7023760002,2026-07-01,42,,False,81857535.74647358,4999615.7018808,True,EXECUTED
PATTERN_B_ET_REALISTIC_PORTFOLIO_P3_2,PATTERN_B_PROGRESSED_PREVIOUS_STAGE_EARLY_TRANSITION_ONLY_5WINDOW_V01_P3_2_NEW_TEST_000320_KR7000320002_2026-06-30_0001,PATTERN_B_PROGRESSED_PREVIOUS_STAGE_EARLY_TRANSITION_ONLY_5WINDOW_V01_P3_2_NEW_TEST_000320_KR7000320002_2026-06-30_0001,000320,KR7000320002,2026-07-01,43,,False,76857920.04459278,4993116.235107,True,EXECUTED
PATTERN_B_ET_REALISTIC_PORTFOLIO_P3_2,PATTERN_B_PROGRESSED_PREVIOUS_STAGE_EARLY_TRANSITION_ONLY_5WINDOW_V01_P3_2_NEW_TEST_322310_KR7322310004_2026-06-30_0002,PATTERN_B_PROGRESSED_PREVIOUS_STAGE_EARLY_TRANSITION_ONLY_5WINDOW_V01_P3_2_NEW_TEST_322310_KR7322310004_2026-06-30_0002,322310,KR7322310004,2026-07-01,44,,False,71864803.80948578,4977718.5458,True,EXECUTED
PATTERN_B_ET_REALISTIC_PORTFOLIO_P3_2,PATTERN_B_PROGRESSED_PREVIOUS_STAGE_EARLY_TRANSITION_ONLY_5WINDOW_V01_P3_2_NEW_TEST_073490_KR7073490005_2026-06-30_0001,PATTERN_B_PROGRESSED_PREVIOUS_STAGE_EARLY_TRANSITION_ONLY_5WINDOW_V01_P3_2_NEW_TEST_073490_KR7073490005_2026-06-30_0001,073490,KR7073490005,2026-07-01,45,,False,66887085.26368578,4982223.721475,True,EXECUTED
PATTERN_B_ET_REALISTIC_PORTFOLIO_P3_2,PATTERN_B_PROGRESSED_PREVIOUS_STAGE_EARLY_TRANSITION_ONLY_5WINDOW_V01_P3_2_NEW_TEST_251370_KR7251370003_2026-06-30_0001,PATTERN_B_PROGRESSED_PREVIOUS_STAGE_EARLY_TRANSITION_ONLY_5WINDOW_V01_P3_2_NEW_TEST_251370_KR7251370003_2026-06-30_0001,251370,KR7251370003,2026-07-01,46,,False,61904861.54221078,4993756.971202999,True,EXECUTED
PATTERN_B_ET_REALISTIC_PORTFOLIO_P3_2,PATTERN_B_PROGRESSED_PREVIOUS_STAGE_EARLY_TRANSITION_ONLY_5WINDOW_V01_P3_2_NEW_TEST_294570_KR7294570007_2026-06-30_0001,PATTERN_B_PROGRESSED_PREVIOUS_STAGE_EARLY_TRANSITION_ONLY_5WINDOW_V01_P3_2_NEW_TEST_294570_KR7294570007_2026-06-30_0001,294570,KR7294570007,2026-07-01,47,,False,56911104.57100778,4984125.90676,True,EXECUTED
PATTERN_B_ET_REALISTIC_PORTFOLIO_P3_2,PATTERN_B_PROGRESSED_PREVIOUS_STAGE_EARLY_TRANSITION_ONLY_5WINDOW_V01_P3_2_NEW_TEST_036170_KR7036170009_2026-06-30_0001,PATTERN_B_PROGRESSED_PREVIOUS_STAGE_EARLY_TRANSITION_ONLY_5WINDOW_V01_P3_2_NEW_TEST_036170_KR7036170009_2026-06-30_0001,036170,KR7036170009,2026-07-01,48,,False,51926978.66424778,4998582.514925999,True,EXECUTED
PATTERN_B_ET_REALISTIC_PORTFOLIO_P3_2,PATTERN_B_PROGRESSED_PREVIOUS_STAGE_EARLY_TRANSITION_ONLY_5WINDOW_V01_P3_2_NEW_TEST_012860_KR7012860003_2026-06-30_0001,PATTERN_B_PROGRESSED_PREVIOUS_STAGE_EARLY_TRANSITION_ONLY_5WINDOW_V01_P3_2_NEW_TEST_012860_KR7012860003_2026-06-30_0001,012860,KR7012860003,2026-07-01,49,,False,46928396.14932178,4997741.5488,True,EXECUTED
PATTERN_B_ET_REALISTIC_PORTFOLIO_P3_2,PATTERN_B_PROGRESSED_PREVIOUS_STAGE_EARLY_TRANSITION_ONLY_5WINDOW_V01_P3_2_NEW_TEST_004310_KR7004310009_2026-06-30_0001,PATTERN_B_PROGRESSED_PREVIOUS_STAGE_EARLY_TRANSITION_ONLY_5WINDOW_V01_P3_2_NEW_TEST_004310_KR7004310009_2026-06-30_0001,004310,KR7004310009,2026-07-01,50,,False,41930654.60052178,4996570.2031245,True,EXECUTED
PATTERN_B_ET_REALISTIC_PORTFOLIO_P3_2,PATTERN_B_PROGRESSED_PREVIOUS_STAGE_EARLY_TRANSITION_ONLY_5WINDOW_V01_P3_2_NEW_TEST_035510_KR7035510007_2026-06-30_0001,PATTERN_B_PROGRESSED_PREVIOUS_STAGE_EARLY_TRANSITION_ONLY_5WINDOW_V01_P3_2_NEW_TEST_035510_KR7035510007_2026-06-30_0001,035510,KR7035510007,2026-07-01,51,,False,36934084.39739728,4999303.343033999,True,EXECUTED
PATTERN_B_ET_REALISTIC_PORTFOLIO_P3_2,PATTERN_B_PROGRESSED_PREVIOUS_STAGE_EARLY_TRANSITION_ONLY_5WINDOW_V01_P3_2_NEW_TEST_314130_KR7314130006_2026-06-30_0001,PATTERN_B_PROGRESSED_PREVIOUS_STAGE_EARLY_TRANSITION_ONLY_5WINDOW_V01_P3_2_NEW_TEST_314130_KR7314130006_2026-06-30_0001,314130,KR7314130006,2026-07-01,52,,False,31934781.05436328,4996720.375646999,True,EXECUTED
PATTERN_B_ET_REALISTIC_PORTFOLIO_P3_2,PATTERN_B_PROGRESSED_PREVIOUS_STAGE_EARLY_TRANSITION_ONLY_5WINDOW_V01_P3_2_NEW_TEST_079960_KR7079960001_2026-06-30_0001,PATTERN_B_PROGRESSED_PREVIOUS_STAGE_EARLY_TRANSITION_ONLY_5WINDOW_V01_P3_2_NEW_TEST_079960_KR7079960001_2026-06-30_0001,079960,KR7079960001,2026-07-01,53,,False,26938060.67871628,4985727.7469999995,True,EXECUTED
PATTERN_B_ET_REALISTIC_PORTFOLIO_P3_2,PATTERN_B_PROGRESSED_PREVIOUS_STAGE_EARLY_TRANSITION_ONLY_5WINDOW_V01_P3_2_NEW_TEST_024840_KR7024840001_2026-06-30_0003,PATTERN_B_PROGRESSED_PREVIOUS_STAGE_EARLY_TRANSITION_ONLY_5WINDOW_V01_P3_2_NEW_TEST_024840_KR7024840001_2026-06-30_0003,024840,KR7024840001,2026-07-01,54,,False,21952332.93171628,4999894.021622499,True,EXECUTED
PATTERN_B_ET_REALISTIC_PORTFOLIO_P3_2,PATTERN_B_PROGRESSED_PREVIOUS_STAGE_EARLY_TRANSITION_ONLY_5WINDOW_V01_P3_2_NEW_TEST_016880_KR7016880007_2026-06-30_0001,PATTERN_B_PROGRESSED_PREVIOUS_STAGE_EARLY_TRANSITION_ONLY_5WINDOW_V01_P3_2_NEW_TEST_016880_KR7016880007_2026-06-30_0001,016880,KR7016880007,2026-07-01,55,,False,16952438.910093777,4998326.2204876,True,EXECUTED
PATTERN_B_ET_REALISTIC_PORTFOLIO_P3_2,PATTERN_B_PROGRESSED_PREVIOUS_STAGE_EARLY_TRANSITION_ONLY_5WINDOW_V01_P3_2_NEW_TEST_388050_KR7388050007_2026-06-30_0001,PATTERN_B_PROGRESSED_PREVIOUS_STAGE_EARLY_TRANSITION_ONLY_5WINDOW_V01_P3_2_NEW_TEST_388050_KR7388050007_2026-06-30_0001,388050,KR7388050007,2026-07-01,56,,False,11954112.689606177,4995559.041472999,True,EXECUTED
PATTERN_B_ET_REALISTIC_PORTFOLIO_P3_2,PATTERN_B_PROGRESSED_PREVIOUS_STAGE_EARLY_TRANSITION_ONLY_5WINDOW_V01_P3_2_NEW_TEST_104480_KR7104480009_2026-06-30_0001,PATTERN_B_PROGRESSED_PREVIOUS_STAGE_EARLY_TRANSITION_ONLY_5WINDOW_V01_P3_2_NEW_TEST_104480_KR7104480009_2026-06-30_0001,104480,KR7104480009,2026-07-01,57,,False,6958553.648133177,4998492.411412499,True,EXECUTED
PATTERN_B_ET_REALISTIC_PORTFOLIO_P3_2,PATTERN_B_PROGRESSED_PREVIOUS_STAGE_EARLY_TRANSITION_ONLY_5WINDOW_V01_P3_2_NEW_TEST_418420_KR7418420006_2026-06-30_0001,PATTERN_B_PROGRESSED_PREVIOUS_STAGE_EARLY_TRANSITION_ONLY_5WINDOW_V01_P3_2_NEW_TEST_418420_KR7418420006_2026-06-30_0001,418420,KR7418420006,2026-07-01,58,,False,1960061.2367206784,4999543.61907,False,CASH_INSUFFICIENT
PATTERN_B_ET_REALISTIC_PORTFOLIO_P3_2,PATTERN_B_PROGRESSED_PREVIOUS_STAGE_EARLY_TRANSITION_ONLY_5WINDOW_V01_P3_2_NEW_TEST_011690_KR7011690005_2026-06-30_0001,PATTERN_B_PROGRESSED_PREVIOUS_STAGE_EARLY_TRANSITION_ONLY_5WINDOW_V01_P3_2_NEW_TEST_011690_KR7011690005_2026-06-30_0001,011690,KR7011690005,2026-07-01,58,,False,1960061.2367206784,4997981.824835999,False,CASH_INSUFFICIENT
PATTERN_B_ET_REALISTIC_PORTFOLIO_P3_2,PATTERN_B_PROGRESSED_PREVIOUS_STAGE_EARLY_TRANSITION_ONLY_5WINDOW_V01_P3_2_NEW_TEST_025620_KR7025620006_2026-06-30_0001,PATTERN_B_PROGRESSED_PREVIOUS_STAGE_EARLY_TRANSITION_ONLY_5WINDOW_V01_P3_2_NEW_TEST_025620_KR7025620006_2026-06-30_0001,025620,KR7025620006,2026-07-01,58,,False,1960061.2367206784,4997100.812704,False,CASH_INSUFFICIENT
PATTERN_B_ET_REALISTIC_PORTFOLIO_P3_2,PATTERN_B_PROGRESSED_PREVIOUS_STAGE_EARLY_TRANSITION_ONLY_5WINDOW_V01_P3_2_NEW_TEST_300080_KR7300080009_2026-06-30_0001,PATTERN_B_PROGRESSED_PREVIOUS_STAGE_EARLY_TRANSITION_ONLY_5WINDOW_V01_P3_2_NEW_TEST_300080_KR7300080009_2026-06-30_0001,300080,KR7300080009,2026-07-01,58,,False,1960061.2367206784,4993336.48814,False,CASH_INSUFFICIENT
PATTERN_B_ET_REALISTIC_PORTFOLIO_P3_2,PATTERN_B_PROGRESSED_PREVIOUS_STAGE_EARLY_TRANSITION_ONLY_5WINDOW_V01_P3_2_NEW_TEST_289080_KR7289080004_2026-06-30_0001,PATTERN_B_PROGRESSED_PREVIOUS_STAGE_EARLY_TRANSITION_ONLY_5WINDOW_V01_P3_2_NEW_TEST_289080_KR7289080004_2026-06-30_0001,289080,KR7289080004,2026-07-01,58,,False,1960061.2367206784,4998912.8944755,False,CASH_INSUFFICIENT
PATTERN_B_ET_REALISTIC_PORTFOLIO_P3_2,PATTERN_B_PROGRESSED_PREVIOUS_STAGE_EARLY_TRANSITION_ONLY_5WINDOW_V01_P3_2_NEW_TEST_032940_KR7032940009_2026-06-30_0001,PATTERN_B_PROGRESSED_PREVIOUS_STAGE_EARLY_TRANSITION_ONLY_5WINDOW_V01_P3_2_NEW_TEST_032940_KR7032940009_2026-06-30_0001,032940,KR7032940009,2026-07-01,58,,False,1960061.2367206784,4995338.788439998,False,CASH_INSUFFICIENT
PATTERN_B_ET_REALISTIC_PORTFOLIO_P3_2,PATTERN_B_PROGRESSED_PREVIOUS_STAGE_EARLY_TRANSITION_ONLY_5WINDOW_V01_P3_2_NEW_TEST_125210_KR7125210005_2026-06-30_0001,PATTERN_B_PROGRESSED_PREVIOUS_STAGE_EARLY_TRANSITION_ONLY_5WINDOW_V01_P3_2_NEW_TEST_125210_KR7125210005_2026-06-30_0001,125210,KR7125210005,2026-07-01,58,,False,1960061.2367206784,4997741.5488,False,CASH_INSUFFICIENT
PATTERN_B_ET_REALISTIC_PORTFOLIO_P3_2,PATTERN_B_PROGRESSED_PREVIOUS_STAGE_EARLY_TRANSITION_ONLY_5WINDOW_V01_P3_2_NEW_TEST_088130_KR7088130000_2026-06-30_0001,PATTERN_B_PROGRESSED_PREVIOUS_STAGE_EARLY_TRANSITION_ONLY_5WINDOW_V01_P3_2_NEW_TEST_088130_KR7088130000_2026-06-30_0001,088130,KR7088130000,2026-07-01,58,,False,1960061.2367206784,4999663.757088,False,CASH_INSUFFICIENT
PATTERN_B_ET_REALISTIC_PORTFOLIO_P3_2,PATTERN_B_PROGRESSED_PREVIOUS_STAGE_EARLY_TRANSITION_ONLY_5WINDOW_V01_P3_2_NEW_TEST_072950_KR7072950009_2026-06-30_0001,PATTERN_B_PROGRESSED_PREVIOUS_STAGE_EARLY_TRANSITION_ONLY_5WINDOW_V01_P3_2_NEW_TEST_072950_KR7072950009_2026-06-30_0001,072950,KR7072950009,2026-07-01,58,,False,1960061.2367206784,4996740.39865,False,CASH_INSUFFICIENT
PATTERN_B_ET_REALISTIC_PORTFOLIO_P3_2,PATTERN_B_PROGRESSED_PREVIOUS_STAGE_EARLY_TRANSITION_ONLY_5WINDOW_V01_P3_2_NEW_TEST_076610_KR7076610005_2026-06-30_0001,PATTERN_B_PROGRESSED_PREVIOUS_STAGE_EARLY_TRANSITION_ONLY_5WINDOW_V01_P3_2_NEW_TEST_076610_KR7076610005_2026-06-30_0001,076610,KR7076610005,2026-07-01,58,,False,1960061.2367206784,4999119.131406399,False,CASH_INSUFFICIENT
PATTERN_B_ET_REALISTIC_PORTFOLIO_P3_2,PATTERN_B_PROGRESSED_PREVIOUS_STAGE_EARLY_TRANSITION_ONLY_5WINDOW_V01_P3_2_NEW_TEST_046940_KR7046940003_2026-06-30_0001,PATTERN_B_PROGRESSED_PREVIOUS_STAGE_EARLY_TRANSITION_ONLY_5WINDOW_V01_P3_2_NEW_TEST_046940_KR7046940003_2026-06-30_0001,046940,KR7046940003,2026-07-01,58,,False,1960061.2367206784,4999333.377538499,False,CASH_INSUFFICIENT
PATTERN_B_ET_REALISTIC_PORTFOLIO_P3_2,PATTERN_B_PROGRESSED_PREVIOUS_STAGE_EARLY_TRANSITION_ONLY_5WINDOW_V01_P3_2_NEW_TEST_048770_KR7048770002_2026-06-30_0001,PATTERN_B_PROGRESSED_PREVIOUS_STAGE_EARLY_TRANSITION_ONLY_5WINDOW_V01_P3_2_NEW_TEST_048770_KR7048770002_2026-06-30_0001,048770,KR7048770002,2026-07-01,58,,False,1960061.2367206784,4997741.5488,False,CASH_INSUFFICIENT
PATTERN_B_ET_REALISTIC_PORTFOLIO_P3_2,PATTERN_B_PROGRESSED_PREVIOUS_STAGE_EARLY_TRANSITION_ONLY_5WINDOW_V01_P3_2_NEW_TEST_099410_KR7099410003_2026-06-30_0001,PATTERN_B_PROGRESSED_PREVIOUS_STAGE_EARLY_TRANSITION_ONLY_5WINDOW_V01_P3_2_NEW_TEST_099410_KR7099410003_2026-06-30_0001,099410,KR7099410003,2026-07-01,58,,False,1960061.2367206784,4998582.514926,False,CASH_INSUFFICIENT
PATTERN_B_ET_REALISTIC_PORTFOLIO_P3_2,PATTERN_B_PROGRESSED_PREVIOUS_STAGE_EARLY_TRANSITION_ONLY_5WINDOW_V01_P3_2_NEW_TEST_039740_KR7039740006_2026-06-30_0001,PATTERN_B_PROGRESSED_PREVIOUS_STAGE_EARLY_TRANSITION_ONLY_5WINDOW_V01_P3_2_NEW_TEST_039740_KR7039740006_2026-06-30_0001,039740,KR7039740006,2026-07-01,58,,False,1960061.2367206784,4998582.514926,False,CASH_INSUFFICIENT
PATTERN_B_ET_REALISTIC_PORTFOLIO_P3_2,PATTERN_B_PROGRESSED_PREVIOUS_STAGE_EARLY_TRANSITION_ONLY_5WINDOW_V01_P3_2_NEW_TEST_011070_KR7011070000_2026-07-31_0001,PATTERN_B_PROGRESSED_PREVIOUS_STAGE_EARLY_TRANSITION_ONLY_5WINDOW_V01_P3_2_NEW_TEST_011070_KR7011070000_2026-07-31_0001,011070,KR7011070000,2026-08-03,52,,False,7626248.6054926785,4985727.7469999995,True,EXECUTED
PATTERN_B_ET_REALISTIC_PORTFOLIO_P3_2,PATTERN_B_PROGRESSED_PREVIOUS_STAGE_EARLY_TRANSITION_ONLY_5WINDOW_V01_P3_2_NEW_TEST_001440_KR7001440007_2026-07-31_0001,PATTERN_B_PROGRESSED_PREVIOUS_STAGE_EARLY_TRANSITION_ONLY_5WINDOW_V01_P3_2_NEW_TEST_001440_KR7001440007_2026-07-31_0001,001440,KR7001440007,2026-08-03,53,,False,2640520.858492679,4977718.5458,False,CASH_INSUFFICIENT
PATTERN_B_ET_REALISTIC_PORTFOLIO_P3_2,PATTERN_B_PROGRESSED_PREVIOUS_STAGE_EARLY_TRANSITION_ONLY_5WINDOW_V01_P3_2_NEW_TEST_298380_KR7298380007_2026-07-31_0001,PATTERN_B_PROGRESSED_PREVIOUS_STAGE_EARLY_TRANSITION_ONLY_5WINDOW_V01_P3_2_NEW_TEST_298380_KR7298380007_2026-07-31_0001,298380,KR7298380007,2026-08-03,53,,False,2640520.858492679,4976116.70556,False,CASH_INSUFFICIENT
PATTERN_B_ET_REALISTIC_PORTFOLIO_P3_2,PATTERN_B_PROGRESSED_PREVIOUS_STAGE_EARLY_TRANSITION_ONLY_5WINDOW_V01_P3_2_NEW_TEST_004020_KR7004020004_2026-07-31_0001,PATTERN_B_PROGRESSED_PREVIOUS_STAGE_EARLY_TRANSITION_ONLY_5WINDOW_V01_P3_2_NEW_TEST_004020_KR7004020004_2026-07-31_0001,004020,KR7004020004,2026-08-03,53,,False,2640520.858492679,4975465.957962499,False,CASH_INSUFFICIENT
PATTERN_B_ET_REALISTIC_PORTFOLIO_P3_2,PATTERN_B_PROGRESSED_PREVIOUS_STAGE_EARLY_TRANSITION_ONLY_5WINDOW_V01_P3_2_NEW_TEST_131970_KR7131970006_2026-07-31_0002,PATTERN_B_PROGRESSED_PREVIOUS_STAGE_EARLY_TRANSITION_ONLY_5WINDOW_V01_P3_2_NEW_TEST_131970_KR7131970006_2026-07-31_0002,131970,KR7131970006,2026-08-03,53,,False,2640520.858492679,4983725.4467,False,CASH_INSUFFICIENT
PATTERN_B_ET_REALISTIC_PORTFOLIO_P3_2,PATTERN_B_PROGRESSED_PREVIOUS_STAGE_EARLY_TRANSITION_ONLY_5WINDOW_V01_P3_2_NEW_TEST_001430_KR7001430008_2026-07-31_0001,PATTERN_B_PROGRESSED_PREVIOUS_STAGE_EARLY_TRANSITION_ONLY_5WINDOW_V01_P3_2_NEW_TEST_001430_KR7001430008_2026-07-31_0001,001430,KR7001430008,2026-08-03,53,,False,2640520.858492679,4968507.96442,False,CASH_INSUFFICIENT
PATTERN_B_ET_REALISTIC_PORTFOLIO_P3_2,PATTERN_B_PROGRESSED_PREVIOUS_STAGE_EARLY_TRANSITION_ONLY_5WINDOW_V01_P3_2_NEW_TEST_043260_KR7043260009_2026-07-31_0001,PATTERN_B_PROGRESSED_PREVIOUS_STAGE_EARLY_TRANSITION_ONLY_5WINDOW_V01_P3_2_NEW_TEST_043260_KR7043260009_2026-07-31_0001,043260,KR7043260009,2026-08-03,53,,False,2640520.858492679,4996740.398649999,False,CASH_INSUFFICIENT
PATTERN_B_ET_REALISTIC_PORTFOLIO_P3_2,PATTERN_B_PROGRESSED_PREVIOUS_STAGE_EARLY_TRANSITION_ONLY_5WINDOW_V01_P3_2_NEW_TEST_032350_KR7032350001_2026-07-31_0001,PATTERN_B_PROGRESSED_PREVIOUS_STAGE_EARLY_TRANSITION_ONLY_5WINDOW_V01_P3_2_NEW_TEST_032350_KR7032350001_2026-07-31_0001,032350,KR7032350001,2026-08-03,53,,False,2640520.858492679,4999663.757088,False,CASH_INSUFFICIENT
PATTERN_B_ET_REALISTIC_PORTFOLIO_P3_2,PATTERN_B_PROGRESSED_PREVIOUS_STAGE_EARLY_TRANSITION_ONLY_5WINDOW_V01_P3_2_NEW_TEST_077970_KR7077970002_2026-07-31_0001,PATTERN_B_PROGRESSED_PREVIOUS_STAGE_EARLY_TRANSITION_ONLY_5WINDOW_V01_P3_2_NEW_TEST_077970_KR7077970002_2026-07-31_0001,077970,KR7077970002,2026-08-03,53,,False,2640520.858492679,4998942.92898,False,CASH_INSUFFICIENT
PATTERN_B_ET_REALISTIC_PORTFOLIO_P3_2,PATTERN_B_PROGRESSED_PREVIOUS_STAGE_EARLY_TRANSITION_ONLY_5WINDOW_V01_P3_2_NEW_TEST_003530_KR7003530003_2026-07-31_0002,PATTERN_B_PROGRESSED_PREVIOUS_STAGE_EARLY_TRANSITION_ONLY_5WINDOW_V01_P3_2_NEW_TEST_003530_KR7003530003_2026-07-31_0002,003530,KR7003530003,2026-08-03,53,,False,2640520.858492679,4999393.4465475,False,CASH_INSUFFICIENT
PATTERN_B_ET_REALISTIC_PORTFOLIO_P3_2,PATTERN_B_PROGRESSED_PREVIOUS_STAGE_EARLY_TRANSITION_ONLY_5WINDOW_V01_P3_2_NEW_TEST_101490_KR7101490001_2026-07-31_0001,PATTERN_B_PROGRESSED_PREVIOUS_STAGE_EARLY_TRANSITION_ONLY_5WINDOW_V01_P3_2_NEW_TEST_101490_KR7101490001_2026-07-31_0001,101490,KR7101490001,2026-08-03,53,,False,2640520.858492679,4978119.005859999,False,CASH_INSUFFICIENT
PATTERN_B_ET_REALISTIC_PORTFOLIO_P3_2,PATTERN_B_PROGRESSED_PREVIOUS_STAGE_EARLY_TRANSITION_ONLY_5WINDOW_V01_P3_2_NEW_TEST_347700_KR7347700007_2026-07-31_0001,PATTERN_B_PROGRESSED_PREVIOUS_STAGE_EARLY_TRANSITION_ONLY_5WINDOW_V01_P3_2_NEW_TEST_347700_KR7347700007_2026-07-31_0001,347700,KR7347700007,2026-08-03,53,,False,2640520.858492679,4991334.18784,False,CASH_INSUFFICIENT
PATTERN_B_ET_REALISTIC_PORTFOLIO_P3_2,PATTERN_B_PROGRESSED_PREVIOUS_STAGE_EARLY_TRANSITION_ONLY_5WINDOW_V01_P3_2_NEW_TEST_038500_KR7038500005_2026-07-31_0001,PATTERN_B_PROGRESSED_PREVIOUS_STAGE_EARLY_TRANSITION_ONLY_5WINDOW_V01_P3_2_NEW_TEST_038500_KR7038500005_2026-07-31_0001,038500,KR7038500005,2026-08-03,53,,False,2640520.858492679,4998942.928979999,False,CASH_INSUFFICIENT
PATTERN_B_ET_REALISTIC_PORTFOLIO_P3_2,PATTERN_B_PROGRESSED_PREVIOUS_STAGE_EARLY_TRANSITION_ONLY_5WINDOW_V01_P3_2_NEW_TEST_090710_KR7090710005_2026-07-31_0001,PATTERN_B_PROGRESSED_PREVIOUS_STAGE_EARLY_TRANSITION_ONLY_5WINDOW_V01_P3_2_NEW_TEST_090710_KR7090710005_2026-07-31_0001,090710,KR7090710005,2026-08-03,53,,False,2640520.858492679,4996660.306638,False,CASH_INSUFFICIENT
PATTERN_B_ET_REALISTIC_PORTFOLIO_P3_2,PATTERN_B_PROGRESSED_PREVIOUS_STAGE_EARLY_TRANSITION_ONLY_5WINDOW_V01_P3_2_NEW_TEST_115180_KR7115180002_2026-07-31_0001,PATTERN_B_PROGRESSED_PREVIOUS_STAGE_EARLY_TRANSITION_ONLY_5WINDOW_V01_P3_2_NEW_TEST_115180_KR7115180002_2026-07-31_0001,115180,KR7115180002,2026-08-03,53,,False,2640520.858492679,4994738.098349999,False,CASH_INSUFFICIENT
PATTERN_B_ET_REALISTIC_PORTFOLIO_P3_2,PATTERN_B_PROGRESSED_PREVIOUS_STAGE_EARLY_TRANSITION_ONLY_5WINDOW_V01_P3_2_NEW_TEST_032500_KR7032500001_2026-07-31_0001,PATTERN_B_PROGRESSED_PREVIOUS_STAGE_EARLY_TRANSITION_ONLY_5WINDOW_V01_P3_2_NEW_TEST_032500_KR7032500001_2026-07-31_0001,032500,KR7032500001,2026-08-03,53,,False,2640520.858492679,4988450.875407999,False,CASH_INSUFFICIENT
PATTERN_B_ET_REALISTIC_PORTFOLIO_P3_2,PATTERN_B_PROGRESSED_PREVIOUS_STAGE_EARLY_TRANSITION_ONLY_5WINDOW_V01_P3_2_NEW_TEST_046890_KR7046890000_2026-07-31_0002,PATTERN_B_PROGRESSED_PREVIOUS_STAGE_EARLY_TRANSITION_ONLY_5WINDOW_V01_P3_2_NEW_TEST_046890_KR7046890000_2026-07-31_0002,046890,KR7046890000,2026-08-03,53,,False,2640520.858492679,4994037.293245,False,CASH_INSUFFICIENT
PATTERN_B_ET_REALISTIC_PORTFOLIO_P3_2,PATTERN_B_PROGRESSED_PREVIOUS_STAGE_EARLY_TRANSITION_ONLY_5WINDOW_V01_P3_2_NEW_TEST_124500_KR7124500000_2026-07-31_0001,PATTERN_B_PROGRESSED_PREVIOUS_STAGE_EARLY_TRANSITION_ONLY_5WINDOW_V01_P3_2_NEW_TEST_124500_KR7124500000_2026-07-31_0001,124500,KR7124500000,2026-08-03,53,,False,2640520.858492679,4999393.4465475,False,CASH_INSUFFICIENT
PATTERN_B_ET_REALISTIC_PORTFOLIO_P3_2,PATTERN_B_PROGRESSED_PREVIOUS_STAGE_EARLY_TRANSITION_ONLY_5WINDOW_V01_P3_2_NEW_TEST_033240_KR7033240003_2026-07-31_0001,PATTERN_B_PROGRESSED_PREVIOUS_STAGE_EARLY_TRANSITION_ONLY_5WINDOW_V01_P3_2_NEW_TEST_033240_KR7033240003_2026-07-31_0001,033240,KR7033240003,2026-08-03,53,,False,2640520.858492679,4999743.849099999,False,CASH_INSUFFICIENT
PATTERN_B_ET_REALISTIC_PORTFOLIO_P3_2,PATTERN_B_PROGRESSED_PREVIOUS_STAGE_EARLY_TRANSITION_ONLY_5WINDOW_V01_P3_2_NEW_TEST_001500_KR7001500008_2026-07-31_0001,PATTERN_B_PROGRESSED_PREVIOUS_STAGE_EARLY_TRANSITION_ONLY_5WINDOW_V01_P3_2_NEW_TEST_001500_KR7001500008_2026-07-31_0001,001500,KR7001500008,2026-08-03,53,,False,2640520.858492679,4994898.282374,False,CASH_INSUFFICIENT
PATTERN_B_ET_REALISTIC_PORTFOLIO_P3_2,PATTERN_B_PROGRESSED_PREVIOUS_STAGE_EARLY_TRANSITION_ONLY_5WINDOW_V01_P3_2_NEW_TEST_006910_KR7006910004_2026-07-31_0001,PATTERN_B_PROGRESSED_PREVIOUS_STAGE_EARLY_TRANSITION_ONLY_5WINDOW_V01_P3_2_NEW_TEST_006910_KR7006910004_2026-07-31_0001,006910,KR7006910004,2026-08-03,53,,False,2640520.858492679,4998642.583934999,False,CASH_INSUFFICIENT
PATTERN_B_ET_REALISTIC_PORTFOLIO_P3_2,PATTERN_B_PROGRESSED_PREVIOUS_STAGE_EARLY_TRANSITION_ONLY_5WINDOW_V01_P3_2_NEW_TEST_035810_KR7035810001_2026-07-31_0001,PATTERN_B_PROGRESSED_PREVIOUS_STAGE_EARLY_TRANSITION_ONLY_5WINDOW_V01_P3_2_NEW_TEST_035810_KR7035810001_2026-07-31_0001,035810,KR7035810001,2026-08-03,53,,False,2640520.858492679,4999578.65932525,False,CASH_INSUFFICIENT
PATTERN_B_ET_REALISTIC_PORTFOLIO_P3_2,PATTERN_B_PROGRESSED_PREVIOUS_STAGE_EARLY_TRANSITION_ONLY_5WINDOW_V01_P3_2_NEW_TEST_042520_KR7042520007_2026-07-31_0001,PATTERN_B_PROGRESSED_PREVIOUS_STAGE_EARLY_TRANSITION_ONLY_5WINDOW_V01_P3_2_NEW_TEST_042520_KR7042520007_2026-07-31_0001,042520,KR7042520007,2026-08-03,53,,False,2640520.858492679,4982484.020514,False,CASH_INSUFFICIENT
PATTERN_B_ET_REALISTIC_PORTFOLIO_P3_2,PATTERN_B_PROGRESSED_PREVIOUS_STAGE_EARLY_TRANSITION_ONLY_5WINDOW_V01_P3_2_NEW_TEST_114810_KR7114810005_2026-07-31_0001,PATTERN_B_PROGRESSED_PREVIOUS_STAGE_EARLY_TRANSITION_ONLY_5WINDOW_V01_P3_2_NEW_TEST_114810_KR7114810005_2026-07-31_0001,114810,KR7114810005,2026-08-03,53,,False,2640520.858492679,4995238.673424999,False,CASH_INSUFFICIENT
PATTERN_B_ET_REALISTIC_PORTFOLIO_P3_2,PATTERN_B_PROGRESSED_PREVIOUS_STAGE_EARLY_TRANSITION_ONLY_5WINDOW_V01_P3_2_NEW_TEST_234340_KR7234340008_2026-07-31_0001,PATTERN_B_PROGRESSED_PREVIOUS_STAGE_EARLY_TRANSITION_ONLY_5WINDOW_V01_P3_2_NEW_TEST_234340_KR7234340008_2026-07-31_0001,234340,KR7234340008,2026-08-03,53,,False,2640520.858492679,4984346.159792999,False,CASH_INSUFFICIENT
PATTERN_B_ET_REALISTIC_PORTFOLIO_P3_2,PATTERN_B_PROGRESSED_PREVIOUS_STAGE_EARLY_TRANSITION_ONLY_5WINDOW_V01_P3_2_NEW_TEST_065680_KR7065680001_2026-07-31_0001,PATTERN_B_PROGRESSED_PREVIOUS_STAGE_EARLY_TRANSITION_ONLY_5WINDOW_V01_P3_2_NEW_TEST_065680_KR7065680001_2026-07-31_0001,065680,KR7065680001,2026-08-03,53,,False,2640520.858492679,4999493.561562499,False,CASH_INSUFFICIENT
PATTERN_B_ET_REALISTIC_PORTFOLIO_P3_2,PATTERN_B_PROGRESSED_PREVIOUS_STAGE_EARLY_TRANSITION_ONLY_5WINDOW_V01_P3_2_NEW_TEST_000650_KR7000650002_2026-07-31_0001,PATTERN_B_PROGRESSED_PREVIOUS_STAGE_EARLY_TRANSITION_ONLY_5WINDOW_V01_P3_2_NEW_TEST_000650_KR7000650002_2026-07-31_0001,000650,KR7000650002,2026-08-03,53,,False,2640520.858492679,4865589.728999999,False,CASH_INSUFFICIENT
PATTERN_B_ET_REALISTIC_PORTFOLIO_P3_2,PATTERN_B_PROGRESSED_PREVIOUS_STAGE_EARLY_TRANSITION_ONLY_5WINDOW_V01_P3_2_NEW_TEST_091580_KR7091580001_2026-07-31_0001,PATTERN_B_PROGRESSED_PREVIOUS_STAGE_EARLY_TRANSITION_ONLY_5WINDOW_V01_P3_2_NEW_TEST_091580_KR7091580001_2026-07-31_0001,091580,KR7091580001,2026-08-03,53,,False,2640520.858492679,4995899.432523999,False,CASH_INSUFFICIENT
PATTERN_B_ET_REALISTIC_PORTFOLIO_P3_2,PATTERN_B_PROGRESSED_PREVIOUS_STAGE_EARLY_TRANSITION_ONLY_5WINDOW_V01_P3_2_NEW_TEST_010580_KR7010580009_2026-07-31_0001,PATTERN_B_PROGRESSED_PREVIOUS_STAGE_EARLY_TRANSITION_ONLY_5WINDOW_V01_P3_2_NEW_TEST_010580_KR7010580009_2026-07-31_0001,010580,KR7010580009,2026-08-03,53,,False,2640520.858492679,4999936.069928799,False,CASH_INSUFFICIENT
PATTERN_B_ET_REALISTIC_PORTFOLIO_P3_2,PATTERN_B_PROGRESSED_PREVIOUS_STAGE_EARLY_TRANSITION_ONLY_5WINDOW_V01_P3_2_NEW_TEST_094820_KR7094820008_2026-07-31_0001,PATTERN_B_PROGRESSED_PREVIOUS_STAGE_EARLY_TRANSITION_ONLY_5WINDOW_V01_P3_2_NEW_TEST_094820_KR7094820008_2026-07-31_0001,094820,KR7094820008,2026-08-03,53,,False,2640520.858492679,4989932.57763,False,CASH_INSUFFICIENT
PATTERN_B_ET_REALISTIC_PORTFOLIO_P3_2,PATTERN_B_PROGRESSED_PREVIOUS_STAGE_EARLY_TRANSITION_ONLY_5WINDOW_V01_P3_2_NEW_TEST_108380_KR7108380007_2026-07-31_0001,PATTERN_B_PROGRESSED_PREVIOUS_STAGE_EARLY_TRANSITION_ONLY_5WINDOW_V01_P3_2_NEW_TEST_108380_KR7108380007_2026-07-31_0001,108380,KR7108380007,2026-08-03,53,,False,2640520.858492679,4991334.18784,False,CASH_INSUFFICIENT
PATTERN_B_ET_REALISTIC_PORTFOLIO_P3_2,PATTERN_B_PROGRESSED_PREVIOUS_STAGE_EARLY_TRANSITION_ONLY_5WINDOW_V01_P3_2_NEW_TEST_264450_KR7264450008_2026-07-31_0001,PATTERN_B_PROGRESSED_PREVIOUS_STAGE_EARLY_TRANSITION_ONLY_5WINDOW_V01_P3_2_NEW_TEST_264450_KR7264450008_2026-07-31_0001,264450,KR7264450008,2026-08-03,53,,False,2640520.858492679,4997140.858709999,False,CASH_INSUFFICIENT
PATTERN_B_ET_REALISTIC_PORTFOLIO_P3_2,PATTERN_B_PROGRESSED_PREVIOUS_STAGE_EARLY_TRANSITION_ONLY_5WINDOW_V01_P3_2_NEW_TEST_382800_KR7382800001_2026-07-31_0001,PATTERN_B_PROGRESSED_PREVIOUS_STAGE_EARLY_TRANSITION_ONLY_5WINDOW_V01_P3_2_NEW_TEST_382800_KR7382800001_2026-07-31_0001,382800,KR7382800001,2026-08-03,53,,False,2640520.858492679,4998192.0663674995,False,CASH_INSUFFICIENT
PATTERN_B_ET_REALISTIC_PORTFOLIO_P3_2,PATTERN_B_PROGRESSED_PREVIOUS_STAGE_EARLY_TRANSITION_ONLY_5WINDOW_V01_P3_2_NEW_TEST_078000_KR7078000007_2026-07-31_0001,PATTERN_B_PROGRESSED_PREVIOUS_STAGE_EARLY_TRANSITION_ONLY_5WINDOW_V01_P3_2_NEW_TEST_078000_KR7078000007_2026-07-31_0001,078000,KR7078000007,2026-08-03,53,,False,2640520.858492679,4991484.360362499,False,CASH_INSUFFICIENT
PATTERN_B_ET_REALISTIC_PORTFOLIO_P3_2,PATTERN_B_PROGRESSED_PREVIOUS_STAGE_EARLY_TRANSITION_ONLY_5WINDOW_V01_P3_2_NEW_TEST_017510_KR7017510009_2026-07-31_0001,PATTERN_B_PROGRESSED_PREVIOUS_STAGE_EARLY_TRANSITION_ONLY_5WINDOW_V01_P3_2_NEW_TEST_017510_KR7017510009_2026-07-31_0001,017510,KR7017510009,2026-08-03,53,,False,2640520.858492679,4997791.606307499,False,CASH_INSUFFICIENT
PATTERN_B_ET_REALISTIC_PORTFOLIO_P3_2,PATTERN_B_PROGRESSED_PREVIOUS_STAGE_EARLY_TRANSITION_ONLY_5WINDOW_V01_P3_2_NEW_TEST_047770_KR7047770003_2026-07-31_0001,PATTERN_B_PROGRESSED_PREVIOUS_STAGE_EARLY_TRANSITION_ONLY_5WINDOW_V01_P3_2_NEW_TEST_047770_KR7047770003_2026-07-31_0001,047770,KR7047770003,2026-08-03,53,,False,2640520.858492679,4999043.0439949995,False,CASH_INSUFFICIENT
PATTERN_B_ET_REALISTIC_PORTFOLIO_P3_2,PATTERN_B_PROGRESSED_PREVIOUS_STAGE_EARLY_TRANSITION_ONLY_5WINDOW_V01_P3_2_NEW_TEST_228340_KR7228340006_2026-07-31_0001,PATTERN_B_PROGRESSED_PREVIOUS_STAGE_EARLY_TRANSITION_ONLY_5WINDOW_V01_P3_2_NEW_TEST_228340_KR7228340006_2026-07-31_0001,228340,KR7228340006,2026-08-03,53,,False,2640520.858492679,4998452.3654065,False,CASH_INSUFFICIENT
PATTERN_B_ET_REALISTIC_PORTFOLIO_P3_2,PATTERN_B_PROGRESSED_PREVIOUS_STAGE_EARLY_TRANSITION_ONLY_5WINDOW_V01_P3_2_NEW_TEST_014910_KR7014910004_2026-07-31_0001,PATTERN_B_PROGRESSED_PREVIOUS_STAGE_EARLY_TRANSITION_ONLY_5WINDOW_V01_P3_2_NEW_TEST_014910_KR7014910004_2026-07-31_0001,014910,KR7014910004,2026-08-03,53,,False,2640520.858492679,4998946.933580599,False,CASH_INSUFFICIENT
